{"type":"FeatureCollection","features":[{"type":"Feature","geometry":{"type":"Polygon","coordinates":[[[77.5831,13.0445],[77.5793,13.0474],[77.5759,13.0474],[77.5744,13.0442],[77.5754,13.0432],[77.5732,13.0426],[77.5721,13.0402],[77.5717,13.0351],[77.5754,13.0347],[77.579,13.0296],[77.581,13.0294],[77.5808,13.0351],[77.5789,13.0357],[77.579,13.0369],[77.5819,13.0367],[77.5831,13.0445]]]},"properties":{"objectid":104610,"statename":"Karnataka","statecode":"29","districtname":"Bengaluru Urban","districtcode":"572","ulbname":"Bruhat Bengaluru Mahanagara Palike","ulbcode":"803162","wardname":"Sanjaya Nagar","wardcode":"19","id":null,"remark":"Approved","st_area(shape)":0.0001281975494998619,"st_perimeter(shape)":0.05981710506320038}},{"type":"Feature","geometry":{"type":"Polygon","coordinates":[[[77.6943,13.0273],[77.6917,13.0276],[77.6867,13.0231],[77.6817,13.0229],[77.6841,13.0429],[77.6838,13.0507],[77.6828,13.0523],[77.678,13.0541],[77.6715,13.0508],[77.669,13.0454],[77.663,13.045],[77.6636,13.0329],[77.6727,13.0223],[77.6755,13.0222],[77.6745,13.02],[77.6761,13.0192],[77.675,13.0148],[77.6782,13.0136],[77.6768,13.0115],[77.6824,13.0112],[77.6827,13.0141],[77.6851,13.0146],[77.6863,13.0173],[77.6887,13.0174],[77.6886,13.0187],[77.6912,13.0198],[77.691,13.0225],[77.692,13.0224],[77.692,13.0241],[77.6942,13.024],[77.6943,13.0273]]]},"properties":{"objectid":104611,"statename":"Karnataka","statecode":"29","districtname":"Bengaluru Urban","districtcode":"572","ulbname":"Bruhat Bengaluru Mahanagara Palike","ulbcode":"803162","wardname":"Ramamurthy Nagar","wardcode":"26","id":null,"remark":"Approved","st_area(shape)":0.0006440313335003889,"st_perimeter(shape)":0.14858492459297512}},{"type":"Feature","geometry":{"type":"Polygon","coordinates":[[[77.4986,13.0745],[77.4927,13.0748],[77.4931,13.0622],[77.491,13.0569],[77.4926,13.0517],[77.4946,13.0512],[77.4942,13.0498],[77.5073,13.0453],[77.5078,13.0506],[77.5116,13.0487],[77.512,13.0532],[77.4986,13.0745]]]},"properties":{"objectid":104612,"statename":"Karnataka","statecode":"29","districtname":"Bengaluru Urban","districtcode":"572","ulbname":"Bruhat Bengaluru Mahanagara Palike","ulbcode":"803162","wardname":"Bagalagunte","wardcode":"14","id":null,"remark":"Approved","st_area(shape)":0.0003683740130000177,"st_perimeter(shape)":0.08919425848385241}},{"type":"Feature","geometry":{"type":"Polygon","coordinates":[[[77.5442,13.0263],[77.5399,13.0288],[77.5379,13.0229],[77.531,13.0266],[77.5284,13.021],[77.5268,13.0215],[77.5219,13.0183],[77.5223,13.0154],[77.5283,13.0154],[77.5267,13.0133],[77.5276,13.0105],[77.5307,13.0148],[77.5326,13.0221],[77.5398,13.019],[77.5442,13.0263]]]},"properties":{"objectid":104613,"statename":"Karnataka","statecode":"29","districtname":"Bengaluru Urban","districtcode":"572","ulbname":"Bruhat Bengaluru Mahanagara Palike","ulbcode":"803162","wardname":"Lakshmi Devi Nagar","wardcode":"42","id":null,"remark":"Approved","st_area(shape)":0.00012452308999998527,"st_perimeter(shape)":0.07731745700714103}},{"type":"Feature","geometry":{"type":"Polygon","coordinates":[[[77.6392,12.9241],[77.6367,12.9253],[77.629,12.9242],[77.6202,12.9212],[77.6228,12.9173],[77.6382,12.9159],[77.64,12.9238],[77.6392,12.9241]]]},"properties":{"objectid":104614,"statename":"Karnataka","statecode":"29","districtname":"Bengaluru Urban","districtcode":"572","ulbname":"Bruhat Bengaluru Mahanagara Palike","ulbcode":"803162","wardname":"Jakkasandra","wardcode":"173","id":null,"remark":"Approved","st_area(shape)":0.0001266528545000664,"st_perimeter(shape)":0.0493221836982863}},{"type":"Feature","geometry":{"type":"Polygon","coordinates":[[[77.6078,13.0195],[77.606,13.0197],[77.6065,13.0213],[77.601,13.023],[77.5955,13.0114],[77.6013,13.0086],[77.603,13.0132],[77.6095,13.0109],[77.61,13.0129],[77.6076,13.0165],[77.6078,13.0195]]]},"properties":{"objectid":104615,"statename":"Karnataka","statecode":"29","districtname":"Bengaluru Urban","districtcode":"572","ulbname":"Bruhat Bengaluru Mahanagara Palike","ulbcode":"803162","wardname":"Dj Halli","wardcode":"47","id":null,"remark":"Approved","st_area(shape)":0.00011376308600009663,"st_perimeter(shape)":0.05151504848111006}},{"type":"Feature","geometry":{"type":"Polygon","coordinates":[[[77.5276,13.0105],[77.5267,13.0131],[77.5277,13.0156],[77.5223,13.0154],[77.5228,13.0125],[77.5186,13.0127],[77.519,13.0106],[77.5173,13.0083],[77.5179,13.0023],[77.5213,13.0035],[77.5278,12.9997],[77.5304,13.0083],[77.5276,13.0105]]]},"properties":{"objectid":104616,"statename":"Karnataka","statecode":"29","districtname":"Bengaluru Urban","districtcode":"572","ulbname":"Bruhat Bengaluru Mahanagara Palike","ulbcode":"803162","wardname":"Laggere","wardcode":"69","id":null,"remark":"Approved","st_area(shape)":0.00013070937900018926,"st_perimeter(shape)":0.058600298399497035}},{"type":"Feature","geometry":{"type":"Polygon","coordinates":[[[77.5686,13.127],[77.5631,13.1279],[77.5543,13.1005],[77.5418,13.1007],[77.5382,13.0946],[77.5367,13.091],[77.5406,13.0863],[77.5451,13.0848],[77.5451,13.0836],[77.5475,13.0836],[77.5472,13.082],[77.5501,13.0822],[77.5554,13.086],[77.5601,13.0843],[77.5622,13.0863],[77.5585,13.0895],[77.5593,13.0999],[77.565,13.0977],[77.5702,13.0981],[77.5865,13.102],[77.5787,13.1091],[77.5773,13.1073],[77.5723,13.1081],[77.5719,13.1259],[77.5686,13.127]]]},"properties":{"objectid":104617,"statename":"Karnataka","statecode":"29","districtname":"Bengaluru Urban","districtcode":"572","ulbname":"Bruhat Bengaluru Mahanagara Palike","ulbcode":"803162","wardname":"Attur","wardcode":"3","id":null,"remark":"Approve","st_area(shape)":0.0008243512885000776,"st_perimeter(shape)":0.17638400849156358}},{"type":"Feature","geometry":{"type":"Polygon","coordinates":[[[77.6587,12.9672],[77.6477,12.9688],[77.6475,12.9704],[77.6413,12.9703],[77.6417,12.9606],[77.6553,12.9594],[77.6567,12.9631],[77.6615,12.9622],[77.6618,12.9643],[77.6605,12.965],[77.662,12.9663],[77.6587,12.9672]]]},"properties":{"objectid":104618,"statename":"Karnataka","statecode":"29","districtname":"Bengaluru Urban","districtcode":"572","ulbname":"Bruhat Bengaluru Mahanagara Palike","ulbcode":"803162","wardname":"Jeevanbhima Nagar","wardcode":"88","id":null,"remark":"Approved","st_area(shape)":0.00015685031199997055,"st_perimeter(shape)":0.06332288064777473}},{"type":"Feature","geometry":{"type":"Polygon","coordinates":[[[77.6382,13.0752],[77.6338,13.077],[77.6313,13.0767],[77.631,13.075],[77.6285,13.0751],[77.626,13.0671],[77.6232,13.0654],[77.6183,13.0667],[77.6144,13.0655],[77.6133,13.0676],[77.6104,13.068],[77.6092,13.0634],[77.603,13.0603],[77.6002,13.0601],[77.5979,13.0559],[77.6118,13.0495],[77.6114,13.0469],[77.6137,13.0421],[77.6193,13.0406],[77.6206,13.0388],[77.6235,13.0383],[77.6275,13.0455],[77.6286,13.0423],[77.6318,13.0429],[77.6361,13.0407],[77.6366,13.067],[77.6382,13.0752]]]},"properties":{"objectid":104619,"statename":"Karnataka","statecode":"29","districtname":"Bengaluru Urban","districtcode":"572","ulbname":"Bruhat Bengaluru Mahanagara Palike","ulbcode":"803162","wardname":"Thanisandra","wardcode":"6","id":null,"remark":"Approve","st_area(shape)":0.0008412801585000112,"st_perimeter(shape)":0.156293802022287}},{"type":"Feature","geometry":{"type":"Polygon","coordinates":[[[77.5438,12.964],[77.5382,12.9651],[77.5388,12.9682],[77.5367,12.9688],[77.5331,12.9603],[77.5376,12.9506],[77.5417,12.953],[77.5388,12.9542],[77.5393,12.958],[77.5438,12.964]]]},"properties":{"objectid":104620,"statename":"Karnataka","statecode":"29","districtname":"Bengaluru Urban","districtcode":"572","ulbname":"Bruhat Bengaluru Mahanagara Palike","ulbcode":"803162","wardname":"Hampi Nagar","wardcode":"133","id":null,"remark":"Approved","st_area(shape)":9.229134949989027e-05,"st_perimeter(shape)":0.051366461558601396}},{"type":"Feature","geometry":{"type":"Polygon","coordinates":[[[77.6768,13.0115],[77.6622,13.0133],[77.664,12.9975],[77.6704,13.0002],[77.6771,13.0007],[77.6771,13.005],[77.6752,13.0054],[77.6748,13.0087],[77.6758,13.0081],[77.6768,13.0109],[77.6775,13.009],[77.6807,13.0103],[77.6788,13.0117],[77.6768,13.0115]]]},"properties":{"objectid":104621,"statename":"Karnataka","statecode":"29","districtname":"Bengaluru Urban","districtcode":"572","ulbname":"Bruhat Bengaluru Mahanagara Palike","ulbcode":"803162","wardname":"Vijnanapura","wardcode":"51","id":null,"remark":"Approved","st_area(shape)":0.0001709581660000505,"st_perimeter(shape)":0.06935114096417708}},{"type":"Feature","geometry":{"type":"Polygon","coordinates":[[[77.7045,12.9568],[77.7011,12.9569],[77.698,12.9448],[77.6948,12.9451],[77.6887,12.941],[77.688,12.9419],[77.6855,12.9412],[77.6738,12.9461],[77.6731,12.9482],[77.6647,12.9459],[77.6641,12.9445],[77.6627,12.9445],[77.6626,12.9466],[77.66,12.9476],[77.6494,12.9475],[77.6491,12.946],[77.6454,12.9495],[77.6443,12.9533],[77.6408,12.9533],[77.6398,12.9516],[77.648,12.9437],[77.6565,12.9401],[77.6582,12.9379],[77.6605,12.9383],[77.6552,12.9351],[77.6591,12.9298],[77.6614,12.93],[77.6649,12.928],[77.6662,12.9307],[77.6693,12.931],[77.6681,12.9243],[77.6612,12.9159],[77.6602,12.9115],[77.657,12.9114],[77.6548,12.9035],[77.6572,12.9004],[77.6558,12.8982],[77.6547,12.8983],[77.6572,12.894],[77.6607,12.8947],[77.6764,12.8928],[77.6888,12.9081],[77.7078,12.9037],[77.7094,12.9144],[77.7037,12.9178],[77.7108,12.9256],[77.7046,12.932],[77.6975,12.9337],[77.6994,12.9442],[77.7067,12.9414],[77.7045,12.9568]]]},"properties":{"objectid":104622,"statename":"Karnataka","statecode":"29","districtname":"Bengaluru Urban","districtcode":"572","ulbname":"Bruhat Bengaluru Mahanagara Palike","ulbcode":"803162","wardname":"Bellanduru","wardcode":"150","id":null,"remark":"Approved","st_area(shape)":0.0022059896224999776,"st_perimeter(shape)":0.32995041169885025}},{"type":"Feature","geometry":{"type":"Polygon","coordinates":[[[77.6211,12.9126],[77.6191,12.9128],[77.6165,12.9154],[77.6127,12.9045],[77.6039,12.9058],[77.604,12.9087],[77.6003,12.9085],[77.6019,12.9051],[77.5981,12.8906],[77.6085,12.8883],[77.6084,12.8867],[77.6105,12.8868],[77.6101,12.8845],[77.6125,12.8839],[77.6126,12.8892],[77.6151,12.8924],[77.6146,12.8949],[77.6166,12.8955],[77.6172,12.8944],[77.6181,12.898],[77.6197,12.8983],[77.6192,12.9024],[77.6229,12.9068],[77.6222,12.9084],[77.6206,12.9085],[77.6211,12.9126]]]},"properties":{"objectid":104623,"statename":"Karnataka","statecode":"29","districtname":"Bengaluru Urban","districtcode":"572","ulbname":"Bruhat Bengaluru Mahanagara Palike","ulbcode":"803162","wardname":"Bilekahalli","wardcode":"188","id":null,"remark":"Approved","st_area(shape)":0.00035500764949993204,"st_perimeter(shape)":0.11776184198984452}},{"type":"Feature","geometry":{"type":"Polygon","coordinates":[[[77.5923,13.0972],[77.5865,13.102],[77.565,13.0977],[77.5698,13.0972],[77.569,13.0893],[77.5801,13.0878],[77.5791,13.0852],[77.5845,13.0837],[77.5828,13.0783],[77.59,13.0761],[77.5963,13.0918],[77.5952,13.0964],[77.5944,13.0952],[77.5923,13.0972]]]},"properties":{"objectid":104624,"statename":"Karnataka","statecode":"29","districtname":"Bengaluru Urban","districtcode":"572","ulbname":"Bruhat Bengaluru Mahanagara Palike","ulbcode":"803162","wardname":"Yelahanka New Town","wardcode":"4","id":null,"remark":"Approve","st_area(shape)":0.00040840519949979795,"st_perimeter(shape)":0.10148894782901435}},{"type":"Feature","geometry":{"type":"Polygon","coordinates":[[[77.6547,12.898],[77.6572,12.9004],[77.6548,12.9035],[77.657,12.9114],[77.6602,12.9115],[77.6612,12.9159],[77.6681,12.9243],[77.6693,12.931],[77.6663,12.9308],[77.665,12.928],[77.6636,12.9281],[77.6612,12.9217],[77.6628,12.9203],[77.6605,12.9165],[77.6549,12.9206],[77.6516,12.9212],[77.6517,12.9242],[77.6493,12.9247],[77.64,12.9238],[77.6382,12.9159],[77.6227,12.9173],[77.631,12.9036],[77.6326,12.9044],[77.6325,12.9066],[77.6351,12.9073],[77.6488,12.9038],[77.6489,12.8995],[77.6547,12.898]]]},"properties":{"objectid":104625,"statename":"Karnataka","statecode":"29","districtname":"Bengaluru Urban","districtcode":"572","ulbname":"Bruhat Bengaluru Mahanagara Palike","ulbcode":"803162","wardname":"Hsr Layout","wardcode":"174","id":null,"remark":"Approved","st_area(shape)":0.0005869574845001005,"st_perimeter(shape)":0.16257322724923515}},{"type":"Feature","geometry":{"type":"Polygon","coordinates":[[[77.589,12.8699],[77.5887,12.8726],[77.5861,12.8743],[77.5897,12.8769],[77.5907,12.8814],[77.5855,12.8786],[77.5855,12.877],[77.5825,12.8773],[77.5817,12.8753],[77.571,12.8773],[77.5695,12.8665],[77.5724,12.866],[77.5721,12.8608],[77.582,12.8601],[77.5746,12.8391],[77.5829,12.8366],[77.585,12.8448],[77.5911,12.852],[77.5931,12.8517],[77.5934,12.8591],[77.5948,12.861],[77.5893,12.8634],[77.5862,12.8673],[77.589,12.8699]]]},"properties":{"objectid":104626,"statename":"Karnataka","statecode":"29","districtname":"Bengaluru Urban","districtcode":"572","ulbname":"Bruhat Bengaluru Mahanagara Palike","ulbcode":"803162","wardname":"Gottigere","wardcode":"194","id":null,"remark":"Approved","st_area(shape)":0.0005295747814998697,"st_perimeter(shape)":0.14550179106089345}},{"type":"Feature","geometry":{"type":"Polygon","coordinates":[[[77.5923,13.0972],[77.5936,13.1002],[77.5928,13.1019],[77.5946,13.1024],[77.5947,13.1037],[77.5972,13.1037],[77.5934,13.11],[77.5905,13.1126],[77.5896,13.1121],[77.5905,13.1111],[77.5885,13.1112],[77.5872,13.1136],[77.5863,13.1198],[77.5879,13.1217],[77.5879,13.1303],[77.5851,13.1316],[77.5801,13.1435],[77.5725,13.1428],[77.5689,13.1363],[77.5678,13.1272],[77.5719,13.1259],[77.5723,13.1081],[77.5773,13.1073],[77.5787,13.1091],[77.5923,13.0972]]]},"properties":{"objectid":104627,"statename":"Karnataka","statecode":"29","districtname":"Bengaluru Urban","districtcode":"572","ulbname":"Bruhat Bengaluru Mahanagara Palike","ulbcode":"803162","wardname":"Chowdeshwari","wardcode":"2","id":null,"remark":"Approve","st_area(shape)":0.0006391108189998509,"st_perimeter(shape)":0.1379093867231316}},{"type":"Feature","geometry":{"type":"Polygon","coordinates":[[[77.5842,12.9993],[77.5771,12.9936],[77.5776,12.9917],[77.5798,12.991],[77.5746,12.9843],[77.5773,12.9836],[77.5765,12.9821],[77.5774,12.9807],[77.5844,12.978],[77.5888,12.9863],[77.5928,12.9897],[77.5971,12.9845],[77.5995,12.9906],[77.5933,12.9948],[77.5844,12.9978],[77.5842,12.9993]]]},"properties":{"objectid":104628,"statename":"Karnataka","statecode":"29","districtname":"Bengaluru Urban","districtcode":"572","ulbname":"Bruhat Bengaluru Mahanagara Palike","ulbcode":"803162","wardname":"Vasanth Nagar","wardcode":"93","id":null,"remark":"Approved","st_area(shape)":0.00026025411699979247,"st_perimeter(shape)":0.0848356622708897}},{"type":"Feature","geometry":{"type":"Polygon","coordinates":[[[77.6957,13.0083],[77.7025,13.0103],[77.7026,13.0134],[77.7107,13.0143],[77.7118,13.0182],[77.7144,13.0204],[77.711,13.029],[77.7079,13.0274],[77.7053,13.0287],[77.7015,13.0272],[77.7015,13.0286],[77.6943,13.0273],[77.6942,13.024],[77.692,13.0241],[77.692,13.0224],[77.691,13.0225],[77.6912,13.0198],[77.6886,13.0187],[77.6887,13.0174],[77.6863,13.0173],[77.6851,13.0146],[77.6827,13.0141],[77.6825,13.0113],[77.6807,13.011],[77.6851,13.0052],[77.6898,13.0076],[77.6957,13.0083]]]},"properties":{"objectid":104629,"statename":"Karnataka","statecode":"29","districtname":"Bengaluru Urban","districtcode":"572","ulbname":"Bruhat Bengaluru Mahanagara Palike","ulbcode":"803162","wardname":"Kr Pura","wardcode":"52","id":null,"remark":"Approved","st_area(shape)":0.00042958564400012413,"st_perimeter(shape)":0.10491701858202088}},{"type":"Feature","geometry":{"type":"Polygon","coordinates":[[[77.6013,13.0086],[77.5958,13.0113],[77.5933,13.0057],[77.5994,13.0012],[77.6023,13.0014],[77.6053,13.0067],[77.6013,13.0086]]]},"properties":{"objectid":104630,"statename":"Karnataka","statecode":"29","districtname":"Bengaluru Urban","districtcode":"572","ulbname":"Bruhat Bengaluru Mahanagara Palike","ulbcode":"803162","wardname":"Ramaswamy Palya","wardcode":"62","id":null,"remark":"Approved","st_area(shape)":6.92549819999659e-05,"st_perimeter(shape)":0.034297752740281566}},{"type":"Feature","geometry":{"type":"Polygon","coordinates":[[[77.587,12.9459],[77.5852,12.9437],[77.5738,12.9445],[77.5738,12.9406],[77.5777,12.9406],[77.5801,12.9368],[77.5856,12.9366],[77.5878,12.9352],[77.5927,12.9362],[77.5926,12.9286],[77.6005,12.9283],[77.6016,12.9371],[77.5991,12.9379],[77.5976,12.94],[77.5942,12.9395],[77.5926,12.938],[77.5934,12.9415],[77.5871,12.9438],[77.587,12.9459]]]},"properties":{"objectid":104631,"statename":"Karnataka","statecode":"29","districtname":"Bengaluru Urban","districtcode":"572","ulbname":"Bruhat Bengaluru Mahanagara Palike","ulbcode":"803162","wardname":"Jayanagar 1St And 2Nd Block","wardcode":"153","id":null,"remark":"Approved","st_area(shape)":0.00020779593849999586,"st_perimeter(shape)":0.09127407254135979}},{"type":"Feature","geometry":{"type":"Polygon","coordinates":[[[77.5842,12.9993],[77.5839,13.0033],[77.5788,13.0063],[77.5786,13.0037],[77.5768,13.0037],[77.5768,13.0028],[77.5722,13.0029],[77.5739,12.9989],[77.5784,12.9992],[77.5783,12.9972],[77.5809,12.9973],[77.5842,12.9993]]]},"properties":{"objectid":104632,"statename":"Karnataka","statecode":"29","districtname":"Bengaluru Urban","districtcode":"572","ulbname":"Bruhat Bengaluru Mahanagara Palike","ulbcode":"803162","wardname":"Rajmahalnagara","wardcode":"64","id":null,"remark":"Approved","st_area(shape)":6.018657849987471e-05,"st_perimeter(shape)":0.03888548573184007}},{"type":"Feature","geometry":{"type":"Polygon","coordinates":[[[77.6745,12.9866],[77.668,12.9856],[77.6683,12.9902],[77.6641,12.9946],[77.648,12.987],[77.6531,12.9791],[77.6583,12.9813],[77.6598,12.9839],[77.6642,12.9839],[77.6646,12.9826],[77.6691,12.9821],[77.6689,12.9806],[77.671,12.9793],[77.67,12.9793],[77.6692,12.9753],[77.6781,12.9727],[77.6804,12.9828],[77.6745,12.9866]]]},"properties":{"objectid":104633,"statename":"Karnataka","statecode":"29","districtname":"Bengaluru Urban","districtcode":"572","ulbname":"Bruhat Bengaluru Mahanagara Palike","ulbcode":"803162","wardname":"C V Raman Nagar","wardcode":"57","id":null,"remark":"Approved","st_area(shape)":0.0002988118924999122,"st_perimeter(shape)":0.10387010040465022}},{"type":"Feature","geometry":{"type":"Polygon","coordinates":[[[77.7412,12.976],[77.7447,12.9863],[77.7406,12.9874],[77.7385,12.9851],[77.7335,12.9849],[77.7316,12.9881],[77.7194,12.9921],[77.7158,12.9921],[77.7135,12.9902],[77.7111,12.9907],[77.7116,12.9925],[77.7048,12.993],[77.7052,12.996],[77.7076,12.9965],[77.7086,12.9987],[77.704,12.9995],[77.7036,12.9979],[77.7016,12.9969],[77.7013,12.994],[77.6907,12.9973],[77.6885,12.9921],[77.6958,12.9902],[77.6954,12.9821],[77.6998,12.9807],[77.7011,12.9825],[77.6998,12.9846],[77.7023,12.9848],[77.7062,12.9881],[77.7084,12.9837],[77.7112,12.9843],[77.7154,12.9818],[77.7142,12.9778],[77.734,12.976],[77.7362,12.978],[77.7412,12.976]]]},"properties":{"objectid":104634,"statename":"Karnataka","statecode":"29","districtname":"Bengaluru Urban","districtcode":"572","ulbname":"Bruhat Bengaluru Mahanagara Palike","ulbcode":"803162","wardname":"Garudachar Playa","wardcode":"82","id":null,"remark":"Approved","st_area(shape)":0.0005632657265000578,"st_perimeter(shape)":0.17712308344555366}},{"type":"Feature","geometry":{"type":"Polygon","coordinates":[[[77.4741,12.9715],[77.4714,12.9665],[77.4723,12.9584],[77.4715,12.9524],[77.4727,12.9516],[77.4711,12.9496],[77.4762,12.9485],[77.4725,12.9407],[77.4792,12.9369],[77.4846,12.9375],[77.484,12.9306],[77.4814,12.9238],[77.4823,12.9234],[77.4829,12.9253],[77.4851,12.9246],[77.4879,12.9326],[77.4904,12.9323],[77.4914,12.9334],[77.4883,12.921],[77.4989,12.926],[77.4986,12.9308],[77.4999,12.9355],[77.4994,12.9384],[77.4972,12.94],[77.4999,12.9434],[77.4996,12.9464],[77.4903,12.9475],[77.4848,12.9514],[77.4863,12.9638],[77.4855,12.968],[77.4813,12.9712],[77.4741,12.9715]]]},"properties":{"objectid":104635,"statename":"Karnataka","statecode":"29","districtname":"Bengaluru Urban","districtcode":"572","ulbname":"Bruhat Bengaluru Mahanagara Palike","ulbcode":"803162","wardname":"Ullalu","wardcode":"130","id":null,"remark":"Approved","st_area(shape)":0.0007462158450003164,"st_perimeter(shape)":0.18258378050202465}},{"type":"Feature","geometry":{"type":"Polygon","coordinates":[[[77.5429,13.0392],[77.5407,13.0325],[77.5222,13.0459],[77.5184,13.0399],[77.5179,13.0342],[77.5215,13.024],[77.5284,13.021],[77.531,13.0266],[77.5379,13.0229],[77.5399,13.0288],[77.5516,13.0221],[77.554,13.0153],[77.5556,13.0157],[77.5429,13.0392]]]},"properties":{"objectid":104636,"statename":"Karnataka","statecode":"29","districtname":"Bengaluru Urban","districtcode":"572","ulbname":"Bruhat Bengaluru Mahanagara Palike","ulbcode":"803162","wardname":"Hmt Ward","wardcode":"38","id":null,"remark":"Approved","st_area(shape)":0.0004368767490000246,"st_perimeter(shape)":0.13186726677655017}},{"type":"Feature","geometry":{"type":"Polygon","coordinates":[[[77.7653,12.9783],[77.7657,12.9803],[77.7576,12.9804],[77.7569,12.9767],[77.7552,12.9767],[77.7539,12.9745],[77.7485,12.9743],[77.7362,12.978],[77.7346,12.9761],[77.727,12.9766],[77.7266,12.9711],[77.7256,12.9712],[77.7243,12.968],[77.7279,12.9675],[77.7271,12.9619],[77.724,12.9607],[77.7237,12.953],[77.7251,12.9465],[77.7327,12.9478],[77.7331,12.9494],[77.7426,12.9536],[77.7467,12.9588],[77.7482,12.9584],[77.7481,12.9559],[77.7495,12.9558],[77.7676,12.9635],[77.7706,12.9626],[77.779,12.9698],[77.7792,12.9724],[77.7765,12.9748],[77.7786,12.9771],[77.7653,12.9783]]]},"properties":{"objectid":104637,"statename":"Karnataka","statecode":"29","districtname":"Bengaluru Urban","districtcode":"572","ulbname":"Bruhat Bengaluru Mahanagara Palike","ulbcode":"803162","wardname":"Hagadur","wardcode":"84","id":null,"remark":"Approved","st_area(shape)":0.0010452856223701762,"st_perimeter(shape)":0.17852040040768563}},{"type":"Feature","geometry":{"type":"Polygon","coordinates":[[[77.6138,12.9317],[77.608,12.9359],[77.6016,12.9371],[77.6005,12.9266],[77.6049,12.928],[77.6049,12.9252],[77.6158,12.9233],[77.6163,12.9246],[77.6182,12.9244],[77.6138,12.9317]]]},"properties":{"objectid":104638,"statename":"Karnataka","statecode":"29","districtname":"Bengaluru Urban","districtcode":"572","ulbname":"Bruhat Bengaluru Mahanagara Palike","ulbcode":"803162","wardname":"Sudduguntepalya","wardcode":"152","id":null,"remark":"Approved","st_area(shape)":0.0001442841964999647,"st_perimeter(shape)":0.05832567265773227}},{"type":"Feature","geometry":{"type":"Polygon","coordinates":[[[77.6095,13.0109],[77.603,13.0132],[77.6013,13.0086],[77.6053,13.0067],[77.6015,13.0015],[77.6018,12.9998],[77.6051,12.9978],[77.6121,13.0017],[77.6132,13.0085],[77.6106,13.009],[77.6095,13.0109]]]},"properties":{"objectid":104639,"statename":"Karnataka","statecode":"29","districtname":"Bengaluru Urban","districtcode":"572","ulbname":"Bruhat Bengaluru Mahanagara Palike","ulbcode":"803162","wardname":"S.K.Garden","wardcode":"61","id":null,"remark":"Approved","st_area(shape)":0.00010871562449994518,"st_perimeter(shape)":0.05121978133794764}},{"type":"Feature","geometry":{"type":"Polygon","coordinates":[[[77.5533,12.9239],[77.5462,12.9281],[77.5443,12.926],[77.542,12.9185],[77.5486,12.9181],[77.548,12.9165],[77.5506,12.9158],[77.5521,12.9198],[77.5558,12.9214],[77.5563,12.923],[77.5533,12.9239]]]},"properties":{"objectid":104640,"statename":"Karnataka","statecode":"29","districtname":"Bengaluru Urban","districtcode":"572","ulbname":"Bruhat Bengaluru Mahanagara Palike","ulbcode":"803162","wardname":"Chikkalsandra","wardcode":"183","id":null,"remark":"Approved","st_area(shape)":9.0184336500209e-05,"st_perimeter(shape)":0.045709230975684745}},{"type":"Feature","geometry":{"type":"Polygon","coordinates":[[[77.5601,12.9939],[77.5591,12.995],[77.5601,12.9974],[77.5564,12.9986],[77.5531,12.9982],[77.5597,12.988],[77.5602,12.9836],[77.5616,12.9826],[77.5608,12.9866],[77.5618,12.9872],[77.5616,12.9903],[77.5601,12.9939]]]},"properties":{"objectid":104641,"statename":"Karnataka","statecode":"29","districtname":"Bengaluru Urban","districtcode":"572","ulbname":"Bruhat Bengaluru Mahanagara Palike","ulbcode":"803162","wardname":"Prakashnagara","wardcode":"98","id":null,"remark":"Approved","st_area(shape)":4.734190950010609e-05,"st_perimeter(shape)":0.043903896349584026}},{"type":"Feature","geometry":{"type":"Polygon","coordinates":[[[77.5384,12.9916],[77.5317,12.9926],[77.5287,12.9838],[77.5367,12.9807],[77.5384,12.9916]]]},"properties":{"objectid":104642,"statename":"Karnataka","statecode":"29","districtname":"Bengaluru Urban","districtcode":"572","ulbname":"Bruhat Bengaluru Mahanagara Palike","ulbcode":"803162","wardname":"Kamakshipalya","wardcode":"101","id":null,"remark":"Approved","st_area(shape)":7.547932750010116e-05,"st_perimeter(shape)":0.03637329255629085}},{"type":"Feature","geometry":{"type":"Polygon","coordinates":[[[77.5616,12.9826],[77.5602,12.9835],[77.5598,12.9877],[77.5578,12.991],[77.5544,12.99],[77.5541,12.9844],[77.5491,12.985],[77.549,12.9809],[77.5553,12.9801],[77.5552,12.977],[77.5589,12.9789],[77.5616,12.9826]]]},"properties":{"objectid":104643,"statename":"Karnataka","statecode":"29","districtname":"Bengaluru Urban","districtcode":"572","ulbname":"Bruhat Bengaluru Mahanagara Palike","ulbcode":"803162","wardname":"Sriramamandira","wardcode":"108","id":null,"remark":"Approved","st_area(shape)":8.825292149990144e-05,"st_perimeter(shape)":0.048675138280194034}},{"type":"Feature","geometry":{"type":"Polygon","coordinates":[[[77.5691,12.9732],[77.5675,12.9689],[77.566,12.9745],[77.5627,12.9756],[77.5626,12.9723],[77.5609,12.9721],[77.5603,12.9685],[77.5621,12.9672],[77.5642,12.9684],[77.5664,12.9667],[77.5681,12.9682],[77.5738,12.9664],[77.5749,12.9684],[77.5702,12.9701],[77.5703,12.973],[77.5691,12.9732]]]},"properties":{"objectid":104644,"statename":"Karnataka","statecode":"29","districtname":"Bengaluru Urban","districtcode":"572","ulbname":"Bruhat Bengaluru Mahanagara Palike","ulbcode":"803162","wardname":"Cottonpet","wardcode":"120","id":null,"remark":"Approved","st_area(shape)":6.273805199986957e-05,"st_perimeter(shape)":0.05324201257220163}},{"type":"Feature","geometry":{"type":"Polygon","coordinates":[[[77.578,12.9667],[77.5749,12.9684],[77.5738,12.9664],[77.568,12.9682],[77.5683,12.9637],[77.5652,12.9626],[77.5653,12.9609],[77.5746,12.9598],[77.578,12.9667]]]},"properties":{"objectid":104645,"statename":"Karnataka","statecode":"29","districtname":"Bengaluru Urban","districtcode":"572","ulbname":"Bruhat Bengaluru Mahanagara Palike","ulbcode":"803162","wardname":"Skr Market","wardcode":"139","id":null,"remark":"Approved","st_area(shape)":6.791817149981426e-05,"st_perimeter(shape)":0.03905332171444459}},{"type":"Feature","geometry":{"type":"Polygon","coordinates":[[[77.6058,12.95],[77.6034,12.9504],[77.6027,12.9422],[77.5972,12.9432],[77.5979,12.9394],[77.5999,12.9374],[77.608,12.9359],[77.6138,12.9317],[77.6081,12.9422],[77.6058,12.95]]]},"properties":{"objectid":104646,"statename":"Karnataka","statecode":"29","districtname":"Bengaluru Urban","districtcode":"572","ulbname":"Bruhat Bengaluru Mahanagara Palike","ulbcode":"803162","wardname":"Lakkasandra","wardcode":"146","id":null,"remark":"Approved","st_area(shape)":0.00010768170650001713,"st_perimeter(shape)":0.058834564584212094}},{"type":"Feature","geometry":{"type":"Polygon","coordinates":[[[77.5343,12.9365],[77.5281,12.9454],[77.5206,12.9371],[77.5117,12.9352],[77.5092,12.9334],[77.5109,12.9325],[77.511,12.9289],[77.5055,12.9297],[77.5026,12.9278],[77.5054,12.9253],[77.5115,12.9237],[77.5115,12.9182],[77.5134,12.9161],[77.5134,12.9143],[77.511,12.9143],[77.5093,12.9098],[77.5109,12.9089],[77.5105,12.9069],[77.5122,12.9066],[77.511,12.9025],[77.514,12.9018],[77.5124,12.9003],[77.5143,12.8956],[77.5138,12.893],[77.5211,12.8936],[77.5212,12.8977],[77.5248,12.8972],[77.5248,12.8954],[77.5311,12.8946],[77.5346,12.8991],[77.5341,12.9047],[77.5259,12.9041],[77.5245,12.9065],[77.5268,12.9067],[77.5292,12.9196],[77.5283,12.9216],[77.539,12.9202],[77.54,12.9222],[77.5403,12.9242],[77.5389,12.9248],[77.537,12.9234],[77.5367,12.9265],[77.535,12.9274],[77.5328,12.9355],[77.5343,12.9365]]]},"properties":{"objectid":104647,"statename":"Karnataka","statecode":"29","districtname":"Bengaluru Urban","districtcode":"572","ulbname":"Bruhat Bengaluru Mahanagara Palike","ulbcode":"803162","wardname":"Rajarajeshwari Nagar","wardcode":"160","id":null,"remark":"Approved","st_area(shape)":0.0009510701724999642,"st_perimeter(shape)":0.21113753572887017}},{"type":"Feature","geometry":{"type":"Polygon","coordinates":[[[77.5384,12.9509],[77.5376,12.9506],[77.5359,12.9541],[77.5299,12.9512],[77.5264,12.9459],[77.5297,12.9445],[77.5344,12.9365],[77.5393,12.9336],[77.5406,12.9376],[77.5394,12.9379],[77.5387,12.9435],[77.5503,12.9429],[77.5488,12.9454],[77.5375,12.9465],[77.5384,12.9509]]]},"properties":{"objectid":104648,"statename":"Karnataka","statecode":"29","districtname":"Bengaluru Urban","districtcode":"572","ulbname":"Bruhat Bengaluru Mahanagara Palike","ulbcode":"803162","wardname":"Deepanjali Nagar","wardcode":"158","id":null,"remark":"Approved","st_area(shape)":0.0001738568875000433,"st_perimeter(shape)":0.0808743689651846}},{"type":"Feature","geometry":{"type":"Polygon","coordinates":[[[77.6182,12.9244],[77.6163,12.9246],[77.6158,12.9233],[77.6086,12.9249],[77.6073,12.9166],[77.6194,12.9163],[77.6227,12.9173],[77.6182,12.9244]]]},"properties":{"objectid":104649,"statename":"Karnataka","statecode":"29","districtname":"Bengaluru Urban","districtcode":"572","ulbname":"Bruhat Bengaluru Mahanagara Palike","ulbcode":"803162","wardname":"Madivala","wardcode":"172","id":null,"remark":"Approved","st_area(shape)":9.686144349999985e-05,"st_perimeter(shape)":0.045221098411960065}},{"type":"Feature","geometry":{"type":"Polygon","coordinates":[[[77.6302,12.8928],[77.6296,12.8942],[77.6322,12.8937],[77.6335,12.8952],[77.6362,12.8952],[77.6324,12.9014],[77.635,12.9001],[77.6351,12.9073],[77.6325,12.9066],[77.6326,12.9044],[77.6311,12.9034],[77.6275,12.9044],[77.6242,12.903],[77.6203,12.8948],[77.6199,12.8888],[77.6287,12.8881],[77.6302,12.8928]]]},"properties":{"objectid":104650,"statename":"Karnataka","statecode":"29","districtname":"Bengaluru Urban","districtcode":"572","ulbname":"Bruhat Bengaluru Mahanagara Palike","ulbcode":"803162","wardname":"Hongasandra","wardcode":"189","id":null,"remark":"Approved","st_area(shape)":0.0001793460360000085,"st_perimeter(shape)":0.07402196268762315}},{"type":"Feature","geometry":{"type":"Polygon","coordinates":[[[77.589,12.8699],[77.5933,12.8737],[77.5962,12.8728],[77.5981,12.8676],[77.6027,12.8667],[77.6039,12.8648],[77.6069,12.871],[77.609,12.8704],[77.6088,12.8684],[77.6134,12.8679],[77.6154,12.8762],[77.6179,12.8764],[77.6186,12.8862],[77.6159,12.8865],[77.6153,12.8876],[77.6153,12.8867],[77.6122,12.8869],[77.6125,12.8839],[77.6101,12.8845],[77.6105,12.8868],[77.6084,12.8867],[77.6085,12.8883],[77.5886,12.8917],[77.5881,12.889],[77.5918,12.8883],[77.5897,12.8769],[77.5861,12.8743],[77.5887,12.8726],[77.589,12.8699]]]},"properties":{"objectid":104651,"statename":"Karnataka","statecode":"29","districtname":"Bengaluru Urban","districtcode":"572","ulbname":"Bruhat Bengaluru Mahanagara Palike","ulbcode":"803162","wardname":"Arakere","wardcode":"193","id":null,"remark":"Approved","st_area(shape)":0.0005354975769999527,"st_perimeter(shape)":0.1336399532949303}},{"type":"Feature","geometry":{"type":"Polygon","coordinates":[[[77.5634,12.9194],[77.5616,12.9216],[77.5563,12.923],[77.5556,12.921],[77.5521,12.9198],[77.5505,12.9154],[77.5536,12.9144],[77.5523,12.9118],[77.5559,12.9115],[77.5536,12.9063],[77.5493,12.9078],[77.5483,12.9034],[77.5506,12.9045],[77.5563,12.903],[77.5595,12.9066],[77.558,12.9078],[77.559,12.9136],[77.5634,12.9194]]]},"properties":{"objectid":104652,"statename":"Karnataka","statecode":"29","districtname":"Bengaluru Urban","districtcode":"572","ulbname":"Bruhat Bengaluru Mahanagara Palike","ulbcode":"803162","wardname":"Padmanabha Nagar","wardcode":"182","id":null,"remark":"Approved","st_area(shape)":0.00014054425800001183,"st_perimeter(shape)":0.07462903886479762}},{"type":"Feature","geometry":{"type":"Polygon","coordinates":[[[77.631,12.9036],[77.6227,12.9173],[77.6205,12.9091],[77.6229,12.9068],[77.6192,12.9024],[77.6197,12.8983],[77.6181,12.898],[77.6172,12.8944],[77.6166,12.8955],[77.6146,12.8949],[77.6151,12.8924],[77.6128,12.8904],[77.6125,12.8869],[77.6153,12.8867],[77.6153,12.8876],[77.6159,12.8865],[77.6186,12.8862],[77.6202,12.8897],[77.6203,12.8948],[77.6242,12.903],[77.6275,12.9044],[77.631,12.9036]]]},"properties":{"objectid":104653,"statename":"Karnataka","statecode":"29","districtname":"Bengaluru Urban","districtcode":"572","ulbname":"Bruhat Bengaluru Mahanagara Palike","ulbcode":"803162","wardname":"Bommanahalli","wardcode":"175","id":null,"remark":"Approved","st_area(shape)":0.00015242922849997007,"st_perimeter(shape)":0.09947492264481757}},{"type":"Feature","geometry":{"type":"Polygon","coordinates":[[[77.5186,13.0484],[77.5204,13.0592],[77.5142,13.0612],[77.5113,13.0588],[77.508,13.0594],[77.512,13.0532],[77.5116,13.0487],[77.515,13.0465],[77.5186,13.0484]]]},"properties":{"objectid":105378,"statename":"Karnataka","statecode":"29","districtname":"Bengaluru Urban","districtcode":"572","ulbname":"Bruhat Bengaluru Mahanagara Palike","ulbcode":"803162","wardname":"Mallasandra","wardcode":"13","id":null,"remark":"Approved","st_area(shape)":0.00010950420649998534,"st_perimeter(shape)":0.04945798296018392}},{"type":"Feature","geometry":{"type":"Polygon","coordinates":[[[77.554,13.0153],[77.5518,13.0218],[77.5442,13.0263],[77.5398,13.019],[77.5381,13.02],[77.5371,13.0176],[77.5396,13.0174],[77.5379,13.0116],[77.5468,13.0131],[77.5464,13.0108],[77.5495,13.0101],[77.5537,13.0127],[77.554,13.0153]]]},"properties":{"objectid":105379,"statename":"Karnataka","statecode":"29","districtname":"Bengaluru Urban","districtcode":"572","ulbname":"Bruhat Bengaluru Mahanagara Palike","ulbcode":"803162","wardname":"Marappana Palya","wardcode":"44","id":null,"remark":"Approved","st_area(shape)":0.0001692692549999099,"st_perimeter(shape)":0.061012807893454236}},{"type":"Feature","geometry":{"type":"Polygon","coordinates":[[[77.6475,12.9704],[77.645,12.9858],[77.6315,12.9817],[77.6244,12.9819],[77.6263,12.9787],[77.6317,12.9764],[77.633,12.9738],[77.6334,12.9759],[77.641,12.9761],[77.6413,12.9703],[77.6475,12.9704]]]},"properties":{"objectid":105380,"statename":"Karnataka","statecode":"29","districtname":"Bengaluru Urban","districtcode":"572","ulbname":"Bruhat Bengaluru Mahanagara Palike","ulbcode":"803162","wardname":"Hoysala Nagar","wardcode":"80","id":null,"remark":"Approved","st_area(shape)":0.0001711170925002085,"st_perimeter(shape)":0.07375223748356727}},{"type":"Feature","geometry":{"type":"Polygon","coordinates":[[[77.6098,13.0667],[77.6034,13.0688],[77.6052,13.0762],[77.6077,13.0796],[77.6075,13.0817],[77.6029,13.086],[77.6023,13.083],[77.5937,13.0847],[77.5884,13.0724],[77.5813,13.0667],[77.5871,13.0623],[77.5879,13.0579],[77.5889,13.0577],[77.5872,13.0555],[77.5835,13.057],[77.5819,13.0543],[77.5852,13.0524],[77.585,13.05],[77.5922,13.0482],[77.5899,13.0416],[77.6071,13.0409],[77.6103,13.0382],[77.612,13.0425],[77.6137,13.0421],[77.6114,13.0469],[77.6118,13.0495],[77.5979,13.056],[77.6002,13.0601],[77.603,13.0603],[77.6092,13.0634],[77.6098,13.0667]]]},"properties":{"objectid":105381,"statename":"Karnataka","statecode":"29","districtname":"Bengaluru Urban","districtcode":"572","ulbname":"Bruhat Bengaluru Mahanagara Palike","ulbcode":"803162","wardname":"Byatarayanapura","wardcode":"7","id":null,"remark":"Approve","st_area(shape)":0.0007976173354998283,"st_perimeter(shape)":0.17860464181035174}},{"type":"Feature","geometry":{"type":"Polygon","coordinates":[[[77.5933,12.9169],[77.5858,12.9171],[77.5857,12.9106],[77.5933,12.9102],[77.594,12.9027],[77.5994,12.9012],[77.5989,12.9036],[77.6015,12.9033],[77.6019,12.9052],[77.6003,12.908],[77.6001,12.9167],[77.5933,12.9169]]]},"properties":{"objectid":105382,"statename":"Karnataka","statecode":"29","districtname":"Bengaluru Urban","districtcode":"572","ulbname":"Bruhat Bengaluru Mahanagara Palike","ulbcode":"803162","wardname":"J P Nagar","wardcode":"177","id":null,"remark":"Approved","st_area(shape)":0.0001498742155000702,"st_perimeter(shape)":0.061756825999241614}},{"type":"Feature","geometry":{"type":"Polygon","coordinates":[[[77.6399,13.0257],[77.6326,13.0276],[77.6299,13.0209],[77.6286,13.021],[77.6261,13.0131],[77.6354,13.0128],[77.6358,13.0145],[77.6394,13.014],[77.6399,13.0257]]]},"properties":{"objectid":105383,"statename":"Karnataka","statecode":"29","districtname":"Bengaluru Urban","districtcode":"572","ulbname":"Bruhat Bengaluru Mahanagara Palike","ulbcode":"803162","wardname":"Kacharkanahalli","wardcode":"29","id":null,"remark":"Approved","st_area(shape)":0.00014036383500001004,"st_perimeter(shape)":0.052448953471182815}},{"type":"Feature","geometry":{"type":"Polygon","coordinates":[[[77.6885,12.9921],[77.6874,12.9912],[77.6837,12.9964],[77.683,12.995],[77.6771,12.9951],[77.6755,12.9912],[77.676,12.9875],[77.6741,12.9869],[77.6804,12.9828],[77.6781,12.9727],[77.6665,12.9754],[77.6656,12.9659],[77.6703,12.9651],[77.67,12.9677],[77.6735,12.9673],[77.6736,12.9646],[77.6785,12.9651],[77.6822,12.9641],[77.6816,12.9617],[77.689,12.9622],[77.6879,12.9691],[77.6861,12.97],[77.6869,12.9732],[77.6841,12.9762],[77.6869,12.9795],[77.6887,12.9785],[77.6903,12.9819],[77.6951,12.9812],[77.6959,12.9868],[77.6958,12.9902],[77.6885,12.9921]]]},"properties":{"objectid":105384,"statename":"Karnataka","statecode":"29","districtname":"Bengaluru Urban","districtcode":"572","ulbname":"Bruhat Bengaluru Mahanagara Palike","ulbcode":"803162","wardname":"Vijnana Nagar","wardcode":"81","id":null,"remark":"Approved","st_area(shape)":0.00047793866550008914,"st_perimeter(shape)":0.15245616863703382}},{"type":"Feature","geometry":{"type":"Polygon","coordinates":[[[77.558,13.085],[77.5554,13.086],[77.5501,13.0822],[77.5472,13.082],[77.5475,13.0836],[77.5451,13.0836],[77.5451,13.0848],[77.5406,13.0863],[77.5367,13.091],[77.5341,13.0874],[77.5289,13.0847],[77.5285,13.0835],[77.5308,13.0812],[77.5316,13.0721],[77.5298,13.0719],[77.5299,13.0689],[77.5341,13.0658],[77.5351,13.0633],[77.5339,13.0599],[77.5354,13.0548],[77.5448,13.055],[77.5467,13.0568],[77.548,13.0557],[77.5481,13.0575],[77.5515,13.0578],[77.5504,13.0654],[77.5514,13.0673],[77.5532,13.0666],[77.5552,13.0698],[77.5513,13.0714],[77.5534,13.076],[77.5516,13.0773],[77.5534,13.082],[77.5561,13.0811],[77.558,13.085]]]},"properties":{"objectid":105385,"statename":"Karnataka","statecode":"29","districtname":"Bengaluru Urban","districtcode":"572","ulbname":"Bruhat Bengaluru Mahanagara Palike","ulbcode":"803162","wardname":"Kuvempungara","wardcode":"11","id":null,"remark":"Approved","st_area(shape)":0.00062797186800009,"st_perimeter(shape)":0.1374819937797857}},{"type":"Feature","geometry":{"type":"Polygon","coordinates":[[[77.5788,13.0063],[77.5716,13.0084],[77.5736,13.0054],[77.5607,13.0058],[77.5614,13.004],[77.5601,12.9989],[77.5644,12.9988],[77.5662,12.9967],[77.5714,12.9968],[77.5713,13.0033],[77.5768,13.0028],[77.5768,13.0037],[77.5786,13.0037],[77.5788,13.0063]]]},"properties":{"objectid":105386,"statename":"Karnataka","statecode":"29","districtname":"Bengaluru Urban","districtcode":"572","ulbname":"Bruhat Bengaluru Mahanagara Palike","ulbcode":"803162","wardname":"Kadu Malleshwara","wardcode":"65","id":null,"remark":"Approved","st_area(shape)":0.00011351243350022093,"st_perimeter(shape)":0.06296020225531483}},{"type":"Feature","geometry":{"type":"Polygon","coordinates":[[[77.5738,12.9445],[77.5737,12.9532],[77.5675,12.954],[77.5675,12.9551],[77.5644,12.9553],[77.565,12.957],[77.5634,12.957],[77.5634,12.954],[77.5617,12.9534],[77.5616,12.9494],[77.5642,12.9485],[77.5651,12.9417],[77.5639,12.9392],[77.5659,12.9393],[77.568,12.9436],[77.5738,12.9437],[77.5738,12.9445]]]},"properties":{"objectid":105387,"statename":"Karnataka","statecode":"29","districtname":"Bengaluru Urban","districtcode":"572","ulbname":"Bruhat Bengaluru Mahanagara Palike","ulbcode":"803162","wardname":"Sunkenahalli","wardcode":"142","id":null,"remark":"Approved","st_area(shape)":0.00012448691449987856,"st_perimeter(shape)":0.060139567954707644}},{"type":"Feature","geometry":{"type":"Polygon","coordinates":[[[77.5722,13.0029],[77.5713,13.0033],[77.5714,12.9968],[77.5686,12.9961],[77.5696,12.9933],[77.5739,12.9939],[77.5755,12.992],[77.5809,12.9973],[77.5783,12.9972],[77.5782,12.9993],[77.5739,12.9989],[77.5722,13.0029]]]},"properties":{"objectid":105388,"statename":"Karnataka","statecode":"29","districtname":"Bengaluru Urban","districtcode":"572","ulbname":"Bruhat Bengaluru Mahanagara Palike","ulbcode":"803162","wardname":"Dattatreya Temple","wardcode":"77","id":null,"remark":"Approved","st_area(shape)":5.91047140000559e-05,"st_perimeter(shape)":0.043888771459284846}},{"type":"Feature","geometry":{"type":"Polygon","coordinates":[[[77.5495,12.945],[77.55,12.9508],[77.5484,12.9566],[77.5373,12.9494],[77.5375,12.9465],[77.5495,12.945]]]},"properties":{"objectid":105389,"statename":"Karnataka","statecode":"29","districtname":"Bengaluru Urban","districtcode":"572","ulbname":"Bruhat Bengaluru Mahanagara Palike","ulbcode":"803162","wardname":"Gali Anjenaya Temple Ward","wardcode":"157","id":null,"remark":"Approved","st_area(shape)":9.472925950000614e-05,"st_perimeter(shape)":0.043647848016263174}},{"type":"Feature","geometry":{"type":"Polygon","coordinates":[[[77.5692,13.0546],[77.5634,13.0588],[77.5593,13.0589],[77.5617,13.0631],[77.5656,13.0589],[77.5654,13.0615],[77.5683,13.0631],[77.5662,13.0639],[77.5634,13.0689],[77.558,13.0689],[77.5586,13.0704],[77.5566,13.0726],[77.5532,13.0666],[77.5514,13.0673],[77.5504,13.0654],[77.5515,13.0578],[77.5481,13.0575],[77.548,13.0557],[77.5545,13.0487],[77.5571,13.0426],[77.561,13.0401],[77.5692,13.0546]]]},"properties":{"objectid":105390,"statename":"Karnataka","statecode":"29","districtname":"Bengaluru Urban","districtcode":"572","ulbname":"Bruhat Bengaluru Mahanagara Palike","ulbcode":"803162","wardname":"Doddabommasandra","wardcode":"10","id":null,"remark":"Approve","st_area(shape)":0.00035233907450008857,"st_perimeter(shape)":0.11268198031855284}},{"type":"Feature","geometry":{"type":"Polygon","coordinates":[[[77.5539,13.0193],[77.5556,13.0199],[77.5584,13.0273],[77.5558,13.0288],[77.5536,13.0323],[77.5505,13.029],[77.5489,13.0292],[77.5539,13.0193]]]},"properties":{"objectid":105391,"statename":"Karnataka","statecode":"29","districtname":"Bengaluru Urban","districtcode":"572","ulbname":"Bruhat Bengaluru Mahanagara Palike","ulbcode":"803162","wardname":"Yeshwanthpura","wardcode":"37","id":null,"remark":"Approved","st_area(shape)":6.466136249998806e-05,"st_perimeter(shape)":0.035516843288271926}},{"type":"Feature","geometry":{"type":"Polygon","coordinates":[[[77.5073,13.0453],[77.4944,13.0498],[77.4947,13.0442],[77.4968,13.0417],[77.4962,13.0394],[77.4975,13.037],[77.4963,13.0282],[77.5037,13.0316],[77.5102,13.03],[77.5105,13.032],[77.5154,13.0309],[77.5146,13.0265],[77.5197,13.0285],[77.5178,13.0333],[77.5184,13.0399],[77.5073,13.0453]]]},"properties":{"objectid":105392,"statename":"Karnataka","statecode":"29","districtname":"Bengaluru Urban","districtcode":"572","ulbname":"Bruhat Bengaluru Mahanagara Palike","ulbcode":"803162","wardname":"Chokkasandra","wardcode":"39","id":null,"remark":"Approved","st_area(shape)":0.00033397305800048137,"st_perimeter(shape)":0.09319500833620906}},{"type":"Feature","geometry":{"type":"Polygon","coordinates":[[[77.6367,13.0425],[77.636,13.0407],[77.6318,13.0429],[77.6286,13.0423],[77.6275,13.0455],[77.6235,13.0383],[77.6214,13.0393],[77.6212,13.0376],[77.6198,13.0376],[77.6195,13.0345],[77.6208,13.0355],[77.6228,13.0346],[77.62,13.0262],[77.6233,13.0214],[77.622,13.0145],[77.6256,13.0126],[77.6277,13.0156],[77.6286,13.021],[77.6299,13.0209],[77.633,13.0282],[77.6374,13.028],[77.641,13.0343],[77.6433,13.0341],[77.6432,13.0359],[77.645,13.0358],[77.6439,13.039],[77.6415,13.0396],[77.6413,13.0426],[77.6367,13.0425]]]},"properties":{"objectid":105393,"statename":"Karnataka","statecode":"29","districtname":"Bengaluru Urban","districtcode":"572","ulbname":"Bruhat Bengaluru Mahanagara Palike","ulbcode":"803162","wardname":"Hbr Layout","wardcode":"24","id":null,"remark":"Approved","st_area(shape)":0.0003862025455000421,"st_perimeter(shape)":0.1168825335230395}},{"type":"Feature","geometry":{"type":"Polygon","coordinates":[[[77.6547,12.898],[77.6489,12.8995],[77.6488,12.9038],[77.6352,12.9073],[77.635,12.9001],[77.6324,12.9014],[77.6362,12.8952],[77.6335,12.8952],[77.6322,12.8937],[77.6296,12.8942],[77.6295,12.8932],[77.6344,12.8921],[77.6343,12.8898],[77.6314,12.8892],[77.6324,12.8861],[77.6347,12.8863],[77.6353,12.8878],[77.639,12.8848],[77.6397,12.8867],[77.6435,12.8882],[77.6438,12.8906],[77.6487,12.8898],[77.6522,12.8945],[77.657,12.8938],[77.6547,12.898]]]},"properties":{"objectid":105394,"statename":"Karnataka","statecode":"29","districtname":"Bengaluru Urban","districtcode":"572","ulbname":"Bruhat Bengaluru Mahanagara Palike","ulbcode":"803162","wardname":"Mangammanapalya","wardcode":"190","id":null,"remark":"Approved","st_area(shape)":0.0002949260119998938,"st_perimeter(shape)":0.10616383217592587}},{"type":"Feature","geometry":{"type":"Polygon","coordinates":[[[77.5457,12.9934],[77.5458,12.9945],[77.5404,12.9969],[77.5375,12.988],[77.5452,12.985],[77.5457,12.9934]]]},"properties":{"objectid":105395,"statename":"Karnataka","statecode":"29","districtname":"Bengaluru Urban","districtcode":"572","ulbname":"Bruhat Bengaluru Mahanagara Palike","ulbcode":"803162","wardname":"Basaveshwaranagar","wardcode":"100","id":null,"remark":"Approved","st_area(shape)":6.976598999997892e-05,"st_perimeter(shape)":0.03445810858362046}},{"type":"Feature","geometry":{"type":"Polygon","coordinates":[[[77.6127,13.0214],[77.6133,13.0254],[77.6161,13.028],[77.6114,13.0345],[77.6103,13.0382],[77.6064,13.0268],[77.5996,13.028],[77.6006,13.0263],[77.5999,13.0235],[77.6065,13.0213],[77.606,13.0197],[77.6102,13.0186],[77.6127,13.0214]]]},"properties":{"objectid":105396,"statename":"Karnataka","statecode":"29","districtname":"Bengaluru Urban","districtcode":"572","ulbname":"Bruhat Bengaluru Mahanagara Palike","ulbcode":"803162","wardname":"Kavalbyrasandra","wardcode":"32","id":null,"remark":"Approved","st_area(shape)":0.00013212428250007787,"st_perimeter(shape)":0.06172806922166412}},{"type":"Feature","geometry":{"type":"Polygon","coordinates":[[[77.4621,12.8976],[77.4687,12.9019],[77.4735,12.9067],[77.4843,12.9104],[77.4874,12.9153],[77.499,12.926],[77.4883,12.921],[77.4914,12.9334],[77.4904,12.9323],[77.4879,12.9326],[77.4851,12.9246],[77.4829,12.9253],[77.4809,12.923],[77.4789,12.9238],[77.4792,12.922],[77.4761,12.9241],[77.4748,12.9244],[77.4743,12.9225],[77.4724,12.9234],[77.4644,12.9061],[77.4601,12.9038],[77.4602,12.9005],[77.4621,12.8976]]]},"properties":{"objectid":105397,"statename":"Karnataka","statecode":"29","districtname":"Bengaluru Urban","districtcode":"572","ulbname":"Bruhat Bengaluru Mahanagara Palike","ulbcode":"803162","wardname":"Kengeri","wardcode":"159","id":null,"remark":"Approved","st_area(shape)":0.00040772233699969455,"st_perimeter(shape)":0.13796784055992767}},{"type":"Feature","geometry":{"type":"Polygon","coordinates":[[[77.6339,12.9306],[77.6333,12.9298],[77.6252,12.9401],[77.6193,12.9453],[77.6187,12.9435],[77.6175,12.9436],[77.6173,12.9411],[77.6185,12.941],[77.617,12.9364],[77.6123,12.9344],[77.6202,12.9212],[77.629,12.9242],[77.6367,12.9253],[77.6392,12.9241],[77.6393,12.9259],[77.6413,12.9262],[77.6421,12.9291],[77.6383,12.9303],[77.6365,12.9285],[77.6339,12.9306]]]},"properties":{"objectid":105398,"statename":"Karnataka","statecode":"29","districtname":"Bengaluru Urban","districtcode":"572","ulbname":"Bruhat Bengaluru Mahanagara Palike","ulbcode":"803162","wardname":"Koramangala","wardcode":"151","id":null,"remark":"Approved","st_area(shape)":0.00030858432649998247,"st_perimeter(shape)":0.09173486628400934}},{"type":"Feature","geometry":{"type":"Polygon","coordinates":[[[77.5273,12.9527],[77.5241,12.9521],[77.5245,12.9493],[77.5219,12.9492],[77.5195,12.9545],[77.518,12.955],[77.5151,12.9507],[77.5119,12.9493],[77.5171,12.9444],[77.5128,12.9382],[77.5139,12.9358],[77.5204,12.937],[77.5242,12.9404],[77.5281,12.9454],[77.5264,12.9459],[77.5273,12.9527]]]},"properties":{"objectid":105399,"statename":"Karnataka","statecode":"29","districtname":"Bengaluru Urban","districtcode":"572","ulbname":"Bruhat Bengaluru Mahanagara Palike","ulbcode":"803162","wardname":"Nayandahalli","wardcode":"131","id":null,"remark":"Approved","st_area(shape)":0.00017052263200005173,"st_perimeter(shape)":0.07277848311842476}},{"type":"Feature","geometry":{"type":"Polygon","coordinates":[[[77.5186,13.0127],[77.5114,13.0162],[77.506,13.0096],[77.505,13.0046],[77.5072,13.0042],[77.506,12.9989],[77.5127,12.998],[77.5133,13.0001],[77.5149,13.0006],[77.5177,12.9986],[77.5174,12.9974],[77.5186,12.9976],[77.5194,12.9992],[77.5179,13.0012],[77.5173,13.0082],[77.519,13.0106],[77.5186,13.0127]]]},"properties":{"objectid":105400,"statename":"Karnataka","statecode":"29","districtname":"Bengaluru Urban","districtcode":"572","ulbname":"Bruhat Bengaluru Mahanagara Palike","ulbcode":"803162","wardname":"Rajagopal Nagar","wardcode":"70","id":null,"remark":"Approved","st_area(shape)":0.0001801670409999309,"st_perimeter(shape)":0.06717998812618335}},{"type":"Feature","geometry":{"type":"Polygon","coordinates":[[[77.6173,12.9886],[77.6098,12.9927],[77.6083,12.9864],[77.6062,12.9868],[77.6056,12.9854],[77.6017,12.9847],[77.6128,12.9827],[77.6173,12.9886]]]},"properties":{"objectid":105401,"statename":"Karnataka","statecode":"29","districtname":"Bengaluru Urban","districtcode":"572","ulbname":"Bruhat Bengaluru Mahanagara Palike","ulbcode":"803162","wardname":"Bharathinagar","wardcode":"91","id":null,"remark":"Approved","st_area(shape)":6.503118850007205e-05,"st_perimeter(shape)":0.04248476853862886}},{"type":"Feature","geometry":{"type":"Polygon","coordinates":[[[77.5553,12.9645],[77.5508,12.9666],[77.5438,12.964],[77.5457,12.9614],[77.5487,12.9609],[77.5515,12.9644],[77.5553,12.9645]]]},"properties":{"objectid":105403,"statename":"Karnataka","statecode":"29","districtname":"Bengaluru Urban","districtcode":"572","ulbname":"Bruhat Bengaluru Mahanagara Palike","ulbcode":"803162","wardname":"Padarayanapura","wardcode":"135","id":null,"remark":"Approved","st_area(shape)":2.649974000001359e-05,"st_perimeter(shape)":0.029932433161136}},{"type":"Feature","geometry":{"type":"Polygon","coordinates":[[[77.5736,12.9573],[77.565,12.957],[77.5644,12.9553],[77.5737,12.9532],[77.5738,12.9445],[77.5852,12.9437],[77.586,12.9455],[77.5897,12.9463],[77.5934,12.9489],[77.5917,12.9511],[77.5854,12.954],[77.5736,12.9573]]]},"properties":{"objectid":105404,"statename":"Karnataka","statecode":"29","districtname":"Bengaluru Urban","districtcode":"572","ulbname":"Bruhat Bengaluru Mahanagara Palike","ulbcode":"803162","wardname":"V.V.Puram","wardcode":"143","id":null,"remark":"Approved","st_area(shape)":0.00020498523050004307,"st_perimeter(shape)":0.07528367994576617}},{"type":"Feature","geometry":{"type":"Polygon","coordinates":[[[77.5557,12.9504],[77.5547,12.9497],[77.5515,12.9522],[77.5496,12.9523],[77.5495,12.945],[77.5523,12.9447],[77.5528,12.9387],[77.5576,12.9394],[77.5579,12.9416],[77.5565,12.9417],[77.5575,12.9445],[77.5552,12.9475],[77.5557,12.9504]]]},"properties":{"objectid":105405,"statename":"Karnataka","statecode":"29","districtname":"Bengaluru Urban","districtcode":"572","ulbname":"Bruhat Bengaluru Mahanagara Palike","ulbcode":"803162","wardname":"Srinagar","wardcode":"156","id":null,"remark":"Approved","st_area(shape)":6.690645200005209e-05,"st_perimeter(shape)":0.04590973494144061}},{"type":"Feature","geometry":{"type":"Polygon","coordinates":[[[77.5903,13.0428],[77.5858,13.0431],[77.5831,13.0445],[77.5819,13.0367],[77.579,13.0369],[77.5789,13.0357],[77.5808,13.0351],[77.581,13.0294],[77.5782,13.0299],[77.58,13.0265],[77.5846,13.0229],[77.5876,13.0228],[77.588,13.0239],[77.5904,13.0226],[77.592,13.0251],[77.5948,13.0247],[77.5954,13.0284],[77.5919,13.0289],[77.5906,13.0277],[77.5909,13.0296],[77.5885,13.0298],[77.5882,13.0287],[77.5862,13.0285],[77.5896,13.0402],[77.5964,13.0392],[77.5974,13.0412],[77.5899,13.0416],[77.5903,13.0428]]]},"properties":{"objectid":106469,"statename":"Karnataka","statecode":"29","districtname":"Bengaluru Urban","districtcode":"572","ulbname":"Bruhat Bengaluru Mahanagara Palike","ulbcode":"803162","wardname":"Ganga Nagar","wardcode":"20","id":null,"remark":"Approved","st_area(shape)":0.00018827653200004273,"st_perimeter(shape)":0.10593375038917513}},{"type":"Feature","geometry":{"type":"Polygon","coordinates":[[[77.5186,13.0484],[77.515,13.0465],[77.5078,13.0506],[77.5073,13.0453],[77.5184,13.0399],[77.5222,13.0459],[77.5186,13.0484]]]},"properties":{"objectid":106470,"statename":"Karnataka","statecode":"29","districtname":"Bengaluru Urban","districtcode":"572","ulbname":"Bruhat Bengaluru Mahanagara Palike","ulbcode":"803162","wardname":"Dasarahalli","wardcode":"15","id":null,"remark":"Approved","st_area(shape)":7.34008439997538e-05,"st_perimeter(shape)":0.043986027922885945}},{"type":"Feature","geometry":{"type":"Polygon","coordinates":[[[77.5283,13.0838],[77.5216,13.087],[77.5173,13.081],[77.5168,13.075],[77.508,13.0779],[77.5047,13.0814],[77.4986,13.0745],[77.508,13.0594],[77.5113,13.0588],[77.5142,13.0612],[77.5204,13.0592],[77.5186,13.0484],[77.5222,13.0459],[77.5239,13.0491],[77.5313,13.0544],[77.5354,13.0548],[77.5339,13.0599],[77.5351,13.0633],[77.5341,13.0658],[77.5299,13.0689],[77.5298,13.0719],[77.5316,13.0721],[77.531,13.0803],[77.5283,13.0838]]]},"properties":{"objectid":106471,"statename":"Karnataka","statecode":"29","districtname":"Bengaluru Urban","districtcode":"572","ulbname":"Bruhat Bengaluru Mahanagara Palike","ulbcode":"803162","wardname":"Shettihalli","wardcode":"12","id":null,"remark":"Approved","st_area(shape)":0.0007575906230002366,"st_perimeter(shape)":0.14796378315642417}},{"type":"Feature","geometry":{"type":"Polygon","coordinates":[[[77.6731,12.9482],[77.673,12.9465],[77.6855,12.9412],[77.688,12.9419],[77.6887,12.941],[77.6948,12.9451],[77.698,12.9448],[77.7011,12.9569],[77.7045,12.9568],[77.704,12.9601],[77.7011,12.9589],[77.7019,12.9652],[77.6932,12.961],[77.696,12.9588],[77.6938,12.9574],[77.694,12.9562],[77.6877,12.955],[77.6894,12.953],[77.6888,12.9494],[77.6731,12.9482]]]},"properties":{"objectid":106472,"statename":"Karnataka","statecode":"29","districtname":"Bengaluru Urban","districtcode":"572","ulbname":"Bruhat Bengaluru Mahanagara Palike","ulbcode":"803162","wardname":"Marathahalli","wardcode":"86","id":null,"remark":"Approved","st_area(shape)":0.00026116056049981987,"st_perimeter(shape)":0.10700801758406533}},{"type":"Feature","geometry":{"type":"Polygon","coordinates":[[[77.6102,13.0186],[77.6078,13.0195],[77.6076,13.0165],[77.6097,13.0139],[77.61,13.0097],[77.6132,13.0085],[77.6129,13.0175],[77.6102,13.0186]]]},"properties":{"objectid":106473,"statename":"Karnataka","statecode":"29","districtname":"Bengaluru Urban","districtcode":"572","ulbname":"Bruhat Bengaluru Mahanagara Palike","ulbcode":"803162","wardname":"Muneshwaranagar","wardcode":"48","id":null,"remark":"Approved","st_area(shape)":4.000284099993102e-05,"st_perimeter(shape)":0.03008412048487635}},{"type":"Feature","geometry":{"type":"Polygon","coordinates":[[[77.6193,12.9873],[77.6173,12.9886],[77.613,12.9829],[77.6156,12.982],[77.6139,12.9738],[77.6213,12.9727],[77.6285,12.9781],[77.6263,12.9787],[77.6245,12.9819],[77.6229,12.9818],[77.6225,12.9876],[77.6193,12.9873]]]},"properties":{"objectid":106474,"statename":"Karnataka","statecode":"29","districtname":"Bengaluru Urban","districtcode":"572","ulbname":"Bruhat Bengaluru Mahanagara Palike","ulbcode":"803162","wardname":"Halasuru","wardcode":"90","id":null,"remark":"Approved","st_area(shape)":0.00014048868100002853,"st_perimeter(shape)":0.05702833563908405}},{"type":"Feature","geometry":{"type":"Polygon","coordinates":[[[77.5628,13.0207],[77.5616,13.0287],[77.5638,13.0319],[77.5642,13.0347],[77.5632,13.0356],[77.565,13.0382],[77.5621,13.042],[77.5602,13.0394],[77.5573,13.0386],[77.5573,13.0348],[77.5599,13.031],[77.5584,13.0273],[77.5601,13.025],[77.5593,13.023],[77.5628,13.0207]]]},"properties":{"objectid":106475,"statename":"Karnataka","statecode":"29","districtname":"Bengaluru Urban","districtcode":"572","ulbname":"Bruhat Bengaluru Mahanagara Palike","ulbcode":"803162","wardname":"Mattikere","wardcode":"36","id":null,"remark":"Approved","st_area(shape)":7.918683199999235e-05,"st_perimeter(shape)":0.05639263381485849}},{"type":"Feature","geometry":{"type":"Polygon","coordinates":[[[77.5954,12.9285],[77.5925,12.9286],[77.5927,12.9362],[77.5878,12.9352],[77.5849,12.9366],[77.5838,12.9287],[77.5872,12.9286],[77.5897,12.9271],[77.5953,12.927],[77.5954,12.9285]]]},"properties":{"objectid":106476,"statename":"Karnataka","statecode":"29","districtname":"Bengaluru Urban","districtcode":"572","ulbname":"Bruhat Bengaluru Mahanagara Palike","ulbcode":"803162","wardname":"Byrasandra","wardcode":"169","id":null,"remark":"Approved","st_area(shape)":7.220452300017503e-05,"st_perimeter(shape)":0.04241927669645786}},{"type":"Feature","geometry":{"type":"Polygon","coordinates":[[[77.5367,12.9807],[77.5327,12.9814],[77.5314,12.9766],[77.5328,12.9759],[77.5324,12.9747],[77.5386,12.9729],[77.5422,12.9738],[77.5424,12.9769],[77.5406,12.9771],[77.5408,12.9789],[77.5367,12.9807]]]},"properties":{"objectid":106477,"statename":"Karnataka","statecode":"29","districtname":"Bengaluru Urban","districtcode":"572","ulbname":"Bruhat Bengaluru Mahanagara Palike","ulbcode":"803162","wardname":"Govindaraja Nagar","wardcode":"104","id":null,"remark":"Approved","st_area(shape)":6.399230749994709e-05,"st_perimeter(shape)":0.03438435256392464}},{"type":"Feature","geometry":{"type":"Polygon","coordinates":[[[77.5347,12.9643],[77.5265,12.9646],[77.5268,12.962],[77.5207,12.9618],[77.5193,12.9597],[77.525,12.9589],[77.5286,12.9569],[77.5264,12.9459],[77.5299,12.9512],[77.5359,12.9541],[77.5331,12.96],[77.5347,12.9643]]]},"properties":{"objectid":106478,"statename":"Karnataka","statecode":"29","districtname":"Bengaluru Urban","districtcode":"572","ulbname":"Bruhat Bengaluru Mahanagara Palike","ulbcode":"803162","wardname":"Attiguppe","wardcode":"132","id":null,"remark":"Approved","st_area(shape)":0.00011520766699995045,"st_perimeter(shape)":0.06624965612778289}},{"type":"Feature","geometry":{"type":"Polygon","coordinates":[[[77.5545,12.9581],[77.5484,12.9566],[77.5496,12.9547],[77.5491,12.9524],[77.5515,12.9522],[77.5547,12.9497],[77.555,12.9506],[77.5581,12.9502],[77.5557,12.9516],[77.5593,12.9569],[77.5592,12.9594],[77.5558,12.9584],[77.5553,12.9559],[77.5545,12.9581]]]},"properties":{"objectid":106479,"statename":"Karnataka","statecode":"29","districtname":"Bengaluru Urban","districtcode":"572","ulbname":"Bruhat Bengaluru Mahanagara Palike","ulbcode":"803162","wardname":"Azadnagar","wardcode":"141","id":null,"remark":"Approved","st_area(shape)":5.5944888999899864e-05,"st_perimeter(shape)":0.0430556528750671}},{"type":"Feature","geometry":{"type":"Polygon","coordinates":[[[77.5407,13.0024],[77.5366,13.0012],[77.5326,13.0053],[77.5333,13.0063],[77.5299,13.0057],[77.5278,12.9995],[77.5294,12.9978],[77.5322,12.9977],[77.5334,12.9953],[77.5398,12.9952],[77.5411,12.9993],[77.5407,13.0024]]]},"properties":{"objectid":107724,"statename":"Karnataka","statecode":"29","districtname":"Bengaluru Urban","districtcode":"572","ulbname":"Bruhat Bengaluru Mahanagara Palike","ulbcode":"803162","wardname":"Shankar Matt","wardcode":"75","id":null,"remark":"Approved","st_area(shape)":9.021619850014879e-05,"st_perimeter(shape)":0.046810165388377005}},{"type":"Feature","geometry":{"type":"Polygon","coordinates":[[[77.5903,13.0428],[77.5922,13.0482],[77.585,13.05],[77.5852,13.0524],[77.5819,13.0543],[77.5835,13.057],[77.5872,13.0555],[77.5889,13.0577],[77.5879,13.0579],[77.5871,13.0623],[77.5813,13.0667],[77.573,13.0608],[77.5643,13.0457],[77.5785,13.0476],[77.5853,13.0432],[77.5903,13.0428]]]},"properties":{"objectid":107725,"statename":"Karnataka","statecode":"29","districtname":"Bengaluru Urban","districtcode":"572","ulbname":"Bruhat Bengaluru Mahanagara Palike","ulbcode":"803162","wardname":"Kodigehalli","wardcode":"8","id":null,"remark":"Approve","st_area(shape)":0.0003197827959999055,"st_perimeter(shape)":0.09945638314299085}},{"type":"Feature","geometry":{"type":"Polygon","coordinates":[[[77.5962,13.0392],[77.5896,13.0402],[77.5862,13.0285],[77.5882,13.0287],[77.5885,13.0298],[77.5909,13.0296],[77.5906,13.0277],[77.5919,13.0289],[77.5958,13.0284],[77.5958,13.0323],[77.6019,13.0343],[77.6022,13.0351],[77.5971,13.0357],[77.5962,13.0392]]]},"properties":{"objectid":107726,"statename":"Karnataka","statecode":"29","districtname":"Bengaluru Urban","districtcode":"572","ulbname":"Bruhat Bengaluru Mahanagara Palike","ulbcode":"803162","wardname":"Hebbala","wardcode":"21","id":null,"remark":"Approved","st_area(shape)":0.00010230674449997814,"st_perimeter(shape)":0.05637781774506532}},{"type":"Feature","geometry":{"type":"Polygon","coordinates":[[[77.5207,12.9618],[77.5205,12.9637],[77.5175,12.9637],[77.5178,12.962],[77.5161,12.9618],[77.5146,12.9577],[77.5118,12.9592],[77.5119,12.9494],[77.5151,12.9507],[77.518,12.955],[77.5195,12.9545],[77.5219,12.9492],[77.5245,12.9493],[77.5241,12.9521],[77.5273,12.9527],[77.5286,12.9569],[77.525,12.9589],[77.5194,12.9596],[77.5207,12.9618]]]},"properties":{"objectid":107727,"statename":"Karnataka","statecode":"29","districtname":"Bengaluru Urban","districtcode":"572","ulbname":"Bruhat Bengaluru Mahanagara Palike","ulbcode":"803162","wardname":"Nagarabhavi","wardcode":"128","id":null,"remark":"Approved","st_area(shape)":0.00013223915600003985,"st_perimeter(shape)":0.07178289100711559}},{"type":"Feature","geometry":{"type":"Polygon","coordinates":[[[77.58,13.0265],[77.5713,13.0285],[77.5682,13.0345],[77.565,13.0382],[77.5639,13.038],[77.5639,13.032],[77.5616,13.0287],[77.5632,13.0216],[77.5606,13.0171],[77.5691,13.012],[77.5692,13.0055],[77.5736,13.0054],[77.5716,13.0084],[77.5763,13.0077],[77.5839,13.0033],[77.5844,12.9978],[77.5897,12.9954],[77.5962,12.9947],[77.5927,13.0067],[77.5879,13.0137],[77.584,13.0145],[77.5846,13.0229],[77.58,13.0265]]]},"properties":{"objectid":107728,"statename":"Karnataka","statecode":"29","districtname":"Bengaluru Urban","districtcode":"572","ulbname":"Bruhat Bengaluru Mahanagara Palike","ulbcode":"803162","wardname":"Aramane Nagara","wardcode":"35","id":null,"remark":"Approved","st_area(shape)":0.000621729186500059,"st_perimeter(shape)":0.14379057879323687}},{"type":"Feature","geometry":{"type":"Polygon","coordinates":[[[77.6098,12.9927],[77.6074,12.9936],[77.6071,12.9904],[77.6029,12.99],[77.6017,12.9847],[77.6056,12.9854],[77.6062,12.9868],[77.6083,12.9864],[77.6098,12.9927]]]},"properties":{"objectid":107729,"statename":"Karnataka","statecode":"29","districtname":"Bengaluru Urban","districtcode":"572","ulbname":"Bruhat Bengaluru Mahanagara Palike","ulbcode":"803162","wardname":"Shivajinagar","wardcode":"92","id":null,"remark":"Approved","st_area(shape)":3.550264099996652e-05,"st_perimeter(shape)":0.03226083621946378}},{"type":"Feature","geometry":{"type":"Polygon","coordinates":[[[77.5285,12.9728],[77.5278,12.9704],[77.5362,12.9675],[77.5386,12.9729],[77.5324,12.9747],[77.5328,12.9759],[77.529,12.9763],[77.5285,12.9728]]]},"properties":{"objectid":107730,"statename":"Karnataka","statecode":"29","districtname":"Bengaluru Urban","districtcode":"572","ulbname":"Bruhat Bengaluru Mahanagara Palike","ulbcode":"803162","wardname":"Marenahalli","wardcode":"125","id":null,"remark":"Approved","st_area(shape)":5.7347256500053305e-05,"st_perimeter(shape)":0.03396964950211159}},{"type":"Feature","geometry":{"type":"Polygon","coordinates":[[[77.5381,13.02],[77.5326,13.022],[77.5307,13.0148],[77.5276,13.0105],[77.5304,13.0086],[77.5299,13.0057],[77.5316,13.0055],[77.5346,13.0077],[77.5379,13.0067],[77.5377,13.0092],[77.5367,13.0093],[77.5389,13.01],[77.5402,13.0123],[77.5386,13.0115],[77.5374,13.0124],[77.5396,13.0174],[77.5371,13.0176],[77.5381,13.02]]]},"properties":{"objectid":107731,"statename":"Karnataka","statecode":"29","districtname":"Bengaluru Urban","districtcode":"572","ulbname":"Bruhat Bengaluru Mahanagara Palike","ulbcode":"803162","wardname":"Nandini Layout","wardcode":"43","id":null,"remark":"Approved","st_area(shape)":0.00011774774799997951,"st_perimeter(shape)":0.059412859205354426}},{"type":"Feature","geometry":{"type":"Polygon","coordinates":[[[77.6086,12.9249],[77.6049,12.9252],[77.6049,12.928],[77.603,12.9278],[77.6005,12.9266],[77.6002,12.9209],[77.6039,12.9214],[77.6053,12.9166],[77.6073,12.9166],[77.6086,12.9249]]]},"properties":{"objectid":107732,"statename":"Karnataka","statecode":"29","districtname":"Bengaluru Urban","districtcode":"572","ulbname":"Bruhat Bengaluru Mahanagara Palike","ulbcode":"803162","wardname":"Gurappanapalya","wardcode":"171","id":null,"remark":"Approve","st_area(shape)":5.666081700011424e-05,"st_perimeter(shape)":0.03939868402540672}},{"type":"Feature","geometry":{"type":"Polygon","coordinates":[[[77.5596,12.8942],[77.5612,12.8993],[77.5601,12.9005],[77.5702,12.9087],[77.5634,12.9194],[77.559,12.9136],[77.558,12.9078],[77.5595,12.9066],[77.5568,12.9044],[77.5549,12.8964],[77.5596,12.8942]]]},"properties":{"objectid":107733,"statename":"Karnataka","statecode":"29","districtname":"Bengaluru Urban","districtcode":"572","ulbname":"Bruhat Bengaluru Mahanagara Palike","ulbcode":"803162","wardname":"Kumaraswamy Layout","wardcode":"181","id":null,"remark":"Approved","st_area(shape)":0.00015470947950020929,"st_perimeter(shape)":0.06758101605454005}},{"type":"Feature","geometry":{"type":"Polygon","coordinates":[[[77.5618,12.9647],[77.5599,12.9665],[77.5588,12.9648],[77.5546,12.9674],[77.5552,12.9691],[77.5501,12.9664],[77.5566,12.964],[77.5554,12.963],[77.5571,12.9606],[77.5618,12.9647]]]},"properties":{"objectid":107734,"statename":"Karnataka","statecode":"29","districtname":"Bengaluru Urban","districtcode":"572","ulbname":"Bruhat Bengaluru Mahanagara Palike","ulbcode":"803162","wardname":"Rayapuram","wardcode":"137","id":null,"remark":"Approved","st_area(shape)":3.700966299999236e-05,"st_perimeter(shape)":0.03776930295556374}},{"type":"Feature","geometry":{"type":"Polygon","coordinates":[[[77.6372,12.9927],[77.6261,12.9953],[77.6202,13.0],[77.6167,12.9957],[77.6193,12.9917],[77.6193,12.9873],[77.6225,12.9875],[77.6231,12.9817],[77.637,12.9828],[77.6483,12.9871],[77.6471,12.9908],[77.6372,12.9927]]]},"properties":{"objectid":107735,"statename":"Karnataka","statecode":"29","districtname":"Bengaluru Urban","districtcode":"572","ulbname":"Bruhat Bengaluru Mahanagara Palike","ulbcode":"803162","wardname":"Sarvagnanagara","wardcode":"79","id":null,"remark":"Approved","st_area(shape)":0.0003037788184998066,"st_perimeter(shape)":0.0842752547536332}},{"type":"Feature","geometry":{"type":"Polygon","coordinates":[[[77.5057,12.9897],[77.4957,12.9882],[77.4931,12.9808],[77.493,12.9705],[77.4988,12.9695],[77.4967,12.9677],[77.4968,12.9645],[77.4952,12.9624],[77.4861,12.9631],[77.4851,12.9564],[77.4856,12.9532],[77.4847,12.9516],[77.4903,12.9475],[77.4996,12.9464],[77.4999,12.9434],[77.4972,12.94],[77.4994,12.9384],[77.4999,12.9355],[77.4986,12.9308],[77.4991,12.9252],[77.5106,12.9345],[77.5139,12.9358],[77.5128,12.9382],[77.5171,12.9443],[77.5111,12.9502],[77.5123,12.9548],[77.5118,12.9592],[77.5145,12.9577],[77.5155,12.9596],[77.5114,12.9611],[77.5044,12.9605],[77.5049,12.9661],[77.51,12.9766],[77.5108,12.9848],[77.5122,12.988],[77.5057,12.9897]]]},"properties":{"objectid":107736,"statename":"Karnataka","statecode":"29","districtname":"Bengaluru Urban","districtcode":"572","ulbname":"Bruhat Bengaluru Mahanagara Palike","ulbcode":"803162","wardname":"Jnana Bharathi Ward","wardcode":"129","id":null,"remark":"Approved","st_area(shape)":0.0010183023379998603,"st_perimeter(shape)":0.21403594349581592}},{"type":"Feature","geometry":{"type":"Polygon","coordinates":[[[77.5857,12.9106],[77.5729,12.9115],[77.5733,12.9065],[77.5755,12.9065],[77.577,12.9039],[77.5769,12.9055],[77.5817,12.9038],[77.5817,12.9056],[77.5858,12.9046],[77.5865,12.9057],[77.5934,12.9053],[77.5933,12.9102],[77.5857,12.9106]]]},"properties":{"objectid":107737,"statename":"Karnataka","statecode":"29","districtname":"Bengaluru Urban","districtcode":"572","ulbname":"Bruhat Bengaluru Mahanagara Palike","ulbcode":"803162","wardname":"Sarakki","wardcode":"178","id":null,"remark":"Approved","st_area(shape)":0.00011055898899971113,"st_perimeter(shape)":0.0614146546216797}},{"type":"Feature","geometry":{"type":"Polygon","coordinates":[[[77.5282,12.9719],[77.5249,12.9707],[77.5233,12.9656],[77.5234,12.9618],[77.5268,12.962],[77.5265,12.9646],[77.5347,12.9643],[77.5362,12.9675],[77.5306,12.9687],[77.5308,12.9697],[77.5278,12.9704],[77.5282,12.9719]]]},"properties":{"objectid":107738,"statename":"Karnataka","statecode":"29","districtname":"Bengaluru Urban","districtcode":"572","ulbname":"Bruhat Bengaluru Mahanagara Palike","ulbcode":"803162","wardname":"Maruthi Mandir Ward","wardcode":"126","id":null,"remark":"Approved","st_area(shape)":6.57120260000998e-05,"st_perimeter(shape)":0.04373550867227911}},{"type":"Feature","geometry":{"type":"Polygon","coordinates":[[[77.568,12.9682],[77.5678,12.967],[77.5655,12.9667],[77.5644,12.9684],[77.5591,12.9613],[77.5683,12.9637],[77.568,12.9682]]]},"properties":{"objectid":107739,"statename":"Karnataka","statecode":"29","districtname":"Bengaluru Urban","districtcode":"572","ulbname":"Bruhat Bengaluru Mahanagara Palike","ulbcode":"803162","wardname":"Chalavadi Palya","wardcode":"138","id":null,"remark":"Approved","st_area(shape)":3.224209249999369e-05,"st_perimeter(shape)":0.029590033720814896}},{"type":"Feature","geometry":{"type":"Polygon","coordinates":[[[77.565,13.0977],[77.5593,13.0999],[77.5585,13.0895],[77.5623,13.0866],[77.5601,13.0843],[77.558,13.085],[77.5561,13.0811],[77.5534,13.082],[77.5516,13.0773],[77.5534,13.076],[77.5513,13.0714],[77.5552,13.0698],[77.5569,13.0726],[77.5586,13.0704],[77.558,13.0689],[77.5636,13.0688],[77.5657,13.0645],[77.5682,13.0629],[77.5654,13.0615],[77.5656,13.0589],[77.5617,13.0631],[77.5593,13.0589],[77.5634,13.0588],[77.5692,13.0546],[77.573,13.0608],[77.5869,13.0705],[77.59,13.0761],[77.5828,13.0783],[77.5845,13.0837],[77.5791,13.0852],[77.5801,13.0878],[77.569,13.0893],[77.5698,13.0972],[77.565,13.0977]]]},"properties":{"objectid":108986,"statename":"Karnataka","statecode":"29","districtname":"Bengaluru Urban","districtcode":"572","ulbname":"Bruhat Bengaluru Mahanagara Palike","ulbcode":"803162","wardname":"Vidyaranyapura","wardcode":"9","id":null,"remark":"Approve","st_area(shape)":0.0008323468500000669,"st_perimeter(shape)":0.18180445927175018}},{"type":"Feature","geometry":{"type":"Polygon","coordinates":[[[77.6103,13.0382],[77.6071,13.0409],[77.5974,13.0412],[77.5962,13.0392],[77.5971,13.0357],[77.6063,13.034],[77.6065,13.0328],[77.6048,13.0322],[77.6001,13.0327],[77.5996,13.028],[77.6064,13.0268],[77.6103,13.0382]]]},"properties":{"objectid":108987,"statename":"Karnataka","statecode":"29","districtname":"Bengaluru Urban","districtcode":"572","ulbname":"Bruhat Bengaluru Mahanagara Palike","ulbcode":"803162","wardname":"Vishwanath Nagenahalli","wardcode":"22","id":null,"remark":"Approved","st_area(shape)":0.00012353547250007073,"st_perimeter(shape)":0.06323404751276003}},{"type":"Feature","geometry":{"type":"Polygon","coordinates":[[[77.5849,12.9366],[77.5801,12.9368],[77.5777,12.9406],[77.5738,12.9406],[77.5738,12.9348],[77.5717,12.935],[77.5715,12.9334],[77.5681,12.9337],[77.5667,12.93],[77.575,12.9292],[77.5762,12.9309],[77.5796,12.9308],[77.5796,12.9331],[77.5848,12.9329],[77.5849,12.9366]]]},"properties":{"objectid":108988,"statename":"Karnataka","statecode":"29","districtname":"Bengaluru Urban","districtcode":"572","ulbname":"Bruhat Bengaluru Mahanagara Palike","ulbcode":"803162","wardname":"Yediyur","wardcode":"167","id":null,"remark":"Approved","st_area(shape)":0.0001020634789999997,"st_perimeter(shape)":0.056737440194108264}},{"type":"Feature","geometry":{"type":"Polygon","coordinates":[[[77.5628,13.0207],[77.5593,13.023],[77.5601,13.025],[77.5584,13.0273],[77.5556,13.0199],[77.5539,13.0192],[77.5586,13.0121],[77.5607,13.0058],[77.5693,13.0055],[77.5691,13.012],[77.5606,13.0171],[77.5628,13.0207]]]},"properties":{"objectid":108989,"statename":"Karnataka","statecode":"29","districtname":"Bengaluru Urban","districtcode":"572","ulbname":"Bruhat Bengaluru Mahanagara Palike","ulbcode":"803162","wardname":"Malleswaram","wardcode":"45","id":null,"remark":"Approved","st_area(shape)":0.00014617718549996824,"st_perimeter(shape)":0.06581317119697726}},{"type":"Feature","geometry":{"type":"Polygon","coordinates":[[[77.5531,12.9982],[77.5453,12.9975],[77.5411,12.9993],[77.5404,12.9969],[77.5458,12.9945],[77.5457,12.9934],[77.5511,12.9935],[77.5507,12.9901],[77.5561,12.99],[77.5578,12.991],[77.5531,12.9982]]]},"properties":{"objectid":108990,"statename":"Karnataka","statecode":"29","districtname":"Bengaluru Urban","districtcode":"572","ulbname":"Bruhat Bengaluru Mahanagara Palike","ulbcode":"803162","wardname":"Rajajinagar","wardcode":"99","id":null,"remark":"Approved","st_area(shape)":7.151897199997404e-05,"st_perimeter(shape)":0.048155999065724965}},{"type":"Feature","geometry":{"type":"Polygon","coordinates":[[[77.5746,12.8391],[77.582,12.8601],[77.5721,12.8608],[77.5724,12.866],[77.5695,12.8665],[77.571,12.8773],[77.5742,12.876],[77.5773,12.8769],[77.5757,12.8819],[77.5699,12.8837],[77.5704,12.8853],[77.5669,12.8856],[77.5661,12.8826],[77.5631,12.8831],[77.5627,12.882],[77.5661,12.8804],[77.566,12.8791],[77.5677,12.8792],[77.5673,12.8766],[77.5629,12.8775],[77.5607,12.8753],[77.5556,12.8759],[77.5547,12.8771],[77.5511,12.8766],[77.5512,12.8735],[77.5498,12.8713],[77.5506,12.868],[77.5485,12.8668],[77.5486,12.8642],[77.5452,12.8594],[77.5467,12.8555],[77.5452,12.849],[77.5532,12.8489],[77.5568,12.845],[77.5572,12.8418],[77.5628,12.8398],[77.5746,12.8391]]]},"properties":{"objectid":108991,"statename":"Karnataka","statecode":"29","districtname":"Bengaluru Urban","districtcode":"572","ulbname":"Bruhat Bengaluru Mahanagara Palike","ulbcode":"803162","wardname":"Anjanapura","wardcode":"196","id":null,"remark":"Approved","st_area(shape)":0.0010046892100003663,"st_perimeter(shape)":0.1811540504967229}},{"type":"Feature","geometry":{"type":"Polygon","coordinates":[[[77.5317,12.9926],[77.5239,12.9957],[77.5203,12.9869],[77.5237,12.985],[77.5264,12.9859],[77.5287,12.9838],[77.5317,12.9926]]]},"properties":{"objectid":108992,"statename":"Karnataka","statecode":"29","districtname":"Bengaluru Urban","districtcode":"572","ulbname":"Bruhat Bengaluru Mahanagara Palike","ulbcode":"803162","wardname":"Vrisabhavathi","wardcode":"102","id":null,"remark":"Approved","st_area(shape)":8.275090699996604e-05,"st_perimeter(shape)":0.03874304211513919}},{"type":"Feature","geometry":{"type":"Polygon","coordinates":[[[77.6127,13.0214],[77.6102,13.0186],[77.6129,13.0175],[77.6139,13.0082],[77.6148,13.0096],[77.6158,13.0091],[77.6153,13.0108],[77.619,13.0213],[77.6138,13.0202],[77.6127,13.0214]]]},"properties":{"objectid":108993,"statename":"Karnataka","statecode":"29","districtname":"Bengaluru Urban","districtcode":"572","ulbname":"Bruhat Bengaluru Mahanagara Palike","ulbcode":"803162","wardname":"Kushal Nagara","wardcode":"31","id":null,"remark":"Approved","st_area(shape)":5.365132050003036e-05,"st_perimeter(shape)":0.04172999254708818}},{"type":"Feature","geometry":{"type":"Polygon","coordinates":[[[77.6209,13.0098],[77.6193,13.009],[77.6162,13.0103],[77.6158,13.0091],[77.6132,13.0085],[77.6121,13.0017],[77.6164,13.002],[77.6202,13.0002],[77.6207,13.0026],[77.6195,13.0036],[77.6226,13.0083],[77.6209,13.0098]]]},"properties":{"objectid":108994,"statename":"Karnataka","statecode":"29","districtname":"Bengaluru Urban","districtcode":"572","ulbname":"Bruhat Bengaluru Mahanagara Palike","ulbcode":"803162","wardname":"Sagayapuram","wardcode":"60","id":null,"remark":"Approved","st_area(shape)":6.409261250007191e-05,"st_perimeter(shape)":0.038262147426136234}},{"type":"Feature","geometry":{"type":"Polygon","coordinates":[[[77.5782,13.0299],[77.5754,13.0347],[77.5717,13.0351],[77.5721,13.0402],[77.5732,13.0426],[77.5754,13.0432],[77.5744,13.0442],[77.5759,13.0474],[77.5645,13.0458],[77.5621,13.042],[77.5699,13.0323],[77.5713,13.0285],[77.58,13.0265],[77.5782,13.0299]]]},"properties":{"objectid":108995,"statename":"Karnataka","statecode":"29","districtname":"Bengaluru Urban","districtcode":"572","ulbname":"Bruhat Bengaluru Mahanagara Palike","ulbcode":"803162","wardname":"Radhakrishna Temple Ward","wardcode":"18","id":null,"remark":"Approved","st_area(shape)":0.0001622356415001599,"st_perimeter(shape)":0.07314067460983575}},{"type":"Feature","geometry":{"type":"Polygon","coordinates":[[[77.5627,12.9756],[77.5603,12.9767],[77.5593,12.9799],[77.5545,12.9756],[77.5587,12.9758],[77.5571,12.9695],[77.5552,12.9691],[77.5546,12.9674],[77.5588,12.9648],[77.5598,12.9665],[77.5618,12.9647],[77.5644,12.9684],[77.5621,12.9672],[77.5603,12.9685],[77.5609,12.9721],[77.5626,12.9723],[77.5627,12.9756]]]},"properties":{"objectid":108996,"statename":"Karnataka","statecode":"29","districtname":"Bengaluru Urban","districtcode":"572","ulbname":"Bruhat Bengaluru Mahanagara Palike","ulbcode":"803162","wardname":"Binnypet","wardcode":"121","id":null,"remark":"Approved","st_area(shape)":6.436635300016354e-05,"st_perimeter(shape)":0.05751437441851542}},{"type":"Feature","geometry":{"type":"Polygon","coordinates":[[[77.5569,13.0438],[77.5545,13.0487],[77.5467,13.0568],[77.5447,13.055],[77.5313,13.0544],[77.5239,13.0491],[77.5222,13.0459],[77.5407,13.0325],[77.542,13.0384],[77.5448,13.041],[77.5569,13.0438]]]},"properties":{"objectid":108997,"statename":"Karnataka","statecode":"29","districtname":"Bengaluru Urban","districtcode":"572","ulbname":"Bruhat Bengaluru Mahanagara Palike","ulbcode":"803162","wardname":"Jalahalli","wardcode":"16","id":null,"remark":"Approved","st_area(shape)":0.0004294193999998947,"st_perimeter(shape)":0.09169772928704532}},{"type":"Feature","geometry":{"type":"Polygon","coordinates":[[[77.6692,12.9753],[77.67,12.9793],[77.671,12.9793],[77.6689,12.9806],[77.6691,12.9821],[77.6604,12.9841],[77.6587,12.9832],[77.6583,12.9813],[77.6531,12.9791],[77.648,12.987],[77.645,12.9858],[77.6477,12.9688],[77.6587,12.9672],[77.6573,12.9683],[77.6586,12.9715],[77.6661,12.9715],[77.6665,12.9754],[77.6692,12.9753]]]},"properties":{"objectid":108998,"statename":"Karnataka","statecode":"29","districtname":"Bengaluru Urban","districtcode":"572","ulbname":"Bruhat Bengaluru Mahanagara Palike","ulbcode":"803162","wardname":"New Tippasandara","wardcode":"58","id":null,"remark":"Approved","st_area(shape)":0.00027973319199988116,"st_perimeter(shape)":0.09386299414513288}},{"type":"Feature","geometry":{"type":"Polygon","coordinates":[[[77.5197,13.0285],[77.5146,13.0265],[77.5154,13.0309],[77.5105,13.032],[77.5102,13.03],[77.5037,13.0316],[77.4963,13.0282],[77.4935,13.0212],[77.4956,13.0183],[77.4977,13.0177],[77.4998,13.0124],[77.4975,13.0094],[77.502,13.0073],[77.5024,13.0096],[77.5062,13.0099],[77.5114,13.0162],[77.5145,13.0153],[77.5164,13.013],[77.5228,13.0125],[77.5219,13.0183],[77.5268,13.0215],[77.5217,13.0237],[77.5197,13.0285]]]},"properties":{"objectid":108999,"statename":"Karnataka","statecode":"29","districtname":"Bengaluru Urban","districtcode":"572","ulbname":"Bruhat Bengaluru Mahanagara Palike","ulbcode":"803162","wardname":"Peenya Industrial Area","wardcode":"41","id":null,"remark":"Approved","st_area(shape)":0.00046617182500013595,"st_perimeter(shape)":0.11088654949294294}},{"type":"Feature","geometry":{"type":"Polygon","coordinates":[[[77.6123,12.9344],[77.617,12.9364],[77.6185,12.941],[77.6173,12.9411],[77.6175,12.9436],[77.6187,12.9435],[77.6193,12.9474],[77.6171,12.9492],[77.6059,12.9497],[77.6123,12.9344]]]},"properties":{"objectid":109000,"statename":"Karnataka","statecode":"29","districtname":"Bengaluru Urban","districtcode":"572","ulbname":"Bruhat Bengaluru Mahanagara Palike","ulbcode":"803162","wardname":"Adugodi","wardcode":"147","id":null,"remark":"Approved","st_area(shape)":0.00013232334000011492,"st_perimeter(shape)":0.050653383397398256}},{"type":"Feature","geometry":{"type":"Polygon","coordinates":[[[77.6837,12.9964],[77.6812,13.0003],[77.6767,13.0003],[77.6775,13.0008],[77.6696,13.0],[77.6628,12.9968],[77.6683,12.9902],[77.668,12.9856],[77.676,12.9875],[77.6755,12.9912],[77.6771,12.9951],[77.683,12.995],[77.6837,12.9964]]]},"properties":{"objectid":109001,"statename":"Karnataka","statecode":"29","districtname":"Bengaluru Urban","districtcode":"572","ulbname":"Bruhat Bengaluru Mahanagara Palike","ulbcode":"803162","wardname":"A Narayanapura","wardcode":"56","id":null,"remark":"Approved","st_area(shape)":0.0001783262504998458,"st_perimeter(shape)":0.06698761779277264}},{"type":"Feature","geometry":{"type":"Polygon","coordinates":[[[77.5927,13.015],[77.5914,13.0159],[77.5929,13.0249],[77.5905,13.0238],[77.5904,13.0226],[77.588,13.0239],[77.5869,13.0226],[77.5847,13.0233],[77.584,13.0145],[77.5879,13.0137],[77.5906,13.0099],[77.5942,13.0119],[77.5927,13.015]]]},"properties":{"objectid":109002,"statename":"Karnataka","statecode":"29","districtname":"Bengaluru Urban","districtcode":"572","ulbname":"Bruhat Bengaluru Mahanagara Palike","ulbcode":"803162","wardname":"Gangenahalli","wardcode":"34","id":null,"remark":"Approved","st_area(shape)":9.102903749991277e-05,"st_perimeter(shape)":0.04954493897479795}},{"type":"Feature","geometry":{"type":"Polygon","coordinates":[[[77.6394,13.014],[77.6358,13.0145],[77.6354,13.0128],[77.6324,13.013],[77.6318,13.0046],[77.6304,13.0015],[77.6346,13.0026],[77.6418,13.0082],[77.6419,13.0117],[77.6395,13.0115],[77.6394,13.014]]]},"properties":{"objectid":109003,"statename":"Karnataka","statecode":"29","districtname":"Bengaluru Urban","districtcode":"572","ulbname":"Bruhat Bengaluru Mahanagara Palike","ulbcode":"803162","wardname":"Kammanahalli","wardcode":"28","id":null,"remark":"Approved","st_area(shape)":8.608884100012802e-05,"st_perimeter(shape)":0.043497257483169356}},{"type":"Feature","geometry":{"type":"Polygon","coordinates":[[[77.5685,12.9968],[77.5661,12.9966],[77.5684,12.9934],[77.5682,12.9825],[77.5646,12.9819],[77.5644,12.9804],[77.5644,12.9759],[77.5661,12.9743],[77.5677,12.9688],[77.571,12.9759],[77.57,12.9814],[77.5723,12.9859],[77.5715,12.9934],[77.5696,12.9933],[77.5685,12.9968]]]},"properties":{"objectid":109004,"statename":"Karnataka","statecode":"29","districtname":"Bengaluru Urban","districtcode":"572","ulbname":"Bruhat Bengaluru Mahanagara Palike","ulbcode":"803162","wardname":"Subhashnagar","wardcode":"95","id":null,"remark":"Approved","st_area(shape)":0.0001070161559999202,"st_perimeter(shape)":0.06950963252661758}},{"type":"Feature","geometry":{"type":"Polygon","coordinates":[[[77.6623,13.0124],[77.6617,13.0164],[77.6399,13.0257],[77.6395,13.0115],[77.6419,13.0118],[77.6418,13.0083],[77.638,13.0055],[77.6455,13.0064],[77.6467,13.0081],[77.6529,13.0059],[77.6575,13.0101],[77.6623,13.0124]]]},"properties":{"objectid":109005,"statename":"Karnataka","statecode":"29","districtname":"Bengaluru Urban","districtcode":"572","ulbname":"Bruhat Bengaluru Mahanagara Palike","ulbcode":"803162","wardname":"Banasavadi","wardcode":"27","id":null,"remark":"Approved","st_area(shape)":0.0002855668745000702,"st_perimeter(shape)":0.08257876922387941}},{"type":"Feature","geometry":{"type":"Polygon","coordinates":[[[77.7061,12.9993],[77.7072,13.0043],[77.7182,13.0045],[77.7192,13.01],[77.7209,13.0117],[77.728,13.0121],[77.7299,13.0199],[77.7254,13.0267],[77.7254,13.0327],[77.7239,13.0364],[77.7133,13.0323],[77.711,13.029],[77.7144,13.0204],[77.7118,13.0182],[77.7107,13.0143],[77.7026,13.0134],[77.7025,13.0103],[77.6957,13.0083],[77.7,13.0062],[77.699,12.9998],[77.7061,12.9993]]]},"properties":{"objectid":109006,"statename":"Karnataka","statecode":"29","districtname":"Bengaluru Urban","districtcode":"572","ulbname":"Bruhat Bengaluru Mahanagara Palike","ulbcode":"803162","wardname":"Basavanapura","wardcode":"53","id":null,"remark":"Approved","st_area(shape)":0.0005357974334999923,"st_perimeter(shape)":0.130300912844817}},{"type":"Feature","geometry":{"type":"Polygon","coordinates":[[[77.6318,13.0046],[77.6227,13.0083],[77.6195,13.0036],[77.6207,13.0026],[77.6201,13.0001],[77.6261,12.9953],[77.637,12.9927],[77.638,12.9955],[77.6426,12.996],[77.6385,13.0027],[77.6362,13.0039],[77.6304,13.0015],[77.6318,13.0046]]]},"properties":{"objectid":109007,"statename":"Karnataka","statecode":"29","districtname":"Bengaluru Urban","districtcode":"572","ulbname":"Bruhat Bengaluru Mahanagara Palike","ulbcode":"803162","wardname":"Maruthi Seva Nagar","wardcode":"59","id":null,"remark":"Approved","st_area(shape)":0.00019766464899989255,"st_perimeter(shape)":0.0693337492221484}},{"type":"Feature","geometry":{"type":"Polygon","coordinates":[[[77.5278,12.9997],[77.521,13.0036],[77.5179,13.0022],[77.5194,12.9992],[77.5183,12.9974],[77.5149,13.0006],[77.5133,13.0001],[77.5127,12.998],[77.506,12.9989],[77.504,12.9952],[77.5048,12.9912],[77.5062,12.9894],[77.5122,12.988],[77.5108,12.9848],[77.51,12.9766],[77.5049,12.9661],[77.5044,12.9605],[77.5114,12.9611],[77.5155,12.9596],[77.5161,12.9618],[77.5178,12.962],[77.5185,12.9707],[77.5175,12.9738],[77.5196,12.9796],[77.5184,12.9825],[77.5217,12.992],[77.525,12.9977],[77.5278,12.9997]]]},"properties":{"objectid":109008,"statename":"Karnataka","statecode":"29","districtname":"Bengaluru Urban","districtcode":"572","ulbname":"Bruhat Bengaluru Mahanagara Palike","ulbcode":"803162","wardname":"Kottegepalya","wardcode":"73","id":null,"remark":"Approved","st_area(shape)":0.0004879482564998499,"st_perimeter(shape)":0.14793561074104497}},{"type":"Feature","geometry":{"type":"Polygon","coordinates":[[[77.5796,12.9308],[77.5762,12.9309],[77.575,12.9292],[77.5711,12.9298],[77.5707,12.9265],[77.5695,12.9265],[77.5705,12.9253],[77.5687,12.918],[77.5696,12.9155],[77.5736,12.9169],[77.5736,12.9236],[77.5797,12.9234],[77.5796,12.9308]]]},"properties":{"objectid":109009,"statename":"Karnataka","statecode":"29","districtname":"Bengaluru Urban","districtcode":"572","ulbname":"Bruhat Bengaluru Mahanagara Palike","ulbcode":"803162","wardname":"Karisandra","wardcode":"166","id":null,"remark":"Approved","st_area(shape)":9.208889850001306e-05,"st_perimeter(shape)":0.05218276283103095}},{"type":"Feature","geometry":{"type":"Polygon","coordinates":[[[77.6381,12.8851],[77.6372,12.8799],[77.6409,12.8743],[77.6408,12.8698],[77.6466,12.8702],[77.6483,12.8724],[77.6517,12.8723],[77.6538,12.8696],[77.6579,12.8691],[77.6587,12.8719],[77.6667,12.8661],[77.6726,12.8683],[77.6754,12.8725],[77.672,12.8808],[77.6744,12.8804],[77.6748,12.8842],[77.6719,12.8847],[77.6733,12.8929],[77.6607,12.8947],[77.6564,12.8937],[77.6525,12.8945],[77.6487,12.8898],[77.6438,12.8906],[77.6435,12.8882],[77.6381,12.8851]]]},"properties":{"objectid":109010,"statename":"Karnataka","statecode":"29","districtname":"Bengaluru Urban","districtcode":"572","ulbname":"Bruhat Bengaluru Mahanagara Palike","ulbcode":"803162","wardname":"Singasandra","wardcode":"191","id":null,"remark":"Approved","st_area(shape)":0.0007862500125002437,"st_perimeter(shape)":0.13320919259096656}},{"type":"Feature","geometry":{"type":"Polygon","coordinates":[[[77.666,12.9715],[77.6617,12.972],[77.6577,12.9708],[77.6573,12.9683],[77.662,12.9663],[77.6605,12.965],[77.6618,12.9628],[77.66,12.9617],[77.6597,12.9593],[77.6636,12.9589],[77.6634,12.9558],[77.6609,12.9556],[77.6624,12.9543],[77.6611,12.9543],[77.661,12.9529],[77.6526,12.9525],[77.6494,12.9493],[77.6494,12.9474],[77.66,12.9476],[77.6626,12.9466],[77.6627,12.9445],[77.6641,12.9445],[77.6647,12.9459],[77.6709,12.9471],[77.6709,12.9481],[77.689,12.9496],[77.6894,12.9531],[77.6877,12.955],[77.6899,12.9556],[77.6895,12.9621],[77.6816,12.9617],[77.6822,12.9641],[77.6785,12.9651],[77.6736,12.9646],[77.6735,12.9673],[77.67,12.9677],[77.6703,12.9651],[77.6669,12.9663],[77.6666,12.9653],[77.6655,12.9662],[77.666,12.9715]]]},"properties":{"objectid":109011,"statename":"Karnataka","statecode":"29","districtname":"Bengaluru Urban","districtcode":"572","ulbname":"Bruhat Bengaluru Mahanagara Palike","ulbcode":"803162","wardname":"Hal Airport Ward","wardcode":"87","id":null,"remark":"Approved","st_area(shape)":0.0005674889805000697,"st_perimeter(shape)":0.1615934152297703}},{"type":"Feature","geometry":{"type":"Polygon","coordinates":[[[77.5946,12.9622],[77.59,12.9628],[77.5868,12.9656],[77.5822,12.9578],[77.5777,12.9588],[77.5774,12.9563],[77.5854,12.954],[77.5868,12.9591],[77.5912,12.9577],[77.5923,12.9561],[77.5946,12.9622]]]},"properties":{"objectid":109012,"statename":"Karnataka","statecode":"29","districtname":"Bengaluru Urban","districtcode":"572","ulbname":"Bruhat Bengaluru Mahanagara Palike","ulbcode":"803162","wardname":"Sudham Nagar","wardcode":"118","id":null,"remark":"Approved","st_area(shape)":8.373767599996182e-05,"st_perimeter(shape)":0.052494871589087895}},{"type":"Feature","geometry":{"type":"Polygon","coordinates":[[[77.5516,12.9699],[77.5545,12.9756],[77.5505,12.9737],[77.5484,12.9751],[77.5378,12.9721],[77.5473,12.969],[77.5487,12.9695],[77.5494,12.9682],[77.5516,12.9699]]]},"properties":{"objectid":109013,"statename":"Karnataka","statecode":"29","districtname":"Bengaluru Urban","districtcode":"572","ulbname":"Bruhat Bengaluru Mahanagara Palike","ulbcode":"803162","wardname":"Vijayanagara","wardcode":"123","id":null,"remark":"Approved","st_area(shape)":6.068862300003183e-05,"st_perimeter(shape)":0.04173419708107491}},{"type":"Feature","geometry":{"type":"Polygon","coordinates":[[[77.7653,12.9783],[77.7786,12.9771],[77.7764,12.9819],[77.7747,13.0012],[77.7724,13.0026],[77.775,13.0032],[77.7757,13.0058],[77.7731,13.0063],[77.7743,13.0132],[77.7713,13.0139],[77.7719,13.0159],[77.7692,13.0131],[77.7697,13.0059],[77.7686,13.003],[77.76,13.0053],[77.7595,13.0027],[77.7572,13.0023],[77.7574,13.0011],[77.7542,13.0016],[77.7534,12.998],[77.752,12.9974],[77.7432,12.9986],[77.7312,12.9965],[77.7335,12.9879],[77.7447,12.9863],[77.7412,12.976],[77.7485,12.9743],[77.7539,12.9745],[77.7552,12.9767],[77.7569,12.9767],[77.7576,12.9804],[77.7657,12.9803],[77.7653,12.9783]]]},"properties":{"objectid":109014,"statename":"Karnataka","statecode":"29","districtname":"Bengaluru Urban","districtcode":"572","ulbname":"Bruhat Bengaluru Mahanagara Palike","ulbcode":"803162","wardname":"Kadugodi","wardcode":"83","id":null,"remark":"Approved","st_area(shape)":0.0009544969469727438,"st_perimeter(shape)":0.18854563535985253}},{"type":"Feature","geometry":{"type":"Polygon","coordinates":[[[77.5971,12.9845],[77.5928,12.9897],[77.5888,12.9863],[77.581,12.973],[77.5844,12.9704],[77.5844,12.9687],[77.5873,12.9668],[77.5867,12.9657],[77.59,12.9628],[77.5946,12.9622],[77.5968,12.9646],[77.595,12.9666],[77.594,12.9719],[77.5992,12.9766],[77.5975,12.9809],[77.6143,12.9754],[77.615,12.9771],[77.6154,12.9826],[77.5971,12.9845]]]},"properties":{"objectid":109015,"statename":"Karnataka","statecode":"29","districtname":"Bengaluru Urban","districtcode":"572","ulbname":"Bruhat Bengaluru Mahanagara Palike","ulbcode":"803162","wardname":"Sampangiramanagar","wardcode":"110","id":null,"remark":"Approved","st_area(shape)":0.0003705167610002167,"st_perimeter(shape)":0.11798194071349369}},{"type":"Feature","geometry":{"type":"Polygon","coordinates":[[[77.6005,12.9283],[77.5954,12.9285],[77.5953,12.927],[77.5972,12.9269],[77.597,12.9231],[77.5935,12.9232],[77.5933,12.9169],[77.6053,12.9166],[77.6039,12.9214],[77.6002,12.9209],[77.6005,12.9283]]]},"properties":{"objectid":109016,"statename":"Karnataka","statecode":"29","districtname":"Bengaluru Urban","districtcode":"572","ulbname":"Bruhat Bengaluru Mahanagara Palike","ulbcode":"803162","wardname":"Jayanagar East","wardcode":"170","id":null,"remark":"Approved","st_area(shape)":8.593876249969697e-05,"st_perimeter(shape)":0.05213135826644458}},{"type":"Feature","geometry":{"type":"Polygon","coordinates":[[[77.5858,12.9046],[77.5817,12.9056],[77.5817,12.9038],[77.5769,12.9055],[77.577,12.9039],[77.5755,12.9065],[77.5733,12.9065],[77.5729,12.8995],[77.5684,12.8941],[77.5732,12.894],[77.5789,12.8972],[77.5827,12.8978],[77.5838,12.8986],[77.5836,12.9019],[77.5858,12.9028],[77.5858,12.9046]]]},"properties":{"objectid":109017,"statename":"Karnataka","statecode":"29","districtname":"Bengaluru Urban","districtcode":"572","ulbname":"Bruhat Bengaluru Mahanagara Palike","ulbcode":"803162","wardname":"Jaraganahalli","wardcode":"186","id":null,"remark":"Approved","st_area(shape)":0.00010794639300020589,"st_perimeter(shape)":0.060554766036666235}},{"type":"Feature","geometry":{"type":"Polygon","coordinates":[[[77.6137,13.0421],[77.612,13.0425],[77.6103,13.0382],[77.6114,13.0345],[77.6161,13.028],[77.6133,13.0254],[77.6128,13.0204],[77.6173,13.0204],[77.6193,13.0221],[77.6233,13.0213],[77.62,13.0262],[77.6228,13.0346],[77.6208,13.0355],[77.6195,13.0345],[77.6198,13.0376],[77.6212,13.0376],[77.6214,13.0387],[77.6193,13.0406],[77.6137,13.0421]]]},"properties":{"objectid":109268,"statename":"Karnataka","statecode":"29","districtname":"Bengaluru Urban","districtcode":"572","ulbname":"Bruhat Bengaluru Mahanagara Palike","ulbcode":"803162","wardname":"Nagavara","wardcode":"23","id":null,"remark":"Approved","st_area(shape)":0.00017237105299983387,"st_perimeter(shape)":0.0745741084969098}},{"type":"Feature","geometry":{"type":"Polygon","coordinates":[[[77.66,12.9617],[77.6594,12.9633],[77.6567,12.9631],[77.6553,12.9594],[77.6424,12.9606],[77.6438,12.9563],[77.6434,12.9547],[77.6413,12.9547],[77.6408,12.9533],[77.6443,12.9533],[77.6454,12.9495],[77.6491,12.946],[77.6493,12.949],[77.6526,12.9525],[77.661,12.9529],[77.6611,12.9543],[77.6624,12.9543],[77.6609,12.9556],[77.6634,12.9558],[77.6636,12.9589],[77.6597,12.9591],[77.66,12.9617]]]},"properties":{"objectid":109269,"statename":"Karnataka","statecode":"29","districtname":"Bengaluru Urban","districtcode":"572","ulbname":"Bruhat Bengaluru Mahanagara Palike","ulbcode":"803162","wardname":"Konena Agrahara","wardcode":"113","id":null,"remark":"Approved","st_area(shape)":0.00017699161850008707,"st_perimeter(shape)":0.08078776582725906}},{"type":"Feature","geometry":{"type":"Polygon","coordinates":[[[77.6261,13.0131],[77.622,13.0145],[77.621,13.0095],[77.6318,13.0046],[77.6324,13.013],[77.6261,13.0131]]]},"properties":{"objectid":109270,"statename":"Karnataka","statecode":"29","districtname":"Bengaluru Urban","districtcode":"572","ulbname":"Bruhat Bengaluru Mahanagara Palike","ulbcode":"803162","wardname":"Lingarajapura","wardcode":"49","id":null,"remark":"Approved","st_area(shape)":7.302855150010492e-05,"st_perimeter(shape)":0.03847256949427544}},{"type":"Feature","geometry":{"type":"Polygon","coordinates":[[[77.6413,12.9703],[77.6411,12.9727],[77.6381,12.9725],[77.629,12.9692],[77.6289,12.9681],[77.6331,12.9685],[77.6362,12.9562],[77.6398,12.9516],[77.6413,12.9547],[77.6434,12.9547],[77.6438,12.9563],[77.6417,12.9606],[77.6413,12.9703]]]},"properties":{"objectid":109271,"statename":"Karnataka","statecode":"29","districtname":"Bengaluru Urban","districtcode":"572","ulbname":"Bruhat Bengaluru Mahanagara Palike","ulbcode":"803162","wardname":"Domlur","wardcode":"112","id":null,"remark":"Approved","st_area(shape)":0.000145279167500052,"st_perimeter(shape)":0.06333250087630626}},{"type":"Feature","geometry":{"type":"Polygon","coordinates":[[[77.6058,12.95],[77.6095,12.95],[77.6099,12.9517],[77.6114,12.9516],[77.6126,12.9537],[77.6113,12.9547],[77.6125,12.9617],[77.6088,12.9666],[77.6047,12.9659],[77.6024,12.9598],[77.595,12.9625],[77.5923,12.9561],[77.6004,12.9498],[77.6058,12.95]]]},"properties":{"objectid":109272,"statename":"Karnataka","statecode":"29","districtname":"Bengaluru Urban","districtcode":"572","ulbname":"Bruhat Bengaluru Mahanagara Palike","ulbcode":"803162","wardname":"Shanthi Nagar","wardcode":"117","id":null,"remark":"Approved","st_area(shape)":0.00022518349300002668,"st_perimeter(shape)":0.06867971484443168}},{"type":"Feature","geometry":{"type":"Polygon","coordinates":[[[77.6465,13.0852],[77.6465,13.0869],[77.642,13.0877],[77.6485,13.0993],[77.6491,13.1048],[77.6371,13.1067],[77.6394,13.114],[77.6301,13.125],[77.6207,13.1313],[77.6152,13.1312],[77.6114,13.1216],[77.6112,13.1137],[77.6099,13.1082],[77.6087,13.1074],[77.6085,13.1021],[77.6001,13.1029],[77.5994,13.0998],[77.6024,13.099],[77.6024,13.0976],[77.5997,13.0969],[77.6041,13.0869],[77.6029,13.086],[77.6075,13.0817],[77.6077,13.0796],[77.6052,13.0762],[77.6034,13.0688],[77.6097,13.0667],[77.6104,13.068],[77.613,13.0677],[77.6144,13.0655],[77.6183,13.0667],[77.6232,13.0654],[77.626,13.0671],[77.6285,13.0751],[77.631,13.075],[77.6313,13.0767],[77.6338,13.077],[77.6382,13.0752],[77.6407,13.0779],[77.6421,13.0778],[77.6465,13.0852]]]},"properties":{"objectid":109273,"statename":"Karnataka","statecode":"29","districtname":"Bengaluru Urban","districtcode":"572","ulbname":"Bruhat Bengaluru Mahanagara Palike","ulbcode":"803162","wardname":"Jakkuru","wardcode":"5","id":null,"remark":"Approve","st_area(shape)":0.00201570132500043,"st_perimeter(shape)":0.2231878622870964}},{"type":"Feature","geometry":{"type":"Polygon","coordinates":[[[77.6152,13.1312],[77.6114,13.134],[77.5833,13.1348],[77.5883,13.1293],[77.5879,13.1217],[77.5863,13.1198],[77.5874,13.1131],[77.5885,13.1112],[77.5905,13.1111],[77.5896,13.1121],[77.5905,13.1126],[77.5934,13.11],[77.5972,13.1037],[77.5947,13.1037],[77.5946,13.1024],[77.5928,13.1019],[77.5936,13.1002],[77.5923,13.0972],[77.5944,13.0952],[77.5952,13.0964],[77.5963,13.0918],[77.5937,13.0847],[77.6023,13.083],[77.6029,13.0861],[77.6042,13.0865],[77.5997,13.0969],[77.6024,13.0976],[77.6024,13.099],[77.5994,13.0998],[77.6001,13.1029],[77.6085,13.1021],[77.6087,13.1074],[77.6099,13.1082],[77.6112,13.1137],[77.6114,13.1216],[77.6152,13.1312]]]},"properties":{"objectid":109274,"statename":"Karnataka","statecode":"29","districtname":"Bengaluru Urban","districtcode":"572","ulbname":"Bruhat Bengaluru Mahanagara Palike","ulbcode":"803162","wardname":"Kempegowda","wardcode":"1","id":null,"remark":"","st_area(shape)":0.0008525404150001562,"st_perimeter(shape)":0.1817641903716858}},{"type":"Feature","geometry":{"type":"Polygon","coordinates":[[[77.5061,13.0099],[77.5024,13.0096],[77.502,13.0073],[77.4975,13.0094],[77.4917,13.0032],[77.4956,13.0021],[77.495,13.0002],[77.5008,12.9973],[77.4993,12.9889],[77.5057,12.9898],[77.504,12.995],[77.5071,13.0035],[77.505,13.0046],[77.5061,13.0099]]]},"properties":{"objectid":109275,"statename":"Karnataka","statecode":"29","districtname":"Bengaluru Urban","districtcode":"572","ulbname":"Bruhat Bengaluru Mahanagara Palike","ulbcode":"803162","wardname":"Hegganahalli","wardcode":"71","id":null,"remark":"Approved","st_area(shape)":0.00016141248700004876,"st_perimeter(shape)":0.07208431079646657}},{"type":"Feature","geometry":{"type":"Polygon","coordinates":[[[77.6899,12.9556],[77.694,12.9562],[77.6938,12.9574],[77.696,12.9584],[77.6932,12.961],[77.7019,12.9652],[77.7011,12.9589],[77.704,12.9601],[77.7045,12.9568],[77.7145,12.956],[77.7172,12.9436],[77.725,12.9464],[77.7237,12.953],[77.724,12.9607],[77.7271,12.9619],[77.7279,12.9675],[77.7243,12.968],[77.7256,12.9712],[77.7266,12.9711],[77.727,12.9766],[77.7142,12.9778],[77.7154,12.9818],[77.7112,12.9843],[77.7084,12.9837],[77.7062,12.9881],[77.7023,12.9848],[77.6998,12.9846],[77.7011,12.9825],[77.6998,12.9807],[77.6954,12.9821],[77.6951,12.9812],[77.6903,12.9819],[77.6887,12.9785],[77.6869,12.9795],[77.6841,12.9762],[77.6869,12.9732],[77.6861,12.97],[77.6879,12.9691],[77.6886,12.9669],[77.6899,12.9556]]]},"properties":{"objectid":109276,"statename":"Karnataka","statecode":"29","districtname":"Bengaluru Urban","districtcode":"572","ulbname":"Bruhat Bengaluru Mahanagara Palike","ulbcode":"803162","wardname":"Dodda Nekkundi","wardcode":"85","id":null,"remark":"Approved","st_area(shape)":0.0010073529060001885,"st_perimeter(shape)":0.19513030095898454}},{"type":"Feature","geometry":{"type":"Polygon","coordinates":[[[77.5516,12.9699],[77.5494,12.9682],[77.5487,12.9695],[77.5473,12.969],[77.5378,12.9721],[77.5367,12.9688],[77.5388,12.9682],[77.5382,12.9651],[77.5438,12.964],[77.5483,12.965],[77.5546,12.9689],[77.5516,12.9699]]]},"properties":{"objectid":109277,"statename":"Karnataka","statecode":"29","districtname":"Bengaluru Urban","districtcode":"572","ulbname":"Bruhat Bengaluru Mahanagara Palike","ulbcode":"803162","wardname":"Hosahalli","wardcode":"124","id":null,"remark":"Approved","st_area(shape)":7.333832200006902e-05,"st_perimeter(shape)":0.046895862608324464}},{"type":"Feature","geometry":{"type":"Polygon","coordinates":[[[77.5287,12.9838],[77.5264,12.9859],[77.5237,12.985],[77.5203,12.9869],[77.5183,12.9824],[77.5196,12.9796],[77.5183,12.9753],[77.5288,12.9729],[77.529,12.9763],[77.5319,12.9761],[77.5332,12.9819],[77.5287,12.9838]]]},"properties":{"objectid":109278,"statename":"Karnataka","statecode":"29","districtname":"Bengaluru Urban","districtcode":"572","ulbname":"Bruhat Bengaluru Mahanagara Palike","ulbcode":"803162","wardname":"Kaveripura","wardcode":"103","id":null,"remark":"Approved","st_area(shape)":0.00013769106399995172,"st_perimeter(shape)":0.05411993583931824}},{"type":"Feature","geometry":{"type":"Polygon","coordinates":[[[77.581,12.973],[77.5783,12.9743],[77.5775,12.9733],[77.5729,12.9738],[77.5723,12.9725],[77.5703,12.973],[77.5702,12.9701],[77.578,12.9667],[77.5787,12.968],[77.5813,12.9665],[77.5829,12.9702],[77.5828,12.972],[77.581,12.973]]]},"properties":{"objectid":109279,"statename":"Karnataka","statecode":"29","districtname":"Bengaluru Urban","districtcode":"572","ulbname":"Bruhat Bengaluru Mahanagara Palike","ulbcode":"803162","wardname":"Chickpet","wardcode":"109","id":null,"remark":"Approved","st_area(shape)":6.39633935000161e-05,"st_perimeter(shape)":0.037008192578580845}},{"type":"Feature","geometry":{"type":"Polygon","coordinates":[[[77.5605,13.0005],[77.5614,13.004],[77.559,13.0111],[77.5556,13.0157],[77.554,13.0153],[77.5544,13.0077],[77.5532,13.0019],[77.5605,13.0005]]]},"properties":{"objectid":109280,"statename":"Karnataka","statecode":"29","districtname":"Bengaluru Urban","districtcode":"572","ulbname":"Bruhat Bengaluru Mahanagara Palike","ulbcode":"803162","wardname":"Subramanya Nagara","wardcode":"66","id":null,"remark":"Approved","st_area(shape)":7.836529449994894e-05,"st_perimeter(shape)":0.039613671350751285}},{"type":"Feature","geometry":{"type":"Polygon","coordinates":[[[77.5398,12.9952],[77.5334,12.9953],[77.5322,12.9977],[77.5295,12.9977],[77.5282,12.9992],[77.5259,12.9986],[77.5239,12.9957],[77.5302,12.9928],[77.5383,12.9916],[77.5398,12.9952]]]},"properties":{"objectid":109281,"statename":"Karnataka","statecode":"29","districtname":"Bengaluru Urban","districtcode":"572","ulbname":"Bruhat Bengaluru Mahanagara Palike","ulbcode":"803162","wardname":"Shakthi Ganapathi Nagar","wardcode":"74","id":null,"remark":"Approved","st_area(shape)":5.832864699987282e-05,"st_perimeter(shape)":0.04263795576420029}},{"type":"Feature","geometry":{"type":"Polygon","coordinates":[[[77.6124,12.954],[77.6137,12.9536],[77.6142,12.955],[77.6178,12.9536],[77.6189,12.9516],[77.62,12.9518],[77.6189,12.9495],[77.62,12.9487],[77.6215,12.9517],[77.6273,12.9495],[77.6249,12.9535],[77.619,12.9573],[77.6121,12.9584],[77.6113,12.9547],[77.6124,12.954]]]},"properties":{"objectid":109282,"statename":"Karnataka","statecode":"29","districtname":"Bengaluru Urban","districtcode":"572","ulbname":"Bruhat Bengaluru Mahanagara Palike","ulbcode":"803162","wardname":"Vannarpet","wardcode":"115","id":null,"remark":"Approved","st_area(shape)":6.134996550003136e-05,"st_perimeter(shape)":0.050857362319774155}},{"type":"Feature","geometry":{"type":"Polygon","coordinates":[[[77.7092,12.9087],[77.7154,12.9101],[77.7165,12.9093],[77.7195,12.9109],[77.727,12.9082],[77.7283,12.9156],[77.7449,12.9163],[77.7462,12.9198],[77.7515,12.922],[77.7526,12.9254],[77.7647,12.9288],[77.7663,12.935],[77.7652,12.9371],[77.7643,12.9579],[77.7654,12.9606],[77.7675,12.9598],[77.7706,12.9626],[77.7676,12.9635],[77.7495,12.9558],[77.7481,12.9559],[77.7482,12.9584],[77.7467,12.9588],[77.7426,12.9536],[77.7331,12.9494],[77.7327,12.9478],[77.7255,12.9471],[77.7172,12.9436],[77.7145,12.956],[77.7045,12.9568],[77.7067,12.9414],[77.6994,12.9442],[77.6975,12.9337],[77.7046,12.932],[77.7108,12.9256],[77.7037,12.9178],[77.7094,12.9144],[77.7092,12.9087]]]},"properties":{"objectid":109283,"statename":"Karnataka","statecode":"29","districtname":"Bengaluru Urban","districtcode":"572","ulbname":"Bruhat Bengaluru Mahanagara Palike","ulbcode":"803162","wardname":"Varthuru","wardcode":"149","id":null,"remark":"Approved","st_area(shape)":0.002229383603328645,"st_perimeter(shape)":0.27337531139724236}},{"type":"Feature","geometry":{"type":"Polygon","coordinates":[[[77.5637,12.9305],[77.5602,12.9295],[77.5552,12.9256],[77.5544,12.9236],[77.5616,12.9216],[77.5648,12.9167],[77.566,12.9188],[77.5687,12.9182],[77.5705,12.9247],[77.5695,12.9265],[77.5707,12.9265],[77.5711,12.9298],[77.5637,12.9305]]]},"properties":{"objectid":109284,"statename":"Karnataka","statecode":"29","districtname":"Bengaluru Urban","districtcode":"572","ulbname":"Bruhat Bengaluru Mahanagara Palike","ulbcode":"803162","wardname":"Ganesh Mandir Ward","wardcode":"165","id":null,"remark":"Approved","st_area(shape)":0.00013487393149971488,"st_perimeter(shape)":0.05217470934225394}},{"type":"Feature","geometry":{"type":"Polygon","coordinates":[[[77.5923,12.9561],[77.5912,12.9577],[77.5868,12.9591],[77.5854,12.954],[77.5922,12.9507],[77.5972,12.9432],[77.6027,12.9422],[77.6034,12.9505],[77.6004,12.9498],[77.5923,12.9561]]]},"properties":{"objectid":109285,"statename":"Karnataka","statecode":"29","districtname":"Bengaluru Urban","districtcode":"572","ulbname":"Bruhat Bengaluru Mahanagara Palike","ulbcode":"803162","wardname":"Hombegowdanagara","wardcode":"145","id":null,"remark":"Approved","st_area(shape)":0.00011812722349992629,"st_perimeter(shape)":0.056574989032206584}},{"type":"Feature","geometry":{"type":"Polygon","coordinates":[[[77.627,12.9493],[77.6215,12.9517],[77.6186,12.9459],[77.6251,12.9402],[77.6335,12.9298],[77.6338,12.9335],[77.6358,12.9351],[77.6332,12.9375],[77.627,12.9493]]]},"properties":{"objectid":110012,"statename":"Karnataka","statecode":"29","districtname":"Bengaluru Urban","districtcode":"572","ulbname":"Bruhat Bengaluru Mahanagara Palike","ulbcode":"803162","wardname":"Ejipura","wardcode":"148","id":null,"remark":"Approved","st_area(shape)":0.00013375586249995798,"st_perimeter(shape)":0.05875332529163712}},{"type":"Feature","geometry":{"type":"Polygon","coordinates":[[[77.664,12.9975],[77.6623,13.0124],[77.6575,13.0101],[77.6529,13.0059],[77.6467,13.0081],[77.6455,13.0064],[77.638,13.0055],[77.6362,13.0039],[77.6385,13.0027],[77.6426,12.996],[77.638,12.9955],[77.6372,12.9927],[77.6471,12.9908],[77.6483,12.9871],[77.6641,12.9946],[77.6628,12.9968],[77.664,12.9975]]]},"properties":{"objectid":110013,"statename":"Karnataka","statecode":"29","districtname":"Bengaluru Urban","districtcode":"572","ulbname":"Bruhat Bengaluru Mahanagara Palike","ulbcode":"803162","wardname":"Benniganahalli","wardcode":"50","id":null,"remark":"Approved","st_area(shape)":0.0004100700460000758,"st_perimeter(shape)":0.10180671285447727}},{"type":"Feature","geometry":{"type":"Polygon","coordinates":[[[77.5544,12.99],[77.5507,12.9901],[77.5511,12.9935],[77.5457,12.9934],[77.5452,12.985],[77.5541,12.9844],[77.5544,12.99]]]},"properties":{"objectid":110014,"statename":"Karnataka","statecode":"29","districtname":"Bengaluru Urban","districtcode":"572","ulbname":"Bruhat Bengaluru Mahanagara Palike","ulbcode":"803162","wardname":"Shivanagara","wardcode":"107","id":null,"remark":"Approved","st_area(shape)":6.469338199996176e-05,"st_perimeter(shape)":0.03616628697452655}},{"type":"Feature","geometry":{"type":"Polygon","coordinates":[[[77.5424,12.9857],[77.5375,12.988],[77.5367,12.9807],[77.5408,12.9789],[77.5406,12.9771],[77.5424,12.9769],[77.5422,12.9738],[77.5477,12.9743],[77.5475,12.976],[77.544,12.9782],[77.5443,12.9808],[77.5428,12.9808],[77.5424,12.9857]]]},"properties":{"objectid":110015,"statename":"Karnataka","statecode":"29","districtname":"Bengaluru Urban","districtcode":"572","ulbname":"Bruhat Bengaluru Mahanagara Palike","ulbcode":"803162","wardname":"Agrahara Dasarahalli","wardcode":"105","id":null,"remark":"Approved","st_area(shape)":6.629099649992573e-05,"st_perimeter(shape)":0.04653485264937035}},{"type":"Feature","geometry":{"type":"Polygon","coordinates":[[[77.6233,13.0213],[77.6193,13.0221],[77.6153,13.0108],[77.6192,13.009],[77.6209,13.0098],[77.6233,13.0213]]]},"properties":{"objectid":110016,"statename":"Karnataka","statecode":"29","districtname":"Bengaluru Urban","districtcode":"572","ulbname":"Bruhat Bengaluru Mahanagara Palike","ulbcode":"803162","wardname":"Kadugondanahalli","wardcode":"30","id":null,"remark":"Approved","st_area(shape)":5.812437599986889e-05,"st_perimeter(shape)":0.034686507825336776}},{"type":"Feature","geometry":{"type":"Polygon","coordinates":[[[77.5932,13.0057],[77.5962,12.9947],[77.5917,12.9953],[77.5995,12.9906],[77.5971,12.9845],[77.6017,12.9847],[77.6022,12.9891],[77.603,12.9883],[77.6029,12.99],[77.6053,12.9902],[77.6049,12.9914],[77.6038,12.9928],[77.5965,12.9945],[77.6006,12.9957],[77.6055,12.9942],[77.6087,12.9989],[77.6068,12.9995],[77.6065,12.9979],[77.6051,12.9978],[77.6018,12.9998],[77.6015,13.0015],[77.5994,13.0012],[77.5932,13.0057]]]},"properties":{"objectid":110017,"statename":"Karnataka","statecode":"29","districtname":"Bengaluru Urban","districtcode":"572","ulbname":"Bruhat Bengaluru Mahanagara Palike","ulbcode":"803162","wardname":"Jayamahal","wardcode":"63","id":null,"remark":"Approved","st_area(shape)":0.00012076240149992576,"st_perimeter(shape)":0.09377023625376872}},{"type":"Feature","geometry":{"type":"Polygon","coordinates":[[[77.5972,12.9432],[77.5934,12.9489],[77.5897,12.9463],[77.587,12.9459],[77.5871,12.9438],[77.5934,12.9415],[77.5926,12.938],[77.5942,12.9395],[77.5976,12.94],[77.5972,12.9432]]]},"properties":{"objectid":110018,"statename":"Karnataka","statecode":"29","districtname":"Bengaluru Urban","districtcode":"572","ulbname":"Bruhat Bengaluru Mahanagara Palike","ulbcode":"803162","wardname":"Siddapura","wardcode":"144","id":null,"remark":"Approved","st_area(shape)":5.5243238999986685e-05,"st_perimeter(shape)":0.03725052768727344}},{"type":"Feature","geometry":{"type":"Polygon","coordinates":[[[77.5473,13.0106],[77.5468,13.0131],[77.5428,13.0119],[77.5399,13.0125],[77.5389,13.01],[77.5367,13.0093],[77.5377,13.0092],[77.5379,13.0067],[77.5346,13.0077],[77.5326,13.0053],[77.5366,13.0012],[77.5397,13.002],[77.5411,13.0061],[77.5427,13.0059],[77.5431,13.0086],[77.5468,13.008],[77.5473,13.0106]]]},"properties":{"objectid":110019,"statename":"Karnataka","statecode":"29","districtname":"Bengaluru Urban","districtcode":"572","ulbname":"Bruhat Bengaluru Mahanagara Palike","ulbcode":"803162","wardname":"Mahalakshimpuram","wardcode":"68","id":null,"remark":"Approved","st_area(shape)":7.865727899998451e-05,"st_perimeter(shape)":0.05396669826712164}},{"type":"Feature","geometry":{"type":"Polygon","coordinates":[[[77.5927,13.015],[77.5951,13.0167],[77.5936,13.0204],[77.5945,13.0237],[77.5968,13.0235],[77.5971,13.025],[77.6004,13.0256],[77.5994,13.0285],[77.6001,13.0327],[77.6048,13.0322],[77.6065,13.0328],[77.6063,13.034],[77.6022,13.0351],[77.6004,13.0333],[77.5958,13.0323],[77.5965,13.0301],[77.5948,13.0247],[77.5929,13.0249],[77.5914,13.0159],[77.5927,13.015]]]},"properties":{"objectid":110020,"statename":"Karnataka","statecode":"29","districtname":"Bengaluru Urban","districtcode":"572","ulbname":"Bruhat Bengaluru Mahanagara Palike","ulbcode":"803162","wardname":"Manorayanapalya","wardcode":"33","id":null,"remark":"Approved","st_area(shape)":6.747107600012265e-05,"st_perimeter(shape)":0.07162267474794494}},{"type":"Feature","geometry":{"type":"Polygon","coordinates":[[[77.6771,13.0007],[77.6812,13.0003],[77.6874,12.9912],[77.6907,12.9973],[77.7013,12.994],[77.7016,12.9969],[77.7036,12.9979],[77.704,12.9995],[77.699,12.9998],[77.7,13.0062],[77.6966,13.008],[77.6907,13.0078],[77.6851,13.0052],[77.6807,13.011],[77.6775,13.009],[77.6768,13.0109],[77.6758,13.0081],[77.6748,13.0087],[77.6752,13.0054],[77.6771,13.005],[77.6771,13.0007]]]},"properties":{"objectid":110021,"statename":"Karnataka","statecode":"29","districtname":"Bengaluru Urban","districtcode":"572","ulbname":"Bruhat Bengaluru Mahanagara Palike","ulbcode":"803162","wardname":"Devasandra","wardcode":"55","id":null,"remark":"Approved","st_area(shape)":0.00028799848299970027,"st_perimeter(shape)":0.09841804258217941}},{"type":"Feature","geometry":{"type":"Polygon","coordinates":[[[77.62,12.9487],[77.6189,12.9495],[77.62,12.9518],[77.6142,12.955],[77.6114,12.9516],[77.6099,12.9517],[77.6095,12.95],[77.6058,12.95],[77.6171,12.9492],[77.6193,12.9474],[77.62,12.9487]]]},"properties":{"objectid":110022,"statename":"Karnataka","statecode":"29","districtname":"Bengaluru Urban","districtcode":"572","ulbname":"Bruhat Bengaluru Mahanagara Palike","ulbcode":"803162","wardname":"Neelasandra","wardcode":"116","id":null,"remark":"Approved","st_area(shape)":4.407221849993979e-05,"st_perimeter(shape)":0.04187294497660253}},{"type":"Feature","geometry":{"type":"Polygon","coordinates":[[[77.6727,13.0514],[77.6696,13.0498],[77.6629,13.0505],[77.6666,13.0674],[77.6601,13.0688],[77.6557,13.0751],[77.6543,13.0581],[77.655,13.0494],[77.6543,13.0478],[77.6528,13.0476],[77.6466,13.0496],[77.6473,13.0531],[77.6463,13.0557],[77.6484,13.06],[77.6509,13.0598],[77.651,13.0688],[77.6507,13.0764],[77.6489,13.0825],[77.6465,13.0852],[77.6421,13.0778],[77.6407,13.0779],[77.6382,13.0751],[77.6366,13.067],[77.6361,13.0442],[77.6367,13.0425],[77.6413,13.0426],[77.6415,13.0396],[77.6439,13.039],[77.645,13.0358],[77.6432,13.0359],[77.6433,13.0341],[77.641,13.0343],[77.6374,13.028],[77.6335,13.0287],[77.6327,13.0276],[77.6398,13.0257],[77.6615,13.0165],[77.6622,13.0133],[77.6768,13.0115],[77.6782,13.0136],[77.675,13.0148],[77.6761,13.0192],[77.6745,13.02],[77.6755,13.0222],[77.6727,13.0223],[77.671,13.0239],[77.6636,13.0329],[77.6629,13.0355],[77.663,13.045],[77.669,13.0454],[77.67,13.049],[77.6727,13.0514]]]},"properties":{"objectid":110023,"statename":"Karnataka","statecode":"29","districtname":"Bengaluru Urban","districtcode":"572","ulbname":"Bruhat Bengaluru Mahanagara Palike","ulbcode":"803162","wardname":"Horamavu","wardcode":"25","id":null,"remark":"Approved","st_area(shape)":0.0014744900734992704,"st_perimeter(shape)":0.3119580033613762}},{"type":"Feature","geometry":{"type":"Polygon","coordinates":[[[77.5652,12.9626],[77.5577,12.9609],[77.5545,12.9581],[77.5553,12.9559],[77.5558,12.9584],[77.5592,12.9594],[77.5593,12.9569],[77.5566,12.9532],[77.5634,12.9539],[77.5634,12.957],[77.5736,12.9573],[77.5746,12.9598],[77.5653,12.9609],[77.5652,12.9626]]]},"properties":{"objectid":110024,"statename":"Karnataka","statecode":"29","districtname":"Bengaluru Urban","districtcode":"572","ulbname":"Bruhat Bengaluru Mahanagara Palike","ulbcode":"803162","wardname":"Chamarajpet","wardcode":"140","id":null,"remark":"Approved","st_area(shape)":8.72326185002656e-05,"st_perimeter(shape)":0.06286350887164079}},{"type":"Feature","geometry":{"type":"Polygon","coordinates":[[[77.6227,12.9173],[77.6189,12.9162],[77.6001,12.9167],[77.6003,12.9085],[77.604,12.9087],[77.6039,12.9058],[77.6127,12.9045],[77.6165,12.9154],[77.6191,12.9128],[77.6211,12.9126],[77.6227,12.9173]]]},"properties":{"objectid":110025,"statename":"Karnataka","statecode":"29","districtname":"Bengaluru Urban","districtcode":"572","ulbname":"Bruhat Bengaluru Mahanagara Palike","ulbcode":"803162","wardname":"Btm Layout","wardcode":"176","id":null,"remark":"Approved","st_area(shape)":0.0001769697650001063,"st_perimeter(shape)":0.07110538065318792}},{"type":"Feature","geometry":{"type":"Polygon","coordinates":[[[77.5733,12.9065],[77.5702,12.9087],[77.5601,12.9005],[77.5612,12.8993],[77.5595,12.8935],[77.5681,12.8938],[77.5728,12.8994],[77.5733,12.9065]]]},"properties":{"objectid":110026,"statename":"Karnataka","statecode":"29","districtname":"Bengaluru Urban","districtcode":"572","ulbname":"Bruhat Bengaluru Mahanagara Palike","ulbcode":"803162","wardname":"Yelchenahalli","wardcode":"185","id":null,"remark":"Approved","st_area(shape)":0.0001335453974997552,"st_perimeter(shape)":0.04890887311284077}},{"type":"Feature","geometry":{"type":"Polygon","coordinates":[[[77.5687,12.9182],[77.566,12.9188],[77.565,12.9164],[77.5708,12.908],[77.5733,12.9065],[77.5736,12.9169],[77.5696,12.9155],[77.5687,12.9182]]]},"properties":{"objectid":110027,"statename":"Karnataka","statecode":"29","districtname":"Bengaluru Urban","districtcode":"572","ulbname":"Bruhat Bengaluru Mahanagara Palike","ulbcode":"803162","wardname":"Banashankari Temple","wardcode":"180","id":null,"remark":"Approved","st_area(shape)":5.6898648500101075e-05,"st_perimeter(shape)":0.03678374056723915}},{"type":"Feature","geometry":{"type":"Polygon","coordinates":[[[77.4993,12.9889],[77.5008,12.9973],[77.495,13.0002],[77.4956,13.0021],[77.4914,13.0031],[77.4871,12.9984],[77.4816,12.996],[77.4803,12.9938],[77.4787,12.994],[77.4786,12.9875],[77.4743,12.9844],[77.4725,12.9845],[77.4741,12.9715],[77.4835,12.9702],[77.4855,12.968],[77.4862,12.9632],[77.4899,12.962],[77.49,12.963],[77.4952,12.9624],[77.4968,12.9645],[77.4967,12.9677],[77.4988,12.9695],[77.493,12.9705],[77.4931,12.9808],[77.4957,12.9882],[77.4993,12.9889]]]},"properties":{"objectid":110028,"statename":"Karnataka","statecode":"29","districtname":"Bengaluru Urban","districtcode":"572","ulbname":"Bruhat Bengaluru Mahanagara Palike","ulbcode":"803162","wardname":"Herohalli","wardcode":"72","id":null,"remark":"Approved","st_area(shape)":0.0006474617154999749,"st_perimeter(shape)":0.13419198506369925}},{"type":"Feature","geometry":{"type":"Polygon","coordinates":[[[77.5533,12.9239],[77.5549,12.9298],[77.5538,12.9306],[77.5576,12.9335],[77.5573,12.9359],[77.556,12.9361],[77.5576,12.9394],[77.5525,12.9388],[77.5508,12.9346],[77.5456,12.9286],[77.5533,12.9239]]]},"properties":{"objectid":110029,"statename":"Karnataka","statecode":"29","districtname":"Bengaluru Urban","districtcode":"572","ulbname":"Bruhat Bengaluru Mahanagara Palike","ulbcode":"803162","wardname":"Katriguppe","wardcode":"163","id":null,"remark":"Approved","st_area(shape)":9.226613699975772e-05,"st_perimeter(shape)":0.050129254664868304}},{"type":"Feature","geometry":{"type":"Polygon","coordinates":[[[77.5678,12.9884],[77.5614,12.9883],[77.5616,12.982],[77.5593,12.9799],[77.5613,12.9757],[77.5645,12.9759],[77.5645,12.9818],[77.5682,12.9825],[77.5678,12.9884]]]},"properties":{"objectid":110030,"statename":"Karnataka","statecode":"29","districtname":"Bengaluru Urban","districtcode":"572","ulbname":"Bruhat Bengaluru Mahanagara Palike","ulbcode":"803162","wardname":"Okalipura","wardcode":"96","id":null,"remark":"Approved","st_area(shape)":6.855123600018672e-05,"st_perimeter(shape)":0.0420735302534256}},{"type":"Feature","geometry":{"type":"Polygon","coordinates":[[[77.5452,12.985],[77.5418,12.9851],[77.5428,12.9808],[77.5443,12.9808],[77.544,12.9782],[77.55,12.9737],[77.5545,12.9756],[77.5553,12.9801],[77.549,12.9808],[77.549,12.9843],[77.5452,12.985]]]},"properties":{"objectid":110031,"statename":"Karnataka","statecode":"29","districtname":"Bengaluru Urban","districtcode":"572","ulbname":"Bruhat Bengaluru Mahanagara Palike","ulbcode":"803162","wardname":"Dr. Raj Kumar Ward","wardcode":"106","id":null,"remark":"Approved","st_area(shape)":8.216173800005216e-05,"st_perimeter(shape)":0.04546453312013935}},{"type":"Feature","geometry":{"type":"Polygon","coordinates":[[[77.5525,12.9388],[77.5523,12.9447],[77.5495,12.945],[77.55,12.9422],[77.5387,12.9435],[77.5394,12.9379],[77.5406,12.9376],[77.5393,12.9336],[77.5456,12.9286],[77.5508,12.9346],[77.5525,12.9388]]]},"properties":{"objectid":110032,"statename":"Karnataka","statecode":"29","districtname":"Bengaluru Urban","districtcode":"572","ulbname":"Bruhat Bengaluru Mahanagara Palike","ulbcode":"803162","wardname":"Girinagar","wardcode":"162","id":null,"remark":"Approved","st_area(shape)":0.00014647910500003802,"st_perimeter(shape)":0.0575159862200102}},{"type":"Feature","geometry":{"type":"Polygon","coordinates":[[[77.539,12.9202],[77.5282,12.9215],[77.5292,12.9196],[77.5268,12.9067],[77.5245,12.9065],[77.5259,12.9041],[77.5341,12.9047],[77.5346,12.8991],[77.5312,12.8947],[77.5248,12.8954],[77.5248,12.8972],[77.5212,12.8977],[77.5211,12.8936],[77.5177,12.8932],[77.5213,12.8855],[77.5324,12.8872],[77.5391,12.8813],[77.5444,12.8811],[77.546,12.8848],[77.5499,12.8889],[77.5481,12.8945],[77.5505,12.9017],[77.5517,12.9003],[77.5511,12.9021],[77.5527,12.902],[77.5532,12.9035],[77.5504,12.9045],[77.5483,12.9034],[77.5496,12.9094],[77.5471,12.9097],[77.5471,12.9109],[77.5444,12.9101],[77.5466,12.9132],[77.547,12.9149],[77.5453,12.916],[77.5467,12.918],[77.5433,12.9176],[77.5419,12.9189],[77.5392,12.9176],[77.539,12.9202]]]},"properties":{"objectid":110033,"statename":"Karnataka","statecode":"29","districtname":"Bengaluru Urban","districtcode":"572","ulbname":"Bruhat Bengaluru Mahanagara Palike","ulbcode":"803162","wardname":"Uttarahalli","wardcode":"184","id":null,"remark":"Approved","st_area(shape)":0.0007598757364996531,"st_perimeter(shape)":0.18411959933548716}},{"type":"Feature","geometry":{"type":"Polygon","coordinates":[[[77.4926,13.0517],[77.491,13.0451],[77.4818,13.0483],[77.4797,13.047],[77.4821,13.0412],[77.4795,13.0363],[77.4756,13.0328],[77.4777,13.03],[77.4762,13.0243],[77.4772,13.0219],[77.474,13.0141],[77.4702,13.0097],[77.4703,13.008],[77.4737,13.0081],[77.4736,13.001],[77.4721,12.999],[77.4729,12.9975],[77.4706,12.9951],[77.4697,12.99],[77.4674,12.9874],[77.4724,12.9845],[77.4743,12.9844],[77.4786,12.9875],[77.4787,12.994],[77.4803,12.9938],[77.4816,12.996],[77.4889,12.9998],[77.4999,13.012],[77.4977,13.0177],[77.4956,13.0183],[77.4935,13.0212],[77.4951,13.0235],[77.4975,13.0354],[77.4962,13.0394],[77.4968,13.0417],[77.4947,13.0442],[77.4946,13.0512],[77.4926,13.0517]]]},"properties":{"objectid":110398,"statename":"Karnataka","statecode":"29","districtname":"Bengaluru Urban","districtcode":"572","ulbname":"Bruhat Bengaluru Mahanagara Palike","ulbcode":"803162","wardname":"Dodda Bidarakallu","wardcode":"40","id":null,"remark":"Approved","st_area(shape)":0.001089731590999515,"st_perimeter(shape)":0.195135754950457}},{"type":"Feature","geometry":{"type":"Polygon","coordinates":[[[77.6143,12.9754],[77.5975,12.9809],[77.5992,12.9767],[77.594,12.9719],[77.595,12.9666],[77.5968,12.9649],[77.595,12.9625],[77.6024,12.9598],[77.6047,12.9659],[77.6088,12.9666],[77.6125,12.9617],[77.6123,12.9602],[77.6189,12.9625],[77.6176,12.9654],[77.6205,12.9667],[77.6195,12.9726],[77.6139,12.9738],[77.6143,12.9754]]]},"properties":{"objectid":110399,"statename":"Karnataka","statecode":"29","districtname":"Bengaluru Urban","districtcode":"572","ulbname":"Bruhat Bengaluru Mahanagara Palike","ulbcode":"803162","wardname":"Shanthala Nagar","wardcode":"111","id":null,"remark":"Approved","st_area(shape)":0.0003333623255000108,"st_perimeter(shape)":0.0967006101683319}},{"type":"Feature","geometry":{"type":"Polygon","coordinates":[[[77.5797,12.9234],[77.5736,12.9236],[77.5744,12.9205],[77.5729,12.9115],[77.5857,12.9106],[77.586,12.9234],[77.5797,12.9234]]]},"properties":{"objectid":110400,"statename":"Karnataka","statecode":"29","districtname":"Bengaluru Urban","districtcode":"572","ulbname":"Bruhat Bengaluru Mahanagara Palike","ulbcode":"803162","wardname":"Shakambari Nagar","wardcode":"179","id":null,"remark":"Approved","st_area(shape)":0.00015427993000027235,"st_perimeter(shape)":0.05096084777528762}},{"type":"Feature","geometry":{"type":"Polygon","coordinates":[[[77.561,13.0401],[77.5569,13.0438],[77.5547,13.0441],[77.5448,13.041],[77.5429,13.0392],[77.549,13.0292],[77.5505,13.029],[77.5538,13.0322],[77.5558,13.0288],[77.5584,13.0273],[77.5599,13.031],[77.5573,13.0348],[77.5573,13.0386],[77.561,13.0401]]]},"properties":{"objectid":110401,"statename":"Karnataka","statecode":"29","districtname":"Bengaluru Urban","districtcode":"572","ulbname":"Bruhat Bengaluru Mahanagara Palike","ulbcode":"803162","wardname":"J P Park","wardcode":"17","id":null,"remark":"Approved","st_area(shape)":0.00017056105699993462,"st_perimeter(shape)":0.06413173791641655}},{"type":"Feature","geometry":{"type":"Polygon","coordinates":[[[77.6381,12.8851],[77.6353,12.8878],[77.6347,12.8863],[77.6324,12.8861],[77.6314,12.8892],[77.6343,12.8898],[77.6344,12.8921],[77.6302,12.8928],[77.6287,12.8881],[77.6193,12.8882],[77.6178,12.8841],[77.6176,12.8817],[77.619,12.8808],[77.6179,12.8764],[77.6154,12.8762],[77.6134,12.8679],[77.6088,12.8684],[77.609,12.8704],[77.6069,12.871],[77.6039,12.8648],[77.6027,12.8667],[77.5981,12.8676],[77.5962,12.8728],[77.5933,12.8737],[77.5876,12.8693],[77.5862,12.8673],[77.5893,12.8634],[77.5948,12.861],[77.5934,12.8591],[77.5931,12.8517],[77.5911,12.852],[77.585,12.8448],[77.5829,12.8366],[77.586,12.8341],[77.5904,12.8356],[77.5918,12.8349],[77.5936,12.8482],[77.5952,12.8493],[77.6093,12.8488],[77.6117,12.847],[77.6138,12.855],[77.6166,12.8566],[77.6177,12.8589],[77.6284,12.8583],[77.6317,12.8618],[77.6384,12.8638],[77.6401,12.8661],[77.6418,12.8653],[77.6433,12.8514],[77.6452,12.8538],[77.648,12.8528],[77.6494,12.8543],[77.651,12.8532],[77.6517,12.8559],[77.6577,12.8575],[77.6639,12.8625],[77.6663,12.8661],[77.6658,12.8674],[77.6587,12.8719],[77.6579,12.8691],[77.6538,12.8696],[77.6517,12.8723],[77.6483,12.8724],[77.6466,12.8702],[77.6408,12.8698],[77.6409,12.8743],[77.6372,12.8799],[77.6381,12.8851]]]},"properties":{"objectid":110402,"statename":"Karnataka","statecode":"29","districtname":"Bengaluru Urban","districtcode":"572","ulbname":"Bruhat Bengaluru Mahanagara Palike","ulbcode":"803162","wardname":"Begur","wardcode":"192","id":null,"remark":"Approved","st_area(shape)":0.001576057909999309,"st_perimeter(shape)":0.33197630427992564}},{"type":"Feature","geometry":{"type":"Polygon","coordinates":[[[77.5605,13.0005],[77.5532,13.0019],[77.5527,12.9993],[77.5531,12.9982],[77.5564,12.9986],[77.5601,12.9974],[77.5591,12.995],[77.5601,12.9939],[77.5684,12.9934],[77.5644,12.9988],[77.5601,12.9989],[77.5605,13.0005]]]},"properties":{"objectid":110403,"statename":"Karnataka","statecode":"29","districtname":"Bengaluru Urban","districtcode":"572","ulbname":"Bruhat Bengaluru Mahanagara Palike","ulbcode":"803162","wardname":"Gayathrinagara","wardcode":"76","id":null,"remark":"Approved","st_area(shape)":5.37807845000511e-05,"st_perimeter(shape)":0.04500459506150233}},{"type":"Feature","geometry":{"type":"Polygon","coordinates":[[[77.5532,13.0019],[77.5544,13.0071],[77.554,13.014],[77.5495,13.0101],[77.5473,13.0106],[77.5468,13.008],[77.5431,13.0086],[77.5425,13.0055],[77.5411,13.0061],[77.5411,12.9993],[77.5449,12.9976],[77.5531,12.9982],[77.5532,13.0019]]]},"properties":{"objectid":110404,"statename":"Karnataka","statecode":"29","districtname":"Bengaluru Urban","districtcode":"572","ulbname":"Bruhat Bengaluru Mahanagara Palike","ulbcode":"803162","wardname":"Nagapura","wardcode":"67","id":null,"remark":"Approved","st_area(shape)":0.00014921873200000288,"st_perimeter(shape)":0.05556148971040502}},{"type":"Feature","geometry":{"type":"Polygon","coordinates":[[[77.6201,13.0001],[77.6167,13.002],[77.6126,13.0018],[77.6094,12.9998],[77.6055,12.9942],[77.6006,12.9957],[77.5965,12.9945],[77.6038,12.9928],[77.6053,12.9902],[77.6071,12.9904],[77.6073,12.9935],[77.6086,12.9935],[77.6193,12.9873],[77.6193,12.9917],[77.6167,12.9957],[77.6201,13.0001]]]},"properties":{"objectid":110405,"statename":"Karnataka","statecode":"29","districtname":"Bengaluru Urban","districtcode":"572","ulbname":"Bruhat Bengaluru Mahanagara Palike","ulbcode":"803162","wardname":"Pulkeshinagar","wardcode":"78","id":null,"remark":"Approved","st_area(shape)":0.0001430079840000346,"st_perimeter(shape)":0.072971519605506}},{"type":"Feature","geometry":{"type":"Polygon","coordinates":[[[77.5868,12.9656],[77.5873,12.9668],[77.5844,12.9687],[77.5828,12.972],[77.5813,12.9665],[77.5787,12.968],[77.5736,12.9573],[77.5774,12.9563],[77.5777,12.9588],[77.5791,12.959],[77.5822,12.9578],[77.5868,12.9656]]]},"properties":{"objectid":110406,"statename":"Karnataka","statecode":"29","districtname":"Bengaluru Urban","districtcode":"572","ulbname":"Bruhat Bengaluru Mahanagara Palike","ulbcode":"803162","wardname":"Dharmarayaswamy","wardcode":"119","id":null,"remark":"Approved","st_area(shape)":9.157934599999757e-05,"st_perimeter(shape)":0.05050109772030572}},{"type":"Feature","geometry":{"type":"Polygon","coordinates":[[[77.5794,12.8969],[77.5732,12.894],[77.5719,12.8945],[77.5716,12.8903],[77.5694,12.8901],[77.5688,12.8866],[77.5666,12.8863],[77.5704,12.8853],[77.5699,12.8837],[77.5729,12.8822],[77.5757,12.8819],[77.5773,12.8764],[77.5796,12.875],[77.5818,12.8754],[77.5825,12.8773],[77.5855,12.877],[77.5855,12.8786],[77.5907,12.8814],[77.5918,12.8883],[77.5825,12.8905],[77.5808,12.8921],[77.5794,12.8969]]]},"properties":{"objectid":110407,"statename":"Karnataka","statecode":"29","districtname":"Bengaluru Urban","districtcode":"572","ulbname":"Bruhat Bengaluru Mahanagara Palike","ulbcode":"803162","wardname":"Konankunte","wardcode":"195","id":null,"remark":"Approved","st_area(shape)":0.00028166992250008106,"st_perimeter(shape)":0.08399018381521998}},{"type":"Feature","geometry":{"type":"Polygon","coordinates":[[[77.5617,12.9533],[77.556,12.9524],[77.5581,12.9504],[77.5557,12.9504],[77.5552,12.9475],[77.5575,12.9445],[77.5565,12.9417],[77.5643,12.9418],[77.5642,12.9485],[77.5616,12.9493],[77.5617,12.9533]]]},"properties":{"objectid":110408,"statename":"Karnataka","statecode":"29","districtname":"Bengaluru Urban","districtcode":"572","ulbname":"Bruhat Bengaluru Mahanagara Palike","ulbcode":"803162","wardname":"Hanumanth Nagar","wardcode":"155","id":null,"remark":"Approved","st_area(shape)":8.190505500005918e-05,"st_perimeter(shape)":0.044750777327043974}},{"type":"Feature","geometry":{"type":"Polygon","coordinates":[[[77.5571,12.9606],[77.5554,12.963],[77.5566,12.964],[77.5553,12.9645],[77.5515,12.9644],[77.5487,12.9609],[77.5457,12.9614],[77.5484,12.9566],[77.5544,12.9581],[77.5571,12.9606]]]},"properties":{"objectid":110409,"statename":"Karnataka","statecode":"29","districtname":"Bengaluru Urban","districtcode":"572","ulbname":"Bruhat Bengaluru Mahanagara Palike","ulbcode":"803162","wardname":"Jjr Nagar","wardcode":"136","id":null,"remark":"Approved","st_area(shape)":5.295591349994883e-05,"st_perimeter(shape)":0.03454301848331311}},{"type":"Feature","geometry":{"type":"Polygon","coordinates":[[[77.601,13.023],[77.5999,13.0235],[77.6004,13.0256],[77.5971,13.025],[77.5968,13.0235],[77.5945,13.0237],[77.5936,13.0204],[77.5951,13.0167],[77.5927,13.0152],[77.5942,13.0119],[77.5906,13.0099],[77.5933,13.0057],[77.601,13.023]]]},"properties":{"objectid":110410,"statename":"Karnataka","statecode":"29","districtname":"Bengaluru Urban","districtcode":"572","ulbname":"Bruhat Bengaluru Mahanagara Palike","ulbcode":"803162","wardname":"Jayachamarajendra Nagar","wardcode":"46","id":null,"remark":"Approved","st_area(shape)":7.423236199993416e-05,"st_perimeter(shape)":0.0563521661989468}},{"type":"Feature","geometry":{"type":"Polygon","coordinates":[[[77.5678,12.9934],[77.5601,12.9939],[77.5614,12.9883],[77.5679,12.9885],[77.5678,12.9934]]]},"properties":{"objectid":110411,"statename":"Karnataka","statecode":"29","districtname":"Bengaluru Urban","districtcode":"572","ulbname":"Bruhat Bengaluru Mahanagara Palike","ulbcode":"803162","wardname":"Dayanandnagar","wardcode":"97","id":null,"remark":"Approved","st_area(shape)":3.723022949994479e-05,"st_perimeter(shape)":0.02631190377906499}},{"type":"Feature","geometry":{"type":"Polygon","coordinates":[[[77.5552,12.9691],[77.5571,12.9695],[77.5587,12.9758],[77.5545,12.9756],[77.5516,12.9699],[77.5552,12.9691]]]},"properties":{"objectid":110412,"statename":"Karnataka","statecode":"29","districtname":"Bengaluru Urban","districtcode":"572","ulbname":"Bruhat Bengaluru Mahanagara Palike","ulbcode":"803162","wardname":"K.P.Aghara","wardcode":"122","id":null,"remark":"Approved","st_area(shape)":2.9396093499874843e-05,"st_perimeter(shape)":0.02333290848309205}},{"type":"Feature","geometry":{"type":"Polygon","coordinates":[[[77.5643,12.9418],[77.5579,12.9416],[77.556,12.9361],[77.5573,12.9359],[77.5576,12.9335],[77.5538,12.9306],[77.5549,12.9298],[77.5533,12.9239],[77.5544,12.9236],[77.5552,12.9256],[77.5614,12.9303],[77.5637,12.9304],[77.564,12.9324],[77.5627,12.9334],[77.5645,12.9374],[77.5651,12.9417],[77.5643,12.9418]]]},"properties":{"objectid":110413,"statename":"Karnataka","statecode":"29","districtname":"Bengaluru Urban","districtcode":"572","ulbname":"Bruhat Bengaluru Mahanagara Palike","ulbcode":"803162","wardname":"Vidyapeeta Ward","wardcode":"164","id":null,"remark":"Approved","st_area(shape)":0.00010307797750014313,"st_perimeter(shape)":0.05736333623440159}},{"type":"Feature","geometry":{"type":"Polygon","coordinates":[[[77.5393,12.9336],[77.5343,12.9365],[77.5328,12.9355],[77.535,12.9274],[77.5368,12.9264],[77.5369,12.9235],[77.5389,12.9248],[77.5404,12.9241],[77.5384,12.9183],[77.5394,12.9176],[77.542,12.9189],[77.5443,12.926],[77.5462,12.9281],[77.5393,12.9336]]]},"properties":{"objectid":110414,"statename":"Karnataka","statecode":"29","districtname":"Bengaluru Urban","districtcode":"572","ulbname":"Bruhat Bengaluru Mahanagara Palike","ulbcode":"803162","wardname":"Hosakerehalli","wardcode":"161","id":null,"remark":"Approved","st_area(shape)":0.0001120543299999366,"st_perimeter(shape)":0.057607922329417895}},{"type":"Feature","geometry":{"type":"Polygon","coordinates":[[[77.6253,12.9751],[77.6195,12.9726],[77.6205,12.9667],[77.6176,12.9654],[77.6189,12.9625],[77.6138,12.9615],[77.6121,12.9584],[77.6211,12.9566],[77.6252,12.9532],[77.6332,12.9375],[77.6358,12.9351],[77.6338,12.9335],[77.6339,12.9306],[77.6365,12.9285],[77.6383,12.9303],[77.6421,12.9291],[77.6413,12.9262],[77.6393,12.9259],[77.6392,12.9241],[77.6517,12.9243],[77.6516,12.9212],[77.6549,12.9206],[77.6605,12.9165],[77.6628,12.9203],[77.6612,12.9217],[77.6636,12.9281],[77.6614,12.93],[77.6591,12.9298],[77.6552,12.9351],[77.6605,12.9383],[77.6582,12.9379],[77.6565,12.9401],[77.648,12.9437],[77.6398,12.9516],[77.6362,12.9562],[77.6331,12.9685],[77.6289,12.9681],[77.6253,12.9751]]]},"properties":{"objectid":110415,"statename":"Karnataka","statecode":"29","districtname":"Bengaluru Urban","districtcode":"572","ulbname":"Bruhat Bengaluru Mahanagara Palike","ulbcode":"803162","wardname":"Agaram","wardcode":"114","id":null,"remark":"Approved","st_area(shape)":0.0009402835374998351,"st_perimeter(shape)":0.20769847003276373}},{"type":"Feature","geometry":{"type":"Polygon","coordinates":[[[77.5771,12.9936],[77.5754,12.992],[77.5739,12.9939],[77.5715,12.9934],[77.5723,12.9859],[77.57,12.9814],[77.571,12.9759],[77.5691,12.9732],[77.5723,12.9725],[77.5729,12.9738],[77.5775,12.9733],[77.5783,12.9743],[77.581,12.973],[77.5844,12.978],[77.5774,12.9807],[77.5765,12.9821],[77.5773,12.9836],[77.5747,12.984],[77.5798,12.991],[77.5776,12.9917],[77.5771,12.9936]]]},"properties":{"objectid":110416,"statename":"Karnataka","statecode":"29","districtname":"Bengaluru Urban","districtcode":"572","ulbname":"Bruhat Bengaluru Mahanagara Palike","ulbcode":"803162","wardname":"Gandhinagara","wardcode":"94","id":null,"remark":"Approved","st_area(shape)":0.00015681505250005366,"st_perimeter(shape)":0.0772895775707407}},{"type":"Feature","geometry":{"type":"Polygon","coordinates":[[[77.6411,12.9727],[77.641,12.9761],[77.6334,12.9759],[77.633,12.9738],[77.6317,12.9764],[77.6285,12.9781],[77.6253,12.9751],[77.629,12.9692],[77.6411,12.9727]]]},"properties":{"objectid":110417,"statename":"Karnataka","statecode":"29","districtname":"Bengaluru Urban","districtcode":"572","ulbname":"Bruhat Bengaluru Mahanagara Palike","ulbcode":"803162","wardname":"Jogupalya","wardcode":"89","id":null,"remark":"Approved","st_area(shape)":7.514856550002778e-05,"st_perimeter(shape)":0.04472617912388146}},{"type":"Feature","geometry":{"type":"Polygon","coordinates":[[[77.5285,12.9728],[77.5181,12.9752],[77.5174,12.9663],[77.5185,12.9653],[77.5175,12.9637],[77.5205,12.9637],[77.5207,12.9618],[77.5232,12.9623],[77.5249,12.9707],[77.5266,12.9706],[77.5285,12.9728]]]},"properties":{"objectid":110418,"statename":"Karnataka","statecode":"29","districtname":"Bengaluru Urban","districtcode":"572","ulbname":"Bruhat Bengaluru Mahanagara Palike","ulbcode":"803162","wardname":"Mudalapalya","wardcode":"127","id":null,"remark":"Approved","st_area(shape)":8.064045100009503e-05,"st_perimeter(shape)":0.04927358796530039}},{"type":"Feature","geometry":{"type":"Polygon","coordinates":[[[77.5457,12.9614],[77.5438,12.964],[77.5393,12.958],[77.5388,12.9542],[77.5417,12.953],[77.5484,12.9566],[77.5457,12.9614]]]},"properties":{"objectid":110419,"statename":"Karnataka","statecode":"29","districtname":"Bengaluru Urban","districtcode":"572","ulbname":"Bruhat Bengaluru Mahanagara Palike","ulbcode":"803162","wardname":"Bapujinagara","wardcode":"134","id":null,"remark":"Approved","st_area(shape)":5.6748612000037344e-05,"st_perimeter(shape)":0.03223099836215898}},{"type":"Feature","geometry":{"type":"Polygon","coordinates":[[[77.5738,12.9406],[77.5738,12.9437],[77.5679,12.9435],[77.5667,12.9402],[77.5645,12.9393],[77.5627,12.9334],[77.564,12.9324],[77.5637,12.9305],[77.5667,12.93],[77.5681,12.9337],[77.5715,12.9334],[77.5717,12.935],[77.5738,12.9348],[77.5738,12.9406]]]},"properties":{"objectid":110420,"statename":"Karnataka","statecode":"29","districtname":"Bengaluru Urban","districtcode":"572","ulbname":"Bruhat Bengaluru Mahanagara Palike","ulbcode":"803162","wardname":"Basavanagudi","wardcode":"154","id":null,"remark":"Approved","st_area(shape)":9.673663099999373e-05,"st_perimeter(shape)":0.04606425495078928}},{"type":"Feature","geometry":{"type":"Polygon","coordinates":[[[77.5839,12.933],[77.5796,12.9331],[77.5797,12.9234],[77.586,12.9234],[77.5858,12.9171],[77.5933,12.9169],[77.5935,12.9232],[77.597,12.9231],[77.5972,12.9269],[77.5897,12.9271],[77.5872,12.9286],[77.5838,12.9287],[77.5839,12.933]]]},"properties":{"objectid":110421,"statename":"Karnataka","statecode":"29","districtname":"Bengaluru Urban","districtcode":"572","ulbname":"Bruhat Bengaluru Mahanagara Palike","ulbcode":"803162","wardname":"Pattabhiramanagar","wardcode":"168","id":null,"remark":"Approved","st_area(shape)":0.00014352977699987998,"st_perimeter(shape)":0.06677532554624652}},{"type":"Feature","geometry":{"type":"Polygon","coordinates":[[[77.588,12.8891],[77.5883,12.8916],[77.5898,12.8912],[77.5903,12.8922],[77.5981,12.8906],[77.6015,12.9033],[77.599,12.9037],[77.5994,12.9012],[77.594,12.9027],[77.5934,12.9053],[77.5865,12.9057],[77.5858,12.9028],[77.5836,12.9019],[77.5838,12.8986],[77.5794,12.8969],[77.5808,12.8921],[77.5825,12.8905],[77.588,12.8891]]]},"properties":{"objectid":110422,"statename":"Karnataka","statecode":"29","districtname":"Bengaluru Urban","districtcode":"572","ulbname":"Bruhat Bengaluru Mahanagara Palike","ulbcode":"803162","wardname":"Puttenahalli","wardcode":"187","id":null,"remark":"Approved","st_area(shape)":0.0002379373684999473,"st_perimeter(shape)":0.07749093047492754}},{"type":"Feature","geometry":{"type":"MultiPolygon","coordinates":[[[[77.4996,12.9257],[77.4936,12.9215],[77.4851,12.9127],[77.4843,12.9104],[77.4735,12.9067],[77.4687,12.9019],[77.4621,12.8976],[77.4684,12.8885],[77.4724,12.8969],[77.479,12.8922],[77.4793,12.8898],[77.4818,12.8894],[77.4828,12.8861],[77.4788,12.8863],[77.4789,12.8846],[77.476,12.8807],[77.4817,12.8783],[77.4814,12.8771],[77.4831,12.8764],[77.4821,12.8753],[77.4824,12.8723],[77.4925,12.8724],[77.4954,12.8736],[77.4961,12.8751],[77.5017,12.876],[77.5048,12.8811],[77.5075,12.8793],[77.5136,12.8704],[77.526,12.8748],[77.5299,12.8672],[77.526,12.8632],[77.5269,12.8601],[77.5291,12.8599],[77.5281,12.8583],[77.5303,12.8571],[77.5319,12.8613],[77.5334,12.8599],[77.5394,12.869],[77.5435,12.869],[77.5438,12.8675],[77.5454,12.8668],[77.5503,12.8676],[77.5498,12.8713],[77.5513,12.8768],[77.5498,12.885],[77.5476,12.8864],[77.5444,12.8811],[77.5414,12.8811],[77.5391,12.8813],[77.5324,12.8872],[77.5213,12.8855],[77.5177,12.8932],[77.5138,12.893],[77.5143,12.8956],[77.5124,12.9003],[77.514,12.9018],[77.5109,12.9025],[77.5109,12.9039],[77.5122,12.904],[77.5122,12.9066],[77.5105,12.9069],[77.5109,12.9089],[77.5093,12.9099],[77.511,12.9143],[77.5134,12.9143],[77.5134,12.9161],[77.5115,12.9182],[77.5115,12.9237],[77.5104,12.9248],[77.4996,12.9257]]],[[[77.5091,12.9291],[77.511,12.9297],[77.5109,12.9322],[77.509,12.9332],[77.5055,12.9297],[77.5091,12.9291]]],[[[77.5033,12.9273],[77.5058,12.9251],[77.51,12.9289],[77.5033,12.9273]]],[[[77.5005,12.9264],[77.5033,12.9273],[77.5029,12.9276],[77.5026,12.9278],[77.5025,12.9277],[77.5023,12.9275],[77.5021,12.9274],[77.5019,12.9273],[77.5011,12.9268],[77.5005,12.9264]]],[[[77.4985,12.9257],[77.4996,12.9257],[77.4996,12.9257],[77.5,12.926],[77.5004,12.9263],[77.5005,12.9264],[77.4985,12.9257]]],[[[77.51,12.9289],[77.511,12.9289],[77.511,12.9295],[77.511,12.9297],[77.51,12.9289]]],[[[77.4985,12.9257],[77.4985,12.9257],[77.4985,12.9257],[77.4985,12.9257],[77.4985,12.9257]]]]},"properties":{"objectid":117284,"statename":"Karnataka","statecode":"29","districtname":"Bengaluru Urban","districtcode":"572","ulbname":"Bruhat Bengaluru Mahanagara Palike","ulbcode":"803162","wardname":"Hemmigepura","wardcode":"198","id":null,"remark":"Approved","st_area(shape)":0.002373494578482809,"st_perimeter(shape)":0.40051990778834845}},{"type":"Feature","geometry":{"type":"MultiPolygon","coordinates":[[[[77.5532,12.9035],[77.5527,12.902],[77.5511,12.9021],[77.5517,12.9003],[77.5505,12.9017],[77.5481,12.8945],[77.5499,12.8889],[77.5476,12.8864],[77.55,12.8846],[77.5513,12.8768],[77.5547,12.8771],[77.5556,12.8759],[77.5607,12.8753],[77.5629,12.8775],[77.5673,12.8766],[77.5677,12.8792],[77.566,12.8791],[77.5661,12.8804],[77.5631,12.8813],[77.5627,12.8825],[77.5661,12.8826],[77.5666,12.8863],[77.5688,12.8866],[77.5694,12.8901],[77.5716,12.8903],[77.5718,12.8942],[77.5595,12.8935],[77.559,12.8952],[77.5549,12.8964],[77.5564,12.903],[77.5532,12.9035]]],[[[77.5506,12.9158],[77.548,12.9165],[77.5486,12.9181],[77.5468,12.9183],[77.5453,12.916],[77.547,12.9149],[77.5464,12.9125],[77.5451,12.9123],[77.5444,12.9102],[77.5471,12.9109],[77.5471,12.9097],[77.5496,12.9094],[77.5493,12.9078],[77.5536,12.9063],[77.5559,12.9115],[77.5523,12.9118],[77.5536,12.9144],[77.5506,12.9158]]]]},"properties":{"objectid":117285,"statename":"Karnataka","statecode":"29","districtname":"Bengaluru Urban","districtcode":"572","ulbname":"Bruhat Bengaluru Mahanagara Palike","ulbcode":"803162","wardname":"Vasanthpura","wardcode":"197","id":null,"remark":"Approved","st_area(shape)":0.0004420624734999592,"st_perimeter(shape)":0.1651859992214766}}]}