{"type":"FeatureCollection","features":[{"type":"Feature","geometry":{"type":"Polygon","coordinates":[[[85.1585,25.6035],[85.1417,25.6042],[85.1422,25.6024],[85.145,25.6028],[85.1442,25.5961],[85.1482,25.5964],[85.1477,25.6008],[85.1581,25.5999],[85.1585,25.6035]]]},"properties":{"objectid":71333,"statename":"Bihar","statecode":"10","districtname":"Patna","districtcode":"230","ulbname":"Patna","ulbcode":"801373","wardname":"Ward 35","wardcode":null,"id":null,"remark":"--","st_area(shape)":7.135428880998268e-05,"st_perimeter(shape)":0.05096137595947414}},{"type":"Feature","geometry":{"type":"Polygon","coordinates":[[[85.1585,25.6035],[85.1417,25.6042],[85.1422,25.6024],[85.145,25.6028],[85.1442,25.5961],[85.1482,25.5964],[85.1477,25.6008],[85.1581,25.5999],[85.1585,25.6035]]]},"properties":{"objectid":71334,"statename":"Bihar","statecode":"10","districtname":"Patna","districtcode":"230","ulbname":"Patna","ulbcode":"801373","wardname":"Ward 35","wardcode":null,"id":null,"remark":"--","st_area(shape)":7.135428880998268e-05,"st_perimeter(shape)":0.05096137595947414}},{"type":"Feature","geometry":{"type":"Polygon","coordinates":[[[85.0916,25.6492],[85.0832,25.6498],[85.0814,25.6481],[85.0694,25.6224],[85.073,25.6223],[85.0736,25.6212],[85.0829,25.622],[85.0851,25.6287],[85.09,25.6291],[85.0907,25.6326],[85.0987,25.6307],[85.099,25.6326],[85.0929,25.6418],[85.0916,25.6492]]]},"properties":{"objectid":71335,"statename":"Bihar","statecode":"10","districtname":"Patna","districtcode":"230","ulbname":"Patna","ulbcode":"801373","wardname":"Ward 1","wardcode":null,"id":null,"remark":"--","st_area(shape)":0.00044252671889080235,"st_perimeter(shape)":0.1011084840651029}},{"type":"Feature","geometry":{"type":"Polygon","coordinates":[[[85.0916,25.6492],[85.0832,25.6498],[85.0814,25.6481],[85.0694,25.6224],[85.073,25.6223],[85.0736,25.6212],[85.0829,25.622],[85.0851,25.6287],[85.09,25.6291],[85.0907,25.6326],[85.0987,25.6307],[85.099,25.6326],[85.0929,25.6418],[85.0916,25.6492]]]},"properties":{"objectid":71336,"statename":"Bihar","statecode":"10","districtname":"Patna","districtcode":"230","ulbname":"Patna","ulbcode":"801373","wardname":"Ward 1","wardcode":null,"id":null,"remark":"--","st_area(shape)":0.00044252671889080235,"st_perimeter(shape)":0.1011084840651029}},{"type":"Feature","geometry":{"type":"Polygon","coordinates":[[[85.0916,25.6492],[85.0832,25.6498],[85.0814,25.6481],[85.0694,25.6224],[85.073,25.6223],[85.0736,25.6212],[85.0829,25.622],[85.0851,25.6287],[85.09,25.6291],[85.0907,25.6326],[85.0987,25.6307],[85.099,25.6326],[85.0929,25.6418],[85.0916,25.6492]]]},"properties":{"objectid":71337,"statename":"Bihar","statecode":"10","districtname":"Patna","districtcode":"230","ulbname":"Patna","ulbcode":"801373","wardname":"Ward 1","wardcode":null,"id":null,"remark":"--","st_area(shape)":0.00044252671889080235,"st_perimeter(shape)":0.1011084840651029}},{"type":"Feature","geometry":{"type":"Polygon","coordinates":[[[85.0916,25.6492],[85.0832,25.6498],[85.0814,25.6481],[85.0694,25.6224],[85.073,25.6223],[85.0736,25.6212],[85.0829,25.622],[85.0851,25.6287],[85.09,25.6291],[85.0907,25.6326],[85.0987,25.6307],[85.099,25.6326],[85.0929,25.6418],[85.0916,25.6492]]]},"properties":{"objectid":71342,"statename":"Bihar","statecode":"10","districtname":"Patna","districtcode":"230","ulbname":"Patna","ulbcode":"801373","wardname":"Ward 1","wardcode":null,"id":null,"remark":"--","st_area(shape)":0.00044252671889080235,"st_perimeter(shape)":0.1011084840651029}},{"type":"Feature","geometry":{"type":"Polygon","coordinates":[[[85.0916,25.6492],[85.0832,25.6498],[85.0814,25.6481],[85.0694,25.6224],[85.073,25.6223],[85.0736,25.6212],[85.0829,25.622],[85.0851,25.6287],[85.09,25.6291],[85.0907,25.6326],[85.0987,25.6307],[85.099,25.6326],[85.0929,25.6418],[85.0916,25.6492]]]},"properties":{"objectid":71343,"statename":"Bihar","statecode":"10","districtname":"Patna","districtcode":"230","ulbname":"Patna","ulbcode":"801373","wardname":"Ward 1","wardcode":null,"id":null,"remark":"--","st_area(shape)":0.00044252671889080235,"st_perimeter(shape)":0.1011084840651029}},{"type":"Feature","geometry":{"type":"Polygon","coordinates":[[[85.1585,25.6035],[85.1417,25.6042],[85.1422,25.6024],[85.145,25.6028],[85.1442,25.5961],[85.1482,25.5964],[85.1477,25.6008],[85.1581,25.5999],[85.1585,25.6035]]]},"properties":{"objectid":71344,"statename":"Bihar","statecode":"10","districtname":"Patna","districtcode":"230","ulbname":"Patna","ulbcode":"801373","wardname":"Ward 35","wardcode":null,"id":null,"remark":"--","st_area(shape)":7.135428880998268e-05,"st_perimeter(shape)":0.05096137595947414}},{"type":"Feature","geometry":{"type":"Polygon","coordinates":[[[85.1585,25.6035],[85.1417,25.6042],[85.1422,25.6024],[85.145,25.6028],[85.1442,25.5961],[85.1482,25.5964],[85.1477,25.6008],[85.1581,25.5999],[85.1585,25.6035]]]},"properties":{"objectid":71346,"statename":"Bihar","statecode":"10","districtname":"Patna","districtcode":"230","ulbname":"Patna","ulbcode":"801373","wardname":"Ward 35","wardcode":null,"id":null,"remark":"--","st_area(shape)":7.135428880998268e-05,"st_perimeter(shape)":0.05096137595947414}},{"type":"Feature","geometry":{"type":"Polygon","coordinates":[[[85.1891,25.6146],[85.1809,25.6169],[85.181,25.616],[85.1858,25.6149],[85.1846,25.6112],[85.1888,25.6102],[85.1891,25.6146]]]},"properties":{"objectid":71363,"statename":"Bihar","statecode":"10","districtname":"Patna","districtcode":"230","ulbname":"Patna","ulbcode":"801373","wardname":"Ward 51","wardcode":null,"id":null,"remark":"--","st_area(shape)":2.0792693640902058e-05,"st_perimeter(shape)":0.02724283818177671}},{"type":"Feature","geometry":{"type":"Polygon","coordinates":[[[85.1523,25.6185],[85.1499,25.6155],[85.154,25.6148],[85.155,25.6186],[85.1523,25.6185]]]},"properties":{"objectid":71364,"statename":"Bihar","statecode":"10","districtname":"Patna","districtcode":"230","ulbname":"Patna","ulbcode":"801373","wardname":"Ward 39","wardcode":null,"id":null,"remark":"--","st_area(shape)":1.3372227928594435e-05,"st_perimeter(shape)":0.015322938339936507}},{"type":"Feature","geometry":{"type":"Polygon","coordinates":[[[85.1583,25.6159],[85.1545,25.6148],[85.1535,25.6118],[85.166,25.6101],[85.1669,25.6148],[85.1583,25.6159]]]},"properties":{"objectid":71365,"statename":"Bihar","statecode":"10","districtname":"Patna","districtcode":"230","ulbname":"Patna","ulbcode":"801373","wardname":"Ward 42","wardcode":null,"id":null,"remark":"--","st_area(shape)":5.706907945664338e-05,"st_perimeter(shape)":0.03345425411991174}},{"type":"Feature","geometry":{"type":"Polygon","coordinates":[[[85.1479,25.5761],[85.1491,25.5818],[85.1515,25.584],[85.143,25.5841],[85.1437,25.5879],[85.1454,25.5887],[85.1458,25.5964],[85.1387,25.5955],[85.1376,25.5892],[85.1404,25.5884],[85.1408,25.5844],[85.1421,25.5842],[85.1422,25.5759],[85.1479,25.5761]]]},"properties":{"objectid":71366,"statename":"Bihar","statecode":"10","districtname":"Patna","districtcode":"230","ulbname":"Patna","ulbcode":"801373","wardname":"Ward 31","wardcode":null,"id":null,"remark":"--","st_area(shape)":0.00012060492037499083,"st_perimeter(shape)":0.07010957503007177}},{"type":"Feature","geometry":{"type":"Polygon","coordinates":[[[85.2007,25.5978],[85.2002,25.5947],[85.2039,25.5929],[85.201,25.5844],[85.2208,25.5803],[85.2247,25.589],[85.209,25.5971],[85.2007,25.5978]]]},"properties":{"objectid":71367,"statename":"Bihar","statecode":"10","districtname":"Patna","districtcode":"230","ulbname":"Patna","ulbcode":"801373","wardname":"Ward 61","wardcode":null,"id":null,"remark":"--","st_area(shape)":0.0002612585716276532,"st_perimeter(shape)":0.07373372008859677}},{"type":"Feature","geometry":{"type":"Polygon","coordinates":[[[85.2322,25.5935],[85.2244,25.5984],[85.2239,25.5957],[85.2252,25.5924],[85.2274,25.5921],[85.2273,25.5941],[85.2295,25.594],[85.2319,25.5919],[85.2322,25.5935]]]},"properties":{"objectid":71368,"statename":"Bihar","statecode":"10","districtname":"Patna","districtcode":"230","ulbname":"Patna","ulbcode":"801373","wardname":"Ward 66","wardcode":null,"id":null,"remark":"--","st_area(shape)":2.418300976092731e-05,"st_perimeter(shape)":0.029957472618745463}},{"type":"Feature","geometry":{"type":"Polygon","coordinates":[[[85.1733,25.6119],[85.1731,25.6061],[85.1692,25.6058],[85.1669,25.6028],[85.1866,25.601],[85.1878,25.6057],[85.1865,25.6065],[85.1858,25.6098],[85.1733,25.6119]]]},"properties":{"objectid":71369,"statename":"Bihar","statecode":"10","districtname":"Patna","districtcode":"230","ulbname":"Patna","ulbcode":"801373","wardname":"Ward 47","wardcode":null,"id":null,"remark":"--","st_area(shape)":0.00013738520245765032,"st_perimeter(shape)":0.05747856814922811}},{"type":"Feature","geometry":{"type":"Polygon","coordinates":[[[85.1026,25.5796],[85.1034,25.584],[85.1066,25.5851],[85.1056,25.5895],[85.096,25.5852],[85.0988,25.5785],[85.1026,25.5796]]]},"properties":{"objectid":71370,"statename":"Bihar","statecode":"10","districtname":"Patna","districtcode":"230","ulbname":"Patna","ulbcode":"801373","wardname":"Ward 12","wardcode":null,"id":null,"remark":"--","st_area(shape)":6.199958245338184e-05,"st_perimeter(shape)":0.03473221513218523}},{"type":"Feature","geometry":{"type":"Polygon","coordinates":[[[85.1299,25.6244],[85.1261,25.6261],[85.1216,25.6182],[85.1298,25.6166],[85.1294,25.6191],[85.1315,25.6235],[85.1299,25.6244]]]},"properties":{"objectid":71371,"statename":"Bihar","statecode":"10","districtname":"Patna","districtcode":"230","ulbname":"Patna","ulbcode":"801373","wardname":"Ward 24","wardcode":null,"id":null,"remark":"--","st_area(shape)":5.50245516732731e-05,"st_perimeter(shape)":0.03420680897808303}},{"type":"Feature","geometry":{"type":"Polygon","coordinates":[[[85.1585,25.6035],[85.1417,25.6042],[85.1422,25.6024],[85.145,25.6028],[85.1442,25.5961],[85.1482,25.5964],[85.1477,25.6008],[85.1581,25.5999],[85.1585,25.6035]]]},"properties":{"objectid":71372,"statename":"Bihar","statecode":"10","districtname":"Patna","districtcode":"230","ulbname":"Patna","ulbcode":"801373","wardname":"Ward 35","wardcode":null,"id":null,"remark":"--","st_area(shape)":7.135428880998268e-05,"st_perimeter(shape)":0.05096137595947414}},{"type":"Feature","geometry":{"type":"Polygon","coordinates":[[[85.1866,25.601],[85.176,25.602],[85.1749,25.5979],[85.1772,25.5976],[85.1765,25.5936],[85.18,25.5933],[85.1783,25.5854],[85.1877,25.5855],[85.195,25.5995],[85.1866,25.601]]]},"properties":{"objectid":71373,"statename":"Bihar","statecode":"10","districtname":"Patna","districtcode":"230","ulbname":"Patna","ulbcode":"801373","wardname":"Ward 55","wardcode":null,"id":null,"remark":"--","st_area(shape)":0.00021737953866500105,"st_perimeter(shape)":0.06681883821356727}},{"type":"Feature","geometry":{"type":"Polygon","coordinates":[[[85.1525,25.607],[85.1473,25.6073],[85.1471,25.6092],[85.1414,25.6062],[85.1418,25.6042],[85.1585,25.6035],[85.1585,25.6069],[85.1525,25.607]]]},"properties":{"objectid":71374,"statename":"Bihar","statecode":"10","districtname":"Patna","districtcode":"230","ulbname":"Patna","ulbcode":"801373","wardname":"Ward 36","wardcode":null,"id":null,"remark":"--","st_area(shape)":5.3543845213052913e-05,"st_perimeter(shape)":0.042590692145210204}},{"type":"Feature","geometry":{"type":"Polygon","coordinates":[[[85.2475,25.5712],[85.2547,25.572],[85.2614,25.5663],[85.2652,25.5686],[85.2512,25.5824],[85.2474,25.5762],[85.249,25.575],[85.2475,25.5712]]]},"properties":{"objectid":71375,"statename":"Bihar","statecode":"10","districtname":"Patna","districtcode":"230","ulbname":"Patna","ulbcode":"801373","wardname":"Ward 72","wardcode":null,"id":null,"remark":"--","st_area(shape)":0.00010958027418528445,"st_perimeter(shape)":0.05475288674783341}},{"type":"Feature","geometry":{"type":"Polygon","coordinates":[[[85.2202,25.6008],[85.2106,25.606],[85.2107,25.6014],[85.2202,25.6008]]]},"properties":{"objectid":71376,"statename":"Bihar","statecode":"10","districtname":"Patna","districtcode":"230","ulbname":"Patna","ulbcode":"801373","wardname":"Ward 59","wardcode":null,"id":null,"remark":"--","st_area(shape)":1.9336876434743115e-05,"st_perimeter(shape)":0.0254832675424762}},{"type":"Feature","geometry":{"type":"Polygon","coordinates":[[[85.0916,25.6492],[85.0832,25.6498],[85.0814,25.6481],[85.0694,25.6224],[85.073,25.6223],[85.0736,25.6212],[85.0829,25.622],[85.0851,25.6287],[85.09,25.6291],[85.0907,25.6326],[85.0987,25.6307],[85.099,25.6326],[85.0929,25.6418],[85.0916,25.6492]]]},"properties":{"objectid":71434,"statename":"Bihar","statecode":"10","districtname":"Patna","districtcode":"230","ulbname":"Patna","ulbcode":"801373","wardname":"Ward 1","wardcode":null,"id":null,"remark":"--","st_area(shape)":0.0004425267265973815,"st_perimeter(shape)":0.10110848406516723}},{"type":"Feature","geometry":{"type":"Polygon","coordinates":[[[85.1589,25.6191],[85.1548,25.6189],[85.154,25.6148],[85.1583,25.6159],[85.1589,25.6191]]]},"properties":{"objectid":71436,"statename":"Bihar","statecode":"10","districtname":"Patna","districtcode":"230","ulbname":"Patna","ulbcode":"801373","wardname":"Ward 40","wardcode":null,"id":null,"remark":"--","st_area(shape)":1.52976963527057e-05,"st_perimeter(shape)":0.01625671745488971}},{"type":"Feature","geometry":{"type":"Polygon","coordinates":[[[85.1583,25.6159],[85.1545,25.6148],[85.1535,25.6118],[85.166,25.6101],[85.1669,25.6148],[85.1583,25.6159]]]},"properties":{"objectid":71437,"statename":"Bihar","statecode":"10","districtname":"Patna","districtcode":"230","ulbname":"Patna","ulbcode":"801373","wardname":"Ward 42","wardcode":null,"id":null,"remark":"--","st_area(shape)":5.706907945664338e-05,"st_perimeter(shape)":0.03345425411991174}},{"type":"Feature","geometry":{"type":"Polygon","coordinates":[[[85.0757,25.587],[85.0753,25.5913],[85.0766,25.5936],[85.0763,25.5973],[85.0741,25.6005],[85.0741,25.6061],[85.0633,25.6091],[85.0544,25.5805],[85.0695,25.5784],[85.0723,25.5864],[85.0757,25.587]]]},"properties":{"objectid":71438,"statename":"Bihar","statecode":"10","districtname":"Patna","districtcode":"230","ulbname":"Patna","ulbcode":"801373","wardname":"Ward 3","wardcode":null,"id":null,"remark":"--","st_area(shape)":0.00045838838210547015,"st_perimeter(shape)":0.08947253857604667}},{"type":"Feature","geometry":{"type":"Polygon","coordinates":[[[85.086,25.5871],[85.0911,25.5881],[85.09,25.5903],[85.0994,25.5949],[85.0893,25.5992],[85.0933,25.6045],[85.0741,25.6062],[85.0741,25.6005],[85.0763,25.5973],[85.0766,25.5936],[85.0753,25.5913],[85.0757,25.587],[85.086,25.5871]]]},"properties":{"objectid":71439,"statename":"Bihar","statecode":"10","districtname":"Patna","districtcode":"230","ulbname":"Patna","ulbcode":"801373","wardname":"Ward 4","wardcode":null,"id":null,"remark":"--","st_area(shape)":0.0003136154442459095,"st_perimeter(shape)":0.08749715984928894}},{"type":"Feature","geometry":{"type":"Polygon","coordinates":[[[85.0959,25.6222],[85.0926,25.6225],[85.0915,25.6148],[85.0956,25.6133],[85.0937,25.6089],[85.0963,25.608],[85.0943,25.6044],[85.1107,25.6037],[85.1101,25.6083],[85.1038,25.6099],[85.1049,25.6144],[85.1007,25.6151],[85.1013,25.6194],[85.0959,25.6222]]]},"properties":{"objectid":71440,"statename":"Bihar","statecode":"10","districtname":"Patna","districtcode":"230","ulbname":"Patna","ulbcode":"801373","wardname":"Ward 8","wardcode":null,"id":null,"remark":"--","st_area(shape)":0.00019144082141202826,"st_perimeter(shape)":0.07827702133680765}},{"type":"Feature","geometry":{"type":"Polygon","coordinates":[[[85.126,25.5991],[85.1211,25.6013],[85.1168,25.6069],[85.111,25.6037],[85.0933,25.6045],[85.0893,25.5992],[85.0994,25.5949],[85.09,25.5903],[85.0911,25.5881],[85.0965,25.5889],[85.126,25.5991]]]},"properties":{"objectid":71441,"statename":"Bihar","statecode":"10","districtname":"Patna","districtcode":"230","ulbname":"Patna","ulbcode":"801373","wardname":"Ward 9","wardcode":null,"id":null,"remark":"--","st_area(shape)":0.00033635382263095447,"st_perimeter(shape)":0.10552839365040226}},{"type":"Feature","geometry":{"type":"Polygon","coordinates":[[[85.1422,25.5759],[85.1421,25.5842],[85.1408,25.5844],[85.1404,25.5884],[85.1376,25.5892],[85.1387,25.5955],[85.1369,25.5956],[85.1338,25.5849],[85.119,25.5836],[85.1111,25.5702],[85.1161,25.5709],[85.1175,25.5726],[85.1225,25.5723],[85.1267,25.5759],[85.1291,25.5744],[85.1318,25.5761],[85.1373,25.5751],[85.1422,25.5759]]]},"properties":{"objectid":71442,"statename":"Bihar","statecode":"10","districtname":"Patna","districtcode":"230","ulbname":"Patna","ulbcode":"801373","wardname":"Ward 30","wardcode":null,"id":null,"remark":"--","st_area(shape)":0.00031567310338852657,"st_perimeter(shape)":0.10459156991877967}},{"type":"Feature","geometry":{"type":"Polygon","coordinates":[[[85.1132,25.6116],[85.1063,25.6123],[85.1047,25.6137],[85.1038,25.6099],[85.1101,25.6083],[85.1097,25.6059],[85.1111,25.6037],[85.1168,25.6069],[85.1132,25.6116]]]},"properties":{"objectid":71443,"statename":"Bihar","statecode":"10","districtname":"Patna","districtcode":"230","ulbname":"Patna","ulbcode":"801373","wardname":"Ward 20","wardcode":null,"id":null,"remark":"--","st_area(shape)":5.50736919238354e-05,"st_perimeter(shape)":0.03850120625181704}},{"type":"Feature","geometry":{"type":"Polygon","coordinates":[[[85.1228,25.5928],[85.1213,25.5931],[85.1196,25.5914],[85.119,25.5836],[85.1234,25.5845],[85.1222,25.5855],[85.1226,25.5875],[85.125,25.5921],[85.1228,25.5928]]]},"properties":{"objectid":71444,"statename":"Bihar","statecode":"10","districtname":"Patna","districtcode":"230","ulbname":"Patna","ulbcode":"801373","wardname":"Ward 16","wardcode":null,"id":null,"remark":"--","st_area(shape)":3.356689955918747e-05,"st_perimeter(shape)":0.029389796862637742}},{"type":"Feature","geometry":{"type":"Polygon","coordinates":[[[85.2352,25.5916],[85.2322,25.5935],[85.2319,25.5919],[85.2306,25.5924],[85.2291,25.5867],[85.2332,25.5844],[85.2352,25.5916]]]},"properties":{"objectid":71445,"statename":"Bihar","statecode":"10","districtname":"Patna","districtcode":"230","ulbname":"Patna","ulbcode":"801373","wardname":"Ward 67","wardcode":null,"id":null,"remark":"--","st_area(shape)":3.369458658589137e-05,"st_perimeter(shape)":0.02643899397727975}},{"type":"Feature","geometry":{"type":"Polygon","coordinates":[[[85.0943,25.6044],[85.0963,25.608],[85.0937,25.6089],[85.0956,25.6133],[85.0915,25.614],[85.0926,25.6225],[85.0829,25.6219],[85.0805,25.6054],[85.0943,25.6044]]]},"properties":{"objectid":71449,"statename":"Bihar","statecode":"10","districtname":"Patna","districtcode":"230","ulbname":"Patna","ulbcode":"801373","wardname":"Ward 5","wardcode":null,"id":null,"remark":"--","st_area(shape)":0.0001974359701712201,"st_perimeter(shape)":0.06579785633436391}},{"type":"Feature","geometry":{"type":"Polygon","coordinates":[[[85.0987,25.6307],[85.0907,25.6326],[85.09,25.6291],[85.0851,25.6287],[85.0829,25.6219],[85.0961,25.6223],[85.0987,25.6307]]]},"properties":{"objectid":71700,"statename":"Bihar","statecode":"10","districtname":"Patna","districtcode":"230","ulbname":"Patna","ulbcode":"801373","wardname":"Ward 6","wardcode":null,"id":null,"remark":"--","st_area(shape)":0.00010903042909404791,"st_perimeter(shape)":0.04701115624377202}},{"type":"Feature","geometry":{"type":"Polygon","coordinates":[[[85.1442,25.5961],[85.145,25.6028],[85.1422,25.6024],[85.1412,25.6042],[85.1336,25.602],[85.1292,25.5846],[85.1338,25.5849],[85.1369,25.5956],[85.1442,25.5961]]]},"properties":{"objectid":71701,"statename":"Bihar","statecode":"10","districtname":"Patna","districtcode":"230","ulbname":"Patna","ulbcode":"801373","wardname":"Ward 29","wardcode":null,"id":null,"remark":"--","st_area(shape)":0.00013186766438388594,"st_perimeter(shape)":0.06125116955616793}},{"type":"Feature","geometry":{"type":"Polygon","coordinates":[[[85.2058,25.608],[85.2012,25.609],[85.2003,25.6063],[85.2107,25.6014],[85.2106,25.606],[85.2058,25.608]]]},"properties":{"objectid":71702,"statename":"Bihar","statecode":"10","districtname":"Patna","districtcode":"230","ulbname":"Patna","ulbcode":"801373","wardname":"Ward 58","wardcode":null,"id":null,"remark":"--","st_area(shape)":4.291865390450613e-05,"st_perimeter(shape)":0.029324304588163888}},{"type":"Feature","geometry":{"type":"Polygon","coordinates":[[[85.2475,25.5712],[85.249,25.575],[85.2301,25.5861],[85.2273,25.5826],[85.2245,25.5831],[85.2227,25.5746],[85.2331,25.5715],[85.2342,25.5749],[85.2475,25.5712]]]},"properties":{"objectid":71703,"statename":"Bihar","statecode":"10","districtname":"Patna","districtcode":"230","ulbname":"Patna","ulbcode":"801373","wardname":"Ward 68","wardcode":null,"id":null,"remark":"--","st_area(shape)":0.00021119810538895413,"st_perimeter(shape)":0.0729750625398411}},{"type":"Feature","geometry":{"type":"Polygon","coordinates":[[[85.2352,25.5916],[85.2322,25.5935],[85.2319,25.5919],[85.2306,25.5924],[85.2291,25.5867],[85.2332,25.5844],[85.2352,25.5916]]]},"properties":{"objectid":71704,"statename":"Bihar","statecode":"10","districtname":"Patna","districtcode":"230","ulbname":"Patna","ulbcode":"801373","wardname":"Ward 67","wardcode":null,"id":null,"remark":"--","st_area(shape)":3.369458658589137e-05,"st_perimeter(shape)":0.02643899397727975}},{"type":"Feature","geometry":{"type":"Polygon","coordinates":[[[85.2388,25.5897],[85.2352,25.5916],[85.2333,25.5845],[85.2365,25.5846],[85.2388,25.5897]]]},"properties":{"objectid":71705,"statename":"Bihar","statecode":"10","districtname":"Patna","districtcode":"230","ulbname":"Patna","ulbcode":"801373","wardname":"Ward 69","wardcode":null,"id":null,"remark":"--","st_area(shape)":2.495842423230115e-05,"st_perimeter(shape)":0.020806804767102033}},{"type":"Feature","geometry":{"type":"Polygon","coordinates":[[[85.1059,25.6422],[85.1,25.6464],[85.0916,25.6492],[85.0929,25.6418],[85.097,25.6353],[85.0996,25.636],[85.1026,25.6429],[85.1052,25.6415],[85.1059,25.6422]]]},"properties":{"objectid":71706,"statename":"Bihar","statecode":"10","districtname":"Patna","districtcode":"230","ulbname":"Patna","ulbcode":"801373","wardname":"Ward 22A","wardcode":null,"id":null,"remark":"--","st_area(shape)":9.966728137847147e-05,"st_perimeter(shape)":0.04599478876545776}},{"type":"Feature","geometry":{"type":"Polygon","coordinates":[[[85.181,25.616],[85.1792,25.6162],[85.1775,25.6142],[85.1737,25.6148],[85.1733,25.6121],[85.1858,25.6098],[85.186,25.611],[85.1846,25.6112],[85.1858,25.6149],[85.181,25.616]]]},"properties":{"objectid":71707,"statename":"Bihar","statecode":"10","districtname":"Patna","districtcode":"230","ulbname":"Patna","ulbcode":"801373","wardname":"Ward 50","wardcode":null,"id":null,"remark":"--","st_area(shape)":5.525901077805235e-05,"st_perimeter(shape)":0.03680030880208542}},{"type":"Feature","geometry":{"type":"Polygon","coordinates":[[[85.1692,25.6058],[85.1733,25.6064],[85.1743,25.6171],[85.1669,25.6148],[85.1653,25.607],[85.1692,25.6058]]]},"properties":{"objectid":71708,"statename":"Bihar","statecode":"10","districtname":"Patna","districtcode":"230","ulbname":"Patna","ulbcode":"801373","wardname":"Ward 48","wardcode":null,"id":null,"remark":"--","st_area(shape)":7.375111655149323e-05,"st_perimeter(shape)":0.037183838000610786}},{"type":"Feature","geometry":{"type":"Polygon","coordinates":[[[85.1589,25.6191],[85.1548,25.6189],[85.154,25.6148],[85.1583,25.6159],[85.1589,25.6191]]]},"properties":{"objectid":71709,"statename":"Bihar","statecode":"10","districtname":"Patna","districtcode":"230","ulbname":"Patna","ulbcode":"801373","wardname":"Ward 40","wardcode":null,"id":null,"remark":"--","st_area(shape)":1.52976963527057e-05,"st_perimeter(shape)":0.01625671745488971}},{"type":"Feature","geometry":{"type":"Polygon","coordinates":[[[85.1523,25.6185],[85.1499,25.6155],[85.154,25.6148],[85.155,25.6186],[85.1523,25.6185]]]},"properties":{"objectid":71710,"statename":"Bihar","statecode":"10","districtname":"Patna","districtcode":"230","ulbname":"Patna","ulbcode":"801373","wardname":"Ward 39","wardcode":null,"id":null,"remark":"--","st_area(shape)":1.3372227928594435e-05,"st_perimeter(shape)":0.015322938339936507}},{"type":"Feature","geometry":{"type":"Polygon","coordinates":[[[85.126,25.5991],[85.1211,25.6013],[85.1168,25.6069],[85.111,25.6037],[85.0933,25.6045],[85.0893,25.5992],[85.0994,25.5949],[85.09,25.5903],[85.0911,25.5881],[85.0965,25.5889],[85.126,25.5991]]]},"properties":{"objectid":71711,"statename":"Bihar","statecode":"10","districtname":"Patna","districtcode":"230","ulbname":"Patna","ulbcode":"801373","wardname":"Ward 9","wardcode":null,"id":null,"remark":"--","st_area(shape)":0.00033635382263095447,"st_perimeter(shape)":0.10552839365040226}},{"type":"Feature","geometry":{"type":"Polygon","coordinates":[[[85.1494,25.6183],[85.1478,25.6152],[85.1444,25.6151],[85.1435,25.6125],[85.1454,25.6118],[85.1452,25.6104],[85.1475,25.6102],[85.1492,25.6158],[85.1523,25.6185],[85.1494,25.6183]]]},"properties":{"objectid":71712,"statename":"Bihar","statecode":"10","districtname":"Patna","districtcode":"230","ulbname":"Patna","ulbcode":"801373","wardname":"Ward 37","wardcode":null,"id":null,"remark":"--","st_area(shape)":2.357808306674176e-05,"st_perimeter(shape)":0.031000141605438427}},{"type":"Feature","geometry":{"type":"Polygon","coordinates":[[[85.1216,25.6181],[85.1177,25.62],[85.1174,25.6189],[85.113,25.6191],[85.1126,25.6174],[85.1188,25.6127],[85.1216,25.6181]]]},"properties":{"objectid":71713,"statename":"Bihar","statecode":"10","districtname":"Patna","districtcode":"230","ulbname":"Patna","ulbcode":"801373","wardname":"Ward 23","wardcode":null,"id":null,"remark":"--","st_area(shape)":3.4896936557308824e-05,"st_perimeter(shape)":0.026505806814010477}},{"type":"Feature","geometry":{"type":"Polygon","coordinates":[[[85.1554,25.5791],[85.1561,25.5843],[85.1532,25.5841],[85.1531,25.5876],[85.1456,25.5901],[85.1453,25.5884],[85.1437,25.5879],[85.143,25.5841],[85.1515,25.584],[85.1491,25.5818],[85.1479,25.5761],[85.1507,25.5761],[85.1523,25.5789],[85.1554,25.5791]]]},"properties":{"objectid":71714,"statename":"Bihar","statecode":"10","districtname":"Patna","districtcode":"230","ulbname":"Patna","ulbcode":"801373","wardname":"Ward 32","wardcode":null,"id":null,"remark":"--","st_area(shape)":9.024802049165123e-05,"st_perimeter(shape)":0.05675708941661854}},{"type":"Feature","geometry":{"type":"Polygon","coordinates":[[[85.1479,25.5761],[85.1491,25.5818],[85.1515,25.584],[85.143,25.5841],[85.1437,25.5879],[85.1454,25.5887],[85.1458,25.5964],[85.1387,25.5955],[85.1376,25.5892],[85.1404,25.5884],[85.1408,25.5844],[85.1421,25.5842],[85.1422,25.5759],[85.1479,25.5761]]]},"properties":{"objectid":71715,"statename":"Bihar","statecode":"10","districtname":"Patna","districtcode":"230","ulbname":"Patna","ulbcode":"801373","wardname":"Ward 31","wardcode":null,"id":null,"remark":"--","st_area(shape)":0.00012060492037499083,"st_perimeter(shape)":0.07010957503007177}},{"type":"Feature","geometry":{"type":"Polygon","coordinates":[[[85.1666,25.5775],[85.1668,25.5852],[85.1616,25.5848],[85.162,25.5886],[85.1598,25.5888],[85.1604,25.5933],[85.1635,25.5928],[85.1628,25.5937],[85.1652,25.602],[85.167,25.6029],[85.1586,25.6038],[85.1571,25.5898],[85.1585,25.5891],[85.1585,25.5845],[85.1561,25.5843],[85.1554,25.5791],[85.1666,25.5775]]]},"properties":{"objectid":71716,"statename":"Bihar","statecode":"10","districtname":"Patna","districtcode":"230","ulbname":"Patna","ulbcode":"801373","wardname":"Ward 44","wardcode":null,"id":null,"remark":"--","st_area(shape)":0.00016206403362254088,"st_perimeter(shape)":0.09014011399380746}},{"type":"Feature","geometry":{"type":"Polygon","coordinates":[[[85.2058,25.608],[85.1897,25.6137],[85.2003,25.6063],[85.2012,25.609],[85.2058,25.608]]]},"properties":{"objectid":71717,"statename":"Bihar","statecode":"10","districtname":"Patna","districtcode":"230","ulbname":"Patna","ulbcode":"801373","wardname":"Ward 53","wardcode":null,"id":null,"remark":"--","st_area(shape)":2.9807709151769223e-05,"st_perimeter(shape)":0.03803740517389119}},{"type":"Feature","geometry":{"type":"Polygon","coordinates":[[[85.2475,25.5712],[85.249,25.575],[85.2301,25.5861],[85.2273,25.5826],[85.2245,25.5831],[85.2227,25.5746],[85.2331,25.5715],[85.2342,25.5749],[85.2475,25.5712]]]},"properties":{"objectid":71718,"statename":"Bihar","statecode":"10","districtname":"Patna","districtcode":"230","ulbname":"Patna","ulbcode":"801373","wardname":"Ward 68","wardcode":null,"id":null,"remark":"--","st_area(shape)":0.00021119810538895413,"st_perimeter(shape)":0.0729750625398411}},{"type":"Feature","geometry":{"type":"Polygon","coordinates":[[[85.0916,25.6492],[85.0832,25.6498],[85.0814,25.6481],[85.0694,25.6224],[85.073,25.6223],[85.0736,25.6212],[85.0829,25.622],[85.0851,25.6287],[85.09,25.6291],[85.0907,25.6326],[85.0987,25.6307],[85.099,25.6326],[85.0929,25.6418],[85.0916,25.6492]]]},"properties":{"objectid":71823,"statename":"Bihar","statecode":"10","districtname":"Patna","districtcode":"230","ulbname":"Patna","ulbcode":"801373","wardname":"Ward 1","wardcode":null,"id":null,"remark":"--","st_area(shape)":0.0004425267265973815,"st_perimeter(shape)":0.10110848406516723}},{"type":"Feature","geometry":{"type":"Polygon","coordinates":[[[85.0633,25.6091],[85.0705,25.6066],[85.0805,25.6054],[85.0829,25.622],[85.0736,25.6212],[85.073,25.6223],[85.0694,25.6224],[85.0633,25.6091]]]},"properties":{"objectid":71824,"statename":"Bihar","statecode":"10","districtname":"Patna","districtcode":"230","ulbname":"Patna","ulbcode":"801373","wardname":"Ward 2","wardcode":null,"id":null,"remark":"--","st_area(shape)":0.0002493670272286717,"st_perimeter(shape)":0.06527911572616656}},{"type":"Feature","geometry":{"type":"Polygon","coordinates":[[[85.0943,25.6044],[85.0963,25.608],[85.0937,25.6089],[85.0956,25.6133],[85.0915,25.614],[85.0926,25.6225],[85.0829,25.6219],[85.0805,25.6054],[85.0943,25.6044]]]},"properties":{"objectid":71825,"statename":"Bihar","statecode":"10","districtname":"Patna","districtcode":"230","ulbname":"Patna","ulbcode":"801373","wardname":"Ward 5","wardcode":null,"id":null,"remark":"--","st_area(shape)":0.0001974359701712201,"st_perimeter(shape)":0.06579785633436391}},{"type":"Feature","geometry":{"type":"Polygon","coordinates":[[[85.0916,25.6492],[85.0832,25.6498],[85.0814,25.6481],[85.0694,25.6224],[85.073,25.6223],[85.0736,25.6212],[85.0829,25.622],[85.0851,25.6287],[85.09,25.6291],[85.0907,25.6326],[85.0987,25.6307],[85.099,25.6326],[85.0929,25.6418],[85.0916,25.6492]]]},"properties":{"objectid":71826,"statename":"Bihar","statecode":"10","districtname":"Patna","districtcode":"230","ulbname":"Patna","ulbcode":"801373","wardname":"Ward 1","wardcode":null,"id":null,"remark":"--","st_area(shape)":0.00044252671889080235,"st_perimeter(shape)":0.1011084840651029}},{"type":"Feature","geometry":{"type":"Polygon","coordinates":[[[85.176,25.602],[85.167,25.6028],[85.1652,25.602],[85.1628,25.5937],[85.1635,25.5928],[85.1604,25.5933],[85.1598,25.5888],[85.162,25.5886],[85.1616,25.5848],[85.1677,25.5853],[85.1678,25.5927],[85.1705,25.6015],[85.1759,25.6011],[85.176,25.602]]]},"properties":{"objectid":71827,"statename":"Bihar","statecode":"10","districtname":"Patna","districtcode":"230","ulbname":"Patna","ulbcode":"801373","wardname":"Ward 45","wardcode":null,"id":null,"remark":"--","st_area(shape)":0.00011083223325490867,"st_perimeter(shape)":0.06498319205434279}},{"type":"Feature","geometry":{"type":"Polygon","coordinates":[[[85.2512,25.5824],[85.2447,25.5887],[85.24,25.5806],[85.2473,25.576],[85.2512,25.5824]]]},"properties":{"objectid":71828,"statename":"Bihar","statecode":"10","districtname":"Patna","districtcode":"230","ulbname":"Patna","ulbcode":"801373","wardname":"Ward 71","wardcode":null,"id":null,"remark":"--","st_area(shape)":7.18388736444166e-05,"st_perimeter(shape)":0.03610298893319696}},{"type":"Feature","geometry":{"type":"Polygon","coordinates":[[[85.2388,25.5897],[85.2352,25.5916],[85.2333,25.5845],[85.2365,25.5846],[85.2388,25.5897]]]},"properties":{"objectid":71829,"statename":"Bihar","statecode":"10","districtname":"Patna","districtcode":"230","ulbname":"Patna","ulbcode":"801373","wardname":"Ward 69","wardcode":null,"id":null,"remark":"--","st_area(shape)":2.495842423230115e-05,"st_perimeter(shape)":0.020806804767102033}},{"type":"Feature","geometry":{"type":"Polygon","coordinates":[[[85.2202,25.6008],[85.2106,25.606],[85.2107,25.6014],[85.2202,25.6008]]]},"properties":{"objectid":71830,"statename":"Bihar","statecode":"10","districtname":"Patna","districtcode":"230","ulbname":"Patna","ulbcode":"801373","wardname":"Ward 59","wardcode":null,"id":null,"remark":"--","st_area(shape)":1.9336876434743115e-05,"st_perimeter(shape)":0.0254832675424762}},{"type":"Feature","geometry":{"type":"Polygon","coordinates":[[[85.0916,25.6492],[85.0832,25.6498],[85.0814,25.6481],[85.0694,25.6224],[85.073,25.6223],[85.0736,25.6212],[85.0829,25.622],[85.0851,25.6287],[85.09,25.6291],[85.0907,25.6326],[85.0987,25.6307],[85.099,25.6326],[85.0929,25.6418],[85.0916,25.6492]]]},"properties":{"objectid":71831,"statename":"Bihar","statecode":"10","districtname":"Patna","districtcode":"230","ulbname":"Patna","ulbcode":"801373","wardname":"Ward 1","wardcode":null,"id":null,"remark":"--","st_area(shape)":0.0004425267265973815,"st_perimeter(shape)":0.10110848406516723}},{"type":"Feature","geometry":{"type":"Polygon","coordinates":[[[85.1733,25.6119],[85.1731,25.6061],[85.1692,25.6058],[85.1669,25.6028],[85.1866,25.601],[85.1878,25.6057],[85.1865,25.6065],[85.1858,25.6098],[85.1733,25.6119]]]},"properties":{"objectid":72096,"statename":"Bihar","statecode":"10","districtname":"Patna","districtcode":"230","ulbname":"Patna","ulbcode":"801373","wardname":"Ward 47","wardcode":null,"id":null,"remark":"--","st_area(shape)":0.00013738520245765032,"st_perimeter(shape)":0.05747856814922811}},{"type":"Feature","geometry":{"type":"Polygon","coordinates":[[[85.1809,25.6169],[85.1717,25.6185],[85.1715,25.6169],[85.1743,25.6171],[85.1737,25.6148],[85.1775,25.6142],[85.1809,25.6169]]]},"properties":{"objectid":72097,"statename":"Bihar","statecode":"10","districtname":"Patna","districtcode":"230","ulbname":"Patna","ulbcode":"801373","wardname":"Ward 49","wardcode":null,"id":null,"remark":"--","st_area(shape)":2.2416705791886754e-05,"st_perimeter(shape)":0.026267641270630523}},{"type":"Feature","geometry":{"type":"Polygon","coordinates":[[[85.1692,25.6058],[85.1733,25.6064],[85.1743,25.6171],[85.1669,25.6148],[85.1653,25.607],[85.1692,25.6058]]]},"properties":{"objectid":72098,"statename":"Bihar","statecode":"10","districtname":"Patna","districtcode":"230","ulbname":"Patna","ulbcode":"801373","wardname":"Ward 48","wardcode":null,"id":null,"remark":"--","st_area(shape)":7.375111655149323e-05,"st_perimeter(shape)":0.037183838000610786}},{"type":"Feature","geometry":{"type":"Polygon","coordinates":[[[85.0633,25.6091],[85.0705,25.6066],[85.0805,25.6054],[85.0829,25.622],[85.0736,25.6212],[85.073,25.6223],[85.0694,25.6224],[85.0633,25.6091]]]},"properties":{"objectid":72099,"statename":"Bihar","statecode":"10","districtname":"Patna","districtcode":"230","ulbname":"Patna","ulbcode":"801373","wardname":"Ward 2","wardcode":null,"id":null,"remark":"--","st_area(shape)":0.0002493670272286717,"st_perimeter(shape)":0.06527911572616656}},{"type":"Feature","geometry":{"type":"Polygon","coordinates":[[[85.126,25.5991],[85.1211,25.6013],[85.1168,25.6069],[85.111,25.6037],[85.0933,25.6045],[85.0893,25.5992],[85.0994,25.5949],[85.09,25.5903],[85.0911,25.5881],[85.0965,25.5889],[85.126,25.5991]]]},"properties":{"objectid":72100,"statename":"Bihar","statecode":"10","districtname":"Patna","districtcode":"230","ulbname":"Patna","ulbcode":"801373","wardname":"Ward 9","wardcode":null,"id":null,"remark":"--","st_area(shape)":0.00033635382263095447,"st_perimeter(shape)":0.10552839365040226}},{"type":"Feature","geometry":{"type":"Polygon","coordinates":[[[85.1026,25.5796],[85.1034,25.584],[85.1066,25.5851],[85.1056,25.5895],[85.096,25.5852],[85.0988,25.5785],[85.1026,25.5796]]]},"properties":{"objectid":72101,"statename":"Bihar","statecode":"10","districtname":"Patna","districtcode":"230","ulbname":"Patna","ulbcode":"801373","wardname":"Ward 12","wardcode":null,"id":null,"remark":"--","st_area(shape)":6.199958245338184e-05,"st_perimeter(shape)":0.03473221513218523}},{"type":"Feature","geometry":{"type":"Polygon","coordinates":[[[85.1066,25.5856],[85.1034,25.584],[85.1026,25.5796],[85.1118,25.5822],[85.1123,25.5848],[85.1106,25.5876],[85.109,25.5882],[85.1066,25.5856]]]},"properties":{"objectid":72102,"statename":"Bihar","statecode":"10","districtname":"Patna","districtcode":"230","ulbname":"Patna","ulbcode":"801373","wardname":"Ward 13","wardcode":null,"id":null,"remark":"--","st_area(shape)":4.307717080279942e-05,"st_perimeter(shape)":0.0307756636377732}},{"type":"Feature","geometry":{"type":"Polygon","coordinates":[[[85.1196,25.5914],[85.1168,25.5932],[85.109,25.5882],[85.1116,25.5868],[85.1118,25.5822],[85.119,25.5836],[85.1196,25.5914]]]},"properties":{"objectid":72103,"statename":"Bihar","statecode":"10","districtname":"Patna","districtcode":"230","ulbname":"Patna","ulbcode":"801373","wardname":"Ward 14","wardcode":null,"id":null,"remark":"--","st_area(shape)":6.896274861525921e-05,"st_perimeter(shape)":0.03798160206449139}},{"type":"Feature","geometry":{"type":"Polygon","coordinates":[[[85.1325,25.5957],[85.1336,25.602],[85.1191,25.5968],[85.1197,25.595],[85.1239,25.5975],[85.1243,25.5939],[85.1228,25.5928],[85.125,25.5921],[85.1265,25.5961],[85.1325,25.5957]]]},"properties":{"objectid":72104,"statename":"Bihar","statecode":"10","districtname":"Patna","districtcode":"230","ulbname":"Patna","ulbcode":"801373","wardname":"Ward 19","wardcode":null,"id":null,"remark":"--","st_area(shape)":5.4233573019249706e-05,"st_perimeter(shape)":0.04804125303137756}},{"type":"Feature","geometry":{"type":"Polygon","coordinates":[[[85.1302,25.6112],[85.1264,25.6153],[85.1264,25.6173],[85.1216,25.6182],[85.1188,25.6127],[85.123,25.6096],[85.1302,25.6112]]]},"properties":{"objectid":72105,"statename":"Bihar","statecode":"10","districtname":"Patna","districtcode":"230","ulbname":"Patna","ulbcode":"801373","wardname":"Ward 25","wardcode":null,"id":null,"remark":"--","st_area(shape)":5.4870053893662816e-05,"st_perimeter(shape)":0.03252296743880948}},{"type":"Feature","geometry":{"type":"Polygon","coordinates":[[[85.1216,25.6181],[85.1177,25.62],[85.1174,25.6189],[85.113,25.6191],[85.1126,25.6174],[85.1188,25.6127],[85.1216,25.6181]]]},"properties":{"objectid":72106,"statename":"Bihar","statecode":"10","districtname":"Patna","districtcode":"230","ulbname":"Patna","ulbcode":"801373","wardname":"Ward 23","wardcode":null,"id":null,"remark":"--","st_area(shape)":3.4896936557308824e-05,"st_perimeter(shape)":0.026505806814010477}},{"type":"Feature","geometry":{"type":"Polygon","coordinates":[[[85.1418,25.6042],[85.1416,25.6064],[85.1473,25.6102],[85.1452,25.6104],[85.1454,25.6118],[85.1435,25.6125],[85.1448,25.6154],[85.1425,25.6162],[85.1408,25.6125],[85.136,25.612],[85.1356,25.6103],[85.1333,25.6106],[85.1328,25.604],[85.1336,25.602],[85.1418,25.6042]]]},"properties":{"objectid":72107,"statename":"Bihar","statecode":"10","districtname":"Patna","districtcode":"230","ulbname":"Patna","ulbcode":"801373","wardname":"Ward 28","wardcode":null,"id":null,"remark":"--","st_area(shape)":9.85148731909918e-05,"st_perimeter(shape)":0.05379281458118414}},{"type":"Feature","geometry":{"type":"Polygon","coordinates":[[[85.1554,25.5791],[85.1561,25.5843],[85.1532,25.5841],[85.1531,25.5876],[85.1456,25.5901],[85.1453,25.5884],[85.1437,25.5879],[85.143,25.5841],[85.1515,25.584],[85.1491,25.5818],[85.1479,25.5761],[85.1507,25.5761],[85.1523,25.5789],[85.1554,25.5791]]]},"properties":{"objectid":72108,"statename":"Bihar","statecode":"10","districtname":"Patna","districtcode":"230","ulbname":"Patna","ulbcode":"801373","wardname":"Ward 32","wardcode":null,"id":null,"remark":"--","st_area(shape)":9.024802049165123e-05,"st_perimeter(shape)":0.05675708941661854}},{"type":"Feature","geometry":{"type":"Polygon","coordinates":[[[85.1866,25.601],[85.176,25.602],[85.1749,25.5979],[85.1772,25.5976],[85.1765,25.5936],[85.18,25.5933],[85.1783,25.5854],[85.1877,25.5855],[85.195,25.5995],[85.1866,25.601]]]},"properties":{"objectid":72109,"statename":"Bihar","statecode":"10","districtname":"Patna","districtcode":"230","ulbname":"Patna","ulbcode":"801373","wardname":"Ward 55","wardcode":null,"id":null,"remark":"--","st_area(shape)":0.00021737953866500105,"st_perimeter(shape)":0.06681883821356727}},{"type":"Feature","geometry":{"type":"Polygon","coordinates":[[[85.1228,25.5928],[85.1213,25.5931],[85.1196,25.5914],[85.119,25.5836],[85.1234,25.5845],[85.1222,25.5855],[85.1226,25.5875],[85.125,25.5921],[85.1228,25.5928]]]},"properties":{"objectid":72110,"statename":"Bihar","statecode":"10","districtname":"Patna","districtcode":"230","ulbname":"Patna","ulbcode":"801373","wardname":"Ward 16","wardcode":null,"id":null,"remark":"--","st_area(shape)":3.356689955918747e-05,"st_perimeter(shape)":0.029389796862637742}},{"type":"Feature","geometry":{"type":"Polygon","coordinates":[[[85.2251,25.5923],[85.2231,25.5969],[85.2195,25.597],[85.2181,25.5953],[85.2251,25.5923]]]},"properties":{"objectid":72111,"statename":"Bihar","statecode":"10","districtname":"Patna","districtcode":"230","ulbname":"Patna","ulbcode":"801373","wardname":"Ward 64","wardcode":null,"id":null,"remark":"--","st_area(shape)":2.0734302952607843e-05,"st_perimeter(shape)":0.02223286845292366}},{"type":"Feature","geometry":{"type":"Polygon","coordinates":[[[85.2058,25.608],[85.1897,25.6137],[85.2003,25.6063],[85.2012,25.609],[85.2058,25.608]]]},"properties":{"objectid":72112,"statename":"Bihar","statecode":"10","districtname":"Patna","districtcode":"230","ulbname":"Patna","ulbcode":"801373","wardname":"Ward 53","wardcode":null,"id":null,"remark":"--","st_area(shape)":2.9807709151769223e-05,"st_perimeter(shape)":0.03803740517389119}},{"type":"Feature","geometry":{"type":"Polygon","coordinates":[[[85.167,25.6029],[85.1692,25.6058],[85.1653,25.607],[85.166,25.6101],[85.1533,25.6118],[85.1525,25.607],[85.1585,25.6069],[85.1586,25.6038],[85.167,25.6029]]]},"properties":{"objectid":72113,"statename":"Bihar","statecode":"10","districtname":"Patna","districtcode":"230","ulbname":"Patna","ulbcode":"801373","wardname":"Ward 43","wardcode":null,"id":null,"remark":"--","st_area(shape)":8.711499246818816e-05,"st_perimeter(shape)":0.04698876129361674}},{"type":"Feature","geometry":{"type":"Polygon","coordinates":[[[85.0757,25.587],[85.0753,25.5913],[85.0766,25.5936],[85.0763,25.5973],[85.0741,25.6005],[85.0741,25.6061],[85.0633,25.6091],[85.0544,25.5805],[85.0695,25.5784],[85.0723,25.5864],[85.0757,25.587]]]},"properties":{"objectid":72114,"statename":"Bihar","statecode":"10","districtname":"Patna","districtcode":"230","ulbname":"Patna","ulbcode":"801373","wardname":"Ward 3","wardcode":null,"id":null,"remark":"--","st_area(shape)":0.00045838838210547015,"st_perimeter(shape)":0.08947253857604667}},{"type":"Feature","geometry":{"type":"Polygon","coordinates":[[[85.086,25.5871],[85.0911,25.5881],[85.09,25.5903],[85.0994,25.5949],[85.0893,25.5992],[85.0933,25.6045],[85.0741,25.6062],[85.0741,25.6005],[85.0763,25.5973],[85.0766,25.5936],[85.0753,25.5913],[85.0757,25.587],[85.086,25.5871]]]},"properties":{"objectid":72115,"statename":"Bihar","statecode":"10","districtname":"Patna","districtcode":"230","ulbname":"Patna","ulbcode":"801373","wardname":"Ward 4","wardcode":null,"id":null,"remark":"--","st_area(shape)":0.0003136154442459095,"st_perimeter(shape)":0.08749715984928894}},{"type":"Feature","geometry":{"type":"Polygon","coordinates":[[[85.0959,25.6222],[85.0926,25.6225],[85.0915,25.6148],[85.0956,25.6133],[85.0937,25.6089],[85.0963,25.608],[85.0943,25.6044],[85.1107,25.6037],[85.1101,25.6083],[85.1038,25.6099],[85.1049,25.6144],[85.1007,25.6151],[85.1013,25.6194],[85.0959,25.6222]]]},"properties":{"objectid":72116,"statename":"Bihar","statecode":"10","districtname":"Patna","districtcode":"230","ulbname":"Patna","ulbcode":"801373","wardname":"Ward 8","wardcode":null,"id":null,"remark":"--","st_area(shape)":0.00019144082141202826,"st_perimeter(shape)":0.07827702133680765}},{"type":"Feature","geometry":{"type":"Polygon","coordinates":[[[85.1196,25.5914],[85.1168,25.5932],[85.109,25.5882],[85.1116,25.5868],[85.1118,25.5822],[85.119,25.5836],[85.1196,25.5914]]]},"properties":{"objectid":72117,"statename":"Bihar","statecode":"10","districtname":"Patna","districtcode":"230","ulbname":"Patna","ulbcode":"801373","wardname":"Ward14","wardcode":null,"id":null,"remark":"--","st_area(shape)":6.896274861525921e-05,"st_perimeter(shape)":0.03798160206449139}},{"type":"Feature","geometry":{"type":"Polygon","coordinates":[[[85.1302,25.6112],[85.1264,25.6153],[85.1264,25.6173],[85.1216,25.6182],[85.1188,25.6127],[85.123,25.6096],[85.1302,25.6112]]]},"properties":{"objectid":72118,"statename":"Bihar","statecode":"10","districtname":"Patna","districtcode":"230","ulbname":"Patna","ulbcode":"801373","wardname":"Ward 25","wardcode":null,"id":null,"remark":"--","st_area(shape)":5.4870053893662816e-05,"st_perimeter(shape)":0.03252296743880948}},{"type":"Feature","geometry":{"type":"Polygon","coordinates":[[[85.1572,25.5936],[85.1493,25.593],[85.1497,25.5893],[85.1532,25.5874],[85.1532,25.5841],[85.1585,25.5845],[85.1572,25.5936]]]},"properties":{"objectid":72119,"statename":"Bihar","statecode":"10","districtname":"Patna","districtcode":"230","ulbname":"Patna","ulbcode":"801373","wardname":"Ward 33","wardcode":null,"id":null,"remark":"--","st_area(shape)":5.9683290442060794e-05,"st_perimeter(shape)":0.03500442852821876}},{"type":"Feature","geometry":{"type":"Polygon","coordinates":[[[85.1228,25.5928],[85.1213,25.5931],[85.1196,25.5914],[85.119,25.5836],[85.1234,25.5845],[85.1222,25.5855],[85.1226,25.5875],[85.125,25.5921],[85.1228,25.5928]]]},"properties":{"objectid":72120,"statename":"Bihar","statecode":"10","districtname":"Patna","districtcode":"230","ulbname":"Patna","ulbcode":"801373","wardname":"Ward 16","wardcode":null,"id":null,"remark":"--","st_area(shape)":3.356689955918747e-05,"st_perimeter(shape)":0.029389796862637742}},{"type":"Feature","geometry":{"type":"Polygon","coordinates":[[[85.2251,25.5923],[85.2231,25.5969],[85.2195,25.597],[85.2181,25.5953],[85.2251,25.5923]]]},"properties":{"objectid":72121,"statename":"Bihar","statecode":"10","districtname":"Patna","districtcode":"230","ulbname":"Patna","ulbcode":"801373","wardname":"Ward 64","wardcode":null,"id":null,"remark":"--","st_area(shape)":2.0734302952607843e-05,"st_perimeter(shape)":0.02223286845292366}},{"type":"Feature","geometry":{"type":"Polygon","coordinates":[[[85.2042,25.6044],[85.203,25.6015],[85.1994,25.6017],[85.1979,25.5984],[85.2093,25.5969],[85.2106,25.6014],[85.2042,25.6044]]]},"properties":{"objectid":72122,"statename":"Bihar","statecode":"10","districtname":"Patna","districtcode":"230","ulbname":"Patna","ulbcode":"801373","wardname":"Ward 57","wardcode":null,"id":null,"remark":"--","st_area(shape)":5.266002822390851e-05,"st_perimeter(shape)":0.034627123942416654}},{"type":"Feature","geometry":{"type":"Polygon","coordinates":[[[85.2181,25.5947],[85.2093,25.5975],[85.2242,25.5892],[85.2251,25.5923],[85.2181,25.5947]]]},"properties":{"objectid":72123,"statename":"Bihar","statecode":"10","districtname":"Patna","districtcode":"230","ulbname":"Patna","ulbcode":"801373","wardname":"Ward 63","wardcode":null,"id":null,"remark":"--","st_area(shape)":2.9422916920076874e-05,"st_perimeter(shape)":0.03859183073968671}},{"type":"Feature","geometry":{"type":"Polygon","coordinates":[[[85.2007,25.5978],[85.2002,25.5947],[85.2039,25.5929],[85.201,25.5844],[85.2208,25.5803],[85.2247,25.589],[85.209,25.5971],[85.2007,25.5978]]]},"properties":{"objectid":72124,"statename":"Bihar","statecode":"10","districtname":"Patna","districtcode":"230","ulbname":"Patna","ulbcode":"801373","wardname":"Ward 61","wardcode":null,"id":null,"remark":"--","st_area(shape)":0.0002612585716276532,"st_perimeter(shape)":0.07373372008859677}},{"type":"Feature","geometry":{"type":"Polygon","coordinates":[[[85.1757,25.578],[85.18,25.5933],[85.1765,25.5936],[85.1772,25.5976],[85.1749,25.5979],[85.1757,25.6011],[85.1706,25.6015],[85.1678,25.5927],[85.1662,25.5787],[85.1678,25.5773],[85.1682,25.5789],[85.1757,25.578]]]},"properties":{"objectid":72125,"statename":"Bihar","statecode":"10","districtname":"Patna","districtcode":"230","ulbname":"Patna","ulbcode":"801373","wardname":"Ward 46","wardcode":null,"id":null,"remark":"--","st_area(shape)":0.0002155800475231424,"st_perimeter(shape)":0.07353108552471695}},{"type":"Feature","geometry":{"type":"Polygon","coordinates":[[[85.1059,25.6422],[85.1052,25.6415],[85.1026,25.6429],[85.0996,25.636],[85.097,25.6353],[85.1076,25.6203],[85.1075,25.6233],[85.11,25.6237],[85.1103,25.6252],[85.1128,25.6247],[85.1167,25.6326],[85.1059,25.6422]]]},"properties":{"objectid":72126,"statename":"Bihar","statecode":"10","districtname":"Patna","districtcode":"230","ulbname":"Patna","ulbcode":"801373","wardname":"Ward 22B","wardcode":null,"id":null,"remark":"--","st_area(shape)":0.00021958133142871327,"st_perimeter(shape)":0.06722094211326163}},{"type":"Feature","geometry":{"type":"Polygon","coordinates":[[[85.1059,25.6422],[85.1,25.6464],[85.0916,25.6492],[85.0929,25.6418],[85.097,25.6353],[85.0996,25.636],[85.1026,25.6429],[85.1052,25.6415],[85.1059,25.6422]]]},"properties":{"objectid":72127,"statename":"Bihar","statecode":"10","districtname":"Patna","districtcode":"230","ulbname":"Patna","ulbcode":"801373","wardname":"Ward 22A","wardcode":null,"id":null,"remark":"--","st_area(shape)":9.966728137847147e-05,"st_perimeter(shape)":0.04599478876545776}},{"type":"Feature","geometry":{"type":"Polygon","coordinates":[[[85.1585,25.6035],[85.1417,25.6042],[85.1422,25.6024],[85.145,25.6028],[85.1442,25.5961],[85.1482,25.5964],[85.1477,25.6008],[85.1581,25.5999],[85.1585,25.6035]]]},"properties":{"objectid":72140,"statename":"Bihar","statecode":"10","districtname":"Patna","districtcode":"230","ulbname":"Patna","ulbcode":"801373","wardname":"Ward 35","wardcode":null,"id":null,"remark":"--","st_area(shape)":7.135428880998268e-05,"st_perimeter(shape)":0.05096137595947414}},{"type":"Feature","geometry":{"type":"Polygon","coordinates":[[[85.1585,25.6035],[85.1417,25.6042],[85.1422,25.6024],[85.145,25.6028],[85.1442,25.5961],[85.1482,25.5964],[85.1477,25.6008],[85.1581,25.5999],[85.1585,25.6035]]]},"properties":{"objectid":72141,"statename":"Bihar","statecode":"10","districtname":"Patna","districtcode":"230","ulbname":"Patna","ulbcode":"801373","wardname":"Ward 35","wardcode":null,"id":null,"remark":"--","st_area(shape)":7.135428880998268e-05,"st_perimeter(shape)":0.05096137595947414}},{"type":"Feature","geometry":{"type":"Polygon","coordinates":[[[85.0987,25.6307],[85.0907,25.6326],[85.09,25.6291],[85.0851,25.6287],[85.0829,25.6219],[85.0961,25.6223],[85.0987,25.6307]]]},"properties":{"objectid":72278,"statename":"Bihar","statecode":"10","districtname":"Patna","districtcode":"230","ulbname":"Patna","ulbcode":"801373","wardname":"Ward 6","wardcode":null,"id":null,"remark":"--","st_area(shape)":0.00010903042909404791,"st_perimeter(shape)":0.04701115624377202}},{"type":"Feature","geometry":{"type":"Polygon","coordinates":[[[85.1066,25.5856],[85.1034,25.584],[85.1026,25.5796],[85.1118,25.5822],[85.1123,25.5848],[85.1106,25.5876],[85.109,25.5882],[85.1066,25.5856]]]},"properties":{"objectid":72279,"statename":"Bihar","statecode":"10","districtname":"Patna","districtcode":"230","ulbname":"Patna","ulbcode":"801373","wardname":"Ward 13","wardcode":null,"id":null,"remark":"--","st_area(shape)":4.307717080279942e-05,"st_perimeter(shape)":0.0307756636377732}},{"type":"Feature","geometry":{"type":"Polygon","coordinates":[[[85.1666,25.5775],[85.1668,25.5852],[85.1616,25.5848],[85.162,25.5886],[85.1598,25.5888],[85.1604,25.5933],[85.1635,25.5928],[85.1628,25.5937],[85.1652,25.602],[85.167,25.6029],[85.1586,25.6038],[85.1571,25.5898],[85.1585,25.5891],[85.1585,25.5845],[85.1561,25.5843],[85.1554,25.5791],[85.1666,25.5775]]]},"properties":{"objectid":72280,"statename":"Bihar","statecode":"10","districtname":"Patna","districtcode":"230","ulbname":"Patna","ulbcode":"801373","wardname":"Ward 44","wardcode":null,"id":null,"remark":"--","st_area(shape)":0.00016206403362254088,"st_perimeter(shape)":0.09014011399380746}},{"type":"Feature","geometry":{"type":"Polygon","coordinates":[[[85.2227,25.5746],[85.2247,25.5834],[85.2273,25.5826],[85.2301,25.5861],[85.229,25.5894],[85.2306,25.5924],[85.2295,25.594],[85.2273,25.5941],[85.2274,25.5921],[85.2251,25.5923],[85.2206,25.5799],[85.2193,25.5757],[85.2227,25.5746]]]},"properties":{"objectid":72281,"statename":"Bihar","statecode":"10","districtname":"Patna","districtcode":"230","ulbname":"Patna","ulbcode":"801373","wardname":"Ward 62","wardcode":null,"id":null,"remark":"--","st_area(shape)":8.18216717228066e-05,"st_perimeter(shape)":0.059959162031679815}},{"type":"Feature","geometry":{"type":"Polygon","coordinates":[[[85.2177,25.6012],[85.2106,25.6014],[85.2093,25.5975],[85.2181,25.5947],[85.2204,25.5982],[85.2172,25.5985],[85.2177,25.6012]]]},"properties":{"objectid":72282,"statename":"Bihar","statecode":"10","districtname":"Patna","districtcode":"230","ulbname":"Patna","ulbcode":"801373","wardname":"Ward 60","wardcode":null,"id":null,"remark":"--","st_area(shape)":4.652385717095972e-05,"st_perimeter(shape)":0.031758256928093385}},{"type":"Feature","geometry":{"type":"Polygon","coordinates":[[[85.2475,25.5712],[85.2547,25.572],[85.2614,25.5663],[85.2652,25.5686],[85.2512,25.5824],[85.2474,25.5762],[85.249,25.575],[85.2475,25.5712]]]},"properties":{"objectid":72283,"statename":"Bihar","statecode":"10","districtname":"Patna","districtcode":"230","ulbname":"Patna","ulbcode":"801373","wardname":"Ward 72","wardcode":null,"id":null,"remark":"--","st_area(shape)":0.00010958027418528445,"st_perimeter(shape)":0.05475288674783341}},{"type":"Feature","geometry":{"type":"Polygon","coordinates":[[[85.2447,25.5887],[85.2434,25.5898],[85.2388,25.5897],[85.2365,25.5846],[85.2332,25.5844],[85.2401,25.5803],[85.2447,25.5887]]]},"properties":{"objectid":72284,"statename":"Bihar","statecode":"10","districtname":"Patna","districtcode":"230","ulbname":"Patna","ulbcode":"801373","wardname":"Ward 70","wardcode":null,"id":null,"remark":"--","st_area(shape)":4.974461743823199e-05,"st_perimeter(shape)":0.03446588053126931}},{"type":"Feature","geometry":{"type":"Polygon","coordinates":[[[85.1585,25.6035],[85.1417,25.6042],[85.1422,25.6024],[85.145,25.6028],[85.1442,25.5961],[85.1482,25.5964],[85.1477,25.6008],[85.1581,25.5999],[85.1585,25.6035]]]},"properties":{"objectid":72518,"statename":"Bihar","statecode":"10","districtname":"Patna","districtcode":"230","ulbname":"Patna","ulbcode":"801373","wardname":"Ward 35","wardcode":null,"id":null,"remark":"--","st_area(shape)":7.135428880998268e-05,"st_perimeter(shape)":0.05096137595947414}},{"type":"Feature","geometry":{"type":"Polygon","coordinates":[[[85.181,25.616],[85.1792,25.6162],[85.1775,25.6142],[85.1737,25.6148],[85.1733,25.6121],[85.1858,25.6098],[85.186,25.611],[85.1846,25.6112],[85.1858,25.6149],[85.181,25.616]]]},"properties":{"objectid":72524,"statename":"Bihar","statecode":"10","districtname":"Patna","districtcode":"230","ulbname":"Patna","ulbcode":"801373","wardname":"Ward 50","wardcode":null,"id":null,"remark":"--","st_area(shape)":5.525901077805235e-05,"st_perimeter(shape)":0.03680030880208542}},{"type":"Feature","geometry":{"type":"Polygon","coordinates":[[[85.1589,25.6191],[85.1548,25.6189],[85.154,25.6148],[85.1583,25.6159],[85.1589,25.6191]]]},"properties":{"objectid":72525,"statename":"Bihar","statecode":"10","districtname":"Patna","districtcode":"230","ulbname":"Patna","ulbcode":"801373","wardname":"Ward 40","wardcode":null,"id":null,"remark":"--","st_area(shape)":1.52976963527057e-05,"st_perimeter(shape)":0.01625671745488971}},{"type":"Feature","geometry":{"type":"Polygon","coordinates":[[[85.1075,25.6203],[85.099,25.6326],[85.0958,25.6218],[85.1013,25.6194],[85.1007,25.6151],[85.1049,25.6144],[85.1063,25.6123],[85.1132,25.6115],[85.1075,25.6203]]]},"properties":{"objectid":72526,"statename":"Bihar","statecode":"10","districtname":"Patna","districtcode":"230","ulbname":"Patna","ulbcode":"801373","wardname":"Ward 7","wardcode":null,"id":null,"remark":"--","st_area(shape)":0.00013762519505809668,"st_perimeter(shape)":0.06404179838306619}},{"type":"Feature","geometry":{"type":"Polygon","coordinates":[[[85.0959,25.6222],[85.0926,25.6225],[85.0915,25.6148],[85.0956,25.6133],[85.0937,25.6089],[85.0963,25.608],[85.0943,25.6044],[85.1107,25.6037],[85.1101,25.6083],[85.1038,25.6099],[85.1049,25.6144],[85.1007,25.6151],[85.1013,25.6194],[85.0959,25.6222]]]},"properties":{"objectid":72527,"statename":"Bihar","statecode":"10","districtname":"Patna","districtcode":"230","ulbname":"Patna","ulbcode":"801373","wardname":"Ward 8","wardcode":null,"id":null,"remark":"--","st_area(shape)":0.00019144082141202826,"st_perimeter(shape)":0.07827702133680765}},{"type":"Feature","geometry":{"type":"Polygon","coordinates":[[[85.1422,25.5759],[85.1421,25.5842],[85.1408,25.5844],[85.1404,25.5884],[85.1376,25.5892],[85.1387,25.5955],[85.1369,25.5956],[85.1338,25.5849],[85.119,25.5836],[85.1111,25.5702],[85.1161,25.5709],[85.1175,25.5726],[85.1225,25.5723],[85.1267,25.5759],[85.1291,25.5744],[85.1318,25.5761],[85.1373,25.5751],[85.1422,25.5759]]]},"properties":{"objectid":72528,"statename":"Bihar","statecode":"10","districtname":"Patna","districtcode":"230","ulbname":"Patna","ulbcode":"801373","wardname":"Ward 30","wardcode":null,"id":null,"remark":"--","st_area(shape)":0.00031567310338852657,"st_perimeter(shape)":0.10459156991877967}},{"type":"Feature","geometry":{"type":"Polygon","coordinates":[[[85.134,25.6228],[85.1299,25.6244],[85.1315,25.6235],[85.1294,25.6191],[85.1298,25.6166],[85.1263,25.6172],[85.1267,25.6148],[85.1305,25.6111],[85.134,25.6228]]]},"properties":{"objectid":72529,"statename":"Bihar","statecode":"10","districtname":"Patna","districtcode":"230","ulbname":"Patna","ulbcode":"801373","wardname":"Ward 26","wardcode":null,"id":null,"remark":"--","st_area(shape)":4.510064557473558e-05,"st_perimeter(shape)":0.042123820084824175}},{"type":"Feature","geometry":{"type":"Polygon","coordinates":[[[85.0916,25.6492],[85.0832,25.6498],[85.0814,25.6481],[85.0694,25.6224],[85.073,25.6223],[85.0736,25.6212],[85.0829,25.622],[85.0851,25.6287],[85.09,25.6291],[85.0907,25.6326],[85.0987,25.6307],[85.099,25.6326],[85.0929,25.6418],[85.0916,25.6492]]]},"properties":{"objectid":72530,"statename":"Bihar","statecode":"10","districtname":"Patna","districtcode":"230","ulbname":"Patna","ulbcode":"801373","wardname":"Ward 1","wardcode":null,"id":null,"remark":"--","st_area(shape)":0.00044252671889080235,"st_perimeter(shape)":0.1011084840651029}},{"type":"Feature","geometry":{"type":"Polygon","coordinates":[[[85.195,25.5995],[85.199,25.6072],[85.1892,25.6139],[85.1888,25.6102],[85.186,25.611],[85.1865,25.6065],[85.1878,25.6057],[85.1866,25.6009],[85.195,25.5995]]]},"properties":{"objectid":72531,"statename":"Bihar","statecode":"10","districtname":"Patna","districtcode":"230","ulbname":"Patna","ulbcode":"801373","wardname":"Ward 54","wardcode":null,"id":null,"remark":"--","st_area(shape)":0.00011263585735868926,"st_perimeter(shape)":0.04710822094473823}},{"type":"Feature","geometry":{"type":"Polygon","coordinates":[[[85.1221,25.6285],[85.1167,25.6326],[85.114,25.6273],[85.1185,25.6258],[85.1197,25.6281],[85.1214,25.6274],[85.1221,25.6285]]]},"properties":{"objectid":72532,"statename":"Bihar","statecode":"10","districtname":"Patna","districtcode":"230","ulbname":"Patna","ulbcode":"801373","wardname":"Ward 22C","wardcode":null,"id":null,"remark":"--","st_area(shape)":2.754518670943221e-05,"st_perimeter(shape)":0.0234684690180806}},{"type":"Feature","geometry":{"type":"Polygon","coordinates":[[[85.1059,25.6422],[85.1052,25.6415],[85.1026,25.6429],[85.0996,25.636],[85.097,25.6353],[85.1076,25.6203],[85.1075,25.6233],[85.11,25.6237],[85.1103,25.6252],[85.1128,25.6247],[85.1167,25.6326],[85.1059,25.6422]]]},"properties":{"objectid":72533,"statename":"Bihar","statecode":"10","districtname":"Patna","districtcode":"230","ulbname":"Patna","ulbcode":"801373","wardname":"Ward 22B","wardcode":null,"id":null,"remark":"--","st_area(shape)":0.00021958133142871327,"st_perimeter(shape)":0.06722094211326163}},{"type":"Feature","geometry":{"type":"Polygon","coordinates":[[[85.2202,25.6008],[85.2106,25.606],[85.2107,25.6014],[85.2202,25.6008]]]},"properties":{"objectid":72534,"statename":"Bihar","statecode":"10","districtname":"Patna","districtcode":"230","ulbname":"Patna","ulbcode":"801373","wardname":"Ward 59","wardcode":null,"id":null,"remark":"--","st_area(shape)":1.9336876434743115e-05,"st_perimeter(shape)":0.0254832675424762}},{"type":"Feature","geometry":{"type":"Polygon","coordinates":[[[85.09,25.5762],[85.0926,25.5763],[85.0931,25.5811],[85.0972,25.5805],[85.0961,25.5854],[85.1056,25.5895],[85.113,25.5936],[85.1126,25.5945],[85.0976,25.5891],[85.0864,25.5875],[85.0856,25.5809],[85.0881,25.5815],[85.0904,25.5801],[85.0912,25.5776],[85.09,25.5762]]]},"properties":{"objectid":72535,"statename":"Bihar","statecode":"10","districtname":"Patna","districtcode":"230","ulbname":"Patna","ulbcode":"801373","wardname":"Ward 10","wardcode":null,"id":null,"remark":"--","st_area(shape)":0.00012329650078353143,"st_perimeter(shape)":0.08244314842075874}},{"type":"Feature","geometry":{"type":"Polygon","coordinates":[[[85.1228,25.5928],[85.1243,25.5939],[85.1239,25.5975],[85.1197,25.595],[85.1191,25.5968],[85.1126,25.5945],[85.113,25.5936],[85.1056,25.5895],[85.1066,25.5856],[85.1168,25.5932],[85.1192,25.5911],[85.1213,25.5931],[85.1228,25.5928]]]},"properties":{"objectid":72536,"statename":"Bihar","statecode":"10","districtname":"Patna","districtcode":"230","ulbname":"Patna","ulbcode":"801373","wardname":"Ward 15","wardcode":null,"id":null,"remark":"--","st_area(shape)":6.730246742307847e-05,"st_perimeter(shape)":0.05510113269794506}},{"type":"Feature","geometry":{"type":"Polygon","coordinates":[[[85.1325,25.5957],[85.1265,25.5961],[85.1243,25.5905],[85.1307,25.5896],[85.1325,25.5957]]]},"properties":{"objectid":72537,"statename":"Bihar","statecode":"10","districtname":"Patna","districtcode":"230","ulbname":"Patna","ulbcode":"801373","wardname":"Ward 18","wardcode":null,"id":null,"remark":"--","st_area(shape)":3.665765640700607e-05,"st_perimeter(shape)":0.025665519817010946}},{"type":"Feature","geometry":{"type":"Polygon","coordinates":[[[85.134,25.6228],[85.1299,25.6244],[85.1315,25.6235],[85.1294,25.6191],[85.1298,25.6166],[85.1263,25.6172],[85.1267,25.6148],[85.1305,25.6111],[85.134,25.6228]]]},"properties":{"objectid":72538,"statename":"Bihar","statecode":"10","districtname":"Patna","districtcode":"230","ulbname":"Patna","ulbcode":"801373","wardname":"Ward 26","wardcode":null,"id":null,"remark":"--","st_area(shape)":4.510064557473558e-05,"st_perimeter(shape)":0.042123820084824175}},{"type":"Feature","geometry":{"type":"Polygon","coordinates":[[[85.1418,25.6042],[85.1416,25.6064],[85.1473,25.6102],[85.1452,25.6104],[85.1454,25.6118],[85.1435,25.6125],[85.1448,25.6154],[85.1425,25.6162],[85.1408,25.6125],[85.136,25.612],[85.1356,25.6103],[85.1333,25.6106],[85.1328,25.604],[85.1336,25.602],[85.1418,25.6042]]]},"properties":{"objectid":72539,"statename":"Bihar","statecode":"10","districtname":"Patna","districtcode":"230","ulbname":"Patna","ulbcode":"801373","wardname":"Ward 28","wardcode":null,"id":null,"remark":"--","st_area(shape)":9.85148731909918e-05,"st_perimeter(shape)":0.05379281458118414}},{"type":"Feature","geometry":{"type":"Polygon","coordinates":[[[85.0916,25.6492],[85.0832,25.6498],[85.0814,25.6481],[85.0694,25.6224],[85.073,25.6223],[85.0736,25.6212],[85.0829,25.622],[85.0851,25.6287],[85.09,25.6291],[85.0907,25.6326],[85.0987,25.6307],[85.099,25.6326],[85.0929,25.6418],[85.0916,25.6492]]]},"properties":{"objectid":72540,"statename":"Bihar","statecode":"10","districtname":"Patna","districtcode":"230","ulbname":"Patna","ulbcode":"801373","wardname":"Ward 1","wardcode":null,"id":null,"remark":"--","st_area(shape)":0.00044252671889080235,"st_perimeter(shape)":0.1011084840651029}},{"type":"Feature","geometry":{"type":"Polygon","coordinates":[[[85.1581,25.5999],[85.1477,25.6008],[85.1482,25.5964],[85.1458,25.5962],[85.1456,25.5901],[85.1496,25.5893],[85.1493,25.593],[85.1572,25.5936],[85.1581,25.5999]]]},"properties":{"objectid":72541,"statename":"Bihar","statecode":"10","districtname":"Patna","districtcode":"230","ulbname":"Patna","ulbcode":"801373","wardname":"Ward 34","wardcode":null,"id":null,"remark":"--","st_area(shape)":8.763124833292462e-05,"st_perimeter(shape)":0.04565547956681261}},{"type":"Feature","geometry":{"type":"Polygon","coordinates":[[[85.2388,25.5897],[85.2352,25.5916],[85.2333,25.5845],[85.2365,25.5846],[85.2388,25.5897]]]},"properties":{"objectid":72542,"statename":"Bihar","statecode":"10","districtname":"Patna","districtcode":"230","ulbname":"Patna","ulbcode":"801373","wardname":"Ward 69","wardcode":null,"id":null,"remark":"--","st_area(shape)":2.495842423230115e-05,"st_perimeter(shape)":0.020806804767102033}},{"type":"Feature","geometry":{"type":"Polygon","coordinates":[[[85.1221,25.6285],[85.1167,25.6326],[85.114,25.6273],[85.1185,25.6258],[85.1197,25.6281],[85.1214,25.6274],[85.1221,25.6285]]]},"properties":{"objectid":72543,"statename":"Bihar","statecode":"10","districtname":"Patna","districtcode":"230","ulbname":"Patna","ulbcode":"801373","wardname":"Ward 22C","wardcode":null,"id":null,"remark":"--","st_area(shape)":2.754518670943221e-05,"st_perimeter(shape)":0.0234684690180806}},{"type":"Feature","geometry":{"type":"Polygon","coordinates":[[[85.0916,25.6492],[85.0832,25.6498],[85.0814,25.6481],[85.0694,25.6224],[85.073,25.6223],[85.0736,25.6212],[85.0829,25.622],[85.0851,25.6287],[85.09,25.6291],[85.0907,25.6326],[85.0987,25.6307],[85.099,25.6326],[85.0929,25.6418],[85.0916,25.6492]]]},"properties":{"objectid":72558,"statename":"Bihar","statecode":"10","districtname":"Patna","districtcode":"230","ulbname":"Patna","ulbcode":"801373","wardname":"Ward 1","wardcode":null,"id":null,"remark":"--","st_area(shape)":0.00044252671889080235,"st_perimeter(shape)":0.1011084840651029}},{"type":"Feature","geometry":{"type":"Polygon","coordinates":[[[85.1717,25.6185],[85.1589,25.6191],[85.1583,25.616],[85.1678,25.6149],[85.1686,25.6161],[85.1728,25.6167],[85.1715,25.6169],[85.1717,25.6185]]]},"properties":{"objectid":72640,"statename":"Bihar","statecode":"10","districtname":"Patna","districtcode":"230","ulbname":"Patna","ulbcode":"801373","wardname":"Ward 41","wardcode":null,"id":null,"remark":"--","st_area(shape)":4.0033108896018784e-05,"st_perimeter(shape)":0.034749221096666054}},{"type":"Feature","geometry":{"type":"Polygon","coordinates":[[[85.1075,25.6203],[85.099,25.6326],[85.0958,25.6218],[85.1013,25.6194],[85.1007,25.6151],[85.1049,25.6144],[85.1063,25.6123],[85.1132,25.6115],[85.1075,25.6203]]]},"properties":{"objectid":72641,"statename":"Bihar","statecode":"10","districtname":"Patna","districtcode":"230","ulbname":"Patna","ulbcode":"801373","wardname":"Ward 7","wardcode":null,"id":null,"remark":"--","st_area(shape)":0.00013762519505809668,"st_perimeter(shape)":0.06404179838306619}},{"type":"Feature","geometry":{"type":"Polygon","coordinates":[[[85.09,25.5762],[85.0926,25.5763],[85.0931,25.5811],[85.0972,25.5805],[85.0961,25.5854],[85.1056,25.5895],[85.113,25.5936],[85.1126,25.5945],[85.0976,25.5891],[85.0864,25.5875],[85.0856,25.5809],[85.0881,25.5815],[85.0904,25.5801],[85.0912,25.5776],[85.09,25.5762]]]},"properties":{"objectid":72642,"statename":"Bihar","statecode":"10","districtname":"Patna","districtcode":"230","ulbname":"Patna","ulbcode":"801373","wardname":"Ward 10","wardcode":null,"id":null,"remark":"--","st_area(shape)":0.00012329650078353143,"st_perimeter(shape)":0.08244314842075874}},{"type":"Feature","geometry":{"type":"Polygon","coordinates":[[[85.1026,25.5796],[85.1034,25.584],[85.1066,25.5851],[85.1056,25.5895],[85.096,25.5852],[85.0988,25.5785],[85.1026,25.5796]]]},"properties":{"objectid":72643,"statename":"Bihar","statecode":"10","districtname":"Patna","districtcode":"230","ulbname":"Patna","ulbcode":"801373","wardname":"Ward 12","wardcode":null,"id":null,"remark":"--","st_area(shape)":6.199958245338184e-05,"st_perimeter(shape)":0.03473221513218523}},{"type":"Feature","geometry":{"type":"Polygon","coordinates":[[[85.1228,25.5928],[85.1243,25.5939],[85.1239,25.5975],[85.1197,25.595],[85.1191,25.5968],[85.1126,25.5945],[85.113,25.5936],[85.1056,25.5895],[85.1066,25.5856],[85.1168,25.5932],[85.1192,25.5911],[85.1213,25.5931],[85.1228,25.5928]]]},"properties":{"objectid":72644,"statename":"Bihar","statecode":"10","districtname":"Patna","districtcode":"230","ulbname":"Patna","ulbcode":"801373","wardname":"Ward 15","wardcode":null,"id":null,"remark":"--","st_area(shape)":6.730246742307847e-05,"st_perimeter(shape)":0.05510113269794506}},{"type":"Feature","geometry":{"type":"Polygon","coordinates":[[[85.1299,25.6244],[85.1261,25.6261],[85.1216,25.6182],[85.1298,25.6166],[85.1294,25.6191],[85.1315,25.6235],[85.1299,25.6244]]]},"properties":{"objectid":72645,"statename":"Bihar","statecode":"10","districtname":"Patna","districtcode":"230","ulbname":"Patna","ulbcode":"801373","wardname":"Ward 24","wardcode":null,"id":null,"remark":"--","st_area(shape)":5.50245516732731e-05,"st_perimeter(shape)":0.03420680897808303}},{"type":"Feature","geometry":{"type":"Polygon","coordinates":[[[85.1302,25.6112],[85.1264,25.6153],[85.1264,25.6173],[85.1216,25.6182],[85.1188,25.6127],[85.123,25.6096],[85.1302,25.6112]]]},"properties":{"objectid":72646,"statename":"Bihar","statecode":"10","districtname":"Patna","districtcode":"230","ulbname":"Patna","ulbcode":"801373","wardname":"Ward 25","wardcode":null,"id":null,"remark":"--","st_area(shape)":5.4870053893662816e-05,"st_perimeter(shape)":0.03252296743880948}},{"type":"Feature","geometry":{"type":"Polygon","coordinates":[[[85.1581,25.5999],[85.1477,25.6008],[85.1482,25.5964],[85.1458,25.5962],[85.1456,25.5901],[85.1496,25.5893],[85.1493,25.593],[85.1572,25.5936],[85.1581,25.5999]]]},"properties":{"objectid":72647,"statename":"Bihar","statecode":"10","districtname":"Patna","districtcode":"230","ulbname":"Patna","ulbcode":"801373","wardname":"Ward 34","wardcode":null,"id":null,"remark":"--","st_area(shape)":8.763124833292462e-05,"st_perimeter(shape)":0.04565547956681261}},{"type":"Feature","geometry":{"type":"Polygon","coordinates":[[[85.2181,25.5947],[85.2093,25.5975],[85.2242,25.5892],[85.2251,25.5923],[85.2181,25.5947]]]},"properties":{"objectid":72648,"statename":"Bihar","statecode":"10","districtname":"Patna","districtcode":"230","ulbname":"Patna","ulbcode":"801373","wardname":"Ward 63","wardcode":null,"id":null,"remark":"--","st_area(shape)":2.9422916920076874e-05,"st_perimeter(shape)":0.03859183073968671}},{"type":"Feature","geometry":{"type":"Polygon","coordinates":[[[85.195,25.5995],[85.199,25.6072],[85.1892,25.6139],[85.1888,25.6102],[85.186,25.611],[85.1865,25.6065],[85.1878,25.6057],[85.1866,25.6009],[85.195,25.5995]]]},"properties":{"objectid":72649,"statename":"Bihar","statecode":"10","districtname":"Patna","districtcode":"230","ulbname":"Patna","ulbcode":"801373","wardname":"Ward 54","wardcode":null,"id":null,"remark":"--","st_area(shape)":0.00011263585735868926,"st_perimeter(shape)":0.04710822094473823}},{"type":"Feature","geometry":{"type":"Polygon","coordinates":[[[85.1059,25.6422],[85.1,25.6464],[85.0916,25.6492],[85.0929,25.6418],[85.097,25.6353],[85.0996,25.636],[85.1026,25.6429],[85.1052,25.6415],[85.1059,25.6422]]]},"properties":{"objectid":72650,"statename":"Bihar","statecode":"10","districtname":"Patna","districtcode":"230","ulbname":"Patna","ulbcode":"801373","wardname":"Ward 22A","wardcode":null,"id":null,"remark":"--","st_area(shape)":9.966728137847147e-05,"st_perimeter(shape)":0.04599478876545776}},{"type":"Feature","geometry":{"type":"Polygon","coordinates":[[[85.1585,25.6035],[85.1417,25.6042],[85.1422,25.6024],[85.145,25.6028],[85.1442,25.5961],[85.1482,25.5964],[85.1477,25.6008],[85.1581,25.5999],[85.1585,25.6035]]]},"properties":{"objectid":72912,"statename":"Bihar","statecode":"10","districtname":"Patna","districtcode":"230","ulbname":"Patna","ulbcode":"801373","wardname":"Ward 35","wardcode":null,"id":null,"remark":"--","st_area(shape)":7.135428880998268e-05,"st_perimeter(shape)":0.05096137595947414}},{"type":"Feature","geometry":{"type":"Polygon","coordinates":[[[85.0916,25.6492],[85.0832,25.6498],[85.0814,25.6481],[85.0694,25.6224],[85.073,25.6223],[85.0736,25.6212],[85.0829,25.622],[85.0851,25.6287],[85.09,25.6291],[85.0907,25.6326],[85.0987,25.6307],[85.099,25.6326],[85.0929,25.6418],[85.0916,25.6492]]]},"properties":{"objectid":72927,"statename":"Bihar","statecode":"10","districtname":"Patna","districtcode":"230","ulbname":"Patna","ulbcode":"801373","wardname":"Ward 1","wardcode":null,"id":null,"remark":"--","st_area(shape)":0.00044252671889080235,"st_perimeter(shape)":0.1011084840651029}},{"type":"Feature","geometry":{"type":"Polygon","coordinates":[[[85.0916,25.6492],[85.0832,25.6498],[85.0814,25.6481],[85.0694,25.6224],[85.073,25.6223],[85.0736,25.6212],[85.0829,25.622],[85.0851,25.6287],[85.09,25.6291],[85.0907,25.6326],[85.0987,25.6307],[85.099,25.6326],[85.0929,25.6418],[85.0916,25.6492]]]},"properties":{"objectid":72928,"statename":"Bihar","statecode":"10","districtname":"Patna","districtcode":"230","ulbname":"Patna","ulbcode":"801373","wardname":"Ward 1","wardcode":null,"id":null,"remark":"--","st_area(shape)":0.00044252671889080235,"st_perimeter(shape)":0.1011084840651029}},{"type":"Feature","geometry":{"type":"Polygon","coordinates":[[[85.1494,25.6183],[85.1478,25.6152],[85.1444,25.6151],[85.1435,25.6125],[85.1454,25.6118],[85.1452,25.6104],[85.1475,25.6102],[85.1492,25.6158],[85.1523,25.6185],[85.1494,25.6183]]]},"properties":{"objectid":72954,"statename":"Bihar","statecode":"10","districtname":"Patna","districtcode":"230","ulbname":"Patna","ulbcode":"801373","wardname":"Ward 37","wardcode":null,"id":null,"remark":"--","st_area(shape)":2.357808306674176e-05,"st_perimeter(shape)":0.031000141605438427}},{"type":"Feature","geometry":{"type":"Polygon","coordinates":[[[85.2177,25.6012],[85.2106,25.6014],[85.2093,25.5975],[85.2181,25.5947],[85.2204,25.5982],[85.2172,25.5985],[85.2177,25.6012]]]},"properties":{"objectid":72955,"statename":"Bihar","statecode":"10","districtname":"Patna","districtcode":"230","ulbname":"Patna","ulbcode":"801373","wardname":"Ward 60","wardcode":null,"id":null,"remark":"--","st_area(shape)":4.652385717095972e-05,"st_perimeter(shape)":0.031758256928093385}},{"type":"Feature","geometry":{"type":"Polygon","coordinates":[[[85.2447,25.5887],[85.2434,25.5898],[85.2388,25.5897],[85.2365,25.5846],[85.2332,25.5844],[85.2401,25.5803],[85.2447,25.5887]]]},"properties":{"objectid":72956,"statename":"Bihar","statecode":"10","districtname":"Patna","districtcode":"230","ulbname":"Patna","ulbcode":"801373","wardname":"Ward 70","wardcode":null,"id":null,"remark":"--","st_area(shape)":4.974461743823199e-05,"st_perimeter(shape)":0.03446588053126931}},{"type":"Feature","geometry":{"type":"Polygon","coordinates":[[[85.1913,25.6138],[85.1908,25.614],[85.1902,25.6142],[85.1897,25.6144],[85.1891,25.6146],[85.1891,25.6146],[85.1891,25.6145],[85.1891,25.6145],[85.1891,25.6144],[85.189,25.6142],[85.189,25.614],[85.189,25.614],[85.189,25.6139],[85.189,25.6139],[85.189,25.6139],[85.1892,25.6139],[85.1892,25.6139],[85.1893,25.6139],[85.1893,25.6138],[85.1893,25.6138],[85.1893,25.6138],[85.1895,25.6138],[85.1896,25.6138],[85.1896,25.6138],[85.1896,25.6138],[85.1896,25.6138],[85.1897,25.6138],[85.1897,25.6137],[85.1897,25.6137],[85.1897,25.6137],[85.1897,25.6137],[85.1897,25.6137],[85.1897,25.6137],[85.1897,25.6137],[85.1898,25.6137],[85.1898,25.6137],[85.1898,25.6137],[85.1898,25.6137],[85.1898,25.6137],[85.1899,25.6137],[85.1901,25.6137],[85.1904,25.6137],[85.1906,25.6137],[85.1906,25.6137],[85.1907,25.6137],[85.1909,25.6138],[85.1909,25.6138],[85.1909,25.6138],[85.1912,25.6138],[85.1913,25.6138]]]},"properties":{"objectid":72957,"statename":"Bihar","statecode":"10","districtname":"Patna","districtcode":"230","ulbname":"Patna","ulbcode":"801373","wardname":"Ward 52","wardcode":null,"id":null,"remark":"--","st_area(shape)":9.77917883249722e-07,"st_perimeter(shape)":0.005369040640734752}},{"type":"Feature","geometry":{"type":"Polygon","coordinates":[[[85.0943,25.6044],[85.0963,25.608],[85.0937,25.6089],[85.0956,25.6133],[85.0915,25.614],[85.0926,25.6225],[85.0829,25.6219],[85.0805,25.6054],[85.0943,25.6044]]]},"properties":{"objectid":72958,"statename":"Bihar","statecode":"10","districtname":"Patna","districtcode":"230","ulbname":"Patna","ulbcode":"801373","wardname":"Ward 5","wardcode":null,"id":null,"remark":"--","st_area(shape)":0.0001974359701712201,"st_perimeter(shape)":0.06579785633436391}},{"type":"Feature","geometry":{"type":"Polygon","coordinates":[[[85.1075,25.6203],[85.099,25.6326],[85.0958,25.6218],[85.1013,25.6194],[85.1007,25.6151],[85.1049,25.6144],[85.1063,25.6123],[85.1132,25.6115],[85.1075,25.6203]]]},"properties":{"objectid":72959,"statename":"Bihar","statecode":"10","districtname":"Patna","districtcode":"230","ulbname":"Patna","ulbcode":"801373","wardname":"Ward 7","wardcode":null,"id":null,"remark":"--","st_area(shape)":0.00013762519505809668,"st_perimeter(shape)":0.06404179838306619}},{"type":"Feature","geometry":{"type":"Polygon","coordinates":[[[85.1261,25.6261],[85.1221,25.6285],[85.1214,25.6274],[85.1197,25.6281],[85.1185,25.6258],[85.1136,25.6274],[85.1128,25.6247],[85.1103,25.6252],[85.1072,25.6219],[85.1126,25.6174],[85.113,25.6191],[85.1174,25.6189],[85.1177,25.62],[85.1216,25.6181],[85.1261,25.6261]]]},"properties":{"objectid":72960,"statename":"Bihar","statecode":"10","districtname":"Patna","districtcode":"230","ulbname":"Patna","ulbcode":"801373","wardname":"Ward 22","wardcode":null,"id":null,"remark":"--","st_area(shape)":0.00011593338531020447,"st_perimeter(shape)":0.056387780468870156}},{"type":"Feature","geometry":{"type":"Polygon","coordinates":[[[85.1126,25.6174],[85.1082,25.6208],[85.1075,25.6202],[85.1213,25.6012],[85.126,25.5991],[85.1336,25.602],[85.1333,25.6106],[85.1302,25.6112],[85.1228,25.6097],[85.1126,25.6174]]]},"properties":{"objectid":72961,"statename":"Bihar","statecode":"10","districtname":"Patna","districtcode":"230","ulbname":"Patna","ulbcode":"801373","wardname":"Ward 21","wardcode":null,"id":null,"remark":"--","st_area(shape)":0.00020346712059136053,"st_perimeter(shape)":0.07678976481721338}},{"type":"Feature","geometry":{"type":"Polygon","coordinates":[[[85.2177,25.6012],[85.2106,25.6014],[85.2093,25.5975],[85.2181,25.5947],[85.2204,25.5982],[85.2172,25.5985],[85.2177,25.6012]]]},"properties":{"objectid":72962,"statename":"Bihar","statecode":"10","districtname":"Patna","districtcode":"230","ulbname":"Patna","ulbcode":"801373","wardname":"Ward 60","wardcode":null,"id":null,"remark":"--","st_area(shape)":4.652385717095972e-05,"st_perimeter(shape)":0.031758256928093385}},{"type":"Feature","geometry":{"type":"Polygon","coordinates":[[[85.1913,25.6138],[85.1908,25.614],[85.1902,25.6142],[85.1897,25.6144],[85.1891,25.6146],[85.1891,25.6146],[85.1891,25.6145],[85.1891,25.6145],[85.1891,25.6144],[85.189,25.6142],[85.189,25.614],[85.189,25.614],[85.189,25.6139],[85.189,25.6139],[85.189,25.6139],[85.1892,25.6139],[85.1892,25.6139],[85.1893,25.6139],[85.1893,25.6138],[85.1893,25.6138],[85.1893,25.6138],[85.1895,25.6138],[85.1896,25.6138],[85.1896,25.6138],[85.1896,25.6138],[85.1896,25.6138],[85.1897,25.6138],[85.1897,25.6137],[85.1897,25.6137],[85.1897,25.6137],[85.1897,25.6137],[85.1897,25.6137],[85.1897,25.6137],[85.1897,25.6137],[85.1898,25.6137],[85.1898,25.6137],[85.1898,25.6137],[85.1898,25.6137],[85.1898,25.6137],[85.1899,25.6137],[85.1901,25.6137],[85.1904,25.6137],[85.1906,25.6137],[85.1906,25.6137],[85.1907,25.6137],[85.1909,25.6138],[85.1909,25.6138],[85.1909,25.6138],[85.1912,25.6138],[85.1913,25.6138]]]},"properties":{"objectid":72963,"statename":"Bihar","statecode":"10","districtname":"Patna","districtcode":"230","ulbname":"Patna","ulbcode":"801373","wardname":"Ward 52","wardcode":null,"id":null,"remark":"--","st_area(shape)":9.77917883249722e-07,"st_perimeter(shape)":0.005369040640734752}},{"type":"Feature","geometry":{"type":"Polygon","coordinates":[[[85.167,25.6029],[85.1692,25.6058],[85.1653,25.607],[85.166,25.6101],[85.1533,25.6118],[85.1525,25.607],[85.1585,25.6069],[85.1586,25.6038],[85.167,25.6029]]]},"properties":{"objectid":73311,"statename":"Bihar","statecode":"10","districtname":"Patna","districtcode":"230","ulbname":"Patna","ulbcode":"801373","wardname":"Ward 43","wardcode":null,"id":null,"remark":"--","st_area(shape)":8.711499246818816e-05,"st_perimeter(shape)":0.04698876129361674}},{"type":"Feature","geometry":{"type":"Polygon","coordinates":[[[85.0757,25.587],[85.0753,25.5913],[85.0766,25.5936],[85.0763,25.5973],[85.0741,25.6005],[85.0741,25.6061],[85.0633,25.6091],[85.0544,25.5805],[85.0695,25.5784],[85.0723,25.5864],[85.0757,25.587]]]},"properties":{"objectid":73312,"statename":"Bihar","statecode":"10","districtname":"Patna","districtcode":"230","ulbname":"Patna","ulbcode":"801373","wardname":"Ward 3","wardcode":null,"id":null,"remark":"--","st_area(shape)":0.00045838838210547015,"st_perimeter(shape)":0.08947253857604667}},{"type":"Feature","geometry":{"type":"Polygon","coordinates":[[[85.1299,25.6244],[85.1261,25.6261],[85.1216,25.6182],[85.1298,25.6166],[85.1294,25.6191],[85.1315,25.6235],[85.1299,25.6244]]]},"properties":{"objectid":73313,"statename":"Bihar","statecode":"10","districtname":"Patna","districtcode":"230","ulbname":"Patna","ulbcode":"801373","wardname":"Ward 24","wardcode":null,"id":null,"remark":"--","st_area(shape)":5.50245516732731e-05,"st_perimeter(shape)":0.03420680897808303}},{"type":"Feature","geometry":{"type":"Polygon","coordinates":[[[85.2512,25.5824],[85.2447,25.5887],[85.24,25.5806],[85.2473,25.576],[85.2512,25.5824]]]},"properties":{"objectid":73314,"statename":"Bihar","statecode":"10","districtname":"Patna","districtcode":"230","ulbname":"Patna","ulbcode":"801373","wardname":"Ward 71","wardcode":null,"id":null,"remark":"--","st_area(shape)":7.18388736444166e-05,"st_perimeter(shape)":0.03610298893319696}},{"type":"Feature","geometry":{"type":"Polygon","coordinates":[[[85.2475,25.5712],[85.2547,25.572],[85.2614,25.5663],[85.2652,25.5686],[85.2512,25.5824],[85.2474,25.5762],[85.249,25.575],[85.2475,25.5712]]]},"properties":{"objectid":73315,"statename":"Bihar","statecode":"10","districtname":"Patna","districtcode":"230","ulbname":"Patna","ulbcode":"801373","wardname":"Ward 72","wardcode":null,"id":null,"remark":"--","st_area(shape)":0.00010958027418528445,"st_perimeter(shape)":0.05475288674783341}},{"type":"Feature","geometry":{"type":"Polygon","coordinates":[[[85.1757,25.578],[85.18,25.5933],[85.1765,25.5936],[85.1772,25.5976],[85.1749,25.5979],[85.1757,25.6011],[85.1706,25.6015],[85.1678,25.5927],[85.1662,25.5787],[85.1678,25.5773],[85.1682,25.5789],[85.1757,25.578]]]},"properties":{"objectid":73316,"statename":"Bihar","statecode":"10","districtname":"Patna","districtcode":"230","ulbname":"Patna","ulbcode":"801373","wardname":"Ward 46","wardcode":null,"id":null,"remark":"--","st_area(shape)":0.0002155800475231424,"st_perimeter(shape)":0.07353108552471695}},{"type":"Feature","geometry":{"type":"Polygon","coordinates":[[[85.0633,25.6091],[85.0705,25.6066],[85.0805,25.6054],[85.0829,25.622],[85.0736,25.6212],[85.073,25.6223],[85.0694,25.6224],[85.0633,25.6091]]]},"properties":{"objectid":73317,"statename":"Bihar","statecode":"10","districtname":"Patna","districtcode":"230","ulbname":"Patna","ulbcode":"801373","wardname":"Ward 2","wardcode":null,"id":null,"remark":"--","st_area(shape)":0.0002493670272286717,"st_perimeter(shape)":0.06527911572616656}},{"type":"Feature","geometry":{"type":"Polygon","coordinates":[[[85.1422,25.5759],[85.1421,25.5842],[85.1408,25.5844],[85.1404,25.5884],[85.1376,25.5892],[85.1387,25.5955],[85.1369,25.5956],[85.1338,25.5849],[85.119,25.5836],[85.1111,25.5702],[85.1161,25.5709],[85.1175,25.5726],[85.1225,25.5723],[85.1267,25.5759],[85.1291,25.5744],[85.1318,25.5761],[85.1373,25.5751],[85.1422,25.5759]]]},"properties":{"objectid":73318,"statename":"Bihar","statecode":"10","districtname":"Patna","districtcode":"230","ulbname":"Patna","ulbcode":"801373","wardname":"Ward 30","wardcode":null,"id":null,"remark":"--","st_area(shape)":0.00031567310338852657,"st_perimeter(shape)":0.10459156991877967}},{"type":"Feature","geometry":{"type":"Polygon","coordinates":[[[85.1494,25.6183],[85.1423,25.6193],[85.1393,25.6214],[85.1333,25.6226],[85.1335,25.6187],[85.1312,25.611],[85.1356,25.6103],[85.136,25.612],[85.1408,25.6125],[85.1423,25.6162],[85.1476,25.615],[85.1494,25.6183]]]},"properties":{"objectid":73319,"statename":"Bihar","statecode":"10","districtname":"Patna","districtcode":"230","ulbname":"Patna","ulbcode":"801373","wardname":"Ward 27","wardcode":null,"id":null,"remark":"--","st_area(shape)":0.00011411799512574101,"st_perimeter(shape)":0.05613172270721378}},{"type":"Feature","geometry":{"type":"Polygon","coordinates":[[[85.1442,25.5961],[85.145,25.6028],[85.1422,25.6024],[85.1412,25.6042],[85.1336,25.602],[85.1292,25.5846],[85.1338,25.5849],[85.1369,25.5956],[85.1442,25.5961]]]},"properties":{"objectid":73320,"statename":"Bihar","statecode":"10","districtname":"Patna","districtcode":"230","ulbname":"Patna","ulbcode":"801373","wardname":"Ward 29","wardcode":null,"id":null,"remark":"--","st_area(shape)":0.00013186766438388594,"st_perimeter(shape)":0.06125116955616793}},{"type":"Feature","geometry":{"type":"Polygon","coordinates":[[[85.1307,25.5896],[85.1234,25.5904],[85.1222,25.5854],[85.1234,25.5845],[85.1292,25.5846],[85.1307,25.5896]]]},"properties":{"objectid":73321,"statename":"Bihar","statecode":"10","districtname":"Patna","districtcode":"230","ulbname":"Patna","ulbcode":"801373","wardname":"Ward 17","wardcode":null,"id":null,"remark":"--","st_area(shape)":4.0095747885220714e-05,"st_perimeter(shape)":0.025891903593953696}},{"type":"Feature","geometry":{"type":"Polygon","coordinates":[[[85.181,25.616],[85.1792,25.6162],[85.1775,25.6142],[85.1737,25.6148],[85.1733,25.6121],[85.1858,25.6098],[85.186,25.611],[85.1846,25.6112],[85.1858,25.6149],[85.181,25.616]]]},"properties":{"objectid":73378,"statename":"Bihar","statecode":"10","districtname":"Patna","districtcode":"230","ulbname":"Patna","ulbcode":"801373","wardname":"Ward 50","wardcode":null,"id":null,"remark":"--","st_area(shape)":5.525901077805235e-05,"st_perimeter(shape)":0.03680030880208542}},{"type":"Feature","geometry":{"type":"Polygon","coordinates":[[[85.1733,25.6119],[85.1731,25.6061],[85.1692,25.6058],[85.1669,25.6028],[85.1866,25.601],[85.1878,25.6057],[85.1865,25.6065],[85.1858,25.6098],[85.1733,25.6119]]]},"properties":{"objectid":73379,"statename":"Bihar","statecode":"10","districtname":"Patna","districtcode":"230","ulbname":"Patna","ulbcode":"801373","wardname":"Ward 47","wardcode":null,"id":null,"remark":"--","st_area(shape)":0.00013738520245765032,"st_perimeter(shape)":0.05747856814922811}},{"type":"Feature","geometry":{"type":"Polygon","coordinates":[[[85.1523,25.6185],[85.1499,25.6155],[85.154,25.6148],[85.155,25.6186],[85.1523,25.6185]]]},"properties":{"objectid":73380,"statename":"Bihar","statecode":"10","districtname":"Patna","districtcode":"230","ulbname":"Patna","ulbcode":"801373","wardname":"Ward 39","wardcode":null,"id":null,"remark":"--","st_area(shape)":1.3372227928594435e-05,"st_perimeter(shape)":0.015322938339936507}},{"type":"Feature","geometry":{"type":"Polygon","coordinates":[[[85.1325,25.5957],[85.1336,25.602],[85.1191,25.5968],[85.1197,25.595],[85.1239,25.5975],[85.1243,25.5939],[85.1228,25.5928],[85.125,25.5921],[85.1265,25.5961],[85.1325,25.5957]]]},"properties":{"objectid":73381,"statename":"Bihar","statecode":"10","districtname":"Patna","districtcode":"230","ulbname":"Patna","ulbcode":"801373","wardname":"Ward 19","wardcode":null,"id":null,"remark":"--","st_area(shape)":5.4233573019249706e-05,"st_perimeter(shape)":0.04804125303137756}},{"type":"Feature","geometry":{"type":"Polygon","coordinates":[[[85.1494,25.6183],[85.1478,25.6152],[85.1444,25.6151],[85.1435,25.6125],[85.1454,25.6118],[85.1452,25.6104],[85.1475,25.6102],[85.1492,25.6158],[85.1523,25.6185],[85.1494,25.6183]]]},"properties":{"objectid":73382,"statename":"Bihar","statecode":"10","districtname":"Patna","districtcode":"230","ulbname":"Patna","ulbcode":"801373","wardname":"Ward 37","wardcode":null,"id":null,"remark":"--","st_area(shape)":2.357808306674176e-05,"st_perimeter(shape)":0.031000141605438427}},{"type":"Feature","geometry":{"type":"Polygon","coordinates":[[[85.1554,25.5791],[85.1561,25.5843],[85.1532,25.5841],[85.1531,25.5876],[85.1456,25.5901],[85.1453,25.5884],[85.1437,25.5879],[85.143,25.5841],[85.1515,25.584],[85.1491,25.5818],[85.1479,25.5761],[85.1507,25.5761],[85.1523,25.5789],[85.1554,25.5791]]]},"properties":{"objectid":73383,"statename":"Bihar","statecode":"10","districtname":"Patna","districtcode":"230","ulbname":"Patna","ulbcode":"801373","wardname":"Ward 32","wardcode":null,"id":null,"remark":"--","st_area(shape)":9.024802049165123e-05,"st_perimeter(shape)":0.05675708941661854}},{"type":"Feature","geometry":{"type":"Polygon","coordinates":[[[85.1479,25.5761],[85.1491,25.5818],[85.1515,25.584],[85.143,25.5841],[85.1437,25.5879],[85.1454,25.5887],[85.1458,25.5964],[85.1387,25.5955],[85.1376,25.5892],[85.1404,25.5884],[85.1408,25.5844],[85.1421,25.5842],[85.1422,25.5759],[85.1479,25.5761]]]},"properties":{"objectid":73384,"statename":"Bihar","statecode":"10","districtname":"Patna","districtcode":"230","ulbname":"Patna","ulbcode":"801373","wardname":"Ward 31","wardcode":null,"id":null,"remark":"--","st_area(shape)":0.00012060492037499083,"st_perimeter(shape)":0.07010957503007177}},{"type":"Feature","geometry":{"type":"Polygon","coordinates":[[[85.1585,25.6035],[85.1417,25.6042],[85.1422,25.6024],[85.145,25.6028],[85.1442,25.5961],[85.1482,25.5964],[85.1477,25.6008],[85.1581,25.5999],[85.1585,25.6035]]]},"properties":{"objectid":73385,"statename":"Bihar","statecode":"10","districtname":"Patna","districtcode":"230","ulbname":"Patna","ulbcode":"801373","wardname":"Ward 35","wardcode":null,"id":null,"remark":"--","st_area(shape)":7.135428880998268e-05,"st_perimeter(shape)":0.05096137595947414}},{"type":"Feature","geometry":{"type":"Polygon","coordinates":[[[85.1307,25.5896],[85.1234,25.5904],[85.1222,25.5854],[85.1234,25.5845],[85.1292,25.5846],[85.1307,25.5896]]]},"properties":{"objectid":73386,"statename":"Bihar","statecode":"10","districtname":"Patna","districtcode":"230","ulbname":"Patna","ulbcode":"801373","wardname":"Ward 17","wardcode":null,"id":null,"remark":"--","st_area(shape)":4.0095747885220714e-05,"st_perimeter(shape)":0.025891903593953696}},{"type":"Feature","geometry":{"type":"Polygon","coordinates":[[[85.2058,25.608],[85.1897,25.6137],[85.2003,25.6063],[85.2012,25.609],[85.2058,25.608]]]},"properties":{"objectid":73387,"statename":"Bihar","statecode":"10","districtname":"Patna","districtcode":"230","ulbname":"Patna","ulbcode":"801373","wardname":"Ward 53","wardcode":null,"id":null,"remark":"--","st_area(shape)":2.9807709151769223e-05,"st_perimeter(shape)":0.03803740517389119}},{"type":"Feature","geometry":{"type":"Polygon","coordinates":[[[85.1221,25.6285],[85.1167,25.6326],[85.114,25.6273],[85.1185,25.6258],[85.1197,25.6281],[85.1214,25.6274],[85.1221,25.6285]]]},"properties":{"objectid":73388,"statename":"Bihar","statecode":"10","districtname":"Patna","districtcode":"230","ulbname":"Patna","ulbcode":"801373","wardname":"Ward 22C","wardcode":null,"id":null,"remark":"--","st_area(shape)":2.754518670943221e-05,"st_perimeter(shape)":0.0234684690180806}},{"type":"Feature","geometry":{"type":"Polygon","coordinates":[[[85.0916,25.6492],[85.0832,25.6498],[85.0814,25.6481],[85.0694,25.6224],[85.073,25.6223],[85.0736,25.6212],[85.0829,25.622],[85.0851,25.6287],[85.09,25.6291],[85.0907,25.6326],[85.0987,25.6307],[85.099,25.6326],[85.0929,25.6418],[85.0916,25.6492]]]},"properties":{"objectid":73394,"statename":"Bihar","statecode":"10","districtname":"Patna","districtcode":"230","ulbname":"Patna","ulbcode":"801373","wardname":"Ward 1","wardcode":null,"id":null,"remark":"--","st_area(shape)":0.0004425267265973815,"st_perimeter(shape)":0.10110848406516723}},{"type":"Feature","geometry":{"type":"Polygon","coordinates":[[[85.0943,25.6044],[85.0963,25.608],[85.0937,25.6089],[85.0956,25.6133],[85.0915,25.614],[85.0926,25.6225],[85.0829,25.6219],[85.0805,25.6054],[85.0943,25.6044]]]},"properties":{"objectid":73401,"statename":"Bihar","statecode":"10","districtname":"Patna","districtcode":"230","ulbname":"Patna","ulbcode":"801373","wardname":"Ward 5","wardcode":null,"id":null,"remark":"--","st_area(shape)":0.0001974359701712201,"st_perimeter(shape)":0.06579785633436391}},{"type":"Feature","geometry":{"type":"Polygon","coordinates":[[[85.1585,25.6035],[85.1417,25.6042],[85.1422,25.6024],[85.145,25.6028],[85.1442,25.5961],[85.1482,25.5964],[85.1477,25.6008],[85.1581,25.5999],[85.1585,25.6035]]]},"properties":{"objectid":73687,"statename":"Bihar","statecode":"10","districtname":"Patna","districtcode":"230","ulbname":"Patna","ulbcode":"801373","wardname":"Ward 35","wardcode":null,"id":null,"remark":"--","st_area(shape)":7.135428880998268e-05,"st_perimeter(shape)":0.05096137595947414}},{"type":"Feature","geometry":{"type":"Polygon","coordinates":[[[85.154,25.6148],[85.1492,25.6158],[85.1473,25.6073],[85.1525,25.607],[85.154,25.6148]]]},"properties":{"objectid":73696,"statename":"Bihar","statecode":"10","districtname":"Patna","districtcode":"230","ulbname":"Patna","ulbcode":"801373","wardname":"Ward 38","wardcode":null,"id":null,"remark":"--","st_area(shape)":4.442192203999546e-05,"st_perimeter(shape)":0.028004765379378585}},{"type":"Feature","geometry":{"type":"Polygon","coordinates":[[[85.1717,25.6185],[85.1589,25.6191],[85.1583,25.616],[85.1678,25.6149],[85.1686,25.6161],[85.1728,25.6167],[85.1715,25.6169],[85.1717,25.6185]]]},"properties":{"objectid":73697,"statename":"Bihar","statecode":"10","districtname":"Patna","districtcode":"230","ulbname":"Patna","ulbcode":"801373","wardname":"Ward 41","wardcode":null,"id":null,"remark":"--","st_area(shape)":4.0033108896018784e-05,"st_perimeter(shape)":0.034749221096666054}},{"type":"Feature","geometry":{"type":"Polygon","coordinates":[[[85.09,25.5762],[85.0926,25.5763],[85.0931,25.5811],[85.0972,25.5805],[85.0961,25.5854],[85.1056,25.5895],[85.113,25.5936],[85.1126,25.5945],[85.0976,25.5891],[85.0864,25.5875],[85.0856,25.5809],[85.0881,25.5815],[85.0904,25.5801],[85.0912,25.5776],[85.09,25.5762]]]},"properties":{"objectid":73698,"statename":"Bihar","statecode":"10","districtname":"Patna","districtcode":"230","ulbname":"Patna","ulbcode":"801373","wardname":"Ward 10","wardcode":null,"id":null,"remark":"--","st_area(shape)":0.00012329650078353143,"st_perimeter(shape)":0.08244314842075874}},{"type":"Feature","geometry":{"type":"Polygon","coordinates":[[[85.1111,25.5702],[85.119,25.5836],[85.099,25.5785],[85.0974,25.5819],[85.0972,25.5805],[85.0931,25.5811],[85.0926,25.5763],[85.087,25.575],[85.0857,25.5718],[85.084,25.5721],[85.0836,25.5708],[85.0848,25.5698],[85.0843,25.567],[85.0868,25.5688],[85.0903,25.5691],[85.0889,25.5641],[85.0937,25.5626],[85.0946,25.565],[85.1006,25.564],[85.1057,25.5667],[85.1068,25.5696],[85.1111,25.5702]]]},"properties":{"objectid":73699,"statename":"Bihar","statecode":"10","districtname":"Patna","districtcode":"230","ulbname":"Patna","ulbcode":"801373","wardname":"Ward 11","wardcode":null,"id":null,"remark":"--","st_area(shape)":0.00036827768543556304,"st_perimeter(shape)":0.11014940843865209}},{"type":"Feature","geometry":{"type":"Polygon","coordinates":[[[85.1228,25.5928],[85.1243,25.5939],[85.1239,25.5975],[85.1197,25.595],[85.1191,25.5968],[85.1126,25.5945],[85.113,25.5936],[85.1056,25.5895],[85.1066,25.5856],[85.1168,25.5932],[85.1192,25.5911],[85.1213,25.5931],[85.1228,25.5928]]]},"properties":{"objectid":73700,"statename":"Bihar","statecode":"10","districtname":"Patna","districtcode":"230","ulbname":"Patna","ulbcode":"801373","wardname":"Ward 15","wardcode":null,"id":null,"remark":"--","st_area(shape)":6.730246742307847e-05,"st_perimeter(shape)":0.05510113269794506}},{"type":"Feature","geometry":{"type":"Polygon","coordinates":[[[85.1325,25.5957],[85.1265,25.5961],[85.1243,25.5905],[85.1307,25.5896],[85.1325,25.5957]]]},"properties":{"objectid":73701,"statename":"Bihar","statecode":"10","districtname":"Patna","districtcode":"230","ulbname":"Patna","ulbcode":"801373","wardname":"Ward 18","wardcode":null,"id":null,"remark":"--","st_area(shape)":3.665765640700607e-05,"st_perimeter(shape)":0.025665519817010946}},{"type":"Feature","geometry":{"type":"Polygon","coordinates":[[[85.1494,25.6183],[85.1423,25.6193],[85.1393,25.6214],[85.1333,25.6226],[85.1335,25.6187],[85.1312,25.611],[85.1356,25.6103],[85.136,25.612],[85.1408,25.6125],[85.1423,25.6162],[85.1476,25.615],[85.1494,25.6183]]]},"properties":{"objectid":73702,"statename":"Bihar","statecode":"10","districtname":"Patna","districtcode":"230","ulbname":"Patna","ulbcode":"801373","wardname":"Ward 27","wardcode":null,"id":null,"remark":"--","st_area(shape)":0.00011411799512574101,"st_perimeter(shape)":0.05613172270721378}},{"type":"Feature","geometry":{"type":"Polygon","coordinates":[[[85.1261,25.6261],[85.1221,25.6285],[85.1214,25.6274],[85.1197,25.6281],[85.1185,25.6258],[85.1136,25.6274],[85.1128,25.6247],[85.1103,25.6252],[85.1072,25.6219],[85.1126,25.6174],[85.113,25.6191],[85.1174,25.6189],[85.1177,25.62],[85.1216,25.6181],[85.1261,25.6261]]]},"properties":{"objectid":73703,"statename":"Bihar","statecode":"10","districtname":"Patna","districtcode":"230","ulbname":"Patna","ulbcode":"801373","wardname":"Ward 22","wardcode":null,"id":null,"remark":"--","st_area(shape)":0.00011593338531020447,"st_perimeter(shape)":0.056387780468870156}},{"type":"Feature","geometry":{"type":"Polygon","coordinates":[[[85.1126,25.6174],[85.1082,25.6208],[85.1075,25.6202],[85.1213,25.6012],[85.126,25.5991],[85.1336,25.602],[85.1333,25.6106],[85.1302,25.6112],[85.1228,25.6097],[85.1126,25.6174]]]},"properties":{"objectid":73704,"statename":"Bihar","statecode":"10","districtname":"Patna","districtcode":"230","ulbname":"Patna","ulbcode":"801373","wardname":"Ward 21","wardcode":null,"id":null,"remark":"--","st_area(shape)":0.00020346712059136053,"st_perimeter(shape)":0.07678976481721338}},{"type":"Feature","geometry":{"type":"Polygon","coordinates":[[[85.1572,25.5936],[85.1493,25.593],[85.1497,25.5893],[85.1532,25.5874],[85.1532,25.5841],[85.1585,25.5845],[85.1572,25.5936]]]},"properties":{"objectid":73705,"statename":"Bihar","statecode":"10","districtname":"Patna","districtcode":"230","ulbname":"Patna","ulbcode":"801373","wardname":"Ward 33","wardcode":null,"id":null,"remark":"--","st_area(shape)":5.9683290442060794e-05,"st_perimeter(shape)":0.03500442852821876}},{"type":"Feature","geometry":{"type":"Polygon","coordinates":[[[85.176,25.602],[85.167,25.6028],[85.1652,25.602],[85.1628,25.5937],[85.1635,25.5928],[85.1604,25.5933],[85.1598,25.5888],[85.162,25.5886],[85.1616,25.5848],[85.1677,25.5853],[85.1678,25.5927],[85.1705,25.6015],[85.1759,25.6011],[85.176,25.602]]]},"properties":{"objectid":73706,"statename":"Bihar","statecode":"10","districtname":"Patna","districtcode":"230","ulbname":"Patna","ulbcode":"801373","wardname":"Ward 45","wardcode":null,"id":null,"remark":"--","st_area(shape)":0.00011083223325490867,"st_perimeter(shape)":0.06498319205434279}},{"type":"Feature","geometry":{"type":"Polygon","coordinates":[[[85.1666,25.5775],[85.1668,25.5852],[85.1616,25.5848],[85.162,25.5886],[85.1598,25.5888],[85.1604,25.5933],[85.1635,25.5928],[85.1628,25.5937],[85.1652,25.602],[85.167,25.6029],[85.1586,25.6038],[85.1571,25.5898],[85.1585,25.5891],[85.1585,25.5845],[85.1561,25.5843],[85.1554,25.5791],[85.1666,25.5775]]]},"properties":{"objectid":73707,"statename":"Bihar","statecode":"10","districtname":"Patna","districtcode":"230","ulbname":"Patna","ulbcode":"801373","wardname":"Ward 44","wardcode":null,"id":null,"remark":"--","st_area(shape)":0.00016206403362254088,"st_perimeter(shape)":0.09014011399380746}},{"type":"Feature","geometry":{"type":"Polygon","coordinates":[[[85.1585,25.6035],[85.1417,25.6042],[85.1422,25.6024],[85.145,25.6028],[85.1442,25.5961],[85.1482,25.5964],[85.1477,25.6008],[85.1581,25.5999],[85.1585,25.6035]]]},"properties":{"objectid":73708,"statename":"Bihar","statecode":"10","districtname":"Patna","districtcode":"230","ulbname":"Patna","ulbcode":"801373","wardname":"Ward 35","wardcode":null,"id":null,"remark":"--","st_area(shape)":7.135428880998268e-05,"st_perimeter(shape)":0.05096137595947414}},{"type":"Feature","geometry":{"type":"Polygon","coordinates":[[[85.1307,25.5896],[85.1234,25.5904],[85.1222,25.5854],[85.1234,25.5845],[85.1292,25.5846],[85.1307,25.5896]]]},"properties":{"objectid":73709,"statename":"Bihar","statecode":"10","districtname":"Patna","districtcode":"230","ulbname":"Patna","ulbcode":"801373","wardname":"Ward 17","wardcode":null,"id":null,"remark":"--","st_area(shape)":4.0095747885220714e-05,"st_perimeter(shape)":0.025891903593953696}},{"type":"Feature","geometry":{"type":"Polygon","coordinates":[[[85.2042,25.6044],[85.203,25.6015],[85.1994,25.6017],[85.1979,25.5984],[85.2093,25.5969],[85.2106,25.6014],[85.2042,25.6044]]]},"properties":{"objectid":73710,"statename":"Bihar","statecode":"10","districtname":"Patna","districtcode":"230","ulbname":"Patna","ulbcode":"801373","wardname":"Ward 57","wardcode":null,"id":null,"remark":"--","st_area(shape)":5.266002822390851e-05,"st_perimeter(shape)":0.034627123942416654}},{"type":"Feature","geometry":{"type":"Polygon","coordinates":[[[85.2181,25.5947],[85.2093,25.5975],[85.2242,25.5892],[85.2251,25.5923],[85.2181,25.5947]]]},"properties":{"objectid":73711,"statename":"Bihar","statecode":"10","districtname":"Patna","districtcode":"230","ulbname":"Patna","ulbcode":"801373","wardname":"Ward 63","wardcode":null,"id":null,"remark":"--","st_area(shape)":2.9422916920076874e-05,"st_perimeter(shape)":0.03859183073968671}},{"type":"Feature","geometry":{"type":"Polygon","coordinates":[[[85.2227,25.5746],[85.2247,25.5834],[85.2273,25.5826],[85.2301,25.5861],[85.229,25.5894],[85.2306,25.5924],[85.2295,25.594],[85.2273,25.5941],[85.2274,25.5921],[85.2251,25.5923],[85.2206,25.5799],[85.2193,25.5757],[85.2227,25.5746]]]},"properties":{"objectid":73712,"statename":"Bihar","statecode":"10","districtname":"Patna","districtcode":"230","ulbname":"Patna","ulbcode":"801373","wardname":"Ward 62","wardcode":null,"id":null,"remark":"--","st_area(shape)":8.18216717228066e-05,"st_perimeter(shape)":0.059959162031679815}},{"type":"Feature","geometry":{"type":"Polygon","coordinates":[[[85.2202,25.6008],[85.2177,25.6012],[85.2172,25.5985],[85.2204,25.5982],[85.2201,25.5965],[85.2229,25.597],[85.2239,25.596],[85.2244,25.5984],[85.2202,25.6008]]]},"properties":{"objectid":73713,"statename":"Bihar","statecode":"10","districtname":"Patna","districtcode":"230","ulbname":"Patna","ulbcode":"801373","wardname":"Ward 65","wardcode":null,"id":null,"remark":"--","st_area(shape)":1.964047762581458e-05,"st_perimeter(shape)":0.02491723625288552}},{"type":"Feature","geometry":{"type":"Polygon","coordinates":[[[85.1809,25.6169],[85.1717,25.6185],[85.1715,25.6169],[85.1743,25.6171],[85.1737,25.6148],[85.1775,25.6142],[85.1809,25.6169]]]},"properties":{"objectid":73714,"statename":"Bihar","statecode":"10","districtname":"Patna","districtcode":"230","ulbname":"Patna","ulbcode":"801373","wardname":"Ward 49","wardcode":null,"id":null,"remark":"--","st_area(shape)":2.2416705791886754e-05,"st_perimeter(shape)":0.026267641270630523}},{"type":"Feature","geometry":{"type":"Polygon","coordinates":[[[85.154,25.6148],[85.1492,25.6158],[85.1473,25.6073],[85.1525,25.607],[85.154,25.6148]]]},"properties":{"objectid":73715,"statename":"Bihar","statecode":"10","districtname":"Patna","districtcode":"230","ulbname":"Patna","ulbcode":"801373","wardname":"Ward 38","wardcode":null,"id":null,"remark":"--","st_area(shape)":4.442192203999546e-05,"st_perimeter(shape)":0.028004765379378585}},{"type":"Feature","geometry":{"type":"Polygon","coordinates":[[[85.1583,25.6159],[85.1545,25.6148],[85.1535,25.6118],[85.166,25.6101],[85.1669,25.6148],[85.1583,25.6159]]]},"properties":{"objectid":73716,"statename":"Bihar","statecode":"10","districtname":"Patna","districtcode":"230","ulbname":"Patna","ulbcode":"801373","wardname":"Ward 42","wardcode":null,"id":null,"remark":"--","st_area(shape)":5.706907945664338e-05,"st_perimeter(shape)":0.03345425411991174}},{"type":"Feature","geometry":{"type":"Polygon","coordinates":[[[85.1111,25.5702],[85.119,25.5836],[85.099,25.5785],[85.0974,25.5819],[85.0972,25.5805],[85.0931,25.5811],[85.0926,25.5763],[85.087,25.575],[85.0857,25.5718],[85.084,25.5721],[85.0836,25.5708],[85.0848,25.5698],[85.0843,25.567],[85.0868,25.5688],[85.0903,25.5691],[85.0889,25.5641],[85.0937,25.5626],[85.0946,25.565],[85.1006,25.564],[85.1057,25.5667],[85.1068,25.5696],[85.1111,25.5702]]]},"properties":{"objectid":73717,"statename":"Bihar","statecode":"10","districtname":"Patna","districtcode":"230","ulbname":"Patna","ulbcode":"801373","wardname":"Ward 11","wardcode":null,"id":null,"remark":"--","st_area(shape)":0.00036827768543556304,"st_perimeter(shape)":0.11014940843865209}},{"type":"Feature","geometry":{"type":"Polygon","coordinates":[[[85.1066,25.5856],[85.1034,25.584],[85.1026,25.5796],[85.1118,25.5822],[85.1123,25.5848],[85.1106,25.5876],[85.109,25.5882],[85.1066,25.5856]]]},"properties":{"objectid":73718,"statename":"Bihar","statecode":"10","districtname":"Patna","districtcode":"230","ulbname":"Patna","ulbcode":"801373","wardname":"Ward 13","wardcode":null,"id":null,"remark":"--","st_area(shape)":4.307717080279942e-05,"st_perimeter(shape)":0.0307756636377732}},{"type":"Feature","geometry":{"type":"Polygon","coordinates":[[[85.176,25.602],[85.167,25.6028],[85.1652,25.602],[85.1628,25.5937],[85.1635,25.5928],[85.1604,25.5933],[85.1598,25.5888],[85.162,25.5886],[85.1616,25.5848],[85.1677,25.5853],[85.1678,25.5927],[85.1705,25.6015],[85.1759,25.6011],[85.176,25.602]]]},"properties":{"objectid":73719,"statename":"Bihar","statecode":"10","districtname":"Patna","districtcode":"230","ulbname":"Patna","ulbcode":"801373","wardname":"Ward 45","wardcode":null,"id":null,"remark":"--","st_area(shape)":0.00011083223325490867,"st_perimeter(shape)":0.06498319205434279}},{"type":"Feature","geometry":{"type":"Polygon","coordinates":[[[85.2058,25.608],[85.2012,25.609],[85.2003,25.6063],[85.2107,25.6014],[85.2106,25.606],[85.2058,25.608]]]},"properties":{"objectid":73720,"statename":"Bihar","statecode":"10","districtname":"Patna","districtcode":"230","ulbname":"Patna","ulbcode":"801373","wardname":"Ward 58","wardcode":null,"id":null,"remark":"--","st_area(shape)":4.291865390450613e-05,"st_perimeter(shape)":0.029324304588163888}},{"type":"Feature","geometry":{"type":"Polygon","coordinates":[[[85.2227,25.5746],[85.2247,25.5834],[85.2273,25.5826],[85.2301,25.5861],[85.229,25.5894],[85.2306,25.5924],[85.2295,25.594],[85.2273,25.5941],[85.2274,25.5921],[85.2251,25.5923],[85.2206,25.5799],[85.2193,25.5757],[85.2227,25.5746]]]},"properties":{"objectid":73721,"statename":"Bihar","statecode":"10","districtname":"Patna","districtcode":"230","ulbname":"Patna","ulbcode":"801373","wardname":"Ward 62","wardcode":null,"id":null,"remark":"--","st_area(shape)":8.18216717228066e-05,"st_perimeter(shape)":0.059959162031679815}},{"type":"Feature","geometry":{"type":"Polygon","coordinates":[[[85.2512,25.5824],[85.2447,25.5887],[85.24,25.5806],[85.2473,25.576],[85.2512,25.5824]]]},"properties":{"objectid":73722,"statename":"Bihar","statecode":"10","districtname":"Patna","districtcode":"230","ulbname":"Patna","ulbcode":"801373","wardname":"Ward 71","wardcode":null,"id":null,"remark":"--","st_area(shape)":7.18388736444166e-05,"st_perimeter(shape)":0.03610298893319696}},{"type":"Feature","geometry":{"type":"Polygon","coordinates":[[[85.2193,25.5757],[85.2208,25.5803],[85.201,25.5844],[85.2039,25.5929],[85.2011,25.5935],[85.2007,25.5978],[85.1979,25.5985],[85.1994,25.6017],[85.203,25.6015],[85.2042,25.6044],[85.199,25.6072],[85.1877,25.5855],[85.1782,25.5854],[85.1757,25.578],[85.1801,25.5769],[85.1792,25.5723],[85.1838,25.571],[85.187,25.5788],[85.1927,25.5774],[85.1915,25.5727],[85.204,25.5696],[85.2048,25.5683],[85.2039,25.5641],[85.2065,25.5606],[85.2107,25.5598],[85.2142,25.5575],[85.2177,25.5586],[85.2168,25.5639],[85.2156,25.5643],[85.2193,25.5757]]]},"properties":{"objectid":73723,"statename":"Bihar","statecode":"10","districtname":"Patna","districtcode":"230","ulbname":"Patna","ulbcode":"801373","wardname":"Ward 56","wardcode":null,"id":null,"remark":"--","st_area(shape)":0.0008136352399985743,"st_perimeter(shape)":0.19430435332615092}},{"type":"Feature","geometry":{"type":"Polygon","coordinates":[[[85.2352,25.5916],[85.2322,25.5935],[85.2319,25.5919],[85.2306,25.5924],[85.2291,25.5867],[85.2332,25.5844],[85.2352,25.5916]]]},"properties":{"objectid":73724,"statename":"Bihar","statecode":"10","districtname":"Patna","districtcode":"230","ulbname":"Patna","ulbcode":"801373","wardname":"Ward 67","wardcode":null,"id":null,"remark":"--","st_area(shape)":3.369458658589137e-05,"st_perimeter(shape)":0.02643899397727975}},{"type":"Feature","geometry":{"type":"Polygon","coordinates":[[[85.2447,25.5887],[85.2434,25.5898],[85.2388,25.5897],[85.2365,25.5846],[85.2332,25.5844],[85.2401,25.5803],[85.2447,25.5887]]]},"properties":{"objectid":73725,"statename":"Bihar","statecode":"10","districtname":"Patna","districtcode":"230","ulbname":"Patna","ulbcode":"801373","wardname":"Ward 70","wardcode":null,"id":null,"remark":"--","st_area(shape)":4.974461743823199e-05,"st_perimeter(shape)":0.03446588053126931}},{"type":"Feature","geometry":{"type":"Polygon","coordinates":[[[85.2322,25.5935],[85.2244,25.5984],[85.2239,25.5957],[85.2252,25.5924],[85.2274,25.5921],[85.2273,25.5941],[85.2295,25.594],[85.2319,25.5919],[85.2322,25.5935]]]},"properties":{"objectid":73726,"statename":"Bihar","statecode":"10","districtname":"Patna","districtcode":"230","ulbname":"Patna","ulbcode":"801373","wardname":"Ward 66","wardcode":null,"id":null,"remark":"--","st_area(shape)":2.418300976092731e-05,"st_perimeter(shape)":0.029957472618745463}},{"type":"Feature","geometry":{"type":"Polygon","coordinates":[[[85.2202,25.6008],[85.2177,25.6012],[85.2172,25.5985],[85.2204,25.5982],[85.2201,25.5965],[85.2229,25.597],[85.2239,25.596],[85.2244,25.5984],[85.2202,25.6008]]]},"properties":{"objectid":73727,"statename":"Bihar","statecode":"10","districtname":"Patna","districtcode":"230","ulbname":"Patna","ulbcode":"801373","wardname":"Ward 65","wardcode":null,"id":null,"remark":"--","st_area(shape)":1.964047762581458e-05,"st_perimeter(shape)":0.02491723625288552}},{"type":"Feature","geometry":{"type":"Polygon","coordinates":[[[85.1891,25.6146],[85.1809,25.6169],[85.181,25.616],[85.1858,25.6149],[85.1846,25.6112],[85.1888,25.6102],[85.1891,25.6146]]]},"properties":{"objectid":73915,"statename":"Bihar","statecode":"10","districtname":"Patna","districtcode":"230","ulbname":"Patna","ulbcode":"801373","wardname":"Ward 51","wardcode":null,"id":null,"remark":"--","st_area(shape)":2.0792693640902058e-05,"st_perimeter(shape)":0.02724283818177671}},{"type":"Feature","geometry":{"type":"Polygon","coordinates":[[[85.134,25.6228],[85.1299,25.6244],[85.1315,25.6235],[85.1294,25.6191],[85.1298,25.6166],[85.1263,25.6172],[85.1267,25.6148],[85.1305,25.6111],[85.134,25.6228]]]},"properties":{"objectid":73916,"statename":"Bihar","statecode":"10","districtname":"Patna","districtcode":"230","ulbname":"Patna","ulbcode":"801373","wardname":"Ward 26","wardcode":null,"id":null,"remark":"--","st_area(shape)":4.510064557473558e-05,"st_perimeter(shape)":0.042123820084824175}},{"type":"Feature","geometry":{"type":"Polygon","coordinates":[[[85.1126,25.6174],[85.1082,25.6208],[85.1075,25.6202],[85.1213,25.6012],[85.126,25.5991],[85.1336,25.602],[85.1333,25.6106],[85.1302,25.6112],[85.1228,25.6097],[85.1126,25.6174]]]},"properties":{"objectid":73917,"statename":"Bihar","statecode":"10","districtname":"Patna","districtcode":"230","ulbname":"Patna","ulbcode":"801373","wardname":"Ward 21","wardcode":null,"id":null,"remark":"--","st_area(shape)":0.00020346712059136053,"st_perimeter(shape)":0.07678976481721338}},{"type":"Feature","geometry":{"type":"Polygon","coordinates":[[[85.2251,25.5923],[85.2231,25.5969],[85.2195,25.597],[85.2181,25.5953],[85.2251,25.5923]]]},"properties":{"objectid":73918,"statename":"Bihar","statecode":"10","districtname":"Patna","districtcode":"230","ulbname":"Patna","ulbcode":"801373","wardname":"Ward 64","wardcode":null,"id":null,"remark":"--","st_area(shape)":2.0734302952607843e-05,"st_perimeter(shape)":0.02223286845292366}},{"type":"Feature","geometry":{"type":"Polygon","coordinates":[[[85.2058,25.608],[85.2012,25.609],[85.2003,25.6063],[85.2107,25.6014],[85.2106,25.606],[85.2058,25.608]]]},"properties":{"objectid":73919,"statename":"Bihar","statecode":"10","districtname":"Patna","districtcode":"230","ulbname":"Patna","ulbcode":"801373","wardname":"Ward 58","wardcode":null,"id":null,"remark":"--","st_area(shape)":4.291865390450613e-05,"st_perimeter(shape)":0.029324304588163888}},{"type":"Feature","geometry":{"type":"Polygon","coordinates":[[[85.1913,25.6138],[85.1908,25.614],[85.1902,25.6142],[85.1897,25.6144],[85.1891,25.6146],[85.1891,25.6146],[85.1891,25.6145],[85.1891,25.6145],[85.1891,25.6144],[85.189,25.6142],[85.189,25.614],[85.189,25.614],[85.189,25.6139],[85.189,25.6139],[85.189,25.6139],[85.1892,25.6139],[85.1892,25.6139],[85.1893,25.6139],[85.1893,25.6138],[85.1893,25.6138],[85.1893,25.6138],[85.1895,25.6138],[85.1896,25.6138],[85.1896,25.6138],[85.1896,25.6138],[85.1896,25.6138],[85.1897,25.6138],[85.1897,25.6137],[85.1897,25.6137],[85.1897,25.6137],[85.1897,25.6137],[85.1897,25.6137],[85.1897,25.6137],[85.1897,25.6137],[85.1898,25.6137],[85.1898,25.6137],[85.1898,25.6137],[85.1898,25.6137],[85.1898,25.6137],[85.1899,25.6137],[85.1901,25.6137],[85.1904,25.6137],[85.1906,25.6137],[85.1906,25.6137],[85.1907,25.6137],[85.1909,25.6138],[85.1909,25.6138],[85.1909,25.6138],[85.1912,25.6138],[85.1913,25.6138]]]},"properties":{"objectid":73920,"statename":"Bihar","statecode":"10","districtname":"Patna","districtcode":"230","ulbname":"Patna","ulbcode":"801373","wardname":"Ward 52","wardcode":null,"id":null,"remark":"--","st_area(shape)":9.77917883249722e-07,"st_perimeter(shape)":0.005369040640734752}},{"type":"Feature","geometry":{"type":"Polygon","coordinates":[[[85.086,25.5871],[85.0911,25.5881],[85.09,25.5903],[85.0994,25.5949],[85.0893,25.5992],[85.0933,25.6045],[85.0741,25.6062],[85.0741,25.6005],[85.0763,25.5973],[85.0766,25.5936],[85.0753,25.5913],[85.0757,25.587],[85.086,25.5871]]]},"properties":{"objectid":74025,"statename":"Bihar","statecode":"10","districtname":"Patna","districtcode":"230","ulbname":"Patna","ulbcode":"801373","wardname":"Ward 4","wardcode":null,"id":null,"remark":"--","st_area(shape)":0.0003136154442459095,"st_perimeter(shape)":0.08749715984928894}},{"type":"Feature","geometry":{"type":"Polygon","coordinates":[[[85.0943,25.6044],[85.0963,25.608],[85.0937,25.6089],[85.0956,25.6133],[85.0915,25.614],[85.0926,25.6225],[85.0829,25.6219],[85.0805,25.6054],[85.0943,25.6044]]]},"properties":{"objectid":74026,"statename":"Bihar","statecode":"10","districtname":"Patna","districtcode":"230","ulbname":"Patna","ulbcode":"801373","wardname":"Ward 5","wardcode":null,"id":null,"remark":"--","st_area(shape)":0.0001974359701712201,"st_perimeter(shape)":0.06579785633436391}},{"type":"Feature","geometry":{"type":"Polygon","coordinates":[[[85.1132,25.6116],[85.1063,25.6123],[85.1047,25.6137],[85.1038,25.6099],[85.1101,25.6083],[85.1097,25.6059],[85.1111,25.6037],[85.1168,25.6069],[85.1132,25.6116]]]},"properties":{"objectid":74027,"statename":"Bihar","statecode":"10","districtname":"Patna","districtcode":"230","ulbname":"Patna","ulbcode":"801373","wardname":"Ward 20","wardcode":null,"id":null,"remark":"--","st_area(shape)":5.50736919238354e-05,"st_perimeter(shape)":0.03850120625181704}},{"type":"Feature","geometry":{"type":"Polygon","coordinates":[[[85.1581,25.5999],[85.1477,25.6008],[85.1482,25.5964],[85.1458,25.5962],[85.1456,25.5901],[85.1496,25.5893],[85.1493,25.593],[85.1572,25.5936],[85.1581,25.5999]]]},"properties":{"objectid":74028,"statename":"Bihar","statecode":"10","districtname":"Patna","districtcode":"230","ulbname":"Patna","ulbcode":"801373","wardname":"Ward 34","wardcode":null,"id":null,"remark":"--","st_area(shape)":8.763124833292462e-05,"st_perimeter(shape)":0.04565547956681261}},{"type":"Feature","geometry":{"type":"Polygon","coordinates":[[[85.1525,25.607],[85.1473,25.6073],[85.1471,25.6092],[85.1414,25.6062],[85.1418,25.6042],[85.1585,25.6035],[85.1585,25.6069],[85.1525,25.607]]]},"properties":{"objectid":74029,"statename":"Bihar","statecode":"10","districtname":"Patna","districtcode":"230","ulbname":"Patna","ulbcode":"801373","wardname":"Ward 36","wardcode":null,"id":null,"remark":"--","st_area(shape)":5.3543845213052913e-05,"st_perimeter(shape)":0.042590692145210204}},{"type":"Feature","geometry":{"type":"Polygon","coordinates":[[[85.2193,25.5757],[85.2208,25.5803],[85.201,25.5844],[85.2039,25.5929],[85.2011,25.5935],[85.2007,25.5978],[85.1979,25.5985],[85.1994,25.6017],[85.203,25.6015],[85.2042,25.6044],[85.199,25.6072],[85.1877,25.5855],[85.1782,25.5854],[85.1757,25.578],[85.1801,25.5769],[85.1792,25.5723],[85.1838,25.571],[85.187,25.5788],[85.1927,25.5774],[85.1915,25.5727],[85.204,25.5696],[85.2048,25.5683],[85.2039,25.5641],[85.2065,25.5606],[85.2107,25.5598],[85.2142,25.5575],[85.2177,25.5586],[85.2168,25.5639],[85.2156,25.5643],[85.2193,25.5757]]]},"properties":{"objectid":74030,"statename":"Bihar","statecode":"10","districtname":"Patna","districtcode":"230","ulbname":"Patna","ulbcode":"801373","wardname":"Ward 56","wardcode":null,"id":null,"remark":"--","st_area(shape)":0.0008136352399985743,"st_perimeter(shape)":0.19430435332615092}},{"type":"Feature","geometry":{"type":"Polygon","coordinates":[[[85.1891,25.6146],[85.1809,25.6169],[85.181,25.616],[85.1858,25.6149],[85.1846,25.6112],[85.1888,25.6102],[85.1891,25.6146]]]},"properties":{"objectid":74031,"statename":"Bihar","statecode":"10","districtname":"Patna","districtcode":"230","ulbname":"Patna","ulbcode":"801373","wardname":"Ward 51","wardcode":null,"id":null,"remark":"--","st_area(shape)":2.0792693640902058e-05,"st_perimeter(shape)":0.02724283818177671}},{"type":"Feature","geometry":{"type":"Polygon","coordinates":[[[85.1717,25.6185],[85.1589,25.6191],[85.1583,25.616],[85.1678,25.6149],[85.1686,25.6161],[85.1728,25.6167],[85.1715,25.6169],[85.1717,25.6185]]]},"properties":{"objectid":74032,"statename":"Bihar","statecode":"10","districtname":"Patna","districtcode":"230","ulbname":"Patna","ulbcode":"801373","wardname":"Ward 41","wardcode":null,"id":null,"remark":"--","st_area(shape)":4.0033108896018784e-05,"st_perimeter(shape)":0.034749221096666054}},{"type":"Feature","geometry":{"type":"Polygon","coordinates":[[[85.0987,25.6307],[85.0907,25.6326],[85.09,25.6291],[85.0851,25.6287],[85.0829,25.6219],[85.0961,25.6223],[85.0987,25.6307]]]},"properties":{"objectid":74033,"statename":"Bihar","statecode":"10","districtname":"Patna","districtcode":"230","ulbname":"Patna","ulbcode":"801373","wardname":"Ward 6","wardcode":null,"id":null,"remark":"--","st_area(shape)":0.00010903042909404791,"st_perimeter(shape)":0.04701115624377202}},{"type":"Feature","geometry":{"type":"Polygon","coordinates":[[[85.1132,25.6116],[85.1063,25.6123],[85.1047,25.6137],[85.1038,25.6099],[85.1101,25.6083],[85.1097,25.6059],[85.1111,25.6037],[85.1168,25.6069],[85.1132,25.6116]]]},"properties":{"objectid":74034,"statename":"Bihar","statecode":"10","districtname":"Patna","districtcode":"230","ulbname":"Patna","ulbcode":"801373","wardname":"Ward 20","wardcode":null,"id":null,"remark":"--","st_area(shape)":5.50736919238354e-05,"st_perimeter(shape)":0.03850120625181704}},{"type":"Feature","geometry":{"type":"Polygon","coordinates":[[[85.1325,25.5957],[85.1336,25.602],[85.1191,25.5968],[85.1197,25.595],[85.1239,25.5975],[85.1243,25.5939],[85.1228,25.5928],[85.125,25.5921],[85.1265,25.5961],[85.1325,25.5957]]]},"properties":{"objectid":74035,"statename":"Bihar","statecode":"10","districtname":"Patna","districtcode":"230","ulbname":"Patna","ulbcode":"801373","wardname":"Ward 19","wardcode":null,"id":null,"remark":"--","st_area(shape)":5.4233573019249706e-05,"st_perimeter(shape)":0.04804125303137756}},{"type":"Feature","geometry":{"type":"Polygon","coordinates":[[[85.195,25.5995],[85.199,25.6072],[85.1892,25.6139],[85.1888,25.6102],[85.186,25.611],[85.1865,25.6065],[85.1878,25.6057],[85.1866,25.6009],[85.195,25.5995]]]},"properties":{"objectid":74036,"statename":"Bihar","statecode":"10","districtname":"Patna","districtcode":"230","ulbname":"Patna","ulbcode":"801373","wardname":"Ward 54","wardcode":null,"id":null,"remark":"--","st_area(shape)":0.00011263585735868926,"st_perimeter(shape)":0.04710822094473823}},{"type":"Feature","geometry":{"type":"Polygon","coordinates":[[[85.0916,25.6492],[85.0832,25.6498],[85.0814,25.6481],[85.0694,25.6224],[85.073,25.6223],[85.0736,25.6212],[85.0829,25.622],[85.0851,25.6287],[85.09,25.6291],[85.0907,25.6326],[85.0987,25.6307],[85.099,25.6326],[85.0929,25.6418],[85.0916,25.6492]]]},"properties":{"objectid":74488,"statename":"Bihar","statecode":"10","districtname":"Patna","districtcode":"230","ulbname":"Patna","ulbcode":"801373","wardname":"Ward 1","wardcode":null,"id":null,"remark":"--","st_area(shape)":0.0004425267265973815,"st_perimeter(shape)":0.10110848406516723}},{"type":"Feature","geometry":{"type":"Polygon","coordinates":[[[85.1809,25.6169],[85.1717,25.6185],[85.1715,25.6169],[85.1743,25.6171],[85.1737,25.6148],[85.1775,25.6142],[85.1809,25.6169]]]},"properties":{"objectid":74489,"statename":"Bihar","statecode":"10","districtname":"Patna","districtcode":"230","ulbname":"Patna","ulbcode":"801373","wardname":"Ward 49","wardcode":null,"id":null,"remark":"--","st_area(shape)":2.2416705791886754e-05,"st_perimeter(shape)":0.026267641270630523}},{"type":"Feature","geometry":{"type":"Polygon","coordinates":[[[85.167,25.6029],[85.1692,25.6058],[85.1653,25.607],[85.166,25.6101],[85.1533,25.6118],[85.1525,25.607],[85.1585,25.6069],[85.1586,25.6038],[85.167,25.6029]]]},"properties":{"objectid":74490,"statename":"Bihar","statecode":"10","districtname":"Patna","districtcode":"230","ulbname":"Patna","ulbcode":"801373","wardname":"Ward 43","wardcode":null,"id":null,"remark":"--","st_area(shape)":8.711499246818816e-05,"st_perimeter(shape)":0.04698876129361674}},{"type":"Feature","geometry":{"type":"Polygon","coordinates":[[[85.154,25.6148],[85.1492,25.6158],[85.1473,25.6073],[85.1525,25.607],[85.154,25.6148]]]},"properties":{"objectid":74491,"statename":"Bihar","statecode":"10","districtname":"Patna","districtcode":"230","ulbname":"Patna","ulbcode":"801373","wardname":"Ward 38","wardcode":null,"id":null,"remark":"--","st_area(shape)":4.442192203999546e-05,"st_perimeter(shape)":0.028004765379378585}},{"type":"Feature","geometry":{"type":"Polygon","coordinates":[[[85.1196,25.5914],[85.1168,25.5932],[85.109,25.5882],[85.1116,25.5868],[85.1118,25.5822],[85.119,25.5836],[85.1196,25.5914]]]},"properties":{"objectid":74492,"statename":"Bihar","statecode":"10","districtname":"Patna","districtcode":"230","ulbname":"Patna","ulbcode":"801373","wardname":"Ward 14","wardcode":null,"id":null,"remark":"--","st_area(shape)":6.896274861525921e-05,"st_perimeter(shape)":0.03798160206449139}},{"type":"Feature","geometry":{"type":"Polygon","coordinates":[[[85.1325,25.5957],[85.1265,25.5961],[85.1243,25.5905],[85.1307,25.5896],[85.1325,25.5957]]]},"properties":{"objectid":74493,"statename":"Bihar","statecode":"10","districtname":"Patna","districtcode":"230","ulbname":"Patna","ulbcode":"801373","wardname":"Ward 18","wardcode":null,"id":null,"remark":"--","st_area(shape)":3.665765640700607e-05,"st_perimeter(shape)":0.025665519817010946}},{"type":"Feature","geometry":{"type":"Polygon","coordinates":[[[85.1866,25.601],[85.176,25.602],[85.1749,25.5979],[85.1772,25.5976],[85.1765,25.5936],[85.18,25.5933],[85.1783,25.5854],[85.1877,25.5855],[85.195,25.5995],[85.1866,25.601]]]},"properties":{"objectid":74494,"statename":"Bihar","statecode":"10","districtname":"Patna","districtcode":"230","ulbname":"Patna","ulbcode":"801373","wardname":"Ward 55","wardcode":null,"id":null,"remark":"--","st_area(shape)":0.00021737953866500105,"st_perimeter(shape)":0.06681883821356727}},{"type":"Feature","geometry":{"type":"Polygon","coordinates":[[[85.2193,25.5757],[85.2208,25.5803],[85.201,25.5844],[85.2039,25.5929],[85.2011,25.5935],[85.2007,25.5978],[85.1979,25.5985],[85.1994,25.6017],[85.203,25.6015],[85.2042,25.6044],[85.199,25.6072],[85.1877,25.5855],[85.1782,25.5854],[85.1757,25.578],[85.1801,25.5769],[85.1792,25.5723],[85.1838,25.571],[85.187,25.5788],[85.1927,25.5774],[85.1915,25.5727],[85.204,25.5696],[85.2048,25.5683],[85.2039,25.5641],[85.2065,25.5606],[85.2107,25.5598],[85.2142,25.5575],[85.2177,25.5586],[85.2168,25.5639],[85.2156,25.5643],[85.2193,25.5757]]]},"properties":{"objectid":74495,"statename":"Bihar","statecode":"10","districtname":"Patna","districtcode":"230","ulbname":"Patna","ulbcode":"801373","wardname":"Ward 56","wardcode":null,"id":null,"remark":"--","st_area(shape)":0.0008136352399985743,"st_perimeter(shape)":0.19430435332615092}},{"type":"Feature","geometry":{"type":"Polygon","coordinates":[[[85.2007,25.5978],[85.2002,25.5947],[85.2039,25.5929],[85.201,25.5844],[85.2208,25.5803],[85.2247,25.589],[85.209,25.5971],[85.2007,25.5978]]]},"properties":{"objectid":74496,"statename":"Bihar","statecode":"10","districtname":"Patna","districtcode":"230","ulbname":"Patna","ulbcode":"801373","wardname":"Ward 61","wardcode":null,"id":null,"remark":"--","st_area(shape)":0.0002612585716276532,"st_perimeter(shape)":0.07373372008859677}},{"type":"Feature","geometry":{"type":"Polygon","coordinates":[[[85.0916,25.6492],[85.0832,25.6498],[85.0814,25.6481],[85.0694,25.6224],[85.073,25.6223],[85.0736,25.6212],[85.0829,25.622],[85.0851,25.6287],[85.09,25.6291],[85.0907,25.6326],[85.0987,25.6307],[85.099,25.6326],[85.0929,25.6418],[85.0916,25.6492]]]},"properties":{"objectid":74511,"statename":"Bihar","statecode":"10","districtname":"Patna","districtcode":"230","ulbname":"Patna","ulbcode":"801373","wardname":"Ward 1","wardcode":null,"id":null,"remark":"--","st_area(shape)":0.0004425267265973815,"st_perimeter(shape)":0.10110848406516723}},{"type":"Feature","geometry":{"type":"Polygon","coordinates":[[[85.0916,25.6492],[85.0832,25.6498],[85.0814,25.6481],[85.0694,25.6224],[85.073,25.6223],[85.0736,25.6212],[85.0829,25.622],[85.0851,25.6287],[85.09,25.6291],[85.0907,25.6326],[85.0987,25.6307],[85.099,25.6326],[85.0929,25.6418],[85.0916,25.6492]]]},"properties":{"objectid":74889,"statename":"Bihar","statecode":"10","districtname":"Patna","districtcode":"230","ulbname":"Patna","ulbcode":"801373","wardname":"Ward 1","wardcode":null,"id":null,"remark":"--","st_area(shape)":0.0004425267265973815,"st_perimeter(shape)":0.10110848406516723}},{"type":"Feature","geometry":{"type":"Polygon","coordinates":[[[85.1692,25.6058],[85.1733,25.6064],[85.1743,25.6171],[85.1669,25.6148],[85.1653,25.607],[85.1692,25.6058]]]},"properties":{"objectid":74890,"statename":"Bihar","statecode":"10","districtname":"Patna","districtcode":"230","ulbname":"Patna","ulbcode":"801373","wardname":"Ward 48","wardcode":null,"id":null,"remark":"--","st_area(shape)":7.375111655149323e-05,"st_perimeter(shape)":0.037183838000610786}},{"type":"Feature","geometry":{"type":"Polygon","coordinates":[[[85.1111,25.5702],[85.119,25.5836],[85.099,25.5785],[85.0974,25.5819],[85.0972,25.5805],[85.0931,25.5811],[85.0926,25.5763],[85.087,25.575],[85.0857,25.5718],[85.084,25.5721],[85.0836,25.5708],[85.0848,25.5698],[85.0843,25.567],[85.0868,25.5688],[85.0903,25.5691],[85.0889,25.5641],[85.0937,25.5626],[85.0946,25.565],[85.1006,25.564],[85.1057,25.5667],[85.1068,25.5696],[85.1111,25.5702]]]},"properties":{"objectid":74891,"statename":"Bihar","statecode":"10","districtname":"Patna","districtcode":"230","ulbname":"Patna","ulbcode":"801373","wardname":"Ward 11","wardcode":null,"id":null,"remark":"--","st_area(shape)":0.00036827768543556304,"st_perimeter(shape)":0.11014940843865209}},{"type":"Feature","geometry":{"type":"Polygon","coordinates":[[[85.1494,25.6183],[85.1423,25.6193],[85.1393,25.6214],[85.1333,25.6226],[85.1335,25.6187],[85.1312,25.611],[85.1356,25.6103],[85.136,25.612],[85.1408,25.6125],[85.1423,25.6162],[85.1476,25.615],[85.1494,25.6183]]]},"properties":{"objectid":74892,"statename":"Bihar","statecode":"10","districtname":"Patna","districtcode":"230","ulbname":"Patna","ulbcode":"801373","wardname":"Ward 27","wardcode":null,"id":null,"remark":"--","st_area(shape)":0.00011411799512574101,"st_perimeter(shape)":0.05613172270721378}},{"type":"Feature","geometry":{"type":"Polygon","coordinates":[[[85.1261,25.6261],[85.1221,25.6285],[85.1214,25.6274],[85.1197,25.6281],[85.1185,25.6258],[85.1136,25.6274],[85.1128,25.6247],[85.1103,25.6252],[85.1072,25.6219],[85.1126,25.6174],[85.113,25.6191],[85.1174,25.6189],[85.1177,25.62],[85.1216,25.6181],[85.1261,25.6261]]]},"properties":{"objectid":74893,"statename":"Bihar","statecode":"10","districtname":"Patna","districtcode":"230","ulbname":"Patna","ulbcode":"801373","wardname":"Ward 22","wardcode":null,"id":null,"remark":"--","st_area(shape)":0.00011593338531020447,"st_perimeter(shape)":0.056387780468870156}},{"type":"Feature","geometry":{"type":"Polygon","coordinates":[[[85.1216,25.6181],[85.1177,25.62],[85.1174,25.6189],[85.113,25.6191],[85.1126,25.6174],[85.1188,25.6127],[85.1216,25.6181]]]},"properties":{"objectid":74894,"statename":"Bihar","statecode":"10","districtname":"Patna","districtcode":"230","ulbname":"Patna","ulbcode":"801373","wardname":"Ward 23","wardcode":null,"id":null,"remark":"--","st_area(shape)":3.4896936557308824e-05,"st_perimeter(shape)":0.026505806814010477}},{"type":"Feature","geometry":{"type":"Polygon","coordinates":[[[85.1418,25.6042],[85.1416,25.6064],[85.1473,25.6102],[85.1452,25.6104],[85.1454,25.6118],[85.1435,25.6125],[85.1448,25.6154],[85.1425,25.6162],[85.1408,25.6125],[85.136,25.612],[85.1356,25.6103],[85.1333,25.6106],[85.1328,25.604],[85.1336,25.602],[85.1418,25.6042]]]},"properties":{"objectid":74895,"statename":"Bihar","statecode":"10","districtname":"Patna","districtcode":"230","ulbname":"Patna","ulbcode":"801373","wardname":"Ward 28","wardcode":null,"id":null,"remark":"--","st_area(shape)":9.85148731909918e-05,"st_perimeter(shape)":0.05379281458118414}},{"type":"Feature","geometry":{"type":"Polygon","coordinates":[[[85.1572,25.5936],[85.1493,25.593],[85.1497,25.5893],[85.1532,25.5874],[85.1532,25.5841],[85.1585,25.5845],[85.1572,25.5936]]]},"properties":{"objectid":74896,"statename":"Bihar","statecode":"10","districtname":"Patna","districtcode":"230","ulbname":"Patna","ulbcode":"801373","wardname":"Ward 33","wardcode":null,"id":null,"remark":"--","st_area(shape)":5.9683290442060794e-05,"st_perimeter(shape)":0.03500442852821876}},{"type":"Feature","geometry":{"type":"Polygon","coordinates":[[[85.1442,25.5961],[85.145,25.6028],[85.1422,25.6024],[85.1412,25.6042],[85.1336,25.602],[85.1292,25.5846],[85.1338,25.5849],[85.1369,25.5956],[85.1442,25.5961]]]},"properties":{"objectid":74897,"statename":"Bihar","statecode":"10","districtname":"Patna","districtcode":"230","ulbname":"Patna","ulbcode":"801373","wardname":"Ward 29","wardcode":null,"id":null,"remark":"--","st_area(shape)":0.00013186766438388594,"st_perimeter(shape)":0.06125116955616793}},{"type":"Feature","geometry":{"type":"Polygon","coordinates":[[[85.1525,25.607],[85.1473,25.6073],[85.1471,25.6092],[85.1414,25.6062],[85.1418,25.6042],[85.1585,25.6035],[85.1585,25.6069],[85.1525,25.607]]]},"properties":{"objectid":74898,"statename":"Bihar","statecode":"10","districtname":"Patna","districtcode":"230","ulbname":"Patna","ulbcode":"801373","wardname":"Ward 36","wardcode":null,"id":null,"remark":"--","st_area(shape)":5.3543845213052913e-05,"st_perimeter(shape)":0.042590692145210204}},{"type":"Feature","geometry":{"type":"Polygon","coordinates":[[[85.2042,25.6044],[85.203,25.6015],[85.1994,25.6017],[85.1979,25.5984],[85.2093,25.5969],[85.2106,25.6014],[85.2042,25.6044]]]},"properties":{"objectid":74899,"statename":"Bihar","statecode":"10","districtname":"Patna","districtcode":"230","ulbname":"Patna","ulbcode":"801373","wardname":"Ward 57","wardcode":null,"id":null,"remark":"--","st_area(shape)":5.266002822390851e-05,"st_perimeter(shape)":0.034627123942416654}},{"type":"Feature","geometry":{"type":"Polygon","coordinates":[[[85.2475,25.5712],[85.249,25.575],[85.2301,25.5861],[85.2273,25.5826],[85.2245,25.5831],[85.2227,25.5746],[85.2331,25.5715],[85.2342,25.5749],[85.2475,25.5712]]]},"properties":{"objectid":74900,"statename":"Bihar","statecode":"10","districtname":"Patna","districtcode":"230","ulbname":"Patna","ulbcode":"801373","wardname":"Ward 68","wardcode":null,"id":null,"remark":"--","st_area(shape)":0.00021119810538895413,"st_perimeter(shape)":0.0729750625398411}},{"type":"Feature","geometry":{"type":"Polygon","coordinates":[[[85.1757,25.578],[85.18,25.5933],[85.1765,25.5936],[85.1772,25.5976],[85.1749,25.5979],[85.1757,25.6011],[85.1706,25.6015],[85.1678,25.5927],[85.1662,25.5787],[85.1678,25.5773],[85.1682,25.5789],[85.1757,25.578]]]},"properties":{"objectid":74901,"statename":"Bihar","statecode":"10","districtname":"Patna","districtcode":"230","ulbname":"Patna","ulbcode":"801373","wardname":"Ward 46","wardcode":null,"id":null,"remark":"--","st_area(shape)":0.0002155800475231424,"st_perimeter(shape)":0.07353108552471695}},{"type":"Feature","geometry":{"type":"Polygon","coordinates":[[[85.1059,25.6422],[85.1052,25.6415],[85.1026,25.6429],[85.0996,25.636],[85.097,25.6353],[85.1076,25.6203],[85.1075,25.6233],[85.11,25.6237],[85.1103,25.6252],[85.1128,25.6247],[85.1167,25.6326],[85.1059,25.6422]]]},"properties":{"objectid":74902,"statename":"Bihar","statecode":"10","districtname":"Patna","districtcode":"230","ulbname":"Patna","ulbcode":"801373","wardname":"Ward 22B","wardcode":null,"id":null,"remark":"--","st_area(shape)":0.00021958133142871327,"st_perimeter(shape)":0.06722094211326163}},{"type":"Feature","geometry":{"type":"Polygon","coordinates":[[[85.2322,25.5935],[85.2244,25.5984],[85.2239,25.5957],[85.2252,25.5924],[85.2274,25.5921],[85.2273,25.5941],[85.2295,25.594],[85.2319,25.5919],[85.2322,25.5935]]]},"properties":{"objectid":74903,"statename":"Bihar","statecode":"10","districtname":"Patna","districtcode":"230","ulbname":"Patna","ulbcode":"801373","wardname":"Ward 66","wardcode":null,"id":null,"remark":"--","st_area(shape)":2.418300976092731e-05,"st_perimeter(shape)":0.029957472618745463}},{"type":"Feature","geometry":{"type":"Polygon","coordinates":[[[85.2202,25.6008],[85.2177,25.6012],[85.2172,25.5985],[85.2204,25.5982],[85.2201,25.5965],[85.2229,25.597],[85.2239,25.596],[85.2244,25.5984],[85.2202,25.6008]]]},"properties":{"objectid":74904,"statename":"Bihar","statecode":"10","districtname":"Patna","districtcode":"230","ulbname":"Patna","ulbcode":"801373","wardname":"Ward 65","wardcode":null,"id":null,"remark":"--","st_area(shape)":1.964047762581458e-05,"st_perimeter(shape)":0.02491723625288552}},{"type":"Feature","geometry":{"type":"Polygon","coordinates":[[[85.181,25.616],[85.1792,25.6162],[85.1775,25.6142],[85.1737,25.6148],[85.1733,25.6121],[85.1858,25.6098],[85.186,25.611],[85.1846,25.6112],[85.1858,25.6149],[85.181,25.616]]]},"properties":{"objectid":88318,"statename":"Bihar","statecode":"10","districtname":"Patna","districtcode":"230","ulbname":"Patna","ulbcode":"801373","wardname":"Ward 50","wardcode":null,"id":null,"remark":"--","st_area(shape)":5.525901077805235e-05,"st_perimeter(shape)":0.03680030880208542}},{"type":"Feature","geometry":{"type":"Polygon","coordinates":[[[85.0987,25.6307],[85.0907,25.6326],[85.09,25.6291],[85.0851,25.6287],[85.0829,25.6219],[85.0961,25.6223],[85.0987,25.6307]]]},"properties":{"objectid":88319,"statename":"Bihar","statecode":"10","districtname":"Patna","districtcode":"230","ulbname":"Patna","ulbcode":"801373","wardname":"Ward 6","wardcode":null,"id":null,"remark":"--","st_area(shape)":0.00010903042909404791,"st_perimeter(shape)":0.04701115624377202}},{"type":"Feature","geometry":{"type":"Polygon","coordinates":[[[85.1075,25.6203],[85.099,25.6326],[85.0958,25.6218],[85.1013,25.6194],[85.1007,25.6151],[85.1049,25.6144],[85.1063,25.6123],[85.1132,25.6115],[85.1075,25.6203]]]},"properties":{"objectid":88320,"statename":"Bihar","statecode":"10","districtname":"Patna","districtcode":"230","ulbname":"Patna","ulbcode":"801373","wardname":"Ward 7","wardcode":null,"id":null,"remark":"--","st_area(shape)":0.00013762519505809668,"st_perimeter(shape)":0.06404179838306619}},{"type":"Feature","geometry":{"type":"Polygon","coordinates":[[[85.126,25.5991],[85.1211,25.6013],[85.1168,25.6069],[85.111,25.6037],[85.0933,25.6045],[85.0893,25.5992],[85.0994,25.5949],[85.09,25.5903],[85.0911,25.5881],[85.0965,25.5889],[85.126,25.5991]]]},"properties":{"objectid":88321,"statename":"Bihar","statecode":"10","districtname":"Patna","districtcode":"230","ulbname":"Patna","ulbcode":"801373","wardname":"Ward 9","wardcode":null,"id":null,"remark":"--","st_area(shape)":0.00033635382263095447,"st_perimeter(shape)":0.10552839365040226}},{"type":"Feature","geometry":{"type":"Polygon","coordinates":[[[85.09,25.5762],[85.0926,25.5763],[85.0931,25.5811],[85.0972,25.5805],[85.0961,25.5854],[85.1056,25.5895],[85.113,25.5936],[85.1126,25.5945],[85.0976,25.5891],[85.0864,25.5875],[85.0856,25.5809],[85.0881,25.5815],[85.0904,25.5801],[85.0912,25.5776],[85.09,25.5762]]]},"properties":{"objectid":88322,"statename":"Bihar","statecode":"10","districtname":"Patna","districtcode":"230","ulbname":"Patna","ulbcode":"801373","wardname":"Ward 10","wardcode":null,"id":null,"remark":"--","st_area(shape)":0.00012329650078353143,"st_perimeter(shape)":0.08244314842075874}},{"type":"Feature","geometry":{"type":"Polygon","coordinates":[[[85.1325,25.5957],[85.1336,25.602],[85.1191,25.5968],[85.1197,25.595],[85.1239,25.5975],[85.1243,25.5939],[85.1228,25.5928],[85.125,25.5921],[85.1265,25.5961],[85.1325,25.5957]]]},"properties":{"objectid":88323,"statename":"Bihar","statecode":"10","districtname":"Patna","districtcode":"230","ulbname":"Patna","ulbcode":"801373","wardname":"Ward 19","wardcode":null,"id":null,"remark":"--","st_area(shape)":5.4233573019249706e-05,"st_perimeter(shape)":0.04804125303137756}},{"type":"Feature","geometry":{"type":"Polygon","coordinates":[[[85.1494,25.6183],[85.1423,25.6193],[85.1393,25.6214],[85.1333,25.6226],[85.1335,25.6187],[85.1312,25.611],[85.1356,25.6103],[85.136,25.612],[85.1408,25.6125],[85.1423,25.6162],[85.1476,25.615],[85.1494,25.6183]]]},"properties":{"objectid":88324,"statename":"Bihar","statecode":"10","districtname":"Patna","districtcode":"230","ulbname":"Patna","ulbcode":"801373","wardname":"Ward 27","wardcode":null,"id":null,"remark":"--","st_area(shape)":0.00011411799512574101,"st_perimeter(shape)":0.05613172270721378}},{"type":"Feature","geometry":{"type":"Polygon","coordinates":[[[85.1418,25.6042],[85.1416,25.6064],[85.1473,25.6102],[85.1452,25.6104],[85.1454,25.6118],[85.1435,25.6125],[85.1448,25.6154],[85.1425,25.6162],[85.1408,25.6125],[85.136,25.612],[85.1356,25.6103],[85.1333,25.6106],[85.1328,25.604],[85.1336,25.602],[85.1418,25.6042]]]},"properties":{"objectid":88325,"statename":"Bihar","statecode":"10","districtname":"Patna","districtcode":"230","ulbname":"Patna","ulbcode":"801373","wardname":"Ward 28","wardcode":null,"id":null,"remark":"--","st_area(shape)":9.85148731909918e-05,"st_perimeter(shape)":0.05379281458118414}},{"type":"Feature","geometry":{"type":"Polygon","coordinates":[[[85.1307,25.5896],[85.1234,25.5904],[85.1222,25.5854],[85.1234,25.5845],[85.1292,25.5846],[85.1307,25.5896]]]},"properties":{"objectid":88326,"statename":"Bihar","statecode":"10","districtname":"Patna","districtcode":"230","ulbname":"Patna","ulbcode":"801373","wardname":"Ward 17","wardcode":null,"id":null,"remark":"--","st_area(shape)":4.0095747885220714e-05,"st_perimeter(shape)":0.025891903593953696}},{"type":"Feature","geometry":{"type":"Polygon","coordinates":[[[85.2202,25.6008],[85.2106,25.606],[85.2107,25.6014],[85.2202,25.6008]]]},"properties":{"objectid":88327,"statename":"Bihar","statecode":"10","districtname":"Patna","districtcode":"230","ulbname":"Patna","ulbcode":"801373","wardname":"Ward 59","wardcode":null,"id":null,"remark":"--","st_area(shape)":1.9336876434743115e-05,"st_perimeter(shape)":0.0254832675424762}},{"type":"Feature","geometry":{"type":"Polygon","coordinates":[[[85.1891,25.6146],[85.1809,25.6169],[85.181,25.616],[85.1858,25.6149],[85.1846,25.6112],[85.1888,25.6102],[85.1891,25.6146]]]},"properties":{"objectid":88328,"statename":"Bihar","statecode":"10","districtname":"Patna","districtcode":"230","ulbname":"Patna","ulbcode":"801373","wardname":"Ward 51","wardcode":null,"id":null,"remark":"--","st_area(shape)":2.0792693640902058e-05,"st_perimeter(shape)":0.02724283818177671}},{"type":"Feature","geometry":{"type":"Polygon","coordinates":[[[85.167,25.6029],[85.1692,25.6058],[85.1653,25.607],[85.166,25.6101],[85.1533,25.6118],[85.1525,25.607],[85.1585,25.6069],[85.1586,25.6038],[85.167,25.6029]]]},"properties":{"objectid":88329,"statename":"Bihar","statecode":"10","districtname":"Patna","districtcode":"230","ulbname":"Patna","ulbcode":"801373","wardname":"Ward 43","wardcode":null,"id":null,"remark":"--","st_area(shape)":8.711499246818816e-05,"st_perimeter(shape)":0.04698876129361674}},{"type":"Feature","geometry":{"type":"Polygon","coordinates":[[[85.126,25.5991],[85.1211,25.6013],[85.1168,25.6069],[85.111,25.6037],[85.0933,25.6045],[85.0893,25.5992],[85.0994,25.5949],[85.09,25.5903],[85.0911,25.5881],[85.0965,25.5889],[85.126,25.5991]]]},"properties":{"objectid":88330,"statename":"Bihar","statecode":"10","districtname":"Patna","districtcode":"230","ulbname":"Patna","ulbcode":"801373","wardname":"Ward 9","wardcode":null,"id":null,"remark":"--","st_area(shape)":0.00033635382263095447,"st_perimeter(shape)":0.10552839365040226}},{"type":"Feature","geometry":{"type":"Polygon","coordinates":[[[85.1442,25.5961],[85.145,25.6028],[85.1422,25.6024],[85.1412,25.6042],[85.1336,25.602],[85.1292,25.5846],[85.1338,25.5849],[85.1369,25.5956],[85.1442,25.5961]]]},"properties":{"objectid":88331,"statename":"Bihar","statecode":"10","districtname":"Patna","districtcode":"230","ulbname":"Patna","ulbcode":"801373","wardname":"Ward 29","wardcode":null,"id":null,"remark":"--","st_area(shape)":0.00013186766438388594,"st_perimeter(shape)":0.06125116955616793}},{"type":"Feature","geometry":{"type":"Polygon","coordinates":[[[85.1666,25.5775],[85.1668,25.5852],[85.1616,25.5848],[85.162,25.5886],[85.1598,25.5888],[85.1604,25.5933],[85.1635,25.5928],[85.1628,25.5937],[85.1652,25.602],[85.167,25.6029],[85.1586,25.6038],[85.1571,25.5898],[85.1585,25.5891],[85.1585,25.5845],[85.1561,25.5843],[85.1554,25.5791],[85.1666,25.5775]]]},"properties":{"objectid":88332,"statename":"Bihar","statecode":"10","districtname":"Patna","districtcode":"230","ulbname":"Patna","ulbcode":"801373","wardname":"Ward 44","wardcode":null,"id":null,"remark":"--","st_area(shape)":0.00016206403362254088,"st_perimeter(shape)":0.09014011399380746}},{"type":"Feature","geometry":{"type":"Polygon","coordinates":[[[85.1585,25.6035],[85.1417,25.6042],[85.1422,25.6024],[85.145,25.6028],[85.1442,25.5961],[85.1482,25.5964],[85.1477,25.6008],[85.1581,25.5999],[85.1585,25.6035]]]},"properties":{"objectid":88333,"statename":"Bihar","statecode":"10","districtname":"Patna","districtcode":"230","ulbname":"Patna","ulbcode":"801373","wardname":"Ward 35","wardcode":null,"id":null,"remark":"--","st_area(shape)":7.135428880998268e-05,"st_perimeter(shape)":0.05096137595947414}},{"type":"Feature","geometry":{"type":"Polygon","coordinates":[[[85.2042,25.6044],[85.203,25.6015],[85.1994,25.6017],[85.1979,25.5984],[85.2093,25.5969],[85.2106,25.6014],[85.2042,25.6044]]]},"properties":{"objectid":88334,"statename":"Bihar","statecode":"10","districtname":"Patna","districtcode":"230","ulbname":"Patna","ulbcode":"801373","wardname":"Ward 57","wardcode":null,"id":null,"remark":"--","st_area(shape)":5.266002822390851e-05,"st_perimeter(shape)":0.034627123942416654}},{"type":"Feature","geometry":{"type":"Polygon","coordinates":[[[85.2227,25.5746],[85.2247,25.5834],[85.2273,25.5826],[85.2301,25.5861],[85.229,25.5894],[85.2306,25.5924],[85.2295,25.594],[85.2273,25.5941],[85.2274,25.5921],[85.2251,25.5923],[85.2206,25.5799],[85.2193,25.5757],[85.2227,25.5746]]]},"properties":{"objectid":88335,"statename":"Bihar","statecode":"10","districtname":"Patna","districtcode":"230","ulbname":"Patna","ulbcode":"801373","wardname":"Ward 62","wardcode":null,"id":null,"remark":"--","st_area(shape)":8.18216717228066e-05,"st_perimeter(shape)":0.059959162031679815}},{"type":"Feature","geometry":{"type":"Polygon","coordinates":[[[85.195,25.5995],[85.199,25.6072],[85.1892,25.6139],[85.1888,25.6102],[85.186,25.611],[85.1865,25.6065],[85.1878,25.6057],[85.1866,25.6009],[85.195,25.5995]]]},"properties":{"objectid":88336,"statename":"Bihar","statecode":"10","districtname":"Patna","districtcode":"230","ulbname":"Patna","ulbcode":"801373","wardname":"Ward 54","wardcode":null,"id":null,"remark":"--","st_area(shape)":0.00011263585735868926,"st_perimeter(shape)":0.04710822094473823}},{"type":"Feature","geometry":{"type":"Polygon","coordinates":[[[85.1757,25.578],[85.18,25.5933],[85.1765,25.5936],[85.1772,25.5976],[85.1749,25.5979],[85.1757,25.6011],[85.1706,25.6015],[85.1678,25.5927],[85.1662,25.5787],[85.1678,25.5773],[85.1682,25.5789],[85.1757,25.578]]]},"properties":{"objectid":88337,"statename":"Bihar","statecode":"10","districtname":"Patna","districtcode":"230","ulbname":"Patna","ulbcode":"801373","wardname":"Ward 46","wardcode":null,"id":null,"remark":"--","st_area(shape)":0.0002155800475231424,"st_perimeter(shape)":0.07353108552471695}},{"type":"Feature","geometry":{"type":"Polygon","coordinates":[[[85.1809,25.6169],[85.1717,25.6185],[85.1715,25.6169],[85.1743,25.6171],[85.1737,25.6148],[85.1775,25.6142],[85.1809,25.6169]]]},"properties":{"objectid":88433,"statename":"Bihar","statecode":"10","districtname":"Patna","districtcode":"230","ulbname":"Patna","ulbcode":"801373","wardname":"Ward 49","wardcode":null,"id":null,"remark":"--","st_area(shape)":2.2416705791886754e-05,"st_perimeter(shape)":0.026267641270630523}},{"type":"Feature","geometry":{"type":"Polygon","coordinates":[[[85.1589,25.6191],[85.1548,25.6189],[85.154,25.6148],[85.1583,25.6159],[85.1589,25.6191]]]},"properties":{"objectid":88434,"statename":"Bihar","statecode":"10","districtname":"Patna","districtcode":"230","ulbname":"Patna","ulbcode":"801373","wardname":"Ward 40","wardcode":null,"id":null,"remark":"--","st_area(shape)":1.52976963527057e-05,"st_perimeter(shape)":0.01625671745488971}},{"type":"Feature","geometry":{"type":"Polygon","coordinates":[[[85.1581,25.5999],[85.1477,25.6008],[85.1482,25.5964],[85.1458,25.5962],[85.1456,25.5901],[85.1496,25.5893],[85.1493,25.593],[85.1572,25.5936],[85.1581,25.5999]]]},"properties":{"objectid":88435,"statename":"Bihar","statecode":"10","districtname":"Patna","districtcode":"230","ulbname":"Patna","ulbcode":"801373","wardname":"Ward 34","wardcode":null,"id":null,"remark":"--","st_area(shape)":8.763124833292462e-05,"st_perimeter(shape)":0.04565547956681261}},{"type":"Feature","geometry":{"type":"Polygon","coordinates":[[[85.1866,25.601],[85.176,25.602],[85.1749,25.5979],[85.1772,25.5976],[85.1765,25.5936],[85.18,25.5933],[85.1783,25.5854],[85.1877,25.5855],[85.195,25.5995],[85.1866,25.601]]]},"properties":{"objectid":88436,"statename":"Bihar","statecode":"10","districtname":"Patna","districtcode":"230","ulbname":"Patna","ulbcode":"801373","wardname":"Ward 55","wardcode":null,"id":null,"remark":"--","st_area(shape)":0.00021737953866500105,"st_perimeter(shape)":0.06681883821356727}},{"type":"Feature","geometry":{"type":"Polygon","coordinates":[[[85.2193,25.5757],[85.2208,25.5803],[85.201,25.5844],[85.2039,25.5929],[85.2011,25.5935],[85.2007,25.5978],[85.1979,25.5985],[85.1994,25.6017],[85.203,25.6015],[85.2042,25.6044],[85.199,25.6072],[85.1877,25.5855],[85.1782,25.5854],[85.1757,25.578],[85.1801,25.5769],[85.1792,25.5723],[85.1838,25.571],[85.187,25.5788],[85.1927,25.5774],[85.1915,25.5727],[85.204,25.5696],[85.2048,25.5683],[85.2039,25.5641],[85.2065,25.5606],[85.2107,25.5598],[85.2142,25.5575],[85.2177,25.5586],[85.2168,25.5639],[85.2156,25.5643],[85.2193,25.5757]]]},"properties":{"objectid":88437,"statename":"Bihar","statecode":"10","districtname":"Patna","districtcode":"230","ulbname":"Patna","ulbcode":"801373","wardname":"Ward 56","wardcode":null,"id":null,"remark":"--","st_area(shape)":0.0008136352399985743,"st_perimeter(shape)":0.19430435332615092}},{"type":"Feature","geometry":{"type":"Polygon","coordinates":[[[85.2352,25.5916],[85.2322,25.5935],[85.2319,25.5919],[85.2306,25.5924],[85.2291,25.5867],[85.2332,25.5844],[85.2352,25.5916]]]},"properties":{"objectid":88438,"statename":"Bihar","statecode":"10","districtname":"Patna","districtcode":"230","ulbname":"Patna","ulbcode":"801373","wardname":"Ward 67","wardcode":null,"id":null,"remark":"--","st_area(shape)":3.369458658589137e-05,"st_perimeter(shape)":0.02643899397727975}},{"type":"Feature","geometry":{"type":"Polygon","coordinates":[[[85.2007,25.5978],[85.2002,25.5947],[85.2039,25.5929],[85.201,25.5844],[85.2208,25.5803],[85.2247,25.589],[85.209,25.5971],[85.2007,25.5978]]]},"properties":{"objectid":88439,"statename":"Bihar","statecode":"10","districtname":"Patna","districtcode":"230","ulbname":"Patna","ulbcode":"801373","wardname":"Ward 61","wardcode":null,"id":null,"remark":"--","st_area(shape)":0.0002612585716276532,"st_perimeter(shape)":0.07373372008859677}},{"type":"Feature","geometry":{"type":"Polygon","coordinates":[[[85.1913,25.6138],[85.1908,25.614],[85.1902,25.6142],[85.1897,25.6144],[85.1891,25.6146],[85.1891,25.6146],[85.1891,25.6145],[85.1891,25.6145],[85.1891,25.6144],[85.189,25.6142],[85.189,25.614],[85.189,25.614],[85.189,25.6139],[85.189,25.6139],[85.189,25.6139],[85.1892,25.6139],[85.1892,25.6139],[85.1893,25.6139],[85.1893,25.6138],[85.1893,25.6138],[85.1893,25.6138],[85.1895,25.6138],[85.1896,25.6138],[85.1896,25.6138],[85.1896,25.6138],[85.1896,25.6138],[85.1897,25.6138],[85.1897,25.6137],[85.1897,25.6137],[85.1897,25.6137],[85.1897,25.6137],[85.1897,25.6137],[85.1897,25.6137],[85.1897,25.6137],[85.1898,25.6137],[85.1898,25.6137],[85.1898,25.6137],[85.1898,25.6137],[85.1898,25.6137],[85.1899,25.6137],[85.1901,25.6137],[85.1904,25.6137],[85.1906,25.6137],[85.1906,25.6137],[85.1907,25.6137],[85.1909,25.6138],[85.1909,25.6138],[85.1909,25.6138],[85.1912,25.6138],[85.1913,25.6138]]]},"properties":{"objectid":88440,"statename":"Bihar","statecode":"10","districtname":"Patna","districtcode":"230","ulbname":"Patna","ulbcode":"801373","wardname":"Ward 52","wardcode":null,"id":null,"remark":"--","st_area(shape)":9.77917883249722e-07,"st_perimeter(shape)":0.005369040640734752}},{"type":"Feature","geometry":{"type":"Polygon","coordinates":[[[85.1523,25.6185],[85.1499,25.6155],[85.154,25.6148],[85.155,25.6186],[85.1523,25.6185]]]},"properties":{"objectid":88441,"statename":"Bihar","statecode":"10","districtname":"Patna","districtcode":"230","ulbname":"Patna","ulbcode":"801373","wardname":"Ward 39","wardcode":null,"id":null,"remark":"--","st_area(shape)":1.3372227928594435e-05,"st_perimeter(shape)":0.015322938339936507}},{"type":"Feature","geometry":{"type":"Polygon","coordinates":[[[85.1583,25.6159],[85.1545,25.6148],[85.1535,25.6118],[85.166,25.6101],[85.1669,25.6148],[85.1583,25.6159]]]},"properties":{"objectid":88442,"statename":"Bihar","statecode":"10","districtname":"Patna","districtcode":"230","ulbname":"Patna","ulbcode":"801373","wardname":"Ward 42","wardcode":null,"id":null,"remark":"--","st_area(shape)":5.706907945664338e-05,"st_perimeter(shape)":0.03345425411991174}},{"type":"Feature","geometry":{"type":"Polygon","coordinates":[[[85.1717,25.6185],[85.1589,25.6191],[85.1583,25.616],[85.1678,25.6149],[85.1686,25.6161],[85.1728,25.6167],[85.1715,25.6169],[85.1717,25.6185]]]},"properties":{"objectid":88443,"statename":"Bihar","statecode":"10","districtname":"Patna","districtcode":"230","ulbname":"Patna","ulbcode":"801373","wardname":"Ward 41","wardcode":null,"id":null,"remark":"--","st_area(shape)":4.0033108896018784e-05,"st_perimeter(shape)":0.034749221096666054}},{"type":"Feature","geometry":{"type":"Polygon","coordinates":[[[85.1026,25.5796],[85.1034,25.584],[85.1066,25.5851],[85.1056,25.5895],[85.096,25.5852],[85.0988,25.5785],[85.1026,25.5796]]]},"properties":{"objectid":88444,"statename":"Bihar","statecode":"10","districtname":"Patna","districtcode":"230","ulbname":"Patna","ulbcode":"801373","wardname":"Ward 12","wardcode":null,"id":null,"remark":"--","st_area(shape)":6.199958245338184e-05,"st_perimeter(shape)":0.03473221513218523}},{"type":"Feature","geometry":{"type":"Polygon","coordinates":[[[85.0916,25.6492],[85.0832,25.6498],[85.0814,25.6481],[85.0694,25.6224],[85.073,25.6223],[85.0736,25.6212],[85.0829,25.622],[85.0851,25.6287],[85.09,25.6291],[85.0907,25.6326],[85.0987,25.6307],[85.099,25.6326],[85.0929,25.6418],[85.0916,25.6492]]]},"properties":{"objectid":88445,"statename":"Bihar","statecode":"10","districtname":"Patna","districtcode":"230","ulbname":"Patna","ulbcode":"801373","wardname":"Ward 1","wardcode":null,"id":null,"remark":"--","st_area(shape)":0.00044252671889080235,"st_perimeter(shape)":0.1011084840651029}},{"type":"Feature","geometry":{"type":"Polygon","coordinates":[[[85.2042,25.6044],[85.203,25.6015],[85.1994,25.6017],[85.1979,25.5984],[85.2093,25.5969],[85.2106,25.6014],[85.2042,25.6044]]]},"properties":{"objectid":88446,"statename":"Bihar","statecode":"10","districtname":"Patna","districtcode":"230","ulbname":"Patna","ulbcode":"801373","wardname":"Ward 57","wardcode":null,"id":null,"remark":"--","st_area(shape)":5.266002822390851e-05,"st_perimeter(shape)":0.034627123942416654}},{"type":"Feature","geometry":{"type":"Polygon","coordinates":[[[85.2058,25.608],[85.1897,25.6137],[85.2003,25.6063],[85.2012,25.609],[85.2058,25.608]]]},"properties":{"objectid":88447,"statename":"Bihar","statecode":"10","districtname":"Patna","districtcode":"230","ulbname":"Patna","ulbcode":"801373","wardname":"Ward 53","wardcode":null,"id":null,"remark":"--","st_area(shape)":2.9807709151769223e-05,"st_perimeter(shape)":0.03803740517389119}},{"type":"Feature","geometry":{"type":"Polygon","coordinates":[[[85.0916,25.6492],[85.0832,25.6498],[85.0814,25.6481],[85.0694,25.6224],[85.073,25.6223],[85.0736,25.6212],[85.0829,25.622],[85.0851,25.6287],[85.09,25.6291],[85.0907,25.6326],[85.0987,25.6307],[85.099,25.6326],[85.0929,25.6418],[85.0916,25.6492]]]},"properties":{"objectid":88669,"statename":"Bihar","statecode":"10","districtname":"Patna","districtcode":"230","ulbname":"Patna","ulbcode":"801373","wardname":"Ward 1","wardcode":null,"id":null,"remark":"--","st_area(shape)":0.00044252671656872574,"st_perimeter(shape)":0.10110847956639}},{"type":"Feature","geometry":{"type":"Polygon","coordinates":[[[85.1523,25.6185],[85.1499,25.6155],[85.154,25.6148],[85.155,25.6186],[85.1523,25.6185]]]},"properties":{"objectid":88732,"statename":"Bihar","statecode":"10","districtname":"Patna","districtcode":"230","ulbname":"Patna","ulbcode":"801373","wardname":"Ward 39","wardcode":null,"id":null,"remark":"--","st_area(shape)":1.3372227928594435e-05,"st_perimeter(shape)":0.015322938339936507}},{"type":"Feature","geometry":{"type":"Polygon","coordinates":[[[85.086,25.5871],[85.0911,25.5881],[85.09,25.5903],[85.0994,25.5949],[85.0893,25.5992],[85.0933,25.6045],[85.0741,25.6062],[85.0741,25.6005],[85.0763,25.5973],[85.0766,25.5936],[85.0753,25.5913],[85.0757,25.587],[85.086,25.5871]]]},"properties":{"objectid":88733,"statename":"Bihar","statecode":"10","districtname":"Patna","districtcode":"230","ulbname":"Patna","ulbcode":"801373","wardname":"Ward 4","wardcode":null,"id":null,"remark":"--","st_area(shape)":0.0003136154442459095,"st_perimeter(shape)":0.08749715984928894}},{"type":"Feature","geometry":{"type":"Polygon","coordinates":[[[85.1572,25.5936],[85.1493,25.593],[85.1497,25.5893],[85.1532,25.5874],[85.1532,25.5841],[85.1585,25.5845],[85.1572,25.5936]]]},"properties":{"objectid":88734,"statename":"Bihar","statecode":"10","districtname":"Patna","districtcode":"230","ulbname":"Patna","ulbcode":"801373","wardname":"Ward 33","wardcode":null,"id":null,"remark":"--","st_area(shape)":5.9683290442060794e-05,"st_perimeter(shape)":0.03500442852821876}},{"type":"Feature","geometry":{"type":"Polygon","coordinates":[[[85.2322,25.5935],[85.2244,25.5984],[85.2239,25.5957],[85.2252,25.5924],[85.2274,25.5921],[85.2273,25.5941],[85.2295,25.594],[85.2319,25.5919],[85.2322,25.5935]]]},"properties":{"objectid":88735,"statename":"Bihar","statecode":"10","districtname":"Patna","districtcode":"230","ulbname":"Patna","ulbcode":"801373","wardname":"Ward 66","wardcode":null,"id":null,"remark":"--","st_area(shape)":2.418300976092731e-05,"st_perimeter(shape)":0.029957472618745463}},{"type":"Feature","geometry":{"type":"Polygon","coordinates":[[[85.1913,25.6138],[85.1908,25.614],[85.1902,25.6142],[85.1897,25.6144],[85.1891,25.6146],[85.1891,25.6146],[85.1891,25.6145],[85.1891,25.6145],[85.1891,25.6144],[85.189,25.6142],[85.189,25.614],[85.189,25.614],[85.189,25.6139],[85.189,25.6139],[85.189,25.6139],[85.1892,25.6139],[85.1892,25.6139],[85.1893,25.6139],[85.1893,25.6138],[85.1893,25.6138],[85.1893,25.6138],[85.1895,25.6138],[85.1896,25.6138],[85.1896,25.6138],[85.1896,25.6138],[85.1896,25.6138],[85.1897,25.6138],[85.1897,25.6137],[85.1897,25.6137],[85.1897,25.6137],[85.1897,25.6137],[85.1897,25.6137],[85.1897,25.6137],[85.1897,25.6137],[85.1898,25.6137],[85.1898,25.6137],[85.1898,25.6137],[85.1898,25.6137],[85.1898,25.6137],[85.1899,25.6137],[85.1901,25.6137],[85.1904,25.6137],[85.1906,25.6137],[85.1906,25.6137],[85.1907,25.6137],[85.1909,25.6138],[85.1909,25.6138],[85.1909,25.6138],[85.1912,25.6138],[85.1913,25.6138]]]},"properties":{"objectid":88736,"statename":"Bihar","statecode":"10","districtname":"Patna","districtcode":"230","ulbname":"Patna","ulbcode":"801373","wardname":"Ward 52","wardcode":null,"id":null,"remark":"--","st_area(shape)":9.77917883249722e-07,"st_perimeter(shape)":0.005369040640734752}},{"type":"Feature","geometry":{"type":"Polygon","coordinates":[[[85.154,25.6148],[85.1492,25.6158],[85.1473,25.6073],[85.1525,25.607],[85.154,25.6148]]]},"properties":{"objectid":88737,"statename":"Bihar","statecode":"10","districtname":"Patna","districtcode":"230","ulbname":"Patna","ulbcode":"801373","wardname":"Ward 38","wardcode":null,"id":null,"remark":"--","st_area(shape)":4.442192203999546e-05,"st_perimeter(shape)":0.028004765379378585}},{"type":"Feature","geometry":{"type":"Polygon","coordinates":[[[85.09,25.5762],[85.0926,25.5763],[85.0931,25.5811],[85.0972,25.5805],[85.0961,25.5854],[85.1056,25.5895],[85.113,25.5936],[85.1126,25.5945],[85.0976,25.5891],[85.0864,25.5875],[85.0856,25.5809],[85.0881,25.5815],[85.0904,25.5801],[85.0912,25.5776],[85.09,25.5762]]]},"properties":{"objectid":88738,"statename":"Bihar","statecode":"10","districtname":"Patna","districtcode":"230","ulbname":"Patna","ulbcode":"801373","wardname":"Ward 10","wardcode":null,"id":null,"remark":"--","st_area(shape)":0.00012329650078353143,"st_perimeter(shape)":0.08244314842075874}},{"type":"Feature","geometry":{"type":"Polygon","coordinates":[[[85.1196,25.5914],[85.1168,25.5932],[85.109,25.5882],[85.1116,25.5868],[85.1118,25.5822],[85.119,25.5836],[85.1196,25.5914]]]},"properties":{"objectid":88739,"statename":"Bihar","statecode":"10","districtname":"Patna","districtcode":"230","ulbname":"Patna","ulbcode":"801373","wardname":"Ward 14","wardcode":null,"id":null,"remark":"--","st_area(shape)":6.896274861525921e-05,"st_perimeter(shape)":0.03798160206449139}},{"type":"Feature","geometry":{"type":"Polygon","coordinates":[[[85.1228,25.5928],[85.1243,25.5939],[85.1239,25.5975],[85.1197,25.595],[85.1191,25.5968],[85.1126,25.5945],[85.113,25.5936],[85.1056,25.5895],[85.1066,25.5856],[85.1168,25.5932],[85.1192,25.5911],[85.1213,25.5931],[85.1228,25.5928]]]},"properties":{"objectid":88740,"statename":"Bihar","statecode":"10","districtname":"Patna","districtcode":"230","ulbname":"Patna","ulbcode":"801373","wardname":"Ward 15","wardcode":null,"id":null,"remark":"--","st_area(shape)":6.730246742307847e-05,"st_perimeter(shape)":0.05510113269794506}},{"type":"Feature","geometry":{"type":"Polygon","coordinates":[[[85.1581,25.5999],[85.1477,25.6008],[85.1482,25.5964],[85.1458,25.5962],[85.1456,25.5901],[85.1496,25.5893],[85.1493,25.593],[85.1572,25.5936],[85.1581,25.5999]]]},"properties":{"objectid":88741,"statename":"Bihar","statecode":"10","districtname":"Patna","districtcode":"230","ulbname":"Patna","ulbcode":"801373","wardname":"Ward 34","wardcode":null,"id":null,"remark":"--","st_area(shape)":8.763124833292462e-05,"st_perimeter(shape)":0.04565547956681261}},{"type":"Feature","geometry":{"type":"Polygon","coordinates":[[[85.1307,25.5896],[85.1234,25.5904],[85.1222,25.5854],[85.1234,25.5845],[85.1292,25.5846],[85.1307,25.5896]]]},"properties":{"objectid":88742,"statename":"Bihar","statecode":"10","districtname":"Patna","districtcode":"230","ulbname":"Patna","ulbcode":"801373","wardname":"Ward 17","wardcode":null,"id":null,"remark":"--","st_area(shape)":4.0095747885220714e-05,"st_perimeter(shape)":0.025891903593953696}},{"type":"Feature","geometry":{"type":"Polygon","coordinates":[[[85.1733,25.6119],[85.1731,25.6061],[85.1692,25.6058],[85.1669,25.6028],[85.1866,25.601],[85.1878,25.6057],[85.1865,25.6065],[85.1858,25.6098],[85.1733,25.6119]]]},"properties":{"objectid":89123,"statename":"Bihar","statecode":"10","districtname":"Patna","districtcode":"230","ulbname":"Patna","ulbcode":"801373","wardname":"Ward 47","wardcode":null,"id":null,"remark":"--","st_area(shape)":0.00013738520245765032,"st_perimeter(shape)":0.05747856814922811}},{"type":"Feature","geometry":{"type":"Polygon","coordinates":[[[85.1891,25.6146],[85.1809,25.6169],[85.181,25.616],[85.1858,25.6149],[85.1846,25.6112],[85.1888,25.6102],[85.1891,25.6146]]]},"properties":{"objectid":89124,"statename":"Bihar","statecode":"10","districtname":"Patna","districtcode":"230","ulbname":"Patna","ulbcode":"801373","wardname":"Ward 51","wardcode":null,"id":null,"remark":"--","st_area(shape)":2.0792693640902058e-05,"st_perimeter(shape)":0.02724283818177671}},{"type":"Feature","geometry":{"type":"Polygon","coordinates":[[[85.167,25.6029],[85.1692,25.6058],[85.1653,25.607],[85.166,25.6101],[85.1533,25.6118],[85.1525,25.607],[85.1585,25.6069],[85.1586,25.6038],[85.167,25.6029]]]},"properties":{"objectid":89125,"statename":"Bihar","statecode":"10","districtname":"Patna","districtcode":"230","ulbname":"Patna","ulbcode":"801373","wardname":"Ward 43","wardcode":null,"id":null,"remark":"--","st_area(shape)":8.711499246818816e-05,"st_perimeter(shape)":0.04698876129361674}},{"type":"Feature","geometry":{"type":"Polygon","coordinates":[[[85.1554,25.5791],[85.1561,25.5843],[85.1532,25.5841],[85.1531,25.5876],[85.1456,25.5901],[85.1453,25.5884],[85.1437,25.5879],[85.143,25.5841],[85.1515,25.584],[85.1491,25.5818],[85.1479,25.5761],[85.1507,25.5761],[85.1523,25.5789],[85.1554,25.5791]]]},"properties":{"objectid":89126,"statename":"Bihar","statecode":"10","districtname":"Patna","districtcode":"230","ulbname":"Patna","ulbcode":"801373","wardname":"Ward 32","wardcode":null,"id":null,"remark":"--","st_area(shape)":9.024802049165123e-05,"st_perimeter(shape)":0.05675708941661854}},{"type":"Feature","geometry":{"type":"Polygon","coordinates":[[[85.1479,25.5761],[85.1491,25.5818],[85.1515,25.584],[85.143,25.5841],[85.1437,25.5879],[85.1454,25.5887],[85.1458,25.5964],[85.1387,25.5955],[85.1376,25.5892],[85.1404,25.5884],[85.1408,25.5844],[85.1421,25.5842],[85.1422,25.5759],[85.1479,25.5761]]]},"properties":{"objectid":89127,"statename":"Bihar","statecode":"10","districtname":"Patna","districtcode":"230","ulbname":"Patna","ulbcode":"801373","wardname":"Ward 31","wardcode":null,"id":null,"remark":"--","st_area(shape)":0.00012060492037499083,"st_perimeter(shape)":0.07010957503007177}},{"type":"Feature","geometry":{"type":"Polygon","coordinates":[[[85.2251,25.5923],[85.2231,25.5969],[85.2195,25.597],[85.2181,25.5953],[85.2251,25.5923]]]},"properties":{"objectid":89128,"statename":"Bihar","statecode":"10","districtname":"Patna","districtcode":"230","ulbname":"Patna","ulbcode":"801373","wardname":"Ward 64","wardcode":null,"id":null,"remark":"--","st_area(shape)":2.0734302952607843e-05,"st_perimeter(shape)":0.02223286845292366}},{"type":"Feature","geometry":{"type":"Polygon","coordinates":[[[85.2058,25.608],[85.2012,25.609],[85.2003,25.6063],[85.2107,25.6014],[85.2106,25.606],[85.2058,25.608]]]},"properties":{"objectid":89129,"statename":"Bihar","statecode":"10","districtname":"Patna","districtcode":"230","ulbname":"Patna","ulbcode":"801373","wardname":"Ward 58","wardcode":null,"id":null,"remark":"--","st_area(shape)":4.291865390450613e-05,"st_perimeter(shape)":0.029324304588163888}},{"type":"Feature","geometry":{"type":"Polygon","coordinates":[[[85.2512,25.5824],[85.2447,25.5887],[85.24,25.5806],[85.2473,25.576],[85.2512,25.5824]]]},"properties":{"objectid":89130,"statename":"Bihar","statecode":"10","districtname":"Patna","districtcode":"230","ulbname":"Patna","ulbcode":"801373","wardname":"Ward 71","wardcode":null,"id":null,"remark":"--","st_area(shape)":7.18388736444166e-05,"st_perimeter(shape)":0.03610298893319696}},{"type":"Feature","geometry":{"type":"Polygon","coordinates":[[[85.1757,25.578],[85.18,25.5933],[85.1765,25.5936],[85.1772,25.5976],[85.1749,25.5979],[85.1757,25.6011],[85.1706,25.6015],[85.1678,25.5927],[85.1662,25.5787],[85.1678,25.5773],[85.1682,25.5789],[85.1757,25.578]]]},"properties":{"objectid":89131,"statename":"Bihar","statecode":"10","districtname":"Patna","districtcode":"230","ulbname":"Patna","ulbcode":"801373","wardname":"Ward 46","wardcode":null,"id":null,"remark":"--","st_area(shape)":0.0002155800475231424,"st_perimeter(shape)":0.07353108552471695}},{"type":"Feature","geometry":{"type":"Polygon","coordinates":[[[85.1059,25.6422],[85.1052,25.6415],[85.1026,25.6429],[85.0996,25.636],[85.097,25.6353],[85.1076,25.6203],[85.1075,25.6233],[85.11,25.6237],[85.1103,25.6252],[85.1128,25.6247],[85.1167,25.6326],[85.1059,25.6422]]]},"properties":{"objectid":89132,"statename":"Bihar","statecode":"10","districtname":"Patna","districtcode":"230","ulbname":"Patna","ulbcode":"801373","wardname":"Ward 22B","wardcode":null,"id":null,"remark":"--","st_area(shape)":0.00021958133142871327,"st_perimeter(shape)":0.06722094211326163}},{"type":"Feature","geometry":{"type":"Polygon","coordinates":[[[85.1809,25.6169],[85.1717,25.6185],[85.1715,25.6169],[85.1743,25.6171],[85.1737,25.6148],[85.1775,25.6142],[85.1809,25.6169]]]},"properties":{"objectid":89133,"statename":"Bihar","statecode":"10","districtname":"Patna","districtcode":"230","ulbname":"Patna","ulbcode":"801373","wardname":"Ward 49","wardcode":null,"id":null,"remark":"--","st_area(shape)":2.2416705791886754e-05,"st_perimeter(shape)":0.026267641270630523}},{"type":"Feature","geometry":{"type":"Polygon","coordinates":[[[85.1717,25.6185],[85.1589,25.6191],[85.1583,25.616],[85.1678,25.6149],[85.1686,25.6161],[85.1728,25.6167],[85.1715,25.6169],[85.1717,25.6185]]]},"properties":{"objectid":89134,"statename":"Bihar","statecode":"10","districtname":"Patna","districtcode":"230","ulbname":"Patna","ulbcode":"801373","wardname":"Ward 41","wardcode":null,"id":null,"remark":"--","st_area(shape)":4.0033108896018784e-05,"st_perimeter(shape)":0.034749221096666054}},{"type":"Feature","geometry":{"type":"Polygon","coordinates":[[[85.0943,25.6044],[85.0963,25.608],[85.0937,25.6089],[85.0956,25.6133],[85.0915,25.614],[85.0926,25.6225],[85.0829,25.6219],[85.0805,25.6054],[85.0943,25.6044]]]},"properties":{"objectid":89135,"statename":"Bihar","statecode":"10","districtname":"Patna","districtcode":"230","ulbname":"Patna","ulbcode":"801373","wardname":"Ward 5","wardcode":null,"id":null,"remark":"--","st_area(shape)":0.0001974359701712201,"st_perimeter(shape)":0.06579785633436391}},{"type":"Feature","geometry":{"type":"Polygon","coordinates":[[[85.1075,25.6203],[85.099,25.6326],[85.0958,25.6218],[85.1013,25.6194],[85.1007,25.6151],[85.1049,25.6144],[85.1063,25.6123],[85.1132,25.6115],[85.1075,25.6203]]]},"properties":{"objectid":89136,"statename":"Bihar","statecode":"10","districtname":"Patna","districtcode":"230","ulbname":"Patna","ulbcode":"801373","wardname":"Ward 7","wardcode":null,"id":null,"remark":"--","st_area(shape)":0.00013762519505809668,"st_perimeter(shape)":0.06404179838306619}},{"type":"Feature","geometry":{"type":"Polygon","coordinates":[[[85.1111,25.5702],[85.119,25.5836],[85.099,25.5785],[85.0974,25.5819],[85.0972,25.5805],[85.0931,25.5811],[85.0926,25.5763],[85.087,25.575],[85.0857,25.5718],[85.084,25.5721],[85.0836,25.5708],[85.0848,25.5698],[85.0843,25.567],[85.0868,25.5688],[85.0903,25.5691],[85.0889,25.5641],[85.0937,25.5626],[85.0946,25.565],[85.1006,25.564],[85.1057,25.5667],[85.1068,25.5696],[85.1111,25.5702]]]},"properties":{"objectid":89137,"statename":"Bihar","statecode":"10","districtname":"Patna","districtcode":"230","ulbname":"Patna","ulbcode":"801373","wardname":"Ward 11","wardcode":null,"id":null,"remark":"--","st_area(shape)":0.00036827768543556304,"st_perimeter(shape)":0.11014940843865209}},{"type":"Feature","geometry":{"type":"Polygon","coordinates":[[[85.1066,25.5856],[85.1034,25.584],[85.1026,25.5796],[85.1118,25.5822],[85.1123,25.5848],[85.1106,25.5876],[85.109,25.5882],[85.1066,25.5856]]]},"properties":{"objectid":89138,"statename":"Bihar","statecode":"10","districtname":"Patna","districtcode":"230","ulbname":"Patna","ulbcode":"801373","wardname":"Ward 13","wardcode":null,"id":null,"remark":"--","st_area(shape)":4.307717080279942e-05,"st_perimeter(shape)":0.0307756636377732}},{"type":"Feature","geometry":{"type":"Polygon","coordinates":[[[85.1325,25.5957],[85.1265,25.5961],[85.1243,25.5905],[85.1307,25.5896],[85.1325,25.5957]]]},"properties":{"objectid":89139,"statename":"Bihar","statecode":"10","districtname":"Patna","districtcode":"230","ulbname":"Patna","ulbcode":"801373","wardname":"Ward 18","wardcode":null,"id":null,"remark":"--","st_area(shape)":3.665765640700607e-05,"st_perimeter(shape)":0.025665519817010946}},{"type":"Feature","geometry":{"type":"Polygon","coordinates":[[[85.134,25.6228],[85.1299,25.6244],[85.1315,25.6235],[85.1294,25.6191],[85.1298,25.6166],[85.1263,25.6172],[85.1267,25.6148],[85.1305,25.6111],[85.134,25.6228]]]},"properties":{"objectid":89140,"statename":"Bihar","statecode":"10","districtname":"Patna","districtcode":"230","ulbname":"Patna","ulbcode":"801373","wardname":"Ward 26","wardcode":null,"id":null,"remark":"--","st_area(shape)":4.510064557473558e-05,"st_perimeter(shape)":0.042123820084824175}},{"type":"Feature","geometry":{"type":"Polygon","coordinates":[[[85.1494,25.6183],[85.1423,25.6193],[85.1393,25.6214],[85.1333,25.6226],[85.1335,25.6187],[85.1312,25.611],[85.1356,25.6103],[85.136,25.612],[85.1408,25.6125],[85.1423,25.6162],[85.1476,25.615],[85.1494,25.6183]]]},"properties":{"objectid":89141,"statename":"Bihar","statecode":"10","districtname":"Patna","districtcode":"230","ulbname":"Patna","ulbcode":"801373","wardname":"Ward 27","wardcode":null,"id":null,"remark":"--","st_area(shape)":0.00011411799512574101,"st_perimeter(shape)":0.05613172270721378}},{"type":"Feature","geometry":{"type":"Polygon","coordinates":[[[85.1261,25.6261],[85.1221,25.6285],[85.1214,25.6274],[85.1197,25.6281],[85.1185,25.6258],[85.1136,25.6274],[85.1128,25.6247],[85.1103,25.6252],[85.1072,25.6219],[85.1126,25.6174],[85.113,25.6191],[85.1174,25.6189],[85.1177,25.62],[85.1216,25.6181],[85.1261,25.6261]]]},"properties":{"objectid":89142,"statename":"Bihar","statecode":"10","districtname":"Patna","districtcode":"230","ulbname":"Patna","ulbcode":"801373","wardname":"Ward 22","wardcode":null,"id":null,"remark":"--","st_area(shape)":0.00011593338531020447,"st_perimeter(shape)":0.056387780468870156}},{"type":"Feature","geometry":{"type":"Polygon","coordinates":[[[85.1572,25.5936],[85.1493,25.593],[85.1497,25.5893],[85.1532,25.5874],[85.1532,25.5841],[85.1585,25.5845],[85.1572,25.5936]]]},"properties":{"objectid":89143,"statename":"Bihar","statecode":"10","districtname":"Patna","districtcode":"230","ulbname":"Patna","ulbcode":"801373","wardname":"Ward 33","wardcode":null,"id":null,"remark":"--","st_area(shape)":5.9683290442060794e-05,"st_perimeter(shape)":0.03500442852821876}},{"type":"Feature","geometry":{"type":"Polygon","coordinates":[[[85.1479,25.5761],[85.1491,25.5818],[85.1515,25.584],[85.143,25.5841],[85.1437,25.5879],[85.1454,25.5887],[85.1458,25.5964],[85.1387,25.5955],[85.1376,25.5892],[85.1404,25.5884],[85.1408,25.5844],[85.1421,25.5842],[85.1422,25.5759],[85.1479,25.5761]]]},"properties":{"objectid":89144,"statename":"Bihar","statecode":"10","districtname":"Patna","districtcode":"230","ulbname":"Patna","ulbcode":"801373","wardname":"Ward 31","wardcode":null,"id":null,"remark":"--","st_area(shape)":0.00012060492037499083,"st_perimeter(shape)":0.07010957503007177}},{"type":"Feature","geometry":{"type":"Polygon","coordinates":[[[85.2058,25.608],[85.2012,25.609],[85.2003,25.6063],[85.2107,25.6014],[85.2106,25.606],[85.2058,25.608]]]},"properties":{"objectid":89145,"statename":"Bihar","statecode":"10","districtname":"Patna","districtcode":"230","ulbname":"Patna","ulbcode":"801373","wardname":"Ward 58","wardcode":null,"id":null,"remark":"--","st_area(shape)":4.291865390450613e-05,"st_perimeter(shape)":0.029324304588163888}},{"type":"Feature","geometry":{"type":"Polygon","coordinates":[[[85.2181,25.5947],[85.2093,25.5975],[85.2242,25.5892],[85.2251,25.5923],[85.2181,25.5947]]]},"properties":{"objectid":89146,"statename":"Bihar","statecode":"10","districtname":"Patna","districtcode":"230","ulbname":"Patna","ulbcode":"801373","wardname":"Ward 63","wardcode":null,"id":null,"remark":"--","st_area(shape)":2.9422916920076874e-05,"st_perimeter(shape)":0.03859183073968671}},{"type":"Feature","geometry":{"type":"Polygon","coordinates":[[[85.2475,25.5712],[85.249,25.575],[85.2301,25.5861],[85.2273,25.5826],[85.2245,25.5831],[85.2227,25.5746],[85.2331,25.5715],[85.2342,25.5749],[85.2475,25.5712]]]},"properties":{"objectid":89147,"statename":"Bihar","statecode":"10","districtname":"Patna","districtcode":"230","ulbname":"Patna","ulbcode":"801373","wardname":"Ward 68","wardcode":null,"id":null,"remark":"--","st_area(shape)":0.00021119810538895413,"st_perimeter(shape)":0.0729750625398411}},{"type":"Feature","geometry":{"type":"Polygon","coordinates":[[[85.2352,25.5916],[85.2322,25.5935],[85.2319,25.5919],[85.2306,25.5924],[85.2291,25.5867],[85.2332,25.5844],[85.2352,25.5916]]]},"properties":{"objectid":89148,"statename":"Bihar","statecode":"10","districtname":"Patna","districtcode":"230","ulbname":"Patna","ulbcode":"801373","wardname":"Ward 67","wardcode":null,"id":null,"remark":"--","st_area(shape)":3.369458658589137e-05,"st_perimeter(shape)":0.02643899397727975}},{"type":"Feature","geometry":{"type":"Polygon","coordinates":[[[85.2447,25.5887],[85.2434,25.5898],[85.2388,25.5897],[85.2365,25.5846],[85.2332,25.5844],[85.2401,25.5803],[85.2447,25.5887]]]},"properties":{"objectid":89149,"statename":"Bihar","statecode":"10","districtname":"Patna","districtcode":"230","ulbname":"Patna","ulbcode":"801373","wardname":"Ward 70","wardcode":null,"id":null,"remark":"--","st_area(shape)":4.974461743823199e-05,"st_perimeter(shape)":0.03446588053126931}},{"type":"Feature","geometry":{"type":"Polygon","coordinates":[[[85.2202,25.6008],[85.2177,25.6012],[85.2172,25.5985],[85.2204,25.5982],[85.2201,25.5965],[85.2229,25.597],[85.2239,25.596],[85.2244,25.5984],[85.2202,25.6008]]]},"properties":{"objectid":89150,"statename":"Bihar","statecode":"10","districtname":"Patna","districtcode":"230","ulbname":"Patna","ulbcode":"801373","wardname":"Ward 65","wardcode":null,"id":null,"remark":"--","st_area(shape)":1.964047762581458e-05,"st_perimeter(shape)":0.02491723625288552}},{"type":"Feature","geometry":{"type":"Polygon","coordinates":[[[85.1583,25.6159],[85.1545,25.6148],[85.1535,25.6118],[85.166,25.6101],[85.1669,25.6148],[85.1583,25.6159]]]},"properties":{"objectid":89514,"statename":"Bihar","statecode":"10","districtname":"Patna","districtcode":"230","ulbname":"Patna","ulbcode":"801373","wardname":"Ward 42","wardcode":null,"id":null,"remark":"--","st_area(shape)":5.706907945664338e-05,"st_perimeter(shape)":0.03345425411991174}},{"type":"Feature","geometry":{"type":"Polygon","coordinates":[[[85.0943,25.6044],[85.0963,25.608],[85.0937,25.6089],[85.0956,25.6133],[85.0915,25.614],[85.0926,25.6225],[85.0829,25.6219],[85.0805,25.6054],[85.0943,25.6044]]]},"properties":{"objectid":89515,"statename":"Bihar","statecode":"10","districtname":"Patna","districtcode":"230","ulbname":"Patna","ulbcode":"801373","wardname":"Ward 5","wardcode":null,"id":null,"remark":"--","st_area(shape)":0.0001974359701712201,"st_perimeter(shape)":0.06579785633436391}},{"type":"Feature","geometry":{"type":"Polygon","coordinates":[[[85.1422,25.5759],[85.1421,25.5842],[85.1408,25.5844],[85.1404,25.5884],[85.1376,25.5892],[85.1387,25.5955],[85.1369,25.5956],[85.1338,25.5849],[85.119,25.5836],[85.1111,25.5702],[85.1161,25.5709],[85.1175,25.5726],[85.1225,25.5723],[85.1267,25.5759],[85.1291,25.5744],[85.1318,25.5761],[85.1373,25.5751],[85.1422,25.5759]]]},"properties":{"objectid":89516,"statename":"Bihar","statecode":"10","districtname":"Patna","districtcode":"230","ulbname":"Patna","ulbcode":"801373","wardname":"Ward 30","wardcode":null,"id":null,"remark":"--","st_area(shape)":0.00031567310338852657,"st_perimeter(shape)":0.10459156991877967}},{"type":"Feature","geometry":{"type":"Polygon","coordinates":[[[85.1302,25.6112],[85.1264,25.6153],[85.1264,25.6173],[85.1216,25.6182],[85.1188,25.6127],[85.123,25.6096],[85.1302,25.6112]]]},"properties":{"objectid":89517,"statename":"Bihar","statecode":"10","districtname":"Patna","districtcode":"230","ulbname":"Patna","ulbcode":"801373","wardname":"Ward 25","wardcode":null,"id":null,"remark":"--","st_area(shape)":5.4870053893662816e-05,"st_perimeter(shape)":0.03252296743880948}},{"type":"Feature","geometry":{"type":"Polygon","coordinates":[[[85.134,25.6228],[85.1299,25.6244],[85.1315,25.6235],[85.1294,25.6191],[85.1298,25.6166],[85.1263,25.6172],[85.1267,25.6148],[85.1305,25.6111],[85.134,25.6228]]]},"properties":{"objectid":89518,"statename":"Bihar","statecode":"10","districtname":"Patna","districtcode":"230","ulbname":"Patna","ulbcode":"801373","wardname":"Ward 26","wardcode":null,"id":null,"remark":"--","st_area(shape)":4.510064557473558e-05,"st_perimeter(shape)":0.042123820084824175}},{"type":"Feature","geometry":{"type":"Polygon","coordinates":[[[85.1261,25.6261],[85.1221,25.6285],[85.1214,25.6274],[85.1197,25.6281],[85.1185,25.6258],[85.1136,25.6274],[85.1128,25.6247],[85.1103,25.6252],[85.1072,25.6219],[85.1126,25.6174],[85.113,25.6191],[85.1174,25.6189],[85.1177,25.62],[85.1216,25.6181],[85.1261,25.6261]]]},"properties":{"objectid":89519,"statename":"Bihar","statecode":"10","districtname":"Patna","districtcode":"230","ulbname":"Patna","ulbcode":"801373","wardname":"Ward 22","wardcode":null,"id":null,"remark":"--","st_area(shape)":0.00011593338531020447,"st_perimeter(shape)":0.056387780468870156}},{"type":"Feature","geometry":{"type":"Polygon","coordinates":[[[85.0916,25.6492],[85.0832,25.6498],[85.0814,25.6481],[85.0694,25.6224],[85.073,25.6223],[85.0736,25.6212],[85.0829,25.622],[85.0851,25.6287],[85.09,25.6291],[85.0907,25.6326],[85.0987,25.6307],[85.099,25.6326],[85.0929,25.6418],[85.0916,25.6492]]]},"properties":{"objectid":89520,"statename":"Bihar","statecode":"10","districtname":"Patna","districtcode":"230","ulbname":"Patna","ulbcode":"801373","wardname":"Ward 1","wardcode":null,"id":null,"remark":"--","st_area(shape)":0.00044252671889080235,"st_perimeter(shape)":0.1011084840651029}},{"type":"Feature","geometry":{"type":"Polygon","coordinates":[[[85.1581,25.5999],[85.1477,25.6008],[85.1482,25.5964],[85.1458,25.5962],[85.1456,25.5901],[85.1496,25.5893],[85.1493,25.593],[85.1572,25.5936],[85.1581,25.5999]]]},"properties":{"objectid":89521,"statename":"Bihar","statecode":"10","districtname":"Patna","districtcode":"230","ulbname":"Patna","ulbcode":"801373","wardname":"Ward 34","wardcode":null,"id":null,"remark":"--","st_area(shape)":8.763124833292462e-05,"st_perimeter(shape)":0.04565547956681261}},{"type":"Feature","geometry":{"type":"Polygon","coordinates":[[[85.176,25.602],[85.167,25.6028],[85.1652,25.602],[85.1628,25.5937],[85.1635,25.5928],[85.1604,25.5933],[85.1598,25.5888],[85.162,25.5886],[85.1616,25.5848],[85.1677,25.5853],[85.1678,25.5927],[85.1705,25.6015],[85.1759,25.6011],[85.176,25.602]]]},"properties":{"objectid":89522,"statename":"Bihar","statecode":"10","districtname":"Patna","districtcode":"230","ulbname":"Patna","ulbcode":"801373","wardname":"Ward 45","wardcode":null,"id":null,"remark":"--","st_area(shape)":0.00011083223325490867,"st_perimeter(shape)":0.06498319205434279}},{"type":"Feature","geometry":{"type":"Polygon","coordinates":[[[85.1585,25.6035],[85.1417,25.6042],[85.1422,25.6024],[85.145,25.6028],[85.1442,25.5961],[85.1482,25.5964],[85.1477,25.6008],[85.1581,25.5999],[85.1585,25.6035]]]},"properties":{"objectid":89523,"statename":"Bihar","statecode":"10","districtname":"Patna","districtcode":"230","ulbname":"Patna","ulbcode":"801373","wardname":"Ward 35","wardcode":null,"id":null,"remark":"--","st_area(shape)":7.135428880998268e-05,"st_perimeter(shape)":0.05096137595947414}},{"type":"Feature","geometry":{"type":"Polygon","coordinates":[[[85.2227,25.5746],[85.2247,25.5834],[85.2273,25.5826],[85.2301,25.5861],[85.229,25.5894],[85.2306,25.5924],[85.2295,25.594],[85.2273,25.5941],[85.2274,25.5921],[85.2251,25.5923],[85.2206,25.5799],[85.2193,25.5757],[85.2227,25.5746]]]},"properties":{"objectid":89524,"statename":"Bihar","statecode":"10","districtname":"Patna","districtcode":"230","ulbname":"Patna","ulbcode":"801373","wardname":"Ward 62","wardcode":null,"id":null,"remark":"--","st_area(shape)":8.18216717228066e-05,"st_perimeter(shape)":0.059959162031679815}},{"type":"Feature","geometry":{"type":"Polygon","coordinates":[[[85.2177,25.6012],[85.2106,25.6014],[85.2093,25.5975],[85.2181,25.5947],[85.2204,25.5982],[85.2172,25.5985],[85.2177,25.6012]]]},"properties":{"objectid":89525,"statename":"Bihar","statecode":"10","districtname":"Patna","districtcode":"230","ulbname":"Patna","ulbcode":"801373","wardname":"Ward 60","wardcode":null,"id":null,"remark":"--","st_area(shape)":4.652385717095972e-05,"st_perimeter(shape)":0.031758256928093385}},{"type":"Feature","geometry":{"type":"Polygon","coordinates":[[[85.2058,25.608],[85.1897,25.6137],[85.2003,25.6063],[85.2012,25.609],[85.2058,25.608]]]},"properties":{"objectid":89526,"statename":"Bihar","statecode":"10","districtname":"Patna","districtcode":"230","ulbname":"Patna","ulbcode":"801373","wardname":"Ward 53","wardcode":null,"id":null,"remark":"--","st_area(shape)":2.9807709151769223e-05,"st_perimeter(shape)":0.03803740517389119}},{"type":"Feature","geometry":{"type":"Polygon","coordinates":[[[85.2475,25.5712],[85.2547,25.572],[85.2614,25.5663],[85.2652,25.5686],[85.2512,25.5824],[85.2474,25.5762],[85.249,25.575],[85.2475,25.5712]]]},"properties":{"objectid":89527,"statename":"Bihar","statecode":"10","districtname":"Patna","districtcode":"230","ulbname":"Patna","ulbcode":"801373","wardname":"Ward 72","wardcode":null,"id":null,"remark":"--","st_area(shape)":0.00010958027418528445,"st_perimeter(shape)":0.05475288674783341}},{"type":"Feature","geometry":{"type":"Polygon","coordinates":[[[85.2352,25.5916],[85.2322,25.5935],[85.2319,25.5919],[85.2306,25.5924],[85.2291,25.5867],[85.2332,25.5844],[85.2352,25.5916]]]},"properties":{"objectid":89528,"statename":"Bihar","statecode":"10","districtname":"Patna","districtcode":"230","ulbname":"Patna","ulbcode":"801373","wardname":"Ward 67","wardcode":null,"id":null,"remark":"--","st_area(shape)":3.369458658589137e-05,"st_perimeter(shape)":0.02643899397727975}},{"type":"Feature","geometry":{"type":"Polygon","coordinates":[[[85.2447,25.5887],[85.2434,25.5898],[85.2388,25.5897],[85.2365,25.5846],[85.2332,25.5844],[85.2401,25.5803],[85.2447,25.5887]]]},"properties":{"objectid":89529,"statename":"Bihar","statecode":"10","districtname":"Patna","districtcode":"230","ulbname":"Patna","ulbcode":"801373","wardname":"Ward 70","wardcode":null,"id":null,"remark":"--","st_area(shape)":4.974461743823199e-05,"st_perimeter(shape)":0.03446588053126931}},{"type":"Feature","geometry":{"type":"Polygon","coordinates":[[[85.1059,25.6422],[85.1,25.6464],[85.0916,25.6492],[85.0929,25.6418],[85.097,25.6353],[85.0996,25.636],[85.1026,25.6429],[85.1052,25.6415],[85.1059,25.6422]]]},"properties":{"objectid":89530,"statename":"Bihar","statecode":"10","districtname":"Patna","districtcode":"230","ulbname":"Patna","ulbcode":"801373","wardname":"Ward 22A","wardcode":null,"id":null,"remark":"--","st_area(shape)":9.966728137847147e-05,"st_perimeter(shape)":0.04599478876545776}},{"type":"Feature","geometry":{"type":"Polygon","coordinates":[[[85.1733,25.6119],[85.1731,25.6061],[85.1692,25.6058],[85.1669,25.6028],[85.1866,25.601],[85.1878,25.6057],[85.1865,25.6065],[85.1858,25.6098],[85.1733,25.6119]]]},"properties":{"objectid":89531,"statename":"Bihar","statecode":"10","districtname":"Patna","districtcode":"230","ulbname":"Patna","ulbcode":"801373","wardname":"Ward 47","wardcode":null,"id":null,"remark":"--","st_area(shape)":0.00013738520245765032,"st_perimeter(shape)":0.05747856814922811}},{"type":"Feature","geometry":{"type":"Polygon","coordinates":[[[85.1523,25.6185],[85.1499,25.6155],[85.154,25.6148],[85.155,25.6186],[85.1523,25.6185]]]},"properties":{"objectid":89532,"statename":"Bihar","statecode":"10","districtname":"Patna","districtcode":"230","ulbname":"Patna","ulbcode":"801373","wardname":"Ward 39","wardcode":null,"id":null,"remark":"--","st_area(shape)":1.3372227928594435e-05,"st_perimeter(shape)":0.015322938339936507}},{"type":"Feature","geometry":{"type":"Polygon","coordinates":[[[85.0757,25.587],[85.0753,25.5913],[85.0766,25.5936],[85.0763,25.5973],[85.0741,25.6005],[85.0741,25.6061],[85.0633,25.6091],[85.0544,25.5805],[85.0695,25.5784],[85.0723,25.5864],[85.0757,25.587]]]},"properties":{"objectid":89533,"statename":"Bihar","statecode":"10","districtname":"Patna","districtcode":"230","ulbname":"Patna","ulbcode":"801373","wardname":"Ward 3","wardcode":null,"id":null,"remark":"--","st_area(shape)":0.00045838838210547015,"st_perimeter(shape)":0.08947253857604667}},{"type":"Feature","geometry":{"type":"Polygon","coordinates":[[[85.086,25.5871],[85.0911,25.5881],[85.09,25.5903],[85.0994,25.5949],[85.0893,25.5992],[85.0933,25.6045],[85.0741,25.6062],[85.0741,25.6005],[85.0763,25.5973],[85.0766,25.5936],[85.0753,25.5913],[85.0757,25.587],[85.086,25.5871]]]},"properties":{"objectid":89534,"statename":"Bihar","statecode":"10","districtname":"Patna","districtcode":"230","ulbname":"Patna","ulbcode":"801373","wardname":"Ward 4","wardcode":null,"id":null,"remark":"--","st_area(shape)":0.0003136154442459095,"st_perimeter(shape)":0.08749715984928894}},{"type":"Feature","geometry":{"type":"Polygon","coordinates":[[[85.0959,25.6222],[85.0926,25.6225],[85.0915,25.6148],[85.0956,25.6133],[85.0937,25.6089],[85.0963,25.608],[85.0943,25.6044],[85.1107,25.6037],[85.1101,25.6083],[85.1038,25.6099],[85.1049,25.6144],[85.1007,25.6151],[85.1013,25.6194],[85.0959,25.6222]]]},"properties":{"objectid":89535,"statename":"Bihar","statecode":"10","districtname":"Patna","districtcode":"230","ulbname":"Patna","ulbcode":"801373","wardname":"Ward 8","wardcode":null,"id":null,"remark":"--","st_area(shape)":0.00019144082141202826,"st_perimeter(shape)":0.07827702133680765}},{"type":"Feature","geometry":{"type":"Polygon","coordinates":[[[85.176,25.602],[85.167,25.6028],[85.1652,25.602],[85.1628,25.5937],[85.1635,25.5928],[85.1604,25.5933],[85.1598,25.5888],[85.162,25.5886],[85.1616,25.5848],[85.1677,25.5853],[85.1678,25.5927],[85.1705,25.6015],[85.1759,25.6011],[85.176,25.602]]]},"properties":{"objectid":89536,"statename":"Bihar","statecode":"10","districtname":"Patna","districtcode":"230","ulbname":"Patna","ulbcode":"801373","wardname":"Ward 45","wardcode":null,"id":null,"remark":"--","st_area(shape)":0.00011083223325490867,"st_perimeter(shape)":0.06498319205434279}},{"type":"Feature","geometry":{"type":"Polygon","coordinates":[[[85.1525,25.607],[85.1473,25.6073],[85.1471,25.6092],[85.1414,25.6062],[85.1418,25.6042],[85.1585,25.6035],[85.1585,25.6069],[85.1525,25.607]]]},"properties":{"objectid":89537,"statename":"Bihar","statecode":"10","districtname":"Patna","districtcode":"230","ulbname":"Patna","ulbcode":"801373","wardname":"Ward 36","wardcode":null,"id":null,"remark":"--","st_area(shape)":5.3543845213052913e-05,"st_perimeter(shape)":0.042590692145210204}},{"type":"Feature","geometry":{"type":"Polygon","coordinates":[[[85.2193,25.5757],[85.2208,25.5803],[85.201,25.5844],[85.2039,25.5929],[85.2011,25.5935],[85.2007,25.5978],[85.1979,25.5985],[85.1994,25.6017],[85.203,25.6015],[85.2042,25.6044],[85.199,25.6072],[85.1877,25.5855],[85.1782,25.5854],[85.1757,25.578],[85.1801,25.5769],[85.1792,25.5723],[85.1838,25.571],[85.187,25.5788],[85.1927,25.5774],[85.1915,25.5727],[85.204,25.5696],[85.2048,25.5683],[85.2039,25.5641],[85.2065,25.5606],[85.2107,25.5598],[85.2142,25.5575],[85.2177,25.5586],[85.2168,25.5639],[85.2156,25.5643],[85.2193,25.5757]]]},"properties":{"objectid":89538,"statename":"Bihar","statecode":"10","districtname":"Patna","districtcode":"230","ulbname":"Patna","ulbcode":"801373","wardname":"Ward 56","wardcode":null,"id":null,"remark":"--","st_area(shape)":0.0008136352399985743,"st_perimeter(shape)":0.19430435332615092}},{"type":"Feature","geometry":{"type":"Polygon","coordinates":[[[85.2475,25.5712],[85.2547,25.572],[85.2614,25.5663],[85.2652,25.5686],[85.2512,25.5824],[85.2474,25.5762],[85.249,25.575],[85.2475,25.5712]]]},"properties":{"objectid":89539,"statename":"Bihar","statecode":"10","districtname":"Patna","districtcode":"230","ulbname":"Patna","ulbcode":"801373","wardname":"Ward 72","wardcode":null,"id":null,"remark":"--","st_area(shape)":0.00010958027418528445,"st_perimeter(shape)":0.05475288674783341}},{"type":"Feature","geometry":{"type":"Polygon","coordinates":[[[85.2007,25.5978],[85.2002,25.5947],[85.2039,25.5929],[85.201,25.5844],[85.2208,25.5803],[85.2247,25.589],[85.209,25.5971],[85.2007,25.5978]]]},"properties":{"objectid":89540,"statename":"Bihar","statecode":"10","districtname":"Patna","districtcode":"230","ulbname":"Patna","ulbcode":"801373","wardname":"Ward 61","wardcode":null,"id":null,"remark":"--","st_area(shape)":0.0002612585716276532,"st_perimeter(shape)":0.07373372008859677}},{"type":"Feature","geometry":{"type":"Polygon","coordinates":[[[85.1221,25.6285],[85.1167,25.6326],[85.114,25.6273],[85.1185,25.6258],[85.1197,25.6281],[85.1214,25.6274],[85.1221,25.6285]]]},"properties":{"objectid":89541,"statename":"Bihar","statecode":"10","districtname":"Patna","districtcode":"230","ulbname":"Patna","ulbcode":"801373","wardname":"Ward 22C","wardcode":null,"id":null,"remark":"--","st_area(shape)":2.754518670943221e-05,"st_perimeter(shape)":0.0234684690180806}},{"type":"Feature","geometry":{"type":"Polygon","coordinates":[[[85.1059,25.6422],[85.1,25.6464],[85.0916,25.6492],[85.0929,25.6418],[85.097,25.6353],[85.0996,25.636],[85.1026,25.6429],[85.1052,25.6415],[85.1059,25.6422]]]},"properties":{"objectid":89542,"statename":"Bihar","statecode":"10","districtname":"Patna","districtcode":"230","ulbname":"Patna","ulbcode":"801373","wardname":"Ward 22A","wardcode":null,"id":null,"remark":"--","st_area(shape)":9.966728137847147e-05,"st_perimeter(shape)":0.04599478876545776}},{"type":"Feature","geometry":{"type":"Polygon","coordinates":[[[85.154,25.6148],[85.1492,25.6158],[85.1473,25.6073],[85.1525,25.607],[85.154,25.6148]]]},"properties":{"objectid":90304,"statename":"Bihar","statecode":"10","districtname":"Patna","districtcode":"230","ulbname":"Patna","ulbcode":"801373","wardname":"Ward 38","wardcode":null,"id":null,"remark":"--","st_area(shape)":4.442192203999546e-05,"st_perimeter(shape)":0.028004765379378585}},{"type":"Feature","geometry":{"type":"Polygon","coordinates":[[[85.1589,25.6191],[85.1548,25.6189],[85.154,25.6148],[85.1583,25.6159],[85.1589,25.6191]]]},"properties":{"objectid":90305,"statename":"Bihar","statecode":"10","districtname":"Patna","districtcode":"230","ulbname":"Patna","ulbcode":"801373","wardname":"Ward 40","wardcode":null,"id":null,"remark":"--","st_area(shape)":1.52976963527057e-05,"st_perimeter(shape)":0.01625671745488971}},{"type":"Feature","geometry":{"type":"Polygon","coordinates":[[[85.0757,25.587],[85.0753,25.5913],[85.0766,25.5936],[85.0763,25.5973],[85.0741,25.6005],[85.0741,25.6061],[85.0633,25.6091],[85.0544,25.5805],[85.0695,25.5784],[85.0723,25.5864],[85.0757,25.587]]]},"properties":{"objectid":90306,"statename":"Bihar","statecode":"10","districtname":"Patna","districtcode":"230","ulbname":"Patna","ulbcode":"801373","wardname":"Ward 3","wardcode":null,"id":null,"remark":"--","st_area(shape)":0.00045838838210547015,"st_perimeter(shape)":0.08947253857604667}},{"type":"Feature","geometry":{"type":"Polygon","coordinates":[[[85.1196,25.5914],[85.1168,25.5932],[85.109,25.5882],[85.1116,25.5868],[85.1118,25.5822],[85.119,25.5836],[85.1196,25.5914]]]},"properties":{"objectid":90307,"statename":"Bihar","statecode":"10","districtname":"Patna","districtcode":"230","ulbname":"Patna","ulbcode":"801373","wardname":"Ward 14","wardcode":null,"id":null,"remark":"--","st_area(shape)":6.896274861525921e-05,"st_perimeter(shape)":0.03798160206449139}},{"type":"Feature","geometry":{"type":"Polygon","coordinates":[[[85.1325,25.5957],[85.1265,25.5961],[85.1243,25.5905],[85.1307,25.5896],[85.1325,25.5957]]]},"properties":{"objectid":90308,"statename":"Bihar","statecode":"10","districtname":"Patna","districtcode":"230","ulbname":"Patna","ulbcode":"801373","wardname":"Ward 18","wardcode":null,"id":null,"remark":"--","st_area(shape)":3.665765640700607e-05,"st_perimeter(shape)":0.025665519817010946}},{"type":"Feature","geometry":{"type":"Polygon","coordinates":[[[85.1666,25.5775],[85.1668,25.5852],[85.1616,25.5848],[85.162,25.5886],[85.1598,25.5888],[85.1604,25.5933],[85.1635,25.5928],[85.1628,25.5937],[85.1652,25.602],[85.167,25.6029],[85.1586,25.6038],[85.1571,25.5898],[85.1585,25.5891],[85.1585,25.5845],[85.1561,25.5843],[85.1554,25.5791],[85.1666,25.5775]]]},"properties":{"objectid":90309,"statename":"Bihar","statecode":"10","districtname":"Patna","districtcode":"230","ulbname":"Patna","ulbcode":"801373","wardname":"Ward 44","wardcode":null,"id":null,"remark":"--","st_area(shape)":0.00016206403362254088,"st_perimeter(shape)":0.09014011399380746}},{"type":"Feature","geometry":{"type":"Polygon","coordinates":[[[85.1228,25.5928],[85.1213,25.5931],[85.1196,25.5914],[85.119,25.5836],[85.1234,25.5845],[85.1222,25.5855],[85.1226,25.5875],[85.125,25.5921],[85.1228,25.5928]]]},"properties":{"objectid":90310,"statename":"Bihar","statecode":"10","districtname":"Patna","districtcode":"230","ulbname":"Patna","ulbcode":"801373","wardname":"Ward 16","wardcode":null,"id":null,"remark":"--","st_area(shape)":3.356689955918747e-05,"st_perimeter(shape)":0.029389796862637742}},{"type":"Feature","geometry":{"type":"Polygon","coordinates":[[[85.195,25.5995],[85.199,25.6072],[85.1892,25.6139],[85.1888,25.6102],[85.186,25.611],[85.1865,25.6065],[85.1878,25.6057],[85.1866,25.6009],[85.195,25.5995]]]},"properties":{"objectid":90311,"statename":"Bihar","statecode":"10","districtname":"Patna","districtcode":"230","ulbname":"Patna","ulbcode":"801373","wardname":"Ward 54","wardcode":null,"id":null,"remark":"--","st_area(shape)":0.00011263585735868926,"st_perimeter(shape)":0.04710822094473823}},{"type":"Feature","geometry":{"type":"Polygon","coordinates":[[[85.0633,25.6091],[85.0705,25.6066],[85.0805,25.6054],[85.0829,25.622],[85.0736,25.6212],[85.073,25.6223],[85.0694,25.6224],[85.0633,25.6091]]]},"properties":{"objectid":90312,"statename":"Bihar","statecode":"10","districtname":"Patna","districtcode":"230","ulbname":"Patna","ulbcode":"801373","wardname":"Ward 2","wardcode":null,"id":null,"remark":"--","st_area(shape)":0.0002493670272286717,"st_perimeter(shape)":0.06527911572616656}},{"type":"Feature","geometry":{"type":"Polygon","coordinates":[[[85.1422,25.5759],[85.1421,25.5842],[85.1408,25.5844],[85.1404,25.5884],[85.1376,25.5892],[85.1387,25.5955],[85.1369,25.5956],[85.1338,25.5849],[85.119,25.5836],[85.1111,25.5702],[85.1161,25.5709],[85.1175,25.5726],[85.1225,25.5723],[85.1267,25.5759],[85.1291,25.5744],[85.1318,25.5761],[85.1373,25.5751],[85.1422,25.5759]]]},"properties":{"objectid":90313,"statename":"Bihar","statecode":"10","districtname":"Patna","districtcode":"230","ulbname":"Patna","ulbcode":"801373","wardname":"Ward 30","wardcode":null,"id":null,"remark":"--","st_area(shape)":0.00031567310338852657,"st_perimeter(shape)":0.10459156991877967}},{"type":"Feature","geometry":{"type":"Polygon","coordinates":[[[85.1132,25.6116],[85.1063,25.6123],[85.1047,25.6137],[85.1038,25.6099],[85.1101,25.6083],[85.1097,25.6059],[85.1111,25.6037],[85.1168,25.6069],[85.1132,25.6116]]]},"properties":{"objectid":90314,"statename":"Bihar","statecode":"10","districtname":"Patna","districtcode":"230","ulbname":"Patna","ulbcode":"801373","wardname":"Ward 20","wardcode":null,"id":null,"remark":"--","st_area(shape)":5.50736919238354e-05,"st_perimeter(shape)":0.03850120625181704}},{"type":"Feature","geometry":{"type":"Polygon","coordinates":[[[85.1299,25.6244],[85.1261,25.6261],[85.1216,25.6182],[85.1298,25.6166],[85.1294,25.6191],[85.1315,25.6235],[85.1299,25.6244]]]},"properties":{"objectid":90315,"statename":"Bihar","statecode":"10","districtname":"Patna","districtcode":"230","ulbname":"Patna","ulbcode":"801373","wardname":"Ward 24","wardcode":null,"id":null,"remark":"--","st_area(shape)":5.50245516732731e-05,"st_perimeter(shape)":0.03420680897808303}},{"type":"Feature","geometry":{"type":"Polygon","coordinates":[[[85.1554,25.5791],[85.1561,25.5843],[85.1532,25.5841],[85.1531,25.5876],[85.1456,25.5901],[85.1453,25.5884],[85.1437,25.5879],[85.143,25.5841],[85.1515,25.584],[85.1491,25.5818],[85.1479,25.5761],[85.1507,25.5761],[85.1523,25.5789],[85.1554,25.5791]]]},"properties":{"objectid":90316,"statename":"Bihar","statecode":"10","districtname":"Patna","districtcode":"230","ulbname":"Patna","ulbcode":"801373","wardname":"Ward 32","wardcode":null,"id":null,"remark":"--","st_area(shape)":9.024802049165123e-05,"st_perimeter(shape)":0.05675708941661854}},{"type":"Feature","geometry":{"type":"Polygon","coordinates":[[[85.2177,25.6012],[85.2106,25.6014],[85.2093,25.5975],[85.2181,25.5947],[85.2204,25.5982],[85.2172,25.5985],[85.2177,25.6012]]]},"properties":{"objectid":90317,"statename":"Bihar","statecode":"10","districtname":"Patna","districtcode":"230","ulbname":"Patna","ulbcode":"801373","wardname":"Ward 60","wardcode":null,"id":null,"remark":"--","st_area(shape)":4.652385717095972e-05,"st_perimeter(shape)":0.031758256928093385}},{"type":"Feature","geometry":{"type":"Polygon","coordinates":[[[85.2388,25.5897],[85.2352,25.5916],[85.2333,25.5845],[85.2365,25.5846],[85.2388,25.5897]]]},"properties":{"objectid":90318,"statename":"Bihar","statecode":"10","districtname":"Patna","districtcode":"230","ulbname":"Patna","ulbcode":"801373","wardname":"Ward 69","wardcode":null,"id":null,"remark":"--","st_area(shape)":2.495842423230115e-05,"st_perimeter(shape)":0.020806804767102033}},{"type":"Feature","geometry":{"type":"Polygon","coordinates":[[[85.1913,25.6138],[85.1908,25.614],[85.1902,25.6142],[85.1897,25.6144],[85.1891,25.6146],[85.1891,25.6146],[85.1891,25.6145],[85.1891,25.6145],[85.1891,25.6144],[85.189,25.6142],[85.189,25.614],[85.189,25.614],[85.189,25.6139],[85.189,25.6139],[85.189,25.6139],[85.1892,25.6139],[85.1892,25.6139],[85.1893,25.6139],[85.1893,25.6138],[85.1893,25.6138],[85.1893,25.6138],[85.1895,25.6138],[85.1896,25.6138],[85.1896,25.6138],[85.1896,25.6138],[85.1896,25.6138],[85.1897,25.6138],[85.1897,25.6137],[85.1897,25.6137],[85.1897,25.6137],[85.1897,25.6137],[85.1897,25.6137],[85.1897,25.6137],[85.1897,25.6137],[85.1898,25.6137],[85.1898,25.6137],[85.1898,25.6137],[85.1898,25.6137],[85.1898,25.6137],[85.1899,25.6137],[85.1901,25.6137],[85.1904,25.6137],[85.1906,25.6137],[85.1906,25.6137],[85.1907,25.6137],[85.1909,25.6138],[85.1909,25.6138],[85.1909,25.6138],[85.1912,25.6138],[85.1913,25.6138]]]},"properties":{"objectid":90319,"statename":"Bihar","statecode":"10","districtname":"Patna","districtcode":"230","ulbname":"Patna","ulbcode":"801373","wardname":"Ward 52","wardcode":null,"id":null,"remark":"--","st_area(shape)":9.77917883249722e-07,"st_perimeter(shape)":0.005369040640734752}},{"type":"Feature","geometry":{"type":"Polygon","coordinates":[[[85.1809,25.6169],[85.1717,25.6185],[85.1715,25.6169],[85.1743,25.6171],[85.1737,25.6148],[85.1775,25.6142],[85.1809,25.6169]]]},"properties":{"objectid":91062,"statename":"Bihar","statecode":"10","districtname":"Patna","districtcode":"230","ulbname":"Patna","ulbcode":"801373","wardname":"Ward 49","wardcode":null,"id":null,"remark":"--","st_area(shape)":2.2416705791886754e-05,"st_perimeter(shape)":0.026267641270630523}},{"type":"Feature","geometry":{"type":"Polygon","coordinates":[[[85.1692,25.6058],[85.1733,25.6064],[85.1743,25.6171],[85.1669,25.6148],[85.1653,25.607],[85.1692,25.6058]]]},"properties":{"objectid":91063,"statename":"Bihar","statecode":"10","districtname":"Patna","districtcode":"230","ulbname":"Patna","ulbcode":"801373","wardname":"Ward 48","wardcode":null,"id":null,"remark":"--","st_area(shape)":7.375111655149323e-05,"st_perimeter(shape)":0.037183838000610786}},{"type":"Feature","geometry":{"type":"Polygon","coordinates":[[[85.0959,25.6222],[85.0926,25.6225],[85.0915,25.6148],[85.0956,25.6133],[85.0937,25.6089],[85.0963,25.608],[85.0943,25.6044],[85.1107,25.6037],[85.1101,25.6083],[85.1038,25.6099],[85.1049,25.6144],[85.1007,25.6151],[85.1013,25.6194],[85.0959,25.6222]]]},"properties":{"objectid":91064,"statename":"Bihar","statecode":"10","districtname":"Patna","districtcode":"230","ulbname":"Patna","ulbcode":"801373","wardname":"Ward 8","wardcode":null,"id":null,"remark":"--","st_area(shape)":0.00019144082141202826,"st_perimeter(shape)":0.07827702133680765}},{"type":"Feature","geometry":{"type":"Polygon","coordinates":[[[85.1299,25.6244],[85.1261,25.6261],[85.1216,25.6182],[85.1298,25.6166],[85.1294,25.6191],[85.1315,25.6235],[85.1299,25.6244]]]},"properties":{"objectid":91065,"statename":"Bihar","statecode":"10","districtname":"Patna","districtcode":"230","ulbname":"Patna","ulbcode":"801373","wardname":"Ward 24","wardcode":null,"id":null,"remark":"--","st_area(shape)":5.50245516732731e-05,"st_perimeter(shape)":0.03420680897808303}},{"type":"Feature","geometry":{"type":"Polygon","coordinates":[[[85.1442,25.5961],[85.145,25.6028],[85.1422,25.6024],[85.1412,25.6042],[85.1336,25.602],[85.1292,25.5846],[85.1338,25.5849],[85.1369,25.5956],[85.1442,25.5961]]]},"properties":{"objectid":91066,"statename":"Bihar","statecode":"10","districtname":"Patna","districtcode":"230","ulbname":"Patna","ulbcode":"801373","wardname":"Ward 29","wardcode":null,"id":null,"remark":"--","st_area(shape)":0.00013186766438388594,"st_perimeter(shape)":0.06125116955616793}},{"type":"Feature","geometry":{"type":"Polygon","coordinates":[[[85.1221,25.6285],[85.1167,25.6326],[85.114,25.6273],[85.1185,25.6258],[85.1197,25.6281],[85.1214,25.6274],[85.1221,25.6285]]]},"properties":{"objectid":91067,"statename":"Bihar","statecode":"10","districtname":"Patna","districtcode":"230","ulbname":"Patna","ulbcode":"801373","wardname":"Ward 22C","wardcode":null,"id":null,"remark":"--","st_area(shape)":2.754518670943221e-05,"st_perimeter(shape)":0.0234684690180806}},{"type":"Feature","geometry":{"type":"Polygon","coordinates":[[[85.2202,25.6008],[85.2177,25.6012],[85.2172,25.5985],[85.2204,25.5982],[85.2201,25.5965],[85.2229,25.597],[85.2239,25.596],[85.2244,25.5984],[85.2202,25.6008]]]},"properties":{"objectid":91068,"statename":"Bihar","statecode":"10","districtname":"Patna","districtcode":"230","ulbname":"Patna","ulbcode":"801373","wardname":"Ward 65","wardcode":null,"id":null,"remark":"--","st_area(shape)":1.964047762581458e-05,"st_perimeter(shape)":0.02491723625288552}},{"type":"Feature","geometry":{"type":"Polygon","coordinates":[[[85.1589,25.6191],[85.1548,25.6189],[85.154,25.6148],[85.1583,25.6159],[85.1589,25.6191]]]},"properties":{"objectid":91069,"statename":"Bihar","statecode":"10","districtname":"Patna","districtcode":"230","ulbname":"Patna","ulbcode":"801373","wardname":"Ward 40","wardcode":null,"id":null,"remark":"--","st_area(shape)":1.52976963527057e-05,"st_perimeter(shape)":0.01625671745488971}},{"type":"Feature","geometry":{"type":"Polygon","coordinates":[[[85.1302,25.6112],[85.1264,25.6153],[85.1264,25.6173],[85.1216,25.6182],[85.1188,25.6127],[85.123,25.6096],[85.1302,25.6112]]]},"properties":{"objectid":91070,"statename":"Bihar","statecode":"10","districtname":"Patna","districtcode":"230","ulbname":"Patna","ulbcode":"801373","wardname":"Ward 25","wardcode":null,"id":null,"remark":"--","st_area(shape)":5.4870053893662816e-05,"st_perimeter(shape)":0.03252296743880948}},{"type":"Feature","geometry":{"type":"Polygon","coordinates":[[[85.1216,25.6181],[85.1177,25.62],[85.1174,25.6189],[85.113,25.6191],[85.1126,25.6174],[85.1188,25.6127],[85.1216,25.6181]]]},"properties":{"objectid":91071,"statename":"Bihar","statecode":"10","districtname":"Patna","districtcode":"230","ulbname":"Patna","ulbcode":"801373","wardname":"Ward 23","wardcode":null,"id":null,"remark":"--","st_area(shape)":3.4896936557308824e-05,"st_perimeter(shape)":0.026505806814010477}},{"type":"Feature","geometry":{"type":"Polygon","coordinates":[[[85.1418,25.6042],[85.1416,25.6064],[85.1473,25.6102],[85.1452,25.6104],[85.1454,25.6118],[85.1435,25.6125],[85.1448,25.6154],[85.1425,25.6162],[85.1408,25.6125],[85.136,25.612],[85.1356,25.6103],[85.1333,25.6106],[85.1328,25.604],[85.1336,25.602],[85.1418,25.6042]]]},"properties":{"objectid":91072,"statename":"Bihar","statecode":"10","districtname":"Patna","districtcode":"230","ulbname":"Patna","ulbcode":"801373","wardname":"Ward 28","wardcode":null,"id":null,"remark":"--","st_area(shape)":9.85148731909918e-05,"st_perimeter(shape)":0.05379281458118414}},{"type":"Feature","geometry":{"type":"Polygon","coordinates":[[[85.1866,25.601],[85.176,25.602],[85.1749,25.5979],[85.1772,25.5976],[85.1765,25.5936],[85.18,25.5933],[85.1783,25.5854],[85.1877,25.5855],[85.195,25.5995],[85.1866,25.601]]]},"properties":{"objectid":91073,"statename":"Bihar","statecode":"10","districtname":"Patna","districtcode":"230","ulbname":"Patna","ulbcode":"801373","wardname":"Ward 55","wardcode":null,"id":null,"remark":"--","st_area(shape)":0.00021737953866500105,"st_perimeter(shape)":0.06681883821356727}},{"type":"Feature","geometry":{"type":"Polygon","coordinates":[[[85.2202,25.6008],[85.2106,25.606],[85.2107,25.6014],[85.2202,25.6008]]]},"properties":{"objectid":91074,"statename":"Bihar","statecode":"10","districtname":"Patna","districtcode":"230","ulbname":"Patna","ulbcode":"801373","wardname":"Ward 59","wardcode":null,"id":null,"remark":"--","st_area(shape)":1.9336876434743115e-05,"st_perimeter(shape)":0.0254832675424762}},{"type":"Feature","geometry":{"type":"Polygon","coordinates":[[[85.1111,25.5702],[85.119,25.5836],[85.099,25.5785],[85.0974,25.5819],[85.0972,25.5805],[85.0931,25.5811],[85.0926,25.5763],[85.087,25.575],[85.0857,25.5718],[85.084,25.5721],[85.0836,25.5708],[85.0848,25.5698],[85.0843,25.567],[85.0868,25.5688],[85.0903,25.5691],[85.0889,25.5641],[85.0937,25.5626],[85.0946,25.565],[85.1006,25.564],[85.1057,25.5667],[85.1068,25.5696],[85.1111,25.5702]]]},"properties":{"objectid":91460,"statename":"Bihar","statecode":"10","districtname":"Patna","districtcode":"230","ulbname":"Patna","ulbcode":"801373","wardname":"Ward 11","wardcode":null,"id":null,"remark":"--","st_area(shape)":0.00036827768543556304,"st_perimeter(shape)":0.11014940843865209}},{"type":"Feature","geometry":{"type":"Polygon","coordinates":[[[85.1132,25.6116],[85.1063,25.6123],[85.1047,25.6137],[85.1038,25.6099],[85.1101,25.6083],[85.1097,25.6059],[85.1111,25.6037],[85.1168,25.6069],[85.1132,25.6116]]]},"properties":{"objectid":91461,"statename":"Bihar","statecode":"10","districtname":"Patna","districtcode":"230","ulbname":"Patna","ulbcode":"801373","wardname":"Ward 20","wardcode":null,"id":null,"remark":"--","st_area(shape)":5.50736919238354e-05,"st_perimeter(shape)":0.03850120625181704}},{"type":"Feature","geometry":{"type":"Polygon","coordinates":[[[85.1494,25.6183],[85.1478,25.6152],[85.1444,25.6151],[85.1435,25.6125],[85.1454,25.6118],[85.1452,25.6104],[85.1475,25.6102],[85.1492,25.6158],[85.1523,25.6185],[85.1494,25.6183]]]},"properties":{"objectid":91462,"statename":"Bihar","statecode":"10","districtname":"Patna","districtcode":"230","ulbname":"Patna","ulbcode":"801373","wardname":"Ward 37","wardcode":null,"id":null,"remark":"--","st_area(shape)":2.357808306674176e-05,"st_perimeter(shape)":0.031000141605438427}},{"type":"Feature","geometry":{"type":"Polygon","coordinates":[[[85.1525,25.607],[85.1473,25.6073],[85.1471,25.6092],[85.1414,25.6062],[85.1418,25.6042],[85.1585,25.6035],[85.1585,25.6069],[85.1525,25.607]]]},"properties":{"objectid":91463,"statename":"Bihar","statecode":"10","districtname":"Patna","districtcode":"230","ulbname":"Patna","ulbcode":"801373","wardname":"Ward 36","wardcode":null,"id":null,"remark":"--","st_area(shape)":5.3543845213052913e-05,"st_perimeter(shape)":0.042590692145210204}},{"type":"Feature","geometry":{"type":"Polygon","coordinates":[[[85.2042,25.6044],[85.203,25.6015],[85.1994,25.6017],[85.1979,25.5984],[85.2093,25.5969],[85.2106,25.6014],[85.2042,25.6044]]]},"properties":{"objectid":91464,"statename":"Bihar","statecode":"10","districtname":"Patna","districtcode":"230","ulbname":"Patna","ulbcode":"801373","wardname":"Ward 57","wardcode":null,"id":null,"remark":"--","st_area(shape)":5.266002822390851e-05,"st_perimeter(shape)":0.034627123942416654}},{"type":"Feature","geometry":{"type":"Polygon","coordinates":[[[85.2181,25.5947],[85.2093,25.5975],[85.2242,25.5892],[85.2251,25.5923],[85.2181,25.5947]]]},"properties":{"objectid":91465,"statename":"Bihar","statecode":"10","districtname":"Patna","districtcode":"230","ulbname":"Patna","ulbcode":"801373","wardname":"Ward 63","wardcode":null,"id":null,"remark":"--","st_area(shape)":2.9422916920076874e-05,"st_perimeter(shape)":0.03859183073968671}},{"type":"Feature","geometry":{"type":"Polygon","coordinates":[[[85.2007,25.5978],[85.2002,25.5947],[85.2039,25.5929],[85.201,25.5844],[85.2208,25.5803],[85.2247,25.589],[85.209,25.5971],[85.2007,25.5978]]]},"properties":{"objectid":91466,"statename":"Bihar","statecode":"10","districtname":"Patna","districtcode":"230","ulbname":"Patna","ulbcode":"801373","wardname":"Ward 61","wardcode":null,"id":null,"remark":"--","st_area(shape)":0.0002612585716276532,"st_perimeter(shape)":0.07373372008859677}},{"type":"Feature","geometry":{"type":"Polygon","coordinates":[[[85.181,25.616],[85.1792,25.6162],[85.1775,25.6142],[85.1737,25.6148],[85.1733,25.6121],[85.1858,25.6098],[85.186,25.611],[85.1846,25.6112],[85.1858,25.6149],[85.181,25.616]]]},"properties":{"objectid":91467,"statename":"Bihar","statecode":"10","districtname":"Patna","districtcode":"230","ulbname":"Patna","ulbcode":"801373","wardname":"Ward 50","wardcode":null,"id":null,"remark":"--","st_area(shape)":5.525901077805235e-05,"st_perimeter(shape)":0.03680030880208542}},{"type":"Feature","geometry":{"type":"Polygon","coordinates":[[[85.1692,25.6058],[85.1733,25.6064],[85.1743,25.6171],[85.1669,25.6148],[85.1653,25.607],[85.1692,25.6058]]]},"properties":{"objectid":91468,"statename":"Bihar","statecode":"10","districtname":"Patna","districtcode":"230","ulbname":"Patna","ulbcode":"801373","wardname":"Ward 48","wardcode":null,"id":null,"remark":"--","st_area(shape)":7.375111655149323e-05,"st_perimeter(shape)":0.037183838000610786}},{"type":"Feature","geometry":{"type":"Polygon","coordinates":[[[85.1583,25.6159],[85.1545,25.6148],[85.1535,25.6118],[85.166,25.6101],[85.1669,25.6148],[85.1583,25.6159]]]},"properties":{"objectid":91469,"statename":"Bihar","statecode":"10","districtname":"Patna","districtcode":"230","ulbname":"Patna","ulbcode":"801373","wardname":"Ward 42","wardcode":null,"id":null,"remark":"--","st_area(shape)":5.706907945664338e-05,"st_perimeter(shape)":0.03345425411991174}},{"type":"Feature","geometry":{"type":"Polygon","coordinates":[[[85.1026,25.5796],[85.1034,25.584],[85.1066,25.5851],[85.1056,25.5895],[85.096,25.5852],[85.0988,25.5785],[85.1026,25.5796]]]},"properties":{"objectid":91470,"statename":"Bihar","statecode":"10","districtname":"Patna","districtcode":"230","ulbname":"Patna","ulbcode":"801373","wardname":"Ward 12","wardcode":null,"id":null,"remark":"--","st_area(shape)":6.199958245338184e-05,"st_perimeter(shape)":0.03473221513218523}},{"type":"Feature","geometry":{"type":"Polygon","coordinates":[[[85.1126,25.6174],[85.1082,25.6208],[85.1075,25.6202],[85.1213,25.6012],[85.126,25.5991],[85.1336,25.602],[85.1333,25.6106],[85.1302,25.6112],[85.1228,25.6097],[85.1126,25.6174]]]},"properties":{"objectid":91471,"statename":"Bihar","statecode":"10","districtname":"Patna","districtcode":"230","ulbname":"Patna","ulbcode":"801373","wardname":"Ward 21","wardcode":null,"id":null,"remark":"--","st_area(shape)":0.00020346712059136053,"st_perimeter(shape)":0.07678976481721338}},{"type":"Feature","geometry":{"type":"Polygon","coordinates":[[[85.1228,25.5928],[85.1213,25.5931],[85.1196,25.5914],[85.119,25.5836],[85.1234,25.5845],[85.1222,25.5855],[85.1226,25.5875],[85.125,25.5921],[85.1228,25.5928]]]},"properties":{"objectid":91472,"statename":"Bihar","statecode":"10","districtname":"Patna","districtcode":"230","ulbname":"Patna","ulbcode":"801373","wardname":"Ward 16","wardcode":null,"id":null,"remark":"--","st_area(shape)":3.356689955918747e-05,"st_perimeter(shape)":0.029389796862637742}},{"type":"Feature","geometry":{"type":"Polygon","coordinates":[[[85.2251,25.5923],[85.2231,25.5969],[85.2195,25.597],[85.2181,25.5953],[85.2251,25.5923]]]},"properties":{"objectid":91473,"statename":"Bihar","statecode":"10","districtname":"Patna","districtcode":"230","ulbname":"Patna","ulbcode":"801373","wardname":"Ward 64","wardcode":null,"id":null,"remark":"--","st_area(shape)":2.0734302952607843e-05,"st_perimeter(shape)":0.02223286845292366}},{"type":"Feature","geometry":{"type":"Polygon","coordinates":[[[85.2512,25.5824],[85.2447,25.5887],[85.24,25.5806],[85.2473,25.576],[85.2512,25.5824]]]},"properties":{"objectid":91474,"statename":"Bihar","statecode":"10","districtname":"Patna","districtcode":"230","ulbname":"Patna","ulbcode":"801373","wardname":"Ward 71","wardcode":null,"id":null,"remark":"--","st_area(shape)":7.18388736444166e-05,"st_perimeter(shape)":0.03610298893319696}},{"type":"Feature","geometry":{"type":"Polygon","coordinates":[[[85.2058,25.608],[85.1897,25.6137],[85.2003,25.6063],[85.2012,25.609],[85.2058,25.608]]]},"properties":{"objectid":91475,"statename":"Bihar","statecode":"10","districtname":"Patna","districtcode":"230","ulbname":"Patna","ulbcode":"801373","wardname":"Ward 53","wardcode":null,"id":null,"remark":"--","st_area(shape)":2.9807709151769223e-05,"st_perimeter(shape)":0.03803740517389119}},{"type":"Feature","geometry":{"type":"Polygon","coordinates":[[[85.1717,25.6185],[85.1589,25.6191],[85.1583,25.616],[85.1678,25.6149],[85.1686,25.6161],[85.1728,25.6167],[85.1715,25.6169],[85.1717,25.6185]]]},"properties":{"objectid":91860,"statename":"Bihar","statecode":"10","districtname":"Patna","districtcode":"230","ulbname":"Patna","ulbcode":"801373","wardname":"Ward 41","wardcode":null,"id":null,"remark":"--","st_area(shape)":4.0033108896018784e-05,"st_perimeter(shape)":0.034749221096666054}},{"type":"Feature","geometry":{"type":"Polygon","coordinates":[[[85.0633,25.6091],[85.0705,25.6066],[85.0805,25.6054],[85.0829,25.622],[85.0736,25.6212],[85.073,25.6223],[85.0694,25.6224],[85.0633,25.6091]]]},"properties":{"objectid":91861,"statename":"Bihar","statecode":"10","districtname":"Patna","districtcode":"230","ulbname":"Patna","ulbcode":"801373","wardname":"Ward 2","wardcode":null,"id":null,"remark":"--","st_area(shape)":0.0002493670272286717,"st_perimeter(shape)":0.06527911572616656}},{"type":"Feature","geometry":{"type":"Polygon","coordinates":[[[85.1026,25.5796],[85.1034,25.584],[85.1066,25.5851],[85.1056,25.5895],[85.096,25.5852],[85.0988,25.5785],[85.1026,25.5796]]]},"properties":{"objectid":91862,"statename":"Bihar","statecode":"10","districtname":"Patna","districtcode":"230","ulbname":"Patna","ulbcode":"801373","wardname":"Ward 12","wardcode":null,"id":null,"remark":"--","st_area(shape)":6.199958245338184e-05,"st_perimeter(shape)":0.03473221513218523}},{"type":"Feature","geometry":{"type":"Polygon","coordinates":[[[85.1066,25.5856],[85.1034,25.584],[85.1026,25.5796],[85.1118,25.5822],[85.1123,25.5848],[85.1106,25.5876],[85.109,25.5882],[85.1066,25.5856]]]},"properties":{"objectid":91863,"statename":"Bihar","statecode":"10","districtname":"Patna","districtcode":"230","ulbname":"Patna","ulbcode":"801373","wardname":"Ward 13","wardcode":null,"id":null,"remark":"--","st_area(shape)":4.307717080279942e-05,"st_perimeter(shape)":0.0307756636377732}},{"type":"Feature","geometry":{"type":"Polygon","coordinates":[[[85.1228,25.5928],[85.1243,25.5939],[85.1239,25.5975],[85.1197,25.595],[85.1191,25.5968],[85.1126,25.5945],[85.113,25.5936],[85.1056,25.5895],[85.1066,25.5856],[85.1168,25.5932],[85.1192,25.5911],[85.1213,25.5931],[85.1228,25.5928]]]},"properties":{"objectid":91864,"statename":"Bihar","statecode":"10","districtname":"Patna","districtcode":"230","ulbname":"Patna","ulbcode":"801373","wardname":"Ward 15","wardcode":null,"id":null,"remark":"--","st_area(shape)":6.730246742307847e-05,"st_perimeter(shape)":0.05510113269794506}},{"type":"Feature","geometry":{"type":"Polygon","coordinates":[[[85.1216,25.6181],[85.1177,25.62],[85.1174,25.6189],[85.113,25.6191],[85.1126,25.6174],[85.1188,25.6127],[85.1216,25.6181]]]},"properties":{"objectid":91865,"statename":"Bihar","statecode":"10","districtname":"Patna","districtcode":"230","ulbname":"Patna","ulbcode":"801373","wardname":"Ward 23","wardcode":null,"id":null,"remark":"--","st_area(shape)":3.4896936557308824e-05,"st_perimeter(shape)":0.026505806814010477}},{"type":"Feature","geometry":{"type":"Polygon","coordinates":[[[85.1126,25.6174],[85.1082,25.6208],[85.1075,25.6202],[85.1213,25.6012],[85.126,25.5991],[85.1336,25.602],[85.1333,25.6106],[85.1302,25.6112],[85.1228,25.6097],[85.1126,25.6174]]]},"properties":{"objectid":91866,"statename":"Bihar","statecode":"10","districtname":"Patna","districtcode":"230","ulbname":"Patna","ulbcode":"801373","wardname":"Ward 21","wardcode":null,"id":null,"remark":"--","st_area(shape)":0.00020346712059136053,"st_perimeter(shape)":0.07678976481721338}},{"type":"Feature","geometry":{"type":"Polygon","coordinates":[[[85.1866,25.601],[85.176,25.602],[85.1749,25.5979],[85.1772,25.5976],[85.1765,25.5936],[85.18,25.5933],[85.1783,25.5854],[85.1877,25.5855],[85.195,25.5995],[85.1866,25.601]]]},"properties":{"objectid":91867,"statename":"Bihar","statecode":"10","districtname":"Patna","districtcode":"230","ulbname":"Patna","ulbcode":"801373","wardname":"Ward 55","wardcode":null,"id":null,"remark":"--","st_area(shape)":0.00021737953866500105,"st_perimeter(shape)":0.06681883821356727}},{"type":"Feature","geometry":{"type":"Polygon","coordinates":[[[85.2193,25.5757],[85.2208,25.5803],[85.201,25.5844],[85.2039,25.5929],[85.2011,25.5935],[85.2007,25.5978],[85.1979,25.5985],[85.1994,25.6017],[85.203,25.6015],[85.2042,25.6044],[85.199,25.6072],[85.1877,25.5855],[85.1782,25.5854],[85.1757,25.578],[85.1801,25.5769],[85.1792,25.5723],[85.1838,25.571],[85.187,25.5788],[85.1927,25.5774],[85.1915,25.5727],[85.204,25.5696],[85.2048,25.5683],[85.2039,25.5641],[85.2065,25.5606],[85.2107,25.5598],[85.2142,25.5575],[85.2177,25.5586],[85.2168,25.5639],[85.2156,25.5643],[85.2193,25.5757]]]},"properties":{"objectid":91868,"statename":"Bihar","statecode":"10","districtname":"Patna","districtcode":"230","ulbname":"Patna","ulbcode":"801373","wardname":"Ward 56","wardcode":null,"id":null,"remark":"--","st_area(shape)":0.0008136352399985743,"st_perimeter(shape)":0.19430435332615092}},{"type":"Feature","geometry":{"type":"Polygon","coordinates":[[[85.2475,25.5712],[85.249,25.575],[85.2301,25.5861],[85.2273,25.5826],[85.2245,25.5831],[85.2227,25.5746],[85.2331,25.5715],[85.2342,25.5749],[85.2475,25.5712]]]},"properties":{"objectid":91869,"statename":"Bihar","statecode":"10","districtname":"Patna","districtcode":"230","ulbname":"Patna","ulbcode":"801373","wardname":"Ward 68","wardcode":null,"id":null,"remark":"--","st_area(shape)":0.00021119810538895413,"st_perimeter(shape)":0.0729750625398411}},{"type":"Feature","geometry":{"type":"Polygon","coordinates":[[[85.2388,25.5897],[85.2352,25.5916],[85.2333,25.5845],[85.2365,25.5846],[85.2388,25.5897]]]},"properties":{"objectid":91870,"statename":"Bihar","statecode":"10","districtname":"Patna","districtcode":"230","ulbname":"Patna","ulbcode":"801373","wardname":"Ward 69","wardcode":null,"id":null,"remark":"--","st_area(shape)":2.495842423230115e-05,"st_perimeter(shape)":0.020806804767102033}},{"type":"Feature","geometry":{"type":"Polygon","coordinates":[[[85.0987,25.6307],[85.0907,25.6326],[85.09,25.6291],[85.0851,25.6287],[85.0829,25.6219],[85.0961,25.6223],[85.0987,25.6307]]]},"properties":{"objectid":91871,"statename":"Bihar","statecode":"10","districtname":"Patna","districtcode":"230","ulbname":"Patna","ulbcode":"801373","wardname":"Ward 6","wardcode":null,"id":null,"remark":"--","st_area(shape)":0.00010903042909404791,"st_perimeter(shape)":0.04701115624377202}},{"type":"Feature","geometry":{"type":"Polygon","coordinates":[[[85.1325,25.5957],[85.1336,25.602],[85.1191,25.5968],[85.1197,25.595],[85.1239,25.5975],[85.1243,25.5939],[85.1228,25.5928],[85.125,25.5921],[85.1265,25.5961],[85.1325,25.5957]]]},"properties":{"objectid":91872,"statename":"Bihar","statecode":"10","districtname":"Patna","districtcode":"230","ulbname":"Patna","ulbcode":"801373","wardname":"Ward 19","wardcode":null,"id":null,"remark":"--","st_area(shape)":5.4233573019249706e-05,"st_perimeter(shape)":0.04804125303137756}},{"type":"Feature","geometry":{"type":"Polygon","coordinates":[[[85.1494,25.6183],[85.1478,25.6152],[85.1444,25.6151],[85.1435,25.6125],[85.1454,25.6118],[85.1452,25.6104],[85.1475,25.6102],[85.1492,25.6158],[85.1523,25.6185],[85.1494,25.6183]]]},"properties":{"objectid":91873,"statename":"Bihar","statecode":"10","districtname":"Patna","districtcode":"230","ulbname":"Patna","ulbcode":"801373","wardname":"Ward 37","wardcode":null,"id":null,"remark":"--","st_area(shape)":2.357808306674176e-05,"st_perimeter(shape)":0.031000141605438427}},{"type":"Feature","geometry":{"type":"Polygon","coordinates":[[[85.0916,25.6492],[85.0832,25.6498],[85.0814,25.6481],[85.0694,25.6224],[85.073,25.6223],[85.0736,25.6212],[85.0829,25.622],[85.0851,25.6287],[85.09,25.6291],[85.0907,25.6326],[85.0987,25.6307],[85.099,25.6326],[85.0929,25.6418],[85.0916,25.6492]]]},"properties":{"objectid":91874,"statename":"Bihar","statecode":"10","districtname":"Patna","districtcode":"230","ulbname":"Patna","ulbcode":"801373","wardname":"Ward 1","wardcode":null,"id":null,"remark":"--","st_area(shape)":0.00044252671889080235,"st_perimeter(shape)":0.1011084840651029}},{"type":"Feature","geometry":{"type":"Polygon","coordinates":[[[85.1059,25.6422],[85.1052,25.6415],[85.1026,25.6429],[85.0996,25.636],[85.097,25.6353],[85.1076,25.6203],[85.1075,25.6233],[85.11,25.6237],[85.1103,25.6252],[85.1128,25.6247],[85.1167,25.6326],[85.1059,25.6422]]]},"properties":{"objectid":91875,"statename":"Bihar","statecode":"10","districtname":"Patna","districtcode":"230","ulbname":"Patna","ulbcode":"801373","wardname":"Ward 22B","wardcode":null,"id":null,"remark":"--","st_area(shape)":0.00021958133142871327,"st_perimeter(shape)":0.06722094211326163}},{"type":"Feature","geometry":{"type":"Polygon","coordinates":[[[85.2322,25.5935],[85.2244,25.5984],[85.2239,25.5957],[85.2252,25.5924],[85.2274,25.5921],[85.2273,25.5941],[85.2295,25.594],[85.2319,25.5919],[85.2322,25.5935]]]},"properties":{"objectid":91876,"statename":"Bihar","statecode":"10","districtname":"Patna","districtcode":"230","ulbname":"Patna","ulbcode":"801373","wardname":"Ward 66","wardcode":null,"id":null,"remark":"--","st_area(shape)":2.418300976092731e-05,"st_perimeter(shape)":0.029957472618745463}},{"type":"Feature","geometry":{"type":"Polygon","coordinates":[[[85.1692,25.6058],[85.1733,25.6064],[85.1743,25.6171],[85.1669,25.6148],[85.1653,25.607],[85.1692,25.6058]]]},"properties":{"objectid":93490,"statename":"Bihar","statecode":"10","districtname":"Patna","districtcode":"230","ulbname":"Patna","ulbcode":"801373","wardname":"Ward 48","wardcode":null,"id":null,"remark":"--","st_area(shape)":7.375111655149323e-05,"st_perimeter(shape)":0.037183838000610786}},{"type":"Feature","geometry":{"type":"Polygon","coordinates":[[[85.126,25.5991],[85.1211,25.6013],[85.1168,25.6069],[85.111,25.6037],[85.0933,25.6045],[85.0893,25.5992],[85.0994,25.5949],[85.09,25.5903],[85.0911,25.5881],[85.0965,25.5889],[85.126,25.5991]]]},"properties":{"objectid":93491,"statename":"Bihar","statecode":"10","districtname":"Patna","districtcode":"230","ulbname":"Patna","ulbcode":"801373","wardname":"Ward 9","wardcode":null,"id":null,"remark":"--","st_area(shape)":0.00033635382263095447,"st_perimeter(shape)":0.10552839365040226}},{"type":"Feature","geometry":{"type":"Polygon","coordinates":[[[85.2512,25.5824],[85.2447,25.5887],[85.24,25.5806],[85.2473,25.576],[85.2512,25.5824]]]},"properties":{"objectid":93492,"statename":"Bihar","statecode":"10","districtname":"Patna","districtcode":"230","ulbname":"Patna","ulbcode":"801373","wardname":"Ward 71","wardcode":null,"id":null,"remark":"--","st_area(shape)":7.18388736444166e-05,"st_perimeter(shape)":0.03610298893319696}},{"type":"Feature","geometry":{"type":"Polygon","coordinates":[[[85.2475,25.5712],[85.2547,25.572],[85.2614,25.5663],[85.2652,25.5686],[85.2512,25.5824],[85.2474,25.5762],[85.249,25.575],[85.2475,25.5712]]]},"properties":{"objectid":93493,"statename":"Bihar","statecode":"10","districtname":"Patna","districtcode":"230","ulbname":"Patna","ulbcode":"801373","wardname":"Ward 72","wardcode":null,"id":null,"remark":"--","st_area(shape)":0.00010958027418528445,"st_perimeter(shape)":0.05475288674783341}},{"type":"Feature","geometry":{"type":"Polygon","coordinates":[[[85.2447,25.5887],[85.2434,25.5898],[85.2388,25.5897],[85.2365,25.5846],[85.2332,25.5844],[85.2401,25.5803],[85.2447,25.5887]]]},"properties":{"objectid":93494,"statename":"Bihar","statecode":"10","districtname":"Patna","districtcode":"230","ulbname":"Patna","ulbcode":"801373","wardname":"Ward 70","wardcode":null,"id":null,"remark":"--","st_area(shape)":4.974461743823199e-05,"st_perimeter(shape)":0.03446588053126931}},{"type":"Feature","geometry":{"type":"Polygon","coordinates":[[[85.1111,25.5702],[85.119,25.5836],[85.099,25.5785],[85.0974,25.5819],[85.0972,25.5805],[85.0931,25.5811],[85.0926,25.5763],[85.087,25.575],[85.0857,25.5718],[85.084,25.5721],[85.0836,25.5708],[85.0848,25.5698],[85.0843,25.567],[85.0868,25.5688],[85.0903,25.5691],[85.0889,25.5641],[85.0937,25.5626],[85.0946,25.565],[85.1006,25.564],[85.1057,25.5667],[85.1068,25.5696],[85.1111,25.5702]]]},"properties":{"objectid":93495,"statename":"Bihar","statecode":"10","districtname":"Patna","districtcode":"230","ulbname":"Patna","ulbcode":"801373","wardname":"Ward 11","wardcode":null,"id":null,"remark":"--","st_area(shape)":0.00036827768543556304,"st_perimeter(shape)":0.11014940843865209}},{"type":"Feature","geometry":{"type":"Polygon","coordinates":[[[85.1126,25.6174],[85.1082,25.6208],[85.1075,25.6202],[85.1213,25.6012],[85.126,25.5991],[85.1336,25.602],[85.1333,25.6106],[85.1302,25.6112],[85.1228,25.6097],[85.1126,25.6174]]]},"properties":{"objectid":93496,"statename":"Bihar","statecode":"10","districtname":"Patna","districtcode":"230","ulbname":"Patna","ulbcode":"801373","wardname":"Ward 21","wardcode":null,"id":null,"remark":"--","st_area(shape)":0.00020346712059136053,"st_perimeter(shape)":0.07678976481721338}},{"type":"Feature","geometry":{"type":"Polygon","coordinates":[[[85.1418,25.6042],[85.1416,25.6064],[85.1473,25.6102],[85.1452,25.6104],[85.1454,25.6118],[85.1435,25.6125],[85.1448,25.6154],[85.1425,25.6162],[85.1408,25.6125],[85.136,25.612],[85.1356,25.6103],[85.1333,25.6106],[85.1328,25.604],[85.1336,25.602],[85.1418,25.6042]]]},"properties":{"objectid":93497,"statename":"Bihar","statecode":"10","districtname":"Patna","districtcode":"230","ulbname":"Patna","ulbcode":"801373","wardname":"Ward 28","wardcode":null,"id":null,"remark":"--","st_area(shape)":9.85148731909918e-05,"st_perimeter(shape)":0.05379281458118414}},{"type":"Feature","geometry":{"type":"Polygon","coordinates":[[[85.2181,25.5947],[85.2093,25.5975],[85.2242,25.5892],[85.2251,25.5923],[85.2181,25.5947]]]},"properties":{"objectid":93498,"statename":"Bihar","statecode":"10","districtname":"Patna","districtcode":"230","ulbname":"Patna","ulbcode":"801373","wardname":"Ward 63","wardcode":null,"id":null,"remark":"--","st_area(shape)":2.9422916920076874e-05,"st_perimeter(shape)":0.03859183073968671}},{"type":"Feature","geometry":{"type":"Polygon","coordinates":[[[85.1891,25.6146],[85.1809,25.6169],[85.181,25.616],[85.1858,25.6149],[85.1846,25.6112],[85.1888,25.6102],[85.1891,25.6146]]]},"properties":{"objectid":93877,"statename":"Bihar","statecode":"10","districtname":"Patna","districtcode":"230","ulbname":"Patna","ulbcode":"801373","wardname":"Ward 51","wardcode":null,"id":null,"remark":"--","st_area(shape)":2.0792693640902058e-05,"st_perimeter(shape)":0.02724283818177671}},{"type":"Feature","geometry":{"type":"Polygon","coordinates":[[[85.167,25.6029],[85.1692,25.6058],[85.1653,25.607],[85.166,25.6101],[85.1533,25.6118],[85.1525,25.607],[85.1585,25.6069],[85.1586,25.6038],[85.167,25.6029]]]},"properties":{"objectid":93878,"statename":"Bihar","statecode":"10","districtname":"Patna","districtcode":"230","ulbname":"Patna","ulbcode":"801373","wardname":"Ward 43","wardcode":null,"id":null,"remark":"--","st_area(shape)":8.711499246818816e-05,"st_perimeter(shape)":0.04698876129361674}},{"type":"Feature","geometry":{"type":"Polygon","coordinates":[[[85.09,25.5762],[85.0926,25.5763],[85.0931,25.5811],[85.0972,25.5805],[85.0961,25.5854],[85.1056,25.5895],[85.113,25.5936],[85.1126,25.5945],[85.0976,25.5891],[85.0864,25.5875],[85.0856,25.5809],[85.0881,25.5815],[85.0904,25.5801],[85.0912,25.5776],[85.09,25.5762]]]},"properties":{"objectid":93879,"statename":"Bihar","statecode":"10","districtname":"Patna","districtcode":"230","ulbname":"Patna","ulbcode":"801373","wardname":"Ward 10","wardcode":null,"id":null,"remark":"--","st_area(shape)":0.00012329650078353143,"st_perimeter(shape)":0.08244314842075874}},{"type":"Feature","geometry":{"type":"Polygon","coordinates":[[[85.1325,25.5957],[85.1336,25.602],[85.1191,25.5968],[85.1197,25.595],[85.1239,25.5975],[85.1243,25.5939],[85.1228,25.5928],[85.125,25.5921],[85.1265,25.5961],[85.1325,25.5957]]]},"properties":{"objectid":93880,"statename":"Bihar","statecode":"10","districtname":"Patna","districtcode":"230","ulbname":"Patna","ulbcode":"801373","wardname":"Ward 19","wardcode":null,"id":null,"remark":"--","st_area(shape)":5.4233573019249706e-05,"st_perimeter(shape)":0.04804125303137756}},{"type":"Feature","geometry":{"type":"Polygon","coordinates":[[[85.1299,25.6244],[85.1261,25.6261],[85.1216,25.6182],[85.1298,25.6166],[85.1294,25.6191],[85.1315,25.6235],[85.1299,25.6244]]]},"properties":{"objectid":93881,"statename":"Bihar","statecode":"10","districtname":"Patna","districtcode":"230","ulbname":"Patna","ulbcode":"801373","wardname":"Ward 24","wardcode":null,"id":null,"remark":"--","st_area(shape)":5.50245516732731e-05,"st_perimeter(shape)":0.03420680897808303}},{"type":"Feature","geometry":{"type":"Polygon","coordinates":[[[85.1554,25.5791],[85.1561,25.5843],[85.1532,25.5841],[85.1531,25.5876],[85.1456,25.5901],[85.1453,25.5884],[85.1437,25.5879],[85.143,25.5841],[85.1515,25.584],[85.1491,25.5818],[85.1479,25.5761],[85.1507,25.5761],[85.1523,25.5789],[85.1554,25.5791]]]},"properties":{"objectid":93882,"statename":"Bihar","statecode":"10","districtname":"Patna","districtcode":"230","ulbname":"Patna","ulbcode":"801373","wardname":"Ward 32","wardcode":null,"id":null,"remark":"--","st_area(shape)":9.024802049165123e-05,"st_perimeter(shape)":0.05675708941661854}},{"type":"Feature","geometry":{"type":"Polygon","coordinates":[[[85.1307,25.5896],[85.1234,25.5904],[85.1222,25.5854],[85.1234,25.5845],[85.1292,25.5846],[85.1307,25.5896]]]},"properties":{"objectid":93883,"statename":"Bihar","statecode":"10","districtname":"Patna","districtcode":"230","ulbname":"Patna","ulbcode":"801373","wardname":"Ward 17","wardcode":null,"id":null,"remark":"--","st_area(shape)":4.0095747885220714e-05,"st_perimeter(shape)":0.025891903593953696}},{"type":"Feature","geometry":{"type":"Polygon","coordinates":[[[85.2227,25.5746],[85.2247,25.5834],[85.2273,25.5826],[85.2301,25.5861],[85.229,25.5894],[85.2306,25.5924],[85.2295,25.594],[85.2273,25.5941],[85.2274,25.5921],[85.2251,25.5923],[85.2206,25.5799],[85.2193,25.5757],[85.2227,25.5746]]]},"properties":{"objectid":93884,"statename":"Bihar","statecode":"10","districtname":"Patna","districtcode":"230","ulbname":"Patna","ulbcode":"801373","wardname":"Ward 62","wardcode":null,"id":null,"remark":"--","st_area(shape)":8.18216717228066e-05,"st_perimeter(shape)":0.059959162031679815}},{"type":"Feature","geometry":{"type":"Polygon","coordinates":[[[85.2322,25.5935],[85.2244,25.5984],[85.2239,25.5957],[85.2252,25.5924],[85.2274,25.5921],[85.2273,25.5941],[85.2295,25.594],[85.2319,25.5919],[85.2322,25.5935]]]},"properties":{"objectid":93885,"statename":"Bihar","statecode":"10","districtname":"Patna","districtcode":"230","ulbname":"Patna","ulbcode":"801373","wardname":"Ward 66","wardcode":null,"id":null,"remark":"--","st_area(shape)":2.418300976092731e-05,"st_perimeter(shape)":0.029957472618745463}},{"type":"Feature","geometry":{"type":"Polygon","coordinates":[[[85.181,25.616],[85.1792,25.6162],[85.1775,25.6142],[85.1737,25.6148],[85.1733,25.6121],[85.1858,25.6098],[85.186,25.611],[85.1846,25.6112],[85.1858,25.6149],[85.181,25.616]]]},"properties":{"objectid":93886,"statename":"Bihar","statecode":"10","districtname":"Patna","districtcode":"230","ulbname":"Patna","ulbcode":"801373","wardname":"Ward 50","wardcode":null,"id":null,"remark":"--","st_area(shape)":5.525901077805235e-05,"st_perimeter(shape)":0.03680030880208542}},{"type":"Feature","geometry":{"type":"Polygon","coordinates":[[[85.1809,25.6169],[85.1717,25.6185],[85.1715,25.6169],[85.1743,25.6171],[85.1737,25.6148],[85.1775,25.6142],[85.1809,25.6169]]]},"properties":{"objectid":93887,"statename":"Bihar","statecode":"10","districtname":"Patna","districtcode":"230","ulbname":"Patna","ulbcode":"801373","wardname":"Ward 49","wardcode":null,"id":null,"remark":"--","st_area(shape)":2.2416705791886754e-05,"st_perimeter(shape)":0.026267641270630523}},{"type":"Feature","geometry":{"type":"Polygon","coordinates":[[[85.0987,25.6307],[85.0907,25.6326],[85.09,25.6291],[85.0851,25.6287],[85.0829,25.6219],[85.0961,25.6223],[85.0987,25.6307]]]},"properties":{"objectid":93888,"statename":"Bihar","statecode":"10","districtname":"Patna","districtcode":"230","ulbname":"Patna","ulbcode":"801373","wardname":"Ward 6","wardcode":null,"id":null,"remark":"--","st_area(shape)":0.00010903042909404791,"st_perimeter(shape)":0.04701115624377202}},{"type":"Feature","geometry":{"type":"Polygon","coordinates":[[[85.1075,25.6203],[85.099,25.6326],[85.0958,25.6218],[85.1013,25.6194],[85.1007,25.6151],[85.1049,25.6144],[85.1063,25.6123],[85.1132,25.6115],[85.1075,25.6203]]]},"properties":{"objectid":93889,"statename":"Bihar","statecode":"10","districtname":"Patna","districtcode":"230","ulbname":"Patna","ulbcode":"801373","wardname":"Ward 7","wardcode":null,"id":null,"remark":"--","st_area(shape)":0.00013762519505809668,"st_perimeter(shape)":0.06404179838306619}},{"type":"Feature","geometry":{"type":"Polygon","coordinates":[[[85.1585,25.6035],[85.1417,25.6042],[85.1422,25.6024],[85.145,25.6028],[85.1442,25.5961],[85.1482,25.5964],[85.1477,25.6008],[85.1581,25.5999],[85.1585,25.6035]]]},"properties":{"objectid":93890,"statename":"Bihar","statecode":"10","districtname":"Patna","districtcode":"230","ulbname":"Patna","ulbcode":"801373","wardname":"Ward 35","wardcode":null,"id":null,"remark":"--","st_area(shape)":7.135428880998268e-05,"st_perimeter(shape)":0.05096137595947414}},{"type":"Feature","geometry":{"type":"Polygon","coordinates":[[[85.2251,25.5923],[85.2231,25.5969],[85.2195,25.597],[85.2181,25.5953],[85.2251,25.5923]]]},"properties":{"objectid":93891,"statename":"Bihar","statecode":"10","districtname":"Patna","districtcode":"230","ulbname":"Patna","ulbcode":"801373","wardname":"Ward 64","wardcode":null,"id":null,"remark":"--","st_area(shape)":2.0734302952607843e-05,"st_perimeter(shape)":0.02223286845292366}},{"type":"Feature","geometry":{"type":"Polygon","coordinates":[[[85.2512,25.5824],[85.2447,25.5887],[85.24,25.5806],[85.2473,25.576],[85.2512,25.5824]]]},"properties":{"objectid":93892,"statename":"Bihar","statecode":"10","districtname":"Patna","districtcode":"230","ulbname":"Patna","ulbcode":"801373","wardname":"Ward 71","wardcode":null,"id":null,"remark":"--","st_area(shape)":7.18388736444166e-05,"st_perimeter(shape)":0.03610298893319696}},{"type":"Feature","geometry":{"type":"Polygon","coordinates":[[[85.2388,25.5897],[85.2352,25.5916],[85.2333,25.5845],[85.2365,25.5846],[85.2388,25.5897]]]},"properties":{"objectid":93893,"statename":"Bihar","statecode":"10","districtname":"Patna","districtcode":"230","ulbname":"Patna","ulbcode":"801373","wardname":"Ward 69","wardcode":null,"id":null,"remark":"--","st_area(shape)":2.495842423230115e-05,"st_perimeter(shape)":0.020806804767102033}},{"type":"Feature","geometry":{"type":"Polygon","coordinates":[[[85.1757,25.578],[85.18,25.5933],[85.1765,25.5936],[85.1772,25.5976],[85.1749,25.5979],[85.1757,25.6011],[85.1706,25.6015],[85.1678,25.5927],[85.1662,25.5787],[85.1678,25.5773],[85.1682,25.5789],[85.1757,25.578]]]},"properties":{"objectid":93894,"statename":"Bihar","statecode":"10","districtname":"Patna","districtcode":"230","ulbname":"Patna","ulbcode":"801373","wardname":"Ward 46","wardcode":null,"id":null,"remark":"--","st_area(shape)":0.0002155800475231424,"st_perimeter(shape)":0.07353108552471695}},{"type":"Feature","geometry":{"type":"Polygon","coordinates":[[[85.1059,25.6422],[85.1052,25.6415],[85.1026,25.6429],[85.0996,25.636],[85.097,25.6353],[85.1076,25.6203],[85.1075,25.6233],[85.11,25.6237],[85.1103,25.6252],[85.1128,25.6247],[85.1167,25.6326],[85.1059,25.6422]]]},"properties":{"objectid":93895,"statename":"Bihar","statecode":"10","districtname":"Patna","districtcode":"230","ulbname":"Patna","ulbcode":"801373","wardname":"Ward 22B","wardcode":null,"id":null,"remark":"--","st_area(shape)":0.00021958133142871327,"st_perimeter(shape)":0.06722094211326163}},{"type":"Feature","geometry":{"type":"Polygon","coordinates":[[[85.2322,25.5935],[85.2244,25.5984],[85.2239,25.5957],[85.2252,25.5924],[85.2274,25.5921],[85.2273,25.5941],[85.2295,25.594],[85.2319,25.5919],[85.2322,25.5935]]]},"properties":{"objectid":93896,"statename":"Bihar","statecode":"10","districtname":"Patna","districtcode":"230","ulbname":"Patna","ulbcode":"801373","wardname":"Ward 66","wardcode":null,"id":null,"remark":"--","st_area(shape)":2.418300976092731e-05,"st_perimeter(shape)":0.029957472618745463}},{"type":"Feature","geometry":{"type":"Polygon","coordinates":[[[85.181,25.616],[85.1792,25.6162],[85.1775,25.6142],[85.1737,25.6148],[85.1733,25.6121],[85.1858,25.6098],[85.186,25.611],[85.1846,25.6112],[85.1858,25.6149],[85.181,25.616]]]},"properties":{"objectid":94273,"statename":"Bihar","statecode":"10","districtname":"Patna","districtcode":"230","ulbname":"Patna","ulbcode":"801373","wardname":"Ward 50","wardcode":null,"id":null,"remark":"--","st_area(shape)":5.525901077805235e-05,"st_perimeter(shape)":0.03680030880208542}},{"type":"Feature","geometry":{"type":"Polygon","coordinates":[[[85.1026,25.5796],[85.1034,25.584],[85.1066,25.5851],[85.1056,25.5895],[85.096,25.5852],[85.0988,25.5785],[85.1026,25.5796]]]},"properties":{"objectid":94274,"statename":"Bihar","statecode":"10","districtname":"Patna","districtcode":"230","ulbname":"Patna","ulbcode":"801373","wardname":"Ward 12","wardcode":null,"id":null,"remark":"--","st_area(shape)":6.199958245338184e-05,"st_perimeter(shape)":0.03473221513218523}},{"type":"Feature","geometry":{"type":"Polygon","coordinates":[[[85.1422,25.5759],[85.1421,25.5842],[85.1408,25.5844],[85.1404,25.5884],[85.1376,25.5892],[85.1387,25.5955],[85.1369,25.5956],[85.1338,25.5849],[85.119,25.5836],[85.1111,25.5702],[85.1161,25.5709],[85.1175,25.5726],[85.1225,25.5723],[85.1267,25.5759],[85.1291,25.5744],[85.1318,25.5761],[85.1373,25.5751],[85.1422,25.5759]]]},"properties":{"objectid":94275,"statename":"Bihar","statecode":"10","districtname":"Patna","districtcode":"230","ulbname":"Patna","ulbcode":"801373","wardname":"Ward 30","wardcode":null,"id":null,"remark":"--","st_area(shape)":0.00031567310338852657,"st_perimeter(shape)":0.10459156991877967}},{"type":"Feature","geometry":{"type":"Polygon","coordinates":[[[85.1494,25.6183],[85.1423,25.6193],[85.1393,25.6214],[85.1333,25.6226],[85.1335,25.6187],[85.1312,25.611],[85.1356,25.6103],[85.136,25.612],[85.1408,25.6125],[85.1423,25.6162],[85.1476,25.615],[85.1494,25.6183]]]},"properties":{"objectid":94276,"statename":"Bihar","statecode":"10","districtname":"Patna","districtcode":"230","ulbname":"Patna","ulbcode":"801373","wardname":"Ward 27","wardcode":null,"id":null,"remark":"--","st_area(shape)":0.00011411799512574101,"st_perimeter(shape)":0.05613172270721378}},{"type":"Feature","geometry":{"type":"Polygon","coordinates":[[[85.1216,25.6181],[85.1177,25.62],[85.1174,25.6189],[85.113,25.6191],[85.1126,25.6174],[85.1188,25.6127],[85.1216,25.6181]]]},"properties":{"objectid":94277,"statename":"Bihar","statecode":"10","districtname":"Patna","districtcode":"230","ulbname":"Patna","ulbcode":"801373","wardname":"Ward 23","wardcode":null,"id":null,"remark":"--","st_area(shape)":3.4896936557308824e-05,"st_perimeter(shape)":0.026505806814010477}},{"type":"Feature","geometry":{"type":"Polygon","coordinates":[[[85.1525,25.607],[85.1473,25.6073],[85.1471,25.6092],[85.1414,25.6062],[85.1418,25.6042],[85.1585,25.6035],[85.1585,25.6069],[85.1525,25.607]]]},"properties":{"objectid":94278,"statename":"Bihar","statecode":"10","districtname":"Patna","districtcode":"230","ulbname":"Patna","ulbcode":"801373","wardname":"Ward 36","wardcode":null,"id":null,"remark":"--","st_area(shape)":5.3543845213052913e-05,"st_perimeter(shape)":0.042590692145210204}},{"type":"Feature","geometry":{"type":"Polygon","coordinates":[[[85.2475,25.5712],[85.249,25.575],[85.2301,25.5861],[85.2273,25.5826],[85.2245,25.5831],[85.2227,25.5746],[85.2331,25.5715],[85.2342,25.5749],[85.2475,25.5712]]]},"properties":{"objectid":94279,"statename":"Bihar","statecode":"10","districtname":"Patna","districtcode":"230","ulbname":"Patna","ulbcode":"801373","wardname":"Ward 68","wardcode":null,"id":null,"remark":"--","st_area(shape)":0.00021119810538895413,"st_perimeter(shape)":0.0729750625398411}},{"type":"Feature","geometry":{"type":"Polygon","coordinates":[[[85.1221,25.6285],[85.1167,25.6326],[85.114,25.6273],[85.1185,25.6258],[85.1197,25.6281],[85.1214,25.6274],[85.1221,25.6285]]]},"properties":{"objectid":94280,"statename":"Bihar","statecode":"10","districtname":"Patna","districtcode":"230","ulbname":"Patna","ulbcode":"801373","wardname":"Ward 22C","wardcode":null,"id":null,"remark":"--","st_area(shape)":2.754518670943221e-05,"st_perimeter(shape)":0.0234684690180806}},{"type":"Feature","geometry":{"type":"Polygon","coordinates":[[[85.2202,25.6008],[85.2177,25.6012],[85.2172,25.5985],[85.2204,25.5982],[85.2201,25.5965],[85.2229,25.597],[85.2239,25.596],[85.2244,25.5984],[85.2202,25.6008]]]},"properties":{"objectid":94281,"statename":"Bihar","statecode":"10","districtname":"Patna","districtcode":"230","ulbname":"Patna","ulbcode":"801373","wardname":"Ward 65","wardcode":null,"id":null,"remark":"--","st_area(shape)":1.964047762581458e-05,"st_perimeter(shape)":0.02491723625288552}},{"type":"Feature","geometry":{"type":"Polygon","coordinates":[[[85.167,25.6029],[85.1692,25.6058],[85.1653,25.607],[85.166,25.6101],[85.1533,25.6118],[85.1525,25.607],[85.1585,25.6069],[85.1586,25.6038],[85.167,25.6029]]]},"properties":{"objectid":94282,"statename":"Bihar","statecode":"10","districtname":"Patna","districtcode":"230","ulbname":"Patna","ulbcode":"801373","wardname":"Ward 43","wardcode":null,"id":null,"remark":"--","st_area(shape)":8.711499246818816e-05,"st_perimeter(shape)":0.04698876129361674}},{"type":"Feature","geometry":{"type":"Polygon","coordinates":[[[85.1589,25.6191],[85.1548,25.6189],[85.154,25.6148],[85.1583,25.6159],[85.1589,25.6191]]]},"properties":{"objectid":94283,"statename":"Bihar","statecode":"10","districtname":"Patna","districtcode":"230","ulbname":"Patna","ulbcode":"801373","wardname":"Ward 40","wardcode":null,"id":null,"remark":"--","st_area(shape)":1.52976963527057e-05,"st_perimeter(shape)":0.01625671745488971}},{"type":"Feature","geometry":{"type":"Polygon","coordinates":[[[85.1196,25.5914],[85.1168,25.5932],[85.109,25.5882],[85.1116,25.5868],[85.1118,25.5822],[85.119,25.5836],[85.1196,25.5914]]]},"properties":{"objectid":94284,"statename":"Bihar","statecode":"10","districtname":"Patna","districtcode":"230","ulbname":"Patna","ulbcode":"801373","wardname":"Ward 14","wardcode":null,"id":null,"remark":"--","st_area(shape)":6.896274861525921e-05,"st_perimeter(shape)":0.03798160206449139}},{"type":"Feature","geometry":{"type":"Polygon","coordinates":[[[85.1228,25.5928],[85.1243,25.5939],[85.1239,25.5975],[85.1197,25.595],[85.1191,25.5968],[85.1126,25.5945],[85.113,25.5936],[85.1056,25.5895],[85.1066,25.5856],[85.1168,25.5932],[85.1192,25.5911],[85.1213,25.5931],[85.1228,25.5928]]]},"properties":{"objectid":94285,"statename":"Bihar","statecode":"10","districtname":"Patna","districtcode":"230","ulbname":"Patna","ulbcode":"801373","wardname":"Ward 15","wardcode":null,"id":null,"remark":"--","st_area(shape)":6.730246742307847e-05,"st_perimeter(shape)":0.05510113269794506}},{"type":"Feature","geometry":{"type":"Polygon","coordinates":[[[85.176,25.602],[85.167,25.6028],[85.1652,25.602],[85.1628,25.5937],[85.1635,25.5928],[85.1604,25.5933],[85.1598,25.5888],[85.162,25.5886],[85.1616,25.5848],[85.1677,25.5853],[85.1678,25.5927],[85.1705,25.6015],[85.1759,25.6011],[85.176,25.602]]]},"properties":{"objectid":94286,"statename":"Bihar","statecode":"10","districtname":"Patna","districtcode":"230","ulbname":"Patna","ulbcode":"801373","wardname":"Ward 45","wardcode":null,"id":null,"remark":"--","st_area(shape)":0.00011083223325490867,"st_perimeter(shape)":0.06498319205434279}},{"type":"Feature","geometry":{"type":"Polygon","coordinates":[[[85.1666,25.5775],[85.1668,25.5852],[85.1616,25.5848],[85.162,25.5886],[85.1598,25.5888],[85.1604,25.5933],[85.1635,25.5928],[85.1628,25.5937],[85.1652,25.602],[85.167,25.6029],[85.1586,25.6038],[85.1571,25.5898],[85.1585,25.5891],[85.1585,25.5845],[85.1561,25.5843],[85.1554,25.5791],[85.1666,25.5775]]]},"properties":{"objectid":94287,"statename":"Bihar","statecode":"10","districtname":"Patna","districtcode":"230","ulbname":"Patna","ulbcode":"801373","wardname":"Ward 44","wardcode":null,"id":null,"remark":"--","st_area(shape)":0.00016206403362254088,"st_perimeter(shape)":0.09014011399380746}},{"type":"Feature","geometry":{"type":"Polygon","coordinates":[[[85.1525,25.607],[85.1473,25.6073],[85.1471,25.6092],[85.1414,25.6062],[85.1418,25.6042],[85.1585,25.6035],[85.1585,25.6069],[85.1525,25.607]]]},"properties":{"objectid":94288,"statename":"Bihar","statecode":"10","districtname":"Patna","districtcode":"230","ulbname":"Patna","ulbcode":"801373","wardname":"Ward 36","wardcode":null,"id":null,"remark":"--","st_area(shape)":5.3543845213052913e-05,"st_perimeter(shape)":0.042590692145210204}},{"type":"Feature","geometry":{"type":"Polygon","coordinates":[[[85.1307,25.5896],[85.1234,25.5904],[85.1222,25.5854],[85.1234,25.5845],[85.1292,25.5846],[85.1307,25.5896]]]},"properties":{"objectid":94289,"statename":"Bihar","statecode":"10","districtname":"Patna","districtcode":"230","ulbname":"Patna","ulbcode":"801373","wardname":"Ward 17","wardcode":null,"id":null,"remark":"--","st_area(shape)":4.0095747885220714e-05,"st_perimeter(shape)":0.025891903593953696}},{"type":"Feature","geometry":{"type":"Polygon","coordinates":[[[85.1228,25.5928],[85.1213,25.5931],[85.1196,25.5914],[85.119,25.5836],[85.1234,25.5845],[85.1222,25.5855],[85.1226,25.5875],[85.125,25.5921],[85.1228,25.5928]]]},"properties":{"objectid":94290,"statename":"Bihar","statecode":"10","districtname":"Patna","districtcode":"230","ulbname":"Patna","ulbcode":"801373","wardname":"Ward 16","wardcode":null,"id":null,"remark":"--","st_area(shape)":3.356689955918747e-05,"st_perimeter(shape)":0.029389796862637742}},{"type":"Feature","geometry":{"type":"Polygon","coordinates":[[[85.2193,25.5757],[85.2208,25.5803],[85.201,25.5844],[85.2039,25.5929],[85.2011,25.5935],[85.2007,25.5978],[85.1979,25.5985],[85.1994,25.6017],[85.203,25.6015],[85.2042,25.6044],[85.199,25.6072],[85.1877,25.5855],[85.1782,25.5854],[85.1757,25.578],[85.1801,25.5769],[85.1792,25.5723],[85.1838,25.571],[85.187,25.5788],[85.1927,25.5774],[85.1915,25.5727],[85.204,25.5696],[85.2048,25.5683],[85.2039,25.5641],[85.2065,25.5606],[85.2107,25.5598],[85.2142,25.5575],[85.2177,25.5586],[85.2168,25.5639],[85.2156,25.5643],[85.2193,25.5757]]]},"properties":{"objectid":94291,"statename":"Bihar","statecode":"10","districtname":"Patna","districtcode":"230","ulbname":"Patna","ulbcode":"801373","wardname":"Ward 56","wardcode":null,"id":null,"remark":"--","st_area(shape)":0.0008136352399985743,"st_perimeter(shape)":0.19430435332615092}},{"type":"Feature","geometry":{"type":"Polygon","coordinates":[[[85.2007,25.5978],[85.2002,25.5947],[85.2039,25.5929],[85.201,25.5844],[85.2208,25.5803],[85.2247,25.589],[85.209,25.5971],[85.2007,25.5978]]]},"properties":{"objectid":94292,"statename":"Bihar","statecode":"10","districtname":"Patna","districtcode":"230","ulbname":"Patna","ulbcode":"801373","wardname":"Ward 61","wardcode":null,"id":null,"remark":"--","st_area(shape)":0.0002612585716276532,"st_perimeter(shape)":0.07373372008859677}},{"type":"Feature","geometry":{"type":"Polygon","coordinates":[[[85.1913,25.6138],[85.1908,25.614],[85.1902,25.6142],[85.1897,25.6144],[85.1891,25.6146],[85.1891,25.6146],[85.1891,25.6145],[85.1891,25.6145],[85.1891,25.6144],[85.189,25.6142],[85.189,25.614],[85.189,25.614],[85.189,25.6139],[85.189,25.6139],[85.189,25.6139],[85.1892,25.6139],[85.1892,25.6139],[85.1893,25.6139],[85.1893,25.6138],[85.1893,25.6138],[85.1893,25.6138],[85.1895,25.6138],[85.1896,25.6138],[85.1896,25.6138],[85.1896,25.6138],[85.1896,25.6138],[85.1897,25.6138],[85.1897,25.6137],[85.1897,25.6137],[85.1897,25.6137],[85.1897,25.6137],[85.1897,25.6137],[85.1897,25.6137],[85.1897,25.6137],[85.1898,25.6137],[85.1898,25.6137],[85.1898,25.6137],[85.1898,25.6137],[85.1898,25.6137],[85.1899,25.6137],[85.1901,25.6137],[85.1904,25.6137],[85.1906,25.6137],[85.1906,25.6137],[85.1907,25.6137],[85.1909,25.6138],[85.1909,25.6138],[85.1909,25.6138],[85.1912,25.6138],[85.1913,25.6138]]]},"properties":{"objectid":94293,"statename":"Bihar","statecode":"10","districtname":"Patna","districtcode":"230","ulbname":"Patna","ulbcode":"801373","wardname":"Ward 52","wardcode":null,"id":null,"remark":"--","st_area(shape)":9.77917883249722e-07,"st_perimeter(shape)":0.005369040640734752}},{"type":"Feature","geometry":{"type":"Polygon","coordinates":[[[85.1733,25.6119],[85.1731,25.6061],[85.1692,25.6058],[85.1669,25.6028],[85.1866,25.601],[85.1878,25.6057],[85.1865,25.6065],[85.1858,25.6098],[85.1733,25.6119]]]},"properties":{"objectid":94675,"statename":"Bihar","statecode":"10","districtname":"Patna","districtcode":"230","ulbname":"Patna","ulbcode":"801373","wardname":"Ward 47","wardcode":null,"id":null,"remark":"--","st_area(shape)":0.00013738520245765032,"st_perimeter(shape)":0.05747856814922811}},{"type":"Feature","geometry":{"type":"Polygon","coordinates":[[[85.1583,25.6159],[85.1545,25.6148],[85.1535,25.6118],[85.166,25.6101],[85.1669,25.6148],[85.1583,25.6159]]]},"properties":{"objectid":94676,"statename":"Bihar","statecode":"10","districtname":"Patna","districtcode":"230","ulbname":"Patna","ulbcode":"801373","wardname":"Ward 42","wardcode":null,"id":null,"remark":"--","st_area(shape)":5.706907945664338e-05,"st_perimeter(shape)":0.03345425411991174}},{"type":"Feature","geometry":{"type":"Polygon","coordinates":[[[85.1075,25.6203],[85.099,25.6326],[85.0958,25.6218],[85.1013,25.6194],[85.1007,25.6151],[85.1049,25.6144],[85.1063,25.6123],[85.1132,25.6115],[85.1075,25.6203]]]},"properties":{"objectid":94677,"statename":"Bihar","statecode":"10","districtname":"Patna","districtcode":"230","ulbname":"Patna","ulbcode":"801373","wardname":"Ward 7","wardcode":null,"id":null,"remark":"--","st_area(shape)":0.00013762519505809668,"st_perimeter(shape)":0.06404179838306619}},{"type":"Feature","geometry":{"type":"Polygon","coordinates":[[[85.0959,25.6222],[85.0926,25.6225],[85.0915,25.6148],[85.0956,25.6133],[85.0937,25.6089],[85.0963,25.608],[85.0943,25.6044],[85.1107,25.6037],[85.1101,25.6083],[85.1038,25.6099],[85.1049,25.6144],[85.1007,25.6151],[85.1013,25.6194],[85.0959,25.6222]]]},"properties":{"objectid":94678,"statename":"Bihar","statecode":"10","districtname":"Patna","districtcode":"230","ulbname":"Patna","ulbcode":"801373","wardname":"Ward 8","wardcode":null,"id":null,"remark":"--","st_area(shape)":0.00019144082141202826,"st_perimeter(shape)":0.07827702133680765}},{"type":"Feature","geometry":{"type":"Polygon","coordinates":[[[85.1228,25.5928],[85.1243,25.5939],[85.1239,25.5975],[85.1197,25.595],[85.1191,25.5968],[85.1126,25.5945],[85.113,25.5936],[85.1056,25.5895],[85.1066,25.5856],[85.1168,25.5932],[85.1192,25.5911],[85.1213,25.5931],[85.1228,25.5928]]]},"properties":{"objectid":94679,"statename":"Bihar","statecode":"10","districtname":"Patna","districtcode":"230","ulbname":"Patna","ulbcode":"801373","wardname":"Ward 15","wardcode":null,"id":null,"remark":"--","st_area(shape)":6.730246742307847e-05,"st_perimeter(shape)":0.05510113269794506}},{"type":"Feature","geometry":{"type":"Polygon","coordinates":[[[85.1325,25.5957],[85.1265,25.5961],[85.1243,25.5905],[85.1307,25.5896],[85.1325,25.5957]]]},"properties":{"objectid":94680,"statename":"Bihar","statecode":"10","districtname":"Patna","districtcode":"230","ulbname":"Patna","ulbcode":"801373","wardname":"Ward 18","wardcode":null,"id":null,"remark":"--","st_area(shape)":3.665765640700607e-05,"st_perimeter(shape)":0.025665519817010946}},{"type":"Feature","geometry":{"type":"Polygon","coordinates":[[[85.1302,25.6112],[85.1264,25.6153],[85.1264,25.6173],[85.1216,25.6182],[85.1188,25.6127],[85.123,25.6096],[85.1302,25.6112]]]},"properties":{"objectid":94681,"statename":"Bihar","statecode":"10","districtname":"Patna","districtcode":"230","ulbname":"Patna","ulbcode":"801373","wardname":"Ward 25","wardcode":null,"id":null,"remark":"--","st_area(shape)":5.4870053893662816e-05,"st_perimeter(shape)":0.03252296743880948}},{"type":"Feature","geometry":{"type":"Polygon","coordinates":[[[85.1126,25.6174],[85.1082,25.6208],[85.1075,25.6202],[85.1213,25.6012],[85.126,25.5991],[85.1336,25.602],[85.1333,25.6106],[85.1302,25.6112],[85.1228,25.6097],[85.1126,25.6174]]]},"properties":{"objectid":94682,"statename":"Bihar","statecode":"10","districtname":"Patna","districtcode":"230","ulbname":"Patna","ulbcode":"801373","wardname":"Ward 21","wardcode":null,"id":null,"remark":"--","st_area(shape)":0.00020346712059136053,"st_perimeter(shape)":0.07678976481721338}},{"type":"Feature","geometry":{"type":"Polygon","coordinates":[[[85.0916,25.6492],[85.0832,25.6498],[85.0814,25.6481],[85.0694,25.6224],[85.073,25.6223],[85.0736,25.6212],[85.0829,25.622],[85.0851,25.6287],[85.09,25.6291],[85.0907,25.6326],[85.0987,25.6307],[85.099,25.6326],[85.0929,25.6418],[85.0916,25.6492]]]},"properties":{"objectid":94683,"statename":"Bihar","statecode":"10","districtname":"Patna","districtcode":"230","ulbname":"Patna","ulbcode":"801373","wardname":"Ward 1","wardcode":null,"id":null,"remark":"--","st_area(shape)":0.00044252671889080235,"st_perimeter(shape)":0.1011084840651029}},{"type":"Feature","geometry":{"type":"Polygon","coordinates":[[[85.1479,25.5761],[85.1491,25.5818],[85.1515,25.584],[85.143,25.5841],[85.1437,25.5879],[85.1454,25.5887],[85.1458,25.5964],[85.1387,25.5955],[85.1376,25.5892],[85.1404,25.5884],[85.1408,25.5844],[85.1421,25.5842],[85.1422,25.5759],[85.1479,25.5761]]]},"properties":{"objectid":94684,"statename":"Bihar","statecode":"10","districtname":"Patna","districtcode":"230","ulbname":"Patna","ulbcode":"801373","wardname":" Ward 31","wardcode":null,"id":null,"remark":"--","st_area(shape)":0.00012060492037499083,"st_perimeter(shape)":0.07010957503007177}},{"type":"Feature","geometry":{"type":"Polygon","coordinates":[[[85.1585,25.6035],[85.1417,25.6042],[85.1422,25.6024],[85.145,25.6028],[85.1442,25.5961],[85.1482,25.5964],[85.1477,25.6008],[85.1581,25.5999],[85.1585,25.6035]]]},"properties":{"objectid":94685,"statename":"Bihar","statecode":"10","districtname":"Patna","districtcode":"230","ulbname":"Patna","ulbcode":"801373","wardname":"Ward 35","wardcode":null,"id":null,"remark":"--","st_area(shape)":7.135428880998268e-05,"st_perimeter(shape)":0.05096137595947414}},{"type":"Feature","geometry":{"type":"Polygon","coordinates":[[[85.2388,25.5897],[85.2352,25.5916],[85.2333,25.5845],[85.2365,25.5846],[85.2388,25.5897]]]},"properties":{"objectid":94686,"statename":"Bihar","statecode":"10","districtname":"Patna","districtcode":"230","ulbname":"Patna","ulbcode":"801373","wardname":"Ward 69","wardcode":null,"id":null,"remark":"--","st_area(shape)":2.495842423230115e-05,"st_perimeter(shape)":0.020806804767102033}},{"type":"Feature","geometry":{"type":"Polygon","coordinates":[[[85.2202,25.6008],[85.2106,25.606],[85.2107,25.6014],[85.2202,25.6008]]]},"properties":{"objectid":94687,"statename":"Bihar","statecode":"10","districtname":"Patna","districtcode":"230","ulbname":"Patna","ulbcode":"801373","wardname":"Ward 59","wardcode":null,"id":null,"remark":"--","st_area(shape)":1.9336876434743115e-05,"st_perimeter(shape)":0.0254832675424762}},{"type":"Feature","geometry":{"type":"Polygon","coordinates":[[[85.1891,25.6146],[85.1809,25.6169],[85.181,25.616],[85.1858,25.6149],[85.1846,25.6112],[85.1888,25.6102],[85.1891,25.6146]]]},"properties":{"objectid":94688,"statename":"Bihar","statecode":"10","districtname":"Patna","districtcode":"230","ulbname":"Patna","ulbcode":"801373","wardname":"Ward 51","wardcode":null,"id":null,"remark":"--","st_area(shape)":2.0792693640902058e-05,"st_perimeter(shape)":0.02724283818177671}},{"type":"Feature","geometry":{"type":"Polygon","coordinates":[[[85.154,25.6148],[85.1492,25.6158],[85.1473,25.6073],[85.1525,25.607],[85.154,25.6148]]]},"properties":{"objectid":94689,"statename":"Bihar","statecode":"10","districtname":"Patna","districtcode":"230","ulbname":"Patna","ulbcode":"801373","wardname":"Ward 38","wardcode":null,"id":null,"remark":"--","st_area(shape)":4.442192203999546e-05,"st_perimeter(shape)":0.028004765379378585}},{"type":"Feature","geometry":{"type":"Polygon","coordinates":[[[85.0633,25.6091],[85.0705,25.6066],[85.0805,25.6054],[85.0829,25.622],[85.0736,25.6212],[85.073,25.6223],[85.0694,25.6224],[85.0633,25.6091]]]},"properties":{"objectid":94690,"statename":"Bihar","statecode":"10","districtname":"Patna","districtcode":"230","ulbname":"Patna","ulbcode":"801373","wardname":"Ward 2","wardcode":null,"id":null,"remark":"--","st_area(shape)":0.0002493670272286717,"st_perimeter(shape)":0.06527911572616656}},{"type":"Feature","geometry":{"type":"Polygon","coordinates":[[[85.086,25.5871],[85.0911,25.5881],[85.09,25.5903],[85.0994,25.5949],[85.0893,25.5992],[85.0933,25.6045],[85.0741,25.6062],[85.0741,25.6005],[85.0763,25.5973],[85.0766,25.5936],[85.0753,25.5913],[85.0757,25.587],[85.086,25.5871]]]},"properties":{"objectid":94691,"statename":"Bihar","statecode":"10","districtname":"Patna","districtcode":"230","ulbname":"Patna","ulbcode":"801373","wardname":"Ward 4","wardcode":null,"id":null,"remark":"--","st_area(shape)":0.0003136154442459095,"st_perimeter(shape)":0.08749715984928894}},{"type":"Feature","geometry":{"type":"Polygon","coordinates":[[[85.126,25.5991],[85.1211,25.6013],[85.1168,25.6069],[85.111,25.6037],[85.0933,25.6045],[85.0893,25.5992],[85.0994,25.5949],[85.09,25.5903],[85.0911,25.5881],[85.0965,25.5889],[85.126,25.5991]]]},"properties":{"objectid":94692,"statename":"Bihar","statecode":"10","districtname":"Patna","districtcode":"230","ulbname":"Patna","ulbcode":"801373","wardname":"Ward 9","wardcode":null,"id":null,"remark":"--","st_area(shape)":0.00033635382263095447,"st_perimeter(shape)":0.10552839365040226}},{"type":"Feature","geometry":{"type":"Polygon","coordinates":[[[85.1325,25.5957],[85.1336,25.602],[85.1191,25.5968],[85.1197,25.595],[85.1239,25.5975],[85.1243,25.5939],[85.1228,25.5928],[85.125,25.5921],[85.1265,25.5961],[85.1325,25.5957]]]},"properties":{"objectid":94693,"statename":"Bihar","statecode":"10","districtname":"Patna","districtcode":"230","ulbname":"Patna","ulbcode":"801373","wardname":"Ward 19","wardcode":null,"id":null,"remark":"--","st_area(shape)":5.4233573019249706e-05,"st_perimeter(shape)":0.04804125303137756}},{"type":"Feature","geometry":{"type":"Polygon","coordinates":[[[85.1299,25.6244],[85.1261,25.6261],[85.1216,25.6182],[85.1298,25.6166],[85.1294,25.6191],[85.1315,25.6235],[85.1299,25.6244]]]},"properties":{"objectid":94694,"statename":"Bihar","statecode":"10","districtname":"Patna","districtcode":"230","ulbname":"Patna","ulbcode":"801373","wardname":"Ward 24","wardcode":null,"id":null,"remark":"--","st_area(shape)":5.50245516732731e-05,"st_perimeter(shape)":0.03420680897808303}},{"type":"Feature","geometry":{"type":"Polygon","coordinates":[[[85.1302,25.6112],[85.1264,25.6153],[85.1264,25.6173],[85.1216,25.6182],[85.1188,25.6127],[85.123,25.6096],[85.1302,25.6112]]]},"properties":{"objectid":94695,"statename":"Bihar","statecode":"10","districtname":"Patna","districtcode":"230","ulbname":"Patna","ulbcode":"801373","wardname":"Ward 25","wardcode":null,"id":null,"remark":"--","st_area(shape)":5.4870053893662816e-05,"st_perimeter(shape)":0.03252296743880948}},{"type":"Feature","geometry":{"type":"Polygon","coordinates":[[[85.1572,25.5936],[85.1493,25.593],[85.1497,25.5893],[85.1532,25.5874],[85.1532,25.5841],[85.1585,25.5845],[85.1572,25.5936]]]},"properties":{"objectid":94696,"statename":"Bihar","statecode":"10","districtname":"Patna","districtcode":"230","ulbname":"Patna","ulbcode":"801373","wardname":"Ward 33","wardcode":null,"id":null,"remark":"--","st_area(shape)":5.9683290442060794e-05,"st_perimeter(shape)":0.03500442852821876}},{"type":"Feature","geometry":{"type":"Polygon","coordinates":[[[85.1479,25.5761],[85.1491,25.5818],[85.1515,25.584],[85.143,25.5841],[85.1437,25.5879],[85.1454,25.5887],[85.1458,25.5964],[85.1387,25.5955],[85.1376,25.5892],[85.1404,25.5884],[85.1408,25.5844],[85.1421,25.5842],[85.1422,25.5759],[85.1479,25.5761]]]},"properties":{"objectid":94697,"statename":"Bihar","statecode":"10","districtname":"Patna","districtcode":"230","ulbname":"Patna","ulbcode":"801373","wardname":"Ward 31","wardcode":null,"id":null,"remark":"--","st_area(shape)":0.00012060492037499083,"st_perimeter(shape)":0.07010957503007177}},{"type":"Feature","geometry":{"type":"Polygon","coordinates":[[[85.1866,25.601],[85.176,25.602],[85.1749,25.5979],[85.1772,25.5976],[85.1765,25.5936],[85.18,25.5933],[85.1783,25.5854],[85.1877,25.5855],[85.195,25.5995],[85.1866,25.601]]]},"properties":{"objectid":94698,"statename":"Bihar","statecode":"10","districtname":"Patna","districtcode":"230","ulbname":"Patna","ulbcode":"801373","wardname":"Ward 55","wardcode":null,"id":null,"remark":"--","st_area(shape)":0.00021737953866500105,"st_perimeter(shape)":0.06681883821356727}},{"type":"Feature","geometry":{"type":"Polygon","coordinates":[[[85.2058,25.608],[85.2012,25.609],[85.2003,25.6063],[85.2107,25.6014],[85.2106,25.606],[85.2058,25.608]]]},"properties":{"objectid":94699,"statename":"Bihar","statecode":"10","districtname":"Patna","districtcode":"230","ulbname":"Patna","ulbcode":"801373","wardname":"Ward 58","wardcode":null,"id":null,"remark":"--","st_area(shape)":4.291865390450613e-05,"st_perimeter(shape)":0.029324304588163888}},{"type":"Feature","geometry":{"type":"Polygon","coordinates":[[[85.2227,25.5746],[85.2247,25.5834],[85.2273,25.5826],[85.2301,25.5861],[85.229,25.5894],[85.2306,25.5924],[85.2295,25.594],[85.2273,25.5941],[85.2274,25.5921],[85.2251,25.5923],[85.2206,25.5799],[85.2193,25.5757],[85.2227,25.5746]]]},"properties":{"objectid":94700,"statename":"Bihar","statecode":"10","districtname":"Patna","districtcode":"230","ulbname":"Patna","ulbcode":"801373","wardname":"Ward 62","wardcode":null,"id":null,"remark":"--","st_area(shape)":8.18216717228066e-05,"st_perimeter(shape)":0.059959162031679815}},{"type":"Feature","geometry":{"type":"Polygon","coordinates":[[[85.2177,25.6012],[85.2106,25.6014],[85.2093,25.5975],[85.2181,25.5947],[85.2204,25.5982],[85.2172,25.5985],[85.2177,25.6012]]]},"properties":{"objectid":94701,"statename":"Bihar","statecode":"10","districtname":"Patna","districtcode":"230","ulbname":"Patna","ulbcode":"801373","wardname":"Ward 60","wardcode":null,"id":null,"remark":"--","st_area(shape)":4.652385717095972e-05,"st_perimeter(shape)":0.031758256928093385}},{"type":"Feature","geometry":{"type":"Polygon","coordinates":[[[85.2352,25.5916],[85.2322,25.5935],[85.2319,25.5919],[85.2306,25.5924],[85.2291,25.5867],[85.2332,25.5844],[85.2352,25.5916]]]},"properties":{"objectid":94702,"statename":"Bihar","statecode":"10","districtname":"Patna","districtcode":"230","ulbname":"Patna","ulbcode":"801373","wardname":"Ward 67","wardcode":null,"id":null,"remark":"--","st_area(shape)":3.369458658589137e-05,"st_perimeter(shape)":0.02643899397727975}},{"type":"Feature","geometry":{"type":"Polygon","coordinates":[[[85.1221,25.6285],[85.1167,25.6326],[85.114,25.6273],[85.1185,25.6258],[85.1197,25.6281],[85.1214,25.6274],[85.1221,25.6285]]]},"properties":{"objectid":94703,"statename":"Bihar","statecode":"10","districtname":"Patna","districtcode":"230","ulbname":"Patna","ulbcode":"801373","wardname":"Ward 22C","wardcode":null,"id":null,"remark":"--","st_area(shape)":2.754518670943221e-05,"st_perimeter(shape)":0.0234684690180806}},{"type":"Feature","geometry":{"type":"Polygon","coordinates":[[[85.1059,25.6422],[85.1,25.6464],[85.0916,25.6492],[85.0929,25.6418],[85.097,25.6353],[85.0996,25.636],[85.1026,25.6429],[85.1052,25.6415],[85.1059,25.6422]]]},"properties":{"objectid":94704,"statename":"Bihar","statecode":"10","districtname":"Patna","districtcode":"230","ulbname":"Patna","ulbcode":"801373","wardname":"Ward 22A","wardcode":null,"id":null,"remark":"--","st_area(shape)":9.966728137847147e-05,"st_perimeter(shape)":0.04599478876545776}},{"type":"Feature","geometry":{"type":"Polygon","coordinates":[[[85.154,25.6148],[85.1492,25.6158],[85.1473,25.6073],[85.1525,25.607],[85.154,25.6148]]]},"properties":{"objectid":95074,"statename":"Bihar","statecode":"10","districtname":"Patna","districtcode":"230","ulbname":"Patna","ulbcode":"801373","wardname":"Ward 38","wardcode":null,"id":null,"remark":"--","st_area(shape)":4.442192203999546e-05,"st_perimeter(shape)":0.028004765379378585}},{"type":"Feature","geometry":{"type":"Polygon","coordinates":[[[85.1523,25.6185],[85.1499,25.6155],[85.154,25.6148],[85.155,25.6186],[85.1523,25.6185]]]},"properties":{"objectid":95075,"statename":"Bihar","statecode":"10","districtname":"Patna","districtcode":"230","ulbname":"Patna","ulbcode":"801373","wardname":"Ward 39","wardcode":null,"id":null,"remark":"--","st_area(shape)":1.3372227928594435e-05,"st_perimeter(shape)":0.015322938339936507}},{"type":"Feature","geometry":{"type":"Polygon","coordinates":[[[85.086,25.5871],[85.0911,25.5881],[85.09,25.5903],[85.0994,25.5949],[85.0893,25.5992],[85.0933,25.6045],[85.0741,25.6062],[85.0741,25.6005],[85.0763,25.5973],[85.0766,25.5936],[85.0753,25.5913],[85.0757,25.587],[85.086,25.5871]]]},"properties":{"objectid":95076,"statename":"Bihar","statecode":"10","districtname":"Patna","districtcode":"230","ulbname":"Patna","ulbcode":"801373","wardname":"Ward 4","wardcode":null,"id":null,"remark":"--","st_area(shape)":0.0003136154442459095,"st_perimeter(shape)":0.08749715984928894}},{"type":"Feature","geometry":{"type":"Polygon","coordinates":[[[85.0943,25.6044],[85.0963,25.608],[85.0937,25.6089],[85.0956,25.6133],[85.0915,25.614],[85.0926,25.6225],[85.0829,25.6219],[85.0805,25.6054],[85.0943,25.6044]]]},"properties":{"objectid":95077,"statename":"Bihar","statecode":"10","districtname":"Patna","districtcode":"230","ulbname":"Patna","ulbcode":"801373","wardname":"Ward 5","wardcode":null,"id":null,"remark":"--","st_area(shape)":0.0001974359701712201,"st_perimeter(shape)":0.06579785633436391}},{"type":"Feature","geometry":{"type":"Polygon","coordinates":[[[85.1066,25.5856],[85.1034,25.584],[85.1026,25.5796],[85.1118,25.5822],[85.1123,25.5848],[85.1106,25.5876],[85.109,25.5882],[85.1066,25.5856]]]},"properties":{"objectid":95078,"statename":"Bihar","statecode":"10","districtname":"Patna","districtcode":"230","ulbname":"Patna","ulbcode":"801373","wardname":"Ward 13","wardcode":null,"id":null,"remark":"--","st_area(shape)":4.307717080279942e-05,"st_perimeter(shape)":0.0307756636377732}},{"type":"Feature","geometry":{"type":"Polygon","coordinates":[[[85.1111,25.5702],[85.119,25.5836],[85.099,25.5785],[85.0974,25.5819],[85.0972,25.5805],[85.0931,25.5811],[85.0926,25.5763],[85.087,25.575],[85.0857,25.5718],[85.084,25.5721],[85.0836,25.5708],[85.0848,25.5698],[85.0843,25.567],[85.0868,25.5688],[85.0903,25.5691],[85.0889,25.5641],[85.0937,25.5626],[85.0946,25.565],[85.1006,25.564],[85.1057,25.5667],[85.1068,25.5696],[85.1111,25.5702]]]},"properties":{"objectid":95079,"statename":"Bihar","statecode":"10","districtname":"Patna","districtcode":"230","ulbname":"Patna","ulbcode":"801373","wardname":"Ward 11","wardcode":null,"id":null,"remark":"--","st_area(shape)":0.00036827768543556304,"st_perimeter(shape)":0.11014940843865209}},{"type":"Feature","geometry":{"type":"Polygon","coordinates":[[[85.1132,25.6116],[85.1063,25.6123],[85.1047,25.6137],[85.1038,25.6099],[85.1101,25.6083],[85.1097,25.6059],[85.1111,25.6037],[85.1168,25.6069],[85.1132,25.6116]]]},"properties":{"objectid":95080,"statename":"Bihar","statecode":"10","districtname":"Patna","districtcode":"230","ulbname":"Patna","ulbcode":"801373","wardname":"Ward 20","wardcode":null,"id":null,"remark":"--","st_area(shape)":5.50736919238354e-05,"st_perimeter(shape)":0.03850120625181704}},{"type":"Feature","geometry":{"type":"Polygon","coordinates":[[[85.134,25.6228],[85.1299,25.6244],[85.1315,25.6235],[85.1294,25.6191],[85.1298,25.6166],[85.1263,25.6172],[85.1267,25.6148],[85.1305,25.6111],[85.134,25.6228]]]},"properties":{"objectid":95081,"statename":"Bihar","statecode":"10","districtname":"Patna","districtcode":"230","ulbname":"Patna","ulbcode":"801373","wardname":"Ward 26","wardcode":null,"id":null,"remark":"--","st_area(shape)":4.510064557473558e-05,"st_perimeter(shape)":0.042123820084824175}},{"type":"Feature","geometry":{"type":"Polygon","coordinates":[[[85.1261,25.6261],[85.1221,25.6285],[85.1214,25.6274],[85.1197,25.6281],[85.1185,25.6258],[85.1136,25.6274],[85.1128,25.6247],[85.1103,25.6252],[85.1072,25.6219],[85.1126,25.6174],[85.113,25.6191],[85.1174,25.6189],[85.1177,25.62],[85.1216,25.6181],[85.1261,25.6261]]]},"properties":{"objectid":95082,"statename":"Bihar","statecode":"10","districtname":"Patna","districtcode":"230","ulbname":"Patna","ulbcode":"801373","wardname":"Ward 22","wardcode":null,"id":null,"remark":"--","st_area(shape)":0.00011593338531020447,"st_perimeter(shape)":0.056387780468870156}},{"type":"Feature","geometry":{"type":"Polygon","coordinates":[[[85.1418,25.6042],[85.1416,25.6064],[85.1473,25.6102],[85.1452,25.6104],[85.1454,25.6118],[85.1435,25.6125],[85.1448,25.6154],[85.1425,25.6162],[85.1408,25.6125],[85.136,25.612],[85.1356,25.6103],[85.1333,25.6106],[85.1328,25.604],[85.1336,25.602],[85.1418,25.6042]]]},"properties":{"objectid":95083,"statename":"Bihar","statecode":"10","districtname":"Patna","districtcode":"230","ulbname":"Patna","ulbcode":"801373","wardname":"Ward 28","wardcode":null,"id":null,"remark":"--","st_area(shape)":9.85148731909918e-05,"st_perimeter(shape)":0.05379281458118414}},{"type":"Feature","geometry":{"type":"Polygon","coordinates":[[[85.1572,25.5936],[85.1493,25.593],[85.1497,25.5893],[85.1532,25.5874],[85.1532,25.5841],[85.1585,25.5845],[85.1572,25.5936]]]},"properties":{"objectid":95084,"statename":"Bihar","statecode":"10","districtname":"Patna","districtcode":"230","ulbname":"Patna","ulbcode":"801373","wardname":"Ward 33","wardcode":null,"id":null,"remark":"--","st_area(shape)":5.9683290442060794e-05,"st_perimeter(shape)":0.03500442852821876}},{"type":"Feature","geometry":{"type":"Polygon","coordinates":[[[85.1228,25.5928],[85.1213,25.5931],[85.1196,25.5914],[85.119,25.5836],[85.1234,25.5845],[85.1222,25.5855],[85.1226,25.5875],[85.125,25.5921],[85.1228,25.5928]]]},"properties":{"objectid":95085,"statename":"Bihar","statecode":"10","districtname":"Patna","districtcode":"230","ulbname":"Patna","ulbcode":"801373","wardname":"Ward 16","wardcode":null,"id":null,"remark":"--","st_area(shape)":3.356689955918747e-05,"st_perimeter(shape)":0.029389796862637742}},{"type":"Feature","geometry":{"type":"Polygon","coordinates":[[[85.2042,25.6044],[85.203,25.6015],[85.1994,25.6017],[85.1979,25.5984],[85.2093,25.5969],[85.2106,25.6014],[85.2042,25.6044]]]},"properties":{"objectid":95086,"statename":"Bihar","statecode":"10","districtname":"Patna","districtcode":"230","ulbname":"Patna","ulbcode":"801373","wardname":"Ward 57","wardcode":null,"id":null,"remark":"--","st_area(shape)":5.266002822390851e-05,"st_perimeter(shape)":0.034627123942416654}},{"type":"Feature","geometry":{"type":"Polygon","coordinates":[[[85.2058,25.608],[85.1897,25.6137],[85.2003,25.6063],[85.2012,25.609],[85.2058,25.608]]]},"properties":{"objectid":95087,"statename":"Bihar","statecode":"10","districtname":"Patna","districtcode":"230","ulbname":"Patna","ulbcode":"801373","wardname":"Ward 53","wardcode":null,"id":null,"remark":"--","st_area(shape)":2.9807709151769223e-05,"st_perimeter(shape)":0.03803740517389119}},{"type":"Feature","geometry":{"type":"Polygon","coordinates":[[[85.195,25.5995],[85.199,25.6072],[85.1892,25.6139],[85.1888,25.6102],[85.186,25.611],[85.1865,25.6065],[85.1878,25.6057],[85.1866,25.6009],[85.195,25.5995]]]},"properties":{"objectid":95088,"statename":"Bihar","statecode":"10","districtname":"Patna","districtcode":"230","ulbname":"Patna","ulbcode":"801373","wardname":"Ward 54","wardcode":null,"id":null,"remark":"--","st_area(shape)":0.00011263585735868926,"st_perimeter(shape)":0.04710822094473823}},{"type":"Feature","geometry":{"type":"Polygon","coordinates":[[[85.1757,25.578],[85.18,25.5933],[85.1765,25.5936],[85.1772,25.5976],[85.1749,25.5979],[85.1757,25.6011],[85.1706,25.6015],[85.1678,25.5927],[85.1662,25.5787],[85.1678,25.5773],[85.1682,25.5789],[85.1757,25.578]]]},"properties":{"objectid":95089,"statename":"Bihar","statecode":"10","districtname":"Patna","districtcode":"230","ulbname":"Patna","ulbcode":"801373","wardname":"Ward 46","wardcode":null,"id":null,"remark":"--","st_area(shape)":0.0002155800475231424,"st_perimeter(shape)":0.07353108552471695}},{"type":"Feature","geometry":{"type":"Polygon","coordinates":[[[85.1059,25.6422],[85.1,25.6464],[85.0916,25.6492],[85.0929,25.6418],[85.097,25.6353],[85.0996,25.636],[85.1026,25.6429],[85.1052,25.6415],[85.1059,25.6422]]]},"properties":{"objectid":95090,"statename":"Bihar","statecode":"10","districtname":"Patna","districtcode":"230","ulbname":"Patna","ulbcode":"801373","wardname":"Ward 22A","wardcode":null,"id":null,"remark":"--","st_area(shape)":9.966728137847147e-05,"st_perimeter(shape)":0.04599478876545776}},{"type":"Feature","geometry":{"type":"Polygon","coordinates":[[[85.1733,25.6119],[85.1731,25.6061],[85.1692,25.6058],[85.1669,25.6028],[85.1866,25.601],[85.1878,25.6057],[85.1865,25.6065],[85.1858,25.6098],[85.1733,25.6119]]]},"properties":{"objectid":95091,"statename":"Bihar","statecode":"10","districtname":"Patna","districtcode":"230","ulbname":"Patna","ulbcode":"801373","wardname":"Ward 47","wardcode":null,"id":null,"remark":"--","st_area(shape)":0.00013738520245765032,"st_perimeter(shape)":0.05747856814922811}},{"type":"Feature","geometry":{"type":"Polygon","coordinates":[[[85.0959,25.6222],[85.0926,25.6225],[85.0915,25.6148],[85.0956,25.6133],[85.0937,25.6089],[85.0963,25.608],[85.0943,25.6044],[85.1107,25.6037],[85.1101,25.6083],[85.1038,25.6099],[85.1049,25.6144],[85.1007,25.6151],[85.1013,25.6194],[85.0959,25.6222]]]},"properties":{"objectid":95092,"statename":"Bihar","statecode":"10","districtname":"Patna","districtcode":"230","ulbname":"Patna","ulbcode":"801373","wardname":"Ward 8","wardcode":null,"id":null,"remark":"--","st_area(shape)":0.00019144082141202826,"st_perimeter(shape)":0.07827702133680765}},{"type":"Feature","geometry":{"type":"Polygon","coordinates":[[[85.1132,25.6116],[85.1063,25.6123],[85.1047,25.6137],[85.1038,25.6099],[85.1101,25.6083],[85.1097,25.6059],[85.1111,25.6037],[85.1168,25.6069],[85.1132,25.6116]]]},"properties":{"objectid":95093,"statename":"Bihar","statecode":"10","districtname":"Patna","districtcode":"230","ulbname":"Patna","ulbcode":"801373","wardname":"Ward 20","wardcode":null,"id":null,"remark":"--","st_area(shape)":5.50736919238354e-05,"st_perimeter(shape)":0.03850120625181704}},{"type":"Feature","geometry":{"type":"Polygon","coordinates":[[[85.1494,25.6183],[85.1423,25.6193],[85.1393,25.6214],[85.1333,25.6226],[85.1335,25.6187],[85.1312,25.611],[85.1356,25.6103],[85.136,25.612],[85.1408,25.6125],[85.1423,25.6162],[85.1476,25.615],[85.1494,25.6183]]]},"properties":{"objectid":95094,"statename":"Bihar","statecode":"10","districtname":"Patna","districtcode":"230","ulbname":"Patna","ulbcode":"801373","wardname":"Ward 27","wardcode":null,"id":null,"remark":"--","st_area(shape)":0.00011411799512574101,"st_perimeter(shape)":0.05613172270721378}},{"type":"Feature","geometry":{"type":"Polygon","coordinates":[[[85.1494,25.6183],[85.1478,25.6152],[85.1444,25.6151],[85.1435,25.6125],[85.1454,25.6118],[85.1452,25.6104],[85.1475,25.6102],[85.1492,25.6158],[85.1523,25.6185],[85.1494,25.6183]]]},"properties":{"objectid":95095,"statename":"Bihar","statecode":"10","districtname":"Patna","districtcode":"230","ulbname":"Patna","ulbcode":"801373","wardname":"Ward 37","wardcode":null,"id":null,"remark":"--","st_area(shape)":2.357808306674176e-05,"st_perimeter(shape)":0.031000141605438427}},{"type":"Feature","geometry":{"type":"Polygon","coordinates":[[[85.1261,25.6261],[85.1221,25.6285],[85.1214,25.6274],[85.1197,25.6281],[85.1185,25.6258],[85.1136,25.6274],[85.1128,25.6247],[85.1103,25.6252],[85.1072,25.6219],[85.1126,25.6174],[85.113,25.6191],[85.1174,25.6189],[85.1177,25.62],[85.1216,25.6181],[85.1261,25.6261]]]},"properties":{"objectid":95096,"statename":"Bihar","statecode":"10","districtname":"Patna","districtcode":"230","ulbname":"Patna","ulbcode":"801373","wardname":"Ward 22","wardcode":null,"id":null,"remark":"--","st_area(shape)":0.00011593338531020447,"st_perimeter(shape)":0.056387780468870156}},{"type":"Feature","geometry":{"type":"Polygon","coordinates":[[[85.1442,25.5961],[85.145,25.6028],[85.1422,25.6024],[85.1412,25.6042],[85.1336,25.602],[85.1292,25.5846],[85.1338,25.5849],[85.1369,25.5956],[85.1442,25.5961]]]},"properties":{"objectid":95097,"statename":"Bihar","statecode":"10","districtname":"Patna","districtcode":"230","ulbname":"Patna","ulbcode":"801373","wardname":"Ward 29","wardcode":null,"id":null,"remark":"--","st_area(shape)":0.00013186766438388594,"st_perimeter(shape)":0.06125116955616793}},{"type":"Feature","geometry":{"type":"Polygon","coordinates":[[[85.2447,25.5887],[85.2434,25.5898],[85.2388,25.5897],[85.2365,25.5846],[85.2332,25.5844],[85.2401,25.5803],[85.2447,25.5887]]]},"properties":{"objectid":95098,"statename":"Bihar","statecode":"10","districtname":"Patna","districtcode":"230","ulbname":"Patna","ulbcode":"801373","wardname":"Ward 70","wardcode":null,"id":null,"remark":"--","st_area(shape)":4.974461743823199e-05,"st_perimeter(shape)":0.03446588053126931}},{"type":"Feature","geometry":{"type":"Polygon","coordinates":[[[85.2202,25.6008],[85.2177,25.6012],[85.2172,25.5985],[85.2204,25.5982],[85.2201,25.5965],[85.2229,25.597],[85.2239,25.596],[85.2244,25.5984],[85.2202,25.6008]]]},"properties":{"objectid":95099,"statename":"Bihar","statecode":"10","districtname":"Patna","districtcode":"230","ulbname":"Patna","ulbcode":"801373","wardname":"Ward 65","wardcode":null,"id":null,"remark":"--","st_area(shape)":1.964047762581458e-05,"st_perimeter(shape)":0.02491723625288552}},{"type":"Feature","geometry":{"type":"Polygon","coordinates":[[[85.0633,25.6091],[85.0705,25.6066],[85.0805,25.6054],[85.0829,25.622],[85.0736,25.6212],[85.073,25.6223],[85.0694,25.6224],[85.0633,25.6091]]]},"properties":{"objectid":95474,"statename":"Bihar","statecode":"10","districtname":"Patna","districtcode":"230","ulbname":"Patna","ulbcode":"801373","wardname":"Ward 2","wardcode":null,"id":null,"remark":"--","st_area(shape)":0.0002493670272286717,"st_perimeter(shape)":0.06527911572616656}},{"type":"Feature","geometry":{"type":"Polygon","coordinates":[[[85.0987,25.6307],[85.0907,25.6326],[85.09,25.6291],[85.0851,25.6287],[85.0829,25.6219],[85.0961,25.6223],[85.0987,25.6307]]]},"properties":{"objectid":95475,"statename":"Bihar","statecode":"10","districtname":"Patna","districtcode":"230","ulbname":"Patna","ulbcode":"801373","wardname":"Ward 6","wardcode":null,"id":null,"remark":"--","st_area(shape)":0.00010903042909404791,"st_perimeter(shape)":0.04701115624377202}},{"type":"Feature","geometry":{"type":"Polygon","coordinates":[[[85.1442,25.5961],[85.145,25.6028],[85.1422,25.6024],[85.1412,25.6042],[85.1336,25.602],[85.1292,25.5846],[85.1338,25.5849],[85.1369,25.5956],[85.1442,25.5961]]]},"properties":{"objectid":95476,"statename":"Bihar","statecode":"10","districtname":"Patna","districtcode":"230","ulbname":"Patna","ulbcode":"801373","wardname":"Ward 29","wardcode":null,"id":null,"remark":"--","st_area(shape)":0.00013186766438388594,"st_perimeter(shape)":0.06125116955616793}},{"type":"Feature","geometry":{"type":"Polygon","coordinates":[[[85.0943,25.6044],[85.0963,25.608],[85.0937,25.6089],[85.0956,25.6133],[85.0915,25.614],[85.0926,25.6225],[85.0829,25.6219],[85.0805,25.6054],[85.0943,25.6044]]]},"properties":{"objectid":95477,"statename":"Bihar","statecode":"10","districtname":"Patna","districtcode":"230","ulbname":"Patna","ulbcode":"801373","wardname":"Ward 5","wardcode":null,"id":null,"remark":"--","st_area(shape)":0.0001974359701712201,"st_perimeter(shape)":0.06579785633436391}},{"type":"Feature","geometry":{"type":"Polygon","coordinates":[[[85.1066,25.5856],[85.1034,25.584],[85.1026,25.5796],[85.1118,25.5822],[85.1123,25.5848],[85.1106,25.5876],[85.109,25.5882],[85.1066,25.5856]]]},"properties":{"objectid":95478,"statename":"Bihar","statecode":"10","districtname":"Patna","districtcode":"230","ulbname":"Patna","ulbcode":"801373","wardname":"Ward 13","wardcode":null,"id":null,"remark":"--","st_area(shape)":4.307717080279942e-05,"st_perimeter(shape)":0.0307756636377732}},{"type":"Feature","geometry":{"type":"Polygon","coordinates":[[[85.134,25.6228],[85.1299,25.6244],[85.1315,25.6235],[85.1294,25.6191],[85.1298,25.6166],[85.1263,25.6172],[85.1267,25.6148],[85.1305,25.6111],[85.134,25.6228]]]},"properties":{"objectid":95479,"statename":"Bihar","statecode":"10","districtname":"Patna","districtcode":"230","ulbname":"Patna","ulbcode":"801373","wardname":"Ward 26","wardcode":null,"id":null,"remark":"--","st_area(shape)":4.510064557473558e-05,"st_perimeter(shape)":0.042123820084824175}},{"type":"Feature","geometry":{"type":"Polygon","coordinates":[[[85.1216,25.6181],[85.1177,25.62],[85.1174,25.6189],[85.113,25.6191],[85.1126,25.6174],[85.1188,25.6127],[85.1216,25.6181]]]},"properties":{"objectid":95480,"statename":"Bihar","statecode":"10","districtname":"Patna","districtcode":"230","ulbname":"Patna","ulbcode":"801373","wardname":"Ward 23","wardcode":null,"id":null,"remark":"--","st_area(shape)":3.4896936557308824e-05,"st_perimeter(shape)":0.026505806814010477}},{"type":"Feature","geometry":{"type":"Polygon","coordinates":[[[85.2475,25.5712],[85.249,25.575],[85.2301,25.5861],[85.2273,25.5826],[85.2245,25.5831],[85.2227,25.5746],[85.2331,25.5715],[85.2342,25.5749],[85.2475,25.5712]]]},"properties":{"objectid":95481,"statename":"Bihar","statecode":"10","districtname":"Patna","districtcode":"230","ulbname":"Patna","ulbcode":"801373","wardname":"Ward 68","wardcode":null,"id":null,"remark":"--","st_area(shape)":0.00021119810538895413,"st_perimeter(shape)":0.0729750625398411}},{"type":"Feature","geometry":{"type":"Polygon","coordinates":[[[85.2475,25.5712],[85.2547,25.572],[85.2614,25.5663],[85.2652,25.5686],[85.2512,25.5824],[85.2474,25.5762],[85.249,25.575],[85.2475,25.5712]]]},"properties":{"objectid":95482,"statename":"Bihar","statecode":"10","districtname":"Patna","districtcode":"230","ulbname":"Patna","ulbcode":"801373","wardname":"Ward 72","wardcode":null,"id":null,"remark":"--","st_area(shape)":0.00010958027418528445,"st_perimeter(shape)":0.05475288674783341}},{"type":"Feature","geometry":{"type":"Polygon","coordinates":[[[85.1717,25.6185],[85.1589,25.6191],[85.1583,25.616],[85.1678,25.6149],[85.1686,25.6161],[85.1728,25.6167],[85.1715,25.6169],[85.1717,25.6185]]]},"properties":{"objectid":95874,"statename":"Bihar","statecode":"10","districtname":"Patna","districtcode":"230","ulbname":"Patna","ulbcode":"801373","wardname":"Ward 41","wardcode":null,"id":null,"remark":"--","st_area(shape)":4.0033108896018784e-05,"st_perimeter(shape)":0.034749221096666054}},{"type":"Feature","geometry":{"type":"Polygon","coordinates":[[[85.0757,25.587],[85.0753,25.5913],[85.0766,25.5936],[85.0763,25.5973],[85.0741,25.6005],[85.0741,25.6061],[85.0633,25.6091],[85.0544,25.5805],[85.0695,25.5784],[85.0723,25.5864],[85.0757,25.587]]]},"properties":{"objectid":95875,"statename":"Bihar","statecode":"10","districtname":"Patna","districtcode":"230","ulbname":"Patna","ulbcode":"801373","wardname":"Ward 3","wardcode":null,"id":null,"remark":"--","st_area(shape)":0.00045838838210547015,"st_perimeter(shape)":0.08947253857604667}},{"type":"Feature","geometry":{"type":"Polygon","coordinates":[[[85.1196,25.5914],[85.1168,25.5932],[85.109,25.5882],[85.1116,25.5868],[85.1118,25.5822],[85.119,25.5836],[85.1196,25.5914]]]},"properties":{"objectid":95876,"statename":"Bihar","statecode":"10","districtname":"Patna","districtcode":"230","ulbname":"Patna","ulbcode":"801373","wardname":"Ward 14","wardcode":null,"id":null,"remark":"--","st_area(shape)":6.896274861525921e-05,"st_perimeter(shape)":0.03798160206449139}},{"type":"Feature","geometry":{"type":"Polygon","coordinates":[[[85.1494,25.6183],[85.1478,25.6152],[85.1444,25.6151],[85.1435,25.6125],[85.1454,25.6118],[85.1452,25.6104],[85.1475,25.6102],[85.1492,25.6158],[85.1523,25.6185],[85.1494,25.6183]]]},"properties":{"objectid":95877,"statename":"Bihar","statecode":"10","districtname":"Patna","districtcode":"230","ulbname":"Patna","ulbcode":"801373","wardname":"Ward 37","wardcode":null,"id":null,"remark":"--","st_area(shape)":2.357808306674176e-05,"st_perimeter(shape)":0.031000141605438427}},{"type":"Feature","geometry":{"type":"Polygon","coordinates":[[[85.176,25.602],[85.167,25.6028],[85.1652,25.602],[85.1628,25.5937],[85.1635,25.5928],[85.1604,25.5933],[85.1598,25.5888],[85.162,25.5886],[85.1616,25.5848],[85.1677,25.5853],[85.1678,25.5927],[85.1705,25.6015],[85.1759,25.6011],[85.176,25.602]]]},"properties":{"objectid":95878,"statename":"Bihar","statecode":"10","districtname":"Patna","districtcode":"230","ulbname":"Patna","ulbcode":"801373","wardname":"Ward 45","wardcode":null,"id":null,"remark":"--","st_area(shape)":0.00011083223325490867,"st_perimeter(shape)":0.06498319205434279}},{"type":"Feature","geometry":{"type":"Polygon","coordinates":[[[85.1666,25.5775],[85.1668,25.5852],[85.1616,25.5848],[85.162,25.5886],[85.1598,25.5888],[85.1604,25.5933],[85.1635,25.5928],[85.1628,25.5937],[85.1652,25.602],[85.167,25.6029],[85.1586,25.6038],[85.1571,25.5898],[85.1585,25.5891],[85.1585,25.5845],[85.1561,25.5843],[85.1554,25.5791],[85.1666,25.5775]]]},"properties":{"objectid":95879,"statename":"Bihar","statecode":"10","districtname":"Patna","districtcode":"230","ulbname":"Patna","ulbcode":"801373","wardname":"Ward 44","wardcode":null,"id":null,"remark":"--","st_area(shape)":0.00016206403362254088,"st_perimeter(shape)":0.09014011399380746}},{"type":"Feature","geometry":{"type":"Polygon","coordinates":[[[85.2251,25.5923],[85.2231,25.5969],[85.2195,25.597],[85.2181,25.5953],[85.2251,25.5923]]]},"properties":{"objectid":95880,"statename":"Bihar","statecode":"10","districtname":"Patna","districtcode":"230","ulbname":"Patna","ulbcode":"801373","wardname":"Ward 64","wardcode":null,"id":null,"remark":"--","st_area(shape)":2.0734302952607843e-05,"st_perimeter(shape)":0.02223286845292366}},{"type":"Feature","geometry":{"type":"Polygon","coordinates":[[[85.2058,25.608],[85.2012,25.609],[85.2003,25.6063],[85.2107,25.6014],[85.2106,25.606],[85.2058,25.608]]]},"properties":{"objectid":95881,"statename":"Bihar","statecode":"10","districtname":"Patna","districtcode":"230","ulbname":"Patna","ulbcode":"801373","wardname":"Ward 58","wardcode":null,"id":null,"remark":"--","st_area(shape)":4.291865390450613e-05,"st_perimeter(shape)":0.029324304588163888}},{"type":"Feature","geometry":{"type":"Polygon","coordinates":[[[85.2181,25.5947],[85.2093,25.5975],[85.2242,25.5892],[85.2251,25.5923],[85.2181,25.5947]]]},"properties":{"objectid":95882,"statename":"Bihar","statecode":"10","districtname":"Patna","districtcode":"230","ulbname":"Patna","ulbcode":"801373","wardname":"Ward 63","wardcode":null,"id":null,"remark":"--","st_area(shape)":2.9422916920076874e-05,"st_perimeter(shape)":0.03859183073968671}},{"type":"Feature","geometry":{"type":"Polygon","coordinates":[[[85.2177,25.6012],[85.2106,25.6014],[85.2093,25.5975],[85.2181,25.5947],[85.2204,25.5982],[85.2172,25.5985],[85.2177,25.6012]]]},"properties":{"objectid":95883,"statename":"Bihar","statecode":"10","districtname":"Patna","districtcode":"230","ulbname":"Patna","ulbcode":"801373","wardname":"Ward 60","wardcode":null,"id":null,"remark":"--","st_area(shape)":4.652385717095972e-05,"st_perimeter(shape)":0.031758256928093385}},{"type":"Feature","geometry":{"type":"Polygon","coordinates":[[[85.1059,25.6422],[85.1052,25.6415],[85.1026,25.6429],[85.0996,25.636],[85.097,25.6353],[85.1076,25.6203],[85.1075,25.6233],[85.11,25.6237],[85.1103,25.6252],[85.1128,25.6247],[85.1167,25.6326],[85.1059,25.6422]]]},"properties":{"objectid":95884,"statename":"Bihar","statecode":"10","districtname":"Patna","districtcode":"230","ulbname":"Patna","ulbcode":"801373","wardname":"Ward 22B","wardcode":null,"id":null,"remark":"--","st_area(shape)":0.00021958133142871327,"st_perimeter(shape)":0.06722094211326163}},{"type":"Feature","geometry":{"type":"Polygon","coordinates":[[[85.1692,25.6058],[85.1733,25.6064],[85.1743,25.6171],[85.1669,25.6148],[85.1653,25.607],[85.1692,25.6058]]]},"properties":{"objectid":95885,"statename":"Bihar","statecode":"10","districtname":"Patna","districtcode":"230","ulbname":"Patna","ulbcode":"801373","wardname":"Ward 48","wardcode":null,"id":null,"remark":"--","st_area(shape)":7.375111655149323e-05,"st_perimeter(shape)":0.037183838000610786}},{"type":"Feature","geometry":{"type":"Polygon","coordinates":[[[85.0757,25.587],[85.0753,25.5913],[85.0766,25.5936],[85.0763,25.5973],[85.0741,25.6005],[85.0741,25.6061],[85.0633,25.6091],[85.0544,25.5805],[85.0695,25.5784],[85.0723,25.5864],[85.0757,25.587]]]},"properties":{"objectid":95886,"statename":"Bihar","statecode":"10","districtname":"Patna","districtcode":"230","ulbname":"Patna","ulbcode":"801373","wardname":"Ward 3","wardcode":null,"id":null,"remark":"--","st_area(shape)":0.00045838838210547015,"st_perimeter(shape)":0.08947253857604667}},{"type":"Feature","geometry":{"type":"Polygon","coordinates":[[[85.09,25.5762],[85.0926,25.5763],[85.0931,25.5811],[85.0972,25.5805],[85.0961,25.5854],[85.1056,25.5895],[85.113,25.5936],[85.1126,25.5945],[85.0976,25.5891],[85.0864,25.5875],[85.0856,25.5809],[85.0881,25.5815],[85.0904,25.5801],[85.0912,25.5776],[85.09,25.5762]]]},"properties":{"objectid":95887,"statename":"Bihar","statecode":"10","districtname":"Patna","districtcode":"230","ulbname":"Patna","ulbcode":"801373","wardname":"Ward 10","wardcode":null,"id":null,"remark":"--","st_area(shape)":0.00012329650078353143,"st_perimeter(shape)":0.08244314842075874}},{"type":"Feature","geometry":{"type":"Polygon","coordinates":[[[85.1422,25.5759],[85.1421,25.5842],[85.1408,25.5844],[85.1404,25.5884],[85.1376,25.5892],[85.1387,25.5955],[85.1369,25.5956],[85.1338,25.5849],[85.119,25.5836],[85.1111,25.5702],[85.1161,25.5709],[85.1175,25.5726],[85.1225,25.5723],[85.1267,25.5759],[85.1291,25.5744],[85.1318,25.5761],[85.1373,25.5751],[85.1422,25.5759]]]},"properties":{"objectid":95888,"statename":"Bihar","statecode":"10","districtname":"Patna","districtcode":"230","ulbname":"Patna","ulbcode":"801373","wardname":"Ward 30","wardcode":null,"id":null,"remark":"--","st_area(shape)":0.00031567310338852657,"st_perimeter(shape)":0.10459156991877967}},{"type":"Feature","geometry":{"type":"Polygon","coordinates":[[[85.1325,25.5957],[85.1265,25.5961],[85.1243,25.5905],[85.1307,25.5896],[85.1325,25.5957]]]},"properties":{"objectid":95889,"statename":"Bihar","statecode":"10","districtname":"Patna","districtcode":"230","ulbname":"Patna","ulbcode":"801373","wardname":"Ward 18","wardcode":null,"id":null,"remark":"--","st_area(shape)":3.665765640700607e-05,"st_perimeter(shape)":0.025665519817010946}},{"type":"Feature","geometry":{"type":"Polygon","coordinates":[[[85.1554,25.5791],[85.1561,25.5843],[85.1532,25.5841],[85.1531,25.5876],[85.1456,25.5901],[85.1453,25.5884],[85.1437,25.5879],[85.143,25.5841],[85.1515,25.584],[85.1491,25.5818],[85.1479,25.5761],[85.1507,25.5761],[85.1523,25.5789],[85.1554,25.5791]]]},"properties":{"objectid":95890,"statename":"Bihar","statecode":"10","districtname":"Patna","districtcode":"230","ulbname":"Patna","ulbcode":"801373","wardname":"Ward 32","wardcode":null,"id":null,"remark":"--","st_area(shape)":9.024802049165123e-05,"st_perimeter(shape)":0.05675708941661854}},{"type":"Feature","geometry":{"type":"Polygon","coordinates":[[[85.1581,25.5999],[85.1477,25.6008],[85.1482,25.5964],[85.1458,25.5962],[85.1456,25.5901],[85.1496,25.5893],[85.1493,25.593],[85.1572,25.5936],[85.1581,25.5999]]]},"properties":{"objectid":95891,"statename":"Bihar","statecode":"10","districtname":"Patna","districtcode":"230","ulbname":"Patna","ulbcode":"801373","wardname":"Ward 34","wardcode":null,"id":null,"remark":"--","st_area(shape)":8.763124833292462e-05,"st_perimeter(shape)":0.04565547956681261}},{"type":"Feature","geometry":{"type":"Polygon","coordinates":[[[85.195,25.5995],[85.199,25.6072],[85.1892,25.6139],[85.1888,25.6102],[85.186,25.611],[85.1865,25.6065],[85.1878,25.6057],[85.1866,25.6009],[85.195,25.5995]]]},"properties":{"objectid":95892,"statename":"Bihar","statecode":"10","districtname":"Patna","districtcode":"230","ulbname":"Patna","ulbcode":"801373","wardname":"Ward 54","wardcode":null,"id":null,"remark":"--","st_area(shape)":0.00011263585735868926,"st_perimeter(shape)":0.04710822094473823}},{"type":"Feature","geometry":{"type":"Polygon","coordinates":[[[85.2202,25.6008],[85.2106,25.606],[85.2107,25.6014],[85.2202,25.6008]]]},"properties":{"objectid":95893,"statename":"Bihar","statecode":"10","districtname":"Patna","districtcode":"230","ulbname":"Patna","ulbcode":"801373","wardname":"Ward 59","wardcode":null,"id":null,"remark":"--","st_area(shape)":1.9336876434743115e-05,"st_perimeter(shape)":0.0254832675424762}},{"type":"Feature","geometry":{"type":"Polygon","coordinates":[[[85.0959,25.6222],[85.0926,25.6225],[85.0915,25.6148],[85.0956,25.6133],[85.0937,25.6089],[85.0963,25.608],[85.0943,25.6044],[85.1107,25.6037],[85.1101,25.6083],[85.1038,25.6099],[85.1049,25.6144],[85.1007,25.6151],[85.1013,25.6194],[85.0959,25.6222]]]},"properties":{"objectid":215294,"statename":"Bihar","statecode":"10","districtname":"Patna","districtcode":"230","ulbname":"Patna","ulbcode":"801373","wardname":"Eight","wardcode":"8","id":null,"remark":"","st_area(shape)":0.00019144082141202826,"st_perimeter(shape)":0.07827702133680765}},{"type":"Feature","geometry":{"type":"Polygon","coordinates":[[[85.0626,25.6093],[85.0705,25.6066],[85.0805,25.6054],[85.0829,25.622],[85.0736,25.6212],[85.073,25.6223],[85.0685,25.6225],[85.0626,25.6093]]]},"properties":{"objectid":215295,"statename":"Bihar","statecode":"10","districtname":"Patna","districtcode":"230","ulbname":"Patna","ulbcode":"801373","wardname":"Two","wardcode":"2","id":null,"remark":"","st_area(shape)":0.00026183900629666803,"st_perimeter(shape)":0.06688982482109782}},{"type":"Feature","geometry":{"type":"Polygon","coordinates":[[[85.1585,25.6035],[85.1417,25.6042],[85.1422,25.6024],[85.145,25.6028],[85.1442,25.5961],[85.1482,25.5964],[85.1477,25.6008],[85.1581,25.5999],[85.1585,25.6035]]]},"properties":{"objectid":215296,"statename":"Bihar","statecode":"10","districtname":"Patna","districtcode":"230","ulbname":"Patna","ulbcode":"801373","wardname":"Thirty Five","wardcode":"35","id":null,"remark":"--","st_area(shape)":7.135428880998268e-05,"st_perimeter(shape)":0.05096137595947414}},{"type":"Feature","geometry":{"type":"Polygon","coordinates":[[[85.1126,25.6174],[85.1082,25.6208],[85.1075,25.6202],[85.1213,25.6012],[85.126,25.5991],[85.1336,25.602],[85.1333,25.6106],[85.1302,25.6112],[85.1228,25.6097],[85.1126,25.6174]]]},"properties":{"objectid":215297,"statename":"Bihar","statecode":"10","districtname":"Patna","districtcode":"230","ulbname":"Patna","ulbcode":"801373","wardname":"Twenty One","wardcode":"21","id":null,"remark":"--","st_area(shape)":0.00020346712059136053,"st_perimeter(shape)":0.07678976481721338}},{"type":"Feature","geometry":{"type":"Polygon","coordinates":[[[85.2059,25.6084],[85.2012,25.609],[85.2003,25.6063],[85.2107,25.6014],[85.2105,25.6064],[85.2059,25.6084]]]},"properties":{"objectid":215298,"statename":"Bihar","statecode":"10","districtname":"Patna","districtcode":"230","ulbname":"Patna","ulbcode":"801373","wardname":"Fifty Eight","wardcode":"58","id":null,"remark":"--","st_area(shape)":4.48971345353902e-05,"st_perimeter(shape)":0.0299311934410148}},{"type":"Feature","geometry":{"type":"Polygon","coordinates":[[[85.1442,25.5961],[85.145,25.6028],[85.1422,25.6024],[85.1412,25.6042],[85.1336,25.602],[85.1292,25.5846],[85.1338,25.5849],[85.1369,25.5956],[85.1442,25.5961]]]},"properties":{"objectid":215299,"statename":"Bihar","statecode":"10","districtname":"Patna","districtcode":"230","ulbname":"Patna","ulbcode":"801373","wardname":"Twenty Nine","wardcode":"29","id":null,"remark":"--","st_area(shape)":0.00013186766438388594,"st_perimeter(shape)":0.06125116955616793}},{"type":"Feature","geometry":{"type":"Polygon","coordinates":[[[85.1297,25.625],[85.1262,25.6267],[85.1216,25.6182],[85.1298,25.6166],[85.1294,25.6191],[85.1315,25.6235],[85.1297,25.625]]]},"properties":{"objectid":215300,"statename":"Bihar","statecode":"10","districtname":"Patna","districtcode":"230","ulbname":"Patna","ulbcode":"801373","wardname":"Twenty Four","wardcode":"24","id":null,"remark":"--","st_area(shape)":5.742557571723812e-05,"st_perimeter(shape)":0.03542184198627821}},{"type":"Feature","geometry":{"type":"Polygon","coordinates":[[[85.2473,25.5709],[85.2545,25.5715],[85.2613,25.5655],[85.266,25.5683],[85.2518,25.5831],[85.2474,25.5762],[85.249,25.575],[85.2473,25.5709]]]},"properties":{"objectid":215301,"statename":"Bihar","statecode":"10","districtname":"Patna","districtcode":"230","ulbname":"Patna","ulbcode":"801373","wardname":"Seventy Two","wardcode":"72","id":null,"remark":"--","st_area(shape)":0.00013300392140606722,"st_perimeter(shape)":0.058201937525886295}},{"type":"Feature","geometry":{"type":"Polygon","coordinates":[[[85.1927,25.6137],[85.1897,25.6137],[85.2003,25.6063],[85.2012,25.609],[85.2057,25.6079],[85.1927,25.6137]]]},"properties":{"objectid":215302,"statename":"Bihar","statecode":"10","districtname":"Patna","districtcode":"230","ulbname":"Patna","ulbcode":"801373","wardname":"Fifty Three","wardcode":"53","id":null,"remark":"--","st_area(shape)":3.5373360234327036e-05,"st_perimeter(shape)":0.03849148721085463}},{"type":"Feature","geometry":{"type":"Polygon","coordinates":[[[85.195,25.5995],[85.199,25.6072],[85.1892,25.6139],[85.1888,25.6102],[85.186,25.611],[85.1865,25.6065],[85.1878,25.6057],[85.1866,25.6009],[85.195,25.5995]]]},"properties":{"objectid":215303,"statename":"Bihar","statecode":"10","districtname":"Patna","districtcode":"230","ulbname":"Patna","ulbcode":"801373","wardname":"Fifty Four","wardcode":"54","id":null,"remark":"--","st_area(shape)":0.00011263585735868926,"st_perimeter(shape)":0.04710822094473823}},{"type":"Feature","geometry":{"type":"Polygon","coordinates":[[[85.154,25.6148],[85.1492,25.6158],[85.1473,25.6073],[85.1525,25.607],[85.154,25.6148]]]},"properties":{"objectid":215669,"statename":"Bihar","statecode":"10","districtname":"Patna","districtcode":"230","ulbname":"Patna","ulbcode":"801373","wardname":"Thirty Eight","wardcode":"38","id":null,"remark":"--","st_area(shape)":4.442192203999546e-05,"st_perimeter(shape)":0.028004765379378585}},{"type":"Feature","geometry":{"type":"Polygon","coordinates":[[[85.0943,25.6044],[85.0963,25.608],[85.0937,25.6089],[85.0956,25.6133],[85.0915,25.614],[85.0926,25.6225],[85.0829,25.6219],[85.0805,25.6054],[85.0943,25.6044]]]},"properties":{"objectid":215670,"statename":"Bihar","statecode":"10","districtname":"Patna","districtcode":"230","ulbname":"Patna","ulbcode":"801373","wardname":"Five","wardcode":"5","id":null,"remark":"","st_area(shape)":0.0001974359701712201,"st_perimeter(shape)":0.06579785633436391}},{"type":"Feature","geometry":{"type":"Polygon","coordinates":[[[85.1066,25.5856],[85.1034,25.584],[85.1026,25.5796],[85.1118,25.5822],[85.1123,25.5848],[85.1106,25.5876],[85.109,25.5882],[85.1066,25.5856]]]},"properties":{"objectid":215671,"statename":"Bihar","statecode":"10","districtname":"Patna","districtcode":"230","ulbname":"Patna","ulbcode":"801373","wardname":"Thirteen","wardcode":"13","id":null,"remark":"--","st_area(shape)":4.307717080279942e-05,"st_perimeter(shape)":0.0307756636377732}},{"type":"Feature","geometry":{"type":"Polygon","coordinates":[[[85.1264,25.6268],[85.1223,25.6289],[85.1214,25.6274],[85.1197,25.6281],[85.1185,25.6258],[85.1136,25.6274],[85.1128,25.6247],[85.1103,25.6252],[85.1072,25.6219],[85.1126,25.6174],[85.113,25.6191],[85.1174,25.6189],[85.1177,25.62],[85.1216,25.6181],[85.1264,25.6268]]]},"properties":{"objectid":215672,"statename":"Bihar","statecode":"10","districtname":"Patna","districtcode":"230","ulbname":"Patna","ulbcode":"801373","wardname":"Twenty Two","wardcode":"22","id":null,"remark":"--","st_area(shape)":0.00011885328999559829,"st_perimeter(shape)":0.05857139398781908}},{"type":"Feature","geometry":{"type":"Polygon","coordinates":[[[85.2251,25.5923],[85.2231,25.5969],[85.2195,25.597],[85.2181,25.5953],[85.2251,25.5923]]]},"properties":{"objectid":215673,"statename":"Bihar","statecode":"10","districtname":"Patna","districtcode":"230","ulbname":"Patna","ulbcode":"801373","wardname":"Sixty Four","wardcode":"64","id":null,"remark":"--","st_area(shape)":2.0734302952607843e-05,"st_perimeter(shape)":0.02223286845292366}},{"type":"Feature","geometry":{"type":"Polygon","coordinates":[[[85.1756,25.5775],[85.1794,25.5766],[85.1782,25.5717],[85.1842,25.5703],[85.1873,25.5783],[85.1919,25.5774],[85.1907,25.5727],[85.2039,25.5689],[85.2027,25.5639],[85.2044,25.5635],[85.2059,25.5601],[85.2102,25.5594],[85.2143,25.5565],[85.2167,25.558],[85.2185,25.5571],[85.2175,25.5643],[85.2164,25.5648],[85.2208,25.5803],[85.201,25.5844],[85.2039,25.5929],[85.2011,25.5935],[85.2007,25.5978],[85.1979,25.5985],[85.1994,25.6017],[85.203,25.6015],[85.2042,25.6044],[85.199,25.6072],[85.1877,25.5855],[85.1782,25.5854],[85.1756,25.5775]]]},"properties":{"objectid":215674,"statename":"Bihar","statecode":"10","districtname":"Patna","districtcode":"230","ulbname":"Patna","ulbcode":"801373","wardname":"Fifty Six","wardcode":"56","id":null,"remark":"--","st_area(shape)":0.000867317553441183,"st_perimeter(shape)":0.20230129880963008}},{"type":"Feature","geometry":{"type":"Polygon","coordinates":[[[85.1228,25.5928],[85.1213,25.5931],[85.1196,25.5914],[85.119,25.5836],[85.1234,25.5845],[85.1222,25.5855],[85.1226,25.5875],[85.125,25.5921],[85.1228,25.5928]]]},"properties":{"objectid":215675,"statename":"Bihar","statecode":"10","districtname":"Patna","districtcode":"230","ulbname":"Patna","ulbcode":"801373","wardname":"Sixteen","wardcode":"16","id":null,"remark":"--","st_area(shape)":3.356689955918747e-05,"st_perimeter(shape)":0.029389796862637742}},{"type":"Feature","geometry":{"type":"Polygon","coordinates":[[[85.1866,25.601],[85.176,25.602],[85.1749,25.5979],[85.1772,25.5976],[85.1765,25.5936],[85.18,25.5933],[85.1783,25.5854],[85.1877,25.5855],[85.195,25.5995],[85.1866,25.601]]]},"properties":{"objectid":215676,"statename":"Bihar","statecode":"10","districtname":"Patna","districtcode":"230","ulbname":"Patna","ulbcode":"801373","wardname":"Fifty Five","wardcode":"55","id":null,"remark":"--","st_area(shape)":0.00021737953866500105,"st_perimeter(shape)":0.06681883821356727}},{"type":"Feature","geometry":{"type":"Polygon","coordinates":[[[85.0626,25.6093],[85.0535,25.5799],[85.0561,25.578],[85.0558,25.5791],[85.0687,25.5776],[85.0712,25.5791],[85.0734,25.5858],[85.0757,25.5861],[85.0763,25.5972],[85.0741,25.6005],[85.0741,25.6062],[85.0626,25.6093]]]},"properties":{"objectid":215677,"statename":"Bihar","statecode":"10","districtname":"Patna","districtcode":"230","ulbname":"Patna","ulbcode":"801373","wardname":"Three","wardcode":"3","id":null,"remark":"","st_area(shape)":0.000500848179587483,"st_perimeter(shape)":0.09774868625618187}},{"type":"Feature","geometry":{"type":"Polygon","coordinates":[[[85.1733,25.6119],[85.1731,25.6061],[85.1692,25.6058],[85.1669,25.6028],[85.1866,25.601],[85.1878,25.6057],[85.1865,25.6065],[85.1858,25.6098],[85.1733,25.6119]]]},"properties":{"objectid":216056,"statename":"Bihar","statecode":"10","districtname":"Patna","districtcode":"230","ulbname":"Patna","ulbcode":"801373","wardname":"Forty Seven","wardcode":"47","id":null,"remark":"--","st_area(shape)":0.00013738520245765032,"st_perimeter(shape)":0.05747856814922811}},{"type":"Feature","geometry":{"type":"Polygon","coordinates":[[[85.0987,25.6307],[85.0907,25.6326],[85.09,25.6291],[85.0851,25.6287],[85.0829,25.6219],[85.0961,25.6223],[85.0987,25.6307]]]},"properties":{"objectid":216071,"statename":"Bihar","statecode":"10","districtname":"Patna","districtcode":"230","ulbname":"Patna","ulbcode":"801373","wardname":"Six","wardcode":"6","id":null,"remark":"","st_area(shape)":0.00010903042909404791,"st_perimeter(shape)":0.04701115624377202}},{"type":"Feature","geometry":{"type":"Polygon","coordinates":[[[85.1572,25.5936],[85.1493,25.593],[85.1497,25.5893],[85.1532,25.5874],[85.1532,25.5841],[85.1585,25.5845],[85.1572,25.5936]]]},"properties":{"objectid":216072,"statename":"Bihar","statecode":"10","districtname":"Patna","districtcode":"230","ulbname":"Patna","ulbcode":"801373","wardname":"Thirty Three","wardcode":"33","id":null,"remark":"--","st_area(shape)":5.9683290442060794e-05,"st_perimeter(shape)":0.03500442852821876}},{"type":"Feature","geometry":{"type":"Polygon","coordinates":[[[85.2245,25.5989],[85.2205,25.6013],[85.2177,25.6012],[85.2172,25.5985],[85.2204,25.5982],[85.2201,25.5965],[85.2229,25.597],[85.2239,25.596],[85.2245,25.5989]]]},"properties":{"objectid":216073,"statename":"Bihar","statecode":"10","districtname":"Patna","districtcode":"230","ulbname":"Patna","ulbcode":"801373","wardname":"Sixty Five","wardcode":"65","id":null,"remark":"--","st_area(shape)":2.2188721885964432e-05,"st_perimeter(shape)":0.025867461715213515}},{"type":"Feature","geometry":{"type":"Polygon","coordinates":[[[85.1581,25.5999],[85.1477,25.6008],[85.1482,25.5964],[85.1458,25.5962],[85.1456,25.5901],[85.1496,25.5893],[85.1493,25.593],[85.1572,25.5936],[85.1581,25.5999]]]},"properties":{"objectid":216074,"statename":"Bihar","statecode":"10","districtname":"Patna","districtcode":"230","ulbname":"Patna","ulbcode":"801373","wardname":"Thirty Four","wardcode":"34","id":null,"remark":"--","st_area(shape)":8.763124833292462e-05,"st_perimeter(shape)":0.04565547956681261}},{"type":"Feature","geometry":{"type":"Polygon","coordinates":[[[85.1525,25.607],[85.1473,25.6073],[85.1471,25.6092],[85.1414,25.6062],[85.1418,25.6042],[85.1585,25.6035],[85.1585,25.6069],[85.1525,25.607]]]},"properties":{"objectid":216075,"statename":"Bihar","statecode":"10","districtname":"Patna","districtcode":"230","ulbname":"Patna","ulbcode":"801373","wardname":"Thirty Six","wardcode":"36","id":null,"remark":"--","st_area(shape)":5.3543845213052913e-05,"st_perimeter(shape)":0.042590692145210204}},{"type":"Feature","geometry":{"type":"Polygon","coordinates":[[[85.2007,25.5978],[85.2002,25.5947],[85.2039,25.5929],[85.201,25.5844],[85.2208,25.5803],[85.2247,25.589],[85.209,25.5971],[85.2007,25.5978]]]},"properties":{"objectid":216076,"statename":"Bihar","statecode":"10","districtname":"Patna","districtcode":"230","ulbname":"Patna","ulbcode":"801373","wardname":"Sixty One","wardcode":"61","id":null,"remark":"--","st_area(shape)":0.0002612585716276532,"st_perimeter(shape)":0.07373372008859677}},{"type":"Feature","geometry":{"type":"Polygon","coordinates":[[[85.1718,25.6191],[85.159,25.6196],[85.1583,25.616],[85.1678,25.6149],[85.1686,25.6161],[85.1728,25.6167],[85.1715,25.6169],[85.1718,25.6191]]]},"properties":{"objectid":216880,"statename":"Bihar","statecode":"10","districtname":"Patna","districtcode":"230","ulbname":"Patna","ulbcode":"801373","wardname":"Forty One","wardcode":"41","id":null,"remark":"--","st_area(shape)":4.6631701290290014e-05,"st_perimeter(shape)":0.03589909273974418}},{"type":"Feature","geometry":{"type":"Polygon","coordinates":[[[85.1026,25.5796],[85.1034,25.584],[85.1066,25.5851],[85.1056,25.5895],[85.096,25.5852],[85.0988,25.5785],[85.1026,25.5796]]]},"properties":{"objectid":216881,"statename":"Bihar","statecode":"10","districtname":"Patna","districtcode":"230","ulbname":"Patna","ulbcode":"801373","wardname":"Twelve","wardcode":"12","id":null,"remark":"--","st_area(shape)":6.199958245338184e-05,"st_perimeter(shape)":0.03473221513218523}},{"type":"Feature","geometry":{"type":"Polygon","coordinates":[[[85.239,25.5903],[85.2356,25.5923],[85.2333,25.5845],[85.2366,25.5847],[85.239,25.5903]]]},"properties":{"objectid":216882,"statename":"Bihar","statecode":"10","districtname":"Patna","districtcode":"230","ulbname":"Patna","ulbcode":"801373","wardname":"Sixty Nine","wardcode":"69","id":null,"remark":"--","st_area(shape)":2.777779788938945e-05,"st_perimeter(shape)":0.02218894845517634}},{"type":"Feature","geometry":{"type":"Polygon","coordinates":[[[85.1342,25.6234],[85.1297,25.625],[85.1315,25.6235],[85.1294,25.6191],[85.1298,25.6166],[85.1263,25.6172],[85.1267,25.6148],[85.1305,25.6111],[85.1342,25.6234]]]},"properties":{"objectid":216883,"statename":"Bihar","statecode":"10","districtname":"Patna","districtcode":"230","ulbname":"Patna","ulbcode":"801373","wardname":"Twenty Six","wardcode":"26","id":null,"remark":"--","st_area(shape)":4.796778928811021e-05,"st_perimeter(shape)":0.04456630816449113}},{"type":"Feature","geometry":{"type":"Polygon","coordinates":[[[85.2323,25.5942],[85.2245,25.5989],[85.2239,25.5957],[85.2252,25.5924],[85.2274,25.5921],[85.2273,25.5941],[85.2295,25.594],[85.2319,25.5919],[85.2323,25.5942]]]},"properties":{"objectid":216884,"statename":"Bihar","statecode":"10","districtname":"Patna","districtcode":"230","ulbname":"Patna","ulbcode":"801373","wardname":"Sixty Six","wardcode":"66","id":null,"remark":"--","st_area(shape)":2.9595039095927356e-05,"st_perimeter(shape)":0.031232510394886975}},{"type":"Feature","geometry":{"type":"Polygon","coordinates":[[[85.2356,25.5923],[85.2323,25.5942],[85.2319,25.5919],[85.2306,25.5924],[85.229,25.5894],[85.2299,25.5889],[85.2291,25.5867],[85.2332,25.5844],[85.2356,25.5923]]]},"properties":{"objectid":216885,"statename":"Bihar","statecode":"10","districtname":"Patna","districtcode":"230","ulbname":"Patna","ulbcode":"801373","wardname":"Sixty Seven","wardcode":"67","id":null,"remark":"--","st_area(shape)":3.6475294571888345e-05,"st_perimeter(shape)":0.02838467521161346}},{"type":"Feature","geometry":{"type":"Polygon","coordinates":[[[85.1552,25.5787],[85.1561,25.5843],[85.1532,25.5841],[85.1531,25.5876],[85.1456,25.5901],[85.1453,25.5884],[85.1437,25.5879],[85.143,25.5841],[85.1515,25.584],[85.1491,25.5818],[85.1479,25.5756],[85.1517,25.5757],[85.1527,25.5787],[85.1552,25.5787]]]},"properties":{"objectid":216886,"statename":"Bihar","statecode":"10","districtname":"Patna","districtcode":"230","ulbname":"Patna","ulbcode":"801373","wardname":"Thirty Two","wardcode":"32","id":null,"remark":"--","st_area(shape)":9.586575200709878e-05,"st_perimeter(shape)":0.05820114032696255}},{"type":"Feature","geometry":{"type":"Polygon","coordinates":[[[85.181,25.616],[85.1792,25.6162],[85.1775,25.6142],[85.1737,25.6148],[85.1733,25.6121],[85.1858,25.6098],[85.186,25.611],[85.1846,25.6112],[85.1858,25.6149],[85.181,25.616]]]},"properties":{"objectid":218016,"statename":"Bihar","statecode":"10","districtname":"Patna","districtcode":"230","ulbname":"Patna","ulbcode":"801373","wardname":"Fifty","wardcode":"50","id":null,"remark":"--","st_area(shape)":5.525901077805235e-05,"st_perimeter(shape)":0.03680030880208542}},{"type":"Feature","geometry":{"type":"Polygon","coordinates":[[[85.167,25.6029],[85.1692,25.6058],[85.1653,25.607],[85.166,25.6101],[85.1533,25.6118],[85.1525,25.607],[85.1585,25.6069],[85.1586,25.6038],[85.167,25.6029]]]},"properties":{"objectid":218057,"statename":"Bihar","statecode":"10","districtname":"Patna","districtcode":"230","ulbname":"Patna","ulbcode":"801373","wardname":"Forty Three","wardcode":"43","id":null,"remark":"--","st_area(shape)":8.711499246818816e-05,"st_perimeter(shape)":0.04698876129361674}},{"type":"Feature","geometry":{"type":"Polygon","coordinates":[[[85.1892,25.6151],[85.1808,25.6175],[85.181,25.616],[85.1858,25.6149],[85.1846,25.6112],[85.1888,25.6102],[85.1892,25.6151]]]},"properties":{"objectid":218058,"statename":"Bihar","statecode":"10","districtname":"Patna","districtcode":"230","ulbname":"Patna","ulbcode":"801373","wardname":"Fifty One","wardcode":"51","id":null,"remark":"--","st_area(shape)":2.6003725504087547e-05,"st_perimeter(shape)":0.02857583589431481}},{"type":"Feature","geometry":{"type":"Polygon","coordinates":[[[85.1132,25.6116],[85.1063,25.6123],[85.1047,25.6137],[85.1038,25.6099],[85.1101,25.6083],[85.1097,25.6059],[85.1111,25.6037],[85.1168,25.6069],[85.1132,25.6116]]]},"properties":{"objectid":218059,"statename":"Bihar","statecode":"10","districtname":"Patna","districtcode":"230","ulbname":"Patna","ulbcode":"801373","wardname":"Twenty","wardcode":"20","id":null,"remark":"--","st_area(shape)":5.50736919238354e-05,"st_perimeter(shape)":0.03850120625181704}},{"type":"Feature","geometry":{"type":"Polygon","coordinates":[[[85.1302,25.6112],[85.1264,25.6153],[85.1264,25.6173],[85.1216,25.6182],[85.1188,25.6127],[85.123,25.6096],[85.1302,25.6112]]]},"properties":{"objectid":218060,"statename":"Bihar","statecode":"10","districtname":"Patna","districtcode":"230","ulbname":"Patna","ulbcode":"801373","wardname":"Twenty Five","wardcode":"25","id":null,"remark":"Ok","st_area(shape)":5.4870053893662816e-05,"st_perimeter(shape)":0.03252296743880948}},{"type":"Feature","geometry":{"type":"Polygon","coordinates":[[[85.1307,25.5896],[85.1234,25.5904],[85.1222,25.5854],[85.1234,25.5845],[85.1292,25.5846],[85.1307,25.5896]]]},"properties":{"objectid":218061,"statename":"Bihar","statecode":"10","districtname":"Patna","districtcode":"230","ulbname":"Patna","ulbcode":"801373","wardname":"Seventeen","wardcode":"17","id":null,"remark":"--","st_area(shape)":4.0095747885220714e-05,"st_perimeter(shape)":0.025891903593953696}},{"type":"Feature","geometry":{"type":"Polygon","coordinates":[[[85.1064,25.643],[85.0966,25.6492],[85.0907,25.6501],[85.0934,25.6405],[85.097,25.6353],[85.0996,25.636],[85.1026,25.6429],[85.1052,25.6415],[85.1064,25.643]]]},"properties":{"objectid":218062,"statename":"Bihar","statecode":"10","districtname":"Patna","districtcode":"230","ulbname":"Patna","ulbcode":"801373","wardname":"Twenty Two A","wardcode":"22","id":null,"remark":"--","st_area(shape)":0.00011559216648915634,"st_perimeter(shape)":0.04996649442967299}},{"type":"Feature","geometry":{"type":"Polygon","coordinates":[[[85.1927,25.6137],[85.1892,25.6151],[85.189,25.6139],[85.1927,25.6137]]]},"properties":{"objectid":218063,"statename":"Bihar","statecode":"10","districtname":"Patna","districtcode":"230","ulbname":"Patna","ulbcode":"801373","wardname":"Fifty Two","wardcode":"52","id":null,"remark":"--","st_area(shape)":2.468499061721095e-06,"st_perimeter(shape)":0.00880950074795888}},{"type":"Feature","geometry":{"type":"Polygon","coordinates":[[[85.2473,25.5709],[85.249,25.575],[85.2301,25.5861],[85.2273,25.5826],[85.2245,25.5831],[85.2226,25.5743],[85.2335,25.571],[85.2346,25.5744],[85.2473,25.5709]]]},"properties":{"objectid":218064,"statename":"Bihar","statecode":"10","districtname":"Patna","districtcode":"230","ulbname":"Patna","ulbcode":"801373","wardname":"Sixty Eight","wardcode":"68","id":null,"remark":"--","st_area(shape)":0.0002248173989940073,"st_perimeter(shape)":0.07359573391408906}},{"type":"Feature","geometry":{"type":"Polygon","coordinates":[[[85.0685,25.6225],[85.073,25.6223],[85.0736,25.6212],[85.0829,25.622],[85.0851,25.6287],[85.09,25.6291],[85.0907,25.6326],[85.0987,25.6307],[85.099,25.6326],[85.0934,25.6405],[85.0921,25.6482],[85.0903,25.6506],[85.0806,25.6504],[85.0685,25.6225]]]},"properties":{"objectid":218065,"statename":"Bihar","statecode":"10","districtname":"Patna","districtcode":"230","ulbname":"Patna","ulbcode":"801373","wardname":"One","wardcode":"1","id":null,"remark":"","st_area(shape)":0.0004755928853897516,"st_perimeter(shape)":0.10540002908705698}},{"type":"Feature","geometry":{"type":"Polygon","coordinates":[[[85.159,25.6196],[85.1548,25.6195],[85.154,25.6148],[85.1583,25.6159],[85.159,25.6196]]]},"properties":{"objectid":218442,"statename":"Bihar","statecode":"10","districtname":"Patna","districtcode":"230","ulbname":"Patna","ulbcode":"801373","wardname":"Forty","wardcode":"40","id":null,"remark":"--","st_area(shape)":1.7908359052187435e-05,"st_perimeter(shape)":0.017548374288855594}},{"type":"Feature","geometry":{"type":"Polygon","coordinates":[[[85.1325,25.5957],[85.1336,25.602],[85.1191,25.5968],[85.1197,25.595],[85.1239,25.5975],[85.1243,25.5939],[85.1228,25.5928],[85.125,25.5921],[85.1265,25.5961],[85.1325,25.5957]]]},"properties":{"objectid":218443,"statename":"Bihar","statecode":"10","districtname":"Patna","districtcode":"230","ulbname":"Patna","ulbcode":"801373","wardname":"Nineteen","wardcode":"19","id":null,"remark":"--","st_area(shape)":5.4233573019249706e-05,"st_perimeter(shape)":0.04804125303137756}},{"type":"Feature","geometry":{"type":"Polygon","coordinates":[[[85.2449,25.5893],[85.2433,25.5907],[85.239,25.5903],[85.2366,25.5847],[85.2332,25.5844],[85.2401,25.5803],[85.2449,25.5893]]]},"properties":{"objectid":218444,"statename":"Bihar","statecode":"10","districtname":"Patna","districtcode":"230","ulbname":"Patna","ulbcode":"801373","wardname":"Seventy","wardcode":"70","id":null,"remark":"--","st_area(shape)":5.4416542218665667e-05,"st_perimeter(shape)":0.03591711762426581}},{"type":"Feature","geometry":{"type":"Polygon","coordinates":[[[85.2518,25.5831],[85.2449,25.5893],[85.2401,25.5803],[85.2473,25.576],[85.2518,25.5831]]]},"properties":{"objectid":218445,"statename":"Bihar","statecode":"10","districtname":"Patna","districtcode":"230","ulbname":"Patna","ulbcode":"801373","wardname":"Seventy One","wardcode":"71","id":null,"remark":"--","st_area(shape)":7.892959939324716e-05,"st_perimeter(shape)":0.03781361275182104}},{"type":"Feature","geometry":{"type":"Polygon","coordinates":[[[85.2226,25.5743],[85.2247,25.5834],[85.2273,25.5826],[85.2301,25.5861],[85.229,25.5894],[85.2306,25.5924],[85.2295,25.594],[85.2273,25.5941],[85.2274,25.5921],[85.2251,25.5923],[85.2206,25.5799],[85.2192,25.5753],[85.2226,25.5743]]]},"properties":{"objectid":218446,"statename":"Bihar","statecode":"10","districtname":"Patna","districtcode":"230","ulbname":"Patna","ulbcode":"801373","wardname":"Sixty Two","wardcode":"62","id":null,"remark":"--","st_area(shape)":8.325465926822271e-05,"st_perimeter(shape)":0.060645942325596815}},{"type":"Feature","geometry":{"type":"Polygon","coordinates":[[[85.1479,25.5756],[85.1491,25.5818],[85.1515,25.584],[85.143,25.5841],[85.1437,25.5879],[85.1454,25.5887],[85.1458,25.5964],[85.1387,25.5955],[85.1376,25.5892],[85.1404,25.5884],[85.1408,25.5844],[85.1421,25.5842],[85.1423,25.5755],[85.1479,25.5756]]]},"properties":{"objectid":218447,"statename":"Bihar","statecode":"10","districtname":"Patna","districtcode":"230","ulbname":"Patna","ulbcode":"801373","wardname":"Thirty One","wardcode":"31","id":null,"remark":"--","st_area(shape)":0.0001243050914813991,"st_perimeter(shape)":0.07112135253036377}},{"type":"Feature","geometry":{"type":"Polygon","coordinates":[[[85.1665,25.5771],[85.1681,25.5767],[85.1686,25.5785],[85.1756,25.5775],[85.18,25.5933],[85.1765,25.5936],[85.1772,25.5976],[85.1749,25.5979],[85.1757,25.6011],[85.1705,25.6015],[85.1678,25.5927],[85.1665,25.5771]]]},"properties":{"objectid":218448,"statename":"Bihar","statecode":"10","districtname":"Patna","districtcode":"230","ulbname":"Patna","ulbcode":"801373","wardname":"Fourty Six","wardcode":"46","id":null,"remark":"--","st_area(shape)":0.00022055029536684713,"st_perimeter(shape)":0.07497892823174516}},{"type":"Feature","geometry":{"type":"Polygon","coordinates":[[[85.1531,25.6193],[85.1499,25.6155],[85.154,25.6148],[85.155,25.6186],[85.1531,25.6193]]]},"properties":{"objectid":218840,"statename":"Bihar","statecode":"10","districtname":"Patna","districtcode":"230","ulbname":"Patna","ulbcode":"801373","wardname":"Thirty Nine","wardcode":"39","id":null,"remark":"--","st_area(shape)":1.4557968092494578e-05,"st_perimeter(shape)":0.016429765698793827}},{"type":"Feature","geometry":{"type":"Polygon","coordinates":[[[85.1692,25.6058],[85.1733,25.6064],[85.1743,25.6171],[85.1669,25.6148],[85.1653,25.607],[85.1692,25.6058]]]},"properties":{"objectid":218841,"statename":"Bihar","statecode":"10","districtname":"Patna","districtcode":"230","ulbname":"Patna","ulbcode":"801373","wardname":"Forty Eight","wardcode":"48","id":null,"remark":"--","st_area(shape)":7.375111655149323e-05,"st_perimeter(shape)":0.037183838000610786}},{"type":"Feature","geometry":{"type":"Polygon","coordinates":[[[85.0805,25.6054],[85.0741,25.6062],[85.0741,25.6005],[85.0763,25.5973],[85.0766,25.5936],[85.0753,25.5913],[85.0757,25.5861],[85.0911,25.5881],[85.09,25.5903],[85.0993,25.5946],[85.0893,25.5992],[85.0933,25.6045],[85.0805,25.6054]]]},"properties":{"objectid":218842,"statename":"Bihar","statecode":"10","districtname":"Patna","districtcode":"230","ulbname":"Patna","ulbcode":"801373","wardname":"Four","wardcode":"4","id":null,"remark":"","st_area(shape)":0.0003214082984859486,"st_perimeter(shape)":0.088320454707012}},{"type":"Feature","geometry":{"type":"Polygon","coordinates":[[[85.1075,25.6203],[85.099,25.6326],[85.0958,25.6218],[85.1013,25.6194],[85.1007,25.6151],[85.1049,25.6144],[85.1063,25.6123],[85.1132,25.6115],[85.1075,25.6203]]]},"properties":{"objectid":218843,"statename":"Bihar","statecode":"10","districtname":"Patna","districtcode":"230","ulbname":"Patna","ulbcode":"801373","wardname":"Seven","wardcode":"7","id":null,"remark":"","st_area(shape)":0.00013762519505809668,"st_perimeter(shape)":0.06404179838306619}},{"type":"Feature","geometry":{"type":"Polygon","coordinates":[[[85.1499,25.6189],[85.1478,25.6152],[85.1444,25.6151],[85.1435,25.6125],[85.1454,25.6118],[85.1452,25.6104],[85.1475,25.6102],[85.1492,25.6158],[85.1532,25.6189],[85.1499,25.6189]]]},"properties":{"objectid":218844,"statename":"Bihar","statecode":"10","districtname":"Patna","districtcode":"230","ulbname":"Patna","ulbcode":"801373","wardname":"Thirty Seven","wardcode":"37","id":null,"remark":"--","st_area(shape)":2.5930417336685488e-05,"st_perimeter(shape)":0.03360167281593619}},{"type":"Feature","geometry":{"type":"Polygon","coordinates":[[[85.1499,25.6189],[85.1404,25.6205],[85.1406,25.6222],[85.1339,25.6234],[85.1312,25.611],[85.1356,25.6103],[85.136,25.612],[85.1408,25.6125],[85.1423,25.6162],[85.1476,25.615],[85.1499,25.6189]]]},"properties":{"objectid":218845,"statename":"Bihar","statecode":"10","districtname":"Patna","districtcode":"230","ulbname":"Patna","ulbcode":"801373","wardname":"Twenty Seven","wardcode":"27","id":null,"remark":"--","st_area(shape)":0.00012626138570292315,"st_perimeter(shape)":0.0596865412968445}},{"type":"Feature","geometry":{"type":"Polygon","coordinates":[[[85.1418,25.6042],[85.1416,25.6064],[85.1473,25.6102],[85.1452,25.6104],[85.1454,25.6118],[85.1435,25.6125],[85.1448,25.6154],[85.1425,25.6162],[85.1408,25.6125],[85.136,25.612],[85.1356,25.6103],[85.1333,25.6106],[85.1328,25.604],[85.1336,25.602],[85.1418,25.6042]]]},"properties":{"objectid":218846,"statename":"Bihar","statecode":"10","districtname":"Patna","districtcode":"230","ulbname":"Patna","ulbcode":"801373","wardname":"Twenty Eight","wardcode":"28","id":null,"remark":"--","st_area(shape)":9.85148731909918e-05,"st_perimeter(shape)":0.05379281458118414}},{"type":"Feature","geometry":{"type":"Polygon","coordinates":[[[85.1325,25.5957],[85.1265,25.5961],[85.1243,25.5905],[85.1307,25.5896],[85.1325,25.5957]]]},"properties":{"objectid":218847,"statename":"Bihar","statecode":"10","districtname":"Patna","districtcode":"230","ulbname":"Patna","ulbcode":"801373","wardname":"Eighteen","wardcode":"18","id":null,"remark":"--","st_area(shape)":3.665765640700607e-05,"st_perimeter(shape)":0.025665519817010946}},{"type":"Feature","geometry":{"type":"Polygon","coordinates":[[[85.1109,25.5699],[85.1166,25.5702],[85.1178,25.5722],[85.1229,25.5717],[85.1232,25.5731],[85.1257,25.5728],[85.1264,25.5752],[85.1297,25.5733],[85.1313,25.5756],[85.1378,25.5744],[85.1421,25.5753],[85.1421,25.5842],[85.1408,25.5844],[85.1404,25.5884],[85.1376,25.5892],[85.1387,25.5955],[85.1369,25.5956],[85.1337,25.5848],[85.119,25.5836],[85.1109,25.5699]]]},"properties":{"objectid":218848,"statename":"Bihar","statecode":"10","districtname":"Patna","districtcode":"230","ulbname":"Patna","ulbcode":"801373","wardname":"Thirty","wardcode":"30","id":null,"remark":"--","st_area(shape)":0.00033776974602984985,"st_perimeter(shape)":0.10993172589870082}},{"type":"Feature","geometry":{"type":"Polygon","coordinates":[[[85.2042,25.6044],[85.203,25.6015],[85.1994,25.6017],[85.1979,25.5984],[85.2093,25.5969],[85.2106,25.6014],[85.2042,25.6044]]]},"properties":{"objectid":218849,"statename":"Bihar","statecode":"10","districtname":"Patna","districtcode":"230","ulbname":"Patna","ulbcode":"801373","wardname":"Fifty Seven","wardcode":"57","id":null,"remark":"--","st_area(shape)":5.266002822390851e-05,"st_perimeter(shape)":0.034627123942416654}},{"type":"Feature","geometry":{"type":"Polygon","coordinates":[[[85.2177,25.6012],[85.2106,25.6014],[85.2093,25.5975],[85.2181,25.5947],[85.2204,25.5982],[85.2172,25.5985],[85.2177,25.6012]]]},"properties":{"objectid":218850,"statename":"Bihar","statecode":"10","districtname":"Patna","districtcode":"230","ulbname":"Patna","ulbcode":"801373","wardname":"Sixty","wardcode":"60","id":null,"remark":"--","st_area(shape)":4.652385717095972e-05,"st_perimeter(shape)":0.031758256928093385}},{"type":"Feature","geometry":{"type":"Polygon","coordinates":[[[85.2181,25.5947],[85.2093,25.5975],[85.2242,25.5892],[85.2251,25.5923],[85.2181,25.5947]]]},"properties":{"objectid":218851,"statename":"Bihar","statecode":"10","districtname":"Patna","districtcode":"230","ulbname":"Patna","ulbcode":"801373","wardname":"Sixty Three","wardcode":"63","id":null,"remark":"Functional","st_area(shape)":2.9422916920076874e-05,"st_perimeter(shape)":0.03859183073968671}},{"type":"Feature","geometry":{"type":"Polygon","coordinates":[[[85.176,25.602],[85.167,25.6028],[85.1652,25.602],[85.1628,25.5937],[85.1635,25.5928],[85.1604,25.5933],[85.1598,25.5888],[85.162,25.5886],[85.1616,25.5848],[85.1677,25.5853],[85.1678,25.5927],[85.1705,25.6015],[85.1759,25.6011],[85.176,25.602]]]},"properties":{"objectid":218852,"statename":"Bihar","statecode":"10","districtname":"Patna","districtcode":"230","ulbname":"Patna","ulbcode":"801373","wardname":"Forty Five","wardcode":"45","id":null,"remark":"--","st_area(shape)":0.00011083223325490867,"st_perimeter(shape)":0.06498319205434279}},{"type":"Feature","geometry":{"type":"Polygon","coordinates":[[[85.1808,25.6175],[85.1718,25.6191],[85.1715,25.6169],[85.1743,25.6171],[85.1737,25.6148],[85.1775,25.6142],[85.1792,25.6162],[85.181,25.616],[85.1808,25.6175]]]},"properties":{"objectid":219253,"statename":"Bihar","statecode":"10","districtname":"Patna","districtcode":"230","ulbname":"Patna","ulbcode":"801373","wardname":"Forty Nine","wardcode":"49","id":null,"remark":"--","st_area(shape)":2.7926414396803066e-05,"st_perimeter(shape)":0.02737851991946434}},{"type":"Feature","geometry":{"type":"Polygon","coordinates":[[[85.1583,25.6159],[85.1545,25.6148],[85.1535,25.6118],[85.166,25.6101],[85.1669,25.6148],[85.1583,25.6159]]]},"properties":{"objectid":219254,"statename":"Bihar","statecode":"10","districtname":"Patna","districtcode":"230","ulbname":"Patna","ulbcode":"801373","wardname":"Fotrty Two","wardcode":"42","id":null,"remark":"--","st_area(shape)":5.706907945664338e-05,"st_perimeter(shape)":0.03345425411991174}},{"type":"Feature","geometry":{"type":"Polygon","coordinates":[[[85.0891,25.5761],[85.0888,25.5753],[85.0865,25.5758],[85.0853,25.5725],[85.0837,25.573],[85.0829,25.5652],[85.0887,25.569],[85.0898,25.5684],[85.0882,25.5635],[85.094,25.5619],[85.095,25.5647],[85.1011,25.5632],[85.1061,25.5661],[85.1064,25.5688],[85.1109,25.5699],[85.119,25.5836],[85.099,25.5785],[85.0974,25.5819],[85.0972,25.5805],[85.0931,25.5811],[85.0926,25.5763],[85.0891,25.5761]]]},"properties":{"objectid":219255,"statename":"Bihar","statecode":"10","districtname":"Patna","districtcode":"230","ulbname":"Patna","ulbcode":"801373","wardname":"Eleven","wardcode":"11","id":null,"remark":"--","st_area(shape)":0.0004069188285780574,"st_perimeter(shape)":0.11835000834449474}},{"type":"Feature","geometry":{"type":"Polygon","coordinates":[[[85.126,25.5991],[85.1211,25.6013],[85.1168,25.6069],[85.111,25.6037],[85.0933,25.6045],[85.0893,25.5992],[85.0994,25.5949],[85.09,25.5903],[85.0911,25.5881],[85.0965,25.5889],[85.126,25.5991]]]},"properties":{"objectid":219256,"statename":"Bihar","statecode":"10","districtname":"Patna","districtcode":"230","ulbname":"Patna","ulbcode":"801373","wardname":"Nine","wardcode":"9","id":null,"remark":"","st_area(shape)":0.00033635382263095447,"st_perimeter(shape)":0.10552839365040226}},{"type":"Feature","geometry":{"type":"Polygon","coordinates":[[[85.084,25.5869],[85.0854,25.5848],[85.0845,25.58],[85.0874,25.5808],[85.0876,25.5797],[85.0898,25.5799],[85.0906,25.5781],[85.0891,25.5761],[85.0926,25.5763],[85.0931,25.5811],[85.0972,25.5805],[85.0961,25.5854],[85.113,25.5936],[85.1126,25.5945],[85.0976,25.5891],[85.084,25.5869]]]},"properties":{"objectid":219257,"statename":"Bihar","statecode":"10","districtname":"Patna","districtcode":"230","ulbname":"Patna","ulbcode":"801373","wardname":"Ten","wardcode":"10","id":null,"remark":"","st_area(shape)":0.00013885651345825261,"st_perimeter(shape)":0.08957607046512576}},{"type":"Feature","geometry":{"type":"Polygon","coordinates":[[[85.1228,25.5928],[85.1243,25.5939],[85.1239,25.5975],[85.1197,25.595],[85.1191,25.5968],[85.1126,25.5945],[85.113,25.5936],[85.1056,25.5895],[85.1066,25.5856],[85.1168,25.5932],[85.1192,25.5911],[85.1213,25.5931],[85.1228,25.5928]]]},"properties":{"objectid":219258,"statename":"Bihar","statecode":"10","districtname":"Patna","districtcode":"230","ulbname":"Patna","ulbcode":"801373","wardname":"Fifteen","wardcode":"15","id":null,"remark":"--","st_area(shape)":6.730246742307847e-05,"st_perimeter(shape)":0.05510113269794506}},{"type":"Feature","geometry":{"type":"Polygon","coordinates":[[[85.2205,25.6013],[85.2105,25.6064],[85.2107,25.6014],[85.2205,25.6013]]]},"properties":{"objectid":219259,"statename":"Bihar","statecode":"10","districtname":"Patna","districtcode":"230","ulbname":"Patna","ulbcode":"801373","wardname":"Fifty Nine","wardcode":"59","id":null,"remark":"--","st_area(shape)":2.4350446473415194e-05,"st_perimeter(shape)":0.02684551250198093}},{"type":"Feature","geometry":{"type":"Polygon","coordinates":[[[85.1196,25.5914],[85.1168,25.5932],[85.109,25.5882],[85.1116,25.5868],[85.1118,25.5822],[85.119,25.5836],[85.1196,25.5914]]]},"properties":{"objectid":219260,"statename":"Bihar","statecode":"10","districtname":"Patna","districtcode":"230","ulbname":"Patna","ulbcode":"801373","wardname":"Fourteen","wardcode":"14","id":null,"remark":"--","st_area(shape)":6.896274861525921e-05,"st_perimeter(shape)":0.03798160206449139}},{"type":"Feature","geometry":{"type":"Polygon","coordinates":[[[85.1216,25.6181],[85.1177,25.62],[85.1174,25.6189],[85.113,25.6191],[85.1126,25.6174],[85.1188,25.6127],[85.1216,25.6181]]]},"properties":{"objectid":219261,"statename":"Bihar","statecode":"10","districtname":"Patna","districtcode":"230","ulbname":"Patna","ulbcode":"801373","wardname":"Twenty Three","wardcode":"23","id":null,"remark":"--","st_area(shape)":3.4896936557308824e-05,"st_perimeter(shape)":0.026505806814010477}},{"type":"Feature","geometry":{"type":"Polygon","coordinates":[[[85.1665,25.5771],[85.1668,25.5852],[85.1616,25.5848],[85.162,25.5886],[85.1598,25.5888],[85.1604,25.5933],[85.1635,25.5928],[85.1628,25.5937],[85.1652,25.602],[85.167,25.6029],[85.1586,25.6038],[85.1571,25.5898],[85.1585,25.5891],[85.1585,25.5845],[85.1561,25.5843],[85.1548,25.578],[85.1596,25.5785],[85.1665,25.5771]]]},"properties":{"objectid":219262,"statename":"Bihar","statecode":"10","districtname":"Patna","districtcode":"230","ulbname":"Patna","ulbcode":"801373","wardname":"Forty Four","wardcode":"44","id":null,"remark":"--","st_area(shape)":0.00016994520198428492,"st_perimeter(shape)":0.09520352606063019}},{"type":"Feature","geometry":{"type":"Polygon","coordinates":[[[85.1223,25.6289],[85.1171,25.6332],[85.114,25.6273],[85.1185,25.6258],[85.1197,25.6281],[85.1214,25.6274],[85.1223,25.6289]]]},"properties":{"objectid":219263,"statename":"Bihar","statecode":"10","districtname":"Patna","districtcode":"230","ulbname":"Patna","ulbcode":"801373","wardname":"Twenty Two C","wardcode":"223","id":null,"remark":"--","st_area(shape)":3.2119218426573746e-05,"st_perimeter(shape)":0.024845037989708243}},{"type":"Feature","geometry":{"type":"Polygon","coordinates":[[[85.1064,25.643],[85.0966,25.6492],[85.0907,25.6501],[85.0934,25.6405],[85.097,25.6353],[85.0996,25.636],[85.1026,25.6429],[85.1052,25.6415],[85.1064,25.643]]]},"properties":{"objectid":219264,"statename":"Bihar","statecode":"10","districtname":"Patna","districtcode":"230","ulbname":"Patna","ulbcode":"801373","wardname":"Twenty Two A","wardcode":"221","id":null,"remark":"--","st_area(shape)":0.00011559216648915634,"st_perimeter(shape)":0.04996649442967299}},{"type":"Feature","geometry":{"type":"Polygon","coordinates":[[[85.1171,25.6332],[85.1064,25.643],[85.1052,25.6415],[85.1026,25.6429],[85.0996,25.636],[85.097,25.6353],[85.1076,25.6203],[85.1075,25.6233],[85.11,25.6237],[85.1103,25.6252],[85.1128,25.6247],[85.1171,25.6332]]]},"properties":{"objectid":219265,"statename":"Bihar","statecode":"10","districtname":"Patna","districtcode":"230","ulbname":"Patna","ulbcode":"801373","wardname":"Twenty Two B","wardcode":"222","id":null,"remark":"--","st_area(shape)":0.00023339883250476343,"st_perimeter(shape)":0.06904225959307257}}]}