{"type":"FeatureCollection","crs":{"type":"name","properties":{"name":"EPSG:4326"}},"features":[{"type":"Feature","id":178,"geometry":{"type":"MultiPolygon","coordinates":[[[[92.7539,12.1414],[92.7574,12.1464],[92.7561,12.15],[92.753,12.1459],[92.7539,12.1414]]],[[[92.7622,12.1789],[92.7578,12.1817],[92.7545,12.1811],[92.7584,12.177],[92.7583,12.1648],[92.7622,12.1789]]],[[[92.7288,12.1845],[92.7291,12.1895],[92.7241,12.1852],[92.7288,12.1845]]],[[[92.9349,12.2242],[92.9264,12.222],[92.924,12.2153],[92.9245,12.2076],[92.9314,12.2041],[92.9321,12.1963],[92.9348,12.2129],[92.9319,12.2117],[92.9316,12.2147],[92.9352,12.216],[92.9357,12.2126],[92.9386,12.216],[92.9382,12.2207],[92.9346,12.2239],[92.9379,12.2216],[92.9349,12.2242]]],[[[92.7346,12.2398],[92.729,12.2428],[92.7237,12.2398],[92.7236,12.2355],[92.7206,12.2334],[92.7237,12.2215],[92.7212,12.2161],[92.7231,12.2075],[92.7206,12.1975],[92.7222,12.1885],[92.7289,12.1931],[92.7271,12.195],[92.7283,12.1979],[92.7274,12.195],[92.7324,12.1847],[92.7421,12.1836],[92.7463,12.1804],[92.7496,12.1845],[92.7526,12.1832],[92.7533,12.1885],[92.7556,12.1846],[92.7594,12.1928],[92.7601,12.1888],[92.7625,12.1888],[92.7588,12.1881],[92.759,12.1829],[92.7628,12.1831],[92.7669,12.1992],[92.7656,12.2024],[92.7625,12.1988],[92.7606,12.2011],[92.7608,12.2288],[92.7583,12.2275],[92.7568,12.2302],[92.7553,12.2207],[92.7523,12.2178],[92.751,12.2195],[92.7539,12.2249],[92.7536,12.2305],[92.7506,12.228],[92.7462,12.2305],[92.7439,12.2281],[92.7387,12.2364],[92.7366,12.2283],[92.7437,12.2231],[92.7421,12.2049],[92.7426,12.22],[92.739,12.2232],[92.7339,12.2208],[92.7321,12.2099],[92.7293,12.2146],[92.7297,12.2317],[92.7346,12.2398]]],[[[92.6981,12.2437],[92.6963,12.2504],[92.6946,12.2466],[92.6981,12.2437]]],[[[92.8811,12.2394],[92.8815,12.2395],[92.8818,12.2399],[92.8819,12.2402],[92.882,12.2408],[92.882,12.2413],[92.882,12.2415],[92.8819,12.2417],[92.8814,12.2419],[92.8811,12.2417],[92.8807,12.2411],[92.8804,12.2403],[92.8803,12.2399],[92.8804,12.2396],[92.8807,12.2394],[92.8811,12.2394]]],[[[92.7226,12.2547],[92.7238,12.2563],[92.7212,12.2565],[92.7226,12.2547]]],[[[92.8659,12.2354],[92.8682,12.2487],[92.8638,12.2509],[92.8605,12.2428],[92.8659,12.2354]]],[[[92.8804,12.2453],[92.8811,12.2484],[92.8784,12.2508],[92.8804,12.2453]]],[[[92.8997,12.2561],[92.8974,12.2564],[92.8966,12.2518],[92.8972,12.2555],[92.8955,12.2561],[92.8916,12.2525],[92.8867,12.2527],[92.8837,12.2489],[92.8832,12.2384],[92.8785,12.2383],[92.8769,12.2493],[92.8719,12.249],[92.8695,12.2457],[92.8682,12.2382],[92.8731,12.2294],[92.8733,12.2199],[92.8783,12.2079],[92.8829,12.21],[92.882,12.2166],[92.8872,12.2177],[92.8878,12.2218],[92.8854,12.225],[92.8898,12.2283],[92.8912,12.2259],[92.9,12.2252],[92.9034,12.2227],[92.907,12.2288],[92.91,12.2203],[92.9143,12.22],[92.9107,12.2406],[92.8997,12.2561]]],[[[92.8995,12.2586],[92.8997,12.2587],[92.8997,12.2587],[92.8997,12.2589],[92.8998,12.2591],[92.8998,12.2594],[92.8999,12.2596],[92.8999,12.2597],[92.8998,12.2598],[92.8997,12.26],[92.8997,12.2601],[92.8996,12.2603],[92.8996,12.2605],[92.8995,12.2607],[92.8995,12.2609],[92.8995,12.261],[92.8995,12.2611],[92.8995,12.2612],[92.8996,12.2613],[92.8997,12.2615],[92.8998,12.2616],[92.8999,12.2618],[92.8999,12.262],[92.8998,12.2621],[92.8997,12.2623],[92.8997,12.2624],[92.8995,12.2625],[92.8993,12.2626],[92.8992,12.2626],[92.899,12.2626],[92.8988,12.2625],[92.8986,12.2624],[92.8984,12.2621],[92.8983,12.2619],[92.8982,12.2615],[92.8982,12.2612],[92.8982,12.2608],[92.8983,12.2603],[92.8983,12.2598],[92.8983,12.2597],[92.8983,12.2596],[92.8984,12.2594],[92.8985,12.2592],[92.8987,12.259],[92.8988,12.2589],[92.899,12.2588],[92.8991,12.2587],[92.8993,12.2586],[92.8994,12.2586],[92.8995,12.2586]]],[[[92.7474,12.2832],[92.7479,12.289],[92.7403,12.2792],[92.739,12.2835],[92.7389,12.2761],[92.7342,12.271],[92.7393,12.2755],[92.7325,12.2467],[92.7406,12.2558],[92.7391,12.258],[92.7445,12.2681],[92.7421,12.2696],[92.7474,12.2832]]],[[[92.735,12.2808],[92.7361,12.293],[92.7337,12.2884],[92.735,12.2808]]],[[[92.7535,12.2934],[92.7526,12.2948],[92.7512,12.293],[92.7535,12.2934]]],[[[92.7662,12.2725],[92.767,12.2855],[92.7636,12.2889],[92.7648,12.2931],[92.761,12.2941],[92.752,12.278],[92.758,12.2695],[92.7612,12.2715],[92.7636,12.2653],[92.7662,12.2725]]],[[[92.7682,12.2888],[92.7696,12.2953],[92.7657,12.2897],[92.7682,12.2888]]],[[[92.7096,12.2975],[92.7034,12.3],[92.7012,12.2907],[92.7021,12.2794],[92.6987,12.2746],[92.7025,12.2721],[92.6995,12.2672],[92.7032,12.2446],[92.7097,12.2298],[92.7119,12.2516],[92.7145,12.2617],[92.7174,12.2625],[92.7153,12.2658],[92.7198,12.2805],[92.7185,12.2832],[92.7229,12.2912],[92.7209,12.2966],[92.7096,12.2975]]],[[[92.7638,12.2968],[92.7641,12.2969],[92.7646,12.2973],[92.7647,12.2975],[92.7648,12.2976],[92.7648,12.2978],[92.7649,12.2981],[92.7649,12.2984],[92.7649,12.2987],[92.7649,12.2988],[92.7649,12.299],[92.7649,12.2991],[92.7649,12.2993],[92.7648,12.2994],[92.7648,12.2995],[92.7647,12.2996],[92.7647,12.2996],[92.7647,12.2996],[92.7646,12.2997],[92.7646,12.2997],[92.7645,12.2997],[92.7643,12.2997],[92.7642,12.2994],[92.764,12.2992],[92.7637,12.2989],[92.7633,12.2986],[92.7631,12.2984],[92.7628,12.2981],[92.7625,12.2976],[92.7625,12.2974],[92.7625,12.2973],[92.7627,12.297],[92.7628,12.2969],[92.763,12.2969],[92.7632,12.2968],[92.7635,12.2967],[92.7638,12.2968]]],[[[92.8765,12.2943],[92.8766,12.2943],[92.8768,12.2944],[92.8771,12.2944],[92.8772,12.2944],[92.8773,12.2946],[92.8775,12.2947],[92.8777,12.2949],[92.8778,12.2951],[92.878,12.2953],[92.8782,12.2955],[92.8784,12.2957],[92.8785,12.2957],[92.8787,12.2959],[92.879,12.2962],[92.8791,12.2965],[92.8793,12.2966],[92.8793,12.2969],[92.8793,12.2972],[92.8792,12.2974],[92.8791,12.2976],[92.8788,12.298],[92.8786,12.2981],[92.8785,12.2982],[92.8782,12.2982],[92.878,12.2983],[92.8778,12.2983],[92.8778,12.2983],[92.8777,12.2983],[92.8776,12.2982],[92.8776,12.2981],[92.8772,12.2977],[92.8771,12.2975],[92.8768,12.2974],[92.8766,12.2973],[92.8764,12.2969],[92.8762,12.2967],[92.8761,12.2964],[92.876,12.2961],[92.8759,12.2959],[92.8758,12.2956],[92.8757,12.2953],[92.8758,12.2952],[92.8758,12.295],[92.8758,12.2948],[92.8759,12.2946],[92.876,12.2945],[92.8761,12.2944],[92.8763,12.2943],[92.8765,12.2943]]],[[[92.865,12.3062],[92.8646,12.306],[92.8643,12.3059],[92.8638,12.3056],[92.8636,12.3055],[92.8636,12.3053],[92.8637,12.305],[92.8637,12.3048],[92.8636,12.3046],[92.8635,12.3046],[92.8634,12.3046],[92.8631,12.3046],[92.863,12.3046],[92.863,12.3045],[92.8629,12.304],[92.8628,12.3035],[92.863,12.3033],[92.8633,12.3032],[92.8634,12.3031],[92.8645,12.3033],[92.8645,12.3033],[92.8648,12.3036],[92.8651,12.3039],[92.8652,12.304],[92.8652,12.3042],[92.8652,12.3046],[92.8652,12.3048],[92.8651,12.3049],[92.8651,12.3052],[92.8651,12.3053],[92.8653,12.3056],[92.8655,12.3059],[92.8655,12.306],[92.8655,12.3061],[92.8653,12.3061],[92.865,12.3062]]],[[[92.8102,12.3131],[92.8015,12.3115],[92.7948,12.3038],[92.7907,12.3042],[92.7895,12.3078],[92.7844,12.3109],[92.7767,12.3099],[92.7705,12.3132],[92.7667,12.2974],[92.7697,12.2967],[92.7716,12.3022],[92.7751,12.3014],[92.777,12.2956],[92.7736,12.2937],[92.7814,12.2868],[92.7794,12.2833],[92.7842,12.2794],[92.7874,12.2804],[92.7841,12.2792],[92.7786,12.2835],[92.7775,12.2768],[92.7794,12.2742],[92.7778,12.2726],[92.7793,12.2743],[92.7778,12.278],[92.7766,12.279],[92.7746,12.2759],[92.7738,12.2805],[92.763,12.2627],[92.7584,12.2679],[92.7562,12.2652],[92.7562,12.2694],[92.7491,12.2743],[92.748,12.2627],[92.7409,12.2456],[92.747,12.244],[92.7462,12.2353],[92.7495,12.2391],[92.751,12.233],[92.7561,12.2351],[92.7598,12.2412],[92.7619,12.2399],[92.7615,12.2333],[92.768,12.2513],[92.7748,12.2428],[92.7682,12.2353],[92.7703,12.2326],[92.7684,12.2256],[92.7706,12.2207],[92.7693,12.2176],[92.7675,12.2181],[92.7698,12.2138],[92.7648,12.2141],[92.7657,12.2115],[92.7683,12.2121],[92.7655,12.2067],[92.7692,12.2001],[92.7655,12.1926],[92.7673,12.193],[92.7699,12.1834],[92.767,12.1818],[92.7607,12.1691],[92.7607,12.1653],[92.7632,12.1654],[92.7584,12.1597],[92.7598,12.1567],[92.7633,12.1582],[92.7662,12.1517],[92.7609,12.1557],[92.7573,12.1544],[92.7593,12.1464],[92.7456,12.1244],[92.7439,12.1134],[92.7376,12.0987],[92.739,12.0799],[92.7456,12.0746],[92.7487,12.0765],[92.751,12.0749],[92.7541,12.0807],[92.752,12.0753],[92.7545,12.0769],[92.759,12.0869],[92.7574,12.091],[92.7603,12.094],[92.7579,12.0816],[92.7519,12.0746],[92.7578,12.0753],[92.7593,12.0784],[92.7572,12.0717],[92.7632,12.0639],[92.7674,12.0682],[92.771,12.0678],[92.7732,12.071],[92.7712,12.073],[92.7781,12.074],[92.781,12.0805],[92.7818,12.0723],[92.7855,12.0721],[92.7883,12.0755],[92.7878,12.0799],[92.7917,12.0791],[92.7925,12.0809],[92.7915,12.0873],[92.7959,12.086],[92.7957,12.0905],[92.8018,12.0929],[92.8007,12.0965],[92.7961,12.0981],[92.796,12.1014],[92.7903,12.0999],[92.7837,12.1065],[92.7869,12.1038],[92.7925,12.1037],[92.7978,12.1085],[92.8077,12.103],[92.8115,12.107],[92.8147,12.1063],[92.8179,12.1142],[92.8134,12.1158],[92.8024,12.128],[92.8036,12.1315],[92.8147,12.1273],[92.8155,12.1248],[92.8172,12.126],[92.8149,12.1387],[92.8207,12.1399],[92.8216,12.1427],[92.8187,12.1459],[92.8282,12.1566],[92.8212,12.1649],[92.8226,12.1668],[92.827,12.1635],[92.8297,12.1668],[92.8358,12.1665],[92.8363,12.1622],[92.8421,12.1572],[92.8418,12.1496],[92.8439,12.1476],[92.8494,12.1507],[92.855,12.1588],[92.8561,12.164],[92.85,12.1656],[92.8556,12.1718],[92.8539,12.1775],[92.856,12.1791],[92.8568,12.1872],[92.8548,12.1921],[92.8524,12.1924],[92.8401,12.1855],[92.8467,12.1938],[92.8468,12.1967],[92.8433,12.1963],[92.8441,12.2011],[92.8397,12.1993],[92.8361,12.202],[92.826,12.2034],[92.8282,12.209],[92.8326,12.2065],[92.8327,12.2151],[92.8356,12.2133],[92.8322,12.213],[92.8349,12.2113],[92.8331,12.2057],[92.8289,12.2085],[92.8273,12.2032],[92.8362,12.2026],[92.8398,12.2],[92.8443,12.2021],[92.8459,12.1978],[92.8527,12.2048],[92.8546,12.2009],[92.8608,12.2002],[92.8608,12.197],[92.8645,12.1969],[92.8668,12.1927],[92.8716,12.1946],[92.8745,12.1918],[92.8805,12.1921],[92.884,12.1983],[92.8827,12.2031],[92.8743,12.2052],[92.8742,12.2107],[92.8698,12.213],[92.8734,12.2132],[92.8708,12.2257],[92.8612,12.2367],[92.8574,12.2448],[92.8581,12.2495],[92.8688,12.2519],[92.8662,12.2551],[92.8675,12.2575],[92.8608,12.2599],[92.8652,12.2611],[92.8617,12.2638],[92.8654,12.2613],[92.8629,12.2607],[92.864,12.2585],[92.8679,12.2574],[92.8667,12.2552],[92.8693,12.2515],[92.8745,12.2507],[92.8822,12.2578],[92.8864,12.2589],[92.8881,12.2567],[92.8893,12.2615],[92.8854,12.2618],[92.8858,12.2649],[92.8896,12.2634],[92.891,12.2666],[92.8896,12.2696],[92.8864,12.2686],[92.8866,12.271],[92.8848,12.2707],[92.8818,12.2627],[92.8812,12.2741],[92.8782,12.2775],[92.8802,12.2814],[92.8774,12.2843],[92.872,12.2811],[92.8759,12.2826],[92.8765,12.2873],[92.8728,12.2878],[92.872,12.2922],[92.8676,12.2905],[92.87,12.2949],[92.8663,12.2934],[92.8655,12.2876],[92.8632,12.287],[92.8655,12.2882],[92.8657,12.2934],[92.8713,12.2956],[92.8695,12.2992],[92.872,12.3019],[92.8653,12.3013],[92.855,12.3054],[92.8522,12.3038],[92.8541,12.2998],[92.8521,12.3035],[92.8487,12.3022],[92.85,12.2948],[92.8531,12.2923],[92.852,12.2858],[92.8545,12.2886],[92.8559,12.284],[92.8535,12.2814],[92.8558,12.2837],[92.8539,12.2847],[92.8546,12.2881],[92.852,12.2855],[92.8508,12.2877],[92.8501,12.2835],[92.8529,12.292],[92.8496,12.2944],[92.8467,12.3038],[92.8425,12.3044],[92.8438,12.2965],[92.8423,12.2999],[92.8404,12.2976],[92.8437,12.3009],[92.8424,12.3036],[92.8362,12.3034],[92.8319,12.2922],[92.8308,12.2941],[92.8344,12.2978],[92.8325,12.3009],[92.8287,12.2995],[92.8236,12.3055],[92.8102,12.3131]]],[[[92.9343,12.3028],[92.9331,12.3111],[92.9287,12.3052],[92.9295,12.2888],[92.9273,12.2783],[92.9221,12.2847],[92.9176,12.2826],[92.9183,12.289],[92.9122,12.2929],[92.9033,12.2913],[92.9007,12.2884],[92.9007,12.2813],[92.9031,12.2774],[92.9002,12.2719],[92.9033,12.2714],[92.9064,12.2756],[92.9136,12.2737],[92.9112,12.2632],[92.9158,12.2687],[92.9142,12.2646],[92.9164,12.2639],[92.9196,12.2693],[92.9216,12.259],[92.9167,12.2504],[92.9168,12.2408],[92.9147,12.239],[92.917,12.2393],[92.9159,12.2367],[92.9179,12.2349],[92.915,12.2326],[92.9183,12.234],[92.9217,12.2294],[92.9338,12.2486],[92.927,12.2522],[92.928,12.2577],[92.9411,12.2766],[92.9397,12.2814],[92.9382,12.2823],[92.9404,12.2783],[92.9322,12.2886],[92.9319,12.2941],[92.9353,12.2984],[92.9343,12.3028]]],[[[92.9113,12.3322],[92.9113,12.3322],[92.9114,12.3322],[92.9115,12.3323],[92.9115,12.3323],[92.9115,12.3324],[92.9116,12.3325],[92.9116,12.3327],[92.9117,12.3328],[92.9117,12.333],[92.9116,12.3332],[92.9116,12.3335],[92.9116,12.3338],[92.9115,12.334],[92.9115,12.3342],[92.9114,12.3343],[92.9113,12.3344],[92.9112,12.3345],[92.9112,12.3345],[92.911,12.335],[92.9109,12.3354],[92.9107,12.3357],[92.9106,12.3357],[92.9103,12.3354],[92.9099,12.3348],[92.9099,12.3345],[92.9099,12.3343],[92.9099,12.3341],[92.91,12.3338],[92.9101,12.3335],[92.9102,12.3332],[92.9102,12.333],[92.9103,12.3329],[92.9104,12.3328],[92.9105,12.3326],[92.9107,12.3325],[92.9108,12.3324],[92.911,12.3323],[92.9111,12.3323],[92.9112,12.3322],[92.9113,12.3322]]],[[[92.8577,12.335],[92.857,12.3403],[92.8548,12.3322],[92.8582,12.33],[92.8569,12.3285],[92.8609,12.3239],[92.86,12.3203],[92.8616,12.3213],[92.8557,12.3179],[92.858,12.3143],[92.8623,12.3132],[92.8653,12.3161],[92.8672,12.3139],[92.8714,12.3185],[92.8775,12.3131],[92.8793,12.3182],[92.885,12.3229],[92.8901,12.3171],[92.891,12.3193],[92.8947,12.3175],[92.8998,12.3237],[92.8964,12.3271],[92.8877,12.3255],[92.8856,12.3275],[92.8876,12.3293],[92.886,12.3325],[92.8707,12.3289],[92.8647,12.3331],[92.8629,12.3308],[92.8646,12.3333],[92.8607,12.3336],[92.864,12.3342],[92.8619,12.3363],[92.8577,12.335]]],[[[92.905,12.3386],[92.9051,12.3389],[92.9052,12.3393],[92.9052,12.3398],[92.9051,12.3402],[92.9049,12.3405],[92.9048,12.3406],[92.9047,12.3409],[92.9044,12.3411],[92.9043,12.3412],[92.904,12.3412],[92.9037,12.3411],[92.9036,12.341],[92.9036,12.3406],[92.9036,12.3405],[92.9037,12.3404],[92.9041,12.3399],[92.9042,12.3396],[92.9041,12.3392],[92.9041,12.3389],[92.9042,12.3387],[92.9045,12.3385],[92.9048,12.3385],[92.905,12.3386]]],[[[92.9145,12.3557],[92.909,12.3506],[92.9073,12.3419],[92.9095,12.3382],[92.9169,12.3506],[92.9145,12.3557]]],[[[92.8873,12.4082],[92.8847,12.4081],[92.8838,12.4003],[92.8807,12.3986],[92.8752,12.4006],[92.8722,12.4062],[92.8655,12.4038],[92.8655,12.4016],[92.8621,12.4059],[92.8541,12.4095],[92.8508,12.4087],[92.8428,12.4029],[92.8437,12.3955],[92.8484,12.3945],[92.8547,12.389],[92.8599,12.3894],[92.8607,12.3922],[92.8583,12.3843],[92.8662,12.3778],[92.8718,12.3849],[92.8765,12.3831],[92.8784,12.3848],[92.8812,12.3816],[92.8807,12.3766],[92.8837,12.3766],[92.8818,12.3887],[92.8891,12.3928],[92.8931,12.3997],[92.8883,12.4018],[92.8873,12.4082]]],[[[92.8983,12.4098],[92.8973,12.4121],[92.8966,12.4097],[92.8983,12.4098]]],[[[92.8445,12.4151],[92.8454,12.4169],[92.8432,12.4182],[92.8445,12.4151]]],[[[92.8619,12.4127],[92.8681,12.4143],[92.8674,12.4205],[92.8644,12.4214],[92.8576,12.4172],[92.8619,12.4127]]],[[[92.8359,12.4222],[92.8357,12.426],[92.8288,12.4262],[92.8286,12.4223],[92.8338,12.4172],[92.8417,12.4161],[92.8398,12.423],[92.8387,12.4204],[92.8395,12.4233],[92.837,12.4251],[92.8359,12.4222]]],[[[92.9027,12.4217],[92.9006,12.4263],[92.8984,12.4258],[92.898,12.4218],[92.9027,12.4217]]],[[[92.9543,12.4345],[92.9512,12.4284],[92.9475,12.4286],[92.947,12.4155],[92.943,12.4203],[92.9363,12.4217],[92.93,12.417],[92.9246,12.4043],[92.9234,12.3905],[92.9276,12.3883],[92.9276,12.3861],[92.926,12.3889],[92.9263,12.3863],[92.9175,12.3743],[92.9237,12.366],[92.9275,12.3646],[92.9299,12.3587],[92.9356,12.3766],[92.9419,12.3839],[92.9432,12.4043],[92.9461,12.4094],[92.9472,12.4076],[92.9512,12.4092],[92.9578,12.418],[92.959,12.4219],[92.9548,12.4243],[92.9543,12.4345]]],[[[92.6765,12.5408],[92.6716,12.541],[92.668,12.5336],[92.6771,12.5219],[92.684,12.5395],[92.6765,12.5408]]],[[[92.7228,12.6229],[92.7199,12.6188],[92.7233,12.6204],[92.7228,12.6229]]],[[[92.7013,12.6386],[92.7016,12.6387],[92.7018,12.6389],[92.7019,12.6391],[92.702,12.6396],[92.702,12.6398],[92.7022,12.64],[92.7022,12.6402],[92.7021,12.6403],[92.702,12.6403],[92.7019,12.6404],[92.7019,12.6404],[92.7019,12.6406],[92.7018,12.6407],[92.7017,12.6408],[92.7016,12.6408],[92.7015,12.641],[92.7014,12.641],[92.7014,12.641],[92.7013,12.641],[92.7013,12.6408],[92.7013,12.6408],[92.7012,12.6408],[92.7009,12.6406],[92.7007,12.6404],[92.7006,12.6402],[92.7004,12.6399],[92.7002,12.6396],[92.7002,12.6393],[92.7003,12.639],[92.7005,12.6388],[92.7007,12.6387],[92.701,12.6386],[92.7013,12.6386]]],[[[92.7261,12.6549],[92.726,12.6549],[92.7258,12.6551],[92.7255,12.6552],[92.7253,12.6554],[92.7251,12.6555],[92.725,12.6556],[92.725,12.6557],[92.7249,12.6556],[92.7248,12.6554],[92.7247,12.655],[92.7246,12.6547],[92.7245,12.6545],[92.7245,12.6542],[92.7245,12.6541],[92.7246,12.654],[92.7248,12.654],[92.7248,12.6541],[92.725,12.6545],[92.7252,12.6548],[92.7253,12.6549],[92.7255,12.6549],[92.7258,12.6547],[92.726,12.6547],[92.726,12.6548],[92.7261,12.6549]]],[[[92.7128,12.6931],[92.7101,12.6957],[92.7082,12.6921],[92.7082,12.6865],[92.7119,12.687],[92.7089,12.6826],[92.7104,12.6803],[92.715,12.6897],[92.7151,12.6929],[92.7128,12.6931]]],[[[92.7224,12.693],[92.7193,12.6966],[92.7164,12.6859],[92.7224,12.693]]],[[[92.724,12.7362],[92.7217,12.7378],[92.7269,12.7273],[92.7287,12.7308],[92.726,12.7364],[92.724,12.7362]]],[[[92.6542,12.7705],[92.6543,12.7708],[92.6544,12.7711],[92.6543,12.7713],[92.6545,12.7716],[92.6546,12.7718],[92.6547,12.7719],[92.6548,12.7722],[92.655,12.7729],[92.6553,12.7736],[92.6554,12.7739],[92.6554,12.7741],[92.6552,12.7743],[92.6549,12.7743],[92.6548,12.7742],[92.6546,12.7739],[92.6544,12.7733],[92.6543,12.7728],[92.654,12.7723],[92.6537,12.7717],[92.6537,12.7713],[92.6539,12.7707],[92.654,12.7705],[92.6541,12.7705],[92.6542,12.7705]]],[[[92.7206,12.779],[92.7163,12.7883],[92.7163,12.7831],[92.7136,12.7793],[92.7183,12.7786],[92.7164,12.7723],[92.7237,12.7622],[92.7206,12.779]]],[[[92.7072,12.8302],[92.7055,12.8185],[92.7008,12.8151],[92.699,12.8051],[92.697,12.8056],[92.6991,12.803],[92.6949,12.8017],[92.6934,12.7978],[92.6984,12.7869],[92.7082,12.7749],[92.7121,12.7379],[92.7071,12.7318],[92.7082,12.7283],[92.7102,12.7293],[92.7108,12.7208],[92.7148,12.7216],[92.7163,12.7193],[92.7185,12.7263],[92.7155,12.7307],[92.7183,12.7322],[92.7158,12.7351],[92.717,12.7565],[92.7217,12.7428],[92.7246,12.7485],[92.7215,12.7603],[92.711,12.7773],[92.7127,12.7884],[92.7113,12.8183],[92.7137,12.8283],[92.7072,12.8302]]],[[[92.7259,12.8349],[92.7262,12.839],[92.7236,12.8322],[92.7259,12.8349]]],[[[92.7295,12.857],[92.7291,12.8569],[92.7289,12.8569],[92.7288,12.8568],[92.7285,12.8566],[92.7285,12.8566],[92.7282,12.8562],[92.7281,12.8559],[92.7281,12.8556],[92.7283,12.8552],[92.7285,12.8549],[92.7289,12.8549],[92.7292,12.855],[92.7295,12.8552],[92.7298,12.8554],[92.7297,12.8555],[92.7295,12.8556],[92.7298,12.8557],[92.7299,12.8559],[92.7302,12.8562],[92.7305,12.8565],[92.7304,12.8567],[92.7301,12.8569],[92.7297,12.8569],[92.7297,12.8569],[92.7295,12.857]]],[[[92.7624,12.8524],[92.7597,12.8599],[92.7567,12.8459],[92.765,12.8364],[92.7654,12.8498],[92.7624,12.8524]]],[[[92.726,12.8655],[92.7226,12.8642],[92.7204,12.8663],[92.7175,12.8625],[92.723,12.8598],[92.7167,12.8598],[92.7133,12.8557],[92.715,12.8534],[92.7112,12.8484],[92.7118,12.8434],[92.71,12.8445],[92.7068,12.8373],[92.7084,12.8336],[92.7112,12.8344],[92.711,12.8322],[92.7159,12.8338],[92.7197,12.8405],[92.7288,12.8619],[92.726,12.8655]]],[[[92.7797,12.8593],[92.7765,12.8642],[92.7729,12.8611],[92.7725,12.8569],[92.7725,12.862],[92.7689,12.8633],[92.7673,12.8519],[92.7745,12.8416],[92.7732,12.831],[92.7833,12.8246],[92.7845,12.8324],[92.7805,12.8399],[92.7797,12.8593]]],[[[92.7651,12.8701],[92.7645,12.8733],[92.7599,12.8686],[92.7631,12.8558],[92.7654,12.8566],[92.7637,12.8638],[92.7651,12.8701]]],[[[92.7879,12.8835],[92.791,12.8913],[92.7822,12.8931],[92.7812,12.8842],[92.7879,12.8835]]],[[[92.7502,12.891],[92.7522,12.8936],[92.7493,12.8974],[92.7479,12.8941],[92.7502,12.891]]],[[[92.8919,12.8972],[92.8924,12.8976],[92.8928,12.8981],[92.8928,12.8989],[92.8922,12.8993],[92.8913,12.8993],[92.8907,12.8988],[92.8905,12.8982],[92.8905,12.8975],[92.8913,12.8972],[92.8919,12.8972]]],[[[92.7561,12.9021],[92.7539,12.9146],[92.7522,12.901],[92.7545,12.9003],[92.752,12.8898],[92.7552,12.8926],[92.7561,12.9021]]],[[[92.7669,12.9165],[92.7672,12.9166],[92.7672,12.9169],[92.7672,12.9169],[92.7672,12.9172],[92.7671,12.9176],[92.7668,12.918],[92.7665,12.9179],[92.7664,12.9177],[92.7662,12.9175],[92.7661,12.9173],[92.7661,12.917],[92.7663,12.9167],[92.7666,12.9164],[92.7669,12.9165]]],[[[92.791,12.9155],[92.7798,12.9106],[92.7733,12.9115],[92.7738,12.9054],[92.7777,12.9027],[92.7882,12.9049],[92.7862,12.8983],[92.7817,12.8961],[92.7914,12.8922],[92.8001,12.8977],[92.7969,12.9006],[92.7956,12.9093],[92.791,12.9155]]],[[[92.8637,12.9132],[92.8637,12.9133],[92.8636,12.9137],[92.8635,12.9139],[92.8632,12.9141],[92.8631,12.9143],[92.863,12.9144],[92.8629,12.9145],[92.8627,12.9145],[92.8626,12.9143],[92.8625,12.9142],[92.8626,12.914],[92.8628,12.9138],[92.863,12.9137],[92.8632,12.9135],[92.8633,12.9133],[92.8634,12.9131],[92.8635,12.9131],[92.8636,12.913],[92.8637,12.9132]]],[[[92.7642,12.9181],[92.7664,12.9217],[92.7653,12.9265],[92.7612,12.9219],[92.7642,12.9181]]],[[[92.9097,12.9142],[92.9102,12.9143],[92.9104,12.9145],[92.9104,12.9148],[92.9104,12.9153],[92.9104,12.9158],[92.9106,12.9163],[92.9107,12.9166],[92.9106,12.9167],[92.9104,12.9167],[92.9102,12.9164],[92.9095,12.9157],[92.909,12.915],[92.9086,12.9148],[92.9083,12.9147],[92.9082,12.9145],[92.9082,12.9143],[92.9086,12.9141],[92.909,12.9141],[92.9097,12.9142]]],[[[92.9378,12.9181],[92.9339,12.9205],[92.9287,12.917],[92.9324,12.9157],[92.9337,12.9112],[92.9378,12.9181]]],[[[92.7721,12.9327],[92.7688,12.9288],[92.7714,12.9263],[92.7685,12.9247],[92.7716,12.9176],[92.7754,12.9276],[92.7747,12.9318],[92.7721,12.9327]]],[[[92.7644,12.9348],[92.7602,12.9371],[92.7589,12.9354],[92.7603,12.9278],[92.7629,12.9258],[92.7657,12.9287],[92.7644,12.9348]]],[[[92.9011,12.9109],[92.8977,12.9139],[92.8995,12.9229],[92.8966,12.9269],[92.8926,12.9167],[92.8974,12.9041],[92.8953,12.903],[92.8957,12.898],[92.8851,12.8933],[92.8781,12.8952],[92.8716,12.8928],[92.8699,12.8894],[92.8746,12.8848],[92.8736,12.8812],[92.8473,12.876],[92.8415,12.8752],[92.8388,12.8773],[92.8412,12.891],[92.8293,12.8847],[92.8219,12.896],[92.8079,12.8973],[92.8079,12.8904],[92.8059,12.8887],[92.8077,12.897],[92.8016,12.897],[92.7899,12.8895],[92.7913,12.8841],[92.7959,12.8846],[92.7964,12.8808],[92.7954,12.8844],[92.7913,12.88],[92.7926,12.8722],[92.7953,12.8701],[92.7918,12.87],[92.7917,12.8646],[92.7957,12.8655],[92.7999,12.8635],[92.7997,12.8609],[92.8044,12.861],[92.7996,12.8607],[92.7995,12.8633],[92.7958,12.8649],[92.7924,12.8636],[92.8002,12.8569],[92.8015,12.8515],[92.7991,12.8505],[92.7999,12.8485],[92.7999,12.8565],[92.7975,12.8569],[92.7983,12.8594],[92.794,12.863],[92.7879,12.8613],[92.7881,12.856],[92.79,12.8561],[92.789,12.8494],[92.7895,12.856],[92.7877,12.8555],[92.7866,12.8615],[92.7829,12.862],[92.7813,12.8599],[92.7808,12.841],[92.7852,12.8324],[92.7841,12.8245],[92.78,12.8238],[92.7814,12.8097],[92.787,12.8144],[92.7886,12.8288],[92.7872,12.8153],[92.7893,12.8155],[92.7914,12.812],[92.7933,12.814],[92.8,12.8127],[92.7975,12.8084],[92.7997,12.8047],[92.7967,12.8059],[92.799,12.8135],[92.7936,12.8136],[92.7915,12.8109],[92.7916,12.8001],[92.7946,12.7988],[92.7924,12.7959],[92.7941,12.7945],[92.7919,12.7936],[92.7931,12.7975],[92.7912,12.7979],[92.7942,12.7992],[92.7912,12.8005],[92.7896,12.8073],[92.7915,12.8095],[92.7891,12.8148],[92.7807,12.8079],[92.7796,12.7992],[92.7864,12.7864],[92.7828,12.7817],[92.7833,12.7759],[92.7868,12.7795],[92.7892,12.7755],[92.7926,12.7747],[92.7901,12.774],[92.7856,12.7787],[92.7871,12.7767],[92.7836,12.7758],[92.7828,12.7634],[92.7842,12.7678],[92.7821,12.7712],[92.7799,12.7635],[92.7834,12.7733],[92.7797,12.7768],[92.7823,12.7757],[92.7827,12.783],[92.7859,12.7865],[92.783,12.7885],[92.7789,12.7994],[92.7788,12.8247],[92.772,12.8309],[92.7725,12.8426],[92.766,12.8488],[92.7655,12.8364],[92.7619,12.8397],[92.7645,12.8335],[92.7622,12.829],[92.7657,12.8191],[92.7603,12.8264],[92.7546,12.8228],[92.7537,12.8178],[92.7529,12.8192],[92.7551,12.8238],[92.7631,12.8262],[92.7618,12.8291],[92.7639,12.8332],[92.7616,12.8356],[92.7613,12.8421],[92.7557,12.8473],[92.7521,12.8484],[92.753,12.8457],[92.7498,12.8458],[92.7465,12.8412],[92.7451,12.843],[92.7427,12.8392],[92.7423,12.8208],[92.7388,12.8372],[92.7367,12.8283],[92.7379,12.812],[92.7351,12.81],[92.7375,12.8045],[92.735,12.8074],[92.7351,12.8205],[92.7303,12.8364],[92.7258,12.8284],[92.722,12.8261],[92.72,12.7976],[92.7291,12.7995],[92.7309,12.8018],[92.7293,12.7993],[92.7319,12.7947],[92.7374,12.7959],[92.7359,12.7934],[92.7388,12.7911],[92.7355,12.7928],[92.7368,12.7843],[92.735,12.7835],[92.7375,12.7793],[92.7348,12.7831],[92.7349,12.7851],[92.7367,12.7843],[92.7353,12.7888],[92.7325,12.7895],[92.7349,12.7902],[92.7332,12.7926],[92.7354,12.7938],[92.7318,12.7935],[92.7309,12.7977],[92.7245,12.798],[92.7197,12.7904],[92.7245,12.7684],[92.7309,12.7537],[92.7294,12.7444],[92.7346,12.7381],[92.7365,12.7385],[92.7351,12.7398],[92.7373,12.737],[92.7402,12.7392],[92.7372,12.7352],[92.7414,12.7259],[92.7399,12.7252],[92.7456,12.723],[92.7396,12.7216],[92.7385,12.7177],[92.7401,12.7179],[92.7386,12.7039],[92.7416,12.7011],[92.7434,12.7067],[92.7416,12.7025],[92.7445,12.6993],[92.7435,12.702],[92.7342,12.6998],[92.7308,12.6962],[92.7325,12.6989],[92.7294,12.6988],[92.7311,12.6977],[92.7284,12.6979],[92.7274,12.6956],[92.7274,12.6924],[92.7323,12.6898],[92.7351,12.6843],[92.7318,12.675],[92.7429,12.6719],[92.752,12.6754],[92.7601,12.6717],[92.7682,12.6731],[92.7828,12.6928],[92.7844,12.7083],[92.7749,12.7174],[92.7813,12.7204],[92.7786,12.7288],[92.7816,12.734],[92.7767,12.7351],[92.7733,12.7299],[92.7761,12.7356],[92.7811,12.7353],[92.7823,12.7332],[92.7792,12.7285],[92.7825,12.7199],[92.7766,12.7173],[92.7888,12.7042],[92.7868,12.7006],[92.7877,12.6918],[92.7907,12.6881],[92.7921,12.6904],[92.7928,12.6874],[92.7895,12.6804],[92.7954,12.6793],[92.7968,12.6753],[92.7951,12.6712],[92.789,12.6713],[92.7868,12.667],[92.7929,12.663],[92.7966,12.6655],[92.7989,12.6615],[92.7927,12.6534],[92.7879,12.6523],[92.7854,12.6555],[92.7814,12.6538],[92.7807,12.6561],[92.78,12.6544],[92.7797,12.6312],[92.7858,12.6248],[92.7828,12.6183],[92.7798,12.5943],[92.7773,12.5909],[92.7787,12.5802],[92.7762,12.5906],[92.7796,12.5951],[92.7821,12.6068],[92.7812,12.6228],[92.7841,12.6248],[92.7786,12.6299],[92.7782,12.6382],[92.776,12.6379],[92.7753,12.6309],[92.7693,12.6285],[92.766,12.6319],[92.7617,12.6249],[92.765,12.6323],[92.7696,12.6293],[92.7747,12.6314],[92.7751,12.6381],[92.7782,12.6413],[92.7781,12.6604],[92.773,12.6706],[92.7618,12.6683],[92.7521,12.6722],[92.7504,12.6665],[92.7428,12.6678],[92.7399,12.6604],[92.7326,12.6573],[92.7351,12.639],[92.7271,12.6362],[92.7237,12.6264],[92.7202,12.6263],[92.723,12.6232],[92.7235,12.6203],[92.7209,12.619],[92.7234,12.6174],[92.7223,12.6155],[92.7231,12.6175],[92.7197,12.6186],[92.7213,12.6278],[92.7176,12.6438],[92.714,12.6425],[92.7135,12.632],[92.7102,12.6274],[92.712,12.6229],[92.7024,12.6049],[92.7017,12.613],[92.693,12.6066],[92.6856,12.6145],[92.6838,12.6092],[92.6853,12.6021],[92.702,12.6013],[92.7026,12.5978],[92.7071,12.5942],[92.7032,12.5896],[92.7038,12.5865],[92.7064,12.5859],[92.7041,12.5793],[92.708,12.5761],[92.7044,12.5653],[92.7091,12.5603],[92.708,12.5514],[92.7116,12.5502],[92.7107,12.5455],[92.7125,12.5445],[92.7083,12.547],[92.7074,12.5441],[92.7041,12.5443],[92.7036,12.5394],[92.7057,12.5384],[92.7003,12.5335],[92.7002,12.5318],[92.7028,12.5358],[92.702,12.5287],[92.7005,12.5298],[92.6991,12.5255],[92.7017,12.5216],[92.6983,12.5189],[92.7002,12.516],[92.6956,12.5143],[92.693,12.5161],[92.7006,12.5112],[92.702,12.4998],[92.708,12.4926],[92.6983,12.4684],[92.7017,12.459],[92.7046,12.457],[92.7055,12.4493],[92.7011,12.4455],[92.7021,12.4355],[92.6977,12.4252],[92.6996,12.4087],[92.6972,12.3893],[92.6989,12.3797],[92.6995,12.3813],[92.7032,12.38],[92.7024,12.3752],[92.7052,12.3711],[92.6994,12.3663],[92.7009,12.3576],[92.6991,12.3281],[92.7014,12.3273],[92.7036,12.332],[92.7086,12.33],[92.7073,12.3165],[92.7099,12.3103],[92.7144,12.3143],[92.7192,12.3003],[92.729,12.3031],[92.7341,12.3007],[92.7415,12.3021],[92.7438,12.2993],[92.7471,12.3009],[92.754,12.2966],[92.7571,12.2987],[92.7564,12.3036],[92.7631,12.3146],[92.7639,12.3128],[92.7647,12.3223],[92.7622,12.3052],[92.7636,12.3019],[92.7705,12.318],[92.7688,12.3222],[92.7689,12.3269],[92.7715,12.3274],[92.7691,12.3304],[92.7717,12.3325],[92.7702,12.3339],[92.7719,12.3323],[92.7693,12.3305],[92.7717,12.3275],[92.769,12.3267],[92.7692,12.3209],[92.7748,12.3176],[92.7762,12.3233],[92.7798,12.3233],[92.7765,12.3232],[92.7764,12.319],[92.772,12.3169],[92.782,12.3191],[92.7744,12.3159],[92.7784,12.3133],[92.7904,12.3118],[92.7922,12.3141],[92.7907,12.3116],[92.7941,12.3065],[92.8016,12.3134],[92.8096,12.3158],[92.8312,12.3029],[92.8368,12.3066],[92.8335,12.3087],[92.8371,12.3068],[92.8472,12.3085],[92.8553,12.3145],[92.8553,12.3182],[92.8535,12.3179],[92.8565,12.3187],[92.8546,12.3196],[92.8599,12.3193],[92.8603,12.3237],[92.8565,12.3284],[92.8512,12.3262],[92.848,12.3283],[92.8473,12.326],[92.8453,12.329],[92.8425,12.3266],[92.8408,12.3314],[92.8316,12.3357],[92.8428,12.3302],[92.8423,12.327],[92.8452,12.3294],[92.8472,12.3263],[92.8481,12.3285],[92.854,12.327],[92.8578,12.3297],[92.8545,12.3325],[92.8568,12.3406],[92.8592,12.3355],[92.8594,12.3421],[92.8564,12.3451],[92.8529,12.343],[92.8535,12.3409],[92.8476,12.3437],[92.8548,12.343],[92.8568,12.3454],[92.8596,12.3423],[92.8597,12.3365],[92.864,12.3364],[92.8648,12.3393],[92.8635,12.336],[92.8655,12.3336],[92.8679,12.3363],[92.8657,12.3333],[92.8691,12.3314],[92.8701,12.3335],[92.8712,12.3301],[92.8864,12.335],[92.878,12.3333],[92.8738,12.3371],[92.873,12.3354],[92.8734,12.3374],[92.8774,12.3338],[92.877,12.3353],[92.8797,12.3349],[92.8793,12.345],[92.8858,12.3435],[92.894,12.3342],[92.8987,12.3339],[92.8946,12.3368],[92.8951,12.3393],[92.8902,12.3441],[92.8897,12.3502],[92.8855,12.3515],[92.8831,12.3572],[92.8777,12.3598],[92.8762,12.3556],[92.8717,12.353],[92.8678,12.3577],[92.8679,12.3619],[92.86,12.3612],[92.8559,12.3671],[92.8463,12.3654],[92.8479,12.361],[92.8465,12.3639],[92.8444,12.3633],[92.8455,12.3645],[92.8433,12.365],[92.8454,12.3634],[92.8506,12.3678],[92.8532,12.3659],[92.8585,12.3679],[92.8591,12.3704],[92.8516,12.3796],[92.8503,12.3857],[92.846,12.3853],[92.8438,12.3796],[92.8459,12.3813],[92.8437,12.3827],[92.8464,12.3891],[92.8421,12.392],[92.8446,12.3879],[92.8424,12.391],[92.8398,12.3908],[92.8412,12.3855],[92.8385,12.3837],[92.8373,12.389],[92.8354,12.384],[92.8297,12.3831],[92.8281,12.3812],[92.8299,12.3785],[92.8273,12.3788],[92.8228,12.3744],[92.8246,12.3765],[92.8199,12.3793],[92.8248,12.3766],[92.8298,12.3786],[92.8279,12.3816],[92.8325,12.3836],[92.8322,12.3859],[92.8351,12.3843],[92.8373,12.3896],[92.8386,12.3841],[92.8406,12.3855],[92.8387,12.39],[92.8413,12.3916],[92.8343,12.3948],[92.8352,12.3918],[92.8341,12.3938],[92.8292,12.3921],[92.8309,12.3913],[92.834,12.3951],[92.8379,12.3941],[92.8374,12.3974],[92.8322,12.3983],[92.8322,12.4008],[92.8274,12.3944],[92.8245,12.3936],[92.8217,12.3961],[92.8218,12.3911],[92.8194,12.3893],[92.8217,12.3913],[92.8216,12.3963],[92.8248,12.3938],[92.8284,12.3962],[92.8249,12.3973],[92.8288,12.397],[92.8261,12.4019],[92.8252,12.3991],[92.8214,12.4025],[92.8253,12.3993],[92.8261,12.4023],[92.8286,12.3981],[92.8323,12.402],[92.8339,12.3983],[92.8372,12.3988],[92.84,12.4045],[92.8366,12.4046],[92.8367,12.4065],[92.8372,12.4041],[92.8398,12.4053],[92.8382,12.4088],[92.8285,12.4105],[92.8236,12.4085],[92.8228,12.4134],[92.8231,12.4104],[92.8164,12.41],[92.8174,12.4142],[92.8155,12.4166],[92.8153,12.4134],[92.8102,12.41],[92.804,12.4114],[92.8034,12.4046],[92.8013,12.4059],[92.7989,12.4009],[92.8011,12.4061],[92.8031,12.4047],[92.8039,12.4119],[92.8108,12.4108],[92.8135,12.4161],[92.8127,12.4124],[92.8152,12.414],[92.8155,12.4172],[92.8179,12.4152],[92.8172,12.4108],[92.8228,12.4111],[92.8224,12.4142],[92.8251,12.4097],[92.8304,12.4126],[92.8301,12.41],[92.8337,12.4107],[92.8312,12.4184],[92.8258,12.4162],[92.828,12.4161],[92.8292,12.4199],[92.8247,12.4189],[92.8204,12.4257],[92.8151,12.4251],[92.817,12.4223],[92.8147,12.4251],[92.8207,12.4261],[92.8214,12.4228],[92.8265,12.4193],[92.8294,12.4284],[92.8093,12.4339],[92.8048,12.4389],[92.7944,12.4363],[92.7928,12.4378],[92.7922,12.436],[92.787,12.4373],[92.7924,12.4364],[92.7933,12.4464],[92.7899,12.45],[92.7896,12.4471],[92.7871,12.4469],[92.7898,12.448],[92.7888,12.4535],[92.7942,12.4542],[92.7921,12.4549],[92.7935,12.4583],[92.7913,12.4603],[92.7908,12.4558],[92.7912,12.4605],[92.7947,12.4541],[92.7889,12.4528],[92.7932,12.4476],[92.7952,12.4497],[92.7972,12.4541],[92.7954,12.4605],[92.798,12.4642],[92.7916,12.4688],[92.7862,12.4668],[92.7813,12.4695],[92.7795,12.4625],[92.7773,12.4631],[92.7781,12.4603],[92.7771,12.4631],[92.7794,12.4629],[92.7815,12.4686],[92.7735,12.469],[92.7716,12.4712],[92.7864,12.4672],[92.7907,12.4693],[92.7852,12.4748],[92.7902,12.4814],[92.7864,12.4841],[92.7898,12.4837],[92.7905,12.4809],[92.7855,12.4749],[92.7993,12.4648],[92.7969,12.461],[92.7988,12.4553],[92.795,12.4454],[92.7956,12.4381],[92.8037,12.4413],[92.8092,12.4363],[92.8193,12.4351],[92.8191,12.4369],[92.8157,12.4357],[92.81,12.4429],[92.8161,12.4449],[92.8122,12.4461],[92.8112,12.449],[92.8135,12.4504],[92.8156,12.4472],[92.8175,12.4493],[92.8156,12.4548],[92.818,12.4492],[92.8159,12.447],[92.8128,12.45],[92.8119,12.4485],[92.8166,12.4448],[92.8105,12.443],[92.8213,12.4342],[92.8353,12.4309],[92.8407,12.4374],[92.8363,12.4365],[92.8349,12.4389],[92.8322,12.4385],[92.8331,12.4411],[92.8286,12.4422],[92.8335,12.4412],[92.8332,12.4387],[92.8358,12.4438],[92.8352,12.4395],[92.8377,12.4394],[92.8358,12.4413],[92.838,12.4394],[92.8363,12.4375],[92.8415,12.4376],[92.8368,12.4309],[92.8454,12.4236],[92.851,12.4245],[92.8507,12.4289],[92.849,12.428],[92.8506,12.4292],[92.8526,12.4241],[92.8591,12.4243],[92.856,12.4343],[92.8593,12.437],[92.8564,12.4346],[92.8581,12.4267],[92.8641,12.4265],[92.8707,12.4215],[92.8738,12.4137],[92.8845,12.4247],[92.8831,12.4285],[92.8821,12.4273],[92.8845,12.4314],[92.885,12.4257],[92.8884,12.4265],[92.885,12.4254],[92.8854,12.4222],[92.8952,12.4157],[92.8985,12.4171],[92.8843,12.4363],[92.8745,12.4315],[92.8723,12.434],[92.8778,12.4321],[92.8831,12.4367],[92.8772,12.4408],[92.876,12.4383],[92.8748,12.4428],[92.872,12.4403],[92.8629,12.4469],[92.8625,12.4455],[92.8601,12.4499],[92.8484,12.4582],[92.844,12.4654],[92.8392,12.4646],[92.8436,12.4657],[92.838,12.4716],[92.84,12.4759],[92.837,12.476],[92.8346,12.4803],[92.8318,12.4808],[92.8341,12.4757],[92.8299,12.4719],[92.8325,12.4697],[92.8321,12.4729],[92.833,12.4696],[92.8301,12.4707],[92.8304,12.4747],[92.8288,12.4718],[92.8254,12.4722],[92.8285,12.4719],[92.8292,12.4749],[92.8333,12.4756],[92.8313,12.4803],[92.8332,12.4817],[92.8374,12.4762],[92.8406,12.4766],[92.8384,12.4738],[92.8403,12.4716],[92.8421,12.4795],[92.8337,12.4886],[92.8244,12.4824],[92.8156,12.4869],[92.8244,12.4831],[92.8326,12.4894],[92.8353,12.4868],[92.8366,12.4914],[92.8222,12.5004],[92.8373,12.4935],[92.8345,12.4963],[92.8354,12.5014],[92.8352,12.4966],[92.8381,12.4918],[92.8372,12.4856],[92.843,12.4805],[92.8429,12.4709],[92.8532,12.4575],[92.8546,12.4614],[92.8518,12.4679],[92.8543,12.4718],[92.8524,12.468],[92.8537,12.4626],[92.8565,12.4649],[92.8589,12.4596],[92.8629,12.4585],[92.859,12.4616],[92.8621,12.4654],[92.859,12.4654],[92.859,12.4673],[92.8593,12.4656],[92.8626,12.4658],[92.8596,12.4619],[92.8637,12.4592],[92.8586,12.4588],[92.8555,12.4641],[92.8554,12.4569],[92.8685,12.4463],[92.8702,12.4476],[92.8672,12.4544],[92.8709,12.4554],[92.8716,12.4578],[92.8687,12.4571],[92.8717,12.4583],[92.8711,12.455],[92.8678,12.4542],[92.8709,12.4483],[92.8754,12.4468],[92.8808,12.4505],[92.8755,12.453],[92.8759,12.4563],[92.8756,12.4533],[92.8808,12.4521],[92.8851,12.4565],[92.8778,12.4582],[92.881,12.4646],[92.8784,12.4672],[92.8814,12.469],[92.88,12.4712],[92.8797,12.4684],[92.8782,12.4694],[92.8795,12.4684],[92.8799,12.4715],[92.8816,12.4689],[92.8787,12.4671],[92.8829,12.4667],[92.8784,12.4582],[92.8811,12.4569],[92.8835,12.4587],[92.886,12.4567],[92.8769,12.445],[92.8834,12.4426],[92.888,12.4473],[92.8853,12.447],[92.8855,12.4495],[92.8859,12.4471],[92.8957,12.4495],[92.8954,12.4545],[92.8925,12.4538],[92.8904,12.4579],[92.8847,12.4605],[92.8879,12.4642],[92.8853,12.46],[92.8983,12.4525],[92.8954,12.448],[92.8897,12.448],[92.8842,12.4419],[92.8905,12.437],[92.8941,12.4386],[92.8946,12.4361],[92.8968,12.4387],[92.8946,12.436],[92.8943,12.4384],[92.8907,12.4367],[92.8961,12.4297],[92.9078,12.4211],[92.9055,12.4075],[92.9104,12.4062],[92.9145,12.4069],[92.9187,12.4237],[92.9178,12.4303],[92.9223,12.4353],[92.9176,12.4372],[92.9179,12.4413],[92.913,12.4409],[92.9133,12.4436],[92.9105,12.4446],[92.9077,12.4429],[92.9088,12.4382],[92.9079,12.4441],[92.9146,12.4446],[92.9117,12.4462],[92.9143,12.4481],[92.9122,12.4508],[92.9145,12.448],[92.9121,12.4462],[92.9168,12.4428],[92.9193,12.4444],[92.922,12.4425],[92.9303,12.4494],[92.9377,12.4482],[92.9445,12.4566],[92.943,12.461],[92.9558,12.4671],[92.9573,12.4731],[92.9502,12.4761],[92.9444,12.4727],[92.9419,12.4673],[92.9387,12.4693],[92.9335,12.466],[92.9213,12.465],[92.9192,12.4729],[92.9152,12.4732],[92.9165,12.4766],[92.9147,12.4778],[92.9116,12.4712],[92.9069,12.4694],[92.9075,12.4674],[92.9055,12.4708],[92.9111,12.4713],[92.9136,12.476],[92.9121,12.4785],[92.908,12.4753],[92.9064,12.4776],[92.908,12.4755],[92.9118,12.4789],[92.9192,12.4764],[92.9198,12.4833],[92.9175,12.4815],[92.9137,12.4839],[92.9136,12.487],[92.9176,12.4818],[92.918,12.4839],[92.9202,12.4831],[92.9206,12.48],[92.9182,12.4783],[92.9195,12.4763],[92.9171,12.477],[92.9159,12.4739],[92.92,12.4731],[92.9208,12.4662],[92.9324,12.4677],[92.9335,12.4715],[92.9295,12.4766],[92.9258,12.4771],[92.9312,12.478],[92.9294,12.4773],[92.929,12.4795],[92.9324,12.4849],[92.9263,12.4886],[92.9287,12.4894],[92.9269,12.4906],[92.929,12.4893],[92.9266,12.4888],[92.9326,12.4854],[92.9324,12.4821],[92.9361,12.4816],[92.9404,12.4853],[92.9457,12.4998],[92.9594,12.4868],[92.9628,12.4882],[92.9635,12.4937],[92.9684,12.4966],[92.9655,12.5009],[92.9533,12.5022],[92.9493,12.5059],[92.9567,12.5077],[92.9631,12.5137],[92.9613,12.5212],[92.9666,12.5227],[92.9724,12.5311],[92.9737,12.5428],[92.9692,12.5591],[92.962,12.573],[92.9591,12.5758],[92.9577,12.5715],[92.9541,12.5722],[92.958,12.5735],[92.9602,12.5839],[92.9559,12.5922],[92.9545,12.6026],[92.9566,12.6201],[92.9558,12.6215],[92.9555,12.6177],[92.9537,12.6197],[92.9543,12.6104],[92.9515,12.612],[92.9539,12.609],[92.953,12.6002],[92.9484,12.6065],[92.947,12.617],[92.9411,12.6224],[92.9435,12.6243],[92.9411,12.6265],[92.9459,12.6309],[92.9561,12.6249],[92.9563,12.6405],[92.9615,12.6587],[92.9602,12.6695],[92.964,12.6764],[92.9624,12.6845],[92.9648,12.6939],[92.9564,12.6972],[92.9633,12.701],[92.9639,12.7084],[92.9697,12.7128],[92.965,12.712],[92.9709,12.7136],[92.9774,12.7081],[92.9792,12.7097],[92.9765,12.7174],[92.9729,12.7203],[92.9655,12.7181],[92.9668,12.7201],[92.9622,12.7268],[92.9675,12.7402],[92.9611,12.7472],[92.9601,12.7546],[92.9509,12.7569],[92.9472,12.7622],[92.9479,12.7702],[92.9385,12.7667],[92.9326,12.7735],[92.9316,12.7721],[92.9301,12.7745],[92.9289,12.7731],[92.9261,12.7747],[92.929,12.778],[92.9304,12.7761],[92.9302,12.7805],[92.9323,12.7753],[92.9334,12.7841],[92.9473,12.7933],[92.9477,12.8],[92.9521,12.8081],[92.9425,12.826],[92.9463,12.8371],[92.9421,12.8376],[92.9438,12.8351],[92.9418,12.8321],[92.9382,12.8344],[92.9321,12.8337],[92.9322,12.8306],[92.9368,12.8262],[92.9363,12.8203],[92.9317,12.8209],[92.9285,12.8307],[92.9277,12.8276],[92.9251,12.8271],[92.9208,12.8304],[92.9267,12.8331],[92.9322,12.8412],[92.9342,12.8406],[92.9338,12.8436],[92.9358,12.8422],[92.9374,12.8439],[92.9396,12.8553],[92.9343,12.8542],[92.9258,12.8584],[92.9264,12.8624],[92.928,12.8592],[92.9279,12.8647],[92.9242,12.8839],[92.9137,12.8896],[92.9106,12.8857],[92.9057,12.8867],[92.9125,12.8999],[92.9099,12.8976],[92.9096,12.9033],[92.9208,12.9098],[92.9221,12.9155],[92.9113,12.9086],[92.9057,12.9105],[92.9036,12.9146],[92.9012,12.9148],[92.9032,12.9114],[92.9011,12.9109]]],[[[92.8645,12.9311],[92.8604,12.9332],[92.858,12.9292],[92.8639,12.9179],[92.8722,12.9168],[92.8686,12.9262],[92.8721,12.9296],[92.8819,12.9226],[92.8845,12.9241],[92.8732,12.9321],[92.8707,12.93],[92.8645,12.9311]]],[[[92.67,12.9479],[92.6701,12.9479],[92.6702,12.9479],[92.6703,12.948],[92.6705,12.9481],[92.6706,12.9481],[92.6706,12.9482],[92.6708,12.9483],[92.6708,12.9483],[92.6708,12.9484],[92.6707,12.9484],[92.6705,12.9484],[92.6705,12.9484],[92.6702,12.9483],[92.67,12.9483],[92.6699,12.9482],[92.6699,12.9481],[92.6698,12.948],[92.6698,12.948],[92.6698,12.9479],[92.6699,12.9479],[92.6699,12.9479],[92.67,12.9479]]],[[[92.6703,12.9496],[92.6702,12.9497],[92.6701,12.9498],[92.6701,12.9499],[92.67,12.9499],[92.6699,12.95],[92.6698,12.95],[92.6698,12.9501],[92.6696,12.9501],[92.6696,12.9501],[92.6694,12.95],[92.6693,12.95],[92.6692,12.9499],[92.6693,12.9498],[92.6693,12.9497],[92.6694,12.9496],[92.6695,12.9495],[92.6695,12.9494],[92.6695,12.9493],[92.6694,12.9493],[92.6694,12.9492],[92.6693,12.9492],[92.6693,12.9492],[92.6693,12.9492],[92.6692,12.9491],[92.6692,12.9491],[92.6692,12.949],[92.6692,12.949],[92.6692,12.9489],[92.6692,12.9489],[92.6692,12.9488],[92.6692,12.9488],[92.6693,12.9488],[92.6694,12.9488],[92.6694,12.9488],[92.6695,12.9489],[92.6696,12.9488],[92.6696,12.9488],[92.6696,12.9487],[92.6696,12.9486],[92.6697,12.9486],[92.6697,12.9486],[92.6698,12.9486],[92.6698,12.9485],[92.6699,12.9486],[92.6701,12.9487],[92.6702,12.9487],[92.6702,12.9488],[92.6703,12.9488],[92.6703,12.9488],[92.6704,12.9488],[92.6705,12.9488],[92.6706,12.9488],[92.6706,12.9487],[92.6706,12.9487],[92.6706,12.9486],[92.6706,12.9486],[92.6706,12.9485],[92.6706,12.9485],[92.6707,12.9484],[92.6707,12.9484],[92.6709,12.9485],[92.671,12.9486],[92.6711,12.9486],[92.6712,12.9486],[92.6713,12.9486],[92.6714,12.9485],[92.6714,12.9485],[92.6716,12.9485],[92.6716,12.9485],[92.6717,12.9485],[92.6718,12.9486],[92.6718,12.9486],[92.6718,12.9487],[92.6718,12.9488],[92.6718,12.9489],[92.6718,12.949],[92.6717,12.949],[92.6717,12.9491],[92.6717,12.9492],[92.6718,12.9493],[92.6719,12.9494],[92.672,12.9495],[92.672,12.9496],[92.672,12.9497],[92.6719,12.9497],[92.6718,12.9498],[92.6717,12.9499],[92.6715,12.9499],[92.6711,12.9499],[92.671,12.9499],[92.6708,12.9498],[92.6708,12.9498],[92.6706,12.9497],[92.6706,12.9497],[92.6704,12.9496],[92.6704,12.9496],[92.6703,12.9496]]],[[[92.6753,12.9492],[92.6753,12.9495],[92.6752,12.9496],[92.6751,12.9497],[92.6749,12.9498],[92.6747,12.9499],[92.6745,12.9499],[92.6744,12.9499],[92.6742,12.9499],[92.6739,12.9498],[92.6736,12.9498],[92.6732,12.9497],[92.6729,12.9496],[92.6728,12.9496],[92.6725,12.9495],[92.6723,12.9494],[92.6721,12.9493],[92.672,12.9492],[92.6719,12.949],[92.672,12.9488],[92.6721,12.9486],[92.6723,12.9486],[92.6724,12.9486],[92.6726,12.9486],[92.6726,12.9486],[92.6727,12.9487],[92.6729,12.9488],[92.673,12.9489],[92.673,12.9489],[92.6731,12.9489],[92.6735,12.9489],[92.6737,12.949],[92.674,12.949],[92.6742,12.9491],[92.6743,12.9491],[92.6744,12.9491],[92.6745,12.9491],[92.6745,12.949],[92.6745,12.9487],[92.6744,12.9485],[92.6746,12.9485],[92.6749,12.9487],[92.6752,12.949],[92.6753,12.9492]]],[[[92.667,12.9514],[92.667,12.9514],[92.6669,12.9514],[92.6668,12.9514],[92.6667,12.9514],[92.6667,12.9514],[92.6665,12.9514],[92.6664,12.9514],[92.6663,12.9513],[92.6662,12.9513],[92.6661,12.9512],[92.666,12.9512],[92.666,12.9511],[92.666,12.9509],[92.666,12.9508],[92.6661,12.9507],[92.6661,12.9506],[92.666,12.9506],[92.666,12.9505],[92.666,12.9504],[92.666,12.9503],[92.6662,12.9502],[92.6663,12.9502],[92.6665,12.9502],[92.6668,12.9502],[92.667,12.9502],[92.6671,12.9501],[92.6672,12.9499],[92.6674,12.9498],[92.6676,12.9499],[92.6678,12.9499],[92.6679,12.9498],[92.668,12.9496],[92.668,12.9496],[92.6682,12.9496],[92.6683,12.9497],[92.6683,12.9498],[92.6684,12.95],[92.6684,12.9501],[92.6684,12.9503],[92.6683,12.9503],[92.6682,12.9505],[92.6682,12.9506],[92.6681,12.9508],[92.6681,12.9509],[92.6681,12.9509],[92.6681,12.951],[92.6681,12.951],[92.6681,12.9511],[92.6681,12.9512],[92.668,12.9513],[92.6679,12.9513],[92.6678,12.9513],[92.6676,12.9512],[92.6675,12.9512],[92.6674,12.9511],[92.6673,12.9512],[92.6673,12.9513],[92.6671,12.9514],[92.6671,12.9514],[92.667,12.9514]]],[[[92.6673,12.9523],[92.6673,12.9523],[92.6672,12.9523],[92.6671,12.9524],[92.6669,12.9523],[92.6669,12.9523],[92.6669,12.9523],[92.6668,12.9522],[92.6668,12.9522],[92.6667,12.9521],[92.6667,12.952],[92.6668,12.9519],[92.6668,12.9519],[92.6669,12.9519],[92.667,12.9519],[92.667,12.9519],[92.6671,12.9519],[92.6672,12.9518],[92.6673,12.9517],[92.6674,12.9516],[92.6675,12.9516],[92.6675,12.9516],[92.6676,12.9516],[92.6677,12.9516],[92.6678,12.9516],[92.6679,12.9516],[92.6679,12.9516],[92.6679,12.9517],[92.668,12.9518],[92.668,12.9518],[92.6679,12.9519],[92.6678,12.9521],[92.6677,12.9522],[92.6676,12.9522],[92.6674,12.9523],[92.6673,12.9523]]],[[[92.6706,12.9519],[92.6705,12.9521],[92.6704,12.9522],[92.6702,12.9524],[92.6702,12.9525],[92.6701,12.9525],[92.67,12.9525],[92.6699,12.9523],[92.67,12.9521],[92.67,12.952],[92.6699,12.9519],[92.6699,12.9519],[92.6698,12.9519],[92.6694,12.952],[92.6693,12.952],[92.6692,12.952],[92.6691,12.9519],[92.669,12.9518],[92.6689,12.9517],[92.6688,12.9516],[92.6688,12.9515],[92.6687,12.9513],[92.6687,12.9511],[92.6687,12.9509],[92.6687,12.9507],[92.6687,12.9506],[92.6688,12.9504],[92.6689,12.9503],[92.669,12.9503],[92.6692,12.9503],[92.6693,12.9503],[92.6696,12.9504],[92.6697,12.9504],[92.6701,12.9503],[92.6702,12.9503],[92.6703,12.9502],[92.6704,12.9502],[92.6706,12.9502],[92.6707,12.9502],[92.6707,12.9503],[92.6707,12.9504],[92.6706,12.9506],[92.6705,12.9507],[92.6704,12.9508],[92.6704,12.951],[92.6703,12.9512],[92.6703,12.9514],[92.6704,12.9514],[92.6705,12.9514],[92.6706,12.9513],[92.6707,12.9514],[92.6707,12.9516],[92.6707,12.9518],[92.6706,12.9519]]],[[[92.6691,12.9523],[92.6693,12.9524],[92.6693,12.9524],[92.6695,12.9525],[92.6695,12.9526],[92.6696,12.9527],[92.6697,12.9528],[92.6697,12.9529],[92.6697,12.953],[92.6697,12.9531],[92.6696,12.9532],[92.6694,12.9533],[92.6692,12.9533],[92.6691,12.9533],[92.669,12.9533],[92.669,12.9532],[92.6689,12.9532],[92.6689,12.9532],[92.6688,12.9532],[92.6688,12.9531],[92.6687,12.9531],[92.6687,12.9529],[92.6686,12.9528],[92.6686,12.9528],[92.6686,12.9528],[92.6686,12.9527],[92.6686,12.9527],[92.6686,12.9526],[92.6686,12.9526],[92.6687,12.9525],[92.6687,12.9525],[92.6687,12.9524],[92.6688,12.9524],[92.6689,12.9524],[92.6691,12.9523]]],[[[92.8908,12.9379],[92.8903,12.9379],[92.8897,12.9379],[92.8893,12.938],[92.8889,12.9379],[92.8887,12.9375],[92.8883,12.9371],[92.888,12.9366],[92.8878,12.9362],[92.8879,12.9359],[92.888,12.9357],[92.8878,12.9351],[92.8876,12.9347],[92.8877,12.9345],[92.888,12.9345],[92.8885,12.9349],[92.8891,12.9353],[92.8895,12.9358],[92.8898,12.9363],[92.8902,12.9364],[92.8912,12.9366],[92.8914,12.937],[92.8914,12.9376],[92.8908,12.9379]]],[[[92.669,12.9541],[92.6684,12.9562],[92.6665,12.9533],[92.669,12.9541]]],[[[92.9623,12.9479],[92.9574,12.9491],[92.95,12.9406],[92.9692,12.9454],[92.9623,12.9479]]],[[[92.6946,12.9915],[92.6874,12.9903],[92.6821,12.9851],[92.6784,12.9784],[92.6795,12.9754],[92.6702,12.966],[92.6678,12.9573],[92.6713,12.9503],[92.6792,12.9487],[92.6773,12.9483],[92.6787,12.9423],[92.676,12.9403],[92.6753,12.934],[92.6733,12.9346],[92.6716,12.9309],[92.6734,12.9294],[92.6696,12.9239],[92.6699,12.9048],[92.6645,12.9026],[92.6664,12.8966],[92.6639,12.882],[92.6558,12.8699],[92.6503,12.8675],[92.6498,12.8601],[92.6469,12.8619],[92.6538,12.836],[92.66,12.8281],[92.6603,12.8176],[92.6649,12.8119],[92.6643,12.7999],[92.6621,12.7964],[92.6589,12.7976],[92.6574,12.7955],[92.6664,12.7912],[92.6671,12.7832],[92.6742,12.8082],[92.6814,12.8094],[92.6878,12.8171],[92.6853,12.8245],[92.6866,12.8264],[92.6833,12.8299],[92.6743,12.8228],[92.6765,12.83],[92.6734,12.8321],[92.6779,12.8321],[92.6708,12.8378],[92.6749,12.8362],[92.6745,12.8383],[92.6784,12.8393],[92.6826,12.8362],[92.691,12.8352],[92.6998,12.8408],[92.7027,12.8451],[92.7025,12.8532],[92.7136,12.8634],[92.7185,12.8756],[92.7169,12.8781],[92.7125,12.878],[92.7114,12.8825],[92.7077,12.8836],[92.7039,12.8771],[92.7015,12.8778],[92.7038,12.8774],[92.7071,12.8841],[92.7179,12.8815],[92.7204,12.8897],[92.7213,12.8983],[92.7194,12.8994],[92.7217,12.9037],[92.7185,12.9156],[92.7195,12.9201],[92.7138,12.9229],[92.7202,12.9251],[92.7212,12.9447],[92.7191,12.9476],[92.7172,12.9436],[92.7139,12.9429],[92.7095,12.9462],[92.7133,12.9436],[92.7167,12.9507],[92.719,12.9811],[92.7165,12.9833],[92.7121,12.9827],[92.713,12.9804],[92.7088,12.9801],[92.7097,12.9782],[92.7086,12.9802],[92.7126,12.9805],[92.7115,12.9825],[92.7134,12.9837],[92.7084,12.9869],[92.7097,12.9883],[92.705,12.9901],[92.6998,12.988],[92.6946,12.9915]]],[[[93.0052,12.997],[93.0011,12.9971],[92.9922,12.9913],[92.9844,12.9941],[92.9882,12.9849],[92.9846,12.9849],[92.983,12.9807],[92.9788,12.9798],[92.9809,12.9766],[92.9752,12.9743],[92.9716,12.9665],[92.9657,12.9694],[92.9644,12.9754],[92.9594,12.9788],[92.9616,12.9816],[92.9672,12.9823],[92.9597,12.9889],[92.9509,12.9807],[92.9603,12.9753],[92.96,12.9726],[92.9645,12.9692],[92.9613,12.9673],[92.9637,12.9638],[92.9614,12.9624],[92.9579,12.9622],[92.953,12.9676],[92.9542,12.959],[92.961,12.9551],[92.9709,12.9553],[92.9745,12.9445],[92.9689,12.9443],[92.9719,12.9363],[92.9781,12.9331],[92.9813,12.9354],[92.9787,12.9484],[92.9866,12.9544],[92.9863,12.9566],[92.9798,12.9577],[92.9749,12.9637],[92.9694,12.9624],[92.9847,12.9746],[92.9916,12.9861],[92.9984,12.9889],[93.0052,12.997]]],[[[92.9865,12.9989],[92.9868,12.999],[92.9872,12.9991],[92.9877,12.9994],[92.9878,12.9996],[92.9879,12.9996],[92.9879,12.9999],[92.9882,13.0004],[92.9881,13.0007],[92.9879,13.0008],[92.9878,13.0011],[92.9876,13.0012],[92.9875,13.0012],[92.9873,13.0011],[92.9871,13.001],[92.9868,13.0009],[92.9865,13.0008],[92.9863,13.0008],[92.986,13.0007],[92.9857,13.0006],[92.9855,13.0003],[92.9855,12.9995],[92.9856,12.999],[92.9858,12.9988],[92.9861,12.9988],[92.9865,12.9989]]],[[[92.9284,13.0239],[92.9243,13.0289],[92.9212,13.0289],[92.9212,13.0218],[92.9146,13.0153],[92.9165,13.0077],[92.9243,13.0006],[92.9275,13.0],[92.9296,13.0026],[92.9352,12.9962],[92.9421,12.9972],[92.9383,13.0091],[92.9414,13.0188],[92.9367,13.0218],[92.9388,13.0251],[92.9284,13.0239]]],[[[92.917,13.0401],[92.916,13.0483],[92.9131,13.0432],[92.917,13.0401]]],[[[92.9316,13.0496],[92.9317,13.0496],[92.9318,13.0497],[92.932,13.05],[92.9322,13.0503],[92.9322,13.0503],[92.9322,13.0504],[92.9321,13.0504],[92.9321,13.0504],[92.9322,13.0506],[92.9323,13.0508],[92.9324,13.051],[92.9324,13.0513],[92.9323,13.0518],[92.9322,13.0523],[92.9319,13.0526],[92.9319,13.0527],[92.932,13.0527],[92.9318,13.0531],[92.9316,13.0534],[92.9315,13.0535],[92.9313,13.0536],[92.931,13.0536],[92.9308,13.0534],[92.9307,13.0532],[92.9307,13.0531],[92.9307,13.0529],[92.9306,13.0524],[92.9307,13.0518],[92.9308,13.0513],[92.9309,13.0507],[92.9313,13.0502],[92.9315,13.0496],[92.9316,13.0496],[92.9316,13.0496]]],[[[92.9159,13.058],[92.9147,13.0632],[92.9134,13.0611],[92.9159,13.058]]],[[[92.9138,13.0629],[92.9141,13.0633],[92.9142,13.0635],[92.9143,13.0638],[92.9143,13.0642],[92.9142,13.0645],[92.9138,13.065],[92.9137,13.0655],[92.9133,13.0664],[92.913,13.0672],[92.9129,13.0674],[92.9129,13.0674],[92.9128,13.0674],[92.9127,13.0673],[92.9126,13.0672],[92.9126,13.0669],[92.9125,13.0663],[92.9125,13.0653],[92.9124,13.0646],[92.9123,13.0639],[92.9123,13.0637],[92.9124,13.0635],[92.9126,13.063],[92.9129,13.0627],[92.9136,13.0625],[92.9138,13.0629]]],[[[92.7279,13.091],[92.7285,13.0916],[92.7288,13.0924],[92.7291,13.093],[92.7299,13.0937],[92.7304,13.0944],[92.7308,13.0948],[92.7308,13.0951],[92.7307,13.0953],[92.7302,13.0956],[92.73,13.0956],[92.7296,13.0952],[92.7294,13.0952],[92.7293,13.0952],[92.7293,13.0952],[92.7292,13.0952],[92.7289,13.0947],[92.7285,13.0942],[92.728,13.0934],[92.7277,13.0927],[92.7276,13.0917],[92.7274,13.0912],[92.7274,13.0909],[92.7276,13.0909],[92.7279,13.091]]],[[[92.7186,13.0986],[92.7038,13.0951],[92.6987,13.0988],[92.6952,13.0963],[92.6998,13.0712],[92.7054,13.0714],[92.7028,13.0813],[92.7104,13.0911],[92.7188,13.0954],[92.7186,13.0986]]],[[[92.7948,13.1687],[92.7955,13.1705],[92.7931,13.1711],[92.7948,13.1687]]],[[[93.0589,13.2225],[93.059,13.2228],[93.0588,13.2233],[93.0586,13.2238],[93.0582,13.2246],[93.0581,13.2258],[93.0581,13.2259],[93.0579,13.2263],[93.0576,13.2265],[93.0573,13.2265],[93.0568,13.2265],[93.0565,13.2262],[93.0565,13.226],[93.057,13.2255],[93.0571,13.225],[93.0571,13.2243],[93.0572,13.2238],[93.0574,13.2234],[93.0578,13.223],[93.0582,13.2226],[93.0586,13.2224],[93.0589,13.2225]]],[[[93.0603,13.2249],[93.0605,13.2252],[93.0608,13.2256],[93.0607,13.2263],[93.0607,13.2273],[93.0607,13.2278],[93.0605,13.228],[93.0599,13.2283],[93.0594,13.2284],[93.059,13.2282],[93.0588,13.2277],[93.0588,13.2272],[93.0592,13.2262],[93.0597,13.2251],[93.0598,13.225],[93.06,13.2249],[93.0603,13.2249]]],[[[93.074,13.3022],[93.0723,13.3034],[93.0693,13.3002],[93.0706,13.2984],[93.0772,13.3009],[93.074,13.3022]]],[[[93.0047,13.3066],[93.0076,13.321],[93.0023,13.3174],[92.9969,13.3085],[92.9962,13.3003],[93.0,13.3003],[93.0022,13.3044],[93.0112,13.3012],[93.0126,13.303],[93.0084,13.31],[93.0047,13.3066]]],[[[93.0225,13.3289],[93.0159,13.328],[93.0136,13.3088],[93.0208,13.304],[93.0223,13.3093],[93.0195,13.3166],[93.0211,13.3255],[93.0238,13.3269],[93.0225,13.3289]]],[[[92.9657,13.3328],[92.9674,13.3377],[92.9643,13.3358],[92.9657,13.3328]]],[[[93.0067,13.3357],[93.0071,13.3358],[93.0075,13.3361],[93.0078,13.3364],[93.0078,13.3364],[93.008,13.3366],[93.008,13.3368],[93.008,13.337],[93.0078,13.3371],[93.0075,13.3372],[93.0071,13.3371],[93.0068,13.3369],[93.0063,13.3365],[93.0061,13.336],[93.0061,13.3358],[93.0061,13.3358],[93.0063,13.3356],[93.0063,13.3356],[93.0067,13.3357]]],[[[93.0144,13.3392],[93.0142,13.3393],[93.014,13.3393],[93.0137,13.3392],[93.0134,13.3392],[93.0134,13.3392],[93.0129,13.339],[93.0127,13.3387],[93.0124,13.3382],[93.0123,13.3377],[93.0124,13.3375],[93.0126,13.3374],[93.013,13.3373],[93.0133,13.3374],[93.0136,13.3375],[93.0137,13.3377],[93.0139,13.3382],[93.0142,13.3386],[93.0144,13.3388],[93.0145,13.339],[93.0144,13.3392]]],[[[93.0183,13.3453],[93.0153,13.3427],[93.0172,13.3368],[93.0192,13.3383],[93.0183,13.3453]]],[[[93.0763,13.3641],[93.0763,13.3643],[93.0762,13.3644],[93.0757,13.3648],[93.0749,13.3657],[93.0746,13.366],[93.0743,13.3661],[93.0738,13.3659],[93.0736,13.3658],[93.0729,13.3656],[93.0728,13.3653],[93.0731,13.365],[93.0736,13.3648],[93.0741,13.3646],[93.075,13.3639],[93.075,13.3639],[93.0755,13.3636],[93.0758,13.3635],[93.076,13.3636],[93.0763,13.3641]]],[[[93.0806,13.3678],[93.081,13.3679],[93.0811,13.3681],[93.0813,13.3684],[93.0813,13.3687],[93.0811,13.3691],[93.0807,13.3695],[93.0804,13.3693],[93.0802,13.3691],[93.0797,13.3687],[93.0796,13.3686],[93.0797,13.3683],[93.08,13.368],[93.0804,13.3677],[93.0806,13.3678]]],[[[93.0783,13.3774],[93.0782,13.3774],[93.0782,13.3771],[93.0782,13.3769],[93.0784,13.3766],[93.0786,13.3765],[93.0789,13.3765],[93.0791,13.3766],[93.0791,13.3766],[93.0791,13.3767],[93.079,13.377],[93.0786,13.3772],[93.0786,13.3772],[93.0783,13.3774]]],[[[93.055,13.3789],[93.0533,13.3825],[93.0475,13.3733],[93.0445,13.3752],[93.0361,13.3722],[93.0401,13.3692],[93.0403,13.3655],[93.0449,13.3668],[93.047,13.3707],[93.046,13.3676],[93.0494,13.3656],[93.046,13.3671],[93.0388,13.3631],[93.0422,13.3651],[93.0437,13.3613],[93.0421,13.3646],[93.0382,13.362],[93.0398,13.3594],[93.0418,13.3612],[93.0445,13.3598],[93.0428,13.3589],[93.0418,13.361],[93.0407,13.3588],[93.0456,13.3483],[93.0405,13.3382],[93.0386,13.3229],[93.0449,13.3218],[93.0531,13.3294],[93.0591,13.3301],[93.06,13.3142],[93.0639,13.3043],[93.0685,13.3068],[93.07,13.3231],[93.0741,13.3298],[93.0885,13.3361],[93.0854,13.3436],[93.0777,13.3411],[93.084,13.3415],[93.0828,13.3406],[93.0774,13.3402],[93.0755,13.343],[93.0772,13.3477],[93.0733,13.346],[93.0694,13.3478],[93.0609,13.3608],[93.055,13.3789]]],[[[93.061,13.3838],[93.0623,13.3864],[93.06,13.3853],[93.061,13.3838]]],[[[92.8129,13.4184],[92.8112,13.4198],[92.8127,13.4142],[92.8111,13.4058],[92.8133,13.4038],[92.8176,13.4166],[92.8129,13.4184]]],[[[93.0896,13.4103],[93.0918,13.4199],[93.0861,13.416],[93.0861,13.4123],[93.0896,13.4103]]],[[[93.0914,13.4115],[93.0942,13.4161],[93.0936,13.4198],[93.0914,13.4115]]],[[[92.8426,13.436],[92.8413,13.4424],[92.8335,13.4366],[92.8318,13.4395],[92.8246,13.4391],[92.8197,13.4285],[92.8217,13.4214],[92.8306,13.4192],[92.8341,13.4206],[92.8449,13.4312],[92.8426,13.436]]],[[[93.0712,13.4309],[93.066,13.4227],[93.0688,13.4133],[93.0712,13.4309]]],[[[93.0764,13.4334],[93.0764,13.4334],[93.0762,13.4334],[93.076,13.4334],[93.0759,13.4334],[93.0758,13.4333],[93.0757,13.4332],[93.0758,13.433],[93.0759,13.4329],[93.076,13.4329],[93.0764,13.4329],[93.0768,13.433],[93.077,13.4332],[93.077,13.4333],[93.0769,13.4334],[93.0766,13.4334],[93.0764,13.4334]]],[[[93.0955,13.4379],[93.0967,13.4319],[93.1019,13.4306],[93.1009,13.435],[93.0955,13.4379]]],[[[92.8696,13.513],[92.8662,13.5083],[92.8688,13.5125],[92.8686,13.5038],[92.8654,13.5053],[92.8709,13.5024],[92.8728,13.5063],[92.8696,13.513]]],[[[92.9179,13.5117],[92.9172,13.5157],[92.9144,13.5136],[92.9132,13.5073],[92.9163,13.5078],[92.9193,13.5123],[92.9179,13.5117]]],[[[92.9052,13.5307],[92.9114,13.5344],[92.9062,13.5371],[92.9041,13.5333],[92.9052,13.5307]]],[[[92.8742,13.5407],[92.8747,13.5356],[92.8768,13.5379],[92.8742,13.5407]]],[[[93.0525,13.5601],[93.0554,13.5663],[93.051,13.5645],[93.0525,13.5601]]],[[[93.0007,13.5689],[93.0022,13.5712],[92.9998,13.5727],[92.9977,13.5703],[93.0007,13.5689]]],[[[93.0298,13.5685],[93.0266,13.5788],[93.0204,13.5687],[93.0189,13.574],[93.0153,13.5709],[93.0173,13.5664],[93.0137,13.5559],[93.0154,13.5442],[93.0129,13.5393],[93.0063,13.5442],[93.0038,13.5551],[92.9891,13.5661],[92.9922,13.5707],[92.9874,13.5737],[92.9842,13.5697],[92.9868,13.5708],[92.9835,13.5618],[92.9847,13.557],[92.9806,13.5522],[92.9844,13.5454],[92.9836,13.5396],[92.9875,13.5379],[92.991,13.5394],[92.9882,13.5363],[92.9887,13.5321],[92.9844,13.5274],[92.9722,13.5296],[92.9707,13.5382],[92.9665,13.5363],[92.9685,13.5389],[92.9661,13.544],[92.9505,13.5421],[92.9492,13.5361],[92.9521,13.5415],[92.9505,13.5353],[92.9456,13.5317],[92.9381,13.5359],[92.9449,13.5344],[92.9428,13.5368],[92.9349,13.5387],[92.9283,13.5386],[92.9223,13.5356],[92.9198,13.5369],[92.9149,13.5334],[92.913,13.5267],[92.9159,13.5225],[92.9207,13.5205],[92.9187,13.5235],[92.927,13.5215],[92.9273,13.5147],[92.9247,13.5141],[92.9265,13.5087],[92.9237,13.5092],[92.9331,13.4992],[92.9297,13.4954],[92.9271,13.498],[92.9289,13.4909],[92.9264,13.4824],[92.9323,13.4815],[92.9271,13.4754],[92.9307,13.475],[92.9312,13.4715],[92.9277,13.4737],[92.9208,13.4716],[92.927,13.4742],[92.9316,13.4812],[92.9241,13.481],[92.928,13.4909],[92.9271,13.4954],[92.9239,13.4994],[92.9247,13.4979],[92.9204,13.4949],[92.9176,13.5011],[92.9124,13.4974],[92.9045,13.4969],[92.8999,13.4783],[92.894,13.4734],[92.893,13.4761],[92.887,13.478],[92.8755,13.4754],[92.8745,13.4707],[92.8706,13.4724],[92.87,13.465],[92.8753,13.4602],[92.8731,13.4531],[92.8749,13.4461],[92.8725,13.4471],[92.8752,13.4445],[92.8774,13.4447],[92.8753,13.4471],[92.8801,13.4451],[92.882,13.4409],[92.8806,13.4377],[92.8832,13.436],[92.8836,13.4318],[92.8871,13.4324],[92.889,13.4238],[92.8972,13.4261],[92.8986,13.4289],[92.8979,13.4261],[92.8892,13.4234],[92.8862,13.4323],[92.881,13.4309],[92.8766,13.426],[92.8764,13.4222],[92.8696,13.4243],[92.8682,13.4169],[92.8732,13.4126],[92.8749,13.4156],[92.877,13.414],[92.8808,13.4062],[92.8795,13.4039],[92.8833,13.3993],[92.8817,13.3977],[92.8778,13.401],[92.8778,13.404],[92.8738,13.4072],[92.874,13.4027],[92.8818,13.3965],[92.8854,13.4002],[92.8819,13.4048],[92.8843,13.4073],[92.8865,13.4063],[92.8867,13.4022],[92.8958,13.4018],[92.8917,13.4047],[92.8967,13.4126],[92.892,13.4045],[92.8965,13.4013],[92.8994,13.4033],[92.8927,13.3971],[92.8879,13.4],[92.8886,13.3955],[92.8931,13.3962],[92.8988,13.3894],[92.9017,13.3912],[92.9034,13.3897],[92.9038,13.3947],[92.9025,13.3881],[92.9057,13.3833],[92.9101,13.385],[92.915,13.3823],[92.9209,13.3902],[92.9242,13.3902],[92.9241,13.3954],[92.926,13.3952],[92.9243,13.3953],[92.9245,13.3902],[92.9184,13.3847],[92.9237,13.3847],[92.9192,13.3833],[92.9178,13.3863],[92.9153,13.3821],[92.91,13.3846],[92.9062,13.3826],[92.9024,13.3906],[92.8984,13.3889],[92.8985,13.3913],[92.8945,13.3922],[92.8923,13.3959],[92.8887,13.3948],[92.886,13.3985],[92.8797,13.3924],[92.8811,13.3893],[92.8828,13.3931],[92.8835,13.3901],[92.8821,13.3927],[92.88,13.3891],[92.8791,13.3923],[92.8824,13.3953],[92.8729,13.4023],[92.8709,13.4126],[92.8682,13.4097],[92.8671,13.401],[92.8642,13.4005],[92.8583,13.4044],[92.8575,13.4087],[92.8511,13.4093],[92.8508,13.4077],[92.8485,13.4116],[92.8434,13.4071],[92.8455,13.4037],[92.8419,13.4031],[92.8413,13.3917],[92.8519,13.3913],[92.8511,13.388],[92.8576,13.3854],[92.861,13.3905],[92.8648,13.3903],[92.8651,13.388],[92.8693,13.391],[92.8671,13.3908],[92.8637,13.3837],[92.8652,13.3812],[92.8591,13.3812],[92.851,13.3754],[92.8518,13.3703],[92.8494,13.3672],[92.8515,13.364],[92.8481,13.3634],[92.8519,13.3591],[92.8479,13.3636],[92.8511,13.3642],[92.8491,13.3674],[92.8513,13.3707],[92.8473,13.3705],[92.8409,13.3761],[92.8438,13.3765],[92.8416,13.3778],[92.8382,13.3744],[92.832,13.3524],[92.8345,13.3465],[92.8337,13.3381],[92.8257,13.3286],[92.8269,13.3178],[92.8299,13.3173],[92.8301,13.3148],[92.8283,13.3115],[92.8224,13.3112],[92.8328,13.3054],[92.841,13.308],[92.839,13.3064],[92.8416,13.3013],[92.8343,13.2942],[92.8381,13.2879],[92.8326,13.2854],[92.8276,13.2886],[92.8235,13.2883],[92.8247,13.2802],[92.8214,13.2797],[92.824,13.2739],[92.8225,13.2721],[92.8265,13.2685],[92.8297,13.2698],[92.8278,13.271],[92.8304,13.2742],[92.8345,13.2725],[92.8378,13.2616],[92.8494,13.2643],[92.8515,13.2611],[92.853,13.2569],[92.8486,13.2424],[92.8546,13.2341],[92.8516,13.2283],[92.8557,13.2241],[92.8558,13.2198],[92.8507,13.2136],[92.8542,13.2134],[92.8484,13.2126],[92.8487,13.2086],[92.8544,13.2099],[92.8619,13.2068],[92.8584,13.2009],[92.8636,13.1963],[92.8577,13.1962],[92.8555,13.1908],[92.8577,13.1884],[92.8586,13.1926],[92.8605,13.192],[92.8609,13.186],[92.8629,13.185],[92.8607,13.1857],[92.8602,13.1919],[92.8578,13.1878],[92.8552,13.1909],[92.857,13.1964],[92.8627,13.1966],[92.858,13.201],[92.8611,13.2065],[92.848,13.2088],[92.8476,13.2129],[92.8549,13.2191],[92.852,13.222],[92.8549,13.2203],[92.855,13.2231],[92.8507,13.2287],[92.8528,13.2354],[92.8493,13.2394],[92.8429,13.2367],[92.8384,13.2438],[92.834,13.2414],[92.8305,13.2427],[92.8268,13.2366],[92.8277,13.2328],[92.8249,13.2251],[92.829,13.2252],[92.8266,13.2208],[92.8288,13.2214],[92.8232,13.2168],[92.8253,13.2179],[92.8323,13.2145],[92.8212,13.2014],[92.8228,13.197],[92.8207,13.1961],[92.823,13.194],[92.8203,13.19],[92.8217,13.1872],[92.8178,13.1845],[92.823,13.183],[92.8236,13.1796],[92.8235,13.183],[92.8262,13.1829],[92.8344,13.1755],[92.835,13.1659],[92.8389,13.1655],[92.8373,13.1624],[92.8481,13.1631],[92.849,13.1613],[92.8481,13.1629],[92.8442,13.161],[92.8438,13.1631],[92.837,13.1622],[92.8382,13.1655],[92.8349,13.165],[92.8338,13.1708],[92.8275,13.174],[92.8263,13.1695],[92.8249,13.1738],[92.8276,13.1678],[92.8268,13.1636],[92.8243,13.1613],[92.8191,13.1623],[92.8176,13.1636],[92.824,13.1621],[92.827,13.1675],[92.8231,13.1745],[92.8177,13.1699],[92.8144,13.1743],[92.8156,13.1708],[92.8132,13.168],[92.8125,13.1579],[92.8086,13.1535],[92.8125,13.1538],[92.8162,13.1499],[92.8168,13.152],[92.8202,13.1452],[92.8263,13.1507],[92.8324,13.1497],[92.8329,13.1444],[92.8379,13.1488],[92.8369,13.1455],[92.8417,13.147],[92.8452,13.1415],[92.8482,13.1504],[92.8465,13.1387],[92.8417,13.1395],[92.8385,13.135],[92.8432,13.1358],[92.8407,13.1259],[92.843,13.1222],[92.8461,13.1221],[92.847,13.1184],[92.8461,13.1216],[92.8431,13.1219],[92.8405,13.1255],[92.8408,13.1281],[92.8392,13.1257],[92.8338,13.1305],[92.8359,13.1244],[92.8335,13.1264],[92.833,13.1235],[92.8295,13.1254],[92.8287,13.1324],[92.8249,13.1287],[92.8227,13.1344],[92.8188,13.133],[92.8181,13.1281],[92.8094,13.1271],[92.8106,13.1224],[92.816,13.1178],[92.8153,13.1152],[92.8235,13.1161],[92.8291,13.109],[92.8248,13.1128],[92.8212,13.1119],[92.8194,13.1064],[92.8211,13.1027],[92.8186,13.1026],[92.8216,13.0963],[92.8204,13.0914],[92.8188,13.0973],[92.8153,13.1004],[92.8136,13.0991],[92.8128,13.1032],[92.8066,13.0996],[92.8044,13.0874],[92.8087,13.0837],[92.8061,13.0803],[92.8109,13.0811],[92.8103,13.0778],[92.8133,13.0729],[92.8184,13.0752],[92.814,13.0725],[92.811,13.0769],[92.808,13.072],[92.8088,13.076],[92.8043,13.075],[92.8008,13.0816],[92.7974,13.0816],[92.8013,13.0858],[92.7998,13.0923],[92.7926,13.0908],[92.7963,13.0821],[92.7965,13.0682],[92.7932,13.0631],[92.7915,13.0535],[92.799,13.0435],[92.7958,13.0473],[92.7922,13.0478],[92.7958,13.039],[92.7914,13.0379],[92.7943,13.0303],[92.7877,13.0197],[92.7916,13.0128],[92.8,13.01],[92.8046,13.0128],[92.8049,13.0072],[92.8111,13.0102],[92.8141,13.0076],[92.8171,13.0157],[92.8146,13.0164],[92.8129,13.0217],[92.8111,13.0205],[92.8125,13.022],[92.8179,13.0125],[92.8203,13.0123],[92.8258,13.0178],[92.829,13.0162],[92.8314,13.0206],[92.8348,13.0192],[92.8369,13.0232],[92.8351,13.0189],[92.8319,13.0202],[92.8291,13.0154],[92.8257,13.0169],[92.8232,13.0107],[92.8243,13.0039],[92.8294,13.0015],[92.8224,13.0036],[92.8153,12.9989],[92.8067,12.9991],[92.806,12.9947],[92.8105,12.9946],[92.8169,12.9901],[92.8216,12.9827],[92.822,12.9772],[92.8213,12.9804],[92.8195,12.9793],[92.8213,12.9826],[92.8153,12.9874],[92.8113,12.9834],[92.8112,12.9719],[92.8106,12.9842],[92.8043,12.9836],[92.7991,12.9919],[92.7938,12.9877],[92.7921,12.9806],[92.7968,12.9721],[92.7965,12.9635],[92.7911,12.9696],[92.7896,12.9619],[92.7921,12.9584],[92.7902,12.9532],[92.7921,12.9507],[92.7962,12.9496],[92.8007,12.9522],[92.7985,12.9508],[92.8002,12.9473],[92.7974,12.9432],[92.8001,12.9398],[92.7998,12.9352],[92.7973,12.9301],[92.7919,12.9306],[92.7949,12.9186],[92.7933,12.9142],[92.7974,12.9104],[92.8007,12.9001],[92.8036,12.8985],[92.8038,12.9061],[92.808,12.9065],[92.8093,12.9091],[92.8079,12.9059],[92.8041,12.9059],[92.8042,12.9003],[92.8236,12.8967],[92.826,12.893],[92.8283,12.8989],[92.8262,12.8925],[92.8285,12.8865],[92.8406,12.8926],[92.8433,12.8877],[92.8406,12.8821],[92.8412,12.877],[92.8725,12.8839],[92.8683,12.8899],[92.8702,12.8994],[92.8751,12.9059],[92.874,12.9089],[92.8703,12.9097],[92.8645,12.9046],[92.8647,12.9011],[92.8579,12.9014],[92.8546,12.9105],[92.8578,12.9107],[92.8579,12.9129],[92.8472,12.9125],[92.8536,12.9129],[92.8586,12.9177],[92.8557,12.9336],[92.852,12.9341],[92.849,12.9321],[92.8505,12.9301],[92.8458,12.9296],[92.8427,12.9333],[92.8452,12.9324],[92.8447,12.9303],[92.8504,12.9305],[92.8477,12.9351],[92.8492,12.9396],[92.848,12.9353],[92.8501,12.9332],[92.856,12.9355],[92.8523,12.9439],[92.8472,12.9442],[92.8497,12.9446],[92.848,12.9522],[92.8484,12.9476],[92.8432,12.9466],[92.8424,12.9441],[92.8403,12.9499],[92.8411,12.9479],[92.8447,12.9488],[92.8456,12.9514],[92.8445,12.9538],[92.842,12.9525],[92.8439,12.9545],[92.8424,12.9567],[92.8444,12.9549],[92.8424,12.9525],[92.8448,12.9539],[92.8459,12.9513],[92.8421,12.9471],[92.8479,12.9481],[92.8469,12.9517],[92.8504,12.9546],[92.8473,12.9556],[92.8502,12.9579],[92.848,12.9601],[92.8515,12.9614],[92.8488,12.9602],[92.8505,12.9578],[92.8478,12.9558],[92.8542,12.9547],[92.8482,12.953],[92.8498,12.9458],[92.8555,12.9448],[92.8536,12.9401],[92.8587,12.9349],[92.87,12.9349],[92.8759,12.9446],[92.8722,12.9486],[92.8721,12.9533],[92.8761,12.9602],[92.8728,12.9633],[92.88,12.968],[92.8775,12.9731],[92.8817,12.9774],[92.8807,12.9831],[92.8852,12.9847],[92.8862,12.9908],[92.8843,12.9926],[92.887,12.9915],[92.8855,12.9821],[92.8955,12.9959],[92.8985,12.9941],[92.8972,12.9871],[92.9047,12.985],[92.9051,12.9798],[92.9096,12.9777],[92.9052,12.976],[92.9068,12.9647],[92.9098,12.9636],[92.9073,12.9533],[92.9097,12.9473],[92.9142,12.9525],[92.914,12.9588],[92.9209,12.9628],[92.9263,12.9587],[92.9293,12.962],[92.9272,12.969],[92.9334,12.9676],[92.935,12.9749],[92.9368,12.9748],[92.9335,12.9795],[92.9291,12.9779],[92.9275,12.9739],[92.9241,12.9764],[92.9266,12.9786],[92.9264,12.9845],[92.9296,12.9896],[92.9247,12.9891],[92.9204,12.9836],[92.9184,12.9854],[92.9157,12.983],[92.9133,12.9841],[92.9152,12.9874],[92.9111,12.9902],[92.9149,12.9915],[92.9132,13.0013],[92.9128,12.998],[92.9082,12.9963],[92.9048,13.0025],[92.9005,13.0027],[92.9008,13.0064],[92.8969,13.0084],[92.899,13.0096],[92.8941,13.0112],[92.8996,13.0098],[92.8975,13.0082],[92.9013,13.0065],[92.9012,13.0027],[92.9025,13.0078],[92.9039,13.0039],[92.9061,13.0044],[92.904,13.015],[92.9007,13.014],[92.9045,13.0169],[92.9019,13.022],[92.8951,13.0182],[92.9019,13.0228],[92.9085,13.0335],[92.9144,13.0494],[92.9123,13.0548],[92.8969,13.0583],[92.8895,13.0508],[92.8863,13.044],[92.8812,13.0485],[92.8745,13.0485],[92.875,13.0454],[92.8733,13.0465],[92.8724,13.0436],[92.8731,13.0469],[92.8748,13.0456],[92.8739,13.0486],[92.879,13.049],[92.875,13.0543],[92.8694,13.0548],[92.8665,13.0526],[92.8698,13.0513],[92.8689,13.0468],[92.8633,13.0438],[92.8688,13.0471],[92.8693,13.0514],[92.8661,13.0527],[92.8709,13.0557],[92.8634,13.0591],[92.8651,13.0648],[92.8599,13.0657],[92.8498,13.0635],[92.8487,13.0595],[92.8506,13.0552],[92.8457,13.0549],[92.8435,13.0508],[92.8454,13.0548],[92.8432,13.0572],[92.8442,13.0605],[92.8414,13.0601],[92.8442,13.061],[92.8443,13.0563],[92.8492,13.055],[92.8493,13.0639],[92.8594,13.0665],[92.8576,13.0706],[92.846,13.0753],[92.8481,13.077],[92.8464,13.0751],[92.8478,13.0737],[92.8579,13.0715],[92.8584,13.0753],[92.8534,13.0779],[92.8578,13.08],[92.8539,13.0778],[92.8587,13.0755],[92.8601,13.0668],[92.8663,13.0647],[92.8641,13.0597],[92.8758,13.0551],[92.8856,13.0455],[92.8949,13.0588],[92.9097,13.0626],[92.9119,13.0669],[92.9082,13.0767],[92.8996,13.0814],[92.8981,13.0936],[92.8854,13.0924],[92.8855,13.096],[92.891,13.1013],[92.8888,13.1073],[92.8815,13.1079],[92.8766,13.1022],[92.873,13.1036],[92.8765,13.1025],[92.8811,13.1085],[92.8837,13.1068],[92.8886,13.1081],[92.8883,13.1141],[92.882,13.123],[92.8824,13.1265],[92.8803,13.1265],[92.879,13.1301],[92.8759,13.1291],[92.874,13.131],[92.8762,13.1343],[92.875,13.1358],[92.8832,13.1282],[92.8829,13.1228],[92.8893,13.1137],[92.8922,13.101],[92.887,13.0934],[92.8923,13.0961],[92.8985,13.0958],[92.9012,13.082],[92.912,13.0801],[92.9083,13.0794],[92.9126,13.0761],[92.9126,13.0717],[92.9218,13.057],[92.9246,13.0582],[92.9246,13.066],[92.9283,13.0686],[92.9285,13.0727],[92.9288,13.0686],[92.9255,13.0664],[92.9251,13.0622],[92.9282,13.0632],[92.9325,13.0607],[92.9341,13.0622],[92.9356,13.0775],[92.9336,13.0894],[92.9354,13.0937],[92.9383,13.0921],[92.9394,13.094],[92.938,13.1065],[92.9367,13.1084],[92.9375,13.1053],[92.9357,13.1047],[92.9334,13.1095],[92.9362,13.1049],[92.937,13.1085],[92.939,13.1043],[92.9447,13.1224],[92.9407,13.1083],[92.9406,13.1053],[92.943,13.1046],[92.9413,13.1024],[92.9438,13.1036],[92.9417,13.102],[92.9426,13.1045],[92.9402,13.1042],[92.9392,13.0887],[92.9454,13.0898],[92.9397,13.0882],[92.9388,13.0912],[92.9347,13.0894],[92.9386,13.0828],[92.9365,13.0838],[92.9377,13.078],[92.9414,13.0791],[92.9379,13.0774],[92.9371,13.0699],[92.9414,13.0647],[92.9463,13.0694],[92.9494,13.0678],[92.9558,13.073],[92.9527,13.0703],[92.9558,13.0693],[92.9565,13.0658],[92.9556,13.0644],[92.9555,13.0691],[92.951,13.0703],[92.9494,13.0675],[92.9466,13.0691],[92.9403,13.0617],[92.9398,13.0582],[92.9483,13.0516],[92.941,13.0543],[92.9391,13.0519],[92.9352,13.0521],[92.933,13.0466],[92.9358,13.0389],[92.9502,13.0296],[92.9536,13.0194],[92.9593,13.0158],[92.9628,13.0174],[92.9652,13.0142],[92.9707,13.0128],[92.9746,13.0146],[92.967,13.0183],[92.9681,13.0214],[92.9648,13.0259],[92.964,13.0386],[92.9697,13.0302],[92.9808,13.0275],[92.9818,13.0251],[92.9888,13.0261],[92.9891,13.033],[92.9941,13.0359],[93.0021,13.0315],[93.0022,13.029],[93.0096,13.0401],[93.0081,13.0452],[93.0118,13.0447],[93.0107,13.0479],[93.0138,13.051],[93.0195,13.0505],[93.0217,13.058],[93.0287,13.0671],[93.0276,13.0704],[93.0174,13.0728],[93.0234,13.0756],[93.0243,13.0724],[93.0283,13.0815],[93.0333,13.0819],[93.0336,13.0993],[93.0293,13.1271],[93.0359,13.1406],[93.0325,13.1629],[93.0356,13.1716],[93.0308,13.1782],[93.0357,13.196],[93.041,13.2081],[93.0442,13.2104],[93.0411,13.2232],[93.0551,13.2332],[93.0555,13.256],[93.0601,13.2638],[93.0628,13.264],[93.0644,13.2724],[93.0439,13.2589],[93.0433,13.2544],[93.044,13.2594],[93.0382,13.2707],[93.0454,13.2777],[93.0451,13.282],[93.0422,13.2791],[93.0369,13.2802],[93.0324,13.2758],[93.0351,13.272],[93.0382,13.2733],[93.0354,13.2682],[93.0358,13.2632],[93.034,13.2689],[93.0268,13.2692],[93.0313,13.2735],[93.0292,13.2753],[93.0308,13.2793],[93.0283,13.2813],[93.0241,13.2814],[93.0256,13.2797],[93.0236,13.2762],[93.021,13.278],[93.0188,13.2759],[93.0158,13.2782],[93.0108,13.2769],[93.0091,13.2819],[93.0157,13.289],[93.0118,13.2957],[93.0174,13.2938],[93.0205,13.2949],[93.02,13.2978],[93.0173,13.2966],[93.0093,13.3007],[93.0052,13.2967],[93.0072,13.292],[93.0049,13.2973],[93.01,13.3024],[93.0023,13.304],[92.9975,13.2948],[93.0001,13.2999],[92.9972,13.3002],[92.995,13.297],[92.9932,13.2994],[92.9862,13.2993],[93.0,13.2884],[92.9996,13.2835],[93.0022,13.2815],[93.0007,13.2782],[93.0049,13.2698],[93.0016,13.2651],[93.0023,13.2681],[93.0003,13.2694],[93.0034,13.2694],[93.0028,13.2734],[92.9984,13.2787],[93.0006,13.2809],[92.995,13.2829],[92.9943,13.2798],[92.9946,13.2833],[92.9992,13.2861],[92.9931,13.2918],[92.9866,13.2907],[92.9905,13.288],[92.9886,13.2859],[92.9902,13.2884],[92.9863,13.2898],[92.9826,13.2859],[92.9835,13.2826],[92.98,13.2808],[92.9784,13.2835],[92.9736,13.2821],[92.9733,13.2836],[92.9764,13.2822],[92.9783,13.2839],[92.9802,13.2815],[92.9832,13.2829],[92.9818,13.2883],[92.9841,13.2871],[92.9863,13.2914],[92.9906,13.2921],[92.9827,13.2991],[92.9936,13.3012],[92.9968,13.3151],[92.9887,13.3172],[92.9913,13.3141],[92.9883,13.3119],[92.9915,13.3113],[92.991,13.3093],[92.9914,13.3111],[92.988,13.3119],[92.9909,13.3146],[92.9847,13.318],[92.9848,13.3206],[92.9773,13.3249],[92.9696,13.3244],[92.9642,13.3286],[92.9593,13.3281],[92.9608,13.3208],[92.9582,13.3228],[92.9528,13.3199],[92.9495,13.3211],[92.9484,13.3179],[92.949,13.3213],[92.9526,13.3203],[92.9612,13.3234],[92.9571,13.3269],[92.9558,13.3255],[92.952,13.3272],[92.9582,13.3272],[92.9596,13.3319],[92.9551,13.3387],[92.9579,13.3393],[92.9555,13.3437],[92.9502,13.3458],[92.9494,13.3415],[92.949,13.3496],[92.9451,13.3512],[92.9547,13.3444],[92.9596,13.3466],[92.9576,13.3478],[92.9588,13.3497],[92.9603,13.3484],[92.9615,13.3553],[92.9568,13.3608],[92.9534,13.359],[92.9535,13.361],[92.9496,13.3618],[92.9537,13.3612],[92.9534,13.3593],[92.9568,13.3611],[92.9608,13.3572],[92.9647,13.3604],[92.9726,13.3597],[92.9674,13.3571],[92.9697,13.3476],[92.9752,13.3516],[92.9746,13.3427],[92.9794,13.3328],[92.9845,13.3281],[92.9882,13.3301],[92.9883,13.3424],[93.0026,13.3544],[93.0103,13.3537],[93.0152,13.35],[93.0177,13.3513],[93.0315,13.3452],[93.033,13.3496],[93.0394,13.3519],[93.0393,13.3575],[93.0345,13.3607],[93.0241,13.3577],[93.0288,13.3609],[93.0327,13.3607],[93.0397,13.3688],[93.036,13.3699],[93.0337,13.3747],[93.0241,13.3722],[93.0166,13.3752],[93.0141,13.3714],[93.0171,13.37],[93.0139,13.3708],[93.0161,13.3755],[93.0086,13.3794],[93.008,13.3834],[93.002,13.3883],[93.003,13.3919],[92.9988,13.3959],[93.0002,13.393],[93.0034,13.3925],[93.0032,13.3881],[93.0085,13.3837],[93.0097,13.3792],[93.0247,13.3733],[93.0272,13.3766],[93.0264,13.3737],[93.0376,13.3755],[93.0382,13.3797],[93.0355,13.3789],[93.0345,13.382],[93.0359,13.3791],[93.0386,13.3799],[93.0368,13.3779],[93.0387,13.3754],[93.0433,13.3777],[93.0417,13.3821],[93.0453,13.3772],[93.0484,13.3799],[93.0509,13.3899],[93.0622,13.3921],[93.0625,13.3949],[93.0674,13.3972],[93.0683,13.407],[93.0637,13.4047],[93.0575,13.3966],[93.0603,13.421],[93.0568,13.4128],[93.0526,13.4106],[93.0488,13.4042],[93.0444,13.4033],[93.0424,13.4049],[93.0428,13.4106],[93.0336,13.4176],[93.038,13.4233],[93.0381,13.4277],[93.0337,13.4252],[93.0333,13.4225],[93.0254,13.4279],[93.0285,13.4283],[93.015,13.432],[93.0128,13.4308],[93.0129,13.434],[93.0077,13.4333],[93.0049,13.4317],[93.0079,13.426],[93.0112,13.4263],[93.0076,13.4304],[93.0093,13.4323],[93.0113,13.4324],[93.0124,13.4276],[93.0166,13.4291],[93.0128,13.4256],[93.0129,13.4223],[93.0101,13.4225],[93.0075,13.4184],[93.0127,13.4249],[93.0074,13.4246],[93.0049,13.4316],[93.001,13.4321],[92.9991,13.4361],[92.9922,13.4329],[92.9903,13.4265],[92.9887,13.4275],[92.99,13.4265],[92.9884,13.4304],[92.9915,13.431],[92.9914,13.4384],[92.9924,13.4332],[92.9995,13.4367],[93.0032,13.4324],[93.0116,13.4352],[93.0157,13.4341],[93.0136,13.4381],[93.0078,13.4371],[93.0125,13.4384],[93.0134,13.442],[93.0124,13.4401],[93.016,13.4373],[93.0168,13.432],[93.0258,13.4342],[93.0312,13.4325],[93.0334,13.4356],[93.0342,13.4434],[93.0311,13.4573],[93.0271,13.4606],[93.0171,13.4631],[93.0142,13.4547],[93.0113,13.4534],[93.0112,13.4589],[93.0075,13.4591],[93.0085,13.4616],[93.0048,13.4634],[93.0092,13.4614],[93.0078,13.4595],[93.0117,13.4589],[93.0109,13.4555],[93.014,13.4555],[93.0184,13.4664],[93.0231,13.4682],[93.0314,13.4649],[93.0338,13.4712],[93.0326,13.4752],[93.036,13.4806],[93.0338,13.4811],[93.0334,13.4845],[93.038,13.4865],[93.0395,13.492],[93.0377,13.4963],[93.0418,13.5054],[93.0393,13.5096],[93.042,13.5115],[93.0412,13.5214],[93.0433,13.5291],[93.0401,13.5344],[93.037,13.5506],[93.0335,13.5523],[93.0343,13.5566],[93.0298,13.5685]]],[[[92.9017,13.6008],[92.8949,13.6014],[92.8896,13.5979],[92.8953,13.6003],[92.8856,13.5828],[92.8824,13.5818],[92.8861,13.5918],[92.8808,13.5818],[92.8836,13.575],[92.8919,13.5879],[92.9021,13.5965],[92.9017,13.6008]]],[[[93.0659,13.6521],[93.0619,13.6548],[93.0561,13.654],[93.0535,13.6506],[93.0561,13.6528],[93.0566,13.6504],[93.0531,13.6477],[93.0531,13.6502],[93.0423,13.638],[93.0456,13.6214],[93.0534,13.6363],[93.0547,13.645],[93.0635,13.648],[93.0659,13.6521]]],[[[93.0188,13.6711],[93.0131,13.673],[93.0073,13.6679],[93.0109,13.6661],[93.01,13.6679],[93.0133,13.6667],[93.0141,13.6685],[93.0155,13.6664],[93.0182,13.6691],[93.0159,13.6604],[93.0144,13.6618],[93.0115,13.6571],[93.0093,13.6591],[93.0122,13.6613],[93.0115,13.6633],[93.0098,13.6619],[93.0074,13.6637],[93.0072,13.6613],[93.0039,13.6604],[93.0022,13.661],[93.0043,13.6637],[92.9987,13.6621],[92.9949,13.6649],[92.9873,13.6632],[92.9856,13.6578],[92.9857,13.663],[92.9833,13.6633],[92.9836,13.6497],[92.9808,13.6574],[92.9762,13.6566],[92.976,13.6538],[92.9825,13.6508],[92.9825,13.6458],[92.9867,13.6446],[92.9856,13.6425],[92.9872,13.6463],[92.9879,13.6441],[92.995,13.6454],[93.0001,13.6531],[93.0111,13.6471],[93.0121,13.6491],[93.0158,13.6412],[93.0116,13.6452],[93.0182,13.6324],[93.0229,13.6274],[93.0277,13.6286],[93.0308,13.6341],[93.0236,13.6488],[93.02,13.669],[93.0213,13.6722],[93.0188,13.6711]]]]},"properties":{"dtname":"North  & Middle Andaman","stname":"ANDAMAN & NICOBAR","stcode11":"35","dtcode11":"639","year_stat":"2011_c","Shape_Length":2694024.37411827,"Shape_Area":3486125844.3244085,"OBJECTID":178,"test":0,"Dist_LGD":632,"State_LGD":35}},{"type":"Feature","id":182,"geometry":{"type":"MultiPolygon","coordinates":[[[[92.5206,10.8978],[92.5119,10.8976],[92.5057,10.8901],[92.5018,10.892],[92.4926,10.8901],[92.481,10.8725],[92.4714,10.8717],[92.4706,10.8682],[92.4649,10.8648],[92.4663,10.8572],[92.458,10.8625],[92.4621,10.8534],[92.4586,10.8397],[92.4615,10.8408],[92.4637,10.8384],[92.449,10.8393],[92.4367,10.8244],[92.4332,10.8224],[92.4274,10.8239],[92.4281,10.8187],[92.4227,10.802],[92.409,10.7856],[92.3955,10.7799],[92.3866,10.7854],[92.385,10.792],[92.3783,10.7826],[92.3759,10.7736],[92.3822,10.7625],[92.379,10.7546],[92.379,10.7417],[92.3839,10.7223],[92.3808,10.7081],[92.3833,10.6712],[92.397,10.668],[92.4106,10.6456],[92.4205,10.6157],[92.4199,10.6127],[92.4132,10.6083],[92.4098,10.5833],[92.3955,10.5659],[92.3929,10.5586],[92.3943,10.5561],[92.383,10.5426],[92.3824,10.5385],[92.3885,10.5331],[92.4045,10.5337],[92.4126,10.5402],[92.4193,10.55],[92.4333,10.5508],[92.4535,10.544],[92.4819,10.5196],[92.4938,10.5171],[92.499,10.5134],[92.5131,10.514],[92.5311,10.5204],[92.5341,10.5259],[92.5341,10.5317],[92.542,10.5396],[92.5443,10.5485],[92.543,10.5513],[92.5533,10.5583],[92.5685,10.5784],[92.5691,10.5824],[92.5651,10.5874],[92.5415,10.5948],[92.5393,10.6109],[92.543,10.6245],[92.5522,10.6404],[92.5682,10.6539],[92.5773,10.654],[92.5806,10.6594],[92.5821,10.6583],[92.578,10.66],[92.5762,10.667],[92.5773,10.6755],[92.5821,10.6793],[92.5788,10.6814],[92.5801,10.6827],[92.5822,10.6799],[92.587,10.6813],[92.594,10.6783],[92.597,10.6813],[92.5978,10.7047],[92.59,10.7186],[92.5878,10.7331],[92.5825,10.7447],[92.5865,10.7878],[92.5755,10.7966],[92.5725,10.8037],[92.5647,10.8055],[92.5593,10.8155],[92.5617,10.8179],[92.5606,10.8238],[92.5633,10.8291],[92.5566,10.8455],[92.5589,10.863],[92.5367,10.8839],[92.5301,10.8855],[92.527,10.8922],[92.5206,10.8978]]],[[[92.6134,10.9276],[92.619,10.9298],[92.6181,10.932],[92.6084,10.9383],[92.6046,10.9375],[92.6074,10.9308],[92.6134,10.9276]]],[[[92.2221,10.9846],[92.2173,10.9854],[92.2109,10.9814],[92.2133,10.9758],[92.2164,10.9749],[92.2236,10.9784],[92.2251,10.9843],[92.2221,10.9846]]],[[[92.6611,10.9821],[92.6678,10.9859],[92.666,10.9919],[92.661,10.9923],[92.6585,10.9898],[92.6579,10.9846],[92.6611,10.9821]]],[[[92.7229,11.141],[92.7241,11.1439],[92.7216,11.1436],[92.7229,11.141]]],[[[92.7329,11.1455],[92.7308,11.1493],[92.7254,11.1453],[92.7289,11.142],[92.7329,11.1455]]],[[[92.6763,11.1831],[92.6741,11.1901],[92.6719,11.1863],[92.6754,11.1776],[92.6796,11.1812],[92.6763,11.1831]]],[[[92.6913,11.2435],[92.6936,11.2529],[92.7048,11.2641],[92.7044,11.2899],[92.6944,11.2854],[92.6921,11.2809],[92.6923,11.2715],[92.6967,11.2624],[92.6863,11.2438],[92.6913,11.2435]]],[[[92.7229,11.3187],[92.7213,11.3241],[92.7229,11.3315],[92.7211,11.3337],[92.7167,11.3298],[92.7163,11.3238],[92.7127,11.3214],[92.7111,11.3138],[92.7056,11.3097],[92.7005,11.3121],[92.6953,11.31],[92.7027,11.306],[92.7076,11.2996],[92.7148,11.3091],[92.7159,11.3151],[92.7206,11.3151],[92.7229,11.3187]]],[[[92.5469,11.3937],[92.5497,11.3974],[92.5447,11.396],[92.5469,11.3937]]],[[[92.5623,11.3956],[92.5612,11.3976],[92.5569,11.397],[92.5551,11.3916],[92.5623,11.3956]]],[[[92.6092,11.5045],[92.6144,11.5108],[92.6084,11.5075],[92.6092,11.5045]]],[[[92.6435,11.5135],[92.6441,11.514],[92.6442,11.5141],[92.6445,11.5145],[92.6445,11.5149],[92.6445,11.5151],[92.6444,11.5152],[92.644,11.5152],[92.6438,11.5152],[92.6435,11.515],[92.6432,11.5147],[92.643,11.5144],[92.6429,11.5141],[92.6429,11.5136],[92.6429,11.5135],[92.6431,11.5134],[92.6432,11.5133],[92.6435,11.5135]]],[[[92.6389,11.5105],[92.6355,11.5124],[92.6353,11.5173],[92.6315,11.5146],[92.6175,11.4922],[92.6101,11.459],[92.6196,11.4417],[92.6206,11.4442],[92.624,11.4437],[92.6277,11.4348],[92.6241,11.4332],[92.6254,11.4354],[92.6233,11.4361],[92.6216,11.4321],[92.6244,11.4195],[92.6222,11.4054],[92.6126,11.4005],[92.5863,11.4009],[92.5913,11.3867],[92.5915,11.3791],[92.5803,11.3689],[92.5884,11.3535],[92.5983,11.3468],[92.609,11.3466],[92.619,11.351],[92.6213,11.3474],[92.6269,11.3499],[92.6371,11.347],[92.6472,11.3572],[92.6506,11.3578],[92.6637,11.3539],[92.6662,11.3616],[92.6759,11.3624],[92.679,11.3659],[92.6845,11.3666],[92.6903,11.3752],[92.6886,11.3821],[92.692,11.387],[92.6884,11.3867],[92.6872,11.3909],[92.6829,11.3894],[92.6763,11.3928],[92.673,11.3998],[92.669,11.3961],[92.6623,11.395],[92.6595,11.3982],[92.6616,11.4021],[92.6586,11.4022],[92.6537,11.4076],[92.6457,11.4067],[92.6493,11.4108],[92.6533,11.41],[92.6728,11.418],[92.6712,11.427],[92.6828,11.427],[92.6797,11.4305],[92.684,11.4331],[92.6844,11.4363],[92.6799,11.4467],[92.6792,11.4551],[92.6744,11.4624],[92.6765,11.471],[92.6689,11.4799],[92.6678,11.4893],[92.6637,11.4911],[92.6645,11.4885],[92.6627,11.4891],[92.6617,11.4866],[92.6607,11.4889],[92.6529,11.4905],[92.6425,11.4973],[92.6444,11.5114],[92.6389,11.5105]]],[[[92.6026,11.5336],[92.6013,11.5378],[92.5995,11.5298],[92.601,11.524],[92.6047,11.5219],[92.6051,11.5325],[92.6035,11.5307],[92.6026,11.5336]]],[[[92.5579,11.5412],[92.5542,11.5375],[92.5566,11.5361],[92.5563,11.5333],[92.5532,11.5329],[92.5533,11.5383],[92.5516,11.5384],[92.5515,11.5315],[92.5604,11.5213],[92.5603,11.5172],[92.5652,11.5175],[92.5674,11.5276],[92.5595,11.5325],[92.5579,11.5412]]],[[[92.6271,11.5432],[92.6274,11.5442],[92.6275,11.545],[92.6276,11.5461],[92.6279,11.5471],[92.6279,11.5479],[92.6277,11.5482],[92.6274,11.5482],[92.6272,11.5479],[92.627,11.5475],[92.6269,11.5468],[92.6267,11.546],[92.6266,11.5456],[92.6263,11.545],[92.6262,11.5442],[92.6263,11.5434],[92.6265,11.5428],[92.6267,11.5427],[92.6271,11.5432]]],[[[92.6135,11.5534],[92.611,11.5609],[92.6086,11.549],[92.6135,11.5434],[92.6115,11.5403],[92.6056,11.551],[92.6036,11.5502],[92.6092,11.5315],[92.6102,11.5361],[92.6129,11.535],[92.6113,11.5392],[92.6121,11.5378],[92.614,11.5404],[92.6146,11.5352],[92.6157,11.5362],[92.6186,11.5528],[92.6172,11.56],[92.6135,11.5534]]],[[[92.2143,11.595],[92.2121,11.5954],[92.2142,11.5933],[92.2114,11.5892],[92.2039,11.5872],[92.2118,11.574],[92.2056,11.5605],[92.2044,11.5502],[92.2115,11.5302],[92.2201,11.5312],[92.2331,11.5256],[92.2493,11.526],[92.2589,11.518],[92.268,11.5232],[92.2722,11.5367],[92.2673,11.5493],[92.2657,11.5611],[92.268,11.5858],[92.2605,11.5907],[92.2403,11.5931],[92.2327,11.5927],[92.2268,11.588],[92.219,11.5922],[92.2155,11.5906],[92.2148,11.5927],[92.2195,11.595],[92.2143,11.595]]],[[[92.5648,11.5679],[92.5663,11.5707],[92.5639,11.5694],[92.5648,11.5679]]],[[[92.5749,11.5673],[92.5756,11.5709],[92.5717,11.5627],[92.5749,11.5673]]],[[[92.5915,11.564],[92.5935,11.5713],[92.5914,11.5778],[92.5868,11.5702],[92.5884,11.5617],[92.5862,11.5541],[92.5929,11.5503],[92.5904,11.5488],[92.5911,11.5511],[92.5845,11.5515],[92.5849,11.5529],[92.5831,11.5489],[92.5863,11.5458],[92.5871,11.534],[92.5917,11.537],[92.5944,11.5333],[92.5934,11.5431],[92.5957,11.544],[92.5965,11.5492],[92.5942,11.5538],[92.5949,11.5649],[92.5915,11.564]]],[[[92.5773,11.5826],[92.5777,11.5851],[92.576,11.5843],[92.5773,11.5826]]],[[[92.6133,11.5834],[92.614,11.5854],[92.6101,11.5888],[92.6008,11.5859],[92.5996,11.5676],[92.6029,11.5697],[92.6013,11.5743],[92.6043,11.5745],[92.6058,11.5714],[92.6076,11.5734],[92.6093,11.5663],[92.6137,11.5631],[92.6175,11.5747],[92.6162,11.5817],[92.6133,11.5834]]],[[[92.5933,11.5893],[92.5934,11.5894],[92.5935,11.5895],[92.5935,11.5896],[92.5935,11.5897],[92.5934,11.5898],[92.5932,11.5899],[92.5931,11.59],[92.5928,11.5902],[92.5928,11.5903],[92.5927,11.5905],[92.5926,11.5906],[92.5924,11.5906],[92.5922,11.5906],[92.5921,11.5904],[92.592,11.5903],[92.592,11.5901],[92.592,11.5899],[92.5921,11.5898],[92.5922,11.5897],[92.5924,11.5895],[92.5927,11.5894],[92.593,11.5893],[92.5933,11.5893]]],[[[92.5416,11.6027],[92.5357,11.6066],[92.5312,11.5957],[92.5318,11.5904],[92.5353,11.5872],[92.5322,11.5893],[92.5342,11.5832],[92.531,11.5727],[92.5346,11.5659],[92.5289,11.5552],[92.538,11.5634],[92.5472,11.561],[92.5527,11.5622],[92.5553,11.5663],[92.5527,11.5672],[92.5541,11.5716],[92.5643,11.5737],[92.5613,11.579],[92.561,11.5771],[92.5588,11.5781],[92.5608,11.5797],[92.5594,11.5846],[92.568,11.5898],[92.5622,11.593],[92.5566,11.5852],[92.5525,11.5887],[92.5491,11.5879],[92.5435,11.5908],[92.5447,11.5985],[92.5472,11.6002],[92.5416,11.6027]]],[[[92.6972,11.6642],[92.6921,11.6608],[92.6996,11.6594],[92.7003,11.6631],[92.6972,11.6642]]],[[[92.7652,11.6771],[92.7652,11.6806],[92.7597,11.677],[92.761,11.6694],[92.7652,11.6771]]],[[[92.7246,11.6862],[92.726,11.6873],[92.7222,11.688],[92.7246,11.6862]]],[[[93.08,11.779],[93.0849,11.7886],[93.0781,11.7864],[93.0763,11.781],[93.08,11.779]]],[[[93.0171,11.8445],[93.0113,11.8499],[93.0145,11.8304],[93.0216,11.8306],[93.0305,11.8227],[93.0475,11.8132],[93.0594,11.8171],[93.0603,11.822],[93.0703,11.8359],[93.0679,11.8415],[93.062,11.8445],[93.0435,11.8413],[93.0358,11.8363],[93.0299,11.8369],[93.0171,11.8445]]],[[[92.5982,11.914],[92.5992,11.9184],[92.5966,11.9139],[92.5962,11.9168],[92.5945,11.9153],[92.5951,11.9064],[92.5982,11.914]]],[[[92.6033,11.9294],[92.6031,11.9363],[92.6014,11.9356],[92.6033,11.9294]]],[[[92.7188,11.9347],[92.7158,11.9332],[92.7147,11.926],[92.7143,11.9108],[92.7178,11.9027],[92.7235,11.91],[92.7232,11.9274],[92.7188,11.9347]]],[[[92.722,11.9516],[92.7244,11.9542],[92.7224,11.9545],[92.722,11.9516]]],[[[92.7279,11.9468],[92.7319,11.9602],[92.7252,11.9561],[92.7229,11.947],[92.7243,11.9419],[92.7306,11.9449],[92.7279,11.9468]]],[[[92.5954,11.9764],[92.5877,11.977],[92.5873,11.9738],[92.5951,11.9628],[92.5963,11.9385],[92.5946,11.9381],[92.5946,11.93],[92.5977,11.9283],[92.6019,11.9371],[92.6052,11.9367],[92.6079,11.9435],[92.6054,11.9455],[92.6017,11.9671],[92.5954,11.9764]]],[[[92.7409,11.9653],[92.7439,11.967],[92.7419,11.9677],[92.7409,11.9653]]],[[[92.7615,11.9661],[92.7517,11.9668],[92.7544,11.9662],[92.7479,11.9616],[92.742,11.9621],[92.7352,11.9522],[92.7395,11.9537],[92.7444,11.9456],[92.7593,11.9494],[92.7654,11.9553],[92.7645,11.9651],[92.7615,11.9661]]],[[[92.5823,11.9826],[92.5809,11.9774],[92.583,11.9781],[92.5823,11.9826]]],[[[92.7246,11.9904],[92.723,11.992],[92.7245,11.9879],[92.7217,11.983],[92.7264,11.9881],[92.7246,11.9904]]],[[[92.7252,11.9956],[92.7253,11.9957],[92.7255,11.996],[92.7255,11.9962],[92.7254,11.9964],[92.7251,11.9962],[92.7248,11.9959],[92.7247,11.9957],[92.7247,11.9957],[92.7248,11.9955],[92.7249,11.9955],[92.7252,11.9956]]],[[[92.7752,12.0164],[92.7701,12.0171],[92.7706,12.0136],[92.7737,12.0127],[92.7752,12.0164]]],[[[92.9664,12.0413],[92.9636,12.051],[92.9592,12.0306],[92.9487,12.0139],[92.9384,12.0075],[92.9278,12.0061],[92.9251,11.9956],[92.9299,11.9926],[92.9328,11.9851],[92.9474,11.9856],[92.9595,11.981],[92.9673,11.9571],[92.9727,11.9489],[92.984,11.9456],[92.9898,11.9526],[92.9943,11.952],[92.999,11.9376],[93.0052,11.9327],[93.0066,11.9253],[93.0217,11.9011],[93.0237,11.89],[93.035,11.8826],[93.0436,11.8846],[93.0506,11.8929],[93.0525,11.9036],[93.0456,11.9124],[93.0448,11.9238],[93.0359,11.9476],[93.0299,11.9485],[93.0269,11.952],[93.0248,11.9651],[93.0053,12.0024],[93.0076,12.0199],[92.9938,12.0387],[92.9879,12.0387],[92.9816,12.0437],[92.9778,12.0428],[92.9786,12.0452],[92.9736,12.0439],[92.9765,12.0463],[92.9729,12.0487],[92.9722,12.0443],[92.9664,12.0413]]],[[[92.7391,12.1107],[92.7399,12.1111],[92.7403,12.1114],[92.7405,12.1117],[92.7405,12.1119],[92.7406,12.1121],[92.7405,12.1131],[92.7405,12.1132],[92.7403,12.1133],[92.7398,12.1131],[92.7395,12.1129],[92.7392,12.1124],[92.739,12.112],[92.7385,12.1111],[92.7384,12.1109],[92.7385,12.1107],[92.7386,12.1106],[92.7387,12.1106],[92.7391,12.1107]]],[[[92.9991,12.1063],[92.9854,12.1108],[92.9711,12.1065],[92.9638,12.1117],[92.9579,12.1108],[92.9584,12.1001],[92.9553,12.0893],[92.961,12.0865],[92.9541,12.0802],[92.9563,12.0695],[92.9613,12.064],[92.9687,12.061],[92.9712,12.0555],[92.9758,12.0559],[92.978,12.0502],[92.9952,12.0419],[93.0009,12.0439],[93.0046,12.0485],[93.0039,12.0599],[93.0005,12.0653],[92.9999,12.0843],[93.005,12.1038],[92.9991,12.1063]]],[[[92.9504,12.0849],[92.9496,12.0925],[92.9559,12.099],[92.9557,12.1018],[92.9467,12.1169],[92.9504,12.0849]]],[[[93.0559,12.1199],[93.0543,12.1203],[93.0536,12.1164],[93.0487,12.1168],[93.0498,12.1117],[93.0532,12.1093],[93.0534,12.1137],[93.0576,12.1171],[93.0559,12.1199]]],[[[93.0975,12.1345],[93.0976,12.1346],[93.0977,12.1349],[93.0977,12.1354],[93.0978,12.1357],[93.098,12.1362],[93.0983,12.1367],[93.0983,12.1368],[93.0982,12.1369],[93.0979,12.1369],[93.0976,12.137],[93.0974,12.1372],[93.0969,12.1372],[93.0968,12.1368],[93.0966,12.1364],[93.0964,12.136],[93.0963,12.1353],[93.0964,12.135],[93.0965,12.1349],[93.0967,12.1344],[93.0969,12.1343],[93.0975,12.1345]]],[[[93.1196,12.1488],[93.1159,12.149],[93.1091,12.1417],[93.1153,12.1304],[93.1228,12.1409],[93.1209,12.1418],[93.1216,12.1452],[93.1177,12.1443],[93.1196,12.1488]]],[[[92.9871,12.1601],[92.9862,12.1622],[92.9825,12.1559],[92.9728,12.1526],[92.9576,12.1527],[92.952,12.1473],[92.9523,12.1324],[92.9569,12.119],[92.9624,12.1136],[92.9637,12.1179],[92.9729,12.1147],[92.9773,12.1083],[92.9843,12.1122],[93.0027,12.1122],[93.0037,12.1177],[92.9972,12.1295],[92.9987,12.1481],[92.9968,12.1575],[92.9941,12.1596],[92.9924,12.1564],[92.991,12.1605],[92.9871,12.1601]]],[[[93.0257,12.1456],[93.0249,12.1551],[93.0276,12.1641],[93.026,12.1667],[93.0202,12.1568],[93.007,12.1477],[93.0036,12.1399],[93.0023,12.1246],[93.0065,12.1167],[93.0082,12.1051],[93.0059,12.0796],[93.0078,12.077],[93.0152,12.0766],[93.0238,12.0718],[93.0335,12.0609],[93.0392,12.0475],[93.0439,12.046],[93.0432,12.0513],[93.046,12.0485],[93.0504,12.0562],[93.0484,12.0573],[93.0494,12.0602],[93.0463,12.056],[93.0445,12.0571],[93.047,12.0625],[93.0487,12.0608],[93.0459,12.0639],[93.0501,12.0612],[93.0518,12.0691],[93.0507,12.0712],[93.0478,12.0684],[93.0503,12.0729],[93.044,12.0726],[93.0421,12.0762],[93.0496,12.0753],[93.05,12.0797],[93.0455,12.0829],[93.0416,12.0822],[93.044,12.0836],[93.0425,12.0852],[93.0391,12.0846],[93.0409,12.0865],[93.0372,12.0931],[93.0341,12.0916],[93.032,12.1005],[93.0285,12.1014],[93.0225,12.0987],[93.028,12.1027],[93.0328,12.1013],[93.029,12.1138],[93.023,12.1138],[93.0247,12.1163],[93.0224,12.1193],[93.0255,12.1151],[93.0282,12.1157],[93.0279,12.1201],[93.0332,12.1257],[93.031,12.1268],[93.0287,12.135],[93.0202,12.1436],[93.0216,12.145],[93.0263,12.1426],[93.0257,12.1456]]],[[[92.6815,12.2147],[92.6814,12.224],[92.6786,12.2193],[92.6815,12.2147]]],[[[92.696,12.2391],[92.6874,12.2352],[92.6834,12.2212],[92.6859,12.214],[92.6827,12.2061],[92.6822,12.2127],[92.6794,12.2139],[92.678,12.2122],[92.677,12.1978],[92.6807,12.1958],[92.6809,12.192],[92.6779,12.1955],[92.6748,12.1872],[92.6764,12.2156],[92.6737,12.218],[92.6682,12.2056],[92.6641,12.2025],[92.6551,12.1803],[92.6525,12.1816],[92.6543,12.1892],[92.6641,12.2164],[92.6668,12.2188],[92.6645,12.2223],[92.6602,12.2151],[92.6501,12.188],[92.6443,12.1788],[92.6391,12.1547],[92.6333,12.1409],[92.6302,12.123],[92.6343,12.1205],[92.6294,12.1198],[92.6307,12.1164],[92.627,12.1144],[92.6218,12.1016],[92.6185,12.0685],[92.6192,12.0635],[92.6247,12.0597],[92.6218,12.0487],[92.6279,12.0432],[92.6202,12.0399],[92.6201,12.0317],[92.6239,12.0283],[92.617,12.0242],[92.6124,12.0003],[92.6159,11.9931],[92.6125,11.991],[92.6109,11.985],[92.6125,11.9634],[92.6095,11.9548],[92.6131,11.9516],[92.6108,11.9488],[92.607,11.9244],[92.6077,11.9223],[92.6107,11.9293],[92.6113,11.9272],[92.6131,11.9281],[92.6148,11.9423],[92.6174,11.9467],[92.6154,11.9246],[92.6179,11.9256],[92.6207,11.9344],[92.6195,11.9229],[92.6217,11.9215],[92.6191,11.9208],[92.6186,11.9151],[92.6177,11.9216],[92.6146,11.9203],[92.6118,11.9049],[92.6104,11.9148],[92.6083,11.8964],[92.6095,11.8828],[92.6109,11.8873],[92.6125,11.8797],[92.6105,11.8676],[92.6117,11.866],[92.6132,11.8674],[92.6154,11.8626],[92.6123,11.8636],[92.6116,11.8612],[92.6138,11.8311],[92.6113,11.8291],[92.6102,11.8435],[92.6098,11.8367],[92.6058,11.8348],[92.604,11.8447],[92.6007,11.8489],[92.6015,11.8601],[92.596,11.8742],[92.5986,11.8869],[92.5947,11.884],[92.5989,11.8909],[92.5994,11.8968],[92.5968,11.8918],[92.5956,11.8961],[92.5945,11.8928],[92.5925,11.8949],[92.5918,11.881],[92.5945,11.8808],[92.5924,11.8759],[92.5916,11.8782],[92.5896,11.8775],[92.595,11.8649],[92.5873,11.8667],[92.5838,11.8601],[92.5816,11.8704],[92.5835,11.8722],[92.5803,11.8811],[92.5829,11.8827],[92.58,11.8896],[92.5813,11.8955],[92.5763,11.8946],[92.5716,11.889],[92.5703,11.8908],[92.5704,11.898],[92.5718,11.894],[92.5743,11.8938],[92.58,11.9014],[92.5797,11.9066],[92.5754,11.9108],[92.5797,11.9093],[92.5799,11.9148],[92.5775,11.9174],[92.5753,11.9138],[92.5746,11.9154],[92.5717,11.9141],[92.5699,11.9086],[92.5667,11.9168],[92.5712,11.9265],[92.5729,11.9257],[92.5716,11.9179],[92.5732,11.922],[92.5781,11.92],[92.5779,11.9273],[92.5716,11.9278],[92.5652,11.9402],[92.5646,11.9357],[92.5609,11.9365],[92.5645,11.9436],[92.5615,11.947],[92.5575,11.9409],[92.5597,11.9361],[92.5542,11.9284],[92.5541,11.9251],[92.5594,11.9309],[92.5559,11.9175],[92.5539,11.9166],[92.5458,11.922],[92.5496,11.9252],[92.5534,11.9244],[92.5496,11.9264],[92.5425,11.9234],[92.5412,11.9173],[92.5351,11.9119],[92.5385,11.9045],[92.5415,11.9031],[92.5383,11.9037],[92.5354,11.8996],[92.5275,11.8958],[92.5271,11.8786],[92.5251,11.8748],[92.5273,11.8727],[92.5293,11.8757],[92.5286,11.8826],[92.5306,11.8866],[92.5336,11.8776],[92.5309,11.8713],[92.5336,11.8702],[92.5296,11.8656],[92.5251,11.8697],[92.526,11.8723],[92.5239,11.871],[92.5192,11.8602],[92.5193,11.8574],[92.5218,11.8623],[92.5235,11.8554],[92.519,11.8516],[92.5191,11.8569],[92.5171,11.8565],[92.5143,11.8484],[92.5183,11.845],[92.5196,11.84],[92.5224,11.8448],[92.5223,11.8389],[92.5181,11.8349],[92.5234,11.8269],[92.523,11.8323],[92.5269,11.83],[92.5314,11.8412],[92.5328,11.8363],[92.5341,11.8419],[92.5397,11.8418],[92.5428,11.8359],[92.5421,11.8457],[92.544,11.8492],[92.5391,11.8486],[92.5366,11.8507],[92.5362,11.8605],[92.5401,11.8596],[92.5433,11.8508],[92.5489,11.8577],[92.5522,11.8495],[92.5521,11.8476],[92.5506,11.8498],[92.5491,11.8479],[92.5524,11.833],[92.5491,11.8311],[92.5488,11.8357],[92.547,11.8331],[92.5479,11.8235],[92.5504,11.8225],[92.5492,11.8192],[92.5464,11.8203],[92.5522,11.8103],[92.5538,11.8153],[92.556,11.8122],[92.5586,11.8126],[92.5561,11.8112],[92.5562,11.8079],[92.5512,11.8072],[92.5538,11.788],[92.5513,11.7845],[92.5552,11.7737],[92.5581,11.777],[92.5599,11.7747],[92.5618,11.7756],[92.5605,11.7729],[92.5624,11.772],[92.5584,11.7729],[92.5589,11.7679],[92.5576,11.7692],[92.5537,11.767],[92.5513,11.7632],[92.5556,11.7598],[92.5524,11.7606],[92.5507,11.7571],[92.5538,11.7555],[92.5518,11.7555],[92.5511,11.7201],[92.5604,11.6948],[92.5638,11.6925],[92.5715,11.6995],[92.5732,11.7157],[92.5719,11.7233],[92.5689,11.7252],[92.5719,11.7251],[92.5743,11.7341],[92.5818,11.735],[92.5854,11.7306],[92.5872,11.734],[92.5923,11.7355],[92.5907,11.733],[92.5932,11.7188],[92.5908,11.7132],[92.5949,11.7094],[92.5919,11.7028],[92.5986,11.6901],[92.5967,11.6772],[92.5906,11.6693],[92.5938,11.6673],[92.5979,11.657],[92.6008,11.66],[92.6015,11.6549],[92.5986,11.6542],[92.5984,11.6513],[92.6046,11.6453],[92.6073,11.6343],[92.6107,11.6375],[92.6167,11.6329],[92.621,11.6382],[92.6189,11.6332],[92.6251,11.6287],[92.6306,11.6295],[92.6313,11.6396],[92.6284,11.6508],[92.6317,11.6615],[92.6381,11.6456],[92.6349,11.6401],[92.6414,11.6425],[92.6423,11.6474],[92.6474,11.6456],[92.6425,11.6405],[92.6444,11.6257],[92.6387,11.6124],[92.6355,11.6144],[92.6342,11.6115],[92.6301,11.6165],[92.6276,11.6122],[92.6238,11.6139],[92.6208,11.6112],[92.6215,11.6146],[92.6182,11.621],[92.608,11.6209],[92.605,11.6086],[92.608,11.6008],[92.6066,11.5944],[92.6097,11.5941],[92.6148,11.5871],[92.6175,11.5881],[92.619,11.5837],[92.6165,11.5626],[92.619,11.5613],[92.6241,11.569],[92.6281,11.577],[92.6266,11.5834],[92.633,11.5901],[92.634,11.58],[92.6489,11.5724],[92.6429,11.5576],[92.6473,11.5555],[92.6506,11.5589],[92.6527,11.555],[92.6511,11.5526],[92.6537,11.5505],[92.6464,11.5403],[92.6437,11.5406],[92.6461,11.5218],[92.6547,11.5152],[92.6604,11.5148],[92.6656,11.5048],[92.6728,11.5053],[92.6741,11.5119],[92.6834,11.5122],[92.6873,11.508],[92.6899,11.5093],[92.6939,11.5061],[92.6948,11.5115],[92.6993,11.5099],[92.6991,11.5032],[92.7031,11.4988],[92.7037,11.4927],[92.7079,11.4905],[92.7058,11.4859],[92.7101,11.4782],[92.7105,11.4883],[92.7154,11.4948],[92.7159,11.503],[92.721,11.5132],[92.7255,11.5166],[92.7224,11.5324],[92.7303,11.5428],[92.7293,11.5467],[92.733,11.5535],[92.73,11.555],[92.7288,11.5594],[92.7378,11.5706],[92.7369,11.5798],[92.7402,11.5798],[92.742,11.5846],[92.7427,11.5899],[92.7406,11.5898],[92.7393,11.5934],[92.7511,11.6093],[92.7511,11.6327],[92.7453,11.6429],[92.7517,11.6447],[92.755,11.6486],[92.7563,11.6558],[92.753,11.6581],[92.7554,11.6647],[92.7465,11.6688],[92.7482,11.6742],[92.7464,11.6766],[92.7347,11.6777],[92.7318,11.6732],[92.7308,11.6807],[92.7263,11.6803],[92.723,11.6838],[92.7182,11.6821],[92.7144,11.6777],[92.7175,11.6699],[92.7154,11.6651],[92.7292,11.6615],[92.729,11.657],[92.7222,11.6557],[92.7187,11.6525],[92.7096,11.6523],[92.7117,11.6436],[92.7057,11.6421],[92.7043,11.6495],[92.7004,11.6545],[92.6938,11.6529],[92.6949,11.6496],[92.7008,11.648],[92.699,11.6449],[92.7012,11.6394],[92.6994,11.641],[92.6968,11.6382],[92.6928,11.6388],[92.6929,11.6316],[92.697,11.6288],[92.6937,11.6243],[92.6972,11.6176],[92.7021,11.6188],[92.7019,11.6168],[92.6915,11.6124],[92.6922,11.6145],[92.6826,11.6144],[92.6814,11.6171],[92.6729,11.6068],[92.6715,11.6091],[92.6674,11.6086],[92.6678,11.611],[92.6732,11.6095],[92.675,11.6134],[92.6779,11.6139],[92.68,11.6206],[92.6877,11.6211],[92.6807,11.6273],[92.6733,11.6244],[92.6665,11.6358],[92.6671,11.6408],[92.6612,11.6538],[92.6644,11.6617],[92.6729,11.6599],[92.6801,11.6619],[92.6778,11.6526],[92.6824,11.6507],[92.6849,11.6554],[92.6847,11.6623],[92.691,11.6645],[92.692,11.6693],[92.6974,11.6657],[92.706,11.6698],[92.707,11.6716],[92.6999,11.6744],[92.6982,11.6808],[92.7011,11.6799],[92.7027,11.6826],[92.7013,11.6957],[92.7058,11.701],[92.7112,11.6952],[92.7124,11.7037],[92.7164,11.7055],[92.7214,11.6975],[92.7256,11.6978],[92.7271,11.6946],[92.7298,11.699],[92.7366,11.6913],[92.7433,11.6908],[92.7413,11.7097],[92.7445,11.7142],[92.7541,11.7014],[92.7561,11.7081],[92.7535,11.7166],[92.7553,11.72],[92.7543,11.7258],[92.7572,11.7289],[92.7574,11.7365],[92.7605,11.7409],[92.7596,11.7457],[92.7646,11.7524],[92.7639,11.7674],[92.7684,11.7754],[92.7661,11.7796],[92.7704,11.7857],[92.7686,11.7996],[92.774,11.8125],[92.775,11.8246],[92.7779,11.8296],[92.7757,11.8334],[92.7805,11.8437],[92.7804,11.8493],[92.7836,11.8497],[92.7856,11.8542],[92.7834,11.859],[92.7867,11.8728],[92.7856,11.8807],[92.7911,11.886],[92.7834,11.8876],[92.7781,11.8928],[92.7793,11.8979],[92.7762,11.8978],[92.7868,11.9017],[92.7818,11.9048],[92.7864,11.919],[92.7859,11.9255],[92.7772,11.9327],[92.7811,11.9319],[92.783,11.9362],[92.7747,11.9356],[92.775,11.9382],[92.7716,11.937],[92.7696,11.9398],[92.766,11.9381],[92.7631,11.9401],[92.7579,11.9366],[92.7649,11.9223],[92.7587,11.9298],[92.7579,11.9344],[92.7553,11.9348],[92.7517,11.9305],[92.7537,11.9314],[92.7518,11.928],[92.7539,11.9272],[92.7512,11.9251],[92.7486,11.9283],[92.7494,11.9317],[92.7453,11.9323],[92.7424,11.9258],[92.7437,11.9238],[92.7502,11.9235],[92.7497,11.9215],[92.7459,11.9181],[92.7427,11.9098],[92.7432,11.9188],[92.737,11.9184],[92.7325,11.9039],[92.7347,11.9029],[92.7327,11.8996],[92.7367,11.8989],[92.7398,11.9031],[92.7392,11.8994],[92.7422,11.896],[92.7352,11.8958],[92.7343,11.8934],[92.7376,11.8918],[92.7336,11.8916],[92.7296,11.897],[92.73,11.8813],[92.7327,11.8824],[92.7354,11.8885],[92.7417,11.8817],[92.7372,11.8788],[92.7357,11.8721],[92.7323,11.8708],[92.7321,11.8684],[92.7293,11.8686],[92.7282,11.8612],[92.732,11.8585],[92.7309,11.8536],[92.7254,11.8495],[92.7277,11.8466],[92.7248,11.8436],[92.7262,11.8418],[92.718,11.8321],[92.7182,11.8299],[92.7216,11.8329],[92.7189,11.8284],[92.7203,11.8268],[92.7146,11.8233],[92.7143,11.8206],[92.7113,11.8207],[92.7089,11.8247],[92.7124,11.8342],[92.7088,11.8334],[92.7087,11.8363],[92.7121,11.8365],[92.715,11.8429],[92.7195,11.8451],[92.723,11.8537],[92.7202,11.8561],[92.7231,11.8595],[92.7206,11.8609],[92.72,11.8679],[92.7184,11.8659],[92.7168,11.8689],[92.7108,11.8639],[92.709,11.8569],[92.7045,11.8558],[92.7022,11.8504],[92.7033,11.8622],[92.6979,11.8658],[92.7005,11.8696],[92.7052,11.87],[92.7016,11.8732],[92.7029,11.8763],[92.709,11.8759],[92.7104,11.8736],[92.7119,11.8767],[92.7159,11.8753],[92.7197,11.8778],[92.7166,11.8852],[92.713,11.8822],[92.7046,11.8828],[92.7065,11.8891],[92.7002,11.8917],[92.6923,11.9011],[92.6986,11.9045],[92.6992,11.9136],[92.7031,11.9167],[92.7024,11.9114],[92.7056,11.9061],[92.7042,11.9035],[92.7103,11.8991],[92.7129,11.903],[92.7105,11.9162],[92.7124,11.9194],[92.7111,11.9224],[92.708,11.9222],[92.7087,11.9289],[92.7037,11.9273],[92.6978,11.9312],[92.7055,11.9367],[92.7096,11.936],[92.7105,11.9388],[92.7058,11.9387],[92.7082,11.9416],[92.715,11.9426],[92.7122,11.9474],[92.7083,11.9477],[92.7111,11.9507],[92.7084,11.9514],[92.7037,11.9621],[92.7068,11.9625],[92.7073,11.9586],[92.7104,11.957],[92.7128,11.9585],[92.7133,11.9541],[92.7161,11.9546],[92.7167,11.9612],[92.7122,11.962],[92.7073,11.9742],[92.7171,11.9713],[92.718,11.9672],[92.7217,11.9651],[92.7247,11.9699],[92.7309,11.9695],[92.7286,11.9757],[92.7235,11.9703],[92.7212,11.9753],[92.7186,11.9756],[92.7186,11.979],[92.7202,11.9769],[92.7226,11.979],[92.7199,11.9804],[92.7201,11.9843],[92.7155,11.9805],[92.7108,11.9828],[92.7159,11.9851],[92.714,11.9886],[92.719,11.9883],[92.7132,11.994],[92.7257,11.9977],[92.726,12.0007],[92.7204,12.0032],[92.7212,12.0059],[92.7383,11.9975],[92.7361,11.9945],[92.7372,11.9887],[92.7318,11.9829],[92.7319,11.9791],[92.7344,11.9771],[92.7434,11.9836],[92.7464,11.9782],[92.7535,11.9827],[92.754,11.9883],[92.747,11.9906],[92.7414,11.9885],[92.7419,11.9954],[92.7452,11.9945],[92.7461,11.9977],[92.749,11.9954],[92.7683,11.9975],[92.7665,12.0116],[92.7576,12.0082],[92.7556,12.0025],[92.7514,12.0026],[92.7476,12.0092],[92.7508,12.0105],[92.7492,12.0138],[92.751,12.0154],[92.7465,12.0147],[92.7496,12.017],[92.749,12.0193],[92.747,12.0183],[92.746,12.0208],[92.7442,12.0185],[92.7392,12.0184],[92.7353,12.0123],[92.7316,12.0169],[92.7301,12.0149],[92.7362,12.0204],[92.7281,12.02],[92.7287,12.0247],[92.7225,12.0264],[92.7241,12.0241],[92.722,12.0262],[92.7356,12.0258],[92.737,12.0302],[92.729,12.0318],[92.7328,12.0326],[92.7336,12.0356],[92.7303,12.0351],[92.7276,12.0383],[92.7251,12.0371],[92.7268,12.0448],[92.7278,12.0407],[92.7259,12.0392],[92.7304,12.0378],[92.7306,12.0357],[92.7341,12.0368],[92.7362,12.0346],[92.7337,12.0429],[92.736,12.0438],[92.7391,12.0357],[92.7419,12.035],[92.7442,12.0383],[92.7475,12.0259],[92.7499,12.0257],[92.7492,12.0304],[92.7515,12.0344],[92.7524,12.0262],[92.7553,12.0271],[92.7556,12.0223],[92.7604,12.0197],[92.7645,12.0215],[92.7663,12.026],[92.7735,12.0228],[92.7775,12.0244],[92.7761,12.0332],[92.7822,12.0484],[92.7771,12.0507],[92.7714,12.0464],[92.7662,12.0464],[92.7636,12.0478],[92.7657,12.0501],[92.764,12.0519],[92.7593,12.0511],[92.7601,12.0551],[92.747,12.0554],[92.7537,12.0586],[92.7564,12.0652],[92.7506,12.0702],[92.7391,12.0738],[92.734,12.0835],[92.7336,12.1034],[92.7359,12.1109],[92.7427,12.1203],[92.7432,12.1275],[92.7489,12.1399],[92.7477,12.1433],[92.7517,12.1481],[92.7534,12.159],[92.7563,12.1635],[92.7562,12.1772],[92.7524,12.1775],[92.7508,12.1809],[92.747,12.1757],[92.7437,12.1801],[92.7357,12.1823],[92.722,12.1775],[92.7191,12.1799],[92.7112,12.1624],[92.7092,12.1438],[92.7053,12.1374],[92.7035,12.1379],[92.705,12.1475],[92.7019,12.1472],[92.7056,12.1512],[92.7059,12.1612],[92.7113,12.1725],[92.7047,12.1658],[92.7,12.1547],[92.6993,12.1615],[92.697,12.162],[92.7003,12.1629],[92.7025,12.1713],[92.7003,12.1721],[92.7088,12.1888],[92.704,12.1904],[92.7008,12.1871],[92.7034,12.1911],[92.7055,12.1892],[92.7116,12.1899],[92.7064,12.1965],[92.7035,12.1928],[92.7081,12.2033],[92.7087,12.2163],[92.7061,12.2167],[92.7068,12.2205],[92.7029,12.2323],[92.696,12.2391]]],[[[93.0718,12.2105],[93.065,12.2104],[93.0559,12.1938],[93.0379,12.1463],[93.0358,12.1345],[93.038,12.1337],[93.0356,12.1325],[93.0384,12.1265],[93.0444,12.129],[93.0483,12.1194],[93.0503,12.1232],[93.0472,12.1277],[93.0528,12.1283],[93.0512,12.1278],[93.0531,12.1235],[93.0573,12.1248],[93.0582,12.1228],[93.0666,12.1318],[93.0667,12.1266],[93.0642,12.1233],[93.0698,12.1252],[93.0665,12.1222],[93.0701,12.1235],[93.0682,12.1199],[93.0713,12.1209],[93.0708,12.1182],[93.0677,12.1144],[93.0677,12.1193],[93.0661,12.1169],[93.0661,12.1208],[93.0635,12.1223],[93.0622,12.1179],[93.0591,12.1164],[93.0603,12.1126],[93.0564,12.1091],[93.0585,12.103],[93.0652,12.0969],[93.0676,12.0893],[93.0693,12.0907],[93.0696,12.088],[93.0723,12.0927],[93.0717,12.088],[93.0689,12.0867],[93.074,12.0838],[93.0769,12.0877],[93.0779,12.0846],[93.0803,12.0902],[93.0829,12.0884],[93.0855,12.091],[93.0829,12.0902],[93.0848,12.0935],[93.0842,12.0962],[93.0824,12.0958],[93.0837,12.1008],[93.0867,12.0965],[93.0853,12.0953],[93.0899,12.0993],[93.0908,12.1054],[93.0883,12.0986],[93.0863,12.1012],[93.0887,12.1014],[93.0855,12.1038],[93.0889,12.1051],[93.0892,12.108],[93.0853,12.1058],[93.0849,12.1077],[93.0833,12.1059],[93.081,12.1073],[93.084,12.1079],[93.0815,12.1096],[93.0864,12.1097],[93.0856,12.1139],[93.0882,12.1151],[93.0863,12.1165],[93.091,12.1167],[93.091,12.1201],[93.0898,12.1217],[93.0875,12.1182],[93.0858,12.12],[93.0824,12.1147],[93.081,12.1162],[93.0834,12.119],[93.0808,12.1217],[93.0816,12.1242],[93.0866,12.1238],[93.0873,12.1284],[93.083,12.1316],[93.0863,12.1307],[93.0848,12.1328],[93.0882,12.1333],[93.0857,12.1345],[93.0904,12.1355],[93.0899,12.1378],[93.0853,12.1357],[93.0857,12.1379],[93.0911,12.1393],[93.0867,12.1404],[93.091,12.1414],[93.0895,12.1438],[93.0918,12.1419],[93.094,12.1431],[93.0923,12.148],[93.0885,12.1455],[93.0874,12.1519],[93.0801,12.1464],[93.0806,12.1492],[93.0776,12.1491],[93.0835,12.1513],[93.0827,12.1569],[93.0879,12.1706],[93.0882,12.1807],[93.0851,12.1799],[93.0876,12.1796],[93.0866,12.1743],[93.0856,12.1789],[93.0821,12.1794],[93.0824,12.1771],[93.08,12.18],[93.0775,12.1786],[93.0752,12.1803],[93.07,12.1772],[93.0672,12.1722],[93.0674,12.1742],[93.0654,12.1733],[93.0781,12.1853],[93.0767,12.181],[93.0854,12.1845],[93.0794,12.1863],[93.0862,12.1927],[93.0803,12.1985],[93.0782,12.1977],[93.0807,12.1953],[93.0773,12.1969],[93.0741,12.1929],[93.0741,12.1963],[93.0781,12.1995],[93.0742,12.2004],[93.0732,12.1981],[93.0713,12.2004],[93.069,12.1966],[93.0669,12.1973],[93.0698,12.1981],[93.0705,12.1998],[93.0677,12.1993],[93.071,12.2012],[93.0694,12.2015],[93.0711,12.2037],[93.0743,12.2031],[93.0729,12.2055],[93.0761,12.2048],[93.0731,12.2078],[93.0747,12.2099],[93.0718,12.2105]]],[[[93.019,12.2235],[93.0198,12.2238],[93.02,12.224],[93.0201,12.2242],[93.0199,12.2244],[93.0195,12.2245],[93.0192,12.2244],[93.0186,12.2244],[93.0184,12.2243],[93.0184,12.2239],[93.0185,12.2236],[93.0187,12.2235],[93.019,12.2235]]],[[[93.0923,12.2186],[93.0923,12.2187],[93.0924,12.2188],[93.093,12.2198],[93.0931,12.2201],[93.0932,12.2206],[93.0933,12.2215],[93.0934,12.2221],[93.0932,12.2233],[93.0932,12.2235],[93.093,12.2236],[93.0929,12.2235],[93.0928,12.2232],[93.0927,12.2229],[93.0927,12.2227],[93.0927,12.2226],[93.0927,12.2219],[93.0926,12.2213],[93.0927,12.2208],[93.0926,12.2203],[93.0922,12.2192],[93.092,12.2187],[93.092,12.2186],[93.0921,12.2185],[93.0923,12.2186]]],[[[93.0928,12.2239],[93.0929,12.2241],[93.0928,12.2243],[93.0924,12.2248],[93.0922,12.2253],[93.092,12.2254],[93.0917,12.2256],[93.0913,12.2258],[93.0909,12.226],[93.0904,12.2263],[93.0902,12.2263],[93.09,12.2263],[93.0899,12.2262],[93.0899,12.2262],[93.0907,12.2258],[93.0912,12.2255],[93.0915,12.2253],[93.0917,12.225],[93.0925,12.224],[93.0926,12.2239],[93.0928,12.2239]]],[[[93.0856,12.2289],[93.0855,12.2292],[93.0853,12.2293],[93.0851,12.2294],[93.0849,12.2293],[93.0848,12.2292],[93.0847,12.2289],[93.0846,12.2287],[93.0845,12.2286],[93.0844,12.2286],[93.0843,12.2289],[93.084,12.229],[93.0838,12.2289],[93.0837,12.2287],[93.0837,12.2283],[93.0836,12.228],[93.0834,12.2278],[93.083,12.2277],[93.0823,12.2272],[93.082,12.2269],[93.0819,12.2266],[93.0818,12.2263],[93.0814,12.2261],[93.0814,12.226],[93.0816,12.2258],[93.0816,12.2257],[93.0816,12.2256],[93.0816,12.2255],[93.0818,12.2254],[93.0819,12.2255],[93.0823,12.2256],[93.0828,12.2257],[93.0828,12.2258],[93.083,12.2263],[93.0832,12.2269],[93.0834,12.2271],[93.0835,12.2272],[93.0838,12.2273],[93.084,12.2272],[93.0841,12.2272],[93.0842,12.2273],[93.0845,12.2276],[93.0847,12.2276],[93.085,12.2273],[93.0852,12.2273],[93.0853,12.2273],[93.0854,12.2275],[93.0854,12.2278],[93.0854,12.2282],[93.0856,12.2289]]],[[[93.104,12.2505],[93.1036,12.2606],[93.101,12.2612],[93.0959,12.2473],[93.0985,12.2493],[93.0926,12.2393],[93.086,12.237],[93.0818,12.2406],[93.0819,12.2383],[93.0819,12.2608],[93.0772,12.2607],[93.0745,12.2558],[93.0768,12.2628],[93.0741,12.26],[93.0725,12.2614],[93.071,12.257],[93.0727,12.2554],[93.0716,12.2535],[93.0705,12.2549],[93.0711,12.2509],[93.0672,12.2442],[93.0656,12.2459],[93.0621,12.23],[93.0716,12.2263],[93.073,12.2295],[93.0744,12.2268],[93.0801,12.2258],[93.0854,12.2303],[93.0866,12.2346],[93.0933,12.2365],[93.0943,12.239],[93.0922,12.2382],[93.0961,12.2434],[93.0957,12.238],[93.0989,12.2465],[93.1022,12.2458],[93.0988,12.2441],[93.1017,12.243],[93.0977,12.2381],[93.1003,12.2372],[93.0992,12.2346],[93.0893,12.2309],[93.0936,12.2223],[93.0915,12.2141],[93.0989,12.2048],[93.1016,12.2146],[93.0984,12.2324],[93.1029,12.2388],[93.104,12.2505]]],[[[93.0254,12.2745],[93.0282,12.2799],[93.0209,12.2759],[93.0254,12.2745]]],[[[93.0719,12.3278],[93.0638,12.3257],[93.0734,12.3254],[93.0719,12.3278]]]]},"properties":{"dtname":"South Andaman","stname":"ANDAMAN & NICOBAR","stcode11":"35","dtcode11":"640","year_stat":"2011_c","Shape_Length":1495688.9365827339,"Shape_Area":2453221237.449629,"OBJECTID":182,"test":0,"Dist_LGD":602,"State_LGD":35}},{"type":"Feature","id":191,"geometry":{"type":"MultiPolygon","coordinates":[[[[93.8997,7.0816],[93.9,7.0817],[93.9003,7.0819],[93.9003,7.0821],[93.9002,7.0822],[93.9,7.0824],[93.8991,7.0828],[93.8989,7.0828],[93.8986,7.0827],[93.8984,7.0826],[93.8983,7.0824],[93.8983,7.0823],[93.8985,7.082],[93.8988,7.0819],[93.8991,7.0818],[93.8993,7.0817],[93.8995,7.0816],[93.8997,7.0816]]],[[[93.7049,7.2214],[93.6982,7.2321],[93.6959,7.228],[93.7008,7.2167],[93.6997,7.213],[93.7012,7.2095],[93.7073,7.2083],[93.7097,7.2141],[93.7049,7.2214]]],[[[93.8372,7.2402],[93.8371,7.2452],[93.8343,7.2407],[93.8264,7.2432],[93.8274,7.2401],[93.8202,7.2372],[93.8165,7.2394],[93.8094,7.2383],[93.7994,7.2331],[93.7958,7.2355],[93.7943,7.2289],[93.7985,7.2305],[93.7985,7.2234],[93.8004,7.2219],[93.7949,7.2205],[93.7962,7.2172],[93.8019,7.2149],[93.7968,7.2139],[93.7968,7.2112],[93.7921,7.2145],[93.794,7.205],[93.7923,7.2058],[93.7925,7.203],[93.7899,7.2045],[93.7909,7.2082],[93.7819,7.215],[93.7776,7.2128],[93.7726,7.2158],[93.7653,7.2135],[93.774,7.2069],[93.7756,7.2094],[93.7769,7.2059],[93.7801,7.2085],[93.7801,7.2045],[93.7771,7.2023],[93.7778,7.1959],[93.7714,7.2014],[93.7701,7.206],[93.7665,7.2076],[93.7685,7.2106],[93.7572,7.209],[93.7527,7.2122],[93.7548,7.2154],[93.7493,7.2156],[93.7435,7.2132],[93.7403,7.2088],[93.7449,7.2],[93.7405,7.2008],[93.7423,7.2042],[93.7396,7.205],[93.7345,7.2024],[93.7225,7.1893],[93.7076,7.1887],[93.706,7.1922],[93.7013,7.1935],[93.6879,7.1895],[93.6808,7.1936],[93.6748,7.1911],[93.6725,7.185],[93.6624,7.1775],[93.6645,7.1743],[93.6638,7.1619],[93.6675,7.1592],[93.6657,7.1421],[93.6622,7.1386],[93.6567,7.1407],[93.6553,7.1329],[93.6463,7.1305],[93.6451,7.1271],[93.6479,7.1141],[93.6525,7.1135],[93.6568,7.1194],[93.6647,7.1148],[93.6627,7.11],[93.6472,7.101],[93.6504,7.0869],[93.6568,7.0874],[93.6606,7.0831],[93.6535,7.0691],[93.6608,7.0657],[93.6566,7.0474],[93.6583,7.0413],[93.6655,7.0373],[93.6651,7.033],[93.6614,7.0293],[93.6674,7.0232],[93.663,7.0197],[93.6629,7.0124],[93.657,7.01],[93.6562,7.0068],[93.6599,7.0038],[93.666,7.0039],[93.6695,7.0167],[93.6733,7.0185],[93.6797,7.0186],[93.6921,7.0128],[93.6931,7.0141],[93.6981,7.0039],[93.6986,6.9991],[93.6956,6.9958],[93.697,6.9931],[93.7073,6.9951],[93.7171,6.9923],[93.7254,6.9795],[93.7237,6.9714],[93.7279,6.9675],[93.728,6.9607],[93.7352,6.9648],[93.7381,6.9635],[93.7413,6.9564],[93.7393,6.9526],[93.7435,6.9466],[93.7411,6.9425],[93.7444,6.9391],[93.7434,6.9302],[93.7345,6.929],[93.7346,6.9241],[93.7442,6.9076],[93.7544,6.9169],[93.7575,6.9164],[93.7588,6.912],[93.7553,6.9081],[93.7604,6.9019],[93.7602,6.8968],[93.7632,6.8974],[93.7633,6.8941],[93.7696,6.891],[93.7724,6.8922],[93.7746,6.8997],[93.7772,6.8952],[93.7769,6.8909],[93.7696,6.8844],[93.7832,6.8818],[93.7864,6.8792],[93.7834,6.8725],[93.7767,6.8798],[93.7689,6.8794],[93.7643,6.8765],[93.7682,6.8703],[93.7653,6.8652],[93.7748,6.8545],[93.7804,6.8564],[93.7847,6.8509],[93.7936,6.8523],[93.7978,6.8505],[93.7978,6.848],[93.7929,6.8445],[93.7861,6.8451],[93.7821,6.8412],[93.7802,6.8295],[93.7888,6.823],[93.791,6.8172],[93.7972,6.8107],[93.8019,6.8128],[93.8006,6.8184],[93.8025,6.821],[93.8071,6.8219],[93.8124,6.8177],[93.8104,6.8137],[93.8144,6.8131],[93.8131,6.8084],[93.8097,6.8067],[93.8105,6.81],[93.8072,6.8058],[93.8028,6.8046],[93.8029,6.7963],[93.8065,6.7942],[93.8097,6.7964],[93.812,6.7911],[93.8091,6.7889],[93.8069,6.7904],[93.8075,6.7933],[93.8037,6.789],[93.8028,6.784],[93.8086,6.7785],[93.8019,6.7731],[93.7998,6.7664],[93.8067,6.7596],[93.8239,6.7544],[93.8303,6.756],[93.8334,6.7695],[93.841,6.7793],[93.8433,6.7907],[93.8403,6.8006],[93.8458,6.8137],[93.8457,6.8154],[93.8437,6.8142],[93.8445,6.8164],[93.8513,6.8189],[93.853,6.818],[93.8515,6.8159],[93.8627,6.8156],[93.873,6.8047],[93.878,6.7934],[93.8829,6.7983],[93.8838,6.8049],[93.8915,6.8061],[93.8968,6.8144],[93.8955,6.8206],[93.904,6.8352],[93.899,6.8408],[93.8902,6.8413],[93.8875,6.8459],[93.8869,6.8663],[93.8942,6.8722],[93.8953,6.8764],[93.8935,6.8863],[93.8907,6.8873],[93.8898,6.8919],[93.8934,6.8973],[93.8879,6.9032],[93.8955,6.9073],[93.9032,6.9059],[93.9085,6.9127],[93.9029,6.9277],[93.9052,6.9317],[93.9107,6.9336],[93.9101,6.9431],[93.9142,6.949],[93.9215,6.9547],[93.9338,6.95],[93.9383,6.9508],[93.9404,6.9544],[93.9392,6.9584],[93.931,6.9623],[93.9279,6.9703],[93.9232,6.973],[93.9245,6.9829],[93.9223,6.9867],[93.9133,6.9924],[93.9084,6.9929],[93.9091,7.0006],[93.9122,7.0065],[93.9228,7.0112],[93.9252,7.0098],[93.9283,7.0002],[93.9357,6.9966],[93.9383,6.9926],[93.9429,6.9989],[93.9406,7.0086],[93.9318,7.0125],[93.9247,7.0267],[93.9227,7.0277],[93.9161,7.0235],[93.9111,7.0254],[93.9122,7.0312],[93.9072,7.0402],[93.9116,7.0497],[93.9011,7.0649],[93.9022,7.0706],[93.8976,7.0806],[93.8883,7.0818],[93.8803,7.0902],[93.879,7.1003],[93.8749,7.106],[93.881,7.1245],[93.8801,7.129],[93.8754,7.1312],[93.8738,7.135],[93.8762,7.1561],[93.8716,7.1664],[93.873,7.1699],[93.866,7.1756],[93.8711,7.1862],[93.8709,7.191],[93.867,7.1957],[93.8695,7.2047],[93.8642,7.2051],[93.8556,7.2186],[93.8412,7.2152],[93.8356,7.2188],[93.8308,7.2289],[93.8377,7.2342],[93.8372,7.2402]]],[[[93.8345,7.2882],[93.8374,7.2917],[93.8337,7.2905],[93.8345,7.2882]]],[[[93.6199,7.3314],[93.6167,7.3312],[93.6193,7.3258],[93.6227,7.3285],[93.6199,7.3314]]],[[[93.6824,7.4014],[93.6782,7.4069],[93.6785,7.4118],[93.671,7.4097],[93.6714,7.4044],[93.6746,7.4005],[93.6824,7.4014]]],[[[93.7561,7.4037],[93.7546,7.406],[93.7503,7.4006],[93.7566,7.3966],[93.759,7.3978],[93.7592,7.4014],[93.7561,7.4037]]],[[[93.7,7.4457],[93.6983,7.4474],[93.6924,7.4456],[93.6951,7.4401],[93.6939,7.4303],[93.6972,7.4274],[93.6975,7.4213],[93.6939,7.415],[93.6941,7.408],[93.6909,7.4047],[93.6973,7.4048],[93.6968,7.4005],[93.701,7.4047],[93.7037,7.4032],[93.707,7.3846],[93.6995,7.3847],[93.7008,7.3874],[93.6992,7.3881],[93.6946,7.3847],[93.6973,7.3903],[93.7009,7.3914],[93.7006,7.3937],[93.6958,7.3962],[93.6877,7.3939],[93.6859,7.3965],[93.6815,7.3917],[93.6788,7.3936],[93.6709,7.3893],[93.6684,7.3791],[93.6611,7.375],[93.6577,7.376],[93.662,7.3704],[93.6561,7.3666],[93.6538,7.3662],[93.6594,7.3729],[93.6529,7.3838],[93.6378,7.3706],[93.6284,7.376],[93.6206,7.3733],[93.6191,7.3627],[93.6219,7.3498],[93.621,7.3387],[93.6244,7.3355],[93.6299,7.3363],[93.6312,7.3345],[93.6253,7.3336],[93.6244,7.323],[93.6087,7.3115],[93.617,7.3062],[93.6228,7.2892],[93.6227,7.2849],[93.6194,7.281],[93.6226,7.2773],[93.6171,7.2705],[93.6174,7.2665],[93.6251,7.2619],[93.6274,7.2541],[93.636,7.2444],[93.6441,7.2473],[93.6495,7.2554],[93.6568,7.2595],[93.6599,7.2704],[93.6664,7.2796],[93.6663,7.2854],[93.6743,7.2932],[93.6861,7.2966],[93.6937,7.3027],[93.6951,7.3068],[93.7062,7.3077],[93.7131,7.3122],[93.717,7.3245],[93.7232,7.3308],[93.7287,7.3482],[93.7363,7.3549],[93.7365,7.3599],[93.7431,7.3624],[93.7447,7.3707],[93.7431,7.3773],[93.7387,7.3796],[93.736,7.3845],[93.7144,7.3974],[93.7087,7.4047],[93.7079,7.432],[93.7034,7.4363],[93.7,7.4457]]],[[[93.6221,7.4784],[93.6222,7.4785],[93.6223,7.4785],[93.6224,7.4786],[93.6224,7.4787],[93.6224,7.4788],[93.6224,7.4789],[93.6223,7.479],[93.6222,7.4791],[93.6221,7.4791],[93.6219,7.4791],[93.6218,7.479],[93.6217,7.4789],[93.6217,7.4788],[93.6217,7.4787],[93.6218,7.4786],[93.6219,7.4785],[93.622,7.4784],[93.6221,7.4784]]],[[[93.6365,7.4788],[93.6332,7.4772],[93.6325,7.4736],[93.6401,7.4727],[93.6404,7.4761],[93.6365,7.4788]]],[[[93.6216,7.4793],[93.622,7.4823],[93.6197,7.4833],[93.6216,7.4793]]],[[[93.5307,7.5264],[93.5223,7.5298],[93.5206,7.5273],[93.5293,7.5147],[93.534,7.5195],[93.5341,7.5246],[93.5307,7.5264]]],[[[93.3713,8.0219],[93.3684,8.0236],[93.3618,8.0218],[93.3562,8.0143],[93.346,8.0092],[93.3427,8.0105],[93.3387,8.0176],[93.3333,8.0123],[93.3281,8.0132],[93.324,8.0108],[93.3183,8.0043],[93.3122,7.9915],[93.3137,7.9772],[93.3059,7.9704],[93.3011,7.962],[93.3032,7.9506],[93.3093,7.9411],[93.3101,7.9327],[93.313,7.9288],[93.3204,7.9255],[93.3225,7.9366],[93.327,7.9374],[93.3332,7.9338],[93.3345,7.9353],[93.3305,7.9367],[93.3309,7.9401],[93.3362,7.9468],[93.3299,7.9421],[93.3289,7.9461],[93.3306,7.9468],[93.3257,7.9508],[93.3336,7.9554],[93.3386,7.954],[93.3417,7.9603],[93.3498,7.9614],[93.3531,7.9592],[93.35,7.9537],[93.354,7.9459],[93.3521,7.9408],[93.3534,7.934],[93.348,7.933],[93.3401,7.9241],[93.3371,7.9246],[93.3321,7.9193],[93.3363,7.9113],[93.3359,7.9068],[93.3339,7.9065],[93.3352,7.9012],[93.3381,7.9002],[93.3416,7.8932],[93.3679,7.8837],[93.382,7.893],[93.3865,7.9025],[93.3975,7.903],[93.4067,7.9081],[93.4155,7.9079],[93.434,7.8978],[93.4417,7.8857],[93.4429,7.8756],[93.4505,7.8738],[93.4536,7.8753],[93.4641,7.8943],[93.455,7.9166],[93.4561,7.9228],[93.4523,7.9365],[93.4257,7.9569],[93.4202,7.9688],[93.4115,7.9601],[93.4048,7.9604],[93.4015,7.9631],[93.3997,7.9687],[93.3928,7.9737],[93.3951,7.9831],[93.3915,7.9933],[93.4001,8.0095],[93.3894,8.0175],[93.3713,8.0219]]],[[[93.5367,8.0283],[93.5346,8.0296],[93.5338,8.0268],[93.5371,8.0229],[93.5402,8.0227],[93.5379,8.0196],[93.5388,8.0157],[93.5422,8.0178],[93.5448,8.0154],[93.5425,8.016],[93.5402,8.0134],[93.5461,8.0076],[93.5414,8.0068],[93.5445,8.0008],[93.5426,7.9993],[93.5436,7.9903],[93.5392,7.9969],[93.5374,7.9964],[93.5366,8.0024],[93.5302,8.0081],[93.5291,8.0143],[93.5322,8.0165],[93.5275,8.0194],[93.5264,8.0145],[93.5246,8.0152],[93.526,8.0226],[93.5218,8.0267],[93.5181,8.0211],[93.5217,8.0075],[93.5134,8.0001],[93.5124,7.9932],[93.5045,7.9958],[93.5032,8.0001],[93.4989,7.9972],[93.4968,7.9988],[93.4984,7.9864],[93.5067,7.9807],[93.5122,7.9724],[93.5154,7.9724],[93.5149,7.97],[93.5224,7.9662],[93.5292,7.9672],[93.5311,7.9699],[93.5269,7.966],[93.5287,7.9598],[93.543,7.9515],[93.5601,7.9346],[93.5674,7.9315],[93.5666,7.9344],[93.571,7.9409],[93.5697,7.9493],[93.5717,7.954],[93.5695,7.9564],[93.572,7.965],[93.5693,7.9666],[93.573,7.9731],[93.5694,7.98],[93.5726,7.9862],[93.5725,7.9941],[93.5703,7.9947],[93.5605,8.0134],[93.5564,8.0165],[93.5536,8.026],[93.5367,8.0283]]],[[[93.4948,8.0491],[93.4945,8.0491],[93.494,8.0491],[93.4936,8.0492],[93.4933,8.0492],[93.4932,8.0491],[93.4931,8.049],[93.493,8.0489],[93.4929,8.0487],[93.493,8.0485],[93.4931,8.0483],[93.4931,8.0481],[93.4931,8.0478],[93.4932,8.0475],[93.4934,8.0474],[93.4936,8.0473],[93.4937,8.0473],[93.4939,8.0475],[93.4941,8.0478],[93.4943,8.0482],[93.4945,8.0483],[93.4948,8.0486],[93.495,8.0488],[93.495,8.049],[93.4948,8.0491]]],[[[93.5137,8.0649],[93.5138,8.065],[93.5138,8.0651],[93.5138,8.0652],[93.5138,8.0653],[93.5138,8.0654],[93.5136,8.0655],[93.5135,8.0654],[93.5134,8.0654],[93.5134,8.0653],[93.5134,8.0652],[93.5134,8.0651],[93.5134,8.065],[93.5135,8.0649],[93.5135,8.0648],[93.5136,8.0648],[93.5137,8.0649]]],[[[93.5145,8.0694],[93.5146,8.0694],[93.5146,8.0695],[93.5146,8.0696],[93.5146,8.0697],[93.5146,8.0698],[93.5145,8.0699],[93.5144,8.0699],[93.5144,8.07],[93.5142,8.07],[93.5142,8.0699],[93.5142,8.0699],[93.5142,8.0698],[93.5142,8.0697],[93.5142,8.0696],[93.5143,8.0695],[93.5143,8.0695],[93.5144,8.0694],[93.5145,8.0694]]],[[[93.5133,8.0752],[93.5136,8.0753],[93.5138,8.0754],[93.5139,8.0756],[93.5139,8.0757],[93.5139,8.0758],[93.5139,8.0759],[93.5137,8.0761],[93.5135,8.0762],[93.5132,8.0761],[93.513,8.0759],[93.5128,8.0757],[93.5128,8.0756],[93.5129,8.0754],[93.513,8.0753],[93.5131,8.0752],[93.5133,8.0752]]],[[[93.579,8.0955],[93.5791,8.0956],[93.579,8.0957],[93.5789,8.0959],[93.5788,8.096],[93.5785,8.096],[93.5784,8.096],[93.5784,8.0959],[93.5784,8.0958],[93.5785,8.0956],[93.5787,8.0955],[93.5789,8.0955],[93.579,8.0955]]],[[[93.5785,8.0973],[93.5786,8.0975],[93.5786,8.0976],[93.5785,8.0977],[93.5785,8.0978],[93.5783,8.0978],[93.5781,8.0978],[93.5779,8.0976],[93.5778,8.0975],[93.5778,8.0974],[93.5779,8.0973],[93.5781,8.0972],[93.5785,8.0973]]],[[[93.5796,8.0961],[93.5796,8.0961],[93.5797,8.0964],[93.5797,8.0969],[93.5797,8.0973],[93.5798,8.0976],[93.5799,8.098],[93.5798,8.0981],[93.5797,8.0983],[93.5796,8.0983],[93.5796,8.0983],[93.5795,8.0983],[93.5793,8.0982],[93.5793,8.0981],[93.5792,8.0975],[93.5791,8.0971],[93.5792,8.0967],[93.5793,8.0964],[93.5794,8.0961],[93.5795,8.096],[93.5796,8.0961]]],[[[93.4551,8.1296],[93.4551,8.1297],[93.4551,8.1298],[93.4551,8.1299],[93.455,8.1299],[93.4549,8.1299],[93.4548,8.1298],[93.4548,8.1298],[93.4548,8.1296],[93.4549,8.1296],[93.455,8.1295],[93.4551,8.1296]]],[[[93.4548,8.1303],[93.4549,8.1304],[93.455,8.1306],[93.455,8.1307],[93.4549,8.1308],[93.4548,8.1308],[93.4547,8.1308],[93.4547,8.1307],[93.4546,8.1305],[93.4546,8.1304],[93.4547,8.1303],[93.4548,8.1303]]],[[[93.4542,8.1315],[93.4544,8.1316],[93.4545,8.1317],[93.4544,8.1318],[93.4541,8.1319],[93.4539,8.1318],[93.4538,8.1317],[93.4539,8.1315],[93.4542,8.1315]]],[[[93.4572,8.1314],[93.4574,8.1315],[93.4574,8.1316],[93.4573,8.1318],[93.4572,8.1319],[93.4569,8.1319],[93.4567,8.1318],[93.4567,8.1318],[93.4566,8.1317],[93.4566,8.1315],[93.4568,8.1314],[93.4572,8.1314]]],[[[93.4565,8.1321],[93.4564,8.1322],[93.4563,8.1321],[93.4563,8.1321],[93.4562,8.132],[93.4562,8.1319],[93.4563,8.1319],[93.4565,8.1319],[93.4565,8.132],[93.4565,8.1321]]],[[[93.4535,8.1326],[93.4537,8.1328],[93.4537,8.1328],[93.4539,8.1331],[93.4538,8.1334],[93.4537,8.1336],[93.4534,8.1335],[93.4532,8.1332],[93.4532,8.1328],[93.4533,8.1326],[93.4533,8.1326],[93.4533,8.1326],[93.4535,8.1326]]],[[[93.4561,8.1329],[93.4563,8.133],[93.4563,8.1332],[93.4563,8.1333],[93.4561,8.1334],[93.456,8.1333],[93.4559,8.1332],[93.4559,8.1331],[93.456,8.1329],[93.4561,8.1329]]],[[[93.5701,8.1274],[93.5626,8.126],[93.5531,8.1201],[93.5605,8.1094],[93.5605,8.1129],[93.5636,8.1137],[93.5599,8.1162],[93.5606,8.1199],[93.5587,8.1209],[93.5616,8.1232],[93.5654,8.1243],[93.5651,8.1225],[93.5698,8.1227],[93.571,8.1197],[93.5744,8.1188],[93.5715,8.1188],[93.5715,8.115],[93.5684,8.1159],[93.5672,8.1142],[93.5657,8.1165],[93.5696,8.1118],[93.5679,8.109],[93.5642,8.1098],[93.5662,8.1066],[93.5638,8.1015],[93.5666,8.1002],[93.564,8.0994],[93.5643,8.0971],[93.5624,8.0996],[93.5603,8.097],[93.5685,8.0866],[93.5729,8.0874],[93.5711,8.0857],[93.5721,8.0815],[93.5778,8.0754],[93.5793,8.0645],[93.5776,8.0618],[93.5755,8.0632],[93.5737,8.0683],[93.5701,8.0695],[93.5664,8.0749],[93.5643,8.0737],[93.5639,8.0633],[93.5706,8.0582],[93.5726,8.0523],[93.5835,8.0401],[93.5898,8.0457],[93.5904,8.0506],[93.5876,8.0596],[93.5824,8.064],[93.5804,8.0702],[93.5822,8.0787],[93.5801,8.0851],[93.5808,8.0958],[93.5757,8.0905],[93.5769,8.0927],[93.5737,8.0949],[93.5784,8.0934],[93.5789,8.0951],[93.5723,8.0972],[93.5751,8.0973],[93.5724,8.1001],[93.5748,8.0999],[93.5744,8.1029],[93.5771,8.0974],[93.5805,8.0973],[93.5806,8.0994],[93.5779,8.1144],[93.5701,8.1274]]],[[[93.4536,8.1386],[93.454,8.1389],[93.4541,8.1393],[93.4539,8.1395],[93.4535,8.1395],[93.4532,8.1394],[93.4525,8.139],[93.4524,8.1387],[93.4525,8.1386],[93.453,8.1385],[93.4536,8.1386]]],[[[93.4551,8.1398],[93.4558,8.1402],[93.456,8.1404],[93.4559,8.1406],[93.4554,8.1405],[93.455,8.1404],[93.4545,8.1399],[93.4544,8.1397],[93.4545,8.1394],[93.4551,8.1398]]],[[[93.2292,8.2233],[93.2293,8.2234],[93.2293,8.2236],[93.2294,8.2239],[93.2293,8.2241],[93.2292,8.2244],[93.2291,8.2245],[93.2291,8.2246],[93.229,8.2246],[93.2289,8.2246],[93.2288,8.2246],[93.2287,8.2245],[93.2286,8.2244],[93.2285,8.2242],[93.2285,8.2241],[93.2285,8.224],[93.2286,8.2238],[93.2286,8.2238],[93.2287,8.2237],[93.2287,8.2235],[93.2288,8.2234],[93.2289,8.2233],[93.229,8.2233],[93.2291,8.2233],[93.2292,8.2233]]],[[[93.5119,8.2351],[93.5096,8.2336],[93.5138,8.2302],[93.51,8.2329],[93.5063,8.2323],[93.4828,8.2221],[93.4812,8.2176],[93.4829,8.21],[93.4799,8.1973],[93.4719,8.1936],[93.4693,8.1859],[93.4695,8.1897],[93.4653,8.1839],[93.4496,8.1802],[93.4494,8.1767],[93.4466,8.176],[93.447,8.1661],[93.4449,8.1677],[93.4475,8.1622],[93.4455,8.1559],[93.4469,8.145],[93.4538,8.1452],[93.4564,8.142],[93.4601,8.1449],[93.4638,8.1408],[93.4609,8.1413],[93.461,8.1372],[93.4594,8.1403],[93.4606,8.1343],[93.4554,8.1386],[93.458,8.1323],[93.4572,8.1282],[93.4505,8.1317],[93.4551,8.1352],[93.4539,8.1373],[93.451,8.138],[93.4487,8.1356],[93.451,8.1204],[93.4578,8.1202],[93.4545,8.1169],[93.4566,8.1076],[93.4669,8.0929],[93.4685,8.0922],[93.4715,8.0978],[93.48,8.0927],[93.4734,8.0873],[93.4707,8.0884],[93.4749,8.0726],[93.4755,8.0534],[93.4824,8.0526],[93.4849,8.0613],[93.4816,8.0649],[93.4864,8.0686],[93.4899,8.0669],[93.4919,8.0707],[93.4953,8.0712],[93.4931,8.0735],[93.5024,8.0761],[93.5039,8.0802],[93.5015,8.0812],[93.5024,8.0873],[93.5055,8.0875],[93.5091,8.0836],[93.5104,8.0866],[93.5129,8.0861],[93.5141,8.0802],[93.5251,8.0817],[93.5142,8.075],[93.5155,8.0687],[93.5231,8.0733],[93.524,8.0678],[93.5281,8.0687],[93.5263,8.0665],[93.5199,8.0683],[93.524,8.0623],[93.5185,8.0656],[93.5154,8.0632],[93.5148,8.0585],[93.5196,8.0562],[93.5163,8.0555],[93.517,8.0535],[93.5114,8.053],[93.5076,8.0472],[93.5064,8.0491],[93.5013,8.0487],[93.5043,8.0603],[93.5016,8.0696],[93.4986,8.0655],[93.4991,8.0582],[93.4935,8.058],[93.5,8.0524],[93.4967,8.0461],[93.4971,8.0422],[93.5008,8.0391],[93.4955,8.039],[93.4935,8.0465],[93.4901,8.04],[93.4805,8.0477],[93.476,8.0466],[93.478,8.04],[93.476,8.032],[93.4774,8.0164],[93.4822,8.0024],[93.4909,7.9996],[93.4914,8.0026],[93.4952,8.0013],[93.4965,8.01],[93.4985,8.0113],[93.4954,8.0188],[93.4996,8.0162],[93.501,8.0179],[93.4946,8.0257],[93.4975,8.0365],[93.5086,8.0375],[93.5122,8.0431],[93.5117,8.0362],[93.5142,8.034],[93.5171,8.0393],[93.5168,8.0477],[93.5204,8.0524],[93.5241,8.0495],[93.5281,8.0502],[93.5263,8.0468],[93.5304,8.0406],[93.5396,8.0377],[93.5391,8.0442],[93.5317,8.0503],[93.5379,8.0519],[93.5376,8.0623],[93.5413,8.077],[93.5401,8.0811],[93.538,8.0813],[93.5391,8.0834],[93.5355,8.0853],[93.537,8.0865],[93.5343,8.0904],[93.528,8.0921],[93.5267,8.0961],[93.5215,8.0977],[93.5183,8.108],[93.5147,8.1074],[93.5165,8.1102],[93.5154,8.1137],[93.5121,8.1138],[93.5143,8.1196],[93.5104,8.1272],[93.5035,8.1306],[93.5052,8.1336],[93.4982,8.1364],[93.5019,8.1396],[93.4989,8.1385],[93.4977,8.1421],[93.494,8.1421],[93.4933,8.1486],[93.4903,8.1445],[93.488,8.145],[93.4915,8.1516],[93.4968,8.1512],[93.4967,8.1565],[93.495,8.1566],[93.4969,8.1609],[93.492,8.1592],[93.4979,8.1627],[93.4949,8.1636],[93.4967,8.1658],[93.4947,8.1653],[93.4951,8.1677],[93.4989,8.1679],[93.5001,8.1728],[93.5052,8.1751],[93.5034,8.1793],[93.5083,8.184],[93.5124,8.1841],[93.5115,8.1884],[93.5161,8.1876],[93.5189,8.19],[93.5168,8.1857],[93.5064,8.1786],[93.5123,8.1743],[93.5225,8.1852],[93.5202,8.1865],[93.5253,8.1876],[93.5235,8.1814],[93.5181,8.178],[93.5246,8.1792],[93.5281,8.1928],[93.5255,8.1964],[93.5282,8.1935],[93.5313,8.1945],[93.5358,8.2033],[93.5359,8.2247],[93.5339,8.2286],[93.5119,8.2351]]],[[[93.2292,8.2616],[93.2267,8.2657],[93.2183,8.2637],[93.2126,8.2591],[93.2105,8.2495],[93.2145,8.2398],[93.2234,8.2329],[93.2287,8.2247],[93.2384,8.2265],[93.2406,8.2306],[93.2391,8.2431],[93.2292,8.2616]]],[[[93.1168,8.3566],[93.1031,8.3482],[93.0957,8.3504],[93.0853,8.34],[93.0848,8.3258],[93.0767,8.3091],[93.074,8.297],[93.0767,8.2741],[93.0882,8.2573],[93.0909,8.2564],[93.0902,8.2531],[93.0946,8.2441],[93.1021,8.2359],[93.1066,8.2342],[93.1065,8.2303],[93.1119,8.2254],[93.1495,8.2074],[93.1522,8.2037],[93.1629,8.2032],[93.178,8.1951],[93.1905,8.1973],[93.1948,8.2141],[93.193,8.2182],[93.1866,8.2217],[93.1844,8.2258],[93.1471,8.2423],[93.1269,8.2611],[93.1165,8.2761],[93.1159,8.2862],[93.1227,8.3035],[93.1212,8.3125],[93.1307,8.3311],[93.1328,8.3459],[93.1322,8.3486],[93.1214,8.3488],[93.1168,8.3566]]],[[[93.6318,8.3953],[93.6317,8.3953],[93.6316,8.3954],[93.6316,8.3954],[93.6315,8.3956],[93.6315,8.3956],[93.6314,8.3957],[93.6314,8.3957],[93.6313,8.3957],[93.6311,8.3957],[93.631,8.3956],[93.631,8.3955],[93.6309,8.3955],[93.6309,8.3954],[93.6309,8.3953],[93.6309,8.3953],[93.6309,8.3952],[93.631,8.3951],[93.6311,8.395],[93.6313,8.395],[93.6314,8.395],[93.6315,8.395],[93.6316,8.395],[93.6317,8.395],[93.6319,8.3949],[93.632,8.3948],[93.6321,8.3948],[93.6322,8.3947],[93.6323,8.3947],[93.6324,8.3946],[93.6325,8.3946],[93.6326,8.3946],[93.6327,8.3946],[93.6328,8.3947],[93.6327,8.3948],[93.6326,8.3948],[93.6325,8.3949],[93.6324,8.395],[93.6323,8.3951],[93.6322,8.3952],[93.6321,8.3952],[93.632,8.3952],[93.6318,8.3953]]],[[[93.6427,8.3948],[93.6335,8.395],[93.6433,8.3897],[93.6461,8.3915],[93.6427,8.3948]]],[[[93.6245,8.3984],[93.6244,8.3984],[93.6244,8.3984],[93.6243,8.3984],[93.6243,8.3983],[93.6243,8.3982],[93.6243,8.3981],[93.6243,8.398],[93.6243,8.398],[93.6243,8.3979],[93.6243,8.3978],[93.6243,8.3975],[93.6243,8.3973],[93.6244,8.3972],[93.6244,8.3971],[93.6245,8.397],[93.6246,8.397],[93.6247,8.397],[93.6248,8.3971],[93.6248,8.3972],[93.6249,8.3972],[93.6249,8.3972],[93.625,8.3972],[93.625,8.3972],[93.6251,8.3972],[93.6252,8.3973],[93.6252,8.3973],[93.6252,8.3974],[93.6252,8.3975],[93.6252,8.3976],[93.6252,8.3977],[93.6251,8.3978],[93.6251,8.3979],[93.625,8.3979],[93.625,8.398],[93.625,8.3982],[93.625,8.3983],[93.6249,8.3983],[93.6248,8.3984],[93.6248,8.3984],[93.6247,8.3984],[93.6246,8.3984],[93.6245,8.3984]]],[[[93.048,8.4416],[93.0493,8.446],[93.0457,8.4503],[93.0472,8.4603],[93.0329,8.4721],[93.0269,8.4614],[93.0264,8.4509],[93.0338,8.4431],[93.048,8.4416]]],[[[93.6076,8.572],[93.603,8.578],[93.6016,8.5735],[93.6047,8.5668],[93.6014,8.5622],[93.601,8.5456],[93.6069,8.5392],[93.6091,8.5292],[93.6123,8.527],[93.6111,8.523],[93.6164,8.509],[93.6143,8.4991],[93.6199,8.489],[93.6154,8.4819],[93.6114,8.483],[93.6095,8.4805],[93.61,8.476],[93.6131,8.4744],[93.6131,8.4713],[93.6112,8.4717],[93.6145,8.4648],[93.6083,8.457],[93.611,8.4543],[93.6114,8.4487],[93.6075,8.4446],[93.6118,8.4396],[93.6107,8.4374],[93.6132,8.4391],[93.6082,8.4365],[93.6122,8.4241],[93.6172,8.4382],[93.6119,8.4506],[93.6166,8.4686],[93.6221,8.4733],[93.6275,8.4718],[93.6296,8.4673],[93.6318,8.4684],[93.6275,8.4919],[93.6248,8.495],[93.6267,8.499],[93.6217,8.5075],[93.6277,8.5132],[93.6234,8.5189],[93.6258,8.5244],[93.6144,8.5296],[93.6119,8.5334],[93.6124,8.5391],[93.6084,8.5486],[93.6105,8.5666],[93.6076,8.572]]],[[[93.5989,8.5839],[93.5966,8.5834],[93.5983,8.5808],[93.5989,8.5839]]],[[[92.7924,9.2387],[92.7728,9.2587],[92.7759,9.2444],[92.7729,9.2403],[92.7705,9.2406],[92.773,9.2385],[92.7724,9.2325],[92.7679,9.229],[92.7684,9.2224],[92.7635,9.2163],[92.7494,9.2169],[92.7442,9.2138],[92.74,9.2178],[92.7327,9.2169],[92.7279,9.2205],[92.7203,9.2186],[92.7174,9.21],[92.7183,9.174],[92.7159,9.1556],[92.7175,9.1476],[92.7229,9.1409],[92.7235,9.1336],[92.7281,9.1267],[92.7358,9.126],[92.7525,9.1295],[92.7597,9.1267],[92.7669,9.1302],[92.7802,9.1216],[92.7934,9.1219],[92.8087,9.1279],[92.8088,9.1324],[92.8141,9.1374],[92.8263,9.1401],[92.8252,9.1528],[92.8289,9.1679],[92.8221,9.1817],[92.8232,9.1907],[92.8184,9.2076],[92.8126,9.2191],[92.7924,9.2387]]]]},"properties":{"dtname":"Nicobars","stname":"ANDAMAN & NICOBAR","stcode11":"35","dtcode11":"638","year_stat":"2011_c","Shape_Length":898607.7341889378,"Shape_Area":1719339557.4022021,"OBJECTID":191,"test":0,"Dist_LGD":603,"State_LGD":35}}]}