{"type":"FeatureCollection","crs":{"type":"name","properties":{"name":"EPSG:4326"}},"features":[{"type":"Feature","id":217,"geometry":{"type":"Polygon","coordinates":[[[95.9717,27.9625],[95.8193,27.9713],[95.6069,27.955],[95.5945,27.9476],[95.586,27.9368],[95.5768,27.9397],[95.5708,27.9379],[95.565,27.9303],[95.5635,27.9194],[95.5446,27.9109],[95.5421,27.9064],[95.5446,27.9012],[95.543,27.8986],[95.5394,27.8965],[95.534,27.8982],[95.5261,27.8907],[95.5222,27.8831],[95.5147,27.8796],[95.5153,27.8593],[95.4933,27.8581],[95.4881,27.8537],[95.4879,27.8447],[95.4826,27.8358],[95.4723,27.8269],[95.467,27.818],[95.4515,27.8047],[95.4361,27.8005],[95.4206,27.7872],[95.4154,27.7783],[95.405,27.7695],[95.4048,27.7604],[95.3957,27.7505],[95.3982,27.7363],[95.3916,27.7267],[95.3831,27.7243],[95.361,27.7073],[95.3466,27.7012],[95.2897,27.6976],[95.2738,27.6892],[95.2698,27.6813],[95.2766,27.6782],[95.2892,27.6636],[95.3088,27.6095],[95.3168,27.5963],[95.3184,27.5874],[95.3047,27.5819],[95.3003,27.5848],[95.3003,27.5798],[95.2963,27.5796],[95.2941,27.5754],[95.2901,27.5767],[95.2869,27.5726],[95.2878,27.5697],[95.2848,27.5676],[95.2771,27.5699],[95.2733,27.5743],[95.2725,27.5658],[95.2786,27.5584],[95.2826,27.5473],[95.2749,27.5504],[95.2654,27.5441],[95.2667,27.5378],[95.2647,27.532],[95.2722,27.5268],[95.2651,27.5223],[95.2667,27.5094],[95.2291,27.4987],[95.225,27.4701],[95.2172,27.4593],[95.2198,27.4546],[95.22,27.4435],[95.2295,27.4372],[95.2518,27.4342],[95.2451,27.4257],[95.2439,27.4197],[95.2481,27.4045],[95.2525,27.4053],[95.2536,27.4032],[95.2532,27.4075],[95.256,27.4067],[95.2568,27.409],[95.2615,27.4056],[95.2676,27.4067],[95.2676,27.4102],[95.2756,27.4125],[95.2765,27.409],[95.2829,27.4091],[95.2836,27.4112],[95.2896,27.4108],[95.2894,27.4126],[95.2954,27.4151],[95.2962,27.4015],[95.305,27.3968],[95.3045,27.3933],[95.3094,27.3891],[95.3199,27.3873],[95.3237,27.3905],[95.3304,27.3888],[95.3484,27.3938],[95.3519,27.3869],[95.3627,27.3826],[95.3726,27.3838],[95.3758,27.3882],[95.3816,27.3869],[95.3858,27.3907],[95.3901,27.391],[95.4086,27.3858],[95.4113,27.387],[95.4289,27.3746],[95.4393,27.3642],[95.4469,27.3665],[95.4484,27.3716],[95.4541,27.3749],[95.4739,27.3672],[95.4671,27.3643],[95.4694,27.3481],[95.4657,27.3426],[95.4584,27.346],[95.4483,27.3353],[95.4595,27.3296],[95.4593,27.3252],[95.465,27.3222],[95.4675,27.3168],[95.4753,27.3212],[95.4807,27.3208],[95.4459,27.2944],[95.4513,27.288],[95.4562,27.287],[95.4543,27.2816],[95.4605,27.2704],[95.4543,27.2653],[95.4487,27.2659],[95.4407,27.2604],[95.4399,27.255],[95.4465,27.2482],[95.4476,27.2353],[95.4511,27.2312],[95.4537,27.2314],[95.4568,27.2395],[95.4535,27.2486],[95.4661,27.2632],[95.4711,27.2626],[95.4707,27.253],[95.4824,27.2523],[95.4842,27.2413],[95.5037,27.2486],[95.5087,27.262],[95.5181,27.2577],[95.5254,27.2639],[95.53,27.2646],[95.5315,27.2611],[95.5344,27.2647],[95.5351,27.2617],[95.5482,27.2577],[95.5481,27.254],[95.5519,27.2532],[95.5509,27.2505],[95.5534,27.249],[95.558,27.2491],[95.5642,27.2448],[95.5742,27.2441],[95.5772,27.2382],[95.5745,27.2345],[95.5804,27.2279],[95.5829,27.2286],[95.585,27.2245],[95.5992,27.223],[95.6189,27.2326],[95.6322,27.2298],[95.6759,27.2471],[95.6814,27.2518],[95.6923,27.2533],[95.7014,27.2487],[95.7119,27.2529],[95.7137,27.2503],[95.7201,27.2496],[95.727,27.2597],[95.7346,27.2605],[95.742,27.2668],[95.7795,27.2698],[95.7881,27.2768],[95.7878,27.2787],[95.8008,27.2844],[95.8025,27.283],[95.7994,27.2766],[95.8054,27.2759],[95.8051,27.273],[95.8153,27.2786],[95.8592,27.2873],[95.8537,27.2793],[95.8563,27.2712],[95.8693,27.2601],[95.8764,27.2597],[95.8812,27.256],[95.8923,27.2554],[95.8945,27.2611],[95.8935,27.2677],[95.8994,27.2688],[95.9,27.2743],[95.9043,27.274],[95.8971,27.2823],[95.901,27.284],[95.906,27.2823],[95.9071,27.2891],[95.9133,27.2892],[95.9147,27.2921],[95.9179,27.2914],[95.93,27.3004],[95.9375,27.3009],[95.9416,27.3053],[95.9465,27.3039],[95.9599,27.311],[95.9565,27.3127],[95.955,27.3178],[95.9609,27.3165],[95.9627,27.3232],[95.9755,27.3246],[95.972,27.3275],[95.9676,27.3258],[95.9652,27.328],[95.9709,27.3329],[95.9715,27.3366],[95.9764,27.3375],[95.9868,27.3457],[95.9891,27.3566],[95.9932,27.358],[95.9964,27.3565],[96.0126,27.3651],[96.0177,27.365],[96.0178,27.3695],[95.9981,27.388],[95.9964,27.3947],[95.99,27.4025],[95.9845,27.4045],[95.9832,27.4119],[95.974,27.4115],[95.9701,27.415],[95.9753,27.4195],[95.9695,27.4236],[95.9693,27.428],[95.9654,27.4271],[95.9645,27.4181],[95.9617,27.4181],[95.9631,27.4273],[95.9602,27.4291],[95.9567,27.4266],[95.9547,27.4197],[95.9451,27.4267],[95.9474,27.4331],[95.9412,27.4374],[95.9343,27.4357],[95.9278,27.4386],[95.9181,27.4348],[95.9079,27.4344],[95.8999,27.4221],[95.8986,27.413],[95.8909,27.4013],[95.8856,27.3982],[95.8839,27.4026],[95.8882,27.4091],[95.8839,27.4141],[95.8848,27.4322],[95.8831,27.4354],[95.8756,27.4349],[95.8708,27.4264],[95.857,27.42],[95.8569,27.4157],[95.8624,27.4116],[95.8601,27.4081],[95.8529,27.4112],[95.8499,27.4179],[95.8444,27.4217],[95.8422,27.4278],[95.8467,27.4387],[95.8567,27.445],[95.8532,27.457],[95.8565,27.4614],[95.8706,27.4667],[95.8742,27.4933],[95.8799,27.4971],[95.8868,27.4972],[95.8787,27.505],[95.8757,27.5125],[95.8784,27.5189],[95.8766,27.5444],[95.8736,27.5471],[95.8625,27.5455],[95.8607,27.5432],[95.8412,27.5621],[95.8333,27.5601],[95.8234,27.5746],[95.8142,27.5743],[95.8118,27.5833],[95.8184,27.5955],[95.8157,27.5988],[95.8055,27.601],[95.7952,27.5978],[95.7906,27.5997],[95.7903,27.6118],[95.7799,27.6167],[95.7784,27.6241],[95.7894,27.6264],[95.7882,27.6349],[95.7943,27.639],[95.7959,27.638],[95.7957,27.6418],[95.7742,27.6509],[95.7703,27.6578],[95.775,27.6744],[95.7904,27.6802],[95.7861,27.6818],[95.785,27.6852],[95.7829,27.6847],[95.7828,27.6873],[95.7771,27.6876],[95.7732,27.685],[95.7675,27.6874],[95.7637,27.6939],[95.7645,27.6998],[95.7679,27.7022],[95.7628,27.7091],[95.7624,27.7133],[95.7653,27.7147],[95.7536,27.7188],[95.7523,27.7239],[95.7584,27.727],[95.7662,27.7267],[95.7793,27.7338],[95.7805,27.737],[95.7759,27.7537],[95.7868,27.7598],[95.8003,27.7738],[95.8038,27.7847],[95.8095,27.7892],[95.8108,27.7966],[95.8166,27.8028],[95.8265,27.8088],[95.838,27.8103],[95.8377,27.8242],[95.8703,27.8328],[95.8836,27.8462],[95.8884,27.8567],[95.8911,27.8569],[95.8902,27.8601],[95.8953,27.8575],[95.8947,27.8621],[95.9048,27.8622],[95.9016,27.8686],[95.9065,27.8661],[95.9085,27.8688],[95.9072,27.8705],[95.9106,27.8703],[95.91,27.8725],[95.9169,27.8806],[95.9155,27.8839],[95.9194,27.8807],[95.925,27.8818],[95.9167,27.8851],[95.9154,27.8895],[95.9236,27.8882],[95.9191,27.8951],[95.9259,27.8954],[95.9262,27.899],[95.9284,27.8952],[95.9377,27.8983],[95.9297,27.9028],[95.941,27.9057],[95.9354,27.9076],[95.9381,27.9126],[95.9426,27.9108],[95.947,27.9175],[95.9526,27.9202],[95.9485,27.9245],[95.9547,27.9313],[95.9492,27.9313],[95.9482,27.9372],[95.9651,27.9518],[95.9717,27.9625]]]},"properties":{"dtname":"Tinsukia","stname":"ASSAM","stcode11":"18","dtcode11":"309","year_stat":"2011_c","Shape_Length":487726.06749804365,"Shape_Area":4869285319.0948105,"OBJECTID":217,"test":0,"Dist_LGD":302,"State_LGD":18}},{"type":"Feature","id":221,"geometry":{"type":"Polygon","coordinates":[[[95.5145,27.8765],[95.5147,27.8796],[95.3795,27.8393],[95.3087,27.8681],[95.249,27.8502],[94.8523,27.7277],[94.8483,27.7172],[94.8478,27.7057],[94.8409,27.7007],[94.8207,27.6922],[94.8082,27.6921],[94.7936,27.6953],[94.789,27.6853],[94.7786,27.6798],[94.7691,27.6796],[94.7608,27.6651],[94.7542,27.6606],[94.7413,27.66],[94.7289,27.6646],[94.7251,27.6691],[94.7204,27.667],[94.7159,27.6576],[94.709,27.6567],[94.7004,27.6615],[94.6908,27.6618],[94.6878,27.6652],[94.6837,27.6603],[94.6866,27.6511],[94.6826,27.646],[94.6727,27.6473],[94.6626,27.6454],[94.6466,27.6382],[94.6413,27.6295],[94.6331,27.6243],[94.6234,27.6279],[94.6065,27.6187],[94.6028,27.6213],[94.5999,27.6183],[94.5875,27.6186],[94.5797,27.6124],[94.574,27.6039],[94.5685,27.6024],[94.5621,27.605],[94.5552,27.6008],[94.5445,27.6011],[94.5359,27.5926],[94.5321,27.5947],[94.5295,27.5915],[94.5219,27.5915],[94.5214,27.5846],[94.5024,27.5775],[94.4989,27.5723],[94.4777,27.5762],[94.4617,27.5553],[94.4564,27.5599],[94.4513,27.5719],[94.4333,27.5885],[94.4316,27.6004],[94.4184,27.5976],[94.4015,27.5851],[94.3923,27.5891],[94.3818,27.5817],[94.3764,27.5825],[94.3698,27.5749],[94.3639,27.5744],[94.3591,27.577],[94.3506,27.5772],[94.3448,27.5822],[94.3369,27.5793],[94.3328,27.587],[94.3242,27.5847],[94.3227,27.5887],[94.3092,27.5909],[94.3017,27.6011],[94.2982,27.602],[94.2898,27.5963],[94.2882,27.5894],[94.2773,27.5895],[94.2724,27.603],[94.2563,27.6106],[94.2542,27.6143],[94.2609,27.6182],[94.2605,27.622],[94.267,27.6274],[94.2616,27.636],[94.2514,27.6377],[94.2484,27.6341],[94.2375,27.6328],[94.2227,27.6115],[94.2173,27.6074],[94.2095,27.609],[94.2098,27.604],[94.2133,27.6003],[94.2266,27.5978],[94.2228,27.5883],[94.2249,27.5742],[94.2347,27.5693],[94.2466,27.5696],[94.2586,27.5556],[94.2581,27.535],[94.2682,27.5209],[94.2789,27.4952],[94.2777,27.4666],[94.3074,27.4345],[94.3059,27.4252],[94.3081,27.4126],[94.3054,27.397],[94.2949,27.3848],[94.288,27.3833],[94.2834,27.3849],[94.2688,27.399],[94.2638,27.4002],[94.2491,27.3979],[94.2471,27.3919],[94.2559,27.3789],[94.2718,27.3649],[94.283,27.3586],[94.2923,27.3564],[94.299,27.3504],[94.302,27.3444],[94.2999,27.3309],[94.3051,27.3201],[94.31,27.3183],[94.3273,27.3183],[94.3361,27.3265],[94.3395,27.3368],[94.3559,27.3413],[94.3633,27.3395],[94.375,27.3409],[94.3901,27.3506],[94.3928,27.348],[94.3908,27.344],[94.3928,27.3406],[94.3949,27.3439],[94.3982,27.3444],[94.4063,27.3393],[94.4034,27.3345],[94.4061,27.3308],[94.4067,27.3348],[94.4122,27.3382],[94.4158,27.3329],[94.4186,27.337],[94.4268,27.3379],[94.4268,27.3309],[94.4292,27.3308],[94.4262,27.3297],[94.4301,27.3277],[94.4283,27.3242],[94.4317,27.3212],[94.43,27.3182],[94.4422,27.3165],[94.4391,27.3098],[94.4439,27.3086],[94.4465,27.3112],[94.446,27.3222],[94.4495,27.3198],[94.4557,27.3209],[94.4605,27.3322],[94.4666,27.3339],[94.4687,27.3297],[94.4741,27.3277],[94.48,27.3311],[94.4837,27.3296],[94.4824,27.3326],[94.4858,27.3312],[94.4891,27.3356],[94.4887,27.3315],[94.4949,27.3337],[94.4982,27.3299],[94.4965,27.3325],[94.5018,27.3334],[94.5018,27.3359],[94.5053,27.3343],[94.5045,27.3373],[94.5094,27.3398],[94.5078,27.3443],[94.513,27.3492],[94.515,27.3455],[94.5218,27.3484],[94.5278,27.346],[94.5368,27.3476],[94.5481,27.3554],[94.5597,27.3589],[94.5745,27.3703],[94.5782,27.3686],[94.5797,27.3721],[94.5868,27.3722],[94.5924,27.3777],[94.5908,27.3673],[94.5932,27.3584],[94.612,27.3549],[94.6164,27.3647],[94.6205,27.3626],[94.6209,27.3572],[94.6253,27.3539],[94.6225,27.35],[94.6236,27.3436],[94.629,27.3405],[94.6283,27.3375],[94.622,27.333],[94.6347,27.3201],[94.6382,27.3214],[94.6386,27.3381],[94.6447,27.3435],[94.66,27.348],[94.6665,27.3525],[94.6654,27.3685],[94.6623,27.3718],[94.6646,27.377],[94.6845,27.3839],[94.6909,27.3933],[94.6864,27.4112],[94.6933,27.4216],[94.7036,27.4255],[94.7188,27.4273],[94.7317,27.4431],[94.7402,27.4362],[94.7463,27.4375],[94.7496,27.4535],[94.7599,27.4703],[94.769,27.4777],[94.7711,27.4824],[94.7764,27.4845],[94.7932,27.4827],[94.7986,27.4915],[94.879,27.561],[94.8842,27.57],[94.8945,27.5789],[94.9046,27.5787],[94.9149,27.5876],[94.9252,27.601],[94.9559,27.6141],[94.9611,27.6231],[94.9817,27.6408],[94.9869,27.6498],[94.9965,27.6592],[95.0168,27.6564],[95.0361,27.6685],[95.0531,27.6626],[95.0711,27.6638],[95.093,27.6603],[95.1042,27.6674],[95.1088,27.6789],[95.1179,27.6857],[95.1554,27.6952],[95.1629,27.6948],[95.1957,27.7047],[95.2002,27.6938],[95.1889,27.6764],[95.2048,27.6581],[95.2465,27.6566],[95.2626,27.6711],[95.2746,27.6902],[95.2855,27.6966],[95.3466,27.7012],[95.361,27.7073],[95.3831,27.7243],[95.3916,27.7267],[95.3982,27.7363],[95.3957,27.7505],[95.4048,27.7604],[95.405,27.7695],[95.4154,27.7783],[95.4206,27.7872],[95.4361,27.8005],[95.4515,27.8047],[95.467,27.818],[95.4723,27.8269],[95.4826,27.8358],[95.4879,27.8447],[95.4881,27.8537],[95.4933,27.8581],[95.5153,27.8593],[95.5145,27.8765]]]},"properties":{"dtname":"Dhemaji","stname":"ASSAM","stcode11":"18","dtcode11":"308","year_stat":"2011_c","Shape_Length":459070.9948522595,"Shape_Area":3172927522.416959,"OBJECTID":221,"test":0,"Dist_LGD":284,"State_LGD":18}},{"type":"Feature","id":231,"geometry":{"type":"Polygon","coordinates":[[[95.1964,27.7044],[95.1629,27.6948],[95.1554,27.6952],[95.1179,27.6857],[95.1088,27.6789],[95.1042,27.6674],[95.093,27.6603],[95.0711,27.6638],[95.0531,27.6626],[95.0361,27.6685],[95.0168,27.6564],[94.9965,27.6592],[94.9869,27.6498],[94.9817,27.6408],[94.9611,27.6231],[94.9559,27.6141],[94.9252,27.601],[94.9149,27.5876],[94.9046,27.5787],[94.8945,27.5789],[94.8842,27.57],[94.879,27.561],[94.7986,27.4915],[94.7932,27.4827],[94.7764,27.4845],[94.7711,27.4824],[94.769,27.4777],[94.7599,27.4703],[94.7496,27.4535],[94.7463,27.4375],[94.7402,27.4362],[94.7317,27.4431],[94.7188,27.4273],[94.7036,27.4255],[94.6933,27.4216],[94.6864,27.4112],[94.6909,27.3933],[94.6845,27.3839],[94.6646,27.377],[94.6623,27.3718],[94.6654,27.3685],[94.6665,27.3525],[94.66,27.348],[94.6447,27.3435],[94.6386,27.3381],[94.6382,27.3214],[94.6347,27.3201],[94.6215,27.3332],[94.6066,27.3287],[94.6059,27.3249],[94.6137,27.3192],[94.6107,27.3088],[94.6138,27.3064],[94.5866,27.2673],[94.5877,27.247],[94.5798,27.2279],[94.5772,27.215],[94.5798,27.2015],[94.5752,27.1888],[94.5676,27.1791],[94.5931,27.1456],[94.6016,27.1549],[94.6148,27.1766],[94.6157,27.1857],[94.6218,27.1971],[94.6247,27.2107],[94.642,27.2466],[94.6783,27.2432],[94.6852,27.2499],[94.6922,27.2707],[94.6949,27.272],[94.7041,27.2666],[94.711,27.2485],[94.7206,27.2455],[94.7225,27.2479],[94.7166,27.2595],[94.7179,27.2631],[94.7273,27.2724],[94.7359,27.2754],[94.7471,27.2729],[94.7499,27.2682],[94.7418,27.2587],[94.7413,27.2471],[94.7518,27.2448],[94.7611,27.2461],[94.7709,27.2418],[94.7737,27.2339],[94.7661,27.2203],[94.7689,27.2166],[94.7732,27.2172],[94.7756,27.2129],[94.7757,27.2001],[94.7795,27.1979],[94.781,27.1996],[94.7796,27.1936],[94.7772,27.193],[94.7765,27.1956],[94.7746,27.1935],[94.7793,27.1903],[94.7774,27.1862],[94.7752,27.1882],[94.7748,27.1847],[94.7728,27.1869],[94.7684,27.1848],[94.7714,27.1832],[94.7703,27.181],[94.7738,27.1809],[94.7725,27.174],[94.775,27.1748],[94.7786,27.1711],[94.7674,27.1636],[94.7681,27.1594],[94.7613,27.1567],[94.7603,27.1516],[94.7582,27.1522],[94.7572,27.1497],[94.7553,27.1515],[94.755,27.1491],[94.7581,27.1471],[94.7532,27.1438],[94.7535,27.1405],[94.762,27.1345],[94.7606,27.1298],[94.7818,27.1243],[94.7878,27.1248],[94.7881,27.1198],[94.7994,27.1194],[94.7998,27.1167],[94.8118,27.1171],[94.8176,27.1146],[94.8091,27.1034],[94.8084,27.0967],[94.8123,27.0997],[94.8141,27.0982],[94.8161,27.1014],[94.8162,27.0993],[94.82,27.0999],[94.8178,27.0976],[94.8241,27.0991],[94.8289,27.0934],[94.8318,27.094],[94.832,27.0912],[94.8336,27.0936],[94.837,27.0921],[94.8376,27.0989],[94.8914,27.1622],[94.9538,27.2176],[94.9679,27.2269],[94.9722,27.2174],[94.9758,27.1829],[94.9791,27.1824],[94.9844,27.1685],[94.9807,27.1685],[94.9791,27.1648],[94.9835,27.1569],[94.9783,27.148],[94.9965,27.1464],[95.0164,27.1498],[95.0319,27.1473],[95.037,27.1533],[95.0489,27.1553],[95.0612,27.137],[95.064,27.1376],[95.0651,27.1356],[95.0998,27.133],[95.1008,27.1382],[95.1127,27.1363],[95.1123,27.1305],[95.1152,27.1271],[95.1162,27.136],[95.1202,27.1308],[95.1239,27.1302],[95.1288,27.1383],[95.1312,27.1385],[95.132,27.1337],[95.1333,27.1378],[95.136,27.1385],[95.1469,27.1362],[95.1532,27.1241],[95.1506,27.1309],[95.1543,27.1362],[95.1562,27.1358],[95.1582,27.1287],[95.1621,27.1278],[95.1641,27.129],[95.1597,27.1346],[95.1634,27.132],[95.1647,27.1362],[95.1699,27.1371],[95.1704,27.1449],[95.1744,27.146],[95.1729,27.1381],[95.1799,27.142],[95.1766,27.1447],[95.1786,27.1496],[95.1864,27.152],[95.182,27.1557],[95.1835,27.163],[95.1892,27.1595],[95.1941,27.1602],[95.1892,27.1573],[95.1948,27.1551],[95.1988,27.1587],[95.1981,27.1633],[95.2088,27.1624],[95.2128,27.1659],[95.2139,27.1702],[95.2097,27.1694],[95.2111,27.1742],[95.219,27.1705],[95.216,27.1675],[95.2198,27.1651],[95.2252,27.1674],[95.2277,27.1733],[95.2377,27.1697],[95.2389,27.1714],[95.2322,27.1781],[95.2329,27.1808],[95.2377,27.1797],[95.2416,27.1831],[95.237,27.1896],[95.2442,27.1891],[95.2455,27.1918],[95.2545,27.1931],[95.2577,27.1841],[95.2589,27.1919],[95.2659,27.1865],[95.2649,27.1906],[95.268,27.1935],[95.2729,27.1882],[95.2762,27.1899],[95.2787,27.1885],[95.2806,27.1941],[95.2862,27.193],[95.2826,27.1968],[95.284,27.1974],[95.3032,27.1951],[95.3023,27.1905],[95.3082,27.1898],[95.314,27.1836],[95.3197,27.188],[95.333,27.1872],[95.3434,27.1826],[95.3473,27.1726],[95.3582,27.1667],[95.359,27.1545],[95.3654,27.1451],[95.3672,27.1372],[95.3655,27.1311],[95.3615,27.1275],[95.365,27.1156],[95.372,27.1133],[95.3637,27.1026],[95.3711,27.1009],[95.3713,27.0935],[95.3746,27.0928],[95.3829,27.0983],[95.3845,27.1056],[95.3984,27.1088],[95.4206,27.1259],[95.4395,27.126],[95.4405,27.1288],[95.4446,27.1289],[95.4423,27.1315],[95.4443,27.1353],[95.4492,27.1347],[95.4493,27.1298],[95.4532,27.1295],[95.4581,27.1381],[95.4574,27.1442],[95.4621,27.1498],[95.4532,27.1574],[95.4624,27.1618],[95.4654,27.1665],[95.4646,27.1723],[95.4594,27.1758],[95.4665,27.1817],[95.4601,27.1914],[95.4624,27.1945],[95.4591,27.1955],[95.4558,27.2037],[95.458,27.2099],[95.4643,27.2112],[95.4675,27.214],[95.4675,27.2184],[95.4723,27.219],[95.4714,27.2228],[95.4774,27.2269],[95.4788,27.2342],[95.4828,27.2366],[95.4842,27.2413],[95.4824,27.2523],[95.4699,27.2536],[95.4711,27.2626],[95.4673,27.2636],[95.4535,27.2486],[95.4568,27.2395],[95.4537,27.2314],[95.4511,27.2312],[95.4476,27.2353],[95.4465,27.2482],[95.4399,27.255],[95.4427,27.2628],[95.4489,27.2659],[95.4537,27.265],[95.4605,27.2704],[95.4543,27.2816],[95.4562,27.287],[95.4513,27.288],[95.4459,27.2944],[95.4807,27.3208],[95.4753,27.3212],[95.4675,27.3168],[95.465,27.3222],[95.4593,27.3252],[95.4595,27.3296],[95.4483,27.3353],[95.4584,27.346],[95.4657,27.3426],[95.4694,27.3481],[95.4671,27.3643],[95.4741,27.3668],[95.4541,27.3749],[95.4484,27.3716],[95.4469,27.3665],[95.4393,27.3642],[95.4289,27.3746],[95.4113,27.387],[95.4086,27.3858],[95.3901,27.391],[95.3858,27.3907],[95.3816,27.3869],[95.3758,27.3882],[95.3726,27.3838],[95.3627,27.3826],[95.3519,27.3869],[95.3484,27.3938],[95.3304,27.3888],[95.3237,27.3905],[95.3199,27.3873],[95.3094,27.3891],[95.3045,27.3933],[95.305,27.3968],[95.2962,27.4015],[95.2954,27.4151],[95.2894,27.4126],[95.2896,27.4108],[95.2836,27.4112],[95.2829,27.4091],[95.2765,27.409],[95.2756,27.4125],[95.2676,27.4102],[95.2676,27.4067],[95.2615,27.4056],[95.2568,27.409],[95.256,27.4067],[95.2532,27.4075],[95.2536,27.4032],[95.2525,27.4053],[95.2481,27.4045],[95.2439,27.4197],[95.2451,27.4257],[95.2518,27.4342],[95.2295,27.4372],[95.22,27.4435],[95.2198,27.4546],[95.2172,27.4593],[95.225,27.4701],[95.2291,27.4987],[95.2667,27.5094],[95.2651,27.5223],[95.2722,27.5268],[95.2647,27.532],[95.2667,27.5378],[95.2654,27.5441],[95.2749,27.5504],[95.2826,27.5473],[95.2786,27.5584],[95.2725,27.5658],[95.2733,27.5743],[95.2771,27.5699],[95.2848,27.5676],[95.2878,27.5697],[95.2869,27.5726],[95.2901,27.5767],[95.2941,27.5754],[95.2963,27.5796],[95.3003,27.5798],[95.3003,27.5848],[95.3047,27.5819],[95.3184,27.5874],[95.3168,27.5963],[95.3088,27.6095],[95.2897,27.6627],[95.2766,27.6782],[95.2698,27.6813],[95.2582,27.6664],[95.2465,27.6566],[95.2048,27.6581],[95.1889,27.6764],[95.2002,27.6938],[95.1964,27.7044]]]},"properties":{"dtname":"Dibrugarh","stname":"ASSAM","stcode11":"18","dtcode11":"310","year_stat":"2011_c","Shape_Length":509783.04686154873,"Shape_Area":4301699936.029511,"OBJECTID":231,"test":0,"Dist_LGD":286,"State_LGD":18}},{"type":"Feature","id":237,"geometry":{"type":"Polygon","coordinates":[[[94.2694,27.5156],[94.2682,27.5209],[94.2413,27.5131],[94.216,27.5028],[94.209,27.4926],[94.2006,27.495],[94.1922,27.4936],[94.1761,27.4822],[94.1691,27.4813],[94.1645,27.4769],[94.1566,27.475],[94.1593,27.4617],[94.1314,27.441],[94.1276,27.4347],[94.1178,27.4298],[94.1049,27.4141],[94.0895,27.4071],[94.0757,27.3898],[94.0691,27.3736],[94.0608,27.3654],[94.0597,27.3616],[94.0308,27.3485],[94.0302,27.3458],[94.022,27.3463],[93.9912,27.3284],[93.9282,27.2643],[93.8993,27.2392],[93.8641,27.1962],[93.8386,27.1724],[93.8253,27.1686],[93.8059,27.1489],[93.8053,27.1372],[93.7947,27.1361],[93.7968,27.129],[93.8031,27.1329],[93.8124,27.131],[93.8094,27.1234],[93.814,27.1214],[93.8199,27.1228],[93.825,27.1165],[93.8266,27.0971],[93.8313,27.091],[93.8314,27.0869],[93.8377,27.0855],[93.8331,27.0817],[93.8356,27.0744],[93.8285,27.069],[93.8291,27.0669],[93.8219,27.0679],[93.8211,27.0645],[93.8149,27.0616],[93.8107,27.0676],[93.8083,27.066],[93.8113,27.059],[93.8033,27.0582],[93.7937,27.0724],[93.793,27.0684],[93.8001,27.058],[93.7951,27.0571],[93.7943,27.062],[93.7938,27.0546],[93.7893,27.0507],[93.7837,27.0516],[93.783,27.0645],[93.7811,27.0656],[93.7782,27.049],[93.7708,27.0621],[93.7718,27.0542],[93.7678,27.0514],[93.7679,27.0546],[93.7666,27.053],[93.7673,27.0395],[93.7435,27.0278],[93.7329,27.026],[93.7233,27.0209],[93.7088,27.0082],[93.6977,26.9943],[93.7009,26.9916],[93.6992,26.9888],[93.7089,26.9853],[93.7111,26.9804],[93.7188,26.9806],[93.7237,26.9698],[93.7288,26.9706],[93.7366,26.9675],[93.7439,26.9584],[93.742,26.9401],[93.746,26.9364],[93.7491,26.914],[93.7418,26.9124],[93.7393,26.9093],[93.7426,26.9039],[93.7396,26.8985],[93.7491,26.8955],[93.7529,26.8914],[93.7752,26.8888],[93.7779,26.8837],[93.7808,26.8856],[93.7805,26.8734],[93.7892,26.8593],[93.7877,26.857],[93.7846,26.8579],[93.7781,26.8549],[93.7783,26.8515],[93.7744,26.8511],[93.7748,26.8478],[93.77,26.8448],[93.7788,26.8406],[93.7804,26.8368],[93.7971,26.8235],[93.8046,26.8214],[93.8239,26.8252],[93.8356,26.8512],[93.8433,26.8508],[93.8541,26.8572],[93.8812,26.8577],[93.8849,26.8624],[93.8912,26.8648],[93.8968,26.8717],[93.8905,26.885],[93.8917,26.8922],[93.9108,26.9018],[93.9166,26.9074],[93.919,26.9116],[93.9172,26.9227],[93.9262,26.9303],[93.9614,26.9271],[93.9737,26.9226],[93.9847,26.9288],[93.9967,26.9423],[94.001,26.9415],[94.0092,26.9305],[94.0229,26.9319],[94.027,26.9384],[94.0244,26.9564],[94.034,26.9624],[94.0409,26.9756],[94.06,26.9829],[94.0678,26.9766],[94.0752,26.9612],[94.08,26.9599],[94.0864,26.9604],[94.1028,26.9698],[94.1344,26.969],[94.138,26.9773],[94.1339,26.9882],[94.1524,26.9945],[94.1582,27.0002],[94.1837,27.0001],[94.1889,27.0045],[94.1919,27.0115],[94.187,27.0287],[94.1875,27.0353],[94.1958,27.0349],[94.2042,27.0286],[94.2164,27.0291],[94.2238,27.0319],[94.2244,27.0358],[94.2219,27.0361],[94.2264,27.0555],[94.2344,27.0717],[94.2547,27.0882],[94.273,27.0952],[94.2788,27.095],[94.2982,27.0869],[94.3064,27.0733],[94.3121,27.0711],[94.3157,27.0727],[94.3185,27.0835],[94.3227,27.0879],[94.3265,27.0888],[94.3394,27.082],[94.3503,27.0859],[94.3607,27.0955],[94.3697,27.0987],[94.3847,27.0962],[94.3931,27.0986],[94.4187,27.093],[94.4242,27.0982],[94.4266,27.1144],[94.434,27.119],[94.4521,27.1171],[94.4602,27.1119],[94.468,27.1137],[94.4731,27.1221],[94.475,27.1342],[94.4795,27.1389],[94.4878,27.1341],[94.4949,27.1222],[94.507,27.1215],[94.51,27.1256],[94.5089,27.137],[94.5106,27.1422],[94.5289,27.1438],[94.5332,27.1478],[94.5311,27.153],[94.5243,27.1579],[94.5264,27.1624],[94.5425,27.1721],[94.5561,27.1745],[94.5611,27.1837],[94.5676,27.1791],[94.5736,27.1861],[94.58,27.2024],[94.5772,27.215],[94.5798,27.2279],[94.5877,27.247],[94.5866,27.2673],[94.6138,27.3064],[94.6107,27.3088],[94.6137,27.3192],[94.6059,27.3249],[94.6066,27.3287],[94.622,27.333],[94.629,27.3387],[94.6236,27.3436],[94.6225,27.35],[94.6253,27.3539],[94.6209,27.3572],[94.6205,27.3626],[94.6164,27.3647],[94.612,27.3549],[94.5932,27.3584],[94.5908,27.3673],[94.5924,27.3777],[94.5868,27.3722],[94.5797,27.3721],[94.5782,27.3686],[94.5745,27.3703],[94.5597,27.3589],[94.5481,27.3554],[94.5368,27.3476],[94.5278,27.346],[94.5218,27.3484],[94.515,27.3455],[94.513,27.3492],[94.5078,27.3443],[94.5094,27.3398],[94.5045,27.3373],[94.5053,27.3343],[94.5018,27.3359],[94.5018,27.3334],[94.4965,27.3325],[94.4982,27.3299],[94.4949,27.3337],[94.4887,27.3315],[94.4891,27.3356],[94.4858,27.3312],[94.4824,27.3326],[94.4837,27.3296],[94.48,27.3311],[94.4741,27.3277],[94.4687,27.3297],[94.4666,27.3339],[94.4605,27.3322],[94.4557,27.3209],[94.4495,27.3198],[94.446,27.3222],[94.4465,27.3112],[94.4427,27.3083],[94.4391,27.3098],[94.4422,27.3165],[94.43,27.3182],[94.4317,27.3212],[94.4283,27.3242],[94.4301,27.3277],[94.4262,27.3297],[94.4292,27.3308],[94.4268,27.3309],[94.4268,27.3379],[94.4186,27.337],[94.4158,27.3329],[94.4122,27.3382],[94.4067,27.3348],[94.4061,27.3308],[94.4034,27.3345],[94.4063,27.3393],[94.3982,27.3444],[94.3949,27.3439],[94.3928,27.3406],[94.3908,27.344],[94.3928,27.348],[94.3901,27.3506],[94.375,27.3409],[94.3633,27.3395],[94.3559,27.3413],[94.3395,27.3368],[94.3361,27.3265],[94.3273,27.3183],[94.3069,27.3191],[94.2995,27.332],[94.302,27.3444],[94.299,27.3504],[94.2923,27.3564],[94.283,27.3586],[94.2718,27.3649],[94.2559,27.3789],[94.2471,27.3919],[94.2476,27.3962],[94.2513,27.3989],[94.2655,27.3999],[94.2834,27.3849],[94.2904,27.3833],[94.2983,27.3874],[94.3054,27.397],[94.3081,27.4126],[94.3059,27.4252],[94.3071,27.4359],[94.2777,27.4666],[94.2789,27.4952],[94.2694,27.5156]]]},"properties":{"dtname":"Lakhimpur","stname":"ASSAM","stcode11":"18","dtcode11":"307","year_stat":"2011_c","Shape_Length":426714.7830791877,"Shape_Area":3803107989.179849,"OBJECTID":237,"test":0,"Dist_LGD":295,"State_LGD":18}},{"type":"Feature","id":248,"geometry":{"type":"Polygon","coordinates":[[[94.7382,27.2751],[94.7273,27.2724],[94.7179,27.2631],[94.7166,27.2595],[94.7225,27.2479],[94.7206,27.2455],[94.711,27.2485],[94.7041,27.2666],[94.6949,27.272],[94.6922,27.2707],[94.6852,27.2499],[94.6783,27.2432],[94.642,27.2466],[94.6247,27.2107],[94.6218,27.1971],[94.6157,27.1857],[94.6148,27.1766],[94.6016,27.1549],[94.5825,27.1366],[94.573,27.1174],[94.553,27.0965],[94.5444,27.0769],[94.5329,27.0697],[94.5128,27.0481],[94.5017,27.0399],[94.4754,27.031],[94.4664,27.0187],[94.4602,26.9953],[94.4432,26.9873],[94.4296,26.9742],[94.3988,26.9598],[94.3953,26.9548],[94.4058,26.9329],[94.4072,26.9376],[94.4149,26.9398],[94.4179,26.9432],[94.4197,26.9398],[94.4221,26.9418],[94.4276,26.9369],[94.4329,26.9395],[94.4382,26.9353],[94.4623,26.942],[94.4688,26.9342],[94.4738,26.9352],[94.4792,26.924],[94.4787,26.9169],[94.4818,26.9131],[94.4763,26.9098],[94.482,26.9052],[94.4742,26.8925],[94.4804,26.8841],[94.4844,26.8843],[94.4885,26.8805],[94.4927,26.8822],[94.492,26.8745],[94.4965,26.8667],[94.4937,26.864],[94.495,26.8603],[94.4892,26.8585],[94.4885,26.8547],[94.4931,26.8452],[94.4891,26.8423],[94.49,26.8394],[94.4858,26.8309],[94.4966,26.825],[94.5037,26.826],[94.504,26.8216],[94.5097,26.8178],[94.5094,26.8127],[94.5171,26.8122],[94.5177,26.8019],[94.5215,26.8068],[94.5259,26.7998],[94.5153,26.795],[94.5193,26.7947],[94.5194,26.7905],[94.5243,26.7888],[94.5215,26.7847],[94.5168,26.7832],[94.5122,26.7719],[94.5225,26.7702],[94.5179,26.7648],[94.5224,26.7664],[94.5261,26.7647],[94.5288,26.758],[94.5346,26.7545],[94.5366,26.755],[94.5361,26.7601],[94.5381,26.7603],[94.5496,26.7487],[94.5564,26.7565],[94.5634,26.7504],[94.5727,26.7522],[94.5707,26.7432],[94.5796,26.7381],[94.5801,26.7343],[94.5846,26.7336],[94.5798,26.7306],[94.5846,26.7245],[94.5953,26.726],[94.5933,26.731],[94.5955,26.7339],[94.6061,26.734],[94.6091,26.7373],[94.608,26.7289],[94.6207,26.7229],[94.619,26.7121],[94.6429,26.7208],[94.6529,26.7189],[94.6923,26.732],[94.7071,26.7464],[94.7368,26.7638],[94.7406,26.7719],[94.7401,26.7761],[94.7483,26.7728],[94.7517,26.7663],[94.7582,26.7661],[94.7605,26.7755],[94.7667,26.7777],[94.7673,26.7854],[94.7701,26.7891],[94.7886,26.7957],[94.7911,26.7998],[94.8026,26.8014],[94.8031,26.8063],[94.7957,26.8102],[94.7952,26.8145],[94.8037,26.8138],[94.8064,26.8185],[94.8144,26.8196],[94.8131,26.8337],[94.8155,26.8374],[94.8194,26.8377],[94.821,26.8418],[94.8174,26.8476],[94.8345,26.8604],[94.8364,26.8689],[94.8431,26.8686],[94.85,26.8747],[94.851,26.8812],[94.8577,26.8886],[94.8659,26.9088],[94.8735,26.9176],[94.8905,26.9296],[94.9143,26.9369],[94.9325,26.9563],[94.9418,26.9594],[94.9404,26.9683],[94.9369,26.9725],[94.9402,26.9769],[94.939,26.9873],[94.9322,26.9877],[94.9266,26.9933],[94.9087,26.9897],[94.9006,26.9837],[94.9098,26.9695],[94.86,26.9407],[94.848,26.9292],[94.8018,26.9227],[94.7567,26.9226],[94.7479,26.9246],[94.7337,26.9326],[94.7419,26.9441],[94.7776,26.9799],[94.7871,26.9968],[94.7928,26.9976],[94.7942,26.9887],[94.801,26.992],[94.8095,26.9916],[94.8059,26.9977],[94.8133,26.9986],[94.8148,27.0044],[94.8205,27.0033],[94.8209,27.0108],[94.8299,27.0164],[94.8261,27.0197],[94.8286,27.0347],[94.8249,27.0571],[94.8368,27.0919],[94.8336,27.0936],[94.832,27.0912],[94.8318,27.094],[94.8289,27.0934],[94.8241,27.0991],[94.8178,27.0976],[94.82,27.0999],[94.8162,27.0993],[94.8155,27.1016],[94.8141,27.0982],[94.8123,27.0997],[94.8084,27.0967],[94.8091,27.1034],[94.8176,27.1146],[94.8118,27.1171],[94.7998,27.1167],[94.7994,27.1194],[94.7881,27.1198],[94.7878,27.1248],[94.7818,27.1243],[94.7606,27.1298],[94.762,27.1345],[94.7535,27.1405],[94.7532,27.1438],[94.7581,27.1471],[94.755,27.1491],[94.7553,27.1515],[94.7572,27.1497],[94.7582,27.1522],[94.7603,27.1516],[94.7613,27.1567],[94.7681,27.1594],[94.7674,27.1636],[94.7786,27.1711],[94.775,27.1748],[94.7725,27.174],[94.7738,27.1809],[94.7703,27.181],[94.7714,27.1832],[94.7684,27.1848],[94.7728,27.1869],[94.7748,27.1847],[94.7752,27.1882],[94.7774,27.1862],[94.7793,27.1903],[94.7746,27.1935],[94.7765,27.1956],[94.7772,27.193],[94.7796,27.1936],[94.781,27.1996],[94.7795,27.1979],[94.7757,27.2001],[94.7756,27.2129],[94.7732,27.2172],[94.7689,27.2166],[94.7661,27.2203],[94.7739,27.2366],[94.7693,27.244],[94.7413,27.2471],[94.7418,27.2587],[94.7499,27.2682],[94.7471,27.2729],[94.7382,27.2751]]]},"properties":{"dtname":"Sivasagar","stname":"ASSAM","stcode11":"18","dtcode11":"311","year_stat":"2011_c","Shape_Length":309064.05604551185,"Shape_Area":1987497935.3046305,"OBJECTID":248,"test":0,"Dist_LGD":300,"State_LGD":18}},{"type":"Feature","id":251,"geometry":{"type":"Polygon","coordinates":[[[94.3974,26.9512],[94.3966,26.9527],[94.3864,26.9416],[94.3777,26.9233],[94.3714,26.9161],[94.3615,26.9097],[94.3342,26.8841],[94.3201,26.8795],[94.3121,26.8785],[94.3047,26.9095],[94.282,26.9067],[94.2725,26.9088],[94.2537,26.9083],[94.2266,26.9233],[94.2092,26.9265],[94.2042,26.925],[94.1928,26.9121],[94.1421,26.8991],[94.1285,26.8924],[94.1007,26.8925],[94.0874,26.8815],[94.0815,26.8849],[94.0727,26.8813],[94.06,26.8804],[94.0561,26.8823],[94.0128,26.8666],[94.0047,26.8654],[94.0056,26.8694],[93.9996,26.8667],[94.0084,26.834],[93.9966,26.8223],[93.9853,26.8176],[93.9802,26.8106],[93.9733,26.7961],[93.9875,26.7866],[93.9722,26.7791],[93.972,26.7682],[93.9975,26.7662],[94.0009,26.7603],[94.0005,26.7467],[94.0047,26.7443],[94.0203,26.7472],[94.0249,26.743],[94.0208,26.7392],[94.0279,26.7394],[94.0298,26.7425],[94.0349,26.7375],[94.0386,26.7423],[94.0371,26.7385],[94.0404,26.7364],[94.0462,26.7386],[94.041,26.7301],[94.0421,26.7284],[94.0461,26.7297],[94.0436,26.7268],[94.046,26.725],[94.0383,26.7214],[94.0416,26.7207],[94.041,26.7153],[94.0441,26.7131],[94.0359,26.7097],[94.0404,26.7092],[94.0406,26.7024],[94.0427,26.7027],[94.0439,26.6976],[94.0407,26.6974],[94.0422,26.6943],[94.0466,26.6947],[94.0434,26.6874],[94.0487,26.6879],[94.0492,26.6827],[94.0451,26.6835],[94.0434,26.681],[94.0454,26.6814],[94.0476,26.6744],[94.0515,26.6758],[94.0501,26.6788],[94.0539,26.679],[94.0523,26.673],[94.0568,26.6689],[94.0542,26.6701],[94.0528,26.6679],[94.0561,26.6672],[94.0567,26.663],[94.0587,26.6652],[94.0573,26.6671],[94.0637,26.6637],[94.0663,26.6682],[94.07,26.6663],[94.067,26.6634],[94.0683,26.6608],[94.0722,26.6644],[94.0727,26.6609],[94.0775,26.6618],[94.0795,26.6584],[94.0824,26.6616],[94.0864,26.6573],[94.0858,26.6485],[94.0897,26.6469],[94.0914,26.6489],[94.0978,26.6419],[94.0936,26.6398],[94.0982,26.6378],[94.094,26.6372],[94.0961,26.6308],[94.0946,26.6279],[94.0831,26.6282],[94.0882,26.6241],[94.0863,26.6215],[94.088,26.62],[94.0826,26.619],[94.0825,26.615],[94.0794,26.6177],[94.0804,26.6158],[94.0775,26.6145],[94.083,26.6092],[94.0863,26.6104],[94.085,26.6071],[94.0797,26.6032],[94.075,26.6031],[94.0769,26.6013],[94.0735,26.5979],[94.0717,26.5995],[94.0689,26.5943],[94.0724,26.5929],[94.07,26.5913],[94.0719,26.5886],[94.0751,26.5904],[94.0761,26.5883],[94.0789,26.5893],[94.0825,26.5849],[94.0808,26.5831],[94.0768,26.5857],[94.0769,26.58],[94.0801,26.5785],[94.0761,26.5768],[94.0781,26.5744],[94.0805,26.5776],[94.0861,26.5749],[94.0847,26.5781],[94.0888,26.5772],[94.0872,26.5804],[94.0996,26.5767],[94.1011,26.5747],[94.0979,26.5733],[94.0997,26.5714],[94.0974,26.5682],[94.1027,26.5705],[94.107,26.5697],[94.1073,26.5597],[94.1107,26.5595],[94.1102,26.5567],[94.1147,26.5549],[94.1129,26.5502],[94.1112,26.5526],[94.1057,26.5497],[94.1093,26.5485],[94.1079,26.5462],[94.1107,26.5455],[94.1121,26.5478],[94.1127,26.5451],[94.1164,26.5449],[94.1099,26.5415],[94.1126,26.5379],[94.1083,26.5329],[94.111,26.5326],[94.1091,26.5303],[94.1123,26.5279],[94.1044,26.5203],[94.1065,26.5178],[94.1052,26.5136],[94.103,26.5143],[94.1033,26.5104],[94.1056,26.5074],[94.0988,26.4976],[94.1002,26.4961],[94.0973,26.495],[94.0973,26.4843],[94.1,26.4826],[94.0997,26.4704],[94.1036,26.4627],[94.1083,26.4601],[94.1146,26.4607],[94.127,26.4506],[94.1256,26.4392],[94.1149,26.4258],[94.1163,26.3976],[94.1242,26.3719],[94.1283,26.3666],[94.1333,26.3516],[94.1376,26.3487],[94.1612,26.3477],[94.1601,26.3544],[94.171,26.3629],[94.174,26.3708],[94.1721,26.3738],[94.1775,26.3834],[94.1718,26.4159],[94.1756,26.4245],[94.1716,26.4299],[94.1832,26.4554],[94.1858,26.4591],[94.194,26.4613],[94.2026,26.4692],[94.2074,26.4866],[94.2212,26.4982],[94.2365,26.5062],[94.2486,26.5251],[94.2477,26.5283],[94.2532,26.5329],[94.2562,26.5413],[94.2706,26.5494],[94.2847,26.5612],[94.2812,26.5487],[94.2861,26.5426],[94.2819,26.5407],[94.2809,26.5352],[94.2828,26.5295],[94.2817,26.5246],[94.2865,26.5153],[94.2833,26.5108],[94.2831,26.5051],[94.29,26.4889],[94.2897,26.4798],[94.2998,26.4637],[94.3034,26.4643],[94.3066,26.4609],[94.3079,26.4626],[94.3165,26.4584],[94.3184,26.4654],[94.3238,26.4656],[94.3212,26.4711],[94.3225,26.4725],[94.3195,26.4743],[94.3264,26.4755],[94.3254,26.482],[94.3303,26.4796],[94.3338,26.4794],[94.3362,26.4821],[94.3394,26.4806],[94.3407,26.4856],[94.3438,26.4848],[94.3446,26.4889],[94.3468,26.4861],[94.3492,26.4912],[94.3528,26.4902],[94.3466,26.4922],[94.3529,26.4994],[94.3477,26.5046],[94.3541,26.5032],[94.3626,26.5058],[94.3655,26.5036],[94.3721,26.5061],[94.3746,26.5085],[94.3712,26.5145],[94.3762,26.5139],[94.3733,26.5172],[94.376,26.5219],[94.3781,26.5213],[94.3809,26.5259],[94.3851,26.5259],[94.3854,26.5306],[94.3899,26.527],[94.3913,26.5305],[94.3957,26.5274],[94.3975,26.53],[94.3952,26.5337],[94.4008,26.5343],[94.3977,26.5387],[94.4026,26.5396],[94.4026,26.5414],[94.3965,26.5428],[94.403,26.5454],[94.4061,26.5441],[94.4011,26.5484],[94.4062,26.5493],[94.4049,26.5543],[94.4019,26.5548],[94.4064,26.5559],[94.4033,26.5584],[94.4072,26.5604],[94.404,26.5615],[94.4061,26.5628],[94.4058,26.568],[94.4112,26.5722],[94.4098,26.5766],[94.4133,26.5773],[94.4121,26.5831],[94.4074,26.588],[94.4076,26.5917],[94.4018,26.5937],[94.4025,26.6032],[94.4055,26.6057],[94.4028,26.6107],[94.4355,26.6221],[94.4512,26.6364],[94.4526,26.6342],[94.4551,26.6356],[94.4535,26.632],[94.4654,26.6332],[94.4597,26.6369],[94.459,26.6447],[94.4531,26.6526],[94.4584,26.6536],[94.4602,26.6617],[94.485,26.668],[94.4926,26.666],[94.509,26.6803],[94.5082,26.6854],[94.5132,26.6802],[94.5175,26.682],[94.5206,26.6993],[94.5241,26.6959],[94.5392,26.7063],[94.5478,26.7064],[94.5502,26.7018],[94.5549,26.7052],[94.5623,26.7052],[94.5623,26.6956],[94.5593,26.6865],[94.567,26.6836],[94.5715,26.6867],[94.5674,26.6876],[94.5678,26.693],[94.5772,26.7008],[94.5824,26.6975],[94.5938,26.6973],[94.5914,26.7003],[94.5943,26.7024],[94.5924,26.7051],[94.5935,26.7153],[94.5975,26.7168],[94.603,26.7117],[94.6014,26.7192],[94.5915,26.7201],[94.5921,26.725],[94.5846,26.7245],[94.5804,26.7296],[94.58,26.7314],[94.5848,26.7332],[94.5801,26.7343],[94.5796,26.7381],[94.5709,26.7428],[94.5727,26.7522],[94.5634,26.7504],[94.5564,26.7565],[94.5496,26.7487],[94.5381,26.7603],[94.5361,26.7601],[94.5366,26.755],[94.5346,26.7545],[94.5288,26.758],[94.5261,26.7647],[94.5224,26.7664],[94.5179,26.7648],[94.5225,26.7702],[94.5122,26.7719],[94.5168,26.7832],[94.5215,26.7847],[94.5243,26.7888],[94.5194,26.7905],[94.5193,26.7947],[94.5153,26.795],[94.5259,26.7998],[94.5215,26.8068],[94.5177,26.8019],[94.5171,26.8122],[94.5094,26.8127],[94.5097,26.8178],[94.504,26.8216],[94.5037,26.826],[94.4966,26.825],[94.4858,26.8309],[94.49,26.8394],[94.4891,26.8423],[94.4931,26.8452],[94.4885,26.8547],[94.4892,26.8585],[94.495,26.8603],[94.4937,26.864],[94.4965,26.8667],[94.492,26.8745],[94.4927,26.8822],[94.4885,26.8805],[94.4844,26.8843],[94.4804,26.8841],[94.4742,26.8925],[94.482,26.9052],[94.4763,26.9098],[94.4818,26.9131],[94.4787,26.9169],[94.4792,26.924],[94.4738,26.9352],[94.4688,26.9342],[94.4623,26.942],[94.4382,26.9353],[94.4329,26.9395],[94.4276,26.9369],[94.4221,26.9418],[94.4197,26.9398],[94.4179,26.9432],[94.4149,26.9398],[94.4072,26.9376],[94.4058,26.9329],[94.3974,26.9512]]]},"properties":{"dtname":"Jorhat","stname":"ASSAM","stcode11":"18","dtcode11":"312","year_stat":"2011_c","Shape_Length":395207.91226181906,"Shape_Area":2576738021.198719,"OBJECTID":251,"test":0,"Dist_LGD":290,"State_LGD":18}},{"type":"Feature","id":262,"geometry":{"type":"Polygon","coordinates":[[[92.7783,27.0229],[92.7632,27.0274],[92.7531,27.0229],[92.7329,27.0228],[92.7228,27.0183],[92.7128,27.0228],[92.6976,27.0228],[92.6926,27.0273],[92.6724,27.0317],[92.6674,27.0272],[92.6447,26.9868],[92.5833,26.9596],[92.5541,26.9575],[92.4968,26.9635],[92.4474,26.9589],[92.4257,26.9411],[92.4119,26.9429],[92.3983,26.9248],[92.367,26.9288],[92.3648,26.9321],[92.3577,26.9258],[92.3497,26.9118],[92.3464,26.8903],[92.3427,26.8826],[92.3428,26.8646],[92.3451,26.862],[92.3412,26.8566],[92.3429,26.8518],[92.3399,26.851],[92.3398,26.8469],[92.3355,26.8458],[92.3329,26.842],[92.3315,26.8312],[92.3358,26.8286],[92.3343,26.825],[92.3363,26.8225],[92.3309,26.8199],[92.3341,26.8152],[92.3279,26.8126],[92.335,26.8104],[92.3276,26.803],[92.3346,26.7936],[92.3319,26.7897],[92.3389,26.7868],[92.3343,26.7828],[92.3348,26.775],[92.3403,26.7712],[92.3287,26.7716],[92.3317,26.7648],[92.3365,26.7658],[92.328,26.7569],[92.3306,26.7454],[92.3342,26.7421],[92.3235,26.7391],[92.3328,26.7368],[92.3374,26.7331],[92.3314,26.7271],[92.332,26.7252],[92.3419,26.7292],[92.3399,26.7237],[92.3318,26.7219],[92.3383,26.7174],[92.3351,26.7123],[92.3432,26.7133],[92.3387,26.7077],[92.3463,26.7048],[92.3442,26.7016],[92.3349,26.7009],[92.3324,26.6944],[92.3388,26.691],[92.3334,26.6864],[92.3365,26.6817],[92.3315,26.6627],[92.3489,26.6642],[92.3505,26.682],[92.353,26.6868],[92.3445,26.6928],[92.3493,26.6911],[92.3508,26.6986],[92.3641,26.6982],[92.3666,26.6749],[92.363,26.6607],[92.3648,26.6563],[92.3631,26.6432],[92.3689,26.6473],[92.3758,26.6485],[92.3787,26.6473],[92.38,26.6428],[92.3883,26.6487],[92.3901,26.6418],[92.4003,26.642],[92.4018,26.6358],[92.3954,26.627],[92.3758,26.6294],[92.3758,26.6136],[92.3574,26.6118],[92.3537,26.6032],[92.357,26.598],[92.364,26.5952],[92.3647,26.5891],[92.3625,26.5828],[92.3538,26.5773],[92.3522,26.57],[92.3661,26.5662],[92.3609,26.5587],[92.3658,26.5606],[92.3676,26.559],[92.3687,26.5507],[92.3751,26.5454],[92.3807,26.5275],[92.3542,26.5348],[92.3475,26.5262],[92.3318,26.5151],[92.3386,26.5117],[92.3442,26.5047],[92.348,26.5078],[92.3595,26.5053],[92.3829,26.5165],[92.3927,26.5129],[92.4406,26.52],[92.452,26.5151],[92.4581,26.4995],[92.4675,26.4962],[92.478,26.4957],[92.4929,26.502],[92.5226,26.5081],[92.5486,26.5055],[92.5623,26.5066],[92.5759,26.4997],[92.5907,26.5012],[92.5888,26.5059],[92.6308,26.5178],[92.6514,26.5174],[92.6631,26.5223],[92.6769,26.5115],[92.6887,26.51],[92.7066,26.5304],[92.7216,26.5363],[92.7261,26.5326],[92.7251,26.5231],[92.7288,26.5178],[92.7485,26.5109],[92.7571,26.5149],[92.7564,26.5248],[92.7646,26.5327],[92.767,26.5468],[92.7715,26.5558],[92.7947,26.557],[92.8421,26.5844],[92.8555,26.585],[92.8692,26.5816],[92.8929,26.5957],[92.917,26.5949],[92.935,26.6158],[92.9512,26.6203],[92.9549,26.6183],[92.9785,26.6182],[92.9848,26.6143],[92.9931,26.6136],[92.9967,26.6109],[92.9961,26.6041],[93.0138,26.5976],[93.0335,26.5981],[93.0555,26.5949],[93.0712,26.5979],[93.0966,26.577],[93.1183,26.5798],[93.1452,26.5917],[93.1234,26.6595],[93.1068,26.6767],[93.1037,26.6953],[93.0951,26.6964],[93.0841,26.7017],[93.083,26.7106],[93.0872,26.7123],[93.0803,26.7198],[93.0766,26.7317],[93.0733,26.7337],[93.0746,26.7369],[93.0681,26.7466],[93.0706,26.7543],[93.0677,26.7595],[93.0745,26.7682],[93.0668,26.7767],[93.0686,26.7814],[93.0651,26.7834],[93.0658,26.7888],[93.0626,26.7934],[93.0637,26.7977],[93.0579,26.8031],[93.0642,26.8223],[93.0587,26.8295],[93.0538,26.8305],[93.0478,26.8371],[93.0433,26.8508],[93.0441,26.8553],[93.0497,26.857],[93.0612,26.8724],[93.0575,26.8827],[93.0595,26.9008],[93.0555,26.9085],[93.058,26.9185],[93.0617,26.9222],[93.0216,26.9136],[92.9818,26.9361],[92.9171,26.963],[92.9155,26.974],[92.9183,26.9824],[92.8865,26.9998],[92.8388,27.0049],[92.7934,27.0229],[92.7783,27.0229]]]},"properties":{"dtname":"Sonitpur","stname":"ASSAM","stcode11":"18","dtcode11":"306","year_stat":"2011_c","Shape_Length":356664.95179725025,"Shape_Area":4338227994.398776,"OBJECTID":262,"test":0,"Dist_LGD":301,"State_LGD":18}},{"type":"Feature","id":263,"geometry":{"type":"Polygon","coordinates":[[[93.9376,26.9303],[93.9276,26.9306],[93.9205,26.9267],[93.9169,26.9215],[93.9177,26.9087],[93.9108,26.9018],[93.892,26.8926],[93.8905,26.885],[93.8968,26.8717],[93.8912,26.8648],[93.8849,26.8624],[93.8812,26.8577],[93.8541,26.8572],[93.8433,26.8508],[93.8352,26.851],[93.8239,26.8252],[93.8002,26.8218],[93.7873,26.8306],[93.7788,26.8406],[93.77,26.8448],[93.7632,26.8398],[93.7587,26.8319],[93.7601,26.8218],[93.751,26.8036],[93.7438,26.8016],[93.7324,26.8111],[93.7124,26.816],[93.6894,26.7975],[93.6753,26.7974],[93.6704,26.8009],[93.6487,26.7881],[93.6492,26.7576],[93.6629,26.7322],[93.6705,26.712],[93.6621,26.7123],[93.6509,26.7061],[93.601,26.715],[93.5897,26.7192],[93.5749,26.7192],[93.5598,26.7252],[93.558,26.7314],[93.5613,26.7328],[93.5431,26.7427],[93.5377,26.7505],[93.5301,26.7466],[93.5041,26.757],[93.4925,26.7542],[93.476,26.757],[93.4597,26.7551],[93.4412,26.7484],[93.3964,26.7506],[93.3721,26.7458],[93.3524,26.7363],[93.3421,26.728],[93.3374,26.7166],[93.3309,26.7087],[93.3214,26.7075],[93.3126,26.7018],[93.304,26.7003],[93.3069,26.6937],[93.3151,26.6866],[93.3169,26.6779],[93.3121,26.6773],[93.3067,26.6676],[93.317,26.6576],[93.3176,26.6505],[93.3109,26.6408],[93.3046,26.6367],[93.2978,26.6349],[93.2869,26.6374],[93.2965,26.6119],[93.2959,26.5991],[93.2914,26.5906],[93.2951,26.5852],[93.3024,26.5809],[93.2951,26.5718],[93.3034,26.5762],[93.3104,26.5764],[93.3143,26.5824],[93.326,26.5848],[93.3364,26.5802],[93.3473,26.582],[93.369,26.5812],[93.3788,26.5786],[93.4028,26.5801],[93.4024,26.5779],[93.4062,26.575],[93.3974,26.5715],[93.4087,26.5691],[93.4148,26.5726],[93.453,26.5808],[93.4547,26.5789],[93.4523,26.5752],[93.4569,26.576],[93.4647,26.5859],[93.4663,26.5815],[93.4641,26.5769],[93.4553,26.5719],[93.4566,26.5686],[93.4599,26.5711],[93.4637,26.5693],[93.4743,26.5819],[93.4916,26.587],[93.4887,26.5902],[93.4784,26.5886],[93.4698,26.5916],[93.4695,26.5954],[93.473,26.5957],[93.4731,26.5991],[93.478,26.6031],[93.494,26.6058],[93.4962,26.6071],[93.4955,26.6111],[93.5002,26.6057],[93.5041,26.6062],[93.5095,26.5934],[93.5194,26.5955],[93.5237,26.5936],[93.537,26.5978],[93.542,26.6035],[93.5498,26.6044],[93.5533,26.6126],[93.5684,26.6101],[93.5679,26.6079],[93.5715,26.6086],[93.5749,26.6048],[93.5814,26.6057],[93.586,26.6036],[93.59,26.5984],[93.5835,26.5968],[93.5848,26.5888],[93.5829,26.5804],[93.5893,26.5768],[93.5898,26.5707],[93.6109,26.5776],[93.6132,26.5728],[93.61,26.5673],[93.6143,26.5684],[93.6167,26.5659],[93.6166,26.5687],[93.6138,26.5699],[93.6213,26.5761],[93.6231,26.5836],[93.6219,26.5903],[93.6253,26.5884],[93.6254,26.592],[93.6352,26.5972],[93.6409,26.5964],[93.642,26.5996],[93.6531,26.6024],[93.6589,26.6026],[93.6615,26.5995],[93.6659,26.6047],[93.6718,26.6035],[93.6748,26.6001],[93.6789,26.6046],[93.6824,26.6035],[93.6832,26.6058],[93.6908,26.6072],[93.7142,26.6048],[93.7352,26.5938],[93.7366,26.5869],[93.7401,26.5835],[93.7522,26.5851],[93.7518,26.5771],[93.7483,26.5765],[93.7407,26.5685],[93.7413,26.5577],[93.737,26.5598],[93.7366,26.5513],[93.7332,26.5497],[93.7397,26.5468],[93.739,26.5398],[93.7328,26.5398],[93.7316,26.5376],[93.7368,26.5333],[93.742,26.5376],[93.7398,26.5343],[93.743,26.5317],[93.7435,26.5275],[93.756,26.529],[93.7551,26.5255],[93.7583,26.5224],[93.7521,26.5209],[93.7513,26.5183],[93.7574,26.5157],[93.7552,26.5092],[93.7622,26.5071],[93.7633,26.5016],[93.7697,26.4977],[93.7721,26.4886],[93.7753,26.4826],[93.7781,26.4818],[93.7789,26.4758],[93.7755,26.4733],[93.7713,26.4766],[93.7707,26.4739],[93.7778,26.466],[93.7835,26.4634],[93.7855,26.4646],[93.7868,26.456],[93.7851,26.4524],[93.7944,26.4402],[93.7831,26.4387],[93.7836,26.4335],[93.7895,26.4338],[93.7939,26.4285],[93.7813,26.4249],[93.7799,26.4174],[93.7831,26.4096],[93.7991,26.4088],[93.7925,26.4038],[93.7907,26.3979],[93.7865,26.3962],[93.7806,26.3868],[93.7733,26.3868],[93.7748,26.3839],[93.7868,26.3794],[93.7883,26.3765],[93.794,26.3759],[93.7962,26.3866],[93.8008,26.3914],[93.8039,26.3907],[93.8061,26.396],[93.8095,26.3947],[93.8111,26.3977],[93.8166,26.3986],[93.8225,26.4055],[93.8267,26.4178],[93.8588,26.3985],[93.8656,26.3889],[93.8788,26.394],[93.8839,26.392],[93.8806,26.3878],[93.8848,26.386],[93.8831,26.3812],[93.8886,26.3811],[93.8811,26.3725],[93.8942,26.3718],[93.8903,26.3693],[93.8892,26.3652],[93.8831,26.362],[93.8831,26.3591],[93.8869,26.36],[93.8886,26.3567],[93.8835,26.3555],[93.8829,26.3528],[93.8879,26.3508],[93.8894,26.3468],[93.8828,26.3467],[93.8814,26.3443],[93.883,26.3406],[93.8874,26.3402],[93.8865,26.3282],[93.8917,26.3308],[93.8948,26.329],[93.8939,26.3263],[93.8886,26.326],[93.8865,26.3237],[93.8927,26.32],[93.8938,26.3155],[93.8913,26.315],[93.8888,26.3198],[93.8855,26.3204],[93.8833,26.3185],[93.8872,26.3152],[93.885,26.3106],[93.8797,26.3131],[93.8738,26.3098],[93.8854,26.3065],[93.8847,26.3023],[93.8774,26.2996],[93.8702,26.3001],[93.8723,26.2964],[93.8685,26.2944],[93.8765,26.2879],[93.8726,26.2815],[93.8805,26.2762],[93.8811,26.2736],[93.8708,26.2755],[93.8736,26.2723],[93.8684,26.2662],[93.8748,26.2639],[93.871,26.2593],[93.8653,26.2581],[93.8645,26.255],[93.8672,26.251],[93.8605,26.2524],[93.8651,26.2483],[93.8648,26.2458],[93.8616,26.2447],[93.8549,26.2471],[93.8477,26.2413],[93.8513,26.2391],[93.8515,26.2437],[93.8553,26.2455],[93.8607,26.2417],[93.86,26.2366],[93.8646,26.2353],[93.8562,26.2287],[93.8571,26.2217],[93.8515,26.2156],[93.8442,26.2186],[93.8405,26.2178],[93.8446,26.2143],[93.8441,26.2122],[93.8338,26.2071],[93.8341,26.2004],[93.8412,26.2049],[93.8379,26.1945],[93.8321,26.1986],[93.8291,26.1963],[93.8338,26.1898],[93.8275,26.1862],[93.8351,26.1759],[93.8325,26.175],[93.8304,26.1799],[93.8273,26.1805],[93.8278,26.1738],[93.8216,26.1725],[93.8306,26.1581],[93.8305,26.1499],[93.8254,26.1441],[93.8311,26.1368],[93.8294,26.1353],[93.8224,26.1389],[93.8183,26.137],[93.8193,26.1325],[93.828,26.1277],[93.8172,26.1226],[93.8219,26.1142],[93.8201,26.11],[93.8121,26.1122],[93.812,26.1086],[93.8065,26.1025],[93.8142,26.0908],[93.8049,26.0936],[93.8036,26.0888],[93.8072,26.0899],[93.81,26.0865],[93.8057,26.0874],[93.8032,26.0854],[93.8055,26.082],[93.8059,26.0713],[93.8004,26.076],[93.7966,26.0712],[93.8036,26.0701],[93.8053,26.0646],[93.8011,26.066],[93.7946,26.0612],[93.7973,26.0524],[93.7921,26.0526],[93.7905,26.0565],[93.7871,26.0543],[93.7908,26.0524],[93.795,26.0416],[93.7801,26.0396],[93.7871,26.0311],[93.7917,26.0339],[93.7996,26.0313],[93.7965,26.028],[93.7936,26.0308],[93.7923,26.0265],[93.786,26.0238],[93.7861,26.0199],[93.7913,26.0183],[93.7932,26.0152],[93.7898,26.0126],[93.7862,26.0145],[93.7811,26.0079],[93.7854,26.0065],[93.788,26.0094],[93.7937,25.9981],[93.7981,26.0031],[93.8008,26.0021],[93.7975,25.9968],[93.8007,25.9945],[93.7959,25.9945],[93.7947,25.9923],[93.7991,25.9841],[93.8032,25.9862],[93.8045,25.9807],[93.8032,25.9792],[93.7999,25.9814],[93.7979,25.9787],[93.7918,25.9816],[93.7893,25.9762],[93.7868,25.9774],[93.7855,25.9822],[93.7807,25.9814],[93.7774,25.9671],[93.7744,25.9656],[93.7751,25.9613],[93.7785,25.9604],[93.7768,25.9582],[93.7872,25.9467],[93.7845,25.944],[93.7872,25.944],[93.7866,25.9383],[93.7898,25.934],[93.7864,25.9322],[93.7909,25.9263],[93.7886,25.917],[93.7941,25.913],[93.7942,25.9077],[93.7918,25.9068],[93.7953,25.9072],[93.796,25.9035],[93.7934,25.8957],[93.795,25.8921],[93.7841,25.8844],[93.7873,25.877],[93.7851,25.8701],[93.7889,25.8702],[93.7897,25.8679],[93.7849,25.8644],[93.7843,25.8585],[93.7784,25.857],[93.781,25.8541],[93.7774,25.8499],[93.781,25.8447],[93.7777,25.8425],[93.7781,25.8402],[93.7814,25.8396],[93.7802,25.8355],[93.7847,25.8291],[93.7874,25.8159],[93.79,25.8113],[93.7954,25.809],[93.8037,25.8115],[93.8062,25.817],[93.8163,25.8227],[93.8211,25.8388],[93.8396,25.8567],[93.8522,25.8583],[93.8585,25.8538],[93.8691,25.851],[93.876,25.8426],[93.8817,25.8434],[93.8864,25.8484],[93.8899,25.8587],[93.8959,25.858],[93.9019,25.8709],[93.9074,25.8726],[93.9159,25.8838],[93.9339,25.8853],[93.9353,25.8945],[93.9379,25.8964],[93.9442,25.8956],[93.9449,25.8977],[93.961,25.9013],[93.9711,25.9129],[93.9786,25.9168],[93.9779,25.9282],[93.9699,25.9369],[93.9686,25.9574],[93.9541,25.9694],[93.9591,25.9944],[93.9529,26.0031],[93.9604,26.0155],[93.9624,26.0366],[93.9703,26.0404],[93.9707,26.0465],[93.9873,26.0669],[93.9814,26.0813],[93.9886,26.0864],[93.9894,26.0976],[93.9978,26.1097],[93.9957,26.1123],[93.9886,26.1109],[93.9867,26.114],[93.9938,26.1188],[93.9934,26.124],[93.9977,26.1289],[93.9888,26.1283],[93.9871,26.1312],[93.9908,26.1337],[93.9982,26.1313],[94.0021,26.1345],[94.0035,26.1443],[93.9944,26.1484],[93.9965,26.1536],[94.001,26.1553],[94.0036,26.1602],[94.001,26.1724],[94.0077,26.1826],[94.0153,26.1841],[94.0217,26.1939],[94.0319,26.1976],[94.0364,26.2262],[94.0423,26.2346],[94.0476,26.2495],[94.056,26.2551],[94.0678,26.2571],[94.0745,26.2645],[94.0746,26.2731],[94.0722,26.2762],[94.0746,26.2837],[94.084,26.2834],[94.0842,26.2891],[94.0977,26.3021],[94.1007,26.3087],[94.0996,26.314],[94.105,26.32],[94.1216,26.3179],[94.1149,26.3241],[94.1158,26.3298],[94.1283,26.3305],[94.1386,26.3364],[94.1409,26.3354],[94.1409,26.3315],[94.145,26.3307],[94.1495,26.3342],[94.1628,26.3356],[94.1671,26.3394],[94.1715,26.3381],[94.1778,26.3462],[94.1725,26.3507],[94.1686,26.351],[94.167,26.3481],[94.1619,26.3473],[94.1546,26.3495],[94.1376,26.3487],[94.1333,26.3516],[94.1283,26.3666],[94.1242,26.3719],[94.1163,26.3976],[94.1145,26.4239],[94.1256,26.4392],[94.127,26.4506],[94.1146,26.4607],[94.1083,26.4601],[94.1036,26.4627],[94.0997,26.4704],[94.1,26.4826],[94.0973,26.4843],[94.0973,26.495],[94.1002,26.4961],[94.0988,26.4976],[94.1056,26.5074],[94.1033,26.5104],[94.103,26.5143],[94.1052,26.5136],[94.1065,26.5178],[94.1044,26.5203],[94.1123,26.5279],[94.1091,26.5303],[94.111,26.5326],[94.1083,26.5329],[94.1126,26.5379],[94.1099,26.5415],[94.1164,26.5449],[94.1127,26.5451],[94.1121,26.5478],[94.1107,26.5455],[94.1079,26.5462],[94.1093,26.5485],[94.1057,26.5497],[94.1112,26.5526],[94.1129,26.5502],[94.1147,26.5549],[94.1102,26.5567],[94.1107,26.5595],[94.1073,26.5597],[94.107,26.5697],[94.1027,26.5705],[94.0974,26.5682],[94.0997,26.5714],[94.0979,26.5733],[94.1011,26.5747],[94.0996,26.5767],[94.0872,26.5804],[94.0888,26.5772],[94.0847,26.5781],[94.0861,26.5749],[94.0805,26.5776],[94.0781,26.5744],[94.0761,26.5768],[94.0801,26.5785],[94.0769,26.58],[94.0768,26.5857],[94.0808,26.5831],[94.0825,26.5849],[94.0789,26.5893],[94.0761,26.5883],[94.0751,26.5904],[94.0719,26.5886],[94.07,26.5913],[94.0724,26.5929],[94.0689,26.5943],[94.0717,26.5995],[94.0735,26.5979],[94.0769,26.6013],[94.075,26.6031],[94.0797,26.6032],[94.085,26.6071],[94.0863,26.6104],[94.083,26.6092],[94.0775,26.6145],[94.0804,26.6158],[94.0794,26.6177],[94.0825,26.615],[94.0826,26.619],[94.088,26.62],[94.0863,26.6215],[94.0882,26.6241],[94.0831,26.6282],[94.0946,26.6279],[94.0961,26.6308],[94.094,26.6372],[94.0982,26.6378],[94.0936,26.6398],[94.0978,26.6419],[94.0914,26.6489],[94.0897,26.6469],[94.0858,26.6485],[94.0864,26.6573],[94.0824,26.6616],[94.0795,26.6584],[94.0775,26.6618],[94.0727,26.6609],[94.0722,26.6644],[94.0683,26.6608],[94.067,26.6634],[94.07,26.6663],[94.0663,26.6682],[94.0637,26.6637],[94.0573,26.6671],[94.0587,26.6652],[94.0567,26.663],[94.0561,26.6672],[94.0528,26.6679],[94.0542,26.6701],[94.0568,26.6689],[94.0523,26.673],[94.0539,26.679],[94.0501,26.6788],[94.0515,26.6758],[94.0476,26.6744],[94.0454,26.6814],[94.0434,26.681],[94.0451,26.6835],[94.0492,26.6827],[94.0487,26.6879],[94.0434,26.6874],[94.0466,26.6947],[94.0422,26.6943],[94.0407,26.6974],[94.0439,26.6976],[94.0427,26.7027],[94.0406,26.7024],[94.0404,26.7092],[94.0359,26.7097],[94.0441,26.7131],[94.041,26.7153],[94.0416,26.7207],[94.0383,26.7214],[94.046,26.725],[94.0436,26.7268],[94.0461,26.7297],[94.0421,26.7284],[94.041,26.7301],[94.0462,26.7386],[94.0404,26.7364],[94.0371,26.7385],[94.0386,26.7423],[94.0349,26.7375],[94.0298,26.7425],[94.0279,26.7394],[94.0208,26.7392],[94.0249,26.743],[94.0203,26.7472],[94.0047,26.7443],[94.0005,26.7467],[94.0009,26.7603],[93.9975,26.7662],[93.9724,26.7672],[93.9722,26.7791],[93.9875,26.7866],[93.9733,26.7961],[93.9802,26.8106],[93.9853,26.8176],[93.9966,26.8223],[94.0084,26.8343],[93.9983,26.8718],[93.9907,26.8681],[93.9734,26.8733],[93.9705,26.8777],[93.9727,26.8813],[93.9567,26.8921],[93.9644,26.8999],[93.9674,26.907],[93.9623,26.9268],[93.9376,26.9303]]]},"properties":{"dtname":"Golaghat","stname":"ASSAM","stcode11":"18","dtcode11":"313","year_stat":"2011_c","Shape_Length":696715.3258013577,"Shape_Area":4415103604.893862,"OBJECTID":263,"test":0,"Dist_LGD":288,"State_LGD":18}},{"type":"Feature","id":270,"geometry":{"type":"Polygon","coordinates":[[[92.3648,26.9321],[92.3631,26.9346],[92.3026,26.9227],[92.3029,26.9072],[92.276,26.9021],[92.2551,26.9097],[92.238,26.9059],[92.1947,26.8901],[92.1698,26.8918],[92.12,26.8891],[92.114,26.8939],[92.1017,26.8814],[92.1024,26.8673],[92.0562,26.8467],[92.0166,26.8504],[91.9836,26.8579],[91.9705,26.8704],[91.9643,26.8821],[91.9437,26.8948],[91.893,26.9187],[91.8594,26.9132],[91.8242,26.8639],[91.7207,26.8119],[91.7043,26.8128],[91.7131,26.7856],[91.7126,26.7741],[91.717,26.7558],[91.7351,26.7272],[91.7331,26.7149],[91.7426,26.7007],[91.7377,26.6934],[91.7455,26.688],[91.7427,26.6758],[91.7406,26.6761],[91.7427,26.6739],[91.7404,26.6735],[91.7433,26.6721],[91.7415,26.6698],[91.7357,26.6701],[91.7331,26.6609],[91.7353,26.6598],[91.7328,26.6564],[91.7402,26.6539],[91.7418,26.6495],[91.7397,26.6481],[91.7469,26.6496],[91.7489,26.6466],[91.7389,26.6405],[91.739,26.6381],[91.7503,26.6362],[91.7477,26.6321],[91.7361,26.6326],[91.7331,26.6302],[91.7371,26.6276],[91.7449,26.6288],[91.7464,26.6269],[91.7437,26.6246],[91.7432,26.6198],[91.7395,26.6176],[91.7404,26.6136],[91.7444,26.6123],[91.7372,26.605],[91.7411,26.6015],[91.7493,26.6068],[91.7516,26.605],[91.751,26.6008],[91.7433,26.5932],[91.7504,26.5869],[91.7536,26.5879],[91.7568,26.5934],[91.76,26.5951],[91.7626,26.5937],[91.7601,26.5855],[91.749,26.5812],[91.752,26.5776],[91.7596,26.5776],[91.7665,26.5734],[91.7641,26.5657],[91.7728,26.559],[91.7736,26.551],[91.7803,26.5493],[91.7784,26.5435],[91.7854,26.5356],[91.7842,26.5338],[91.7805,26.5345],[91.7756,26.5287],[91.7769,26.5265],[91.7838,26.5297],[91.7843,26.5275],[91.7821,26.5245],[91.7776,26.5249],[91.7758,26.5228],[91.7853,26.519],[91.7779,26.5127],[91.7882,26.5121],[91.7886,26.5104],[91.7998,26.5129],[91.7997,26.5058],[91.8172,26.5055],[91.8191,26.5066],[91.8182,26.5118],[91.8332,26.5153],[91.8327,26.5256],[91.8272,26.5369],[91.8276,26.545],[91.8241,26.5463],[91.812,26.5396],[91.8098,26.544],[91.8129,26.5438],[91.811,26.5534],[91.813,26.5594],[91.8224,26.5614],[91.8286,26.5605],[91.83,26.5581],[91.8314,26.5712],[91.8209,26.5721],[91.8292,26.586],[91.8374,26.5862],[91.8358,26.5773],[91.8378,26.5746],[91.8499,26.573],[91.8499,26.5679],[91.8467,26.5669],[91.8503,26.5659],[91.8484,26.5631],[91.8501,26.5579],[91.8555,26.5522],[91.8555,26.5489],[91.8529,26.5486],[91.8541,26.5384],[91.8647,26.5375],[91.8699,26.5318],[91.879,26.5338],[91.8798,26.5377],[91.8843,26.5385],[91.8888,26.5509],[91.8936,26.5531],[91.8925,26.5618],[91.8967,26.5696],[91.9219,26.5676],[91.922,26.5577],[91.9252,26.5576],[91.9238,26.547],[91.9279,26.5451],[91.9259,26.5417],[91.9279,26.5373],[91.9518,26.5443],[91.9539,26.5415],[91.965,26.5399],[91.9665,26.5427],[91.9606,26.5455],[91.9588,26.5517],[91.9645,26.5522],[91.9647,26.5554],[91.9701,26.5561],[91.9725,26.5562],[91.9751,26.5519],[91.9801,26.5565],[91.9855,26.5493],[91.9848,26.5546],[91.9903,26.5551],[91.9946,26.5399],[92.005,26.5346],[92.0131,26.5365],[92.0091,26.5416],[92.0036,26.5435],[92.0073,26.5443],[92.012,26.5414],[92.0282,26.5422],[92.0272,26.5305],[92.0188,26.5276],[92.0194,26.5219],[92.0224,26.5205],[92.0226,26.5243],[92.0263,26.5265],[92.0294,26.5258],[92.0293,26.5226],[92.0345,26.5243],[92.0314,26.5138],[92.0251,26.5089],[92.0276,26.5069],[92.0409,26.51],[92.0402,26.5],[92.0436,26.4951],[92.0381,26.4943],[92.0384,26.4857],[92.0415,26.4844],[92.0421,26.4806],[92.0505,26.4754],[92.0497,26.481],[92.0534,26.4854],[92.0531,26.4889],[92.0587,26.4882],[92.061,26.4977],[92.0613,26.5],[92.0561,26.5001],[92.0567,26.5091],[92.0685,26.5101],[92.0684,26.5451],[92.0701,26.5465],[92.074,26.5431],[92.0817,26.5423],[92.0943,26.5494],[92.0915,26.5523],[92.0927,26.5541],[92.1071,26.5521],[92.1084,26.5554],[92.1018,26.5612],[92.1087,26.5703],[92.1013,26.5763],[92.1007,26.5793],[92.0891,26.5749],[92.0867,26.5759],[92.0795,26.5893],[92.0625,26.5873],[92.0606,26.5756],[92.0625,26.5747],[92.0568,26.5469],[92.0545,26.5441],[92.0474,26.5484],[92.0413,26.5483],[92.0419,26.5505],[92.03,26.55],[92.0311,26.5475],[92.0285,26.5459],[92.0257,26.5543],[92.0094,26.5551],[92.0059,26.5596],[92.0064,26.564],[92.002,26.5715],[92.0141,26.5753],[92.0145,26.578],[92.0096,26.5899],[92.0216,26.5882],[92.0332,26.5927],[92.0327,26.5961],[92.0367,26.6006],[92.0334,26.6053],[92.0294,26.6052],[92.0255,26.6095],[92.0386,26.6091],[92.0373,26.6204],[92.0457,26.6205],[92.0465,26.6245],[92.0704,26.6245],[92.0717,26.6343],[92.069,26.6401],[92.0727,26.6469],[92.1027,26.6477],[92.1095,26.6418],[92.1215,26.6437],[92.1238,26.6491],[92.1186,26.6526],[92.1468,26.6593],[92.1588,26.666],[92.1812,26.6702],[92.183,26.6595],[92.1769,26.6514],[92.1843,26.6448],[92.1899,26.6517],[92.196,26.6457],[92.1999,26.6516],[92.2021,26.6513],[92.2051,26.6407],[92.1945,26.6392],[92.1937,26.6349],[92.2055,26.6316],[92.2044,26.6278],[92.2072,26.6252],[92.2203,26.6282],[92.2254,26.6173],[92.2242,26.6099],[92.2289,26.6098],[92.2346,26.597],[92.2271,26.5939],[92.2265,26.5765],[92.2339,26.5683],[92.2266,26.5645],[92.2247,26.5536],[92.2306,26.5487],[92.2419,26.5584],[92.2439,26.5629],[92.2544,26.5607],[92.2582,26.5667],[92.2647,26.5706],[92.2527,26.5739],[92.2489,26.5794],[92.2486,26.5856],[92.244,26.5895],[92.2482,26.6005],[92.2432,26.6008],[92.2422,26.6032],[92.2467,26.6064],[92.2475,26.6102],[92.2732,26.6163],[92.2706,26.6269],[92.2732,26.6335],[92.2711,26.6491],[92.2746,26.6505],[92.2758,26.6575],[92.2858,26.6553],[92.2896,26.6509],[92.2948,26.6339],[92.2942,26.622],[92.3143,26.6241],[92.314,26.6191],[92.3062,26.6131],[92.3119,26.6072],[92.3198,26.6071],[92.3207,26.6134],[92.3282,26.6117],[92.3265,26.6193],[92.3309,26.6234],[92.3348,26.622],[92.3318,26.6063],[92.3428,26.6009],[92.3443,26.5978],[92.3254,26.5967],[92.3245,26.5917],[92.3272,26.5874],[92.346,26.5816],[92.3576,26.5885],[92.3616,26.5862],[92.3606,26.5823],[92.3625,26.5828],[92.3642,26.5948],[92.357,26.598],[92.3538,26.6025],[92.3574,26.6118],[92.3758,26.6136],[92.3758,26.6294],[92.3954,26.627],[92.4017,26.635],[92.4003,26.642],[92.3901,26.6418],[92.3883,26.6487],[92.38,26.6428],[92.3787,26.6473],[92.3758,26.6485],[92.3689,26.6473],[92.3631,26.6432],[92.3648,26.6563],[92.363,26.6607],[92.3666,26.6749],[92.3641,26.6982],[92.3508,26.6986],[92.3493,26.6911],[92.3445,26.6928],[92.353,26.6868],[92.3505,26.682],[92.3489,26.6642],[92.3315,26.6627],[92.3365,26.6817],[92.3334,26.6864],[92.3388,26.691],[92.3324,26.6944],[92.3349,26.7009],[92.3442,26.7016],[92.3463,26.7051],[92.3387,26.7077],[92.3432,26.7133],[92.3351,26.7123],[92.3383,26.7174],[92.3318,26.7219],[92.3399,26.7237],[92.3419,26.7292],[92.332,26.7252],[92.3314,26.7271],[92.3374,26.7331],[92.3235,26.7398],[92.3342,26.7421],[92.3306,26.7454],[92.328,26.7569],[92.3365,26.7658],[92.3317,26.7648],[92.3287,26.7716],[92.3403,26.7712],[92.3348,26.775],[92.3343,26.7828],[92.3389,26.7868],[92.3319,26.7897],[92.3346,26.7936],[92.3276,26.803],[92.3288,26.806],[92.335,26.8093],[92.3337,26.8116],[92.3302,26.8105],[92.3279,26.8123],[92.3341,26.8152],[92.3309,26.8199],[92.3363,26.8225],[92.3343,26.825],[92.3358,26.8286],[92.3315,26.8312],[92.3329,26.842],[92.3355,26.8458],[92.3398,26.8469],[92.3399,26.851],[92.3429,26.8518],[92.3412,26.8566],[92.3451,26.862],[92.3428,26.8646],[92.3427,26.8826],[92.3464,26.8903],[92.3497,26.9118],[92.3577,26.9258],[92.3648,26.9321]]]},"properties":{"dtname":"Udalguri","stname":"ASSAM","stcode11":"18","dtcode11":"326","year_stat":"2011_c","Shape_Length":488761.7335511136,"Shape_Area":2536327316.3051887,"OBJECTID":270,"test":1,"Dist_LGD":617,"State_LGD":18}},{"type":"Feature","id":274,"geometry":{"type":"Polygon","coordinates":[[[90.4178,26.9045],[90.3557,26.9008],[90.3523,26.8918],[90.3474,26.8885],[90.3479,26.8753],[90.3364,26.869],[90.3359,26.8628],[90.3364,26.8451],[90.3452,26.8058],[90.3522,26.7925],[90.3554,26.7718],[90.3645,26.7574],[90.369,26.7332],[90.3771,26.7176],[90.3741,26.6958],[90.3677,26.6895],[90.3569,26.6574],[90.3508,26.6509],[90.3469,26.6415],[90.3573,26.6314],[90.3552,26.6216],[90.3578,26.6167],[90.354,26.6098],[90.3563,26.6027],[90.3624,26.599],[90.3587,26.5942],[90.3664,26.5821],[90.3641,26.5781],[90.3592,26.5768],[90.355,26.57],[90.3609,26.5679],[90.3626,26.5526],[90.3714,26.5444],[90.3888,26.542],[90.3877,26.5353],[90.3809,26.5344],[90.3822,26.5289],[90.386,26.5235],[90.3914,26.5212],[90.3915,26.5145],[90.4036,26.5118],[90.3979,26.5118],[90.3933,26.5032],[90.4079,26.5031],[90.4092,26.4899],[90.4033,26.4895],[90.3936,26.4938],[90.3898,26.492],[90.3863,26.4853],[90.3897,26.4803],[90.3892,26.4772],[90.4051,26.4753],[90.4024,26.4718],[90.4032,26.4641],[90.3997,26.4463],[90.4018,26.4437],[90.4052,26.442],[90.4188,26.4488],[90.4289,26.4489],[90.4372,26.4611],[90.4472,26.4528],[90.4598,26.453],[90.4632,26.4647],[90.4771,26.4626],[90.4766,26.4546],[90.4615,26.4507],[90.4563,26.4327],[90.4632,26.431],[90.4633,26.4257],[90.4594,26.4192],[90.4601,26.4107],[90.4718,26.4061],[90.468,26.3989],[90.4741,26.3943],[90.4739,26.3895],[90.4766,26.3856],[90.4809,26.3895],[90.4785,26.3908],[90.4814,26.4019],[90.4783,26.4093],[90.4809,26.4206],[90.4853,26.4179],[90.4929,26.4193],[90.497,26.4301],[90.5042,26.4263],[90.5098,26.4489],[90.5057,26.4555],[90.4982,26.4595],[90.5044,26.4677],[90.5034,26.4717],[90.5122,26.4972],[90.5101,26.5005],[90.5196,26.5093],[90.5474,26.4978],[90.571,26.4968],[90.5753,26.4989],[90.5899,26.4899],[90.5971,26.4935],[90.5997,26.4907],[90.6019,26.4914],[90.6023,26.4974],[90.6044,26.4982],[90.5905,26.5045],[90.589,26.5116],[90.5945,26.5126],[90.5973,26.5104],[90.6012,26.5164],[90.6111,26.5153],[90.6236,26.5078],[90.6208,26.4936],[90.6498,26.5007],[90.6823,26.4991],[90.6782,26.4894],[90.6857,26.4818],[90.7057,26.4831],[90.717,26.4792],[90.7133,26.4705],[90.7162,26.4576],[90.7102,26.4516],[90.7163,26.4456],[90.7282,26.4463],[90.7357,26.4419],[90.7416,26.4448],[90.7388,26.4466],[90.7448,26.4656],[90.7311,26.4718],[90.7327,26.4774],[90.7311,26.4829],[90.7458,26.4885],[90.7592,26.483],[90.7663,26.4856],[90.7775,26.5049],[90.7761,26.5079],[90.7608,26.5076],[90.7575,26.5147],[90.7616,26.5194],[90.7716,26.5216],[90.7747,26.5305],[90.7871,26.5276],[90.7876,26.5176],[90.8011,26.5224],[90.8372,26.5235],[90.8432,26.5321],[90.8516,26.5273],[90.8538,26.5291],[90.852,26.5302],[90.8551,26.5329],[90.8533,26.5356],[90.8476,26.5342],[90.8419,26.538],[90.8319,26.5392],[90.8312,26.5426],[90.8284,26.5436],[90.8279,26.5571],[90.8232,26.5609],[90.8418,26.5635],[90.8525,26.5675],[90.8573,26.5672],[90.8633,26.5627],[90.8764,26.5633],[90.87,26.5798],[90.8756,26.5836],[90.8801,26.583],[90.8849,26.5874],[90.8864,26.5909],[90.8844,26.5939],[90.9008,26.5987],[90.896,26.6026],[90.8945,26.6274],[90.901,26.6354],[90.9005,26.6479],[90.9026,26.6536],[90.8994,26.6642],[90.8951,26.6644],[90.8955,26.6731],[90.9015,26.681],[90.8989,26.6888],[90.9076,26.6956],[90.9163,26.712],[90.9134,26.72],[90.9148,26.729],[90.9227,26.7414],[90.9281,26.7449],[90.9438,26.7757],[90.9571,26.7817],[90.9567,26.7878],[90.8169,26.7763],[90.7422,26.7751],[90.717,26.7684],[90.6931,26.7708],[90.6758,26.7844],[90.6464,26.7768],[90.6342,26.7941],[90.5843,26.804],[90.5464,26.8168],[90.4178,26.9045]]]},"properties":{"dtname":"Chirang","stname":"ASSAM","stcode11":"18","dtcode11":"320","year_stat":"2011_c","Shape_Length":316624.7210996042,"Shape_Area":2421100451.122434,"OBJECTID":274,"test":0,"Dist_LGD":612,"State_LGD":18}},{"type":"Feature","id":276,"geometry":{"type":"Polygon","coordinates":[[[91.4082,26.8399],[91.3762,26.7954],[91.3373,26.7806],[91.2967,26.7872],[91.2775,26.8003],[91.2368,26.812],[91.1926,26.8134],[91.1463,26.8111],[91.0976,26.8221],[91.0541,26.7808],[90.9917,26.7908],[90.9598,26.7848],[90.9438,26.7757],[90.9281,26.7449],[90.9227,26.7414],[90.9143,26.7279],[90.9134,26.72],[90.9163,26.712],[90.9076,26.6956],[90.8989,26.6888],[90.9015,26.681],[90.8955,26.6731],[90.8951,26.6644],[90.8994,26.6642],[90.9026,26.6536],[90.9005,26.6479],[90.901,26.6354],[90.8945,26.6274],[90.896,26.6026],[90.901,26.5992],[90.8844,26.5939],[90.8864,26.5909],[90.8849,26.5874],[90.8801,26.583],[90.8721,26.582],[90.8695,26.5775],[90.8729,26.5757],[90.8713,26.5734],[90.8749,26.5708],[90.8778,26.5574],[90.8913,26.5521],[90.8958,26.5561],[90.9032,26.5733],[90.9117,26.5787],[90.9257,26.5757],[90.921,26.5673],[90.9212,26.5596],[90.9239,26.556],[90.9318,26.5548],[90.9342,26.5607],[90.935,26.5841],[90.9635,26.5832],[90.9654,26.5848],[90.9634,26.5986],[90.9666,26.5994],[90.968,26.5904],[90.9891,26.5906],[90.9909,26.601],[90.9949,26.6008],[90.996,26.5714],[90.9853,26.5755],[90.9858,26.5544],[90.9812,26.5546],[90.9823,26.5407],[90.9767,26.5398],[90.9769,26.4996],[90.9694,26.4973],[90.969,26.4908],[90.9623,26.4923],[90.96,26.4904],[90.9507,26.4904],[90.9511,26.4842],[90.9475,26.4854],[90.9472,26.4799],[90.9425,26.4772],[90.933,26.4778],[90.9362,26.4712],[90.9494,26.4729],[90.953,26.471],[90.9552,26.4639],[90.9505,26.4605],[90.9455,26.4618],[90.9521,26.4571],[90.9553,26.4617],[90.973,26.4612],[90.9725,26.4564],[90.9621,26.4578],[90.9611,26.4443],[90.9623,26.4398],[90.9755,26.4402],[90.9756,26.4366],[90.9698,26.4288],[90.9781,26.4283],[90.9825,26.4309],[90.9817,26.4163],[91.0036,26.422],[90.9969,26.4353],[91.0098,26.4351],[91.0099,26.4404],[91.0142,26.4457],[91.0054,26.4487],[91.0066,26.4559],[91.0011,26.4616],[91.0012,26.4668],[90.9966,26.47],[91.0004,26.4908],[90.9984,26.4998],[90.9942,26.5048],[90.998,26.5147],[90.9967,26.5179],[90.9911,26.5181],[90.991,26.524],[90.9987,26.5246],[91.0006,26.5301],[91.0054,26.5316],[91.0385,26.5282],[91.052,26.5294],[91.0565,26.5277],[91.054,26.5234],[91.059,26.5162],[91.0719,26.5162],[91.0733,26.5335],[91.0816,26.5335],[91.0808,26.5563],[91.0959,26.5624],[91.1099,26.5612],[91.1089,26.5665],[91.1056,26.5656],[91.1047,26.5675],[91.1098,26.5713],[91.1183,26.5728],[91.1218,26.5827],[91.1133,26.584],[91.118,26.5921],[91.1256,26.5936],[91.1236,26.5996],[91.1264,26.6047],[91.1291,26.6047],[91.1285,26.5992],[91.1311,26.5976],[91.1423,26.6009],[91.1388,26.6014],[91.1432,26.6039],[91.1391,26.6077],[91.1413,26.6086],[91.1406,26.6116],[91.1228,26.6118],[91.1229,26.6161],[91.1173,26.6195],[91.1163,26.6321],[91.1051,26.6324],[91.0978,26.629],[91.095,26.6392],[91.1126,26.6376],[91.1127,26.6515],[91.0953,26.6523],[91.0974,26.6654],[91.1023,26.6616],[91.1274,26.6588],[91.1275,26.6501],[91.1395,26.6506],[91.1407,26.6615],[91.1451,26.6631],[91.1577,26.6515],[91.1549,26.6496],[91.1557,26.6454],[91.1507,26.6431],[91.1514,26.6389],[91.161,26.6386],[91.1618,26.6301],[91.1685,26.6276],[91.1864,26.6277],[91.1851,26.625],[91.1766,26.6229],[91.1868,26.622],[91.1821,26.6157],[91.181,26.6077],[91.1844,26.6044],[91.1986,26.6039],[91.1978,26.623],[91.2147,26.6199],[91.2164,26.6221],[91.2191,26.6195],[91.2263,26.624],[91.2302,26.6236],[91.2303,26.6147],[91.2485,26.6194],[91.2475,26.6078],[91.2391,26.6099],[91.2334,26.6076],[91.234,26.5969],[91.2377,26.5931],[91.2375,26.5773],[91.2432,26.5753],[91.246,26.5788],[91.2508,26.5783],[91.2518,26.587],[91.2691,26.5844],[91.2673,26.5749],[91.2586,26.577],[91.2584,26.5706],[91.2658,26.567],[91.2755,26.5662],[91.2764,26.5693],[91.2892,26.5677],[91.2901,26.5644],[91.2843,26.5655],[91.2802,26.5575],[91.2759,26.5568],[91.2764,26.5548],[91.2715,26.5505],[91.2677,26.5529],[91.2707,26.5477],[91.2665,26.5492],[91.2658,26.5446],[91.2622,26.5455],[91.2581,26.5431],[91.259,26.5394],[91.2556,26.5422],[91.2512,26.5376],[91.2479,26.5384],[91.2487,26.5291],[91.2439,26.5239],[91.259,26.5204],[91.2637,26.5216],[91.2627,26.5251],[91.2663,26.535],[91.2726,26.5345],[91.2753,26.5412],[91.2968,26.5463],[91.305,26.5364],[91.3068,26.5305],[91.3108,26.5286],[91.3112,26.5249],[91.3061,26.523],[91.3104,26.521],[91.3115,26.5169],[91.2894,26.5154],[91.2902,26.511],[91.2842,26.5026],[91.292,26.5031],[91.3023,26.5001],[91.3022,26.4976],[91.296,26.4941],[91.2946,26.4882],[91.2968,26.4849],[91.3106,26.4853],[91.3126,26.4901],[91.328,26.4904],[91.3347,26.5005],[91.3415,26.4998],[91.3439,26.5082],[91.3554,26.5108],[91.3527,26.524],[91.3867,26.5265],[91.4598,26.5427],[91.4557,26.5487],[91.4289,26.5493],[91.4319,26.5509],[91.426,26.5533],[91.4312,26.5563],[91.4343,26.5634],[91.4677,26.5626],[91.4707,26.5647],[91.4712,26.5688],[91.4758,26.5709],[91.4913,26.5611],[91.4917,26.5544],[91.4947,26.5539],[91.4944,26.5338],[91.5064,26.5324],[91.5121,26.5335],[91.5115,26.5368],[91.5168,26.537],[91.5149,26.5402],[91.5186,26.5441],[91.5251,26.5447],[91.5268,26.5489],[91.5254,26.5524],[91.5305,26.5537],[91.5283,26.5587],[91.5774,26.5723],[91.5833,26.5685],[91.5794,26.563],[91.5838,26.563],[91.5848,26.5559],[91.5741,26.5554],[91.5792,26.5498],[91.5802,26.5396],[91.5781,26.5289],[91.5806,26.531],[91.5887,26.5268],[91.5896,26.5145],[91.5992,26.5167],[91.6,26.5128],[91.6196,26.5128],[91.6181,26.5059],[91.6201,26.5044],[91.6139,26.5031],[91.6155,26.5004],[91.6119,26.4949],[91.6187,26.4939],[91.6148,26.4891],[91.6163,26.4857],[91.6166,26.4892],[91.6205,26.4887],[91.6254,26.4934],[91.6286,26.4934],[91.6232,26.4886],[91.6293,26.4862],[91.6263,26.4835],[91.6229,26.4844],[91.6204,26.4797],[91.6232,26.4757],[91.6282,26.4809],[91.6266,26.4709],[91.6211,26.4745],[91.618,26.4687],[91.6213,26.4695],[91.6243,26.4647],[91.6293,26.4649],[91.6246,26.4603],[91.6243,26.4568],[91.6266,26.4562],[91.6291,26.4609],[91.6291,26.4552],[91.6321,26.4511],[91.6256,26.4495],[91.6251,26.4472],[91.6301,26.4463],[91.6358,26.4498],[91.6767,26.4484],[91.676,26.4546],[91.6857,26.455],[91.6891,26.4638],[91.7099,26.4733],[91.7098,26.4789],[91.7104,26.477],[91.7201,26.477],[91.7164,26.4823],[91.7187,26.4918],[91.7263,26.4959],[91.7249,26.5031],[91.7378,26.5018],[91.7345,26.4964],[91.7479,26.4966],[91.7543,26.4944],[91.7513,26.4882],[91.7523,26.4816],[91.7605,26.4825],[91.7629,26.48],[91.7799,26.4818],[91.7791,26.4796],[91.7879,26.4753],[91.7998,26.4771],[91.8017,26.4898],[91.7873,26.4923],[91.7807,26.4964],[91.7873,26.498],[91.7839,26.5017],[91.7822,26.51],[91.7778,26.5128],[91.7853,26.519],[91.7758,26.5228],[91.7776,26.5249],[91.7821,26.5245],[91.7843,26.5275],[91.7838,26.5297],[91.7769,26.5265],[91.7756,26.5287],[91.7805,26.5345],[91.7842,26.5338],[91.7854,26.5356],[91.7784,26.5435],[91.7802,26.5495],[91.7736,26.551],[91.7728,26.559],[91.7641,26.5657],[91.7665,26.5734],[91.7596,26.5776],[91.752,26.5776],[91.7492,26.5805],[91.7523,26.584],[91.7601,26.5855],[91.7626,26.5937],[91.76,26.5951],[91.7568,26.5934],[91.7536,26.5879],[91.7504,26.5869],[91.7433,26.5932],[91.751,26.6008],[91.7516,26.605],[91.7493,26.6068],[91.7414,26.6015],[91.7374,26.6042],[91.7444,26.6123],[91.7404,26.6136],[91.7395,26.6176],[91.7432,26.6198],[91.7437,26.6246],[91.7464,26.6269],[91.7449,26.6288],[91.7371,26.6276],[91.7331,26.6302],[91.7361,26.6326],[91.7477,26.6321],[91.7503,26.6362],[91.739,26.6381],[91.7389,26.6405],[91.7489,26.6466],[91.7469,26.6496],[91.7397,26.6481],[91.7417,26.6516],[91.733,26.6561],[91.7354,26.66],[91.7332,26.6617],[91.7357,26.6701],[91.7415,26.6698],[91.7433,26.6721],[91.7404,26.6735],[91.7427,26.6739],[91.7406,26.6761],[91.7427,26.6758],[91.7455,26.688],[91.7377,26.6934],[91.7426,26.7007],[91.7331,26.7149],[91.7351,26.7272],[91.717,26.7558],[91.7126,26.7741],[91.7131,26.7856],[91.7043,26.8128],[91.6901,26.8068],[91.6259,26.821],[91.593,26.8052],[91.4952,26.7912],[91.4643,26.8024],[91.4493,26.8107],[91.4082,26.8399]]]},"properties":{"dtname":"Baksa","stname":"ASSAM","stcode11":"18","dtcode11":"324","year_stat":"2011_c","Shape_Length":556608.5561086739,"Shape_Area":3055675975.2659583,"OBJECTID":276,"test":1,"Dist_LGD":616,"State_LGD":18}},{"type":"Feature","id":278,"geometry":{"type":"Polygon","coordinates":[[[93.3051,26.6964],[93.304,26.7003],[93.2907,26.6974],[93.2848,26.6908],[93.2858,26.6889],[93.2674,26.6837],[93.2615,26.6831],[93.2507,26.6872],[93.2417,26.6838],[93.2266,26.6605],[93.2246,26.6407],[93.2198,26.631],[93.1676,26.612],[93.1603,26.6014],[93.1493,26.5937],[93.1099,26.5779],[93.095,26.5776],[93.0712,26.5979],[93.0555,26.5949],[93.0335,26.5981],[93.0138,26.5976],[92.9961,26.6041],[92.9967,26.6109],[92.9931,26.6136],[92.9848,26.6143],[92.9785,26.6182],[92.9549,26.6183],[92.9512,26.6203],[92.935,26.6158],[92.917,26.5949],[92.8929,26.5957],[92.8692,26.5816],[92.8555,26.585],[92.8421,26.5844],[92.7947,26.557],[92.7715,26.5558],[92.767,26.5468],[92.7646,26.5327],[92.7564,26.5248],[92.7571,26.5149],[92.7509,26.5113],[92.746,26.5112],[92.7288,26.5178],[92.7251,26.5231],[92.7261,26.5326],[92.7216,26.5363],[92.7066,26.5304],[92.6887,26.51],[92.6769,26.5115],[92.6631,26.5223],[92.6514,26.5174],[92.6308,26.5178],[92.5888,26.5059],[92.5907,26.5012],[92.5759,26.4997],[92.5623,26.5066],[92.5486,26.5055],[92.5226,26.5081],[92.4929,26.502],[92.478,26.4957],[92.4675,26.4962],[92.4581,26.4995],[92.4529,26.514],[92.4475,26.5177],[92.4366,26.5202],[92.419,26.517],[92.4169,26.4988],[92.422,26.4878],[92.4198,26.4789],[92.4285,26.4765],[92.4264,26.4715],[92.4365,26.4551],[92.4411,26.4518],[92.439,26.443],[92.4419,26.4363],[92.4281,26.4277],[92.4272,26.419],[92.4251,26.4178],[92.4275,26.4171],[92.4243,26.4136],[92.4294,26.4108],[92.434,26.413],[92.4312,26.3988],[92.4334,26.3986],[92.4335,26.3902],[92.4414,26.3891],[92.4407,26.3702],[92.4456,26.3676],[92.4559,26.373],[92.4699,26.3743],[92.4846,26.3681],[92.4859,26.3634],[92.4877,26.367],[92.4943,26.3704],[92.4939,26.3745],[92.5016,26.3778],[92.5028,26.3821],[92.5052,26.3809],[92.5038,26.3732],[92.5066,26.3718],[92.5091,26.3773],[92.5265,26.3771],[92.5281,26.3735],[92.5452,26.3825],[92.5515,26.3821],[92.5533,26.3751],[92.5669,26.3721],[92.5636,26.3601],[92.5682,26.3378],[92.5656,26.3331],[92.5616,26.3329],[92.5601,26.3211],[92.5526,26.3083],[92.5198,26.2807],[92.5041,26.273],[92.4969,26.2721],[92.4935,26.2745],[92.4852,26.2747],[92.4523,26.273],[92.4257,26.2666],[92.4241,26.2697],[92.4192,26.2701],[92.4111,26.2471],[92.4078,26.2441],[92.4174,26.2406],[92.4254,26.2319],[92.4294,26.2177],[92.4286,26.194],[92.4309,26.1908],[92.4222,26.1748],[92.4169,26.1524],[92.4027,26.143],[92.3989,26.1374],[92.3996,26.1318],[92.4083,26.1257],[92.4006,26.1213],[92.3954,26.1136],[92.4073,26.1137],[92.4113,26.1117],[92.4144,26.1156],[92.4252,26.1071],[92.4274,26.0988],[92.4415,26.0955],[92.4494,26.1],[92.4539,26.1156],[92.4682,26.1179],[92.4789,26.1289],[92.4866,26.1494],[92.5013,26.1489],[92.5088,26.1412],[92.52,26.1513],[92.5193,26.1547],[92.5215,26.1553],[92.5227,26.1515],[92.526,26.1531],[92.5289,26.1508],[92.5176,26.116],[92.5197,26.1024],[92.5266,26.0985],[92.5307,26.1014],[92.5332,26.0961],[92.5364,26.0964],[92.5477,26.1107],[92.563,26.1157],[92.5725,26.1158],[92.5772,26.1065],[92.5746,26.0948],[92.5957,26.0807],[92.596,26.0709],[92.5842,26.0529],[92.5795,26.0332],[92.5815,26.0293],[92.5904,26.0277],[92.5944,26.0236],[92.5938,26.0214],[92.571,26.0144],[92.5662,26.0107],[92.5672,26.0019],[92.5592,25.9935],[92.546,25.9715],[92.5526,25.9654],[92.5603,25.9651],[92.5656,25.9616],[92.5755,25.9663],[92.5887,25.964],[92.5962,25.9782],[92.6005,25.9759],[92.6064,25.9785],[92.6113,25.9776],[92.6155,25.9841],[92.6207,25.9841],[92.633,25.9896],[92.6339,25.9943],[92.6372,25.9961],[92.6362,25.9989],[92.6555,26.0002],[92.6574,26.0079],[92.6544,26.0195],[92.6655,26.0237],[92.6669,26.0283],[92.6707,26.0287],[92.6728,26.0249],[92.6782,26.0271],[92.6789,26.0242],[92.6837,26.0277],[92.6901,26.0212],[92.6923,26.0227],[92.694,26.0207],[92.6949,26.0228],[92.6989,26.0199],[92.7038,26.0218],[92.7096,26.0175],[92.7108,26.0193],[92.7133,26.018],[92.7125,26.0217],[92.7149,26.0228],[92.7114,26.0259],[92.7165,26.0297],[92.7151,26.0327],[92.7168,26.0361],[92.7101,26.037],[92.712,26.0401],[92.7089,26.0452],[92.7174,26.0582],[92.7431,26.0614],[92.7536,26.0564],[92.7582,26.0617],[92.7509,26.0755],[92.7436,26.075],[92.7353,26.0699],[92.7324,26.0713],[92.7326,26.0763],[92.7392,26.0857],[92.7299,26.0895],[92.7407,26.0941],[92.7412,26.101],[92.7364,26.1041],[92.7273,26.1],[92.723,26.1009],[92.7314,26.1078],[92.7321,26.1153],[92.7172,26.1228],[92.7038,26.1252],[92.7025,26.1298],[92.7059,26.1422],[92.7141,26.1445],[92.7225,26.1509],[92.7273,26.1466],[92.7514,26.142],[92.7617,26.1571],[92.7602,26.1715],[92.7546,26.1759],[92.7555,26.1806],[92.7644,26.1864],[92.7785,26.1869],[92.7808,26.1918],[92.7761,26.1956],[92.7763,26.1996],[92.7858,26.1966],[92.802,26.2018],[92.794,26.205],[92.7955,26.2074],[92.7936,26.2194],[92.8152,26.214],[92.8271,26.2251],[92.8248,26.2298],[92.8151,26.233],[92.8163,26.2386],[92.8134,26.2397],[92.8128,26.2451],[92.8174,26.2607],[92.8139,26.2625],[92.8216,26.2662],[92.8185,26.2678],[92.8188,26.27],[92.8301,26.2738],[92.8332,26.2799],[92.8416,26.2838],[92.8401,26.2887],[92.8434,26.2882],[92.8447,26.2907],[92.8412,26.2932],[92.844,26.305],[92.8473,26.3059],[92.851,26.3027],[92.8527,26.3048],[92.8557,26.3025],[92.8488,26.2999],[92.8531,26.2979],[92.8543,26.2936],[92.8576,26.2956],[92.862,26.2928],[92.8663,26.2938],[92.8797,26.2837],[92.8836,26.2873],[92.8923,26.2884],[92.8943,26.3048],[92.8986,26.3089],[92.9136,26.3175],[92.918,26.317],[92.9175,26.3133],[92.9214,26.3131],[92.9431,26.3271],[92.9454,26.3317],[92.9451,26.3405],[92.9408,26.344],[92.9396,26.3531],[92.932,26.3507],[92.9278,26.3542],[92.9204,26.3556],[92.9094,26.3525],[92.9109,26.3548],[92.9087,26.3575],[92.9212,26.3685],[92.9168,26.3709],[92.9171,26.3734],[92.9258,26.3789],[92.9223,26.3793],[92.9211,26.3823],[92.9166,26.3766],[92.9171,26.3794],[92.909,26.3776],[92.9038,26.3805],[92.9082,26.3816],[92.9032,26.3854],[92.8995,26.3837],[92.8924,26.3734],[92.8897,26.3744],[92.8931,26.3819],[92.9002,26.3866],[92.8963,26.3868],[92.8854,26.3794],[92.882,26.38],[92.8833,26.3835],[92.8896,26.385],[92.8889,26.3883],[92.8918,26.3898],[92.8933,26.3864],[92.9019,26.4014],[92.9069,26.3998],[92.9058,26.3961],[92.9086,26.3957],[92.9107,26.3992],[92.9127,26.3927],[92.9206,26.3916],[92.9203,26.3966],[92.9261,26.3964],[92.9382,26.4038],[92.9497,26.3976],[92.9519,26.405],[92.9584,26.4083],[92.9656,26.4066],[92.9619,26.4131],[92.9696,26.4123],[92.9785,26.4205],[92.9826,26.4173],[92.9947,26.423],[93.0041,26.4246],[93.0193,26.4204],[93.0377,26.4309],[93.0437,26.4372],[93.0446,26.4345],[93.0483,26.4344],[93.056,26.4282],[93.0526,26.4255],[93.0557,26.4251],[93.0573,26.4217],[93.0526,26.4227],[93.0512,26.4192],[93.0488,26.4195],[93.0496,26.416],[93.0554,26.4195],[93.0567,26.4166],[93.061,26.4158],[93.0671,26.4231],[93.0691,26.4187],[93.0775,26.4191],[93.078,26.4249],[93.0809,26.4248],[93.0828,26.4288],[93.0917,26.4335],[93.0855,26.4319],[93.0841,26.4336],[93.0791,26.4283],[93.0674,26.4309],[93.0657,26.4333],[93.0689,26.4353],[93.0706,26.435],[93.0702,26.4315],[93.0739,26.4325],[93.0993,26.4457],[93.1056,26.4408],[93.0999,26.4398],[93.0954,26.436],[93.1003,26.437],[93.0992,26.433],[93.1184,26.4418],[93.1105,26.4415],[93.1087,26.4444],[93.1111,26.4474],[93.1056,26.4469],[93.1039,26.4488],[93.1109,26.4515],[93.1176,26.4583],[93.1254,26.4598],[93.1245,26.4634],[93.1284,26.4641],[93.121,26.4641],[93.121,26.4667],[93.1188,26.4666],[93.1201,26.469],[93.1146,26.4677],[93.1157,26.4696],[93.1104,26.471],[93.1313,26.4771],[93.1363,26.4843],[93.1274,26.4803],[93.127,26.486],[93.133,26.4896],[93.1248,26.4882],[93.1215,26.4924],[93.1253,26.4957],[93.1188,26.4923],[93.1245,26.483],[93.1196,26.4807],[93.1173,26.4852],[93.1117,26.4837],[93.1058,26.476],[93.0982,26.4729],[93.1027,26.4722],[93.1026,26.4695],[93.1082,26.4669],[93.1021,26.4644],[93.1025,26.46],[93.0967,26.4634],[93.0945,26.4609],[93.0893,26.4605],[93.0916,26.4651],[93.0904,26.4687],[93.0775,26.4712],[93.0761,26.4693],[93.0733,26.4727],[93.0739,26.4785],[93.0645,26.4793],[93.0661,26.4825],[93.0787,26.4885],[93.0817,26.493],[93.0913,26.4984],[93.0904,26.4999],[93.0871,26.5002],[93.0706,26.4913],[93.0703,26.4968],[93.0666,26.5002],[93.0686,26.4914],[93.0609,26.4905],[93.0601,26.4922],[93.0543,26.4889],[93.0472,26.4907],[93.0448,26.4866],[93.0357,26.4862],[93.0296,26.4841],[93.0266,26.4805],[93.0245,26.4828],[93.0142,26.4772],[93.0087,26.4811],[93.0065,26.4911],[93.0125,26.499],[93.0122,26.5066],[93.0252,26.5156],[93.0322,26.5154],[93.0326,26.5187],[93.0369,26.5182],[93.0393,26.5203],[93.0382,26.5255],[93.0422,26.5239],[93.0452,26.527],[93.0483,26.5259],[93.0462,26.5303],[93.0432,26.531],[93.0431,26.5352],[93.06,26.5447],[93.0773,26.5431],[93.0891,26.5446],[93.0959,26.5406],[93.1012,26.5428],[93.1035,26.5351],[93.111,26.53],[93.1159,26.5305],[93.1191,26.5336],[93.1171,26.5376],[93.1238,26.5379],[93.1336,26.5445],[93.1369,26.5519],[93.1415,26.5555],[93.1471,26.5558],[93.1509,26.5463],[93.1811,26.5644],[93.1913,26.567],[93.2033,26.5621],[93.2093,26.5639],[93.2097,26.5561],[93.2,26.5434],[93.19,26.5436],[93.1837,26.5391],[93.1805,26.5403],[93.18,26.5365],[93.175,26.5359],[93.1728,26.533],[93.1739,26.5309],[93.1694,26.5315],[93.1652,26.5266],[93.1595,26.526],[93.161,26.524],[93.1653,26.5239],[93.1906,26.5357],[93.1995,26.5334],[93.2098,26.5147],[93.2061,26.5075],[93.2029,26.5091],[93.201,26.5064],[93.2043,26.5055],[93.2005,26.5014],[93.2043,26.5013],[93.2123,26.5088],[93.2173,26.5074],[93.2174,26.5093],[93.2126,26.5111],[93.216,26.5143],[93.2119,26.5165],[93.2111,26.52],[93.2173,26.5226],[93.2116,26.524],[93.213,26.5296],[93.2166,26.5301],[93.2192,26.5363],[93.2299,26.5324],[93.2333,26.5357],[93.2446,26.5324],[93.2429,26.5298],[93.2458,26.5277],[93.2461,26.5235],[93.2634,26.5211],[93.2664,26.5156],[93.2698,26.5147],[93.2634,26.5089],[93.2705,26.5104],[93.2731,26.5086],[93.2722,26.5167],[93.2834,26.52],[93.2853,26.5159],[93.283,26.5138],[93.2895,26.5105],[93.2893,26.5064],[93.2924,26.5049],[93.2939,26.513],[93.2907,26.5131],[93.2868,26.5173],[93.2878,26.5206],[93.2812,26.5231],[93.281,26.5251],[93.2749,26.5217],[93.2692,26.5278],[93.2639,26.5273],[93.2755,26.5338],[93.2755,26.5363],[93.272,26.5377],[93.2735,26.5452],[93.2646,26.5336],[93.2566,26.5319],[93.2551,26.5346],[93.2614,26.5356],[93.2627,26.5378],[93.2513,26.5447],[93.2471,26.5449],[93.2565,26.5511],[93.2349,26.5536],[93.2429,26.5625],[93.2497,26.5653],[93.2512,26.5699],[93.2529,26.5678],[93.2699,26.5729],[93.2816,26.569],[93.2941,26.5784],[93.2977,26.5766],[93.3022,26.5804],[93.2914,26.5906],[93.2959,26.5991],[93.2965,26.6119],[93.2869,26.6372],[93.2978,26.6349],[93.3046,26.6367],[93.3109,26.6408],[93.3176,26.6505],[93.317,26.6576],[93.3067,26.6676],[93.3121,26.6773],[93.3169,26.6779],[93.3151,26.6866],[93.3051,26.6964]]]},"properties":{"dtname":"Nagaon","stname":"ASSAM","stcode11":"18","dtcode11":"305","year_stat":"2011_c","Shape_Length":678381.1209102101,"Shape_Area":3223842942.056193,"OBJECTID":278,"test":0,"Dist_LGD":297,"State_LGD":18}},{"type":"Feature","id":280,"geometry":{"type":"Polygon","coordinates":[[[90.3359,26.8628],[90.3364,26.869],[90.2999,26.8484],[90.2488,26.8595],[90.2308,26.8588],[90.2012,26.8354],[90.1877,26.8071],[90.1947,26.7737],[90.1279,26.7502],[90.0492,26.7304],[90.0081,26.7323],[89.9667,26.7235],[89.8976,26.7243],[89.8624,26.737],[89.8588,26.7349],[89.8639,26.7308],[89.8621,26.7151],[89.8652,26.7047],[89.8632,26.701],[89.8518,26.6972],[89.8633,26.6813],[89.8616,26.6714],[89.8629,26.6648],[89.8593,26.6554],[89.8664,26.6456],[89.8572,26.6338],[89.8497,26.6281],[89.8498,26.6231],[89.8549,26.6151],[89.8695,26.614],[89.8699,26.6023],[89.8655,26.592],[89.8663,26.5892],[89.8742,26.584],[89.8576,26.576],[89.8624,26.5538],[89.8571,26.5421],[89.8595,26.5326],[89.851,26.5208],[89.854,26.4996],[89.8498,26.4909],[89.8518,26.4869],[89.8577,26.4841],[89.861,26.4692],[89.868,26.4679],[89.8695,26.4639],[89.8672,26.4573],[89.869,26.4537],[89.8571,26.441],[89.8537,26.4341],[89.8554,26.4282],[89.8478,26.4229],[89.8563,26.413],[89.8345,26.4139],[89.8289,26.4041],[89.828,26.3946],[89.8309,26.3914],[89.838,26.3914],[89.8428,26.3951],[89.8462,26.4048],[89.8479,26.4037],[89.8552,26.3966],[89.8564,26.3843],[89.8491,26.3863],[89.843,26.3844],[89.8412,26.3794],[89.845,26.3727],[89.8511,26.3678],[89.8607,26.3691],[89.8665,26.3624],[89.8719,26.3645],[89.8757,26.3628],[89.8764,26.3555],[89.8692,26.3496],[89.9049,26.3364],[89.9057,26.3263],[89.8973,26.3236],[89.8922,26.3176],[89.8928,26.3141],[89.8901,26.3126],[89.8902,26.3143],[89.8871,26.3143],[89.8859,26.3108],[89.8796,26.3071],[89.8832,26.3056],[89.8846,26.2986],[89.8764,26.2819],[89.8699,26.2753],[89.8687,26.2661],[89.8707,26.2603],[89.8661,26.258],[89.8742,26.2474],[89.8682,26.2431],[89.8672,26.2395],[89.8587,26.2383],[89.8652,26.2377],[89.8697,26.2341],[89.8689,26.2287],[89.8619,26.2243],[89.86,26.22],[89.873,26.2021],[89.8709,26.1973],[89.8616,26.1933],[89.86,26.1881],[89.866,26.1848],[89.8717,26.1913],[89.8753,26.1891],[89.8698,26.1795],[89.872,26.1686],[89.8686,26.1498],[89.8723,26.1452],[89.8788,26.143],[89.8826,26.1357],[89.9086,26.1325],[89.9162,26.1164],[89.9117,26.1133],[89.903,26.1186],[89.901,26.1181],[89.9018,26.1162],[89.9133,26.1123],[89.9356,26.1169],[89.9408,26.127],[89.9382,26.1329],[89.9481,26.1285],[89.9669,26.127],[89.9779,26.1298],[89.9821,26.1366],[89.982,26.1334],[89.9974,26.1324],[90.0002,26.1302],[90.0,26.1262],[90.025,26.1268],[90.0334,26.1443],[90.0526,26.1556],[90.0638,26.1727],[90.0683,26.1751],[90.0697,26.1694],[90.0873,26.1862],[90.098,26.191],[90.1014,26.185],[90.1129,26.1916],[90.1125,26.1966],[90.1205,26.1993],[90.1256,26.1958],[90.1399,26.2012],[90.1521,26.209],[90.1521,26.2166],[90.1488,26.2165],[90.1474,26.22],[90.1416,26.2152],[90.1363,26.2155],[90.1357,26.2296],[90.1309,26.2342],[90.1218,26.2364],[90.1203,26.2505],[90.104,26.2512],[90.0974,26.2623],[90.0985,26.2671],[90.1034,26.2678],[90.111,26.2654],[90.1175,26.2586],[90.1197,26.2598],[90.1205,26.2661],[90.1266,26.2651],[90.1305,26.2707],[90.1405,26.2762],[90.1432,26.2877],[90.1409,26.2933],[90.134,26.2955],[90.1307,26.2933],[90.1297,26.284],[90.1261,26.2832],[90.1191,26.2945],[90.1251,26.2988],[90.1243,26.3038],[90.1199,26.3081],[90.1077,26.3125],[90.1181,26.3168],[90.1161,26.3236],[90.1168,26.3389],[90.1279,26.3462],[90.1487,26.3526],[90.1562,26.3519],[90.1616,26.3481],[90.1685,26.3484],[90.1718,26.342],[90.1818,26.347],[90.1879,26.3457],[90.1913,26.3527],[90.2071,26.3631],[90.2079,26.3677],[90.2051,26.3712],[90.2067,26.3748],[90.2267,26.3851],[90.2264,26.3756],[90.2343,26.3655],[90.2328,26.3587],[90.2295,26.3555],[90.2148,26.3517],[90.218,26.3485],[90.2261,26.3519],[90.2278,26.3494],[90.2161,26.3349],[90.216,26.3287],[90.2184,26.3274],[90.227,26.3343],[90.2357,26.3259],[90.2392,26.3251],[90.2427,26.3287],[90.2501,26.3246],[90.2557,26.3355],[90.2673,26.3306],[90.2607,26.3248],[90.2646,26.313],[90.2713,26.3091],[90.2736,26.3062],[90.2726,26.3025],[90.2805,26.2974],[90.2811,26.2922],[90.272,26.2721],[90.2722,26.2673],[90.2587,26.273],[90.2522,26.2702],[90.2515,26.2644],[90.2736,26.2607],[90.2726,26.2526],[90.288,26.2521],[90.2855,26.2428],[90.2873,26.2374],[90.3066,26.2459],[90.3035,26.2575],[90.3074,26.2627],[90.3096,26.2617],[90.3181,26.2679],[90.3207,26.2788],[90.3272,26.2772],[90.3277,26.2702],[90.3385,26.2726],[90.344,26.2707],[90.3519,26.2872],[90.3628,26.2731],[90.3586,26.2654],[90.3567,26.2693],[90.3536,26.2698],[90.3566,26.2661],[90.3554,26.2582],[90.3617,26.2645],[90.3812,26.2687],[90.3829,26.2723],[90.3814,26.2781],[90.3748,26.2909],[90.3765,26.2993],[90.3794,26.3026],[90.3793,26.3093],[90.4041,26.316],[90.405,26.3208],[90.4042,26.3331],[90.3961,26.3475],[90.3952,26.3594],[90.402,26.3639],[90.425,26.363],[90.4373,26.3649],[90.4368,26.3666],[90.4264,26.3674],[90.4336,26.3766],[90.4321,26.3812],[90.4258,26.3787],[90.4209,26.3796],[90.4201,26.3842],[90.4256,26.3826],[90.4279,26.3831],[90.4281,26.3859],[90.4258,26.3961],[90.4165,26.3907],[90.417,26.4078],[90.4079,26.4035],[90.4036,26.4067],[90.4094,26.4083],[90.4054,26.4142],[90.4153,26.4307],[90.4036,26.4288],[90.407,26.4378],[90.3978,26.4345],[90.3973,26.4403],[90.4039,26.4421],[90.3997,26.4463],[90.4032,26.4641],[90.4024,26.4718],[90.4051,26.4753],[90.3892,26.4772],[90.3897,26.4803],[90.3863,26.4853],[90.3898,26.492],[90.3936,26.4938],[90.4033,26.4895],[90.4092,26.4899],[90.4079,26.5031],[90.3933,26.5032],[90.3979,26.5118],[90.4036,26.5118],[90.3915,26.5145],[90.3914,26.5212],[90.386,26.5235],[90.3822,26.5289],[90.3809,26.5344],[90.3877,26.5353],[90.3888,26.542],[90.3714,26.5444],[90.3626,26.5526],[90.3609,26.5679],[90.355,26.57],[90.3592,26.5768],[90.3641,26.5781],[90.3664,26.5821],[90.3587,26.5942],[90.3624,26.599],[90.3563,26.6027],[90.354,26.6098],[90.3578,26.6167],[90.3552,26.6216],[90.3573,26.6314],[90.3469,26.6415],[90.3508,26.6509],[90.3569,26.6574],[90.3677,26.6895],[90.3741,26.6958],[90.3771,26.7176],[90.369,26.7332],[90.3645,26.7574],[90.3554,26.7718],[90.3522,26.7925],[90.3452,26.8058],[90.3364,26.8451],[90.3359,26.8628]]]},"properties":{"dtname":"Kokrajhar","stname":"ASSAM","stcode11":"18","dtcode11":"300","year_stat":"2011_c","Shape_Length":448699.75608230085,"Shape_Area":3924564840.015587,"OBJECTID":280,"test":0,"Dist_LGD":294,"State_LGD":18}},{"type":"Feature","id":285,"geometry":{"type":"Polygon","coordinates":[[[92.181,26.6687],[92.1812,26.6702],[92.1588,26.666],[92.1468,26.6593],[92.1186,26.6526],[92.1238,26.6491],[92.1215,26.6437],[92.1095,26.6418],[92.1027,26.6477],[92.0727,26.6469],[92.069,26.6401],[92.0717,26.6343],[92.0704,26.6245],[92.0465,26.6245],[92.0457,26.6205],[92.0373,26.6204],[92.0386,26.6091],[92.0255,26.6095],[92.0294,26.6052],[92.0334,26.6053],[92.0367,26.6006],[92.0327,26.5961],[92.0332,26.5927],[92.0216,26.5882],[92.0096,26.5899],[92.0145,26.578],[92.0141,26.5753],[92.002,26.5715],[92.0064,26.564],[92.0059,26.5596],[92.0094,26.5551],[92.0257,26.5543],[92.0285,26.5459],[92.0311,26.5475],[92.03,26.55],[92.0419,26.5505],[92.0413,26.5483],[92.0474,26.5484],[92.0545,26.5441],[92.0568,26.5469],[92.0625,26.5747],[92.0606,26.5756],[92.0625,26.5873],[92.0795,26.5893],[92.0867,26.5759],[92.0891,26.5749],[92.1007,26.5793],[92.1013,26.5763],[92.1087,26.5703],[92.1018,26.5612],[92.1084,26.5554],[92.1071,26.5521],[92.0927,26.5541],[92.0915,26.5523],[92.0943,26.5494],[92.0817,26.5423],[92.074,26.5431],[92.0701,26.5465],[92.0684,26.5451],[92.0685,26.5101],[92.0567,26.5091],[92.0561,26.5001],[92.0613,26.5],[92.061,26.4977],[92.0587,26.4882],[92.0531,26.4889],[92.0534,26.4854],[92.0497,26.481],[92.0505,26.4754],[92.0421,26.4806],[92.0415,26.4844],[92.0384,26.4857],[92.0381,26.4943],[92.0436,26.4951],[92.0402,26.5],[92.0409,26.51],[92.0276,26.5069],[92.0251,26.5089],[92.0314,26.5138],[92.0345,26.5243],[92.0293,26.5226],[92.0294,26.5258],[92.0263,26.5265],[92.0226,26.5243],[92.0224,26.5205],[92.0194,26.5219],[92.0188,26.5276],[92.0272,26.5305],[92.0282,26.5422],[92.012,26.5414],[92.0073,26.5443],[92.0036,26.5435],[92.0091,26.5416],[92.0131,26.5365],[92.005,26.5346],[91.9946,26.5399],[91.9903,26.5551],[91.9848,26.5546],[91.9855,26.5493],[91.9801,26.5565],[91.9751,26.5519],[91.9725,26.5562],[91.9701,26.5561],[91.9647,26.5554],[91.9645,26.5522],[91.9588,26.5517],[91.9606,26.5455],[91.9665,26.5427],[91.965,26.5399],[91.9539,26.5415],[91.9518,26.5443],[91.9279,26.5373],[91.9259,26.5417],[91.9279,26.5451],[91.9238,26.547],[91.9252,26.5576],[91.922,26.5577],[91.9219,26.5676],[91.8967,26.5696],[91.8925,26.5618],[91.8936,26.5531],[91.8888,26.5509],[91.8843,26.5385],[91.8798,26.5377],[91.879,26.5338],[91.8699,26.5318],[91.8647,26.5375],[91.8541,26.5384],[91.8529,26.5486],[91.8555,26.5489],[91.8555,26.5522],[91.8501,26.5579],[91.8484,26.5631],[91.8503,26.5659],[91.8467,26.5669],[91.8499,26.5679],[91.8499,26.5731],[91.8382,26.5742],[91.8358,26.5773],[91.8374,26.5862],[91.8292,26.586],[91.8209,26.5721],[91.8314,26.5712],[91.83,26.5581],[91.8286,26.5605],[91.8224,26.5614],[91.813,26.5594],[91.811,26.5534],[91.8129,26.5438],[91.8098,26.544],[91.812,26.5396],[91.8241,26.5463],[91.8276,26.545],[91.8272,26.5369],[91.8327,26.5256],[91.8332,26.5153],[91.8182,26.5118],[91.8191,26.5066],[91.8172,26.5055],[91.7997,26.5058],[91.7998,26.5129],[91.7886,26.5104],[91.7882,26.5121],[91.7806,26.5118],[91.7873,26.498],[91.7819,26.4982],[91.7813,26.4956],[91.7873,26.4923],[91.7991,26.4917],[91.8018,26.4896],[91.7998,26.4771],[91.7879,26.4753],[91.7791,26.4796],[91.7774,26.47],[91.7732,26.4697],[91.7706,26.4664],[91.7663,26.4683],[91.7646,26.46],[91.7722,26.4472],[91.7709,26.4329],[91.7747,26.4253],[91.7788,26.4274],[91.7774,26.4197],[91.783,26.4177],[91.7801,26.4139],[91.7809,26.4115],[91.7848,26.408],[91.7946,26.4094],[91.7964,26.406],[91.7947,26.4027],[91.798,26.4007],[91.7987,26.3963],[91.7964,26.393],[91.8043,26.3893],[91.803,26.3837],[91.8117,26.3828],[91.8183,26.3793],[91.8207,26.3742],[91.8223,26.3691],[91.8202,26.3651],[91.823,26.364],[91.8195,26.3602],[91.8216,26.3544],[91.8162,26.3499],[91.8196,26.3464],[91.817,26.3429],[91.8217,26.3318],[91.8187,26.3248],[91.815,26.3277],[91.8085,26.3225],[91.8089,26.3192],[91.8168,26.3169],[91.8141,26.311],[91.8052,26.3135],[91.8036,26.3178],[91.7975,26.3132],[91.796,26.3207],[91.7934,26.3216],[91.7916,26.3197],[91.7932,26.3114],[91.7894,26.3119],[91.7874,26.3065],[91.7819,26.3054],[91.7854,26.3036],[91.7822,26.2962],[91.7863,26.2914],[91.7846,26.2876],[91.7866,26.2844],[91.7861,26.2784],[91.7906,26.2726],[91.7903,26.2678],[91.7864,26.2648],[91.7845,26.2513],[91.782,26.2448],[91.7759,26.2405],[91.7735,26.2426],[91.7639,26.24],[91.7642,26.2326],[91.7472,26.2221],[91.7443,26.2153],[91.7466,26.2103],[91.771,26.1985],[91.7919,26.2059],[91.816,26.2091],[91.8208,26.2076],[91.8399,26.2153],[91.8592,26.2171],[91.8697,26.2211],[91.8726,26.2171],[91.8799,26.2167],[91.886,26.2188],[91.8861,26.2218],[91.9021,26.2266],[91.9086,26.231],[91.9123,26.2403],[91.9191,26.2464],[91.9241,26.2478],[91.9293,26.2423],[91.9339,26.2432],[91.9527,26.2541],[91.9537,26.257],[91.9782,26.2749],[91.9834,26.2751],[91.9861,26.2707],[91.9921,26.2697],[92.0104,26.2779],[92.0154,26.2831],[92.0171,26.2765],[92.0243,26.2711],[92.0322,26.2703],[92.0401,26.2731],[92.0479,26.2787],[92.0471,26.2819],[92.0577,26.2975],[92.0615,26.3104],[92.0682,26.3118],[92.0752,26.3172],[92.0842,26.3389],[92.0999,26.341],[92.1038,26.347],[92.104,26.3545],[92.1229,26.3707],[92.1429,26.4013],[92.1544,26.4109],[92.1756,26.4232],[92.1819,26.4245],[92.2,26.4212],[92.208,26.4144],[92.2187,26.4157],[92.2342,26.4276],[92.2385,26.4395],[92.2446,26.4461],[92.2557,26.4518],[92.275,26.4511],[92.2812,26.4542],[92.3117,26.4856],[92.3414,26.5016],[92.3442,26.5047],[92.3428,26.5075],[92.3314,26.5159],[92.3475,26.5262],[92.3542,26.5348],[92.3806,26.5273],[92.3751,26.5454],[92.3687,26.5507],[92.3676,26.559],[92.3658,26.5606],[92.3609,26.5587],[92.3661,26.5662],[92.3522,26.57],[92.3538,26.5773],[92.3616,26.5834],[92.3616,26.5862],[92.3576,26.5885],[92.3434,26.5817],[92.3253,26.5894],[92.3254,26.5967],[92.3443,26.5978],[92.3428,26.6009],[92.3318,26.6063],[92.3348,26.622],[92.3309,26.6234],[92.3265,26.6193],[92.3282,26.6117],[92.3207,26.6134],[92.3198,26.6071],[92.3119,26.6072],[92.3062,26.6131],[92.314,26.6191],[92.3143,26.6241],[92.2942,26.622],[92.2948,26.6339],[92.2896,26.6509],[92.2858,26.6553],[92.2758,26.6575],[92.2746,26.6505],[92.2711,26.6491],[92.2732,26.6335],[92.2706,26.6269],[92.2732,26.6163],[92.2475,26.6102],[92.2467,26.6064],[92.2422,26.6032],[92.2432,26.6008],[92.2482,26.6005],[92.244,26.5895],[92.2486,26.5856],[92.2489,26.5794],[92.2527,26.5739],[92.2647,26.5706],[92.2582,26.5667],[92.2544,26.5607],[92.2439,26.5629],[92.2419,26.5584],[92.2306,26.5487],[92.2247,26.5536],[92.2266,26.5645],[92.2339,26.5683],[92.2265,26.5765],[92.2271,26.5939],[92.2346,26.597],[92.2289,26.6098],[92.2242,26.6099],[92.2254,26.6173],[92.2203,26.6282],[92.2072,26.6252],[92.2044,26.6278],[92.2055,26.6316],[92.1937,26.6349],[92.1945,26.6392],[92.2051,26.6407],[92.2021,26.6513],[92.1999,26.6516],[92.196,26.6457],[92.1899,26.6517],[92.1843,26.6448],[92.1769,26.6514],[92.183,26.6595],[92.181,26.6687]]]},"properties":{"dtname":"Darrang","stname":"ASSAM","stcode11":"18","dtcode11":"325","year_stat":"2011_c","Shape_Length":420435.56490591436,"Shape_Area":1983220441.612953,"OBJECTID":285,"test":1,"Dist_LGD":283,"State_LGD":18}},{"type":"Feature","id":290,"geometry":{"type":"Polygon","coordinates":[[[91.1454,26.6628],[91.1407,26.6615],[91.1395,26.6506],[91.1275,26.6501],[91.1274,26.6588],[91.1023,26.6616],[91.0974,26.6654],[91.0953,26.6523],[91.1127,26.6515],[91.1126,26.6376],[91.095,26.6392],[91.0978,26.629],[91.1051,26.6324],[91.1163,26.6321],[91.1173,26.6195],[91.1229,26.6161],[91.1228,26.6118],[91.1406,26.6116],[91.1413,26.6086],[91.1391,26.6077],[91.1432,26.6039],[91.1388,26.6019],[91.1423,26.6009],[91.1396,26.5994],[91.1311,26.5976],[91.1285,26.5992],[91.1291,26.6047],[91.1264,26.6047],[91.1236,26.5996],[91.1256,26.5936],[91.118,26.5921],[91.1133,26.584],[91.1218,26.5827],[91.1183,26.5728],[91.1098,26.5713],[91.1047,26.5675],[91.1056,26.5656],[91.1089,26.5665],[91.1099,26.5612],[91.0959,26.5624],[91.0808,26.5563],[91.0816,26.5335],[91.0733,26.5335],[91.0719,26.5162],[91.059,26.5162],[91.054,26.5234],[91.0565,26.5277],[91.052,26.5294],[91.0385,26.5282],[91.0054,26.5316],[91.0006,26.5301],[90.9987,26.5246],[90.991,26.524],[90.9911,26.5181],[90.9967,26.5179],[90.998,26.5147],[90.9942,26.5048],[90.9984,26.4998],[91.0004,26.4908],[90.9966,26.47],[91.0012,26.4668],[91.0011,26.4616],[91.0066,26.4559],[91.0054,26.4487],[91.0143,26.4464],[91.0099,26.4404],[91.0098,26.4351],[90.9969,26.4353],[91.0036,26.422],[90.9936,26.4181],[90.9817,26.4163],[90.9825,26.4309],[90.9781,26.4283],[90.9698,26.4288],[90.9756,26.4366],[90.9755,26.4402],[90.9623,26.4398],[90.9607,26.4481],[90.9621,26.4578],[90.9725,26.4564],[90.973,26.4612],[90.9553,26.4617],[90.9521,26.4571],[90.9455,26.4618],[90.9505,26.4605],[90.9552,26.4639],[90.953,26.471],[90.9494,26.4729],[90.9362,26.4712],[90.933,26.4778],[90.9425,26.4772],[90.9472,26.4799],[90.9475,26.4854],[90.9511,26.4842],[90.9507,26.4904],[90.96,26.4904],[90.9623,26.4923],[90.969,26.4908],[90.9694,26.4973],[90.9769,26.4996],[90.9767,26.5398],[90.9823,26.5407],[90.9812,26.5546],[90.9858,26.5544],[90.9853,26.5755],[90.996,26.5714],[90.9949,26.6008],[90.9909,26.601],[90.9891,26.5906],[90.968,26.5904],[90.9666,26.5994],[90.9634,26.5986],[90.9654,26.5848],[90.9635,26.5832],[90.935,26.5841],[90.9342,26.5607],[90.9318,26.5548],[90.9239,26.556],[90.9212,26.5596],[90.921,26.5673],[90.9257,26.5757],[90.9129,26.5786],[90.9014,26.5717],[90.902,26.5689],[90.8958,26.5561],[90.8913,26.5521],[90.8784,26.5568],[90.8759,26.5642],[90.8633,26.5627],[90.8573,26.5672],[90.8232,26.5609],[90.8279,26.5571],[90.8284,26.5436],[90.8312,26.5426],[90.8319,26.5392],[90.8419,26.538],[90.8476,26.5342],[90.8524,26.536],[90.8551,26.5329],[90.8505,26.5245],[90.8495,26.5087],[90.8421,26.4996],[90.8379,26.504],[90.8273,26.502],[90.826,26.4935],[90.8227,26.4905],[90.8111,26.5005],[90.8049,26.4968],[90.8061,26.4933],[90.8022,26.4831],[90.8039,26.4779],[90.8185,26.4757],[90.8195,26.4711],[90.817,26.4648],[90.82,26.4633],[90.8211,26.4575],[90.8277,26.4533],[90.8277,26.4488],[90.8164,26.4378],[90.8023,26.4406],[90.7971,26.4356],[90.7992,26.4304],[90.8128,26.4282],[90.8369,26.4334],[90.8488,26.4422],[90.8557,26.4391],[90.8616,26.4311],[90.8448,26.4017],[90.8473,26.3915],[90.8612,26.3773],[90.8597,26.3627],[90.8409,26.3577],[90.8179,26.3669],[90.8036,26.3476],[90.8049,26.3432],[90.7993,26.3347],[90.7895,26.3294],[90.7905,26.324],[90.8008,26.3207],[90.8038,26.3175],[90.8066,26.3122],[90.8034,26.3059],[90.7824,26.3022],[90.7716,26.3045],[90.7619,26.312],[90.7515,26.3096],[90.7455,26.3009],[90.7298,26.293],[90.7204,26.2825],[90.72,26.2685],[90.7311,26.2684],[90.7333,26.2578],[90.7251,26.2564],[90.7177,26.2637],[90.7028,26.2559],[90.6838,26.2578],[90.6623,26.2482],[90.6533,26.2374],[90.6653,26.2182],[90.6713,26.2027],[90.6689,26.2014],[90.6737,26.1972],[90.6764,26.1899],[90.6769,26.1811],[90.684,26.1721],[90.694,26.1508],[90.7079,26.1459],[90.7145,26.1301],[90.7333,26.1361],[90.7688,26.134],[90.7928,26.1292],[90.8157,26.1198],[90.8246,26.1187],[90.8395,26.1092],[90.8486,26.1149],[90.8594,26.1127],[90.8716,26.0956],[90.9168,26.0898],[90.9335,26.1014],[90.9403,26.093],[90.9534,26.096],[90.997,26.1201],[91.0093,26.1156],[90.9981,26.1287],[91.0155,26.1264],[91.0213,26.1201],[91.0297,26.1192],[91.0367,26.1236],[91.0372,26.1271],[91.0498,26.1315],[91.0692,26.1544],[91.0781,26.1603],[91.0901,26.1644],[91.1016,26.1649],[91.117,26.1547],[91.1452,26.1598],[91.1783,26.175],[91.2127,26.18],[91.2221,26.1794],[91.2296,26.1822],[91.2373,26.1803],[91.2392,26.193],[91.2483,26.2014],[91.2414,26.2033],[91.2322,26.2141],[91.2167,26.2185],[91.2153,26.2217],[91.2198,26.2272],[91.2155,26.2389],[91.221,26.2449],[91.229,26.2438],[91.2319,26.2457],[91.2367,26.2505],[91.2409,26.2611],[91.23,26.264],[91.2185,26.2602],[91.2185,26.2639],[91.2211,26.2644],[91.2159,26.2673],[91.2191,26.2754],[91.2269,26.2825],[91.2404,26.2794],[91.2611,26.2893],[91.26,26.2941],[91.2517,26.2958],[91.2502,26.3019],[91.2517,26.3043],[91.2581,26.3023],[91.2614,26.3042],[91.2607,26.3108],[91.2559,26.3115],[91.2559,26.3149],[91.2631,26.3179],[91.2699,26.329],[91.2663,26.3372],[91.2671,26.3406],[91.2692,26.3427],[91.2773,26.341],[91.2764,26.3494],[91.2798,26.3557],[91.2751,26.3567],[91.2709,26.3646],[91.2802,26.3721],[91.2801,26.3757],[91.2826,26.3752],[91.2784,26.3776],[91.2745,26.3751],[91.2756,26.3723],[91.265,26.3709],[91.2653,26.3608],[91.2575,26.3641],[91.2526,26.3636],[91.2485,26.3671],[91.2444,26.381],[91.2402,26.3761],[91.2365,26.377],[91.2358,26.3811],[91.242,26.3882],[91.235,26.3916],[91.2336,26.3996],[91.236,26.4033],[91.2419,26.4043],[91.2383,26.4074],[91.2344,26.4244],[91.2314,26.4264],[91.2303,26.4369],[91.238,26.4494],[91.238,26.4579],[91.2414,26.4582],[91.2478,26.4658],[91.2507,26.4661],[91.2557,26.4783],[91.2587,26.4785],[91.2579,26.4822],[91.2659,26.491],[91.2656,26.4957],[91.2631,26.4968],[91.2647,26.4988],[91.2601,26.5058],[91.2549,26.5065],[91.2524,26.5106],[91.2478,26.5108],[91.2495,26.5238],[91.2438,26.5249],[91.2487,26.5291],[91.2479,26.5384],[91.2512,26.5376],[91.2556,26.5422],[91.259,26.5394],[91.2581,26.5431],[91.2622,26.5455],[91.2658,26.5446],[91.2665,26.5492],[91.2707,26.5477],[91.2677,26.5529],[91.2715,26.5505],[91.2764,26.5548],[91.2759,26.5568],[91.2802,26.5575],[91.2843,26.5655],[91.2901,26.5644],[91.2892,26.5677],[91.2764,26.5693],[91.2755,26.5662],[91.2658,26.567],[91.2584,26.5706],[91.2586,26.577],[91.2673,26.5749],[91.2691,26.5844],[91.2518,26.587],[91.2508,26.5783],[91.246,26.5788],[91.2432,26.5753],[91.2375,26.5773],[91.2377,26.5931],[91.234,26.5969],[91.2334,26.6076],[91.2391,26.6099],[91.2475,26.6078],[91.2485,26.6194],[91.2303,26.6147],[91.2302,26.6236],[91.2263,26.624],[91.2191,26.6195],[91.2164,26.6221],[91.2147,26.6199],[91.1978,26.623],[91.1986,26.6039],[91.1834,26.6051],[91.181,26.6077],[91.1821,26.6157],[91.1868,26.622],[91.1766,26.6229],[91.1851,26.625],[91.1864,26.6277],[91.1685,26.6276],[91.1618,26.6301],[91.161,26.6386],[91.1514,26.6389],[91.1507,26.6431],[91.1557,26.6454],[91.1549,26.6496],[91.1577,26.6515],[91.1454,26.6628]]]},"properties":{"dtname":"Barpeta","stname":"ASSAM","stcode11":"18","dtcode11":"303","year_stat":"2011_c","Shape_Length":470876.86185848294,"Shape_Area":2848021915.0045815,"OBJECTID":290,"test":1,"Dist_LGD":280,"State_LGD":18}},{"type":"Feature","id":294,"geometry":{"type":"Polygon","coordinates":[[[91.5777,26.572],[91.5283,26.5587],[91.5305,26.5537],[91.5254,26.5524],[91.5268,26.5489],[91.5251,26.5447],[91.5186,26.5441],[91.5149,26.5402],[91.5168,26.537],[91.5115,26.5368],[91.5121,26.5335],[91.5064,26.5324],[91.4944,26.5338],[91.4947,26.5539],[91.4917,26.5544],[91.4913,26.5611],[91.4758,26.5709],[91.4712,26.5688],[91.4707,26.5647],[91.4677,26.5626],[91.4343,26.5634],[91.4312,26.5563],[91.426,26.5533],[91.4319,26.5509],[91.4289,26.5493],[91.4557,26.5487],[91.4598,26.5427],[91.3867,26.5265],[91.3527,26.524],[91.3554,26.5108],[91.3439,26.5082],[91.3422,26.5003],[91.3347,26.5005],[91.328,26.4904],[91.3126,26.4901],[91.3103,26.4853],[91.2968,26.4849],[91.2947,26.488],[91.2966,26.4953],[91.3022,26.4976],[91.3017,26.5014],[91.2842,26.5026],[91.2902,26.511],[91.2894,26.5154],[91.3115,26.5169],[91.3104,26.521],[91.3061,26.523],[91.3112,26.5249],[91.3108,26.5286],[91.3068,26.5305],[91.305,26.5364],[91.2967,26.5464],[91.2753,26.5412],[91.2726,26.5345],[91.2663,26.535],[91.2627,26.5251],[91.2637,26.5216],[91.259,26.5204],[91.2496,26.5233],[91.2478,26.5108],[91.2524,26.5106],[91.2549,26.5065],[91.2601,26.5058],[91.2647,26.4988],[91.2631,26.4968],[91.2656,26.4957],[91.2659,26.491],[91.2579,26.4822],[91.2587,26.4785],[91.2557,26.4783],[91.2507,26.4661],[91.2478,26.4658],[91.2414,26.4582],[91.238,26.4579],[91.238,26.4494],[91.2309,26.44],[91.2314,26.4264],[91.2344,26.4244],[91.2383,26.4074],[91.2419,26.4043],[91.236,26.4033],[91.2336,26.3996],[91.235,26.3916],[91.242,26.3882],[91.2355,26.3787],[91.2396,26.3759],[91.2444,26.381],[91.2485,26.3671],[91.2526,26.3636],[91.2575,26.3641],[91.2653,26.3608],[91.265,26.3709],[91.2756,26.3723],[91.2745,26.3751],[91.2784,26.3776],[91.2826,26.3752],[91.2801,26.3757],[91.2802,26.3721],[91.2709,26.3646],[91.2751,26.3567],[91.2798,26.3557],[91.2764,26.3494],[91.2773,26.341],[91.2692,26.3427],[91.2671,26.3406],[91.2663,26.3372],[91.2699,26.329],[91.2631,26.3179],[91.2559,26.3149],[91.2559,26.3115],[91.2607,26.3108],[91.2614,26.3042],[91.2581,26.3023],[91.2517,26.3043],[91.2502,26.3019],[91.2517,26.2958],[91.26,26.2941],[91.2611,26.2893],[91.2404,26.2794],[91.2269,26.2825],[91.2191,26.2754],[91.2159,26.2673],[91.2211,26.2644],[91.2185,26.2639],[91.2185,26.2602],[91.23,26.264],[91.2379,26.2632],[91.2409,26.2603],[91.2367,26.2505],[91.2319,26.2457],[91.229,26.2438],[91.221,26.2449],[91.2156,26.2392],[91.2158,26.2337],[91.2198,26.2272],[91.2158,26.2197],[91.2322,26.2141],[91.2414,26.2033],[91.2485,26.2008],[91.2392,26.193],[91.2373,26.1803],[91.2296,26.1822],[91.2221,26.1794],[91.2451,26.1703],[91.2557,26.1631],[91.2946,26.1572],[91.3102,26.1616],[91.3233,26.1604],[91.3343,26.1678],[91.3431,26.163],[91.3536,26.1673],[91.3669,26.1603],[91.3907,26.139],[91.3969,26.1371],[91.4102,26.1382],[91.4143,26.1361],[91.4205,26.1746],[91.4111,26.2011],[91.4137,26.2047],[91.4198,26.2059],[91.4223,26.2324],[91.4178,26.2404],[91.4164,26.2514],[91.4136,26.2534],[91.4125,26.265],[91.4229,26.2685],[91.4366,26.2603],[91.4444,26.2648],[91.4463,26.2674],[91.4448,26.2693],[91.4514,26.2696],[91.4484,26.2908],[91.4517,26.3094],[91.4575,26.3132],[91.4514,26.3147],[91.455,26.3204],[91.4659,26.3168],[91.4813,26.3211],[91.4798,26.3272],[91.4831,26.3301],[91.4898,26.3315],[91.4916,26.3283],[91.497,26.3317],[91.5023,26.3311],[91.5079,26.3354],[91.5111,26.3321],[91.5155,26.3323],[91.5249,26.3367],[91.524,26.3398],[91.5205,26.3408],[91.5246,26.3452],[91.5212,26.3461],[91.5196,26.3548],[91.5241,26.3553],[91.5254,26.3716],[91.5365,26.3765],[91.5296,26.3829],[91.5287,26.3927],[91.5411,26.4017],[91.5425,26.4082],[91.5477,26.4095],[91.552,26.4175],[91.5584,26.4232],[91.5601,26.4291],[91.5642,26.4302],[91.5606,26.4439],[91.5535,26.4504],[91.5497,26.4709],[91.5545,26.4804],[91.5621,26.4836],[91.5567,26.5083],[91.5562,26.5255],[91.5733,26.5263],[91.5787,26.5293],[91.5792,26.5498],[91.5741,26.5554],[91.5848,26.5559],[91.5838,26.563],[91.5794,26.563],[91.5833,26.5685],[91.5777,26.572]]]},"properties":{"dtname":"Nalbari","stname":"ASSAM","stcode11":"18","dtcode11":"323","year_stat":"2011_c","Shape_Length":264815.4046829305,"Shape_Area":1309160721.616372,"OBJECTID":294,"test":0,"Dist_LGD":298,"State_LGD":18}},{"type":"Feature","id":295,"geometry":{"type":"Polygon","coordinates":[[[92.4195,26.5146],[92.419,26.517],[92.3915,26.5128],[92.3837,26.5165],[92.3608,26.5054],[92.3473,26.5077],[92.3401,26.5005],[92.31,26.4843],[92.2812,26.4542],[92.275,26.4511],[92.2557,26.4518],[92.2446,26.4461],[92.2385,26.4395],[92.2342,26.4276],[92.2162,26.4147],[92.208,26.4144],[92.2,26.4212],[92.1819,26.4245],[92.1585,26.4139],[92.1429,26.4013],[92.1216,26.3692],[92.104,26.3545],[92.1038,26.347],[92.0999,26.341],[92.0842,26.3389],[92.0747,26.3166],[92.0682,26.3118],[92.0615,26.3104],[92.0577,26.2975],[92.0471,26.2819],[92.0479,26.2787],[92.0322,26.2703],[92.0243,26.2711],[92.0196,26.2743],[92.0156,26.2789],[92.0154,26.2831],[92.0104,26.2779],[91.9921,26.2697],[91.9865,26.2704],[91.9851,26.2739],[91.9802,26.2754],[91.9761,26.2577],[91.9767,26.2506],[91.972,26.2483],[91.9831,26.2383],[92.0032,26.2374],[92.0104,26.2428],[92.0125,26.239],[92.0086,26.2315],[92.0136,26.228],[92.0201,26.2302],[92.0215,26.2332],[92.028,26.2325],[92.0372,26.2257],[92.0456,26.2256],[92.0555,26.2205],[92.0516,26.2076],[92.0602,26.1964],[92.0764,26.1956],[92.0818,26.1851],[92.0898,26.1898],[92.0937,26.1886],[92.0934,26.1854],[92.08,26.1773],[92.1066,26.1721],[92.1297,26.1806],[92.1323,26.1721],[92.1497,26.1615],[92.1547,26.1708],[92.1622,26.1632],[92.167,26.164],[92.1661,26.1541],[92.1621,26.145],[92.1635,26.1218],[92.1711,26.1013],[92.1681,26.094],[92.1689,26.0899],[92.1761,26.0781],[92.1791,26.0777],[92.176,26.0741],[92.1775,26.0689],[92.1804,26.0713],[92.1817,26.0692],[92.1874,26.0693],[92.1873,26.0667],[92.1909,26.0689],[92.2064,26.0682],[92.2081,26.0706],[92.2154,26.0685],[92.2205,26.0704],[92.2385,26.0621],[92.2504,26.0646],[92.2582,26.0636],[92.2685,26.0682],[92.2719,26.0653],[92.2817,26.0689],[92.2866,26.0776],[92.2938,26.0822],[92.2965,26.0825],[92.3003,26.0776],[92.3004,26.0823],[92.3035,26.0863],[92.3123,26.0821],[92.3145,26.0848],[92.3234,26.0863],[92.3299,26.0768],[92.348,26.0852],[92.3545,26.0848],[92.3596,26.0916],[92.3629,26.0775],[92.3796,26.0913],[92.3995,26.1202],[92.4083,26.1257],[92.3996,26.1318],[92.3989,26.1374],[92.4027,26.143],[92.4169,26.1524],[92.4222,26.1748],[92.4309,26.1908],[92.4286,26.194],[92.4294,26.2177],[92.4254,26.2319],[92.4174,26.2406],[92.4078,26.2441],[92.4111,26.2471],[92.4192,26.2701],[92.4241,26.2697],[92.4257,26.2666],[92.4523,26.273],[92.4852,26.2747],[92.4935,26.2745],[92.4969,26.2721],[92.5041,26.273],[92.5198,26.2807],[92.5526,26.3083],[92.5601,26.3211],[92.5616,26.3329],[92.5656,26.3331],[92.5682,26.3378],[92.5636,26.3601],[92.5669,26.3721],[92.5533,26.3751],[92.5515,26.3821],[92.5452,26.3825],[92.5281,26.3735],[92.5265,26.3771],[92.5091,26.3773],[92.5066,26.3718],[92.5038,26.3732],[92.5052,26.3809],[92.5028,26.3821],[92.5016,26.3778],[92.4939,26.3745],[92.4943,26.3704],[92.4877,26.367],[92.4859,26.3634],[92.4846,26.3681],[92.4699,26.3743],[92.4559,26.373],[92.4456,26.3676],[92.4407,26.3702],[92.4414,26.3891],[92.4335,26.3902],[92.4334,26.3986],[92.4312,26.3988],[92.434,26.413],[92.4294,26.4108],[92.4243,26.4136],[92.4275,26.4171],[92.4251,26.4178],[92.4272,26.419],[92.4281,26.4277],[92.4419,26.4363],[92.439,26.443],[92.4411,26.4518],[92.4365,26.4551],[92.4264,26.4715],[92.4285,26.4765],[92.4198,26.4789],[92.422,26.4878],[92.4169,26.4988],[92.4195,26.5146]]]},"properties":{"dtname":"Morigaon","stname":"ASSAM","stcode11":"18","dtcode11":"304","year_stat":"2011_c","Shape_Length":252250.56896473625,"Shape_Area":1887138455.8514419,"OBJECTID":295,"test":0,"Dist_LGD":296,"State_LGD":18}},{"type":"Feature","id":298,"geometry":{"type":"Polygon","coordinates":[[[91.5862,26.5284],[91.5806,26.531],[91.5733,26.5263],[91.5562,26.5255],[91.5567,26.5083],[91.5621,26.4836],[91.5538,26.4796],[91.5496,26.4695],[91.5535,26.4504],[91.5606,26.4439],[91.5642,26.4302],[91.5601,26.4291],[91.5584,26.4232],[91.552,26.4175],[91.5477,26.4095],[91.5425,26.4082],[91.5411,26.4017],[91.5287,26.3927],[91.5296,26.3829],[91.5365,26.3765],[91.5254,26.3716],[91.5241,26.3553],[91.5196,26.3548],[91.5212,26.3461],[91.5246,26.3452],[91.5205,26.3408],[91.524,26.3398],[91.5249,26.3367],[91.5155,26.3323],[91.5111,26.3321],[91.5079,26.3354],[91.5023,26.3311],[91.497,26.3317],[91.4916,26.3283],[91.4898,26.3315],[91.4831,26.3301],[91.4798,26.3272],[91.4813,26.3211],[91.4659,26.3168],[91.455,26.3204],[91.4514,26.3147],[91.4575,26.3132],[91.4517,26.3094],[91.4484,26.2908],[91.4514,26.2696],[91.4448,26.2693],[91.4463,26.2674],[91.4444,26.2648],[91.4366,26.2603],[91.4229,26.2685],[91.4127,26.2656],[91.4136,26.2534],[91.4164,26.2514],[91.4178,26.2404],[91.4223,26.2324],[91.4198,26.2059],[91.4137,26.2047],[91.4111,26.2011],[91.4205,26.1746],[91.4143,26.1361],[91.4102,26.1382],[91.3969,26.1371],[91.3907,26.139],[91.3669,26.1603],[91.3536,26.1673],[91.3431,26.163],[91.3343,26.1678],[91.3233,26.1604],[91.3102,26.1616],[91.2946,26.1572],[91.2557,26.1631],[91.2327,26.1762],[91.2127,26.18],[91.1783,26.175],[91.1452,26.1598],[91.117,26.1547],[91.1007,26.1652],[91.0812,26.1617],[91.0692,26.1544],[91.0498,26.1315],[91.0372,26.1271],[91.0367,26.1236],[91.0297,26.1192],[91.0213,26.1201],[91.0155,26.1264],[90.9981,26.1287],[91.0093,26.1156],[90.9953,26.1196],[90.9541,26.0962],[90.9403,26.093],[90.9433,26.0912],[90.9491,26.0925],[90.9524,26.0865],[90.9588,26.0875],[90.9609,26.0788],[90.9813,26.0628],[91.01,26.0582],[91.0262,26.0467],[91.0315,26.0469],[91.0346,26.0512],[91.0448,26.0437],[91.0546,26.0496],[91.0599,26.0462],[91.0651,26.0475],[91.0706,26.041],[91.0786,26.04],[91.082,26.0335],[91.0892,26.0321],[91.0873,26.0238],[91.0911,26.0215],[91.0923,26.0142],[91.0998,26.0105],[91.0902,26.0041],[91.0859,25.982],[91.0825,25.9797],[91.0804,25.9723],[91.0691,25.9674],[91.0641,25.9586],[91.059,25.9559],[91.0476,25.9415],[91.052,25.936],[91.0427,25.9265],[91.0355,25.905],[91.0305,25.9],[91.028,25.87],[91.0138,25.8567],[91.0152,25.8485],[91.0114,25.846],[91.0102,25.8374],[91.0079,25.8381],[91.0069,25.8326],[91.0013,25.8252],[91.0059,25.8205],[91.0224,25.8239],[91.0324,25.8351],[91.0392,25.837],[91.0482,25.8493],[91.0671,25.8467],[91.0784,25.8528],[91.0729,25.846],[91.0718,25.8389],[91.0593,25.8368],[91.0577,25.8319],[91.0488,25.8294],[91.0621,25.8209],[91.0669,25.8258],[91.0771,25.829],[91.1203,25.833],[91.1294,25.8427],[91.136,25.8427],[91.1475,25.8506],[91.1598,25.85],[91.1802,25.8441],[91.1839,25.8505],[91.1891,25.8518],[91.1958,25.8615],[91.1975,25.8496],[91.2036,25.8433],[91.1946,25.835],[91.1944,25.8274],[91.1862,25.8185],[91.1904,25.8115],[91.1841,25.799],[91.182,25.7837],[91.1782,25.7774],[91.1851,25.7721],[91.1841,25.7665],[91.1892,25.764],[91.1904,25.7479],[91.21,25.7256],[91.2224,25.7227],[91.2745,25.7505],[91.2886,25.7656],[91.29,25.7727],[91.3018,25.7866],[91.3147,25.8097],[91.3207,25.8158],[91.3222,25.8216],[91.3342,25.8332],[91.3332,25.8368],[91.3353,25.8406],[91.344,25.8372],[91.3466,25.8401],[91.3658,25.8401],[91.371,25.8427],[91.3728,25.8468],[91.3811,25.8457],[91.4224,25.8546],[91.4281,25.8527],[91.4358,25.8437],[91.4451,25.8398],[91.463,25.8571],[91.4694,25.8593],[91.4778,25.8574],[91.4836,25.8643],[91.4957,25.8639],[91.4973,25.8612],[91.5033,25.8643],[91.5136,25.8641],[91.5223,25.8729],[91.5304,25.8713],[91.5304,25.8817],[91.5351,25.884],[91.5329,25.8882],[91.5265,25.8912],[91.5212,25.8836],[91.5212,25.8752],[91.5131,25.8658],[91.5005,25.865],[91.4816,25.8679],[91.4749,25.8703],[91.4747,25.8741],[91.4783,25.8876],[91.4839,25.8931],[91.4918,25.8959],[91.4994,25.8913],[91.5038,25.8913],[91.4987,25.8961],[91.5041,25.903],[91.5048,25.9079],[91.5205,25.9169],[91.5369,25.9313],[91.5365,25.9359],[91.5325,25.93],[91.5227,25.9254],[91.5175,25.9195],[91.5095,25.9173],[91.5046,25.9115],[91.5032,25.9138],[91.5044,25.9168],[91.5012,25.919],[91.5028,25.9266],[91.5067,25.9285],[91.5079,25.9324],[91.5137,25.933],[91.5151,25.9413],[91.5197,25.94],[91.5165,25.9558],[91.518,25.9598],[91.5286,25.9607],[91.5303,25.9632],[91.5355,25.9624],[91.5383,25.9715],[91.5446,25.976],[91.5512,25.9767],[91.5516,25.9851],[91.5605,26.001],[91.565,26.0021],[91.5636,26.0076],[91.5721,26.0155],[91.5691,26.0185],[91.5707,26.0258],[91.5798,26.0333],[91.5886,26.0297],[91.5938,26.0199],[91.5975,26.0182],[91.6002,26.0217],[91.6195,26.0261],[91.631,26.0221],[91.6315,26.0148],[91.6348,26.0122],[91.6281,26.0008],[91.6302,25.9902],[91.6262,25.989],[91.626,25.9868],[91.6285,25.9825],[91.6282,25.9762],[91.6406,25.9639],[91.6343,25.9606],[91.6297,25.9433],[91.6118,25.9451],[91.6094,25.9375],[91.6213,25.9323],[91.6252,25.9262],[91.6305,25.9249],[91.6321,25.9219],[91.6364,25.9214],[91.6514,25.9064],[91.6633,25.9079],[91.6705,25.9042],[91.6788,25.9163],[91.688,25.9203],[91.6894,25.9247],[91.7011,25.9357],[91.7023,25.9414],[91.7134,25.9441],[91.72,25.9537],[91.7224,25.9658],[91.7197,25.9659],[91.7215,25.9884],[91.7195,25.9923],[91.7215,26.0123],[91.7248,26.0184],[91.723,26.035],[91.6874,26.0461],[91.6342,26.0698],[91.6275,26.07],[91.6293,26.0747],[91.6147,26.0712],[91.611,26.0722],[91.6107,26.0759],[91.6002,26.0756],[91.5983,26.0609],[91.5865,26.0577],[91.5847,26.0671],[91.5794,26.0682],[91.5785,26.059],[91.5684,26.0598],[91.5715,26.0709],[91.5786,26.0728],[91.5794,26.0835],[91.5848,26.0854],[91.5872,26.0903],[91.5864,26.0923],[91.5734,26.0957],[91.5731,26.1027],[91.5641,26.1043],[91.5651,26.1167],[91.5612,26.1227],[91.5616,26.1409],[91.5648,26.1493],[91.5689,26.1505],[91.6044,26.1547],[91.6215,26.1613],[91.649,26.1656],[91.6574,26.1823],[91.6518,26.1783],[91.6538,26.1865],[91.6505,26.1921],[91.6446,26.1921],[91.6435,26.1955],[91.6481,26.1985],[91.6507,26.204],[91.6629,26.212],[91.6646,26.2197],[91.6709,26.2173],[91.6734,26.2216],[91.6823,26.2158],[91.6764,26.2125],[91.6707,26.2038],[91.6719,26.2019],[91.686,26.2055],[91.6948,26.204],[91.6984,26.1971],[91.7118,26.1914],[91.7185,26.1961],[91.7214,26.2043],[91.7298,26.2069],[91.7314,26.2109],[91.7487,26.209],[91.7443,26.2145],[91.746,26.2207],[91.7642,26.2326],[91.7645,26.2404],[91.7735,26.2426],[91.7756,26.2404],[91.7815,26.2442],[91.7853,26.2537],[91.7864,26.2648],[91.7904,26.2681],[91.7905,26.2729],[91.7858,26.2797],[91.7866,26.2844],[91.7846,26.2876],[91.7863,26.2914],[91.7822,26.2962],[91.7854,26.3036],[91.7819,26.3054],[91.7874,26.3065],[91.7894,26.3119],[91.7932,26.3114],[91.7928,26.3214],[91.796,26.3207],[91.7975,26.3132],[91.8036,26.3178],[91.8059,26.3132],[91.8139,26.311],[91.8156,26.3134],[91.8168,26.3169],[91.8089,26.3192],[91.8084,26.3222],[91.815,26.3277],[91.8187,26.3248],[91.8217,26.3318],[91.817,26.3429],[91.8196,26.3464],[91.8162,26.3499],[91.8216,26.3544],[91.8195,26.3602],[91.823,26.3638],[91.8202,26.3651],[91.8221,26.3704],[91.8183,26.3793],[91.8102,26.3836],[91.803,26.3837],[91.8043,26.3893],[91.7964,26.393],[91.7987,26.3963],[91.798,26.4007],[91.7947,26.4027],[91.7958,26.4079],[91.794,26.4096],[91.7892,26.4078],[91.7827,26.4091],[91.78,26.4137],[91.7829,26.418],[91.7773,26.4199],[91.7788,26.4274],[91.7747,26.4253],[91.7709,26.4329],[91.7722,26.4472],[91.7647,26.4588],[91.7656,26.4676],[91.7706,26.4664],[91.7732,26.4697],[91.7774,26.47],[91.7799,26.4818],[91.7629,26.48],[91.7605,26.4825],[91.7523,26.4816],[91.7513,26.4882],[91.7543,26.4944],[91.7479,26.4966],[91.7345,26.4964],[91.7378,26.5018],[91.7249,26.5031],[91.7263,26.4959],[91.7187,26.4918],[91.7164,26.4823],[91.7201,26.477],[91.7104,26.477],[91.7098,26.4789],[91.7099,26.4733],[91.6891,26.4638],[91.6857,26.455],[91.676,26.4546],[91.6767,26.4484],[91.6358,26.4498],[91.6301,26.4463],[91.6251,26.4472],[91.6256,26.4495],[91.6321,26.4511],[91.6291,26.4552],[91.6291,26.4609],[91.6266,26.4562],[91.6243,26.4568],[91.6246,26.4603],[91.6293,26.4649],[91.6243,26.4647],[91.6213,26.4695],[91.618,26.4687],[91.6211,26.4745],[91.6266,26.4709],[91.6282,26.4809],[91.6232,26.4757],[91.6204,26.4797],[91.6229,26.4844],[91.6263,26.4835],[91.6293,26.4862],[91.6232,26.4886],[91.6286,26.4934],[91.6254,26.4934],[91.6205,26.4887],[91.6166,26.4892],[91.6163,26.4857],[91.6148,26.4891],[91.6187,26.4939],[91.6118,26.4946],[91.6155,26.5004],[91.6139,26.5031],[91.6201,26.5044],[91.6181,26.5059],[91.6196,26.5128],[91.6,26.5128],[91.5992,26.5167],[91.5896,26.5145],[91.5887,26.5268],[91.5862,26.5284]]]},"properties":{"dtname":"Kamrup","stname":"ASSAM","stcode11":"18","dtcode11":"321","year_stat":"2011_c","Shape_Length":594730.9958158486,"Shape_Area":3864430066.4690604,"OBJECTID":298,"test":0,"Dist_LGD":291,"State_LGD":18}},{"type":"Feature","id":300,"geometry":{"type":"Polygon","coordinates":[[[90.8468,26.5309],[90.8427,26.5318],[90.8372,26.5235],[90.8011,26.5224],[90.7876,26.5176],[90.7871,26.5276],[90.7747,26.5305],[90.7716,26.5216],[90.7616,26.5194],[90.7575,26.5147],[90.7608,26.5076],[90.7761,26.5079],[90.7775,26.5049],[90.7663,26.4856],[90.7592,26.483],[90.7458,26.4885],[90.7311,26.4829],[90.7327,26.4774],[90.7311,26.4718],[90.7448,26.4656],[90.7388,26.4466],[90.7416,26.4448],[90.7357,26.4419],[90.7282,26.4463],[90.7163,26.4456],[90.7102,26.4516],[90.7162,26.4576],[90.7133,26.4705],[90.717,26.4792],[90.7057,26.4831],[90.6857,26.4818],[90.6782,26.4894],[90.6823,26.4991],[90.6498,26.5007],[90.6208,26.4936],[90.6236,26.5078],[90.6111,26.5153],[90.6012,26.5164],[90.5973,26.5104],[90.5945,26.5126],[90.589,26.5116],[90.5905,26.5045],[90.6044,26.4982],[90.6023,26.4974],[90.6019,26.4914],[90.5997,26.4907],[90.5971,26.4935],[90.5899,26.4899],[90.5753,26.4989],[90.571,26.4968],[90.5474,26.4978],[90.5196,26.5093],[90.5101,26.5005],[90.5122,26.4972],[90.5034,26.4717],[90.5044,26.4677],[90.4982,26.4595],[90.5057,26.4555],[90.5098,26.4489],[90.5042,26.4263],[90.497,26.4301],[90.4929,26.4193],[90.4853,26.4179],[90.4809,26.4206],[90.4783,26.4093],[90.4814,26.4019],[90.4785,26.3908],[90.4809,26.3895],[90.4766,26.3856],[90.4739,26.3895],[90.4741,26.3943],[90.468,26.3989],[90.4718,26.4061],[90.4601,26.4107],[90.4594,26.4192],[90.4633,26.4257],[90.4632,26.431],[90.4563,26.4327],[90.4615,26.4507],[90.4766,26.4546],[90.4771,26.4626],[90.4632,26.4647],[90.4598,26.453],[90.4472,26.4528],[90.4372,26.4611],[90.4289,26.4489],[90.4188,26.4488],[90.4086,26.4427],[90.3988,26.4416],[90.3978,26.4345],[90.407,26.4378],[90.4043,26.4318],[90.4049,26.4277],[90.4153,26.4307],[90.4054,26.4142],[90.4094,26.4083],[90.4036,26.4067],[90.4079,26.4035],[90.417,26.4078],[90.4165,26.3907],[90.4258,26.3961],[90.4279,26.3831],[90.4193,26.3829],[90.4243,26.3786],[90.4326,26.3809],[90.4336,26.3755],[90.4267,26.37],[90.4264,26.3674],[90.4368,26.3666],[90.4373,26.3649],[90.4249,26.363],[90.4312,26.3559],[90.4324,26.3448],[90.436,26.3423],[90.4396,26.3435],[90.4391,26.3542],[90.4363,26.3592],[90.4442,26.3604],[90.4421,26.3532],[90.4457,26.3549],[90.4431,26.3484],[90.4452,26.3459],[90.4486,26.3473],[90.4532,26.3575],[90.4571,26.3575],[90.4588,26.3545],[90.4537,26.3498],[90.4577,26.3475],[90.454,26.3409],[90.4624,26.3283],[90.4704,26.3344],[90.4742,26.3326],[90.4658,26.3253],[90.4789,26.3095],[90.4793,26.3022],[90.4836,26.2961],[90.4759,26.288],[90.4639,26.2898],[90.4634,26.2873],[90.4708,26.2794],[90.466,26.2762],[90.4592,26.2769],[90.4552,26.2852],[90.4586,26.2722],[90.4708,26.274],[90.4732,26.2708],[90.4693,26.2673],[90.458,26.266],[90.4535,26.2722],[90.4449,26.2675],[90.4458,26.2607],[90.4532,26.2541],[90.4503,26.2508],[90.4411,26.2533],[90.4367,26.2619],[90.4319,26.2608],[90.43,26.2569],[90.4422,26.2396],[90.4421,26.2365],[90.4302,26.2296],[90.4266,26.224],[90.418,26.2201],[90.4105,26.2118],[90.3896,26.2039],[90.393,26.203],[90.3911,26.1915],[90.4247,26.1937],[90.4416,26.1878],[90.4484,26.184],[90.4382,26.1741],[90.4448,26.1657],[90.47,26.1782],[90.4713,26.1771],[90.4652,26.1693],[90.4693,26.1682],[90.4971,26.1891],[90.5169,26.1984],[90.5497,26.2059],[90.5773,26.2035],[90.6002,26.2152],[90.618,26.2093],[90.6224,26.202],[90.6542,26.2113],[90.6707,26.2016],[90.6653,26.2182],[90.6533,26.2374],[90.6604,26.2468],[90.6823,26.2574],[90.7028,26.2559],[90.7173,26.2637],[90.7251,26.2564],[90.7333,26.2578],[90.7311,26.2684],[90.72,26.2685],[90.7204,26.2825],[90.7298,26.293],[90.7455,26.3009],[90.7515,26.3096],[90.7619,26.312],[90.7716,26.3045],[90.7824,26.3022],[90.8043,26.3071],[90.8066,26.3122],[90.8038,26.3175],[90.8008,26.3207],[90.7905,26.324],[90.7895,26.3294],[90.7993,26.3347],[90.8049,26.3432],[90.8036,26.3476],[90.8179,26.3669],[90.8409,26.3577],[90.8597,26.3627],[90.8612,26.3773],[90.8473,26.3915],[90.8448,26.4017],[90.8616,26.4311],[90.8557,26.4391],[90.8488,26.4422],[90.8369,26.4334],[90.8128,26.4282],[90.7992,26.4304],[90.7971,26.4356],[90.8023,26.4406],[90.8164,26.4378],[90.8277,26.4488],[90.8277,26.4533],[90.8211,26.4575],[90.82,26.4633],[90.817,26.4648],[90.8195,26.4711],[90.8185,26.4757],[90.8039,26.4779],[90.8022,26.4831],[90.8061,26.4933],[90.8049,26.4968],[90.8111,26.5005],[90.8227,26.4905],[90.826,26.4935],[90.8273,26.502],[90.8379,26.504],[90.8421,26.4996],[90.8489,26.5075],[90.8513,26.5153],[90.8516,26.5273],[90.8468,26.5309]]]},"properties":{"dtname":"Bongaigaon","stname":"ASSAM","stcode11":"18","dtcode11":"319","year_stat":"2011_c","Shape_Length":328460.2899026486,"Shape_Area":1360853221.851426,"OBJECTID":300,"test":0,"Dist_LGD":281,"State_LGD":18}},{"type":"Feature","id":310,"geometry":{"type":"Polygon","coordinates":[[[90.2271,26.384],[90.2067,26.3748],[90.2051,26.3712],[90.2079,26.3677],[90.2071,26.3631],[90.1913,26.3527],[90.1879,26.3457],[90.1818,26.347],[90.1718,26.342],[90.1685,26.3484],[90.1616,26.3481],[90.1562,26.3519],[90.1487,26.3526],[90.1279,26.3462],[90.1168,26.3389],[90.1161,26.3236],[90.1181,26.3168],[90.1077,26.3125],[90.1199,26.3081],[90.1243,26.3038],[90.1251,26.2988],[90.1191,26.2945],[90.1261,26.2832],[90.1297,26.284],[90.1307,26.2933],[90.134,26.2955],[90.1409,26.2933],[90.1432,26.2877],[90.1405,26.2762],[90.1305,26.2707],[90.1266,26.2651],[90.1205,26.2661],[90.1197,26.2598],[90.1175,26.2586],[90.111,26.2654],[90.1034,26.2678],[90.0985,26.2671],[90.0974,26.2623],[90.104,26.2512],[90.1203,26.2505],[90.1218,26.2364],[90.1309,26.2342],[90.1357,26.2296],[90.1363,26.2155],[90.1416,26.2152],[90.1474,26.22],[90.1488,26.2165],[90.1521,26.2166],[90.1521,26.209],[90.1399,26.2012],[90.1256,26.1958],[90.1205,26.1993],[90.1125,26.1966],[90.1129,26.1916],[90.1014,26.185],[90.098,26.191],[90.0873,26.1862],[90.0697,26.1694],[90.0683,26.1751],[90.0638,26.1727],[90.0526,26.1556],[90.0334,26.1443],[90.025,26.1268],[90.0,26.1262],[90.0002,26.1302],[89.9974,26.1324],[89.982,26.1334],[89.9821,26.1366],[89.9779,26.1298],[89.9669,26.127],[89.9481,26.1285],[89.9382,26.1329],[89.9408,26.127],[89.9356,26.1169],[89.9089,26.1125],[89.9009,26.1173],[89.903,26.1186],[89.9117,26.1133],[89.9162,26.1164],[89.9086,26.1325],[89.8826,26.1357],[89.8788,26.143],[89.8689,26.149],[89.8721,26.1709],[89.8698,26.1795],[89.8753,26.1891],[89.8717,26.1913],[89.866,26.1848],[89.86,26.1881],[89.8616,26.1933],[89.8709,26.1973],[89.873,26.2021],[89.86,26.22],[89.8619,26.2243],[89.8689,26.2287],[89.8697,26.2341],[89.8652,26.2377],[89.8587,26.2383],[89.8672,26.2395],[89.8682,26.2431],[89.8742,26.2474],[89.8661,26.258],[89.8707,26.2603],[89.8687,26.2661],[89.8699,26.2753],[89.8764,26.2819],[89.8846,26.2986],[89.8832,26.3056],[89.8796,26.3071],[89.8859,26.3108],[89.8871,26.3143],[89.8902,26.3143],[89.8901,26.3126],[89.8928,26.3141],[89.8922,26.3176],[89.8973,26.3236],[89.9057,26.3263],[89.9049,26.3364],[89.9027,26.3388],[89.8692,26.3496],[89.8764,26.3555],[89.8757,26.3628],[89.8719,26.3645],[89.8657,26.3626],[89.8607,26.3691],[89.8511,26.3678],[89.8412,26.3794],[89.833,26.385],[89.8291,26.3849],[89.8249,26.3816],[89.8241,26.3778],[89.8273,26.3711],[89.8201,26.3641],[89.8233,26.3543],[89.8182,26.3524],[89.8113,26.3579],[89.8121,26.3628],[89.8195,26.3683],[89.8204,26.373],[89.8107,26.3714],[89.8015,26.3617],[89.7915,26.3598],[89.781,26.3528],[89.7791,26.3462],[89.7826,26.3327],[89.7692,26.3246],[89.7668,26.3193],[89.7605,26.3163],[89.7554,26.3233],[89.751,26.3224],[89.7535,26.3031],[89.76,26.2916],[89.7572,26.2888],[89.7487,26.2908],[89.7447,26.2969],[89.7377,26.2928],[89.7268,26.2944],[89.7217,26.2999],[89.7254,26.3073],[89.7231,26.3091],[89.7204,26.3079],[89.7177,26.2956],[89.7325,26.2805],[89.7383,26.2698],[89.7339,26.2668],[89.7343,26.2596],[89.7197,26.2574],[89.7125,26.2618],[89.7145,26.2698],[89.7071,26.2705],[89.7023,26.2594],[89.7047,26.2561],[89.717,26.2569],[89.7181,26.2449],[89.7319,26.2397],[89.7321,26.2367],[89.726,26.2323],[89.7142,26.2297],[89.7135,26.2209],[89.7107,26.2176],[89.7042,26.2168],[89.7012,26.2195],[89.7005,26.2179],[89.7039,26.2133],[89.7094,26.2115],[89.7256,26.2176],[89.7323,26.2152],[89.734,26.21],[89.7274,26.2053],[89.7176,26.2057],[89.7117,26.2023],[89.7175,26.2011],[89.7205,26.1952],[89.7132,26.1872],[89.7062,26.1871],[89.6986,26.1908],[89.7032,26.1827],[89.7035,26.1774],[89.7108,26.1715],[89.7227,26.177],[89.7331,26.1768],[89.7367,26.172],[89.7288,26.1734],[89.7285,26.167],[89.7196,26.1659],[89.7204,26.1584],[89.7254,26.1554],[89.742,26.1595],[89.7472,26.158],[89.7534,26.1485],[89.754,26.1396],[89.7634,26.1369],[89.7666,26.1293],[89.76,26.1176],[89.7553,26.114],[89.7567,26.1083],[89.7643,26.11],[89.77,26.1047],[89.779,26.1082],[89.7844,26.1054],[89.7857,26.1014],[89.7815,26.0995],[89.786,26.0965],[89.783,26.0935],[89.7818,26.0832],[89.7849,26.0834],[89.7891,26.0892],[89.7946,26.0887],[89.7949,26.0832],[89.79,26.0755],[89.7967,26.0767],[89.7951,26.0724],[89.7982,26.0661],[89.7956,26.0651],[89.7985,26.0654],[89.7986,26.0596],[89.7854,26.0571],[89.7847,26.0525],[89.7889,26.0489],[89.7791,26.0442],[89.7737,26.0385],[89.7766,26.0351],[89.7798,26.0405],[89.7887,26.0402],[89.7877,26.0363],[89.7907,26.0345],[89.7933,26.0358],[89.7934,26.0424],[89.8018,26.0405],[89.7979,26.0307],[89.7936,26.0279],[89.794,26.0226],[89.7877,26.0215],[89.788,26.019],[89.7924,26.0186],[89.7965,26.0231],[89.8022,26.0317],[89.8055,26.0441],[89.8087,26.0438],[89.8119,26.0404],[89.8141,26.0313],[89.8192,26.0257],[89.8154,26.0186],[89.822,26.0098],[89.8192,26.0034],[89.8204,25.9974],[89.8182,25.9959],[89.815,25.998],[89.8205,25.9873],[89.836,25.9824],[89.8364,25.9867],[89.8334,25.9906],[89.8309,26.0019],[89.831,26.0102],[89.8363,26.0127],[89.8474,26.0013],[89.8504,25.9901],[89.8669,25.9827],[89.8672,25.9795],[89.8709,25.9809],[89.8729,25.9773],[89.8719,25.9745],[89.8574,25.9688],[89.8419,25.9704],[89.8387,25.966],[89.8428,25.9645],[89.8472,25.957],[89.8446,25.9549],[89.8493,25.9492],[89.8294,25.955],[89.8255,25.9513],[89.8253,25.9459],[89.8421,25.9442],[89.8391,25.9412],[89.8446,25.94],[89.8484,25.9427],[89.8761,25.9469],[89.8872,25.9451],[89.8768,25.9259],[89.8783,25.9242],[89.8607,25.9076],[89.8575,25.9007],[89.848,25.8919],[89.8489,25.8879],[89.8431,25.8829],[89.8505,25.8796],[89.8673,25.8833],[89.8764,25.8791],[89.8832,25.8843],[89.8889,25.8957],[89.8979,25.9004],[89.9161,25.9045],[89.9183,25.9068],[89.9303,25.9063],[89.9336,25.9115],[89.9342,25.9215],[89.9373,25.9247],[89.949,25.925],[89.9436,25.9351],[89.9452,25.95],[89.9564,25.9524],[89.9585,25.9631],[89.968,25.973],[89.9756,25.9786],[89.9851,25.9802],[90.0194,26.0023],[90.0394,26.0041],[90.0563,26.0005],[90.058,26.004],[90.0635,26.0056],[90.0725,26.0254],[90.0709,26.0264],[90.0781,26.0323],[90.0825,26.0405],[90.101,26.0408],[90.118,26.053],[90.1254,26.0548],[90.1565,26.0478],[90.1821,26.0489],[90.1847,26.0517],[90.183,26.062],[90.1688,26.0775],[90.1689,26.0806],[90.1735,26.0902],[90.1737,26.1031],[90.1861,26.1107],[90.1892,26.1217],[90.1928,26.1257],[90.2147,26.1273],[90.248,26.1404],[90.2499,26.1494],[90.2611,26.1546],[90.2648,26.1832],[90.27,26.1821],[90.2771,26.1874],[90.289,26.1873],[90.3048,26.1928],[90.3183,26.1898],[90.3576,26.19],[90.4105,26.2118],[90.418,26.2201],[90.4266,26.224],[90.4302,26.2296],[90.4421,26.2365],[90.4422,26.2396],[90.43,26.2569],[90.4319,26.2608],[90.4367,26.2619],[90.4411,26.2533],[90.4503,26.2508],[90.4532,26.2541],[90.4458,26.2607],[90.4449,26.2675],[90.4535,26.2722],[90.458,26.266],[90.4693,26.2673],[90.4732,26.2708],[90.4708,26.274],[90.4586,26.2722],[90.4552,26.2852],[90.4592,26.2769],[90.466,26.2762],[90.4708,26.2794],[90.4634,26.2873],[90.4639,26.2898],[90.4759,26.288],[90.4836,26.2961],[90.4793,26.3022],[90.4789,26.3095],[90.4658,26.3253],[90.4742,26.3326],[90.4704,26.3344],[90.4624,26.3283],[90.454,26.3409],[90.4577,26.3475],[90.4537,26.3498],[90.4588,26.3545],[90.4571,26.3575],[90.4532,26.3575],[90.4486,26.3473],[90.4452,26.3459],[90.4431,26.3484],[90.4457,26.3549],[90.4421,26.3532],[90.4442,26.3604],[90.4363,26.3592],[90.44,26.3448],[90.436,26.3423],[90.4324,26.3448],[90.4312,26.3559],[90.4247,26.3637],[90.4,26.3635],[90.3952,26.3594],[90.3941,26.3546],[90.4042,26.3331],[90.4041,26.316],[90.3793,26.3093],[90.3794,26.3026],[90.3765,26.2993],[90.3748,26.2909],[90.3814,26.2781],[90.3829,26.2723],[90.3812,26.2687],[90.3617,26.2645],[90.3554,26.2582],[90.3566,26.2661],[90.3536,26.2698],[90.3567,26.2693],[90.3586,26.2654],[90.3628,26.2731],[90.3519,26.2872],[90.344,26.2707],[90.3385,26.2726],[90.3277,26.2702],[90.3272,26.2772],[90.3207,26.2788],[90.3181,26.2679],[90.3096,26.2617],[90.3074,26.2627],[90.3035,26.2575],[90.3066,26.2459],[90.2873,26.2374],[90.2855,26.2428],[90.288,26.2521],[90.2726,26.2526],[90.2736,26.2607],[90.2515,26.2644],[90.2522,26.2702],[90.2587,26.273],[90.2722,26.2673],[90.272,26.2721],[90.2811,26.2922],[90.2805,26.2974],[90.2726,26.3025],[90.2736,26.3062],[90.2713,26.3091],[90.2646,26.313],[90.2607,26.3248],[90.2673,26.3306],[90.2557,26.3355],[90.2501,26.3246],[90.2427,26.3287],[90.2392,26.3251],[90.2357,26.3259],[90.227,26.3343],[90.2184,26.3274],[90.216,26.3287],[90.2161,26.3349],[90.2278,26.3494],[90.2261,26.3519],[90.218,26.3485],[90.2148,26.3517],[90.2295,26.3555],[90.2328,26.3587],[90.2343,26.3655],[90.2264,26.3756],[90.2271,26.384]]]},"properties":{"dtname":"Dhubri","stname":"ASSAM","stcode11":"18","dtcode11":"301","year_stat":"2011_c","Shape_Length":553194.1616007978,"Shape_Area":1940842381.8043938,"OBJECTID":310,"test":1,"Dist_LGD":285,"State_LGD":18}},{"type":"Feature","id":311,"geometry":{"type":"Polygon","coordinates":[[[91.9784,26.2746],[91.9537,26.257],[91.9527,26.2541],[91.9339,26.2432],[91.9293,26.2423],[91.9241,26.2478],[91.9191,26.2464],[91.9123,26.2403],[91.9086,26.231],[91.9021,26.2266],[91.8861,26.2218],[91.886,26.2188],[91.8799,26.2167],[91.8726,26.2171],[91.8697,26.2211],[91.8592,26.2171],[91.8399,26.2153],[91.8208,26.2076],[91.816,26.2091],[91.7919,26.2059],[91.771,26.1985],[91.749,26.209],[91.7314,26.2109],[91.7298,26.2069],[91.7214,26.2043],[91.7185,26.1961],[91.7118,26.1914],[91.6984,26.1971],[91.6948,26.204],[91.686,26.2055],[91.6719,26.2019],[91.6707,26.2038],[91.6764,26.2125],[91.6823,26.2158],[91.6734,26.2216],[91.6709,26.2173],[91.6646,26.2197],[91.6629,26.212],[91.6507,26.204],[91.6481,26.1985],[91.6435,26.1955],[91.6446,26.1921],[91.6505,26.1921],[91.6538,26.1865],[91.6518,26.1783],[91.6574,26.1823],[91.6483,26.1651],[91.6215,26.1613],[91.6044,26.1547],[91.5648,26.1493],[91.5608,26.1332],[91.5614,26.1217],[91.5651,26.1167],[91.5641,26.1043],[91.5731,26.1027],[91.5734,26.0957],[91.5864,26.0923],[91.5872,26.0903],[91.5848,26.0854],[91.5794,26.0835],[91.5799,26.075],[91.5769,26.0716],[91.5715,26.0709],[91.568,26.0601],[91.5785,26.059],[91.5794,26.0682],[91.5847,26.0671],[91.5865,26.0577],[91.5983,26.0609],[91.6002,26.0756],[91.6107,26.0759],[91.611,26.0722],[91.6147,26.0712],[91.6293,26.0747],[91.6275,26.07],[91.6342,26.0698],[91.6874,26.0461],[91.723,26.035],[91.7253,26.0463],[91.7336,26.0493],[91.7368,26.0563],[91.731,26.059],[91.7627,26.0724],[91.7772,26.0894],[91.7832,26.0882],[91.7858,26.0841],[91.7913,26.0853],[91.8003,26.1001],[91.8029,26.0954],[91.8055,26.0992],[91.809,26.0979],[91.8101,26.1034],[91.8202,26.1126],[91.8202,26.1165],[91.8272,26.1192],[91.8373,26.1123],[91.8509,26.1085],[91.8657,26.1005],[91.8736,26.1007],[91.8791,26.0981],[91.8768,26.0917],[91.8784,26.0899],[91.8765,26.0768],[91.8702,26.0546],[91.8718,26.0511],[91.8672,26.0421],[91.8719,26.0447],[91.8747,26.0431],[91.873,26.0389],[91.8761,26.0365],[91.8751,26.0352],[91.8791,26.0345],[91.8789,26.0312],[91.883,26.0262],[91.8887,26.028],[91.8978,26.0235],[91.9051,26.024],[91.9084,26.0211],[91.9146,26.0206],[91.9129,26.0148],[91.9147,26.0141],[91.9097,26.0128],[91.9132,26.0095],[91.9097,26.0087],[91.9141,26.0073],[91.9122,26.005],[91.9143,25.9989],[91.9202,25.9979],[91.9282,26.0025],[91.9311,26.0125],[91.9339,26.0104],[91.9471,26.0133],[91.9477,26.0154],[91.9513,26.0148],[91.9619,26.0204],[91.9731,26.0222],[91.9789,26.0276],[91.9835,26.0259],[91.989,26.0386],[92.004,26.0357],[92.0061,26.0387],[92.0104,26.0367],[92.0305,26.0397],[92.0514,26.0329],[92.0667,26.0352],[92.0778,26.0424],[92.0972,26.0493],[92.1087,26.0508],[92.1213,26.044],[92.1281,26.0458],[92.1325,26.0443],[92.1341,26.0525],[92.1433,26.0561],[92.1526,26.0672],[92.1691,26.0776],[92.1761,26.0781],[92.1682,26.092],[92.1711,26.1013],[92.1635,26.1218],[92.1621,26.145],[92.1661,26.1541],[92.167,26.164],[92.1622,26.1632],[92.1547,26.1708],[92.1497,26.1615],[92.1323,26.1721],[92.1297,26.1806],[92.1066,26.1721],[92.08,26.1773],[92.0934,26.1854],[92.0937,26.1886],[92.0898,26.1898],[92.0818,26.1851],[92.0764,26.1956],[92.0602,26.1964],[92.0516,26.2076],[92.0555,26.2205],[92.0456,26.2256],[92.0372,26.2257],[92.028,26.2325],[92.0215,26.2332],[92.0201,26.2302],[92.0136,26.228],[92.0086,26.2315],[92.0125,26.239],[92.0104,26.2428],[92.0032,26.2374],[91.9801,26.2392],[91.972,26.2483],[91.9767,26.2506],[91.9784,26.2746]]]},"properties":{"dtname":"Kamrup Metropolitan","stname":"ASSAM","stcode11":"18","dtcode11":"322","year_stat":"2011_c","Shape_Length":246445.62696795777,"Shape_Area":1234915745.1364856,"OBJECTID":311,"test":0,"Dist_LGD":618,"State_LGD":18}},{"type":"Feature","id":314,"geometry":{"type":"MultiPolygon","coordinates":[[[[90.42,25.9429],[90.4228,25.9532],[90.4146,25.9227],[90.42,25.9429]]],[[[90.618,26.2093],[90.6002,26.2152],[90.5773,26.2035],[90.5497,26.2059],[90.5211,26.1997],[90.4971,26.1891],[90.4693,26.1682],[90.4652,26.1693],[90.4713,26.1771],[90.47,26.1782],[90.4448,26.1657],[90.4382,26.1741],[90.4484,26.184],[90.4247,26.1937],[90.3911,26.1915],[90.393,26.203],[90.3902,26.204],[90.3576,26.19],[90.3183,26.1898],[90.3048,26.1928],[90.289,26.1873],[90.2771,26.1874],[90.27,26.1821],[90.2648,26.1832],[90.2611,26.1546],[90.2499,26.1494],[90.248,26.1404],[90.2147,26.1273],[90.1955,26.1273],[90.1892,26.1217],[90.1861,26.1107],[90.1737,26.1031],[90.1735,26.0902],[90.1688,26.0775],[90.183,26.062],[90.1847,26.0517],[90.1798,26.047],[90.1708,26.0439],[90.1771,26.0413],[90.1805,26.0336],[90.1913,26.0314],[90.1973,26.026],[90.1948,26.02],[90.1835,26.0088],[90.1876,26.0014],[90.1797,26.0005],[90.1798,25.9973],[90.1763,25.9973],[90.1739,25.9935],[90.175,25.9894],[90.1705,25.9912],[90.1647,25.9869],[90.1598,25.9891],[90.1524,25.985],[90.1505,25.9806],[90.1421,25.9824],[90.1426,25.9783],[90.1397,25.9733],[90.1345,25.975],[90.1289,25.9664],[90.1275,25.9694],[90.1198,25.9695],[90.1175,25.9634],[90.1155,25.9639],[90.1189,25.9607],[90.1167,25.9593],[90.1206,25.9578],[90.1196,25.9542],[90.1317,25.9588],[90.1403,25.9573],[90.1393,25.9597],[90.1438,25.9602],[90.1514,25.9668],[90.1584,25.9572],[90.1657,25.9559],[90.1769,25.959],[90.1807,25.9499],[90.1868,25.9442],[90.1887,25.9459],[90.1873,25.95],[90.1908,25.9513],[90.1924,25.9553],[90.1998,25.957],[90.2028,25.961],[90.2099,25.9598],[90.2114,25.9527],[90.2705,25.9604],[90.3247,25.9735],[90.3279,25.9751],[90.3315,25.9877],[90.3403,25.9884],[90.343,25.9964],[90.3466,25.9979],[90.3497,26.0042],[90.3721,26.0114],[90.3997,26.0126],[90.4053,26.0091],[90.4111,26.0005],[90.4154,25.9989],[90.4168,25.9916],[90.4251,25.9889],[90.4374,25.9918],[90.4761,26.0097],[90.4886,26.0035],[90.5025,25.9916],[90.5349,25.9497],[90.5341,25.9391],[90.5206,25.9261],[90.5179,25.9158],[90.5085,25.9016],[90.5136,25.8964],[90.5213,25.8986],[90.5381,25.9138],[90.5491,25.9155],[90.55,25.9169],[90.5444,25.9206],[90.5437,25.9237],[90.5488,25.9215],[90.5524,25.9228],[90.5767,25.9368],[90.5797,25.9514],[90.5878,25.9582],[90.5996,25.9552],[90.6048,25.9472],[90.6241,25.9393],[90.6231,25.9352],[90.6122,25.9258],[90.6062,25.9167],[90.6135,25.8994],[90.6218,25.8979],[90.6249,25.8984],[90.6307,25.9064],[90.6306,25.9096],[90.6261,25.9098],[90.6285,25.9177],[90.6726,25.9347],[90.6883,25.949],[90.7138,25.9518],[90.7186,25.9552],[90.7199,25.9489],[90.7244,25.9469],[90.7324,25.9522],[90.7383,25.9528],[90.7377,25.9558],[90.7428,25.9581],[90.7444,25.9552],[90.748,25.9568],[90.7456,25.952],[90.7477,25.9484],[90.7403,25.9395],[90.7466,25.9282],[90.75,25.9331],[90.7546,25.9335],[90.7534,25.9284],[90.7469,25.9249],[90.7477,25.919],[90.7389,25.9163],[90.7424,25.9125],[90.7452,25.9119],[90.751,25.9184],[90.7605,25.922],[90.7606,25.9158],[90.7566,25.9111],[90.7638,25.9078],[90.778,25.9087],[90.778,25.9113],[90.7811,25.9114],[90.7844,25.9252],[90.7963,25.9406],[90.8091,25.9475],[90.809,25.9525],[90.8161,25.949],[90.8192,25.9504],[90.8243,25.9455],[90.8258,25.9488],[90.8328,25.946],[90.8361,25.9485],[90.8354,25.9367],[90.8443,25.9461],[90.8748,25.9426],[90.8716,25.9477],[90.8766,25.9495],[90.881,25.9429],[90.8804,25.9506],[90.8845,25.9504],[90.8857,25.945],[90.8896,25.9433],[90.89,25.9382],[90.8974,25.9376],[90.8944,25.9313],[90.9052,25.929],[90.9061,25.9251],[90.9168,25.9142],[90.9194,25.9153],[90.9142,25.9258],[90.9173,25.9445],[90.9219,25.9414],[90.9239,25.943],[90.9338,25.9399],[90.9399,25.9474],[90.9474,25.9482],[90.9461,25.9411],[90.957,25.9351],[90.9666,25.9142],[90.9689,25.9038],[90.9659,25.8885],[90.9688,25.8853],[90.976,25.8898],[91.0006,25.888],[91.001,25.8859],[91.0105,25.8843],[91.0178,25.8847],[91.0252,25.8889],[91.0304,25.886],[91.0305,25.9],[91.0355,25.905],[91.0427,25.9265],[91.052,25.936],[91.0476,25.9415],[91.059,25.9559],[91.0641,25.9586],[91.0691,25.9674],[91.0804,25.9723],[91.0825,25.9797],[91.0859,25.982],[91.0902,26.0041],[91.0997,26.0094],[91.098,26.0124],[91.0923,26.0142],[91.0911,26.0215],[91.0873,26.0238],[91.0892,26.0321],[91.082,26.0335],[91.0786,26.04],[91.0706,26.041],[91.0651,26.0475],[91.0599,26.0462],[91.0546,26.0496],[91.0448,26.0437],[91.0346,26.0512],[91.0315,26.0469],[91.0262,26.0467],[91.01,26.0582],[90.9813,26.0628],[90.9609,26.0788],[90.9588,26.0875],[90.9524,26.0865],[90.9473,26.0933],[90.941,26.0917],[90.9352,26.1013],[90.9247,26.097],[90.9237,26.0937],[90.9159,26.0898],[90.8716,26.0956],[90.86,26.1125],[90.8486,26.1149],[90.8395,26.1092],[90.8248,26.1186],[90.8157,26.1198],[90.7928,26.1292],[90.7455,26.1362],[90.7333,26.1361],[90.7145,26.1301],[90.7079,26.1459],[90.694,26.1508],[90.684,26.1721],[90.6769,26.1811],[90.6764,26.1899],[90.6706,26.2001],[90.656,26.2111],[90.6453,26.21],[90.6224,26.202],[90.618,26.2093]]]]},"properties":{"dtname":"Goalpara","stname":"ASSAM","stcode11":"18","dtcode11":"302","year_stat":"2011_c","Shape_Length":385196.63802986126,"Shape_Area":2461774005.0109353,"OBJECTID":314,"test":1,"Dist_LGD":287,"State_LGD":18}},{"type":"Feature","id":321,"geometry":{"type":"Polygon","coordinates":[[[93.0063,25.8265],[92.99,25.8224],[92.9858,25.8131],[92.9809,25.8086],[92.9875,25.8014],[92.9843,25.7804],[92.9797,25.7812],[92.9821,25.789],[92.9806,25.7905],[92.9673,25.7818],[92.97,25.791],[92.9593,25.7983],[92.9564,25.804],[92.9673,25.8152],[92.9635,25.8178],[92.9557,25.8083],[92.9488,25.8086],[92.9443,25.8032],[92.9285,25.8068],[92.9327,25.7996],[92.9282,25.793],[92.9269,25.7765],[92.9228,25.7722],[92.8836,25.7565],[92.8431,25.751],[92.8294,25.7423],[92.8209,25.7414],[92.8216,25.7185],[92.8147,25.7091],[92.8138,25.7023],[92.8013,25.6979],[92.7994,25.6904],[92.7782,25.6799],[92.7746,25.6743],[92.7753,25.6711],[92.7895,25.6596],[92.7831,25.6464],[92.7716,25.6396],[92.7662,25.6323],[92.7584,25.6287],[92.7621,25.6218],[92.7682,25.6198],[92.7679,25.617],[92.764,25.6143],[92.7545,25.6152],[92.7496,25.609],[92.7491,25.5997],[92.7383,25.5929],[92.7191,25.5886],[92.7148,25.5909],[92.7125,25.599],[92.6942,25.5979],[92.6788,25.583],[92.6789,25.5804],[92.6829,25.5792],[92.6827,25.5766],[92.6591,25.5713],[92.6569,25.5612],[92.6455,25.5563],[92.642,25.5417],[92.6428,25.5349],[92.6318,25.5278],[92.6201,25.5162],[92.609,25.5119],[92.5972,25.5026],[92.591,25.5012],[92.5736,25.4906],[92.5643,25.4737],[92.5665,25.4635],[92.5744,25.4664],[92.5803,25.4722],[92.584,25.4657],[92.5918,25.4705],[92.5985,25.4682],[92.6004,25.4649],[92.5975,25.4508],[92.6045,25.4477],[92.603,25.4352],[92.6069,25.4277],[92.6044,25.421],[92.6065,25.4133],[92.6185,25.4231],[92.6275,25.4221],[92.6256,25.435],[92.6358,25.4274],[92.6395,25.4177],[92.6535,25.4336],[92.6518,25.4193],[92.6616,25.4065],[92.6674,25.4149],[92.6734,25.4141],[92.6777,25.4071],[92.6927,25.3978],[92.6982,25.3864],[92.7098,25.3846],[92.7179,25.3727],[92.7237,25.3789],[92.7379,25.3794],[92.7323,25.369],[92.7387,25.3671],[92.7395,25.3614],[92.7463,25.3584],[92.7498,25.3442],[92.7545,25.3425],[92.761,25.3336],[92.7698,25.3383],[92.7817,25.3333],[92.7868,25.3145],[92.7813,25.3046],[92.7924,25.2827],[92.7874,25.2742],[92.7797,25.2736],[92.7766,25.2701],[92.7685,25.2682],[92.7777,25.2583],[92.7749,25.2521],[92.7664,25.2522],[92.7618,25.2466],[92.7701,25.2374],[92.7716,25.2301],[92.7819,25.2303],[92.789,25.2248],[92.8014,25.2203],[92.8028,25.2163],[92.7949,25.2099],[92.786,25.2094],[92.7761,25.1997],[92.7674,25.2036],[92.7548,25.2019],[92.7428,25.2068],[92.7371,25.2006],[92.716,25.1959],[92.7091,25.1902],[92.7025,25.1885],[92.6938,25.1793],[92.6833,25.1796],[92.6771,25.1826],[92.6679,25.1742],[92.6634,25.1768],[92.6583,25.172],[92.6579,25.1589],[92.6557,25.1551],[92.6386,25.1478],[92.6282,25.1382],[92.6288,25.1263],[92.6213,25.1151],[92.6162,25.1159],[92.6088,25.1227],[92.5949,25.1223],[92.588,25.1289],[92.5831,25.1282],[92.5765,25.1311],[92.5681,25.1283],[92.5605,25.1304],[92.5553,25.1271],[92.5383,25.1336],[92.5248,25.1353],[92.5224,25.1393],[92.5205,25.137],[92.523,25.1261],[92.5393,25.0992],[92.5465,25.104],[92.5718,25.1016],[92.5918,25.1064],[92.5984,25.1107],[92.6026,25.1104],[92.6136,25.103],[92.6195,25.1024],[92.6219,25.1033],[92.6232,25.1079],[92.6318,25.1091],[92.639,25.117],[92.6429,25.1178],[92.6486,25.1176],[92.6651,25.1091],[92.6731,25.1093],[92.6838,25.1145],[92.6929,25.1108],[92.6995,25.111],[92.7117,25.117],[92.7225,25.1127],[92.7238,25.1182],[92.7349,25.1259],[92.7282,25.1363],[92.7295,25.1431],[92.7329,25.1395],[92.7446,25.1358],[92.7527,25.139],[92.7671,25.1156],[92.7643,25.11],[92.7648,25.1031],[92.7779,25.0883],[92.7846,25.0859],[92.7961,25.088],[92.8126,25.0814],[92.8285,25.0707],[92.8272,25.0585],[92.8358,25.0527],[92.8547,25.0645],[92.8611,25.0639],[92.8691,25.0669],[92.8726,25.0644],[92.8813,25.0676],[92.8856,25.0751],[92.8926,25.0746],[92.8975,25.0793],[92.9172,25.0795],[92.9207,25.0769],[92.9301,25.079],[92.9427,25.069],[92.9518,25.0691],[92.955,25.0767],[92.9526,25.0831],[92.959,25.0901],[92.9708,25.0853],[92.9774,25.0856],[92.9841,25.0937],[93.0164,25.0976],[93.0222,25.104],[93.0361,25.1049],[93.0471,25.0993],[93.0431,25.0885],[93.0318,25.0781],[93.0211,25.0755],[93.0142,25.0618],[93.0212,25.0549],[93.0216,25.0508],[93.0293,25.0431],[93.0351,25.0408],[93.0367,25.0366],[93.0477,25.035],[93.0531,25.0307],[93.0609,25.0177],[93.058,25.0169],[93.0548,25.0107],[93.06,25.0082],[93.0619,25.0023],[93.0653,25.0045],[93.0682,25.0034],[93.068,25.0007],[93.1797,25.0007],[93.1787,24.9969],[93.1848,24.9948],[93.1874,24.9983],[93.1879,24.993],[93.1985,24.9913],[93.1968,24.9881],[93.2032,24.9816],[93.2127,24.9835],[93.2139,24.9881],[93.2243,24.9845],[93.2273,24.9873],[93.2326,24.9825],[93.229,24.9808],[93.2302,24.9775],[93.2335,24.9756],[93.237,24.9778],[93.2396,24.9732],[93.2435,24.9751],[93.2447,24.9703],[93.2518,24.976],[93.2493,24.9794],[93.2533,24.9822],[93.2513,24.9861],[93.2569,24.9962],[93.2527,24.999],[93.2598,25.0012],[93.2573,25.0048],[93.2525,25.001],[93.2504,25.0044],[93.2488,24.999],[93.2443,24.9982],[93.2441,25.0034],[93.2417,25.004],[93.2476,25.015],[93.2436,25.0162],[93.2438,25.0184],[93.2538,25.0207],[93.2539,25.0256],[93.2513,25.0272],[93.2537,25.0273],[93.2598,25.0351],[93.2595,25.0413],[93.266,25.0439],[93.2622,25.046],[93.2641,25.0495],[93.2704,25.0509],[93.272,25.0485],[93.2744,25.051],[93.28,25.0511],[93.2796,25.0473],[93.2826,25.0491],[93.2834,25.0451],[93.2871,25.0471],[93.2889,25.0458],[93.2913,25.0487],[93.2936,25.0464],[93.2947,25.0512],[93.2987,25.052],[93.2974,25.0467],[93.2999,25.0461],[93.3007,25.056],[93.3055,25.0575],[93.3027,25.0645],[93.3148,25.0847],[93.3218,25.0909],[93.3323,25.0936],[93.3324,25.1008],[93.338,25.11],[93.3366,25.1117],[93.3413,25.1139],[93.3392,25.1156],[93.3421,25.12],[93.3411,25.1232],[93.3452,25.1236],[93.3416,25.1268],[93.3452,25.1304],[93.3423,25.1376],[93.3474,25.1389],[93.3451,25.1508],[93.3465,25.1572],[93.3439,25.1592],[93.3458,25.1699],[93.354,25.1878],[93.3573,25.1877],[93.3566,25.192],[93.3599,25.192],[93.3593,25.1954],[93.3655,25.1982],[93.366,25.2062],[93.3706,25.208],[93.3688,25.2111],[93.3737,25.2119],[93.3733,25.2149],[93.3766,25.218],[93.3755,25.2202],[93.3817,25.223],[93.3812,25.2275],[93.3845,25.2315],[93.3815,25.2344],[93.381,25.2397],[93.3865,25.2429],[93.3925,25.2501],[93.3936,25.2548],[93.4011,25.2607],[93.4158,25.2644],[93.4204,25.2776],[93.4266,25.2797],[93.4274,25.2833],[93.4553,25.2936],[93.4631,25.3016],[93.4672,25.3018],[93.4704,25.3052],[93.4665,25.3119],[93.4533,25.3216],[93.4564,25.3355],[93.452,25.3361],[93.4483,25.3407],[93.4534,25.3567],[93.4591,25.3609],[93.4637,25.3597],[93.4671,25.3634],[93.4724,25.3744],[93.4731,25.3853],[93.4631,25.3957],[93.4596,25.4033],[93.4622,25.418],[93.456,25.4338],[93.4429,25.4414],[93.4394,25.4411],[93.4363,25.4483],[93.4255,25.4484],[93.4155,25.4451],[93.4103,25.45],[93.4086,25.4484],[93.4024,25.4509],[93.3972,25.4604],[93.3939,25.4585],[93.3916,25.4619],[93.3902,25.4605],[93.3882,25.4636],[93.3903,25.4645],[93.3844,25.4693],[93.3889,25.4726],[93.3891,25.4765],[93.3865,25.4779],[93.3913,25.4823],[93.3859,25.4834],[93.3845,25.4853],[93.3864,25.4875],[93.3837,25.4884],[93.3854,25.4905],[93.3773,25.4931],[93.3766,25.4976],[93.3672,25.4996],[93.3691,25.5036],[93.3642,25.5039],[93.3615,25.5124],[93.3568,25.5138],[93.355,25.5249],[93.3499,25.5288],[93.35,25.5323],[93.3482,25.53],[93.345,25.5343],[93.3352,25.5343],[93.3363,25.5388],[93.3302,25.5424],[93.3227,25.5369],[93.3218,25.5331],[93.3019,25.5302],[93.2988,25.5327],[93.2994,25.5378],[93.2925,25.5444],[93.2777,25.5358],[93.276,25.5322],[93.2705,25.5312],[93.2628,25.5405],[93.2635,25.5447],[93.2584,25.5488],[93.2316,25.5458],[93.2226,25.5488],[93.2154,25.5475],[93.2137,25.5495],[93.2106,25.5465],[93.2112,25.5431],[93.2076,25.5442],[93.2082,25.5488],[93.2059,25.5496],[93.2053,25.5536],[93.1983,25.5555],[93.1972,25.5592],[93.2002,25.5598],[93.1987,25.5642],[93.1926,25.5653],[93.1892,25.5704],[93.192,25.5747],[93.1866,25.5763],[93.1877,25.5816],[93.183,25.5818],[93.1848,25.5838],[93.1793,25.5873],[93.1766,25.5928],[93.1813,25.5929],[93.1757,25.6041],[93.1769,25.6128],[93.1808,25.6171],[93.1795,25.6194],[93.1824,25.6192],[93.1846,25.6225],[93.1886,25.622],[93.1919,25.6321],[93.1876,25.6318],[93.1815,25.6413],[93.1809,25.6384],[93.1782,25.6397],[93.1799,25.6412],[93.1769,25.6416],[93.1781,25.6474],[93.1716,25.6529],[93.1707,25.6618],[93.1611,25.6624],[93.1572,25.6664],[93.1528,25.6623],[93.1487,25.6656],[93.1456,25.6648],[93.1429,25.6607],[93.1413,25.6672],[93.136,25.6701],[93.1377,25.6751],[93.1338,25.6777],[93.1316,25.6864],[93.1364,25.692],[93.1342,25.7056],[93.1406,25.7123],[93.1401,25.716],[93.1435,25.7175],[93.1421,25.7195],[93.1487,25.7324],[93.1449,25.7367],[93.1464,25.7384],[93.1419,25.7365],[93.1413,25.7413],[93.1378,25.7446],[93.1258,25.7487],[93.1295,25.7609],[93.125,25.763],[93.1185,25.7606],[93.1146,25.7667],[93.1104,25.7654],[93.1092,25.7694],[93.1048,25.7698],[93.105,25.7737],[93.0988,25.7738],[93.0988,25.777],[93.096,25.7761],[93.095,25.7698],[93.0904,25.7694],[93.0911,25.7719],[93.0831,25.7686],[93.0805,25.771],[93.0806,25.7685],[93.0752,25.7662],[93.0736,25.7693],[93.0723,25.7671],[93.0687,25.7671],[93.0645,25.7746],[93.0659,25.7759],[93.0631,25.7767],[93.0576,25.7723],[93.0582,25.7753],[93.0558,25.7773],[93.0591,25.7792],[93.0584,25.7809],[93.0521,25.7786],[93.0529,25.7846],[93.0351,25.7954],[93.0251,25.7942],[93.0186,25.8012],[93.0116,25.7895],[93.0032,25.7864],[92.9994,25.7935],[92.9982,25.8079],[93.0063,25.8265]]]},"properties":{"dtname":"Dima Hasao","stname":"ASSAM","stcode11":"18","dtcode11":"315","year_stat":"2011_c","Shape_Length":565250.6698081356,"Shape_Area":6008052126.465922,"OBJECTID":321,"test":0,"Dist_LGD":299,"State_LGD":18}},{"type":"Feature","id":358,"geometry":{"type":"Polygon","coordinates":[[[92.7302,25.1432],[92.7282,25.1363],[92.7349,25.1259],[92.7238,25.1182],[92.7225,25.1127],[92.7117,25.117],[92.6995,25.111],[92.6929,25.1108],[92.6838,25.1145],[92.6731,25.1093],[92.6651,25.1091],[92.6486,25.1176],[92.6429,25.1178],[92.639,25.117],[92.6318,25.1091],[92.6232,25.1079],[92.6219,25.1033],[92.6195,25.1024],[92.6136,25.103],[92.6026,25.1104],[92.5984,25.1107],[92.5918,25.1064],[92.5718,25.1016],[92.5465,25.104],[92.538,25.0987],[92.5199,25.106],[92.5088,25.1043],[92.4969,25.1096],[92.4809,25.1087],[92.4773,25.1003],[92.4793,25.0867],[92.4775,25.0827],[92.474,25.0821],[92.4753,25.0779],[92.4705,25.0765],[92.4719,25.0674],[92.4683,25.066],[92.4636,25.055],[92.4601,25.0574],[92.4569,25.0542],[92.457,25.0468],[92.4623,25.0482],[92.4642,25.0375],[92.449,25.0407],[92.4424,25.0453],[92.4382,25.044],[92.4381,25.0347],[92.4321,25.0352],[92.4292,25.0292],[92.4252,25.0297],[92.4248,25.012],[92.4159,24.9901],[92.4219,24.9884],[92.4184,24.9665],[92.4222,24.9648],[92.442,24.9663],[92.4474,24.964],[92.4586,24.9705],[92.4671,24.964],[92.4683,24.9602],[92.4657,24.9569],[92.4557,24.955],[92.4496,24.9501],[92.4478,24.9438],[92.4491,24.9389],[92.4783,24.9428],[92.4828,24.9468],[92.4872,24.9471],[92.4839,24.9286],[92.4875,24.9207],[92.4945,24.916],[92.4928,24.9062],[92.4967,24.9022],[92.491,24.8916],[92.4904,24.8741],[92.515,24.8795],[92.5216,24.8647],[92.526,24.8611],[92.546,24.8685],[92.5563,24.8774],[92.5727,24.8732],[92.5973,24.8791],[92.6052,24.866],[92.6126,24.8608],[92.6217,24.8582],[92.6359,24.8595],[92.6462,24.8528],[92.6467,24.85],[92.6439,24.8498],[92.634,24.8549],[92.6293,24.8549],[92.6311,24.8463],[92.6367,24.8398],[92.6329,24.8312],[92.6393,24.8304],[92.637,24.8252],[92.6383,24.8219],[92.6398,24.8204],[92.6426,24.8222],[92.6459,24.8152],[92.6579,24.8171],[92.6628,24.8142],[92.6729,24.8178],[92.6775,24.8164],[92.6795,24.8125],[92.6837,24.8145],[92.6799,24.8012],[92.6745,24.8006],[92.669,24.7927],[92.6638,24.7651],[92.6558,24.7536],[92.6571,24.7006],[92.651,24.6914],[92.6502,24.6845],[92.6558,24.6785],[92.6564,24.6735],[92.6651,24.6736],[92.6655,24.6276],[92.6872,24.6254],[92.6957,24.6188],[92.6967,24.6153],[92.6752,24.6109],[92.6737,24.6089],[92.6664,24.6097],[92.6699,24.5998],[92.6679,24.5911],[92.6752,24.5845],[92.6792,24.5847],[92.6897,24.5751],[92.7015,24.5714],[92.7016,24.5661],[92.7124,24.5688],[92.716,24.5676],[92.7173,24.5618],[92.7212,24.5648],[92.7229,24.5744],[92.7329,24.5823],[92.7321,24.5884],[92.7353,24.5903],[92.7358,24.5866],[92.7435,24.5852],[92.7455,24.5826],[92.7527,24.5839],[92.7536,24.5808],[92.7588,24.5777],[92.7618,24.5682],[92.7643,24.567],[92.7694,24.5709],[92.7721,24.5687],[92.7757,24.5714],[92.7801,24.569],[92.7714,24.5517],[92.7736,24.5502],[92.76,24.5303],[92.7572,24.5223],[92.7593,24.5185],[92.7629,24.5226],[92.7637,24.5211],[92.7966,24.4329],[92.8012,24.4298],[92.8026,24.4245],[92.7993,24.4192],[92.8067,24.419],[92.8123,24.4094],[92.8188,24.4102],[92.8176,24.4081],[92.8201,24.4038],[92.8298,24.4004],[92.823,24.3866],[92.8265,24.3813],[92.8261,24.3765],[92.8298,24.3737],[92.8357,24.3786],[92.8429,24.3777],[92.8461,24.3861],[92.8608,24.3986],[92.8732,24.395],[92.8836,24.4025],[92.8885,24.3984],[92.8914,24.4006],[92.8929,24.3928],[92.9028,24.3912],[92.907,24.4114],[92.9092,24.413],[92.9109,24.4121],[92.9092,24.4102],[92.9219,24.4036],[92.9203,24.401],[92.9241,24.3962],[92.9274,24.3966],[92.9339,24.3924],[92.939,24.4007],[92.9454,24.4002],[92.9511,24.4031],[92.9572,24.3922],[92.9601,24.392],[92.9744,24.4085],[92.9847,24.4057],[92.9923,24.399],[92.9972,24.3995],[93.0129,24.4171],[93.015,24.4156],[93.0148,24.4103],[93.0182,24.4078],[93.0245,24.4069],[93.0351,24.4097],[93.0415,24.4131],[93.0432,24.4184],[93.0329,24.4282],[93.0363,24.4423],[93.0356,24.4599],[93.039,24.4623],[93.0442,24.4621],[93.0467,24.4683],[93.0435,24.4804],[93.0325,24.4954],[93.0427,24.5049],[93.0371,24.5095],[93.0386,24.513],[93.05,24.5195],[93.0504,24.5233],[93.0471,24.5287],[93.0499,24.5443],[93.0569,24.5545],[93.0604,24.5537],[93.0616,24.5474],[93.0645,24.5469],[93.0709,24.5589],[93.0581,24.5739],[93.0621,24.5763],[93.0756,24.5752],[93.0843,24.5712],[93.0891,24.5735],[93.0931,24.5816],[93.1043,24.5825],[93.1015,24.5877],[93.0935,24.5918],[93.0802,24.5902],[93.071,24.6007],[93.0738,24.6057],[93.0841,24.6137],[93.077,24.6202],[93.0756,24.6246],[93.0786,24.629],[93.0872,24.6298],[93.0875,24.6371],[93.0831,24.6499],[93.0861,24.6528],[93.0953,24.6529],[93.0964,24.6644],[93.1041,24.6743],[93.1018,24.6808],[93.09,24.6773],[93.0912,24.6881],[93.0817,24.7023],[93.0734,24.7079],[93.0773,24.7131],[93.0824,24.7089],[93.0865,24.7096],[93.0907,24.7183],[93.0931,24.719],[93.0903,24.7215],[93.0906,24.7252],[93.0958,24.7243],[93.097,24.7321],[93.1077,24.7415],[93.1026,24.7469],[93.1015,24.7429],[93.0998,24.7433],[93.0982,24.7469],[93.101,24.7497],[93.0981,24.7545],[93.1023,24.7593],[93.1035,24.7673],[93.1002,24.7737],[93.1004,24.7795],[93.1051,24.7812],[93.1047,24.7914],[93.1083,24.7919],[93.1113,24.8007],[93.1093,24.8116],[93.1213,24.8193],[93.1188,24.8078],[93.1269,24.8089],[93.1317,24.8053],[93.1347,24.8107],[93.1385,24.8101],[93.1346,24.8082],[93.141,24.8014],[93.1416,24.7974],[93.1511,24.7948],[93.1494,24.7875],[93.1541,24.7888],[93.161,24.7963],[93.1706,24.802],[93.1735,24.8013],[93.1756,24.7938],[93.1792,24.7973],[93.1798,24.8032],[93.191,24.8041],[93.1969,24.8117],[93.19,24.8187],[93.1958,24.831],[93.1915,24.8345],[93.1977,24.8343],[93.2005,24.8381],[93.1996,24.8396],[93.196,24.8368],[93.1919,24.8419],[93.1948,24.8444],[93.2014,24.8422],[93.2012,24.8486],[93.1947,24.854],[93.1995,24.8552],[93.204,24.8512],[93.2135,24.8607],[93.2146,24.8654],[93.2214,24.8696],[93.2203,24.8736],[93.2263,24.8729],[93.2219,24.8778],[93.2214,24.8816],[93.2248,24.8803],[93.2276,24.8851],[93.2327,24.8848],[93.2259,24.892],[93.232,24.892],[93.2295,24.8979],[93.2384,24.8988],[93.2407,24.9035],[93.2351,24.9115],[93.244,24.9107],[93.2487,24.9149],[93.2459,24.9253],[93.2384,24.9258],[93.245,24.9355],[93.2425,24.9362],[93.237,24.9326],[93.2367,24.9373],[93.2448,24.9413],[93.2512,24.9407],[93.2509,24.9435],[93.2472,24.9452],[93.249,24.9483],[93.2451,24.9507],[93.2499,24.9552],[93.2608,24.9586],[93.2629,24.9614],[93.2622,24.9688],[93.2571,24.9737],[93.2523,24.9744],[93.2443,24.9703],[93.2435,24.9751],[93.2399,24.9732],[93.237,24.9778],[93.2319,24.9761],[93.2289,24.9805],[93.2326,24.9825],[93.2273,24.9873],[93.2243,24.9845],[93.2139,24.9881],[93.2127,24.9835],[93.2029,24.9817],[93.1968,24.9881],[93.1985,24.9913],[93.1879,24.993],[93.1874,24.9983],[93.1848,24.9948],[93.1787,24.9969],[93.1797,25.0007],[93.068,25.0007],[93.0682,25.0034],[93.0653,25.0045],[93.0619,25.0023],[93.06,25.0082],[93.0548,25.0107],[93.058,25.0169],[93.0609,25.0177],[93.0531,25.0307],[93.0477,25.035],[93.0367,25.0366],[93.0351,25.0408],[93.0293,25.0431],[93.0216,25.0508],[93.0212,25.0549],[93.0142,25.0618],[93.0211,25.0755],[93.0318,25.0781],[93.0431,25.0885],[93.0471,25.0993],[93.0371,25.1047],[93.0222,25.104],[93.0156,25.0975],[92.9841,25.0937],[92.9774,25.0856],[92.9708,25.0853],[92.959,25.0901],[92.9526,25.0831],[92.955,25.0767],[92.9518,25.0691],[92.9427,25.069],[92.9301,25.079],[92.9207,25.0769],[92.9172,25.0795],[92.8975,25.0793],[92.8926,25.0746],[92.8856,25.0751],[92.8813,25.0676],[92.8726,25.0644],[92.8691,25.0669],[92.8611,25.0639],[92.8547,25.0645],[92.8358,25.0527],[92.8272,25.0585],[92.8285,25.0707],[92.8126,25.0814],[92.7961,25.088],[92.7846,25.0859],[92.7779,25.0883],[92.7648,25.1031],[92.7643,25.11],[92.7671,25.1156],[92.7539,25.1381],[92.7446,25.1358],[92.7329,25.1395],[92.7302,25.1432]]]},"properties":{"dtname":"Cachar","stname":"ASSAM","stcode11":"18","dtcode11":"316","year_stat":"2011_c","Shape_Length":488057.5074678614,"Shape_Area":4611978588.911074,"OBJECTID":358,"test":0,"Dist_LGD":282,"State_LGD":18}},{"type":"Feature","id":367,"geometry":{"type":"Polygon","coordinates":[[[92.2988,24.9157],[92.2859,24.912],[92.2821,24.9061],[92.2723,24.9052],[92.2482,24.909],[92.2354,24.9028],[92.2335,24.8997],[92.236,24.8993],[92.2356,24.8928],[92.2471,24.885],[92.2467,24.8721],[92.2447,24.872],[92.246,24.8675],[92.238,24.8685],[92.2347,24.8616],[92.2395,24.8577],[92.2414,24.8421],[92.2533,24.8381],[92.2501,24.8357],[92.2515,24.8344],[92.2489,24.8297],[92.2529,24.8323],[92.273,24.8276],[92.2725,24.8212],[92.2762,24.8156],[92.2739,24.8145],[92.2762,24.8121],[92.2734,24.7994],[92.2792,24.7969],[92.2811,24.7906],[92.2885,24.7883],[92.2889,24.7848],[92.2847,24.7746],[92.2817,24.7755],[92.2831,24.771],[92.2799,24.7664],[92.2889,24.7609],[92.279,24.7457],[92.2812,24.7424],[92.2959,24.7366],[92.277,24.7116],[92.2677,24.6944],[92.2596,24.6874],[92.2583,24.6796],[92.2544,24.6781],[92.257,24.6735],[92.2515,24.66],[92.247,24.6549],[92.2498,24.6491],[92.2432,24.6258],[92.2435,24.6163],[92.2352,24.5979],[92.2312,24.547],[92.2117,24.5045],[92.2298,24.5024],[92.2311,24.4953],[92.2365,24.4888],[92.2298,24.4817],[92.2312,24.4801],[92.2287,24.4757],[92.2303,24.4667],[92.2286,24.4615],[92.2317,24.457],[92.23,24.4517],[92.2367,24.4446],[92.2429,24.4453],[92.2466,24.442],[92.2567,24.3993],[92.2598,24.3585],[92.2401,24.3264],[92.2374,24.3093],[92.2188,24.2857],[92.2094,24.2574],[92.2097,24.2483],[92.1923,24.2433],[92.2006,24.2422],[92.2173,24.2343],[92.2208,24.2345],[92.2248,24.2411],[92.2369,24.2403],[92.2665,24.251],[92.4322,24.2554],[92.4401,24.2712],[92.4495,24.2803],[92.4513,24.2881],[92.456,24.2904],[92.4637,24.3006],[92.4763,24.326],[92.4839,24.3553],[92.4914,24.369],[92.4905,24.3716],[92.4955,24.3856],[92.4935,24.3927],[92.5016,24.4105],[92.5028,24.4307],[92.5062,24.4355],[92.5058,24.4511],[92.5088,24.4549],[92.5053,24.4569],[92.5079,24.4601],[92.5067,24.4724],[92.5101,24.4834],[92.5062,24.4898],[92.5085,24.4973],[92.5073,24.5195],[92.5099,24.5249],[92.5055,24.5348],[92.5103,24.5387],[92.5091,24.5415],[92.5132,24.548],[92.5139,24.5557],[92.5167,24.5578],[92.5142,24.5656],[92.5172,24.574],[92.5086,24.583],[92.5089,24.5873],[92.5046,24.5896],[92.503,24.6049],[92.5095,24.6036],[92.5067,24.6118],[92.5077,24.6284],[92.5041,24.6278],[92.5016,24.6303],[92.5067,24.6358],[92.504,24.6466],[92.5071,24.6502],[92.5036,24.6532],[92.5064,24.664],[92.4989,24.6684],[92.497,24.6729],[92.4937,24.673],[92.4958,24.6828],[92.4937,24.6833],[92.4979,24.6867],[92.4959,24.689],[92.5032,24.6975],[92.5051,24.7062],[92.5184,24.7215],[92.5178,24.7248],[92.5222,24.7295],[92.5215,24.744],[92.525,24.7517],[92.5345,24.7548],[92.5451,24.7656],[92.5452,24.7691],[92.5401,24.7769],[92.5443,24.7811],[92.5405,24.788],[92.5428,24.7929],[92.542,24.7982],[92.5459,24.8007],[92.5446,24.8076],[92.5513,24.8118],[92.5586,24.8231],[92.5603,24.8208],[92.5664,24.8241],[92.5648,24.8265],[92.5675,24.8306],[92.5826,24.844],[92.5862,24.8612],[92.5824,24.8674],[92.5824,24.872],[92.5798,24.8736],[92.5672,24.8737],[92.5563,24.8774],[92.546,24.8685],[92.5253,24.8611],[92.5216,24.8647],[92.515,24.8795],[92.4932,24.8746],[92.4878,24.8714],[92.4799,24.8728],[92.4758,24.8675],[92.4615,24.8733],[92.4446,24.872],[92.4419,24.8701],[92.4385,24.8561],[92.4255,24.8527],[92.4153,24.8581],[92.4063,24.8591],[92.4031,24.856],[92.4028,24.8495],[92.3999,24.8487],[92.3857,24.8518],[92.3839,24.8585],[92.3778,24.8628],[92.375,24.8736],[92.3712,24.8747],[92.3632,24.8723],[92.3609,24.8786],[92.3547,24.8795],[92.3486,24.8911],[92.3447,24.8894],[92.3443,24.8801],[92.3395,24.8782],[92.3287,24.8883],[92.3267,24.8967],[92.3154,24.8954],[92.3067,24.9022],[92.3071,24.9078],[92.3039,24.9135],[92.2988,24.9157]]]},"properties":{"dtname":"Karimganj","stname":"ASSAM","stcode11":"18","dtcode11":"317","year_stat":"2011_c","Shape_Length":282986.9898368493,"Shape_Area":2234859323.649042,"OBJECTID":367,"test":0,"Dist_LGD":293,"State_LGD":18}},{"type":"Feature","id":368,"geometry":{"type":"Polygon","coordinates":[[[92.5973,24.8791],[92.58,24.8754],[92.5862,24.8612],[92.5829,24.8445],[92.5675,24.8306],[92.5648,24.8265],[92.5664,24.8241],[92.5603,24.8208],[92.5586,24.8231],[92.5513,24.8118],[92.5446,24.8076],[92.5459,24.8007],[92.542,24.7982],[92.5428,24.7929],[92.5405,24.788],[92.5443,24.7811],[92.5401,24.7769],[92.5452,24.7691],[92.5451,24.7656],[92.5345,24.7548],[92.525,24.7517],[92.5215,24.744],[92.5222,24.7295],[92.5178,24.7248],[92.5184,24.7215],[92.5051,24.7062],[92.5032,24.6975],[92.4959,24.689],[92.4979,24.6867],[92.4937,24.6833],[92.4958,24.6828],[92.4937,24.673],[92.497,24.6729],[92.4989,24.6684],[92.5064,24.664],[92.5036,24.6532],[92.5071,24.6502],[92.504,24.6466],[92.5067,24.6358],[92.5016,24.6303],[92.5041,24.6278],[92.5077,24.6284],[92.5067,24.6118],[92.5095,24.6036],[92.503,24.6049],[92.5046,24.5896],[92.5089,24.5873],[92.5086,24.583],[92.5172,24.574],[92.5142,24.5656],[92.5167,24.5578],[92.5139,24.5557],[92.5132,24.548],[92.5091,24.5415],[92.5103,24.5387],[92.5055,24.5348],[92.5099,24.5228],[92.5069,24.516],[92.5086,24.4984],[92.5062,24.4891],[92.5101,24.4834],[92.5067,24.4724],[92.5079,24.4601],[92.5053,24.4569],[92.5088,24.4549],[92.5058,24.4511],[92.5062,24.4355],[92.5028,24.4307],[92.5005,24.4063],[92.4935,24.3927],[92.4955,24.3856],[92.4905,24.3716],[92.4914,24.369],[92.4839,24.3553],[92.4763,24.326],[92.4637,24.3006],[92.456,24.2904],[92.4513,24.2881],[92.4495,24.2803],[92.4401,24.2712],[92.4329,24.2561],[92.4224,24.255],[92.4193,24.2262],[92.4211,24.2182],[92.4185,24.2127],[92.4187,24.2048],[92.4212,24.2014],[92.4191,24.192],[92.4323,24.1846],[92.4356,24.1794],[92.4339,24.1752],[92.4378,24.1696],[92.4357,24.1652],[92.4363,24.1531],[92.4427,24.1546],[92.449,24.1441],[92.4505,24.1472],[92.4523,24.1443],[92.4566,24.1445],[92.4642,24.1363],[92.4685,24.1403],[92.4725,24.14],[92.4745,24.1437],[92.4789,24.1424],[92.4805,24.1455],[92.4769,24.1475],[92.4806,24.1501],[92.4817,24.1561],[92.4793,24.1567],[92.4833,24.1584],[92.4838,24.1633],[92.5014,24.1605],[92.5061,24.1642],[92.5032,24.1679],[92.5113,24.1655],[92.5068,24.17],[92.5143,24.1696],[92.5099,24.1726],[92.5154,24.179],[92.5239,24.1715],[92.5301,24.1764],[92.5288,24.1782],[92.5341,24.1802],[92.531,24.1852],[92.5377,24.1969],[92.5366,24.2014],[92.5404,24.2037],[92.5409,24.2103],[92.547,24.2203],[92.547,24.2366],[92.5508,24.2473],[92.572,24.252],[92.6059,24.2486],[92.6122,24.2536],[92.6196,24.2872],[92.6158,24.2897],[92.6182,24.3076],[92.6235,24.3204],[92.6214,24.3238],[92.6247,24.3342],[92.6301,24.3337],[92.6356,24.3368],[92.6386,24.3345],[92.6353,24.3337],[92.6362,24.3314],[92.6403,24.3337],[92.6386,24.3285],[92.6457,24.3279],[92.6461,24.331],[92.6491,24.3287],[92.65,24.3317],[92.6516,24.3312],[92.6515,24.3356],[92.659,24.342],[92.6576,24.3445],[92.6605,24.3442],[92.6613,24.3483],[92.6631,24.3489],[92.6642,24.3462],[92.6655,24.3497],[92.6662,24.3464],[92.6688,24.3462],[92.6771,24.3503],[92.6847,24.3466],[92.6837,24.3506],[92.6897,24.3537],[92.6911,24.3626],[92.6947,24.3655],[92.6927,24.3686],[92.6952,24.369],[92.6975,24.3744],[92.7035,24.3755],[92.704,24.3847],[92.7072,24.3871],[92.7064,24.3923],[92.7092,24.3935],[92.7091,24.3974],[92.7132,24.4034],[92.7113,24.4073],[92.715,24.4096],[92.7128,24.4113],[92.7173,24.4157],[92.7274,24.4465],[92.7335,24.4548],[92.7507,24.4922],[92.7493,24.4953],[92.7541,24.5021],[92.7521,24.5063],[92.758,24.5111],[92.7634,24.5212],[92.7593,24.5185],[92.7572,24.523],[92.7592,24.5285],[92.7736,24.5502],[92.7718,24.5529],[92.7805,24.5683],[92.7757,24.5714],[92.7721,24.5687],[92.7694,24.5709],[92.765,24.567],[92.7618,24.5682],[92.7588,24.5777],[92.7536,24.5808],[92.7527,24.5839],[92.7455,24.5826],[92.7435,24.5852],[92.7358,24.5866],[92.7353,24.5903],[92.7321,24.5884],[92.7329,24.5823],[92.7229,24.5744],[92.7212,24.5648],[92.7173,24.5618],[92.7156,24.5679],[92.7016,24.5661],[92.7015,24.5714],[92.6908,24.5745],[92.6792,24.5847],[92.6752,24.5845],[92.6684,24.5896],[92.6672,24.5943],[92.6699,24.5998],[92.6664,24.6097],[92.6737,24.6089],[92.6752,24.6109],[92.6967,24.6153],[92.6957,24.6188],[92.6872,24.6254],[92.6655,24.6276],[92.6651,24.6736],[92.6564,24.6735],[92.6558,24.6785],[92.6502,24.6845],[92.651,24.6914],[92.6571,24.7006],[92.6558,24.7536],[92.6638,24.7651],[92.669,24.7927],[92.6745,24.8006],[92.6799,24.8012],[92.6837,24.8145],[92.6795,24.8125],[92.6775,24.8164],[92.6729,24.8178],[92.6628,24.8142],[92.6579,24.8171],[92.6459,24.8152],[92.6426,24.8222],[92.6398,24.8204],[92.6383,24.8219],[92.637,24.8252],[92.6393,24.8304],[92.6329,24.8312],[92.6367,24.8398],[92.6311,24.8463],[92.6293,24.8549],[92.634,24.8549],[92.6439,24.8498],[92.6467,24.85],[92.6462,24.8528],[92.6359,24.8595],[92.6217,24.8582],[92.6126,24.8608],[92.6052,24.866],[92.5973,24.8791]]]},"properties":{"dtname":"Hailakandi","stname":"ASSAM","stcode11":"18","dtcode11":"318","year_stat":"2011_c","Shape_Length":295141.48810564657,"Shape_Area":1612208217.341146,"OBJECTID":368,"test":1,"Dist_LGD":289,"State_LGD":18}},{"type":"Feature","id":551,"geometry":{"type":"Polygon","coordinates":[[[94.9688,27.2246],[94.9679,27.2269],[94.9555,27.219],[94.8914,27.1622],[94.8376,27.0989],[94.8329,27.0774],[94.8249,27.0571],[94.8286,27.0347],[94.8261,27.0197],[94.8299,27.0164],[94.8209,27.0108],[94.8205,27.0033],[94.8148,27.0044],[94.8133,26.9986],[94.8059,26.9977],[94.8095,26.9916],[94.801,26.992],[94.7942,26.9887],[94.7928,26.9976],[94.7871,26.9968],[94.7776,26.9799],[94.7419,26.9441],[94.7337,26.9326],[94.7479,26.9246],[94.7567,26.9226],[94.8018,26.9227],[94.848,26.9292],[94.86,26.9407],[94.9098,26.9695],[94.9006,26.9837],[94.9087,26.9897],[94.9266,26.9933],[94.9322,26.9877],[94.939,26.9873],[94.9402,26.9769],[94.9369,26.9725],[94.9404,26.9683],[94.9418,26.9594],[94.9325,26.9563],[94.924,26.9486],[94.9251,26.9416],[94.9308,26.937],[94.9308,26.9327],[94.9402,26.9337],[94.9554,26.9402],[94.9614,26.9369],[94.9674,26.9233],[94.9764,26.9214],[94.9825,26.9131],[94.9899,26.9143],[94.9912,26.9209],[95.0167,26.9212],[95.034,26.9357],[95.0496,26.9389],[95.0678,26.9484],[95.0849,26.9517],[95.1017,26.9619],[95.106,26.9656],[95.1078,26.976],[95.1119,26.9808],[95.1501,26.9993],[95.193,27.036],[95.1947,27.0313],[95.1966,27.0371],[95.2031,27.036],[95.2046,27.0378],[95.2052,27.0325],[95.2105,27.0311],[95.2106,27.0286],[95.2234,27.0362],[95.2302,27.0358],[95.2292,27.0416],[95.2317,27.0429],[95.2329,27.0376],[95.2394,27.0365],[95.2463,27.0239],[95.2589,27.0304],[95.26,27.0356],[95.2633,27.0352],[95.2715,27.0413],[95.277,27.0425],[95.2762,27.0523],[95.2917,27.0666],[95.3547,27.104],[95.3648,27.1083],[95.3685,27.1072],[95.3718,27.1118],[95.3709,27.1144],[95.365,27.1156],[95.3615,27.1275],[95.3655,27.1311],[95.3672,27.1372],[95.3654,27.1451],[95.359,27.1545],[95.3593,27.1649],[95.3473,27.1726],[95.3441,27.182],[95.333,27.1872],[95.3252,27.188],[95.3163,27.1868],[95.314,27.1836],[95.3082,27.1898],[95.3023,27.1905],[95.3032,27.1951],[95.2873,27.1972],[95.2828,27.1971],[95.2862,27.193],[95.2806,27.1941],[95.2787,27.1885],[95.2762,27.1899],[95.2729,27.1882],[95.268,27.1935],[95.2649,27.1906],[95.2659,27.1865],[95.2589,27.1919],[95.2577,27.1841],[95.2545,27.1931],[95.2455,27.1918],[95.2442,27.1891],[95.2371,27.1897],[95.2416,27.1831],[95.2377,27.1797],[95.2329,27.1808],[95.2322,27.1781],[95.2384,27.1701],[95.2277,27.1733],[95.2252,27.1674],[95.2198,27.1651],[95.216,27.1675],[95.219,27.1705],[95.2111,27.1742],[95.2097,27.1694],[95.2139,27.1702],[95.2128,27.1659],[95.2088,27.1624],[95.1981,27.1633],[95.1988,27.1587],[95.1949,27.1551],[95.1892,27.1573],[95.1941,27.1602],[95.1892,27.1595],[95.1835,27.163],[95.182,27.1557],[95.1864,27.152],[95.1786,27.1496],[95.1766,27.1447],[95.1799,27.142],[95.1729,27.1381],[95.1744,27.146],[95.1704,27.1449],[95.1699,27.1371],[95.1647,27.1362],[95.1634,27.132],[95.1597,27.1346],[95.1641,27.129],[95.1621,27.1278],[95.1582,27.1287],[95.1562,27.1358],[95.1543,27.1362],[95.1506,27.1309],[95.1532,27.1241],[95.1469,27.1362],[95.136,27.1385],[95.1333,27.1378],[95.132,27.1337],[95.1312,27.1385],[95.1288,27.1383],[95.1239,27.1302],[95.1202,27.1308],[95.1162,27.136],[95.1152,27.1271],[95.1123,27.1305],[95.1127,27.1363],[95.1008,27.1382],[95.0998,27.133],[95.0651,27.1356],[95.064,27.1376],[95.0612,27.137],[95.0489,27.1553],[95.037,27.1533],[95.0319,27.1473],[95.0164,27.1498],[94.9965,27.1464],[94.9783,27.148],[94.9835,27.1569],[94.9791,27.1648],[94.9807,27.1685],[94.9844,27.1685],[94.9791,27.1824],[94.9758,27.1829],[94.9722,27.2174],[94.9688,27.2246]]]},"properties":{"dtname":"Charaideo","stname":"ASSAM","stcode11":"18","dtcode11":"755","year_stat":"2015_c","Shape_Length":261612.06600682662,"Shape_Area":1352678302.0931947,"OBJECTID":551,"test":0,"Dist_LGD":708,"State_LGD":18}},{"type":"Feature","id":552,"geometry":{"type":"Polygon","coordinates":[[[94.562,27.1835],[94.5561,27.1745],[94.5425,27.1721],[94.5255,27.1614],[94.5243,27.1579],[94.5311,27.153],[94.5332,27.1478],[94.5289,27.1438],[94.5106,27.1422],[94.5089,27.137],[94.51,27.1256],[94.507,27.1215],[94.4949,27.1222],[94.4878,27.1341],[94.4795,27.1389],[94.475,27.1342],[94.4731,27.1221],[94.468,27.1137],[94.4602,27.1119],[94.4521,27.1171],[94.434,27.119],[94.4266,27.1144],[94.4242,27.0982],[94.4187,27.093],[94.3931,27.0986],[94.3847,27.0962],[94.3697,27.0987],[94.3607,27.0955],[94.3503,27.0859],[94.3394,27.082],[94.3265,27.0888],[94.3227,27.0879],[94.3185,27.0835],[94.3157,27.0727],[94.3121,27.0711],[94.3064,27.0733],[94.2982,27.0869],[94.2788,27.095],[94.273,27.0952],[94.2547,27.0882],[94.2344,27.0717],[94.2264,27.0555],[94.2219,27.0361],[94.2244,27.0358],[94.2238,27.0319],[94.2164,27.0291],[94.2042,27.0286],[94.1958,27.0349],[94.1875,27.0353],[94.187,27.0287],[94.1919,27.0109],[94.1856,27.0006],[94.1582,27.0002],[94.1524,26.9945],[94.1339,26.9882],[94.138,26.9773],[94.1344,26.969],[94.1028,26.9698],[94.0835,26.9598],[94.0752,26.9612],[94.0678,26.9766],[94.0603,26.9829],[94.0443,26.9778],[94.0409,26.9756],[94.034,26.9624],[94.024,26.9554],[94.027,26.9384],[94.0246,26.9327],[94.0092,26.9305],[94.001,26.9415],[93.9967,26.9423],[93.9775,26.9238],[93.9702,26.9227],[93.9623,26.9268],[93.9674,26.907],[93.9644,26.8999],[93.9567,26.8921],[93.9727,26.8813],[93.9705,26.8777],[93.9734,26.8733],[93.9907,26.8681],[93.9983,26.8718],[93.9996,26.8667],[94.0056,26.8694],[94.0047,26.8654],[94.0561,26.8823],[94.06,26.8804],[94.0727,26.8813],[94.0815,26.8849],[94.0874,26.8815],[94.1007,26.8925],[94.1285,26.8924],[94.1421,26.8991],[94.1928,26.9121],[94.2042,26.925],[94.2092,26.9265],[94.2266,26.9233],[94.2537,26.9083],[94.2725,26.9088],[94.282,26.9067],[94.3047,26.9095],[94.3121,26.8785],[94.332,26.8827],[94.376,26.9207],[94.3837,26.938],[94.3966,26.9527],[94.3953,26.9548],[94.3979,26.959],[94.4296,26.9742],[94.4432,26.9873],[94.4602,26.9953],[94.4664,27.0187],[94.4754,27.031],[94.5017,27.0399],[94.5128,27.0481],[94.5329,27.0697],[94.5444,27.0769],[94.553,27.0965],[94.573,27.1174],[94.5825,27.1366],[94.5931,27.1456],[94.5723,27.1741],[94.562,27.1835]]]},"properties":{"dtname":"Majuli","stname":"ASSAM","stcode11":"18","dtcode11":"760","year_stat":"2016_c","Shape_Length":214771.5714170344,"Shape_Area":995275738.3873353,"OBJECTID":552,"test":0,"Dist_LGD":706,"State_LGD":18}},{"type":"Feature","id":553,"geometry":{"type":"Polygon","coordinates":[[[93.6977,26.9943],[93.6756,26.9747],[93.66,26.9671],[93.6146,26.9604],[93.5866,26.9506],[93.5596,26.9528],[93.5247,26.9486],[93.489,26.9363],[93.4862,26.9424],[93.4706,26.9367],[93.4624,26.938],[93.4487,26.9509],[93.3804,26.9593],[93.324,26.9602],[93.2467,26.9513],[93.1725,26.9361],[93.1073,26.9259],[93.0882,26.9145],[93.0617,26.9222],[93.058,26.9185],[93.0555,26.9085],[93.0595,26.9008],[93.0575,26.8827],[93.0612,26.8724],[93.0497,26.857],[93.0441,26.8553],[93.0433,26.8508],[93.0478,26.8371],[93.0538,26.8305],[93.0587,26.8295],[93.0642,26.8223],[93.0579,26.8031],[93.0637,26.7977],[93.0626,26.7934],[93.0658,26.7888],[93.0651,26.7834],[93.0686,26.7814],[93.0668,26.7767],[93.0745,26.7682],[93.0677,26.7595],[93.0706,26.7543],[93.0681,26.7466],[93.0746,26.7369],[93.0733,26.7337],[93.0766,26.7317],[93.0803,26.7198],[93.0872,26.7123],[93.083,26.7106],[93.0841,26.7017],[93.0951,26.6964],[93.1037,26.6953],[93.1068,26.6767],[93.1234,26.6595],[93.1452,26.5917],[93.1603,26.6014],[93.1676,26.612],[93.2198,26.631],[93.2246,26.6407],[93.2266,26.6605],[93.2417,26.6838],[93.2507,26.6872],[93.2615,26.6831],[93.2739,26.6852],[93.2858,26.6889],[93.2848,26.6908],[93.2907,26.6974],[93.3105,26.701],[93.3214,26.7075],[93.3309,26.7087],[93.3452,26.7316],[93.3721,26.7458],[93.3964,26.7506],[93.4412,26.7484],[93.4597,26.7551],[93.476,26.757],[93.4925,26.7542],[93.5041,26.757],[93.5301,26.7466],[93.5377,26.7505],[93.5431,26.7427],[93.5613,26.7328],[93.558,26.7314],[93.5598,26.7252],[93.5749,26.7192],[93.5897,26.7192],[93.601,26.715],[93.6509,26.7061],[93.6621,26.7123],[93.6705,26.712],[93.6629,26.7322],[93.6492,26.7576],[93.6487,26.7881],[93.6704,26.8009],[93.6753,26.7974],[93.6894,26.7975],[93.7124,26.816],[93.7324,26.8111],[93.7438,26.8016],[93.751,26.8036],[93.7601,26.8218],[93.7585,26.8306],[93.7632,26.8398],[93.7748,26.8478],[93.774,26.8505],[93.7781,26.8513],[93.7781,26.8549],[93.7846,26.8579],[93.7879,26.8571],[93.7895,26.8609],[93.7861,26.862],[93.7877,26.8638],[93.785,26.864],[93.7867,26.8655],[93.7805,26.8734],[93.7805,26.8859],[93.7773,26.8838],[93.7752,26.8888],[93.7529,26.8914],[93.7491,26.8955],[93.7396,26.8985],[93.7426,26.9039],[93.7393,26.9093],[93.7418,26.9124],[93.7491,26.914],[93.746,26.9364],[93.742,26.9401],[93.7442,26.9578],[93.7366,26.9675],[93.7288,26.9706],[93.7237,26.9698],[93.7188,26.9806],[93.7113,26.9803],[93.7089,26.9853],[93.6992,26.9888],[93.7009,26.9916],[93.6977,26.9943]]]},"properties":{"dtname":"Biswanath","stname":"ASSAM","stcode11":"18","dtcode11":"756","year_stat":"2015_c","Shape_Length":259993.6799438682,"Shape_Area":2248084529.7291837,"OBJECTID":553,"test":0,"Dist_LGD":705,"State_LGD":18}},{"type":"Feature","id":554,"geometry":{"type":"Polygon","coordinates":[[[92.8821,26.2079],[92.859,26.2016],[92.8488,26.2013],[92.8438,26.2048],[92.819,26.2058],[92.8033,26.2034],[92.7858,26.1966],[92.7763,26.1996],[92.7761,26.1956],[92.7808,26.1918],[92.7785,26.1869],[92.7644,26.1864],[92.7542,26.1786],[92.7546,26.1759],[92.7602,26.1715],[92.7617,26.1571],[92.7518,26.1422],[92.7273,26.1466],[92.7225,26.1509],[92.7141,26.1445],[92.7059,26.1422],[92.7025,26.1298],[92.7038,26.1252],[92.7172,26.1228],[92.7321,26.1153],[92.7314,26.1078],[92.723,26.1009],[92.7273,26.1],[92.7364,26.1041],[92.7412,26.101],[92.7407,26.0941],[92.7299,26.0895],[92.7392,26.0857],[92.7326,26.0763],[92.7324,26.0713],[92.7353,26.0699],[92.7436,26.075],[92.7506,26.0756],[92.7578,26.0637],[92.7575,26.0591],[92.7536,26.0564],[92.7542,26.0498],[92.7457,26.0399],[92.7468,26.0379],[92.7556,26.0378],[92.765,26.0292],[92.7579,26.021],[92.7587,26.0146],[92.7726,26.0176],[92.7796,26.0142],[92.7826,26.0101],[92.7797,26.0054],[92.7627,26.0069],[92.7571,26.0027],[92.7613,25.9985],[92.7753,26.0003],[92.7791,25.996],[92.7775,25.9938],[92.765,25.9952],[92.7593,25.9912],[92.7605,25.9873],[92.7658,25.9917],[92.7705,25.9892],[92.7622,25.9843],[92.7696,25.9758],[92.762,25.9667],[92.7627,25.9604],[92.7756,25.9483],[92.7942,25.9646],[92.7981,25.9642],[92.8063,25.9578],[92.8063,25.9533],[92.7975,25.9582],[92.7937,25.9563],[92.7955,25.9441],[92.7901,25.9381],[92.7975,25.9298],[92.7989,25.9209],[92.8018,25.9177],[92.815,25.9243],[92.8223,25.9227],[92.8343,25.9135],[92.8503,25.9247],[92.855,25.9243],[92.8566,25.9198],[92.8484,25.9108],[92.8476,25.904],[92.8577,25.8846],[92.8657,25.878],[92.8651,25.8717],[92.8681,25.8683],[92.8782,25.8669],[92.8849,25.8691],[92.8892,25.865],[92.9823,25.8754],[92.9969,25.8514],[93.0132,25.8396],[93.0289,25.8121],[93.0509,25.7905],[93.0754,25.7828],[93.0736,25.7789],[93.0637,25.7767],[93.0661,25.7757],[93.0645,25.7746],[93.0681,25.7674],[93.0723,25.7671],[93.0736,25.7693],[93.0752,25.7662],[93.0806,25.7685],[93.0805,25.771],[93.0831,25.7686],[93.0911,25.7719],[93.0904,25.7694],[93.095,25.7698],[93.096,25.7761],[93.0984,25.7771],[93.0988,25.7738],[93.105,25.7737],[93.1048,25.7698],[93.1092,25.7694],[93.1104,25.7654],[93.1146,25.7667],[93.1185,25.7606],[93.125,25.763],[93.1295,25.7609],[93.1258,25.7487],[93.1378,25.7446],[93.1413,25.7413],[93.1418,25.7367],[93.1458,25.7388],[93.1449,25.7367],[93.1485,25.734],[93.1426,25.7185],[93.1585,25.7237],[93.1705,25.7183],[93.1824,25.7289],[93.2265,25.7268],[93.231,25.7587],[93.2271,25.7654],[93.2329,25.766],[93.2428,25.7752],[93.2478,25.7879],[93.2451,25.7951],[93.2479,25.7976],[93.2459,25.7996],[93.2473,25.809],[93.2407,25.8073],[93.2399,25.8094],[93.245,25.8218],[93.2438,25.831],[93.2379,25.841],[93.2409,25.8463],[93.2392,25.851],[93.2316,25.8523],[93.222,25.8599],[93.1969,25.898],[93.1881,25.8996],[93.183,25.9033],[93.1834,25.9141],[93.1821,25.92],[93.1793,25.9214],[93.1794,25.9287],[93.1751,25.9404],[93.1765,25.943],[93.1719,25.947],[93.1735,25.9524],[93.1614,25.9575],[93.1586,25.9616],[93.1586,25.9773],[93.1541,25.9855],[93.1583,25.9953],[93.1498,25.997],[93.1482,26.0022],[93.1409,26.0097],[93.1378,26.0185],[93.1266,26.0218],[93.1275,26.0246],[93.1253,26.0261],[93.1272,26.031],[93.11,26.0369],[93.0934,26.0331],[93.1084,26.0782],[93.1041,26.0734],[93.1001,26.0769],[93.0884,26.0744],[93.0905,26.0781],[93.0848,26.0756],[93.085,26.083],[93.081,26.081],[93.0816,26.0783],[93.0759,26.0804],[93.0753,26.0848],[93.0732,26.0833],[93.0725,26.0853],[93.0722,26.0808],[93.068,26.0825],[93.0686,26.078],[93.0654,26.0825],[93.0616,26.0825],[93.0595,26.0796],[93.0593,26.0852],[93.0564,26.0851],[93.0559,26.0882],[93.0508,26.0845],[93.0472,26.0881],[93.0453,26.0861],[93.04,26.0874],[93.0372,26.0913],[93.0374,26.1006],[93.0351,26.102],[93.0359,26.1085],[93.0331,26.1058],[93.0255,26.1072],[93.0217,26.1104],[93.0218,26.113],[93.0161,26.1126],[93.015,26.1145],[93.0127,26.1126],[93.0024,26.1175],[92.9979,26.1223],[92.9786,26.1272],[92.9736,26.1307],[92.9719,26.1283],[92.9665,26.1291],[92.9546,26.1407],[92.9525,26.1386],[92.9465,26.1396],[92.9428,26.1371],[92.9387,26.1388],[92.934,26.1366],[92.929,26.1451],[92.9324,26.1451],[92.9314,26.1479],[92.9354,26.1486],[92.9309,26.1493],[92.9313,26.1512],[92.9361,26.1503],[92.9462,26.1571],[92.9486,26.1609],[92.947,26.1628],[92.9525,26.1657],[92.956,26.1743],[92.9527,26.1902],[92.9478,26.191],[92.9429,26.1978],[92.9439,26.1999],[92.9394,26.2025],[92.9293,26.2004],[92.9262,26.2026],[92.9075,26.202],[92.89,26.2043],[92.8821,26.2079]]]},"properties":{"dtname":"Hojai","stname":"ASSAM","stcode11":"18","dtcode11":"757","year_stat":"2015_c","Shape_Length":286566.0250053406,"Shape_Area":1808849458.72105,"OBJECTID":554,"test":0,"Dist_LGD":709,"State_LGD":18}},{"type":"Feature","id":555,"geometry":{"type":"Polygon","coordinates":[[[90.1322,26.0543],[90.118,26.053],[90.101,26.0408],[90.0825,26.0405],[90.0781,26.0323],[90.0709,26.0264],[90.0725,26.0254],[90.0635,26.0056],[90.058,26.004],[90.0563,26.0005],[90.0394,26.0041],[90.0194,26.0023],[89.9851,25.9802],[89.9756,25.9786],[89.9585,25.9631],[89.9564,25.9524],[89.9452,25.95],[89.9436,25.9351],[89.949,25.925],[89.9373,25.9247],[89.9342,25.9215],[89.9336,25.9115],[89.9303,25.9063],[89.9183,25.9068],[89.9161,25.9045],[89.8979,25.9004],[89.8889,25.8957],[89.8832,25.8843],[89.8764,25.8791],[89.8673,25.8833],[89.8505,25.8796],[89.8431,25.8829],[89.8333,25.8712],[89.8357,25.8592],[89.8341,25.855],[89.8352,25.8403],[89.8275,25.8328],[89.8168,25.8149],[89.8275,25.8081],[89.8313,25.7912],[89.8395,25.7722],[89.8412,25.7607],[89.8365,25.7506],[89.8271,25.7406],[89.8268,25.733],[89.835,25.7159],[89.8494,25.7151],[89.8521,25.7084],[89.8466,25.6957],[89.8585,25.6796],[89.8634,25.6658],[89.8676,25.6624],[89.8709,25.6627],[89.8802,25.6351],[89.8823,25.6173],[89.8733,25.588],[89.8758,25.581],[89.8721,25.5735],[89.8728,25.5692],[89.8672,25.562],[89.8661,25.5461],[89.8514,25.5389],[89.8602,25.5174],[89.8578,25.5059],[89.8541,25.5041],[89.8481,25.4787],[89.8513,25.4664],[89.8635,25.4707],[89.8716,25.4774],[89.8722,25.486],[89.8766,25.4956],[89.8768,25.5009],[89.8728,25.5075],[89.8859,25.508],[89.884,25.5143],[89.8806,25.5168],[89.8834,25.5192],[89.8773,25.5197],[89.8733,25.517],[89.8734,25.5195],[89.8717,25.5186],[89.8714,25.522],[89.8688,25.5216],[89.8679,25.5243],[89.868,25.53],[89.8788,25.5378],[89.8749,25.5438],[89.8783,25.5504],[89.8986,25.5606],[89.9015,25.559],[89.9095,25.5605],[89.9122,25.5633],[89.9368,25.5645],[89.941,25.5684],[89.9604,25.5745],[89.9721,25.5736],[89.9754,25.5762],[89.9785,25.5871],[89.9834,25.5913],[90.0029,25.5855],[90.0111,25.5968],[90.0109,25.6016],[90.0168,25.602],[90.0202,25.6076],[90.0175,25.608],[90.0185,25.6114],[90.0163,25.6099],[90.0098,25.6156],[90.0092,25.6193],[90.0041,25.6203],[90.0069,25.6234],[90.0041,25.6268],[89.9988,25.6225],[89.9831,25.6269],[89.9791,25.6389],[89.9504,25.6557],[89.9454,25.668],[89.9474,25.6711],[89.9429,25.6723],[89.9444,25.6793],[89.9362,25.6898],[89.9235,25.6946],[89.9186,25.7052],[89.9134,25.7087],[89.9027,25.7252],[89.8991,25.7265],[89.8952,25.7324],[89.8945,25.7444],[89.8996,25.7472],[89.926,25.7385],[89.9375,25.7455],[89.9352,25.7546],[89.942,25.7559],[89.9547,25.7673],[89.9576,25.7755],[89.9553,25.7779],[89.9593,25.78],[89.9543,25.7881],[89.9552,25.7966],[89.9584,25.8014],[89.9545,25.804],[89.9558,25.8113],[89.9485,25.8152],[89.951,25.8212],[89.9482,25.8256],[89.9576,25.8292],[89.9586,25.826],[89.954,25.8251],[89.9541,25.8214],[89.9619,25.8203],[89.9676,25.8226],[89.9636,25.8283],[89.9639,25.8331],[89.971,25.8265],[89.9777,25.828],[89.9779,25.8323],[89.9814,25.8356],[89.9912,25.8351],[90.0035,25.8393],[90.0039,25.8414],[89.9989,25.8429],[90.0006,25.8463],[90.0091,25.8459],[90.0157,25.8508],[90.017,25.8563],[90.0223,25.8602],[90.0228,25.8701],[90.0194,25.8732],[90.0142,25.872],[90.0056,25.8786],[90.0193,25.8922],[90.0252,25.8958],[90.0336,25.8945],[90.0341,25.8918],[90.0424,25.8878],[90.0434,25.8922],[90.0413,25.8942],[90.0464,25.896],[90.0476,25.8999],[90.0554,25.9007],[90.0555,25.9058],[90.0624,25.9103],[90.0605,25.9136],[90.067,25.9131],[90.0705,25.9185],[90.0758,25.915],[90.0862,25.9196],[90.0854,25.9256],[90.094,25.9279],[90.0921,25.9382],[90.0979,25.9375],[90.1013,25.9403],[90.101,25.9433],[90.1066,25.9424],[90.1048,25.9446],[90.1075,25.9492],[90.1179,25.9575],[90.1167,25.9593],[90.1189,25.9607],[90.1155,25.9639],[90.1175,25.9634],[90.1193,25.9692],[90.1265,25.9697],[90.1289,25.9664],[90.1345,25.975],[90.1397,25.9733],[90.1426,25.9783],[90.1421,25.9824],[90.1505,25.9806],[90.1524,25.985],[90.1598,25.9891],[90.1647,25.9869],[90.1705,25.9912],[90.175,25.9894],[90.1739,25.9935],[90.1763,25.9973],[90.1798,25.9973],[90.1797,26.0005],[90.1876,26.0014],[90.1835,26.0088],[90.1948,26.02],[90.1973,26.026],[90.1913,26.0314],[90.1805,26.0336],[90.1771,26.0413],[90.1708,26.0439],[90.1803,26.048],[90.1565,26.0478],[90.1322,26.0543]]]},"properties":{"dtname":"South Salmara Mancachar","stname":"ASSAM","stcode11":"18","dtcode11":"758","year_stat":"2015_c","Shape_Length":264719.6481149072,"Shape_Area":847855989.6988956,"OBJECTID":555,"test":0,"Dist_LGD":707,"State_LGD":18}},{"type":"Feature","id":556,"geometry":{"type":"Polygon","coordinates":[[[93.7013,26.6073],[93.6834,26.6059],[93.6821,26.6034],[93.6793,26.6048],[93.6748,26.6001],[93.6698,26.6044],[93.6651,26.6045],[93.6615,26.5995],[93.6589,26.6026],[93.6525,26.6023],[93.642,26.5996],[93.6409,26.5964],[93.6319,26.5959],[93.6254,26.592],[93.6253,26.5884],[93.6219,26.5903],[93.6231,26.5836],[93.6213,26.5761],[93.6138,26.5699],[93.6166,26.5687],[93.6167,26.5659],[93.6143,26.5684],[93.61,26.5673],[93.6132,26.5728],[93.6109,26.5776],[93.5898,26.5707],[93.5893,26.5768],[93.5829,26.5804],[93.5848,26.5888],[93.5835,26.5968],[93.59,26.5984],[93.586,26.6036],[93.5814,26.6057],[93.5749,26.6048],[93.5715,26.6086],[93.5679,26.6079],[93.5684,26.6101],[93.5533,26.6126],[93.5498,26.6044],[93.542,26.6035],[93.537,26.5978],[93.5237,26.5936],[93.5194,26.5955],[93.5095,26.5934],[93.5041,26.6062],[93.5002,26.6057],[93.4955,26.6111],[93.4962,26.6071],[93.494,26.6058],[93.478,26.6031],[93.4731,26.5991],[93.473,26.5957],[93.4695,26.5954],[93.4698,26.5916],[93.4784,26.5886],[93.4887,26.5902],[93.4916,26.587],[93.4743,26.5819],[93.4637,26.5693],[93.4599,26.5711],[93.4566,26.5686],[93.4553,26.5719],[93.4641,26.5769],[93.4663,26.5815],[93.4647,26.5859],[93.4569,26.576],[93.4523,26.5752],[93.4547,26.5789],[93.453,26.5808],[93.4148,26.5726],[93.4087,26.5691],[93.3974,26.5715],[93.4062,26.575],[93.4024,26.5779],[93.4028,26.5801],[93.3788,26.5786],[93.369,26.5812],[93.3473,26.582],[93.3364,26.5802],[93.326,26.5848],[93.3143,26.5824],[93.3104,26.5764],[93.3034,26.5762],[93.2951,26.5718],[93.2977,26.5769],[93.2947,26.5787],[93.2816,26.569],[93.2699,26.5729],[93.2529,26.5678],[93.2508,26.5697],[93.2497,26.5653],[93.2417,26.5615],[93.2351,26.5528],[93.2565,26.5511],[93.2471,26.5449],[93.2513,26.5447],[93.2627,26.5378],[93.2614,26.5356],[93.2551,26.5346],[93.2566,26.5319],[93.2646,26.5336],[93.2735,26.5452],[93.272,26.5377],[93.2755,26.5363],[93.2755,26.5338],[93.2639,26.5273],[93.2692,26.5278],[93.2749,26.5217],[93.281,26.5251],[93.2812,26.5231],[93.2878,26.5206],[93.2868,26.5173],[93.294,26.5127],[93.2915,26.5045],[93.2895,26.5105],[93.283,26.5138],[93.2852,26.5156],[93.2842,26.5197],[93.2722,26.5167],[93.2731,26.5086],[93.2705,26.5104],[93.2634,26.5089],[93.2698,26.5147],[93.2664,26.5156],[93.2634,26.5211],[93.2461,26.5235],[93.2458,26.5277],[93.2429,26.5298],[93.2446,26.5324],[93.2333,26.5357],[93.2299,26.5324],[93.2192,26.5363],[93.2166,26.5301],[93.213,26.5296],[93.2116,26.524],[93.2173,26.5226],[93.2111,26.52],[93.2119,26.5165],[93.216,26.5143],[93.2126,26.5111],[93.2174,26.5093],[93.2173,26.5074],[93.2123,26.5088],[93.2043,26.5013],[93.2005,26.5014],[93.2043,26.5055],[93.201,26.5064],[93.2029,26.5091],[93.2061,26.5075],[93.2098,26.5147],[93.1995,26.5334],[93.1906,26.5357],[93.1653,26.5239],[93.161,26.524],[93.1595,26.526],[93.1652,26.5266],[93.1694,26.5315],[93.1739,26.5309],[93.1728,26.533],[93.175,26.5359],[93.18,26.5365],[93.1805,26.5403],[93.1837,26.5391],[93.19,26.5436],[93.2,26.5434],[93.2097,26.5561],[93.2093,26.5639],[93.2033,26.5621],[93.1913,26.567],[93.1811,26.5644],[93.1509,26.5463],[93.1471,26.5558],[93.1415,26.5555],[93.1369,26.5519],[93.1336,26.5445],[93.1238,26.5379],[93.1171,26.5376],[93.119,26.533],[93.1143,26.5302],[93.1096,26.5306],[93.1035,26.5351],[93.1012,26.5428],[93.0967,26.5405],[93.0891,26.5446],[93.0773,26.5431],[93.06,26.5447],[93.043,26.535],[93.0432,26.531],[93.0462,26.5303],[93.0483,26.5259],[93.0452,26.527],[93.0422,26.5239],[93.0382,26.5255],[93.0393,26.5203],[93.0369,26.5182],[93.0326,26.5187],[93.0322,26.5154],[93.0252,26.5156],[93.0128,26.5074],[93.0125,26.499],[93.0065,26.4911],[93.0087,26.4811],[93.0142,26.4772],[93.0245,26.4828],[93.0266,26.4805],[93.0296,26.4841],[93.0357,26.4862],[93.0448,26.4866],[93.0472,26.4907],[93.0543,26.4889],[93.0601,26.4922],[93.0609,26.4905],[93.0686,26.4914],[93.0666,26.5002],[93.0703,26.4968],[93.0706,26.4913],[93.0871,26.5002],[93.0904,26.4999],[93.0913,26.4984],[93.0817,26.493],[93.0787,26.4885],[93.0661,26.4825],[93.0645,26.4793],[93.0739,26.4785],[93.0733,26.4727],[93.0761,26.4693],[93.0775,26.4712],[93.0904,26.4687],[93.0916,26.4651],[93.0893,26.4605],[93.0945,26.4609],[93.0967,26.4634],[93.1025,26.46],[93.1021,26.4644],[93.1082,26.4669],[93.1026,26.4695],[93.1027,26.4722],[93.0982,26.4729],[93.1058,26.476],[93.1117,26.4837],[93.1173,26.4852],[93.1196,26.4807],[93.1245,26.483],[93.1188,26.4923],[93.1253,26.4957],[93.1215,26.4924],[93.1248,26.4882],[93.133,26.4896],[93.127,26.486],[93.1274,26.4803],[93.1363,26.4843],[93.1313,26.4771],[93.1104,26.471],[93.1157,26.4696],[93.1146,26.4677],[93.1201,26.469],[93.1188,26.4666],[93.121,26.4667],[93.121,26.4641],[93.1284,26.4641],[93.1245,26.4634],[93.1254,26.4598],[93.1176,26.4583],[93.1109,26.4515],[93.1039,26.4488],[93.1056,26.4469],[93.1111,26.4474],[93.1087,26.4444],[93.1105,26.4415],[93.1182,26.4415],[93.1102,26.4396],[93.1086,26.4359],[93.1062,26.4376],[93.0992,26.433],[93.1003,26.437],[93.0954,26.436],[93.0999,26.4398],[93.1056,26.4408],[93.0993,26.4457],[93.0739,26.4325],[93.0702,26.4315],[93.0706,26.435],[93.0689,26.4353],[93.0657,26.4333],[93.0674,26.4309],[93.0791,26.4283],[93.0841,26.4336],[93.0855,26.4319],[93.0917,26.4335],[93.0828,26.4288],[93.0809,26.4248],[93.078,26.4249],[93.0775,26.4191],[93.0691,26.4187],[93.0671,26.4231],[93.0612,26.4158],[93.0567,26.4166],[93.0554,26.4195],[93.0496,26.416],[93.0488,26.4195],[93.0512,26.4192],[93.0526,26.4227],[93.0573,26.4217],[93.0557,26.4251],[93.0526,26.4255],[93.056,26.4282],[93.0483,26.4344],[93.0446,26.4345],[93.0437,26.4372],[93.0377,26.4309],[93.0193,26.4204],[93.0041,26.4246],[92.9947,26.423],[92.9826,26.4173],[92.9785,26.4205],[92.9696,26.4123],[92.9619,26.4131],[92.9656,26.4066],[92.9584,26.4083],[92.9519,26.405],[92.9497,26.3976],[92.9382,26.4038],[92.9261,26.3964],[92.9203,26.3966],[92.9206,26.3916],[92.9127,26.3927],[92.9107,26.3992],[92.9086,26.3957],[92.9058,26.3961],[92.9069,26.3998],[92.9019,26.4014],[92.8938,26.3869],[92.8917,26.3867],[92.8921,26.3898],[92.8891,26.3886],[92.8896,26.385],[92.8837,26.3838],[92.882,26.38],[92.8854,26.3794],[92.8989,26.387],[92.9002,26.3857],[92.8931,26.3819],[92.8899,26.3741],[92.8933,26.3738],[92.8995,26.3837],[92.9032,26.3854],[92.9082,26.3816],[92.9038,26.3805],[92.909,26.3776],[92.9171,26.3794],[92.9166,26.3766],[92.9211,26.3823],[92.9223,26.3793],[92.9258,26.3789],[92.9171,26.3734],[92.9168,26.3709],[92.9212,26.3685],[92.9087,26.3575],[92.9109,26.3548],[92.9092,26.3529],[92.9204,26.3556],[92.9278,26.3542],[92.932,26.3507],[92.9396,26.3531],[92.9408,26.344],[92.9451,26.3405],[92.9461,26.3349],[92.9431,26.3271],[92.9214,26.3131],[92.9175,26.3133],[92.918,26.317],[92.9136,26.3175],[92.8986,26.3089],[92.8943,26.3048],[92.8923,26.2884],[92.8836,26.2873],[92.8797,26.2837],[92.8663,26.2938],[92.862,26.2928],[92.8576,26.2956],[92.8543,26.2936],[92.8531,26.2979],[92.8488,26.2999],[92.8557,26.3025],[92.8527,26.3048],[92.851,26.3027],[92.8473,26.3059],[92.844,26.305],[92.8412,26.2932],[92.8447,26.2907],[92.8434,26.2882],[92.8401,26.2887],[92.8416,26.2838],[92.8332,26.2799],[92.8301,26.2738],[92.8188,26.27],[92.8185,26.2678],[92.8216,26.2662],[92.8139,26.2625],[92.8174,26.2607],[92.8128,26.2451],[92.8134,26.2397],[92.8163,26.2386],[92.8151,26.233],[92.8248,26.2298],[92.8271,26.2251],[92.8152,26.214],[92.7936,26.2194],[92.7955,26.2074],[92.794,26.205],[92.8013,26.2018],[92.819,26.2058],[92.8438,26.2048],[92.8488,26.2013],[92.859,26.2016],[92.8818,26.2079],[92.89,26.2043],[92.9075,26.202],[92.9262,26.2026],[92.9293,26.2004],[92.9394,26.2025],[92.9439,26.1999],[92.9429,26.1978],[92.9478,26.191],[92.9527,26.1902],[92.956,26.1743],[92.9525,26.1657],[92.947,26.1628],[92.9486,26.1609],[92.9462,26.1571],[92.9361,26.1503],[92.9313,26.1512],[92.9309,26.1493],[92.9354,26.1486],[92.9314,26.1479],[92.9324,26.1451],[92.929,26.1451],[92.934,26.1366],[92.9387,26.1388],[92.9428,26.1371],[92.9465,26.1396],[92.9525,26.1386],[92.9546,26.1407],[92.9665,26.1291],[92.9719,26.1283],[92.9736,26.1307],[92.9786,26.1272],[92.9979,26.1223],[93.0024,26.1175],[93.0127,26.1126],[93.015,26.1145],[93.0161,26.1126],[93.0218,26.113],[93.0217,26.1104],[93.0255,26.1072],[93.0331,26.1058],[93.0359,26.1085],[93.0351,26.102],[93.0374,26.1006],[93.0372,26.0913],[93.04,26.0874],[93.0453,26.0861],[93.0472,26.0881],[93.0508,26.0845],[93.0559,26.0882],[93.0564,26.0851],[93.0593,26.0852],[93.0595,26.0796],[93.0616,26.0825],[93.0654,26.0825],[93.0686,26.078],[93.068,26.0825],[93.0722,26.0808],[93.0725,26.0853],[93.0732,26.0833],[93.0753,26.0848],[93.0759,26.0804],[93.0816,26.0783],[93.081,26.081],[93.085,26.083],[93.0848,26.0756],[93.0905,26.0781],[93.0884,26.0744],[93.1001,26.0769],[93.1041,26.0734],[93.1084,26.0782],[93.0934,26.0331],[93.11,26.0369],[93.1272,26.031],[93.1253,26.0261],[93.1275,26.0246],[93.1266,26.0218],[93.1378,26.0185],[93.1409,26.0097],[93.1482,26.0022],[93.1498,25.997],[93.1583,25.9953],[93.1541,25.9855],[93.1586,25.9773],[93.1586,25.9616],[93.1614,25.9575],[93.1735,25.9524],[93.1719,25.947],[93.1765,25.943],[93.1751,25.9404],[93.1794,25.9287],[93.1793,25.9214],[93.1821,25.92],[93.1834,25.9141],[93.183,25.9033],[93.1881,25.8996],[93.1969,25.898],[93.222,25.8599],[93.2316,25.8523],[93.2392,25.851],[93.2409,25.8461],[93.2379,25.841],[93.2442,25.8295],[93.2448,25.8189],[93.2399,25.8094],[93.2407,25.8073],[93.2473,25.809],[93.2459,25.7996],[93.2479,25.7976],[93.2451,25.7951],[93.2471,25.7834],[93.2438,25.7764],[93.2361,25.7686],[93.2271,25.7654],[93.231,25.7587],[93.2265,25.7268],[93.1824,25.7289],[93.1705,25.7183],[93.1585,25.7237],[93.1426,25.7185],[93.1395,25.7151],[93.1406,25.7123],[93.1342,25.7058],[93.1364,25.692],[93.1316,25.6865],[93.1338,25.6777],[93.1377,25.6751],[93.136,25.6701],[93.1413,25.6672],[93.1424,25.6609],[93.146,25.6649],[93.1487,25.6656],[93.1528,25.6623],[93.1572,25.6664],[93.1611,25.6624],[93.1707,25.6618],[93.1716,25.6529],[93.1781,25.6474],[93.1769,25.6416],[93.1799,25.6412],[93.1782,25.6397],[93.1809,25.6384],[93.1815,25.6413],[93.1876,25.6318],[93.1921,25.6318],[93.1886,25.622],[93.1846,25.6225],[93.1824,25.6192],[93.1795,25.6194],[93.1808,25.6171],[93.1769,25.6128],[93.1757,25.6041],[93.1813,25.5929],[93.1766,25.5928],[93.1793,25.5873],[93.1848,25.5838],[93.183,25.5818],[93.1877,25.5816],[93.1866,25.5763],[93.192,25.5747],[93.1892,25.5704],[93.1926,25.5653],[93.1987,25.5642],[93.2002,25.5598],[93.1972,25.5592],[93.1983,25.5555],[93.2039,25.5553],[93.2088,25.5435],[93.2112,25.5431],[93.2106,25.5465],[93.2137,25.5495],[93.2154,25.5475],[93.2226,25.5488],[93.2316,25.5458],[93.2584,25.5488],[93.2635,25.5447],[93.2628,25.5405],[93.2702,25.5313],[93.276,25.5322],[93.2777,25.5358],[93.2925,25.5444],[93.2994,25.5378],[93.2988,25.5327],[93.3015,25.5303],[93.3218,25.5331],[93.3227,25.5369],[93.3302,25.5424],[93.3269,25.5466],[93.3325,25.5485],[93.3398,25.5585],[93.3521,25.5601],[93.3545,25.5556],[93.3586,25.5547],[93.3584,25.5574],[93.364,25.5613],[93.3624,25.5661],[93.3654,25.5653],[93.3694,25.5705],[93.3753,25.5732],[93.3742,25.5772],[93.3797,25.5767],[93.3815,25.5821],[93.3783,25.5827],[93.382,25.5841],[93.3833,25.588],[93.3857,25.5872],[93.3855,25.5929],[93.3892,25.5912],[93.3923,25.596],[93.3987,25.5961],[93.4028,25.6023],[93.4014,25.6112],[93.4062,25.6115],[93.4077,25.6145],[93.4109,25.6137],[93.4104,25.6166],[93.4143,25.6182],[93.4136,25.6211],[93.4183,25.6177],[93.4215,25.6183],[93.4199,25.6248],[93.4245,25.6256],[93.4264,25.632],[93.4336,25.6295],[93.4372,25.6318],[93.4373,25.6349],[93.4415,25.6348],[93.4443,25.6397],[93.4466,25.6347],[93.4494,25.6357],[93.4495,25.6396],[93.455,25.634],[93.4608,25.6324],[93.4605,25.6369],[93.4556,25.6388],[93.4572,25.6412],[93.4604,25.6407],[93.4641,25.6447],[93.4719,25.6425],[93.4687,25.6444],[93.4737,25.6441],[93.4767,25.6479],[93.4816,25.6446],[93.4813,25.6513],[93.4851,25.6484],[93.4879,25.6544],[93.4965,25.6546],[93.4999,25.6608],[93.5064,25.6643],[93.5065,25.668],[93.5097,25.6686],[93.5073,25.6726],[93.511,25.6722],[93.5183,25.6795],[93.5174,25.6824],[93.5126,25.6847],[93.5204,25.6917],[93.5224,25.6977],[93.5235,25.6927],[93.5274,25.6913],[93.5311,25.6927],[93.5362,25.7019],[93.5411,25.6989],[93.5418,25.7047],[93.5479,25.7118],[93.5431,25.7147],[93.543,25.7211],[93.5395,25.7227],[93.543,25.726],[93.5424,25.731],[93.5493,25.7294],[93.5495,25.7328],[93.5552,25.7337],[93.5542,25.7379],[93.5614,25.7379],[93.5634,25.7448],[93.5669,25.7474],[93.5662,25.7549],[93.5702,25.7529],[93.5731,25.7542],[93.5678,25.7585],[93.5767,25.757],[93.5777,25.7546],[93.5854,25.7581],[93.5822,25.7606],[93.5858,25.7662],[93.5894,25.7662],[93.5916,25.7626],[93.5984,25.7689],[93.6026,25.7652],[93.6049,25.775],[93.6102,25.7738],[93.6126,25.7767],[93.6173,25.7761],[93.62,25.7803],[93.6184,25.7838],[93.6267,25.7897],[93.6233,25.7974],[93.6277,25.799],[93.6246,25.8027],[93.6328,25.8029],[93.6316,25.8067],[93.6349,25.8094],[93.633,25.8115],[93.6385,25.8099],[93.6381,25.8157],[93.6434,25.8159],[93.646,25.8225],[93.6515,25.82],[93.6547,25.8237],[93.6682,25.8219],[93.6675,25.8261],[93.6711,25.8241],[93.6725,25.8277],[93.6785,25.8285],[93.6805,25.8384],[93.6901,25.8408],[93.6856,25.8438],[93.6882,25.846],[93.6913,25.8439],[93.6946,25.8481],[93.6991,25.8467],[93.701,25.8497],[93.7008,25.8434],[93.7077,25.8479],[93.7142,25.8446],[93.702,25.8516],[93.6814,25.9045],[93.6847,25.9038],[93.6939,25.9118],[93.7008,25.9108],[93.7065,25.9189],[93.7135,25.9169],[93.7339,25.924],[93.7361,25.9229],[93.7394,25.9319],[93.7475,25.935],[93.7512,25.9329],[93.7523,25.9355],[93.7461,25.9388],[93.7453,25.9429],[93.7498,25.9409],[93.7522,25.9419],[93.7528,25.9468],[93.7584,25.9456],[93.7577,25.952],[93.762,25.9514],[93.7631,25.9544],[93.7648,25.9542],[93.7641,25.9509],[93.7675,25.9506],[93.7681,25.9537],[93.7635,25.9595],[93.7696,25.959],[93.7696,25.9641],[93.7645,25.969],[93.7713,25.9681],[93.7735,25.9706],[93.7766,25.9688],[93.7807,25.9814],[93.7855,25.9822],[93.7868,25.9774],[93.7893,25.9762],[93.7918,25.9816],[93.7979,25.9787],[93.7999,25.9814],[93.8042,25.9799],[93.8032,25.9862],[93.7991,25.9841],[93.7956,25.9875],[93.7946,25.9932],[93.8007,25.9945],[93.7975,25.9968],[93.8008,26.0021],[93.7981,26.0031],[93.7937,25.9981],[93.788,26.0094],[93.7854,26.0065],[93.7811,26.0079],[93.7862,26.0145],[93.7898,26.0126],[93.7932,26.0152],[93.7913,26.0183],[93.7861,26.0199],[93.786,26.0238],[93.7923,26.0265],[93.7936,26.0308],[93.7965,26.028],[93.7996,26.0313],[93.7917,26.0339],[93.7871,26.0311],[93.7801,26.0396],[93.795,26.0416],[93.7908,26.0524],[93.7871,26.0543],[93.7905,26.0565],[93.7921,26.0526],[93.7973,26.0524],[93.7946,26.0612],[93.8011,26.066],[93.8053,26.0646],[93.8036,26.0701],[93.7966,26.0712],[93.8004,26.076],[93.8059,26.0713],[93.8055,26.082],[93.8032,26.0854],[93.8057,26.0874],[93.81,26.0865],[93.8072,26.0899],[93.8036,26.0888],[93.8049,26.0936],[93.8142,26.0908],[93.8065,26.1025],[93.812,26.1086],[93.8121,26.1122],[93.8201,26.11],[93.8219,26.1142],[93.8172,26.1226],[93.828,26.1277],[93.8193,26.1325],[93.8183,26.137],[93.8224,26.1389],[93.8294,26.1353],[93.8311,26.1368],[93.8254,26.1441],[93.8305,26.1499],[93.8306,26.1581],[93.8216,26.1725],[93.8278,26.1738],[93.8273,26.1805],[93.8304,26.1799],[93.8325,26.175],[93.8351,26.1759],[93.8275,26.1862],[93.8338,26.1898],[93.8291,26.1963],[93.8321,26.1986],[93.8379,26.1945],[93.8412,26.2049],[93.8341,26.2004],[93.8338,26.2071],[93.8441,26.2122],[93.8446,26.2143],[93.8405,26.2178],[93.8442,26.2186],[93.8515,26.2156],[93.8571,26.2217],[93.8562,26.2287],[93.8646,26.2353],[93.86,26.2366],[93.8607,26.2417],[93.8553,26.2455],[93.8515,26.2437],[93.8513,26.2391],[93.8477,26.2413],[93.8549,26.2471],[93.8616,26.2447],[93.8648,26.2458],[93.8651,26.2483],[93.8605,26.2524],[93.8672,26.251],[93.8645,26.255],[93.8653,26.2581],[93.871,26.2593],[93.8748,26.2639],[93.8684,26.2662],[93.8736,26.2723],[93.8708,26.2755],[93.8811,26.2736],[93.8805,26.2762],[93.8726,26.2815],[93.8765,26.2879],[93.8685,26.2944],[93.8723,26.2964],[93.8697,26.2992],[93.8713,26.3007],[93.8774,26.2996],[93.8851,26.3025],[93.8842,26.3081],[93.8771,26.3073],[93.8738,26.3098],[93.8797,26.3131],[93.885,26.3106],[93.8873,26.3142],[93.8836,26.3192],[93.888,26.3202],[93.8913,26.315],[93.8938,26.3155],[93.8927,26.32],[93.8865,26.3237],[93.8886,26.326],[93.8939,26.3263],[93.8948,26.329],[93.8917,26.3308],[93.8865,26.3282],[93.8874,26.3402],[93.883,26.3406],[93.8814,26.3456],[93.8891,26.3462],[93.8891,26.3496],[93.8829,26.3528],[93.8835,26.3555],[93.8886,26.3567],[93.8869,26.36],[93.8831,26.3591],[93.8831,26.362],[93.8892,26.3652],[93.8903,26.3693],[93.8942,26.3718],[93.8811,26.3725],[93.8886,26.3811],[93.8831,26.3812],[93.8848,26.386],[93.8806,26.3878],[93.8839,26.392],[93.8788,26.394],[93.8656,26.3889],[93.8588,26.3985],[93.8267,26.4178],[93.8225,26.4055],[93.8166,26.3986],[93.8111,26.3977],[93.8095,26.3947],[93.8061,26.396],[93.8039,26.3907],[93.8008,26.3914],[93.7962,26.3866],[93.794,26.3759],[93.7883,26.3765],[93.7868,26.3794],[93.7748,26.3839],[93.7733,26.3868],[93.7806,26.3868],[93.7865,26.3962],[93.7907,26.3979],[93.7925,26.4038],[93.7991,26.4088],[93.7831,26.4096],[93.7806,26.4149],[93.7813,26.4249],[93.7939,26.4285],[93.7895,26.4338],[93.7836,26.4335],[93.7831,26.4387],[93.7944,26.4402],[93.7851,26.4524],[93.7868,26.456],[93.7855,26.4646],[93.7835,26.4634],[93.7778,26.466],[93.7707,26.4739],[93.7713,26.4766],[93.7755,26.4733],[93.7789,26.4758],[93.7781,26.4818],[93.7753,26.4826],[93.7721,26.4886],[93.7697,26.4977],[93.7633,26.5016],[93.7622,26.5071],[93.7552,26.5092],[93.7574,26.5157],[93.7513,26.5183],[93.7521,26.5209],[93.7583,26.5224],[93.7551,26.5255],[93.756,26.529],[93.7435,26.5275],[93.743,26.5317],[93.7398,26.5343],[93.742,26.5376],[93.7368,26.5333],[93.7315,26.5378],[93.7328,26.5398],[93.739,26.5398],[93.7397,26.5468],[93.7332,26.5497],[93.7366,26.5513],[93.737,26.5598],[93.7413,26.5577],[93.7399,26.5669],[93.7475,26.5758],[93.7518,26.5771],[93.7523,26.5849],[93.7401,26.5835],[93.7366,26.5869],[93.7352,26.5938],[93.7142,26.6048],[93.7013,26.6073]]]},"properties":{"dtname":"Karbi Anglong","stname":"ASSAM","stcode11":"18","dtcode11":"314","year_stat":"2011_c","Shape_Length":903285.0761787976,"Shape_Area":9128121979.632727,"OBJECTID":556,"test":0,"Dist_LGD":292,"State_LGD":18}},{"type":"Feature","id":557,"geometry":{"type":"Polygon","coordinates":[[[92.5223,26.1551],[92.5193,26.1547],[92.52,26.1513],[92.5088,26.1412],[92.5013,26.1489],[92.4866,26.1494],[92.4789,26.1289],[92.4682,26.1179],[92.4539,26.1156],[92.4494,26.1],[92.4415,26.0955],[92.4274,26.0988],[92.4252,26.1071],[92.4131,26.1155],[92.4113,26.1117],[92.4073,26.1137],[92.3954,26.1136],[92.3796,26.0913],[92.3629,26.0775],[92.3596,26.0916],[92.3545,26.0848],[92.348,26.0852],[92.3299,26.0768],[92.3234,26.0863],[92.3145,26.0848],[92.3123,26.0821],[92.3035,26.0863],[92.3004,26.0823],[92.3003,26.0776],[92.2965,26.0825],[92.2938,26.0822],[92.2866,26.0776],[92.2829,26.0698],[92.271,26.0644],[92.2694,26.0607],[92.2645,26.0585],[92.2635,26.0544],[92.27,26.0476],[92.2689,26.0429],[92.261,26.0417],[92.265,26.0362],[92.2634,26.0332],[92.2567,26.0288],[92.2532,26.0291],[92.2485,26.0235],[92.2437,26.0216],[92.2444,26.0183],[92.235,26.0123],[92.2338,26.0092],[92.2277,26.0087],[92.219,26.004],[92.2118,26.0046],[92.2091,25.998],[92.2038,26.0013],[92.2009,25.9953],[92.1975,25.9947],[92.1962,25.9909],[92.1985,25.9883],[92.1884,25.9846],[92.1813,25.9854],[92.1794,25.9785],[92.1755,25.9747],[92.1641,25.9704],[92.1614,25.9603],[92.164,25.9579],[92.1572,25.9527],[92.157,25.9493],[92.1524,25.9444],[92.1524,25.9397],[92.1601,25.9354],[92.1608,25.9282],[92.1544,25.9113],[92.1755,25.9075],[92.1765,25.9105],[92.1817,25.9114],[92.186,25.9167],[92.1894,25.9147],[92.1944,25.9186],[92.1963,25.9158],[92.194,25.9118],[92.2022,25.9064],[92.2043,25.9092],[92.2172,25.9116],[92.2255,25.9093],[92.2208,25.9004],[92.2156,25.9],[92.2149,25.8954],[92.1989,25.8891],[92.1875,25.8773],[92.1772,25.8728],[92.1761,25.8683],[92.18,25.8583],[92.1775,25.8582],[92.1774,25.8516],[92.1725,25.85],[92.1697,25.839],[92.1661,25.8354],[92.1619,25.8356],[92.1641,25.8331],[92.1607,25.8307],[92.1612,25.8207],[92.1569,25.8217],[92.151,25.8167],[92.1525,25.8119],[92.1486,25.806],[92.1499,25.795],[92.1463,25.7842],[92.1526,25.7781],[92.1477,25.773],[92.1502,25.7637],[92.1554,25.7575],[92.1555,25.7512],[92.1627,25.744],[92.1626,25.741],[92.1544,25.7251],[92.1481,25.7254],[92.1442,25.7169],[92.1476,25.7096],[92.1547,25.7063],[92.1559,25.6918],[92.1605,25.6842],[92.1595,25.6763],[92.1561,25.6723],[92.1648,25.6667],[92.1701,25.6672],[92.1733,25.6742],[92.1774,25.6744],[92.1877,25.6842],[92.1965,25.6865],[92.2007,25.6924],[92.208,25.6957],[92.225,25.7162],[92.2316,25.716],[92.2344,25.7077],[92.2473,25.7132],[92.2643,25.7092],[92.2771,25.7156],[92.2929,25.7166],[92.3113,25.728],[92.3169,25.7225],[92.3241,25.7248],[92.3334,25.7242],[92.3457,25.7293],[92.3532,25.7399],[92.3642,25.7375],[92.3689,25.7474],[92.3737,25.7505],[92.3786,25.7485],[92.3842,25.7546],[92.3854,25.7506],[92.3817,25.7421],[92.3878,25.7442],[92.3976,25.7406],[92.4065,25.7447],[92.4071,25.742],[92.4142,25.7416],[92.409,25.7339],[92.4116,25.7301],[92.4311,25.7323],[92.4329,25.7271],[92.4442,25.7198],[92.4476,25.7091],[92.4403,25.7083],[92.4378,25.7059],[92.4406,25.6917],[92.4502,25.6854],[92.4632,25.6811],[92.4702,25.6752],[92.4971,25.6245],[92.506,25.6215],[92.5055,25.6164],[92.5094,25.6157],[92.515,25.6184],[92.5163,25.6152],[92.5333,25.615],[92.5388,25.6137],[92.5391,25.6117],[92.5541,25.6149],[92.5566,25.6115],[92.5554,25.6019],[92.5521,25.6026],[92.5543,25.5997],[92.5532,25.5975],[92.5565,25.5966],[92.5546,25.5954],[92.5542,25.5884],[92.5587,25.5802],[92.5561,25.5768],[92.5566,25.5711],[92.5724,25.5574],[92.5823,25.5577],[92.5844,25.5505],[92.5972,25.5532],[92.6013,25.5573],[92.6024,25.5623],[92.622,25.5653],[92.6301,25.5718],[92.6354,25.5828],[92.6489,25.5922],[92.6533,25.5907],[92.6586,25.5735],[92.665,25.5726],[92.6827,25.5766],[92.6829,25.5792],[92.6787,25.5807],[92.6799,25.585],[92.6966,25.5993],[92.713,25.5988],[92.7153,25.5902],[92.72,25.5885],[92.739,25.5932],[92.7479,25.5985],[92.7505,25.6024],[92.7497,25.6091],[92.7544,25.615],[92.764,25.6143],[92.7687,25.618],[92.7585,25.6256],[92.7586,25.6291],[92.7662,25.6323],[92.7716,25.6396],[92.7828,25.6461],[92.7888,25.6573],[92.7891,25.6612],[92.7743,25.6724],[92.7764,25.6779],[92.7987,25.6897],[92.8016,25.6981],[92.8138,25.7023],[92.8147,25.7091],[92.8217,25.719],[92.8206,25.7411],[92.8294,25.7423],[92.8431,25.751],[92.8836,25.7565],[92.9228,25.7722],[92.9269,25.7765],[92.9282,25.793],[92.9327,25.7996],[92.9285,25.8068],[92.9443,25.8032],[92.9488,25.8086],[92.9557,25.8083],[92.9622,25.817],[92.9659,25.8178],[92.9673,25.8152],[92.9587,25.808],[92.9567,25.8028],[92.96,25.7976],[92.97,25.791],[92.9674,25.7817],[92.9806,25.7905],[92.9821,25.789],[92.9797,25.7812],[92.9836,25.7802],[92.9858,25.7822],[92.9877,25.8003],[92.9809,25.8086],[92.9858,25.8131],[92.99,25.8224],[93.006,25.8267],[92.9982,25.8079],[92.9994,25.7935],[93.0032,25.7864],[93.0116,25.7895],[93.0186,25.8012],[93.0251,25.7942],[93.0351,25.7954],[93.0529,25.7846],[93.0521,25.7786],[93.0584,25.7809],[93.0591,25.7792],[93.0558,25.7773],[93.0582,25.7753],[93.0576,25.7723],[93.0642,25.7772],[93.0738,25.7791],[93.0754,25.7828],[93.0509,25.7905],[93.0282,25.8129],[93.0132,25.8396],[92.9969,25.8514],[92.9823,25.8754],[92.8892,25.865],[92.8849,25.8691],[92.8782,25.8669],[92.8681,25.8683],[92.8651,25.8717],[92.8657,25.878],[92.8577,25.8846],[92.8476,25.904],[92.8484,25.9108],[92.8566,25.9198],[92.8542,25.9249],[92.8503,25.9247],[92.8343,25.9135],[92.8178,25.9239],[92.8123,25.9237],[92.8044,25.9179],[92.8006,25.9185],[92.7975,25.9298],[92.7901,25.9381],[92.7955,25.9441],[92.793,25.9533],[92.7946,25.9574],[92.7991,25.9578],[92.8057,25.9532],[92.807,25.9567],[92.7987,25.9639],[92.7942,25.9646],[92.7756,25.9483],[92.7627,25.9604],[92.762,25.9667],[92.7696,25.9758],[92.7622,25.9843],[92.7705,25.9892],[92.7658,25.9917],[92.7605,25.9873],[92.7593,25.9912],[92.765,25.9952],[92.7775,25.9938],[92.7791,25.996],[92.7753,26.0003],[92.7613,25.9985],[92.7571,26.0027],[92.7627,26.0069],[92.7797,26.0054],[92.7826,26.0099],[92.7796,26.0142],[92.7726,26.0176],[92.759,26.0142],[92.7579,26.021],[92.7652,26.0288],[92.7556,26.0378],[92.7461,26.0388],[92.7549,26.0538],[92.7532,26.0569],[92.7431,26.0614],[92.7174,26.0582],[92.714,26.0535],[92.7089,26.0452],[92.712,26.0401],[92.7101,26.037],[92.7168,26.0361],[92.7151,26.0327],[92.7165,26.0297],[92.7114,26.0259],[92.7149,26.0228],[92.7125,26.0217],[92.7133,26.018],[92.7108,26.0193],[92.7096,26.0175],[92.7038,26.0218],[92.6989,26.0199],[92.6949,26.0228],[92.694,26.0207],[92.6923,26.0227],[92.6901,26.0212],[92.6837,26.0277],[92.6789,26.0242],[92.6782,26.0271],[92.6728,26.0249],[92.6707,26.0287],[92.6669,26.0283],[92.6655,26.0237],[92.6544,26.0195],[92.6574,26.0079],[92.6555,26.0002],[92.6362,25.9989],[92.6372,25.9961],[92.6339,25.9943],[92.633,25.9896],[92.6207,25.9841],[92.6155,25.9841],[92.6113,25.9776],[92.6064,25.9785],[92.6005,25.9759],[92.5962,25.9782],[92.5887,25.964],[92.5755,25.9663],[92.5656,25.9616],[92.5603,25.9651],[92.5513,25.966],[92.546,25.9715],[92.5592,25.9935],[92.5672,26.0019],[92.5662,26.0107],[92.571,26.0144],[92.5938,26.0214],[92.5944,26.0236],[92.5907,26.0275],[92.5815,26.0293],[92.5795,26.0332],[92.5842,26.0529],[92.596,26.0709],[92.5957,26.0807],[92.5746,26.0948],[92.577,26.1077],[92.5706,26.1166],[92.5477,26.1107],[92.5364,26.0964],[92.5332,26.0961],[92.5307,26.1014],[92.5266,26.0985],[92.5197,26.1024],[92.5176,26.116],[92.5289,26.1508],[92.526,26.1531],[92.5227,26.1515],[92.5223,26.1551]]]},"properties":{"dtname":"West Karbi Anglong","stname":"ASSAM","stcode11":"18","dtcode11":"759","year_stat":"2016_c","Shape_Length":488925.4778640679,"Shape_Area":3809976224.5373693,"OBJECTID":557,"test":0,"Dist_LGD":710,"State_LGD":18}}]}