{"type":"FeatureCollection","crs":{"type":"name","properties":{"name":"EPSG:4326"}},"features":[{"type":"Feature","id":359,"geometry":{"type":"Polygon","coordinates":[[[87.5844,25.3491],[87.5828,25.3435],[87.5746,25.3409],[87.5711,25.3334],[87.5519,25.3327],[87.5503,25.3245],[87.5477,25.3238],[87.5427,25.2941],[87.543,25.2811],[87.5321,25.2804],[87.517,25.2933],[87.5017,25.2923],[87.4935,25.3038],[87.4915,25.2976],[87.4873,25.2971],[87.4906,25.2799],[87.4987,25.2764],[87.4963,25.2706],[87.5009,25.2667],[87.4989,25.2627],[87.5006,25.2599],[87.4909,25.2576],[87.4814,25.2505],[87.4739,25.2402],[87.4734,25.2333],[87.4783,25.1935],[87.4994,25.14],[87.4724,25.105],[87.4916,25.0933],[87.493,25.0856],[87.4997,25.0806],[87.5063,25.0799],[87.5081,25.0768],[87.5071,25.0711],[87.51,25.0665],[87.5211,25.0598],[87.513,25.0544],[87.5042,25.0534],[87.5072,25.0424],[87.5105,25.0394],[87.505,25.0361],[87.5061,25.0311],[87.5007,25.0275],[87.4995,25.0202],[87.4909,25.0147],[87.4805,25.0121],[87.4756,25.0062],[87.4658,25.0026],[87.4579,24.9928],[87.4577,24.9844],[87.4619,24.9845],[87.4712,24.9776],[87.4774,24.9771],[87.4728,24.975],[87.4722,24.9692],[87.4689,24.9693],[87.4706,24.9555],[87.4614,24.9548],[87.4611,24.9515],[87.4639,24.9495],[87.4587,24.9408],[87.4541,24.9393],[87.4573,24.9349],[87.4578,24.9214],[87.4599,24.9176],[87.4662,24.9195],[87.4675,24.9038],[87.4622,24.8957],[87.4543,24.8954],[87.4528,24.8915],[87.4592,24.8844],[87.4678,24.8803],[87.468,24.8736],[87.4613,24.8733],[87.4557,24.87],[87.4558,24.8646],[87.4566,24.8632],[87.4601,24.866],[87.4696,24.8581],[87.4741,24.8619],[87.4799,24.8585],[87.4744,24.8554],[87.4727,24.8498],[87.4774,24.8494],[87.4743,24.8434],[87.4781,24.8423],[87.4771,24.8314],[87.4829,24.8284],[87.4828,24.8207],[87.4924,24.8145],[87.4924,24.8078],[87.4948,24.8079],[87.4957,24.8031],[87.5046,24.8004],[87.5048,24.7981],[87.5104,24.8001],[87.5166,24.7977],[87.5176,24.8016],[87.5288,24.7997],[87.5392,24.802],[87.5353,24.8237],[87.5438,24.8252],[87.5486,24.83],[87.5543,24.8291],[87.555,24.8232],[87.5681,24.8137],[87.5701,24.8088],[87.5748,24.808],[87.5796,24.8107],[87.5845,24.809],[87.592,24.8116],[87.5995,24.8077],[87.606,24.8087],[87.6216,24.7941],[87.608,24.799],[87.5976,24.8056],[87.5904,24.8034],[87.5936,24.7949],[87.5842,24.7913],[87.5918,24.7906],[87.5978,24.7935],[87.5973,24.7884],[87.6064,24.7883],[87.611,24.7784],[87.6158,24.7808],[87.6183,24.7768],[87.6207,24.7782],[87.6292,24.776],[87.6304,24.7729],[87.6429,24.7687],[87.6549,24.768],[87.6546,24.7703],[87.6566,24.7657],[87.6634,24.7603],[87.6708,24.7655],[87.6787,24.7617],[87.6774,24.7571],[87.6835,24.7536],[87.6822,24.7488],[87.6868,24.7431],[87.6919,24.747],[87.6983,24.7469],[87.7018,24.742],[87.7079,24.7398],[87.712,24.7416],[87.7111,24.732],[87.7144,24.7301],[87.7348,24.7653],[87.741,24.765],[87.743,24.7681],[87.7475,24.7684],[87.7533,24.7648],[87.7465,24.7616],[87.7427,24.7563],[87.7558,24.7481],[87.7716,24.7471],[87.7742,24.7525],[87.7795,24.754],[87.7876,24.7508],[87.7987,24.7292],[87.7987,24.7265],[87.7949,24.727],[87.793,24.7249],[87.7967,24.7153],[87.8055,24.7189],[87.8051,24.7267],[87.8095,24.7274],[87.8196,24.7265],[87.821,24.7245],[87.8319,24.7288],[87.8388,24.7269],[87.8428,24.7206],[87.8466,24.7204],[87.849,24.722],[87.8492,24.7265],[87.8418,24.736],[87.8423,24.7429],[87.8293,24.7533],[87.819,24.7539],[87.8177,24.7609],[87.8228,24.7701],[87.8283,24.7717],[87.8278,24.7688],[87.8298,24.7696],[87.8321,24.7866],[87.8361,24.7899],[87.8409,24.7892],[87.8413,24.7836],[87.8396,24.7767],[87.836,24.7777],[87.8366,24.7659],[87.8434,24.7694],[87.8453,24.7656],[87.8543,24.7618],[87.861,24.7664],[87.8622,24.7729],[87.8642,24.7717],[87.869,24.7748],[87.8703,24.7782],[87.8674,24.7786],[87.8686,24.789],[87.873,24.795],[87.875,24.7947],[87.8747,24.7911],[87.8785,24.7904],[87.8816,24.799],[87.8803,24.805],[87.8748,24.8068],[87.8754,24.8173],[87.8711,24.8196],[87.87,24.8262],[87.8757,24.8249],[87.8774,24.8213],[87.8816,24.8231],[87.8832,24.8288],[87.8848,24.8283],[87.8828,24.8225],[87.8846,24.8223],[87.8854,24.8269],[87.8873,24.8254],[87.8862,24.8229],[87.8885,24.8224],[87.891,24.826],[87.8963,24.8224],[87.9003,24.823],[87.9016,24.8275],[87.8967,24.8297],[87.8997,24.8444],[87.8908,24.8552],[87.8967,24.8571],[87.8974,24.8608],[87.9153,24.883],[87.9524,24.9081],[87.961,24.9219],[87.9596,24.9298],[87.9623,24.9378],[87.9575,24.9711],[87.9538,24.978],[87.9399,24.9914],[87.9228,25.0006],[87.9056,25.0036],[87.8928,25.0141],[87.8767,25.0344],[87.8484,25.0535],[87.8351,25.059],[87.7957,25.0873],[87.7953,25.092],[87.8016,25.1043],[87.8007,25.1178],[87.7889,25.1348],[87.7792,25.1436],[87.7817,25.1769],[87.7728,25.2072],[87.7787,25.2505],[87.711,25.2576],[87.7113,25.2747],[87.6933,25.2847],[87.6997,25.2974],[87.6953,25.3001],[87.6984,25.304],[87.6955,25.3067],[87.685,25.3061],[87.6845,25.3097],[87.692,25.3116],[87.6737,25.3129],[87.6754,25.3069],[87.6669,25.3107],[87.6656,25.3091],[87.6643,25.3114],[87.6635,25.3079],[87.6549,25.3076],[87.6386,25.3147],[87.6364,25.3136],[87.6305,25.3197],[87.6272,25.3116],[87.6179,25.3181],[87.6104,25.3133],[87.5923,25.3224],[87.5935,25.3253],[87.5839,25.3319],[87.5918,25.342],[87.5844,25.3491]]]},"properties":{"dtname":"Sahibganj","stname":"JHARKHAND","stcode11":"20","dtcode11":"352","year_stat":"2011_c","Shape_Length":337447.44945616723,"Shape_Area":2681404731.45296,"OBJECTID":359,"test":1,"Dist_LGD":340,"State_LGD":20}},{"type":"Feature","id":364,"geometry":{"type":"Polygon","coordinates":[[[87.394,25.2275],[87.3918,25.2279],[87.388,25.223],[87.3821,25.2232],[87.3719,25.2063],[87.3602,25.2119],[87.3345,25.2162],[87.3335,25.2227],[87.3275,25.2236],[87.3184,25.1953],[87.321,25.19],[87.3157,25.1806],[87.3146,25.1695],[87.3194,25.1653],[87.3166,25.1603],[87.3145,25.1603],[87.3121,25.1488],[87.3081,25.1474],[87.3051,25.1429],[87.307,25.1364],[87.3032,25.1344],[87.2965,25.1137],[87.2982,25.1126],[87.2953,25.1024],[87.2982,25.0998],[87.2955,25.0886],[87.2699,25.094],[87.2637,25.0997],[87.2632,25.1033],[87.2497,25.1055],[87.2413,25.1169],[87.235,25.107],[87.2442,25.1007],[87.24,25.0973],[87.2398,25.092],[87.2376,25.0921],[87.2371,25.0892],[87.2305,25.0901],[87.2278,25.0878],[87.2127,25.0912],[87.2112,25.0807],[87.2068,25.0823],[87.2004,25.0782],[87.1983,25.071],[87.1934,25.0713],[87.1926,25.0662],[87.1883,25.0677],[87.1811,25.0658],[87.172,25.0476],[87.1665,25.0466],[87.1677,25.041],[87.1639,25.0388],[87.1623,25.0333],[87.1581,25.028],[87.1503,25.0261],[87.1458,25.0193],[87.1458,25.01],[87.1517,25.0005],[87.1544,24.978],[87.1499,24.9634],[87.152,24.9605],[87.15,24.948],[87.1462,24.9417],[87.1544,24.9324],[87.1525,24.9267],[87.145,24.9192],[87.1463,24.9104],[87.1503,24.9032],[87.157,24.8998],[87.1567,24.881],[87.1458,24.8673],[87.1412,24.8646],[87.1415,24.8614],[87.1443,24.8624],[87.1425,24.8604],[87.1342,24.8604],[87.1324,24.8625],[87.1268,24.8558],[87.1181,24.8516],[87.1094,24.8517],[87.112,24.8476],[87.1047,24.8468],[87.104,24.8413],[87.0913,24.8235],[87.0842,24.8221],[87.0769,24.8238],[87.0741,24.8084],[87.0828,24.8067],[87.0874,24.8029],[87.0957,24.8028],[87.0927,24.7917],[87.0787,24.7776],[87.0787,24.7681],[87.0843,24.7562],[87.0781,24.7525],[87.0798,24.7485],[87.0706,24.7476],[87.0698,24.745],[87.0738,24.7414],[87.0729,24.7371],[87.0786,24.7366],[87.0768,24.7312],[87.0811,24.7292],[87.0791,24.7274],[87.0805,24.7261],[87.068,24.7034],[87.0693,24.6933],[87.0653,24.6885],[87.0619,24.6888],[87.0597,24.6764],[87.054,24.6694],[87.0537,24.6594],[87.0508,24.6519],[87.0524,24.6411],[87.0463,24.63],[87.049,24.6234],[87.0526,24.6253],[87.0548,24.6395],[87.0642,24.6431],[87.0758,24.6371],[87.0829,24.6362],[87.0874,24.6393],[87.096,24.632],[87.103,24.6319],[87.1072,24.6281],[87.117,24.6351],[87.1238,24.633],[87.1317,24.6216],[87.1441,24.6174],[87.1483,24.6134],[87.166,24.6166],[87.1756,24.6061],[87.1764,24.6089],[87.1859,24.6073],[87.1899,24.604],[87.1894,24.5993],[87.196,24.5975],[87.1987,24.5938],[87.2081,24.594],[87.2098,24.591],[87.2133,24.5912],[87.2168,24.5924],[87.2185,24.5988],[87.2438,24.5863],[87.2515,24.5911],[87.2587,24.5912],[87.2637,24.5941],[87.2674,24.6016],[87.2755,24.6055],[87.279,24.6013],[87.2897,24.5966],[87.3072,24.5987],[87.3085,24.592],[87.3162,24.5837],[87.3261,24.5779],[87.3228,24.5703],[87.3378,24.5591],[87.3408,24.5496],[87.3524,24.5436],[87.3581,24.5295],[87.3691,24.5211],[87.3706,24.5059],[87.3792,24.5026],[87.3919,24.5033],[87.3963,24.5012],[87.4051,24.5072],[87.4107,24.506],[87.4185,24.5089],[87.4237,24.5156],[87.421,24.5175],[87.4171,24.5118],[87.4051,24.5088],[87.3926,24.5109],[87.3858,24.525],[87.3908,24.5482],[87.3969,24.5474],[87.4046,24.5362],[87.406,24.5415],[87.4138,24.5403],[87.4118,24.5434],[87.4193,24.5546],[87.4275,24.5554],[87.4305,24.559],[87.4365,24.5579],[87.439,24.5691],[87.4488,24.5626],[87.4568,24.5694],[87.4625,24.5671],[87.4667,24.5704],[87.4655,24.5815],[87.4547,24.5887],[87.4551,24.5997],[87.4632,24.6043],[87.4605,24.6173],[87.4442,24.6189],[87.447,24.6323],[87.4563,24.6393],[87.4616,24.6401],[87.4656,24.6452],[87.4684,24.6439],[87.4735,24.6481],[87.4712,24.6521],[87.469,24.6679],[87.4708,24.6689],[87.467,24.6826],[87.4727,24.6893],[87.469,24.7005],[87.4641,24.7028],[87.463,24.7059],[87.4637,24.7212],[87.4602,24.723],[87.4603,24.7259],[87.4561,24.7272],[87.4591,24.7322],[87.4534,24.7362],[87.4426,24.7514],[87.4379,24.752],[87.4351,24.7588],[87.4426,24.7696],[87.4484,24.7711],[87.45,24.7778],[87.455,24.7799],[87.4525,24.7865],[87.4587,24.7865],[87.4587,24.7928],[87.4653,24.7946],[87.4788,24.7875],[87.4867,24.79],[87.4873,24.786],[87.4975,24.7829],[87.4959,24.7908],[87.504,24.7937],[87.5094,24.7986],[87.5048,24.7981],[87.5046,24.8004],[87.4957,24.8031],[87.4948,24.8079],[87.4924,24.8078],[87.4924,24.8145],[87.4828,24.8207],[87.4829,24.8284],[87.4771,24.8314],[87.4781,24.8423],[87.4743,24.8434],[87.4774,24.8494],[87.4727,24.8498],[87.4744,24.8554],[87.4799,24.8585],[87.4741,24.8619],[87.4696,24.8581],[87.4601,24.866],[87.4566,24.8632],[87.4558,24.8646],[87.4557,24.87],[87.4613,24.8733],[87.468,24.8736],[87.4678,24.8803],[87.4592,24.8844],[87.4528,24.8915],[87.4543,24.8954],[87.4622,24.8957],[87.4675,24.9038],[87.4662,24.9195],[87.4599,24.9176],[87.4578,24.9214],[87.4573,24.9349],[87.4541,24.9393],[87.4587,24.9408],[87.4639,24.9495],[87.4611,24.9515],[87.4614,24.9548],[87.4706,24.9555],[87.4689,24.9693],[87.4722,24.9692],[87.4728,24.975],[87.4774,24.9771],[87.4712,24.9776],[87.4619,24.9845],[87.4577,24.9844],[87.4577,24.9921],[87.4658,25.0026],[87.4756,25.0062],[87.4805,25.0121],[87.4909,25.0147],[87.4995,25.0202],[87.5007,25.0275],[87.5061,25.0311],[87.505,25.0361],[87.5105,25.0394],[87.5072,25.0424],[87.5042,25.0534],[87.513,25.0544],[87.5211,25.0598],[87.51,25.0665],[87.5071,25.0711],[87.5081,25.0768],[87.5063,25.0799],[87.4997,25.0806],[87.493,25.0856],[87.4916,25.0933],[87.4724,25.105],[87.4994,25.14],[87.4781,25.1944],[87.4633,25.1949],[87.4618,25.1978],[87.4595,25.1969],[87.4231,25.214],[87.4123,25.2151],[87.4121,25.2191],[87.404,25.2224],[87.4021,25.227],[87.394,25.2275]]]},"properties":{"dtname":"Godda","stname":"JHARKHAND","stcode11":"20","dtcode11":"351","year_stat":"2011_c","Shape_Length":346375.77508075826,"Shape_Area":2759829003.7453737,"OBJECTID":364,"test":1,"Dist_LGD":330,"State_LGD":20}},{"type":"Feature","id":386,"geometry":{"type":"Polygon","coordinates":[[[87.549,24.8297],[87.5403,24.8236],[87.5353,24.8237],[87.5392,24.802],[87.5288,24.7997],[87.5176,24.8016],[87.5162,24.7976],[87.51,24.8],[87.504,24.7937],[87.4959,24.7908],[87.4975,24.7829],[87.4873,24.786],[87.4867,24.79],[87.4788,24.7875],[87.4666,24.7941],[87.4605,24.7937],[87.4574,24.7913],[87.4587,24.7865],[87.4525,24.7865],[87.455,24.7799],[87.45,24.7778],[87.4484,24.7711],[87.4426,24.7696],[87.4353,24.7593],[87.4379,24.752],[87.4426,24.7514],[87.4534,24.7362],[87.4591,24.7322],[87.4561,24.7272],[87.4603,24.7259],[87.4602,24.723],[87.4637,24.7212],[87.463,24.7059],[87.4641,24.7028],[87.469,24.7005],[87.4727,24.6893],[87.467,24.6826],[87.4708,24.6689],[87.469,24.6679],[87.4712,24.6521],[87.4735,24.6481],[87.4684,24.6439],[87.4656,24.6452],[87.4616,24.6401],[87.4563,24.6393],[87.447,24.6323],[87.4442,24.6189],[87.4605,24.6173],[87.4632,24.6043],[87.4551,24.5997],[87.4547,24.5887],[87.4655,24.5815],[87.4667,24.5704],[87.4625,24.5671],[87.4568,24.5694],[87.4488,24.5626],[87.439,24.5691],[87.4365,24.5579],[87.4305,24.559],[87.4275,24.5554],[87.4193,24.5546],[87.4118,24.5434],[87.4138,24.5403],[87.406,24.5415],[87.4046,24.5362],[87.3969,24.5474],[87.3908,24.5482],[87.3858,24.525],[87.3926,24.5109],[87.4005,24.5086],[87.4153,24.5109],[87.421,24.5175],[87.4302,24.5134],[87.436,24.5189],[87.4446,24.5168],[87.4494,24.5202],[87.4571,24.5193],[87.4612,24.5237],[87.4765,24.5236],[87.4793,24.5294],[87.4975,24.5291],[87.5012,24.5244],[87.5179,24.5157],[87.532,24.5134],[87.5321,24.5095],[87.5368,24.5078],[87.5406,24.5097],[87.5438,24.5172],[87.5483,24.5208],[87.5528,24.5198],[87.5608,24.524],[87.565,24.5225],[87.5698,24.5092],[87.575,24.5073],[87.5676,24.5013],[87.5667,24.4979],[87.5696,24.3867],[87.5881,24.3232],[87.585,24.2701],[87.5819,24.2573],[87.5863,24.2534],[87.5926,24.2583],[87.6071,24.2556],[87.6127,24.2579],[87.6255,24.2583],[87.6388,24.2548],[87.6469,24.252],[87.6532,24.2393],[87.6595,24.2361],[87.6624,24.2379],[87.6621,24.2453],[87.6717,24.2433],[87.6743,24.2476],[87.6847,24.2463],[87.6911,24.2586],[87.7001,24.2628],[87.706,24.2604],[87.7093,24.2708],[87.7072,24.2764],[87.7134,24.2828],[87.7132,24.2939],[87.7301,24.2885],[87.7386,24.2962],[87.7465,24.2985],[87.7468,24.3022],[87.7547,24.3098],[87.7615,24.3083],[87.7631,24.3215],[87.7707,24.3224],[87.7694,24.3282],[87.7628,24.3304],[87.7645,24.3398],[87.7676,24.3441],[87.7712,24.3447],[87.7794,24.3581],[87.787,24.3637],[87.7932,24.3822],[87.8011,24.3825],[87.7991,24.3941],[87.7941,24.3969],[87.7945,24.4005],[87.7969,24.4023],[87.8028,24.4005],[87.8077,24.4071],[87.8102,24.4058],[87.812,24.4106],[87.811,24.4179],[87.8071,24.42],[87.7999,24.4091],[87.7996,24.4122],[87.7887,24.415],[87.7895,24.4204],[87.7956,24.422],[87.793,24.4279],[87.7949,24.4365],[87.8005,24.4375],[87.8008,24.4405],[87.804,24.4412],[87.8002,24.4461],[87.8034,24.4543],[87.8133,24.4548],[87.8134,24.4567],[87.8198,24.4543],[87.8192,24.4574],[87.8238,24.4584],[87.8226,24.471],[87.8107,24.4771],[87.8165,24.4897],[87.827,24.4885],[87.8283,24.4986],[87.824,24.5002],[87.8216,24.4976],[87.8227,24.4946],[87.8161,24.4913],[87.8115,24.4922],[87.8122,24.4989],[87.8164,24.5006],[87.8093,24.5095],[87.8113,24.5124],[87.8098,24.5142],[87.8044,24.5111],[87.8037,24.5022],[87.8063,24.5006],[87.8022,24.4944],[87.7995,24.4936],[87.7976,24.5006],[87.7942,24.5013],[87.7956,24.504],[87.8034,24.5057],[87.8028,24.5093],[87.798,24.5092],[87.8037,24.518],[87.7991,24.5258],[87.7994,24.5438],[87.8054,24.5425],[87.8088,24.5475],[87.8026,24.562],[87.7997,24.5614],[87.7997,24.5652],[87.7946,24.567],[87.7914,24.5721],[87.7781,24.5742],[87.7706,24.5708],[87.7717,24.5837],[87.792,24.584],[87.8123,24.5788],[87.8184,24.5725],[87.8268,24.569],[87.827,24.5582],[87.841,24.5588],[87.852,24.5539],[87.854,24.5577],[87.8522,24.5607],[87.8653,24.5568],[87.8689,24.5585],[87.8688,24.5643],[87.8919,24.5656],[87.8925,24.5814],[87.8983,24.5821],[87.9008,24.5862],[87.9088,24.5858],[87.9135,24.5968],[87.9104,24.6016],[87.9115,24.6103],[87.8913,24.6115],[87.8919,24.6064],[87.8855,24.6077],[87.8817,24.6125],[87.8788,24.6114],[87.8752,24.6138],[87.8778,24.6182],[87.8914,24.6134],[87.9057,24.6148],[87.9058,24.6314],[87.9098,24.6323],[87.9114,24.6376],[87.9142,24.6371],[87.9115,24.6546],[87.9157,24.6564],[87.9184,24.6622],[87.9171,24.6658],[87.9087,24.6676],[87.9095,24.6694],[87.9037,24.6722],[87.8919,24.6742],[87.8886,24.6792],[87.8898,24.6826],[87.8967,24.6882],[87.8984,24.6872],[87.9026,24.7056],[87.8995,24.7055],[87.9031,24.7138],[87.9071,24.7136],[87.9078,24.7213],[87.904,24.7218],[87.9044,24.7243],[87.8901,24.7249],[87.8879,24.7282],[87.8884,24.7344],[87.8827,24.7413],[87.8787,24.7418],[87.8746,24.7326],[87.86,24.7341],[87.845,24.7406],[87.8414,24.737],[87.8492,24.7265],[87.8477,24.721],[87.8432,24.7204],[87.8388,24.7269],[87.8319,24.7288],[87.821,24.7245],[87.8196,24.7265],[87.8095,24.7274],[87.8051,24.7267],[87.8055,24.7189],[87.7967,24.7153],[87.793,24.7249],[87.7949,24.727],[87.7987,24.7265],[87.7987,24.7292],[87.7876,24.7508],[87.7795,24.754],[87.7742,24.7525],[87.7716,24.7471],[87.7558,24.7481],[87.7427,24.7563],[87.7465,24.7616],[87.7533,24.7648],[87.7475,24.7684],[87.743,24.7681],[87.741,24.765],[87.7348,24.7653],[87.7144,24.7301],[87.7111,24.732],[87.712,24.7416],[87.7079,24.7398],[87.7018,24.742],[87.6983,24.7469],[87.6919,24.747],[87.6868,24.7431],[87.6822,24.7488],[87.6835,24.7536],[87.6774,24.7571],[87.6787,24.7617],[87.6708,24.7655],[87.6634,24.7603],[87.6566,24.7657],[87.6546,24.7703],[87.6549,24.768],[87.6429,24.7687],[87.6304,24.7729],[87.6292,24.776],[87.6207,24.7782],[87.6183,24.7768],[87.6158,24.7808],[87.611,24.7784],[87.6064,24.7883],[87.5973,24.7884],[87.5978,24.7935],[87.5918,24.7906],[87.5842,24.7913],[87.5936,24.7949],[87.5904,24.8034],[87.5976,24.8056],[87.608,24.799],[87.6216,24.7941],[87.606,24.8087],[87.5995,24.8077],[87.592,24.8116],[87.5845,24.809],[87.5796,24.8107],[87.5748,24.808],[87.5701,24.8088],[87.5681,24.8137],[87.555,24.8232],[87.5545,24.829],[87.549,24.8297]]]},"properties":{"dtname":"Pakur","stname":"JHARKHAND","stcode11":"20","dtcode11":"353","year_stat":"2011_c","Shape_Length":374810.33825824945,"Shape_Area":2201687059.467761,"OBJECTID":386,"test":1,"Dist_LGD":337,"State_LGD":20}},{"type":"Feature","id":391,"geometry":{"type":"Polygon","coordinates":[[[86.0553,24.7797],[86.0375,24.7766],[86.0345,24.7723],[86.0247,24.7667],[86.0084,24.7633],[85.9965,24.7532],[85.9804,24.7487],[85.9737,24.7428],[85.9702,24.733],[85.9601,24.7313],[85.9367,24.7352],[85.9196,24.7448],[85.9029,24.7666],[85.8987,24.7593],[85.8994,24.7564],[85.8847,24.7507],[85.8857,24.7479],[85.8819,24.7439],[85.8902,24.7374],[85.8859,24.7317],[85.8769,24.7369],[85.8685,24.7328],[85.8551,24.7398],[85.8536,24.7351],[85.8252,24.7287],[85.8174,24.7236],[85.8177,24.7156],[85.8301,24.7037],[85.8277,24.6982],[85.8324,24.6809],[85.8419,24.6689],[85.8377,24.6659],[85.8313,24.6664],[85.8274,24.6627],[85.8231,24.6665],[85.8054,24.6735],[85.7935,24.6676],[85.7836,24.6564],[85.7835,24.6479],[85.7725,24.6442],[85.7739,24.6322],[85.7721,24.6273],[85.7752,24.6224],[85.7734,24.6107],[85.786,24.6024],[85.8016,24.6094],[85.7943,24.6005],[85.791,24.5899],[85.7942,24.5841],[85.8071,24.5736],[85.8037,24.5644],[85.8107,24.5488],[85.8255,24.5485],[85.8384,24.5449],[85.8683,24.5263],[85.8646,24.509],[85.8651,24.4915],[85.862,24.4896],[85.8562,24.4682],[85.8501,24.4644],[85.8488,24.4583],[85.8455,24.4579],[85.8301,24.4455],[85.8364,24.4249],[85.855,24.4141],[85.8495,24.4066],[85.8504,24.3994],[85.8543,24.3955],[85.8506,24.3909],[85.8486,24.3757],[85.8518,24.3737],[85.8523,24.3624],[85.8461,24.3486],[85.8451,24.3408],[85.8509,24.338],[85.851,24.3281],[85.8687,24.3289],[85.8701,24.3238],[85.8673,24.3165],[85.8713,24.3098],[85.8735,24.2878],[85.862,24.2877],[85.858,24.2757],[85.8503,24.2711],[85.8498,24.2682],[85.8352,24.2557],[85.838,24.2523],[85.8487,24.253],[85.8538,24.2488],[85.8567,24.2357],[85.8549,24.216],[85.8594,24.2121],[85.8518,24.2119],[85.8473,24.2193],[85.84,24.2146],[85.8279,24.2177],[85.819,24.2095],[85.8148,24.2169],[85.8083,24.2199],[85.8063,24.2252],[85.8015,24.2265],[85.7978,24.2159],[85.7922,24.2117],[85.7768,24.2074],[85.7691,24.2107],[85.755,24.2012],[85.7456,24.2023],[85.7414,24.1983],[85.7347,24.1992],[85.7358,24.1924],[85.7336,24.1904],[85.7177,24.1883],[85.7153,24.1834],[85.7037,24.1844],[85.6817,24.1757],[85.6815,24.1723],[85.6788,24.1708],[85.6743,24.1471],[85.6984,24.137],[85.7119,24.1264],[85.7156,24.1184],[85.7099,24.1117],[85.7106,24.1017],[85.7215,24.0974],[85.7281,24.0999],[85.7338,24.0945],[85.7394,24.0962],[85.7422,24.1019],[85.7477,24.1034],[85.7567,24.099],[85.7696,24.1038],[85.7773,24.1012],[85.7691,24.0928],[85.7771,24.0891],[85.7851,24.0905],[85.7968,24.0789],[85.8047,24.0788],[85.8002,24.0723],[85.8011,24.0679],[85.8156,24.0623],[85.8232,24.0728],[85.8284,24.0725],[85.83,24.0695],[85.8358,24.0722],[85.8359,24.0689],[85.8406,24.0669],[85.8382,24.061],[85.8439,24.0598],[85.8467,24.0646],[85.8527,24.06],[85.8505,24.0581],[85.8542,24.0566],[85.8541,24.0482],[85.8563,24.0506],[85.8638,24.0464],[85.8687,24.0521],[85.8722,24.0516],[85.8703,24.0459],[85.8749,24.0481],[85.8782,24.0392],[85.8756,24.0332],[85.8642,24.0283],[85.8567,24.0183],[85.8757,24.0065],[85.882,24.0077],[85.884,24.0175],[85.8921,24.0152],[85.8959,24.0129],[85.8971,24.0088],[85.8978,24.004],[85.8957,24.0016],[85.8977,23.9983],[85.8957,23.9963],[85.8978,23.9924],[85.903,23.9897],[85.9048,23.9915],[85.9087,23.9905],[85.9185,23.9844],[85.9222,23.9863],[85.93,23.9798],[85.9317,23.9666],[85.9297,23.9649],[85.9298,23.959],[85.9275,23.9561],[85.9203,23.9585],[85.9124,23.9556],[85.9115,23.9483],[85.9165,23.9453],[85.9213,23.9479],[85.9267,23.9456],[85.9308,23.9256],[85.9458,23.9386],[85.9436,23.9281],[85.9464,23.9237],[85.9559,23.9211],[85.9574,23.9168],[85.9626,23.9134],[85.9602,23.9087],[85.9609,23.9003],[85.9661,23.9018],[85.9676,23.8945],[85.9722,23.894],[85.9743,23.9003],[85.9864,23.9075],[85.9891,23.9067],[85.9904,23.9101],[85.9949,23.9117],[86.025,23.9115],[86.0497,23.9177],[86.0615,23.9174],[86.0711,23.9221],[86.0911,23.888],[86.0984,23.8841],[86.104,23.8882],[86.1097,23.8876],[86.1112,23.8914],[86.1252,23.902],[86.1251,23.9084],[86.1274,23.9114],[86.1256,23.9172],[86.136,23.934],[86.1505,23.9301],[86.1693,23.9365],[86.1705,23.9391],[86.1845,23.9387],[86.1945,23.9429],[86.2114,23.9374],[86.2193,23.9383],[86.2223,23.9409],[86.2306,23.9359],[86.2322,23.939],[86.2493,23.9318],[86.2586,23.9216],[86.2676,23.9211],[86.2729,23.9244],[86.2794,23.9242],[86.2867,23.9203],[86.287,23.9173],[86.2927,23.9163],[86.2944,23.928],[86.3022,23.9402],[86.3126,23.9645],[86.31,23.9683],[86.3125,23.9773],[86.3161,23.9797],[86.3173,23.9842],[86.3204,23.9836],[86.3236,23.9873],[86.3334,24.0045],[86.3393,24.0071],[86.3399,24.0183],[86.3253,24.0199],[86.3235,24.0253],[86.317,24.0308],[86.3282,24.0367],[86.3326,24.0366],[86.3334,24.0415],[86.331,24.043],[86.3336,24.0461],[86.3315,24.0497],[86.3433,24.054],[86.3665,24.0489],[86.374,24.0591],[86.3796,24.0599],[86.3853,24.0556],[86.3933,24.0419],[86.4138,24.0321],[86.4217,24.0304],[86.4404,24.032],[86.4548,24.0227],[86.4662,24.0192],[86.4697,24.0229],[86.4826,24.0224],[86.4827,24.031],[86.4782,24.0275],[86.4751,24.0281],[86.4764,24.0404],[86.4801,24.0443],[86.4911,24.0452],[86.4941,24.0412],[86.5045,24.0488],[86.5133,24.0487],[86.5227,24.0521],[86.5235,24.0544],[86.529,24.0544],[86.5364,24.0691],[86.5424,24.0717],[86.5445,24.0752],[86.5421,24.082],[86.5452,24.0902],[86.5517,24.0967],[86.5526,24.1034],[86.5585,24.11],[86.5599,24.1216],[86.5643,24.1249],[86.5637,24.1371],[86.5708,24.1433],[86.5619,24.1504],[86.5499,24.1558],[86.5468,24.1538],[86.529,24.1551],[86.523,24.1588],[86.5135,24.15],[86.5045,24.1487],[86.4976,24.1529],[86.4839,24.1526],[86.4933,24.168],[86.4956,24.176],[86.5006,24.1816],[86.5026,24.1939],[86.4991,24.2],[86.5102,24.2083],[86.5057,24.2098],[86.5107,24.2193],[86.5157,24.2227],[86.5074,24.2313],[86.5088,24.2361],[86.5148,24.2404],[86.5074,24.2524],[86.5099,24.2632],[86.5037,24.2769],[86.5033,24.2831],[86.4871,24.2875],[86.4848,24.2978],[86.4767,24.3011],[86.4742,24.3106],[86.4712,24.3132],[86.4743,24.3306],[86.4616,24.3324],[86.4564,24.3354],[86.4656,24.3439],[86.469,24.3541],[86.4557,24.3566],[86.4578,24.3652],[86.4565,24.3719],[86.4448,24.3678],[86.4327,24.3802],[86.4279,24.3772],[86.413,24.3803],[86.4051,24.3878],[86.4104,24.3926],[86.4047,24.3996],[86.402,24.408],[86.396,24.4102],[86.3955,24.4153],[86.3797,24.4255],[86.3774,24.4308],[86.3651,24.4255],[86.3583,24.4291],[86.3491,24.4466],[86.3447,24.4469],[86.344,24.444],[86.3341,24.4424],[86.3253,24.4438],[86.3172,24.4416],[86.3134,24.4472],[86.3013,24.4481],[86.2943,24.4514],[86.2944,24.4562],[86.2988,24.4608],[86.2761,24.4659],[86.2819,24.4791],[86.2894,24.4788],[86.2936,24.4831],[86.2935,24.4884],[86.2996,24.5005],[86.3092,24.5112],[86.3057,24.5188],[86.3052,24.5279],[86.2972,24.5333],[86.2971,24.5361],[86.2996,24.5363],[86.3078,24.5476],[86.3006,24.5609],[86.3067,24.5677],[86.3066,24.5721],[86.3171,24.577],[86.3154,24.5807],[86.3228,24.5869],[86.3085,24.5885],[86.3092,24.5839],[86.3025,24.5833],[86.2997,24.586],[86.2848,24.588],[86.2811,24.5851],[86.2699,24.5854],[86.2752,24.58],[86.2743,24.577],[86.2666,24.5799],[86.2633,24.5842],[86.2628,24.5798],[86.2592,24.5782],[86.2541,24.5874],[86.243,24.5877],[86.2411,24.5921],[86.2424,24.5967],[86.24,24.5995],[86.2253,24.6066],[86.2237,24.6107],[86.215,24.6139],[86.214,24.6023],[86.2169,24.5998],[86.2136,24.5943],[86.2016,24.5878],[86.1835,24.5827],[86.1669,24.5838],[86.1635,24.5868],[86.1583,24.5867],[86.1506,24.5925],[86.1501,24.6017],[86.1409,24.6053],[86.1324,24.6034],[86.1293,24.6105],[86.1246,24.6113],[86.1207,24.6236],[86.1184,24.6243],[86.1219,24.6328],[86.1154,24.6437],[86.1244,24.6546],[86.1264,24.6677],[86.1248,24.6719],[86.1313,24.6756],[86.1285,24.6987],[86.1237,24.7072],[86.1168,24.7133],[86.1152,24.7193],[86.108,24.7263],[86.1071,24.735],[86.0942,24.7449],[86.0664,24.7519],[86.0537,24.7454],[86.0369,24.7407],[86.0345,24.746],[86.0424,24.7472],[86.0567,24.7606],[86.0587,24.7713],[86.0553,24.7797]]]},"properties":{"dtname":"Giridih","stname":"JHARKHAND","stcode11":"20","dtcode11":"349","year_stat":"2011_c","Shape_Length":527913.3824468415,"Shape_Area":6006524291.645117,"OBJECTID":391,"test":1,"Dist_LGD":329,"State_LGD":20}},{"type":"Feature","id":394,"geometry":{"type":"Polygon","coordinates":[[[86.9416,24.6522],[86.9387,24.6518],[86.9396,24.6437],[86.9461,24.6378],[86.9455,24.6358],[86.9386,24.6311],[86.9332,24.6312],[86.9289,24.6254],[86.9278,24.6144],[86.9202,24.6065],[86.92,24.6024],[86.9087,24.5957],[86.9085,24.585],[86.9137,24.5767],[86.9099,24.5714],[86.9144,24.5687],[86.918,24.5579],[86.9178,24.5464],[86.9146,24.5422],[86.9178,24.5364],[86.9139,24.5212],[86.9177,24.5132],[86.9159,24.5006],[86.9178,24.4976],[86.9153,24.4883],[86.9095,24.4867],[86.909,24.4812],[86.9033,24.4724],[86.9078,24.4704],[86.9102,24.4639],[86.9025,24.4577],[86.9017,24.4502],[86.8888,24.4469],[86.8884,24.4347],[86.8933,24.4322],[86.8968,24.435],[86.9016,24.4329],[86.9018,24.4278],[86.8982,24.4273],[86.8972,24.4239],[86.902,24.423],[86.8997,24.4165],[86.9035,24.4119],[86.9117,24.4142],[86.9149,24.41],[86.9198,24.4107],[86.927,24.4192],[86.9348,24.4173],[86.9402,24.4215],[86.9459,24.4206],[86.9381,24.4025],[86.9312,24.3943],[86.9262,24.3921],[86.9264,24.3879],[86.9309,24.3817],[86.9372,24.3808],[86.9317,24.373],[86.9381,24.3594],[86.9439,24.3566],[86.9476,24.3594],[86.9578,24.3573],[86.9668,24.3518],[86.9646,24.3312],[86.9665,24.3238],[86.9615,24.3134],[86.9652,24.3152],[86.969,24.3108],[86.9814,24.3101],[86.9899,24.3051],[86.9973,24.3099],[87.0206,24.3065],[87.0259,24.2991],[87.0256,24.293],[87.0222,24.291],[87.0243,24.2727],[87.0302,24.2642],[87.0511,24.2556],[87.0652,24.2538],[87.0665,24.2516],[87.0537,24.238],[87.054,24.2309],[87.0452,24.2234],[87.0446,24.219],[87.0487,24.2152],[87.0473,24.211],[87.0506,24.2058],[87.0408,24.1963],[87.0255,24.2073],[87.0155,24.208],[87.0121,24.213],[87.0018,24.2149],[86.9946,24.2116],[86.9816,24.2153],[86.9774,24.2126],[86.9729,24.2132],[86.9765,24.202],[86.975,24.1971],[86.9784,24.1945],[86.9788,24.1859],[86.977,24.1847],[86.9797,24.1812],[86.964,24.1782],[86.9615,24.1746],[86.9626,24.1726],[86.9588,24.1721],[86.9554,24.167],[86.9579,24.1636],[86.9445,24.1657],[86.9381,24.1527],[86.9343,24.1366],[86.9367,24.1345],[86.9473,24.1347],[86.9552,24.1292],[86.966,24.1271],[86.9623,24.115],[86.9761,24.1076],[86.9804,24.1172],[86.98,24.1244],[86.998,24.1268],[87.0093,24.1395],[87.0094,24.1433],[87.0068,24.1455],[87.0103,24.1471],[87.0331,24.1382],[87.0472,24.1365],[87.055,24.1272],[87.0587,24.1185],[87.0719,24.1119],[87.0745,24.1067],[87.0774,24.1075],[87.0825,24.1035],[87.0856,24.1068],[87.0913,24.1052],[87.0967,24.107],[87.0938,24.1039],[87.0945,24.0995],[87.1071,24.0786],[87.1111,24.0637],[87.117,24.0593],[87.1206,24.0499],[87.1274,24.0464],[87.1363,24.0369],[87.1506,24.0399],[87.1657,24.0312],[87.1982,24.0257],[87.2063,24.0275],[87.2151,24.0236],[87.2332,24.024],[87.2353,24.0269],[87.2345,24.0327],[87.2463,24.0453],[87.26,24.0375],[87.2665,24.038],[87.2882,24.0285],[87.2916,24.0331],[87.3077,24.0315],[87.3163,24.0354],[87.3277,24.0324],[87.337,24.034],[87.3395,24.0261],[87.3361,24.0258],[87.3362,24.0209],[87.3271,24.0181],[87.3193,24.0088],[87.3237,24.0006],[87.3309,23.9985],[87.3514,23.9985],[87.3606,24.0128],[87.3765,24.0082],[87.3804,24.004],[87.394,24.0028],[87.4154,23.9935],[87.4273,23.9929],[87.429,23.9868],[87.4402,23.9816],[87.4455,23.9834],[87.4497,23.9888],[87.46,23.9842],[87.462,23.9889],[87.46,23.9969],[87.4486,24.003],[87.4451,24.002],[87.4438,24.0068],[87.4491,24.0082],[87.4486,24.0113],[87.4416,24.0115],[87.4382,24.009],[87.4379,24.013],[87.4458,24.0136],[87.4508,24.0177],[87.4583,24.0164],[87.4599,24.0188],[87.4613,24.013],[87.4727,24.016],[87.4763,24.012],[87.4826,24.0163],[87.4906,24.0178],[87.4971,24.0254],[87.5024,24.0247],[87.5019,24.0287],[87.5114,24.0346],[87.51,24.0475],[87.4933,24.0541],[87.4973,24.0634],[87.4905,24.0709],[87.4927,24.077],[87.4965,24.0767],[87.5009,24.0728],[87.506,24.0803],[87.5111,24.0829],[87.5082,24.0852],[87.4951,24.0864],[87.4896,24.0903],[87.4923,24.0938],[87.4965,24.0939],[87.4962,24.0996],[87.4987,24.0984],[87.5003,24.1017],[87.4955,24.1124],[87.4975,24.1179],[87.511,24.1108],[87.5155,24.1134],[87.5212,24.113],[87.5235,24.1055],[87.5319,24.1073],[87.534,24.0972],[87.5422,24.0905],[87.543,24.0858],[87.5468,24.085],[87.5542,24.0883],[87.5588,24.0814],[87.5721,24.0895],[87.5809,24.0876],[87.5747,24.0993],[87.5744,24.1119],[87.5833,24.1141],[87.5852,24.1242],[87.5977,24.1277],[87.602,24.1268],[87.6102,24.1324],[87.5782,24.1554],[87.5758,24.161],[87.58,24.1592],[87.5852,24.1639],[87.5887,24.1603],[87.606,24.1604],[87.6081,24.166],[87.622,24.1632],[87.6307,24.1642],[87.6327,24.1593],[87.6398,24.157],[87.6419,24.1528],[87.6483,24.1537],[87.6532,24.1585],[87.6555,24.1558],[87.6573,24.1588],[87.6644,24.1574],[87.6667,24.1532],[87.6755,24.1513],[87.6728,24.1419],[87.6801,24.1445],[87.6844,24.1429],[87.6879,24.1461],[87.688,24.1512],[87.6951,24.1492],[87.6958,24.1612],[87.7021,24.1745],[87.7019,24.1784],[87.6985,24.1802],[87.6984,24.1873],[87.6864,24.1896],[87.6769,24.1946],[87.6744,24.2076],[87.6558,24.2076],[87.6384,24.2147],[87.6428,24.2202],[87.6462,24.2302],[87.6448,24.2344],[87.6359,24.2418],[87.6415,24.2473],[87.6388,24.2548],[87.6255,24.2583],[87.6127,24.2579],[87.6071,24.2556],[87.5926,24.2583],[87.5863,24.2534],[87.5819,24.2573],[87.585,24.2701],[87.5881,24.3232],[87.5696,24.3867],[87.5667,24.4979],[87.5676,24.5013],[87.575,24.5073],[87.5698,24.5092],[87.5693,24.515],[87.5635,24.5237],[87.5528,24.5198],[87.5483,24.5208],[87.5438,24.5172],[87.5406,24.5097],[87.5368,24.5078],[87.5321,24.5095],[87.532,24.5134],[87.5179,24.5157],[87.5012,24.5244],[87.4975,24.5291],[87.4793,24.5294],[87.4771,24.5239],[87.4612,24.5237],[87.4552,24.5186],[87.4527,24.5208],[87.4446,24.5168],[87.436,24.5189],[87.4295,24.5134],[87.4255,24.5166],[87.4185,24.5089],[87.4107,24.506],[87.4051,24.5072],[87.3963,24.5012],[87.3919,24.5033],[87.3792,24.5026],[87.3706,24.5059],[87.3691,24.5211],[87.3581,24.5295],[87.3524,24.5436],[87.3408,24.5496],[87.3378,24.5591],[87.3228,24.5703],[87.3261,24.5779],[87.3162,24.5837],[87.3085,24.592],[87.3072,24.5987],[87.2897,24.5966],[87.279,24.6013],[87.2755,24.6055],[87.2674,24.6016],[87.2637,24.5941],[87.2587,24.5912],[87.2515,24.5911],[87.2438,24.5863],[87.2185,24.5988],[87.2168,24.5924],[87.2098,24.591],[87.2081,24.594],[87.1987,24.5938],[87.196,24.5975],[87.1918,24.5972],[87.1893,24.5997],[87.1899,24.604],[87.1859,24.6073],[87.1764,24.6089],[87.1756,24.6061],[87.166,24.6166],[87.1483,24.6134],[87.1441,24.6174],[87.1317,24.6216],[87.1229,24.6335],[87.1159,24.635],[87.1072,24.6281],[87.103,24.6319],[87.096,24.632],[87.0874,24.6393],[87.0829,24.6362],[87.0758,24.6371],[87.0642,24.6431],[87.0548,24.6395],[87.0536,24.6275],[87.0489,24.6233],[87.0511,24.6086],[87.0477,24.6084],[87.0381,24.6173],[87.0359,24.6129],[87.023,24.6157],[87.0241,24.6242],[87.02,24.6297],[87.0107,24.6312],[87.0076,24.6289],[87.0069,24.623],[86.9962,24.6199],[86.9784,24.6401],[86.953,24.6313],[86.9514,24.6335],[86.9543,24.6416],[86.9569,24.6415],[86.9582,24.649],[86.9416,24.6522]]]},"properties":{"dtname":"Dumka","stname":"JHARKHAND","stcode11":"20","dtcode11":"362","year_stat":"2011_c","Shape_Length":455941.01814093,"Shape_Area":4555289501.578359,"OBJECTID":394,"test":1,"Dist_LGD":326,"State_LGD":20}},{"type":"Feature","id":397,"geometry":{"type":"Polygon","coordinates":[[[86.778,24.6176],[86.7534,24.618],[86.7485,24.6062],[86.7499,24.5954],[86.7397,24.5855],[86.7356,24.5844],[86.735,24.5796],[86.7216,24.5832],[86.6971,24.5735],[86.6921,24.5769],[86.6882,24.5716],[86.6833,24.5734],[86.6694,24.5662],[86.6521,24.5702],[86.6463,24.5805],[86.6316,24.585],[86.6249,24.5901],[86.6242,24.6],[86.6106,24.5994],[86.615,24.6088],[86.6034,24.6082],[86.6032,24.602],[86.5977,24.6007],[86.5972,24.5968],[86.5889,24.589],[86.5893,24.5796],[86.5805,24.5667],[86.559,24.5648],[86.558,24.5613],[86.563,24.5533],[86.5526,24.5444],[86.5524,24.5361],[86.5426,24.5434],[86.5343,24.5407],[86.5277,24.5442],[86.5167,24.5354],[86.5153,24.5253],[86.5094,24.5221],[86.5037,24.5106],[86.4997,24.5099],[86.5025,24.493],[86.4991,24.489],[86.4928,24.4908],[86.4934,24.4872],[86.4902,24.4812],[86.4922,24.4782],[86.4884,24.4766],[86.4889,24.4733],[86.4835,24.4677],[86.4927,24.4616],[86.4966,24.4433],[86.4912,24.428],[86.4837,24.435],[86.4772,24.4345],[86.481,24.428],[86.4771,24.4246],[86.4676,24.4249],[86.4662,24.4177],[86.4708,24.4058],[86.472,24.3935],[86.4668,24.3848],[86.467,24.3809],[86.457,24.3769],[86.4578,24.3652],[86.4553,24.3584],[86.4579,24.3554],[86.469,24.3541],[86.4656,24.3439],[86.4564,24.3354],[86.4616,24.3324],[86.4743,24.3306],[86.4712,24.3132],[86.4742,24.3106],[86.4767,24.3011],[86.4848,24.2978],[86.4871,24.2875],[86.5033,24.2831],[86.5037,24.2769],[86.5099,24.2632],[86.5074,24.2524],[86.5148,24.2404],[86.5088,24.2361],[86.5074,24.2313],[86.5157,24.2227],[86.5107,24.2193],[86.5057,24.2098],[86.5102,24.2083],[86.4991,24.2],[86.5026,24.1939],[86.5006,24.1816],[86.4956,24.176],[86.4933,24.168],[86.4839,24.1526],[86.4976,24.1529],[86.5045,24.1487],[86.5143,24.1504],[86.523,24.1588],[86.529,24.1551],[86.5468,24.1538],[86.5499,24.1558],[86.5679,24.1464],[86.5733,24.1393],[86.5863,24.1401],[86.5944,24.1367],[86.5998,24.1416],[86.6038,24.142],[86.6105,24.1371],[86.6173,24.1397],[86.6254,24.1362],[86.6276,24.1321],[86.6429,24.1345],[86.6563,24.1293],[86.6808,24.1292],[86.6875,24.1354],[86.6885,24.1427],[86.6918,24.1432],[86.6902,24.1493],[86.6961,24.1575],[86.6961,24.166],[86.7036,24.1634],[86.7045,24.1603],[86.7161,24.1541],[86.7135,24.145],[86.7159,24.1427],[86.712,24.1399],[86.7046,24.1393],[86.6993,24.1345],[86.697,24.1284],[86.6977,24.1127],[86.7095,24.1057],[86.7185,24.1069],[86.7379,24.0987],[86.7394,24.0962],[86.7617,24.0927],[86.7675,24.0854],[86.7611,24.081],[86.7586,24.0831],[86.7575,24.0794],[86.7645,24.0763],[86.7727,24.0663],[86.7788,24.0676],[86.7899,24.0632],[86.7935,24.0672],[86.7929,24.0786],[86.7992,24.0776],[86.8038,24.0831],[86.8057,24.0797],[86.8087,24.0808],[86.8102,24.079],[86.8146,24.0832],[86.8148,24.0764],[86.8192,24.072],[86.8198,24.0635],[86.824,24.0616],[86.8299,24.0629],[86.8385,24.0504],[86.8474,24.0518],[86.8507,24.0576],[86.86,24.0588],[86.8687,24.0647],[86.8804,24.0614],[86.8828,24.0692],[86.8866,24.0696],[86.8951,24.0676],[86.9017,24.0584],[86.9178,24.0626],[86.9145,24.0541],[86.9189,24.0497],[86.9297,24.0449],[86.9535,24.0417],[86.9592,24.0462],[86.955,24.0511],[86.9564,24.0537],[86.9704,24.0624],[86.9758,24.0614],[86.9744,24.0714],[86.9784,24.0793],[86.9701,24.098],[86.9761,24.1076],[86.9623,24.115],[86.966,24.1271],[86.9552,24.1292],[86.9473,24.1347],[86.9343,24.136],[86.9381,24.1527],[86.9445,24.1657],[86.9579,24.1636],[86.9554,24.167],[86.9588,24.1721],[86.9626,24.1726],[86.9615,24.1746],[86.964,24.1782],[86.9797,24.1812],[86.977,24.1847],[86.9788,24.1859],[86.9784,24.1943],[86.975,24.1971],[86.9765,24.202],[86.9733,24.2135],[86.9774,24.2126],[86.9816,24.2153],[86.9946,24.2116],[87.0018,24.2149],[87.0121,24.213],[87.0155,24.208],[87.0255,24.2073],[87.0408,24.1963],[87.0506,24.2058],[87.0473,24.211],[87.0487,24.2152],[87.0446,24.219],[87.0452,24.2234],[87.054,24.2309],[87.0537,24.238],[87.0665,24.2516],[87.0652,24.2538],[87.0511,24.2556],[87.0302,24.2642],[87.0243,24.2727],[87.0222,24.291],[87.0256,24.293],[87.0259,24.2991],[87.0206,24.3065],[86.9973,24.3099],[86.9899,24.3051],[86.9814,24.3101],[86.969,24.3108],[86.9652,24.3152],[86.9615,24.3134],[86.9665,24.3238],[86.9646,24.3312],[86.9668,24.3518],[86.9578,24.3573],[86.9476,24.3594],[86.9439,24.3566],[86.9381,24.3594],[86.9317,24.373],[86.9372,24.3808],[86.9309,24.3817],[86.9264,24.3879],[86.9262,24.3921],[86.9312,24.3943],[86.9381,24.4025],[86.9459,24.4206],[86.9402,24.4215],[86.9348,24.4173],[86.927,24.4192],[86.9198,24.4107],[86.9149,24.41],[86.9117,24.4142],[86.9035,24.4119],[86.8997,24.4165],[86.902,24.423],[86.8972,24.4239],[86.8982,24.4273],[86.9018,24.4278],[86.9016,24.4329],[86.8968,24.435],[86.8945,24.4325],[86.8892,24.4331],[86.8888,24.4469],[86.9017,24.4502],[86.9025,24.4577],[86.9102,24.4639],[86.9078,24.4704],[86.9033,24.4724],[86.909,24.4812],[86.9095,24.4867],[86.915,24.4878],[86.9176,24.4966],[86.9159,24.5006],[86.9177,24.5132],[86.9139,24.5212],[86.9178,24.5364],[86.9146,24.5422],[86.9172,24.5456],[86.9048,24.5505],[86.905,24.5551],[86.8974,24.5608],[86.8887,24.5609],[86.887,24.5633],[86.8884,24.5669],[86.8829,24.5698],[86.8813,24.5742],[86.8713,24.5682],[86.8611,24.5664],[86.8631,24.5627],[86.86,24.5561],[86.8568,24.5547],[86.8538,24.5585],[86.8444,24.5594],[86.8408,24.5628],[86.8436,24.5749],[86.8351,24.5762],[86.8318,24.5728],[86.8222,24.5756],[86.8113,24.5689],[86.8021,24.5703],[86.8033,24.5784],[86.8098,24.5817],[86.8061,24.5938],[86.8109,24.5992],[86.8049,24.6001],[86.787,24.6165],[86.7838,24.6151],[86.778,24.6176]]]},"properties":{"dtname":"Deoghar","stname":"JHARKHAND","stcode11":"20","dtcode11":"350","year_stat":"2011_c","Shape_Length":347764.3871745938,"Shape_Area":3004783119.3535366,"OBJECTID":397,"test":0,"Dist_LGD":324,"State_LGD":20}},{"type":"Feature","id":398,"geometry":{"type":"Polygon","coordinates":[[[84.0084,24.6428],[83.998,24.6383],[83.9748,24.5914],[83.9368,24.5497],[83.8727,24.5322],[83.8552,24.4971],[83.852,24.4821],[83.8526,24.4492],[83.8552,24.4428],[83.8559,24.4266],[83.8512,24.4024],[83.8431,24.3944],[83.8202,24.3793],[83.8155,24.3732],[83.8115,24.3558],[83.8115,24.3512],[83.8247,24.3352],[83.83,24.3234],[83.8294,24.3142],[83.8187,24.3036],[83.816,24.2958],[83.818,24.2894],[83.8276,24.2818],[83.859,24.242],[83.8804,24.2058],[83.9048,24.1897],[83.9344,24.1638],[83.9675,24.1507],[83.9706,24.1407],[83.9758,24.1403],[83.977,24.1241],[83.9883,24.1119],[83.9891,24.1043],[83.9881,24.1017],[83.9765,24.1014],[83.9697,24.1066],[83.9592,24.1098],[83.9507,24.0955],[83.938,24.1014],[83.9352,24.0978],[83.9295,24.0962],[83.9262,24.0908],[83.9197,24.0889],[83.9099,24.0954],[83.9066,24.0888],[83.8963,24.0843],[83.8909,24.0867],[83.8877,24.0801],[83.872,24.07],[83.8644,24.0696],[83.8608,24.039],[83.8556,24.0352],[83.8474,24.037],[83.8437,24.0246],[83.8299,24.0038],[83.8249,24.0013],[83.8281,23.996],[83.8408,23.9913],[83.8404,23.9879],[83.8379,23.9887],[83.8356,23.986],[83.8315,23.9727],[83.8341,23.9702],[83.8305,23.9659],[83.8172,23.9627],[83.8171,23.9584],[83.8197,23.956],[83.824,23.9564],[83.8315,23.9506],[83.8656,23.9551],[83.863,23.9727],[83.8682,23.9764],[83.8662,23.9822],[83.8817,23.9854],[83.8928,23.9814],[83.896,23.9745],[83.8934,23.9697],[83.8951,23.9666],[83.9001,23.9657],[83.905,23.9605],[83.9059,23.9512],[83.9184,23.9416],[83.9133,23.9378],[83.9192,23.9346],[83.9215,23.9371],[83.9246,23.9362],[83.9277,23.9298],[83.9243,23.9272],[83.9259,23.9252],[83.9305,23.9234],[83.9363,23.9255],[83.94,23.9228],[83.9366,23.9206],[83.9367,23.9163],[83.9405,23.9047],[83.9342,23.901],[83.9353,23.8959],[83.9311,23.8828],[83.9372,23.8762],[83.9363,23.8684],[83.9563,23.8578],[83.9653,23.8593],[83.9799,23.8544],[83.9823,23.8377],[83.9919,23.8226],[84.0003,23.8174],[84.0005,23.8102],[83.9965,23.8031],[83.9987,23.798],[83.9976,23.794],[84.0006,23.7928],[84.0037,23.7955],[84.0157,23.7964],[84.0223,23.8033],[84.0275,23.8018],[84.0313,23.7959],[84.0364,23.7972],[84.0437,23.8119],[84.0551,23.8163],[84.0502,23.834],[84.0604,23.8429],[84.0632,23.8574],[84.0879,23.8657],[84.1169,23.8989],[84.133,23.9018],[84.1373,23.9046],[84.1456,23.9222],[84.14,23.9415],[84.1413,23.946],[84.1503,23.9417],[84.183,23.9358],[84.1941,23.9285],[84.1988,23.9176],[84.2107,23.9185],[84.2143,23.9146],[84.2148,23.9093],[84.218,23.9085],[84.2223,23.9096],[84.2257,23.9149],[84.2348,23.9169],[84.2403,23.9238],[84.2466,23.9256],[84.2516,23.9309],[84.2539,23.9266],[84.2528,23.9224],[84.2578,23.917],[84.2471,23.9113],[84.2442,23.9017],[84.239,23.8963],[84.243,23.889],[84.2561,23.8985],[84.257,23.9045],[84.2885,23.9077],[84.2939,23.9162],[84.3044,23.9145],[84.3095,23.9077],[84.3148,23.9086],[84.3185,23.906],[84.3275,23.9101],[84.3338,23.9097],[84.3363,23.9133],[84.3329,23.9195],[84.3435,23.9539],[84.3591,23.9439],[84.3679,23.941],[84.3811,23.9426],[84.3902,23.9374],[84.4054,23.9344],[84.4131,23.9465],[84.4234,23.9501],[84.4366,23.9481],[84.4421,23.9508],[84.4498,23.9611],[84.456,23.9608],[84.4615,23.9535],[84.469,23.9574],[84.4682,23.9479],[84.4758,23.9429],[84.4805,23.93],[84.4791,23.9264],[84.4719,23.928],[84.4697,23.9166],[84.4804,23.9087],[84.4857,23.8944],[84.4954,23.8988],[84.4948,23.8943],[84.5078,23.8998],[84.525,23.9016],[84.523,23.9136],[84.5183,23.9173],[84.5175,23.9212],[84.5299,23.9239],[84.5312,23.9336],[84.5369,23.9305],[84.5667,23.9277],[84.5717,23.9353],[84.568,23.9462],[84.5701,23.9595],[84.5732,23.965],[84.5858,23.9695],[84.5894,23.9784],[84.5804,23.9865],[84.5704,23.9875],[84.5542,24.0088],[84.5572,24.0257],[84.5653,24.0313],[84.565,24.035],[84.5568,24.0414],[84.5548,24.0478],[84.5611,24.0512],[84.5686,24.0517],[84.5694,24.0573],[84.5775,24.0711],[84.5649,24.0765],[84.5543,24.1016],[84.5679,24.1162],[84.5722,24.1162],[84.5763,24.1203],[84.5822,24.1416],[84.5522,24.152],[84.5529,24.1589],[84.5475,24.1681],[84.5378,24.171],[84.5373,24.1765],[84.5324,24.178],[84.5283,24.1872],[84.5364,24.1952],[84.538,24.2021],[84.5282,24.2062],[84.5226,24.1995],[84.5154,24.2013],[84.5014,24.1981],[84.4979,24.2003],[84.4894,24.1998],[84.4747,24.2062],[84.4747,24.2269],[84.4474,24.2396],[84.4474,24.2474],[84.4578,24.2612],[84.4579,24.2662],[84.4738,24.2667],[84.4646,24.2598],[84.4902,24.262],[84.4912,24.2647],[84.4865,24.2707],[84.4866,24.2751],[84.4917,24.2857],[84.4896,24.293],[84.4964,24.2996],[84.4914,24.3036],[84.4888,24.3011],[84.4848,24.3023],[84.4853,24.3066],[84.4888,24.3147],[84.4979,24.3174],[84.5073,24.3246],[84.5054,24.331],[84.4979,24.3278],[84.4876,24.3143],[84.4837,24.3129],[84.4776,24.317],[84.4722,24.3149],[84.4669,24.3172],[84.4649,24.321],[84.4674,24.3246],[84.4638,24.3286],[84.4659,24.3316],[84.46,24.3374],[84.452,24.3375],[84.4501,24.3326],[84.4244,24.3298],[84.423,24.3367],[84.4249,24.349],[84.4276,24.3557],[84.4308,24.3566],[84.4006,24.3646],[84.4066,24.3748],[84.3939,24.3733],[84.3936,24.3768],[84.3881,24.382],[84.3879,24.3887],[84.379,24.388],[84.3735,24.3835],[84.3635,24.3855],[84.3616,24.389],[84.3416,24.3936],[84.3446,24.3993],[84.3331,24.4044],[84.3305,24.4104],[84.3337,24.4132],[84.3343,24.4205],[84.3305,24.4216],[84.3291,24.4188],[84.3226,24.4179],[84.3205,24.4211],[84.3245,24.4275],[84.3356,24.4249],[84.3356,24.4314],[84.3278,24.4388],[84.3248,24.4389],[84.3216,24.4461],[84.2974,24.449],[84.296,24.4573],[84.2923,24.4614],[84.2913,24.4662],[84.3023,24.4797],[84.317,24.4868],[84.3274,24.4873],[84.3275,24.5003],[84.3221,24.5081],[84.3221,24.5166],[84.3122,24.523],[84.3114,24.534],[84.3,24.5454],[84.2966,24.5609],[84.2896,24.5628],[84.2829,24.5588],[84.2705,24.5601],[84.2701,24.5563],[84.2736,24.554],[84.2736,24.5505],[84.2797,24.5472],[84.2774,24.5439],[84.2694,24.5433],[84.2682,24.5383],[84.2648,24.5383],[84.2639,24.5348],[84.259,24.5342],[84.2569,24.5269],[84.2475,24.5288],[84.2506,24.5319],[84.2496,24.5357],[84.243,24.5377],[84.2423,24.542],[84.2358,24.539],[84.2356,24.5502],[84.2203,24.547],[84.2198,24.5368],[84.2148,24.5326],[84.21,24.5336],[84.2095,24.541],[84.2011,24.5443],[84.1999,24.5547],[84.1883,24.5533],[84.1873,24.5477],[84.1841,24.5451],[84.1728,24.5451],[84.1722,24.5386],[84.1778,24.5263],[84.1856,24.5221],[84.1837,24.5137],[84.1782,24.5052],[84.1695,24.5054],[84.1564,24.5109],[84.1526,24.5158],[84.1646,24.5288],[84.1632,24.5335],[84.1456,24.5375],[84.1434,24.532],[84.1346,24.5242],[84.1407,24.5005],[84.1311,24.4977],[84.1257,24.4924],[84.1248,24.4809],[84.1083,24.4775],[84.1,24.4854],[84.0984,24.4926],[84.0943,24.4933],[84.0925,24.4976],[84.09,24.4979],[84.0887,24.5005],[84.0917,24.5052],[84.0855,24.5062],[84.0878,24.5133],[84.0844,24.5142],[84.0883,24.5185],[84.0891,24.5307],[84.0931,24.5344],[84.0893,24.5365],[84.0853,24.5352],[84.0855,24.5382],[84.0776,24.5416],[84.0759,24.55],[84.0777,24.5542],[84.0728,24.555],[84.0723,24.5595],[84.0756,24.5616],[84.0731,24.5674],[84.0683,24.5682],[84.0678,24.571],[84.0638,24.5703],[84.0636,24.5737],[84.0586,24.5723],[84.0649,24.5816],[84.0619,24.5868],[84.0506,24.5869],[84.0572,24.5927],[84.0473,24.6044],[84.0487,24.6095],[84.0514,24.6086],[84.0521,24.6104],[84.0447,24.6117],[84.0424,24.6189],[84.037,24.6167],[84.0355,24.6179],[84.0387,24.6202],[84.0328,24.6202],[84.0339,24.63],[84.025,24.6288],[84.0233,24.6318],[84.0272,24.6337],[84.0211,24.6385],[84.0084,24.6428]]]},"properties":{"dtname":"Palamu","stname":"JHARKHAND","stcode11":"20","dtcode11":"358","year_stat":"2011_c","Shape_Length":529854.9007292588,"Shape_Area":5302082128.310361,"OBJECTID":398,"test":1,"Dist_LGD":338,"State_LGD":20}},{"type":"Feature","id":400,"geometry":{"type":"Polygon","coordinates":[[[84.8028,24.5305],[84.798,24.5265],[84.7963,24.5215],[84.7893,24.5181],[84.7894,24.5074],[84.7861,24.5036],[84.7788,24.5045],[84.7552,24.4999],[84.749,24.4962],[84.7456,24.4859],[84.7283,24.4697],[84.7208,24.4686],[84.7159,24.472],[84.7103,24.4709],[84.7026,24.4627],[84.6864,24.4567],[84.6791,24.4357],[84.6713,24.43],[84.6707,24.4281],[84.6762,24.4254],[84.6731,24.417],[84.6736,24.4101],[84.6683,24.4096],[84.6703,24.4049],[84.6674,24.4047],[84.6653,24.391],[84.6495,24.3982],[84.6465,24.4031],[84.6446,24.3991],[84.6422,24.3989],[84.6364,24.4],[84.6307,24.405],[84.6279,24.402],[84.6218,24.4035],[84.6146,24.3987],[84.5949,24.4048],[84.5911,24.4009],[84.5859,24.4002],[84.5879,24.4081],[84.583,24.4129],[84.5782,24.41],[84.5675,24.4092],[84.5615,24.3963],[84.5653,24.392],[84.5742,24.389],[84.5723,24.3828],[84.5549,24.3752],[84.5539,24.3729],[84.5496,24.3729],[84.5468,24.3771],[84.5392,24.3759],[84.5304,24.3782],[84.527,24.375],[84.528,24.371],[84.5351,24.3637],[84.5247,24.3506],[84.5317,24.3387],[84.5224,24.3319],[84.5163,24.3173],[84.5097,24.3156],[84.5099,24.3048],[84.5016,24.2882],[84.4916,24.2865],[84.4865,24.2739],[84.4912,24.2647],[84.4902,24.262],[84.4646,24.2598],[84.4738,24.2667],[84.4579,24.2662],[84.4578,24.2612],[84.4474,24.2474],[84.4474,24.2396],[84.4747,24.2269],[84.4747,24.2062],[84.4894,24.1998],[84.4979,24.2003],[84.5014,24.1981],[84.5154,24.2013],[84.5226,24.1995],[84.5282,24.2062],[84.538,24.2021],[84.5364,24.1952],[84.5283,24.1872],[84.5324,24.178],[84.5373,24.1765],[84.5378,24.171],[84.5475,24.1681],[84.5529,24.1589],[84.5522,24.152],[84.5822,24.1416],[84.5763,24.1203],[84.5722,24.1162],[84.5679,24.1162],[84.5543,24.1016],[84.5649,24.0765],[84.5775,24.0711],[84.5694,24.0573],[84.5686,24.0517],[84.5561,24.0495],[84.5546,24.0461],[84.5589,24.039],[84.565,24.035],[84.5653,24.0313],[84.5572,24.0257],[84.5542,24.0088],[84.5704,23.9875],[84.5915,23.9881],[84.5972,23.9828],[84.6078,23.9918],[84.6173,23.9877],[84.6318,23.9936],[84.6367,23.9903],[84.6443,23.9971],[84.6468,24.0039],[84.6527,24.0058],[84.6616,24.0053],[84.6657,23.9996],[84.6704,23.9991],[84.6797,24.0035],[84.6814,24.01],[84.6935,24.0254],[84.7062,24.0223],[84.7107,24.0259],[84.7157,24.0264],[84.7117,24.0305],[84.7141,24.0403],[84.7231,24.0453],[84.7281,24.042],[84.7355,24.0414],[84.7452,24.0492],[84.7503,24.0459],[84.7507,24.0378],[84.7547,24.043],[84.7577,24.0403],[84.753,24.0359],[84.7549,24.0302],[84.761,24.0268],[84.7649,24.0144],[84.7711,24.0113],[84.7713,24.0053],[84.7632,23.9979],[84.7679,23.989],[84.7728,23.9885],[84.7734,23.9862],[84.7673,23.9841],[84.7676,23.98],[84.761,23.9745],[84.7707,23.974],[84.7728,23.9694],[84.778,23.9712],[84.7824,23.9772],[84.7848,23.9748],[84.7961,23.9734],[84.8011,23.9768],[84.8059,23.9731],[84.8127,23.9808],[84.8118,23.9831],[84.8156,23.9822],[84.8264,23.9876],[84.8258,23.9723],[84.8302,23.9633],[84.8298,23.9577],[84.8464,23.9664],[84.8541,23.9647],[84.8542,23.9621],[84.8603,23.9604],[84.8653,23.9551],[84.8791,23.9548],[84.8881,23.9495],[84.8893,23.9441],[84.9032,23.9522],[84.9203,23.9529],[84.9275,23.9482],[84.9336,23.9416],[84.9339,23.9349],[84.9281,23.927],[84.9289,23.92],[84.9264,23.9148],[84.9419,23.9075],[84.9443,23.8951],[84.9476,23.8924],[84.9462,23.8857],[84.9491,23.8851],[84.949,23.8812],[84.9524,23.8765],[84.9493,23.8773],[84.9449,23.8731],[84.941,23.8748],[84.9361,23.8719],[84.9291,23.8617],[84.9305,23.859],[84.9423,23.8567],[84.9476,23.8465],[84.9478,23.8312],[84.9445,23.8283],[84.9471,23.8186],[84.9454,23.8136],[84.9468,23.8074],[84.9373,23.8053],[84.9225,23.8093],[84.9161,23.8085],[84.9122,23.8037],[84.9078,23.8029],[84.9057,23.7939],[84.9075,23.7941],[84.9072,23.7895],[84.9023,23.7849],[84.9034,23.777],[84.9119,23.7735],[84.929,23.7715],[84.9272,23.7612],[84.933,23.746],[84.9369,23.7429],[84.9384,23.7327],[84.9553,23.7294],[84.9611,23.7252],[84.9605,23.7166],[84.9713,23.717],[84.978,23.7072],[84.9893,23.7044],[84.9935,23.6895],[84.9978,23.6832],[85.0046,23.6807],[85.01,23.6889],[85.0111,23.696],[85.0191,23.689],[85.0362,23.6903],[85.0398,23.703],[85.0452,23.705],[85.0483,23.7109],[85.0528,23.7134],[85.052,23.7252],[85.0479,23.7278],[85.046,23.7325],[85.0518,23.7348],[85.0643,23.7323],[85.0623,23.7341],[85.0632,23.7376],[85.0546,23.7414],[85.048,23.7477],[85.0481,23.7679],[85.0515,23.7715],[85.0455,23.7744],[85.0459,23.7792],[85.0503,23.7842],[85.0499,23.7898],[85.0462,23.7934],[85.0474,23.8065],[85.0437,23.8104],[85.0476,23.8145],[85.0471,23.8279],[85.059,23.8277],[85.0596,23.8338],[85.0535,23.8429],[85.0304,23.8601],[85.0301,23.8641],[85.0343,23.8686],[85.0296,23.8666],[85.0284,23.871],[85.0324,23.8784],[85.0299,23.8804],[85.0218,23.8793],[85.0217,23.8841],[85.0257,23.8898],[85.0204,23.8978],[85.028,23.9156],[85.0463,23.9138],[85.0479,23.9198],[85.0389,23.9232],[85.0401,23.9286],[85.0449,23.9313],[85.0384,23.9391],[85.0533,23.9534],[85.0557,23.9585],[85.0379,23.9667],[85.028,23.9641],[85.0258,23.9756],[85.0223,23.981],[85.0247,23.9918],[85.0361,23.9943],[85.0431,24.0023],[85.043,23.9992],[85.0547,23.9927],[85.0534,23.986],[85.0624,23.9865],[85.0686,23.9827],[85.0765,23.9835],[85.0813,23.9772],[85.0815,23.9696],[85.0781,23.9687],[85.0747,23.9619],[85.0846,23.9586],[85.0984,23.9759],[85.119,23.9712],[85.124,23.9764],[85.1289,23.9711],[85.1371,23.9678],[85.1387,23.9586],[85.1483,23.9506],[85.1519,23.9525],[85.1749,23.9516],[85.1848,23.9482],[85.1848,23.9514],[85.1896,23.9541],[85.2015,23.9572],[85.2017,23.9737],[85.2098,23.9793],[85.2132,23.9928],[85.2198,23.9924],[85.2281,23.9974],[85.2279,24.0004],[85.2315,24.0037],[85.2295,24.0115],[85.2478,24.0125],[85.2512,24.0229],[85.2492,24.0267],[85.2512,24.0283],[85.2462,24.0343],[85.2481,24.0387],[85.2447,24.0417],[85.2496,24.0559],[85.2466,24.0578],[85.2473,24.0631],[85.2417,24.069],[85.2328,24.0757],[85.2119,24.0792],[85.1908,24.0941],[85.17,24.0998],[85.1708,24.108],[85.1744,24.1113],[85.1693,24.1133],[85.1707,24.117],[85.1665,24.1172],[85.1656,24.1215],[85.1692,24.1209],[85.1743,24.1241],[85.1605,24.1376],[85.1515,24.1575],[85.1482,24.1589],[85.1454,24.1556],[85.1428,24.1564],[85.1487,24.1829],[85.1397,24.1947],[85.1395,24.2015],[85.1338,24.2023],[85.1352,24.2061],[85.1415,24.2101],[85.144,24.2071],[85.149,24.2095],[85.1479,24.2155],[85.1606,24.23],[85.1635,24.2274],[85.1733,24.2257],[85.1777,24.2292],[85.1866,24.2288],[85.1981,24.2244],[85.2046,24.2251],[85.2158,24.2195],[85.2167,24.2223],[85.2375,24.2238],[85.2416,24.2212],[85.2415,24.2189],[85.2484,24.2187],[85.2534,24.2133],[85.2567,24.2169],[85.267,24.2176],[85.2693,24.2151],[85.2719,24.2166],[85.2792,24.2087],[85.286,24.2094],[85.2888,24.201],[85.3022,24.1996],[85.304,24.2053],[85.3012,24.2076],[85.3021,24.2148],[85.2957,24.2225],[85.3016,24.2256],[85.2993,24.2281],[85.3002,24.2366],[85.3096,24.2462],[85.3215,24.2479],[85.3206,24.2506],[85.3139,24.2537],[85.3162,24.2541],[85.314,24.2586],[85.3155,24.2619],[85.3203,24.2611],[85.3209,24.2631],[85.3176,24.2661],[85.318,24.2822],[85.3204,24.2853],[85.3172,24.2922],[85.3201,24.2945],[85.3245,24.2924],[85.3264,24.2954],[85.321,24.3064],[85.3216,24.3098],[85.3279,24.3115],[85.3334,24.3098],[85.3352,24.3044],[85.3386,24.3022],[85.3417,24.3029],[85.3415,24.3069],[85.3467,24.3069],[85.3489,24.3048],[85.3475,24.2997],[85.3519,24.2981],[85.3562,24.2927],[85.3674,24.3046],[85.38,24.3098],[85.3772,24.3164],[85.3792,24.3218],[85.3722,24.3192],[85.3663,24.3114],[85.3608,24.3086],[85.3533,24.3115],[85.3493,24.3171],[85.3414,24.3169],[85.3401,24.3142],[85.3324,24.3208],[85.3286,24.3186],[85.3261,24.3198],[85.3102,24.3308],[85.3043,24.3393],[85.2997,24.3403],[85.2984,24.3379],[85.2927,24.3397],[85.2866,24.3337],[85.2824,24.3327],[85.2708,24.3365],[85.2615,24.3356],[85.256,24.3399],[85.2269,24.3444],[85.2246,24.341],[85.2162,24.342],[85.2065,24.3397],[85.2006,24.3342],[85.2,24.3258],[85.1855,24.3307],[85.1829,24.337],[85.1756,24.3367],[85.1634,24.3404],[85.1618,24.3498],[85.1577,24.347],[85.1515,24.3544],[85.1357,24.3564],[85.1337,24.3551],[85.1379,24.3489],[85.1367,24.3416],[85.1425,24.3354],[85.1422,24.3294],[85.1354,24.3262],[85.1284,24.3299],[85.1111,24.3332],[85.1004,24.3286],[85.0986,24.341],[85.0946,24.3426],[85.085,24.3538],[85.0844,24.3668],[85.0884,24.3739],[85.083,24.3768],[85.0748,24.377],[85.0727,24.3808],[85.0801,24.3928],[85.0761,24.3946],[85.0773,24.3985],[85.0817,24.3985],[85.0805,24.4068],[85.0828,24.4163],[85.0788,24.4152],[85.0795,24.4335],[85.0673,24.4228],[85.0618,24.4074],[85.055,24.4065],[85.045,24.409],[85.041,24.4153],[85.0373,24.413],[85.0282,24.4154],[84.984,24.3875],[84.9817,24.3813],[84.9747,24.3747],[84.954,24.3715],[84.9367,24.3799],[84.923,24.3776],[84.9166,24.3733],[84.9039,24.3722],[84.9007,24.3765],[84.9092,24.3837],[84.9043,24.3954],[84.8925,24.4052],[84.8914,24.4145],[84.882,24.4246],[84.8856,24.4261],[84.8875,24.432],[84.8846,24.441],[84.8874,24.4632],[84.8847,24.4652],[84.8825,24.4623],[84.8752,24.4672],[84.8727,24.4663],[84.8709,24.4582],[84.864,24.4571],[84.863,24.4614],[84.8536,24.4665],[84.8488,24.4544],[84.8398,24.4524],[84.8369,24.4589],[84.8402,24.4608],[84.8407,24.4691],[84.8327,24.4702],[84.8353,24.485],[84.8337,24.4935],[84.8382,24.498],[84.8388,24.5127],[84.8257,24.5253],[84.8084,24.5219],[84.8028,24.5305]]]},"properties":{"dtname":"Chatra","stname":"JHARKHAND","stcode11":"20","dtcode11":"347","year_stat":"2011_c","Shape_Length":584303.6721484888,"Shape_Area":4492830790.116424,"OBJECTID":400,"test":1,"Dist_LGD":323,"State_LGD":20}},{"type":"Feature","id":402,"geometry":{"type":"Polygon","coordinates":[[[83.8625,24.537],[83.8169,24.5292],[83.7995,24.5295],[83.7881,24.5224],[83.7546,24.5094],[83.7452,24.5098],[83.7186,24.5034],[83.6878,24.5138],[83.596,24.5126],[83.5721,24.5168],[83.552,24.5233],[83.5058,24.5257],[83.4842,24.5221],[83.469,24.5168],[83.4294,24.511],[83.4015,24.5035],[83.3961,24.4945],[83.3984,24.493],[83.3954,24.4887],[83.3982,24.4854],[83.3909,24.4736],[83.3904,24.4641],[83.3854,24.457],[83.3866,24.4482],[83.3941,24.4347],[83.4049,24.436],[83.4033,24.4198],[83.4051,24.4048],[83.419,24.4062],[83.43,24.4],[83.4344,24.4008],[83.4361,24.3993],[83.4327,24.3962],[83.4335,24.3933],[83.4375,24.3921],[83.4388,24.3878],[83.4423,24.3861],[83.4454,24.3783],[83.4495,24.3771],[83.4486,24.3701],[83.4573,24.3646],[83.4452,24.3589],[83.4395,24.3463],[83.4341,24.343],[83.4335,24.3388],[83.4114,24.3399],[83.3921,24.3248],[83.3878,24.3162],[83.3851,24.3171],[83.38,24.3131],[83.3862,24.2988],[83.4015,24.2956],[83.4018,24.2923],[83.4072,24.2888],[83.4091,24.2663],[83.4075,24.2621],[83.4003,24.2564],[83.3977,24.2439],[83.3853,24.2391],[83.3849,24.2361],[83.3787,24.2304],[83.3786,24.2267],[83.3846,24.2206],[83.3812,24.2171],[83.383,24.2148],[83.3786,24.2108],[83.383,24.1979],[83.375,24.1861],[83.3718,24.1743],[83.362,24.1564],[83.3588,24.1404],[83.3548,24.1356],[83.3541,24.1249],[83.3449,24.1109],[83.3296,24.1018],[83.3485,24.0962],[83.3642,24.1033],[83.3878,24.1],[83.4009,24.0922],[83.4066,24.0805],[83.4316,24.086],[83.4379,24.0751],[83.4373,24.0588],[83.4515,24.0428],[83.4792,24.0409],[83.5157,24.0272],[83.5161,24.0225],[83.5239,24.0114],[83.5229,24.0064],[83.5138,23.9964],[83.5153,23.9807],[83.5265,23.9606],[83.5474,23.9376],[83.5492,23.9311],[83.5469,23.9144],[83.5534,23.8981],[83.5591,23.893],[83.5704,23.8945],[83.5763,23.893],[83.5857,23.8865],[83.5835,23.8778],[83.5695,23.8691],[83.5712,23.8622],[83.5897,23.8634],[83.6103,23.854],[83.6181,23.8555],[83.6434,23.847],[83.6595,23.8493],[83.6665,23.8443],[83.6685,23.8367],[83.6633,23.8312],[83.6645,23.8277],[83.6743,23.8272],[83.6828,23.8194],[83.6915,23.8265],[83.7053,23.8208],[83.7076,23.8175],[83.7051,23.8039],[83.7126,23.8007],[83.7226,23.7866],[83.7216,23.7715],[83.7377,23.7605],[83.7394,23.7344],[83.746,23.7195],[83.7421,23.7039],[83.735,23.7004],[83.7321,23.6951],[83.723,23.6888],[83.7228,23.6859],[83.7388,23.6668],[83.7611,23.6515],[83.7605,23.6479],[83.7532,23.6434],[83.7519,23.6387],[83.7594,23.6261],[83.7751,23.622],[83.7763,23.6176],[83.7725,23.611],[83.8006,23.6021],[83.8072,23.5875],[83.812,23.589],[83.8153,23.5963],[83.8258,23.5908],[83.8447,23.5867],[83.853,23.5871],[83.888,23.5788],[83.8944,23.5827],[83.8994,23.5825],[83.9085,23.5763],[83.9188,23.5764],[83.9377,23.569],[83.9398,23.5709],[83.9391,23.5904],[83.933,23.6008],[83.9338,23.6074],[83.9306,23.6113],[83.9319,23.6205],[83.9477,23.6268],[83.9804,23.6249],[83.9806,23.6337],[84.0166,23.6344],[84.0377,23.6547],[84.0511,23.6605],[84.055,23.6709],[84.0574,23.6719],[84.0604,23.6857],[84.0629,23.6885],[84.0679,23.6882],[84.0681,23.6935],[84.0661,23.6951],[84.0605,23.6913],[84.0615,23.6958],[84.0624,23.6943],[84.0634,23.696],[84.0567,23.7003],[84.0482,23.6934],[84.0387,23.6964],[84.0225,23.6953],[84.0137,23.7005],[84.0088,23.7075],[84.0006,23.7099],[83.993,23.7185],[83.9843,23.7236],[83.9822,23.7334],[84.0058,23.7482],[84.0084,23.7648],[84.0235,23.7803],[84.0234,23.7849],[84.0176,23.7927],[84.0172,23.7972],[84.0114,23.7949],[84.0037,23.7955],[84.0006,23.7928],[83.9976,23.794],[83.9987,23.798],[83.9965,23.8031],[84.0005,23.8102],[84.0003,23.8174],[83.9919,23.8226],[83.9823,23.8377],[83.9799,23.8544],[83.9653,23.8593],[83.9563,23.8578],[83.9363,23.8684],[83.9372,23.8762],[83.9311,23.8828],[83.9353,23.8959],[83.9342,23.901],[83.9405,23.9047],[83.9367,23.9163],[83.9366,23.9206],[83.94,23.9228],[83.9363,23.9255],[83.9305,23.9234],[83.9259,23.9252],[83.9243,23.9272],[83.9277,23.9298],[83.9246,23.9362],[83.9215,23.9371],[83.9192,23.9346],[83.9133,23.9378],[83.9184,23.9416],[83.9059,23.9512],[83.905,23.9605],[83.9001,23.9657],[83.8951,23.9666],[83.8934,23.9697],[83.896,23.9745],[83.8928,23.9814],[83.8817,23.9854],[83.8662,23.9822],[83.8682,23.9764],[83.863,23.9727],[83.8656,23.9551],[83.8315,23.9506],[83.8164,23.9598],[83.8172,23.9627],[83.8305,23.9659],[83.8341,23.9702],[83.8315,23.9727],[83.8356,23.986],[83.8379,23.9887],[83.8404,23.9879],[83.8408,23.9913],[83.8281,23.996],[83.8249,24.0013],[83.8299,24.0038],[83.8437,24.0246],[83.8474,24.037],[83.8556,24.0352],[83.8608,24.039],[83.8644,24.0696],[83.872,24.07],[83.8877,24.0801],[83.8909,24.0867],[83.8963,24.0843],[83.9066,24.0888],[83.9099,24.0954],[83.9197,24.0889],[83.9262,24.0908],[83.9295,24.0962],[83.9352,24.0978],[83.938,24.1014],[83.9507,24.0955],[83.9592,24.1098],[83.9697,24.1066],[83.9765,24.1014],[83.9881,24.1017],[83.9895,24.1068],[83.9883,24.1119],[83.977,24.1241],[83.9759,24.14],[83.9706,24.1407],[83.9675,24.1507],[83.9344,24.1638],[83.9048,24.1897],[83.8804,24.2058],[83.859,24.242],[83.8276,24.2818],[83.8164,24.2926],[83.8187,24.3036],[83.8294,24.3142],[83.8304,24.3191],[83.8264,24.3323],[83.8115,24.3512],[83.8118,24.36],[83.8155,24.3732],[83.8202,24.3793],[83.8431,24.3944],[83.8512,24.4024],[83.8559,24.4266],[83.8552,24.4428],[83.8526,24.4492],[83.852,24.4821],[83.8565,24.5004],[83.873,24.5318],[83.8625,24.537]]]},"properties":{"dtname":"Garhwa","stname":"JHARKHAND","stcode11":"20","dtcode11":"346","year_stat":"2011_c","Shape_Length":460451.6469877582,"Shape_Area":4924675391.267097,"OBJECTID":402,"test":1,"Dist_LGD":328,"State_LGD":20}},{"type":"Feature","id":414,"geometry":{"type":"Polygon","coordinates":[[[86.6973,24.1654],[86.6955,24.1659],[86.6961,24.1575],[86.6902,24.1493],[86.6918,24.1432],[86.6885,24.1427],[86.6875,24.1354],[86.6808,24.1292],[86.6563,24.1293],[86.6429,24.1345],[86.6276,24.1321],[86.6254,24.1362],[86.6173,24.1397],[86.6105,24.1371],[86.6047,24.1417],[86.6002,24.1418],[86.5944,24.1367],[86.5863,24.1401],[86.5733,24.1393],[86.5708,24.1431],[86.5637,24.1371],[86.5646,24.1265],[86.5594,24.1203],[86.5585,24.11],[86.5526,24.1034],[86.5504,24.0947],[86.5442,24.0879],[86.5421,24.082],[86.5444,24.0748],[86.5364,24.0691],[86.529,24.0544],[86.5235,24.0544],[86.5227,24.0521],[86.5133,24.0487],[86.5045,24.0488],[86.4941,24.0412],[86.4911,24.0452],[86.4819,24.0456],[86.4764,24.0404],[86.4751,24.0284],[86.4782,24.0275],[86.4827,24.031],[86.4833,24.0229],[86.4697,24.0229],[86.4662,24.0192],[86.4789,24.0095],[86.5228,23.9872],[86.5485,23.9895],[86.5829,23.9831],[86.6005,23.966],[86.6045,23.9583],[86.6468,23.9336],[86.654,23.9267],[86.679,23.9185],[86.6936,23.9086],[86.717,23.9015],[86.7246,23.8913],[86.7284,23.8677],[86.7355,23.8601],[86.7417,23.8583],[86.7552,23.8665],[86.7709,23.8613],[86.7798,23.8551],[86.7865,23.8456],[86.7987,23.8349],[86.8004,23.8339],[86.8062,23.8375],[86.8144,23.8313],[86.8161,23.8257],[86.8123,23.8249],[86.8128,23.8202],[86.8242,23.8139],[86.8374,23.82],[86.8401,23.8227],[86.8385,23.8241],[86.8524,23.825],[86.855,23.8302],[86.8612,23.8345],[86.864,23.8407],[86.8633,23.8445],[86.8747,23.8476],[86.8799,23.8453],[86.8783,23.8358],[86.8806,23.8336],[86.8803,23.8293],[86.886,23.826],[86.8859,23.8204],[86.8898,23.8197],[86.8941,23.8254],[86.8945,23.835],[86.8886,23.8436],[86.8888,23.8586],[86.8826,23.8597],[86.8813,23.8631],[86.8935,23.8771],[86.9017,23.8806],[86.9145,23.8809],[86.9157,23.8832],[86.9325,23.8685],[86.9329,23.8568],[86.9357,23.8522],[86.9469,23.8461],[86.9555,23.8461],[86.9627,23.8494],[86.9642,23.8638],[86.9697,23.8687],[86.9739,23.8689],[86.9863,23.8596],[87.0108,23.8525],[87.0259,23.8434],[87.0379,23.8392],[87.0535,23.8227],[87.0743,23.8148],[87.082,23.8096],[87.0867,23.8089],[87.0916,23.8155],[87.0965,23.8139],[87.1031,23.8044],[87.1075,23.8039],[87.1088,23.8081],[87.1162,23.8073],[87.1187,23.8039],[87.1176,23.8022],[87.1121,23.8048],[87.1105,23.8032],[87.1121,23.799],[87.1225,23.7962],[87.123,23.7992],[87.1311,23.7982],[87.1402,23.805],[87.1432,23.8],[87.1496,23.7967],[87.1551,23.8032],[87.1588,23.8132],[87.1644,23.8177],[87.1673,23.8251],[87.1639,23.8257],[87.1638,23.8292],[87.159,23.8314],[87.154,23.8293],[87.1394,23.8482],[87.13,23.8536],[87.1294,23.8689],[87.1649,23.8651],[87.1745,23.8547],[87.1809,23.8529],[87.1878,23.8595],[87.1967,23.8579],[87.1936,23.8522],[87.1876,23.8486],[87.1894,23.8424],[87.1943,23.8444],[87.1971,23.8501],[87.2013,23.8503],[87.2032,23.8478],[87.2058,23.8565],[87.2144,23.8508],[87.2204,23.8533],[87.221,23.8604],[87.2225,23.858],[87.2339,23.8565],[87.2377,23.8548],[87.2304,23.8457],[87.2235,23.8457],[87.2227,23.8382],[87.2175,23.833],[87.2174,23.8299],[87.2283,23.8254],[87.232,23.8279],[87.2407,23.8258],[87.2463,23.8301],[87.2478,23.8364],[87.2558,23.8439],[87.2441,23.8572],[87.2472,23.862],[87.2457,23.8659],[87.2486,23.8686],[87.241,23.8704],[87.2448,23.882],[87.2424,23.8891],[87.2457,23.8959],[87.2444,23.9028],[87.2462,23.9088],[87.2518,23.9128],[87.2578,23.9085],[87.2586,23.9026],[87.2527,23.8997],[87.2578,23.8981],[87.262,23.8839],[87.259,23.8817],[87.2695,23.8744],[87.2753,23.8844],[87.2796,23.8879],[87.2828,23.8859],[87.2906,23.8934],[87.2895,23.8991],[87.2951,23.9013],[87.2907,23.9051],[87.2898,23.9156],[87.2846,23.9219],[87.2867,23.9265],[87.2847,23.9282],[87.2846,23.9382],[87.2912,23.9434],[87.2893,23.9495],[87.2929,23.9591],[87.2796,23.9603],[87.2753,23.9654],[87.27,23.9675],[87.2658,23.9654],[87.2614,23.9687],[87.2619,23.9813],[87.2665,23.982],[87.2679,23.9874],[87.2628,24.0036],[87.2526,23.9968],[87.2477,23.9987],[87.2409,24.0119],[87.2456,24.0159],[87.2355,24.0213],[87.2337,24.0245],[87.2151,24.0236],[87.2063,24.0275],[87.1982,24.0257],[87.1686,24.0307],[87.1482,24.0403],[87.1363,24.0369],[87.1274,24.0464],[87.1206,24.0499],[87.117,24.0593],[87.1111,24.0637],[87.1071,24.0786],[87.0945,24.0995],[87.0938,24.1039],[87.0967,24.107],[87.0913,24.1052],[87.0856,24.1068],[87.0825,24.1035],[87.0774,24.1075],[87.0745,24.1067],[87.0719,24.1119],[87.0587,24.1185],[87.055,24.1272],[87.0472,24.1365],[87.0331,24.1382],[87.0314,24.1405],[87.0079,24.1468],[87.0093,24.1395],[86.998,24.1268],[86.98,24.1244],[86.9804,24.1172],[86.9727,24.1034],[86.9733,24.1007],[86.9701,24.0985],[86.9784,24.0793],[86.9744,24.0714],[86.9758,24.0614],[86.9704,24.0624],[86.9564,24.0537],[86.955,24.0511],[86.9592,24.0462],[86.9535,24.0417],[86.9297,24.0449],[86.9189,24.0497],[86.9145,24.0541],[86.9178,24.0626],[86.9017,24.0584],[86.8951,24.0676],[86.8866,24.0696],[86.8828,24.0692],[86.8804,24.0614],[86.8687,24.0647],[86.86,24.0588],[86.8507,24.0576],[86.8474,24.0518],[86.8385,24.0504],[86.8299,24.0629],[86.824,24.0616],[86.8198,24.0635],[86.8192,24.072],[86.8148,24.0764],[86.8146,24.0832],[86.8102,24.079],[86.8087,24.0808],[86.8057,24.0797],[86.8038,24.0831],[86.7992,24.0776],[86.7929,24.0786],[86.7935,24.0672],[86.7899,24.0632],[86.7788,24.0676],[86.7727,24.0663],[86.7645,24.0763],[86.7575,24.0794],[86.7586,24.0831],[86.7611,24.081],[86.7675,24.0854],[86.7617,24.0927],[86.7394,24.0962],[86.7379,24.0987],[86.7185,24.1069],[86.7095,24.1057],[86.6977,24.1127],[86.697,24.1284],[86.6993,24.1345],[86.7046,24.1393],[86.712,24.1399],[86.7159,24.1427],[86.7135,24.145],[86.7161,24.1541],[86.7045,24.1603],[86.7036,24.1634],[86.6973,24.1654]]]},"properties":{"dtname":"Jamtara","stname":"JHARKHAND","stcode11":"20","dtcode11":"363","year_stat":"2011_c","Shape_Length":368431.27299104177,"Shape_Area":2183906012.8599772,"OBJECTID":414,"test":0,"Dist_LGD":333,"State_LGD":20}},{"type":"Feature","id":417,"geometry":{"type":"Polygon","coordinates":[[[86.3792,24.0599],[86.374,24.0591],[86.3657,24.0487],[86.348,24.0535],[86.3376,24.0531],[86.3312,24.0494],[86.3336,24.0461],[86.331,24.043],[86.3334,24.0415],[86.3326,24.0366],[86.3171,24.0313],[86.3235,24.0253],[86.3253,24.0199],[86.3399,24.0183],[86.3393,24.0071],[86.3334,24.0045],[86.3236,23.9873],[86.3204,23.9836],[86.3173,23.9842],[86.3161,23.9797],[86.3125,23.9773],[86.31,23.9683],[86.3126,23.9645],[86.3022,23.9402],[86.2944,23.928],[86.2927,23.9163],[86.287,23.9173],[86.2867,23.9203],[86.2794,23.9242],[86.2729,23.9244],[86.2676,23.9211],[86.2586,23.9216],[86.2493,23.9318],[86.2322,23.939],[86.2306,23.9359],[86.2223,23.9409],[86.2193,23.9383],[86.2114,23.9374],[86.1945,23.9429],[86.1845,23.9387],[86.1705,23.9391],[86.1693,23.9365],[86.1505,23.9301],[86.136,23.934],[86.1315,23.9289],[86.1256,23.9172],[86.1274,23.9114],[86.1251,23.9084],[86.1253,23.9021],[86.1112,23.8914],[86.1097,23.8876],[86.1196,23.8881],[86.1147,23.883],[86.1183,23.8776],[86.1171,23.8693],[86.1241,23.8692],[86.1279,23.8623],[86.1395,23.8595],[86.1364,23.8535],[86.1417,23.8463],[86.1348,23.8435],[86.1418,23.837],[86.1429,23.8302],[86.1458,23.8293],[86.1509,23.8325],[86.1543,23.8289],[86.1617,23.8279],[86.1628,23.8136],[86.16,23.8073],[86.1599,23.7985],[86.1661,23.786],[86.174,23.7839],[86.1723,23.7758],[86.1829,23.7696],[86.1815,23.7622],[86.1862,23.7586],[86.1859,23.7537],[86.1913,23.7495],[86.188,23.7437],[86.1888,23.734],[86.1827,23.7295],[86.1838,23.7246],[86.1909,23.7196],[86.2281,23.7108],[86.2426,23.7127],[86.2659,23.711],[86.2875,23.7203],[86.2964,23.7189],[86.3088,23.7209],[86.3351,23.7039],[86.341,23.7051],[86.3465,23.7139],[86.3717,23.7112],[86.374,23.7082],[86.3713,23.696],[86.3826,23.6893],[86.3829,23.6757],[86.3897,23.6695],[86.4043,23.671],[86.4097,23.6692],[86.4242,23.6562],[86.4559,23.6474],[86.4678,23.6388],[86.4843,23.6395],[86.5271,23.6296],[86.5745,23.6476],[86.5814,23.6552],[86.5991,23.6657],[86.5959,23.6719],[86.5983,23.6739],[86.6294,23.6759],[86.6614,23.6872],[86.6826,23.6884],[86.7047,23.697],[86.7182,23.6991],[86.7396,23.6945],[86.7453,23.68],[86.7479,23.679],[86.7712,23.6809],[86.7915,23.6884],[86.7993,23.689],[86.8048,23.6965],[86.7991,23.6999],[86.799,23.7047],[86.8079,23.7235],[86.8117,23.7451],[86.8276,23.7517],[86.8282,23.7643],[86.8257,23.7776],[86.8089,23.7986],[86.8041,23.8015],[86.8102,23.8221],[86.8038,23.8301],[86.7995,23.8315],[86.8004,23.8339],[86.7865,23.8456],[86.7798,23.8551],[86.7709,23.8613],[86.7552,23.8665],[86.7417,23.8583],[86.7355,23.8601],[86.7284,23.8677],[86.7246,23.8913],[86.717,23.9015],[86.6936,23.9086],[86.679,23.9185],[86.654,23.9267],[86.6468,23.9336],[86.6045,23.9583],[86.6005,23.966],[86.5829,23.9831],[86.5499,23.9894],[86.5211,23.9877],[86.4425,24.0311],[86.4357,24.0326],[86.4197,24.0306],[86.3937,24.0417],[86.3853,24.0556],[86.3792,24.0599]]]},"properties":{"dtname":"Dhanbad","stname":"JHARKHAND","stcode11":"20","dtcode11":"354","year_stat":"2011_c","Shape_Length":250339.49845178385,"Shape_Area":2450499151.798884,"OBJECTID":417,"test":0,"Dist_LGD":325,"State_LGD":20}},{"type":"Feature","id":421,"geometry":{"type":"Polygon","coordinates":[[[84.7462,24.0486],[84.7355,24.0414],[84.7281,24.042],[84.7231,24.0453],[84.7141,24.0403],[84.7117,24.0305],[84.7157,24.0264],[84.7107,24.0259],[84.7062,24.0223],[84.6935,24.0254],[84.6814,24.01],[84.6797,24.0035],[84.6704,23.9991],[84.6657,23.9996],[84.6616,24.0053],[84.6527,24.0058],[84.6468,24.0039],[84.6443,23.9971],[84.6367,23.9903],[84.6318,23.9936],[84.6173,23.9877],[84.6078,23.9918],[84.5972,23.9828],[84.5915,23.9881],[84.5802,23.9866],[84.5848,23.9815],[84.5885,23.9808],[84.5894,23.9773],[84.5858,23.9695],[84.5732,23.965],[84.5701,23.9595],[84.568,23.9462],[84.5717,23.9353],[84.5674,23.9282],[84.5582,23.9271],[84.5552,23.9301],[84.5431,23.9296],[84.5312,23.9336],[84.5299,23.9239],[84.5175,23.9212],[84.5183,23.9173],[84.523,23.9136],[84.525,23.9016],[84.5078,23.8998],[84.4948,23.8943],[84.4954,23.8988],[84.4857,23.8944],[84.4804,23.9087],[84.4697,23.9166],[84.4719,23.928],[84.4791,23.9264],[84.4805,23.93],[84.4758,23.9429],[84.4682,23.9479],[84.469,23.9574],[84.4615,23.9535],[84.456,23.9608],[84.4528,23.9617],[84.4473,23.9598],[84.4421,23.9508],[84.4366,23.9481],[84.4234,23.9501],[84.4131,23.9465],[84.4054,23.9344],[84.3902,23.9374],[84.3811,23.9426],[84.3679,23.941],[84.3425,23.9536],[84.3382,23.9324],[84.3329,23.9195],[84.3363,23.9133],[84.3338,23.9097],[84.3275,23.9101],[84.3185,23.906],[84.3148,23.9086],[84.3095,23.9077],[84.3044,23.9145],[84.2939,23.9162],[84.2885,23.9077],[84.257,23.9045],[84.2561,23.8985],[84.243,23.889],[84.239,23.8963],[84.2442,23.9017],[84.2471,23.9113],[84.2578,23.917],[84.2528,23.9224],[84.2539,23.9266],[84.2516,23.9309],[84.2466,23.9256],[84.2403,23.9238],[84.2348,23.9169],[84.2257,23.9149],[84.2223,23.9096],[84.218,23.9085],[84.2148,23.9093],[84.2143,23.9146],[84.2107,23.9185],[84.1988,23.9176],[84.1941,23.9285],[84.183,23.9358],[84.1629,23.9387],[84.1407,23.9458],[84.14,23.9415],[84.1456,23.9222],[84.1373,23.9046],[84.133,23.9018],[84.1169,23.8989],[84.0879,23.8657],[84.0632,23.8574],[84.0604,23.8429],[84.0502,23.834],[84.0548,23.8158],[84.0437,23.8119],[84.0386,23.7995],[84.0341,23.7959],[84.0306,23.7964],[84.0257,23.8027],[84.0191,23.802],[84.0172,23.7946],[84.0234,23.7849],[84.0235,23.7803],[84.0084,23.7648],[84.0054,23.7477],[83.9949,23.7429],[83.9816,23.7321],[83.9852,23.7227],[83.993,23.7185],[84.0006,23.7099],[84.0088,23.7075],[84.0137,23.7005],[84.0225,23.6953],[84.0387,23.6964],[84.0482,23.6934],[84.0567,23.7003],[84.0634,23.696],[84.0624,23.6943],[84.0615,23.6958],[84.0605,23.6913],[84.0661,23.6951],[84.0683,23.6907],[84.0679,23.6882],[84.0629,23.6885],[84.0604,23.6857],[84.0574,23.6719],[84.055,23.6709],[84.0511,23.6605],[84.0377,23.6547],[84.0201,23.6398],[84.0142,23.6305],[84.0085,23.6274],[84.0077,23.6223],[84.0111,23.6207],[84.0167,23.6085],[84.03,23.6],[84.0281,23.5938],[84.0295,23.5665],[84.0243,23.5556],[84.028,23.5457],[84.0208,23.531],[84.0216,23.5277],[84.0174,23.5227],[84.0186,23.5175],[84.0146,23.5036],[84.0008,23.497],[83.998,23.4863],[83.9762,23.4759],[83.971,23.467],[83.9817,23.4223],[83.9781,23.4143],[83.9801,23.4127],[83.9772,23.4109],[83.9751,23.4032],[83.9721,23.4027],[83.9703,23.3944],[83.9623,23.3854],[83.9634,23.3774],[83.9693,23.3669],[83.9895,23.3569],[83.9968,23.3588],[84.0026,23.3574],[84.0048,23.3541],[84.0117,23.3537],[84.0153,23.3688],[84.0231,23.378],[84.0362,23.3786],[84.0485,23.3754],[84.051,23.3745],[84.0472,23.3706],[84.0524,23.3673],[84.0538,23.3526],[84.06,23.3503],[84.0666,23.3441],[84.0684,23.3383],[84.0763,23.3322],[84.0962,23.3311],[84.0944,23.3336],[84.0975,23.3374],[84.1043,23.3401],[84.1065,23.3435],[84.1117,23.3426],[84.1148,23.3505],[84.1217,23.3466],[84.1304,23.346],[84.1334,23.3408],[84.1488,23.335],[84.1517,23.336],[84.1915,23.3251],[84.2011,23.3382],[84.2204,23.3402],[84.2276,23.3448],[84.2402,23.3474],[84.2433,23.35],[84.2421,23.3544],[84.2469,23.3558],[84.2464,23.3665],[84.252,23.3732],[84.2562,23.3728],[84.2588,23.3821],[84.2518,23.3976],[84.25,23.4088],[84.2545,23.4245],[84.2539,23.4294],[84.2446,23.443],[84.2473,23.4505],[84.2556,23.4589],[84.273,23.4637],[84.2761,23.4676],[84.2738,23.4675],[84.2751,23.4717],[84.2807,23.4671],[84.2858,23.49],[84.2894,23.4936],[84.3003,23.4843],[84.3162,23.482],[84.3184,23.49],[84.3153,23.4911],[84.3155,23.4934],[84.3244,23.492],[84.3279,23.4939],[84.3296,23.5082],[84.3251,23.5121],[84.3253,23.5149],[84.3266,23.5223],[84.3314,23.5294],[84.3261,23.5322],[84.3262,23.5544],[84.3179,23.5748],[84.3177,23.5803],[84.3406,23.5848],[84.3424,23.5907],[84.3401,23.5945],[84.3425,23.5961],[84.341,23.5995],[84.3495,23.5995],[84.3526,23.6058],[84.3572,23.6091],[84.3765,23.6049],[84.3814,23.6078],[84.3982,23.603],[84.3949,23.6335],[84.3969,23.6381],[84.4109,23.6392],[84.4163,23.6342],[84.4256,23.6335],[84.4353,23.6295],[84.4421,23.6373],[84.4582,23.628],[84.4655,23.6276],[84.4614,23.6374],[84.461,23.6452],[84.4692,23.6585],[84.4809,23.6639],[84.4903,23.6619],[84.4939,23.6715],[84.5033,23.6755],[84.5123,23.6747],[84.5161,23.6715],[84.5309,23.6681],[84.5344,23.6707],[84.5387,23.6689],[84.5452,23.6607],[84.545,23.6548],[84.5482,23.6545],[84.5555,23.641],[84.5521,23.6314],[84.5636,23.6162],[84.572,23.615],[84.5823,23.6171],[84.5867,23.6476],[84.5916,23.6527],[84.5925,23.6579],[84.5899,23.6646],[84.5998,23.6684],[84.6129,23.6586],[84.6191,23.6623],[84.6237,23.6609],[84.628,23.6639],[84.6401,23.6654],[84.6413,23.6688],[84.6594,23.6481],[84.662,23.6418],[84.6616,23.6316],[84.6647,23.6262],[84.6811,23.618],[84.6782,23.606],[84.6851,23.6051],[84.7219,23.6199],[84.73,23.6307],[84.7302,23.6402],[84.7361,23.6398],[84.7399,23.6322],[84.7437,23.6327],[84.7451,23.6167],[84.7434,23.6152],[84.7456,23.6087],[84.7591,23.606],[84.7666,23.5971],[84.7676,23.5919],[84.7649,23.5859],[84.7721,23.5827],[84.7715,23.5771],[84.7806,23.5721],[84.7848,23.5722],[84.7808,23.5533],[84.7823,23.5496],[84.7891,23.5452],[84.7917,23.5452],[84.7946,23.5614],[84.793,23.5764],[84.7963,23.5795],[84.8023,23.5797],[84.7986,23.5646],[84.8086,23.5649],[84.8152,23.5701],[84.8226,23.5691],[84.82,23.5651],[84.8231,23.56],[84.82,23.5521],[84.8221,23.5496],[84.8207,23.5466],[84.8329,23.5448],[84.8371,23.54],[84.8581,23.5331],[84.857,23.5363],[84.8608,23.5428],[84.8665,23.5412],[84.8684,23.545],[84.873,23.5446],[84.8766,23.5598],[84.8962,23.5586],[84.9052,23.5853],[84.9109,23.5753],[84.9077,23.5686],[84.9098,23.5422],[84.9168,23.5413],[84.9242,23.5553],[84.9355,23.5504],[84.937,23.5624],[84.9334,23.5666],[84.9351,23.5698],[84.9336,23.5729],[84.9474,23.608],[84.9452,23.6189],[84.9424,23.6199],[84.9441,23.6254],[84.9429,23.6382],[84.9196,23.649],[84.9202,23.6549],[84.9249,23.6622],[84.9226,23.6697],[84.9356,23.6796],[84.9352,23.6903],[84.9424,23.6945],[84.9492,23.7028],[84.9514,23.7029],[84.9538,23.698],[84.9627,23.6971],[84.9665,23.7057],[84.9641,23.712],[84.966,23.7156],[84.9601,23.7172],[84.9611,23.7252],[84.9553,23.7294],[84.9377,23.7336],[84.9369,23.7429],[84.933,23.746],[84.9272,23.7612],[84.929,23.7715],[84.9119,23.7735],[84.9034,23.777],[84.9023,23.7849],[84.9072,23.7895],[84.9073,23.8022],[84.9122,23.8037],[84.9161,23.8085],[84.9234,23.8092],[84.9373,23.8053],[84.9466,23.8065],[84.9471,23.8186],[84.9445,23.8283],[84.9478,23.8312],[84.9476,23.8465],[84.9423,23.8567],[84.9305,23.859],[84.9291,23.8617],[84.9361,23.8719],[84.941,23.8748],[84.9449,23.8731],[84.9493,23.8773],[84.9524,23.8765],[84.949,23.8812],[84.9491,23.8851],[84.9462,23.8857],[84.9476,23.8924],[84.9443,23.8951],[84.9419,23.9075],[84.9264,23.9148],[84.9289,23.92],[84.9281,23.927],[84.9339,23.9349],[84.9336,23.9416],[84.9203,23.9529],[84.9026,23.9521],[84.8893,23.9441],[84.8881,23.9495],[84.8791,23.9548],[84.8653,23.9551],[84.8499,23.9659],[84.8396,23.964],[84.8298,23.9577],[84.8302,23.9633],[84.8258,23.9723],[84.8264,23.9876],[84.8156,23.9822],[84.8118,23.9831],[84.8127,23.9808],[84.8059,23.9731],[84.8011,23.9768],[84.7961,23.9734],[84.7848,23.9748],[84.7824,23.9772],[84.778,23.9712],[84.7728,23.9694],[84.7707,23.974],[84.761,23.9745],[84.7676,23.98],[84.7673,23.9841],[84.7734,23.9862],[84.7728,23.9885],[84.7679,23.989],[84.7632,23.9979],[84.7713,24.0053],[84.7711,24.0113],[84.7649,24.0144],[84.761,24.0268],[84.7549,24.0302],[84.753,24.0359],[84.7577,24.0403],[84.7547,24.043],[84.7507,24.0378],[84.7503,24.0459],[84.7462,24.0486]]]},"properties":{"dtname":"Latehar","stname":"JHARKHAND","stcode11":"20","dtcode11":"359","year_stat":"2011_c","Shape_Length":564458.4122016438,"Shape_Area":5139931463.3971195,"OBJECTID":421,"test":1,"Dist_LGD":335,"State_LGD":20}},{"type":"Feature","id":423,"geometry":{"type":"Polygon","coordinates":[[[85.6755,23.9872],[85.6736,23.9755],[85.6664,23.9756],[85.671,23.9689],[85.666,23.9576],[85.6577,23.9545],[85.6482,23.957],[85.6444,23.9549],[85.6463,23.9466],[85.6513,23.9452],[85.6532,23.9397],[85.6589,23.9352],[85.6464,23.93],[85.6452,23.9262],[85.6267,23.9183],[85.6112,23.9022],[85.6111,23.888],[85.6148,23.8879],[85.6188,23.8809],[85.6163,23.8738],[85.6126,23.8699],[85.5921,23.8661],[85.5826,23.8538],[85.5907,23.8504],[85.5909,23.8456],[85.5988,23.832],[85.5956,23.8198],[85.599,23.8112],[85.6114,23.8045],[85.6107,23.8006],[85.6133,23.7981],[85.6231,23.7965],[85.6276,23.8031],[85.6345,23.8033],[85.6415,23.822],[85.6507,23.823],[85.6541,23.8139],[85.6496,23.81],[85.6489,23.8061],[85.6492,23.7951],[85.6514,23.7926],[85.645,23.7871],[85.6399,23.7862],[85.6372,23.7811],[85.6309,23.7766],[85.6282,23.7682],[85.6166,23.7683],[85.6146,23.7657],[85.6149,23.7417],[85.6207,23.7418],[85.6211,23.7227],[85.6166,23.711],[85.6098,23.7077],[85.6088,23.7005],[85.6161,23.6944],[85.6138,23.6748],[85.6145,23.6329],[85.6245,23.6292],[85.631,23.6184],[85.6522,23.6087],[85.6638,23.6228],[85.6622,23.6296],[85.6684,23.6314],[85.6703,23.6369],[85.6773,23.6366],[85.6777,23.6473],[85.6827,23.6479],[85.6899,23.6419],[85.6991,23.6467],[85.7045,23.6372],[85.7122,23.633],[85.7215,23.6418],[85.7272,23.6546],[85.7377,23.6535],[85.7471,23.6607],[85.7543,23.663],[85.7576,23.6838],[85.7608,23.6865],[85.767,23.6811],[85.7696,23.6744],[85.7705,23.6589],[85.7681,23.6538],[85.7739,23.6485],[85.7819,23.6483],[85.7861,23.6392],[85.7935,23.6376],[85.7884,23.6291],[85.793,23.6284],[85.7926,23.62],[85.7956,23.6224],[85.7985,23.621],[85.7979,23.6161],[85.804,23.6131],[85.8035,23.6081],[85.8123,23.5771],[85.8324,23.5736],[85.8389,23.5654],[85.8397,23.5628],[85.8353,23.5573],[85.8265,23.5551],[85.8203,23.5506],[85.8268,23.541],[85.8407,23.5352],[85.8345,23.521],[85.8387,23.5156],[85.8445,23.5135],[85.8508,23.5132],[85.8584,23.5179],[85.8665,23.5116],[85.8663,23.5077],[85.8717,23.506],[85.8834,23.4937],[85.8823,23.4906],[85.887,23.4873],[85.8858,23.4822],[85.9091,23.4843],[85.9195,23.4778],[85.9331,23.4733],[85.9503,23.4709],[85.9619,23.4768],[85.9773,23.4767],[86.0091,23.4845],[86.0249,23.4864],[86.0319,23.4835],[86.038,23.4856],[86.044,23.4841],[86.0541,23.4869],[86.0587,23.4945],[86.0388,23.4979],[86.0397,23.5149],[86.0337,23.518],[86.0338,23.5229],[86.0237,23.5374],[86.0282,23.54],[86.0282,23.5428],[86.0206,23.5442],[86.0168,23.5475],[86.0186,23.5597],[86.0247,23.5618],[86.0315,23.5731],[86.0374,23.5766],[86.0398,23.575],[86.042,23.5862],[86.0518,23.5863],[86.0652,23.5792],[86.0777,23.5792],[86.0725,23.5694],[86.081,23.5657],[86.0843,23.5669],[86.0944,23.5631],[86.0988,23.5667],[86.1073,23.5651],[86.1098,23.568],[86.1201,23.5662],[86.1261,23.5698],[86.1306,23.567],[86.1271,23.5655],[86.1314,23.5626],[86.1313,23.5589],[86.1365,23.5623],[86.1396,23.5592],[86.1434,23.5635],[86.1472,23.563],[86.1489,23.56],[86.1586,23.5595],[86.1516,23.5481],[86.1578,23.5413],[86.1571,23.5342],[86.1485,23.5246],[86.148,23.5197],[86.1531,23.5118],[86.1605,23.5083],[86.1572,23.4994],[86.1583,23.4925],[86.1505,23.483],[86.1546,23.4768],[86.1489,23.4744],[86.1485,23.4654],[86.1771,23.4698],[86.1823,23.4674],[86.1803,23.4609],[86.1874,23.4578],[86.1885,23.4612],[86.1926,23.4601],[86.198,23.4533],[86.2059,23.4544],[86.207,23.4503],[86.2288,23.4434],[86.2312,23.4457],[86.2329,23.4623],[86.246,23.4597],[86.2474,23.4564],[86.2422,23.4473],[86.2357,23.444],[86.2322,23.4368],[86.2328,23.4329],[86.2304,23.431],[86.2348,23.4213],[86.246,23.4231],[86.2452,23.4144],[86.2475,23.4117],[86.2593,23.4133],[86.261,23.4178],[86.2524,23.4272],[86.2567,23.4301],[86.2641,23.4308],[86.2719,23.4276],[86.2763,23.4305],[86.2886,23.4295],[86.2902,23.4182],[86.3014,23.4127],[86.3101,23.4118],[86.3171,23.4162],[86.3156,23.4239],[86.3177,23.4268],[86.3108,23.4264],[86.3061,23.43],[86.3057,23.4351],[86.3177,23.4403],[86.3205,23.4439],[86.3338,23.4473],[86.3367,23.4404],[86.3489,23.4404],[86.3511,23.4435],[86.3498,23.4516],[86.3545,23.4497],[86.36,23.4522],[86.3569,23.4609],[86.3618,23.4649],[86.3636,23.4715],[86.3793,23.4738],[86.3772,23.4807],[86.3785,23.4853],[86.3704,23.4846],[86.3658,23.4803],[86.3617,23.4853],[86.3653,23.493],[86.3644,23.5016],[86.3754,23.5091],[86.3717,23.5174],[86.3646,23.522],[86.3678,23.5276],[86.3651,23.5311],[86.3682,23.5348],[86.3681,23.5408],[86.3712,23.5404],[86.3821,23.5571],[86.3885,23.5602],[86.3904,23.5675],[86.3878,23.5741],[86.3974,23.5787],[86.415,23.5768],[86.4209,23.5897],[86.4321,23.5938],[86.4356,23.5981],[86.4479,23.5988],[86.446,23.6152],[86.4482,23.6192],[86.4549,23.6192],[86.4618,23.6298],[86.47,23.6304],[86.488,23.6373],[86.4843,23.6395],[86.4678,23.6388],[86.4559,23.6474],[86.4291,23.654],[86.4097,23.6692],[86.4043,23.671],[86.3922,23.6689],[86.3869,23.6711],[86.3829,23.6757],[86.3826,23.6893],[86.3713,23.696],[86.374,23.7082],[86.3717,23.7112],[86.3465,23.7139],[86.341,23.7051],[86.3351,23.7039],[86.3088,23.7209],[86.2964,23.7189],[86.2894,23.7207],[86.2695,23.712],[86.2596,23.7107],[86.2153,23.7125],[86.1888,23.7205],[86.1821,23.7261],[86.1828,23.7299],[86.1888,23.734],[86.188,23.7437],[86.1913,23.7495],[86.1859,23.7537],[86.1862,23.7586],[86.1815,23.7622],[86.1829,23.7696],[86.1723,23.7758],[86.174,23.7839],[86.1661,23.786],[86.1599,23.7985],[86.16,23.8073],[86.1628,23.8136],[86.1617,23.8279],[86.1543,23.8289],[86.1509,23.8325],[86.1458,23.8293],[86.1429,23.8302],[86.1418,23.837],[86.1348,23.8435],[86.1417,23.8463],[86.1364,23.8535],[86.1394,23.8597],[86.1279,23.8623],[86.1241,23.8692],[86.1168,23.8696],[86.1183,23.8776],[86.1147,23.883],[86.1194,23.8884],[86.104,23.8882],[86.0984,23.8841],[86.0926,23.8867],[86.0711,23.9221],[86.0615,23.9174],[86.0497,23.9177],[86.025,23.9115],[85.9949,23.9117],[85.9904,23.9101],[85.9891,23.9067],[85.9864,23.9075],[85.9743,23.9003],[85.9723,23.8942],[85.9693,23.8935],[85.9665,23.8956],[85.9653,23.9024],[85.9609,23.9003],[85.9602,23.9087],[85.9626,23.9134],[85.9574,23.9168],[85.9559,23.9211],[85.9464,23.9237],[85.9436,23.9281],[85.9458,23.9386],[85.9308,23.9256],[85.9267,23.9456],[85.9213,23.9479],[85.9165,23.9453],[85.9066,23.9485],[85.9026,23.9555],[85.8957,23.9548],[85.8897,23.9593],[85.8868,23.9574],[85.8821,23.9459],[85.8868,23.9364],[85.8812,23.9264],[85.8836,23.9199],[85.8877,23.9189],[85.8851,23.9092],[85.8774,23.903],[85.8763,23.8974],[85.8694,23.8915],[85.8683,23.8849],[85.8613,23.8793],[85.8628,23.8759],[85.86,23.8681],[85.8611,23.8652],[85.8492,23.8542],[85.8448,23.8548],[85.8401,23.8521],[85.8349,23.8406],[85.8214,23.8451],[85.813,23.8453],[85.8124,23.855],[85.8023,23.8602],[85.8039,23.8734],[85.8,23.8767],[85.8016,23.8818],[85.7977,23.8837],[85.7958,23.8903],[85.7998,23.8964],[85.7845,23.9008],[85.7827,23.9185],[85.7746,23.9187],[85.7635,23.9264],[85.7609,23.9312],[85.7648,23.9395],[85.7631,23.9446],[85.7555,23.9477],[85.7477,23.9432],[85.7416,23.9503],[85.7374,23.9507],[85.7381,23.9426],[85.7269,23.9391],[85.7174,23.924],[85.7129,23.9235],[85.7118,23.9356],[85.7047,23.936],[85.699,23.9403],[85.6962,23.9475],[85.6899,23.9528],[85.6904,23.9579],[85.6857,23.9605],[85.6836,23.9653],[85.6842,23.9722],[85.6895,23.9764],[85.6963,23.9766],[85.697,23.9799],[85.6863,23.9867],[85.6804,23.9839],[85.6755,23.9872]]]},"properties":{"dtname":"Bokaro","stname":"JHARKHAND","stcode11":"20","dtcode11":"355","year_stat":"2011_c","Shape_Length":474606.5838522997,"Shape_Area":3457778568.934312,"OBJECTID":423,"test":1,"Dist_LGD":322,"State_LGD":20}},{"type":"Feature","id":424,"geometry":{"type":"Polygon","coordinates":[[[85.639,23.9606],[85.6388,23.9623],[85.6262,23.9607],[85.6159,23.9626],[85.6078,23.9583],[85.6062,23.9452],[85.6035,23.9409],[85.6067,23.9372],[85.5938,23.9342],[85.5835,23.9182],[85.5755,23.9187],[85.5749,23.9132],[85.5779,23.9101],[85.5736,23.9091],[85.57,23.9017],[85.564,23.8968],[85.5721,23.894],[85.5661,23.885],[85.5728,23.8788],[85.5681,23.8727],[85.5696,23.8686],[85.5621,23.8585],[85.5614,23.8479],[85.5562,23.8484],[85.554,23.8455],[85.5457,23.852],[85.5383,23.8542],[85.529,23.8498],[85.5173,23.8527],[85.5142,23.8421],[85.5064,23.8386],[85.5003,23.8411],[85.4881,23.839],[85.4848,23.8266],[85.4793,23.8301],[85.4699,23.8213],[85.4663,23.8221],[85.4557,23.8114],[85.4515,23.811],[85.4462,23.8021],[85.4327,23.795],[85.4258,23.7942],[85.4314,23.7777],[85.4591,23.7723],[85.4696,23.7655],[85.46,23.7578],[85.4581,23.7506],[85.4632,23.7439],[85.4599,23.741],[85.4545,23.7406],[85.4551,23.7278],[85.4476,23.722],[85.4404,23.7223],[85.4412,23.7108],[85.4394,23.7092],[85.4267,23.709],[85.4274,23.6911],[85.4237,23.6844],[85.4282,23.6764],[85.4461,23.6632],[85.4449,23.6552],[85.4313,23.6566],[85.4273,23.6543],[85.4026,23.6529],[85.3981,23.6564],[85.3966,23.6656],[85.3891,23.6592],[85.3845,23.6604],[85.3843,23.6712],[85.3764,23.6743],[85.36,23.6739],[85.3448,23.6915],[85.3366,23.6962],[85.3386,23.7022],[85.3358,23.7042],[85.3056,23.6838],[85.2973,23.6907],[85.2842,23.687],[85.2751,23.6931],[85.2612,23.697],[85.249,23.71],[85.2422,23.7123],[85.2393,23.7093],[85.2396,23.7036],[85.2349,23.6984],[85.2352,23.6834],[85.2255,23.6777],[85.2217,23.6715],[85.2206,23.6645],[85.2226,23.6596],[85.2203,23.658],[85.2226,23.6548],[85.2137,23.6551],[85.2061,23.6457],[85.2023,23.6367],[85.2045,23.6272],[85.2093,23.6211],[85.2297,23.6171],[85.2356,23.6189],[85.2449,23.6029],[85.2419,23.5989],[85.2422,23.5937],[85.2604,23.5902],[85.2643,23.5865],[85.2668,23.5786],[85.2779,23.5807],[85.278,23.5781],[85.3226,23.57],[85.336,23.5598],[85.3648,23.5629],[85.3763,23.5556],[85.3809,23.5561],[85.3846,23.5502],[85.3917,23.5627],[85.3958,23.555],[85.399,23.5571],[85.4079,23.5564],[85.4157,23.5611],[85.4207,23.5604],[85.4247,23.555],[85.4337,23.5542],[85.4458,23.5489],[85.4511,23.5497],[85.4704,23.5585],[85.4699,23.5696],[85.4725,23.572],[85.4873,23.5637],[85.4887,23.5612],[85.4859,23.559],[85.4838,23.5604],[85.4811,23.5543],[85.4913,23.546],[85.5116,23.5439],[85.514,23.5461],[85.5118,23.5498],[85.5137,23.5583],[85.5039,23.5705],[85.514,23.5779],[85.5211,23.5797],[85.5289,23.5622],[85.5206,23.5506],[85.5183,23.5423],[85.5294,23.5347],[85.5331,23.5413],[85.5371,23.5407],[85.5411,23.5443],[85.5478,23.5427],[85.5565,23.5348],[85.5591,23.5285],[85.5712,23.5149],[85.5894,23.5044],[85.5877,23.5001],[85.5906,23.4949],[85.6062,23.4902],[85.6034,23.4861],[85.6069,23.4822],[85.6209,23.477],[85.6313,23.4699],[85.6494,23.4663],[85.6568,23.4676],[85.6604,23.463],[85.6703,23.46],[85.6708,23.4542],[85.6743,23.4514],[85.7094,23.448],[85.7162,23.4441],[85.7194,23.4445],[85.7296,23.4555],[85.7355,23.4501],[85.7557,23.4622],[85.7769,23.4616],[85.7824,23.4562],[85.7926,23.4572],[85.7972,23.4502],[85.8018,23.4519],[85.805,23.4571],[85.815,23.4573],[85.8234,23.4544],[85.8287,23.4494],[85.8285,23.4406],[85.8398,23.431],[85.8422,23.4232],[85.8491,23.4249],[85.8476,23.4307],[85.8582,23.4267],[85.8599,23.4309],[85.8636,23.4316],[85.8614,23.439],[85.8654,23.4565],[85.8631,23.4625],[85.8676,23.4647],[85.8708,23.4755],[85.8759,23.4807],[85.8845,23.4824],[85.887,23.4873],[85.8823,23.4906],[85.8834,23.4937],[85.8717,23.506],[85.8663,23.5077],[85.8665,23.5116],[85.8584,23.5179],[85.8508,23.5132],[85.8445,23.5135],[85.8387,23.5156],[85.8345,23.521],[85.8407,23.5352],[85.8268,23.541],[85.8203,23.5506],[85.8265,23.5551],[85.8353,23.5573],[85.8397,23.5628],[85.8389,23.5654],[85.8324,23.5736],[85.8123,23.5771],[85.8035,23.6081],[85.804,23.6131],[85.7979,23.6161],[85.7985,23.621],[85.7956,23.6224],[85.7926,23.62],[85.793,23.6284],[85.7884,23.6291],[85.7935,23.6376],[85.7861,23.6392],[85.7819,23.6483],[85.7739,23.6485],[85.7681,23.6538],[85.7705,23.6589],[85.7696,23.6744],[85.767,23.6811],[85.7613,23.6862],[85.7576,23.6838],[85.7543,23.663],[85.7471,23.6607],[85.7377,23.6535],[85.7272,23.6546],[85.7215,23.6418],[85.7122,23.633],[85.7045,23.6372],[85.6991,23.6467],[85.6899,23.6419],[85.6827,23.6479],[85.6777,23.6473],[85.6773,23.6366],[85.6703,23.6369],[85.6684,23.6314],[85.6622,23.6296],[85.6638,23.6228],[85.6522,23.6087],[85.631,23.6184],[85.6245,23.6292],[85.6145,23.6329],[85.6138,23.6748],[85.6161,23.6944],[85.6088,23.7005],[85.6098,23.7077],[85.6166,23.711],[85.6211,23.7227],[85.6207,23.7418],[85.6149,23.7417],[85.6146,23.7657],[85.6166,23.7683],[85.6282,23.7682],[85.6309,23.7766],[85.6372,23.7811],[85.6399,23.7862],[85.645,23.7871],[85.6514,23.7926],[85.6492,23.7951],[85.6489,23.8061],[85.6496,23.81],[85.6541,23.8139],[85.6507,23.823],[85.6415,23.822],[85.6345,23.8033],[85.6276,23.8031],[85.6231,23.7965],[85.6133,23.7981],[85.6107,23.8006],[85.6114,23.8045],[85.599,23.8112],[85.5956,23.8198],[85.5988,23.832],[85.5909,23.8456],[85.5907,23.8504],[85.5826,23.8538],[85.5921,23.8661],[85.6126,23.8699],[85.6168,23.8745],[85.6188,23.8809],[85.6148,23.8879],[85.6111,23.888],[85.6103,23.8937],[85.6125,23.8988],[85.6112,23.9022],[85.6151,23.9081],[85.6232,23.9134],[85.6233,23.9158],[85.6258,23.9154],[85.6267,23.9183],[85.6452,23.9262],[85.6464,23.93],[85.6589,23.9352],[85.6532,23.9397],[85.6513,23.9452],[85.6463,23.9466],[85.6447,23.9557],[85.639,23.9606]]]},"properties":{"dtname":"Ramgarh","stname":"JHARKHAND","stcode11":"20","dtcode11":"361","year_stat":"2011_c","Shape_Length":369989.7721931024,"Shape_Area":1669212116.009309,"OBJECTID":424,"test":1,"Dist_LGD":607,"State_LGD":20}},{"type":"Feature","id":436,"geometry":{"type":"Polygon","coordinates":[[[84.9703,23.7173],[84.9674,23.7171],[84.9641,23.7127],[84.9665,23.7057],[84.9627,23.6971],[84.9538,23.698],[84.9514,23.7029],[84.9492,23.7028],[84.9424,23.6945],[84.9352,23.6903],[84.9356,23.6796],[84.9226,23.6697],[84.9249,23.6622],[84.9202,23.6549],[84.9196,23.649],[84.9429,23.6382],[84.9441,23.6254],[84.9424,23.6199],[84.9452,23.6189],[84.9474,23.608],[84.9336,23.5729],[84.9351,23.5698],[84.9334,23.5666],[84.937,23.5624],[84.9355,23.5504],[84.9242,23.5553],[84.9168,23.5413],[84.9098,23.5422],[84.9077,23.5686],[84.9109,23.5753],[84.9052,23.5853],[84.8962,23.5586],[84.8849,23.5592],[84.8854,23.5537],[84.8894,23.5512],[84.8893,23.5432],[84.9094,23.5374],[84.9094,23.5316],[84.9054,23.5279],[84.9077,23.5224],[84.9246,23.5218],[84.9284,23.5269],[84.9399,23.5203],[84.9416,23.5169],[84.9396,23.5135],[84.9457,23.5006],[84.945,23.4965],[84.9371,23.4874],[84.9358,23.4808],[84.9303,23.4756],[84.9272,23.4758],[84.9248,23.4695],[84.9224,23.4694],[84.9235,23.4624],[84.9098,23.4543],[84.9068,23.4443],[84.8963,23.4332],[84.8942,23.4266],[84.8974,23.425],[84.8937,23.4196],[84.8969,23.4184],[84.896,23.4112],[84.8861,23.4065],[84.8853,23.4033],[84.8934,23.3913],[84.8939,23.3849],[84.8851,23.3785],[84.8869,23.3695],[84.8946,23.3648],[84.9032,23.3638],[84.9019,23.3579],[84.9073,23.347],[84.902,23.3257],[84.908,23.3277],[84.9142,23.3211],[84.9169,23.3219],[84.922,23.3117],[84.9239,23.3117],[84.9233,23.3091],[84.9077,23.299],[84.9041,23.2883],[84.8983,23.2868],[84.8957,23.274],[84.8986,23.2677],[84.8967,23.2591],[84.912,23.2561],[84.9133,23.252],[84.9085,23.2507],[84.9107,23.2435],[84.9279,23.238],[84.936,23.2337],[84.9358,23.2315],[84.9464,23.2305],[84.9474,23.232],[84.9485,23.2299],[84.9495,23.2314],[84.9508,23.2281],[84.9437,23.2094],[84.9373,23.2087],[84.9353,23.2014],[84.9232,23.2023],[84.92,23.1982],[84.911,23.1946],[84.9146,23.1894],[84.925,23.1877],[84.9234,23.1725],[84.9207,23.1678],[84.8984,23.1737],[84.8887,23.1671],[84.8867,23.1458],[84.8831,23.1407],[84.8847,23.1328],[84.8921,23.1294],[84.8869,23.1282],[84.8859,23.1176],[84.8989,23.1097],[84.8952,23.1031],[84.8956,23.0987],[84.8658,23.0989],[84.8664,23.0892],[84.8725,23.0863],[84.8747,23.0781],[84.8744,23.0687],[84.8716,23.0685],[84.8853,23.0625],[84.8937,23.0619],[84.904,23.0562],[84.9026,23.0495],[84.912,23.0405],[84.9131,23.0293],[84.9174,23.0267],[84.9215,23.0304],[84.927,23.0287],[84.9244,23.0359],[84.9322,23.0348],[84.9426,23.0238],[84.9366,23.0153],[84.9387,23.0122],[84.9467,23.0089],[84.9434,23.0019],[84.9522,23.0122],[84.9644,23.0119],[84.9617,23.0158],[84.9655,23.0241],[84.9729,23.0241],[84.975,23.0212],[84.979,23.0223],[84.982,23.0363],[84.9894,23.036],[84.9897,23.0442],[84.9953,23.0483],[84.9957,23.0518],[84.9921,23.0552],[84.9956,23.0694],[84.9938,23.0763],[85.0048,23.0816],[85.0069,23.0859],[85.0193,23.0878],[85.0247,23.0848],[85.0261,23.0889],[85.0338,23.0902],[85.0347,23.0933],[85.0318,23.0987],[85.0345,23.1035],[85.0293,23.1068],[85.0259,23.1154],[85.0354,23.1179],[85.0448,23.1149],[85.0544,23.1199],[85.0556,23.1292],[85.0475,23.1402],[85.0486,23.1448],[85.0522,23.1438],[85.0533,23.1502],[85.0583,23.1512],[85.0579,23.1598],[85.0495,23.1699],[85.0418,23.1733],[85.0404,23.1793],[85.0419,23.1853],[85.0459,23.1855],[85.0442,23.191],[85.0567,23.2036],[85.067,23.2219],[85.0862,23.2323],[85.0872,23.2349],[85.0836,23.2366],[85.09,23.2377],[85.0885,23.2428],[85.0915,23.2409],[85.097,23.2418],[85.0997,23.2449],[85.0986,23.2471],[85.1082,23.2508],[85.1226,23.2488],[85.1266,23.2552],[85.1338,23.2574],[85.1414,23.2538],[85.1417,23.267],[85.1527,23.272],[85.154,23.2782],[85.1503,23.2801],[85.1521,23.285],[85.1579,23.285],[85.1633,23.2818],[85.1641,23.2751],[85.1723,23.2759],[85.1769,23.2683],[85.1863,23.2681],[85.1911,23.2646],[85.2023,23.2629],[85.2066,23.271],[85.2194,23.2663],[85.2273,23.2671],[85.2259,23.2539],[85.2303,23.245],[85.2269,23.2418],[85.2256,23.2313],[85.2375,23.2281],[85.2351,23.2169],[85.2211,23.2082],[85.2304,23.1985],[85.2441,23.1984],[85.251,23.2046],[85.2553,23.2009],[85.2689,23.2045],[85.2718,23.2008],[85.2722,23.2035],[85.2771,23.2064],[85.2867,23.2045],[85.2944,23.1999],[85.2972,23.1926],[85.3197,23.1871],[85.3182,23.1802],[85.3134,23.1766],[85.3118,23.1713],[85.3188,23.1663],[85.3247,23.1677],[85.3234,23.1777],[85.3261,23.1773],[85.331,23.1865],[85.3381,23.1879],[85.3367,23.1932],[85.3384,23.2005],[85.335,23.2052],[85.3375,23.2077],[85.3445,23.2047],[85.347,23.1941],[85.3544,23.1925],[85.3561,23.1844],[85.3711,23.1861],[85.3757,23.1841],[85.3844,23.1936],[85.3913,23.1905],[85.4006,23.1904],[85.4027,23.1859],[85.4017,23.1784],[85.4101,23.177],[85.4161,23.173],[85.4328,23.1764],[85.4368,23.1747],[85.4423,23.1794],[85.4549,23.1773],[85.4655,23.1807],[85.4653,23.1753],[85.4597,23.1706],[85.4597,23.1637],[85.4651,23.1621],[85.4642,23.1494],[85.467,23.1468],[85.4665,23.1429],[85.4734,23.1391],[85.4746,23.1333],[85.4728,23.1291],[85.483,23.124],[85.5065,23.121],[85.5355,23.1211],[85.54,23.1177],[85.552,23.1172],[85.5563,23.1226],[85.5621,23.1222],[85.5685,23.1198],[85.5754,23.1123],[85.5783,23.1138],[85.5791,23.12],[85.5832,23.1193],[85.5839,23.121],[85.5921,23.1157],[85.6009,23.1197],[85.6143,23.1152],[85.6128,23.108],[85.6213,23.094],[85.6177,23.0818],[85.5976,23.0777],[85.5869,23.0718],[85.5801,23.0643],[85.583,23.0621],[85.5911,23.0647],[85.5987,23.0628],[85.611,23.0648],[85.6159,23.0699],[85.6268,23.0699],[85.6379,23.0561],[85.6213,23.0509],[85.6253,23.0448],[85.6216,23.0416],[85.626,23.0375],[85.6257,23.0308],[85.6299,23.0336],[85.6296,23.0304],[85.632,23.0346],[85.6339,23.0341],[85.6335,23.0289],[85.6296,23.0284],[85.6389,23.0243],[85.6435,23.0264],[85.6403,23.0235],[85.6393,23.0173],[85.6479,23.0062],[85.655,23.0049],[85.6416,22.9952],[85.6291,22.9911],[85.6207,22.9948],[85.6146,22.9923],[85.609,22.9931],[85.6028,23.0029],[85.5976,23.0044],[85.5929,23.0022],[85.5955,23.0011],[85.5947,22.9965],[85.6,22.9886],[85.603,22.9635],[85.5911,22.9629],[85.5897,22.9591],[85.5914,22.9535],[85.5849,22.9519],[85.5864,22.9461],[85.5818,22.9472],[85.5789,22.9523],[85.5724,22.9501],[85.5639,22.9517],[85.5654,22.9436],[85.5614,22.9374],[85.5486,22.9306],[85.5499,22.9239],[85.5543,22.926],[85.5768,22.9077],[85.5812,22.9085],[85.5935,22.9245],[85.6015,22.9303],[85.6035,22.9353],[85.6152,22.9311],[85.6133,22.9224],[85.6184,22.9146],[85.6246,22.9172],[85.6483,22.9184],[85.6561,22.9239],[85.6527,22.9364],[85.6569,22.9377],[85.6883,22.9345],[85.6977,22.9396],[85.699,22.9434],[85.7045,22.945],[85.729,22.9441],[85.7376,22.9391],[85.7418,22.9398],[85.7555,22.9312],[85.7606,22.9332],[85.7687,22.931],[85.7684,22.925],[85.7741,22.9202],[85.78,22.9219],[85.7875,22.9195],[85.7944,22.9148],[85.7977,22.9091],[85.8299,22.903],[85.8365,22.9051],[85.8366,22.89],[85.8515,22.884],[85.864,22.8844],[85.8606,22.8983],[85.8575,22.9004],[85.8607,22.9051],[85.8706,22.9104],[85.8692,22.917],[85.876,22.9305],[85.8711,22.9333],[85.8695,22.9394],[85.8652,22.9396],[85.8646,22.9449],[85.8529,22.9436],[85.8504,22.9492],[85.8506,22.9592],[85.8477,22.9641],[85.8493,22.9806],[85.8468,22.9851],[85.828,22.9917],[85.8195,23.0006],[85.8217,23.0019],[85.8204,23.0078],[85.8156,23.0077],[85.8127,23.0107],[85.8122,23.0143],[85.8142,23.0131],[85.8177,23.0227],[85.8234,23.0281],[85.8177,23.0376],[85.8198,23.0428],[85.8179,23.0514],[85.812,23.0598],[85.8099,23.0768],[85.7994,23.0827],[85.8041,23.092],[85.8167,23.093],[85.8164,23.0994],[85.8236,23.1141],[85.8303,23.1172],[85.8312,23.1214],[85.8358,23.1214],[85.8357,23.126],[85.841,23.129],[85.844,23.1382],[85.8507,23.1403],[85.8599,23.1474],[85.8702,23.1402],[85.8719,23.1567],[85.885,23.1534],[85.8866,23.1581],[85.8934,23.1564],[85.8813,23.1707],[85.8825,23.1984],[85.8643,23.222],[85.8368,23.2202],[85.8397,23.229],[85.8356,23.2385],[85.838,23.247],[85.8235,23.2595],[85.8197,23.2685],[85.8308,23.2872],[85.8383,23.3061],[85.8472,23.3093],[85.8515,23.3173],[85.8598,23.3217],[85.8632,23.3274],[85.8686,23.3304],[85.8657,23.3414],[85.8729,23.3422],[85.8836,23.3504],[85.8749,23.3606],[85.8745,23.3768],[85.8781,23.3819],[85.8692,23.388],[85.8883,23.3972],[85.8999,23.3936],[85.9026,23.3985],[85.8984,23.4058],[85.8861,23.405],[85.8864,23.4076],[85.8914,23.4102],[85.8804,23.4218],[85.8872,23.4254],[85.8845,23.43],[85.8618,23.4317],[85.8571,23.4264],[85.8476,23.4307],[85.8491,23.4249],[85.843,23.4228],[85.8393,23.4317],[85.8285,23.4406],[85.8287,23.4494],[85.8234,23.4544],[85.8063,23.4574],[85.8031,23.4559],[85.8018,23.4519],[85.7963,23.4504],[85.7936,23.4569],[85.7824,23.4562],[85.7789,23.4608],[85.7745,23.4619],[85.7544,23.462],[85.7343,23.4498],[85.7296,23.4555],[85.7185,23.4441],[85.7077,23.4483],[85.6743,23.4514],[85.6708,23.4542],[85.6703,23.46],[85.6604,23.463],[85.6568,23.4676],[85.6494,23.4663],[85.6327,23.4693],[85.6209,23.477],[85.6071,23.482],[85.6034,23.4861],[85.6062,23.4902],[85.5906,23.4949],[85.5877,23.5001],[85.5894,23.5044],[85.5712,23.5149],[85.5591,23.5285],[85.5565,23.5348],[85.5466,23.5434],[85.5411,23.5443],[85.5371,23.5407],[85.5331,23.5413],[85.5294,23.5347],[85.5183,23.5423],[85.5206,23.5506],[85.5289,23.5622],[85.5211,23.5797],[85.514,23.5779],[85.5039,23.5705],[85.5137,23.5583],[85.5118,23.5498],[85.5137,23.5452],[85.5082,23.5434],[85.4941,23.5445],[85.4882,23.5484],[85.4811,23.5543],[85.4838,23.5604],[85.4859,23.559],[85.4887,23.5612],[85.4873,23.5637],[85.4725,23.572],[85.4699,23.5696],[85.4704,23.5585],[85.4511,23.5497],[85.4458,23.5489],[85.4337,23.5542],[85.4247,23.555],[85.4207,23.5604],[85.4157,23.5611],[85.4079,23.5564],[85.399,23.5571],[85.3958,23.555],[85.3917,23.5627],[85.3846,23.5502],[85.3809,23.5561],[85.3763,23.5556],[85.3648,23.5629],[85.336,23.5598],[85.3226,23.57],[85.278,23.5781],[85.2779,23.5807],[85.2668,23.5786],[85.2643,23.5865],[85.2604,23.5902],[85.2422,23.5937],[85.2419,23.5989],[85.2449,23.6029],[85.2356,23.6189],[85.2297,23.6171],[85.2093,23.6211],[85.2045,23.6272],[85.2023,23.6367],[85.2061,23.6457],[85.2137,23.6551],[85.2224,23.6546],[85.2203,23.658],[85.2226,23.6596],[85.2206,23.6645],[85.2219,23.6719],[85.2255,23.6777],[85.2352,23.6837],[85.2352,23.6867],[85.2284,23.6843],[85.2246,23.6857],[85.2225,23.6914],[85.2256,23.697],[85.2238,23.7011],[85.1871,23.7099],[85.1798,23.69],[85.1734,23.6845],[85.166,23.6661],[85.1581,23.6708],[85.1597,23.6723],[85.1579,23.6741],[85.1135,23.6623],[85.1066,23.6648],[85.1028,23.6634],[85.086,23.6695],[85.0767,23.668],[85.0781,23.6724],[85.0742,23.676],[85.0676,23.6813],[85.0604,23.6825],[85.0577,23.6878],[85.0593,23.6947],[85.0666,23.6944],[85.0708,23.6973],[85.0687,23.7006],[85.0697,23.7068],[85.0666,23.71],[85.0566,23.7072],[85.0536,23.7086],[85.0532,23.7131],[85.0494,23.7116],[85.0452,23.705],[85.0398,23.703],[85.0353,23.6898],[85.0181,23.6893],[85.0111,23.696],[85.01,23.6889],[85.0034,23.6806],[84.9978,23.6832],[84.9935,23.6895],[84.9893,23.7044],[84.978,23.7072],[84.9703,23.7173]]]},"properties":{"dtname":"Ranchi","stname":"JHARKHAND","stcode11":"20","dtcode11":"364","year_stat":"2011_c","Shape_Length":703461.7027677371,"Shape_Area":5967320594.23868,"OBJECTID":436,"test":1,"Dist_LGD":339,"State_LGD":20}},{"type":"Feature","id":438,"geometry":{"type":"Polygon","coordinates":[[[84.5039,23.6753],[84.4939,23.6715],[84.4903,23.6619],[84.4809,23.6639],[84.4692,23.6585],[84.461,23.6452],[84.4614,23.6374],[84.4655,23.6276],[84.4582,23.628],[84.4421,23.6373],[84.4353,23.6295],[84.4256,23.6335],[84.4163,23.6342],[84.4109,23.6392],[84.3969,23.6381],[84.3949,23.6335],[84.3991,23.6049],[84.3982,23.603],[84.3855,23.6053],[84.3945,23.5976],[84.4045,23.6032],[84.4357,23.5897],[84.4403,23.5911],[84.4419,23.5958],[84.4477,23.5939],[84.4513,23.5974],[84.4549,23.5974],[84.4521,23.5853],[84.4642,23.5835],[84.4705,23.5799],[84.47,23.5766],[84.473,23.5737],[84.4724,23.5708],[84.468,23.5681],[84.466,23.5438],[84.4612,23.5347],[84.4629,23.5287],[84.47,23.5203],[84.4693,23.5006],[84.4751,23.4861],[84.466,23.4787],[84.4638,23.4678],[84.4518,23.458],[84.4495,23.4585],[84.4446,23.4467],[84.4297,23.4356],[84.4329,23.4328],[84.4345,23.4222],[84.4391,23.4169],[84.4414,23.4048],[84.4466,23.4024],[84.4635,23.407],[84.4714,23.403],[84.4742,23.4046],[84.4787,23.3974],[84.48,23.3935],[84.4749,23.3906],[84.4718,23.3852],[84.4713,23.37],[84.4753,23.359],[84.4806,23.3585],[84.4862,23.3522],[84.4904,23.354],[84.4962,23.3514],[84.4993,23.3526],[84.501,23.3628],[84.4991,23.3711],[84.5042,23.373],[84.5138,23.3847],[84.5208,23.3773],[84.52,23.3676],[84.5263,23.3656],[84.5385,23.3455],[84.5467,23.3434],[84.5625,23.3459],[84.5649,23.3422],[84.5698,23.3416],[84.576,23.3312],[84.5906,23.3185],[84.6068,23.3152],[84.6129,23.3224],[84.6227,23.3145],[84.6224,23.3103],[84.6294,23.3069],[84.6412,23.3062],[84.6509,23.3112],[84.6557,23.3067],[84.661,23.3067],[84.6627,23.3148],[84.6715,23.3161],[84.6727,23.3205],[84.6774,23.3213],[84.6837,23.3172],[84.6901,23.3078],[84.7011,23.3089],[84.7114,23.3113],[84.7142,23.3199],[84.7201,23.3209],[84.7198,23.3228],[84.7263,23.3252],[84.73,23.3302],[84.7363,23.332],[84.7448,23.3306],[84.749,23.3216],[84.7799,23.3194],[84.7869,23.3218],[84.7932,23.313],[84.7855,23.281],[84.7926,23.279],[84.8125,23.2829],[84.8135,23.291],[84.8165,23.2951],[84.8417,23.2995],[84.8447,23.3105],[84.8491,23.315],[84.8571,23.3168],[84.8656,23.3155],[84.8741,23.3102],[84.8987,23.319],[84.8984,23.3233],[84.9027,23.3265],[84.9073,23.347],[84.9019,23.3579],[84.9032,23.3638],[84.8894,23.3669],[84.8856,23.3731],[84.8851,23.3785],[84.8939,23.3849],[84.8934,23.3913],[84.8857,23.4052],[84.8957,23.4106],[84.8969,23.4184],[84.8937,23.4196],[84.8974,23.4253],[84.8942,23.4266],[84.8948,23.4297],[84.9068,23.4443],[84.9087,23.4526],[84.9235,23.4624],[84.9224,23.4694],[84.9248,23.4695],[84.9272,23.4758],[84.9332,23.4776],[84.9372,23.4876],[84.945,23.4965],[84.9457,23.5006],[84.9396,23.5135],[84.9416,23.5169],[84.9399,23.5203],[84.9284,23.5269],[84.9246,23.5218],[84.9081,23.5221],[84.9054,23.5279],[84.9094,23.5316],[84.9094,23.5374],[84.8893,23.5432],[84.8894,23.5512],[84.8854,23.5537],[84.8846,23.5594],[84.8766,23.5598],[84.873,23.5446],[84.8684,23.545],[84.8665,23.5412],[84.8608,23.5428],[84.857,23.5363],[84.8581,23.5331],[84.8371,23.54],[84.8329,23.5448],[84.8212,23.5464],[84.82,23.5521],[84.8231,23.56],[84.82,23.5649],[84.8226,23.5691],[84.8152,23.5701],[84.8086,23.5649],[84.7986,23.5646],[84.8023,23.5797],[84.7963,23.5795],[84.793,23.5764],[84.7946,23.5614],[84.7917,23.5452],[84.7877,23.5457],[84.7808,23.5533],[84.7848,23.5722],[84.7806,23.5721],[84.7715,23.5771],[84.7721,23.5827],[84.7649,23.5859],[84.7676,23.5919],[84.7666,23.5971],[84.7591,23.606],[84.7456,23.6087],[84.7434,23.6152],[84.7451,23.6167],[84.7437,23.6327],[84.7399,23.6322],[84.7374,23.6389],[84.7325,23.6414],[84.7302,23.6402],[84.73,23.6307],[84.7219,23.6199],[84.6851,23.6051],[84.6782,23.606],[84.6811,23.618],[84.6647,23.6262],[84.6616,23.6316],[84.662,23.6418],[84.6594,23.6481],[84.6413,23.6688],[84.6401,23.6654],[84.628,23.6639],[84.6237,23.6609],[84.6191,23.6623],[84.6129,23.6586],[84.5998,23.6684],[84.5899,23.6646],[84.5925,23.6579],[84.5916,23.6527],[84.5867,23.6476],[84.5823,23.6171],[84.572,23.615],[84.5636,23.6162],[84.5521,23.6314],[84.5555,23.641],[84.5482,23.6545],[84.545,23.6548],[84.5452,23.6607],[84.5387,23.6689],[84.5344,23.6707],[84.5309,23.6681],[84.5161,23.6715],[84.5123,23.6747],[84.5039,23.6753]]]},"properties":{"dtname":"Lohardaga","stname":"JHARKHAND","stcode11":"20","dtcode11":"356","year_stat":"2011_c","Shape_Length":279382.59348000464,"Shape_Area":1792668250.3717692,"OBJECTID":438,"test":1,"Dist_LGD":336,"State_LGD":20}},{"type":"Feature","id":441,"geometry":{"type":"Polygon","coordinates":[[[84.3574,23.609],[84.3526,23.6058],[84.3495,23.5995],[84.341,23.5995],[84.3425,23.5961],[84.3401,23.5945],[84.3424,23.5907],[84.3406,23.5848],[84.3177,23.5803],[84.3179,23.5748],[84.3262,23.5544],[84.3261,23.5322],[84.3314,23.5294],[84.3266,23.5223],[84.3253,23.5149],[84.3251,23.5121],[84.3296,23.5082],[84.3275,23.4931],[84.3155,23.4934],[84.3153,23.4911],[84.3184,23.49],[84.3162,23.482],[84.3003,23.4843],[84.2894,23.4936],[84.2858,23.49],[84.2807,23.4671],[84.2751,23.4717],[84.2738,23.4675],[84.2761,23.4676],[84.273,23.4637],[84.2556,23.4589],[84.2453,23.4467],[84.2446,23.443],[84.2539,23.4294],[84.2545,23.4239],[84.25,23.4088],[84.2519,23.3969],[84.2548,23.3945],[84.2588,23.3821],[84.2562,23.3728],[84.252,23.3732],[84.2464,23.3665],[84.2469,23.3558],[84.2421,23.3544],[84.2433,23.35],[84.2204,23.3402],[84.2011,23.3382],[84.1915,23.3251],[84.1517,23.336],[84.1488,23.335],[84.1334,23.3408],[84.1304,23.346],[84.1217,23.3466],[84.1148,23.3505],[84.1117,23.3426],[84.1065,23.3435],[84.1043,23.3401],[84.0975,23.3374],[84.0944,23.3336],[84.0962,23.3311],[84.0744,23.3336],[84.0743,23.3294],[84.0616,23.3074],[84.0675,23.2942],[84.0625,23.2885],[84.0641,23.2743],[84.0598,23.2694],[84.0537,23.2474],[84.059,23.236],[84.0558,23.2201],[84.0633,23.2061],[84.0552,23.192],[84.0429,23.1827],[84.0319,23.1579],[84.0367,23.1482],[84.0382,23.1388],[84.0464,23.1343],[84.0492,23.1349],[84.0583,23.1262],[84.0638,23.1125],[84.0722,23.109],[84.0823,23.1122],[84.0935,23.1125],[84.0921,23.1106],[84.1059,23.1049],[84.109,23.0978],[84.113,23.0967],[84.1154,23.0901],[84.121,23.088],[84.1268,23.0893],[84.1334,23.0831],[84.1339,23.069],[84.1263,23.0583],[84.1254,23.037],[84.131,23.0224],[84.1401,23.0097],[84.1384,23.0035],[84.1469,22.9905],[84.1467,22.9781],[84.1495,22.9654],[84.1718,22.9704],[84.1783,22.9799],[84.1751,22.9967],[84.1793,23.0011],[84.1754,23.0099],[84.1805,23.0172],[84.1792,23.0217],[84.1808,23.0262],[84.1858,23.0271],[84.2016,23.0211],[84.2033,23.014],[84.2004,23.0062],[84.2078,23.0006],[84.2168,22.9892],[84.2192,22.9788],[84.2303,22.9834],[84.2425,22.9834],[84.2457,22.9769],[84.2535,22.9723],[84.2688,22.984],[84.2708,22.9897],[84.2774,22.993],[84.2803,22.9896],[84.277,22.9856],[84.2744,22.9857],[84.2738,22.9822],[84.2811,22.9637],[84.3076,22.9675],[84.3207,22.9749],[84.3196,22.9775],[84.3281,22.982],[84.3395,22.98],[84.3437,22.9762],[84.351,22.9782],[84.365,22.9743],[84.3737,22.9792],[84.3795,22.9738],[84.3835,22.964],[84.3837,22.9527],[84.3929,22.9455],[84.3958,22.9392],[84.3964,22.9273],[84.3899,22.9158],[84.3815,22.9129],[84.3752,22.9046],[84.3756,22.9008],[84.3829,22.8953],[84.3792,22.8838],[84.3806,22.8772],[84.3732,22.8723],[84.3715,22.8647],[84.3604,22.8612],[84.3528,22.8654],[84.3492,22.861],[84.3441,22.8596],[84.336,22.8622],[84.3242,22.851],[84.3217,22.8378],[84.3252,22.8377],[84.3253,22.835],[84.3224,22.8211],[84.3157,22.812],[84.3151,22.8007],[84.3079,22.8012],[84.3057,22.7971],[84.2979,22.7943],[84.2911,22.7834],[84.2916,22.7733],[84.3038,22.7696],[84.312,22.764],[84.3192,22.7654],[84.3249,22.7636],[84.331,22.7581],[84.336,22.7481],[84.3418,22.7463],[84.3542,22.7505],[84.3487,22.7579],[84.3493,22.7623],[84.3591,22.7568],[84.3624,22.7581],[84.3719,22.7541],[84.3791,22.763],[84.3828,22.7623],[84.3859,22.7674],[84.3903,22.766],[84.388,22.7727],[84.3915,22.7752],[84.3994,22.7751],[84.4035,22.7691],[84.4053,22.7712],[84.4161,22.7642],[84.4188,22.7676],[84.4169,22.7722],[84.421,22.7809],[84.4264,22.7878],[84.4303,22.7889],[84.4298,22.7911],[84.4355,22.7985],[84.4289,22.8104],[84.4401,22.8085],[84.4474,22.8116],[84.4504,22.8154],[84.4514,22.8288],[84.4488,22.8352],[84.4644,22.8369],[84.4825,22.8324],[84.4903,22.8264],[84.4947,22.8269],[84.4979,22.8229],[84.5015,22.8242],[84.5035,22.8116],[84.5016,22.7983],[84.5163,22.7955],[84.5231,22.7967],[84.526,22.7929],[84.5337,22.7901],[84.5354,22.7926],[84.5469,22.7952],[84.5557,22.7882],[84.5564,22.7747],[84.5512,22.7689],[84.5422,22.7652],[84.5301,22.7688],[84.5275,22.7625],[84.5183,22.7612],[84.5142,22.7537],[84.5175,22.7551],[84.5217,22.7496],[84.5216,22.7432],[84.5276,22.7401],[84.5281,22.744],[84.5337,22.7453],[84.5369,22.7499],[84.5391,22.7616],[84.5466,22.7631],[84.5541,22.7588],[84.5633,22.7467],[84.5685,22.7477],[84.5583,22.7324],[84.5687,22.7292],[84.5697,22.7255],[84.5845,22.7166],[84.5929,22.7135],[84.5981,22.7237],[84.6034,22.723],[84.6037,22.7311],[84.6112,22.7344],[84.6446,22.7314],[84.6481,22.7394],[84.6563,22.7316],[84.663,22.7302],[84.667,22.7318],[84.6688,22.7385],[84.6862,22.7366],[84.689,22.7408],[84.6949,22.7415],[84.6969,22.7432],[84.6947,22.7458],[84.699,22.7483],[84.6968,22.7573],[84.7038,22.7645],[84.7241,22.7653],[84.7243,22.7701],[84.7288,22.7749],[84.7274,22.7775],[84.7213,22.779],[84.7223,22.7824],[84.7167,22.7847],[84.7187,22.7883],[84.7223,22.7888],[84.7287,22.7999],[84.7336,22.8016],[84.7711,22.7888],[84.773,22.792],[84.7796,22.795],[84.7731,22.7809],[84.7753,22.773],[84.7745,22.765],[84.7827,22.7579],[84.7851,22.7684],[84.7888,22.772],[84.7926,22.7722],[84.7942,22.7596],[84.7872,22.7355],[84.7861,22.7228],[84.7893,22.7187],[84.7963,22.7171],[84.7996,22.7115],[84.8023,22.7137],[84.8099,22.7091],[84.821,22.7155],[84.8181,22.7178],[84.8192,22.7202],[84.8154,22.7267],[84.8165,22.7312],[84.8142,22.737],[84.8142,22.7435],[84.8196,22.7501],[84.832,22.7392],[84.8314,22.73],[84.8572,22.7198],[84.8559,22.7219],[84.8591,22.7235],[84.841,22.7566],[84.8405,22.7678],[84.8427,22.7701],[84.8464,22.7708],[84.8583,22.7657],[84.8577,22.7613],[84.8693,22.7557],[84.8757,22.745],[84.8806,22.7431],[84.8807,22.7384],[84.8869,22.7452],[84.8909,22.7443],[84.8975,22.7507],[84.898,22.7548],[84.9059,22.7547],[84.9062,22.7578],[84.9146,22.7582],[84.9153,22.764],[84.9197,22.7669],[84.9197,22.7754],[84.9283,22.7811],[84.9272,22.7846],[84.9303,22.7913],[84.9386,22.7872],[84.9443,22.7795],[84.9606,22.7748],[84.9667,22.7837],[84.9795,22.7845],[84.9824,22.8046],[84.9851,22.8019],[85.0065,22.8022],[85.0063,22.8171],[85.0031,22.82],[85.0045,22.8222],[84.9981,22.8378],[84.9982,22.8448],[84.9944,22.849],[84.9953,22.8529],[84.9929,22.8568],[84.9871,22.858],[84.9858,22.8648],[84.9865,22.887],[84.9912,22.8949],[84.99,22.898],[84.9816,22.8984],[84.9851,22.9088],[84.9846,22.9163],[84.9875,22.9177],[84.9866,22.9237],[84.9993,22.9261],[85.0075,22.9235],[85.0086,22.9133],[85.0123,22.9169],[85.0122,22.9236],[85.0157,22.9323],[85.0115,22.9453],[85.0067,22.946],[84.9988,22.9561],[84.9916,22.9573],[84.9844,22.9663],[84.9759,22.9695],[84.9629,22.9709],[84.9527,22.9648],[84.9444,22.9671],[84.9386,22.9893],[84.9405,22.9912],[84.9398,22.9982],[84.9467,23.0089],[84.9387,23.0122],[84.9366,23.0153],[84.9426,23.0238],[84.9287,23.0361],[84.9242,23.0353],[84.927,23.0287],[84.9215,23.0304],[84.9174,23.0267],[84.9131,23.0293],[84.912,23.0405],[84.9026,23.0495],[84.904,23.0562],[84.8937,23.0619],[84.8853,23.0625],[84.8716,23.0685],[84.8744,23.0687],[84.8747,23.0781],[84.8725,23.0863],[84.8664,23.0892],[84.8658,23.0989],[84.8956,23.0987],[84.8952,23.1031],[84.8989,23.1097],[84.8853,23.1193],[84.8869,23.1282],[84.8921,23.1294],[84.8847,23.1328],[84.8831,23.1407],[84.8867,23.1458],[84.889,23.1677],[84.8984,23.1737],[84.9207,23.1678],[84.9234,23.1725],[84.925,23.1877],[84.9146,23.1894],[84.911,23.1946],[84.92,23.1982],[84.9232,23.2023],[84.9353,23.2014],[84.9373,23.2087],[84.9437,23.2094],[84.951,23.225],[84.9495,23.2314],[84.9485,23.2299],[84.9474,23.232],[84.9464,23.2305],[84.9358,23.2315],[84.936,23.2337],[84.9279,23.238],[84.9107,23.2435],[84.9085,23.2507],[84.9133,23.252],[84.912,23.2561],[84.8967,23.2591],[84.8986,23.2677],[84.8957,23.274],[84.8983,23.2868],[84.9041,23.2883],[84.9077,23.299],[84.9233,23.3091],[84.9239,23.3117],[84.922,23.3117],[84.9177,23.3211],[84.9142,23.3211],[84.908,23.3277],[84.9041,23.3279],[84.8984,23.3233],[84.8987,23.319],[84.8741,23.3102],[84.8656,23.3155],[84.8571,23.3168],[84.8491,23.315],[84.8447,23.3105],[84.8417,23.2995],[84.8165,23.2951],[84.8135,23.291],[84.8125,23.2829],[84.7926,23.279],[84.7855,23.281],[84.7932,23.313],[84.7869,23.3218],[84.7799,23.3194],[84.749,23.3216],[84.7448,23.3306],[84.7363,23.332],[84.73,23.3302],[84.7263,23.3252],[84.7198,23.3228],[84.7201,23.3209],[84.7142,23.3199],[84.7114,23.3113],[84.7011,23.3089],[84.6901,23.3078],[84.6837,23.3172],[84.6774,23.3213],[84.6727,23.3205],[84.6715,23.3161],[84.6627,23.3148],[84.661,23.3067],[84.6557,23.3067],[84.6509,23.3112],[84.6412,23.3062],[84.6287,23.3071],[84.6224,23.3103],[84.6227,23.3145],[84.6129,23.3224],[84.6068,23.3152],[84.5906,23.3185],[84.576,23.3312],[84.5698,23.3416],[84.5649,23.3422],[84.5625,23.3459],[84.5467,23.3434],[84.5385,23.3455],[84.5263,23.3656],[84.52,23.3676],[84.5208,23.3773],[84.5138,23.3847],[84.5042,23.373],[84.4991,23.3711],[84.501,23.3628],[84.4993,23.3526],[84.4962,23.3514],[84.4904,23.354],[84.4861,23.3522],[84.4806,23.3585],[84.4753,23.359],[84.4715,23.3692],[84.472,23.3862],[84.4802,23.394],[84.4744,23.4043],[84.4714,23.403],[84.4626,23.407],[84.4576,23.4039],[84.4466,23.4024],[84.4414,23.4048],[84.4391,23.4169],[84.4345,23.4222],[84.4329,23.4328],[84.4297,23.4356],[84.4446,23.4467],[84.4495,23.4585],[84.4518,23.458],[84.4638,23.4678],[84.466,23.4787],[84.4751,23.4861],[84.4693,23.5006],[84.47,23.5203],[84.4629,23.5287],[84.4612,23.5347],[84.466,23.5438],[84.468,23.5681],[84.473,23.5727],[84.47,23.5766],[84.4705,23.5799],[84.4642,23.5835],[84.4524,23.5849],[84.4549,23.5974],[84.4513,23.5974],[84.4477,23.5939],[84.4419,23.5958],[84.4403,23.5911],[84.4357,23.5897],[84.4045,23.6032],[84.3951,23.5975],[84.3814,23.6078],[84.3765,23.6049],[84.3574,23.609]]]},"properties":{"dtname":"Gumla","stname":"JHARKHAND","stcode11":"20","dtcode11":"366","year_stat":"2011_c","Shape_Length":638481.6155229816,"Shape_Area":6361445492.028404,"OBJECTID":441,"test":1,"Dist_LGD":331,"State_LGD":20}},{"type":"Feature","id":449,"geometry":{"type":"Polygon","coordinates":[[[85.1572,23.285],[85.1521,23.285],[85.1503,23.2801],[85.154,23.2782],[85.1527,23.272],[85.1417,23.267],[85.1414,23.2538],[85.1338,23.2574],[85.1266,23.2552],[85.1226,23.2488],[85.1082,23.2508],[85.0986,23.2471],[85.0997,23.2449],[85.097,23.2418],[85.0915,23.2409],[85.0885,23.2428],[85.09,23.2377],[85.0836,23.2366],[85.0872,23.2349],[85.0862,23.2323],[85.067,23.2219],[85.0567,23.2036],[85.0485,23.1972],[85.0439,23.1901],[85.0459,23.1855],[85.0419,23.1853],[85.0404,23.1793],[85.0427,23.1714],[85.0495,23.1699],[85.0578,23.1604],[85.0584,23.1514],[85.0533,23.1502],[85.0522,23.1438],[85.0486,23.1448],[85.0475,23.1402],[85.0556,23.1292],[85.0541,23.1194],[85.0448,23.1149],[85.0354,23.1179],[85.0259,23.1154],[85.0293,23.1068],[85.0345,23.1035],[85.0318,23.0987],[85.0347,23.0933],[85.0338,23.0902],[85.0261,23.0889],[85.0247,23.0848],[85.0193,23.0878],[85.0069,23.0859],[85.0048,23.0816],[84.9938,23.0763],[84.9956,23.0694],[84.9921,23.0552],[84.9958,23.0514],[84.9947,23.0466],[84.9897,23.0442],[84.9896,23.0362],[84.9823,23.0366],[84.9788,23.0221],[84.9652,23.0239],[84.9617,23.0158],[84.9634,23.0111],[84.9532,23.0124],[84.9493,23.0101],[84.9449,23.0022],[84.9401,22.9988],[84.9405,22.9912],[84.9386,22.9893],[84.9444,22.9671],[84.9534,22.9649],[84.9635,22.971],[84.9844,22.9663],[84.9916,22.9573],[84.9988,22.9561],[85.0067,22.946],[85.0115,22.9453],[85.0152,22.9343],[85.0129,22.9178],[85.0086,22.9133],[85.0069,22.9238],[84.9966,22.9263],[84.9858,22.9225],[84.9875,22.9177],[84.9846,22.9163],[84.9851,22.9088],[84.9816,22.8984],[84.99,22.898],[84.9912,22.8949],[84.9864,22.8866],[84.9867,22.8595],[84.9929,22.8568],[84.9953,22.8529],[84.9944,22.849],[84.9982,22.8448],[84.9981,22.8378],[85.0045,22.8222],[85.0031,22.82],[85.0063,22.8171],[85.0071,22.8043],[85.0059,22.802],[84.9895,22.8017],[84.9845,22.8021],[84.9824,22.8046],[84.9797,22.7856],[84.9962,22.7847],[85.0051,22.7872],[85.0052,22.7797],[85.0097,22.7698],[85.0209,22.7655],[85.0223,22.7604],[85.0271,22.7558],[85.0487,22.7533],[85.0581,22.7383],[85.0568,22.7292],[85.0526,22.7211],[85.0535,22.7093],[85.041,22.681],[85.0461,22.6738],[85.0605,22.6681],[85.059,22.6576],[85.0539,22.6521],[85.0539,22.6459],[85.0491,22.6382],[85.0565,22.6228],[85.0535,22.6114],[85.0698,22.605],[85.0685,22.5894],[85.0715,22.5791],[85.0772,22.5733],[85.0887,22.5757],[85.0884,22.583],[85.0946,22.5969],[85.09,22.608],[85.0756,22.6158],[85.0752,22.6184],[85.0834,22.6287],[85.0908,22.6339],[85.0964,22.6515],[85.0999,22.655],[85.112,22.6593],[85.1146,22.6637],[85.1193,22.6751],[85.1188,22.6836],[85.122,22.6886],[85.1195,22.7099],[85.1328,22.7211],[85.128,22.7247],[85.1305,22.7291],[85.1285,22.7382],[85.143,22.74],[85.1473,22.747],[85.1364,22.7542],[85.1403,22.7647],[85.1409,22.7871],[85.1486,22.8092],[85.1596,22.8226],[85.1574,22.8274],[85.1583,22.833],[85.1697,22.8355],[85.1845,22.8246],[85.1927,22.8268],[85.1959,22.8219],[85.1893,22.8149],[85.1931,22.8139],[85.197,22.8184],[85.2002,22.8144],[85.2077,22.8208],[85.2075,22.8238],[85.2127,22.8236],[85.2134,22.8269],[85.2167,22.8246],[85.2249,22.8369],[85.2294,22.837],[85.2321,22.8407],[85.2415,22.8341],[85.2488,22.8348],[85.2518,22.8448],[85.2561,22.8474],[85.2585,22.8439],[85.2635,22.8458],[85.2656,22.8506],[85.2633,22.8543],[85.2657,22.8538],[85.2674,22.8564],[85.2651,22.8581],[85.2704,22.8621],[85.2744,22.8609],[85.2741,22.8634],[85.2788,22.8657],[85.2804,22.8705],[85.2833,22.8685],[85.2852,22.8709],[85.2875,22.8697],[85.2877,22.8732],[85.2983,22.876],[85.3042,22.8751],[85.3085,22.8833],[85.3115,22.8814],[85.3159,22.8823],[85.3173,22.8777],[85.3388,22.8866],[85.3408,22.8811],[85.3544,22.8811],[85.3583,22.8713],[85.3714,22.8636],[85.3773,22.8627],[85.3864,22.8678],[85.3915,22.8576],[85.3876,22.8498],[85.388,22.8424],[85.4052,22.8483],[85.413,22.8392],[85.4191,22.8404],[85.4191,22.8322],[85.4336,22.8374],[85.4364,22.833],[85.4419,22.8307],[85.4407,22.8213],[85.4458,22.8208],[85.4501,22.8235],[85.4501,22.8126],[85.4538,22.8018],[85.4711,22.7995],[85.4786,22.8058],[85.503,22.8004],[85.5123,22.8071],[85.5164,22.8072],[85.5174,22.8138],[85.5126,22.8274],[85.515,22.8311],[85.5192,22.8291],[85.521,22.8427],[85.5287,22.8468],[85.5312,22.8526],[85.5287,22.8641],[85.5327,22.8686],[85.5402,22.8653],[85.5425,22.8716],[85.5573,22.8804],[85.5601,22.8611],[85.5744,22.863],[85.5815,22.8668],[85.5865,22.8812],[85.6015,22.8941],[85.5897,22.8973],[85.5826,22.8953],[85.5799,22.9074],[85.5717,22.9109],[85.5542,22.9261],[85.5499,22.9239],[85.5486,22.9306],[85.5614,22.9374],[85.5654,22.9436],[85.5639,22.9517],[85.5724,22.9501],[85.5789,22.9523],[85.5818,22.9472],[85.5864,22.9461],[85.5849,22.9519],[85.5914,22.9535],[85.5897,22.9591],[85.5911,22.9629],[85.603,22.9635],[85.6,22.9886],[85.5947,22.9965],[85.5955,23.0011],[85.5929,23.0022],[85.5976,23.0044],[85.6028,23.0029],[85.609,22.9931],[85.6146,22.9923],[85.6207,22.9948],[85.6291,22.9911],[85.6416,22.9952],[85.655,23.0049],[85.6479,23.0062],[85.6393,23.0173],[85.6403,23.0235],[85.6435,23.0264],[85.6389,23.0243],[85.6296,23.0284],[85.6335,23.0289],[85.6339,23.0341],[85.632,23.0346],[85.6296,23.0304],[85.6299,23.0336],[85.6257,23.0308],[85.626,23.0375],[85.6216,23.0416],[85.6253,23.0448],[85.6213,23.0509],[85.6379,23.0561],[85.6268,23.0699],[85.6159,23.0699],[85.611,23.0648],[85.5987,23.0628],[85.5911,23.0647],[85.583,23.0621],[85.5801,23.0643],[85.5869,23.0718],[85.5976,23.0777],[85.6177,23.0818],[85.6213,23.094],[85.6128,23.108],[85.6143,23.1152],[85.6009,23.1197],[85.5921,23.1157],[85.5839,23.121],[85.5832,23.1193],[85.5791,23.12],[85.5783,23.1138],[85.5754,23.1123],[85.5685,23.1198],[85.5621,23.1222],[85.5563,23.1226],[85.552,23.1172],[85.54,23.1177],[85.5355,23.1211],[85.5065,23.121],[85.483,23.124],[85.4728,23.1291],[85.4746,23.1333],[85.4734,23.1391],[85.4665,23.1429],[85.467,23.1468],[85.4642,23.1494],[85.4651,23.1621],[85.4597,23.1637],[85.4597,23.1706],[85.4653,23.1753],[85.4655,23.1807],[85.4549,23.1773],[85.4423,23.1794],[85.4368,23.1747],[85.4328,23.1764],[85.4161,23.173],[85.4101,23.177],[85.4017,23.1784],[85.4027,23.1859],[85.4006,23.1904],[85.3913,23.1905],[85.3844,23.1936],[85.3757,23.1841],[85.3711,23.1861],[85.3561,23.1844],[85.3544,23.1925],[85.347,23.1941],[85.3445,23.2047],[85.3375,23.2077],[85.335,23.2052],[85.3384,23.2005],[85.3367,23.1932],[85.3381,23.1879],[85.331,23.1865],[85.3261,23.1773],[85.3234,23.1777],[85.3247,23.1677],[85.3188,23.1663],[85.3118,23.1713],[85.3134,23.1766],[85.3182,23.1802],[85.3197,23.1871],[85.2972,23.1926],[85.2944,23.1999],[85.2867,23.2045],[85.2771,23.2064],[85.2722,23.2035],[85.2718,23.2008],[85.2689,23.2045],[85.2553,23.2009],[85.251,23.2046],[85.2441,23.1984],[85.2304,23.1985],[85.2211,23.2082],[85.2351,23.2169],[85.2375,23.2281],[85.2256,23.2313],[85.2269,23.2418],[85.2303,23.245],[85.2259,23.2539],[85.2273,23.2671],[85.2194,23.2663],[85.2066,23.271],[85.2023,23.2629],[85.1911,23.2646],[85.1863,23.2681],[85.1769,23.2683],[85.1723,23.2759],[85.1641,23.2751],[85.1633,23.2818],[85.1572,23.285]]]},"properties":{"dtname":"Khunti","stname":"JHARKHAND","stcode11":"20","dtcode11":"365","year_stat":"2011_c","Shape_Length":431327.08135136444,"Shape_Area":3115836167.9458714,"OBJECTID":449,"test":1,"Dist_LGD":606,"State_LGD":20}},{"type":"Feature","id":454,"geometry":{"type":"Polygon","coordinates":[[[85.9576,23.161],[85.9511,23.1521],[85.9287,23.1515],[85.9266,23.1467],[85.9218,23.1451],[85.9167,23.1462],[85.9098,23.1536],[85.8943,23.1552],[85.8883,23.1585],[85.8857,23.1573],[85.8858,23.1535],[85.871,23.1564],[85.8702,23.1402],[85.8599,23.1474],[85.8507,23.1403],[85.844,23.1382],[85.841,23.129],[85.8357,23.126],[85.8358,23.1214],[85.8312,23.1214],[85.8303,23.1172],[85.8236,23.1141],[85.8164,23.0994],[85.8167,23.093],[85.8046,23.0923],[85.8,23.0866],[85.7999,23.0812],[85.8099,23.0768],[85.812,23.0598],[85.8179,23.0514],[85.8198,23.0428],[85.8177,23.0376],[85.8234,23.0281],[85.8177,23.0227],[85.8142,23.0131],[85.8122,23.0143],[85.8127,23.0107],[85.8156,23.0077],[85.8204,23.0078],[85.8217,23.0019],[85.8195,23.0006],[85.828,22.9917],[85.8468,22.9851],[85.8493,22.9806],[85.8477,22.9641],[85.8506,22.9592],[85.8504,22.9492],[85.8529,22.9436],[85.8646,22.9449],[85.8652,22.9396],[85.8695,22.9394],[85.8711,22.9333],[85.876,22.9305],[85.8692,22.917],[85.8706,22.9104],[85.8607,22.9051],[85.8575,22.9004],[85.8606,22.8983],[85.864,22.8844],[85.8515,22.884],[85.8366,22.89],[85.8365,22.9051],[85.8299,22.903],[85.7977,22.9091],[85.7944,22.9148],[85.7875,22.9195],[85.78,22.9219],[85.7741,22.9202],[85.7684,22.925],[85.7687,22.931],[85.7606,22.9332],[85.7555,22.9312],[85.7302,22.944],[85.7045,22.945],[85.699,22.9434],[85.6977,22.9396],[85.6883,22.9345],[85.6569,22.9377],[85.6527,22.9364],[85.6561,22.9239],[85.6483,22.9184],[85.6246,22.9172],[85.6184,22.9146],[85.6133,22.9224],[85.6152,22.9311],[85.6035,22.9353],[85.6015,22.9303],[85.5935,22.9245],[85.5799,22.9074],[85.5826,22.8953],[85.5897,22.8973],[85.6015,22.8941],[85.5865,22.8812],[85.5815,22.8668],[85.561,22.8604],[85.5583,22.8643],[85.5573,22.8804],[85.5425,22.8716],[85.5402,22.8653],[85.5327,22.8686],[85.5287,22.8641],[85.5312,22.8526],[85.5287,22.8468],[85.521,22.8427],[85.5192,22.8291],[85.515,22.8311],[85.5126,22.8274],[85.5174,22.8138],[85.5164,22.8072],[85.5358,22.8074],[85.5388,22.8205],[85.5479,22.823],[85.5581,22.8222],[85.5667,22.8341],[85.5899,22.8279],[85.6096,22.8266],[85.6127,22.838],[85.6166,22.8405],[85.62,22.8478],[85.6381,22.8473],[85.6462,22.851],[85.651,22.8409],[85.6588,22.8405],[85.6652,22.8294],[85.678,22.8249],[85.6823,22.8178],[85.6949,22.8159],[85.7017,22.8068],[85.6958,22.7924],[85.6948,22.7791],[85.7042,22.7666],[85.704,22.7603],[85.717,22.7551],[85.7155,22.7442],[85.7059,22.7421],[85.6903,22.7444],[85.683,22.7345],[85.6834,22.7298],[85.6905,22.7161],[85.6982,22.7097],[85.7,22.6986],[85.7063,22.6938],[85.7173,22.6915],[85.7241,22.6843],[85.7316,22.6844],[85.7337,22.691],[85.7454,22.6922],[85.7451,22.6994],[85.7485,22.7027],[85.7758,22.7001],[85.7759,22.7082],[85.7821,22.7088],[85.7867,22.7062],[85.7969,22.7102],[85.7935,22.7117],[85.7929,22.7165],[85.8,22.7185],[85.8014,22.7149],[85.8083,22.7128],[85.8165,22.7147],[85.8284,22.7216],[85.8336,22.7134],[85.8405,22.7087],[85.8448,22.7105],[85.8531,22.723],[85.853,22.7211],[85.8565,22.7204],[85.8652,22.7124],[85.8644,22.7052],[85.86,22.7004],[85.8684,22.6907],[85.8698,22.6838],[85.8669,22.6798],[85.8629,22.6607],[85.8663,22.6563],[85.8667,22.6435],[85.8778,22.6371],[85.8777,22.6329],[85.8693,22.6302],[85.8678,22.6258],[85.8695,22.6165],[85.8812,22.6164],[85.884,22.6246],[85.8858,22.6199],[85.8937,22.6136],[85.9135,22.605],[85.9032,22.5946],[85.9005,22.5793],[85.8889,22.5764],[85.8752,22.5687],[85.8733,22.5626],[85.8802,22.5555],[85.8884,22.5579],[85.8928,22.5568],[85.9066,22.5459],[85.9077,22.5408],[85.9006,22.5258],[85.9087,22.5213],[85.9135,22.5117],[85.9193,22.5102],[85.9262,22.5044],[85.9281,22.4987],[85.9352,22.4938],[85.9422,22.4959],[85.9498,22.4895],[85.9587,22.4886],[85.9627,22.4851],[85.9711,22.4889],[85.9734,22.5058],[85.9845,22.5151],[85.9896,22.5167],[85.9984,22.5134],[86.0041,22.5138],[86.023,22.5275],[86.0285,22.524],[86.0338,22.5345],[86.024,22.5446],[86.0454,22.5675],[86.0512,22.5626],[86.0664,22.5565],[86.08,22.5702],[86.1033,22.5833],[86.1134,22.5965],[86.116,22.6044],[86.1463,22.6259],[86.1485,22.6322],[86.1538,22.6361],[86.156,22.6475],[86.1662,22.6706],[86.1636,22.6782],[86.1638,22.7042],[86.1617,22.7126],[86.165,22.7299],[86.1603,22.7375],[86.1612,22.7453],[86.159,22.7525],[86.1626,22.7552],[86.1622,22.7604],[86.1712,22.7639],[86.1747,22.7877],[86.1714,22.7934],[86.165,22.7956],[86.1583,22.8019],[86.1474,22.7992],[86.145,22.8038],[86.1462,22.8103],[86.159,22.8228],[86.1581,22.8337],[86.1598,22.8367],[86.175,22.8326],[86.1847,22.8225],[86.1984,22.8183],[86.1944,22.8262],[86.2003,22.8384],[86.1981,22.8401],[86.2016,22.8497],[86.1995,22.8551],[86.2008,22.8589],[86.2057,22.8622],[86.2069,22.871],[86.2136,22.8763],[86.219,22.8897],[86.1959,22.8954],[86.1897,22.9115],[86.1888,22.9211],[86.1897,22.9319],[86.1954,22.9417],[86.1875,22.948],[86.1988,22.9681],[86.2174,22.9684],[86.2192,22.9741],[86.2411,22.9732],[86.2473,22.9831],[86.2374,22.9951],[86.2244,22.9946],[86.2181,22.9984],[86.2065,23.0004],[86.2075,23.0082],[86.1855,23.0052],[86.1816,23.0109],[86.1789,23.0217],[86.1698,23.0231],[86.1707,23.0268],[86.1673,23.0301],[86.1674,23.0332],[86.1646,23.0337],[86.1622,23.0289],[86.1564,23.0317],[86.1576,23.048],[86.1502,23.0528],[86.1453,23.0532],[86.1416,23.0573],[86.1461,23.0753],[86.1365,23.0772],[86.1327,23.0841],[86.1258,23.0871],[86.0981,23.0854],[86.0903,23.0896],[86.0895,23.0952],[86.075,23.0946],[86.0492,23.1061],[86.0548,23.1239],[86.0452,23.1382],[86.0459,23.1426],[86.0437,23.1449],[86.0375,23.1471],[86.0342,23.1445],[86.0237,23.1445],[86.0188,23.148],[86.0196,23.1536],[86.0176,23.1553],[86.0147,23.1538],[86.0128,23.1483],[86.0026,23.149],[85.9576,23.161]]]},"properties":{"dtname":"Saraikela-kharsawan","stname":"JHARKHAND","stcode11":"20","dtcode11":"369","year_stat":"2011_c","Shape_Length":404412.0739724353,"Shape_Area":3146432529.6035733,"OBJECTID":454,"test":0,"Dist_LGD":341,"State_LGD":20}},{"type":"Feature","id":456,"geometry":{"type":"Polygon","coordinates":[[[86.3052,23.0157],[86.3032,23.0164],[86.2984,23.0109],[86.2932,23.0139],[86.2782,23.0092],[86.265,23.0002],[86.2479,22.9974],[86.2414,22.9993],[86.2374,22.9951],[86.2473,22.9831],[86.2418,22.9736],[86.2192,22.9741],[86.2174,22.9684],[86.1988,22.9681],[86.1875,22.948],[86.1954,22.9417],[86.1897,22.9319],[86.1888,22.9211],[86.1897,22.9115],[86.1959,22.8954],[86.219,22.8897],[86.2136,22.8763],[86.2069,22.871],[86.2057,22.8622],[86.2008,22.8589],[86.1995,22.8551],[86.2016,22.8497],[86.1981,22.8401],[86.2003,22.8384],[86.1944,22.8262],[86.1984,22.8183],[86.1847,22.8225],[86.175,22.8326],[86.1598,22.8367],[86.1581,22.8337],[86.159,22.8228],[86.1478,22.8136],[86.145,22.8058],[86.1474,22.7992],[86.1583,22.8019],[86.165,22.7956],[86.1714,22.7934],[86.1746,22.7886],[86.1712,22.7639],[86.1622,22.7604],[86.1626,22.7552],[86.159,22.7525],[86.1612,22.7453],[86.1603,22.7375],[86.165,22.7299],[86.1617,22.7126],[86.1638,22.7042],[86.1636,22.6782],[86.1661,22.6694],[86.156,22.6475],[86.1538,22.6361],[86.1485,22.6322],[86.1463,22.6259],[86.116,22.6044],[86.1134,22.5965],[86.1014,22.5816],[86.08,22.5702],[86.0664,22.5565],[86.0691,22.5559],[86.0699,22.5504],[86.0777,22.5439],[86.091,22.5261],[86.1063,22.4979],[86.1185,22.4867],[86.1237,22.4886],[86.1323,22.4874],[86.153,22.4824],[86.1519,22.4803],[86.1604,22.4826],[86.1705,22.4814],[86.2003,22.4718],[86.2079,22.4735],[86.2258,22.453],[86.2378,22.4525],[86.2693,22.4423],[86.2764,22.4473],[86.2834,22.4478],[86.2941,22.4268],[86.3051,22.4209],[86.3094,22.4146],[86.3083,22.409],[86.3226,22.3968],[86.3245,22.3919],[86.3229,22.3848],[86.33,22.3773],[86.3417,22.3724],[86.3519,22.3636],[86.3596,22.3531],[86.3595,22.3488],[86.379,22.3408],[86.4105,22.32],[86.4297,22.3166],[86.4327,22.3065],[86.4417,22.3026],[86.4445,22.3058],[86.4469,22.3116],[86.4452,22.3255],[86.4476,22.3282],[86.4544,22.3245],[86.4638,22.3251],[86.4646,22.3291],[86.4707,22.3298],[86.4693,22.3322],[86.4714,22.3358],[86.4857,22.3373],[86.4872,22.3477],[86.4992,22.3465],[86.5044,22.3426],[86.5059,22.3356],[86.5097,22.3339],[86.5101,22.3272],[86.5292,22.3227],[86.53,22.3144],[86.5255,22.314],[86.5278,22.3066],[86.5344,22.3011],[86.5407,22.3082],[86.5462,22.3063],[86.5549,22.2984],[86.5617,22.3017],[86.5688,22.3014],[86.5733,22.2993],[86.5737,22.2959],[86.5768,22.2956],[86.5769,22.3012],[86.5848,22.3006],[86.5906,22.2886],[86.5953,22.2844],[86.5956,22.2776],[86.6128,22.2825],[86.6239,22.2765],[86.6288,22.2706],[86.6313,22.2731],[86.6386,22.2717],[86.642,22.2646],[86.6466,22.2677],[86.6464,22.2654],[86.652,22.2625],[86.6567,22.2498],[86.6525,22.2438],[86.6548,22.2367],[86.6586,22.2358],[86.6681,22.2424],[86.6726,22.2415],[86.6758,22.2301],[86.6863,22.2219],[86.7031,22.2202],[86.709,22.2227],[86.7238,22.2194],[86.7291,22.2158],[86.7429,22.2163],[86.75,22.2114],[86.7569,22.2113],[86.7707,22.2206],[86.776,22.2181],[86.7774,22.2247],[86.7745,22.2323],[86.7777,22.2368],[86.7816,22.2371],[86.79,22.2354],[86.7879,22.2317],[86.7951,22.2279],[86.7928,22.2246],[86.7847,22.2309],[86.7782,22.2181],[86.7852,22.2152],[86.7917,22.2222],[86.8022,22.2179],[86.8125,22.2412],[86.8034,22.2431],[86.7991,22.2382],[86.7943,22.2434],[86.796,22.2473],[86.7922,22.2663],[86.8011,22.2656],[86.799,22.2496],[86.797,22.2478],[86.803,22.2444],[86.8096,22.2507],[86.8134,22.2675],[86.8163,22.2624],[86.8168,22.2538],[86.8198,22.2537],[86.824,22.2668],[86.8301,22.2635],[86.8391,22.2649],[86.8431,22.2619],[86.8512,22.2654],[86.8589,22.2583],[86.8651,22.261],[86.8871,22.2576],[86.8874,22.2736],[86.8901,22.2739],[86.8903,22.277],[86.8881,22.2973],[86.876,22.3009],[86.872,22.3072],[86.8681,22.307],[86.8396,22.3191],[86.8325,22.3262],[86.8317,22.3471],[86.8431,22.373],[86.8411,22.3822],[86.8467,22.3948],[86.8455,22.3999],[86.8312,22.4112],[86.813,22.4191],[86.7647,22.4266],[86.7595,22.4447],[86.7635,22.4472],[86.7511,22.4558],[86.7517,22.4621],[86.7472,22.4752],[86.7507,22.4825],[86.7689,22.4797],[86.7853,22.4803],[86.793,22.4775],[86.8009,22.4884],[86.794,22.4959],[86.8022,22.5023],[86.7925,22.5117],[86.7922,22.514],[86.7947,22.5143],[86.7929,22.524],[86.7865,22.5269],[86.7885,22.5316],[86.7867,22.5381],[86.79,22.5411],[86.7893,22.5477],[86.7842,22.5499],[86.7752,22.5489],[86.7667,22.5561],[86.7716,22.5649],[86.7667,22.5677],[86.7658,22.5757],[86.751,22.5792],[86.7305,22.5776],[86.7101,22.5831],[86.6837,22.579],[86.6783,22.5751],[86.6585,22.5757],[86.6527,22.5825],[86.656,22.5915],[86.6385,22.5985],[86.6376,22.6101],[86.6331,22.611],[86.638,22.626],[86.6376,22.6514],[86.6414,22.6577],[86.635,22.6656],[86.6284,22.6673],[86.6193,22.6785],[86.6106,22.6805],[86.6015,22.6879],[86.5849,22.6914],[86.5713,22.6999],[86.548,22.7209],[86.5483,22.7188],[86.5428,22.7222],[86.5342,22.7179],[86.5241,22.7212],[86.5205,22.7171],[86.514,22.7185],[86.5112,22.7126],[86.5131,22.7067],[86.5106,22.7048],[86.5029,22.7172],[86.4936,22.7266],[86.4822,22.7294],[86.4718,22.745],[86.4695,22.7541],[86.4601,22.7634],[86.4514,22.7635],[86.4442,22.7717],[86.4325,22.775],[86.4258,22.7862],[86.4194,22.791],[86.4229,22.7923],[86.4224,22.7972],[86.4251,22.8],[86.4247,22.8082],[86.4224,22.8108],[86.4387,22.8313],[86.4361,22.8348],[86.4329,22.8533],[86.4348,22.8607],[86.438,22.8634],[86.4509,22.8624],[86.4517,22.8732],[86.4557,22.8805],[86.4533,22.8861],[86.4561,22.886],[86.4643,22.8944],[86.4673,22.9009],[86.4657,22.9032],[86.4529,22.9036],[86.4473,22.9084],[86.4408,22.92],[86.4359,22.9232],[86.4358,22.9259],[86.4426,22.9286],[86.4429,22.9309],[86.4529,22.931],[86.4628,22.937],[86.465,22.9449],[86.4691,22.945],[86.47,22.9484],[86.4766,22.9519],[86.4782,22.9461],[86.4854,22.9425],[86.489,22.9377],[86.4945,22.9431],[86.4953,22.9476],[86.5007,22.9455],[86.5029,22.9515],[86.5116,22.9471],[86.5215,22.949],[86.5255,22.9473],[86.5311,22.9543],[86.5334,22.9621],[86.5315,22.9648],[86.5448,22.966],[86.5444,22.9696],[86.5492,22.9784],[86.547,22.9894],[86.5286,22.9805],[86.524,22.9768],[86.5272,22.9751],[86.5264,22.9728],[86.5189,22.9706],[86.5075,22.9729],[86.5133,22.9776],[86.5025,22.9876],[86.5014,22.9947],[86.4969,22.9927],[86.4703,22.9918],[86.4644,22.9887],[86.4514,22.991],[86.4504,22.9884],[86.4468,22.9881],[86.4424,22.9932],[86.4251,22.9969],[86.4191,23.0006],[86.4193,22.9962],[86.4172,22.9964],[86.4157,22.9909],[86.4053,22.9882],[86.401,22.9816],[86.3939,22.981],[86.3886,22.9867],[86.3858,22.996],[86.3768,22.9985],[86.3713,22.9975],[86.364,23.0009],[86.3543,22.9995],[86.3548,22.9942],[86.3441,22.9978],[86.3379,22.9906],[86.3261,22.9949],[86.304,23.0101],[86.3052,23.0157]]]},"properties":{"dtname":"Purbi Singhbhum","stname":"JHARKHAND","stcode11":"20","dtcode11":"357","year_stat":"2011_c","Shape_Length":464467.8636886548,"Shape_Area":4198777068.131457,"OBJECTID":456,"test":1,"Dist_LGD":327,"State_LGD":20}},{"type":"Feature","id":462,"geometry":{"type":"Polygon","coordinates":[[[85.34,22.8824],[85.3388,22.8866],[85.3173,22.8777],[85.3159,22.8823],[85.3115,22.8814],[85.3085,22.8833],[85.3042,22.8751],[85.2983,22.876],[85.2877,22.8732],[85.2875,22.8697],[85.2852,22.8709],[85.2833,22.8685],[85.2804,22.8705],[85.2788,22.8657],[85.2741,22.8634],[85.2744,22.8609],[85.2704,22.8621],[85.2651,22.8581],[85.2674,22.8564],[85.2657,22.8538],[85.2633,22.8543],[85.2656,22.8506],[85.2635,22.8458],[85.2585,22.8439],[85.2561,22.8474],[85.2518,22.8448],[85.2488,22.8348],[85.2415,22.8341],[85.2321,22.8407],[85.2294,22.837],[85.2249,22.8369],[85.2167,22.8246],[85.2134,22.8269],[85.2127,22.8236],[85.2075,22.8238],[85.2077,22.8208],[85.1996,22.8142],[85.197,22.8184],[85.1931,22.8139],[85.1893,22.8149],[85.1959,22.8219],[85.1927,22.8268],[85.1845,22.8246],[85.1697,22.8355],[85.1575,22.8319],[85.1596,22.8226],[85.1472,22.8056],[85.1409,22.7871],[85.1403,22.7647],[85.1364,22.7542],[85.1473,22.747],[85.143,22.74],[85.1285,22.7382],[85.1305,22.7291],[85.128,22.7247],[85.1328,22.7211],[85.1195,22.7099],[85.122,22.6886],[85.1188,22.6836],[85.1193,22.6751],[85.1146,22.6637],[85.112,22.6593],[85.0999,22.655],[85.0964,22.6515],[85.0908,22.6339],[85.0834,22.6287],[85.0752,22.6184],[85.0756,22.6158],[85.09,22.608],[85.0935,22.6029],[85.0945,22.5958],[85.0884,22.583],[85.0887,22.5757],[85.0755,22.5741],[85.0684,22.5658],[85.0719,22.5479],[85.0643,22.54],[85.0674,22.5334],[85.0774,22.525],[85.0796,22.5172],[85.0739,22.4932],[85.067,22.4841],[85.0696,22.4801],[85.0758,22.4802],[85.0777,22.4775],[85.0765,22.4687],[85.0738,22.4657],[85.0769,22.4637],[85.0597,22.4486],[85.067,22.4407],[85.0655,22.4343],[85.0678,22.428],[85.0775,22.4182],[85.0817,22.4171],[85.0803,22.4096],[85.0863,22.4],[85.0871,22.3836],[85.0776,22.3657],[85.079,22.3603],[85.0765,22.3561],[85.0837,22.3491],[85.0832,22.3453],[85.0945,22.3467],[85.0956,22.3447],[85.0893,22.3196],[85.092,22.316],[85.0961,22.3151],[85.1001,22.3194],[85.1063,22.3214],[85.118,22.3176],[85.1141,22.3104],[85.117,22.2944],[85.107,22.2957],[85.0995,22.2935],[85.071,22.2746],[85.07,22.2713],[85.0737,22.2689],[85.0734,22.2628],[85.0782,22.2573],[85.074,22.2484],[85.0706,22.2482],[85.0724,22.2373],[85.0593,22.2058],[85.0524,22.1951],[85.0497,22.1946],[85.0543,22.1837],[85.0441,22.1772],[85.0425,22.173],[85.0298,22.1624],[85.0298,22.1552],[85.0345,22.1444],[85.0284,22.1222],[85.0237,22.1174],[85.0017,22.1076],[84.9846,22.0955],[84.9844,22.0859],[84.9907,22.081],[85.0006,22.083],[85.0012,22.0854],[85.012,22.0907],[85.0136,22.0983],[85.0214,22.1072],[85.0405,22.1157],[85.0706,22.1132],[85.0847,22.1066],[85.0985,22.1059],[85.102,22.0979],[85.1009,22.0939],[85.1039,22.0898],[85.112,22.0869],[85.1127,22.079],[85.1219,22.0708],[85.1267,22.0748],[85.1444,22.0795],[85.1548,22.0785],[85.1607,22.0747],[85.1604,22.0695],[85.1653,22.0635],[85.1678,22.0534],[85.174,22.0516],[85.1676,22.0691],[85.1747,22.074],[85.181,22.0728],[85.1872,22.0582],[85.2143,22.0494],[85.2157,22.0431],[85.2195,22.0395],[85.2173,22.0335],[85.2216,22.0181],[85.2296,22.0117],[85.2381,22.0093],[85.2519,22.0271],[85.2629,22.058],[85.2728,22.0736],[85.2751,22.0823],[85.3106,22.1188],[85.3188,22.1208],[85.3235,22.1276],[85.3435,22.1274],[85.3462,22.1303],[85.3665,22.1229],[85.367,22.1281],[85.3629,22.1308],[85.3639,22.1408],[85.3603,22.1435],[85.3665,22.1536],[85.3658,22.1585],[85.371,22.161],[85.3772,22.1566],[85.3846,22.1557],[85.3942,22.1583],[85.3972,22.1632],[85.4233,22.158],[85.4451,22.1459],[85.464,22.1391],[85.4766,22.1283],[85.4851,22.1268],[85.492,22.1203],[85.5119,22.117],[85.5363,22.1019],[85.5419,22.1011],[85.5412,22.0963],[85.5451,22.0897],[85.5626,22.0953],[85.5632,22.091],[85.5684,22.0881],[85.5737,22.0904],[85.5884,22.0858],[85.5945,22.0797],[85.5994,22.0783],[85.609,22.0791],[85.6134,22.0863],[85.6161,22.0853],[85.6156,22.0808],[85.6271,22.0813],[85.6306,22.0851],[85.6398,22.0867],[85.6441,22.0942],[85.6516,22.0954],[85.6568,22.0926],[85.6596,22.0831],[85.6638,22.0826],[85.6663,22.0761],[85.6725,22.0726],[85.6739,22.0667],[85.6807,22.0621],[85.6794,22.0561],[85.6852,22.0545],[85.6893,22.056],[85.6916,22.0623],[85.7101,22.0588],[85.7133,22.0625],[85.7302,22.0653],[85.7493,22.0736],[85.757,22.0783],[85.7574,22.0846],[85.7673,22.0928],[85.7788,22.0955],[85.7858,22.0999],[85.7866,22.0985],[85.7905,22.1038],[85.799,22.1043],[85.7998,22.1094],[85.8074,22.1161],[85.8158,22.1127],[85.8229,22.1064],[85.8153,22.095],[85.8212,22.0964],[85.8352,22.093],[85.8383,22.0795],[85.8182,22.0735],[85.7956,22.0807],[85.7772,22.0556],[85.7806,22.0454],[85.7854,22.0398],[85.7833,22.0315],[85.769,22.0224],[85.7615,22.0108],[85.766,21.9949],[85.784,21.9844],[85.8055,21.9886],[85.8179,21.9853],[85.8257,21.9751],[85.8335,21.9761],[85.8387,21.9801],[85.8497,21.9832],[85.8839,21.9794],[85.8938,21.9806],[85.8967,21.9838],[85.9008,21.9827],[85.9083,21.9708],[85.9113,21.9732],[85.9088,21.9762],[85.9142,21.9794],[85.9124,21.9802],[85.9122,21.9895],[85.9186,22.0017],[85.9181,22.0094],[85.9229,22.0112],[85.9308,22.0233],[85.9436,22.0204],[85.9687,22.0608],[85.9791,22.0738],[85.9833,22.0752],[85.9884,22.0875],[86.0092,22.1158],[86.0019,22.1256],[85.9971,22.128],[85.9967,22.1324],[86.0035,22.1396],[86.0055,22.1509],[86.0148,22.1608],[86.0172,22.1716],[86.0313,22.19],[86.0311,22.1931],[86.0183,22.2053],[86.0028,22.2138],[85.9913,22.2268],[85.9856,22.2371],[85.9809,22.2389],[85.9738,22.2471],[85.9897,22.2544],[85.9883,22.267],[86.0069,22.2799],[86.0095,22.2838],[86.0086,22.2876],[86.0171,22.2973],[86.027,22.3019],[86.0311,22.3005],[86.0367,22.3059],[86.0461,22.3068],[86.0491,22.3106],[86.0352,22.3108],[86.0314,22.3072],[86.0157,22.3124],[86.0155,22.3174],[86.0133,22.3174],[86.0143,22.3218],[86.029,22.3343],[86.0121,22.3406],[86.0106,22.337],[86.0055,22.3349],[85.998,22.3416],[85.9982,22.3451],[86.0036,22.3467],[86.0071,22.3509],[86.0088,22.3491],[86.0136,22.3523],[86.0171,22.359],[86.0216,22.3604],[86.0245,22.3661],[86.0236,22.3757],[86.0269,22.3741],[86.0299,22.3798],[86.0277,22.3818],[86.0291,22.3858],[86.0254,22.3899],[86.027,22.3951],[86.0225,22.3977],[86.021,22.402],[86.0181,22.4257],[86.0137,22.4294],[86.0056,22.4254],[85.9965,22.429],[85.968,22.4506],[85.9704,22.4601],[85.9613,22.461],[85.9571,22.4643],[85.9626,22.4728],[85.9627,22.4851],[85.9587,22.4886],[85.9498,22.4895],[85.9422,22.4959],[85.9352,22.4938],[85.9281,22.4987],[85.9262,22.5044],[85.9193,22.5102],[85.9135,22.5117],[85.9087,22.5213],[85.9006,22.5258],[85.9077,22.5408],[85.9066,22.5459],[85.8928,22.5568],[85.8884,22.5579],[85.8802,22.5555],[85.8733,22.5626],[85.8752,22.5687],[85.8889,22.5764],[85.9005,22.5793],[85.9032,22.5946],[85.9135,22.605],[85.8937,22.6136],[85.8858,22.6199],[85.884,22.6246],[85.8812,22.6164],[85.8695,22.6165],[85.8678,22.6258],[85.8693,22.6302],[85.878,22.6337],[85.8751,22.6396],[85.8668,22.6433],[85.8663,22.6563],[85.8629,22.6607],[85.8669,22.6798],[85.8698,22.6838],[85.8684,22.6907],[85.86,22.7004],[85.8644,22.7052],[85.8651,22.7128],[85.853,22.7211],[85.8531,22.723],[85.8448,22.7105],[85.8405,22.7087],[85.8336,22.7134],[85.8284,22.7216],[85.8165,22.7147],[85.8083,22.7128],[85.8014,22.7149],[85.8,22.7185],[85.7924,22.7162],[85.7937,22.7114],[85.7969,22.7102],[85.7867,22.7062],[85.7821,22.7088],[85.7759,22.7082],[85.7758,22.7001],[85.7485,22.7027],[85.7451,22.6994],[85.7454,22.6922],[85.7337,22.691],[85.7316,22.6844],[85.7241,22.6843],[85.7173,22.6915],[85.7063,22.6938],[85.7,22.6986],[85.6982,22.7097],[85.6905,22.7161],[85.6834,22.7298],[85.683,22.7345],[85.6903,22.7444],[85.7059,22.7421],[85.7155,22.7442],[85.717,22.7551],[85.704,22.7603],[85.7042,22.7666],[85.6948,22.7791],[85.6958,22.7924],[85.7017,22.8068],[85.6949,22.8159],[85.6823,22.8178],[85.678,22.8249],[85.6652,22.8294],[85.6588,22.8405],[85.651,22.8409],[85.6462,22.851],[85.6381,22.8473],[85.62,22.8478],[85.6166,22.8405],[85.6127,22.838],[85.6096,22.8266],[85.5899,22.8279],[85.5667,22.8341],[85.5581,22.8222],[85.5479,22.823],[85.5388,22.8205],[85.5358,22.8074],[85.5129,22.8074],[85.5021,22.8002],[85.4786,22.8058],[85.4711,22.7995],[85.4538,22.8018],[85.4501,22.8126],[85.4501,22.8235],[85.4458,22.8208],[85.4407,22.8213],[85.4419,22.8307],[85.4364,22.833],[85.4336,22.8374],[85.4191,22.8322],[85.4191,22.8404],[85.413,22.8392],[85.4052,22.8483],[85.388,22.8424],[85.3876,22.8498],[85.3915,22.8576],[85.3864,22.8678],[85.3773,22.8627],[85.3714,22.8636],[85.3583,22.8713],[85.3544,22.8811],[85.34,22.8824]]]},"properties":{"dtname":"Pashchimi Singhbhum","stname":"JHARKHAND","stcode11":"20","dtcode11":"368","year_stat":"2011_c","Shape_Length":591237.2258840867,"Shape_Area":8499383906.088265,"OBJECTID":462,"test":1,"Dist_LGD":343,"State_LGD":20}},{"type":"Feature","id":464,"geometry":{"type":"Polygon","coordinates":[[[84.4651,22.8367],[84.4488,22.8352],[84.4514,22.8288],[84.4504,22.8154],[84.4474,22.8116],[84.4401,22.8085],[84.4289,22.8104],[84.4355,22.7985],[84.4298,22.7911],[84.4303,22.7889],[84.4264,22.7878],[84.421,22.7809],[84.4169,22.7722],[84.4188,22.7676],[84.4161,22.7642],[84.4053,22.7712],[84.4035,22.7691],[84.3994,22.7751],[84.3915,22.7752],[84.388,22.7727],[84.3903,22.766],[84.3859,22.7674],[84.3828,22.7623],[84.3791,22.763],[84.3719,22.7541],[84.3624,22.7581],[84.3591,22.7568],[84.3493,22.7623],[84.3487,22.7579],[84.3542,22.7505],[84.3418,22.7463],[84.336,22.7481],[84.331,22.7581],[84.3249,22.7636],[84.3192,22.7654],[84.312,22.764],[84.2944,22.7733],[84.2914,22.7737],[84.2893,22.7663],[84.2858,22.7639],[84.276,22.7692],[84.2598,22.7677],[84.2555,22.7602],[84.2431,22.7522],[84.2422,22.7484],[84.2336,22.7436],[84.2297,22.7376],[84.2342,22.7088],[84.2329,22.7004],[84.2381,22.6919],[84.2334,22.6808],[84.2203,22.6673],[84.2137,22.6656],[84.2127,22.6681],[84.2079,22.6684],[84.2002,22.6665],[84.188,22.6553],[84.1632,22.6455],[84.1524,22.6369],[84.1239,22.6371],[84.1107,22.6408],[84.0948,22.6352],[84.084,22.6382],[84.0576,22.6054],[84.0527,22.5959],[84.0244,22.5919],[84.0232,22.5858],[84.0095,22.5731],[84.007,22.551],[84.0028,22.546],[84.01,22.5317],[84.0096,22.5281],[84.012,22.5274],[84.0087,22.5254],[84.0121,22.5237],[84.0257,22.5257],[84.0298,22.5191],[84.0367,22.5159],[84.0494,22.517],[84.0532,22.5129],[84.0599,22.5164],[84.0647,22.5124],[84.0653,22.5076],[84.0756,22.5062],[84.0754,22.5028],[84.0711,22.502],[84.081,22.4941],[84.1025,22.4841],[84.1081,22.4837],[84.1065,22.4806],[84.1117,22.4771],[84.1195,22.4762],[84.1271,22.479],[84.134,22.4781],[84.1408,22.4739],[84.1436,22.4629],[84.139,22.4477],[84.1411,22.4256],[84.1563,22.4077],[84.1661,22.3998],[84.185,22.3902],[84.1968,22.3781],[84.2367,22.3804],[84.2504,22.379],[84.269,22.3545],[84.2785,22.3492],[84.2902,22.3468],[84.2915,22.3429],[84.3113,22.3451],[84.317,22.3423],[84.3397,22.3475],[84.3658,22.3481],[84.3697,22.3539],[84.3789,22.3523],[84.3832,22.3491],[84.3923,22.3498],[84.4005,22.3464],[84.4163,22.3528],[84.4248,22.3541],[84.4268,22.3518],[84.4294,22.3525],[84.4301,22.3579],[84.4344,22.3604],[84.4289,22.3649],[84.4289,22.371],[84.431,22.373],[84.4503,22.3825],[84.4613,22.379],[84.4852,22.3893],[84.4846,22.3925],[84.479,22.394],[84.4805,22.3979],[84.4758,22.401],[84.4747,22.408],[84.4802,22.4133],[84.4873,22.4137],[84.5084,22.4211],[84.5246,22.4199],[84.5296,22.4225],[84.5299,22.4255],[84.5353,22.427],[84.5359,22.4252],[84.5449,22.4258],[84.5476,22.4217],[84.5685,22.4281],[84.5943,22.43],[84.598,22.4348],[84.6028,22.4288],[84.6288,22.4345],[84.6666,22.4195],[84.6717,22.4227],[84.6988,22.4164],[84.7157,22.4172],[84.7189,22.4199],[84.7499,22.4189],[84.759,22.4467],[84.7937,22.4464],[84.795,22.449],[84.8034,22.448],[84.8102,22.4533],[84.8168,22.4448],[84.8176,22.4371],[84.8369,22.4315],[84.8433,22.4367],[84.8708,22.4399],[84.8706,22.4427],[84.8801,22.4489],[84.8841,22.4444],[84.8849,22.4363],[84.8893,22.4282],[84.8862,22.4256],[84.8858,22.4204],[84.9094,22.4227],[84.926,22.435],[84.9264,22.4395],[84.9216,22.4414],[84.9215,22.444],[84.9296,22.4467],[84.9389,22.4461],[84.9426,22.453],[84.9543,22.4587],[84.9591,22.4535],[84.959,22.445],[84.9625,22.4498],[85.017,22.4712],[85.0348,22.4739],[85.0367,22.4794],[85.0352,22.4825],[85.0383,22.484],[85.0423,22.4796],[85.0431,22.4819],[85.0505,22.4822],[85.057,22.4862],[85.0663,22.4837],[85.0736,22.4926],[85.0775,22.5036],[85.0793,22.5193],[85.0774,22.525],[85.0674,22.5334],[85.0642,22.5393],[85.0719,22.5479],[85.0682,22.5652],[85.0755,22.5741],[85.0715,22.5791],[85.0682,22.5907],[85.0698,22.605],[85.0536,22.6112],[85.0565,22.6228],[85.0492,22.6366],[85.0539,22.6459],[85.0539,22.6521],[85.059,22.6576],[85.0606,22.6675],[85.0461,22.6738],[85.0409,22.6821],[85.0535,22.7093],[85.0526,22.7211],[85.0584,22.7375],[85.0487,22.7533],[85.0271,22.7558],[85.0223,22.7604],[85.0209,22.7655],[85.0097,22.7698],[85.0052,22.7797],[85.0046,22.7875],[84.9962,22.7847],[84.9667,22.7837],[84.9606,22.7748],[84.9443,22.7795],[84.9386,22.7872],[84.9303,22.7913],[84.9272,22.7846],[84.9283,22.7811],[84.9197,22.7754],[84.9197,22.7669],[84.9153,22.764],[84.9146,22.7582],[84.9062,22.7578],[84.9059,22.7547],[84.898,22.7548],[84.8975,22.7507],[84.8909,22.7443],[84.8869,22.7452],[84.8807,22.7384],[84.8806,22.7431],[84.8757,22.745],[84.8693,22.7557],[84.8577,22.7613],[84.8583,22.7657],[84.8464,22.7708],[84.8427,22.7701],[84.8405,22.7678],[84.841,22.7566],[84.8591,22.7235],[84.8559,22.7219],[84.8572,22.7198],[84.8314,22.73],[84.832,22.7392],[84.8196,22.7501],[84.8142,22.7435],[84.8142,22.737],[84.8165,22.7312],[84.8154,22.7267],[84.8192,22.7202],[84.8181,22.7178],[84.821,22.7155],[84.8099,22.7091],[84.8023,22.7137],[84.7996,22.7115],[84.7963,22.7171],[84.7893,22.7187],[84.7861,22.7228],[84.7872,22.7355],[84.7942,22.7596],[84.7926,22.7722],[84.7888,22.772],[84.7851,22.7684],[84.7827,22.7579],[84.7745,22.765],[84.7753,22.773],[84.7731,22.7809],[84.7796,22.795],[84.773,22.792],[84.7711,22.7888],[84.7328,22.8016],[84.7287,22.7999],[84.7223,22.7888],[84.7187,22.7883],[84.7167,22.7847],[84.7223,22.7824],[84.7213,22.779],[84.7274,22.7775],[84.7288,22.7749],[84.7243,22.7701],[84.7241,22.7653],[84.7038,22.7645],[84.6968,22.7573],[84.699,22.7483],[84.6947,22.7458],[84.6969,22.7432],[84.6949,22.7415],[84.689,22.7408],[84.6862,22.7366],[84.6688,22.7385],[84.667,22.7318],[84.663,22.7302],[84.6563,22.7316],[84.6481,22.7394],[84.6446,22.7314],[84.6112,22.7344],[84.6037,22.7311],[84.6034,22.723],[84.5981,22.7237],[84.5929,22.7135],[84.5697,22.7255],[84.5687,22.7292],[84.5583,22.7324],[84.5685,22.7477],[84.5633,22.7467],[84.5541,22.7588],[84.5452,22.7638],[84.5391,22.7616],[84.5369,22.7499],[84.5337,22.7453],[84.5281,22.744],[84.5276,22.7401],[84.5216,22.7432],[84.5212,22.7506],[84.5184,22.7515],[84.5172,22.7554],[84.5142,22.7537],[84.5183,22.7612],[84.5275,22.7625],[84.5303,22.7689],[84.5422,22.7652],[84.5512,22.7689],[84.5564,22.7747],[84.556,22.7878],[84.5469,22.7952],[84.5354,22.7926],[84.5337,22.7901],[84.526,22.7929],[84.5231,22.7967],[84.5163,22.7955],[84.5016,22.7983],[84.5035,22.8116],[84.5015,22.8242],[84.4979,22.8229],[84.4947,22.8269],[84.4903,22.8264],[84.4825,22.8324],[84.4651,22.8367]]]},"properties":{"dtname":"Simdega","stname":"JHARKHAND","stcode11":"20","dtcode11":"367","year_stat":"2011_c","Shape_Length":448994.1295432635,"Shape_Area":4440960206.396397,"OBJECTID":464,"test":1,"Dist_LGD":342,"State_LGD":20}},{"type":"Feature","id":493,"geometry":{"type":"Polygon","coordinates":[[[85.7391,24.8205],[85.735,24.8201],[85.7306,24.8126],[85.7305,24.8011],[85.7289,24.7979],[85.7236,24.7971],[85.7224,24.786],[85.7075,24.7796],[85.7094,24.7749],[85.7067,24.7686],[85.7096,24.7671],[85.7048,24.767],[85.7039,24.7611],[85.7042,24.7513],[85.7089,24.7453],[85.7053,24.7364],[85.7086,24.7268],[85.7072,24.7245],[85.7002,24.7175],[85.6889,24.6982],[85.6814,24.6916],[85.649,24.6846],[85.6514,24.6778],[85.6545,24.6739],[85.6604,24.6723],[85.66,24.6671],[85.6667,24.6611],[85.6671,24.657],[85.6624,24.6502],[85.6651,24.6427],[85.6687,24.6405],[85.6675,24.6363],[85.6721,24.6298],[85.673,24.621],[85.6761,24.6165],[85.674,24.5979],[85.6775,24.591],[85.6691,24.5798],[85.6512,24.5745],[85.6273,24.5819],[85.6152,24.5808],[85.6125,24.5873],[85.6018,24.5957],[85.5938,24.5945],[85.5921,24.5975],[85.5806,24.6008],[85.5703,24.5941],[85.5661,24.587],[85.5673,24.5768],[85.5719,24.5743],[85.5699,24.5691],[85.5717,24.5617],[85.5678,24.5581],[85.5617,24.5584],[85.5607,24.5527],[85.5564,24.5581],[85.5449,24.5631],[85.5409,24.5623],[85.5457,24.5488],[85.5417,24.5319],[85.5384,24.5277],[85.5238,24.521],[85.5182,24.5262],[85.5078,24.5253],[85.5094,24.5372],[85.4984,24.5465],[85.491,24.5481],[85.4779,24.5465],[85.471,24.5444],[85.4606,24.5365],[85.4507,24.5371],[85.4442,24.5341],[85.4366,24.534],[85.434,24.5312],[85.4345,24.528],[85.4299,24.5294],[85.432,24.5315],[85.4134,24.5411],[85.4048,24.5415],[85.4011,24.5452],[85.3875,24.5498],[85.3846,24.5555],[85.3778,24.5558],[85.3708,24.5553],[85.3711,24.5528],[85.3975,24.5448],[85.3917,24.5299],[85.3732,24.5248],[85.3564,24.5247],[85.3532,24.5232],[85.3546,24.5166],[85.3385,24.5138],[85.3362,24.5106],[85.3313,24.5098],[85.3274,24.4868],[85.3437,24.4767],[85.3438,24.4728],[85.3484,24.4746],[85.35,24.4715],[85.3592,24.4697],[85.3667,24.4715],[85.3711,24.4692],[85.3807,24.47],[85.3897,24.4807],[85.3955,24.4666],[85.3998,24.4451],[85.404,24.4434],[85.4037,24.438],[85.4106,24.4371],[85.414,24.4438],[85.4277,24.4343],[85.429,24.4291],[85.435,24.4258],[85.4382,24.4279],[85.4416,24.4204],[85.4285,24.4226],[85.4218,24.4055],[85.4127,24.4076],[85.4121,24.4024],[85.4143,24.4001],[85.4095,24.3887],[85.4084,24.3767],[85.3987,24.3674],[85.3975,24.3616],[85.4064,24.356],[85.4029,24.347],[85.4204,24.3497],[85.4238,24.3575],[85.4323,24.3516],[85.4355,24.3325],[85.4514,24.3373],[85.4598,24.3334],[85.4647,24.325],[85.4686,24.3252],[85.4759,24.3317],[85.4928,24.3259],[85.5046,24.3248],[85.5114,24.3181],[85.5162,24.3176],[85.526,24.3334],[85.5397,24.3327],[85.5412,24.3407],[85.5461,24.3473],[85.5513,24.3488],[85.5589,24.3426],[85.5704,24.3391],[85.5728,24.3416],[85.5725,24.3503],[85.577,24.3518],[85.5807,24.3489],[85.5841,24.3393],[85.5914,24.333],[85.5952,24.3324],[85.6068,24.3399],[85.6178,24.3264],[85.6335,24.3245],[85.6418,24.3309],[85.6439,24.3275],[85.6389,24.314],[85.6411,24.3124],[85.6521,24.3138],[85.6525,24.3184],[85.6497,24.3228],[85.6615,24.3217],[85.6607,24.3141],[85.6702,24.3102],[85.6765,24.312],[85.6838,24.3106],[85.6839,24.3072],[85.6901,24.3023],[85.6987,24.2894],[85.7079,24.2906],[85.7164,24.2975],[85.7273,24.2999],[85.7373,24.2863],[85.7514,24.2832],[85.7625,24.2904],[85.763,24.3038],[85.7875,24.2979],[85.799,24.2922],[85.8186,24.2943],[85.8188,24.2783],[85.8161,24.2671],[85.8201,24.2636],[85.8274,24.2685],[85.8342,24.2817],[85.8528,24.2721],[85.858,24.2757],[85.862,24.2877],[85.8734,24.2876],[85.8713,24.3098],[85.8673,24.3165],[85.8701,24.3213],[85.869,24.3287],[85.851,24.3281],[85.8509,24.338],[85.8451,24.3408],[85.8461,24.3486],[85.8523,24.3624],[85.8518,24.3737],[85.8486,24.3757],[85.8506,24.3909],[85.8543,24.3955],[85.8504,24.3994],[85.8495,24.4066],[85.855,24.4141],[85.8364,24.4249],[85.8301,24.4455],[85.8455,24.4579],[85.8488,24.4583],[85.8501,24.4644],[85.8562,24.4682],[85.862,24.4896],[85.8651,24.4915],[85.8646,24.509],[85.8683,24.5263],[85.8384,24.5449],[85.8092,24.5502],[85.8035,24.567],[85.8071,24.5736],[85.7942,24.5841],[85.791,24.5899],[85.7943,24.6005],[85.8016,24.6094],[85.786,24.6024],[85.7736,24.6103],[85.7752,24.6224],[85.7721,24.6273],[85.7739,24.6322],[85.7725,24.6438],[85.7835,24.6479],[85.7836,24.6564],[85.7861,24.6595],[85.7951,24.6689],[85.8051,24.6735],[85.8231,24.6665],[85.8274,24.6627],[85.8313,24.6664],[85.8365,24.6656],[85.8416,24.6682],[85.8324,24.6809],[85.8277,24.6982],[85.8301,24.7037],[85.8177,24.7156],[85.8174,24.7236],[85.8252,24.7287],[85.8536,24.7351],[85.8551,24.7398],[85.8685,24.7328],[85.8769,24.7369],[85.8859,24.7317],[85.8902,24.7374],[85.8819,24.7439],[85.8857,24.7479],[85.8847,24.7507],[85.8994,24.7564],[85.8987,24.7593],[85.9029,24.7666],[85.8977,24.7746],[85.8866,24.7839],[85.8897,24.7927],[85.8673,24.8047],[85.855,24.8084],[85.8247,24.8085],[85.8201,24.808],[85.8132,24.8026],[85.8095,24.7942],[85.7804,24.7989],[85.7781,24.7965],[85.7679,24.8042],[85.7686,24.8076],[85.7622,24.8129],[85.7391,24.8205]]]},"properties":{"dtname":"Kodarma","stname":"JHARKHAND","stcode11":"20","dtcode11":"348","year_stat":"2011_c","Shape_Length":347205.7746020634,"Shape_Area":1997641301.801361,"OBJECTID":493,"test":0,"Dist_LGD":334,"State_LGD":20}},{"type":"Feature","id":494,"geometry":{"type":"Polygon","coordinates":[[[85.3533,24.5226],[85.3363,24.5232],[85.3216,24.5198],[85.3037,24.5231],[85.2882,24.5231],[85.2821,24.5203],[85.2834,24.5169],[85.2805,24.5138],[85.2834,24.5033],[85.2856,24.5023],[85.2852,24.4946],[85.2826,24.4916],[85.2752,24.4931],[85.2496,24.4908],[85.2413,24.4822],[85.242,24.477],[85.2399,24.4738],[85.2316,24.4721],[85.2261,24.4633],[85.2083,24.4666],[85.2011,24.4606],[85.1808,24.4622],[85.1722,24.4588],[85.1615,24.4607],[85.159,24.4571],[85.1526,24.4552],[85.1535,24.4478],[85.1638,24.4444],[85.1707,24.4328],[85.1705,24.4292],[85.1752,24.4243],[85.1739,24.4206],[85.1655,24.4194],[85.1637,24.4131],[85.1528,24.4119],[85.1421,24.4066],[85.1232,24.402],[85.1172,24.3915],[85.1031,24.3851],[85.1039,24.3773],[85.0988,24.3735],[85.089,24.3724],[85.0846,24.3676],[85.0853,24.3527],[85.0946,24.3426],[85.0986,24.341],[85.1004,24.3286],[85.1111,24.3332],[85.1284,24.3299],[85.1354,24.3262],[85.1422,24.3294],[85.1425,24.3354],[85.1367,24.3416],[85.1379,24.3489],[85.1337,24.3551],[85.1362,24.3564],[85.1515,24.3544],[85.1577,24.347],[85.1618,24.3498],[85.1634,24.3404],[85.1756,24.3367],[85.1829,24.337],[85.1855,24.3307],[85.1997,24.3258],[85.2006,24.3342],[85.2065,24.3397],[85.2162,24.342],[85.2246,24.341],[85.2264,24.3444],[85.256,24.3399],[85.2615,24.3356],[85.2708,24.3365],[85.2824,24.3327],[85.2866,24.3337],[85.2927,24.3397],[85.2984,24.3379],[85.2997,24.3403],[85.3078,24.3367],[85.3092,24.3318],[85.3169,24.3256],[85.3281,24.3187],[85.3324,24.3208],[85.3395,24.3143],[85.3414,24.3169],[85.3493,24.3171],[85.3539,24.3111],[85.3627,24.3086],[85.3722,24.3192],[85.3792,24.3218],[85.3772,24.3164],[85.3805,24.3112],[85.3664,24.3039],[85.3562,24.2927],[85.3519,24.2981],[85.3475,24.2997],[85.3489,24.3048],[85.3467,24.3069],[85.3415,24.3069],[85.3417,24.3029],[85.3386,24.3022],[85.3352,24.3044],[85.3334,24.3098],[85.3279,24.3115],[85.3216,24.3098],[85.321,24.3064],[85.3264,24.2954],[85.3245,24.2924],[85.3201,24.2945],[85.3172,24.2922],[85.3204,24.2853],[85.318,24.2822],[85.3176,24.2661],[85.3209,24.2631],[85.3203,24.2611],[85.3155,24.2619],[85.314,24.2586],[85.3162,24.2541],[85.3139,24.2537],[85.3206,24.2506],[85.3215,24.2479],[85.3096,24.2462],[85.3002,24.2366],[85.2993,24.2281],[85.3016,24.2256],[85.2957,24.2225],[85.3021,24.2148],[85.3012,24.2076],[85.304,24.2053],[85.3022,24.1996],[85.2888,24.201],[85.286,24.2094],[85.2792,24.2087],[85.2719,24.2166],[85.2693,24.2151],[85.267,24.2176],[85.2567,24.2169],[85.2534,24.2133],[85.2484,24.2187],[85.2415,24.2189],[85.2416,24.2212],[85.2375,24.2238],[85.2167,24.2223],[85.2158,24.2195],[85.2046,24.2251],[85.1981,24.2244],[85.1866,24.2288],[85.1777,24.2292],[85.1733,24.2257],[85.1635,24.2274],[85.1606,24.23],[85.1479,24.2155],[85.149,24.2095],[85.144,24.2071],[85.1415,24.2101],[85.1352,24.2061],[85.1338,24.2023],[85.1395,24.2015],[85.1397,24.1947],[85.1487,24.1829],[85.1428,24.1564],[85.1454,24.1556],[85.1482,24.1589],[85.1515,24.1575],[85.1605,24.1376],[85.1743,24.1241],[85.1692,24.1209],[85.1656,24.1215],[85.1665,24.1172],[85.1707,24.117],[85.1693,24.1133],[85.1744,24.1113],[85.1708,24.108],[85.17,24.0998],[85.1915,24.0937],[85.2119,24.0792],[85.2328,24.0757],[85.2473,24.0631],[85.2466,24.0578],[85.2496,24.0559],[85.2447,24.0417],[85.2481,24.0387],[85.2461,24.0353],[85.2476,24.031],[85.2492,24.0317],[85.2512,24.0283],[85.2492,24.0269],[85.2512,24.0229],[85.248,24.0127],[85.23,24.0118],[85.2315,24.0037],[85.2257,23.9946],[85.213,23.9926],[85.2098,23.9793],[85.2016,23.9735],[85.203,23.9632],[85.2009,23.9564],[85.1896,23.9541],[85.1848,23.9514],[85.1848,23.9482],[85.1749,23.9516],[85.1519,23.9525],[85.1483,23.9506],[85.1387,23.9586],[85.1371,23.9678],[85.1289,23.9711],[85.124,23.9764],[85.119,23.9712],[85.0984,23.9759],[85.0846,23.9586],[85.0747,23.9619],[85.0781,23.9687],[85.0815,23.9696],[85.0813,23.9772],[85.0765,23.9835],[85.0686,23.9827],[85.0624,23.9865],[85.0534,23.986],[85.0547,23.9927],[85.043,23.9992],[85.0431,24.0023],[85.0361,23.9943],[85.0247,23.9918],[85.0223,23.981],[85.0258,23.9756],[85.028,23.9641],[85.0379,23.9667],[85.0557,23.9585],[85.0533,23.9534],[85.0384,23.9391],[85.0449,23.9313],[85.0401,23.9286],[85.0389,23.9232],[85.0479,23.9198],[85.0463,23.9138],[85.028,23.9156],[85.0204,23.8978],[85.0257,23.8898],[85.0213,23.8812],[85.0225,23.8788],[85.0317,23.8796],[85.0286,23.8682],[85.03,23.8665],[85.0322,23.8691],[85.0344,23.8681],[85.0301,23.8641],[85.0304,23.8601],[85.0535,23.8429],[85.0596,23.8338],[85.059,23.8277],[85.0471,23.8279],[85.0476,23.8145],[85.0437,23.8104],[85.0474,23.8065],[85.0462,23.7934],[85.0499,23.7898],[85.0503,23.7842],[85.0459,23.7792],[85.0455,23.7744],[85.0515,23.7715],[85.0481,23.7679],[85.048,23.7477],[85.0546,23.7414],[85.0632,23.7376],[85.0623,23.7341],[85.0643,23.7323],[85.0518,23.7348],[85.046,23.7325],[85.0531,23.7218],[85.0536,23.7086],[85.0566,23.7072],[85.0655,23.7102],[85.0697,23.7068],[85.0687,23.7006],[85.0706,23.6967],[85.0666,23.6944],[85.06,23.6955],[85.0577,23.6878],[85.0617,23.6814],[85.0676,23.6813],[85.0781,23.6725],[85.0767,23.668],[85.0859,23.6695],[85.1028,23.6634],[85.1066,23.6648],[85.119,23.6626],[85.125,23.6668],[85.1463,23.67],[85.1579,23.6741],[85.1597,23.6723],[85.1581,23.6708],[85.1658,23.666],[85.1734,23.6845],[85.1798,23.69],[85.1871,23.7099],[85.2238,23.7011],[85.2257,23.6981],[85.2228,23.69],[85.225,23.6853],[85.2284,23.6843],[85.2352,23.6867],[85.2349,23.6984],[85.2396,23.7036],[85.2393,23.7093],[85.2441,23.7125],[85.2612,23.697],[85.2751,23.6931],[85.2842,23.687],[85.2973,23.6907],[85.3056,23.6838],[85.3358,23.7042],[85.3386,23.7022],[85.3366,23.6962],[85.3448,23.6915],[85.36,23.6739],[85.3764,23.6743],[85.3843,23.6712],[85.3845,23.6604],[85.3891,23.6592],[85.3966,23.6656],[85.3981,23.6564],[85.4026,23.6529],[85.4273,23.6543],[85.4313,23.6566],[85.4449,23.6552],[85.4461,23.6632],[85.4282,23.6764],[85.4237,23.6844],[85.4274,23.6911],[85.4267,23.709],[85.4394,23.7092],[85.4412,23.7108],[85.4404,23.7223],[85.4476,23.722],[85.4551,23.7278],[85.4545,23.7406],[85.4599,23.741],[85.4632,23.7439],[85.4581,23.7506],[85.46,23.7578],[85.4696,23.7655],[85.4591,23.7723],[85.4314,23.7777],[85.4258,23.7942],[85.4327,23.795],[85.4462,23.8021],[85.4515,23.811],[85.4557,23.8114],[85.4663,23.8221],[85.4699,23.8213],[85.4793,23.8301],[85.4848,23.8266],[85.4881,23.839],[85.5003,23.8411],[85.5064,23.8386],[85.5142,23.8421],[85.5173,23.8527],[85.529,23.8498],[85.5383,23.8542],[85.5457,23.852],[85.554,23.8455],[85.5562,23.8484],[85.5614,23.8479],[85.5621,23.8585],[85.5696,23.8686],[85.5681,23.8727],[85.5728,23.8788],[85.5661,23.885],[85.5721,23.894],[85.564,23.8968],[85.57,23.9017],[85.5736,23.9091],[85.5779,23.9101],[85.5749,23.9132],[85.5755,23.9187],[85.5835,23.9182],[85.5938,23.9342],[85.6067,23.9372],[85.6035,23.9409],[85.6062,23.9452],[85.6078,23.9583],[85.6159,23.9626],[85.6262,23.9607],[85.6388,23.9623],[85.6447,23.9557],[85.6482,23.957],[85.6577,23.9545],[85.6685,23.9607],[85.671,23.9689],[85.6664,23.9756],[85.6739,23.9759],[85.6748,23.9869],[85.6804,23.9839],[85.6845,23.9867],[85.6878,23.986],[85.6965,23.9807],[85.6973,23.9779],[85.6895,23.9764],[85.6842,23.9722],[85.6844,23.9628],[85.6904,23.9579],[85.6899,23.9528],[85.6962,23.9475],[85.699,23.9403],[85.7047,23.936],[85.7118,23.9356],[85.712,23.9241],[85.7167,23.9234],[85.7269,23.9391],[85.7381,23.9426],[85.7374,23.9507],[85.7416,23.9503],[85.7477,23.9432],[85.7555,23.9477],[85.7631,23.9446],[85.7648,23.9395],[85.7609,23.9312],[85.7635,23.9264],[85.7746,23.9187],[85.7827,23.9185],[85.7845,23.9008],[85.7998,23.8964],[85.7958,23.8903],[85.7977,23.8837],[85.8016,23.8818],[85.8,23.8767],[85.8039,23.8734],[85.8023,23.8602],[85.8124,23.855],[85.813,23.8453],[85.8214,23.8451],[85.8349,23.8406],[85.8401,23.8521],[85.8448,23.8548],[85.8492,23.8542],[85.8611,23.8652],[85.86,23.8681],[85.8628,23.8759],[85.8613,23.8793],[85.8683,23.8849],[85.8694,23.8915],[85.8763,23.8974],[85.8774,23.903],[85.8851,23.9092],[85.8877,23.9189],[85.8836,23.9199],[85.8812,23.9253],[85.8868,23.9359],[85.882,23.9447],[85.8868,23.9574],[85.8912,23.9594],[85.8957,23.9548],[85.9026,23.9555],[85.9064,23.9486],[85.9113,23.9482],[85.9124,23.9556],[85.9203,23.9585],[85.9275,23.9561],[85.9298,23.959],[85.9297,23.9649],[85.9317,23.9666],[85.9302,23.9796],[85.9222,23.9863],[85.9185,23.9844],[85.9087,23.9905],[85.9048,23.9915],[85.903,23.9897],[85.8978,23.9924],[85.8957,23.9963],[85.8978,24.004],[85.8959,24.0129],[85.884,24.0176],[85.882,24.0077],[85.8755,24.0066],[85.8567,24.0183],[85.8642,24.0283],[85.8756,24.0332],[85.8782,24.0392],[85.8749,24.0481],[85.8703,24.0459],[85.8718,24.052],[85.8687,24.0521],[85.8638,24.0464],[85.8563,24.0506],[85.8541,24.0482],[85.8542,24.0566],[85.8505,24.0581],[85.8527,24.06],[85.8467,24.0646],[85.8439,24.0598],[85.8382,24.061],[85.8406,24.0669],[85.8359,24.0689],[85.8358,24.0722],[85.83,24.0695],[85.8284,24.0725],[85.8232,24.0728],[85.8156,24.0623],[85.8011,24.0679],[85.8002,24.0723],[85.8047,24.0788],[85.7968,24.0789],[85.7851,24.0905],[85.7771,24.0891],[85.7691,24.0928],[85.7773,24.1012],[85.7696,24.1038],[85.7567,24.099],[85.7477,24.1034],[85.7422,24.1019],[85.7394,24.0962],[85.7338,24.0945],[85.7281,24.0999],[85.7215,24.0974],[85.7106,24.1017],[85.7099,24.1117],[85.7156,24.1184],[85.7119,24.1264],[85.6984,24.137],[85.6743,24.1471],[85.6788,24.1708],[85.6815,24.1723],[85.6817,24.1757],[85.7037,24.1844],[85.7153,24.1834],[85.7177,24.1883],[85.7336,24.1904],[85.7358,24.1924],[85.7347,24.1992],[85.7414,24.1983],[85.7456,24.2023],[85.755,24.2012],[85.7691,24.2107],[85.7768,24.2074],[85.7922,24.2117],[85.7978,24.2159],[85.8015,24.2265],[85.8063,24.2252],[85.8083,24.2199],[85.8148,24.2169],[85.819,24.2095],[85.8279,24.2177],[85.84,24.2146],[85.8473,24.2193],[85.8518,24.2119],[85.8591,24.2116],[85.8549,24.216],[85.8567,24.2357],[85.8538,24.2488],[85.8487,24.253],[85.8387,24.2521],[85.8352,24.2551],[85.8498,24.2682],[85.852,24.2732],[85.8342,24.2817],[85.8274,24.2685],[85.8193,24.2638],[85.8161,24.2671],[85.8188,24.2783],[85.8186,24.2943],[85.799,24.2922],[85.7875,24.2979],[85.763,24.3038],[85.7625,24.2904],[85.7514,24.2832],[85.7373,24.2863],[85.7273,24.2999],[85.7164,24.2975],[85.7079,24.2906],[85.6987,24.2894],[85.6901,24.3023],[85.6839,24.3072],[85.6838,24.3106],[85.6765,24.312],[85.6702,24.3102],[85.6607,24.3141],[85.6615,24.3217],[85.6497,24.3228],[85.6525,24.3184],[85.6521,24.3138],[85.6411,24.3124],[85.6389,24.314],[85.6439,24.3275],[85.6418,24.3309],[85.6335,24.3245],[85.6178,24.3264],[85.6068,24.3399],[85.5952,24.3324],[85.5914,24.333],[85.5841,24.3393],[85.5807,24.3489],[85.577,24.3518],[85.5725,24.3503],[85.5728,24.3416],[85.5704,24.3391],[85.5589,24.3426],[85.5513,24.3488],[85.5461,24.3473],[85.5412,24.3407],[85.5397,24.3327],[85.526,24.3334],[85.5162,24.3176],[85.5114,24.3181],[85.5046,24.3248],[85.4928,24.3259],[85.4759,24.3317],[85.4686,24.3252],[85.4647,24.325],[85.4598,24.3334],[85.4514,24.3373],[85.4355,24.3325],[85.4323,24.3516],[85.4238,24.3575],[85.4204,24.3497],[85.4029,24.347],[85.4064,24.356],[85.3975,24.3616],[85.3987,24.3674],[85.4084,24.3767],[85.4095,24.3887],[85.4143,24.4001],[85.4121,24.4024],[85.4127,24.4076],[85.4218,24.4055],[85.4285,24.4226],[85.4416,24.4204],[85.4382,24.4279],[85.435,24.4258],[85.429,24.4291],[85.4277,24.4343],[85.414,24.4438],[85.4106,24.4371],[85.4037,24.438],[85.404,24.4434],[85.3998,24.4451],[85.3955,24.4666],[85.3897,24.4807],[85.3827,24.4703],[85.3711,24.4692],[85.3667,24.4715],[85.3592,24.4697],[85.35,24.4715],[85.3487,24.4746],[85.3438,24.4728],[85.3437,24.4767],[85.3274,24.4868],[85.3313,24.5098],[85.3362,24.5106],[85.3385,24.5138],[85.3546,24.5166],[85.3533,24.5226]]]},"properties":{"dtname":"Hazaribagh","stname":"JHARKHAND","stcode11":"20","dtcode11":"360","year_stat":"2011_c","Shape_Length":735356.9982677526,"Shape_Area":5296253040.077842,"OBJECTID":494,"test":1,"Dist_LGD":332,"State_LGD":20}}]}