{"type":"FeatureCollection","crs":{"type":"name","properties":{"name":"EPSG:4326"}},"features":[{"type":"Feature","id":49,"geometry":{"type":"Polygon","coordinates":[[[77.3265,18.4588],[77.3199,18.458],[77.3169,18.4422],[77.3007,18.4382],[77.2872,18.4306],[77.2791,18.4298],[77.2733,18.423],[77.2657,18.4223],[77.2594,18.4133],[77.2418,18.4126],[77.2348,18.3968],[77.2337,18.3882],[77.2395,18.3786],[77.2485,18.376],[77.2464,18.3708],[77.234,18.3698],[77.2259,18.3652],[77.2245,18.356],[77.2201,18.3493],[77.2296,18.3482],[77.2228,18.3397],[77.2191,18.3257],[77.2148,18.3232],[77.2118,18.3163],[77.2017,18.3222],[77.1988,18.3154],[77.2032,18.3054],[77.203,18.2977],[77.2056,18.2941],[77.2099,18.295],[77.2094,18.2877],[77.2131,18.2803],[77.2038,18.28],[77.1975,18.2766],[77.1883,18.2847],[77.1749,18.2849],[77.1708,18.2767],[77.1698,18.2609],[77.1592,18.2558],[77.1518,18.238],[77.1487,18.239],[77.1493,18.2214],[77.1508,18.2222],[77.1516,18.217],[77.1428,18.217],[77.1402,18.2077],[77.1113,18.2042],[77.0977,18.1967],[77.0992,18.192],[77.1164,18.171],[77.1168,18.1662],[77.1116,18.1558],[77.107,18.1552],[77.0995,18.1582],[77.0914,18.1558],[77.0849,18.1508],[77.064,18.1506],[77.0533,18.1594],[77.052,18.1732],[77.0332,18.182],[77.0318,18.1774],[77.0231,18.1756],[77.0257,18.1617],[77.0234,18.1585],[77.0012,18.1609],[76.9965,18.1662],[76.9907,18.19],[76.9785,18.192],[76.9775,18.1889],[76.9659,18.1901],[76.952,18.1881],[76.9485,18.1688],[76.9424,18.1564],[76.9315,18.1596],[76.924,18.1466],[76.9245,18.1427],[76.9319,18.1335],[76.9203,18.1251],[76.9206,18.1182],[76.9218,18.1155],[76.933,18.1128],[76.9378,18.1149],[76.9543,18.1105],[76.9664,18.0982],[76.963,18.0896],[76.9453,18.0832],[76.9517,18.061],[76.945,18.0484],[76.9484,18.0444],[76.9527,18.0439],[76.9524,18.0402],[76.9144,18.0354],[76.9124,18.0173],[76.9057,18.0097],[76.9081,17.9995],[76.9068,17.9966],[76.9132,17.9969],[76.9123,17.978],[76.9145,17.9616],[76.9154,17.9571],[76.9184,17.956],[76.9173,17.9481],[76.9207,17.9416],[76.9192,17.9162],[76.9148,17.9148],[76.9013,17.9172],[76.899,17.9091],[76.8969,17.9104],[76.8966,17.9057],[76.8939,17.9061],[76.8942,17.8998],[76.884,17.899],[76.8843,17.8943],[76.8527,17.9007],[76.839,17.8991],[76.832,17.8953],[76.8313,17.8856],[76.8103,17.887],[76.8067,17.8706],[76.7751,17.8777],[76.7736,17.8905],[76.7682,17.9011],[76.74,17.8997],[76.7385,17.8567],[76.7516,17.8581],[76.7676,17.8521],[76.7741,17.8464],[76.7743,17.842],[76.7794,17.8363],[76.7871,17.8332],[76.7905,17.8263],[76.7829,17.8179],[76.7826,17.8066],[76.7788,17.8005],[76.7755,17.7983],[76.7666,17.7985],[76.766,17.7922],[76.7621,17.787],[76.751,17.7871],[76.7508,17.7845],[76.7426,17.7842],[76.7444,17.7803],[76.7407,17.7795],[76.721,17.7881],[76.7141,17.7809],[76.712,17.7733],[76.7211,17.7695],[76.7188,17.7515],[76.7249,17.7511],[76.7241,17.748],[76.7283,17.7376],[76.7003,17.728],[76.7045,17.7226],[76.703,17.7127],[76.7014,17.7091],[76.6926,17.7067],[76.6942,17.6957],[76.6907,17.6835],[76.6951,17.6773],[76.6943,17.6622],[76.7092,17.6625],[76.7124,17.6572],[76.7087,17.6521],[76.6988,17.6473],[76.6983,17.6425],[76.7144,17.6388],[76.7203,17.6539],[76.7319,17.6588],[76.7328,17.6656],[76.7735,17.6668],[76.7738,17.6578],[76.7702,17.6463],[76.772,17.6402],[76.7785,17.636],[76.7845,17.6364],[76.7888,17.6432],[76.7883,17.648],[76.793,17.6532],[76.8079,17.649],[76.8232,17.6519],[76.8368,17.6494],[76.8419,17.6537],[76.8525,17.6446],[76.8641,17.6464],[76.8833,17.6429],[76.8989,17.6447],[76.9079,17.6351],[76.9149,17.6392],[76.929,17.6375],[76.9252,17.626],[76.9179,17.6236],[76.9211,17.6107],[76.9277,17.6119],[76.9404,17.6089],[76.9504,17.6199],[76.9514,17.6244],[76.9581,17.621],[76.957,17.6342],[76.9619,17.6396],[76.9714,17.6472],[76.9768,17.6482],[76.9872,17.6581],[76.9881,17.6619],[76.9779,17.6649],[76.9772,17.6799],[76.981,17.6915],[76.9909,17.696],[77.0006,17.696],[77.0063,17.6877],[77.0176,17.6779],[77.0342,17.6806],[77.034,17.6768],[77.0368,17.6751],[77.0353,17.6694],[77.041,17.6717],[77.0433,17.6674],[77.0464,17.6707],[77.0582,17.6731],[77.0737,17.6616],[77.0814,17.6623],[77.0854,17.659],[77.0895,17.6692],[77.1046,17.669],[77.1063,17.674],[77.1145,17.678],[77.1167,17.6873],[77.1192,17.6855],[77.1236,17.687],[77.1271,17.6865],[77.1283,17.6824],[77.1325,17.6824],[77.1328,17.6622],[77.1369,17.6621],[77.1366,17.6586],[77.1448,17.6557],[77.1437,17.6477],[77.1504,17.6426],[77.15,17.6324],[77.1552,17.6289],[77.1713,17.6278],[77.1732,17.6241],[77.1828,17.6181],[77.1876,17.6186],[77.1889,17.6154],[77.1942,17.6155],[77.1976,17.632],[77.2005,17.6322],[77.2074,17.6268],[77.2104,17.6295],[77.2157,17.6308],[77.2187,17.6291],[77.222,17.6324],[77.2278,17.6303],[77.2305,17.6325],[77.2583,17.6233],[77.275,17.6268],[77.2796,17.6176],[77.2848,17.6192],[77.2872,17.6176],[77.2851,17.6155],[77.2915,17.6112],[77.2951,17.6151],[77.2947,17.609],[77.2996,17.6069],[77.3003,17.5977],[77.3404,17.5879],[77.3519,17.6001],[77.3597,17.6002],[77.3793,17.595],[77.3788,17.5839],[77.3845,17.5831],[77.3914,17.5862],[77.4012,17.5839],[77.4306,17.586],[77.4441,17.5844],[77.4433,17.5917],[77.4462,17.5965],[77.4448,17.6094],[77.4488,17.6093],[77.4512,17.6232],[77.4559,17.6342],[77.4521,17.6364],[77.4501,17.6506],[77.4483,17.6511],[77.4489,17.6593],[77.4549,17.6745],[77.4551,17.6889],[77.4522,17.6911],[77.4525,17.6947],[77.4675,17.703],[77.4842,17.7056],[77.4849,17.7091],[77.4923,17.7081],[77.4971,17.7155],[77.5092,17.7163],[77.5117,17.7209],[77.5166,17.7202],[77.5221,17.726],[77.5286,17.7252],[77.5314,17.7287],[77.5422,17.7289],[77.546,17.7268],[77.5487,17.7358],[77.5567,17.7374],[77.5644,17.7479],[77.5686,17.7489],[77.5673,17.7596],[77.5692,17.7665],[77.5549,17.764],[77.5403,17.7744],[77.5406,17.7778],[77.5376,17.7799],[77.5344,17.7776],[77.5264,17.7816],[77.5124,17.7821],[77.5066,17.786],[77.509,17.7878],[77.515,17.8054],[77.523,17.8114],[77.5291,17.8129],[77.5283,17.8279],[77.5467,17.8285],[77.549,17.8194],[77.5541,17.8201],[77.5607,17.8386],[77.5675,17.8454],[77.5649,17.8512],[77.5694,17.8516],[77.57,17.8676],[77.5735,17.8692],[77.5764,17.8754],[77.5806,17.8734],[77.5835,17.877],[77.5945,17.8723],[77.5991,17.8731],[77.6004,17.8806],[77.5959,17.8814],[77.586,17.8938],[77.5861,17.9078],[77.6,17.9041],[77.6052,17.9078],[77.6191,17.9041],[77.622,17.9296],[77.6187,17.9395],[77.623,17.9455],[77.6326,17.9467],[77.6329,17.9558],[77.6246,17.9596],[77.6331,17.9674],[77.6333,17.9604],[77.6373,17.9523],[77.6407,17.9519],[77.6409,17.9541],[77.6495,17.95],[77.6496,17.9591],[77.6559,17.9688],[77.6483,17.9803],[77.6521,17.9939],[77.649,17.9989],[77.6278,17.9968],[77.6197,18.0065],[77.6075,18.0099],[77.608,18.018],[77.606,18.0202],[77.6017,18.0198],[77.5959,18.0128],[77.5886,18.0122],[77.5849,18.0168],[77.5833,18.0283],[77.5806,18.0316],[77.5538,18.0358],[77.5519,18.0507],[77.5495,18.0512],[77.5477,18.0561],[77.5484,18.0652],[77.5575,18.0637],[77.5598,18.0719],[77.566,18.0767],[77.5759,18.0778],[77.5956,18.0858],[77.5989,18.0933],[77.6016,18.1059],[77.5992,18.121],[77.5945,18.1327],[77.5969,18.1559],[77.5924,18.1554],[77.5814,18.1623],[77.5748,18.1741],[77.5707,18.1922],[77.5635,18.1961],[77.5656,18.2042],[77.5749,18.2016],[77.5854,18.2198],[77.5799,18.2282],[77.5806,18.2322],[77.5731,18.2394],[77.5718,18.244],[77.5832,18.2608],[77.5949,18.2653],[77.6012,18.2776],[77.6055,18.2813],[77.5819,18.2854],[77.5726,18.2933],[77.5614,18.2849],[77.5542,18.2909],[77.5328,18.2987],[77.5238,18.3082],[77.5127,18.3096],[77.5089,18.3043],[77.5121,18.2907],[77.5116,18.282],[77.5053,18.277],[77.4987,18.2767],[77.4927,18.2672],[77.4814,18.2724],[77.4758,18.2647],[77.4651,18.2625],[77.4476,18.27],[77.4459,18.2838],[77.4404,18.2826],[77.4366,18.2932],[77.4377,18.3103],[77.4284,18.3124],[77.4256,18.3079],[77.4171,18.3064],[77.409,18.3015],[77.4015,18.3045],[77.3949,18.3036],[77.3852,18.3093],[77.3658,18.3071],[77.3568,18.3202],[77.3717,18.3252],[77.3757,18.332],[77.381,18.331],[77.3825,18.3422],[77.3855,18.3408],[77.3902,18.3437],[77.395,18.3415],[77.3944,18.3474],[77.4002,18.3474],[77.399,18.3598],[77.3949,18.3684],[77.4099,18.3774],[77.4141,18.3931],[77.4002,18.402],[77.3885,18.3995],[77.3729,18.4011],[77.3724,18.4067],[77.3684,18.4125],[77.3707,18.4188],[77.3673,18.4187],[77.3655,18.4277],[77.3622,18.4299],[77.3645,18.4345],[77.3619,18.4373],[77.3676,18.4469],[77.3662,18.451],[77.3535,18.4477],[77.348,18.4395],[77.3476,18.434],[77.3453,18.4336],[77.3357,18.4423],[77.3361,18.4501],[77.327,18.4517],[77.3265,18.4588]]]},"properties":{"dtname":"Bidar","stname":"KARNATAKA","stcode11":"29","dtcode11":"558","year_stat":"2011_c","Shape_Length":576381.4409375866,"Shape_Area":6048725116.911316,"OBJECTID":49,"test":0,"Dist_LGD":529,"State_LGD":29}},{"type":"Feature","id":52,"geometry":{"type":"Polygon","coordinates":[[[76.6145,17.7707],[76.6111,17.7694],[76.6054,17.7586],[76.6003,17.7357],[76.6005,17.7257],[76.5935,17.7224],[76.5883,17.7081],[76.5821,17.7057],[76.5704,17.7054],[76.5679,17.7425],[76.564,17.7508],[76.5728,17.7605],[76.5613,17.7646],[76.5307,17.7583],[76.5232,17.7598],[76.5274,17.7378],[76.524,17.7152],[76.5007,17.7184],[76.4873,17.7148],[76.4845,17.6785],[76.4851,17.671],[76.4898,17.6605],[76.4867,17.6584],[76.459,17.6581],[76.4529,17.6558],[76.4545,17.6498],[76.4419,17.6493],[76.4451,17.641],[76.4355,17.6463],[76.4293,17.645],[76.4268,17.6258],[76.4197,17.6037],[76.3931,17.6031],[76.3919,17.6006],[76.3818,17.6022],[76.3777,17.5979],[76.3501,17.5941],[76.3313,17.5974],[76.3332,17.565],[76.3351,17.5652],[76.3386,17.5568],[76.3408,17.5425],[76.3628,17.5374],[76.3673,17.5195],[76.3647,17.515],[76.3466,17.5126],[76.3434,17.5007],[76.3458,17.4925],[76.3624,17.4959],[76.3747,17.4957],[76.3756,17.4902],[76.3683,17.4832],[76.3504,17.4742],[76.3307,17.4702],[76.331,17.4557],[76.3335,17.4555],[76.3333,17.4339],[76.3535,17.4373],[76.3716,17.4364],[76.3711,17.4134],[76.3635,17.3777],[76.4092,17.3714],[76.4122,17.3511],[76.3967,17.3471],[76.3852,17.3238],[76.3832,17.3145],[76.3541,17.3143],[76.3543,17.3244],[76.3454,17.3545],[76.3144,17.3484],[76.3121,17.346],[76.3189,17.3381],[76.3177,17.3324],[76.2764,17.3346],[76.2721,17.3606],[76.2671,17.3635],[76.2508,17.3604],[76.2505,17.3697],[76.2446,17.3715],[76.2442,17.3788],[76.2421,17.3788],[76.2286,17.3758],[76.2295,17.3652],[76.2124,17.362],[76.1965,17.3637],[76.1704,17.3526],[76.1766,17.3246],[76.1793,17.3186],[76.1833,17.3194],[76.1811,17.3091],[76.1764,17.3008],[76.1651,17.3033],[76.1627,17.3452],[76.1411,17.3535],[76.119,17.3705],[76.0998,17.3647],[76.0894,17.3531],[76.0935,17.3494],[76.0882,17.3422],[76.087,17.3359],[76.0789,17.3316],[76.0732,17.3365],[76.0731,17.3303],[76.0652,17.3122],[76.07,17.3063],[76.0887,17.2993],[76.0995,17.291],[76.0987,17.2833],[76.0914,17.2772],[76.0869,17.2685],[76.0862,17.2618],[76.0885,17.257],[76.1137,17.2524],[76.1276,17.245],[76.1665,17.2106],[76.177,17.194],[76.1882,17.1864],[76.2032,17.1834],[76.2169,17.1869],[76.2206,17.1854],[76.2238,17.1748],[76.2362,17.1632],[76.2427,17.1508],[76.2541,17.1487],[76.2638,17.151],[76.2717,17.1634],[76.2769,17.1675],[76.3063,17.1708],[76.3333,17.1708],[76.3564,17.1887],[76.3647,17.1814],[76.369,17.1667],[76.3668,17.1559],[76.3598,17.1453],[76.36,17.1403],[76.3675,17.1377],[76.3836,17.1466],[76.3892,17.1464],[76.3946,17.143],[76.3951,17.1379],[76.3913,17.1308],[76.3675,17.1238],[76.3623,17.116],[76.3662,17.1073],[76.3842,17.1026],[76.3904,17.0971],[76.3914,17.0917],[76.388,17.0726],[76.3982,17.0701],[76.4101,17.0892],[76.4295,17.0997],[76.4311,17.0534],[76.4274,17.0535],[76.4312,17.0299],[76.4373,17.0267],[76.4332,17.0255],[76.4405,16.9968],[76.4367,16.9817],[76.425,16.978],[76.4004,16.9771],[76.4023,16.9422],[76.3991,16.9353],[76.4209,16.9274],[76.4279,16.9274],[76.4342,16.9433],[76.4476,16.9406],[76.4518,16.9278],[76.4585,16.9279],[76.465,16.9139],[76.4653,16.9027],[76.4628,16.9006],[76.4337,16.8976],[76.4332,16.8818],[76.4367,16.8813],[76.4381,16.868],[76.4586,16.8669],[76.462,16.8493],[76.4672,16.8497],[76.4707,16.8471],[76.471,16.8388],[76.4635,16.8385],[76.46,16.8331],[76.4296,16.8374],[76.4292,16.8508],[76.4041,16.854],[76.4043,16.8585],[76.3888,16.8563],[76.3743,16.8588],[76.3672,16.849],[76.3589,16.8426],[76.3544,16.8326],[76.3524,16.8198],[76.4138,16.8134],[76.4102,16.7989],[76.4009,16.8011],[76.3964,16.8059],[76.3915,16.8027],[76.3774,16.8017],[76.371,16.7686],[76.4116,16.7682],[76.4113,16.7648],[76.4184,16.7645],[76.4186,16.7689],[76.4361,16.7645],[76.4427,16.7576],[76.4385,16.7533],[76.4405,16.742],[76.4289,16.7379],[76.4289,16.7336],[76.4232,16.7296],[76.4227,16.7169],[76.4411,16.7137],[76.444,16.7154],[76.4464,16.7227],[76.4509,16.7238],[76.4595,16.7233],[76.4609,16.7112],[76.4814,16.7122],[76.5029,16.723],[76.5034,16.7412],[76.5164,16.7511],[76.5473,16.7479],[76.5485,16.7511],[76.5529,16.7512],[76.5536,16.7531],[76.5696,16.7534],[76.5805,16.7585],[76.5813,16.7655],[76.601,16.7672],[76.6236,16.7655],[76.623,16.7425],[76.6355,16.7458],[76.6355,16.7351],[76.6441,16.7334],[76.6588,16.7251],[76.6528,16.751],[76.6608,16.767],[76.6756,16.7652],[76.6794,16.7847],[76.6977,16.7865],[76.6995,16.7907],[76.7021,16.7895],[76.7021,16.793],[76.7094,16.7925],[76.7093,16.7806],[76.7194,16.7779],[76.7248,16.7847],[76.7279,16.7808],[76.7349,16.7788],[76.7365,16.7735],[76.7291,16.7723],[76.7289,16.7539],[76.7349,16.7513],[76.7451,16.7517],[76.7476,16.7554],[76.7448,16.8159],[76.7481,16.8203],[76.7547,16.8204],[76.7587,16.8358],[76.7635,16.8406],[76.76,16.8414],[76.76,16.8441],[76.789,16.8373],[76.7911,16.85],[76.8048,16.8503],[76.8132,16.8586],[76.8164,16.8737],[76.8289,16.873],[76.831,16.8691],[76.8414,16.8665],[76.8495,16.8765],[76.8546,16.8788],[76.8569,16.8912],[76.8703,16.8926],[76.8705,16.8959],[76.8931,16.895],[76.9015,16.8926],[76.9016,16.8782],[76.9135,16.8754],[76.9157,16.8718],[76.9207,16.87],[76.9144,16.8607],[76.9056,16.8586],[76.9017,16.8547],[76.9038,16.8304],[76.9108,16.8166],[76.9196,16.8179],[76.9225,16.8266],[76.9267,16.8305],[76.9444,16.8311],[76.9575,16.8217],[76.9827,16.8096],[76.9907,16.8122],[76.9952,16.8373],[76.9833,16.8399],[76.9784,16.8546],[76.9799,16.8614],[77.007,16.8579],[77.0197,16.8674],[77.0414,16.87],[77.0428,16.8807],[77.0339,16.8838],[77.0339,16.8933],[77.028,16.8936],[77.0176,16.8986],[77.0196,16.9275],[77.0235,16.9248],[77.0411,16.923],[77.0468,16.9324],[77.057,16.9394],[77.0584,16.9466],[77.0629,16.9454],[77.0657,16.9493],[77.0639,16.954],[77.0726,16.9527],[77.0715,16.9397],[77.0759,16.9427],[77.0839,16.9362],[77.0862,16.9368],[77.0888,16.9184],[77.0948,16.9062],[77.1106,16.9057],[77.1184,16.9099],[77.1256,16.918],[77.1384,16.915],[77.1602,16.9156],[77.1616,16.9308],[77.1657,16.9389],[77.1841,16.9425],[77.1961,16.9268],[77.1994,16.9338],[77.2048,16.9381],[77.2085,16.9376],[77.2114,16.9449],[77.2265,16.9414],[77.2317,16.9428],[77.2327,16.9391],[77.242,16.9431],[77.2449,16.9404],[77.2462,16.9329],[77.2551,16.9323],[77.2631,16.9283],[77.2891,16.9335],[77.2895,16.9372],[77.295,16.9324],[77.3114,16.9274],[77.3187,16.9364],[77.336,16.9299],[77.3397,16.9306],[77.3418,16.9342],[77.3484,16.912],[77.3517,16.908],[77.3658,16.9046],[77.3714,16.8977],[77.3767,16.8979],[77.3766,16.8946],[77.3821,16.8958],[77.3841,16.8941],[77.3847,16.8985],[77.3891,16.8964],[77.3895,16.8912],[77.3958,16.9033],[77.4019,16.9031],[77.4027,16.8998],[77.4065,16.9019],[77.4018,16.8967],[77.4015,16.8832],[77.4033,16.8842],[77.4112,16.8747],[77.4251,16.8851],[77.4559,16.8853],[77.4584,16.8941],[77.4565,16.8999],[77.458,16.9095],[77.4547,16.9104],[77.4541,16.9139],[77.4585,16.9149],[77.4592,16.9173],[77.4666,16.9151],[77.4695,16.9192],[77.4694,16.9281],[77.4642,16.9299],[77.4683,16.9396],[77.4649,16.9442],[77.4672,16.9499],[77.4653,16.9566],[77.466,16.9589],[77.4722,16.9572],[77.4814,16.9704],[77.4829,16.9857],[77.4796,16.996],[77.4866,17.0032],[77.4919,17.0037],[77.4979,17.0093],[77.5022,17.0094],[77.5007,17.0193],[77.495,17.0271],[77.4967,17.0427],[77.4879,17.0476],[77.4899,17.0505],[77.4835,17.0589],[77.479,17.0726],[77.482,17.0759],[77.481,17.0792],[77.4766,17.0794],[77.4673,17.0863],[77.4629,17.0941],[77.4637,17.11],[77.4592,17.1091],[77.4543,17.1149],[77.4458,17.118],[77.436,17.115],[77.4067,17.1245],[77.4039,17.1329],[77.3846,17.14],[77.378,17.1399],[77.3782,17.1527],[77.3669,17.1544],[77.3669,17.159],[77.3638,17.1588],[77.3627,17.1645],[77.3719,17.1811],[77.3695,17.1863],[77.3734,17.1909],[77.3723,17.1956],[77.3818,17.1977],[77.3939,17.1944],[77.3965,17.2075],[77.3984,17.2103],[77.4038,17.2099],[77.402,17.2141],[77.3888,17.2153],[77.383,17.218],[77.3802,17.2225],[77.405,17.2365],[77.4083,17.2412],[77.4115,17.2377],[77.4205,17.2376],[77.4226,17.2508],[77.4264,17.2565],[77.4358,17.2602],[77.444,17.2706],[77.4509,17.2705],[77.4536,17.2761],[77.4586,17.279],[77.4549,17.2872],[77.438,17.2919],[77.4405,17.3013],[77.443,17.3012],[77.4456,17.3077],[77.4489,17.3096],[77.4522,17.3176],[77.4525,17.3275],[77.4561,17.3312],[77.4571,17.3474],[77.4549,17.3518],[77.4517,17.3527],[77.4511,17.3594],[77.4536,17.374],[77.4791,17.3707],[77.476,17.3684],[77.4766,17.3637],[77.4745,17.3615],[77.4839,17.355],[77.4882,17.3587],[77.5027,17.3571],[77.5158,17.3604],[77.5249,17.3647],[77.5298,17.3707],[77.5332,17.3805],[77.5263,17.3819],[77.5243,17.388],[77.5373,17.4023],[77.5379,17.4061],[77.5142,17.4142],[77.513,17.4309],[77.5373,17.4438],[77.5527,17.4371],[77.5615,17.4376],[77.5759,17.4307],[77.5762,17.4562],[77.5843,17.4545],[77.603,17.4442],[77.6143,17.446],[77.613,17.4668],[77.6153,17.4729],[77.6383,17.4735],[77.6448,17.4776],[77.6479,17.4961],[77.6572,17.5066],[77.6524,17.4827],[77.6884,17.4752],[77.688,17.4894],[77.6926,17.4989],[77.6888,17.5109],[77.6835,17.5082],[77.6755,17.5086],[77.6687,17.5116],[77.662,17.5228],[77.6453,17.5224],[77.637,17.5257],[77.628,17.5236],[77.6234,17.5256],[77.621,17.5304],[77.6194,17.5289],[77.6121,17.5348],[77.6074,17.5323],[77.6031,17.5358],[77.5969,17.5343],[77.5973,17.5537],[77.5938,17.5645],[77.5891,17.5647],[77.5881,17.56],[77.5506,17.5517],[77.5375,17.5754],[77.5284,17.5754],[77.5165,17.5592],[77.5155,17.5524],[77.5069,17.5423],[77.5001,17.5467],[77.5004,17.5559],[77.4961,17.5594],[77.494,17.5681],[77.478,17.5665],[77.4763,17.5706],[77.4709,17.5719],[77.4619,17.5808],[77.4306,17.586],[77.4012,17.5839],[77.3914,17.5862],[77.3845,17.5831],[77.3788,17.5839],[77.3793,17.595],[77.3597,17.6002],[77.3519,17.6001],[77.3404,17.5879],[77.3299,17.592],[77.311,17.5947],[77.3003,17.5977],[77.2996,17.6069],[77.2947,17.609],[77.2951,17.6151],[77.2915,17.6112],[77.2851,17.6155],[77.2872,17.6176],[77.2848,17.6192],[77.2796,17.6176],[77.2744,17.627],[77.2583,17.6233],[77.2376,17.6315],[77.2335,17.6303],[77.2301,17.6325],[77.2278,17.6303],[77.222,17.6324],[77.2187,17.6291],[77.2157,17.6308],[77.2074,17.6268],[77.2005,17.6322],[77.1976,17.632],[77.1942,17.6155],[77.1889,17.6154],[77.1876,17.6186],[77.1828,17.6181],[77.1732,17.6241],[77.1713,17.6278],[77.1552,17.6289],[77.15,17.6324],[77.1504,17.6426],[77.1437,17.6477],[77.1454,17.6546],[77.1366,17.6586],[77.1369,17.6621],[77.1328,17.6622],[77.1326,17.6822],[77.1283,17.6824],[77.1259,17.6867],[77.1192,17.6855],[77.1167,17.6873],[77.1145,17.678],[77.1063,17.674],[77.1046,17.669],[77.0895,17.6692],[77.0854,17.659],[77.0814,17.6623],[77.0737,17.6616],[77.0582,17.6731],[77.0464,17.6707],[77.0433,17.6674],[77.041,17.6717],[77.0353,17.6694],[77.0368,17.6751],[77.034,17.6768],[77.0342,17.6806],[77.0176,17.6779],[77.0063,17.6877],[77.0006,17.696],[76.9909,17.696],[76.981,17.6915],[76.9772,17.6799],[76.9779,17.6649],[76.9881,17.6619],[76.9872,17.6581],[76.9768,17.6482],[76.9714,17.6472],[76.9619,17.6396],[76.957,17.6342],[76.9581,17.621],[76.9514,17.6244],[76.9504,17.6199],[76.9404,17.6089],[76.9277,17.6119],[76.9211,17.6107],[76.9179,17.6236],[76.9252,17.626],[76.929,17.6375],[76.9149,17.6392],[76.9079,17.6351],[76.8989,17.6447],[76.8833,17.6429],[76.8641,17.6464],[76.8525,17.6446],[76.8419,17.6537],[76.8368,17.6494],[76.8232,17.6519],[76.8079,17.649],[76.793,17.6532],[76.7883,17.648],[76.7888,17.6432],[76.7845,17.6364],[76.7785,17.636],[76.772,17.6402],[76.7702,17.6463],[76.7738,17.6578],[76.7735,17.6668],[76.7328,17.6656],[76.7319,17.6588],[76.7203,17.6539],[76.7144,17.6388],[76.6988,17.6422],[76.6988,17.6473],[76.7119,17.6558],[76.711,17.6613],[76.6946,17.6618],[76.6951,17.6773],[76.691,17.6813],[76.6874,17.6801],[76.6844,17.6859],[76.6727,17.6905],[76.6642,17.6876],[76.6557,17.7179],[76.6528,17.7221],[76.6333,17.7282],[76.6282,17.7506],[76.6319,17.7546],[76.6225,17.7605],[76.6145,17.7707]]]},"properties":{"dtname":"Kalaburagi","stname":"KARNATAKA","stcode11":"29","dtcode11":"579","year_stat":"2011_c","Shape_Length":940252.8199590228,"Shape_Area":12077699811.70844,"OBJECTID":52,"test":1,"Dist_LGD":538,"State_LGD":29}},{"type":"Feature","id":56,"geometry":{"type":"Polygon","coordinates":[[[74.9902,16.9523],[74.9683,16.9502],[74.9644,16.9476],[74.9676,16.9416],[74.9607,16.94],[74.9602,16.9373],[74.9611,16.9325],[74.9658,16.9299],[74.9646,16.9268],[74.9505,16.933],[74.9484,16.9388],[74.9368,16.9442],[74.9318,16.9448],[74.9306,16.9417],[74.9232,16.9393],[74.9219,16.9299],[74.9343,16.9242],[74.9327,16.9189],[74.9383,16.9173],[74.9449,16.9106],[74.9549,16.9102],[74.9555,16.9052],[74.9637,16.9111],[74.9604,16.881],[74.9447,16.8812],[74.9445,16.8827],[74.936,16.8792],[74.9353,16.8711],[74.9256,16.872],[74.9241,16.8671],[74.9266,16.8635],[74.9016,16.8626],[74.9077,16.8502],[74.9104,16.8351],[74.9088,16.8237],[74.9109,16.7896],[74.9195,16.7725],[74.8899,16.7713],[74.8694,16.7741],[74.8658,16.7634],[74.8499,16.7728],[74.8446,16.7618],[74.7988,16.7537],[74.7958,16.7478],[74.7834,16.7513],[74.772,16.7507],[74.7694,16.7448],[74.7604,16.7413],[74.7528,16.7309],[74.7371,16.7235],[74.7322,16.7183],[74.7304,16.7201],[74.7273,16.7169],[74.6911,16.7155],[74.6886,16.7128],[74.6895,16.6865],[74.6809,16.6859],[74.6812,16.6809],[74.6889,16.6816],[74.6896,16.677],[74.6791,16.6731],[74.6796,16.6662],[74.6652,16.6657],[74.6592,16.6473],[74.6536,16.6388],[74.6591,16.6317],[74.6699,16.6294],[74.6877,16.6179],[74.6899,16.6132],[74.6871,16.6068],[74.6739,16.6092],[74.6601,16.6029],[74.6401,16.6105],[74.6362,16.6074],[74.6334,16.6004],[74.6333,16.5908],[74.6359,16.5839],[74.6287,16.5777],[74.6189,16.5841],[74.6172,16.5759],[74.6096,16.5696],[74.6044,16.569],[74.599,16.5643],[74.588,16.5661],[74.5841,16.5624],[74.5847,16.5591],[74.5747,16.559],[74.5739,16.5539],[74.5686,16.5539],[74.5607,16.5626],[74.5549,16.5645],[74.5561,16.5736],[74.5647,16.5797],[74.567,16.5854],[74.5589,16.5947],[74.5436,16.5953],[74.5428,16.6266],[74.5448,16.629],[74.5446,16.6355],[74.5039,16.6336],[74.4951,16.6298],[74.4891,16.6302],[74.4768,16.6445],[74.4718,16.6641],[74.4688,16.6638],[74.4642,16.6583],[74.4565,16.6551],[74.4584,16.6487],[74.4549,16.6473],[74.4586,16.6356],[74.4659,16.6247],[74.4658,16.6157],[74.4642,16.6151],[74.4668,16.6068],[74.4635,16.6045],[74.4355,16.6011],[74.4264,16.5957],[74.4222,16.5845],[74.4209,16.5861],[74.3967,16.5833],[74.3956,16.5722],[74.3913,16.5666],[74.393,16.5649],[74.387,16.5599],[74.3887,16.5508],[74.3872,16.5362],[74.3799,16.5286],[74.3709,16.5348],[74.358,16.5384],[74.3562,16.5498],[74.3592,16.5558],[74.3563,16.5598],[74.3541,16.5589],[74.3552,16.5551],[74.3458,16.555],[74.3398,16.5478],[74.335,16.5479],[74.3253,16.5563],[74.3158,16.5545],[74.3152,16.5046],[74.3062,16.5037],[74.301,16.5232],[74.3017,16.529],[74.2917,16.5339],[74.2832,16.5246],[74.2808,16.5315],[74.2812,16.5411],[74.2706,16.548],[74.2642,16.5398],[74.2698,16.5222],[74.2762,16.5213],[74.2781,16.5045],[74.2526,16.5006],[74.2475,16.4969],[74.2567,16.4895],[74.2609,16.4801],[74.2745,16.4856],[74.2747,16.494],[74.2797,16.5048],[74.291,16.5049],[74.2923,16.4857],[74.2885,16.4772],[74.2894,16.463],[74.292,16.4618],[74.2971,16.4645],[74.3065,16.4553],[74.3125,16.4532],[74.3247,16.4559],[74.3327,16.4548],[74.3298,16.4472],[74.3363,16.4457],[74.3328,16.4369],[74.3368,16.4288],[74.3289,16.4191],[74.3351,16.4014],[74.3449,16.4055],[74.3638,16.4051],[74.363,16.3955],[74.3581,16.3896],[74.3571,16.3835],[74.3537,16.3819],[74.3535,16.3664],[74.3474,16.3683],[74.3407,16.3887],[74.336,16.3938],[74.3276,16.3915],[74.3282,16.3854],[74.3249,16.3783],[74.3173,16.381],[74.3209,16.3759],[74.3191,16.3716],[74.3248,16.3599],[74.3177,16.3531],[74.3271,16.3425],[74.3189,16.3427],[74.3154,16.3401],[74.3166,16.3362],[74.3226,16.3344],[74.3167,16.3266],[74.3207,16.3238],[74.3288,16.3238],[74.3314,16.3207],[74.3247,16.3167],[74.3252,16.3137],[74.3333,16.3135],[74.3348,16.309],[74.332,16.3053],[74.336,16.3071],[74.3405,16.3025],[74.3404,16.2982],[74.3426,16.298],[74.3421,16.2912],[74.3348,16.2896],[74.328,16.2933],[74.3248,16.2889],[74.3259,16.2856],[74.3209,16.2845],[74.325,16.2718],[74.3285,16.2689],[74.3342,16.2688],[74.3334,16.276],[74.3385,16.2714],[74.3434,16.2731],[74.3421,16.2765],[74.3439,16.2781],[74.3505,16.2754],[74.3538,16.2828],[74.3432,16.2904],[74.3457,16.2938],[74.3594,16.2906],[74.3634,16.2851],[74.3684,16.2669],[74.3731,16.2616],[74.3807,16.262],[74.3803,16.2712],[74.3827,16.2774],[74.4079,16.2833],[74.4145,16.2827],[74.4177,16.258],[74.4359,16.2588],[74.4356,16.2512],[74.4549,16.2534],[74.4562,16.2439],[74.4687,16.2402],[74.4799,16.2506],[74.4904,16.2349],[74.4953,16.2349],[74.5029,16.2259],[74.5032,16.2225],[74.4959,16.2152],[74.5013,16.2055],[74.5078,16.2031],[74.5059,16.2014],[74.5071,16.1913],[74.5034,16.1881],[74.4939,16.1865],[74.4896,16.1774],[74.4884,16.1573],[74.4799,16.1471],[74.4852,16.1423],[74.4909,16.1167],[74.4913,16.1043],[74.4852,16.0984],[74.4849,16.0922],[74.4816,16.0889],[74.4728,16.0906],[74.4728,16.093],[74.4611,16.0998],[74.4588,16.1038],[74.443,16.1054],[74.4277,16.112],[74.41,16.1021],[74.407,16.0935],[74.3901,16.0895],[74.3909,16.0805],[74.3837,16.0829],[74.3818,16.0793],[74.3723,16.0782],[74.3716,16.0683],[74.3614,16.0539],[74.3774,16.0551],[74.3691,16.0392],[74.3735,16.0365],[74.3781,16.0377],[74.3811,16.0355],[74.4022,16.0461],[74.4056,16.0519],[74.4298,16.0592],[74.4429,16.0528],[74.4502,16.054],[74.4572,16.0482],[74.4623,16.0499],[74.4631,16.0416],[74.4566,16.0411],[74.4633,16.0392],[74.4503,16.0086],[74.4448,16.0031],[74.4464,15.9971],[74.4427,15.9917],[74.444,15.9864],[74.4379,15.9799],[74.439,15.9757],[74.4309,15.9566],[74.3869,15.905],[74.3879,15.9013],[74.3935,15.9001],[74.3968,15.8804],[74.3929,15.8784],[74.3977,15.87],[74.4064,15.8645],[74.4062,15.8554],[74.3976,15.8512],[74.3915,15.8548],[74.3882,15.8543],[74.387,15.8597],[74.3829,15.8601],[74.3801,15.8763],[74.3768,15.8824],[74.3662,15.8913],[74.3687,15.8944],[74.3648,15.8939],[74.3633,15.8749],[74.358,15.8732],[74.3456,15.8623],[74.3467,15.8588],[74.3383,15.8549],[74.3451,15.8505],[74.3832,15.8491],[74.3841,15.8401],[74.3811,15.8354],[74.38,15.8383],[74.3775,15.8323],[74.3733,15.8325],[74.3665,15.8259],[74.3654,15.8193],[74.3607,15.8178],[74.37,15.8115],[74.3688,15.807],[74.372,15.7983],[74.3691,15.7881],[74.3622,15.7824],[74.3585,15.7749],[74.3503,15.7704],[74.3457,15.7646],[74.3408,15.7647],[74.3375,15.7679],[74.3231,15.7727],[74.3191,15.7662],[74.3187,15.7584],[74.3098,15.7549],[74.308,15.7485],[74.2874,15.742],[74.2737,15.7491],[74.2684,15.7548],[74.2541,15.7452],[74.2403,15.7433],[74.228,15.7561],[74.2266,15.7627],[74.2286,15.7721],[74.2346,15.7786],[74.2336,15.787],[74.2278,15.7884],[74.2211,15.786],[74.2132,15.7801],[74.209,15.7813],[74.2015,15.7586],[74.1896,15.7522],[74.1616,15.7513],[74.1534,15.7437],[74.151,15.7358],[74.1441,15.7331],[74.1419,15.7344],[74.134,15.7298],[74.1308,15.7234],[74.1259,15.7241],[74.1222,15.7208],[74.1262,15.7185],[74.1263,15.708],[74.1315,15.7059],[74.1322,15.7024],[74.1304,15.7018],[74.1308,15.6897],[74.1258,15.681],[74.1089,15.6727],[74.0914,15.6747],[74.0882,15.6725],[74.0883,15.67],[74.1019,15.6584],[74.111,15.6577],[74.1184,15.652],[74.1356,15.6484],[74.1492,15.652],[74.1544,15.6499],[74.1575,15.6547],[74.1645,15.6535],[74.1672,15.6718],[74.181,15.6822],[74.1909,15.679],[74.1908,15.6761],[74.1862,15.6743],[74.1869,15.6675],[74.2041,15.6637],[74.2018,15.6564],[74.2052,15.6511],[74.2175,15.6528],[74.222,15.6555],[74.215,15.6626],[74.2176,15.6624],[74.2238,15.669],[74.2285,15.6645],[74.2364,15.6686],[74.2384,15.6636],[74.2431,15.6625],[74.2449,15.6582],[74.2505,15.6573],[74.252,15.6543],[74.2442,15.6261],[74.2483,15.6229],[74.2538,15.6268],[74.2644,15.6155],[74.2601,15.6066],[74.2603,15.5927],[74.2488,15.5803],[74.2506,15.5774],[74.2453,15.5666],[74.2493,15.5679],[74.2584,15.5617],[74.2618,15.5649],[74.2654,15.5584],[74.278,15.5461],[74.2827,15.5314],[74.2818,15.5262],[74.2782,15.5229],[74.2918,15.525],[74.3269,15.517],[74.3425,15.518],[74.3749,15.4808],[74.3868,15.4842],[74.3883,15.4814],[74.3945,15.4807],[74.4044,15.4739],[74.4133,15.4739],[74.4219,15.4636],[74.4264,15.3984],[74.4324,15.3987],[74.4387,15.4051],[74.4459,15.4067],[74.4565,15.4031],[74.4593,15.406],[74.4604,15.4133],[74.4646,15.4151],[74.4706,15.4094],[74.4711,15.4036],[74.4739,15.4025],[74.4726,15.3978],[74.4827,15.3958],[74.4912,15.4008],[74.5028,15.4037],[74.517,15.4024],[74.5353,15.4187],[74.5447,15.4168],[74.5583,15.4065],[74.5684,15.4025],[74.5763,15.3914],[74.5823,15.3903],[74.5857,15.3826],[74.5973,15.3762],[74.6028,15.3667],[74.614,15.3585],[74.6325,15.367],[74.6428,15.3844],[74.6494,15.3901],[74.6896,15.3979],[74.6994,15.4101],[74.7066,15.4076],[74.7181,15.4115],[74.7263,15.4115],[74.7339,15.4086],[74.7409,15.411],[74.741,15.4178],[74.7381,15.4222],[74.7311,15.4254],[74.7297,15.4315],[74.7322,15.4337],[74.7308,15.4402],[74.7403,15.4468],[74.7379,15.4484],[74.7424,15.4513],[74.742,15.4622],[74.7445,15.4635],[74.7436,15.4667],[74.7372,15.4659],[74.732,15.4709],[74.7274,15.4889],[74.7382,15.4902],[74.7486,15.4962],[74.7534,15.4873],[74.7554,15.4878],[74.754,15.4848],[74.7611,15.4705],[74.7647,15.4739],[74.7784,15.4593],[74.7887,15.474],[74.787,15.4861],[74.7959,15.4875],[74.7959,15.4912],[74.8,15.4943],[74.7981,15.4978],[74.8059,15.498],[74.8023,15.501],[74.8035,15.503],[74.8139,15.505],[74.8095,15.5126],[74.8115,15.5219],[74.798,15.5485],[74.806,15.5512],[74.8203,15.5623],[74.8199,15.5653],[74.8235,15.5661],[74.8225,15.5685],[74.841,15.5748],[74.8381,15.5771],[74.8354,15.5866],[74.8323,15.5909],[74.8299,15.5903],[74.8286,15.6083],[74.8305,15.6103],[74.8383,15.6124],[74.8403,15.6086],[74.8789,15.618],[74.8777,15.6228],[74.8836,15.6247],[74.8874,15.6297],[74.9022,15.6319],[74.9119,15.6317],[74.9328,15.6236],[74.9651,15.6272],[74.9632,15.6435],[74.9664,15.6543],[74.9781,15.6492],[74.9913,15.6516],[75.0194,15.6439],[75.022,15.6504],[75.0281,15.6518],[75.0283,15.6698],[75.0468,15.6707],[75.0498,15.6825],[75.0598,15.6821],[75.059,15.6774],[75.0632,15.6693],[75.0564,15.6325],[75.0621,15.63],[75.064,15.6257],[75.0807,15.6229],[75.0825,15.6173],[75.09,15.6122],[75.0919,15.6079],[75.0977,15.6294],[75.1015,15.6608],[75.1062,15.6603],[75.1083,15.672],[75.1239,15.668],[75.1239,15.6655],[75.1304,15.6635],[75.1324,15.6601],[75.1494,15.6585],[75.152,15.6611],[75.1529,15.6594],[75.1714,15.6606],[75.1811,15.6568],[75.184,15.6577],[75.1873,15.649],[75.2028,15.6491],[75.2027,15.6816],[75.2178,15.6816],[75.2179,15.677],[75.2363,15.679],[75.2492,15.647],[75.2738,15.6487],[75.2727,15.6629],[75.2789,15.6885],[75.2771,15.7221],[75.2737,15.7226],[75.2746,15.7404],[75.2938,15.7411],[75.2932,15.7282],[75.2997,15.7276],[75.3142,15.7301],[75.3184,15.745],[75.3184,15.7646],[75.3061,15.766],[75.3037,15.8126],[75.3249,15.8112],[75.3329,15.8164],[75.3299,15.824],[75.3393,15.8277],[75.3412,15.8048],[75.3647,15.8049],[75.375,15.8454],[75.3904,15.8378],[75.4042,15.8417],[75.4076,15.8398],[75.4246,15.842],[75.4244,15.8227],[75.4142,15.7848],[75.4372,15.7787],[75.4402,15.7953],[75.4472,15.7938],[75.4509,15.8114],[75.4527,15.8109],[75.4547,15.8185],[75.4579,15.8185],[75.4573,15.8615],[75.4511,15.8628],[75.4539,15.881],[75.4433,15.8892],[75.4472,15.8899],[75.4467,15.8931],[75.438,15.8936],[75.4416,15.9186],[75.4249,15.9214],[75.4397,15.9665],[75.4324,15.97],[75.4317,15.9754],[75.4379,16.003],[75.4309,16.0086],[75.4261,16.0094],[75.4234,16.0329],[75.4165,16.0328],[75.4156,16.04],[75.4155,16.0524],[75.4195,16.0567],[75.428,16.0526],[75.445,16.0529],[75.4453,16.0693],[75.4312,16.0693],[75.4279,16.093],[75.4314,16.0963],[75.4358,16.0966],[75.439,16.1155],[75.416,16.1158],[75.4119,16.1306],[75.407,16.1263],[75.4046,16.1139],[75.3554,16.1153],[75.3532,16.1165],[75.3544,16.1286],[75.3471,16.1238],[75.3414,16.1246],[75.3278,16.1154],[75.2759,16.1203],[75.2924,16.1728],[75.2844,16.1764],[75.286,16.1876],[75.2889,16.192],[75.2859,16.2013],[75.2808,16.1997],[75.2689,16.208],[75.2492,16.2047],[75.2324,16.2101],[75.2331,16.218],[75.2297,16.2334],[75.2385,16.251],[75.2323,16.2503],[75.2342,16.2595],[75.2252,16.2622],[75.2167,16.2689],[75.2032,16.2728],[75.1779,16.2754],[75.1703,16.2797],[75.1482,16.2825],[75.1602,16.3113],[75.1595,16.3208],[75.1487,16.3154],[75.1297,16.3309],[75.1246,16.3312],[75.1175,16.3267],[75.1091,16.3287],[75.0963,16.3249],[75.0867,16.3305],[75.0763,16.3317],[75.0652,16.3267],[75.056,16.3304],[75.0433,16.3182],[75.0347,16.338],[75.0331,16.3579],[75.0351,16.3868],[75.0397,16.398],[75.0486,16.3964],[75.0495,16.3998],[75.073,16.4044],[75.0779,16.4378],[75.028,16.4337],[75.0239,16.4356],[75.0233,16.4404],[75.0178,16.4398],[75.0154,16.4526],[75.0169,16.4584],[75.0019,16.4578],[74.9985,16.4545],[74.9885,16.4536],[74.9914,16.4629],[74.9866,16.4631],[74.9864,16.4707],[74.9892,16.4771],[74.9886,16.501],[74.9945,16.5161],[74.9981,16.5176],[75.001,16.5297],[75.0066,16.5335],[75.0077,16.5384],[75.0668,16.5394],[75.0714,16.5676],[75.0839,16.5601],[75.0877,16.5537],[75.0903,16.5382],[75.1002,16.5265],[75.1044,16.5125],[75.1089,16.5079],[75.1155,16.5061],[75.1256,16.5116],[75.1332,16.5233],[75.1525,16.5271],[75.1621,16.5345],[75.1659,16.551],[75.1572,16.5683],[75.1571,16.5838],[75.16,16.5903],[75.171,16.6004],[75.2214,16.6169],[75.2314,16.6158],[75.2428,16.608],[75.2524,16.6051],[75.2586,16.6074],[75.2554,16.619],[75.2615,16.6204],[75.2683,16.641],[75.2628,16.6807],[75.2656,16.6935],[75.29,16.7158],[75.3186,16.7186],[75.3627,16.7144],[75.3654,16.7227],[75.3626,16.7291],[75.3665,16.7424],[75.3662,16.7601],[75.3844,16.7634],[75.3809,16.7986],[75.3788,16.7984],[75.3789,16.8241],[75.3811,16.8337],[75.395,16.8632],[75.386,16.8635],[75.3807,16.8668],[75.3691,16.8663],[75.3539,16.8711],[75.3357,16.8694],[75.3343,16.9124],[75.3413,16.9415],[75.3416,16.9562],[75.2797,16.9566],[75.2795,16.9233],[75.283,16.9097],[75.29,16.904],[75.2821,16.8803],[75.2648,16.8628],[75.2377,16.8679],[75.2277,16.8432],[75.2143,16.8417],[75.1819,16.8434],[75.1891,16.8753],[75.1766,16.8677],[75.1556,16.8686],[75.1366,16.8745],[75.1325,16.8894],[75.1349,16.8947],[75.1204,16.9025],[75.1176,16.9135],[75.0964,16.9138],[75.0919,16.9261],[75.0922,16.9401],[75.0894,16.9516],[75.0782,16.9488],[75.0744,16.95],[75.0727,16.9467],[75.0621,16.9415],[75.0446,16.9417],[75.0358,16.9328],[75.0265,16.9319],[75.0253,16.928],[75.0267,16.9441],[75.0046,16.9463],[75.0004,16.9499],[74.9902,16.9523]]]},"properties":{"dtname":"Belagavi","stname":"KARNATAKA","stcode11":"29","dtcode11":"555","year_stat":"2011_c","Shape_Length":1141904.8412080815,"Shape_Area":14621548324.706741,"OBJECTID":56,"test":0,"Dist_LGD":527,"State_LGD":29}},{"type":"Feature","id":57,"geometry":{"type":"Polygon","coordinates":[[[77.065,16.954],[77.0633,16.9537],[77.0657,16.9493],[77.0629,16.9454],[77.0584,16.9466],[77.057,16.9394],[77.0468,16.9324],[77.0411,16.923],[77.0235,16.9248],[77.0196,16.9275],[77.0176,16.8986],[77.028,16.8936],[77.0339,16.8933],[77.0339,16.8838],[77.0428,16.8807],[77.0414,16.87],[77.0197,16.8674],[77.007,16.8579],[76.9799,16.8614],[76.9784,16.8546],[76.9833,16.8399],[76.9952,16.8373],[76.9907,16.8122],[76.9809,16.8098],[76.9444,16.8311],[76.9267,16.8305],[76.9225,16.8266],[76.9196,16.8179],[76.9108,16.8166],[76.9038,16.8304],[76.9017,16.8547],[76.9056,16.8586],[76.9144,16.8607],[76.9207,16.87],[76.9157,16.8718],[76.9135,16.8754],[76.9016,16.8782],[76.9015,16.8926],[76.8931,16.895],[76.8705,16.8959],[76.8703,16.8926],[76.8569,16.8912],[76.8546,16.8788],[76.8495,16.8765],[76.8414,16.8665],[76.831,16.8691],[76.8289,16.873],[76.8164,16.8737],[76.8132,16.8586],[76.8048,16.8503],[76.7911,16.85],[76.789,16.8373],[76.76,16.8441],[76.76,16.8414],[76.7635,16.8406],[76.7587,16.8358],[76.7547,16.8204],[76.7481,16.8203],[76.7448,16.8159],[76.7476,16.7554],[76.7438,16.751],[76.7289,16.7539],[76.7291,16.7723],[76.7365,16.7735],[76.7349,16.7788],[76.7279,16.7808],[76.7248,16.7847],[76.7194,16.7779],[76.7093,16.7806],[76.7094,16.7925],[76.7021,16.793],[76.7021,16.7895],[76.6995,16.7907],[76.6977,16.7865],[76.6794,16.7847],[76.6756,16.7652],[76.6608,16.767],[76.6528,16.751],[76.6588,16.7251],[76.6441,16.7334],[76.6355,16.7351],[76.6355,16.7458],[76.623,16.7425],[76.6236,16.7655],[76.6038,16.7672],[76.5822,16.7657],[76.5805,16.7585],[76.5696,16.7534],[76.5536,16.7531],[76.5529,16.7512],[76.5485,16.7511],[76.5473,16.7479],[76.5164,16.7511],[76.5034,16.7412],[76.5029,16.723],[76.4814,16.7122],[76.4609,16.7112],[76.462,16.7083],[76.4583,16.7087],[76.4522,16.7141],[76.4412,16.7087],[76.4382,16.7034],[76.4311,16.7009],[76.4254,16.6955],[76.4266,16.686],[76.4212,16.6786],[76.4203,16.6726],[76.4064,16.6566],[76.4034,16.6393],[76.405,16.6252],[76.4151,16.6054],[76.4133,16.5902],[76.4159,16.5902],[76.4229,16.5734],[76.4228,16.5509],[76.434,16.5188],[76.4328,16.5048],[76.4299,16.4986],[76.4348,16.4359],[76.4031,16.4329],[76.3903,16.4381],[76.3853,16.4256],[76.3576,16.4223],[76.3546,16.4222],[76.3506,16.4268],[76.3322,16.427],[76.3306,16.4253],[76.3336,16.4164],[76.3306,16.4096],[76.3321,16.4072],[76.3387,16.4059],[76.3347,16.3934],[76.332,16.3912],[76.3258,16.396],[76.317,16.3942],[76.3147,16.3968],[76.3105,16.3967],[76.3055,16.3829],[76.3048,16.3771],[76.3132,16.3567],[76.3143,16.3454],[76.3057,16.3459],[76.3036,16.3404],[76.2922,16.3347],[76.2916,16.3324],[76.2952,16.3204],[76.3029,16.319],[76.2981,16.2988],[76.2997,16.2833],[76.3202,16.287],[76.3202,16.2821],[76.3478,16.2777],[76.3462,16.2497],[76.3528,16.2354],[76.3491,16.2302],[76.3474,16.2157],[76.3315,16.1941],[76.3514,16.2006],[76.3558,16.2063],[76.3614,16.2073],[76.3688,16.218],[76.3861,16.2254],[76.3956,16.2317],[76.3977,16.2366],[76.4158,16.2455],[76.4192,16.2491],[76.4146,16.2505],[76.4167,16.253],[76.4368,16.2631],[76.4442,16.2703],[76.4598,16.2797],[76.4673,16.282],[76.4738,16.2895],[76.4822,16.2943],[76.4923,16.2986],[76.5085,16.2991],[76.5179,16.3022],[76.5527,16.3194],[76.5682,16.3299],[76.5833,16.3314],[76.5902,16.3388],[76.6113,16.3416],[76.6323,16.3561],[76.6503,16.361],[76.666,16.3736],[76.6871,16.3826],[76.7016,16.3923],[76.7443,16.4096],[76.7505,16.4205],[76.7608,16.4287],[76.7855,16.4178],[76.8289,16.4258],[76.8411,16.4305],[76.8545,16.4413],[76.8648,16.4568],[76.8659,16.4668],[76.8633,16.4826],[76.8708,16.4898],[76.8823,16.4924],[76.9119,16.4849],[76.9412,16.4996],[76.9714,16.5038],[76.9766,16.5167],[76.9681,16.5446],[76.9706,16.5542],[76.9785,16.5609],[76.9944,16.5602],[77.0074,16.55],[77.0101,16.5428],[77.0053,16.5156],[77.0133,16.4996],[77.0256,16.5016],[77.044,16.5183],[77.0536,16.5209],[77.0577,16.5198],[77.0688,16.5076],[77.087,16.499],[77.0922,16.4935],[77.0977,16.4938],[77.1033,16.489],[77.1228,16.4817],[77.143,16.4799],[77.1561,16.4727],[77.1642,16.4602],[77.1651,16.4509],[77.1622,16.4453],[77.1734,16.4326],[77.2415,16.418],[77.262,16.4048],[77.2674,16.4037],[77.2882,16.4087],[77.269,16.4305],[77.2621,16.4519],[77.2444,16.4633],[77.2359,16.4727],[77.2397,16.476],[77.2471,16.4774],[77.2661,16.4725],[77.294,16.4767],[77.2994,16.4879],[77.2987,16.4962],[77.3203,16.4922],[77.3236,16.4869],[77.3296,16.4859],[77.3444,16.487],[77.3464,16.4904],[77.3515,16.4911],[77.3547,16.4888],[77.369,16.4887],[77.3701,16.5046],[77.3791,16.5146],[77.3906,16.5161],[77.4022,16.5215],[77.4169,16.5173],[77.4192,16.5224],[77.4191,16.5489],[77.4038,16.5512],[77.4042,16.5542],[77.4,16.5557],[77.3975,16.5648],[77.3927,16.564],[77.3929,16.57],[77.4,16.5675],[77.4057,16.5719],[77.4118,16.5709],[77.4154,16.5675],[77.4215,16.5683],[77.4397,16.5872],[77.4623,16.5855],[77.4649,16.5924],[77.4622,16.5972],[77.4673,16.5986],[77.4678,16.6098],[77.4582,16.6107],[77.4537,16.6168],[77.4562,16.623],[77.464,16.6283],[77.4644,16.6325],[77.4761,16.6501],[77.4729,16.6528],[77.4624,16.6543],[77.4565,16.6468],[77.4444,16.6391],[77.4344,16.6414],[77.4386,16.6453],[77.4298,16.6562],[77.419,16.6585],[77.4189,16.6686],[77.4282,16.6682],[77.4346,16.671],[77.4426,16.6699],[77.4478,16.6793],[77.4639,16.6763],[77.47,16.6877],[77.4699,16.7056],[77.4741,16.7166],[77.4638,16.7192],[77.4578,16.716],[77.4472,16.7207],[77.4462,16.7165],[77.442,16.717],[77.4413,16.7131],[77.4385,16.7117],[77.4328,16.7173],[77.4277,16.7166],[77.4261,16.7212],[77.4261,16.7229],[77.431,16.7231],[77.427,16.7289],[77.4298,16.7348],[77.4333,16.7367],[77.4432,16.7625],[77.4379,16.7747],[77.4395,16.7891],[77.4411,16.7862],[77.4672,16.7805],[77.4745,16.7813],[77.4765,16.7884],[77.4734,16.7892],[77.4743,16.8023],[77.4657,16.8059],[77.4665,16.8083],[77.4625,16.8138],[77.4633,16.8222],[77.4571,16.8302],[77.4641,16.8506],[77.4604,16.8848],[77.4251,16.8851],[77.4112,16.8747],[77.4033,16.8842],[77.4015,16.8832],[77.4018,16.8967],[77.4065,16.9019],[77.4027,16.8998],[77.4019,16.9031],[77.3958,16.9033],[77.3895,16.8912],[77.3891,16.8964],[77.3847,16.8985],[77.3841,16.8941],[77.3821,16.8958],[77.3766,16.8946],[77.3767,16.8979],[77.3714,16.8977],[77.3658,16.9046],[77.3517,16.908],[77.3484,16.912],[77.3418,16.9342],[77.3397,16.9306],[77.336,16.9299],[77.3187,16.9364],[77.3114,16.9274],[77.295,16.9324],[77.2895,16.9372],[77.2891,16.9335],[77.2631,16.9283],[77.2551,16.9323],[77.2462,16.9329],[77.2449,16.9404],[77.242,16.9431],[77.2327,16.9391],[77.2317,16.9428],[77.2265,16.9414],[77.2114,16.9449],[77.2085,16.9376],[77.2048,16.9381],[77.1994,16.9338],[77.1961,16.9268],[77.1841,16.9425],[77.1657,16.9389],[77.1616,16.9308],[77.1602,16.9156],[77.1384,16.915],[77.1256,16.918],[77.1184,16.9099],[77.1106,16.9057],[77.0948,16.9062],[77.0888,16.9184],[77.0862,16.9368],[77.0839,16.9362],[77.0759,16.9427],[77.0715,16.9397],[77.0726,16.9527],[77.065,16.954]]]},"properties":{"dtname":"Yadgir","stname":"KARNATAKA","stcode11":"29","dtcode11":"580","year_stat":"2011_c","Shape_Length":575750.2864276501,"Shape_Area":5776520262.704662,"OBJECTID":57,"test":0,"Dist_LGD":635,"State_LGD":29}},{"type":"Feature","id":58,"geometry":{"type":"Polygon","coordinates":[[[75.4207,16.7679],[75.4077,16.7638],[75.4078,16.7615],[75.3925,16.7596],[75.387,16.7604],[75.3844,16.7634],[75.3662,16.7601],[75.3665,16.7424],[75.3626,16.7291],[75.3654,16.7227],[75.3627,16.7144],[75.3186,16.7186],[75.288,16.7151],[75.2646,16.6916],[75.2628,16.6807],[75.2683,16.641],[75.2615,16.6204],[75.2554,16.619],[75.2581,16.6116],[75.2568,16.6093],[75.2589,16.6077],[75.2524,16.6051],[75.2428,16.608],[75.2314,16.6158],[75.2214,16.6169],[75.1771,16.6038],[75.1688,16.5987],[75.1573,16.585],[75.157,16.5691],[75.165,16.554],[75.166,16.5477],[75.1621,16.5345],[75.1549,16.5284],[75.1357,16.5246],[75.1214,16.5086],[75.1155,16.5061],[75.1105,16.507],[75.1053,16.511],[75.1002,16.5265],[75.0903,16.5382],[75.0877,16.5537],[75.0845,16.5593],[75.0714,16.5676],[75.0668,16.5394],[75.0077,16.5384],[75.0066,16.5335],[75.001,16.5297],[74.9981,16.5176],[74.9945,16.5161],[74.9886,16.501],[74.9892,16.4771],[74.9863,16.4695],[74.9866,16.4631],[74.9914,16.4629],[74.9885,16.4536],[74.9985,16.4545],[75.0019,16.4578],[75.0169,16.4584],[75.0154,16.4526],[75.0178,16.4398],[75.0233,16.4404],[75.0239,16.4356],[75.028,16.4337],[75.0779,16.4378],[75.073,16.4044],[75.0495,16.3998],[75.0486,16.3964],[75.0397,16.398],[75.0351,16.3868],[75.0331,16.3579],[75.0347,16.338],[75.0433,16.3182],[75.056,16.3304],[75.0652,16.3267],[75.0763,16.3317],[75.0867,16.3305],[75.0963,16.3249],[75.1091,16.3287],[75.1175,16.3267],[75.1246,16.3312],[75.1297,16.3309],[75.1487,16.3154],[75.1595,16.3208],[75.1602,16.3113],[75.1482,16.2825],[75.1703,16.2797],[75.1779,16.2754],[75.2032,16.2728],[75.2167,16.2689],[75.2252,16.2622],[75.2342,16.2595],[75.2323,16.2503],[75.2385,16.251],[75.2297,16.2334],[75.2331,16.218],[75.2324,16.2101],[75.2492,16.2047],[75.2689,16.208],[75.2808,16.1997],[75.2859,16.2013],[75.2889,16.192],[75.286,16.1876],[75.2844,16.1764],[75.2924,16.1728],[75.2759,16.1203],[75.3278,16.1154],[75.3414,16.1246],[75.3471,16.1238],[75.3544,16.1286],[75.3532,16.1165],[75.3554,16.1153],[75.4046,16.1139],[75.407,16.1263],[75.4119,16.1306],[75.416,16.1158],[75.439,16.1155],[75.4358,16.0966],[75.4314,16.0963],[75.4279,16.093],[75.4312,16.0693],[75.4453,16.0693],[75.445,16.0529],[75.428,16.0526],[75.4195,16.0567],[75.4155,16.0524],[75.4165,16.0328],[75.4234,16.0329],[75.4261,16.0094],[75.4309,16.0086],[75.4379,16.003],[75.4317,15.9754],[75.4324,15.97],[75.4397,15.9665],[75.4249,15.9214],[75.4416,15.9186],[75.438,15.8936],[75.4467,15.8931],[75.4472,15.8899],[75.4433,15.8892],[75.448,15.8862],[75.4615,15.8868],[75.4588,15.8846],[75.4598,15.8801],[75.463,15.8791],[75.4637,15.8818],[75.4655,15.8814],[75.4657,15.8773],[75.4757,15.8763],[75.4741,15.8733],[75.4789,15.8711],[75.4778,15.8755],[75.4803,15.8777],[75.4826,15.8749],[75.4871,15.8769],[75.4918,15.873],[75.4979,15.8723],[75.4975,15.8702],[75.5053,15.8618],[75.5024,15.8583],[75.507,15.8555],[75.5079,15.8602],[75.5197,15.8577],[75.5206,15.8529],[75.5157,15.8541],[75.5124,15.8514],[75.5199,15.8461],[75.5224,15.8401],[75.5315,15.8421],[75.5326,15.84],[75.5299,15.8349],[75.5383,15.8349],[75.539,15.8332],[75.547,15.8365],[75.5565,15.8325],[75.5507,15.8279],[75.5522,15.8249],[75.5631,15.8304],[75.5635,15.8361],[75.5665,15.8384],[75.5713,15.8338],[75.5682,15.8339],[75.566,15.8297],[75.5768,15.8306],[75.5769,15.8248],[75.5872,15.8334],[75.6001,15.8268],[75.609,15.8306],[75.6055,15.8272],[75.6166,15.8212],[75.6178,15.8356],[75.6309,15.8339],[75.6313,15.8308],[75.6354,15.8335],[75.6371,15.8409],[75.6425,15.8414],[75.6442,15.8402],[75.6429,15.832],[75.6514,15.8304],[75.6569,15.8266],[75.6616,15.8288],[75.6601,15.8343],[75.6627,15.8378],[75.6722,15.8363],[75.6755,15.8315],[75.6743,15.8245],[75.6761,15.8211],[75.6803,15.8219],[75.6832,15.8302],[75.6887,15.8306],[75.6967,15.8247],[75.7086,15.8292],[75.7139,15.8277],[75.722,15.8179],[75.7369,15.8163],[75.737,15.8134],[75.7448,15.8128],[75.7491,15.815],[75.7796,15.8172],[75.7775,15.8273],[75.7744,15.8273],[75.7767,15.849],[75.7803,15.8527],[75.7872,15.8491],[75.7977,15.8478],[75.8,15.8577],[75.8091,15.8547],[75.8061,15.8486],[75.8137,15.8469],[75.8208,15.8498],[75.821,15.8455],[75.8295,15.8399],[75.8471,15.8388],[75.85,15.8605],[75.8488,15.872],[75.8401,15.8718],[75.8383,15.865],[75.8281,15.8665],[75.8353,15.8823],[75.8324,15.8868],[75.8298,15.8868],[75.8297,15.8965],[75.8274,15.9004],[75.8119,15.8999],[75.8104,15.8937],[75.7979,15.8967],[75.7791,15.8974],[75.7784,15.9002],[75.7736,15.9024],[75.7789,15.9075],[75.7753,15.9141],[75.7762,15.9183],[75.7886,15.925],[75.7908,15.9231],[75.8115,15.9237],[75.8108,15.9253],[75.8258,15.9271],[75.8366,15.9257],[75.8396,15.931],[75.8532,15.9356],[75.8782,15.9317],[75.8915,15.9163],[75.9028,15.9182],[75.9017,15.9236],[75.9141,15.9124],[75.9271,15.895],[75.9259,15.8866],[75.9288,15.8825],[75.9283,15.8757],[75.9415,15.8745],[75.9445,15.8669],[75.9635,15.8655],[75.9664,15.8592],[75.9744,15.8618],[75.9791,15.8733],[75.9753,15.8967],[75.9767,15.9005],[75.9742,15.9225],[75.9768,15.93],[75.9777,15.9515],[75.9744,15.9524],[75.9759,15.9615],[75.9737,15.9864],[75.9871,15.996],[75.9897,15.9993],[75.9897,16.0053],[76.0122,16.0022],[76.0177,16.0034],[76.0217,16.0092],[76.0522,16.0033],[76.0524,16.0058],[76.0566,16.0056],[76.0567,16.0118],[76.0788,16.0108],[76.0845,15.9962],[76.0726,15.9653],[76.0709,15.9485],[76.0628,15.9155],[76.0582,15.9074],[76.0706,15.9027],[76.1012,15.9006],[76.1031,15.8939],[76.1173,15.8864],[76.1254,15.8937],[76.1453,15.8953],[76.154,15.9148],[76.1606,15.9212],[76.1721,15.9247],[76.1724,15.9316],[76.19,15.9317],[76.1997,15.9351],[76.2004,15.9438],[76.2266,15.9409],[76.23,15.9232],[76.2569,15.9228],[76.2573,15.9154],[76.2614,15.9148],[76.2621,15.9067],[76.2716,15.905],[76.276,15.9105],[76.2776,15.9094],[76.2761,15.9038],[76.2847,15.9028],[76.2853,15.929],[76.3018,15.9306],[76.3024,15.9236],[76.3121,15.9226],[76.3133,15.9294],[76.3285,15.9323],[76.3227,15.956],[76.3095,15.9573],[76.3014,15.9752],[76.2981,15.9896],[76.298,15.9991],[76.3119,16.0001],[76.3114,16.0129],[76.3055,16.0253],[76.303,16.0382],[76.3059,16.0634],[76.3056,16.0665],[76.3034,16.0667],[76.3032,16.0735],[76.2838,16.0753],[76.2589,16.074],[76.2568,16.0858],[76.2582,16.0905],[76.2939,16.0884],[76.3006,16.084],[76.328,16.0775],[76.3323,16.092],[76.2883,16.1058],[76.2678,16.1097],[76.2619,16.0968],[76.2555,16.0971],[76.2526,16.1051],[76.2542,16.1102],[76.2442,16.1137],[76.2465,16.1281],[76.2342,16.1307],[76.2387,16.1667],[76.1647,16.186],[76.1393,16.1811],[76.1207,16.1912],[76.0957,16.1983],[76.0829,16.2055],[76.0678,16.2076],[76.0632,16.2105],[76.0579,16.2277],[76.0591,16.2326],[76.0681,16.2438],[76.0654,16.2621],[76.0587,16.2713],[76.0325,16.2894],[76.0265,16.3007],[76.0095,16.3045],[75.9991,16.3033],[75.9922,16.2996],[75.9561,16.2972],[75.9305,16.3158],[75.9001,16.3229],[75.8913,16.327],[75.8733,16.3447],[75.8405,16.3491],[75.8265,16.3611],[75.8103,16.3703],[75.7892,16.3741],[75.7732,16.3832],[75.7562,16.3848],[75.7485,16.3885],[75.7209,16.391],[75.7031,16.4078],[75.6887,16.4144],[75.6779,16.4242],[75.6712,16.4248],[75.6328,16.4443],[75.6075,16.448],[75.5995,16.4465],[75.584,16.4326],[75.5752,16.4128],[75.5674,16.4126],[75.5608,16.417],[75.556,16.4267],[75.552,16.4449],[75.5523,16.4559],[75.5461,16.4624],[75.5364,16.4663],[75.5291,16.4655],[75.4991,16.4536],[75.4957,16.4467],[75.4985,16.4307],[75.4954,16.4245],[75.4886,16.4186],[75.4791,16.416],[75.465,16.4184],[75.4567,16.4124],[75.4477,16.414],[75.4338,16.4294],[75.4324,16.4366],[75.4633,16.4738],[75.4592,16.4843],[75.4556,16.5067],[75.4859,16.5086],[75.4908,16.526],[75.4907,16.5295],[75.4885,16.5301],[75.4884,16.5551],[75.4796,16.5574],[75.4808,16.5612],[75.4723,16.5634],[75.473,16.567],[75.4781,16.5674],[75.4839,16.5731],[75.4849,16.5808],[75.4912,16.5856],[75.4937,16.5932],[75.485,16.6064],[75.474,16.6121],[75.4621,16.6226],[75.455,16.6639],[75.4473,16.6651],[75.4379,16.6979],[75.4627,16.6999],[75.4884,16.6945],[75.4921,16.7442],[75.4916,16.7459],[75.477,16.7473],[75.4654,16.7549],[75.4428,16.7573],[75.4261,16.7679],[75.4207,16.7679]]]},"properties":{"dtname":"Bagalkote","stname":"KARNATAKA","stcode11":"29","dtcode11":"556","year_stat":"2011_c","Shape_Length":696275.6728503426,"Shape_Area":7147971190.93795,"OBJECTID":58,"test":0,"Dist_LGD":524,"State_LGD":29}},{"type":"Feature","id":62,"geometry":{"type":"Polygon","coordinates":[[[76.9883,16.5617],[76.976,16.5602],[76.9693,16.5515],[76.9697,16.5344],[76.9766,16.5167],[76.9714,16.5038],[76.9412,16.4996],[76.9119,16.4849],[76.8823,16.4924],[76.8699,16.4893],[76.8633,16.4826],[76.8659,16.4668],[76.8648,16.4568],[76.8545,16.4413],[76.8411,16.4305],[76.8289,16.4258],[76.7855,16.4178],[76.7608,16.4287],[76.7505,16.4205],[76.7443,16.4096],[76.7016,16.3923],[76.6871,16.3826],[76.666,16.3736],[76.6503,16.361],[76.6323,16.3561],[76.6113,16.3416],[76.5902,16.3388],[76.5833,16.3314],[76.5682,16.3299],[76.5527,16.3194],[76.5179,16.3022],[76.5085,16.2991],[76.4915,16.2984],[76.4783,16.2922],[76.4673,16.282],[76.4598,16.2797],[76.4442,16.2703],[76.4368,16.2631],[76.4167,16.253],[76.4146,16.2505],[76.4192,16.2491],[76.4158,16.2455],[76.3977,16.2366],[76.3956,16.2317],[76.3861,16.2254],[76.3688,16.218],[76.3614,16.2073],[76.3558,16.2063],[76.3514,16.2006],[76.3218,16.1898],[76.3158,16.191],[76.2982,16.1855],[76.2949,16.1822],[76.2882,16.1593],[76.2806,16.1527],[76.2685,16.1527],[76.2498,16.1644],[76.2419,16.1668],[76.2387,16.1667],[76.2376,16.1609],[76.2342,16.1307],[76.2465,16.1281],[76.2442,16.1137],[76.2542,16.1102],[76.2526,16.1051],[76.2555,16.0971],[76.2619,16.0968],[76.2678,16.1097],[76.2883,16.1058],[76.3323,16.092],[76.328,16.0775],[76.3006,16.084],[76.2939,16.0884],[76.2582,16.0905],[76.2573,16.0884],[76.2589,16.074],[76.2838,16.0753],[76.3032,16.0735],[76.3034,16.0667],[76.3056,16.0665],[76.3059,16.0634],[76.303,16.0382],[76.3055,16.0253],[76.3114,16.0129],[76.3119,16.0001],[76.298,15.9991],[76.2981,15.9896],[76.3014,15.9752],[76.3095,15.9573],[76.3227,15.956],[76.329,15.9348],[76.3285,15.9323],[76.3133,15.9294],[76.3121,15.9226],[76.3024,15.9236],[76.3018,15.9306],[76.2853,15.929],[76.2854,15.9027],[76.2898,15.8928],[76.301,15.8957],[76.3057,15.8932],[76.3136,15.8947],[76.316,15.905],[76.3229,15.9031],[76.3339,15.9055],[76.3449,15.9005],[76.3453,15.8872],[76.3379,15.8718],[76.3512,15.8637],[76.3532,15.866],[76.3555,15.8646],[76.3589,15.8818],[76.3588,15.9014],[76.3535,15.9028],[76.3592,15.9097],[76.3701,15.9128],[76.3736,15.9174],[76.3751,15.9022],[76.4037,15.9021],[76.4038,15.8994],[76.4269,15.8903],[76.4247,15.8884],[76.4218,15.8725],[76.4182,15.8689],[76.4329,15.8583],[76.4479,15.8538],[76.4515,15.8459],[76.4422,15.8241],[76.438,15.8247],[76.4223,15.812],[76.4205,15.8054],[76.4177,15.8066],[76.4133,15.8045],[76.413,15.7968],[76.4152,15.7916],[76.422,15.7909],[76.4222,15.7856],[76.4335,15.787],[76.4395,15.7844],[76.4392,15.75],[76.4475,15.744],[76.4433,15.7382],[76.4473,15.7343],[76.4822,15.7192],[76.4849,15.7143],[76.4905,15.7134],[76.4915,15.7075],[76.5104,15.7168],[76.5147,15.7143],[76.5148,15.7104],[76.5176,15.7129],[76.5261,15.7075],[76.5289,15.7003],[76.5319,15.6993],[76.5357,15.6989],[76.5357,15.7036],[76.54,15.7042],[76.5444,15.7034],[76.5416,15.6987],[76.553,15.6999],[76.5614,15.7031],[76.5619,15.7057],[76.5861,15.6976],[76.597,15.6996],[76.5995,15.674],[76.6539,15.6657],[76.6535,15.6603],[76.6718,15.6582],[76.6702,15.6389],[76.6906,15.6482],[76.6939,15.6342],[76.6936,15.6247],[76.6804,15.6271],[76.6796,15.6127],[76.6802,15.6066],[76.6855,15.606],[76.6908,15.6013],[76.6888,15.5959],[76.7003,15.591],[76.7009,15.5945],[76.7213,15.5913],[76.7383,15.5928],[76.749,15.5899],[76.7544,15.5869],[76.7559,15.5709],[76.7589,15.5669],[76.7784,15.5571],[76.7862,15.5565],[76.8108,15.5475],[76.8347,15.5643],[76.8351,15.5814],[76.8323,15.5957],[76.8365,15.6026],[76.8324,15.6183],[76.8343,15.6278],[76.8577,15.6424],[76.8616,15.6539],[76.8721,15.6657],[76.8809,15.6713],[76.8894,15.6849],[76.9068,15.6904],[76.9169,15.6997],[76.9223,15.7281],[76.9429,15.7619],[76.967,15.7743],[76.983,15.7939],[76.9927,15.8017],[76.9988,15.8112],[77.016,15.8222],[77.0228,15.8313],[77.0337,15.8589],[77.0559,15.8816],[77.0613,15.8945],[77.0711,15.9088],[77.1026,15.9287],[77.1359,15.9376],[77.1432,15.9447],[77.1551,15.9501],[77.1741,15.9508],[77.1853,15.9568],[77.205,15.9551],[77.2186,15.958],[77.2355,15.9572],[77.2489,15.9646],[77.2847,15.9538],[77.3011,15.958],[77.3241,15.9502],[77.3482,15.9513],[77.3613,15.9494],[77.3795,15.9398],[77.3977,15.9445],[77.4144,15.942],[77.4226,15.9475],[77.4296,15.9491],[77.466,15.9345],[77.4988,15.9332],[77.5135,15.9268],[77.5198,15.9669],[77.5164,15.9674],[77.5096,15.9804],[77.5141,16.0081],[77.5044,16.0114],[77.5044,16.0182],[77.4956,16.031],[77.494,16.037],[77.4995,16.0537],[77.4965,16.0551],[77.4995,16.061],[77.5026,16.0588],[77.5069,16.0797],[77.4937,16.0864],[77.501,16.1062],[77.5088,16.1092],[77.5133,16.108],[77.5003,16.1206],[77.4898,16.1196],[77.4907,16.1596],[77.4862,16.163],[77.4914,16.1846],[77.4995,16.1986],[77.4982,16.2096],[77.5012,16.2217],[77.5028,16.2237],[77.515,16.222],[77.5157,16.2278],[77.5132,16.2309],[77.5036,16.231],[77.4951,16.2271],[77.4924,16.2293],[77.493,16.2441],[77.4901,16.2552],[77.5024,16.2631],[77.5052,16.2676],[77.5048,16.2758],[77.5105,16.2746],[77.5139,16.2779],[77.5219,16.278],[77.5296,16.2755],[77.5294,16.2728],[77.5369,16.2668],[77.5409,16.2855],[77.5451,16.2917],[77.5632,16.3017],[77.5689,16.3036],[77.582,16.2914],[77.5978,16.2931],[77.592,16.3022],[77.5954,16.3181],[77.59,16.3255],[77.5909,16.3293],[77.5881,16.3334],[77.5953,16.3397],[77.5949,16.3432],[77.5734,16.3408],[77.555,16.3488],[77.5461,16.3569],[77.5393,16.3579],[77.5319,16.3633],[77.5227,16.3762],[77.5144,16.375],[77.4893,16.385],[77.4747,16.3818],[77.4417,16.3809],[77.426,16.3676],[77.4115,16.3675],[77.3787,16.3854],[77.3497,16.3837],[77.3346,16.3949],[77.3116,16.3987],[77.2972,16.407],[77.2882,16.4087],[77.2721,16.4039],[77.2635,16.4042],[77.2429,16.4176],[77.1739,16.4323],[77.1622,16.4453],[77.1651,16.4509],[77.1642,16.4602],[77.1561,16.4727],[77.143,16.4799],[77.1228,16.4817],[77.1033,16.489],[77.0977,16.4938],[77.0922,16.4935],[77.087,16.499],[77.0688,16.5076],[77.0577,16.5198],[77.0536,16.5209],[77.044,16.5183],[77.0256,16.5016],[77.0133,16.4996],[77.0052,16.5173],[77.0098,16.5448],[77.0064,16.5515],[76.9989,16.5575],[76.9883,16.5617]]]},"properties":{"dtname":"Raichur","stname":"KARNATAKA","stcode11":"29","dtcode11":"559","year_stat":"2011_c","Shape_Length":570202.3927575946,"Shape_Area":9197327618.495146,"OBJECTID":62,"test":0,"Dist_LGD":546,"State_LGD":29}},{"type":"Feature","id":65,"geometry":{"type":"Polygon","coordinates":[[[76.058,16.0116],[76.0566,16.0056],[76.0524,16.0058],[76.0522,16.0033],[76.0217,16.0092],[76.0177,16.0034],[76.0122,16.0022],[75.9897,16.0053],[75.9897,15.9993],[75.9871,15.996],[75.9738,15.987],[75.9759,15.9615],[75.9744,15.9524],[75.9777,15.9515],[75.9768,15.93],[75.9742,15.9225],[75.9767,15.9005],[75.9753,15.8967],[75.9791,15.8733],[75.9737,15.8615],[75.9664,15.8592],[75.9635,15.8655],[75.9445,15.8669],[75.9415,15.8745],[75.9283,15.8757],[75.9288,15.8825],[75.9259,15.8866],[75.9271,15.895],[75.9141,15.9124],[75.9017,15.9236],[75.9028,15.9182],[75.8915,15.9163],[75.8767,15.9321],[75.8532,15.9356],[75.8396,15.931],[75.8366,15.9257],[75.8258,15.9271],[75.8108,15.9253],[75.8115,15.9237],[75.7908,15.9231],[75.7886,15.925],[75.7762,15.9183],[75.7753,15.9141],[75.7789,15.9075],[75.778,15.9046],[75.7736,15.9026],[75.7791,15.8974],[75.7979,15.8967],[75.8104,15.8937],[75.8119,15.8999],[75.8274,15.9004],[75.8297,15.8965],[75.8298,15.8868],[75.8324,15.8868],[75.8353,15.8823],[75.8281,15.8665],[75.8383,15.865],[75.8401,15.8718],[75.8488,15.872],[75.85,15.8605],[75.8463,15.8394],[75.872,15.8292],[75.9006,15.811],[75.9078,15.8089],[75.929,15.791],[75.9385,15.7908],[75.961,15.7839],[75.9639,15.7946],[75.9675,15.7943],[75.9762,15.8003],[75.9845,15.8024],[75.9884,15.8016],[75.9906,15.7868],[75.9946,15.7807],[76.0099,15.784],[76.0124,15.7796],[76.019,15.779],[76.0199,15.7757],[76.0337,15.7703],[76.0389,15.7709],[76.0395,15.7684],[76.0405,15.7632],[76.0348,15.7547],[76.04,15.7539],[76.0373,15.7369],[76.0435,15.7366],[76.0451,15.7255],[76.0416,15.7183],[76.0303,15.7149],[76.0232,15.7093],[76.0191,15.715],[76.0049,15.7156],[76.0042,15.7116],[75.9929,15.7062],[75.9845,15.6938],[75.9837,15.6898],[75.9883,15.6882],[75.9843,15.6812],[75.9834,15.6673],[75.9901,15.6699],[75.995,15.6779],[76.0142,15.6802],[76.0165,15.6785],[76.0162,15.6731],[76.0113,15.6624],[75.968,15.6643],[75.967,15.6789],[75.9613,15.6759],[75.9436,15.6764],[75.9401,15.6824],[75.9404,15.6932],[75.9259,15.6923],[75.9155,15.6977],[75.9153,15.7044],[75.9215,15.7261],[75.9104,15.7317],[75.9106,15.7445],[75.8974,15.7505],[75.8928,15.7384],[75.8831,15.7375],[75.8888,15.7287],[75.8911,15.7284],[75.887,15.7169],[75.8711,15.7144],[75.8711,15.6726],[75.8836,15.6716],[75.8875,15.6683],[75.8886,15.6503],[75.8858,15.6338],[75.8947,15.6324],[75.894,15.6254],[75.8984,15.6249],[75.8975,15.6071],[75.8946,15.607],[75.8946,15.6033],[75.8822,15.6003],[75.8825,15.5971],[75.8792,15.5965],[75.8788,15.5992],[75.8669,15.596],[75.8677,15.5607],[75.8603,15.5138],[75.8505,15.5158],[75.8495,15.5123],[75.8328,15.5101],[75.8314,15.5068],[75.8191,15.5079],[75.8241,15.4957],[75.8149,15.4955],[75.8158,15.4869],[75.8096,15.4867],[75.8129,15.4676],[75.8188,15.4686],[75.8193,15.4562],[75.8238,15.4518],[75.8366,15.4473],[75.8399,15.4428],[75.859,15.4442],[75.859,15.4239],[75.8654,15.4238],[75.8658,15.4078],[75.8844,15.4088],[75.904,15.4029],[75.9013,15.3757],[75.9028,15.3544],[75.8874,15.3532],[75.8933,15.3186],[75.8899,15.3115],[75.8887,15.2904],[75.894,15.2804],[75.8992,15.2766],[75.8948,15.2734],[75.9,15.2453],[75.9029,15.2433],[75.9033,15.2394],[75.9118,15.2405],[75.9245,15.2059],[75.9263,15.1954],[75.9248,15.1827],[75.9483,15.1731],[75.9517,15.1377],[75.9642,15.1418],[75.9785,15.1528],[75.9954,15.1468],[76.0061,15.1492],[76.0272,15.1428],[76.0434,15.1448],[76.0569,15.157],[76.0834,15.1595],[76.0938,15.1628],[76.1035,15.1684],[76.1058,15.1847],[76.1117,15.1987],[76.1251,15.2034],[76.1559,15.1959],[76.1602,15.2008],[76.1575,15.2102],[76.1599,15.2149],[76.174,15.2275],[76.1875,15.235],[76.2312,15.2313],[76.2327,15.2278],[76.2178,15.2017],[76.2189,15.1966],[76.2297,15.1885],[76.249,15.1908],[76.255,15.1971],[76.2572,15.2063],[76.2683,15.2066],[76.2914,15.2231],[76.2915,15.2323],[76.301,15.2426],[76.3004,15.2511],[76.3029,15.2557],[76.3197,15.2644],[76.3337,15.2637],[76.3406,15.276],[76.3507,15.3104],[76.3578,15.3234],[76.364,15.3284],[76.3889,15.3309],[76.4046,15.3257],[76.4318,15.3392],[76.4506,15.3393],[76.4603,15.3444],[76.4718,15.3444],[76.4772,15.3495],[76.4934,15.345],[76.5487,15.3869],[76.555,15.3967],[76.5718,15.4013],[76.5924,15.413],[76.5961,15.4255],[76.6123,15.4429],[76.6399,15.4442],[76.666,15.4499],[76.6714,15.4531],[76.684,15.4718],[76.709,15.4886],[76.7265,15.4926],[76.7415,15.4909],[76.7802,15.4929],[76.797,15.5011],[76.8116,15.5137],[76.8126,15.5169],[76.8079,15.5243],[76.8108,15.5475],[76.7862,15.5565],[76.7784,15.5571],[76.7589,15.5669],[76.7559,15.5709],[76.7535,15.5879],[76.7383,15.5928],[76.7213,15.5913],[76.7009,15.5945],[76.7003,15.591],[76.6888,15.5959],[76.6908,15.6013],[76.6855,15.606],[76.6802,15.6066],[76.6796,15.6127],[76.6804,15.6271],[76.6936,15.6247],[76.6939,15.6342],[76.6906,15.6482],[76.6702,15.6389],[76.6718,15.6582],[76.6535,15.6603],[76.6539,15.6657],[76.5995,15.674],[76.597,15.6996],[76.5861,15.6976],[76.5619,15.7057],[76.5614,15.7031],[76.553,15.6999],[76.5416,15.6987],[76.5444,15.7034],[76.54,15.7042],[76.5357,15.7036],[76.5357,15.6989],[76.5319,15.6993],[76.5289,15.7003],[76.5261,15.7075],[76.5176,15.7129],[76.5148,15.7104],[76.5147,15.7143],[76.5104,15.7168],[76.4915,15.7075],[76.4905,15.7134],[76.4849,15.7143],[76.4822,15.7192],[76.4473,15.7343],[76.4433,15.7382],[76.4475,15.744],[76.4392,15.75],[76.4395,15.7844],[76.4335,15.787],[76.4222,15.7856],[76.422,15.7909],[76.4152,15.7916],[76.413,15.7968],[76.4133,15.8045],[76.4177,15.8066],[76.4205,15.8054],[76.4223,15.812],[76.438,15.8247],[76.4422,15.8241],[76.4515,15.8459],[76.4479,15.8538],[76.4329,15.8583],[76.4182,15.8689],[76.4218,15.8725],[76.4247,15.8884],[76.4269,15.8903],[76.4038,15.8994],[76.4037,15.9021],[76.3751,15.9022],[76.3736,15.9174],[76.3701,15.9128],[76.3592,15.9097],[76.3535,15.9028],[76.3588,15.9014],[76.3589,15.8818],[76.3555,15.8646],[76.3532,15.866],[76.3512,15.8637],[76.3379,15.8718],[76.3453,15.8872],[76.3449,15.9005],[76.3339,15.9055],[76.3229,15.9031],[76.316,15.905],[76.3136,15.8947],[76.3057,15.8932],[76.3007,15.8957],[76.2908,15.8923],[76.2854,15.9027],[76.2761,15.9038],[76.2776,15.9094],[76.276,15.9105],[76.2716,15.905],[76.2621,15.9067],[76.2614,15.9148],[76.2573,15.9154],[76.2569,15.9228],[76.23,15.9232],[76.2266,15.9409],[76.2004,15.9438],[76.1997,15.9351],[76.19,15.9317],[76.1724,15.9316],[76.1721,15.9247],[76.1606,15.9212],[76.154,15.9148],[76.1453,15.8953],[76.1254,15.8937],[76.1173,15.8864],[76.1031,15.8939],[76.1012,15.9006],[76.0706,15.9027],[76.0582,15.9074],[76.0628,15.9155],[76.0709,15.9485],[76.0726,15.9653],[76.0845,15.9962],[76.0788,16.0108],[76.058,16.0116]]]},"properties":{"dtname":"Koppal","stname":"KARNATAKA","stcode11":"29","dtcode11":"560","year_stat":"2011_c","Shape_Length":564231.4067595748,"Shape_Area":6036242450.746722,"OBJECTID":65,"test":0,"Dist_LGD":543,"State_LGD":29}},{"type":"Feature","id":66,"geometry":{"type":"Polygon","coordinates":[[[75.4515,15.8865],[75.4489,15.8848],[75.4539,15.881],[75.4511,15.8628],[75.4573,15.8615],[75.4579,15.8185],[75.4547,15.8185],[75.4527,15.8109],[75.4509,15.8114],[75.4472,15.7938],[75.4402,15.7953],[75.4372,15.7787],[75.4142,15.7848],[75.4244,15.8227],[75.4246,15.842],[75.4076,15.8398],[75.4042,15.8417],[75.3904,15.8378],[75.375,15.8454],[75.3647,15.8049],[75.3412,15.8048],[75.3393,15.8277],[75.3299,15.824],[75.3329,15.8164],[75.3249,15.8112],[75.3037,15.8126],[75.3061,15.766],[75.3184,15.7646],[75.3184,15.745],[75.3142,15.7301],[75.2932,15.7282],[75.2938,15.7411],[75.2746,15.7404],[75.2737,15.7226],[75.2771,15.7221],[75.2789,15.6885],[75.2956,15.6919],[75.3131,15.6801],[75.337,15.6738],[75.3357,15.6488],[75.3595,15.6456],[75.3625,15.6687],[75.3811,15.6652],[75.4077,15.656],[75.4111,15.6577],[75.4131,15.6554],[75.417,15.6609],[75.4244,15.6625],[75.4252,15.6705],[75.4289,15.6692],[75.4414,15.6723],[75.4476,15.6823],[75.4506,15.6781],[75.4539,15.682],[75.4701,15.6842],[75.4729,15.6866],[75.4686,15.7008],[75.4877,15.7026],[75.4998,15.6655],[75.5026,15.6474],[75.5453,15.649],[75.5544,15.6473],[75.5499,15.628],[75.5493,15.6145],[75.5438,15.6122],[75.5418,15.6016],[75.5371,15.5916],[75.5344,15.5916],[75.5303,15.5658],[75.5287,15.5658],[75.5295,15.5379],[75.5054,15.5297],[75.4818,15.5317],[75.4815,15.5258],[75.4767,15.5216],[75.4751,15.5166],[75.4718,15.4927],[75.4871,15.4893],[75.4952,15.4698],[75.4931,15.466],[75.4928,15.4486],[75.499,15.4238],[75.4917,15.3786],[75.4924,15.3688],[75.4906,15.3683],[75.4898,15.3731],[75.4862,15.3732],[75.4849,15.3778],[75.4817,15.3786],[75.4818,15.3932],[75.4753,15.3958],[75.4698,15.3975],[75.469,15.3859],[75.4446,15.3861],[75.449,15.3595],[75.4542,15.3609],[75.4577,15.3421],[75.4528,15.3401],[75.4485,15.3277],[75.4497,15.3019],[75.4124,15.2998],[75.4103,15.2851],[75.4061,15.2841],[75.4061,15.2777],[75.4161,15.2792],[75.4168,15.275],[75.402,15.2734],[75.4029,15.2603],[75.4065,15.2642],[75.4165,15.2625],[75.4171,15.2567],[75.4148,15.2526],[75.4159,15.2346],[75.4221,15.2353],[75.4227,15.226],[75.4402,15.2273],[75.4492,15.2081],[75.4332,15.21],[75.4329,15.1989],[75.3989,15.2013],[75.3978,15.1876],[75.4008,15.1732],[75.3953,15.1721],[75.3958,15.1656],[75.4018,15.1656],[75.4011,15.1716],[75.4032,15.1716],[75.4035,15.1647],[75.406,15.1617],[75.4101,15.1614],[75.412,15.146],[75.4292,15.1263],[75.43,15.1164],[75.4335,15.1094],[75.4327,15.1046],[75.4225,15.0985],[75.4245,15.0923],[75.4167,15.0849],[75.4186,15.0659],[75.4171,15.0615],[75.4487,15.0607],[75.4521,15.0499],[75.4603,15.05],[75.4611,15.044],[75.4686,15.0472],[75.4776,15.0439],[75.4952,15.0471],[75.5072,15.0446],[75.5211,15.0333],[75.5329,15.0346],[75.5382,15.0274],[75.5385,15.0178],[75.5428,15.0136],[75.5414,14.9787],[75.5655,14.9793],[75.5638,14.9734],[75.5653,14.9714],[75.5837,14.9685],[75.5892,14.9594],[75.5979,14.9548],[75.6022,14.9544],[75.6107,14.9585],[75.609,14.973],[75.6181,14.9739],[75.6175,14.9806],[75.6294,14.9836],[75.6319,14.9915],[75.6511,14.9911],[75.6686,14.9867],[75.6895,14.9749],[75.6943,14.9691],[75.7011,14.9485],[75.7214,14.9512],[75.7394,14.9441],[75.7491,14.9523],[75.7607,14.9684],[75.7792,14.9772],[75.7802,14.9917],[75.7849,15.0024],[75.8077,15.0245],[75.8135,15.0273],[75.8333,15.0287],[75.8385,15.0417],[75.8462,15.0449],[75.8502,15.0441],[75.8596,15.0364],[75.874,15.0353],[75.8837,15.0523],[75.9029,15.0563],[75.9067,15.0598],[75.9088,15.0768],[75.9028,15.0858],[75.8886,15.0969],[75.8849,15.1056],[75.8883,15.1126],[75.901,15.1216],[75.9023,15.1317],[75.9159,15.1354],[75.9281,15.1419],[75.9366,15.142],[75.9517,15.1377],[75.9483,15.1731],[75.9248,15.1827],[75.9263,15.1954],[75.9245,15.2059],[75.9118,15.2405],[75.9033,15.2394],[75.9029,15.2433],[75.9,15.2453],[75.8948,15.2734],[75.8992,15.2766],[75.894,15.2804],[75.8887,15.2904],[75.8899,15.3115],[75.8933,15.3186],[75.8874,15.3532],[75.9028,15.3544],[75.9013,15.3757],[75.904,15.4029],[75.8844,15.4088],[75.8658,15.4078],[75.8654,15.4238],[75.859,15.4239],[75.859,15.4442],[75.8399,15.4428],[75.8362,15.4475],[75.8275,15.4494],[75.8193,15.4562],[75.8188,15.4686],[75.8129,15.4676],[75.8105,15.4754],[75.8096,15.4867],[75.8158,15.4869],[75.8149,15.4955],[75.8241,15.4957],[75.8191,15.5079],[75.8314,15.5068],[75.8328,15.5101],[75.8495,15.5123],[75.8505,15.5158],[75.8603,15.5138],[75.8677,15.5607],[75.8669,15.596],[75.8788,15.5992],[75.8792,15.5965],[75.8825,15.5971],[75.8822,15.6003],[75.8946,15.6033],[75.8946,15.607],[75.8975,15.6071],[75.8984,15.6249],[75.894,15.6254],[75.8947,15.6324],[75.8858,15.6338],[75.8886,15.6503],[75.8875,15.6683],[75.8836,15.6716],[75.8711,15.6726],[75.8711,15.7144],[75.887,15.7169],[75.8911,15.7284],[75.8888,15.7287],[75.8831,15.7375],[75.8928,15.7384],[75.8974,15.7505],[75.9022,15.7488],[75.9106,15.7445],[75.9104,15.7317],[75.9215,15.7261],[75.9153,15.7044],[75.9155,15.6977],[75.9259,15.6923],[75.9404,15.6932],[75.9401,15.6824],[75.9436,15.6764],[75.9613,15.6759],[75.9674,15.6787],[75.9663,15.6697],[75.968,15.6643],[76.0113,15.6624],[76.0162,15.6731],[76.0165,15.6785],[76.0142,15.6802],[75.995,15.6779],[75.9901,15.6699],[75.9834,15.6673],[75.9843,15.6812],[75.9883,15.6882],[75.9837,15.6898],[75.9845,15.6938],[75.9929,15.7062],[76.0042,15.7116],[76.0049,15.7156],[76.0191,15.715],[76.0232,15.7093],[76.0303,15.7149],[76.0417,15.7185],[76.0451,15.7255],[76.0435,15.7366],[76.0373,15.7369],[76.04,15.7539],[76.0348,15.7547],[76.0405,15.7632],[76.0389,15.7708],[76.0339,15.7702],[76.0199,15.7757],[76.019,15.779],[76.0124,15.7796],[76.0099,15.784],[75.9946,15.7807],[75.9906,15.7868],[75.9884,15.8016],[75.9845,15.8024],[75.9762,15.8003],[75.9675,15.7943],[75.9639,15.7946],[75.961,15.7839],[75.9385,15.7908],[75.929,15.791],[75.9078,15.8089],[75.9006,15.811],[75.872,15.8292],[75.8478,15.8387],[75.8295,15.8399],[75.821,15.8455],[75.8208,15.8498],[75.8137,15.8469],[75.8061,15.8486],[75.8091,15.8547],[75.8,15.8577],[75.7977,15.8478],[75.7872,15.8491],[75.7804,15.8527],[75.7768,15.8492],[75.7744,15.8273],[75.7775,15.8273],[75.7796,15.8172],[75.737,15.8134],[75.7369,15.8163],[75.722,15.8179],[75.7139,15.8277],[75.7067,15.8292],[75.696,15.8247],[75.6879,15.8308],[75.6828,15.8299],[75.6803,15.8219],[75.6772,15.8209],[75.6744,15.8237],[75.6755,15.8315],[75.6722,15.8363],[75.6627,15.8378],[75.6601,15.8343],[75.6616,15.8288],[75.6569,15.8266],[75.6514,15.8304],[75.6429,15.832],[75.6442,15.8402],[75.6425,15.8414],[75.6371,15.8409],[75.6354,15.8335],[75.6313,15.8308],[75.6309,15.8339],[75.6178,15.8356],[75.6166,15.8212],[75.6055,15.8272],[75.609,15.8306],[75.6001,15.8268],[75.5872,15.8334],[75.5769,15.8248],[75.5768,15.8306],[75.566,15.8297],[75.5682,15.8339],[75.5713,15.8338],[75.5665,15.8384],[75.5635,15.8361],[75.5631,15.8304],[75.5527,15.8248],[75.5507,15.8279],[75.5565,15.8325],[75.547,15.8365],[75.539,15.8332],[75.5383,15.8349],[75.5299,15.8349],[75.5326,15.84],[75.5315,15.8421],[75.5224,15.8401],[75.5199,15.8461],[75.5124,15.8514],[75.5157,15.8541],[75.5206,15.8529],[75.5197,15.8577],[75.5079,15.8602],[75.507,15.8555],[75.5024,15.8583],[75.5053,15.8618],[75.4975,15.8702],[75.4979,15.8723],[75.4918,15.873],[75.4871,15.8769],[75.4826,15.8749],[75.4803,15.8777],[75.4778,15.8755],[75.4789,15.8711],[75.4741,15.8733],[75.4757,15.8763],[75.4657,15.8773],[75.4655,15.8814],[75.4637,15.8818],[75.463,15.8791],[75.4598,15.8801],[75.4588,15.8846],[75.4615,15.8868],[75.4515,15.8865]]]},"properties":{"dtname":"Gadag","stname":"KARNATAKA","stcode11":"29","dtcode11":"561","year_stat":"2011_c","Shape_Length":587894.3626141466,"Shape_Area":5041393184.9797325,"OBJECTID":66,"test":1,"Dist_LGD":537,"State_LGD":29}},{"type":"Feature","id":68,"geometry":{"type":"Polygon","coordinates":[[[77.0253,15.8375],[77.016,15.8222],[76.9988,15.8112],[76.9927,15.8017],[76.983,15.7939],[76.967,15.7743],[76.9429,15.7619],[76.9223,15.7281],[76.9169,15.6997],[76.9068,15.6904],[76.8894,15.6849],[76.8809,15.6713],[76.8721,15.6657],[76.8616,15.6539],[76.8577,15.6424],[76.8343,15.6278],[76.8324,15.6183],[76.8365,15.6026],[76.8323,15.5957],[76.8351,15.5814],[76.8347,15.5643],[76.8108,15.5475],[76.8079,15.5243],[76.8122,15.5147],[76.797,15.5011],[76.7786,15.4925],[76.7395,15.4909],[76.7265,15.4926],[76.709,15.4886],[76.6824,15.4704],[76.6731,15.4552],[76.6674,15.4505],[76.6399,15.4442],[76.6123,15.4429],[76.5961,15.4255],[76.5924,15.413],[76.5718,15.4013],[76.555,15.3967],[76.5487,15.3869],[76.4934,15.345],[76.4772,15.3495],[76.4718,15.3444],[76.4603,15.3444],[76.4506,15.3393],[76.4318,15.3392],[76.4046,15.3257],[76.3889,15.3309],[76.364,15.3284],[76.3578,15.3234],[76.3507,15.3104],[76.3406,15.276],[76.3337,15.2637],[76.3197,15.2644],[76.3029,15.2557],[76.3004,15.2511],[76.301,15.2426],[76.2915,15.2323],[76.2914,15.2231],[76.2683,15.2066],[76.2572,15.2063],[76.255,15.1971],[76.249,15.1908],[76.2297,15.1885],[76.2189,15.1966],[76.2178,15.2017],[76.2327,15.2278],[76.2312,15.2313],[76.1875,15.235],[76.174,15.2275],[76.1599,15.2149],[76.1575,15.2102],[76.1602,15.2008],[76.1559,15.1959],[76.1251,15.2034],[76.1117,15.1987],[76.1058,15.1847],[76.1035,15.1684],[76.0938,15.1628],[76.0834,15.1595],[76.0569,15.157],[76.0414,15.1444],[76.0249,15.1427],[76.0061,15.1492],[75.9954,15.1468],[75.9785,15.1528],[75.9722,15.1498],[75.9664,15.1431],[75.9542,15.1379],[75.9281,15.1419],[75.9159,15.1354],[75.9023,15.1317],[75.901,15.1216],[75.8883,15.1126],[75.8849,15.1076],[75.8886,15.0969],[75.9028,15.0858],[75.9088,15.0768],[75.9072,15.0614],[75.9035,15.0567],[75.8837,15.0523],[75.874,15.0353],[75.8596,15.0364],[75.8502,15.0441],[75.8462,15.0449],[75.8385,15.0417],[75.8333,15.0287],[75.8135,15.0273],[75.8077,15.0245],[75.7849,15.0024],[75.7802,14.9917],[75.7792,14.9772],[75.7607,14.9684],[75.7416,14.945],[75.7352,14.9446],[75.7204,14.9512],[75.7011,14.9485],[75.6871,14.9438],[75.6829,14.9401],[75.6833,14.9275],[75.6962,14.8921],[75.7281,14.8975],[75.7289,14.8947],[75.7391,14.8873],[75.7343,14.883],[75.7327,14.8636],[75.7216,14.8642],[75.7212,14.8608],[75.7126,14.8527],[75.6952,14.8522],[75.6937,14.8589],[75.6903,14.8569],[75.6758,14.8334],[75.6709,14.8173],[75.6639,14.8071],[75.6655,14.8001],[75.6777,14.798],[75.6918,14.7823],[75.7134,14.7789],[75.7224,14.772],[75.7211,14.7522],[75.7028,14.7324],[75.7043,14.7253],[75.7132,14.7198],[75.7178,14.7196],[75.7563,14.7388],[75.7598,14.7758],[75.7715,14.7823],[75.773,14.7917],[75.7765,14.7857],[75.7988,14.7689],[75.8139,14.7765],[75.8226,14.7761],[75.8252,14.779],[75.8337,14.7967],[75.834,14.8101],[75.818,14.8345],[75.8111,14.8293],[75.8054,14.8413],[75.8103,14.8427],[75.8098,14.8481],[75.8017,14.8689],[75.8035,14.8763],[75.8093,14.8809],[75.811,14.8923],[75.8131,14.896],[75.816,14.8961],[75.8161,14.8998],[75.8257,14.8992],[75.8323,14.8835],[75.841,14.8897],[75.8448,14.8899],[75.8478,14.8844],[75.8539,14.8836],[75.8558,14.8819],[75.8538,14.8636],[75.8692,14.8544],[75.8732,14.868],[75.8874,14.8686],[75.8886,14.8731],[75.8931,14.8776],[75.8976,14.8782],[75.8978,14.8808],[75.9275,14.8896],[75.9282,14.8924],[75.9343,14.8921],[75.9399,14.8964],[75.9401,14.9],[75.9496,14.9],[75.9497,14.902],[75.9625,14.9044],[75.9654,14.903],[75.966,14.9085],[75.9771,14.8985],[75.9846,14.9082],[75.9973,14.8982],[76.0051,14.902],[76.0057,14.906],[76.0105,14.9053],[76.0127,14.8964],[76.0141,14.9021],[76.0229,14.9102],[76.0326,14.9245],[76.0448,14.932],[76.0477,14.9303],[76.0513,14.9162],[76.0622,14.9159],[76.0661,14.9101],[76.0697,14.909],[76.0847,14.9134],[76.0825,14.9045],[76.0663,14.884],[76.0728,14.8689],[76.0878,14.8726],[76.0942,14.8697],[76.1289,14.8692],[76.1306,14.8683],[76.1306,14.8608],[76.1547,14.8612],[76.1546,14.8575],[76.1594,14.8539],[76.1594,14.8472],[76.1744,14.8485],[76.1907,14.8465],[76.1943,14.8209],[76.1762,14.8221],[76.1606,14.8299],[76.1552,14.8279],[76.1534,14.8214],[76.1464,14.8235],[76.1436,14.8139],[76.1429,14.7932],[76.1494,14.7839],[76.169,14.7852],[76.1809,14.7641],[76.1924,14.7684],[76.196,14.7565],[76.2006,14.7533],[76.201,14.7392],[76.1986,14.7392],[76.1972,14.725],[76.1872,14.7225],[76.1837,14.7003],[76.1935,14.698],[76.1936,14.682],[76.2045,14.6779],[76.2305,14.6493],[76.2393,14.6786],[76.249,14.6975],[76.2569,14.7008],[76.2579,14.6961],[76.2723,14.6958],[76.2733,14.6883],[76.2795,14.6847],[76.289,14.6852],[76.3016,14.69],[76.3124,14.6873],[76.3152,14.6924],[76.3222,14.6924],[76.3382,14.6857],[76.343,14.6658],[76.3793,14.6621],[76.3746,14.6538],[76.3746,14.6466],[76.3899,14.6486],[76.3936,14.6269],[76.4019,14.6274],[76.4032,14.6236],[76.4217,14.6248],[76.4322,14.6183],[76.4323,14.6048],[76.4236,14.5817],[76.4623,14.5763],[76.5051,14.5654],[76.5101,14.5604],[76.5182,14.5625],[76.5344,14.5609],[76.5352,14.5649],[76.5422,14.5666],[76.5497,14.5735],[76.5507,14.5789],[76.5675,14.5874],[76.5725,14.5941],[76.5741,14.6027],[76.5851,14.6174],[76.6009,14.6209],[76.6006,14.6257],[76.596,14.6306],[76.6028,14.6338],[76.6121,14.6484],[76.5974,14.6535],[76.598,14.6693],[76.6106,14.6688],[76.6084,14.6877],[76.6175,14.6925],[76.6241,14.7025],[76.6304,14.7008],[76.6361,14.7044],[76.6376,14.71],[76.6448,14.713],[76.6449,14.7166],[76.6512,14.7253],[76.6471,14.7308],[76.6516,14.7373],[76.6496,14.7388],[76.6509,14.7524],[76.6488,14.7563],[76.6554,14.7577],[76.6578,14.7648],[76.6602,14.7657],[76.6599,14.7717],[76.6669,14.7753],[76.6673,14.7825],[76.6729,14.7884],[76.6675,14.7938],[76.6748,14.7941],[76.6828,14.8087],[76.7046,14.8179],[76.7182,14.8183],[76.7342,14.8136],[76.7417,14.8184],[76.7406,14.826],[76.7166,14.8333],[76.7117,14.8373],[76.7151,14.852],[76.7134,14.8654],[76.6975,14.8882],[76.678,14.8872],[76.6774,14.9113],[76.6652,14.9161],[76.6599,14.9419],[76.6793,14.9389],[76.6972,14.9276],[76.707,14.9311],[76.706,14.9423],[76.7128,14.9395],[76.7167,14.9479],[76.7171,14.9691],[76.7154,14.973],[76.7087,14.9766],[76.6887,14.9786],[76.6776,15.0095],[76.6728,15.0129],[76.6726,15.0206],[76.678,15.0246],[76.6881,15.025],[76.686,15.0188],[76.7016,15.0161],[76.7048,15.0219],[76.7026,15.0275],[76.7037,15.0334],[76.7115,15.0328],[76.7173,15.036],[76.7301,15.0328],[76.733,15.0316],[76.7361,15.0229],[76.7282,15.0099],[76.7275,14.9974],[76.7341,14.9855],[76.7446,14.9865],[76.7508,14.9832],[76.7606,14.9899],[76.7724,14.9909],[76.7788,15.0046],[76.7837,15.0048],[76.7871,15.008],[76.7902,15.0207],[76.7857,15.0277],[76.7835,15.0426],[76.7804,15.0427],[76.7736,15.0592],[76.7753,15.0723],[76.7799,15.0761],[76.7767,15.0784],[76.7779,15.0799],[76.7822,15.0774],[76.7861,15.0878],[76.7924,15.0876],[76.7939,15.0919],[76.8003,15.0959],[76.8116,15.0864],[76.8238,15.08],[76.836,15.0793],[76.8615,15.062],[76.8609,15.0598],[76.8641,15.0581],[76.8659,15.0597],[76.8652,15.0553],[76.8692,15.0534],[76.8779,15.0355],[76.8772,15.0302],[76.895,15.0371],[76.9072,15.0325],[76.9184,15.0356],[76.9222,15.0313],[76.9496,15.0304],[76.9659,15.0181],[76.9852,15.0152],[76.9861,15.0265],[77.0031,15.0309],[77.0041,15.0339],[77.036,15.0313],[77.0496,15.0331],[77.0505,15.0245],[77.0441,15.0099],[77.069,15.0048],[77.0825,15.0061],[77.0848,15.0307],[77.0909,15.0294],[77.0937,15.0362],[77.113,15.0341],[77.1153,15.0464],[77.1195,15.0457],[77.1282,15.0723],[77.1301,15.1008],[77.1421,15.1046],[77.1502,15.1116],[77.1564,15.123],[77.1573,15.1405],[77.1498,15.1398],[77.138,15.1435],[77.1372,15.1478],[77.1347,15.1483],[77.1408,15.1586],[77.1629,15.1574],[77.1649,15.1682],[77.1674,15.1682],[77.1692,15.1714],[77.1659,15.1894],[77.1548,15.2148],[77.1517,15.2147],[77.152,15.2176],[77.1472,15.2208],[77.1477,15.2239],[77.1251,15.227],[77.1264,15.2405],[77.1362,15.241],[77.1438,15.2572],[77.1677,15.2585],[77.1677,15.2634],[77.167,15.2686],[77.1593,15.2679],[77.1529,15.2741],[77.1472,15.2729],[77.1471,15.275],[77.152,15.2757],[77.1516,15.2925],[77.1184,15.2949],[77.117,15.3258],[77.1126,15.3275],[77.1131,15.3337],[77.1015,15.3337],[77.0744,15.3259],[77.0638,15.328],[77.066,15.3378],[77.0649,15.3436],[77.0591,15.349],[77.0448,15.3557],[77.0419,15.3619],[77.0414,15.371],[77.0475,15.3834],[77.0473,15.39],[77.0293,15.4044],[77.0352,15.4232],[77.032,15.4356],[77.0108,15.4488],[76.9973,15.478],[76.9783,15.4888],[76.9746,15.4957],[76.9746,15.5105],[76.9924,15.5058],[77.0095,15.5046],[77.0148,15.5019],[77.0289,15.5005],[77.0301,15.5027],[77.0313,15.5441],[77.0263,15.5818],[77.0329,15.605],[77.0305,15.6345],[77.0718,15.6467],[77.0832,15.6592],[77.1014,15.6485],[77.1034,15.6429],[77.1075,15.6401],[77.1063,15.6375],[77.1215,15.6311],[77.1289,15.6659],[77.1202,15.6676],[77.1214,15.6711],[77.1134,15.6757],[77.1142,15.678],[77.1093,15.6815],[77.0938,15.6904],[77.0787,15.6952],[77.0826,15.6987],[77.0874,15.7155],[77.0789,15.7163],[77.0797,15.7275],[77.0491,15.7303],[77.0494,15.7401],[77.046,15.7404],[77.048,15.7562],[77.0543,15.7562],[77.0565,15.7628],[77.0511,15.7645],[77.0523,15.7699],[77.057,15.7687],[77.061,15.7863],[77.0664,15.7851],[77.0672,15.7878],[77.0672,15.8027],[77.0638,15.8032],[77.0655,15.8274],[77.0589,15.83],[77.0426,15.8289],[77.0407,15.8328],[77.0359,15.8296],[77.0253,15.8375]]]},"properties":{"dtname":"Ballari","stname":"KARNATAKA","stcode11":"29","dtcode11":"565","year_stat":"2011_c","Shape_Length":816596.2482998421,"Shape_Area":9132577173.368643,"OBJECTID":68,"test":0,"Dist_LGD":528,"State_LGD":29}},{"type":"Feature","id":69,"geometry":{"type":"Polygon","coordinates":[[[75.0598,15.6821],[75.0498,15.6825],[75.0468,15.6707],[75.0283,15.6698],[75.0281,15.6518],[75.022,15.6504],[75.0194,15.6439],[74.9913,15.6516],[74.9781,15.6492],[74.9664,15.6543],[74.9632,15.6435],[74.9651,15.6272],[74.9328,15.6236],[74.9119,15.6317],[74.9022,15.6319],[74.8874,15.6297],[74.8836,15.6247],[74.8777,15.6228],[74.8789,15.618],[74.8403,15.6086],[74.8383,15.6124],[74.8305,15.6103],[74.8286,15.6083],[74.8299,15.5903],[74.8323,15.5909],[74.8354,15.5866],[74.8381,15.5771],[74.841,15.5748],[74.8225,15.5685],[74.8235,15.5661],[74.8199,15.5653],[74.8203,15.5623],[74.806,15.5512],[74.798,15.5485],[74.8115,15.5219],[74.8095,15.5126],[74.8139,15.505],[74.8035,15.503],[74.8023,15.501],[74.8059,15.498],[74.7981,15.4978],[74.8,15.4943],[74.7959,15.4912],[74.7959,15.4875],[74.787,15.4861],[74.7887,15.474],[74.7784,15.4593],[74.7647,15.4739],[74.7611,15.4705],[74.754,15.4848],[74.7554,15.4878],[74.7534,15.4873],[74.7486,15.4962],[74.7382,15.4902],[74.7274,15.4889],[74.732,15.4709],[74.7372,15.4659],[74.7436,15.4667],[74.7445,15.4635],[74.742,15.4622],[74.7424,15.4513],[74.7379,15.4484],[74.7403,15.4468],[74.7308,15.4402],[74.7322,15.4337],[74.7297,15.4315],[74.7311,15.4254],[74.74,15.4195],[74.7414,15.4123],[74.7543,15.411],[74.7667,15.4172],[74.7685,15.4162],[74.7707,15.4079],[74.7653,15.3996],[74.7693,15.401],[74.7824,15.3944],[74.7867,15.3848],[74.7971,15.3772],[74.821,15.3851],[74.831,15.3728],[74.8244,15.3748],[74.8192,15.3704],[74.8285,15.3407],[74.8359,15.3346],[74.8381,15.3365],[74.8452,15.3357],[74.8475,15.3405],[74.8537,15.3412],[74.8608,15.3273],[74.8763,15.3167],[74.8746,15.3151],[74.8784,15.31],[74.8737,15.2985],[74.882,15.2988],[74.8889,15.3071],[74.8936,15.3005],[74.8965,15.3017],[74.9063,15.2765],[74.9103,15.2511],[74.8877,15.2343],[74.8874,15.2289],[74.8731,15.2164],[74.8754,15.2069],[74.8733,15.2048],[74.8774,15.1932],[74.8653,15.187],[74.8625,15.1782],[74.8507,15.1711],[74.8485,15.1629],[74.8409,15.1567],[74.8396,15.1526],[74.8351,15.1503],[74.8375,15.1439],[74.8293,15.1397],[74.8312,15.1385],[74.8312,15.1324],[74.8408,15.1272],[74.8433,15.1219],[74.8469,15.1231],[74.8513,15.1209],[74.854,15.1111],[74.8593,15.1028],[74.8742,15.1028],[74.8906,15.0986],[74.8933,15.0936],[74.889,15.0884],[74.8819,15.0871],[74.8785,15.0738],[74.8872,15.0656],[74.8898,15.0535],[74.888,15.0503],[74.891,15.0448],[74.9082,15.0509],[74.9107,15.0412],[74.9167,15.0387],[74.9187,15.0442],[74.924,15.0485],[74.9299,15.0494],[74.9317,15.0521],[74.9405,15.0518],[74.9407,15.0665],[74.9443,15.0642],[74.9509,15.0675],[74.9577,15.0649],[74.9637,15.0694],[74.9794,15.069],[74.9863,15.0712],[74.9861,15.0729],[74.9941,15.0735],[74.9985,15.0701],[75.0085,15.0714],[75.013,15.0683],[75.0184,15.0726],[75.0223,15.0703],[75.0256,15.0733],[75.0303,15.0732],[75.0336,15.0785],[75.054,15.0829],[75.0553,15.0738],[75.0583,15.0723],[75.071,15.0704],[75.0821,15.0746],[75.0826,15.0854],[75.0775,15.1103],[75.0953,15.1102],[75.0953,15.114],[75.1135,15.1172],[75.1142,15.121],[75.1115,15.1264],[75.1053,15.1304],[75.1067,15.1385],[75.1037,15.1403],[75.1217,15.1403],[75.1257,15.1451],[75.1318,15.1448],[75.1367,15.1608],[75.141,15.1614],[75.1467,15.1501],[75.1489,15.1504],[75.1529,15.1457],[75.1455,15.1341],[75.1378,15.13],[75.1375,15.1202],[75.1331,15.119],[75.1392,15.1044],[75.1587,15.1097],[75.1582,15.1015],[75.1862,15.1043],[75.1883,15.0979],[75.1985,15.1014],[75.2249,15.1013],[75.2259,15.1075],[75.2389,15.109],[75.2399,15.1072],[75.2512,15.1076],[75.2533,15.098],[75.2585,15.0985],[75.2606,15.1183],[75.2699,15.1177],[75.2728,15.1222],[75.288,15.1305],[75.2871,15.1369],[75.3098,15.1383],[75.3071,15.1552],[75.326,15.1574],[75.3364,15.1618],[75.3371,15.1122],[75.3399,15.1067],[75.3506,15.1011],[75.3501,15.0947],[75.3392,15.0916],[75.3398,15.0885],[75.333,15.0867],[75.3397,15.0698],[75.3484,15.0645],[75.3572,15.0652],[75.3693,15.0502],[75.3753,15.0503],[75.3992,15.06],[75.4167,15.0595],[75.4186,15.0659],[75.4167,15.0849],[75.4245,15.0923],[75.4225,15.0985],[75.4327,15.1046],[75.4335,15.1094],[75.43,15.1164],[75.4292,15.1263],[75.412,15.146],[75.4101,15.1614],[75.406,15.1617],[75.4035,15.1647],[75.4032,15.1716],[75.4011,15.1716],[75.4018,15.1656],[75.3958,15.1656],[75.3953,15.1721],[75.4008,15.1732],[75.3978,15.1876],[75.3989,15.2013],[75.4329,15.1989],[75.4332,15.21],[75.4492,15.2081],[75.4402,15.2273],[75.4227,15.226],[75.4221,15.2353],[75.4159,15.2346],[75.4148,15.2526],[75.4171,15.2567],[75.4165,15.2625],[75.4065,15.2642],[75.4029,15.2603],[75.402,15.2734],[75.4168,15.275],[75.4161,15.2792],[75.4061,15.2777],[75.4061,15.2841],[75.4103,15.2851],[75.4124,15.2998],[75.4497,15.3019],[75.4485,15.3277],[75.4528,15.3401],[75.4577,15.3421],[75.4542,15.3609],[75.449,15.3595],[75.4446,15.3861],[75.469,15.3859],[75.4698,15.3975],[75.4753,15.3958],[75.4818,15.3932],[75.4817,15.3786],[75.4849,15.3778],[75.4862,15.3732],[75.4898,15.3731],[75.4906,15.3683],[75.4924,15.3688],[75.4917,15.3786],[75.499,15.4238],[75.4928,15.4486],[75.4931,15.466],[75.4952,15.4698],[75.4871,15.4893],[75.4718,15.4927],[75.4751,15.5166],[75.4767,15.5216],[75.4815,15.5258],[75.4818,15.5317],[75.5054,15.5297],[75.5295,15.5379],[75.5287,15.5658],[75.5303,15.5658],[75.5344,15.5916],[75.5371,15.5916],[75.5418,15.6016],[75.5438,15.6122],[75.5493,15.6145],[75.5499,15.628],[75.5544,15.6473],[75.5453,15.649],[75.5026,15.6474],[75.4998,15.6655],[75.4877,15.7026],[75.4686,15.7008],[75.4729,15.6866],[75.4701,15.6842],[75.4539,15.682],[75.4506,15.6781],[75.4476,15.6823],[75.4414,15.6723],[75.4289,15.6692],[75.4252,15.6705],[75.4244,15.6625],[75.417,15.6609],[75.4131,15.6554],[75.4111,15.6577],[75.4077,15.656],[75.3811,15.6652],[75.3625,15.6687],[75.3595,15.6456],[75.3357,15.6488],[75.337,15.6738],[75.3131,15.6801],[75.2933,15.6918],[75.2808,15.6902],[75.278,15.6871],[75.2727,15.6629],[75.2738,15.6487],[75.2492,15.647],[75.2363,15.679],[75.2179,15.677],[75.2178,15.6816],[75.2027,15.6816],[75.2028,15.6491],[75.1873,15.649],[75.184,15.6577],[75.1811,15.6568],[75.1714,15.6606],[75.1529,15.6594],[75.152,15.6611],[75.1494,15.6585],[75.1324,15.6601],[75.1304,15.6635],[75.1239,15.6655],[75.1239,15.668],[75.1083,15.672],[75.1062,15.6603],[75.1015,15.6608],[75.0977,15.6294],[75.0919,15.6079],[75.09,15.6122],[75.0825,15.6173],[75.0807,15.6229],[75.064,15.6257],[75.0621,15.63],[75.0564,15.6325],[75.0632,15.6684],[75.059,15.6774],[75.0598,15.6821]]]},"properties":{"dtname":"Dharwad","stname":"KARNATAKA","stcode11":"29","dtcode11":"562","year_stat":"2011_c","Shape_Length":488996.95213039,"Shape_Area":4607790252.367979,"OBJECTID":69,"test":0,"Dist_LGD":536,"State_LGD":29}},{"type":"Feature","id":70,"geometry":{"type":"Polygon","coordinates":[[[74.292,15.5249],[74.2782,15.5229],[74.2785,15.5175],[74.2747,15.5127],[74.2537,15.5014],[74.251,15.4916],[74.264,15.4724],[74.2755,15.4492],[74.2774,15.4405],[74.2751,15.4365],[74.277,15.4352],[74.27,15.426],[74.2688,15.4191],[74.2784,15.4057],[74.2759,15.3916],[74.2831,15.383],[74.2988,15.382],[74.3233,15.3677],[74.3163,15.3628],[74.3219,15.3436],[74.3173,15.3352],[74.3171,15.3292],[74.3245,15.3099],[74.3365,15.295],[74.3262,15.2834],[74.3078,15.283],[74.2943,15.2888],[74.2932,15.2842],[74.2816,15.2801],[74.2762,15.2832],[74.2714,15.2809],[74.2609,15.2599],[74.2514,15.2586],[74.2548,15.2541],[74.2523,15.251],[74.2596,15.2411],[74.2812,15.2363],[74.2868,15.2328],[74.2916,15.2339],[74.3017,15.2244],[74.2999,15.22],[74.3046,15.2168],[74.3058,15.2094],[74.3101,15.2063],[74.3087,15.2018],[74.3105,15.1947],[74.317,15.1863],[74.3141,15.1772],[74.2955,15.1509],[74.2851,15.1487],[74.2849,15.1139],[74.2829,15.1128],[74.2825,15.1064],[74.2764,15.1051],[74.2727,15.0975],[74.2797,15.0881],[74.2808,15.0689],[74.2896,15.0649],[74.2903,15.0536],[74.2947,15.0492],[74.2966,15.0412],[74.2833,15.0315],[74.2835,15.0236],[74.2665,15.0068],[74.2679,15.0017],[74.2535,14.9979],[74.2522,14.9927],[74.2644,14.9786],[74.261,14.9762],[74.2589,14.9697],[74.2552,14.9701],[74.2524,14.9588],[74.2491,14.9587],[74.2474,14.9616],[74.2365,14.9665],[74.2328,14.9638],[74.2296,14.9502],[74.2174,14.9456],[74.2135,14.9473],[74.2127,14.9403],[74.2014,14.9254],[74.1915,14.9327],[74.1946,14.9396],[74.1911,14.9447],[74.1796,14.9505],[74.1793,14.9567],[74.1634,14.9582],[74.1592,14.9556],[74.1584,14.9493],[74.1542,14.9433],[74.1586,14.9303],[74.1626,14.9269],[74.166,14.9186],[74.162,14.9118],[74.14,14.9229],[74.1349,14.9218],[74.1297,14.9251],[74.1241,14.925],[74.1198,14.9166],[74.1144,14.918],[74.1046,14.9126],[74.1015,14.9155],[74.0857,14.9006],[74.0959,14.8983],[74.1001,14.8895],[74.0997,14.8816],[74.1059,14.874],[74.1105,14.8626],[74.1118,14.8498],[74.1251,14.8407],[74.1264,14.8137],[74.1246,14.8055],[74.1205,14.8016],[74.1164,14.8025],[74.1131,14.7969],[74.111,14.7989],[74.1141,14.8027],[74.1133,14.8051],[74.1041,14.8049],[74.1021,14.8076],[74.0937,14.8061],[74.093,14.8042],[74.1028,14.7937],[74.1096,14.7925],[74.1114,14.7899],[74.1102,14.7853],[74.1146,14.7881],[74.1181,14.7859],[74.1213,14.7804],[74.1192,14.7746],[74.1249,14.7751],[74.1291,14.781],[74.1347,14.7781],[74.1373,14.7805],[74.1416,14.7793],[74.1574,14.76],[74.1505,14.7516],[74.1521,14.7473],[74.1572,14.7449],[74.1583,14.7499],[74.1616,14.752],[74.1776,14.7505],[74.1931,14.7345],[74.1943,14.7308],[74.192,14.7266],[74.2018,14.7199],[74.2083,14.7179],[74.2057,14.7292],[74.2026,14.7328],[74.2049,14.7369],[74.2088,14.7374],[74.2104,14.7333],[74.2181,14.737],[74.2216,14.7355],[74.2277,14.7375],[74.2267,14.748],[74.2343,14.7482],[74.25,14.7395],[74.2631,14.7192],[74.2653,14.7117],[74.2567,14.7077],[74.2668,14.7054],[74.2723,14.7002],[74.2709,14.6994],[74.2828,14.6751],[74.2807,14.6715],[74.2757,14.6704],[74.2777,14.6696],[74.2756,14.6664],[74.2809,14.661],[74.2787,14.6566],[74.2822,14.6537],[74.2804,14.6493],[74.2857,14.6457],[74.2863,14.6346],[74.2818,14.6272],[74.2793,14.6259],[74.2714,14.6305],[74.27,14.6272],[74.2734,14.6273],[74.2804,14.6102],[74.2932,14.5969],[74.2947,14.589],[74.3147,14.546],[74.3144,14.541],[74.3108,14.5368],[74.3117,14.532],[74.316,14.531],[74.3163,14.5278],[74.3099,14.5213],[74.3258,14.5199],[74.3266,14.5155],[74.3368,14.5191],[74.3401,14.514],[74.343,14.5163],[74.3554,14.5089],[74.3545,14.5022],[74.3597,14.5016],[74.3637,14.4943],[74.3837,14.4396],[74.3843,14.4342],[74.3803,14.4314],[74.3847,14.4288],[74.3847,14.4255],[74.3812,14.4243],[74.3824,14.4211],[74.386,14.418],[74.3892,14.4198],[74.3945,14.4185],[74.4013,14.3958],[74.4049,14.3752],[74.4025,14.3693],[74.4101,14.3409],[74.4134,14.3162],[74.4229,14.2887],[74.4259,14.2886],[74.4254,14.2824],[74.442,14.2322],[74.4431,14.2297],[74.4454,14.2312],[74.4415,14.2242],[74.4494,14.216],[74.4488,14.2125],[74.4527,14.2072],[74.4536,14.2],[74.4639,14.2007],[74.4695,14.1882],[74.48,14.1449],[74.4772,14.1403],[74.4801,14.1363],[74.4878,14.1062],[74.4858,14.0947],[74.4928,14.0778],[74.5005,14.0457],[74.5007,14.0297],[74.503,14.0269],[74.5012,14.0233],[74.5089,14.008],[74.5095,14.0011],[74.5134,13.9969],[74.5151,13.9869],[74.5175,13.9846],[74.517,13.9917],[74.5188,13.9832],[74.5316,13.9695],[74.5319,13.9653],[74.5336,13.9643],[74.5344,13.967],[74.5392,13.9651],[74.542,13.9578],[74.5478,13.9553],[74.5492,13.9483],[74.5574,13.9519],[74.5624,13.9458],[74.5687,13.9501],[74.5673,13.9491],[74.5791,13.9265],[74.5825,13.9257],[74.5902,13.9303],[74.5957,13.9413],[74.5971,13.9317],[74.6056,13.9407],[74.619,13.9411],[74.6204,13.9355],[74.6236,13.9362],[74.6305,13.9455],[74.6307,13.943],[74.6349,13.9437],[74.6341,13.941],[74.6377,13.9377],[74.6474,13.9404],[74.6516,13.946],[74.6443,13.9575],[74.6554,13.9747],[74.6652,13.9822],[74.6632,13.9939],[74.6697,14.0069],[74.6775,14.0348],[74.6553,14.0391],[74.654,14.0439],[74.6609,14.0584],[74.6536,14.0745],[74.6374,14.0946],[74.6557,14.1133],[74.6463,14.1145],[74.643,14.136],[74.6449,14.1421],[74.629,14.1443],[74.6253,14.1625],[74.6506,14.1701],[74.6655,14.1845],[74.6906,14.1662],[74.6975,14.1731],[74.7075,14.17],[74.7234,14.1526],[74.7431,14.1491],[74.7479,14.1427],[74.7485,14.1569],[74.7288,14.1749],[74.7188,14.214],[74.716,14.2333],[74.73,14.2639],[74.7449,14.2554],[74.7637,14.2379],[74.773,14.2394],[74.7918,14.2274],[74.8009,14.2293],[74.8034,14.2321],[74.8093,14.2307],[74.8183,14.2324],[74.8223,14.2278],[74.8323,14.2301],[74.8534,14.2113],[74.8567,14.2128],[74.8593,14.2188],[74.8663,14.2198],[74.8684,14.2381],[74.8732,14.2413],[74.8803,14.2346],[74.8753,14.2278],[74.8761,14.2194],[74.8796,14.2211],[74.88,14.2195],[74.8777,14.2158],[74.8901,14.2169],[74.8962,14.2206],[74.8969,14.2274],[74.9002,14.2297],[74.9198,14.2275],[74.9232,14.2325],[74.9289,14.2353],[74.9272,14.2369],[74.9304,14.2411],[74.9354,14.2432],[74.9383,14.2563],[74.9352,14.2584],[74.9342,14.2633],[74.9284,14.2647],[74.9273,14.2766],[74.9239,14.2783],[74.9166,14.2732],[74.9156,14.2762],[74.91,14.2782],[74.9076,14.2854],[74.907,14.2947],[74.9136,14.2993],[74.9134,14.304],[74.918,14.3085],[74.9204,14.3157],[74.9255,14.3196],[74.931,14.3189],[74.9368,14.3224],[74.9393,14.3194],[74.949,14.3195],[74.9518,14.3169],[74.9578,14.3234],[74.9682,14.3151],[74.9768,14.3197],[74.9733,14.3233],[74.9724,14.3204],[74.9697,14.3257],[74.973,14.3266],[74.9738,14.3314],[74.9763,14.3316],[74.9741,14.3334],[74.9744,14.3376],[74.9591,14.3422],[74.9551,14.3499],[74.9503,14.3507],[74.9393,14.3585],[74.9407,14.3677],[74.9498,14.376],[74.9487,14.399],[74.9461,14.4018],[74.9336,14.404],[74.9172,14.4315],[74.8808,14.4292],[74.8746,14.4476],[74.8907,14.4622],[74.8989,14.4641],[74.9088,14.4577],[74.921,14.4592],[74.9183,14.4665],[74.9031,14.4732],[74.8935,14.474],[74.8893,14.4794],[74.8947,14.5074],[74.8982,14.5083],[74.9021,14.5152],[74.901,14.5294],[74.9268,14.5291],[74.9297,14.5234],[74.9358,14.5187],[74.9418,14.5312],[74.9411,14.5346],[74.9434,14.5327],[74.9487,14.5365],[74.9543,14.5512],[74.9626,14.5495],[74.9701,14.551],[74.9768,14.5487],[74.9768,14.5332],[74.9797,14.5242],[74.9726,14.5239],[74.9718,14.5208],[74.9823,14.5133],[74.9906,14.5011],[74.9911,14.4934],[74.9845,14.4864],[74.9896,14.4727],[74.9956,14.4778],[75.0055,14.4806],[75.0088,14.4842],[75.0065,14.4875],[75.0186,14.4968],[75.0407,14.5002],[75.0406,14.5219],[75.0369,14.5294],[75.0524,14.5336],[75.0547,14.5396],[75.0613,14.5436],[75.0548,14.5489],[75.0487,14.5457],[75.0441,14.5461],[75.0336,14.5588],[75.0243,14.5611],[75.021,14.5695],[75.0209,14.5745],[75.0267,14.5835],[75.0233,14.602],[75.0268,14.6157],[75.0402,14.6377],[75.049,14.6421],[75.0509,14.6495],[75.0406,14.6608],[75.0353,14.658],[75.031,14.665],[75.0305,14.6724],[75.036,14.6756],[75.032,14.6957],[75.0322,14.708],[75.0173,14.71],[75.0152,14.7204],[75.0226,14.7256],[75.0285,14.7258],[75.0304,14.73],[75.033,14.7277],[75.0383,14.7279],[75.0378,14.7384],[75.0444,14.7392],[75.0435,14.7429],[75.0472,14.7445],[75.047,14.7526],[75.0433,14.7558],[75.0403,14.767],[75.0411,14.7741],[75.0502,14.7735],[75.0531,14.777],[75.063,14.7765],[75.0657,14.7821],[75.07,14.783],[75.0668,14.7861],[75.0687,14.7871],[75.0685,14.7985],[75.0559,14.805],[75.0555,14.8147],[75.0749,14.8086],[75.0917,14.8112],[75.0904,14.8202],[75.0739,14.8258],[75.0679,14.8401],[75.074,14.8559],[75.0717,14.8678],[75.0744,14.869],[75.0715,14.8716],[75.0715,14.9005],[75.0674,14.9187],[75.0778,14.923],[75.0848,14.9215],[75.0823,14.926],[75.1013,14.9269],[75.103,14.9343],[75.0945,14.9514],[75.099,14.9564],[75.0839,14.9565],[75.0814,14.9692],[75.0762,14.9738],[75.0693,15.0152],[75.0772,15.0373],[75.0739,15.041],[75.0741,15.0524],[75.0821,15.0746],[75.071,15.0704],[75.0583,15.0723],[75.0553,15.0738],[75.054,15.0829],[75.0336,15.0785],[75.0303,15.0732],[75.0256,15.0733],[75.0223,15.0703],[75.0184,15.0726],[75.013,15.0683],[75.0085,15.0714],[74.9985,15.0701],[74.9941,15.0735],[74.9861,15.0729],[74.9863,15.0712],[74.9794,15.069],[74.9637,15.0694],[74.9577,15.0649],[74.9509,15.0675],[74.9443,15.0642],[74.9407,15.0665],[74.9406,15.052],[74.9317,15.0521],[74.9299,15.0494],[74.924,15.0485],[74.9187,15.0442],[74.9171,15.0388],[74.9107,15.0412],[74.9082,15.0509],[74.891,15.0448],[74.888,15.0503],[74.8898,15.0535],[74.8872,15.0656],[74.8785,15.0738],[74.8802,15.0848],[74.8839,15.0882],[74.8895,15.0888],[74.8933,15.0936],[74.892,15.097],[74.8892,15.0999],[74.8801,15.1001],[74.8742,15.1028],[74.8593,15.1028],[74.854,15.1111],[74.8513,15.1209],[74.8469,15.1231],[74.8433,15.1219],[74.8408,15.1272],[74.8315,15.1319],[74.8312,15.1385],[74.8293,15.1397],[74.8375,15.1439],[74.8351,15.1503],[74.8396,15.1526],[74.8409,15.1567],[74.8485,15.1629],[74.8511,15.1716],[74.8625,15.1782],[74.8653,15.187],[74.8774,15.1932],[74.8733,15.2048],[74.8754,15.2069],[74.8731,15.2164],[74.8874,15.2289],[74.8877,15.2343],[74.9103,15.2511],[74.9045,15.2822],[74.8965,15.3017],[74.8936,15.3005],[74.8889,15.3071],[74.882,15.2988],[74.8737,15.2985],[74.8784,15.31],[74.8746,15.3151],[74.8763,15.3167],[74.8608,15.3273],[74.8537,15.3412],[74.8475,15.3405],[74.8452,15.3357],[74.8381,15.3365],[74.8359,15.3346],[74.8285,15.3407],[74.8192,15.3704],[74.8244,15.3748],[74.831,15.3728],[74.821,15.3851],[74.8023,15.378],[74.7941,15.3785],[74.7867,15.3848],[74.7824,15.3944],[74.7693,15.401],[74.7653,15.3996],[74.7707,15.4079],[74.7667,15.4172],[74.7558,15.4114],[74.7414,15.4123],[74.7339,15.4086],[74.7263,15.4115],[74.7148,15.411],[74.7066,15.4076],[74.6994,15.4101],[74.6896,15.3979],[74.6494,15.3901],[74.6428,15.3844],[74.6325,15.367],[74.614,15.3585],[74.6028,15.3667],[74.5973,15.3762],[74.5857,15.3826],[74.5823,15.3903],[74.5763,15.3914],[74.5684,15.4025],[74.5583,15.4065],[74.5447,15.4168],[74.5353,15.4187],[74.517,15.4024],[74.5028,15.4037],[74.4912,15.4008],[74.4827,15.3958],[74.4726,15.3978],[74.4739,15.4025],[74.4711,15.4036],[74.4706,15.4094],[74.4646,15.4151],[74.4604,15.4133],[74.4593,15.406],[74.4565,15.4031],[74.4459,15.4067],[74.4387,15.4051],[74.4324,15.3987],[74.4264,15.3984],[74.4219,15.4636],[74.4133,15.4739],[74.4044,15.4739],[74.3945,15.4807],[74.3883,15.4814],[74.3868,15.4842],[74.3749,15.4808],[74.3425,15.518],[74.3269,15.517],[74.292,15.5249]]]},"properties":{"dtname":"Uttara Kannada","stname":"KARNATAKA","stcode11":"29","dtcode11":"563","year_stat":"2011_c","Shape_Length":807048.2185945834,"Shape_Area":11056813044.696861,"OBJECTID":70,"test":0,"Dist_LGD":550,"State_LGD":29}},{"type":"Feature","id":72,"geometry":{"type":"Polygon","coordinates":[[[75.1408,15.1604],[75.1367,15.1608],[75.1318,15.1448],[75.1257,15.1451],[75.1217,15.1403],[75.1094,15.1388],[75.1043,15.1413],[75.1067,15.1385],[75.1053,15.1304],[75.1115,15.1264],[75.1142,15.121],[75.1135,15.1172],[75.0953,15.114],[75.0953,15.1102],[75.0775,15.1103],[75.0826,15.0854],[75.0821,15.0746],[75.0741,15.0524],[75.0739,15.041],[75.0772,15.0373],[75.0693,15.0152],[75.0762,14.9738],[75.0814,14.9692],[75.0839,14.9565],[75.099,14.9564],[75.0945,14.9514],[75.103,14.9343],[75.1013,14.9269],[75.0823,14.926],[75.0848,14.9215],[75.0778,14.923],[75.0674,14.9187],[75.0715,14.9005],[75.0715,14.8716],[75.0744,14.869],[75.0717,14.8678],[75.074,14.8559],[75.068,14.8371],[75.0716,14.8335],[75.0739,14.8258],[75.0904,14.8202],[75.0917,14.8112],[75.0749,14.8086],[75.0555,14.8147],[75.0559,14.805],[75.0685,14.7985],[75.0687,14.7871],[75.0668,14.7861],[75.07,14.783],[75.0657,14.7821],[75.063,14.7765],[75.0531,14.777],[75.0502,14.7735],[75.0411,14.7741],[75.0403,14.767],[75.0433,14.7558],[75.047,14.7526],[75.0472,14.7445],[75.0435,14.7429],[75.0444,14.7392],[75.0378,14.7384],[75.0383,14.7279],[75.033,14.7277],[75.0304,14.73],[75.0285,14.7258],[75.0226,14.7256],[75.0153,14.7207],[75.0173,14.71],[75.0322,14.708],[75.032,14.6957],[75.036,14.6756],[75.0305,14.6724],[75.031,14.665],[75.0353,14.658],[75.0406,14.6608],[75.0509,14.6495],[75.0726,14.6553],[75.0994,14.6527],[75.103,14.6452],[75.1146,14.6416],[75.1242,14.6312],[75.1425,14.6338],[75.1441,14.6204],[75.1528,14.6262],[75.1602,14.6173],[75.1648,14.6208],[75.1635,14.6289],[75.1654,14.6333],[75.172,14.6344],[75.182,14.6247],[75.1878,14.6226],[75.1965,14.6236],[75.2024,14.6278],[75.2008,14.638],[75.2055,14.6377],[75.2075,14.6358],[75.2052,14.6341],[75.2082,14.6335],[75.2074,14.6272],[75.2098,14.6278],[75.2106,14.6233],[75.2057,14.6095],[75.2051,14.5975],[75.1987,14.5963],[75.1874,14.5995],[75.1817,14.5978],[75.1841,14.5859],[75.1978,14.5827],[75.1974,14.5774],[75.2076,14.5721],[75.2192,14.5802],[75.2216,14.5849],[75.2274,14.5838],[75.2306,14.5797],[75.2252,14.5677],[75.2285,14.5612],[75.2405,14.5549],[75.2435,14.5602],[75.2421,14.5681],[75.2447,14.5687],[75.2436,14.578],[75.2492,14.5807],[75.2655,14.5798],[75.2677,14.5749],[75.2745,14.57],[75.2744,14.5655],[75.2818,14.5604],[75.2856,14.5605],[75.2916,14.5483],[75.2938,14.548],[75.2931,14.5435],[75.2972,14.5405],[75.2901,14.5316],[75.2872,14.5324],[75.2846,14.5296],[75.2783,14.5342],[75.2678,14.5278],[75.2675,14.5149],[75.275,14.5109],[75.2832,14.5145],[75.286,14.5146],[75.2869,14.5116],[75.2974,14.511],[75.3196,14.5135],[75.3242,14.5089],[75.3295,14.4945],[75.3461,14.4853],[75.34,14.4688],[75.3472,14.4575],[75.3425,14.4517],[75.3402,14.4358],[75.3554,14.4316],[75.3561,14.4283],[75.3586,14.4314],[75.3577,14.4365],[75.3646,14.4417],[75.3821,14.4336],[75.3779,14.4078],[75.3652,14.4109],[75.3594,14.4093],[75.3486,14.388],[75.3618,14.3814],[75.3737,14.3703],[75.3974,14.3662],[75.4016,14.3593],[75.4103,14.3525],[75.4293,14.3491],[75.4336,14.3431],[75.4419,14.3398],[75.4543,14.3286],[75.4774,14.3175],[75.4801,14.331],[75.4766,14.3439],[75.4806,14.3444],[75.4812,14.3396],[75.4887,14.3387],[75.4898,14.3474],[75.501,14.3444],[75.5016,14.3246],[75.505,14.3176],[75.5027,14.3079],[75.5176,14.3014],[75.5244,14.292],[75.5341,14.2896],[75.5357,14.2775],[75.5516,14.2743],[75.5609,14.2777],[75.5824,14.2783],[75.5877,14.2894],[75.591,14.2877],[75.6035,14.293],[75.6109,14.3159],[75.6341,14.315],[75.6349,14.3172],[75.6335,14.326],[75.6269,14.3324],[75.6229,14.3442],[75.6262,14.3723],[75.6313,14.3783],[75.6312,14.3835],[75.6352,14.3906],[75.6429,14.4313],[75.6346,14.433],[75.6366,14.441],[75.6304,14.4448],[75.6369,14.4656],[75.6548,14.4637],[75.6582,14.4593],[75.6613,14.4592],[75.6596,14.4543],[75.6616,14.4519],[75.6732,14.4638],[75.68,14.4788],[75.6898,14.4919],[75.7002,14.4912],[75.708,14.4751],[75.7156,14.4723],[75.725,14.4792],[75.7352,14.495],[75.7575,14.5145],[75.7745,14.5183],[75.7974,14.5095],[75.7997,14.5119],[75.7974,14.5306],[75.7997,14.5412],[75.8195,14.5628],[75.8194,14.5728],[75.8045,14.5984],[75.8059,14.6111],[75.8111,14.6263],[75.8114,14.6492],[75.8102,14.6554],[75.7989,14.6676],[75.8004,14.677],[75.7989,14.6812],[75.7923,14.683],[75.7755,14.6761],[75.7636,14.6753],[75.7393,14.6856],[75.738,14.6912],[75.7411,14.7009],[75.754,14.7155],[75.7639,14.7223],[75.7646,14.7283],[75.7621,14.7349],[75.7557,14.7387],[75.7178,14.7196],[75.7063,14.7233],[75.7025,14.7316],[75.7207,14.7511],[75.7224,14.772],[75.7134,14.7789],[75.6918,14.7823],[75.6777,14.798],[75.666,14.7998],[75.6636,14.8035],[75.6758,14.8334],[75.6903,14.8569],[75.6937,14.8589],[75.6952,14.8522],[75.7126,14.8527],[75.7212,14.8608],[75.7216,14.8642],[75.7327,14.8636],[75.7343,14.883],[75.7391,14.8873],[75.7289,14.8947],[75.7281,14.8975],[75.6962,14.8921],[75.6833,14.9275],[75.6822,14.937],[75.6863,14.9433],[75.7011,14.9485],[75.6914,14.9731],[75.6686,14.9867],[75.6511,14.9911],[75.6319,14.9915],[75.6294,14.9836],[75.6175,14.9806],[75.6181,14.9739],[75.609,14.973],[75.6107,14.9585],[75.6022,14.9544],[75.5979,14.9548],[75.5892,14.9594],[75.5837,14.9685],[75.5653,14.9714],[75.5638,14.9734],[75.5655,14.9793],[75.5414,14.9787],[75.5428,15.0136],[75.5385,15.0178],[75.5382,15.0274],[75.5329,15.0346],[75.5211,15.0333],[75.5072,15.0446],[75.4952,15.0471],[75.4776,15.0439],[75.4686,15.0472],[75.4611,15.044],[75.4603,15.05],[75.4521,15.0499],[75.4487,15.0607],[75.3992,15.06],[75.3753,15.0503],[75.3693,15.0502],[75.3572,15.0652],[75.3493,15.0642],[75.3444,15.0661],[75.3397,15.0698],[75.333,15.0867],[75.3398,15.0885],[75.3392,15.0916],[75.3501,15.0947],[75.3506,15.1002],[75.3499,15.1026],[75.3399,15.1067],[75.3367,15.1137],[75.3364,15.1618],[75.326,15.1574],[75.3071,15.1552],[75.3098,15.1383],[75.2871,15.1369],[75.288,15.1305],[75.2728,15.1222],[75.2699,15.1177],[75.2606,15.1183],[75.2585,15.0985],[75.2533,15.098],[75.2512,15.1076],[75.2399,15.1072],[75.2389,15.109],[75.2259,15.1075],[75.2249,15.1013],[75.1985,15.1014],[75.1883,15.0979],[75.1862,15.1043],[75.1582,15.1015],[75.1587,15.1097],[75.1392,15.1044],[75.1331,15.119],[75.1375,15.1202],[75.1378,15.13],[75.1455,15.1341],[75.1529,15.1457],[75.1489,15.1504],[75.1467,15.1501],[75.1408,15.1604]]]},"properties":{"dtname":"Haveri","stname":"KARNATAKA","stcode11":"29","dtcode11":"564","year_stat":"2011_c","Shape_Length":487974.7751926035,"Shape_Area":5187074540.319948,"OBJECTID":72,"test":0,"Dist_LGD":540,"State_LGD":29}},{"type":"Feature","id":75,"geometry":{"type":"Polygon","coordinates":[[[76.7177,15.0359],[76.7115,15.0328],[76.7037,15.0334],[76.7026,15.0275],[76.7048,15.0219],[76.7019,15.0162],[76.686,15.0188],[76.6881,15.025],[76.678,15.0246],[76.6716,15.0187],[76.6736,15.0169],[76.6728,15.0129],[76.6776,15.0095],[76.6887,14.9786],[76.7087,14.9766],[76.7155,14.9728],[76.7167,14.9479],[76.713,14.9396],[76.706,14.9423],[76.707,14.9311],[76.6972,14.9276],[76.6793,14.9389],[76.6598,14.9418],[76.6653,14.9159],[76.6774,14.9113],[76.678,14.8872],[76.6975,14.8882],[76.7136,14.865],[76.7151,14.852],[76.7117,14.8373],[76.7166,14.8333],[76.7406,14.826],[76.7417,14.8184],[76.7342,14.8136],[76.7182,14.8183],[76.7046,14.8179],[76.6828,14.8087],[76.6748,14.7941],[76.6675,14.7938],[76.6729,14.7884],[76.6673,14.7825],[76.6669,14.7753],[76.6599,14.7717],[76.6602,14.7657],[76.6578,14.7648],[76.6554,14.7577],[76.6488,14.7563],[76.6509,14.7524],[76.6496,14.7388],[76.6516,14.7373],[76.6471,14.7308],[76.6512,14.7253],[76.6449,14.7166],[76.6448,14.713],[76.6376,14.71],[76.6361,14.7044],[76.6304,14.7008],[76.6241,14.7025],[76.6175,14.6925],[76.6084,14.6877],[76.6106,14.6688],[76.598,14.6693],[76.5974,14.6535],[76.6121,14.6484],[76.6028,14.6338],[76.596,14.6306],[76.6006,14.6257],[76.6009,14.6209],[76.5851,14.6174],[76.5741,14.6027],[76.5725,14.5941],[76.5675,14.5874],[76.5507,14.5789],[76.5497,14.5735],[76.5422,14.5666],[76.5352,14.5649],[76.5353,14.5612],[76.5182,14.5625],[76.5101,14.5604],[76.5148,14.5511],[76.5168,14.5499],[76.5239,14.5532],[76.527,14.5461],[76.5332,14.5427],[76.5327,14.5386],[76.5215,14.5244],[76.5137,14.5232],[76.5081,14.5163],[76.4954,14.5117],[76.4848,14.5046],[76.4733,14.5025],[76.4614,14.5061],[76.4556,14.4716],[76.4597,14.4517],[76.4384,14.4479],[76.4235,14.45],[76.424,14.4386],[76.4162,14.4394],[76.4059,14.435],[76.3965,14.4344],[76.3954,14.4292],[76.3923,14.4287],[76.3933,14.4264],[76.3832,14.427],[76.3839,14.4204],[76.3733,14.4183],[76.37,14.4203],[76.3529,14.4194],[76.3495,14.4162],[76.3392,14.419],[76.3387,14.4143],[76.3326,14.4096],[76.2931,14.4088],[76.2812,14.4042],[76.2742,14.4091],[76.2708,14.4203],[76.2662,14.4239],[76.2652,14.4371],[76.2613,14.4443],[76.2474,14.444],[76.2381,14.4504],[76.2185,14.4419],[76.2077,14.4574],[76.1734,14.4607],[76.172,14.448],[76.1628,14.4452],[76.1453,14.431],[76.1363,14.427],[76.1431,14.4122],[76.1493,14.4078],[76.1553,14.3869],[76.1554,14.3771],[76.1515,14.3775],[76.1508,14.3664],[76.1568,14.3604],[76.1549,14.3503],[76.1584,14.3319],[76.1566,14.32],[76.1547,14.3182],[76.1429,14.3221],[76.1161,14.3232],[76.1064,14.3103],[76.1118,14.3024],[76.118,14.3001],[76.1201,14.2949],[76.1171,14.2775],[76.1249,14.2825],[76.1299,14.28],[76.1349,14.2561],[76.1052,14.2466],[76.0961,14.2479],[76.079,14.2452],[76.0721,14.226],[76.061,14.2225],[76.0656,14.2063],[76.0578,14.2018],[76.0563,14.1946],[76.0575,14.1813],[76.0659,14.1813],[76.0633,14.1596],[76.0463,14.155],[76.0464,14.1451],[76.0395,14.1424],[76.0327,14.1339],[76.0319,14.1203],[76.0281,14.1198],[76.025,14.1132],[76.0253,14.1001],[76.0349,14.0996],[76.0324,14.0959],[76.0332,14.0901],[76.0469,14.0975],[76.0522,14.094],[76.0546,14.089],[76.0565,14.0715],[76.0477,14.0472],[76.0479,14.0394],[76.0512,14.0342],[76.0508,14.0237],[76.0482,14.0138],[76.0462,14.0136],[76.0433,13.9874],[76.0469,13.9832],[76.0496,13.9833],[76.0509,13.9786],[76.0722,13.9823],[76.069,13.9675],[76.0693,13.9528],[76.0656,13.9416],[76.0446,13.9424],[76.0351,13.9245],[76.0294,13.9185],[76.0308,13.9061],[76.0284,13.8987],[76.0504,13.8992],[76.0555,13.8808],[76.0774,13.8803],[76.0867,13.8743],[76.0923,13.8668],[76.0986,13.8639],[76.1066,13.8308],[76.1152,13.8121],[76.1295,13.8143],[76.1325,13.7866],[76.147,13.7525],[76.1489,13.7326],[76.17,13.7269],[76.1736,13.7168],[76.183,13.7161],[76.1951,13.7114],[76.2197,13.7134],[76.2217,13.6822],[76.2249,13.6795],[76.2359,13.6779],[76.2427,13.6667],[76.2548,13.662],[76.2628,13.6531],[76.2632,13.6489],[76.2815,13.6491],[76.2866,13.6467],[76.2834,13.6385],[76.2801,13.6371],[76.2796,13.624],[76.2758,13.6221],[76.2769,13.6164],[76.2731,13.605],[76.282,13.6068],[76.282,13.6013],[76.2871,13.6011],[76.2877,13.5948],[76.2925,13.5975],[76.293,13.5905],[76.3003,13.5889],[76.308,13.5918],[76.3316,13.5944],[76.3332,13.5964],[76.3412,13.5762],[76.3476,13.576],[76.3735,13.5931],[76.3782,13.5894],[76.3827,13.5769],[76.3925,13.5906],[76.3977,13.5909],[76.3995,13.5949],[76.4051,13.5906],[76.4099,13.5797],[76.4133,13.5782],[76.4244,13.5814],[76.4274,13.5911],[76.4303,13.5932],[76.441,13.5942],[76.4551,13.5909],[76.4555,13.5956],[76.4617,13.6002],[76.4571,13.6035],[76.4553,13.6115],[76.4607,13.6189],[76.49,13.6233],[76.5001,13.6217],[76.4972,13.6271],[76.517,13.6343],[76.5185,13.6412],[76.534,13.6509],[76.5291,13.6605],[76.5295,13.6661],[76.5398,13.6632],[76.5555,13.6827],[76.5642,13.6848],[76.5687,13.6887],[76.5734,13.6868],[76.5766,13.6902],[76.5694,13.7146],[76.596,13.7202],[76.6038,13.7257],[76.6095,13.7235],[76.6209,13.734],[76.6245,13.7341],[76.6298,13.7137],[76.6618,13.7214],[76.6731,13.7187],[76.6725,13.7062],[76.6851,13.6905],[76.6898,13.7224],[76.689,13.7274],[76.6845,13.7298],[76.6875,13.746],[76.6953,13.7544],[76.6953,13.7584],[76.6978,13.7604],[76.6939,13.7633],[76.698,13.7714],[76.7058,13.7758],[76.7083,13.782],[76.7137,13.7857],[76.717,13.7942],[76.7238,13.7997],[76.7275,13.7969],[76.731,13.7847],[76.749,13.7807],[76.7645,13.782],[76.7688,13.7952],[76.7685,13.806],[76.764,13.8218],[76.7666,13.8359],[76.7623,13.8351],[76.7522,13.8502],[76.7528,13.8553],[76.7498,13.8539],[76.7468,13.8564],[76.7358,13.8702],[76.7315,13.8813],[76.7296,13.8807],[76.7231,13.8902],[76.7212,13.8946],[76.7229,13.8985],[76.7525,13.9066],[76.7495,13.9162],[76.752,13.9196],[76.7638,13.9205],[76.7647,13.9245],[76.7799,13.9243],[76.8022,13.9166],[76.8154,13.9161],[76.8114,13.9365],[76.8194,13.9366],[76.8219,13.9506],[76.842,13.9628],[76.8499,13.9636],[76.8485,13.9805],[76.8234,13.9943],[76.8228,13.9985],[76.8249,14.0012],[76.8334,14.0032],[76.8373,14.0182],[76.861,14.0147],[76.8728,14.0092],[76.8764,14.0194],[76.8799,14.0187],[76.8886,14.0479],[76.9101,14.0643],[76.923,14.0571],[76.9284,14.0778],[76.9484,14.0921],[76.9534,14.0992],[76.9443,14.1208],[76.9366,14.1243],[76.9359,14.1289],[76.925,14.1371],[76.9176,14.1289],[76.9129,14.1289],[76.9048,14.1337],[76.8895,14.1357],[76.8859,14.1383],[76.8905,14.1429],[76.8945,14.1678],[76.9097,14.168],[76.9198,14.1645],[76.9219,14.1695],[76.9424,14.1734],[76.9421,14.1807],[76.9447,14.1866],[76.9427,14.1954],[76.9476,14.1982],[76.9606,14.1818],[76.9707,14.1824],[76.9838,14.1789],[76.9964,14.1803],[77.0055,14.184],[77.0212,14.1777],[77.0228,14.1793],[77.0239,14.1863],[77.0215,14.1888],[77.0028,14.198],[77.0061,14.2062],[77.0064,14.2151],[77.0056,14.221],[77.003,14.2216],[76.9993,14.2291],[77.0038,14.2296],[77.0057,14.2358],[76.9989,14.2409],[76.9919,14.2414],[76.9856,14.2474],[76.9698,14.2434],[76.9598,14.245],[76.952,14.2419],[76.9398,14.2449],[76.9358,14.2594],[76.9249,14.2738],[76.9282,14.2793],[76.9371,14.2804],[76.9567,14.2944],[76.9457,14.3132],[76.9272,14.3146],[76.9079,14.323],[76.9034,14.3227],[76.8923,14.3413],[76.8848,14.3476],[76.8848,14.3957],[76.8987,14.398],[76.9158,14.4207],[76.9316,14.4109],[76.9428,14.3998],[76.9478,14.4132],[76.9448,14.4509],[76.946,14.4526],[76.9599,14.4506],[76.9717,14.4682],[76.9755,14.4779],[76.9748,14.4854],[76.95,14.4868],[76.9488,14.4892],[76.9434,14.4895],[76.9007,14.4892],[76.8865,14.4836],[76.8843,14.4771],[76.868,14.4741],[76.8556,14.5096],[76.8419,14.5194],[76.8355,14.5213],[76.831,14.5304],[76.8235,14.5269],[76.8126,14.5318],[76.8063,14.5311],[76.8028,14.5422],[76.7914,14.5547],[76.7834,14.5805],[76.7819,14.5965],[76.7803,14.5971],[76.7803,14.5931],[76.765,14.6022],[76.7725,14.6391],[76.7753,14.681],[76.7862,14.6958],[76.7865,14.7085],[76.803,14.7419],[76.7942,14.7513],[76.7896,14.7601],[76.789,14.7723],[76.7827,14.786],[76.8177,14.7876],[76.8204,14.7889],[76.8191,14.7931],[76.8324,14.7929],[76.8326,14.7904],[76.8368,14.7908],[76.8374,14.8106],[76.854,14.8095],[76.8546,14.8181],[76.846,14.8221],[76.8455,14.8341],[76.8418,14.8366],[76.8541,14.8433],[76.8572,14.8691],[76.8539,14.8692],[76.8525,14.887],[76.8455,14.8872],[76.8455,14.8893],[76.8474,14.896],[76.8639,14.8956],[76.8696,14.9377],[76.8661,14.9576],[76.8675,14.9699],[76.842,14.9664],[76.8341,14.9565],[76.8285,14.9565],[76.8183,14.9695],[76.7963,14.9692],[76.7776,14.9755],[76.7672,14.9749],[76.7606,14.9899],[76.7508,14.9832],[76.7446,14.9865],[76.7341,14.9855],[76.7275,14.9974],[76.7278,15.0047],[76.7282,15.0099],[76.7361,15.0232],[76.7327,15.0318],[76.7177,15.0359]]]},"properties":{"dtname":"Chitradurga","stname":"KARNATAKA","stcode11":"29","dtcode11":"566","year_stat":"2011_c","Shape_Length":701685.4909071899,"Shape_Area":9027409729.525179,"OBJECTID":75,"test":0,"Dist_LGD":533,"State_LGD":29}},{"type":"Feature","id":76,"geometry":{"type":"Polygon","coordinates":[[[76.0453,14.9306],[76.0441,14.9319],[76.0326,14.9245],[76.0229,14.9102],[76.0141,14.9021],[76.0127,14.8964],[76.0105,14.9053],[76.0057,14.906],[76.0051,14.902],[75.9973,14.8982],[75.9846,14.9082],[75.9771,14.8985],[75.966,14.9085],[75.9654,14.903],[75.9625,14.9044],[75.9497,14.902],[75.9496,14.9],[75.9401,14.9],[75.9399,14.8964],[75.9343,14.8921],[75.9282,14.8924],[75.9275,14.8896],[75.8978,14.8808],[75.8976,14.8782],[75.8931,14.8776],[75.8886,14.8731],[75.8874,14.8686],[75.8732,14.868],[75.8692,14.8544],[75.8538,14.8636],[75.8558,14.8819],[75.8539,14.8836],[75.8478,14.8844],[75.8448,14.8899],[75.841,14.8897],[75.8323,14.8835],[75.8257,14.8992],[75.8161,14.8998],[75.816,14.8961],[75.8131,14.896],[75.811,14.8923],[75.8093,14.8809],[75.8035,14.8763],[75.8017,14.8689],[75.8102,14.8463],[75.8103,14.8427],[75.8054,14.8413],[75.8111,14.8293],[75.818,14.8345],[75.8331,14.8131],[75.8348,14.8036],[75.8333,14.7955],[75.8232,14.7765],[75.8139,14.7765],[75.7988,14.7689],[75.7765,14.7857],[75.773,14.7917],[75.7715,14.7823],[75.7598,14.7753],[75.756,14.7405],[75.7638,14.7321],[75.7643,14.7233],[75.754,14.7155],[75.7411,14.7009],[75.738,14.6912],[75.7396,14.6853],[75.7636,14.6753],[75.7755,14.6761],[75.7893,14.6824],[75.7971,14.6825],[75.8004,14.677],[75.7989,14.6676],[75.8107,14.6547],[75.8113,14.6283],[75.8045,14.5984],[75.8187,14.5741],[75.8203,14.5671],[75.8189,14.5617],[75.7997,14.5412],[75.7974,14.5306],[75.7993,14.5108],[75.7908,14.5105],[75.773,14.5184],[75.7575,14.5145],[75.7352,14.495],[75.725,14.4792],[75.7156,14.4723],[75.708,14.4751],[75.7002,14.4912],[75.6898,14.4919],[75.68,14.4788],[75.6732,14.4638],[75.6616,14.4519],[75.6596,14.4543],[75.6613,14.4592],[75.6582,14.4593],[75.6548,14.4637],[75.6369,14.4656],[75.6304,14.4448],[75.6366,14.441],[75.6346,14.433],[75.6429,14.4313],[75.6352,14.3906],[75.6312,14.3835],[75.6313,14.3783],[75.6262,14.3723],[75.6229,14.3442],[75.6269,14.3324],[75.6343,14.3241],[75.6341,14.315],[75.6109,14.3159],[75.6035,14.293],[75.591,14.2877],[75.5877,14.2894],[75.5824,14.2783],[75.5609,14.2777],[75.5516,14.2743],[75.5299,14.2774],[75.527,14.2584],[75.5292,14.23],[75.5267,14.2285],[75.5289,14.215],[75.5268,14.2028],[75.5209,14.2025],[75.5073,14.2192],[75.4763,14.215],[75.4726,14.2107],[75.4561,14.2068],[75.453,14.2047],[75.4617,14.1997],[75.4842,14.1763],[75.4612,14.1747],[75.4438,14.1635],[75.4335,14.1529],[75.4243,14.1495],[75.4206,14.1411],[75.4154,14.1412],[75.4014,14.1262],[75.399,14.1182],[75.4061,14.1137],[75.4329,14.1065],[75.4485,14.0954],[75.4648,14.1024],[75.4708,14.1032],[75.4799,14.1003],[75.4905,14.1048],[75.4928,14.0995],[75.51,14.1011],[75.5236,14.0945],[75.5291,14.0946],[75.5313,14.0975],[75.534,14.0902],[75.5388,14.0862],[75.5397,14.0807],[75.5433,14.0781],[75.5537,14.0788],[75.5643,14.0693],[75.5852,14.0579],[75.5913,14.064],[75.6009,14.0609],[75.6036,14.0566],[75.6111,14.0614],[75.6176,14.0766],[75.6307,14.0735],[75.6343,14.0799],[75.6424,14.0795],[75.6436,14.074],[75.673,14.065],[75.702,14.0729],[75.7255,14.0758],[75.7212,14.0834],[75.7382,14.0874],[75.7388,14.1011],[75.7531,14.1018],[75.756,14.1103],[75.7682,14.1094],[75.7685,14.1036],[75.8059,14.0982],[75.8141,14.1057],[75.814,14.0946],[75.8211,14.0795],[75.821,14.0651],[75.8139,14.0488],[75.801,14.0437],[75.7988,14.0333],[75.8034,14.0261],[75.8079,14.0263],[75.8239,14.019],[75.8309,13.9868],[75.8292,13.9717],[75.8597,13.9104],[75.8598,13.8866],[75.8553,13.8727],[75.8629,13.8727],[75.8657,13.8599],[75.8714,13.8511],[75.8706,13.8356],[75.8788,13.8102],[75.8895,13.8097],[75.8955,13.8063],[75.9037,13.8089],[75.9203,13.8071],[75.9276,13.8139],[75.9455,13.8142],[75.9474,13.818],[75.9523,13.816],[75.9481,13.8285],[75.9498,13.8339],[75.9651,13.8467],[75.9702,13.8564],[75.9804,13.8479],[75.9849,13.8501],[75.9888,13.8485],[76.0081,13.8686],[76.0108,13.866],[76.0158,13.872],[76.0186,13.8638],[76.0224,13.8635],[76.0258,13.8679],[76.0301,13.8685],[76.0277,13.8734],[76.0324,13.8798],[76.0333,13.8977],[76.0284,13.8987],[76.0308,13.9061],[76.0294,13.9185],[76.0351,13.9245],[76.0446,13.9424],[76.0656,13.9416],[76.0693,13.9528],[76.069,13.9675],[76.0722,13.9823],[76.0508,13.9787],[76.0496,13.9833],[76.0469,13.9832],[76.0427,13.9909],[76.0462,14.0136],[76.0482,14.0138],[76.0508,14.0237],[76.0512,14.0342],[76.0479,14.0394],[76.0477,14.0472],[76.0564,14.0705],[76.0546,14.089],[76.0522,14.094],[76.0469,14.0975],[76.0332,14.0901],[76.0324,14.0959],[76.0349,14.0996],[76.0253,14.1001],[76.025,14.1132],[76.0281,14.1198],[76.0319,14.1203],[76.0327,14.1339],[76.0395,14.1424],[76.0464,14.1451],[76.0463,14.155],[76.0633,14.1596],[76.0659,14.1813],[76.0575,14.1813],[76.0563,14.1946],[76.0578,14.2018],[76.0656,14.2063],[76.061,14.2225],[76.0721,14.226],[76.079,14.2452],[76.0961,14.2479],[76.1052,14.2466],[76.1349,14.2561],[76.1299,14.28],[76.1249,14.2825],[76.1171,14.2775],[76.1201,14.2949],[76.118,14.3001],[76.1118,14.3024],[76.1064,14.3103],[76.1161,14.3232],[76.1429,14.3221],[76.1547,14.3182],[76.1566,14.32],[76.1584,14.3319],[76.1549,14.3503],[76.1568,14.3604],[76.1508,14.3664],[76.1515,14.3775],[76.1554,14.3771],[76.1553,14.3869],[76.1493,14.4078],[76.1431,14.4122],[76.1363,14.427],[76.1453,14.431],[76.1628,14.4452],[76.172,14.448],[76.1734,14.4607],[76.2077,14.4574],[76.2185,14.4419],[76.2381,14.4504],[76.2474,14.444],[76.2613,14.4443],[76.2652,14.4371],[76.2662,14.4239],[76.2708,14.4203],[76.2742,14.4091],[76.2812,14.4042],[76.2931,14.4088],[76.3326,14.4096],[76.3387,14.4143],[76.3392,14.419],[76.3495,14.4162],[76.3529,14.4194],[76.37,14.4203],[76.3733,14.4183],[76.3832,14.4202],[76.3832,14.427],[76.3933,14.4264],[76.3923,14.4287],[76.3954,14.4292],[76.3965,14.4344],[76.4059,14.435],[76.4162,14.4394],[76.424,14.4386],[76.4235,14.45],[76.4384,14.4479],[76.4597,14.4517],[76.4556,14.4716],[76.4614,14.5061],[76.4733,14.5025],[76.4848,14.5046],[76.4954,14.5117],[76.5081,14.5163],[76.5137,14.5232],[76.5215,14.5244],[76.5337,14.5408],[76.5329,14.5434],[76.527,14.5461],[76.5239,14.5532],[76.5168,14.5499],[76.5148,14.5511],[76.5092,14.5623],[76.5051,14.5654],[76.4439,14.5803],[76.4236,14.5817],[76.4323,14.6048],[76.4322,14.6183],[76.4217,14.6248],[76.4032,14.6236],[76.4019,14.6274],[76.3936,14.6269],[76.3899,14.6486],[76.3746,14.6466],[76.3746,14.6538],[76.3793,14.6621],[76.343,14.6658],[76.3382,14.6857],[76.3353,14.6878],[76.3162,14.6926],[76.3124,14.6873],[76.3016,14.69],[76.289,14.6852],[76.2795,14.6847],[76.2733,14.6883],[76.2723,14.6958],[76.2579,14.6961],[76.2569,14.7008],[76.2465,14.6946],[76.2305,14.6493],[76.2045,14.6779],[76.1936,14.682],[76.1935,14.698],[76.1837,14.7003],[76.1872,14.7225],[76.1972,14.725],[76.1986,14.7392],[76.201,14.7392],[76.2006,14.7533],[76.196,14.7565],[76.1924,14.7684],[76.1809,14.7641],[76.169,14.7852],[76.1494,14.7839],[76.1429,14.7932],[76.1436,14.8139],[76.1464,14.8235],[76.1534,14.8214],[76.1552,14.8279],[76.1606,14.8299],[76.1762,14.8221],[76.1943,14.8209],[76.1907,14.8465],[76.1744,14.8485],[76.1594,14.8472],[76.1594,14.8539],[76.1546,14.8575],[76.1547,14.8612],[76.1306,14.8608],[76.1306,14.8683],[76.1289,14.8692],[76.0942,14.8697],[76.0878,14.8726],[76.0728,14.8689],[76.0663,14.884],[76.0825,14.9045],[76.0847,14.9134],[76.0697,14.909],[76.0661,14.9101],[76.0622,14.9159],[76.0513,14.9162],[76.0477,14.9303],[76.0453,14.9306]]]},"properties":{"dtname":"Davanagere","stname":"KARNATAKA","stcode11":"29","dtcode11":"567","year_stat":"2011_c","Shape_Length":613890.365170894,"Shape_Area":6351903660.911746,"OBJECTID":76,"test":0,"Dist_LGD":535,"State_LGD":29}},{"type":"Feature","id":77,"geometry":{"type":"Polygon","coordinates":[[[75.0727,14.6552],[75.0509,14.6495],[75.049,14.6421],[75.0401,14.6375],[75.0235,14.6066],[75.0268,14.5845],[75.0237,14.5806],[75.0244,14.5774],[75.0208,14.5742],[75.023,14.5627],[75.0336,14.5588],[75.0397,14.5492],[75.0446,14.5458],[75.0548,14.5489],[75.0613,14.5436],[75.0547,14.5396],[75.0524,14.5336],[75.0369,14.5294],[75.0406,14.5219],[75.0407,14.5002],[75.0186,14.4968],[75.0065,14.4875],[75.0088,14.4842],[75.0055,14.4806],[74.9956,14.4778],[74.9896,14.4727],[74.9845,14.4864],[74.9911,14.4934],[74.9906,14.5011],[74.9823,14.5133],[74.9718,14.5208],[74.9726,14.5239],[74.9797,14.5242],[74.9768,14.5332],[74.9768,14.5487],[74.9701,14.551],[74.9626,14.5495],[74.9543,14.5512],[74.9487,14.5365],[74.9434,14.5327],[74.9411,14.5346],[74.9418,14.5312],[74.9358,14.5187],[74.9297,14.5234],[74.9268,14.5291],[74.901,14.5294],[74.9021,14.5152],[74.8982,14.5083],[74.8947,14.5074],[74.8893,14.4794],[74.8935,14.474],[74.9031,14.4732],[74.9183,14.4665],[74.921,14.4592],[74.9088,14.4577],[74.8989,14.4641],[74.8899,14.4619],[74.8746,14.4476],[74.8781,14.4355],[74.8804,14.4344],[74.8808,14.4292],[74.9172,14.4315],[74.9336,14.404],[74.947,14.4009],[74.949,14.3986],[74.9498,14.376],[74.9407,14.3677],[74.9393,14.3585],[74.9503,14.3507],[74.9551,14.3499],[74.9591,14.3422],[74.9744,14.3376],[74.9741,14.3334],[74.9763,14.332],[74.9738,14.3314],[74.973,14.3266],[74.9697,14.3259],[74.9724,14.3204],[74.9732,14.3233],[74.977,14.3207],[74.9714,14.3157],[74.9678,14.3153],[74.9578,14.3234],[74.9518,14.3169],[74.949,14.3195],[74.9393,14.3194],[74.937,14.3224],[74.931,14.3189],[74.9252,14.3194],[74.9204,14.3157],[74.918,14.3085],[74.9134,14.304],[74.9134,14.299],[74.907,14.2948],[74.91,14.2782],[74.9156,14.2762],[74.9166,14.2732],[74.9239,14.2783],[74.9263,14.2775],[74.9284,14.2647],[74.9342,14.2633],[74.9352,14.2584],[74.9383,14.2563],[74.9354,14.2432],[74.9304,14.2411],[74.9272,14.2369],[74.9289,14.2353],[74.9232,14.2325],[74.9198,14.2275],[74.9006,14.2299],[74.8969,14.2274],[74.8962,14.2206],[74.8928,14.2176],[74.8777,14.2158],[74.88,14.2195],[74.8796,14.2211],[74.8761,14.2194],[74.8753,14.2278],[74.8803,14.2346],[74.8732,14.2413],[74.8684,14.2381],[74.8663,14.2198],[74.8593,14.2188],[74.8567,14.2128],[74.8534,14.2113],[74.8323,14.2301],[74.8223,14.2278],[74.8183,14.2324],[74.8093,14.2307],[74.8034,14.2321],[74.8009,14.2293],[74.7918,14.2274],[74.773,14.2394],[74.7637,14.2379],[74.7449,14.2554],[74.73,14.2639],[74.716,14.2333],[74.7188,14.214],[74.7288,14.1749],[74.7485,14.1569],[74.7479,14.1427],[74.7431,14.1491],[74.7234,14.1526],[74.7075,14.17],[74.6975,14.1731],[74.6906,14.1662],[74.6655,14.1845],[74.6506,14.1701],[74.6253,14.1625],[74.629,14.1443],[74.6449,14.1421],[74.643,14.136],[74.6463,14.1145],[74.6557,14.1133],[74.6374,14.0946],[74.6536,14.0745],[74.6609,14.0584],[74.654,14.0439],[74.6553,14.0391],[74.6775,14.0348],[74.6697,14.0069],[74.6632,13.9932],[74.6658,13.9801],[74.6748,13.969],[74.6833,13.965],[74.6846,13.9578],[74.6987,13.9507],[74.6996,13.9391],[74.6905,13.9335],[74.6968,13.9278],[74.7078,13.9269],[74.7138,13.9164],[74.7118,13.9051],[74.7229,13.9072],[74.734,13.9141],[74.7418,13.9149],[74.755,13.9091],[74.7627,13.916],[74.7634,13.9144],[74.7879,13.9133],[74.7915,13.9055],[74.7946,13.9104],[74.8007,13.9102],[74.8087,13.9058],[74.8162,13.9057],[74.8197,13.9078],[74.8311,13.9029],[74.8373,13.897],[74.8399,13.8974],[74.8562,13.8784],[74.8577,13.869],[74.8651,13.8572],[74.8709,13.8572],[74.8763,13.8606],[74.8787,13.8675],[74.907,13.8603],[74.9107,13.8567],[74.9165,13.8232],[74.9237,13.8127],[74.9244,13.7963],[74.9315,13.7919],[74.9334,13.7877],[74.9294,13.7826],[74.9315,13.7781],[74.928,13.7688],[74.9353,13.7718],[74.9378,13.7639],[74.9467,13.7602],[74.9481,13.757],[74.9632,13.7514],[74.9716,13.7512],[74.9761,13.7465],[74.9869,13.7434],[74.9899,13.7399],[74.9986,13.7384],[74.9935,13.7212],[74.9887,13.7202],[74.9912,13.7101],[75.0008,13.7107],[75.0113,13.7076],[75.013,13.7021],[75.0213,13.6981],[75.0208,13.694],[75.011,13.6911],[75.0131,13.6892],[75.0121,13.6768],[75.0285,13.6702],[75.029,13.667],[75.0244,13.6605],[75.0157,13.6636],[75.0128,13.6578],[75.015,13.6543],[75.0134,13.652],[75.015,13.6444],[75.0178,13.6405],[75.0155,13.6347],[75.0234,13.6272],[75.0282,13.6272],[75.0394,13.6104],[75.05,13.608],[75.052,13.6106],[75.0558,13.6105],[75.0613,13.6027],[75.059,13.5896],[75.0509,13.5834],[75.0452,13.5854],[75.0378,13.58],[75.0337,13.5739],[75.035,13.5672],[75.0422,13.5615],[75.0426,13.5561],[75.0455,13.5569],[75.0496,13.5541],[75.049,13.5374],[75.0627,13.5287],[75.0596,13.5195],[75.0617,13.5179],[75.0642,13.5239],[75.0683,13.5235],[75.0769,13.5143],[75.0796,13.5047],[75.0775,13.4967],[75.0799,13.4925],[75.0876,13.4945],[75.0968,13.4865],[75.1023,13.489],[75.1131,13.4666],[75.1112,13.4607],[75.1158,13.4569],[75.1267,13.4622],[75.1408,13.4614],[75.1363,13.4725],[75.1467,13.4781],[75.1516,13.4875],[75.1596,13.4934],[75.1698,13.508],[75.1762,13.4991],[75.1814,13.5055],[75.1884,13.5088],[75.2027,13.509],[75.2058,13.5154],[75.2111,13.517],[75.2088,13.5192],[75.2041,13.5182],[75.2088,13.5247],[75.2197,13.5236],[75.2261,13.528],[75.2208,13.5333],[75.2244,13.5486],[75.2205,13.5495],[75.2183,13.552],[75.2198,13.5553],[75.216,13.5579],[75.2221,13.5596],[75.2265,13.5684],[75.2188,13.5759],[75.2118,13.5782],[75.2107,13.5854],[75.2238,13.5961],[75.2213,13.6021],[75.2257,13.606],[75.2355,13.5985],[75.2448,13.6052],[75.2492,13.596],[75.255,13.5948],[75.2565,13.5838],[75.2646,13.5867],[75.2715,13.569],[75.2789,13.5645],[75.2798,13.5686],[75.2834,13.569],[75.2897,13.5746],[75.295,13.5848],[75.308,13.584],[75.3133,13.589],[75.3262,13.5926],[75.3282,13.5859],[75.3408,13.5858],[75.3443,13.5807],[75.3574,13.5957],[75.3645,13.5982],[75.3698,13.5971],[75.364,13.6042],[75.3664,13.6094],[75.366,13.622],[75.3727,13.6268],[75.3791,13.6207],[75.3783,13.6151],[75.3861,13.6133],[75.3888,13.6133],[75.3873,13.6169],[75.389,13.6198],[75.3867,13.6235],[75.3921,13.624],[75.3943,13.6306],[75.4073,13.6257],[75.4054,13.6301],[75.412,13.6397],[75.4091,13.6422],[75.4147,13.6529],[75.4034,13.681],[75.3943,13.6936],[75.3942,13.7003],[75.3879,13.6986],[75.3858,13.7022],[75.3823,13.7027],[75.383,13.7109],[75.4025,13.7038],[75.4192,13.7061],[75.4266,13.7152],[75.4544,13.7237],[75.4598,13.7307],[75.4612,13.7418],[75.4886,13.7598],[75.4856,13.7651],[75.4868,13.7684],[75.4983,13.7581],[75.5069,13.7657],[75.507,13.7608],[75.5107,13.755],[75.521,13.7518],[75.5217,13.7437],[75.5278,13.7396],[75.5329,13.7308],[75.5409,13.728],[75.5658,13.7409],[75.5673,13.7531],[75.5714,13.7554],[75.5991,13.761],[75.6109,13.761],[75.609,13.746],[75.6279,13.7333],[75.6173,13.723],[75.6222,13.7138],[75.6226,13.7058],[75.6269,13.7023],[75.6315,13.7034],[75.6349,13.7013],[75.648,13.7091],[75.6512,13.7187],[75.6709,13.7199],[75.6747,13.7232],[75.6746,13.7284],[75.6682,13.7309],[75.6658,13.7375],[75.6559,13.7462],[75.6631,13.7508],[75.6642,13.758],[75.6692,13.7641],[75.6744,13.762],[75.6765,13.7512],[75.6865,13.7499],[75.6887,13.754],[75.682,13.7613],[75.6872,13.7668],[75.7096,13.7665],[75.7129,13.7706],[75.7181,13.7714],[75.7318,13.7691],[75.7491,13.781],[75.7646,13.7815],[75.7669,13.79],[75.7607,13.7943],[75.7671,13.7971],[75.7726,13.797],[75.7776,13.7885],[75.7918,13.797],[75.8078,13.7945],[75.8255,13.8187],[75.8355,13.8138],[75.8788,13.8102],[75.8706,13.8356],[75.8714,13.8511],[75.8657,13.8599],[75.8629,13.8727],[75.8553,13.8727],[75.8598,13.8866],[75.8597,13.9104],[75.8292,13.9717],[75.8309,13.9868],[75.8239,14.019],[75.8079,14.0263],[75.8034,14.0261],[75.7988,14.0333],[75.801,14.0437],[75.8139,14.0488],[75.821,14.0651],[75.8211,14.0795],[75.814,14.0946],[75.8141,14.1057],[75.8059,14.0982],[75.7685,14.1036],[75.7682,14.1094],[75.756,14.1103],[75.7531,14.1018],[75.7388,14.1011],[75.7382,14.0874],[75.7212,14.0834],[75.7255,14.0758],[75.702,14.0729],[75.673,14.065],[75.6436,14.074],[75.6424,14.0795],[75.6343,14.0799],[75.6307,14.0735],[75.6176,14.0766],[75.6111,14.0614],[75.6036,14.0566],[75.6009,14.0609],[75.5913,14.064],[75.5852,14.0579],[75.5643,14.0693],[75.5537,14.0788],[75.5433,14.0781],[75.5397,14.0807],[75.5388,14.0862],[75.534,14.0902],[75.5313,14.0975],[75.5291,14.0946],[75.5236,14.0945],[75.51,14.1011],[75.4928,14.0995],[75.4905,14.1048],[75.4799,14.1003],[75.4708,14.1032],[75.4648,14.1024],[75.4485,14.0954],[75.4329,14.1065],[75.3988,14.1169],[75.4014,14.1262],[75.4154,14.1412],[75.4206,14.1411],[75.4243,14.1495],[75.4335,14.1529],[75.4438,14.1635],[75.4612,14.1747],[75.4842,14.1763],[75.4617,14.1997],[75.453,14.2047],[75.4617,14.2093],[75.4726,14.2107],[75.4763,14.215],[75.5069,14.2192],[75.5209,14.2025],[75.5268,14.2028],[75.5289,14.215],[75.5267,14.2285],[75.5292,14.23],[75.527,14.2584],[75.5299,14.2774],[75.5357,14.2775],[75.5341,14.2896],[75.5244,14.292],[75.5176,14.3014],[75.5027,14.3079],[75.505,14.3176],[75.5016,14.3246],[75.501,14.3444],[75.4898,14.3474],[75.4887,14.3387],[75.4812,14.3396],[75.4806,14.3444],[75.4766,14.3439],[75.4801,14.331],[75.4774,14.3175],[75.4543,14.3286],[75.4419,14.3398],[75.4336,14.3431],[75.4293,14.3491],[75.4103,14.3525],[75.4016,14.3593],[75.3974,14.3662],[75.3737,14.3703],[75.3618,14.3814],[75.3486,14.388],[75.3594,14.4093],[75.3652,14.4109],[75.3779,14.4078],[75.3821,14.4336],[75.3646,14.4417],[75.3577,14.4365],[75.3586,14.4314],[75.3561,14.4283],[75.3554,14.4316],[75.3402,14.4358],[75.3425,14.4517],[75.3472,14.4575],[75.34,14.4688],[75.3461,14.4853],[75.3295,14.4945],[75.3242,14.5089],[75.3196,14.5135],[75.2974,14.511],[75.2869,14.5116],[75.286,14.5146],[75.2832,14.5145],[75.275,14.5109],[75.2675,14.5149],[75.2678,14.5278],[75.2783,14.5342],[75.2846,14.5296],[75.2872,14.5324],[75.2901,14.5316],[75.2972,14.5405],[75.2931,14.5435],[75.2938,14.548],[75.2916,14.5483],[75.2856,14.5605],[75.2818,14.5604],[75.2744,14.5655],[75.2745,14.57],[75.2677,14.5749],[75.2655,14.5798],[75.2492,14.5807],[75.2436,14.578],[75.2447,14.5687],[75.2421,14.5681],[75.2435,14.5602],[75.2405,14.5549],[75.2285,14.5612],[75.2252,14.5677],[75.2306,14.5797],[75.2274,14.5838],[75.2216,14.5849],[75.2192,14.5802],[75.2076,14.5721],[75.1974,14.5774],[75.1978,14.5827],[75.1841,14.5859],[75.1817,14.5978],[75.1874,14.5995],[75.1987,14.5963],[75.2051,14.5975],[75.2057,14.6095],[75.2106,14.6233],[75.2098,14.6278],[75.2074,14.6272],[75.2082,14.6335],[75.2052,14.6341],[75.2075,14.6358],[75.2055,14.6377],[75.2008,14.638],[75.2024,14.6278],[75.1965,14.6236],[75.1878,14.6226],[75.182,14.6247],[75.172,14.6344],[75.1654,14.6333],[75.1635,14.6289],[75.1648,14.6208],[75.1602,14.6173],[75.1528,14.6262],[75.1441,14.6204],[75.1425,14.6338],[75.1242,14.6312],[75.1146,14.6416],[75.103,14.6452],[75.0994,14.6527],[75.0727,14.6552]]]},"properties":{"dtname":"Shivamogga","stname":"KARNATAKA","stcode11":"29","dtcode11":"568","year_stat":"2011_c","Shape_Length":775321.7365576584,"Shape_Area":9061860997.202293,"OBJECTID":77,"test":0,"Dist_LGD":547,"State_LGD":29}},{"type":"Feature","id":78,"geometry":{"type":"Polygon","coordinates":[[[74.6653,13.9812],[74.6554,13.9747],[74.6443,13.9575],[74.6516,13.946],[74.6472,13.9402],[74.6377,13.9377],[74.6341,13.941],[74.6349,13.9437],[74.6307,13.943],[74.6305,13.9455],[74.6236,13.9362],[74.6204,13.9355],[74.619,13.9411],[74.6056,13.9407],[74.5971,13.9317],[74.5957,13.9413],[74.5902,13.9303],[74.5825,13.9257],[74.5898,13.9118],[74.5959,13.8857],[74.6022,13.8731],[74.6101,13.8669],[74.6096,13.8599],[74.6296,13.7799],[74.6456,13.6831],[74.6519,13.6656],[74.6638,13.6524],[74.6663,13.6392],[74.6697,13.6348],[74.6675,13.6318],[74.6815,13.5527],[74.6895,13.4646],[74.6953,13.4561],[74.6917,13.4556],[74.6972,13.4045],[74.6957,13.3733],[74.6986,13.3761],[74.7034,13.3755],[74.6985,13.3757],[74.6958,13.3712],[74.6977,13.3477],[74.7104,13.3319],[74.7167,13.3142],[74.7199,13.2855],[74.7319,13.2502],[74.7441,13.1938],[74.7554,13.1613],[74.772,13.0893],[74.7751,13.0841],[74.7764,13.0716],[74.7796,13.0724],[74.7773,13.0801],[74.7808,13.0893],[74.7775,13.1028],[74.7825,13.1039],[74.7841,13.1003],[74.7918,13.0966],[74.7983,13.1044],[74.7967,13.1112],[74.7953,13.1096],[74.7917,13.1124],[74.7921,13.117],[74.8066,13.116],[74.8096,13.1133],[74.8146,13.1224],[74.8227,13.1238],[74.8261,13.1296],[74.8416,13.1273],[74.8463,13.1296],[74.8498,13.1264],[74.8598,13.128],[74.8631,13.1268],[74.8638,13.1222],[74.8683,13.1216],[74.8752,13.1057],[74.8742,13.0994],[74.8783,13.0954],[74.9047,13.107],[74.9119,13.1081],[74.9091,13.1119],[74.9126,13.1125],[74.9133,13.1208],[74.9082,13.1239],[74.9106,13.133],[74.9161,13.1366],[74.92,13.143],[74.9333,13.1498],[74.9357,13.1443],[74.94,13.1456],[74.9428,13.1434],[74.9409,13.1424],[74.9411,13.1381],[74.944,13.1364],[74.9402,13.1333],[74.9484,13.1229],[74.9533,13.1211],[74.9542,13.1233],[74.9598,13.1229],[74.961,13.1268],[74.9636,13.1254],[74.9749,13.1294],[74.9854,13.1482],[74.9942,13.1573],[75.0029,13.1524],[75.0152,13.1309],[75.0244,13.1387],[75.0319,13.1389],[75.0367,13.1417],[75.0585,13.1316],[75.0712,13.1366],[75.0705,13.1433],[75.0764,13.1479],[75.0837,13.146],[75.0809,13.1618],[75.0869,13.1614],[75.0893,13.1646],[75.092,13.1625],[75.0975,13.1649],[75.0999,13.1629],[75.0971,13.156],[75.1037,13.1578],[75.1009,13.1541],[75.1037,13.1511],[75.1129,13.1509],[75.1107,13.1476],[75.1207,13.1363],[75.1151,13.1313],[75.1285,13.132],[75.1288,13.1346],[75.1364,13.1338],[75.1375,13.1318],[75.1447,13.1314],[75.1449,13.1263],[75.1508,13.1249],[75.1589,13.1329],[75.1619,13.132],[75.1677,13.1363],[75.1709,13.1449],[75.1766,13.1472],[75.1803,13.1581],[75.1921,13.1636],[75.2058,13.1773],[75.1899,13.1831],[75.1808,13.1951],[75.1771,13.1968],[75.1767,13.2019],[75.1736,13.204],[75.1668,13.2029],[75.166,13.2077],[75.1689,13.2116],[75.1529,13.2644],[75.1439,13.2774],[75.14,13.2881],[75.1361,13.2899],[75.1309,13.2859],[75.1209,13.2849],[75.1193,13.2822],[75.1125,13.2825],[75.1122,13.2859],[75.1007,13.3011],[75.0961,13.3171],[75.0786,13.343],[75.0834,13.3442],[75.0889,13.35],[75.0898,13.3612],[75.0986,13.357],[75.1021,13.3602],[75.1121,13.3565],[75.1228,13.3653],[75.1277,13.3662],[75.1293,13.3775],[75.1271,13.3853],[75.1319,13.3912],[75.1396,13.3868],[75.1464,13.3929],[75.1399,13.4068],[75.1431,13.4082],[75.1453,13.4183],[75.1495,13.419],[75.1509,13.4271],[75.155,13.4303],[75.1488,13.4369],[75.153,13.44],[75.1545,13.4532],[75.1442,13.4548],[75.1456,13.4572],[75.1423,13.4578],[75.1408,13.4614],[75.1267,13.4622],[75.1158,13.4569],[75.1112,13.4607],[75.1131,13.4666],[75.1023,13.489],[75.0968,13.4865],[75.0876,13.4945],[75.0799,13.4925],[75.0775,13.4967],[75.0796,13.5047],[75.0769,13.5143],[75.0683,13.5235],[75.0642,13.5239],[75.0618,13.518],[75.0601,13.5189],[75.0627,13.5287],[75.049,13.5374],[75.0496,13.5541],[75.0455,13.5569],[75.0426,13.5561],[75.0422,13.5615],[75.035,13.5672],[75.0337,13.5739],[75.0452,13.5854],[75.0508,13.5833],[75.0559,13.5862],[75.0608,13.594],[75.0612,13.603],[75.0558,13.6105],[75.052,13.6106],[75.05,13.608],[75.0394,13.6104],[75.0282,13.6272],[75.0234,13.6272],[75.0155,13.6346],[75.0178,13.6405],[75.015,13.6444],[75.0134,13.652],[75.015,13.6543],[75.0128,13.6578],[75.0157,13.6636],[75.0244,13.6605],[75.029,13.6676],[75.0285,13.6702],[75.0121,13.6768],[75.0131,13.6892],[75.011,13.6911],[75.0208,13.694],[75.0213,13.6981],[75.013,13.7021],[75.0113,13.7076],[75.0008,13.7107],[74.9912,13.7101],[74.9887,13.7202],[74.9935,13.7212],[74.9989,13.7381],[74.9768,13.7462],[74.9716,13.7512],[74.9632,13.7514],[74.9481,13.757],[74.9467,13.7602],[74.9378,13.7639],[74.9353,13.7718],[74.928,13.7688],[74.9315,13.7781],[74.9294,13.7826],[74.9333,13.7883],[74.9244,13.7963],[74.9237,13.8127],[74.9165,13.8232],[74.9125,13.8535],[74.907,13.8603],[74.8787,13.8675],[74.8763,13.8606],[74.8709,13.8572],[74.8651,13.8572],[74.8577,13.869],[74.8562,13.8784],[74.8399,13.8974],[74.8373,13.897],[74.8311,13.9029],[74.8197,13.9078],[74.8162,13.9057],[74.8087,13.9058],[74.8007,13.9102],[74.7946,13.9104],[74.7915,13.9055],[74.7879,13.9133],[74.7634,13.9144],[74.7627,13.916],[74.755,13.9091],[74.7418,13.9149],[74.734,13.9141],[74.7229,13.9072],[74.7118,13.9051],[74.7138,13.9164],[74.7078,13.9269],[74.6968,13.9278],[74.6905,13.9335],[74.6996,13.9391],[74.6987,13.9507],[74.6846,13.9578],[74.6833,13.965],[74.6748,13.969],[74.6653,13.9812]]]},"properties":{"dtname":"Udupi","stname":"KARNATAKA","stcode11":"29","dtcode11":"569","year_stat":"2011_c","Shape_Length":386810.9683818871,"Shape_Area":3806295227.540461,"OBJECTID":78,"test":0,"Dist_LGD":549,"State_LGD":29}},{"type":"Feature","id":79,"geometry":{"type":"Polygon","coordinates":[[[76.0431,13.8994],[76.0333,13.8977],[76.0324,13.8798],[76.0277,13.8734],[76.0306,13.8693],[76.0258,13.8679],[76.0234,13.8635],[76.0186,13.8638],[76.0158,13.872],[76.0108,13.866],[76.0081,13.8686],[75.9888,13.8485],[75.9849,13.8501],[75.9804,13.8479],[75.9702,13.8564],[75.9651,13.8467],[75.9498,13.8339],[75.9481,13.8285],[75.9523,13.816],[75.9474,13.818],[75.9455,13.8142],[75.9276,13.8139],[75.9203,13.8071],[75.9037,13.8089],[75.8955,13.8063],[75.8895,13.8097],[75.8355,13.8138],[75.8255,13.8187],[75.8078,13.7945],[75.7918,13.797],[75.7776,13.7885],[75.7726,13.797],[75.7671,13.7971],[75.7607,13.7943],[75.7669,13.79],[75.7646,13.7815],[75.7491,13.781],[75.7318,13.7691],[75.7181,13.7714],[75.7129,13.7706],[75.7096,13.7665],[75.6872,13.7668],[75.682,13.7613],[75.6887,13.754],[75.6865,13.7499],[75.6765,13.7512],[75.6744,13.762],[75.6692,13.7641],[75.6642,13.758],[75.6631,13.7508],[75.6559,13.7462],[75.6658,13.7375],[75.6682,13.7309],[75.6746,13.7284],[75.6747,13.7232],[75.6709,13.7199],[75.6512,13.7187],[75.648,13.7091],[75.6357,13.7015],[75.6269,13.7023],[75.6226,13.7058],[75.6222,13.7138],[75.6173,13.723],[75.6279,13.7333],[75.609,13.746],[75.6109,13.761],[75.5991,13.761],[75.5714,13.7554],[75.5673,13.7531],[75.5658,13.7409],[75.5409,13.728],[75.5329,13.7308],[75.5278,13.7396],[75.5217,13.7437],[75.521,13.7518],[75.5107,13.755],[75.507,13.7608],[75.5069,13.7657],[75.4983,13.7581],[75.4873,13.7686],[75.4856,13.7651],[75.4886,13.7598],[75.4612,13.7418],[75.4598,13.7307],[75.4544,13.7237],[75.4266,13.7152],[75.4192,13.7061],[75.4025,13.7038],[75.383,13.7109],[75.3823,13.7027],[75.3858,13.7022],[75.3879,13.6986],[75.3942,13.7003],[75.3943,13.6936],[75.4055,13.6767],[75.4147,13.6529],[75.4091,13.6422],[75.412,13.6397],[75.4054,13.6301],[75.4073,13.6257],[75.3943,13.6306],[75.3921,13.624],[75.3867,13.6235],[75.389,13.6198],[75.3873,13.6169],[75.3888,13.6133],[75.3783,13.6151],[75.3791,13.6207],[75.3746,13.6268],[75.366,13.622],[75.3664,13.6094],[75.364,13.6042],[75.3698,13.5971],[75.3645,13.5982],[75.3574,13.5957],[75.3443,13.5807],[75.3408,13.5858],[75.3282,13.5859],[75.3262,13.5926],[75.3133,13.589],[75.308,13.584],[75.295,13.5848],[75.2897,13.5746],[75.2834,13.569],[75.2798,13.5686],[75.2789,13.5645],[75.2715,13.569],[75.2646,13.5867],[75.2565,13.5838],[75.255,13.5948],[75.2492,13.596],[75.2448,13.6052],[75.2355,13.5985],[75.2259,13.6059],[75.2214,13.6024],[75.2238,13.5961],[75.2107,13.5854],[75.2118,13.5782],[75.2188,13.5759],[75.2265,13.5684],[75.2221,13.5596],[75.216,13.5579],[75.2198,13.5553],[75.2183,13.552],[75.2205,13.5495],[75.2244,13.5486],[75.2208,13.5333],[75.2262,13.5282],[75.2197,13.5236],[75.2088,13.5247],[75.2041,13.5182],[75.2088,13.5192],[75.2111,13.517],[75.2058,13.5154],[75.2027,13.509],[75.1884,13.5088],[75.1814,13.5055],[75.1762,13.4991],[75.1698,13.508],[75.1596,13.4934],[75.1516,13.4875],[75.1467,13.4781],[75.1363,13.4725],[75.1423,13.4578],[75.1456,13.4572],[75.1442,13.4548],[75.1545,13.4532],[75.153,13.44],[75.1488,13.4369],[75.155,13.4303],[75.1509,13.4271],[75.1495,13.419],[75.1453,13.4183],[75.1431,13.4082],[75.1399,13.4068],[75.1464,13.3929],[75.1396,13.3868],[75.1319,13.3912],[75.1271,13.3853],[75.1293,13.3775],[75.1277,13.3662],[75.1228,13.3653],[75.1121,13.3565],[75.1021,13.3602],[75.0986,13.357],[75.0898,13.3612],[75.0889,13.35],[75.0834,13.3442],[75.0786,13.343],[75.0961,13.3171],[75.1007,13.3011],[75.1122,13.2859],[75.1125,13.2825],[75.1193,13.2822],[75.1209,13.2849],[75.1309,13.2859],[75.1361,13.2899],[75.14,13.2881],[75.1439,13.2774],[75.1529,13.2644],[75.1689,13.2116],[75.166,13.2077],[75.1668,13.2029],[75.1736,13.204],[75.1767,13.2019],[75.1771,13.1968],[75.1808,13.1951],[75.1899,13.1831],[75.2011,13.1806],[75.2063,13.1768],[75.2113,13.1647],[75.2076,13.1533],[75.2173,13.1566],[75.2287,13.1467],[75.2337,13.1384],[75.2447,13.1373],[75.2523,13.129],[75.2613,13.1314],[75.2684,13.1254],[75.2775,13.1269],[75.2848,13.135],[75.2861,13.1311],[75.2943,13.1245],[75.2975,13.1328],[75.3112,13.132],[75.3165,13.1365],[75.3169,13.1445],[75.3238,13.1472],[75.3218,13.1582],[75.3281,13.1709],[75.3331,13.1698],[75.3337,13.1735],[75.3423,13.1817],[75.3464,13.1807],[75.352,13.1852],[75.3635,13.1804],[75.3692,13.1829],[75.3823,13.1789],[75.3911,13.1681],[75.4038,13.1597],[75.4096,13.1496],[75.4082,13.1359],[75.4107,13.1182],[75.4071,13.1117],[75.4145,13.1069],[75.4247,13.1063],[75.4337,13.1217],[75.4428,13.1138],[75.4448,13.1047],[75.4551,13.1101],[75.4709,13.0971],[75.4719,13.0902],[75.4681,13.0833],[75.4704,13.0777],[75.4797,13.0773],[75.4822,13.088],[75.4861,13.0924],[75.5004,13.082],[75.5069,13.0724],[75.5152,13.0661],[75.5177,13.0598],[75.5157,13.0564],[75.5255,13.0496],[75.5252,13.0398],[75.5194,13.032],[75.5197,13.0273],[75.5277,13.0252],[75.5311,13.0213],[75.5325,13.0046],[75.5246,13.0005],[75.5251,12.9938],[75.5143,12.979],[75.5205,12.9776],[75.5248,12.967],[75.5298,12.9678],[75.5341,12.959],[75.542,12.956],[75.5496,12.9495],[75.5504,12.946],[75.5563,12.943],[75.5547,12.9349],[75.5568,12.9129],[75.5712,12.9304],[75.5722,12.9348],[75.5866,12.9421],[75.5955,12.9438],[75.6029,12.9585],[75.6018,12.9652],[75.6041,12.9736],[75.6091,12.978],[75.6089,12.9812],[75.6196,12.9911],[75.6314,13.0117],[75.6376,13.0112],[75.6427,13.0314],[75.6461,13.0325],[75.6484,13.0292],[75.6546,13.0294],[75.6556,13.0226],[75.6649,13.0319],[75.6711,13.0299],[75.6813,13.0307],[75.6842,13.0358],[75.6906,13.0337],[75.6884,13.0394],[75.6907,13.0444],[75.6947,13.0461],[75.6965,13.0369],[75.7051,13.0358],[75.7104,13.0382],[75.7165,13.031],[75.7248,13.0315],[75.7237,13.0276],[75.7279,13.0235],[75.7402,13.03],[75.7425,13.0568],[75.7405,13.0611],[75.7425,13.0695],[75.734,13.0913],[75.728,13.0954],[75.7271,13.0994],[75.7283,13.1057],[75.7383,13.1102],[75.7353,13.1235],[75.7465,13.1283],[75.7537,13.1361],[75.7505,13.1431],[75.7519,13.1457],[75.7449,13.1507],[75.7408,13.1492],[75.7345,13.1554],[75.7346,13.1604],[75.7302,13.1644],[75.7288,13.1832],[75.7324,13.1861],[75.7432,13.2078],[75.7506,13.2065],[75.7536,13.2136],[75.7584,13.2175],[75.766,13.2122],[75.774,13.2136],[75.7758,13.2162],[75.779,13.21],[75.7895,13.2147],[75.8057,13.216],[75.8102,13.2203],[75.8101,13.231],[75.8125,13.2308],[75.8076,13.247],[75.8088,13.2545],[75.816,13.259],[75.8245,13.2531],[75.8356,13.254],[75.8357,13.252],[75.8389,13.252],[75.8511,13.2581],[75.8573,13.2583],[75.8576,13.2559],[75.8547,13.2552],[75.86,13.2532],[75.86,13.2438],[75.8632,13.2426],[75.8616,13.2401],[75.8717,13.2481],[75.8768,13.2604],[75.8841,13.2605],[75.8994,13.2664],[75.9034,13.2579],[75.9161,13.2631],[75.9184,13.2574],[75.9361,13.2562],[75.9399,13.2587],[75.9721,13.2609],[75.9839,13.2646],[75.9882,13.2627],[75.9901,13.2582],[76.0149,13.2613],[76.018,13.2565],[76.0164,13.2509],[76.0364,13.2486],[76.0404,13.2636],[76.039,13.2661],[76.0418,13.2663],[76.0443,13.2751],[76.0424,13.28],[76.0382,13.2801],[76.0393,13.2927],[76.0372,13.295],[76.0373,13.3],[76.0353,13.3005],[76.036,13.3048],[76.0385,13.3059],[76.037,13.3094],[76.0399,13.3098],[76.0372,13.3186],[76.0416,13.3193],[76.0429,13.3238],[76.0371,13.3205],[76.0322,13.3209],[76.0298,13.3241],[76.027,13.3214],[76.027,13.327],[76.0285,13.3331],[76.0332,13.3324],[76.0327,13.3362],[76.0347,13.3366],[76.0288,13.3457],[76.0319,13.3458],[76.0345,13.3515],[76.0376,13.367],[76.0416,13.3744],[76.0559,13.3809],[76.082,13.3716],[76.0889,13.3716],[76.0871,13.3785],[76.09,13.3937],[76.0996,13.3926],[76.1105,13.3959],[76.1112,13.4007],[76.1289,13.4004],[76.1294,13.404],[76.1395,13.4066],[76.1407,13.4204],[76.1387,13.4273],[76.1407,13.4371],[76.1372,13.4423],[76.147,13.4481],[76.1518,13.4573],[76.1578,13.46],[76.1622,13.4697],[76.1934,13.469],[76.1923,13.4611],[76.1873,13.4527],[76.1964,13.4504],[76.1997,13.4504],[76.198,13.469],[76.2086,13.4666],[76.2311,13.4679],[76.2341,13.4835],[76.2292,13.4841],[76.237,13.4909],[76.2383,13.4948],[76.2343,13.5018],[76.2339,13.5076],[76.2601,13.5115],[76.2621,13.5053],[76.2899,13.5049],[76.2932,13.5272],[76.3,13.5221],[76.3067,13.526],[76.312,13.5255],[76.3113,13.53],[76.3156,13.5317],[76.316,13.5398],[76.3183,13.5367],[76.3215,13.5374],[76.3232,13.5306],[76.3297,13.5222],[76.3424,13.5138],[76.3457,13.5139],[76.3483,13.5172],[76.3485,13.5256],[76.3627,13.5306],[76.3639,13.5472],[76.3586,13.5576],[76.3531,13.5795],[76.3476,13.576],[76.3412,13.5762],[76.3332,13.5964],[76.3316,13.5944],[76.308,13.5918],[76.3003,13.5889],[76.293,13.5905],[76.2925,13.5975],[76.2877,13.5948],[76.2871,13.6011],[76.282,13.6013],[76.282,13.6068],[76.2731,13.605],[76.2769,13.6164],[76.2758,13.6221],[76.2796,13.624],[76.2801,13.6371],[76.2834,13.6385],[76.2866,13.6467],[76.2815,13.6491],[76.2632,13.6489],[76.2628,13.6531],[76.2548,13.662],[76.2427,13.6667],[76.2359,13.6779],[76.2249,13.6795],[76.2217,13.6822],[76.2197,13.7134],[76.1951,13.7114],[76.183,13.7161],[76.1736,13.7168],[76.17,13.7269],[76.1489,13.7326],[76.147,13.7525],[76.1325,13.7866],[76.1295,13.8143],[76.1152,13.8121],[76.1066,13.8308],[76.0986,13.8639],[76.0923,13.8668],[76.0867,13.8743],[76.0774,13.8803],[76.0555,13.8808],[76.0504,13.8992],[76.0431,13.8994]]]},"properties":{"dtname":"Chikkamagaluru","stname":"KARNATAKA","stcode11":"29","dtcode11":"570","year_stat":"2011_c","Shape_Length":610999.5039604589,"Shape_Area":7660951117.511563,"OBJECTID":79,"test":0,"Dist_LGD":532,"State_LGD":29}},{"type":"Feature","id":80,"geometry":{"type":"Polygon","coordinates":[[[77.9705,13.9602],[77.9674,13.9602],[77.9619,13.955],[77.96,13.9406],[77.9573,13.9368],[77.9545,13.9386],[77.9462,13.9354],[77.9268,13.9054],[77.9154,13.9079],[77.9054,13.9165],[77.8997,13.9166],[77.8958,13.9204],[77.8953,13.9257],[77.8989,13.9307],[77.8957,13.9411],[77.8686,13.9361],[77.8548,13.9382],[77.8388,13.9359],[77.8266,13.9448],[77.8148,13.932],[77.8135,13.9147],[77.817,13.9083],[77.8162,13.903],[77.832,13.8957],[77.8355,13.881],[77.8273,13.8745],[77.8371,13.8698],[77.8202,13.8632],[77.8149,13.8578],[77.812,13.849],[77.8081,13.8506],[77.793,13.849],[77.7823,13.8441],[77.7843,13.8344],[77.7891,13.8305],[77.7888,13.8232],[77.7815,13.8183],[77.7635,13.8173],[77.7479,13.8104],[77.7407,13.8125],[77.7316,13.8076],[77.7293,13.8023],[77.7193,13.8003],[77.7223,13.794],[77.7187,13.7841],[77.7222,13.7689],[77.72,13.7651],[77.7174,13.7411],[77.7151,13.7438],[77.7085,13.7411],[77.7033,13.7698],[77.6952,13.7707],[77.6796,13.7622],[77.6717,13.7605],[77.6799,13.7724],[77.6801,13.7868],[77.6698,13.784],[77.6513,13.7841],[77.646,13.7788],[77.6211,13.7685],[77.6175,13.762],[77.6188,13.755],[77.6252,13.753],[77.6296,13.7542],[77.6422,13.7468],[77.6414,13.742],[77.6336,13.7396],[77.6277,13.7346],[77.6244,13.7353],[77.6136,13.752],[77.6,13.7508],[77.596,13.7482],[77.5868,13.7335],[77.5771,13.7384],[77.5717,13.7382],[77.5609,13.7224],[77.5538,13.7366],[77.5493,13.7407],[77.5474,13.7529],[77.5409,13.756],[77.5254,13.7533],[77.522,13.7446],[77.5366,13.7306],[77.5344,13.707],[77.5283,13.6931],[77.525,13.691],[77.5213,13.6922],[77.5196,13.6963],[77.5124,13.6973],[77.5142,13.7133],[77.485,13.7148],[77.4921,13.6899],[77.4878,13.6892],[77.4879,13.6867],[77.4545,13.682],[77.4371,13.6843],[77.435,13.6727],[77.4037,13.6754],[77.3972,13.6735],[77.3933,13.6649],[77.3833,13.6625],[77.377,13.6501],[77.3785,13.6452],[77.3689,13.6416],[77.3696,13.6337],[77.3621,13.6253],[77.3602,13.6157],[77.3638,13.6021],[77.3631,13.5902],[77.3716,13.5878],[77.3742,13.5901],[77.3786,13.5785],[77.3824,13.5754],[77.3806,13.5506],[77.3827,13.5372],[77.3905,13.5361],[77.3914,13.5342],[77.3899,13.5197],[77.3809,13.5152],[77.3826,13.5004],[77.3986,13.4929],[77.408,13.4968],[77.4155,13.4921],[77.4156,13.4861],[77.4216,13.4856],[77.4248,13.4816],[77.4229,13.472],[77.4344,13.4688],[77.433,13.464],[77.4461,13.4617],[77.4548,13.4643],[77.4546,13.4687],[77.4581,13.4692],[77.4613,13.4629],[77.4715,13.4694],[77.4766,13.4665],[77.4833,13.4679],[77.4886,13.461],[77.4935,13.4589],[77.5047,13.4578],[77.5067,13.4567],[77.5041,13.4455],[77.5159,13.4439],[77.5225,13.4316],[77.5345,13.4308],[77.5371,13.4365],[77.546,13.4378],[77.5484,13.4359],[77.5504,13.4343],[77.5515,13.4197],[77.5842,13.4216],[77.5914,13.4189],[77.5935,13.4213],[77.5915,13.4216],[77.5891,13.4293],[77.5898,13.4363],[77.5996,13.4362],[77.6031,13.4413],[77.6074,13.4253],[77.6154,13.4211],[77.6067,13.4146],[77.6059,13.4165],[77.5992,13.4152],[77.6024,13.3983],[77.6066,13.3998],[77.6074,13.4072],[77.612,13.4037],[77.6191,13.4024],[77.6127,13.3872],[77.6209,13.3847],[77.6209,13.3754],[77.6283,13.3777],[77.6339,13.376],[77.6365,13.3867],[77.6379,13.3855],[77.6384,13.3938],[77.6478,13.3919],[77.6532,13.3985],[77.6576,13.3979],[77.6577,13.3931],[77.652,13.3871],[77.6596,13.3835],[77.6619,13.3775],[77.657,13.3728],[77.6559,13.3583],[77.667,13.3508],[77.667,13.348],[77.6799,13.3449],[77.6843,13.3519],[77.6963,13.3384],[77.6999,13.3374],[77.7034,13.3443],[77.6994,13.3483],[77.6987,13.359],[77.7102,13.3633],[77.7109,13.3663],[77.7167,13.3657],[77.7164,13.3518],[77.7285,13.3517],[77.7292,13.3604],[77.7265,13.3634],[77.7372,13.3604],[77.7439,13.3538],[77.7428,13.3603],[77.7506,13.3593],[77.7541,13.3638],[77.7747,13.3531],[77.789,13.3518],[77.7911,13.3457],[77.7964,13.3407],[77.8102,13.3384],[77.8102,13.3345],[77.8272,13.3271],[77.8185,13.3154],[77.8173,13.3102],[77.8124,13.3131],[77.8102,13.3101],[77.8144,13.3095],[77.8144,13.3043],[77.8276,13.3055],[77.8295,13.2907],[77.8226,13.2908],[77.8222,13.297],[77.8159,13.2976],[77.8157,13.2877],[77.8114,13.2776],[77.8114,13.2679],[77.8088,13.2615],[77.821,13.2582],[77.8075,13.2432],[77.8144,13.2396],[77.8213,13.2527],[77.8508,13.2411],[77.8478,13.2211],[77.85,13.2195],[77.8583,13.2204],[77.858,13.2285],[77.8636,13.2412],[77.8708,13.2343],[77.8766,13.2344],[77.8785,13.2394],[77.8741,13.244],[77.8801,13.2505],[77.8886,13.2508],[77.8908,13.2576],[77.9034,13.2549],[77.9056,13.2506],[77.9022,13.2421],[77.8909,13.2346],[77.9116,13.2314],[77.9138,13.232],[77.9141,13.2398],[77.929,13.2383],[77.9414,13.2585],[77.9382,13.268],[77.9415,13.2676],[77.9463,13.2713],[77.9562,13.2697],[77.9595,13.2722],[77.9594,13.276],[77.9567,13.2771],[77.9577,13.282],[77.9612,13.2843],[77.9689,13.2824],[77.9749,13.2856],[77.9845,13.2861],[77.9852,13.2992],[77.9896,13.3044],[77.9988,13.3051],[78.0113,13.3015],[78.0117,13.2907],[78.0155,13.2829],[78.0299,13.2838],[78.0469,13.2783],[78.0521,13.2935],[78.059,13.2928],[78.0606,13.299],[78.0756,13.3025],[78.0868,13.3022],[78.0899,13.304],[78.092,13.3103],[78.1024,13.3037],[78.1075,13.3043],[78.1174,13.2985],[78.1216,13.2928],[78.1338,13.2877],[78.1365,13.3044],[78.1232,13.3085],[78.1217,13.3155],[78.1148,13.3178],[78.109,13.3233],[78.1308,13.3285],[78.1316,13.3323],[78.1341,13.3313],[78.1308,13.3461],[78.1318,13.3525],[78.1503,13.3507],[78.1501,13.358],[78.1493,13.3611],[78.1455,13.3614],[78.1479,13.3675],[78.1426,13.3759],[78.1288,13.3735],[78.1224,13.3752],[78.1246,13.386],[78.1283,13.3868],[78.1357,13.4053],[78.1526,13.4096],[78.1608,13.4153],[78.1689,13.4136],[78.1825,13.4207],[78.1828,13.4335],[78.1863,13.4348],[78.1855,13.439],[78.1886,13.4425],[78.1943,13.4385],[78.1934,13.4471],[78.2015,13.45],[78.2058,13.4588],[78.206,13.4648],[78.2104,13.4711],[78.2081,13.4782],[78.2007,13.4841],[78.1981,13.5126],[78.1878,13.5136],[78.1904,13.5207],[78.1991,13.5209],[78.2028,13.5234],[78.2036,13.5278],[78.2011,13.5414],[78.1938,13.5486],[78.2013,13.5639],[78.1962,13.5663],[78.193,13.5649],[78.1896,13.5753],[78.1902,13.5902],[78.2033,13.6066],[78.2023,13.6195],[78.2042,13.6285],[78.1682,13.6329],[78.1671,13.6428],[78.1691,13.654],[78.1561,13.6587],[78.1471,13.6567],[78.1311,13.6594],[78.1236,13.6558],[78.1143,13.6574],[78.1022,13.6511],[78.0989,13.6428],[78.0871,13.6431],[78.0869,13.6512],[78.0897,13.6591],[78.0785,13.6673],[78.077,13.6734],[78.0657,13.6762],[78.0736,13.6878],[78.0696,13.6908],[78.0691,13.6978],[78.0709,13.6985],[78.0924,13.6912],[78.1132,13.6928],[78.1147,13.7035],[78.1208,13.7157],[78.1043,13.7366],[78.0915,13.7423],[78.0999,13.7585],[78.1138,13.7635],[78.1264,13.7864],[78.1227,13.7988],[78.1137,13.8075],[78.1254,13.8316],[78.1222,13.839],[78.1236,13.8454],[78.1165,13.8519],[78.1148,13.8629],[78.1018,13.8617],[78.0899,13.8647],[78.0819,13.8613],[78.079,13.8812],[78.0643,13.8867],[78.0606,13.892],[78.0489,13.8961],[78.0508,13.876],[78.0462,13.8622],[78.0413,13.8603],[78.0318,13.8643],[78.0212,13.8639],[78.0167,13.865],[78.0116,13.872],[78.0005,13.873],[77.9983,13.8691],[77.9921,13.8689],[77.9888,13.8538],[77.983,13.8473],[77.9761,13.8295],[77.953,13.8274],[77.9524,13.8291],[77.9561,13.8313],[77.9562,13.836],[77.9537,13.8386],[77.9542,13.8552],[77.9491,13.8707],[77.9491,13.8865],[77.9522,13.8903],[77.9844,13.8976],[77.9866,13.903],[77.9831,13.9049],[77.9838,13.9158],[77.9802,13.9279],[77.9875,13.9555],[77.9705,13.9602]]]},"properties":{"dtname":"Chikkaballapura","stname":"KARNATAKA","stcode11":"29","dtcode11":"582","year_stat":"2011_c","Shape_Length":510730.9358487532,"Shape_Area":4517226241.008749,"OBJECTID":80,"test":0,"Dist_LGD":630,"State_LGD":29}},{"type":"Feature","id":81,"geometry":{"type":"Polygon","coordinates":[[[76.3724,13.5456],[76.3702,13.548],[76.3639,13.5472],[76.3627,13.5306],[76.3485,13.5256],[76.3483,13.5172],[76.3457,13.5139],[76.3424,13.5138],[76.3297,13.5222],[76.3232,13.5306],[76.3215,13.5374],[76.3183,13.5367],[76.316,13.5398],[76.3156,13.5317],[76.3113,13.53],[76.312,13.5255],[76.3067,13.526],[76.3,13.5221],[76.2932,13.5272],[76.2899,13.5049],[76.2621,13.5053],[76.2601,13.5115],[76.2339,13.5076],[76.2343,13.5018],[76.2383,13.4948],[76.237,13.4909],[76.2292,13.4841],[76.2341,13.4835],[76.2311,13.4679],[76.2086,13.4666],[76.198,13.469],[76.1997,13.4504],[76.1964,13.4504],[76.1873,13.4527],[76.1923,13.4611],[76.1934,13.469],[76.1622,13.4697],[76.1578,13.46],[76.1518,13.4573],[76.147,13.4481],[76.1372,13.4423],[76.1407,13.4371],[76.1387,13.4273],[76.1407,13.4204],[76.1395,13.4066],[76.1294,13.404],[76.1289,13.4004],[76.1112,13.4007],[76.1105,13.3959],[76.0996,13.3926],[76.09,13.3937],[76.0871,13.3785],[76.0889,13.3716],[76.082,13.3716],[76.0559,13.3809],[76.0416,13.3744],[76.0376,13.367],[76.0345,13.3515],[76.0319,13.3458],[76.0288,13.3457],[76.0347,13.3366],[76.0327,13.3362],[76.0332,13.3324],[76.0285,13.3331],[76.027,13.327],[76.027,13.3214],[76.0298,13.3241],[76.0322,13.3209],[76.0371,13.3205],[76.0429,13.3238],[76.0416,13.3193],[76.0372,13.3186],[76.0399,13.3098],[76.037,13.3094],[76.0385,13.3059],[76.036,13.3048],[76.0353,13.3005],[76.0373,13.3],[76.0372,13.295],[76.0393,13.2927],[76.0382,13.2801],[76.0424,13.28],[76.0443,13.2751],[76.0418,13.2663],[76.039,13.2661],[76.0404,13.2636],[76.0364,13.2486],[76.0164,13.2509],[76.018,13.2565],[76.0149,13.2613],[75.9901,13.2582],[75.9882,13.2627],[75.9839,13.2646],[75.9721,13.2609],[75.9399,13.2587],[75.9361,13.2562],[75.9184,13.2574],[75.9161,13.2631],[75.9034,13.2579],[75.8994,13.2664],[75.8841,13.2605],[75.8768,13.2604],[75.8717,13.2481],[75.8616,13.2401],[75.8632,13.2426],[75.86,13.2438],[75.86,13.2532],[75.8547,13.2552],[75.8576,13.2559],[75.8573,13.2583],[75.8511,13.2581],[75.8389,13.252],[75.8357,13.252],[75.8356,13.254],[75.8245,13.2531],[75.816,13.259],[75.8088,13.2545],[75.8076,13.247],[75.8125,13.2308],[75.8101,13.231],[75.8102,13.2203],[75.8057,13.216],[75.7895,13.2147],[75.779,13.21],[75.7758,13.2162],[75.774,13.2136],[75.766,13.2122],[75.7584,13.2175],[75.7536,13.2136],[75.7506,13.2065],[75.7429,13.2075],[75.7324,13.1861],[75.7288,13.1832],[75.7302,13.1644],[75.7346,13.1604],[75.7345,13.1554],[75.7408,13.1492],[75.7449,13.1507],[75.7519,13.1457],[75.7505,13.1431],[75.7537,13.1361],[75.7465,13.1283],[75.7353,13.1235],[75.7383,13.1102],[75.7283,13.1057],[75.7271,13.0994],[75.728,13.0954],[75.734,13.0913],[75.7425,13.0695],[75.7405,13.0611],[75.7425,13.0568],[75.7402,13.03],[75.7279,13.0235],[75.7237,13.0276],[75.7248,13.0315],[75.7165,13.031],[75.7104,13.0382],[75.7051,13.0358],[75.6965,13.0369],[75.6947,13.0461],[75.6907,13.0444],[75.6884,13.0394],[75.6906,13.0337],[75.6842,13.0358],[75.6813,13.0307],[75.6711,13.0299],[75.6649,13.0319],[75.6556,13.0226],[75.6546,13.0294],[75.6484,13.0292],[75.6461,13.0325],[75.6427,13.0314],[75.6376,13.0112],[75.6314,13.0117],[75.6196,12.9911],[75.6089,12.9812],[75.6091,12.978],[75.6041,12.9736],[75.6018,12.9652],[75.6029,12.9585],[75.5955,12.9438],[75.5866,12.9421],[75.5722,12.9348],[75.5712,12.9304],[75.5546,12.9073],[75.5612,12.8935],[75.56,12.8784],[75.5643,12.8755],[75.5638,12.8664],[75.5777,12.8722],[75.6028,12.8756],[75.6023,12.865],[75.6128,12.8607],[75.6167,12.8556],[75.6213,12.8554],[75.6222,12.847],[75.6149,12.8321],[75.6183,12.8177],[75.6144,12.7973],[75.6228,12.7917],[75.6212,12.7789],[75.6294,12.7791],[75.6368,12.7703],[75.6412,12.77],[75.6381,12.7612],[75.6443,12.7589],[75.6551,12.7493],[75.6575,12.7521],[75.6561,12.7485],[75.6583,12.7429],[75.6524,12.7299],[75.6506,12.718],[75.6375,12.7133],[75.6333,12.7075],[75.6261,12.7052],[75.6293,12.7033],[75.6335,12.6901],[75.6379,12.6954],[75.644,12.6941],[75.668,12.6973],[75.6755,12.7006],[75.6951,12.7026],[75.7067,12.7072],[75.7115,12.7055],[75.7129,12.7078],[75.7175,12.7046],[75.7173,12.7013],[75.7214,12.6963],[75.7313,12.6979],[75.7456,12.6797],[75.7608,12.6741],[75.7684,12.6817],[75.7731,12.6794],[75.7772,12.6889],[75.7916,12.6884],[75.8077,12.7018],[75.8191,12.6913],[75.8208,12.686],[75.8329,12.6716],[75.8425,12.6693],[75.847,12.6728],[75.8525,12.6694],[75.8673,12.6749],[75.8779,12.6718],[75.8875,12.6788],[75.8871,12.6886],[75.8898,12.6921],[75.8847,12.7009],[75.8866,12.7051],[75.884,12.7083],[75.8725,12.7092],[75.8699,12.7154],[75.8624,12.7176],[75.8549,12.7236],[75.8517,12.7302],[75.8552,12.7366],[75.854,12.7454],[75.8495,12.7499],[75.86,12.7572],[75.8583,12.7697],[75.8749,12.7699],[75.8731,12.7744],[75.8782,12.7768],[75.8733,12.7773],[75.8639,12.7965],[75.866,12.8028],[75.864,12.8056],[75.8638,12.8187],[75.8694,12.8226],[75.8768,12.8236],[75.8757,12.8316],[75.8795,12.8342],[75.9001,12.8278],[75.9033,12.8192],[75.9113,12.8153],[75.9184,12.8197],[75.9171,12.8265],[75.9198,12.8283],[75.9278,12.8218],[75.925,12.8142],[75.9302,12.808],[75.9462,12.808],[75.9494,12.8005],[75.9691,12.805],[75.967,12.7978],[75.9708,12.784],[75.9578,12.782],[75.9546,12.7686],[75.9472,12.7654],[75.9358,12.7675],[75.933,12.7641],[75.9376,12.7494],[75.9345,12.7338],[75.9419,12.7202],[75.9652,12.711],[75.9625,12.7062],[75.9646,12.7013],[75.9587,12.69],[75.9596,12.6833],[75.9542,12.6768],[75.9457,12.6782],[75.9399,12.6765],[75.9479,12.664],[75.9389,12.653],[75.9378,12.6436],[75.9403,12.643],[75.9435,12.6366],[75.9356,12.6301],[75.9447,12.6295],[75.9496,12.6248],[75.947,12.6143],[75.9395,12.6087],[75.9486,12.5957],[75.9626,12.5612],[75.9698,12.5609],[75.9755,12.5635],[75.9688,12.5767],[75.9818,12.5734],[75.9885,12.5742],[75.9877,12.5814],[75.9917,12.5855],[75.9901,12.5882],[75.9922,12.5888],[75.9945,12.5888],[75.9972,12.5807],[76.0025,12.5753],[76.0099,12.5716],[76.0123,12.5732],[76.0139,12.5696],[76.0191,12.5716],[76.0217,12.5769],[76.0315,12.5764],[76.0342,12.5735],[76.0456,12.577],[76.0487,12.5596],[76.0521,12.5543],[76.0675,12.5573],[76.0706,12.5559],[76.0711,12.5493],[76.0745,12.5501],[76.0749,12.5481],[76.0855,12.5438],[76.0871,12.5462],[76.0896,12.5443],[76.0906,12.5457],[76.0909,12.5429],[76.0862,12.5389],[76.0973,12.5326],[76.0994,12.5281],[76.1033,12.5291],[76.1016,12.5259],[76.1061,12.5174],[76.11,12.5181],[76.1119,12.5125],[76.1153,12.5129],[76.1153,12.5167],[76.1189,12.5188],[76.1142,12.527],[76.1169,12.5289],[76.1334,12.5288],[76.1344,12.537],[76.1409,12.5367],[76.1426,12.5453],[76.1513,12.5472],[76.1497,12.5493],[76.1577,12.5629],[76.1481,12.5663],[76.1524,12.5796],[76.1685,12.5805],[76.1821,12.575],[76.1837,12.5774],[76.1965,12.5774],[76.1921,12.5875],[76.192,12.5942],[76.2006,12.6054],[76.201,12.6104],[76.2054,12.6169],[76.2123,12.6167],[76.2154,12.6217],[76.2134,12.628],[76.2057,12.629],[76.2094,12.6368],[76.2191,12.6443],[76.2319,12.6436],[76.2398,12.6381],[76.2457,12.637],[76.2458,12.626],[76.2533,12.6238],[76.2545,12.6203],[76.2575,12.6223],[76.2649,12.6194],[76.2673,12.6233],[76.2654,12.6289],[76.2798,12.6338],[76.2796,12.6312],[76.2821,12.6298],[76.2793,12.6255],[76.2803,12.6167],[76.2906,12.6166],[76.2926,12.6263],[76.3003,12.6292],[76.3015,12.622],[76.3043,12.6219],[76.3052,12.6251],[76.3098,12.6225],[76.3063,12.6105],[76.3277,12.6114],[76.3284,12.6267],[76.3235,12.6351],[76.3324,12.6447],[76.3381,12.6465],[76.3381,12.6533],[76.342,12.6557],[76.3419,12.6594],[76.3475,12.668],[76.3529,12.668],[76.3537,12.6853],[76.36,12.6869],[76.3592,12.6923],[76.3618,12.6931],[76.3628,12.7014],[76.3615,12.7119],[76.3549,12.7109],[76.3502,12.7135],[76.3413,12.7321],[76.3457,12.7376],[76.3441,12.7424],[76.3481,12.7445],[76.3512,12.7426],[76.3553,12.7439],[76.3571,12.7501],[76.3528,12.7513],[76.3429,12.7606],[76.3427,12.7661],[76.3499,12.772],[76.3477,12.7793],[76.3496,12.7856],[76.3344,12.7877],[76.3296,12.8028],[76.3318,12.812],[76.3683,12.8091],[76.3708,12.8143],[76.367,12.8244],[76.3694,12.8287],[76.3748,12.8316],[76.3774,12.8281],[76.3829,12.8312],[76.3877,12.8415],[76.3862,12.8452],[76.3905,12.8446],[76.3969,12.8476],[76.4085,12.8441],[76.4072,12.8651],[76.4136,12.8645],[76.4176,12.8583],[76.4253,12.858],[76.4252,12.8455],[76.4213,12.8454],[76.4201,12.8418],[76.4253,12.825],[76.4459,12.8234],[76.4461,12.8189],[76.4509,12.8119],[76.4567,12.8084],[76.458,12.8045],[76.4625,12.803],[76.4643,12.8061],[76.4714,12.7988],[76.4683,12.7936],[76.4576,12.7889],[76.455,12.7811],[76.4585,12.7774],[76.4653,12.7769],[76.4748,12.7717],[76.4781,12.7729],[76.4782,12.7807],[76.4896,12.7858],[76.4916,12.7797],[76.4901,12.7731],[76.4929,12.7673],[76.4994,12.7724],[76.4998,12.7804],[76.4944,12.7827],[76.4906,12.7886],[76.4944,12.8028],[76.4939,12.8055],[76.4901,12.8065],[76.5029,12.822],[76.51,12.8222],[76.5183,12.8264],[76.5175,12.8338],[76.5205,12.8414],[76.5295,12.8411],[76.5355,12.8443],[76.5466,12.8402],[76.5541,12.8454],[76.5723,12.8449],[76.5777,12.847],[76.5752,12.866],[76.58,12.8716],[76.5791,12.8732],[76.5832,12.873],[76.5965,12.881],[76.591,12.8909],[76.5996,12.9047],[76.5965,12.9212],[76.5992,12.9237],[76.6031,12.923],[76.606,12.9386],[76.6162,12.9372],[76.6175,12.9551],[76.612,12.959],[76.6118,12.9653],[76.6222,12.9659],[76.6314,12.9728],[76.6312,12.9816],[76.6336,12.9813],[76.6323,12.9934],[76.6298,12.9943],[76.6322,13.0042],[76.6192,13.0088],[76.6128,13.0059],[76.6042,13.0172],[76.6089,13.0311],[76.6081,13.0377],[76.6021,13.0402],[76.6053,13.0533],[76.606,13.0549],[76.6198,13.0541],[76.6179,13.0638],[76.5993,13.0743],[76.5924,13.0749],[76.5857,13.0704],[76.5666,13.0757],[76.5277,13.079],[76.5228,13.0788],[76.5219,13.0736],[76.5158,13.0688],[76.5138,13.0695],[76.4957,13.0867],[76.4947,13.0947],[76.4808,13.0914],[76.4722,13.0932],[76.4686,13.1203],[76.4695,13.1399],[76.4732,13.1499],[76.4551,13.15],[76.4542,13.1556],[76.4515,13.1556],[76.4513,13.1593],[76.4451,13.1647],[76.445,13.1698],[76.4289,13.1731],[76.4256,13.1835],[76.4147,13.1872],[76.4124,13.1919],[76.3944,13.1906],[76.3938,13.1979],[76.3708,13.2004],[76.3699,13.2123],[76.3764,13.2159],[76.38,13.2226],[76.3799,13.2316],[76.3645,13.234],[76.362,13.2491],[76.3562,13.2492],[76.3587,13.2607],[76.3552,13.2643],[76.357,13.2873],[76.3498,13.2945],[76.3476,13.3013],[76.3523,13.3306],[76.3478,13.3394],[76.3466,13.3582],[76.3472,13.3602],[76.3597,13.3633],[76.3814,13.3642],[76.3827,13.3724],[76.3858,13.3709],[76.3923,13.3795],[76.3894,13.3961],[76.3969,13.4023],[76.4,13.4212],[76.4045,13.4264],[76.4044,13.4296],[76.4197,13.4485],[76.4071,13.4592],[76.4118,13.4773],[76.4152,13.4789],[76.4082,13.483],[76.4052,13.4907],[76.396,13.4935],[76.3966,13.5039],[76.3977,13.506],[76.4087,13.5054],[76.4152,13.5091],[76.4199,13.5199],[76.4273,13.5257],[76.4005,13.5264],[76.3978,13.5285],[76.3956,13.536],[76.3877,13.5342],[76.3724,13.5456]]]},"properties":{"dtname":"Hassan","stname":"KARNATAKA","stcode11":"29","dtcode11":"574","year_stat":"2011_c","Shape_Length":673534.8649632792,"Shape_Area":7219958013.513845,"OBJECTID":81,"test":0,"Dist_LGD":539,"State_LGD":29}},{"type":"Feature","id":82,"geometry":{"type":"Polygon","coordinates":[[[78.2379,13.5992],[78.2341,13.5976],[78.235,13.5918],[78.2327,13.5869],[78.2256,13.5884],[78.2196,13.5933],[78.2163,13.5913],[78.2141,13.5833],[78.2029,13.5688],[78.1962,13.5663],[78.2013,13.5639],[78.1938,13.5486],[78.2011,13.5414],[78.2036,13.5278],[78.2028,13.5234],[78.1991,13.5209],[78.1904,13.5207],[78.1878,13.5136],[78.1981,13.5126],[78.2007,13.4841],[78.2081,13.4782],[78.2104,13.4711],[78.206,13.4648],[78.202,13.4507],[78.1934,13.4471],[78.1943,13.4385],[78.1886,13.4425],[78.1855,13.439],[78.1863,13.4348],[78.1828,13.4335],[78.1825,13.4207],[78.1689,13.4136],[78.1608,13.4153],[78.1526,13.4096],[78.1357,13.4053],[78.1283,13.3868],[78.1246,13.386],[78.1224,13.3752],[78.1288,13.3735],[78.1426,13.3759],[78.1479,13.3675],[78.1455,13.3614],[78.1493,13.3611],[78.1501,13.358],[78.1503,13.3507],[78.1318,13.3525],[78.1308,13.3461],[78.1341,13.3313],[78.1316,13.3323],[78.1308,13.3285],[78.109,13.3233],[78.1148,13.3178],[78.1217,13.3155],[78.1232,13.3085],[78.1365,13.3044],[78.1338,13.2877],[78.1216,13.2928],[78.1174,13.2985],[78.1075,13.3043],[78.1024,13.3037],[78.092,13.3103],[78.0899,13.304],[78.0868,13.3022],[78.0756,13.3025],[78.0606,13.299],[78.059,13.2928],[78.0521,13.2935],[78.0469,13.2783],[78.0299,13.2838],[78.0155,13.2829],[78.0117,13.2907],[78.0113,13.3015],[77.994,13.305],[77.989,13.3042],[77.9852,13.2992],[77.9845,13.2861],[77.9749,13.2856],[77.9689,13.2824],[77.9612,13.2843],[77.9577,13.282],[77.9567,13.2771],[77.9594,13.276],[77.9595,13.2722],[77.9562,13.2697],[77.9463,13.2713],[77.9415,13.2676],[77.9382,13.268],[77.9414,13.2585],[77.9345,13.2492],[77.9349,13.2461],[77.9456,13.2437],[77.9485,13.25],[77.9649,13.2441],[77.9638,13.2328],[77.9466,13.2193],[77.9452,13.2142],[77.9513,13.215],[77.9513,13.2194],[77.9579,13.2187],[77.9551,13.2009],[77.9605,13.2002],[77.9595,13.1958],[77.9638,13.1894],[77.9609,13.1819],[77.9583,13.1818],[77.957,13.1764],[77.9553,13.1765],[77.9553,13.1631],[77.953,13.1606],[77.9588,13.1574],[77.9573,13.1522],[77.9594,13.1516],[77.9554,13.1402],[77.9577,13.1304],[77.9562,13.1263],[77.9486,13.1277],[77.9457,13.1236],[77.9393,13.1252],[77.9373,13.1082],[77.9255,13.1107],[77.9231,13.1126],[77.9236,13.116],[77.9154,13.1191],[77.9141,13.1111],[77.9013,13.1024],[77.9015,13.0998],[77.9111,13.0961],[77.9161,13.0877],[77.9133,13.0809],[77.9184,13.0793],[77.927,13.0827],[77.9262,13.0759],[77.9318,13.074],[77.9387,13.0787],[77.9395,13.0836],[77.9414,13.0688],[77.9374,13.066],[77.9282,13.0685],[77.9216,13.0612],[77.919,13.0509],[77.9136,13.0485],[77.9053,13.049],[77.8939,13.0539],[77.8922,13.0522],[77.8914,13.0471],[77.8931,13.0463],[77.8888,13.0455],[77.8871,13.0371],[77.8933,13.0351],[77.8867,13.02],[77.8858,13.0086],[77.8794,13.0052],[77.874,12.9977],[77.8737,12.9871],[77.871,12.9852],[77.8714,12.973],[77.8647,12.9737],[77.8653,12.9662],[77.8715,12.9599],[77.8671,12.951],[77.8737,12.9452],[77.8707,12.9372],[77.8692,12.9339],[77.8592,12.9357],[77.851,12.9321],[77.8473,12.9263],[77.841,12.9249],[77.8395,12.9219],[77.8422,12.9141],[77.8445,12.9164],[77.8568,12.9165],[77.8619,12.9143],[77.8523,12.891],[77.8557,12.8763],[77.8664,12.8762],[77.8676,12.8681],[77.8759,12.8669],[77.8847,12.8703],[77.8903,12.8697],[77.8949,12.8786],[77.9084,12.8789],[77.9087,12.8849],[77.9219,12.8848],[77.9251,12.8901],[77.9293,12.891],[77.936,12.8873],[77.9346,12.8807],[77.9271,12.8816],[77.9277,12.875],[77.9416,12.8728],[77.9412,12.8683],[77.9228,12.8556],[77.9242,12.8512],[77.9172,12.8389],[77.9205,12.8282],[77.9265,12.8303],[77.9343,12.8231],[77.9407,12.8234],[77.9466,12.8388],[77.9406,12.8453],[77.94,12.8532],[77.9436,12.8579],[77.9523,12.8572],[77.9528,12.8502],[77.963,12.8502],[77.9653,12.8482],[77.9626,12.8374],[77.9643,12.8329],[77.9804,12.8351],[77.9793,12.8271],[77.9898,12.8216],[77.9885,12.8082],[77.9952,12.8059],[77.9967,12.8079],[78.0064,12.8086],[78.0097,12.8058],[78.0153,12.8138],[78.0128,12.8189],[78.0058,12.8222],[78.0039,12.8256],[78.0106,12.831],[78.0183,12.8311],[78.0191,12.844],[78.0243,12.8418],[78.029,12.8452],[78.0297,12.849],[78.024,12.8526],[78.0238,12.8566],[78.0306,12.8581],[78.0307,12.8525],[78.0504,12.8488],[78.0533,12.8539],[78.059,12.8512],[78.0602,12.8439],[78.0765,12.8397],[78.0738,12.8306],[78.0862,12.832],[78.0875,12.8249],[78.0902,12.8236],[78.0901,12.8174],[78.1093,12.8045],[78.1203,12.8018],[78.125,12.7982],[78.1259,12.7917],[78.1342,12.782],[78.1451,12.781],[78.1676,12.7701],[78.1774,12.776],[78.1824,12.7743],[78.1842,12.7763],[78.1889,12.772],[78.1951,12.7739],[78.2128,12.7651],[78.2239,12.7659],[78.2309,12.7607],[78.239,12.7684],[78.2456,12.7883],[78.2523,12.829],[78.2522,12.8606],[78.2652,12.8621],[78.2684,12.8677],[78.2821,12.8594],[78.3124,12.8586],[78.3156,12.8676],[78.3136,12.8765],[78.331,12.8756],[78.3322,12.8808],[78.3371,12.8824],[78.338,12.8863],[78.3345,12.8893],[78.3318,12.8889],[78.3292,12.8846],[78.3203,12.8873],[78.324,12.893],[78.3235,12.9018],[78.3263,12.9045],[78.331,12.9019],[78.3397,12.9032],[78.344,12.9085],[78.3419,12.9119],[78.3466,12.9141],[78.349,12.929],[78.3538,12.9303],[78.3497,12.9358],[78.3559,12.9408],[78.3782,12.9139],[78.3856,12.9115],[78.3887,12.9069],[78.3964,12.9074],[78.3986,12.9174],[78.4089,12.9093],[78.4122,12.9033],[78.4286,12.9021],[78.4304,12.9048],[78.4337,12.9046],[78.4349,12.9119],[78.4388,12.9137],[78.4456,12.9118],[78.4465,12.9082],[78.4439,12.9031],[78.4492,12.8983],[78.4472,12.8923],[78.4559,12.8875],[78.4641,12.8778],[78.462,12.8711],[78.4647,12.8668],[78.4694,12.8897],[78.4667,12.9055],[78.4592,12.9088],[78.4523,12.9177],[78.4445,12.9197],[78.438,12.9291],[78.4282,12.9321],[78.4228,12.9234],[78.4188,12.9218],[78.4179,12.9279],[78.4152,12.9334],[78.4131,12.9335],[78.4111,12.9453],[78.4137,12.9484],[78.4204,12.9478],[78.4215,12.9547],[78.4192,12.9587],[78.4291,12.9575],[78.4379,12.964],[78.4327,12.9678],[78.4347,12.9715],[78.4325,12.978],[78.4353,12.9811],[78.4674,12.9751],[78.4686,12.9828],[78.4748,12.9915],[78.4677,12.9986],[78.4682,13.0047],[78.4636,13.0054],[78.4648,13.0205],[78.4614,13.0257],[78.4622,13.0433],[78.4648,13.0447],[78.4731,13.043],[78.4785,13.0546],[78.4873,13.0524],[78.498,13.0612],[78.5142,13.0619],[78.5151,13.07],[78.5086,13.0791],[78.5094,13.0915],[78.516,13.0966],[78.5234,13.0947],[78.5245,13.1012],[78.5324,13.1057],[78.5385,13.1058],[78.5374,13.1087],[78.5268,13.1123],[78.5226,13.115],[78.523,13.1185],[78.5185,13.1199],[78.517,13.1316],[78.5233,13.1305],[78.5266,13.139],[78.5312,13.1414],[78.5446,13.142],[78.5483,13.1486],[78.5408,13.1535],[78.5414,13.1558],[78.5501,13.1642],[78.5682,13.1618],[78.5687,13.1657],[78.5734,13.1689],[78.5797,13.1674],[78.5765,13.1746],[78.576,13.1867],[78.5673,13.1933],[78.5558,13.1887],[78.5497,13.1897],[78.55,13.2002],[78.5605,13.1988],[78.5678,13.2016],[78.5711,13.2121],[78.5787,13.213],[78.5785,13.2181],[78.5664,13.2209],[78.5687,13.2374],[78.5719,13.2426],[78.5701,13.2471],[78.579,13.2537],[78.5849,13.2616],[78.5877,13.273],[78.5873,13.2807],[78.5786,13.2804],[78.5763,13.285],[78.5775,13.2953],[78.5695,13.3093],[78.5655,13.312],[78.5632,13.3094],[78.565,13.2955],[78.5616,13.2886],[78.5541,13.2832],[78.5453,13.2879],[78.5393,13.2879],[78.5364,13.2725],[78.5322,13.267],[78.5266,13.2685],[78.5265,13.2717],[78.5219,13.273],[78.5199,13.2828],[78.5133,13.2853],[78.514,13.2906],[78.5048,13.2914],[78.4988,13.2996],[78.4793,13.3013],[78.4836,13.3131],[78.4834,13.3212],[78.4769,13.3227],[78.4701,13.3199],[78.4666,13.3152],[78.4442,13.3082],[78.44,13.3219],[78.4404,13.3285],[78.4279,13.3313],[78.4217,13.3283],[78.4189,13.3206],[78.4011,13.3155],[78.3992,13.3207],[78.3871,13.3318],[78.3771,13.332],[78.383,13.3436],[78.3877,13.3428],[78.3884,13.3391],[78.3849,13.3349],[78.393,13.3338],[78.4073,13.3376],[78.4087,13.3429],[78.4084,13.3457],[78.3932,13.3508],[78.3948,13.3544],[78.3776,13.3632],[78.3761,13.3612],[78.3708,13.3616],[78.3697,13.3583],[78.3658,13.3587],[78.3651,13.3618],[78.369,13.3732],[78.3788,13.3837],[78.3817,13.397],[78.3792,13.4149],[78.3807,13.4189],[78.3774,13.4241],[78.3756,13.4374],[78.379,13.4401],[78.3728,13.4522],[78.3745,13.462],[78.3708,13.4696],[78.3788,13.4821],[78.378,13.5033],[78.3744,13.5091],[78.3833,13.5156],[78.3824,13.5251],[78.3942,13.5411],[78.3938,13.5523],[78.4067,13.5769],[78.4018,13.5786],[78.4022,13.5873],[78.3852,13.5922],[78.3506,13.5869],[78.3466,13.5905],[78.3262,13.5949],[78.3149,13.5915],[78.2719,13.5882],[78.2595,13.5825],[78.2593,13.585],[78.25,13.5905],[78.2437,13.5976],[78.2379,13.5992]]]},"properties":{"dtname":"Kolar","stname":"KARNATAKA","stcode11":"29","dtcode11":"581","year_stat":"2011_c","Shape_Length":515279.4209831623,"Shape_Area":4220912372.838574,"OBJECTID":82,"test":0,"Dist_LGD":542,"State_LGD":29}},{"type":"Feature","id":84,"geometry":{"type":"Polygon","coordinates":[[[77.3857,13.4986],[77.3781,13.4898],[77.3771,13.4834],[77.3723,13.4832],[77.3711,13.4805],[77.3734,13.4701],[77.3668,13.4695],[77.3661,13.4636],[77.3584,13.4631],[77.3486,13.4572],[77.3484,13.4466],[77.3569,13.4377],[77.362,13.437],[77.3629,13.4201],[77.3585,13.4149],[77.3459,13.4176],[77.3408,13.3771],[77.3457,13.3747],[77.3412,13.3572],[77.3423,13.3509],[77.3446,13.3502],[77.3438,13.3397],[77.341,13.3377],[77.3385,13.3292],[77.3318,13.3283],[77.3293,13.3305],[77.3119,13.3221],[77.3087,13.3107],[77.2812,13.3104],[77.2817,13.2973],[77.2752,13.2977],[77.2696,13.3057],[77.2698,13.3112],[77.2547,13.3089],[77.2527,13.3018],[77.2494,13.3018],[77.2431,13.3024],[77.2402,13.3086],[77.2335,13.3097],[77.229,13.3134],[77.2203,13.2856],[77.2221,13.2684],[77.2193,13.263],[77.2046,13.2623],[77.1999,13.2683],[77.1925,13.2691],[77.1912,13.2748],[77.1884,13.2764],[77.1835,13.2577],[77.1924,13.2436],[77.1902,13.2379],[77.1858,13.2386],[77.1827,13.2288],[77.1863,13.2252],[77.1941,13.2244],[77.1951,13.2067],[77.2002,13.2032],[77.2009,13.1946],[77.2029,13.1947],[77.2029,13.1974],[77.2075,13.1967],[77.2036,13.1845],[77.2075,13.1789],[77.2074,13.1736],[77.2133,13.1686],[77.2163,13.1617],[77.2132,13.1517],[77.2175,13.1449],[77.2284,13.1466],[77.2304,13.1447],[77.2316,13.1474],[77.2416,13.1464],[77.2489,13.1519],[77.2662,13.1506],[77.275,13.1526],[77.2739,13.1398],[77.2709,13.1432],[77.2671,13.1427],[77.2654,13.1276],[77.2684,13.1189],[77.2765,13.1195],[77.2793,13.126],[77.2791,13.1338],[77.2847,13.1344],[77.2868,13.1217],[77.2919,13.1212],[77.2928,13.1102],[77.3027,13.1109],[77.3143,13.1062],[77.3093,13.0833],[77.3093,13.055],[77.311,13.0464],[77.32,13.0486],[77.3239,13.0471],[77.3284,13.0503],[77.3311,13.043],[77.33,13.0261],[77.3254,13.023],[77.3278,13.0089],[77.3219,13.0084],[77.3287,12.9777],[77.3373,12.9778],[77.338,12.9729],[77.3476,12.9743],[77.3527,12.9764],[77.3559,12.9861],[77.3602,12.9893],[77.3649,12.9873],[77.3666,12.9911],[77.3718,12.9922],[77.3699,13.0133],[77.3757,13.0149],[77.3756,13.0288],[77.3793,13.0266],[77.3891,13.0266],[77.3918,13.0518],[77.394,13.053],[77.383,13.0573],[77.3841,13.0679],[77.3977,13.0733],[77.4114,13.0736],[77.416,13.0708],[77.4237,13.0703],[77.4288,13.0865],[77.4205,13.0866],[77.4213,13.0913],[77.4159,13.0933],[77.4187,13.0979],[77.4155,13.1019],[77.4179,13.105],[77.4009,13.1118],[77.4013,13.1182],[77.3927,13.1151],[77.3929,13.1177],[77.3971,13.1187],[77.3975,13.1236],[77.4086,13.1238],[77.4318,13.1651],[77.4436,13.1667],[77.4607,13.1608],[77.4679,13.1625],[77.4693,13.1747],[77.4767,13.1892],[77.4783,13.2051],[77.4744,13.2063],[77.4742,13.2113],[77.4799,13.2234],[77.488,13.2224],[77.4989,13.2272],[77.5056,13.2252],[77.5065,13.2289],[77.5114,13.2286],[77.512,13.2245],[77.5183,13.2203],[77.521,13.2147],[77.5189,13.2092],[77.5204,13.2111],[77.5223,13.2088],[77.5221,13.2144],[77.5266,13.2212],[77.5369,13.2191],[77.5432,13.2329],[77.5593,13.2323],[77.5566,13.2192],[77.5695,13.2161],[77.5711,13.2071],[77.569,13.2072],[77.5668,13.2015],[77.5743,13.1988],[77.6001,13.1965],[77.6043,13.2037],[77.6158,13.2054],[77.6131,13.2088],[77.6173,13.2106],[77.6287,13.209],[77.6475,13.2004],[77.6604,13.2009],[77.657,13.1979],[77.6545,13.1882],[77.663,13.184],[77.6666,13.1861],[77.6708,13.1852],[77.6715,13.1898],[77.6867,13.1933],[77.6842,13.2034],[77.6901,13.2028],[77.6985,13.1895],[77.7074,13.1898],[77.7121,13.1962],[77.7256,13.1928],[77.7285,13.1849],[77.7268,13.1763],[77.7304,13.1736],[77.7274,13.1687],[77.7326,13.1594],[77.7282,13.1467],[77.7319,13.1449],[77.7298,13.1324],[77.7245,13.1267],[77.7337,13.1235],[77.7323,13.1148],[77.75,13.1164],[77.7547,13.1134],[77.7614,13.1134],[77.765,13.1078],[77.7634,13.0992],[77.7669,13.0846],[77.7595,13.0818],[77.7602,13.0738],[77.7674,13.0651],[77.7713,13.048],[77.7735,13.0483],[77.781,13.0339],[77.7713,13.0142],[77.7744,13.0133],[77.7732,13.0063],[77.7757,13.0059],[77.7724,13.0026],[77.7748,13.0012],[77.7765,12.9819],[77.7788,12.9777],[77.7765,12.9749],[77.7792,12.9703],[77.7671,12.9595],[77.7726,12.9511],[77.7651,12.9425],[77.7754,12.9388],[77.7788,12.9289],[77.7981,12.9253],[77.7975,12.9183],[77.803,12.9194],[77.8109,12.9332],[77.8163,12.9265],[77.8229,12.9294],[77.8323,12.9267],[77.8299,12.9197],[77.8167,12.9215],[77.8162,12.9147],[77.8208,12.9118],[77.8211,12.9019],[77.8298,12.8895],[77.8321,12.8822],[77.8296,12.8775],[77.836,12.8704],[77.8474,12.8694],[77.8507,12.8662],[77.8575,12.8695],[77.8676,12.8681],[77.8664,12.8762],[77.8557,12.8763],[77.8523,12.891],[77.8619,12.9143],[77.8568,12.9165],[77.8445,12.9164],[77.8422,12.9141],[77.8395,12.9222],[77.841,12.9249],[77.8473,12.9263],[77.851,12.9321],[77.8592,12.9357],[77.8692,12.9339],[77.8707,12.9372],[77.8737,12.9452],[77.8671,12.951],[77.8715,12.9599],[77.8653,12.9662],[77.8647,12.9737],[77.8714,12.973],[77.871,12.9852],[77.8737,12.9871],[77.874,12.9977],[77.8794,13.0052],[77.8858,13.0086],[77.8867,13.02],[77.8933,13.0351],[77.8871,13.0371],[77.8888,13.0455],[77.8931,13.0463],[77.8914,13.0471],[77.8922,13.0522],[77.8939,13.0539],[77.9053,13.049],[77.9136,13.0485],[77.919,13.0509],[77.9216,13.0612],[77.9282,13.0685],[77.9374,13.066],[77.9414,13.0688],[77.9395,13.0836],[77.9387,13.0787],[77.9318,13.074],[77.9262,13.0759],[77.927,13.0827],[77.9184,13.0793],[77.9133,13.0809],[77.9161,13.0877],[77.9111,13.0961],[77.9015,13.0998],[77.9013,13.1024],[77.9141,13.1111],[77.9154,13.1191],[77.9236,13.116],[77.9231,13.1126],[77.9255,13.1107],[77.9373,13.1082],[77.9393,13.1252],[77.9457,13.1236],[77.9486,13.1277],[77.9562,13.1263],[77.9577,13.1304],[77.9554,13.1402],[77.9594,13.1516],[77.9573,13.1522],[77.9588,13.1574],[77.953,13.1606],[77.9553,13.1631],[77.9553,13.1765],[77.957,13.1764],[77.9583,13.1818],[77.9609,13.1819],[77.9638,13.1894],[77.9595,13.1958],[77.9605,13.2002],[77.9551,13.2009],[77.9579,13.2187],[77.9513,13.2194],[77.9513,13.215],[77.9452,13.2142],[77.9466,13.2193],[77.9638,13.2328],[77.9649,13.2441],[77.9485,13.25],[77.9456,13.2437],[77.9349,13.2461],[77.929,13.2383],[77.9141,13.2398],[77.9138,13.232],[77.8909,13.2346],[77.9022,13.2421],[77.9056,13.2506],[77.9034,13.2549],[77.8908,13.2576],[77.8886,13.2508],[77.8801,13.2505],[77.8741,13.244],[77.8785,13.2394],[77.8766,13.2344],[77.8708,13.2343],[77.8636,13.2412],[77.858,13.2285],[77.8583,13.2204],[77.85,13.2195],[77.8478,13.2211],[77.8508,13.2411],[77.8213,13.2527],[77.8144,13.2396],[77.8075,13.2432],[77.821,13.2582],[77.8088,13.2615],[77.8114,13.2679],[77.8114,13.2776],[77.8157,13.2877],[77.8159,13.2976],[77.8222,13.297],[77.8226,13.2908],[77.8295,13.2907],[77.8276,13.3055],[77.8144,13.3043],[77.8144,13.3095],[77.8102,13.3101],[77.8124,13.3131],[77.8173,13.3102],[77.8185,13.3154],[77.8272,13.3271],[77.8102,13.3345],[77.8102,13.3384],[77.7964,13.3407],[77.7911,13.3457],[77.7905,13.3509],[77.7747,13.3531],[77.7541,13.3638],[77.7506,13.3593],[77.7428,13.3603],[77.7439,13.3538],[77.7372,13.3604],[77.7265,13.3634],[77.7292,13.3604],[77.7285,13.3517],[77.7164,13.3518],[77.7167,13.3657],[77.7109,13.3663],[77.7102,13.3633],[77.6987,13.359],[77.6994,13.3483],[77.7034,13.3443],[77.6999,13.3374],[77.6963,13.3384],[77.6843,13.3519],[77.6799,13.3449],[77.667,13.348],[77.667,13.3508],[77.6559,13.3583],[77.657,13.3728],[77.6619,13.3775],[77.6596,13.3835],[77.652,13.3871],[77.6577,13.3931],[77.6576,13.3979],[77.6532,13.3985],[77.6478,13.3919],[77.6384,13.3938],[77.6379,13.3855],[77.6365,13.3867],[77.6339,13.376],[77.6283,13.3777],[77.6209,13.3754],[77.6209,13.3847],[77.6127,13.3872],[77.6191,13.4024],[77.612,13.4037],[77.6074,13.4072],[77.6066,13.3998],[77.6024,13.3983],[77.5992,13.4152],[77.6059,13.4165],[77.6067,13.4146],[77.6154,13.4211],[77.6074,13.4253],[77.6031,13.4413],[77.5996,13.4362],[77.5898,13.4363],[77.5891,13.4293],[77.5915,13.4216],[77.5935,13.4213],[77.5914,13.4189],[77.5842,13.4216],[77.5515,13.4197],[77.5504,13.4343],[77.5484,13.4359],[77.546,13.4378],[77.5371,13.4365],[77.5345,13.4308],[77.5225,13.4316],[77.5159,13.4439],[77.5041,13.4455],[77.5067,13.4567],[77.5047,13.4578],[77.4935,13.4589],[77.4886,13.461],[77.4833,13.4679],[77.4766,13.4665],[77.4715,13.4694],[77.4613,13.4629],[77.4581,13.4692],[77.4546,13.4687],[77.4548,13.4643],[77.4461,13.4617],[77.433,13.464],[77.4344,13.4688],[77.4229,13.472],[77.4248,13.4816],[77.4216,13.4856],[77.4156,13.4861],[77.4155,13.4921],[77.408,13.4968],[77.3999,13.4927],[77.3857,13.4986]]]},"properties":{"dtname":"Bengaluru Rural","stname":"KARNATAKA","stcode11":"29","dtcode11":"583","year_stat":"2011_c","Shape_Length":507401.72056464246,"Shape_Area":2439791150.435322,"OBJECTID":84,"test":0,"Dist_LGD":526,"State_LGD":29}},{"type":"Feature","id":85,"geometry":{"type":"Polygon","coordinates":[[[75.3531,13.1849],[75.3464,13.1807],[75.3413,13.1809],[75.3337,13.1735],[75.3331,13.1698],[75.3281,13.1709],[75.3218,13.1582],[75.3238,13.1472],[75.3169,13.1445],[75.3165,13.1365],[75.3112,13.132],[75.2975,13.1328],[75.2943,13.1245],[75.2861,13.1311],[75.2848,13.135],[75.2775,13.1269],[75.2684,13.1254],[75.2613,13.1314],[75.2523,13.129],[75.2447,13.1373],[75.2337,13.1384],[75.2287,13.1467],[75.2173,13.1566],[75.2076,13.1533],[75.2113,13.1647],[75.2058,13.1773],[75.1921,13.1636],[75.1803,13.1581],[75.1766,13.1472],[75.1709,13.1449],[75.1677,13.1363],[75.1619,13.132],[75.1589,13.1329],[75.1501,13.1248],[75.1449,13.1263],[75.1447,13.1314],[75.1375,13.1318],[75.1364,13.1338],[75.1288,13.1346],[75.1285,13.132],[75.1151,13.1313],[75.1207,13.1363],[75.1107,13.1476],[75.1129,13.1509],[75.1037,13.1511],[75.1009,13.1541],[75.1037,13.1578],[75.0971,13.156],[75.0999,13.1629],[75.0975,13.1649],[75.092,13.1625],[75.0893,13.1646],[75.0869,13.1614],[75.0809,13.1618],[75.0837,13.146],[75.0764,13.1479],[75.0705,13.1433],[75.0712,13.1366],[75.0585,13.1316],[75.0367,13.1417],[75.0319,13.1389],[75.0244,13.1387],[75.0152,13.1309],[75.0029,13.1524],[74.9942,13.1573],[74.9854,13.1482],[74.9749,13.1294],[74.9636,13.1254],[74.961,13.1268],[74.9598,13.1229],[74.9542,13.1233],[74.9545,13.1212],[74.9484,13.1229],[74.9402,13.1333],[74.944,13.1364],[74.9411,13.1381],[74.9409,13.1424],[74.9428,13.1434],[74.94,13.1456],[74.9357,13.1443],[74.9333,13.1498],[74.9283,13.1477],[74.92,13.143],[74.9161,13.1366],[74.9106,13.133],[74.9082,13.1239],[74.9133,13.1208],[74.9126,13.1125],[74.9091,13.1119],[74.9119,13.1081],[74.9047,13.107],[74.8783,13.0954],[74.8742,13.0994],[74.8752,13.1057],[74.8683,13.1216],[74.8638,13.1222],[74.8631,13.1268],[74.8598,13.128],[74.8498,13.1264],[74.8463,13.1296],[74.8416,13.1273],[74.8261,13.1296],[74.8227,13.1238],[74.8146,13.1224],[74.8096,13.1133],[74.8066,13.116],[74.7921,13.117],[74.7917,13.1124],[74.7953,13.1096],[74.7967,13.1112],[74.7983,13.1044],[74.7918,13.0966],[74.7841,13.1003],[74.7825,13.1039],[74.7775,13.1028],[74.7808,13.0893],[74.7773,13.0801],[74.7796,13.0724],[74.7764,13.0716],[74.8236,12.8468],[74.829,12.8462],[74.828,12.8425],[74.8306,12.8345],[74.8371,12.824],[74.8466,12.7957],[74.8555,12.7841],[74.8648,12.7604],[74.8723,12.7611],[74.8742,12.755],[74.8823,12.7541],[74.8931,12.7625],[74.8989,12.7627],[74.9117,12.7712],[74.933,12.7806],[74.9418,12.7801],[74.9507,12.7844],[74.9582,12.7847],[74.96,12.779],[74.963,12.7788],[74.9644,12.7817],[74.9684,12.7764],[74.9873,12.783],[74.9921,12.7883],[74.9874,12.7937],[74.9891,12.7955],[74.9988,12.7892],[74.9983,12.786],[75.0025,12.7884],[74.9993,12.7908],[75.0032,12.7917],[75.0051,12.7904],[75.0034,12.778],[75.0095,12.7676],[75.0055,12.7654],[75.0031,12.7592],[74.9976,12.7576],[74.9866,12.7437],[74.9837,12.7452],[74.9825,12.7385],[74.9865,12.733],[74.9924,12.7387],[74.9992,12.7318],[75.0112,12.728],[75.0042,12.7215],[75.0002,12.7208],[75.001,12.7155],[75.0153,12.7134],[75.0188,12.7202],[75.0265,12.7184],[75.0339,12.7226],[75.0393,12.7228],[75.0425,12.7199],[75.0444,12.7222],[75.0503,12.7195],[75.0535,12.7084],[75.0494,12.7056],[75.0548,12.6947],[75.0527,12.691],[75.0519,12.6937],[75.0478,12.6953],[75.0431,12.6939],[75.0397,12.6866],[75.0422,12.6835],[75.0407,12.68],[75.0424,12.6721],[75.0466,12.6668],[75.0538,12.6693],[75.0576,12.6651],[75.0599,12.6709],[75.0652,12.6641],[75.0693,12.6639],[75.0732,12.6709],[75.0853,12.6739],[75.0875,12.6784],[75.085,12.6833],[75.085,12.6946],[75.0802,12.7003],[75.0852,12.7053],[75.0915,12.7011],[75.0994,12.7009],[75.1055,12.6981],[75.1065,12.6923],[75.1098,12.6918],[75.1118,12.6865],[75.1107,12.6831],[75.1154,12.6828],[75.1117,12.6808],[75.1222,12.6782],[75.1249,12.6805],[75.1331,12.6746],[75.1351,12.6772],[75.1379,12.6759],[75.1398,12.6795],[75.1432,12.6772],[75.147,12.6815],[75.1525,12.6823],[75.1501,12.6739],[75.1605,12.6716],[75.1513,12.6574],[75.15,12.6513],[75.1377,12.6447],[75.1436,12.6418],[75.1541,12.6239],[75.1611,12.621],[75.1645,12.6231],[75.1703,12.6215],[75.1822,12.6317],[75.2017,12.629],[75.1985,12.6133],[75.2059,12.6093],[75.2092,12.6015],[75.2071,12.597],[75.2009,12.5946],[75.2003,12.589],[75.2087,12.5923],[75.2118,12.5794],[75.217,12.5776],[75.2203,12.5682],[75.2375,12.5684],[75.2388,12.58],[75.2409,12.5787],[75.2496,12.5837],[75.2653,12.6048],[75.2643,12.6124],[75.2663,12.6159],[75.2755,12.6198],[75.2888,12.6117],[75.2907,12.6032],[75.3011,12.6067],[75.3113,12.591],[75.3262,12.5937],[75.3256,12.5827],[75.3179,12.5788],[75.3146,12.5738],[75.3072,12.5796],[75.2897,12.5839],[75.2839,12.5708],[75.2777,12.5729],[75.2721,12.5702],[75.2692,12.5597],[75.2714,12.5554],[75.2697,12.5496],[75.2737,12.5412],[75.2739,12.5345],[75.2786,12.5302],[75.2801,12.5242],[75.2912,12.5257],[75.2965,12.522],[75.303,12.5227],[75.3042,12.5033],[75.3138,12.502],[75.3145,12.4975],[75.3322,12.4996],[75.3327,12.4933],[75.3366,12.4891],[75.3353,12.4783],[75.3407,12.4704],[75.3363,12.4642],[75.3601,12.465],[75.367,12.4755],[75.3722,12.477],[75.3714,12.487],[75.3678,12.4886],[75.3678,12.4918],[75.3783,12.496],[75.3819,12.5021],[75.3916,12.4997],[75.3979,12.5038],[75.4027,12.4981],[75.4114,12.5019],[75.4164,12.4997],[75.4159,12.5053],[75.4194,12.5094],[75.4167,12.5112],[75.4164,12.5154],[75.4243,12.5174],[75.4289,12.5151],[75.432,12.5178],[75.4295,12.5213],[75.4344,12.5302],[75.4398,12.5286],[75.4421,12.5221],[75.4455,12.5208],[75.4457,12.5184],[75.4499,12.5187],[75.4532,12.5137],[75.4554,12.513],[75.4581,12.5159],[75.4613,12.505],[75.4725,12.4995],[75.4667,12.4903],[75.462,12.488],[75.4635,12.4855],[75.4608,12.477],[75.4646,12.4719],[75.4745,12.4661],[75.4754,12.4635],[75.478,12.4663],[75.482,12.4659],[75.4899,12.4601],[75.4925,12.462],[75.4917,12.469],[75.496,12.4786],[75.4933,12.4838],[75.5001,12.4871],[75.5237,12.4899],[75.5259,12.4969],[75.5292,12.4995],[75.5337,12.495],[75.5473,12.4921],[75.5518,12.4933],[75.5659,12.4862],[75.5648,12.4951],[75.5551,12.4984],[75.5562,12.5013],[75.5642,12.5107],[75.5709,12.5116],[75.5809,12.5194],[75.5827,12.5309],[75.591,12.5401],[75.5959,12.5277],[75.6057,12.5212],[75.6055,12.5127],[75.6148,12.5102],[75.6237,12.5163],[75.6268,12.5212],[75.6283,12.5192],[75.6323,12.5212],[75.6332,12.5282],[75.6379,12.5307],[75.6443,12.5395],[75.6537,12.5408],[75.6664,12.5464],[75.6706,12.5511],[75.6687,12.5652],[75.6631,12.5696],[75.6685,12.5722],[75.6621,12.5779],[75.6642,12.5856],[75.6615,12.5967],[75.6564,12.6028],[75.6539,12.6108],[75.6544,12.6184],[75.6423,12.6263],[75.642,12.633],[75.648,12.6658],[75.667,12.6979],[75.644,12.6941],[75.6379,12.6954],[75.6351,12.6941],[75.6339,12.6899],[75.6293,12.7033],[75.6261,12.7052],[75.6333,12.7075],[75.6375,12.7133],[75.6515,12.7194],[75.6524,12.7299],[75.6581,12.7419],[75.6561,12.7485],[75.6575,12.7521],[75.6551,12.7493],[75.6443,12.7589],[75.6383,12.7609],[75.6412,12.77],[75.6368,12.7703],[75.6294,12.7791],[75.6212,12.7789],[75.6228,12.7917],[75.6144,12.7973],[75.6183,12.8177],[75.6149,12.8321],[75.6222,12.847],[75.6213,12.8554],[75.6167,12.8556],[75.6128,12.8607],[75.6023,12.865],[75.6028,12.8756],[75.5777,12.8722],[75.5663,12.866],[75.5636,12.8666],[75.5643,12.8755],[75.56,12.8784],[75.5612,12.8935],[75.5571,12.9056],[75.5545,12.9064],[75.5571,12.9115],[75.5547,12.9349],[75.5564,12.9427],[75.5504,12.946],[75.5496,12.9495],[75.542,12.956],[75.5341,12.959],[75.5298,12.9678],[75.5248,12.967],[75.5205,12.9776],[75.5143,12.979],[75.5251,12.9938],[75.5246,13.0005],[75.5325,13.0046],[75.5311,13.0213],[75.5277,13.0252],[75.5197,13.0273],[75.5194,13.032],[75.5252,13.0398],[75.5255,13.0496],[75.5157,13.0564],[75.5177,13.0598],[75.5152,13.0661],[75.5069,13.0724],[75.5004,13.082],[75.4861,13.0924],[75.4822,13.088],[75.4797,13.0773],[75.4704,13.0777],[75.4681,13.0833],[75.4719,13.0902],[75.4709,13.0971],[75.4551,13.1101],[75.4448,13.1047],[75.4428,13.1138],[75.4337,13.1217],[75.4247,13.1063],[75.4145,13.1069],[75.4071,13.1117],[75.4107,13.1182],[75.4082,13.1359],[75.4099,13.148],[75.404,13.1595],[75.3766,13.1818],[75.3688,13.1829],[75.3642,13.1803],[75.3531,13.1849]]]},"properties":{"dtname":"Dakshina Kannada","stname":"KARNATAKA","stcode11":"29","dtcode11":"575","year_stat":"2011_c","Shape_Length":500949.62889143196,"Shape_Area":5149142755.938912,"OBJECTID":85,"test":0,"Dist_LGD":534,"State_LGD":29}},{"type":"Feature","id":86,"geometry":{"type":"Polygon","coordinates":[[[77.5455,13.2323],[77.5432,13.2329],[77.5416,13.2263],[77.5386,13.2259],[77.5369,13.2191],[77.5266,13.2212],[77.5221,13.2144],[77.5223,13.2088],[77.5204,13.2111],[77.5189,13.2092],[77.521,13.2147],[77.5183,13.2203],[77.512,13.2245],[77.5114,13.2286],[77.5065,13.2289],[77.5056,13.2252],[77.4989,13.2272],[77.488,13.2224],[77.4799,13.2234],[77.4742,13.2113],[77.4744,13.2063],[77.4783,13.2051],[77.4767,13.1892],[77.4693,13.1747],[77.4679,13.1625],[77.4607,13.1608],[77.4436,13.1667],[77.4318,13.1651],[77.4086,13.1238],[77.3975,13.1236],[77.3971,13.1187],[77.3934,13.1185],[77.3927,13.1151],[77.4013,13.1182],[77.4009,13.1118],[77.4179,13.105],[77.4155,13.1019],[77.4187,13.0979],[77.4159,13.0933],[77.4213,13.0913],[77.4205,13.0866],[77.4288,13.0861],[77.4237,13.0703],[77.416,13.0708],[77.4114,13.0736],[77.3977,13.0733],[77.3833,13.067],[77.383,13.0573],[77.394,13.053],[77.3918,13.0518],[77.3891,13.0266],[77.3793,13.0266],[77.3756,13.0288],[77.3757,13.0149],[77.3699,13.0133],[77.3718,12.9922],[77.3666,12.9911],[77.3649,12.9873],[77.3607,12.9896],[77.3559,12.9861],[77.3518,12.9759],[77.338,12.9729],[77.3373,12.9778],[77.333,12.9787],[77.3287,12.9777],[77.3262,12.9739],[77.333,12.9502],[77.3395,12.9441],[77.3355,12.938],[77.3364,12.9285],[77.3393,12.9237],[77.3365,12.9122],[77.3434,12.888],[77.3332,12.888],[77.335,12.8784],[77.3449,12.8765],[77.3463,12.8702],[77.3656,12.8717],[77.3698,12.8577],[77.3794,12.8549],[77.3799,12.8577],[77.3854,12.8571],[77.3852,12.8591],[77.39,12.8606],[77.3974,12.8684],[77.4026,12.8655],[77.4039,12.8739],[77.4104,12.8766],[77.4158,12.8753],[77.4158,12.8718],[77.4299,12.8754],[77.4292,12.8706],[77.4184,12.8696],[77.4289,12.8567],[77.4266,12.8504],[77.4379,12.8502],[77.4338,12.8444],[77.4345,12.8392],[77.4251,12.8378],[77.4196,12.8263],[77.4314,12.8218],[77.4334,12.8234],[77.436,12.8104],[77.4399,12.8112],[77.4436,12.8083],[77.4462,12.81],[77.4466,12.8149],[77.4516,12.8181],[77.4659,12.8087],[77.4684,12.8111],[77.48,12.8087],[77.479,12.8047],[77.4847,12.8008],[77.4763,12.7968],[77.471,12.7996],[77.4693,12.7951],[77.4777,12.7816],[77.474,12.7645],[77.4763,12.7623],[77.4735,12.757],[77.4836,12.749],[77.4861,12.7428],[77.4989,12.7394],[77.5049,12.7324],[77.5053,12.7353],[77.5101,12.7382],[77.5138,12.7503],[77.5209,12.7444],[77.5185,12.7368],[77.5213,12.7325],[77.5326,12.7486],[77.5343,12.756],[77.5407,12.7502],[77.5463,12.7701],[77.5523,12.7722],[77.544,12.776],[77.5488,12.786],[77.5431,12.7943],[77.5449,12.7987],[77.5486,12.8005],[77.5569,12.7992],[77.5547,12.7886],[77.5628,12.7872],[77.5614,12.7841],[77.5554,12.7815],[77.5561,12.7769],[77.5589,12.7665],[77.5654,12.759],[77.5697,12.7607],[77.5716,12.765],[77.5708,12.7781],[77.5804,12.7873],[77.5905,12.7818],[77.5979,12.7635],[77.5947,12.7524],[77.5761,12.7521],[77.5697,12.7417],[77.5676,12.7345],[77.5702,12.732],[77.5689,12.7298],[77.5647,12.7326],[77.5558,12.7328],[77.5594,12.7147],[77.5674,12.7011],[77.5941,12.7221],[77.6154,12.7092],[77.6132,12.6993],[77.6055,12.6923],[77.5993,12.6728],[77.5955,12.6686],[77.5972,12.6575],[77.5989,12.6672],[77.6379,12.6758],[77.6599,12.6839],[77.6764,12.6795],[77.6751,12.6731],[77.6771,12.6715],[77.6786,12.6604],[77.6899,12.659],[77.6922,12.6609],[77.7023,12.6609],[77.711,12.6672],[77.7116,12.6832],[77.7227,12.6797],[77.7246,12.6712],[77.7399,12.673],[77.741,12.6858],[77.7349,12.6921],[77.7374,12.6978],[77.7407,12.6999],[77.7617,12.6976],[77.7647,12.7011],[77.7657,12.7138],[77.7695,12.7126],[77.7744,12.7243],[77.7611,12.7275],[77.7633,12.7369],[77.7694,12.7403],[77.7835,12.7413],[77.7929,12.7482],[77.7944,12.7577],[77.7788,12.7678],[77.7985,12.7952],[77.8022,12.7963],[77.8066,12.7941],[77.8085,12.7968],[77.8034,12.8049],[77.7997,12.8053],[77.8021,12.8171],[77.8099,12.8156],[77.8079,12.8231],[77.8099,12.8316],[77.7959,12.8346],[77.7924,12.8428],[77.7949,12.8457],[77.7967,12.8448],[77.7991,12.8516],[77.8079,12.8477],[77.8155,12.8558],[77.8231,12.8559],[77.8258,12.86],[77.8324,12.8621],[77.8321,12.8676],[77.836,12.8707],[77.8296,12.8775],[77.8321,12.8822],[77.8298,12.8895],[77.8211,12.9019],[77.8208,12.9118],[77.8162,12.9147],[77.8167,12.9215],[77.8299,12.9197],[77.8323,12.9267],[77.8229,12.9294],[77.8163,12.9265],[77.8109,12.9332],[77.803,12.9194],[77.7975,12.9183],[77.7981,12.9253],[77.7788,12.9289],[77.7754,12.9388],[77.7651,12.9425],[77.7726,12.9511],[77.7671,12.9595],[77.7792,12.9703],[77.7765,12.9749],[77.7788,12.9777],[77.7765,12.9819],[77.7748,13.0012],[77.7724,13.0026],[77.7757,13.0059],[77.7732,13.0063],[77.7744,13.0133],[77.7713,13.0142],[77.781,13.0339],[77.7735,13.0483],[77.7713,13.048],[77.7674,13.0651],[77.7602,13.0738],[77.7595,13.0818],[77.7669,13.0846],[77.7634,13.0992],[77.765,13.1078],[77.7614,13.1134],[77.7547,13.1134],[77.75,13.1164],[77.7323,13.1148],[77.7337,13.1235],[77.7245,13.1267],[77.7298,13.1324],[77.7319,13.1449],[77.7282,13.1467],[77.7326,13.1594],[77.7274,13.1687],[77.7304,13.1736],[77.7268,13.1763],[77.7285,13.1849],[77.7256,13.1928],[77.7121,13.1962],[77.7074,13.1898],[77.6985,13.1895],[77.6901,13.2028],[77.6842,13.2034],[77.6867,13.1933],[77.6715,13.1898],[77.6708,13.1852],[77.6666,13.1861],[77.663,13.184],[77.6545,13.1882],[77.657,13.1979],[77.6604,13.2009],[77.6475,13.2004],[77.6287,13.209],[77.6173,13.2106],[77.6131,13.2088],[77.6158,13.2054],[77.6043,13.2037],[77.6001,13.1965],[77.5787,13.1978],[77.5668,13.2015],[77.569,13.2072],[77.5711,13.2071],[77.5695,13.2161],[77.5566,13.2192],[77.5599,13.2318],[77.5455,13.2323]]]},"properties":{"dtname":"Bangalore","stname":"KARNATAKA","stcode11":"29","dtcode11":"572","year_stat":"2011_c","Shape_Length":342705.10667652544,"Shape_Area":2326321010.647028,"OBJECTID":86,"test":0,"Dist_LGD":525,"State_LGD":29}},{"type":"Feature","id":91,"geometry":{"type":"Polygon","coordinates":[[[75.8802,12.8343],[75.8757,12.8316],[75.8768,12.8236],[75.8694,12.8226],[75.8637,12.8177],[75.865,12.7935],[75.8736,12.7769],[75.8782,12.7768],[75.8731,12.7744],[75.8749,12.7699],[75.8583,12.7697],[75.86,12.7572],[75.8495,12.7499],[75.854,12.7454],[75.8552,12.7366],[75.8517,12.7302],[75.8549,12.7236],[75.8624,12.7176],[75.8699,12.7154],[75.8725,12.7092],[75.8853,12.7078],[75.8847,12.7009],[75.8898,12.6921],[75.8871,12.6886],[75.8868,12.6766],[75.8779,12.6718],[75.8673,12.6749],[75.8525,12.6694],[75.847,12.6728],[75.8425,12.6693],[75.8346,12.671],[75.8208,12.686],[75.8191,12.6913],[75.8077,12.7018],[75.7916,12.6884],[75.7772,12.6889],[75.7731,12.6794],[75.7684,12.6817],[75.7608,12.6741],[75.7456,12.6797],[75.7313,12.6979],[75.7214,12.6963],[75.7173,12.7013],[75.7175,12.7046],[75.7147,12.7048],[75.7132,12.7077],[75.7115,12.7055],[75.7067,12.7072],[75.6951,12.7026],[75.667,12.6979],[75.648,12.6658],[75.642,12.633],[75.6423,12.6263],[75.654,12.6194],[75.6564,12.6028],[75.6615,12.5967],[75.6642,12.5856],[75.6621,12.5779],[75.6685,12.5722],[75.6631,12.5696],[75.6687,12.5652],[75.6706,12.5588],[75.6706,12.5514],[75.668,12.5479],[75.6537,12.5408],[75.6443,12.5395],[75.6379,12.5307],[75.6332,12.5282],[75.6323,12.5212],[75.6283,12.5192],[75.6268,12.5212],[75.6237,12.5163],[75.6148,12.5102],[75.6055,12.5127],[75.6057,12.5212],[75.5959,12.5277],[75.591,12.5401],[75.5827,12.5309],[75.5809,12.5194],[75.5709,12.5116],[75.5642,12.5107],[75.5562,12.5013],[75.5551,12.4984],[75.5648,12.4951],[75.5659,12.4862],[75.5518,12.4933],[75.5473,12.4921],[75.5337,12.495],[75.5292,12.4995],[75.5259,12.4969],[75.5237,12.4899],[75.5001,12.4871],[75.4933,12.4838],[75.496,12.4786],[75.4917,12.469],[75.4925,12.462],[75.4899,12.4601],[75.482,12.4659],[75.478,12.4663],[75.4754,12.4635],[75.4745,12.4661],[75.4646,12.4719],[75.4608,12.477],[75.4635,12.4855],[75.462,12.488],[75.4667,12.4903],[75.4725,12.4995],[75.4613,12.505],[75.4581,12.5159],[75.4554,12.513],[75.4532,12.5137],[75.4499,12.5187],[75.4457,12.5184],[75.4455,12.5208],[75.4421,12.5221],[75.4398,12.5286],[75.4344,12.5302],[75.4295,12.5213],[75.432,12.5178],[75.4289,12.5151],[75.4243,12.5174],[75.4164,12.5154],[75.4167,12.5112],[75.4194,12.5094],[75.4158,12.505],[75.4187,12.4956],[75.4173,12.4937],[75.4206,12.4886],[75.4203,12.4798],[75.425,12.4733],[75.4233,12.4668],[75.4157,12.466],[75.4133,12.4586],[75.3934,12.4514],[75.3922,12.4552],[75.3863,12.4584],[75.3819,12.4567],[75.3742,12.4598],[75.3713,12.4566],[75.3658,12.4578],[75.3703,12.4489],[75.3689,12.4423],[75.3715,12.4378],[75.3659,12.412],[75.3708,12.4087],[75.3725,12.4003],[75.3779,12.3983],[75.3793,12.3924],[75.3923,12.3899],[75.3992,12.381],[75.4018,12.3824],[75.4056,12.3789],[75.4135,12.3801],[75.4219,12.3727],[75.4196,12.357],[75.4155,12.3497],[75.4104,12.3473],[75.4154,12.34],[75.4203,12.3191],[75.427,12.3109],[75.4322,12.3091],[75.4241,12.303],[75.4252,12.3007],[75.4193,12.2952],[75.4137,12.2924],[75.4141,12.2896],[75.4202,12.2864],[75.4257,12.2868],[75.428,12.2906],[75.4358,12.2946],[75.4653,12.2894],[75.4749,12.2961],[75.4849,12.29],[75.4939,12.2729],[75.4981,12.27],[75.5054,12.2708],[75.5058,12.2646],[75.5118,12.2596],[75.5116,12.2531],[75.5196,12.2458],[75.5211,12.2353],[75.5281,12.2309],[75.5268,12.225],[75.5398,12.2157],[75.5371,12.2083],[75.5319,12.2058],[75.5326,12.2005],[75.5399,12.2017],[75.5414,12.1964],[75.5455,12.1972],[75.5483,12.1917],[75.5526,12.1918],[75.555,12.182],[75.5584,12.1811],[75.5608,12.1746],[75.5699,12.1718],[75.577,12.1569],[75.5831,12.1583],[75.5925,12.147],[75.5952,12.1534],[75.6062,12.1547],[75.6106,12.1518],[75.6195,12.1557],[75.6306,12.1482],[75.6359,12.1485],[75.6392,12.1425],[75.6384,12.1381],[75.6432,12.138],[75.6442,12.1246],[75.6475,12.1213],[75.6466,12.1144],[75.6489,12.1086],[75.6526,12.1092],[75.6616,12.0985],[75.6673,12.0966],[75.6768,12.0974],[75.6872,12.1103],[75.7033,12.1083],[75.7021,12.0924],[75.7131,12.0906],[75.7179,12.0857],[75.7177,12.0824],[75.7154,12.0817],[75.7147,12.0705],[75.7277,12.0726],[75.7361,12.079],[75.7436,12.0802],[75.7471,12.0783],[75.7504,12.0843],[75.7536,12.0854],[75.7754,12.0834],[75.786,12.0849],[75.8027,12.0795],[75.8039,12.0755],[75.7985,12.063],[75.7984,12.0564],[75.794,12.0558],[75.7999,12.0473],[75.8011,12.037],[75.8108,12.0288],[75.81,12.0229],[75.8146,12.0213],[75.8228,12.0129],[75.8204,12.0027],[75.8249,12.0028],[75.8256,11.992],[75.8295,11.9846],[75.837,11.981],[75.8469,11.9821],[75.8495,11.9781],[75.8478,11.9742],[75.8526,11.9711],[75.8542,11.9637],[75.8585,11.9589],[75.8666,11.9566],[75.8701,11.952],[75.8798,11.949],[75.8862,11.9511],[75.8968,11.9448],[75.9135,11.9462],[75.9269,11.9428],[75.9307,11.9391],[75.9371,11.9401],[75.9374,11.9422],[75.9564,11.942],[75.9764,11.9338],[75.9904,11.9348],[76.0032,11.9315],[76.0075,11.9393],[76.0133,11.9418],[76.0222,11.9441],[76.0335,11.9403],[76.0422,11.946],[76.0446,11.9505],[76.0519,11.9515],[76.0701,11.9672],[76.0934,11.9685],[76.1169,11.9828],[76.1245,11.9832],[76.1366,11.9967],[76.1396,12.0045],[76.1476,12.0099],[76.1508,12.0184],[76.1828,12.0324],[76.1893,12.0501],[76.1758,12.0762],[76.1766,12.0994],[76.1719,12.1063],[76.1709,12.1188],[76.1615,12.1337],[76.15,12.1439],[76.1442,12.1546],[76.1331,12.1916],[76.1292,12.1949],[76.1187,12.1907],[76.1019,12.1973],[76.0932,12.2137],[76.084,12.2204],[76.0745,12.2342],[76.0738,12.2402],[76.0622,12.2491],[76.0519,12.2464],[76.0402,12.2527],[76.0254,12.2513],[76.0247,12.2489],[76.0151,12.2667],[76.0148,12.2712],[76.0175,12.2723],[76.0145,12.2923],[76.0047,12.3054],[75.9991,12.3075],[75.9971,12.3164],[75.9947,12.3174],[75.9944,12.3206],[76.0011,12.3306],[75.9964,12.3316],[75.9932,12.3362],[75.9817,12.3425],[75.9751,12.3423],[75.9705,12.3456],[75.9605,12.3439],[75.9376,12.3724],[75.9323,12.3823],[75.9162,12.3884],[75.9131,12.3856],[75.9092,12.4019],[75.9234,12.4234],[75.9222,12.4296],[75.9262,12.4368],[75.9456,12.449],[75.9604,12.4515],[75.9678,12.4473],[75.9717,12.4504],[75.9669,12.4614],[75.9672,12.4659],[75.9716,12.4709],[75.9641,12.4743],[75.9664,12.4832],[75.9606,12.4844],[75.9582,12.4906],[75.962,12.4979],[75.9622,12.5065],[75.9641,12.5093],[75.9725,12.5119],[75.9753,12.5198],[75.9939,12.5222],[75.9934,12.5297],[75.9834,12.5405],[75.9867,12.5451],[75.9949,12.5411],[75.9989,12.5475],[75.998,12.5514],[75.9909,12.5562],[75.9913,12.5615],[75.9965,12.5627],[76.0125,12.5543],[76.0118,12.5608],[76.0188,12.567],[76.0191,12.5716],[76.0139,12.5696],[76.0123,12.5732],[76.0099,12.5716],[76.0036,12.5745],[75.9972,12.5807],[75.9945,12.5888],[75.9922,12.5888],[75.9901,12.5882],[75.9917,12.5855],[75.9877,12.5814],[75.9885,12.5742],[75.9818,12.5734],[75.9688,12.5767],[75.9755,12.5635],[75.9698,12.5609],[75.9626,12.5612],[75.9486,12.5957],[75.9395,12.6087],[75.947,12.6143],[75.9498,12.6234],[75.9447,12.6295],[75.9356,12.6301],[75.9435,12.6366],[75.9403,12.643],[75.9378,12.6436],[75.9389,12.653],[75.9479,12.664],[75.9398,12.6761],[75.9457,12.6782],[75.9542,12.6768],[75.9596,12.6833],[75.9587,12.69],[75.9646,12.7013],[75.9625,12.7062],[75.9652,12.711],[75.9419,12.7202],[75.9345,12.7338],[75.9376,12.7494],[75.933,12.7641],[75.9358,12.7675],[75.9472,12.7654],[75.9546,12.7686],[75.9578,12.782],[75.9708,12.784],[75.967,12.7978],[75.9691,12.805],[75.9492,12.8006],[75.9462,12.808],[75.9299,12.8082],[75.925,12.8142],[75.9278,12.8218],[75.9198,12.8283],[75.9171,12.8265],[75.9184,12.8197],[75.9113,12.8153],[75.9033,12.8192],[75.9001,12.8278],[75.8802,12.8343]]]},"properties":{"dtname":"Kodagu","stname":"KARNATAKA","stcode11":"29","dtcode11":"576","year_stat":"2011_c","Shape_Length":479561.52141624014,"Shape_Area":4331947103.253285,"OBJECTID":91,"test":0,"Dist_LGD":541,"State_LGD":29}},{"type":"Feature","id":95,"geometry":{"type":"Polygon","coordinates":[[[77.2679,12.3141],[77.2489,12.3084],[77.2368,12.3103],[77.2251,12.3034],[77.2176,12.3087],[77.191,12.3077],[77.1789,12.3106],[77.1665,12.3101],[77.1698,12.3007],[77.17,12.2851],[77.1646,12.2809],[77.17,12.2598],[77.1629,12.2564],[77.152,12.2561],[77.1449,12.2499],[77.1305,12.2489],[77.1253,12.2453],[77.1244,12.2375],[77.1342,12.2257],[77.1315,12.2173],[77.1319,12.2073],[77.1257,12.2032],[77.1223,12.1972],[77.1074,12.1899],[77.0846,12.1911],[77.0614,12.171],[77.0447,12.1692],[77.0459,12.1609],[77.0392,12.1473],[77.0395,12.1419],[77.0409,12.1397],[77.0443,12.1421],[77.0457,12.1361],[77.0398,12.1284],[77.037,12.1393],[77.0157,12.1341],[77.0155,12.1373],[77.013,12.1374],[77.0133,12.1502],[77.0112,12.1536],[77.0142,12.1633],[77.0039,12.1599],[77.0025,12.1655],[76.9975,12.167],[76.9987,12.1772],[76.9931,12.1767],[76.99,12.1748],[76.9904,12.1625],[76.988,12.1616],[76.9891,12.1405],[76.9762,12.1343],[76.9758,12.1227],[76.9694,12.1229],[76.9704,12.1126],[76.9488,12.0975],[76.9372,12.1012],[76.9304,12.1088],[76.9262,12.1092],[76.9236,12.1142],[76.9063,12.1134],[76.9027,12.1163],[76.9026,12.1227],[76.8909,12.1211],[76.8902,12.1309],[76.8819,12.1296],[76.8714,12.1413],[76.8678,12.1618],[76.8695,12.1618],[76.8714,12.174],[76.8656,12.1746],[76.8626,12.1804],[76.8515,12.179],[76.8532,12.1704],[76.8455,12.1675],[76.8535,12.1595],[76.8407,12.1561],[76.841,12.1455],[76.831,12.1354],[76.8315,12.1319],[76.8449,12.1193],[76.8457,12.1132],[76.8477,12.1188],[76.8544,12.1162],[76.867,12.1174],[76.8767,12.1152],[76.8841,12.0826],[76.8741,12.0757],[76.87,12.0632],[76.854,12.0622],[76.8534,12.0599],[76.8683,12.0598],[76.8699,12.0554],[76.8907,12.0583],[76.8905,12.0491],[76.9007,12.0466],[76.8993,12.0433],[76.9023,12.0449],[76.9046,12.042],[76.91,12.0411],[76.915,12.0259],[76.9388,12.0263],[76.9361,12.0132],[76.9236,12.0132],[76.9186,12.0075],[76.9042,11.9991],[76.8929,11.9987],[76.8858,12.0014],[76.8831,12.0155],[76.873,12.0055],[76.8582,12.0077],[76.8565,11.9997],[76.8364,11.9999],[76.8374,12.0037],[76.8213,12.0109],[76.8227,12.0179],[76.8203,12.0273],[76.8117,12.0269],[76.8106,12.0218],[76.8056,12.0208],[76.8059,12.0183],[76.7991,12.0175],[76.792,12.0108],[76.7917,12.0056],[76.7954,12.0049],[76.7976,11.9987],[76.7972,11.989],[76.7936,11.989],[76.7936,11.9864],[76.7798,11.9854],[76.7806,11.9879],[76.7684,11.992],[76.7666,11.9993],[76.7511,12.0],[76.7458,12.0026],[76.7462,12.0084],[76.7409,12.0093],[76.736,12.0032],[76.7327,12.0026],[76.7294,11.9907],[76.7192,11.9908],[76.7172,11.985],[76.7051,11.9852],[76.7043,11.9909],[76.7017,11.9917],[76.7015,11.9979],[76.6945,12.0005],[76.6804,12.0006],[76.6733,12.0021],[76.6719,12.0061],[76.6511,12.008],[76.6427,11.9829],[76.6318,11.9837],[76.6133,11.9917],[76.6051,11.9905],[76.5959,11.9844],[76.592,11.9874],[76.5865,11.9856],[76.5782,11.9884],[76.5743,11.9685],[76.5574,11.949],[76.5712,11.9402],[76.5703,11.9282],[76.5766,11.9236],[76.5701,11.908],[76.5619,11.9041],[76.5569,11.8948],[76.5536,11.8587],[76.5346,11.8733],[76.5028,11.8617],[76.4911,11.8611],[76.4882,11.8435],[76.4927,11.8222],[76.4688,11.8192],[76.4621,11.7928],[76.4493,11.7996],[76.4294,11.8038],[76.4131,11.812],[76.4099,11.8113],[76.4207,11.803],[76.4243,11.8047],[76.4252,11.7993],[76.4287,11.7956],[76.4266,11.7935],[76.4214,11.7957],[76.4221,11.7905],[76.4129,11.7879],[76.4163,11.7851],[76.4141,11.7789],[76.4229,11.7757],[76.4215,11.7701],[76.4138,11.7619],[76.415,11.7556],[76.4104,11.7424],[76.4129,11.7402],[76.4181,11.7427],[76.4274,11.7261],[76.4241,11.7204],[76.4166,11.7178],[76.414,11.7113],[76.4118,11.7159],[76.4034,11.711],[76.4052,11.7059],[76.4089,11.7065],[76.4124,11.6951],[76.4096,11.6945],[76.4084,11.6898],[76.413,11.6861],[76.4167,11.6718],[76.4261,11.6712],[76.4294,11.6663],[76.4333,11.6669],[76.4353,11.6648],[76.4582,11.6645],[76.4744,11.6813],[76.4826,11.6862],[76.4816,11.6926],[76.4935,11.6931],[76.5116,11.7051],[76.5372,11.6909],[76.5505,11.6743],[76.5493,11.6651],[76.5544,11.6557],[76.5539,11.6458],[76.5614,11.6328],[76.5599,11.6226],[76.5626,11.623],[76.5696,11.6182],[76.5752,11.6193],[76.5767,11.6146],[76.5837,11.6139],[76.5922,11.6188],[76.5964,11.6164],[76.5976,11.6108],[76.6106,11.611],[76.6139,11.6077],[76.6304,11.6139],[76.6714,11.616],[76.6939,11.6132],[76.7027,11.616],[76.747,11.6139],[76.7569,11.6186],[76.7648,11.6142],[76.7701,11.6158],[76.7747,11.6125],[76.7915,11.6129],[76.7963,11.6085],[76.8092,11.6085],[76.8175,11.6048],[76.8228,11.6082],[76.8327,11.6006],[76.8469,11.5946],[76.8564,11.5994],[76.8556,11.6077],[76.8581,11.6141],[76.8505,11.6161],[76.8488,11.6187],[76.8521,11.6218],[76.8495,11.6212],[76.8496,11.6244],[76.8427,11.6272],[76.8448,11.6283],[76.8451,11.6343],[76.8441,11.6327],[76.8384,11.6355],[76.8346,11.6396],[76.8379,11.6421],[76.8337,11.6491],[76.8362,11.654],[76.835,11.6555],[76.8418,11.6622],[76.8414,11.6661],[76.8527,11.6925],[76.8637,11.7055],[76.8611,11.7073],[76.8626,11.7111],[76.8742,11.7242],[76.8883,11.7338],[76.888,11.7418],[76.8962,11.7599],[76.8966,11.7766],[76.908,11.7954],[76.9221,11.7919],[76.932,11.7929],[76.9423,11.7881],[76.9539,11.7922],[76.9611,11.7817],[76.9699,11.777],[76.9836,11.8018],[76.9821,11.8116],[76.9935,11.8093],[77.0129,11.8147],[77.014,11.8063],[77.0168,11.8108],[77.0298,11.8048],[77.0341,11.8001],[77.0326,11.796],[77.0387,11.794],[77.0354,11.7832],[77.0288,11.7748],[77.0351,11.7699],[77.04,11.7807],[77.0464,11.7877],[77.0629,11.7905],[77.0669,11.7881],[77.0697,11.7822],[77.0564,11.7699],[77.0827,11.7399],[77.0802,11.7361],[77.105,11.7329],[77.1177,11.7212],[77.1173,11.7286],[77.1153,11.7283],[77.1175,11.7319],[77.1141,11.7346],[77.1113,11.7505],[77.1085,11.7527],[77.1124,11.757],[77.1107,11.7736],[77.138,11.7728],[77.147,11.782],[77.182,11.7864],[77.1892,11.7926],[77.2175,11.7954],[77.2386,11.7948],[77.2496,11.8043],[77.2498,11.8131],[77.2615,11.8107],[77.2734,11.8055],[77.2744,11.8031],[77.2879,11.8005],[77.2938,11.8091],[77.3126,11.7936],[77.3277,11.7755],[77.3351,11.7713],[77.3604,11.7796],[77.3648,11.7905],[77.369,11.7896],[77.3702,11.7868],[77.3944,11.7877],[77.4136,11.7748],[77.4222,11.7725],[77.4226,11.7618],[77.4272,11.761],[77.4338,11.7782],[77.4422,11.7834],[77.4396,11.7857],[77.4405,11.7889],[77.4466,11.7904],[77.4498,11.7961],[77.454,11.8203],[77.4666,11.8472],[77.4662,11.8501],[77.4614,11.8538],[77.463,11.859],[77.4599,11.8636],[77.4628,11.8649],[77.4658,11.8743],[77.4604,11.8813],[77.4631,11.8845],[77.4639,11.8941],[77.4616,11.9001],[77.4735,11.8993],[77.4772,11.8906],[77.4806,11.8935],[77.4862,11.8875],[77.483,11.8997],[77.4905,11.9086],[77.4886,11.9124],[77.4918,11.9213],[77.4941,11.9434],[77.5004,11.9401],[77.5049,11.9412],[77.5379,11.9325],[77.5425,11.9383],[77.5581,11.9417],[77.5753,11.9366],[77.5859,11.937],[77.5935,11.9403],[77.6034,11.9378],[77.6069,11.9421],[77.624,11.9474],[77.6394,11.9481],[77.6472,11.9506],[77.652,11.9549],[77.6562,11.9536],[77.6573,11.9499],[77.669,11.9492],[77.6756,11.9521],[77.6747,11.966],[77.6963,12.0158],[77.7089,12.0361],[77.7275,12.0621],[77.7557,12.0798],[77.7677,12.1067],[77.7764,12.1123],[77.7738,12.1206],[77.7572,12.1305],[77.7498,12.1385],[77.7468,12.1446],[77.7457,12.1583],[77.7354,12.1696],[77.7338,12.1774],[77.73,12.1807],[77.7023,12.1842],[77.6652,12.1983],[77.6561,12.1996],[77.64,12.1965],[77.6298,12.2023],[77.6209,12.1999],[77.6107,12.2062],[77.6053,12.2056],[77.5967,12.1993],[77.5804,12.1982],[77.5738,12.2009],[77.5658,12.1964],[77.5462,12.2047],[77.5358,12.1987],[77.5281,12.199],[77.5187,12.1945],[77.4927,12.1974],[77.4864,12.2039],[77.472,12.208],[77.4825,12.229],[77.4785,12.2401],[77.4661,12.2438],[77.4603,12.2489],[77.4537,12.2476],[77.4483,12.2501],[77.447,12.2623],[77.4378,12.2793],[77.4303,12.2872],[77.4193,12.2894],[77.4035,12.2795],[77.3887,12.2794],[77.3655,12.2839],[77.3489,12.279],[77.3391,12.2854],[77.3269,12.3077],[77.3161,12.3058],[77.3076,12.2995],[77.3027,12.2988],[77.2679,12.3141]]]},"properties":{"dtname":"Chamarajanagara","stname":"KARNATAKA","stcode11":"29","dtcode11":"578","year_stat":"2011_c","Shape_Length":604931.7021726223,"Shape_Area":5936966023.470469,"OBJECTID":95,"test":0,"Dist_LGD":531,"State_LGD":29}},{"type":"Feature","id":176,"geometry":{"type":"MultiPolygon","coordinates":[[[[77.0805,13.0703],[77.0832,13.0711],[77.0824,13.074],[77.0805,13.0703]]],[[[76.9726,14.0603],[76.9776,14.0713],[76.9735,14.0836],[76.9594,14.0917],[76.9484,14.0921],[76.9427,14.089],[76.9274,14.0763],[76.923,14.0571],[76.9101,14.0643],[76.8886,14.0479],[76.8799,14.0187],[76.8764,14.0194],[76.8728,14.0092],[76.861,14.0147],[76.8373,14.0182],[76.8334,14.0032],[76.8249,14.0012],[76.8228,13.9985],[76.8234,13.9943],[76.8485,13.9805],[76.8499,13.9636],[76.842,13.9628],[76.8219,13.9506],[76.8194,13.9366],[76.8114,13.9365],[76.8154,13.9161],[76.8022,13.9166],[76.7799,13.9243],[76.7647,13.9245],[76.7638,13.9205],[76.752,13.9196],[76.7495,13.9162],[76.7525,13.9066],[76.7229,13.8985],[76.7212,13.8946],[76.7231,13.8902],[76.7296,13.8807],[76.7315,13.8813],[76.7358,13.8702],[76.7468,13.8564],[76.7498,13.8539],[76.7528,13.8553],[76.7522,13.8502],[76.7623,13.8351],[76.7666,13.8359],[76.764,13.8218],[76.7685,13.806],[76.7688,13.7952],[76.7645,13.782],[76.749,13.7807],[76.731,13.7847],[76.7275,13.7969],[76.7238,13.7997],[76.717,13.7942],[76.7137,13.7857],[76.7083,13.782],[76.7058,13.7758],[76.698,13.7714],[76.6939,13.7633],[76.6978,13.7604],[76.6953,13.7584],[76.6953,13.7544],[76.6875,13.746],[76.6845,13.7298],[76.689,13.7274],[76.6898,13.7224],[76.6851,13.6905],[76.6725,13.7062],[76.6731,13.7187],[76.6618,13.7214],[76.6298,13.7137],[76.6245,13.7341],[76.6209,13.734],[76.6095,13.7235],[76.6038,13.7257],[76.596,13.7202],[76.5694,13.7146],[76.5766,13.6902],[76.5734,13.6868],[76.5687,13.6887],[76.5642,13.6848],[76.5555,13.6827],[76.5398,13.6632],[76.5295,13.6661],[76.5291,13.6605],[76.534,13.6509],[76.5185,13.6412],[76.517,13.6343],[76.4972,13.6271],[76.5001,13.6217],[76.49,13.6233],[76.4607,13.6189],[76.4553,13.6115],[76.4571,13.6035],[76.4617,13.6002],[76.4555,13.5956],[76.4551,13.5909],[76.441,13.5942],[76.4303,13.5932],[76.4274,13.5911],[76.4244,13.5814],[76.4133,13.5782],[76.4099,13.5797],[76.4051,13.5906],[76.3995,13.5949],[76.3977,13.5909],[76.3925,13.5906],[76.3827,13.5769],[76.3782,13.5894],[76.3735,13.5931],[76.3531,13.5795],[76.3586,13.5576],[76.3639,13.5472],[76.3702,13.548],[76.3877,13.5342],[76.3956,13.536],[76.3978,13.5285],[76.4005,13.5264],[76.4273,13.5257],[76.4199,13.5199],[76.4152,13.5091],[76.4087,13.5054],[76.3977,13.506],[76.3966,13.5039],[76.396,13.4935],[76.4052,13.4907],[76.4082,13.483],[76.4152,13.4789],[76.4118,13.4773],[76.4071,13.4592],[76.4197,13.4485],[76.4006,13.4228],[76.3969,13.4023],[76.3894,13.3961],[76.3923,13.3795],[76.3858,13.3709],[76.3827,13.3724],[76.3814,13.3642],[76.3622,13.3636],[76.347,13.36],[76.347,13.343],[76.3523,13.3306],[76.3476,13.3013],[76.3498,13.2945],[76.357,13.2873],[76.3552,13.2643],[76.3587,13.2607],[76.3562,13.2492],[76.362,13.2491],[76.3645,13.234],[76.3799,13.2316],[76.38,13.2226],[76.3764,13.2159],[76.3699,13.2123],[76.3708,13.2004],[76.3938,13.1979],[76.3944,13.1906],[76.4124,13.1919],[76.4147,13.1872],[76.4256,13.1835],[76.4289,13.1731],[76.445,13.1698],[76.4451,13.1647],[76.4513,13.1593],[76.4515,13.1556],[76.4542,13.1556],[76.4551,13.15],[76.4732,13.1499],[76.4695,13.1399],[76.4686,13.1203],[76.4723,13.0931],[76.4808,13.0914],[76.4947,13.0947],[76.4957,13.0867],[76.5158,13.0688],[76.525,13.0791],[76.5666,13.0757],[76.5857,13.0704],[76.5924,13.0749],[76.6075,13.0711],[76.6179,13.0638],[76.6198,13.0541],[76.606,13.0549],[76.6021,13.0402],[76.6081,13.0377],[76.6088,13.0302],[76.6042,13.0172],[76.6129,13.0059],[76.6192,13.0088],[76.6322,13.0042],[76.6407,13.0095],[76.6526,13.0073],[76.6576,13.0133],[76.6584,13.0204],[76.6728,13.0554],[76.6772,13.0539],[76.6806,13.0474],[76.6866,13.0445],[76.6935,13.0368],[76.7021,13.0415],[76.7087,13.0398],[76.7253,13.0413],[76.7509,13.0359],[76.7554,13.0374],[76.7574,13.0353],[76.7646,13.0358],[76.7831,13.0295],[76.7858,13.0153],[76.8075,13.0122],[76.8147,13.0138],[76.8198,13.0051],[76.8296,13.0023],[76.8275,12.9988],[76.8443,12.9876],[76.8453,12.9843],[76.8529,12.9787],[76.8505,12.9735],[76.8397,12.9735],[76.8418,12.9564],[76.8396,12.9459],[76.8487,12.9441],[76.8497,12.9384],[76.8625,12.9347],[76.8626,12.9279],[76.8844,12.9352],[76.8915,12.9327],[76.8928,12.9243],[76.8962,12.9205],[76.8902,12.9187],[76.8805,12.921],[76.8749,12.9185],[76.8672,12.9187],[76.8645,12.9135],[76.8655,12.905],[76.8732,12.8972],[76.8891,12.8975],[76.8945,12.874],[76.8923,12.8472],[76.9002,12.8448],[76.9016,12.8387],[76.9053,12.835],[76.9058,12.8284],[76.9188,12.818],[76.9182,12.8151],[76.9245,12.8041],[76.9328,12.8005],[76.9413,12.8057],[76.9507,12.8016],[76.9563,12.8042],[76.9731,12.8036],[76.9756,12.7911],[76.9834,12.793],[76.9836,12.79],[76.9909,12.7863],[76.9983,12.776],[77.0096,12.7825],[77.0064,12.7728],[77.0092,12.7644],[77.0252,12.7632],[77.0259,12.7668],[77.0345,12.7689],[77.0436,12.7781],[77.0503,12.7507],[77.0489,12.7475],[77.0674,12.7584],[77.0767,12.7456],[77.0805,12.7465],[77.0801,12.7591],[77.0845,12.7576],[77.0872,12.7528],[77.0926,12.7527],[77.0916,12.7609],[77.0975,12.7763],[77.1075,12.7803],[77.1243,12.7739],[77.1339,12.7824],[77.1367,12.7838],[77.1452,12.7817],[77.1502,12.7871],[77.1509,12.792],[77.1392,12.8101],[77.1419,12.8203],[77.1475,12.8198],[77.1588,12.8275],[77.1532,12.8309],[77.1494,12.8305],[77.1504,12.8347],[77.1476,12.841],[77.1491,12.8487],[77.1372,12.8531],[77.1346,12.856],[77.136,12.8602],[77.1311,12.8593],[77.1342,12.8773],[77.1309,12.878],[77.1314,12.8882],[77.1232,12.888],[77.1187,12.8841],[77.107,12.8945],[77.1116,12.8946],[77.1176,12.8989],[77.1245,12.8991],[77.1248,12.9022],[77.1326,12.8981],[77.1363,12.9015],[77.1399,12.9182],[77.1581,12.9135],[77.1654,12.9291],[77.1626,12.9362],[77.1565,12.9426],[77.1573,12.9582],[77.1428,12.9645],[77.1323,12.973],[77.1298,12.9779],[77.1331,12.9815],[77.1328,12.9864],[77.1418,12.9838],[77.1448,12.9877],[77.1357,12.9957],[77.1381,12.9989],[77.1344,13.0054],[77.1245,13.0063],[77.1295,12.9956],[77.1066,12.9965],[77.1055,12.9927],[77.0981,12.9994],[77.1014,13.0009],[77.1026,13.0063],[77.1169,13.0099],[77.1183,13.0147],[77.1086,13.0216],[77.0944,13.0267],[77.0822,13.0385],[77.0698,13.0402],[77.0738,13.0546],[77.0774,13.0582],[77.0771,13.061],[77.0733,13.0609],[77.0733,13.0667],[77.0682,13.068],[77.0729,13.0687],[77.0758,13.0723],[77.0808,13.0903],[77.0707,13.1176],[77.0719,13.1309],[77.0797,13.1312],[77.0851,13.1365],[77.092,13.1357],[77.0959,13.1459],[77.1081,13.1427],[77.1079,13.1333],[77.1161,13.1301],[77.1183,13.137],[77.1155,13.1426],[77.1201,13.1494],[77.1188,13.1621],[77.1311,13.1663],[77.1385,13.1782],[77.1426,13.174],[77.1478,13.174],[77.1555,13.1934],[77.1665,13.197],[77.165,13.1892],[77.1688,13.1839],[77.1759,13.1867],[77.1844,13.1867],[77.1978,13.1803],[77.1976,13.1831],[77.2025,13.183],[77.2075,13.1967],[77.2029,13.1974],[77.2029,13.1947],[77.2009,13.1946],[77.2002,13.2032],[77.1951,13.2067],[77.1941,13.2244],[77.1863,13.2252],[77.1827,13.2288],[77.1858,13.2386],[77.1902,13.2379],[77.1924,13.2436],[77.1835,13.2577],[77.1884,13.2764],[77.1912,13.2748],[77.1925,13.2691],[77.1999,13.2683],[77.2046,13.2623],[77.2193,13.263],[77.2221,13.2684],[77.2203,13.2856],[77.229,13.3134],[77.2335,13.3097],[77.2402,13.3086],[77.2431,13.3024],[77.2494,13.3018],[77.2527,13.3018],[77.2547,13.3089],[77.2698,13.3112],[77.2696,13.3057],[77.2752,13.2977],[77.2817,13.2973],[77.2812,13.3104],[77.3087,13.3107],[77.3119,13.3221],[77.3293,13.3305],[77.3318,13.3283],[77.3385,13.3292],[77.341,13.3377],[77.3438,13.3397],[77.3446,13.3502],[77.3423,13.3509],[77.3412,13.3572],[77.3457,13.3747],[77.3408,13.3771],[77.3459,13.4176],[77.3585,13.4149],[77.3629,13.4201],[77.362,13.437],[77.3569,13.4377],[77.3484,13.4466],[77.3486,13.4572],[77.3584,13.4631],[77.3661,13.4636],[77.3668,13.4695],[77.3734,13.4701],[77.3702,13.4783],[77.3723,13.4832],[77.3771,13.4834],[77.3781,13.4898],[77.3847,13.4991],[77.3816,13.5024],[77.3809,13.5152],[77.3899,13.5197],[77.3915,13.5326],[77.3905,13.5361],[77.3827,13.5372],[77.3812,13.5438],[77.3824,13.5754],[77.3786,13.5785],[77.3742,13.5901],[77.3716,13.5878],[77.3631,13.5902],[77.3638,13.6021],[77.3599,13.6124],[77.3621,13.6253],[77.3696,13.6337],[77.3689,13.6416],[77.3785,13.6452],[77.377,13.6501],[77.3833,13.6625],[77.3933,13.6649],[77.3972,13.6735],[77.4037,13.6754],[77.435,13.6727],[77.4371,13.6843],[77.4553,13.6823],[77.4561,13.6908],[77.4501,13.7109],[77.4651,13.7109],[77.4646,13.7342],[77.4676,13.7532],[77.4706,13.7581],[77.4651,13.7587],[77.4604,13.7805],[77.4614,13.7884],[77.4565,13.7888],[77.4609,13.803],[77.4646,13.8032],[77.4642,13.808],[77.4575,13.8073],[77.4548,13.8099],[77.4453,13.8111],[77.4406,13.8066],[77.4358,13.7965],[77.4226,13.7991],[77.4283,13.8035],[77.4287,13.8068],[77.4197,13.8096],[77.4185,13.8063],[77.4161,13.8067],[77.4313,13.8367],[77.4325,13.8433],[77.4292,13.8448],[77.4268,13.8412],[77.4155,13.8398],[77.3994,13.8411],[77.3819,13.8394],[77.3794,13.8409],[77.3812,13.8473],[77.3769,13.8507],[77.3624,13.8543],[77.3368,13.8328],[77.3254,13.8333],[77.3231,13.84],[77.3251,13.8454],[77.3217,13.8471],[77.3215,13.856],[77.3115,13.8666],[77.3106,13.8629],[77.3036,13.8621],[77.2949,13.8574],[77.2883,13.8475],[77.2803,13.8511],[77.2567,13.8466],[77.2591,13.8632],[77.2464,13.868],[77.2487,13.8736],[77.2447,13.8833],[77.2478,13.8884],[77.2483,13.9013],[77.2451,13.9031],[77.2365,13.9011],[77.2356,13.9042],[77.2307,13.9034],[77.2299,13.8917],[77.2199,13.8678],[77.2154,13.868],[77.217,13.8838],[77.2131,13.8862],[77.2102,13.885],[77.2099,13.8781],[77.2004,13.8631],[77.1814,13.8699],[77.1857,13.8762],[77.1858,13.8924],[77.1908,13.9119],[77.1881,13.914],[77.1847,13.9252],[77.1699,13.9207],[77.1619,13.9067],[77.1621,13.8991],[77.1688,13.8896],[77.1714,13.8712],[77.1686,13.8645],[77.1476,13.8685],[77.136,13.8566],[77.1282,13.8565],[77.1322,13.8462],[77.156,13.8444],[77.1537,13.8342],[77.1655,13.8332],[77.1687,13.8297],[77.1677,13.8213],[77.1595,13.8169],[77.1626,13.8087],[77.1575,13.8061],[77.1621,13.8048],[77.1652,13.7945],[77.1785,13.7827],[77.1731,13.7621],[77.1511,13.7662],[77.1409,13.7651],[77.1368,13.7583],[77.106,13.7678],[77.0904,13.7672],[77.0902,13.7624],[77.0855,13.7624],[77.0838,13.7567],[77.0856,13.7425],[77.0698,13.7453],[77.0647,13.7439],[77.0599,13.7494],[77.0602,13.7529],[77.0575,13.753],[77.058,13.7603],[77.0518,13.7642],[77.0486,13.7702],[77.0441,13.7709],[77.0434,13.7778],[77.0245,13.7793],[77.0239,13.7679],[77.0174,13.7561],[77.0187,13.7487],[77.0165,13.7386],[76.9985,13.7456],[76.9969,13.7478],[76.9984,13.7551],[76.9945,13.76],[76.9929,13.7708],[76.9852,13.7908],[76.9892,13.7947],[76.9917,13.8027],[76.9897,13.813],[76.9764,13.8174],[76.978,13.8269],[76.9889,13.8353],[76.9922,13.849],[77.0065,13.8521],[77.0142,13.8604],[77.0132,13.8716],[77.0185,13.8726],[77.0163,13.8844],[77.0233,13.896],[77.023,13.9026],[77.0473,13.9066],[77.0417,13.9335],[77.0371,13.937],[77.0244,13.94],[77.0142,13.9549],[76.9938,13.9626],[76.9995,13.9904],[76.9964,13.9905],[76.9654,14.0115],[76.95,14.0151],[76.9438,14.0233],[76.9435,14.0298],[76.935,14.0328],[76.9311,14.0302],[76.9344,14.0447],[76.9324,14.054],[76.9519,14.0538],[76.9586,14.0571],[76.9717,14.0581],[76.9726,14.0603]]],[[[77.1611,14.342],[77.1527,14.3392],[77.1392,14.3402],[77.1357,14.3369],[77.1363,14.3231],[77.1306,14.3069],[77.1157,14.2925],[77.1155,14.2743],[77.1102,14.2682],[77.1112,14.2616],[77.1205,14.263],[77.1186,14.2569],[77.1153,14.2546],[77.1183,14.2449],[77.1149,14.2232],[77.1008,14.2172],[77.0812,14.2142],[77.0759,14.2234],[77.0618,14.2295],[77.057,14.2407],[77.0577,14.2438],[77.0361,14.2468],[77.0362,14.2449],[77.0306,14.2442],[77.0304,14.2423],[77.0085,14.238],[77.0038,14.2296],[76.9993,14.2291],[77.003,14.2216],[77.0056,14.221],[77.0064,14.2151],[77.0061,14.2062],[77.0028,14.198],[77.0215,14.1888],[77.0239,14.1863],[77.0221,14.1775],[77.026,14.1748],[77.0204,14.1572],[77.0202,14.1313],[77.0259,14.13],[77.0262,14.1251],[77.0218,14.1233],[77.0241,14.1126],[77.0147,14.1004],[77.0191,14.0964],[77.0184,14.0947],[77.0298,14.0882],[77.0256,14.0662],[77.0316,14.0569],[77.0457,14.0567],[77.0674,14.0521],[77.0761,14.0533],[77.0753,14.0435],[77.0789,14.0427],[77.0951,14.0425],[77.1024,14.0453],[77.1274,14.0471],[77.1318,14.044],[77.1364,14.0229],[77.1404,14.018],[77.1411,14.0039],[77.1513,14.0007],[77.1728,14.0011],[77.171,14.012],[77.174,14.013],[77.2047,14.0083],[77.2198,14.0136],[77.2454,14.012],[77.2482,14.0176],[77.2568,14.0224],[77.2606,14.0289],[77.2704,14.0345],[77.2773,14.0347],[77.2769,14.032],[77.2788,14.0325],[77.2793,14.0261],[77.275,14.0113],[77.2983,14.0216],[77.3066,14.032],[77.3222,14.03],[77.3227,14.023],[77.3369,14.0045],[77.3362,13.9954],[77.3611,13.9909],[77.3521,13.9688],[77.3539,13.9628],[77.3495,13.9582],[77.3713,13.9528],[77.3552,13.9308],[77.3478,13.916],[77.3529,13.9139],[77.3544,13.9042],[77.3685,13.903],[77.398,13.9066],[77.4,13.8969],[77.3987,13.8882],[77.4055,13.8895],[77.4106,13.8964],[77.4205,13.8994],[77.4284,13.906],[77.4284,13.9091],[77.4323,13.9106],[77.435,13.915],[77.4349,13.9197],[77.4159,13.9242],[77.4121,13.9456],[77.4307,13.9451],[77.4354,13.9476],[77.4376,13.9555],[77.4353,13.9577],[77.4348,13.9644],[77.4379,13.9756],[77.434,13.9802],[77.4277,13.9797],[77.4259,13.9862],[77.3957,13.9838],[77.3816,13.9763],[77.3797,13.9899],[77.3877,14.0057],[77.3902,14.0167],[77.3849,14.0161],[77.3323,14.0307],[77.3405,14.0602],[77.3606,14.0626],[77.3637,14.073],[77.3756,14.0794],[77.3813,14.0979],[77.3888,14.0995],[77.3976,14.1096],[77.4009,14.1188],[77.3974,14.1255],[77.3906,14.1267],[77.3757,14.1187],[77.3617,14.1154],[77.3536,14.1097],[77.3498,14.1032],[77.3475,14.1037],[77.3515,14.1204],[77.3514,14.13],[77.3789,14.1359],[77.3851,14.1533],[77.3881,14.1537],[77.3893,14.1597],[77.3949,14.1608],[77.3947,14.1687],[77.3916,14.1729],[77.3937,14.1743],[77.4079,14.1736],[77.4204,14.177],[77.4229,14.1769],[77.4227,14.1734],[77.4303,14.1709],[77.4459,14.1721],[77.4569,14.17],[77.4671,14.1721],[77.4681,14.1649],[77.4808,14.1648],[77.5035,14.1572],[77.5143,14.1767],[77.517,14.1861],[77.5047,14.194],[77.5013,14.2048],[77.5033,14.2106],[77.4945,14.2243],[77.4959,14.232],[77.4928,14.231],[77.4924,14.2349],[77.4965,14.2369],[77.5034,14.2598],[77.4983,14.2789],[77.4928,14.2782],[77.4908,14.2813],[77.4871,14.2818],[77.4831,14.2907],[77.4789,14.2922],[77.4597,14.2805],[77.4503,14.2807],[77.4452,14.2953],[77.4462,14.3175],[77.4313,14.313],[77.4284,14.3287],[77.4231,14.3282],[77.4109,14.337],[77.3942,14.3366],[77.3891,14.3332],[77.379,14.3228],[77.3778,14.3014],[77.3824,14.299],[77.3851,14.293],[77.3854,14.2859],[77.3893,14.2786],[77.3874,14.2709],[77.3958,14.2662],[77.4054,14.2667],[77.4069,14.2597],[77.4088,14.2599],[77.4097,14.232],[77.4115,14.2324],[77.4121,14.2277],[77.4177,14.2259],[77.4194,14.2117],[77.4141,14.2048],[77.4095,14.2056],[77.392,14.1989],[77.3871,14.2001],[77.3832,14.2075],[77.3842,14.221],[77.3792,14.2265],[77.3595,14.234],[77.3601,14.2453],[77.3638,14.2547],[77.3619,14.2688],[77.3638,14.2759],[77.3391,14.2769],[77.3054,14.2835],[77.2893,14.2813],[77.2835,14.2828],[77.2888,14.3055],[77.2866,14.3401],[77.2839,14.3376],[77.2771,14.3376],[77.2693,14.3321],[77.2586,14.331],[77.2583,14.3275],[77.2534,14.3253],[77.2539,14.3223],[77.2473,14.3178],[77.2382,14.3174],[77.2287,14.3212],[77.2135,14.3188],[77.1974,14.3212],[77.1841,14.3325],[77.1811,14.3304],[77.1787,14.3355],[77.1693,14.3355],[77.1669,14.3421],[77.1611,14.342]]]]},"properties":{"dtname":"Tumakuru","stname":"KARNATAKA","stcode11":"29","dtcode11":"571","year_stat":"2011_c","Shape_Length":1117442.0642216937,"Shape_Area":11278737340.06938,"OBJECTID":176,"test":0,"Dist_LGD":548,"State_LGD":29}},{"type":"Feature","id":179,"geometry":{"type":"Polygon","coordinates":[[[77.1665,13.197],[77.1553,13.1932],[77.1478,13.174],[77.1426,13.174],[77.1385,13.1782],[77.1311,13.1663],[77.1188,13.1621],[77.1201,13.1494],[77.1155,13.1426],[77.1183,13.137],[77.1161,13.1301],[77.1079,13.1333],[77.1081,13.1427],[77.0959,13.1459],[77.092,13.1357],[77.0851,13.1365],[77.0797,13.1312],[77.0719,13.1309],[77.0703,13.1209],[77.0808,13.0903],[77.0758,13.0723],[77.0729,13.0687],[77.0682,13.068],[77.0733,13.0667],[77.0733,13.0609],[77.0771,13.061],[77.0774,13.0582],[77.0738,13.0546],[77.0698,13.0402],[77.0822,13.0385],[77.0944,13.0267],[77.1086,13.0216],[77.1183,13.0147],[77.1169,13.0099],[77.1026,13.0063],[77.1014,13.0009],[77.0981,12.9994],[77.1055,12.9927],[77.1066,12.9965],[77.1295,12.9956],[77.1245,13.0063],[77.1344,13.0054],[77.1381,12.9989],[77.1357,12.9957],[77.1448,12.9877],[77.1418,12.9838],[77.1328,12.9864],[77.1331,12.9815],[77.1298,12.9779],[77.1323,12.973],[77.1428,12.9645],[77.1573,12.9582],[77.1565,12.9426],[77.1626,12.9362],[77.1654,12.9291],[77.1581,12.9135],[77.1399,12.9182],[77.1363,12.9015],[77.1326,12.8981],[77.1248,12.9022],[77.1245,12.8991],[77.1176,12.8989],[77.1116,12.8946],[77.107,12.8945],[77.1187,12.8841],[77.1232,12.888],[77.1314,12.8882],[77.1309,12.878],[77.1342,12.8773],[77.1311,12.8593],[77.136,12.8602],[77.1346,12.856],[77.1372,12.8531],[77.1491,12.8487],[77.1476,12.841],[77.1504,12.8347],[77.1494,12.8305],[77.1532,12.8309],[77.1588,12.8275],[77.1475,12.8198],[77.1419,12.8203],[77.1392,12.8101],[77.1509,12.792],[77.1502,12.7871],[77.1452,12.7817],[77.1367,12.7838],[77.1225,12.7737],[77.1075,12.7803],[77.0975,12.7763],[77.0916,12.7609],[77.0926,12.7527],[77.0872,12.7528],[77.0845,12.7576],[77.0801,12.7591],[77.0791,12.7488],[77.0837,12.7413],[77.0726,12.7024],[77.0733,12.6867],[77.0757,12.6849],[77.0737,12.6807],[77.0803,12.6763],[77.0975,12.6756],[77.0992,12.6734],[77.1004,12.6306],[77.1032,12.6305],[77.1047,12.6277],[77.1167,12.6288],[77.1223,12.6237],[77.1225,12.6195],[77.111,12.6162],[77.1081,12.6085],[77.11,12.5967],[77.1142,12.5965],[77.1169,12.582],[77.1285,12.57],[77.1278,12.5534],[77.12,12.5557],[77.1145,12.5534],[77.1145,12.5431],[77.1206,12.5412],[77.1253,12.5355],[77.1273,12.5319],[77.125,12.5233],[77.1317,12.5187],[77.1306,12.4978],[77.124,12.4841],[77.1254,12.4803],[77.133,12.4793],[77.1348,12.4709],[77.1398,12.4645],[77.1472,12.4621],[77.1578,12.4756],[77.1647,12.4751],[77.1681,12.4853],[77.1758,12.4826],[77.1782,12.4794],[77.1978,12.4833],[77.2001,12.4906],[77.2059,12.4906],[77.2058,12.4852],[77.2133,12.4851],[77.2165,12.4923],[77.2222,12.4916],[77.2241,12.5026],[77.2378,12.5],[77.2386,12.4895],[77.2359,12.4864],[77.2258,12.4895],[77.2254,12.4745],[77.2272,12.4796],[77.2296,12.4798],[77.2298,12.4837],[77.2352,12.4835],[77.2362,12.4701],[77.2434,12.4701],[77.2452,12.468],[77.2542,12.4704],[77.2576,12.4636],[77.2643,12.4617],[77.2691,12.4649],[77.2748,12.4397],[77.27,12.434],[77.2733,12.4296],[77.2852,12.4287],[77.286,12.4209],[77.2818,12.4209],[77.2841,12.4092],[77.2817,12.4093],[77.2843,12.4068],[77.2859,12.3931],[77.3016,12.3909],[77.3134,12.3924],[77.3305,12.3622],[77.3338,12.3542],[77.3227,12.3128],[77.3414,12.2827],[77.3489,12.279],[77.3655,12.2839],[77.3887,12.2794],[77.4035,12.2795],[77.4226,12.2896],[77.4314,12.2866],[77.4378,12.2793],[77.447,12.2623],[77.4483,12.2501],[77.4537,12.2476],[77.4603,12.2489],[77.4661,12.2438],[77.4711,12.2436],[77.4735,12.2557],[77.4782,12.2593],[77.477,12.2645],[77.479,12.2713],[77.4851,12.2751],[77.4876,12.2806],[77.4933,12.2789],[77.5,12.2826],[77.5084,12.2761],[77.514,12.2754],[77.5271,12.2788],[77.5328,12.2915],[77.5513,12.2913],[77.5524,12.2975],[77.5579,12.3058],[77.566,12.3063],[77.5786,12.3357],[77.5915,12.3402],[77.5987,12.3501],[77.6009,12.3586],[77.6145,12.3626],[77.6181,12.3812],[77.6206,12.3831],[77.6233,12.4123],[77.6296,12.4184],[77.6261,12.4308],[77.6291,12.4464],[77.6272,12.4585],[77.6294,12.4607],[77.6307,12.4703],[77.6331,12.4705],[77.6344,12.4882],[77.6261,12.4964],[77.6165,12.4829],[77.6074,12.4752],[77.5957,12.4749],[77.5837,12.4789],[77.6024,12.4972],[77.615,12.5042],[77.6163,12.5092],[77.6124,12.515],[77.5872,12.5148],[77.5885,12.5267],[77.5854,12.5369],[77.5864,12.5458],[77.5803,12.5516],[77.5793,12.5731],[77.5838,12.5759],[77.5893,12.5927],[77.5914,12.5921],[77.5926,12.6194],[77.606,12.6281],[77.6033,12.6354],[77.6047,12.6376],[77.5961,12.6503],[77.5972,12.6575],[77.5952,12.6673],[77.5993,12.6728],[77.6055,12.6923],[77.6132,12.6993],[77.6154,12.7092],[77.5941,12.7221],[77.5674,12.7011],[77.5594,12.7147],[77.5559,12.7309],[77.5558,12.7328],[77.5647,12.7326],[77.5689,12.7298],[77.5687,12.7384],[77.5754,12.7514],[77.5947,12.7524],[77.598,12.759],[77.5974,12.766],[77.592,12.7805],[77.5804,12.7873],[77.5708,12.7781],[77.5716,12.765],[77.5697,12.7607],[77.5654,12.759],[77.5589,12.7665],[77.5556,12.7794],[77.5554,12.7815],[77.5614,12.7841],[77.5628,12.7872],[77.5547,12.7886],[77.5569,12.7992],[77.5486,12.8005],[77.5431,12.7975],[77.5488,12.786],[77.544,12.776],[77.5523,12.7722],[77.5463,12.7701],[77.5407,12.7502],[77.5343,12.756],[77.5326,12.7486],[77.5213,12.7325],[77.5185,12.7368],[77.5209,12.7444],[77.5138,12.7503],[77.5101,12.7382],[77.5053,12.7353],[77.5049,12.7324],[77.4989,12.7394],[77.4861,12.7428],[77.4836,12.749],[77.4735,12.757],[77.4763,12.7623],[77.474,12.7645],[77.4777,12.7816],[77.4693,12.7951],[77.471,12.7996],[77.4763,12.7968],[77.4847,12.8008],[77.479,12.8047],[77.48,12.8087],[77.4684,12.8111],[77.4659,12.8087],[77.4516,12.8181],[77.4466,12.8149],[77.4462,12.81],[77.4436,12.8083],[77.4399,12.8112],[77.436,12.8104],[77.4334,12.8234],[77.4314,12.8218],[77.4196,12.8263],[77.4251,12.8378],[77.4345,12.8392],[77.4338,12.8444],[77.4379,12.8502],[77.4266,12.8504],[77.4289,12.8567],[77.4184,12.8696],[77.4292,12.8706],[77.4299,12.8754],[77.4158,12.8718],[77.4158,12.8753],[77.4104,12.8766],[77.4039,12.8739],[77.4026,12.8655],[77.3974,12.8684],[77.39,12.8606],[77.3852,12.8591],[77.3854,12.8571],[77.3799,12.8577],[77.3794,12.8549],[77.3698,12.8577],[77.3656,12.8717],[77.3463,12.8702],[77.3449,12.8765],[77.335,12.8784],[77.3332,12.888],[77.3434,12.888],[77.3365,12.9122],[77.3393,12.9237],[77.3364,12.9285],[77.3355,12.938],[77.3395,12.9441],[77.333,12.9502],[77.3256,12.9714],[77.3287,12.9777],[77.3219,13.0079],[77.3278,13.0089],[77.3254,13.023],[77.33,13.0261],[77.3311,13.043],[77.3284,13.0503],[77.3239,13.0471],[77.32,13.0486],[77.311,13.0464],[77.3093,13.0833],[77.3143,13.1062],[77.3027,13.1109],[77.2928,13.1102],[77.2919,13.1212],[77.2868,13.1217],[77.2847,13.1344],[77.2791,13.1338],[77.2793,13.126],[77.2765,13.1195],[77.2684,13.1189],[77.2654,13.1276],[77.2671,13.1427],[77.2709,13.1432],[77.2739,13.1398],[77.275,13.1526],[77.2662,13.1506],[77.2489,13.1519],[77.2416,13.1464],[77.2316,13.1474],[77.2304,13.1447],[77.2284,13.1466],[77.2175,13.1449],[77.2132,13.1517],[77.2163,13.1617],[77.2133,13.1686],[77.2074,13.1736],[77.2075,13.1789],[77.2036,13.1845],[77.1976,13.1831],[77.1978,13.1803],[77.1844,13.1867],[77.1759,13.1867],[77.1688,13.1839],[77.165,13.1892],[77.1665,13.197]],[[77.0796,13.0697],[77.0811,13.074],[77.0835,13.073],[77.0796,13.0697]]]},"properties":{"dtname":"Ramanagara","stname":"KARNATAKA","stcode11":"29","dtcode11":"584","year_stat":"2011_c","Shape_Length":476884.57778920804,"Shape_Area":3713268496.481628,"OBJECTID":179,"test":0,"Dist_LGD":631,"State_LGD":29}},{"type":"Feature","id":180,"geometry":{"type":"MultiPolygon","coordinates":[[[[76.9826,12.2556],[76.9857,12.2607],[76.982,12.2703],[76.9696,12.275],[76.9705,12.2553],[76.9749,12.2528],[76.9826,12.2556]]],[[[76.9172,12.3819],[76.9111,12.3835],[76.9099,12.3749],[76.9027,12.3758],[76.899,12.3738],[76.8983,12.3568],[76.9094,12.3561],[76.9093,12.3521],[76.911,12.3521],[76.9132,12.3527],[76.9137,12.358],[76.9201,12.3591],[76.9175,12.3673],[76.9222,12.3737],[76.9229,12.3821],[76.9172,12.3819]]],[[[76.6832,13.0457],[76.6772,13.0539],[76.6728,13.0554],[76.6584,13.0204],[76.6576,13.0133],[76.6526,13.0073],[76.6407,13.0095],[76.6322,13.0042],[76.6298,12.9943],[76.6323,12.9934],[76.6338,12.9841],[76.6336,12.9813],[76.6312,12.9816],[76.6318,12.9734],[76.6222,12.9659],[76.6118,12.9653],[76.612,12.959],[76.6175,12.9551],[76.6162,12.9372],[76.606,12.9386],[76.6031,12.923],[76.5992,12.9237],[76.5965,12.9212],[76.5996,12.9047],[76.591,12.8909],[76.5965,12.881],[76.5832,12.873],[76.5791,12.8732],[76.58,12.8716],[76.5752,12.866],[76.5777,12.847],[76.5723,12.8449],[76.5541,12.8454],[76.5466,12.8402],[76.5355,12.8443],[76.5295,12.8411],[76.5205,12.8414],[76.5175,12.8338],[76.5183,12.8264],[76.51,12.8222],[76.5029,12.822],[76.4901,12.8065],[76.4939,12.8055],[76.4944,12.8028],[76.4906,12.7886],[76.4944,12.7827],[76.4998,12.7804],[76.4994,12.7724],[76.4929,12.7673],[76.4901,12.7731],[76.4916,12.7797],[76.4896,12.7858],[76.4782,12.7807],[76.4781,12.7729],[76.4748,12.7717],[76.4653,12.7769],[76.4585,12.7774],[76.455,12.7811],[76.4576,12.7889],[76.4683,12.7936],[76.4714,12.7988],[76.4643,12.8061],[76.4625,12.803],[76.458,12.8045],[76.4567,12.8084],[76.4509,12.8119],[76.4461,12.8189],[76.4459,12.8234],[76.4253,12.825],[76.4201,12.8418],[76.4213,12.8454],[76.4252,12.8455],[76.4253,12.858],[76.4176,12.8583],[76.4136,12.8645],[76.4072,12.8651],[76.4085,12.8441],[76.3969,12.8476],[76.3905,12.8446],[76.3862,12.8452],[76.3877,12.8415],[76.3829,12.8312],[76.3774,12.8281],[76.3748,12.8316],[76.3694,12.8287],[76.367,12.8244],[76.3708,12.8143],[76.3683,12.8091],[76.349,12.8093],[76.3344,12.8126],[76.3318,12.812],[76.3299,12.8076],[76.3302,12.7998],[76.3348,12.7873],[76.3496,12.7856],[76.3476,12.7804],[76.3496,12.7709],[76.3433,12.767],[76.3425,12.7617],[76.3528,12.7513],[76.3571,12.7501],[76.3553,12.7439],[76.3512,12.7426],[76.3481,12.7445],[76.3441,12.7424],[76.3457,12.7376],[76.3413,12.7321],[76.3479,12.7161],[76.3549,12.7109],[76.3615,12.7119],[76.3628,12.706],[76.3618,12.6931],[76.3592,12.6923],[76.36,12.6869],[76.3537,12.6853],[76.3529,12.668],[76.3475,12.668],[76.3419,12.6594],[76.342,12.6557],[76.3516,12.6508],[76.3522,12.6398],[76.3626,12.6287],[76.3635,12.6077],[76.37,12.6062],[76.369,12.6034],[76.3727,12.5972],[76.3767,12.5766],[76.3961,12.5734],[76.3974,12.5691],[76.3912,12.5655],[76.3889,12.5606],[76.3909,12.5519],[76.403,12.553],[76.4113,12.5579],[76.4148,12.5486],[76.4277,12.5423],[76.4228,12.5326],[76.4355,12.5217],[76.4381,12.511],[76.4428,12.5065],[76.4493,12.5091],[76.4522,12.5054],[76.4488,12.4974],[76.4517,12.4837],[76.4639,12.4757],[76.4768,12.4732],[76.4884,12.4679],[76.5019,12.4515],[76.5104,12.4534],[76.5318,12.4417],[76.5481,12.4398],[76.5542,12.4332],[76.5673,12.426],[76.5653,12.3992],[76.5583,12.4001],[76.555,12.3919],[76.5592,12.39],[76.5603,12.3838],[76.5662,12.3818],[76.5602,12.3648],[76.5648,12.3515],[76.5756,12.3484],[76.592,12.356],[76.5901,12.3617],[76.595,12.3657],[76.622,12.3676],[76.6248,12.3693],[76.6269,12.3779],[76.6408,12.385],[76.6435,12.3952],[76.6486,12.397],[76.6551,12.3957],[76.6631,12.3867],[76.6684,12.3872],[76.6732,12.3909],[76.6828,12.3911],[76.6814,12.3865],[76.6832,12.383],[76.6861,12.3824],[76.6814,12.3716],[76.6819,12.3669],[76.6901,12.3646],[76.6919,12.3588],[76.7002,12.3507],[76.715,12.3574],[76.719,12.3566],[76.7177,12.3517],[76.7305,12.3426],[76.7317,12.3165],[76.7371,12.3212],[76.7434,12.3182],[76.7449,12.3106],[76.754,12.3022],[76.759,12.3039],[76.7639,12.3118],[76.7617,12.3413],[76.7655,12.3457],[76.7657,12.3505],[76.7778,12.3524],[76.7815,12.3516],[76.7823,12.3468],[76.7898,12.3471],[76.7952,12.3547],[76.8028,12.3551],[76.8028,12.3674],[76.8066,12.36],[76.8114,12.363],[76.8147,12.387],[76.8281,12.3887],[76.8332,12.3846],[76.8342,12.3959],[76.8302,12.4003],[76.8324,12.4026],[76.8483,12.4033],[76.8544,12.4087],[76.8617,12.4063],[76.862,12.3998],[76.8776,12.3998],[76.8808,12.4006],[76.8809,12.4052],[76.9003,12.4089],[76.8986,12.4149],[76.9001,12.4198],[76.9063,12.4225],[76.9034,12.4268],[76.9049,12.4367],[76.9224,12.4419],[76.9278,12.4295],[76.9274,12.4237],[76.9244,12.4211],[76.9376,12.4004],[76.9368,12.3695],[76.939,12.3527],[76.9242,12.3532],[76.9253,12.3442],[76.9283,12.3392],[76.9319,12.3382],[76.9276,12.3258],[76.9219,12.3217],[76.9304,12.3249],[76.9335,12.3237],[76.948,12.3305],[76.9532,12.3293],[76.9545,12.3264],[76.9576,12.327],[76.9595,12.3366],[76.9563,12.3524],[76.959,12.3529],[76.9589,12.3557],[76.9769,12.3528],[76.9768,12.3278],[76.9816,12.3271],[76.9866,12.3335],[76.9871,12.3195],[76.9914,12.3162],[76.9913,12.3137],[76.9979,12.3131],[76.993,12.3006],[76.9874,12.3009],[76.9808,12.3072],[76.977,12.3072],[76.9717,12.2904],[76.982,12.2857],[76.9907,12.287],[76.9896,12.2562],[76.9938,12.2519],[76.9953,12.2422],[77.0132,12.2442],[77.0255,12.2399],[77.0362,12.2323],[77.0372,12.2341],[77.0471,12.2337],[77.0499,12.2387],[77.0556,12.239],[77.0646,12.233],[77.0693,12.2371],[77.0787,12.2366],[77.0778,12.2213],[77.0811,12.2232],[77.0883,12.218],[77.1062,12.2206],[77.1085,12.2409],[77.124,12.2427],[77.1296,12.2487],[77.1449,12.2499],[77.152,12.2561],[77.1629,12.2564],[77.17,12.2598],[77.1646,12.2809],[77.17,12.2851],[77.1698,12.3007],[77.1668,12.3102],[77.1789,12.3106],[77.191,12.3077],[77.2176,12.3087],[77.2251,12.3034],[77.2368,12.3103],[77.2489,12.3084],[77.2679,12.3141],[77.3027,12.2988],[77.3253,12.308],[77.3227,12.3128],[77.3251,12.3265],[77.3338,12.3542],[77.3305,12.3622],[77.3134,12.3924],[77.3016,12.3909],[77.2859,12.3931],[77.2843,12.4068],[77.2817,12.4093],[77.2841,12.4092],[77.2818,12.4209],[77.286,12.4209],[77.2852,12.4287],[77.2733,12.4296],[77.27,12.434],[77.2748,12.4397],[77.2691,12.4649],[77.2643,12.4617],[77.2576,12.4636],[77.2542,12.4704],[77.2452,12.468],[77.2434,12.4701],[77.2362,12.4701],[77.2352,12.4835],[77.2298,12.4837],[77.2296,12.4798],[77.2272,12.4796],[77.2254,12.4745],[77.2258,12.4895],[77.2359,12.4864],[77.2386,12.4895],[77.2378,12.5],[77.2241,12.5026],[77.2222,12.4916],[77.2165,12.4923],[77.2133,12.4851],[77.2058,12.4852],[77.2059,12.4906],[77.2001,12.4906],[77.1978,12.4833],[77.1782,12.4794],[77.1758,12.4826],[77.1681,12.4853],[77.1647,12.4751],[77.1578,12.4756],[77.1472,12.4621],[77.138,12.4663],[77.133,12.4793],[77.1254,12.4803],[77.1239,12.4845],[77.1306,12.4978],[77.1317,12.5187],[77.125,12.5233],[77.1273,12.5319],[77.1253,12.5355],[77.1206,12.5412],[77.1145,12.5431],[77.1145,12.5534],[77.12,12.5557],[77.1278,12.5534],[77.1285,12.57],[77.1169,12.582],[77.1142,12.5965],[77.11,12.5967],[77.1081,12.6085],[77.111,12.6162],[77.1225,12.6195],[77.1223,12.6237],[77.1167,12.6288],[77.1047,12.6277],[77.1032,12.6305],[77.1004,12.6306],[77.0992,12.6734],[77.0975,12.6756],[77.0803,12.6763],[77.0737,12.6807],[77.0757,12.6849],[77.0737,12.6851],[77.0728,12.6895],[77.0728,12.7042],[77.0837,12.7413],[77.0805,12.7465],[77.0767,12.7456],[77.0674,12.7584],[77.0489,12.7475],[77.0503,12.7507],[77.0436,12.7781],[77.0345,12.7689],[77.0259,12.7668],[77.0252,12.7632],[77.0092,12.7644],[77.0064,12.7728],[77.0096,12.7825],[76.9983,12.776],[76.9909,12.7863],[76.9836,12.79],[76.9834,12.793],[76.9756,12.7911],[76.9731,12.8036],[76.9563,12.8042],[76.9507,12.8016],[76.9413,12.8057],[76.9328,12.8005],[76.9245,12.8041],[76.9182,12.8151],[76.9188,12.818],[76.9058,12.8284],[76.9053,12.835],[76.9016,12.8387],[76.9002,12.8448],[76.8923,12.8472],[76.8945,12.874],[76.8891,12.8975],[76.8732,12.8972],[76.8655,12.905],[76.8645,12.9135],[76.8672,12.9187],[76.8749,12.9185],[76.8805,12.921],[76.8902,12.9187],[76.8962,12.9205],[76.8928,12.9243],[76.8915,12.9327],[76.8844,12.9352],[76.8626,12.9279],[76.8625,12.9347],[76.8497,12.9384],[76.8487,12.9441],[76.8396,12.9459],[76.8418,12.9564],[76.8397,12.9735],[76.8505,12.9735],[76.8529,12.9787],[76.8453,12.9843],[76.8443,12.9876],[76.8275,12.9988],[76.8296,13.0023],[76.8198,13.0051],[76.8147,13.0138],[76.8075,13.0122],[76.7858,13.0153],[76.7831,13.0295],[76.7717,13.0344],[76.7592,13.0368],[76.7574,13.0353],[76.7554,13.0374],[76.7509,13.0359],[76.7253,13.0413],[76.7087,13.0398],[76.7021,13.0415],[76.6935,13.0368],[76.6832,13.0457]]]]},"properties":{"dtname":"Mandya","stname":"KARNATAKA","stcode11":"29","dtcode11":"573","year_stat":"2011_c","Shape_Length":561555.2817358951,"Shape_Area":5242737410.511495,"OBJECTID":180,"test":0,"Dist_LGD":544,"State_LGD":29}},{"type":"Feature","id":181,"geometry":{"type":"Polygon","coordinates":[[[76.3426,12.6555],[76.3381,12.6533],[76.3381,12.6465],[76.3324,12.6447],[76.3235,12.6351],[76.3284,12.6267],[76.3266,12.611],[76.3063,12.6105],[76.3098,12.6225],[76.3052,12.6251],[76.3043,12.6219],[76.3015,12.622],[76.3003,12.6292],[76.2926,12.6263],[76.2906,12.6166],[76.2803,12.6167],[76.2793,12.6255],[76.2821,12.6298],[76.2796,12.6312],[76.2798,12.6338],[76.2654,12.6289],[76.2673,12.6233],[76.2649,12.6194],[76.2575,12.6223],[76.2545,12.6203],[76.2533,12.6238],[76.2458,12.626],[76.2457,12.637],[76.2398,12.6381],[76.2319,12.6436],[76.2191,12.6443],[76.2094,12.6368],[76.2057,12.629],[76.2134,12.628],[76.2154,12.6217],[76.2123,12.6167],[76.2054,12.6169],[76.201,12.6104],[76.2006,12.6054],[76.192,12.5942],[76.1921,12.5875],[76.1965,12.5774],[76.1837,12.5774],[76.1821,12.575],[76.1685,12.5805],[76.1524,12.5796],[76.1481,12.5663],[76.1577,12.5629],[76.1497,12.5493],[76.1513,12.5472],[76.1426,12.5453],[76.1409,12.5367],[76.1344,12.537],[76.1334,12.5288],[76.1169,12.5289],[76.1142,12.527],[76.1189,12.5188],[76.1153,12.5167],[76.1153,12.5129],[76.1119,12.5125],[76.11,12.5181],[76.1061,12.5174],[76.1016,12.5259],[76.1033,12.5291],[76.0994,12.5281],[76.0973,12.5326],[76.0862,12.5389],[76.0909,12.5429],[76.0906,12.5457],[76.0896,12.5443],[76.0871,12.5462],[76.0855,12.5438],[76.0749,12.5481],[76.0745,12.5501],[76.0711,12.5493],[76.0706,12.5559],[76.0675,12.5573],[76.0521,12.5543],[76.0487,12.5596],[76.0456,12.577],[76.0342,12.5735],[76.0315,12.5764],[76.0217,12.5769],[76.0188,12.567],[76.0118,12.5608],[76.0125,12.5543],[75.9965,12.5627],[75.9921,12.5622],[75.9906,12.5568],[75.998,12.5514],[75.9989,12.5475],[75.9949,12.5411],[75.9867,12.5451],[75.9834,12.5405],[75.9934,12.5297],[75.9939,12.5222],[75.9753,12.5198],[75.9725,12.5119],[75.9641,12.5093],[75.9622,12.5065],[75.962,12.4979],[75.9582,12.4906],[75.9606,12.4844],[75.9664,12.4832],[75.9641,12.4743],[75.9716,12.4709],[75.9672,12.4659],[75.9669,12.4614],[75.9715,12.4499],[75.9678,12.4473],[75.9604,12.4515],[75.949,12.45],[75.9349,12.4409],[75.9291,12.4396],[75.9222,12.4296],[75.9234,12.4234],[75.9153,12.4096],[75.9109,12.4065],[75.9087,12.3982],[75.9131,12.3856],[75.9162,12.3884],[75.9323,12.3823],[75.9376,12.3724],[75.9605,12.3439],[75.9705,12.3456],[75.9751,12.3423],[75.9817,12.3425],[75.9932,12.3362],[75.9964,12.3316],[76.0011,12.3306],[75.9944,12.3206],[75.9947,12.3174],[75.9971,12.3164],[75.9991,12.3075],[76.0047,12.3054],[76.0145,12.2923],[76.0175,12.2723],[76.0148,12.2712],[76.0151,12.2667],[76.0247,12.2489],[76.0254,12.2513],[76.0402,12.2527],[76.0519,12.2464],[76.0622,12.2491],[76.0738,12.2402],[76.0745,12.2342],[76.084,12.2204],[76.0932,12.2137],[76.1019,12.1973],[76.1187,12.1907],[76.1292,12.1949],[76.1331,12.1916],[76.1442,12.1546],[76.15,12.1439],[76.1615,12.1337],[76.1709,12.1188],[76.1719,12.1063],[76.1766,12.0994],[76.1758,12.0762],[76.1893,12.0501],[76.1828,12.0324],[76.152,12.0194],[76.1476,12.0099],[76.1391,12.004],[76.1366,11.9967],[76.1282,11.9858],[76.1245,11.9832],[76.1169,11.9828],[76.1125,11.9788],[76.1134,11.895],[76.1117,11.8877],[76.1149,11.8667],[76.1128,11.8585],[76.1181,11.857],[76.117,11.8549],[76.12,11.8504],[76.1323,11.854],[76.1461,11.8671],[76.1494,11.8665],[76.156,11.8702],[76.1648,11.8676],[76.1735,11.8713],[76.1904,11.8713],[76.202,11.8625],[76.2075,11.8616],[76.21,11.8437],[76.2129,11.8421],[76.2097,11.8275],[76.2171,11.8209],[76.2182,11.8144],[76.2237,11.8083],[76.2456,11.803],[76.2584,11.8088],[76.2802,11.8124],[76.2883,11.7952],[76.3018,11.786],[76.3077,11.7849],[76.3111,11.768],[76.3184,11.7514],[76.3291,11.7484],[76.3397,11.7391],[76.3502,11.7403],[76.3522,11.7383],[76.3628,11.7484],[76.377,11.7446],[76.3839,11.7473],[76.3913,11.7548],[76.3986,11.7509],[76.4142,11.7589],[76.4138,11.7619],[76.4215,11.7701],[76.4229,11.7764],[76.4141,11.7789],[76.4163,11.7851],[76.413,11.7881],[76.4217,11.7901],[76.4214,11.7957],[76.4266,11.7935],[76.4287,11.7956],[76.4252,11.7993],[76.4243,11.8047],[76.4207,11.803],[76.4099,11.8113],[76.4131,11.812],[76.4294,11.8038],[76.4493,11.7996],[76.4621,11.7928],[76.4688,11.8192],[76.4927,11.8222],[76.4882,11.8435],[76.4911,11.8611],[76.5028,11.8617],[76.5346,11.8733],[76.5536,11.8587],[76.5569,11.8948],[76.5619,11.9041],[76.5701,11.908],[76.5766,11.9236],[76.5703,11.9282],[76.5712,11.9402],[76.5574,11.949],[76.5743,11.9685],[76.5782,11.9884],[76.5865,11.9856],[76.592,11.9874],[76.5959,11.9844],[76.6051,11.9905],[76.6133,11.9917],[76.6318,11.9837],[76.6427,11.9829],[76.6511,12.008],[76.6719,12.0061],[76.6733,12.0021],[76.6804,12.0006],[76.6945,12.0005],[76.7015,11.9979],[76.7017,11.9917],[76.7043,11.9909],[76.7051,11.9852],[76.7172,11.985],[76.7192,11.9908],[76.7294,11.9907],[76.7327,12.0026],[76.736,12.0032],[76.7409,12.0093],[76.7462,12.0084],[76.7458,12.0026],[76.7511,12.0],[76.7666,11.9993],[76.7684,11.992],[76.7806,11.9879],[76.7798,11.9854],[76.7936,11.9864],[76.7936,11.989],[76.7972,11.989],[76.7976,11.9987],[76.7954,12.0049],[76.7917,12.0056],[76.792,12.0108],[76.7991,12.0175],[76.8059,12.0183],[76.8056,12.0208],[76.8106,12.0218],[76.8117,12.0269],[76.8203,12.0273],[76.8227,12.0179],[76.8213,12.0109],[76.8374,12.0037],[76.8364,11.9999],[76.8565,11.9997],[76.8582,12.0077],[76.873,12.0055],[76.8831,12.0155],[76.8858,12.0014],[76.8929,11.9987],[76.9042,11.9991],[76.9186,12.0075],[76.9236,12.0132],[76.9361,12.0132],[76.9388,12.0263],[76.915,12.0259],[76.91,12.0411],[76.9046,12.042],[76.9023,12.0449],[76.8993,12.0433],[76.9007,12.0466],[76.8905,12.0491],[76.8907,12.0583],[76.8699,12.0554],[76.8683,12.0598],[76.8534,12.0599],[76.854,12.0622],[76.87,12.0632],[76.8741,12.0757],[76.8841,12.0826],[76.8767,12.1152],[76.867,12.1174],[76.8544,12.1162],[76.8477,12.1188],[76.8457,12.1132],[76.8449,12.1193],[76.8315,12.1319],[76.831,12.1354],[76.841,12.1455],[76.8407,12.1561],[76.8535,12.1595],[76.8455,12.1675],[76.8532,12.1704],[76.852,12.1793],[76.8626,12.1804],[76.8656,12.1746],[76.8714,12.174],[76.8695,12.1618],[76.8678,12.1618],[76.8714,12.1413],[76.8819,12.1296],[76.8902,12.1309],[76.8909,12.1211],[76.9026,12.1227],[76.9027,12.1163],[76.9063,12.1134],[76.9236,12.1142],[76.9262,12.1092],[76.9304,12.1088],[76.9372,12.1012],[76.9488,12.0975],[76.9704,12.1126],[76.9694,12.1229],[76.9758,12.1227],[76.9762,12.1343],[76.9891,12.1405],[76.988,12.1616],[76.9904,12.1625],[76.99,12.1748],[76.9987,12.1772],[76.9975,12.167],[77.0025,12.1655],[77.0039,12.1599],[77.0142,12.1633],[77.0112,12.1536],[77.0133,12.1502],[77.013,12.1374],[77.0155,12.1373],[77.016,12.1338],[77.037,12.1393],[77.0398,12.1284],[77.0457,12.1361],[77.0443,12.1421],[77.0409,12.1397],[77.0395,12.1419],[77.0392,12.1473],[77.0459,12.1609],[77.0447,12.1692],[77.0614,12.171],[77.0846,12.1911],[77.1074,12.1899],[77.1223,12.1972],[77.1257,12.2032],[77.1319,12.2073],[77.1315,12.2173],[77.1343,12.2267],[77.1256,12.2351],[77.124,12.2427],[77.1084,12.2408],[77.1062,12.2206],[77.0883,12.218],[77.0811,12.2232],[77.0778,12.2213],[77.0787,12.2366],[77.0693,12.2371],[77.0646,12.233],[77.0556,12.239],[77.0499,12.2387],[77.0471,12.2337],[77.0372,12.2341],[77.0362,12.2323],[77.0255,12.2399],[77.0132,12.2442],[76.9953,12.2422],[76.9938,12.2519],[76.9896,12.2562],[76.9907,12.287],[76.982,12.2857],[76.9717,12.2904],[76.977,12.3072],[76.9808,12.3072],[76.9874,12.3009],[76.993,12.3006],[76.9979,12.3131],[76.9913,12.3137],[76.9914,12.3162],[76.9871,12.3195],[76.9866,12.3335],[76.9816,12.3271],[76.9768,12.3278],[76.9769,12.3528],[76.9589,12.3557],[76.959,12.3529],[76.9563,12.3524],[76.9595,12.3366],[76.9576,12.327],[76.9545,12.3264],[76.9532,12.3293],[76.948,12.3305],[76.9335,12.3237],[76.9304,12.3249],[76.9219,12.3217],[76.9276,12.3258],[76.9319,12.3382],[76.9283,12.3392],[76.9253,12.3442],[76.9242,12.3532],[76.939,12.3527],[76.9368,12.3695],[76.9376,12.4004],[76.9244,12.4211],[76.9274,12.4237],[76.9278,12.4295],[76.9224,12.4419],[76.9049,12.4367],[76.9034,12.4268],[76.9063,12.4225],[76.9001,12.4198],[76.8986,12.4149],[76.9003,12.4089],[76.8809,12.4052],[76.8808,12.4006],[76.8776,12.3998],[76.862,12.3998],[76.8617,12.4063],[76.8544,12.4087],[76.8483,12.4033],[76.8324,12.4026],[76.8302,12.4003],[76.8342,12.3959],[76.8332,12.3846],[76.8281,12.3887],[76.8147,12.387],[76.8114,12.363],[76.8066,12.36],[76.8028,12.3674],[76.8028,12.3551],[76.7952,12.3547],[76.7898,12.3471],[76.7823,12.3468],[76.7815,12.3516],[76.7778,12.3524],[76.7657,12.3505],[76.7655,12.3457],[76.7617,12.3413],[76.7639,12.3118],[76.759,12.3039],[76.754,12.3022],[76.7449,12.3106],[76.7434,12.3182],[76.7371,12.3212],[76.7317,12.3165],[76.7305,12.3426],[76.7177,12.3517],[76.719,12.3566],[76.715,12.3574],[76.7002,12.3507],[76.6919,12.3588],[76.6901,12.3646],[76.6819,12.3669],[76.6814,12.3716],[76.6861,12.3824],[76.6832,12.383],[76.6814,12.3865],[76.6828,12.3911],[76.6732,12.3909],[76.6684,12.3872],[76.6631,12.3867],[76.6551,12.3957],[76.6486,12.397],[76.6435,12.3952],[76.6408,12.385],[76.6269,12.3779],[76.6248,12.3693],[76.622,12.3676],[76.595,12.3657],[76.5901,12.3617],[76.592,12.356],[76.5741,12.348],[76.5661,12.3507],[76.5602,12.3648],[76.5662,12.3818],[76.5603,12.3838],[76.5592,12.39],[76.555,12.3919],[76.5583,12.4001],[76.5653,12.3992],[76.5673,12.426],[76.5542,12.4332],[76.5481,12.4398],[76.5318,12.4417],[76.5104,12.4534],[76.5019,12.4515],[76.4884,12.4679],[76.4768,12.4732],[76.4639,12.4757],[76.4517,12.4837],[76.4488,12.4974],[76.4522,12.5054],[76.4493,12.5091],[76.4428,12.5065],[76.4381,12.511],[76.4355,12.5217],[76.4228,12.5326],[76.4277,12.5423],[76.4148,12.5486],[76.4113,12.5579],[76.403,12.553],[76.3903,12.5523],[76.3889,12.5606],[76.3912,12.5655],[76.3974,12.5691],[76.3961,12.5734],[76.3767,12.5766],[76.3727,12.5972],[76.369,12.6034],[76.37,12.6062],[76.3635,12.6077],[76.3626,12.6287],[76.3522,12.6398],[76.3516,12.6508],[76.3426,12.6555]],[[76.9691,12.274],[76.982,12.2703],[76.9857,12.2607],[76.9823,12.2546],[76.9749,12.2528],[76.9705,12.2553],[76.9691,12.274]],[[76.911,12.3521],[76.9093,12.3521],[76.9094,12.3561],[76.8983,12.3568],[76.899,12.3738],[76.9027,12.3758],[76.9099,12.3749],[76.9111,12.3835],[76.9229,12.3821],[76.9222,12.3737],[76.9175,12.3673],[76.9201,12.3591],[76.9137,12.358],[76.9132,12.3527],[76.911,12.3521]]]},"properties":{"dtname":"Mysuru","stname":"KARNATAKA","stcode11":"29","dtcode11":"577","year_stat":"2011_c","Shape_Length":695017.7884934171,"Shape_Area":6643499899.071451,"OBJECTID":181,"test":0,"Dist_LGD":545,"State_LGD":29}},{"type":"Feature","id":701,"geometry":{"type":"Polygon","coordinates":[[[75.6601,17.4577],[75.6489,17.4703],[75.6331,17.4772],[75.6277,17.4628],[75.6217,17.4592],[75.6134,17.4247],[75.6067,17.4204],[75.6122,17.4074],[75.6136,17.3919],[75.6062,17.3945],[75.5937,17.3873],[75.5742,17.3833],[75.5809,17.3512],[75.5952,17.3462],[75.6101,17.345],[75.6122,17.3251],[75.6038,17.3055],[75.6225,17.2951],[75.6255,17.2853],[75.6303,17.2808],[75.6279,17.2743],[75.6542,17.2738],[75.6578,17.2632],[75.662,17.2146],[75.6555,17.2055],[75.6427,17.1977],[75.6399,17.1943],[75.64,17.1889],[75.6285,17.1887],[75.6254,17.174],[75.6283,17.1627],[75.6453,17.1442],[75.6476,17.1345],[75.6496,17.1344],[75.6504,17.1157],[75.6724,17.116],[75.6724,17.1014],[75.6759,17.0953],[75.6734,17.0912],[75.6788,17.0772],[75.6768,17.0654],[75.6605,17.0645],[75.6504,17.0573],[75.6411,17.0376],[75.6501,17.0322],[75.6698,17.0382],[75.6661,16.9798],[75.6689,16.9798],[75.6719,16.9759],[75.6726,16.9701],[75.6771,16.969],[75.6758,16.9664],[75.67,16.9618],[75.6555,16.9615],[75.6486,16.9587],[75.646,16.954],[75.6421,16.9546],[75.6383,16.9578],[75.637,16.9686],[75.634,16.9703],[75.6079,16.971],[75.607,17.0046],[75.5732,17.0096],[75.5673,17.0091],[75.5677,16.9658],[75.5642,16.9679],[75.5392,16.9655],[75.5294,16.9694],[75.5097,16.9503],[75.4904,16.9447],[75.4879,16.9656],[75.4833,16.976],[75.4663,16.9813],[75.4656,16.9884],[75.4417,16.9822],[75.4279,16.9665],[75.3922,16.9801],[75.3686,16.972],[75.353,16.959],[75.3416,16.9562],[75.3413,16.9415],[75.3343,16.9124],[75.3357,16.8694],[75.3539,16.8711],[75.3691,16.8663],[75.3807,16.8668],[75.386,16.8635],[75.395,16.8632],[75.3811,16.8337],[75.3789,16.8241],[75.3788,16.7984],[75.3809,16.7986],[75.3844,16.7634],[75.387,16.7604],[75.3925,16.7596],[75.4078,16.7615],[75.4077,16.7638],[75.4131,16.7665],[75.4261,16.7679],[75.4428,16.7573],[75.4654,16.7549],[75.477,16.7473],[75.4919,16.7456],[75.4884,16.6945],[75.4627,16.6999],[75.4379,16.6979],[75.4473,16.6651],[75.455,16.6639],[75.4621,16.6226],[75.474,16.6121],[75.485,16.6064],[75.4937,16.5932],[75.4912,16.5856],[75.4849,16.5808],[75.4839,16.5731],[75.4781,16.5674],[75.473,16.567],[75.4723,16.5634],[75.4808,16.5612],[75.4796,16.5574],[75.4884,16.5551],[75.4885,16.5301],[75.4907,16.5295],[75.4908,16.526],[75.4859,16.5086],[75.4556,16.5067],[75.4592,16.4843],[75.4633,16.4738],[75.4455,16.4505],[75.4332,16.4384],[75.4329,16.431],[75.4488,16.4133],[75.4579,16.4127],[75.4656,16.4185],[75.4771,16.416],[75.4869,16.4176],[75.4939,16.4228],[75.4985,16.4307],[75.4957,16.4467],[75.4991,16.4536],[75.5332,16.4664],[75.5434,16.464],[75.5523,16.4559],[75.5521,16.4443],[75.5569,16.4246],[75.562,16.4157],[75.5699,16.4118],[75.5752,16.4128],[75.584,16.4326],[75.5995,16.4465],[75.6075,16.448],[75.6346,16.4439],[75.6712,16.4248],[75.6779,16.4242],[75.6887,16.4144],[75.7031,16.4078],[75.7209,16.391],[75.7485,16.3885],[75.7562,16.3848],[75.7732,16.3832],[75.7892,16.3741],[75.8103,16.3703],[75.8265,16.3611],[75.8405,16.3491],[75.8733,16.3447],[75.8913,16.327],[75.9001,16.3229],[75.9305,16.3158],[75.9561,16.2972],[75.9922,16.2996],[75.9991,16.3033],[76.0095,16.3045],[76.0265,16.3007],[76.0325,16.2894],[76.0587,16.2713],[76.0654,16.2621],[76.0681,16.2438],[76.0591,16.2326],[76.0579,16.2277],[76.0613,16.2133],[76.0678,16.2076],[76.0849,16.2048],[76.0957,16.1983],[76.1225,16.1905],[76.1393,16.1811],[76.1596,16.1862],[76.1721,16.1849],[76.1831,16.1803],[76.2498,16.1644],[76.2718,16.1517],[76.2806,16.1527],[76.2882,16.1593],[76.2971,16.1847],[76.3158,16.191],[76.3218,16.1898],[76.3315,16.1941],[76.3474,16.2157],[76.3491,16.2302],[76.3528,16.2354],[76.3462,16.2497],[76.3478,16.2777],[76.3202,16.2821],[76.3202,16.287],[76.2997,16.2833],[76.2981,16.2988],[76.3029,16.319],[76.2952,16.3204],[76.2914,16.3306],[76.2922,16.3347],[76.3041,16.3409],[76.3055,16.3457],[76.3143,16.3454],[76.3132,16.3567],[76.3048,16.3771],[76.3105,16.3967],[76.3147,16.3968],[76.317,16.3942],[76.3258,16.396],[76.3333,16.3912],[76.3387,16.4059],[76.3321,16.4072],[76.3306,16.4096],[76.3336,16.4164],[76.3306,16.4253],[76.3322,16.427],[76.3506,16.4268],[76.3546,16.4222],[76.3576,16.4223],[76.3853,16.4256],[76.3903,16.4381],[76.4031,16.4329],[76.4347,16.4357],[76.4352,16.4377],[76.4325,16.4505],[76.4299,16.4986],[76.4328,16.5048],[76.434,16.5188],[76.4226,16.5518],[76.4229,16.5734],[76.4159,16.5902],[76.4133,16.5902],[76.4151,16.6054],[76.405,16.6252],[76.4035,16.6487],[76.4064,16.6566],[76.4205,16.6729],[76.4212,16.6786],[76.4266,16.686],[76.4254,16.6955],[76.4311,16.7009],[76.4382,16.7034],[76.4412,16.7087],[76.4522,16.7141],[76.4583,16.7087],[76.462,16.7083],[76.4595,16.7233],[76.4464,16.7227],[76.4417,16.7137],[76.4227,16.7169],[76.4232,16.7296],[76.4289,16.7336],[76.4289,16.7379],[76.4405,16.742],[76.4385,16.7533],[76.4427,16.7576],[76.4361,16.7645],[76.4186,16.7689],[76.4184,16.7645],[76.4113,16.7648],[76.4116,16.7682],[76.371,16.7686],[76.3774,16.8017],[76.3915,16.8027],[76.3964,16.8059],[76.4009,16.8011],[76.4102,16.7989],[76.4138,16.8134],[76.3524,16.8198],[76.3544,16.8326],[76.3589,16.8426],[76.3672,16.849],[76.3743,16.8588],[76.3888,16.8563],[76.4043,16.8585],[76.4041,16.854],[76.4292,16.8508],[76.4296,16.8374],[76.46,16.8331],[76.4635,16.8385],[76.471,16.8388],[76.4707,16.8471],[76.4672,16.8497],[76.462,16.8493],[76.4586,16.8669],[76.4381,16.868],[76.4367,16.8813],[76.4332,16.8818],[76.4337,16.8976],[76.4628,16.9006],[76.4653,16.9027],[76.465,16.9139],[76.4585,16.9279],[76.4518,16.9278],[76.4476,16.9406],[76.4342,16.9433],[76.4279,16.9274],[76.4209,16.9274],[76.3991,16.9353],[76.4023,16.9422],[76.4004,16.9771],[76.425,16.978],[76.4367,16.9817],[76.4405,16.9968],[76.4332,17.0255],[76.4373,17.0267],[76.4312,17.0299],[76.4274,17.0535],[76.4311,17.0534],[76.4295,17.0997],[76.4101,17.0892],[76.3982,17.0701],[76.388,17.0726],[76.3914,17.0917],[76.3904,17.0971],[76.3842,17.1026],[76.3662,17.1073],[76.3623,17.116],[76.3675,17.1238],[76.3913,17.1308],[76.3951,17.1379],[76.3946,17.143],[76.3892,17.1464],[76.3836,17.1466],[76.3675,17.1377],[76.36,17.1403],[76.3598,17.1453],[76.3668,17.1559],[76.369,17.1667],[76.3647,17.1814],[76.3564,17.1887],[76.3333,17.1708],[76.3063,17.1708],[76.2769,17.1675],[76.2717,17.1634],[76.2645,17.1514],[76.2535,17.1487],[76.2406,17.1524],[76.2362,17.1632],[76.2238,17.1748],[76.2206,17.1854],[76.2169,17.1869],[76.2032,17.1834],[76.1925,17.185],[76.1778,17.1933],[76.1665,17.2106],[76.1276,17.245],[76.1137,17.2524],[76.092,17.2553],[76.0877,17.258],[76.0869,17.2685],[76.0914,17.2772],[76.0987,17.2833],[76.0998,17.2898],[76.0895,17.2989],[76.0747,17.3039],[76.0658,17.3097],[76.0662,17.3161],[76.0732,17.3324],[76.0617,17.3549],[76.0528,17.3558],[76.0286,17.3511],[76.0115,17.353],[75.9983,17.338],[75.9688,17.3365],[75.9309,17.3226],[75.9252,17.3257],[75.9101,17.3445],[75.8946,17.3508],[75.8906,17.3565],[75.8953,17.3782],[75.8941,17.4012],[75.8843,17.418],[75.8766,17.4161],[75.8746,17.4124],[75.8753,17.3981],[75.8609,17.3856],[75.8565,17.3894],[75.8512,17.4105],[75.8303,17.4218],[75.8215,17.4212],[75.8136,17.3957],[75.8141,17.3735],[75.8071,17.3682],[75.7957,17.3691],[75.7781,17.3781],[75.7711,17.3875],[75.768,17.4024],[75.7652,17.4059],[75.7532,17.4071],[75.7337,17.4201],[75.7281,17.4194],[75.72,17.4115],[75.7125,17.4079],[75.6908,17.4095],[75.6836,17.4169],[75.6782,17.4341],[75.6778,17.4537],[75.6724,17.4581],[75.6601,17.4577]]]},"properties":{"dtname":"Vijayapura","stname":"KARNATAKA","stcode11":"29","dtcode11":"557","year_stat":"2011_c","Shape_Length":733407.8883140573,"Shape_Area":11515600089.343693,"OBJECTID":701,"test":0,"Dist_LGD":530,"State_LGD":29}}]}