{"type":"FeatureCollection","crs":{"type":"name","properties":{"name":"EPSG:4326"}},"features":[{"type":"Feature","id":1,"geometry":{"type":"Polygon","coordinates":[[[76.2952,21.5949],[76.2856,21.5954],[76.289,21.5901],[76.2864,21.5849],[76.2603,21.5852],[76.2508,21.5819],[76.2444,21.5824],[76.236,21.5759],[76.2137,21.5714],[76.2132,21.5616],[76.2041,21.559],[76.1967,21.5605],[76.1977,21.5504],[76.1928,21.55],[76.1768,21.5416],[76.165,21.5478],[76.1549,21.5481],[76.1459,21.5634],[76.1501,21.5784],[76.1388,21.5754],[76.139,21.5721],[76.1447,21.5703],[76.1389,21.5669],[76.1386,21.562],[76.1358,21.5608],[76.1342,21.5625],[76.1265,21.5617],[76.1305,21.5656],[76.1266,21.57],[76.1201,21.569],[76.115,21.5709],[76.1125,21.578],[76.0685,21.5702],[76.0615,21.5732],[76.0497,21.5643],[76.0377,21.5607],[76.0231,21.5492],[76.0206,21.5489],[76.0176,21.553],[76.0078,21.5549],[75.9609,21.5539],[75.9524,21.552],[75.9501,21.5479],[75.9481,21.49],[75.9541,21.4874],[75.9581,21.4891],[75.9625,21.4843],[75.97,21.4853],[75.9693,21.4871],[75.9753,21.4897],[75.9778,21.4863],[75.9898,21.4881],[76.0089,21.4699],[76.0095,21.4616],[76.0034,21.4507],[76.0082,21.4179],[75.9866,21.3687],[76.0293,21.3649],[76.0478,21.349],[76.0956,21.3711],[76.1203,21.3228],[76.1284,21.2866],[76.1428,21.2857],[76.1464,21.2682],[76.1501,21.2681],[76.1517,21.264],[76.1538,21.2646],[76.1545,21.2567],[76.1556,21.259],[76.1582,21.2584],[76.1593,21.2532],[76.1567,21.2506],[76.1537,21.2514],[76.155,21.2496],[76.1522,21.2484],[76.1536,21.2462],[76.1506,21.2464],[76.1514,21.2435],[76.1431,21.2432],[76.1393,21.2373],[76.1409,21.2276],[76.1653,21.2212],[76.1583,21.2133],[76.1631,21.2126],[76.1633,21.2065],[76.1719,21.2049],[76.1713,21.1987],[76.1662,21.1992],[76.1653,21.1903],[76.173,21.1884],[76.1764,21.184],[76.1716,21.1797],[76.1717,21.1665],[76.1669,21.1663],[76.1652,21.1694],[76.1326,21.1694],[76.1322,21.1758],[76.1287,21.1757],[76.1189,21.1716],[76.1138,21.1661],[76.1105,21.1668],[76.1102,21.1615],[76.1123,21.1553],[76.1233,21.1451],[76.1296,21.1356],[76.1354,21.1207],[76.1529,21.1078],[76.1572,21.1092],[76.1623,21.1047],[76.1698,21.1036],[76.1692,21.0938],[76.1727,21.0903],[76.1672,21.0854],[76.1666,21.0789],[76.1789,21.0803],[76.1917,21.0866],[76.2031,21.0853],[76.2104,21.0872],[76.2224,21.0848],[76.2439,21.0905],[76.259,21.0905],[76.2719,21.0888],[76.279,21.0699],[76.2984,21.0734],[76.3371,21.071],[76.3485,21.0756],[76.3642,21.0758],[76.3697,21.0726],[76.3762,21.073],[76.3839,21.0757],[76.3813,21.0787],[76.3895,21.0857],[76.4036,21.087],[76.4071,21.0894],[76.4124,21.0883],[76.4103,21.1022],[76.4373,21.1001],[76.4404,21.1061],[76.4556,21.1076],[76.4512,21.1203],[76.4562,21.1243],[76.4575,21.1331],[76.4689,21.1335],[76.4738,21.1368],[76.4677,21.1382],[76.466,21.1425],[76.4782,21.1472],[76.4801,21.182],[76.4924,21.1935],[76.4974,21.1911],[76.5019,21.1932],[76.5005,21.1896],[76.502,21.1873],[76.5067,21.1886],[76.5078,21.1929],[76.5105,21.1896],[76.5298,21.1818],[76.5603,21.1985],[76.5669,21.1993],[76.5992,21.1906],[76.6136,21.1931],[76.6232,21.1849],[76.6369,21.2026],[76.6345,21.219],[76.6416,21.237],[76.6494,21.2446],[76.6614,21.2406],[76.6627,21.2759],[76.6626,21.2804],[76.6525,21.2944],[76.6215,21.3322],[76.6827,21.3784],[76.7402,21.4113],[76.7405,21.4177],[76.7378,21.4224],[76.7409,21.4283],[76.7387,21.4297],[76.7443,21.4398],[76.7532,21.443],[76.7637,21.4529],[76.7813,21.46],[76.7864,21.4662],[76.788,21.4781],[76.794,21.4797],[76.7956,21.4894],[76.7878,21.498],[76.7877,21.5011],[76.7841,21.5013],[76.7806,21.5056],[76.7728,21.5057],[76.7633,21.5208],[76.7687,21.5266],[76.7813,21.5293],[76.7893,21.5364],[76.789,21.5407],[76.7824,21.5493],[76.7814,21.5588],[76.7651,21.5547],[76.7518,21.5561],[76.745,21.5657],[76.7452,21.5747],[76.711,21.5671],[76.71,21.5599],[76.6849,21.5675],[76.6563,21.5619],[76.6381,21.5682],[76.6296,21.5646],[76.6253,21.5658],[76.6183,21.5729],[76.6116,21.5733],[76.5998,21.5691],[76.593,21.5703],[76.5861,21.5652],[76.5809,21.5644],[76.5596,21.5654],[76.5541,21.5676],[76.5375,21.5634],[76.5129,21.5613],[76.502,21.5647],[76.4932,21.5722],[76.4865,21.574],[76.4855,21.5779],[76.4647,21.5813],[76.4622,21.5777],[76.4519,21.5821],[76.4491,21.5875],[76.4356,21.597],[76.434,21.5894],[76.4277,21.5831],[76.4195,21.5895],[76.4188,21.5965],[76.407,21.599],[76.3771,21.598],[76.3723,21.5937],[76.3718,21.585],[76.3745,21.5806],[76.3587,21.58],[76.359,21.5727],[76.3645,21.5722],[76.3526,21.5668],[76.3375,21.5675],[76.3132,21.5699],[76.292,21.5769],[76.2904,21.5807],[76.2956,21.591],[76.2952,21.5949]]]},"properties":{"dtname":"Burhanpur","stname":"MADHYA PRADESH","stcode11":"23","dtcode11":"467","year_stat":"2011_c","Shape_Length":362667.29125774273,"Shape_Area":3744482872.4884143,"OBJECTID":1,"test":0,"Dist_LGD":397,"State_LGD":23}},{"type":"Feature","id":291,"geometry":{"type":"Polygon","coordinates":[[[78.3586,26.8692],[78.3317,26.8614],[78.3056,26.8624],[78.2835,26.8545],[78.2733,26.842],[78.2748,26.8227],[78.273,26.8163],[78.2681,26.8128],[78.2519,26.8171],[78.2421,26.825],[78.2252,26.8307],[78.2016,26.8217],[78.1793,26.8258],[78.173,26.8247],[78.1685,26.8205],[78.1672,26.8153],[78.1858,26.7974],[78.1873,26.7892],[78.1836,26.7838],[78.1561,26.7839],[78.1321,26.7956],[78.1178,26.7968],[78.112,26.7949],[78.1061,26.79],[78.102,26.7819],[78.1018,26.767],[78.1055,26.7603],[78.1202,26.7552],[78.1235,26.747],[78.1173,26.7416],[78.1014,26.7371],[78.0959,26.7278],[78.0923,26.7186],[78.0962,26.6849],[78.0927,26.6763],[78.0744,26.6706],[78.0553,26.6839],[78.0312,26.6864],[78.0202,26.6921],[78.0006,26.6949],[77.9948,26.6913],[77.9832,26.6736],[77.9536,26.6592],[77.9149,26.6612],[77.9036,26.659],[77.8976,26.6537],[77.8979,26.6239],[77.8946,26.6152],[77.8885,26.6128],[77.859,26.6138],[77.8472,26.6119],[77.8358,26.6063],[77.8323,26.5993],[77.8273,26.596],[77.8281,26.5893],[77.8358,26.5771],[77.8325,26.5615],[77.8236,26.5504],[77.8119,26.5472],[77.7834,26.5521],[77.7679,26.5475],[77.7551,26.5389],[77.7447,26.5382],[77.7401,26.5333],[77.7352,26.514],[77.7263,26.5021],[77.7104,26.4983],[77.6915,26.4996],[77.6829,26.5046],[77.6755,26.503],[77.6599,26.4911],[77.6333,26.4787],[77.6275,26.4724],[77.623,26.4614],[77.6135,26.4527],[77.5886,26.4464],[77.5729,26.4369],[77.5587,26.4353],[77.5466,26.4165],[77.5384,26.4113],[77.5235,26.4073],[77.4858,26.4108],[77.4613,26.4041],[77.4376,26.4034],[77.435,26.4001],[77.4353,26.3934],[77.4485,26.3678],[77.4443,26.3616],[77.4104,26.3631],[77.3968,26.3607],[77.3904,26.3565],[77.3742,26.3657],[77.3667,26.3635],[77.3556,26.355],[77.3421,26.352],[77.3352,26.3415],[77.3305,26.3439],[77.3209,26.3334],[77.3144,26.3183],[77.3176,26.3174],[77.3167,26.3118],[77.2975,26.2902],[77.2706,26.2673],[77.2518,26.2598],[77.2313,26.2462],[77.2171,26.2403],[77.2108,26.2328],[77.1983,26.2302],[77.1741,26.239],[77.1687,26.2328],[77.155,26.232],[77.1392,26.2345],[77.1226,26.2259],[77.1148,26.2178],[77.1269,26.2102],[77.1472,26.1923],[77.1357,26.1743],[77.1406,26.1728],[77.1417,26.1681],[77.1458,26.165],[77.1506,26.1643],[77.1657,26.1726],[77.1678,26.1715],[77.1685,26.1745],[77.1806,26.1744],[77.1742,26.1697],[77.1758,26.1655],[77.1774,26.1624],[77.1838,26.1622],[77.1842,26.1591],[77.2009,26.1404],[77.202,26.1285],[77.199,26.1234],[77.2038,26.1177],[77.2082,26.1035],[77.2136,26.0987],[77.2264,26.096],[77.2319,26.0888],[77.2338,26.0785],[77.2389,26.079],[77.2424,26.083],[77.2536,26.0868],[77.2543,26.0917],[77.2589,26.0972],[77.2591,26.1038],[77.277,26.1252],[77.293,26.1312],[77.2994,26.1301],[77.3019,26.1331],[77.3118,26.1343],[77.3113,26.1399],[77.3139,26.1428],[77.3198,26.1425],[77.3254,26.1391],[77.3319,26.1462],[77.3458,26.1414],[77.3619,26.1484],[77.3828,26.1484],[77.3849,26.1555],[77.3981,26.1553],[77.413,26.1444],[77.4263,26.139],[77.4237,26.1333],[77.4264,26.1291],[77.4263,26.1234],[77.4311,26.1246],[77.4426,26.1197],[77.4409,26.1151],[77.4439,26.1115],[77.4532,26.1102],[77.4568,26.1041],[77.4657,26.1032],[77.4705,26.0897],[77.4807,26.0882],[77.4876,26.078],[77.4988,26.068],[77.51,26.0646],[77.5098,26.0535],[77.5163,26.0505],[77.5199,26.0453],[77.5431,26.038],[77.5526,26.024],[77.5703,26.0204],[77.5754,26.0147],[77.5812,26.0122],[77.5917,26.0151],[77.598,26.0269],[77.6073,26.0352],[77.6134,26.0361],[77.6119,26.0374],[77.6139,26.0438],[77.6107,26.0455],[77.6104,26.0597],[77.5998,26.0645],[77.604,26.0693],[77.6087,26.0717],[77.6165,26.0717],[77.6341,26.082],[77.6407,26.0929],[77.6642,26.0956],[77.6678,26.0915],[77.6667,26.0866],[77.6698,26.069],[77.6433,26.066],[77.6321,26.07],[77.6366,26.0613],[77.6383,26.0488],[77.6261,26.0389],[77.6205,26.0374],[77.6149,26.029],[77.6162,26.0211],[77.6254,26.0135],[77.6442,26.0129],[77.6485,26.0085],[77.6536,26.0101],[77.6513,26.0048],[77.6533,26.0031],[77.644,25.9911],[77.6489,25.9617],[77.6397,25.9582],[77.6167,25.9564],[77.6081,25.9566],[77.602,25.9602],[77.6005,25.9553],[77.5789,25.9465],[77.5829,25.9408],[77.5751,25.9389],[77.5708,25.9335],[77.5669,25.9332],[77.5651,25.9269],[77.5628,25.9323],[77.5518,25.9365],[77.5473,25.9414],[77.5382,25.9439],[77.5373,25.9345],[77.5413,25.9275],[77.5473,25.9235],[77.5453,25.9201],[77.5469,25.9153],[77.5429,25.9129],[77.5431,25.9089],[77.5498,25.9003],[77.5535,25.9032],[77.5555,25.9],[77.5594,25.902],[77.5619,25.9003],[77.5697,25.9068],[77.5716,25.9054],[77.5743,25.9097],[77.5894,25.9098],[77.5987,25.9163],[77.6085,25.9183],[77.6121,25.9161],[77.6154,25.9182],[77.6273,25.917],[77.6556,25.9101],[77.6809,25.9129],[77.6757,25.9175],[77.6731,25.9295],[77.6778,25.9327],[77.6719,25.9378],[77.6703,25.9432],[77.672,25.953],[77.6673,25.9653],[77.6776,25.9844],[77.7058,26.0058],[77.7213,26.0368],[77.7286,26.0464],[77.7615,26.037],[77.7757,26.0492],[77.7759,26.0535],[77.7668,26.0728],[77.766,26.0806],[77.7604,26.0822],[77.7725,26.1148],[77.7611,26.1172],[77.7523,26.1134],[77.7409,26.1221],[77.742,26.138],[77.7477,26.1445],[77.7434,26.1609],[77.7614,26.172],[77.7633,26.1795],[77.7707,26.1819],[77.7714,26.2006],[77.7811,26.2095],[77.7815,26.2193],[77.7955,26.2259],[77.8068,26.2434],[77.8123,26.2468],[77.8159,26.2552],[77.8453,26.2487],[77.8404,26.2445],[77.8358,26.2282],[77.8494,26.2195],[77.8478,26.213],[77.8635,26.2123],[77.8736,26.218],[77.873,26.2246],[77.8756,26.2307],[77.8838,26.2309],[77.8929,26.2253],[77.9018,26.2311],[77.9038,26.2438],[77.9069,26.2492],[77.9123,26.2519],[77.948,26.2523],[77.9517,26.2415],[77.9623,26.2595],[77.9857,26.2503],[77.9887,26.2427],[77.9955,26.2424],[77.997,26.2548],[77.9886,26.2652],[77.9968,26.2723],[78.0117,26.2723],[78.0016,26.287],[78.0006,26.2928],[78.0019,26.3211],[78.0052,26.3264],[78.008,26.3202],[78.0283,26.3083],[78.0321,26.3122],[78.0384,26.3133],[78.0475,26.3135],[78.0524,26.31],[78.0582,26.3174],[78.065,26.3125],[78.0677,26.313],[78.0653,26.3208],[78.0679,26.3242],[78.0737,26.3251],[78.0739,26.3318],[78.0813,26.3311],[78.0973,26.3236],[78.1104,26.3239],[78.1194,26.3388],[78.1476,26.3396],[78.1501,26.3415],[78.1613,26.3341],[78.1633,26.3268],[78.1691,26.329],[78.181,26.3208],[78.2012,26.3179],[78.2006,26.3134],[78.2028,26.3122],[78.2042,26.3046],[78.2299,26.3031],[78.2295,26.305],[78.232,26.3043],[78.2346,26.3071],[78.2315,26.3084],[78.2325,26.3103],[78.2377,26.3073],[78.2492,26.3082],[78.2578,26.3133],[78.264,26.314],[78.2551,26.3232],[78.2569,26.3289],[78.2645,26.3361],[78.2628,26.338],[78.2675,26.3437],[78.269,26.353],[78.2646,26.3535],[78.2591,26.3589],[78.2722,26.3731],[78.2742,26.381],[78.2767,26.3796],[78.2818,26.3831],[78.2931,26.4047],[78.2945,26.4157],[78.2862,26.4221],[78.2869,26.432],[78.2913,26.4388],[78.2759,26.444],[78.2695,26.4365],[78.255,26.442],[78.2583,26.4529],[78.261,26.4531],[78.2654,26.4639],[78.2607,26.4637],[78.2592,26.4589],[78.2528,26.4582],[78.2481,26.459],[78.2471,26.4634],[78.2414,26.4635],[78.2393,26.4752],[78.2304,26.4812],[78.2342,26.4908],[78.2207,26.508],[78.2188,26.5119],[78.2213,26.5165],[78.2105,26.5193],[78.214,26.5295],[78.221,26.5314],[78.2276,26.5263],[78.2401,26.5255],[78.2425,26.5279],[78.241,26.5316],[78.2378,26.5322],[78.2327,26.5289],[78.2292,26.5329],[78.2317,26.5376],[78.2375,26.5392],[78.2389,26.5456],[78.2448,26.5447],[78.2503,26.5388],[78.2586,26.5408],[78.26,26.5346],[78.2673,26.5333],[78.2705,26.5369],[78.2702,26.5454],[78.2779,26.5566],[78.2777,26.5591],[78.2711,26.5626],[78.271,26.5658],[78.2809,26.5657],[78.2807,26.5765],[78.2862,26.5759],[78.2896,26.5709],[78.2943,26.5782],[78.297,26.5904],[78.3058,26.5879],[78.3025,26.5685],[78.3104,26.5613],[78.3081,26.5541],[78.3109,26.5505],[78.3156,26.5493],[78.3258,26.5519],[78.3381,26.544],[78.3441,26.5447],[78.3446,26.5498],[78.3393,26.554],[78.339,26.5598],[78.3512,26.5604],[78.3544,26.5709],[78.3669,26.5706],[78.3668,26.5841],[78.3706,26.5883],[78.375,26.5878],[78.3784,26.5829],[78.3902,26.5878],[78.3908,26.5951],[78.3885,26.5974],[78.3803,26.5983],[78.3799,26.6041],[78.4028,26.6022],[78.4115,26.5891],[78.4171,26.5895],[78.4219,26.5932],[78.4212,26.5955],[78.4148,26.598],[78.4139,26.6015],[78.4154,26.6039],[78.4219,26.6021],[78.4227,26.61],[78.4278,26.6083],[78.4341,26.6118],[78.4287,26.6129],[78.4262,26.6164],[78.4332,26.6255],[78.4358,26.6249],[78.4364,26.6213],[78.4407,26.6244],[78.433,26.6311],[78.435,26.6383],[78.4411,26.6412],[78.4409,26.6454],[78.4468,26.6455],[78.45,26.6485],[78.4567,26.6466],[78.462,26.6508],[78.4678,26.6492],[78.4675,26.6541],[78.4611,26.6633],[78.4637,26.6698],[78.4592,26.6711],[78.4596,26.6733],[78.468,26.6721],[78.4712,26.6799],[78.4825,26.6711],[78.4829,26.6772],[78.4852,26.6787],[78.4881,26.6708],[78.4945,26.6698],[78.5064,26.6777],[78.5083,26.6848],[78.5114,26.6863],[78.522,26.6753],[78.5269,26.6756],[78.5277,26.6784],[78.5224,26.6848],[78.5308,26.6896],[78.5256,26.6901],[78.5208,26.694],[78.5247,26.6991],[78.5225,26.7037],[78.5249,26.7101],[78.522,26.7107],[78.5134,26.7215],[78.5256,26.7385],[78.5391,26.7328],[78.5388,26.7371],[78.5343,26.74],[78.5368,26.7413],[78.5389,26.7509],[78.5431,26.7501],[78.5396,26.7573],[78.5452,26.7637],[78.521,26.7806],[78.4916,26.7822],[78.4798,26.7868],[78.4607,26.7876],[78.4511,26.7993],[78.4406,26.8188],[78.4335,26.8257],[78.3952,26.8171],[78.3793,26.842],[78.3721,26.8641],[78.3586,26.8692]]]},"properties":{"dtname":"Morena","stname":"MADHYA PRADESH","stcode11":"23","dtcode11":"419","year_stat":"2011_c","Shape_Length":718898.6724858463,"Shape_Area":6242471207.709712,"OBJECTID":291,"test":0,"Dist_LGD":417,"State_LGD":23}},{"type":"Feature","id":297,"geometry":{"type":"Polygon","coordinates":[[[78.7227,26.7964],[78.7108,26.7925],[78.6969,26.7924],[78.6825,26.7877],[78.6748,26.7662],[78.6722,26.7643],[78.6615,26.7638],[78.6309,26.7732],[78.6273,26.7723],[78.6188,26.7646],[78.6145,26.7531],[78.6077,26.7496],[78.5922,26.7522],[78.5775,26.7485],[78.5729,26.7506],[78.5646,26.7616],[78.5452,26.7637],[78.5396,26.7573],[78.5431,26.7501],[78.5389,26.7509],[78.5368,26.7413],[78.5343,26.74],[78.5388,26.7371],[78.5391,26.7328],[78.5256,26.7385],[78.5134,26.7215],[78.522,26.7107],[78.5249,26.7101],[78.5225,26.7037],[78.5247,26.6991],[78.5208,26.694],[78.5256,26.6901],[78.5308,26.6896],[78.5224,26.6848],[78.5277,26.6784],[78.5269,26.6756],[78.522,26.6753],[78.5114,26.6863],[78.5083,26.6848],[78.5064,26.6777],[78.4945,26.6698],[78.4881,26.6708],[78.4852,26.6787],[78.4829,26.6772],[78.4825,26.6711],[78.4712,26.6799],[78.468,26.6721],[78.4596,26.6733],[78.4592,26.6711],[78.4637,26.6698],[78.4611,26.6633],[78.4675,26.6541],[78.4678,26.6492],[78.462,26.6508],[78.4567,26.6466],[78.45,26.6485],[78.4468,26.6455],[78.4409,26.6454],[78.4411,26.6412],[78.435,26.6383],[78.433,26.6311],[78.4407,26.6244],[78.4364,26.6213],[78.4358,26.6249],[78.4332,26.6255],[78.4262,26.6164],[78.4287,26.6129],[78.4341,26.6118],[78.4278,26.6083],[78.4227,26.61],[78.4219,26.6021],[78.4154,26.6039],[78.4139,26.6015],[78.4148,26.598],[78.422,26.5946],[78.419,26.5906],[78.4108,26.5893],[78.4079,26.5967],[78.4021,26.6025],[78.389,26.6019],[78.3799,26.6041],[78.3803,26.5983],[78.3885,26.5974],[78.3914,26.5941],[78.3896,26.5867],[78.3784,26.5829],[78.3746,26.588],[78.37,26.5879],[78.3668,26.5841],[78.3669,26.5706],[78.3544,26.5709],[78.3512,26.5604],[78.3384,26.5591],[78.3405,26.552],[78.3452,26.5477],[78.3444,26.5449],[78.3402,26.5438],[78.3262,26.5518],[78.3156,26.5493],[78.3109,26.5505],[78.3081,26.5541],[78.3104,26.5613],[78.3025,26.5685],[78.3058,26.5879],[78.2968,26.5904],[78.2943,26.5782],[78.2896,26.5709],[78.2862,26.5759],[78.2807,26.5765],[78.2809,26.5657],[78.271,26.5658],[78.2711,26.5626],[78.2777,26.5591],[78.2779,26.5566],[78.2702,26.5454],[78.2705,26.5369],[78.2673,26.5333],[78.26,26.5346],[78.2586,26.5408],[78.2503,26.5388],[78.2448,26.5447],[78.2389,26.5456],[78.2375,26.5392],[78.2317,26.5376],[78.2292,26.5329],[78.2333,26.5289],[78.2399,26.5321],[78.242,26.5271],[78.2362,26.5244],[78.2273,26.5264],[78.2227,26.531],[78.2167,26.5314],[78.213,26.5279],[78.2105,26.5193],[78.2213,26.5165],[78.2188,26.5119],[78.2207,26.508],[78.2342,26.4908],[78.2304,26.4812],[78.2393,26.4752],[78.2414,26.4635],[78.2471,26.4634],[78.2481,26.459],[78.2528,26.4582],[78.2592,26.4589],[78.2607,26.4637],[78.2654,26.4639],[78.261,26.4531],[78.2583,26.4529],[78.255,26.442],[78.2695,26.4365],[78.2759,26.444],[78.2913,26.4388],[78.2869,26.432],[78.2862,26.4221],[78.2945,26.4157],[78.2931,26.4047],[78.2818,26.3831],[78.2767,26.3796],[78.2742,26.381],[78.2722,26.3731],[78.2591,26.3589],[78.2646,26.3535],[78.269,26.353],[78.2675,26.3437],[78.2628,26.338],[78.2644,26.3364],[78.2746,26.3363],[78.2816,26.3445],[78.2909,26.3457],[78.2907,26.3484],[78.2978,26.3457],[78.2953,26.3356],[78.303,26.3382],[78.3027,26.3431],[78.3049,26.3453],[78.3168,26.3421],[78.3242,26.347],[78.3441,26.3441],[78.349,26.3405],[78.3482,26.3364],[78.3581,26.3344],[78.3671,26.3395],[78.3745,26.3392],[78.3773,26.3354],[78.3843,26.3331],[78.3963,26.3358],[78.4067,26.3305],[78.4075,26.3329],[78.4211,26.3305],[78.419,26.3223],[78.4142,26.3172],[78.4159,26.3135],[78.4126,26.2965],[78.4269,26.285],[78.4418,26.2796],[78.4402,26.2602],[78.4554,26.2566],[78.4634,26.2586],[78.4668,26.2566],[78.4689,26.2502],[78.4719,26.2498],[78.4791,26.2666],[78.5001,26.2636],[78.4999,26.26],[78.5082,26.2556],[78.5038,26.2473],[78.5048,26.2445],[78.5179,26.2425],[78.5205,26.2393],[78.5174,26.2275],[78.5299,26.2245],[78.5305,26.221],[78.5413,26.2183],[78.5381,26.2075],[78.5456,26.1996],[78.5565,26.2031],[78.5648,26.2005],[78.5694,26.2044],[78.5686,26.2058],[78.5757,26.2082],[78.5825,26.2166],[78.5945,26.2098],[78.5947,26.2067],[78.6061,26.2042],[78.6083,26.1915],[78.6127,26.1997],[78.6105,26.2063],[78.6122,26.2172],[78.6191,26.2175],[78.6197,26.2067],[78.6269,26.2034],[78.6224,26.1663],[78.627,26.1571],[78.6346,26.1643],[78.6476,26.1694],[78.6561,26.1699],[78.6596,26.1676],[78.6658,26.1695],[78.6694,26.1677],[78.6763,26.1706],[78.6827,26.1646],[78.6947,26.1631],[78.7029,26.1758],[78.7013,26.1817],[78.692,26.1929],[78.6937,26.2044],[78.6984,26.2112],[78.696,26.2127],[78.6959,26.2177],[78.7038,26.217],[78.7083,26.2206],[78.7154,26.2212],[78.7183,26.226],[78.7226,26.2238],[78.7295,26.2278],[78.7407,26.2235],[78.7425,26.228],[78.7407,26.2287],[78.7453,26.2331],[78.7535,26.2354],[78.7558,26.2437],[78.7443,26.2498],[78.7492,26.2583],[78.7554,26.2658],[78.7683,26.2646],[78.7755,26.2724],[78.7801,26.272],[78.7906,26.2902],[78.8015,26.2884],[78.8112,26.2897],[78.8175,26.2837],[78.8237,26.2843],[78.8277,26.2749],[78.8279,26.2626],[78.8091,26.2548],[78.8038,26.2487],[78.8012,26.2326],[78.7972,26.2302],[78.7914,26.2311],[78.79,26.2234],[78.8086,26.2139],[78.8134,26.2094],[78.8151,26.2022],[78.8242,26.2058],[78.8354,26.202],[78.8372,26.1972],[78.8338,26.1926],[78.8289,26.1931],[78.8264,26.1876],[78.8188,26.1843],[78.8079,26.1828],[78.804,26.179],[78.7988,26.1665],[78.8056,26.1632],[78.808,26.1653],[78.815,26.1624],[78.8141,26.1605],[78.8161,26.1612],[78.819,26.1513],[78.8227,26.1484],[78.8228,26.1426],[78.8268,26.1376],[78.8203,26.1287],[78.825,26.1226],[78.8454,26.1119],[78.8399,26.0964],[78.8358,26.0915],[78.8331,26.0928],[78.8335,26.0979],[78.8251,26.1007],[78.8218,26.0928],[78.8065,26.0948],[78.8001,26.0861],[78.8018,26.0808],[78.8115,26.0762],[78.8112,26.0724],[78.8222,26.0706],[78.8298,26.0721],[78.8301,26.0688],[78.8269,26.0626],[78.8148,26.0561],[78.802,26.0615],[78.797,26.0555],[78.7917,26.0559],[78.7903,26.0538],[78.8116,26.049],[78.8175,26.0428],[78.8124,26.0403],[78.8097,26.0431],[78.8027,26.0424],[78.8027,26.045],[78.7978,26.0381],[78.7859,26.0434],[78.7838,26.0395],[78.7877,26.0358],[78.7882,26.031],[78.783,26.0244],[78.7741,26.0209],[78.7728,26.018],[78.7824,26.0124],[78.7869,26.0121],[78.786,26.0076],[78.7814,26.0066],[78.7779,26.0026],[78.7776,25.999],[78.7836,25.9964],[78.7812,25.9948],[78.7868,25.9868],[78.778,25.9693],[78.7832,25.9622],[78.794,25.9625],[78.8014,25.96],[78.7966,25.9541],[78.8042,25.944],[78.8173,25.9411],[78.8216,25.9513],[78.8414,25.9505],[78.8376,25.9389],[78.8464,25.9368],[78.8463,25.9342],[78.8537,25.9271],[78.8552,25.9231],[78.853,25.9195],[78.8592,25.9164],[78.8651,25.907],[78.8707,25.9064],[78.8761,25.9074],[78.8774,25.9121],[78.8832,25.9091],[78.8861,25.9153],[78.8986,25.9179],[78.9057,25.9256],[78.9058,25.9295],[78.9097,25.9315],[78.9082,25.9345],[78.9215,25.9407],[78.9267,25.9468],[78.9316,25.9475],[78.9363,25.9417],[78.939,25.9427],[78.9333,25.9482],[78.9371,25.9528],[78.9343,25.9531],[78.9348,25.9559],[78.9305,25.9589],[78.9348,25.9614],[78.9347,25.9644],[78.9376,25.9645],[78.9378,25.9738],[78.9332,25.9793],[78.9361,25.9818],[78.9435,25.9789],[78.9532,25.9891],[78.9483,25.9932],[78.9568,25.9965],[78.9466,26.0012],[78.9445,26.0063],[78.9535,26.0152],[78.9483,26.0278],[78.9531,26.0293],[78.9546,26.0334],[78.9605,26.0349],[78.9697,26.0458],[78.974,26.0448],[78.9734,26.0507],[78.9802,26.0481],[78.9862,26.0537],[78.9863,26.0604],[78.9895,26.0628],[78.9907,26.0688],[79.0027,26.0667],[79.0081,26.0754],[79.0084,26.0801],[79.0119,26.0827],[79.0126,26.0899],[79.0087,26.0932],[79.0021,26.0902],[78.9936,26.0937],[78.9756,26.1052],[78.9769,26.116],[78.9635,26.1222],[78.9585,26.128],[78.9489,26.1287],[78.9516,26.1343],[78.9629,26.1365],[78.9657,26.1414],[78.9644,26.1485],[78.967,26.1501],[78.9796,26.1512],[78.9943,26.1462],[78.9985,26.15],[79.0049,26.1481],[79.0082,26.1564],[79.0048,26.1626],[79.0045,26.1692],[78.9947,26.1729],[78.983,26.1843],[78.9937,26.1969],[78.9977,26.1985],[79.0069,26.1917],[79.0265,26.1913],[79.0201,26.1982],[79.0278,26.2033],[79.0248,26.2084],[79.0258,26.2201],[79.0136,26.2255],[78.9966,26.228],[78.9894,26.235],[78.9917,26.239],[79.0033,26.2444],[79.009,26.2418],[79.0194,26.2476],[79.0307,26.2393],[79.0349,26.2253],[79.0379,26.2273],[79.0471,26.2242],[79.0533,26.2281],[79.0634,26.2259],[79.0653,26.2298],[79.0624,26.2365],[79.0709,26.2415],[79.0697,26.2457],[79.0644,26.2493],[79.0543,26.2503],[79.0521,26.2546],[79.046,26.2565],[79.0456,26.2603],[79.0557,26.2589],[79.0569,26.2603],[79.0535,26.2627],[79.0647,26.2771],[79.0745,26.2779],[79.077,26.2807],[79.0807,26.2784],[79.0844,26.2797],[79.0836,26.2755],[79.0854,26.2763],[79.0869,26.2714],[79.0907,26.2701],[79.0965,26.2785],[79.0899,26.2878],[79.0971,26.2946],[79.0979,26.301],[79.1019,26.3069],[79.1133,26.3047],[79.1174,26.2989],[79.1175,26.3052],[79.1249,26.3116],[79.1198,26.3126],[79.1155,26.3205],[79.1249,26.3224],[79.1252,26.3271],[79.1274,26.3219],[79.135,26.3248],[79.1321,26.3334],[79.1326,26.3354],[79.1372,26.3356],[79.1375,26.3385],[79.1319,26.3373],[79.1205,26.3483],[79.1109,26.3496],[79.1093,26.3522],[79.1048,26.3495],[79.1031,26.3532],[79.0979,26.3555],[79.0891,26.3547],[79.0842,26.3593],[79.0873,26.3685],[79.0914,26.3712],[79.0948,26.3697],[79.0964,26.3724],[79.0969,26.3755],[79.0943,26.3762],[79.0964,26.3831],[79.089,26.3965],[79.0919,26.406],[79.0961,26.408],[79.0952,26.4126],[79.0995,26.412],[79.1003,26.4082],[79.1047,26.4064],[79.126,26.4113],[79.1237,26.4116],[79.1243,26.4226],[79.1352,26.4401],[79.1294,26.4404],[79.1218,26.4471],[79.1181,26.4455],[79.0997,26.4526],[79.0961,26.45],[79.0972,26.4449],[79.0952,26.4424],[79.0872,26.4463],[79.0837,26.4417],[79.0817,26.4433],[79.0787,26.4407],[79.0699,26.4419],[79.062,26.4538],[79.0526,26.4537],[79.0717,26.4789],[79.0678,26.4846],[79.0681,26.4966],[79.0563,26.4951],[79.0538,26.5025],[79.0449,26.5103],[79.0486,26.518],[79.0397,26.5151],[79.0398,26.5299],[79.0266,26.5357],[79.0283,26.5467],[79.0189,26.541],[79.0146,26.5462],[79.0077,26.5439],[79.007,26.5486],[79.0144,26.5507],[79.0063,26.5594],[79.0072,26.5655],[79.0002,26.5784],[78.9899,26.579],[78.9876,26.5931],[78.9891,26.5956],[78.9917,26.5938],[78.9969,26.5971],[79.0165,26.6007],[79.0084,26.6238],[78.9936,26.641],[79.0084,26.6639],[79.0073,26.6714],[78.9933,26.6773],[78.9799,26.6758],[78.9723,26.6721],[78.9567,26.6575],[78.9503,26.6541],[78.9455,26.6548],[78.9425,26.6582],[78.9426,26.6641],[78.9478,26.6736],[78.9575,26.6828],[78.9584,26.6874],[78.9556,26.6918],[78.9097,26.707],[78.8932,26.6975],[78.8717,26.6981],[78.8591,26.7087],[78.8372,26.733],[78.8159,26.7624],[78.8033,26.7659],[78.7864,26.7646],[78.7719,26.7701],[78.7516,26.7869],[78.7462,26.7862],[78.7376,26.775],[78.73,26.7751],[78.7255,26.7805],[78.7293,26.7926],[78.7227,26.7964]]]},"properties":{"dtname":"Bhind","stname":"MADHYA PRADESH","stcode11":"23","dtcode11":"420","year_stat":"2011_c","Shape_Length":664122.8033762894,"Shape_Area":5589049795.774784,"OBJECTID":297,"test":0,"Dist_LGD":395,"State_LGD":23}},{"type":"Feature","id":317,"geometry":{"type":"Polygon","coordinates":[[[78.2911,26.3482],[78.2909,26.3457],[78.2816,26.3445],[78.2746,26.3363],[78.2644,26.3364],[78.2569,26.3289],[78.2557,26.321],[78.264,26.314],[78.2578,26.3133],[78.2492,26.3082],[78.2377,26.3073],[78.2325,26.3103],[78.2315,26.3084],[78.2346,26.3071],[78.232,26.3043],[78.2295,26.305],[78.2299,26.3031],[78.2041,26.3046],[78.2028,26.3122],[78.2005,26.3138],[78.2012,26.3179],[78.181,26.3208],[78.1691,26.329],[78.1633,26.3268],[78.1613,26.3341],[78.1501,26.3415],[78.1476,26.3396],[78.1194,26.3388],[78.1104,26.3239],[78.0973,26.3236],[78.0813,26.3311],[78.0739,26.3318],[78.0737,26.3251],[78.0679,26.3242],[78.0653,26.3208],[78.0677,26.313],[78.065,26.3125],[78.0582,26.3174],[78.0524,26.31],[78.0475,26.3135],[78.0384,26.3133],[78.0321,26.3122],[78.0283,26.3083],[78.008,26.3202],[78.0052,26.3264],[78.0019,26.3211],[78.0006,26.2928],[78.0016,26.287],[78.0117,26.2723],[77.9968,26.2723],[77.9886,26.2652],[77.997,26.2548],[77.9955,26.2424],[77.9887,26.2427],[77.9857,26.2503],[77.9623,26.2595],[77.9517,26.2415],[77.948,26.2523],[77.9123,26.2519],[77.9069,26.2492],[77.9038,26.2438],[77.9018,26.2311],[77.8929,26.2253],[77.8838,26.2309],[77.8756,26.2307],[77.873,26.2246],[77.8736,26.218],[77.8635,26.2123],[77.8478,26.213],[77.8494,26.2195],[77.8358,26.2282],[77.8404,26.2445],[77.8453,26.2487],[77.8159,26.2552],[77.8123,26.2468],[77.8068,26.2434],[77.7955,26.2259],[77.7815,26.2193],[77.7811,26.2095],[77.7714,26.2006],[77.7707,26.1819],[77.7633,26.1795],[77.7614,26.172],[77.7434,26.1609],[77.7477,26.1445],[77.742,26.138],[77.7409,26.1221],[77.7523,26.1134],[77.7611,26.1172],[77.7725,26.1148],[77.7604,26.0822],[77.766,26.0806],[77.7668,26.0728],[77.7759,26.0535],[77.7757,26.0492],[77.7615,26.037],[77.7286,26.0464],[77.7164,26.0281],[77.7082,26.0087],[77.7036,26.0032],[77.6805,25.9876],[77.6674,25.9665],[77.672,25.953],[77.6703,25.9432],[77.6719,25.9378],[77.6778,25.9327],[77.6731,25.9295],[77.6757,25.9175],[77.6809,25.9129],[77.6859,25.9121],[77.6962,25.9014],[77.6988,25.8974],[77.6986,25.8848],[77.7007,25.8806],[77.7145,25.8761],[77.7185,25.8797],[77.7307,25.8771],[77.749,25.8838],[77.7507,25.8826],[77.7476,25.8811],[77.7481,25.8742],[77.7454,25.866],[77.7474,25.8611],[77.7601,25.8615],[77.764,25.8464],[77.7684,25.8479],[77.7744,25.857],[77.7831,25.8562],[77.7953,25.8368],[77.7963,25.8251],[77.8002,25.8208],[77.8086,25.8213],[77.8119,25.8175],[77.8259,25.8124],[77.8468,25.8139],[77.8663,25.8077],[77.8692,25.8041],[77.8701,25.7954],[77.8768,25.7885],[77.8669,25.7817],[77.8722,25.7809],[77.873,25.7766],[77.8766,25.78],[77.874,25.7721],[77.8755,25.7696],[77.8729,25.7658],[77.8748,25.7628],[77.8702,25.7627],[77.87,25.7659],[77.8642,25.759],[77.8682,25.7581],[77.8691,25.7535],[77.8709,25.7585],[77.8721,25.7563],[77.8766,25.756],[77.8735,25.7424],[77.8703,25.7451],[77.8686,25.7438],[77.8743,25.7384],[77.8839,25.7353],[77.8945,25.7423],[77.9097,25.7432],[77.9137,25.752],[77.9172,25.7544],[77.9444,25.7473],[77.9618,25.7491],[77.965,25.753],[77.9711,25.7533],[77.9705,25.7564],[77.9789,25.7628],[78.001,25.7657],[78.0022,25.7574],[77.9973,25.7388],[78.0122,25.7319],[78.0111,25.7269],[78.0196,25.7251],[78.0231,25.7165],[78.0265,25.7199],[78.0304,25.7162],[78.0537,25.7086],[78.0562,25.7121],[78.0624,25.7105],[78.0744,25.7189],[78.0857,25.7201],[78.0928,25.7161],[78.0982,25.7161],[78.1054,25.7205],[78.1152,25.7212],[78.1162,25.7185],[78.1254,25.7198],[78.1336,25.7261],[78.1369,25.7237],[78.1419,25.7255],[78.1422,25.7228],[78.1483,25.7266],[78.1497,25.7207],[78.1595,25.7194],[78.165,25.7296],[78.1779,25.7404],[78.2143,25.7375],[78.2343,25.7609],[78.2399,25.7577],[78.2446,25.7605],[78.2626,25.7829],[78.2789,25.7821],[78.2908,25.7845],[78.3103,25.7922],[78.3188,25.792],[78.3268,25.7977],[78.3258,25.8022],[78.3159,25.8134],[78.3075,25.8116],[78.3128,25.8157],[78.3187,25.8261],[78.3277,25.8329],[78.3373,25.8362],[78.3427,25.8321],[78.3479,25.8353],[78.3633,25.8323],[78.3665,25.8359],[78.3807,25.8351],[78.3889,25.8373],[78.3926,25.8452],[78.3863,25.8519],[78.3878,25.8554],[78.4029,25.8599],[78.4133,25.8682],[78.4198,25.8778],[78.4377,25.884],[78.454,25.9006],[78.4729,25.9103],[78.4749,25.9185],[78.4723,25.9316],[78.4842,25.9414],[78.4823,25.9621],[78.4869,25.9648],[78.5068,25.9645],[78.517,25.9689],[78.5427,25.9737],[78.5459,25.985],[78.5566,25.9939],[78.5699,25.9966],[78.585,26.0056],[78.6014,26.0365],[78.6036,26.0466],[78.6172,26.051],[78.6267,26.0487],[78.6441,26.0605],[78.6457,26.066],[78.6313,26.0723],[78.632,26.0758],[78.6393,26.0819],[78.6065,26.0986],[78.6057,26.1014],[78.6121,26.1112],[78.6088,26.1294],[78.6158,26.1339],[78.6318,26.123],[78.6447,26.1201],[78.6491,26.1219],[78.6523,26.1266],[78.6396,26.1281],[78.6331,26.1519],[78.6285,26.1539],[78.6225,26.1631],[78.6269,26.2034],[78.6197,26.2067],[78.6191,26.2175],[78.6122,26.2172],[78.6105,26.2063],[78.6127,26.1997],[78.6083,26.1915],[78.6061,26.2042],[78.5947,26.2067],[78.5945,26.2098],[78.5825,26.2166],[78.5757,26.2082],[78.5686,26.2058],[78.5694,26.2044],[78.5648,26.2005],[78.5565,26.2031],[78.5456,26.1996],[78.5381,26.2075],[78.5413,26.2183],[78.5305,26.221],[78.5299,26.2245],[78.5174,26.2275],[78.5205,26.2393],[78.5179,26.2425],[78.5048,26.2445],[78.5038,26.2473],[78.5082,26.2556],[78.4999,26.26],[78.5001,26.2636],[78.4791,26.2666],[78.4719,26.2498],[78.4689,26.2502],[78.4668,26.2566],[78.4634,26.2586],[78.4554,26.2566],[78.4402,26.2602],[78.4418,26.2796],[78.4269,26.285],[78.4126,26.2965],[78.4159,26.3135],[78.4142,26.3172],[78.419,26.3223],[78.4211,26.3305],[78.4075,26.3329],[78.4067,26.3305],[78.3963,26.3358],[78.3843,26.3331],[78.3773,26.3354],[78.3745,26.3392],[78.3671,26.3395],[78.3581,26.3344],[78.3482,26.3364],[78.349,26.3405],[78.3441,26.3441],[78.3242,26.347],[78.3168,26.3421],[78.3049,26.3453],[78.3027,26.3431],[78.303,26.3382],[78.2953,26.3356],[78.2978,26.3457],[78.2911,26.3482]]]},"properties":{"dtname":"Gwalior","stname":"MADHYA PRADESH","stcode11":"23","dtcode11":"421","year_stat":"2011_c","Shape_Length":445864.1261261175,"Shape_Area":5676052566.027933,"OBJECTID":317,"test":0,"Dist_LGD":407,"State_LGD":23}},{"type":"Feature","id":318,"geometry":{"type":"Polygon","coordinates":[[[77.1156,26.2172],[77.1129,26.213],[77.1122,26.2024],[77.0973,26.1836],[77.0821,26.1792],[77.0555,26.1798],[77.0314,26.1725],[77.0064,26.1512],[77.0015,26.1426],[77.0029,26.1364],[76.999,26.1301],[76.9777,26.125],[76.9481,26.1028],[76.916,26.0985],[76.9006,26.0928],[76.8978,26.0744],[76.89,26.0635],[76.8853,26.048],[76.8781,26.0441],[76.8669,26.0329],[76.8567,26.0349],[76.84,26.0261],[76.8325,26.0181],[76.8269,26.0075],[76.8145,25.9988],[76.8071,25.99],[76.8022,25.976],[76.8078,25.9727],[76.8082,25.9667],[76.7925,25.9445],[76.7795,25.9386],[76.7509,25.9413],[76.7469,25.9393],[76.748,25.9322],[76.7583,25.9252],[76.7581,25.9225],[76.751,25.9164],[76.7308,25.9054],[76.7118,25.9002],[76.6725,25.91],[76.6419,25.9079],[76.6318,25.9],[76.625,25.874],[76.6215,25.8692],[76.6152,25.868],[76.5914,25.8755],[76.5823,25.8702],[76.5559,25.8336],[76.5301,25.8114],[76.5207,25.7925],[76.5154,25.7759],[76.5178,25.7651],[76.5172,25.7535],[76.5234,25.7399],[76.5212,25.736],[76.5222,25.7283],[76.5005,25.7281],[76.4911,25.7208],[76.48,25.7169],[76.4731,25.7092],[76.4726,25.6984],[76.4792,25.6844],[76.4979,25.6765],[76.5041,25.6709],[76.4969,25.6426],[76.4989,25.6375],[76.5066,25.6355],[76.5109,25.6283],[76.5138,25.6028],[76.5056,25.5796],[76.52,25.5473],[76.5164,25.5276],[76.5279,25.5152],[76.5371,25.5112],[76.5403,25.5066],[76.5408,25.5003],[76.5554,25.483],[76.5582,25.4706],[76.5553,25.4534],[76.5671,25.4408],[76.5826,25.4367],[76.5876,25.4318],[76.5985,25.4047],[76.5985,25.3923],[76.6094,25.3904],[76.6165,25.381],[76.6234,25.3767],[76.6289,25.3776],[76.6313,25.3817],[76.6363,25.3838],[76.6402,25.3835],[76.6409,25.3796],[76.6466,25.3736],[76.6462,25.3707],[76.6495,25.3721],[76.6497,25.3664],[76.6545,25.3666],[76.6566,25.3612],[76.6604,25.3654],[76.6699,25.3488],[76.677,25.3477],[76.6784,25.3506],[76.6824,25.3482],[76.6891,25.3522],[76.7005,25.3515],[76.7034,25.3477],[76.7111,25.346],[76.7293,25.3285],[76.7406,25.3276],[76.7777,25.3155],[76.79,25.3196],[76.8134,25.3227],[76.8202,25.3261],[76.8387,25.3262],[76.8572,25.3327],[76.8707,25.3274],[76.8723,25.329],[76.8812,25.3242],[76.902,25.3235],[76.9177,25.3091],[76.9295,25.3029],[76.9275,25.2916],[76.9233,25.2854],[76.93,25.2828],[76.9578,25.2843],[76.9598,25.2967],[76.9736,25.3003],[76.98,25.298],[77.0246,25.2966],[77.0314,25.2945],[77.0414,25.3084],[77.0457,25.3194],[77.0573,25.316],[77.0713,25.3202],[77.0754,25.3289],[77.083,25.3363],[77.0819,25.3537],[77.0712,25.3492],[77.0609,25.3482],[77.0459,25.3412],[77.0123,25.3507],[77.0109,25.3533],[77.015,25.3636],[77.0147,25.3826],[77.0258,25.3873],[77.0365,25.3881],[77.0609,25.3846],[77.0817,25.3859],[77.0848,25.3879],[77.0863,25.3826],[77.0894,25.3806],[77.1001,25.384],[77.1094,25.3932],[77.1041,25.4104],[77.124,25.4166],[77.1378,25.4175],[77.1426,25.4199],[77.147,25.4187],[77.1501,25.4229],[77.1371,25.4511],[77.1401,25.4581],[77.1507,25.466],[77.1725,25.4633],[77.1836,25.4663],[77.172,25.4855],[77.173,25.5004],[77.1755,25.5003],[77.175,25.5064],[77.1786,25.5118],[77.2102,25.5171],[77.2258,25.5144],[77.2357,25.5194],[77.2488,25.5203],[77.288,25.531],[77.2954,25.5303],[77.2996,25.5341],[77.3062,25.5445],[77.305,25.5502],[77.307,25.5552],[77.3004,25.5573],[77.2898,25.5529],[77.2707,25.5608],[77.273,25.5693],[77.27,25.5766],[77.2734,25.5835],[77.2573,25.583],[77.2596,25.5939],[77.2688,25.6142],[77.2838,25.6292],[77.2779,25.6359],[77.2585,25.6414],[77.2601,25.6449],[77.2533,25.6559],[77.2715,25.6728],[77.2759,25.6743],[77.2799,25.671],[77.2864,25.6732],[77.2932,25.6649],[77.3087,25.6607],[77.3181,25.661],[77.326,25.6678],[77.3244,25.676],[77.3196,25.6776],[77.3154,25.6831],[77.309,25.6843],[77.3087,25.6878],[77.3045,25.6901],[77.3008,25.6977],[77.2874,25.6999],[77.2788,25.706],[77.2767,25.7195],[77.3001,25.7367],[77.3142,25.7285],[77.3185,25.7312],[77.3216,25.7372],[77.3209,25.7503],[77.3188,25.7522],[77.3214,25.7655],[77.3251,25.7722],[77.3353,25.7718],[77.3259,25.7821],[77.3256,25.7858],[77.3295,25.7908],[77.3394,25.7842],[77.3725,25.7864],[77.3992,25.7809],[77.4046,25.7833],[77.4072,25.7811],[77.4089,25.7832],[77.418,25.7833],[77.4433,25.7741],[77.4416,25.7837],[77.4353,25.7935],[77.4088,25.8116],[77.4091,25.848],[77.4126,25.8544],[77.4107,25.8621],[77.4175,25.8695],[77.4136,25.8738],[77.4052,25.8757],[77.4076,25.8803],[77.4152,25.8846],[77.423,25.8849],[77.4234,25.8922],[77.4293,25.8929],[77.438,25.8888],[77.4436,25.8904],[77.4557,25.8751],[77.4604,25.8743],[77.4617,25.8698],[77.4737,25.8639],[77.4733,25.8574],[77.4821,25.854],[77.492,25.8575],[77.4979,25.8512],[77.507,25.8543],[77.5078,25.8484],[77.5129,25.8501],[77.516,25.8477],[77.5209,25.8487],[77.5219,25.851],[77.5247,25.8388],[77.5346,25.8339],[77.5483,25.836],[77.544,25.8235],[77.5512,25.8228],[77.5511,25.8167],[77.5545,25.812],[77.5584,25.8109],[77.5604,25.8137],[77.5778,25.8163],[77.5814,25.8235],[77.5808,25.8308],[77.5832,25.8383],[77.5774,25.8456],[77.5808,25.8519],[77.5787,25.8599],[77.5802,25.8631],[77.5902,25.8677],[77.6022,25.8588],[77.6115,25.8575],[77.6224,25.8649],[77.635,25.8652],[77.6393,25.8681],[77.639,25.8749],[77.6454,25.8873],[77.6421,25.8981],[77.6556,25.9101],[77.6273,25.917],[77.6154,25.9182],[77.6121,25.9161],[77.6085,25.9183],[77.5987,25.9163],[77.5894,25.9098],[77.5743,25.9097],[77.5716,25.9054],[77.5697,25.9068],[77.5619,25.9003],[77.5594,25.902],[77.5555,25.9],[77.5535,25.9032],[77.5498,25.9003],[77.5434,25.9066],[77.5429,25.9129],[77.5469,25.9153],[77.5453,25.9201],[77.5473,25.9235],[77.5413,25.9275],[77.5373,25.9345],[77.5382,25.9439],[77.5473,25.9414],[77.5518,25.9365],[77.5628,25.9323],[77.5651,25.9269],[77.5669,25.9332],[77.5708,25.9335],[77.5751,25.9389],[77.5829,25.9408],[77.5789,25.9465],[77.6005,25.9553],[77.602,25.9602],[77.6081,25.9566],[77.6167,25.9564],[77.6397,25.9582],[77.6489,25.9617],[77.644,25.9911],[77.6533,26.0031],[77.6513,26.0048],[77.6536,26.0101],[77.6485,26.0085],[77.6442,26.0129],[77.6254,26.0135],[77.6162,26.0211],[77.6149,26.029],[77.6205,26.0374],[77.6261,26.0389],[77.6383,26.0488],[77.6366,26.0613],[77.6321,26.07],[77.6433,26.066],[77.6698,26.069],[77.6667,26.0866],[77.6678,26.0915],[77.6642,26.0956],[77.6407,26.0929],[77.6341,26.082],[77.6165,26.0717],[77.6087,26.0717],[77.604,26.0693],[77.5998,26.0645],[77.6104,26.0597],[77.6107,26.0455],[77.6139,26.0438],[77.6119,26.0374],[77.6134,26.0361],[77.6073,26.0352],[77.598,26.0269],[77.5917,26.0151],[77.5852,26.0121],[77.5781,26.0132],[77.5703,26.0204],[77.5526,26.024],[77.5431,26.038],[77.5199,26.0453],[77.5163,26.0505],[77.5098,26.0535],[77.51,26.0646],[77.4988,26.068],[77.4876,26.078],[77.4807,26.0882],[77.4705,26.0897],[77.4657,26.1032],[77.4568,26.1041],[77.4532,26.1102],[77.4439,26.1115],[77.4409,26.1151],[77.4426,26.1197],[77.4311,26.1246],[77.4263,26.1234],[77.4264,26.1291],[77.4237,26.1333],[77.4263,26.139],[77.413,26.1444],[77.3981,26.1553],[77.3849,26.1555],[77.3828,26.1484],[77.3619,26.1484],[77.3458,26.1414],[77.3319,26.1462],[77.3254,26.1391],[77.3198,26.1425],[77.3139,26.1428],[77.3113,26.1399],[77.3118,26.1343],[77.3019,26.1331],[77.2994,26.1301],[77.293,26.1312],[77.277,26.1252],[77.2591,26.1038],[77.2589,26.0972],[77.2543,26.0917],[77.2536,26.0868],[77.2424,26.083],[77.2389,26.079],[77.2338,26.0785],[77.2319,26.0888],[77.2264,26.096],[77.2136,26.0987],[77.2082,26.1035],[77.2038,26.1177],[77.199,26.1234],[77.202,26.1285],[77.2009,26.1404],[77.1842,26.1591],[77.1838,26.1622],[77.1774,26.1624],[77.1758,26.1655],[77.1742,26.1697],[77.1806,26.1744],[77.1685,26.1745],[77.1678,26.1715],[77.1657,26.1726],[77.1582,26.1693],[77.1542,26.1646],[77.1458,26.165],[77.1417,26.1681],[77.1406,26.1728],[77.1357,26.1743],[77.1472,26.1923],[77.1269,26.2102],[77.1156,26.2172]]]},"properties":{"dtname":"Sheopur","stname":"MADHYA PRADESH","stcode11":"23","dtcode11":"418","year_stat":"2011_c","Shape_Length":617989.6290738381,"Shape_Area":8179434205.496886,"OBJECTID":318,"test":0,"Dist_LGD":431,"State_LGD":23}},{"type":"Feature","id":336,"geometry":{"type":"Polygon","coordinates":[[[77.6792,25.913],[77.6559,25.9102],[77.6423,25.8984],[77.6454,25.8873],[77.6392,25.8754],[77.6393,25.8681],[77.6371,25.8658],[77.6224,25.8649],[77.6157,25.859],[77.6097,25.8574],[77.5999,25.86],[77.5902,25.8677],[77.5802,25.8631],[77.5787,25.8599],[77.5808,25.8519],[77.5774,25.8456],[77.5832,25.8383],[77.5808,25.8308],[77.5814,25.8235],[77.5778,25.8163],[77.5604,25.8137],[77.5584,25.8109],[77.5545,25.812],[77.5511,25.8167],[77.5512,25.8228],[77.544,25.8235],[77.5483,25.836],[77.5346,25.8339],[77.5247,25.8388],[77.5219,25.851],[77.5209,25.8487],[77.516,25.8477],[77.5129,25.8501],[77.5078,25.8484],[77.507,25.8543],[77.4979,25.8512],[77.492,25.8575],[77.4821,25.854],[77.4733,25.8574],[77.4737,25.8639],[77.4617,25.8698],[77.4604,25.8743],[77.4557,25.8751],[77.4436,25.8904],[77.438,25.8888],[77.4293,25.8929],[77.4234,25.8922],[77.423,25.8849],[77.4152,25.8846],[77.4076,25.8803],[77.4052,25.8757],[77.4136,25.8738],[77.4175,25.8695],[77.4107,25.8621],[77.4126,25.8544],[77.4091,25.848],[77.4088,25.8116],[77.4353,25.7935],[77.4416,25.7837],[77.4433,25.7741],[77.418,25.7833],[77.4089,25.7832],[77.4072,25.7811],[77.4046,25.7833],[77.3992,25.7809],[77.3725,25.7864],[77.3394,25.7842],[77.3295,25.7908],[77.3256,25.7858],[77.3259,25.7821],[77.3353,25.7718],[77.3251,25.7722],[77.3214,25.7655],[77.3188,25.7522],[77.3209,25.7503],[77.3216,25.7372],[77.3185,25.7312],[77.3142,25.7285],[77.3001,25.7367],[77.2767,25.7195],[77.2788,25.706],[77.2874,25.6999],[77.3008,25.6977],[77.3045,25.6901],[77.3087,25.6878],[77.309,25.6843],[77.3154,25.6831],[77.3196,25.6776],[77.3244,25.676],[77.326,25.6678],[77.3181,25.661],[77.3087,25.6607],[77.2932,25.6649],[77.2864,25.6732],[77.2799,25.671],[77.2759,25.6743],[77.2715,25.6728],[77.2533,25.6559],[77.2601,25.6449],[77.2585,25.6414],[77.2779,25.6359],[77.2838,25.6292],[77.2688,25.6142],[77.2596,25.5939],[77.2573,25.583],[77.2734,25.5835],[77.27,25.5766],[77.273,25.5693],[77.2707,25.5608],[77.2898,25.5529],[77.3004,25.5573],[77.307,25.5552],[77.305,25.5502],[77.3062,25.5445],[77.2996,25.5341],[77.2954,25.5303],[77.288,25.531],[77.2488,25.5203],[77.2357,25.5194],[77.2258,25.5144],[77.2102,25.5171],[77.1786,25.5118],[77.175,25.5064],[77.1755,25.5003],[77.173,25.5004],[77.172,25.4855],[77.1836,25.4663],[77.1725,25.4633],[77.1507,25.466],[77.1401,25.4581],[77.1371,25.4511],[77.1493,25.4277],[77.1501,25.4229],[77.147,25.4187],[77.1426,25.4199],[77.1378,25.4175],[77.124,25.4166],[77.1041,25.4104],[77.1094,25.3932],[77.106,25.3879],[77.0943,25.3814],[77.0865,25.3824],[77.0848,25.3879],[77.0817,25.3859],[77.0609,25.3846],[77.0365,25.3881],[77.0258,25.3873],[77.0164,25.3836],[77.0147,25.3826],[77.015,25.3636],[77.0109,25.3533],[77.0123,25.3507],[77.0459,25.3412],[77.0609,25.3482],[77.0712,25.3492],[77.0814,25.3547],[77.083,25.3362],[77.1085,25.3309],[77.1252,25.3305],[77.1344,25.3211],[77.1439,25.3207],[77.1532,25.3129],[77.1648,25.3083],[77.1795,25.3116],[77.1855,25.3089],[77.2092,25.3062],[77.2091,25.3087],[77.2115,25.3094],[77.2056,25.3265],[77.2174,25.3296],[77.2198,25.3254],[77.215,25.3198],[77.2174,25.3176],[77.2232,25.3188],[77.2269,25.3255],[77.2256,25.3302],[77.2344,25.3337],[77.229,25.338],[77.2243,25.3354],[77.23,25.3599],[77.2279,25.3685],[77.2342,25.3789],[77.2487,25.3807],[77.2508,25.3877],[77.2673,25.3958],[77.2912,25.4227],[77.3141,25.4314],[77.3199,25.4278],[77.3316,25.4272],[77.3492,25.4162],[77.3582,25.4195],[77.3657,25.4144],[77.3709,25.4084],[77.3703,25.4049],[77.3665,25.4012],[77.3577,25.3988],[77.3501,25.3805],[77.3515,25.3701],[77.3599,25.3691],[77.3608,25.3646],[77.3667,25.3606],[77.3616,25.359],[77.3497,25.3289],[77.3422,25.3217],[77.3533,25.3205],[77.3588,25.3262],[77.3691,25.3282],[77.3801,25.31],[77.3811,25.2932],[77.3767,25.2871],[77.3741,25.2745],[77.3627,25.2789],[77.3543,25.2734],[77.3552,25.2635],[77.3663,25.26],[77.371,25.2459],[77.3823,25.2456],[77.3866,25.2428],[77.3942,25.2298],[77.3996,25.226],[77.4115,25.2239],[77.4145,25.2204],[77.4184,25.1983],[77.4265,25.188],[77.422,25.1832],[77.4215,25.1858],[77.417,25.186],[77.4094,25.1829],[77.4003,25.1839],[77.4001,25.1661],[77.3932,25.1595],[77.3962,25.1378],[77.3907,25.1231],[77.4022,25.1206],[77.4066,25.1117],[77.4025,25.1093],[77.3996,25.1156],[77.3931,25.1194],[77.376,25.1105],[77.3758,25.1048],[77.3576,25.0937],[77.3409,25.0957],[77.3348,25.0906],[77.3145,25.0845],[77.3113,25.0815],[77.3099,25.0716],[77.3175,25.0704],[77.3213,25.0658],[77.3203,25.0556],[77.3224,25.0506],[77.3196,25.0407],[77.3222,25.0382],[77.329,25.0386],[77.3323,25.0321],[77.3397,25.0266],[77.3401,25.0171],[77.3431,25.0106],[77.3348,25.0012],[77.3376,24.9968],[77.3367,24.9923],[77.3508,24.9756],[77.3474,24.9666],[77.3549,24.959],[77.3597,24.9619],[77.3619,24.9604],[77.3628,24.9581],[77.3578,24.9461],[77.3679,24.941],[77.3703,24.926],[77.3766,24.925],[77.3956,24.9332],[77.4053,24.9504],[77.4185,24.9501],[77.4482,24.9345],[77.4519,24.9284],[77.4611,24.9324],[77.4644,24.9307],[77.4616,24.9206],[77.4579,24.917],[77.4596,24.9134],[77.4686,24.907],[77.4682,24.8978],[77.4717,24.8902],[77.4769,24.8862],[77.4786,24.8767],[77.4866,24.8759],[77.4904,24.8806],[77.5048,24.879],[77.5122,24.8721],[77.526,24.872],[77.5314,24.8782],[77.5378,24.8807],[77.5577,24.8772],[77.5598,24.8718],[77.5645,24.8716],[77.5789,24.8828],[77.5806,24.8876],[77.5872,24.8878],[77.5874,24.8912],[77.5857,24.8897],[77.5802,24.8912],[77.5756,24.8882],[77.5614,24.8966],[77.5492,24.8979],[77.5496,24.9016],[77.5436,24.9052],[77.5447,24.9134],[77.5414,24.9138],[77.5496,24.9209],[77.5555,24.9344],[77.5598,24.9333],[77.5644,24.9402],[77.5745,24.9463],[77.5754,24.955],[77.5885,24.9659],[77.5973,24.96],[77.6011,24.9524],[77.5965,24.9512],[77.5933,24.9333],[77.5947,24.9268],[77.6038,24.9257],[77.6044,24.9289],[77.6078,24.9306],[77.613,24.927],[77.6135,24.9212],[77.6175,24.921],[77.6204,24.9142],[77.6191,24.9098],[77.6263,24.9081],[77.6292,24.9032],[77.6353,24.9053],[77.6378,24.8996],[77.6421,24.9],[77.6472,24.8952],[77.6485,24.8899],[77.6545,24.8912],[77.6549,24.885],[77.6693,24.8783],[77.6707,24.8707],[77.6761,24.8633],[77.6826,24.8651],[77.6866,24.8585],[77.6887,24.8582],[77.6894,24.862],[77.6905,24.8578],[77.6952,24.8596],[77.7069,24.8517],[77.7073,24.8536],[77.7092,24.852],[77.7112,24.8537],[77.7155,24.8632],[77.7212,24.8672],[77.727,24.8639],[77.7269,24.8573],[77.739,24.8572],[77.7515,24.8712],[77.7523,24.8909],[77.7553,24.8985],[77.765,24.8969],[77.7745,24.9022],[77.7742,24.911],[77.7874,24.9308],[77.7884,24.9359],[77.8013,24.9341],[77.8058,24.9449],[77.8052,24.9506],[77.8023,24.951],[77.8022,24.9532],[77.8147,24.9588],[77.813,24.9696],[77.8198,24.97],[77.8268,24.9808],[77.828,24.9937],[77.8314,25.0009],[77.8422,25.0016],[77.8487,25.0077],[77.8518,25.005],[77.848,24.9966],[77.853,24.9945],[77.8561,24.9988],[77.874,25.0003],[77.8792,25.0031],[77.8794,25.0067],[77.8879,25.0073],[77.894,25.0026],[77.9049,25.0004],[77.9118,24.9813],[77.9245,24.9827],[77.9255,24.986],[77.9389,24.9805],[77.9503,24.9867],[77.9606,24.9834],[77.9611,24.9641],[78.0178,24.9559],[78.0146,24.9445],[78.0022,24.9366],[77.9888,24.9216],[77.9836,24.9112],[77.9816,24.8995],[77.9906,24.8929],[77.9894,24.8857],[77.9793,24.8821],[77.9721,24.8846],[77.9695,24.8723],[77.9771,24.8481],[77.9817,24.8524],[77.9847,24.8518],[77.9862,24.8554],[77.9915,24.8556],[77.994,24.8528],[78.0015,24.8518],[78.0095,24.8382],[78.0172,24.8351],[78.028,24.8365],[78.0372,24.8382],[78.0416,24.8422],[78.0466,24.8505],[78.0448,24.8572],[78.048,24.8589],[78.0692,24.8502],[78.0772,24.8493],[78.0788,24.8459],[78.0949,24.847],[78.11,24.8363],[78.1205,24.8359],[78.1234,24.8388],[78.1393,24.8412],[78.1676,24.8402],[78.1745,24.8455],[78.169,24.8626],[78.1726,24.8782],[78.2106,24.8948],[78.2238,24.9153],[78.266,24.941],[78.2791,24.9561],[78.2946,24.963],[78.3128,24.9861],[78.3186,24.9908],[78.334,24.9949],[78.3454,25.0121],[78.3472,25.0245],[78.3402,25.0403],[78.3354,25.069],[78.3291,25.0657],[78.3237,25.0588],[78.3201,25.0613],[78.3137,25.0564],[78.302,25.0528],[78.29,25.0616],[78.2895,25.0743],[78.2785,25.0836],[78.2741,25.0852],[78.272,25.0835],[78.27,25.0884],[78.2752,25.0914],[78.2755,25.0953],[78.2806,25.1],[78.2944,25.1037],[78.3039,25.1005],[78.3046,25.0939],[78.3097,25.0889],[78.3201,25.0894],[78.3282,25.0947],[78.331,25.0938],[78.3338,25.0862],[78.3375,25.0853],[78.3608,25.0957],[78.3739,25.0987],[78.3728,25.1086],[78.3681,25.1108],[78.3678,25.1175],[78.3647,25.1194],[78.3676,25.1298],[78.3798,25.1383],[78.3789,25.1615],[78.3744,25.1662],[78.3692,25.1657],[78.3647,25.1704],[78.3552,25.1736],[78.3427,25.1669],[78.3341,25.1475],[78.3496,25.1391],[78.3472,25.1314],[78.3372,25.1242],[78.3271,25.1124],[78.306,25.1267],[78.2925,25.1279],[78.2884,25.1314],[78.2902,25.1358],[78.2924,25.1357],[78.2898,25.1418],[78.2939,25.1461],[78.2923,25.1503],[78.3014,25.166],[78.2987,25.1718],[78.3084,25.1789],[78.3104,25.1849],[78.3036,25.2013],[78.3005,25.2019],[78.3049,25.2024],[78.3113,25.2127],[78.3217,25.2104],[78.3237,25.2158],[78.3388,25.2234],[78.3419,25.2211],[78.3478,25.2224],[78.3602,25.2129],[78.3767,25.209],[78.3813,25.2033],[78.3913,25.2061],[78.3923,25.2031],[78.3955,25.2033],[78.3986,25.2081],[78.4109,25.2127],[78.4025,25.2176],[78.3967,25.2169],[78.3821,25.2226],[78.3771,25.2278],[78.3785,25.2387],[78.3674,25.2368],[78.3598,25.2422],[78.3725,25.2599],[78.3688,25.2614],[78.3605,25.2727],[78.3501,25.2773],[78.3546,25.2923],[78.334,25.2924],[78.3299,25.2965],[78.3117,25.3033],[78.3113,25.3052],[78.3227,25.3163],[78.3305,25.319],[78.3438,25.3285],[78.3375,25.3302],[78.3373,25.3364],[78.3276,25.3526],[78.3161,25.3575],[78.3005,25.3604],[78.3079,25.3812],[78.3168,25.3787],[78.3224,25.3874],[78.3314,25.3907],[78.3405,25.3995],[78.3388,25.4067],[78.3411,25.4164],[78.3354,25.4108],[78.32,25.4101],[78.3073,25.4181],[78.3112,25.4237],[78.3177,25.4265],[78.3199,25.4327],[78.326,25.4368],[78.3265,25.44],[78.3344,25.4369],[78.3389,25.431],[78.3428,25.4316],[78.347,25.4353],[78.3544,25.4518],[78.3595,25.452],[78.3579,25.4537],[78.3621,25.4629],[78.3678,25.4579],[78.3731,25.4618],[78.3971,25.4563],[78.4003,25.4635],[78.3898,25.4798],[78.3911,25.4908],[78.3953,25.4926],[78.3983,25.4901],[78.3887,25.5045],[78.3905,25.5065],[78.3863,25.5134],[78.3873,25.5169],[78.3996,25.528],[78.4191,25.5299],[78.4209,25.5396],[78.4262,25.5427],[78.43,25.5524],[78.4436,25.5632],[78.4488,25.5636],[78.4507,25.5687],[78.4494,25.5732],[78.4583,25.5751],[78.4651,25.5646],[78.4678,25.5697],[78.4686,25.5844],[78.4606,25.5861],[78.455,25.5921],[78.4412,25.5972],[78.4375,25.5884],[78.4246,25.5823],[78.4125,25.5632],[78.402,25.5669],[78.3897,25.5766],[78.3955,25.5788],[78.4028,25.588],[78.4079,25.5903],[78.4109,25.5949],[78.4099,25.6005],[78.3993,25.6027],[78.394,25.6066],[78.3901,25.6042],[78.3846,25.6127],[78.3763,25.6587],[78.3662,25.6647],[78.3607,25.6648],[78.3541,25.6704],[78.3504,25.6617],[78.3432,25.6584],[78.3372,25.6656],[78.3353,25.6641],[78.3282,25.6684],[78.3239,25.6683],[78.3225,25.6724],[78.3092,25.6847],[78.312,25.6877],[78.3122,25.6935],[78.3086,25.7079],[78.3018,25.7079],[78.2974,25.7007],[78.2846,25.7008],[78.2665,25.7123],[78.2645,25.721],[78.2487,25.722],[78.246,25.719],[78.2456,25.7119],[78.2514,25.6926],[78.2499,25.6882],[78.2462,25.6924],[78.2415,25.6892],[78.2333,25.6926],[78.2166,25.6941],[78.2144,25.7028],[78.2247,25.7133],[78.223,25.7202],[78.2284,25.7282],[78.2483,25.7354],[78.268,25.7525],[78.2747,25.7529],[78.2765,25.7495],[78.2896,25.7528],[78.2945,25.7621],[78.2852,25.7683],[78.2961,25.7766],[78.2961,25.7859],[78.2789,25.7821],[78.2626,25.7829],[78.2446,25.7605],[78.2399,25.7577],[78.2343,25.7609],[78.2153,25.7381],[78.2089,25.7368],[78.1762,25.74],[78.165,25.7296],[78.1604,25.7198],[78.1573,25.7191],[78.1497,25.7207],[78.1483,25.7266],[78.1422,25.7228],[78.1419,25.7255],[78.1369,25.7237],[78.1336,25.7261],[78.1254,25.7198],[78.1162,25.7185],[78.1152,25.7212],[78.1054,25.7205],[78.0982,25.7161],[78.0928,25.7161],[78.0857,25.7201],[78.0744,25.7189],[78.0624,25.7105],[78.0562,25.7121],[78.0537,25.7086],[78.0304,25.7162],[78.0265,25.7199],[78.0231,25.7165],[78.0196,25.7251],[78.0111,25.7269],[78.0122,25.7319],[77.9972,25.7391],[78.002,25.7565],[78.001,25.7657],[77.9789,25.7628],[77.9705,25.7564],[77.9711,25.7533],[77.965,25.753],[77.9604,25.7488],[77.9444,25.7473],[77.936,25.751],[77.916,25.7541],[77.9105,25.7436],[77.8945,25.7423],[77.8832,25.7353],[77.8743,25.7384],[77.8686,25.7437],[77.8703,25.7451],[77.8735,25.7424],[77.8765,25.7561],[77.8721,25.7563],[77.8709,25.7585],[77.8691,25.7535],[77.8682,25.7581],[77.8642,25.759],[77.87,25.7659],[77.8702,25.7627],[77.8747,25.7625],[77.8729,25.7658],[77.8766,25.7797],[77.873,25.7766],[77.8722,25.7809],[77.8669,25.7817],[77.8768,25.7885],[77.8701,25.7954],[77.8692,25.8041],[77.8663,25.8077],[77.8468,25.8139],[77.8259,25.8124],[77.8119,25.8175],[77.8086,25.8213],[77.8002,25.8208],[77.7963,25.8251],[77.7953,25.8368],[77.7831,25.8562],[77.7744,25.857],[77.7684,25.8479],[77.764,25.8464],[77.7601,25.8615],[77.7474,25.8611],[77.7454,25.866],[77.7481,25.8742],[77.7473,25.8799],[77.7501,25.8833],[77.7423,25.8828],[77.7372,25.8784],[77.7307,25.8771],[77.7185,25.8797],[77.7145,25.8761],[77.7033,25.8785],[77.6987,25.8837],[77.6988,25.8974],[77.6962,25.9014],[77.6859,25.9121],[77.6792,25.913]]]},"properties":{"dtname":"Shivpuri","stname":"MADHYA PRADESH","stcode11":"23","dtcode11":"423","year_stat":"2011_c","Shape_Length":963333.2082091629,"Shape_Area":12658994652.12323,"OBJECTID":336,"test":0,"Dist_LGD":432,"State_LGD":23}},{"type":"Feature","id":349,"geometry":{"type":"Polygon","coordinates":[[[78.6395,25.0712],[78.6526,25.0506],[78.6534,25.0314],[78.6457,25.0186],[78.6471,25.0061],[78.6447,25.0033],[78.644,24.9843],[78.6389,24.9758],[78.64,24.9721],[78.633,24.9671],[78.6317,24.9577],[78.6361,24.9593],[78.6522,24.948],[78.6528,24.9438],[78.6502,24.9411],[78.6519,24.9384],[78.6558,24.9404],[78.6634,24.9384],[78.6672,24.9138],[78.6766,24.8986],[78.6837,24.895],[78.6967,24.8932],[78.7109,24.8797],[78.7222,24.8817],[78.7291,24.8789],[78.7468,24.8652],[78.7539,24.8688],[78.7622,24.86],[78.77,24.859],[78.7748,24.8497],[78.7736,24.8409],[78.7759,24.8307],[78.7834,24.8161],[78.7898,24.811],[78.787,24.8013],[78.7743,24.7946],[78.7704,24.7884],[78.7729,24.7832],[78.7704,24.7747],[78.77,24.7581],[78.7766,24.7518],[78.7723,24.7431],[78.7733,24.7312],[78.7768,24.7136],[78.781,24.7061],[78.7712,24.6914],[78.7636,24.6903],[78.7652,24.6809],[78.7611,24.6702],[78.7541,24.6686],[78.7468,24.6627],[78.7472,24.6565],[78.7439,24.6541],[78.7506,24.6486],[78.7495,24.6467],[78.752,24.6424],[78.75,24.6418],[78.7527,24.634],[78.7521,24.6219],[78.7548,24.62],[78.7511,24.6172],[78.7546,24.6038],[78.752,24.6002],[78.7693,24.5942],[78.7766,24.5887],[78.7838,24.5886],[78.799,24.5944],[78.8032,24.5993],[78.8032,24.6035],[78.8114,24.6039],[78.8168,24.601],[78.8264,24.6046],[78.8346,24.6046],[78.8377,24.6158],[78.8433,24.6233],[78.8487,24.6221],[78.8525,24.6247],[78.8555,24.6178],[78.8598,24.6176],[78.8662,24.6274],[78.868,24.64],[78.8831,24.6414],[78.8894,24.6296],[78.8962,24.6257],[78.8948,24.6213],[78.9006,24.6072],[78.9126,24.6002],[78.9126,24.5907],[78.9201,24.5748],[78.9249,24.575],[78.9292,24.5657],[78.9338,24.564],[78.935,24.5608],[78.9464,24.5571],[78.9483,24.5543],[78.9471,24.5507],[78.9532,24.5469],[78.9481,24.5441],[78.9437,24.5345],[78.9514,24.5187],[78.948,24.515],[78.9473,24.5024],[78.9656,24.4979],[78.9715,24.4942],[78.9701,24.4886],[78.9635,24.4835],[78.9377,24.4788],[78.9272,24.4821],[78.9371,24.491],[78.9272,24.4945],[78.9246,24.4998],[78.92,24.499],[78.9122,24.4734],[78.9142,24.4596],[78.9283,24.4602],[78.9399,24.4534],[78.9474,24.4366],[78.986,24.4413],[78.9874,24.4566],[78.9986,24.4808],[79.0095,24.495],[79.0068,24.5004],[79.0072,24.5056],[79.0142,24.5125],[79.0148,24.5292],[79.0232,24.5463],[79.0289,24.5473],[79.042,24.5557],[79.0457,24.5654],[79.0549,24.5725],[79.0621,24.5862],[79.0707,24.5943],[79.0706,24.5986],[79.0595,24.6131],[79.0636,24.6219],[79.0718,24.626],[79.0794,24.6267],[79.091,24.6333],[79.103,24.6267],[79.1177,24.6279],[79.1424,24.6254],[79.1568,24.6167],[79.1765,24.61],[79.1954,24.6129],[79.2071,24.6222],[79.2066,24.6428],[79.214,24.6589],[79.2208,24.6646],[79.2309,24.6639],[79.2426,24.6576],[79.258,24.6637],[79.2728,24.6644],[79.2903,24.6727],[79.3032,24.6863],[79.3046,24.6955],[79.3026,24.7109],[79.3198,24.7366],[79.3167,24.744],[79.3202,24.7514],[79.317,24.7693],[79.306,24.7865],[79.3047,24.7979],[79.3177,24.836],[79.3187,24.8487],[79.3348,24.8698],[79.3426,24.8848],[79.3464,24.9065],[79.3393,24.9265],[79.3416,24.9366],[79.336,24.9512],[79.3409,24.9779],[79.3323,24.9894],[79.3315,25.0034],[79.3343,25.0203],[79.3287,25.0347],[79.3322,25.0556],[79.3398,25.068],[79.3412,25.0828],[79.3371,25.0954],[79.3382,25.1043],[79.3334,25.1189],[79.3349,25.1213],[79.3323,25.132],[79.3232,25.1498],[79.3153,25.1471],[79.3136,25.1361],[79.3112,25.1359],[79.307,25.1293],[79.2966,25.132],[79.2863,25.1312],[79.2881,25.1281],[79.283,25.1173],[79.2781,25.1175],[79.2729,25.1225],[79.2706,25.1205],[79.2658,25.1215],[79.26,25.1252],[79.2642,25.1283],[79.265,25.1339],[79.2689,25.1384],[79.2638,25.1407],[79.2665,25.1461],[79.2647,25.1522],[79.2605,25.1532],[79.2602,25.1475],[79.2466,25.1352],[79.2433,25.1223],[79.2484,25.1163],[79.2449,25.1137],[79.2404,25.1131],[79.2274,25.1218],[79.2225,25.115],[79.2171,25.1107],[79.215,25.1114],[79.2124,25.1139],[79.2136,25.1207],[79.2038,25.1256],[79.2052,25.1291],[79.2025,25.1325],[79.2043,25.1399],[79.1922,25.1462],[79.1903,25.1433],[79.1832,25.1434],[79.1762,25.1401],[79.1746,25.1282],[79.1873,25.1264],[79.186,25.1149],[79.1779,25.1156],[79.1732,25.1081],[79.1593,25.1077],[79.1577,25.1117],[79.1439,25.1151],[79.1402,25.1089],[79.131,25.1094],[79.124,25.111],[79.1235,25.1154],[79.1321,25.1274],[79.116,25.1399],[79.1259,25.1613],[79.1131,25.1648],[79.0958,25.175],[79.0954,25.1827],[79.0906,25.1911],[79.0886,25.1846],[79.0814,25.1816],[79.0714,25.1705],[79.0678,25.1496],[79.0556,25.1416],[79.0508,25.1343],[79.031,25.1384],[79.0288,25.1422],[79.0334,25.1527],[79.0324,25.1568],[79.0368,25.1616],[79.0318,25.1643],[79.04,25.1712],[79.0343,25.1744],[79.0309,25.1849],[79.0445,25.202],[79.0523,25.2077],[79.054,25.202],[79.0485,25.1937],[79.052,25.1877],[79.0596,25.1907],[79.062,25.1936],[79.062,25.1993],[79.0643,25.1997],[79.0641,25.202],[79.0603,25.2013],[79.0636,25.222],[79.0335,25.2341],[79.0399,25.2429],[79.0217,25.2418],[79.0179,25.2493],[79.0254,25.2592],[79.0209,25.2646],[79.0225,25.2686],[79.0132,25.274],[78.9944,25.2732],[78.9947,25.2667],[78.9871,25.2644],[78.9852,25.2592],[78.9799,25.2545],[78.9747,25.2373],[78.9846,25.2396],[78.9829,25.2343],[78.9947,25.2322],[79.0012,25.2337],[78.9992,25.2315],[79.0025,25.228],[79.001,25.221],[79.0074,25.212],[79.0054,25.2071],[79.0059,25.195],[78.9928,25.1969],[78.9806,25.2055],[78.9806,25.2115],[78.976,25.2119],[78.9703,25.2164],[78.965,25.2172],[78.9631,25.2111],[78.9538,25.219],[78.9516,25.2128],[78.9465,25.2143],[78.9343,25.2119],[78.921,25.2007],[78.9215,25.198],[78.9102,25.1832],[78.9119,25.1808],[78.9028,25.1746],[78.903,25.1704],[78.8869,25.1602],[78.8652,25.1227],[78.8543,25.1126],[78.845,25.098],[78.8281,25.0934],[78.8129,25.0841],[78.8059,25.0842],[78.7931,25.0791],[78.7945,25.0817],[78.7909,25.0807],[78.7926,25.0837],[78.7898,25.0832],[78.7935,25.0876],[78.7904,25.0861],[78.7921,25.0887],[78.7897,25.0894],[78.7838,25.0845],[78.7816,25.088],[78.7784,25.0856],[78.7805,25.0883],[78.7777,25.0901],[78.7771,25.0948],[78.7736,25.0937],[78.7755,25.0918],[78.773,25.0925],[78.7748,25.0907],[78.7714,25.0869],[78.7684,25.0872],[78.7652,25.0838],[78.7577,25.0811],[78.7464,25.0808],[78.7372,25.091],[78.729,25.0961],[78.7193,25.0937],[78.7131,25.0852],[78.7041,25.0798],[78.6917,25.0774],[78.6867,25.0737],[78.6753,25.0765],[78.669,25.0739],[78.6683,25.0704],[78.6537,25.0676],[78.6461,25.0721],[78.6395,25.0712]]]},"properties":{"dtname":"Tikamgarh","stname":"MADHYA PRADESH","stcode11":"23","dtcode11":"424","year_stat":"2011_c","Shape_Length":469021.9483729453,"Shape_Area":4536749314.468346,"OBJECTID":349,"test":0,"Dist_LGD":434,"State_LGD":23}},{"type":"Feature","id":371,"geometry":{"type":"Polygon","coordinates":[[[75.1746,25.0464],[75.17,25.0489],[75.1658,25.0476],[75.1654,25.0399],[75.1583,25.0393],[75.1532,25.0325],[75.1523,25.0207],[75.1617,25.0182],[75.1664,25.0104],[75.1665,25.0028],[75.1592,25.0015],[75.156,24.9938],[75.1535,24.9948],[75.152,24.9892],[75.1419,24.9899],[75.1395,24.9858],[75.1322,24.9836],[75.1295,24.98],[75.1415,24.9783],[75.1362,24.9766],[75.1296,24.9692],[75.1136,24.9668],[75.1141,24.9364],[75.1184,24.9255],[75.1166,24.911],[75.1195,24.91],[75.1135,24.9006],[75.1137,24.8974],[75.1174,24.8955],[75.1145,24.8933],[75.1192,24.8824],[75.1168,24.8779],[75.1117,24.8784],[75.0984,24.8724],[75.0874,24.8708],[75.0884,24.8788],[75.0765,24.8806],[75.0657,24.8681],[75.0642,24.8677],[75.0635,24.8713],[75.0556,24.872],[75.0599,24.8635],[75.0568,24.8622],[75.0493,24.8507],[75.0419,24.8492],[75.0389,24.8455],[75.0331,24.8445],[75.0216,24.8484],[75.0087,24.8564],[74.994,24.8531],[74.9855,24.8534],[74.9846,24.8568],[74.9815,24.8584],[74.9682,24.856],[74.9585,24.8581],[74.9482,24.8645],[74.9532,24.8805],[74.9452,24.8789],[74.9325,24.8812],[74.932,24.8753],[74.9273,24.8797],[74.924,24.8779],[74.9207,24.8846],[74.9166,24.886],[74.9106,24.8939],[74.9164,24.9071],[74.9131,24.9084],[74.9134,24.9161],[74.9079,24.9181],[74.9028,24.9299],[74.8921,24.9297],[74.8884,24.9374],[74.8812,24.9372],[74.8797,24.9299],[74.8698,24.9249],[74.8592,24.9627],[74.8431,24.969],[74.8336,24.9596],[74.8341,24.9437],[74.8266,24.9338],[74.8259,24.8993],[74.8314,24.8862],[74.8407,24.8852],[74.8506,24.851],[74.8591,24.8384],[74.861,24.8045],[74.838,24.7973],[74.8398,24.7893],[74.8493,24.7759],[74.861,24.779],[74.8609,24.7985],[74.8798,24.7973],[74.8801,24.7901],[74.895,24.7827],[74.907,24.7816],[74.9105,24.7701],[74.9146,24.769],[74.9219,24.7708],[74.9305,24.7786],[74.9352,24.7783],[74.9488,24.7717],[74.9526,24.7733],[74.9648,24.7692],[74.9691,24.7703],[74.9725,24.7635],[74.9815,24.7636],[74.9845,24.7684],[74.9904,24.769],[75.001,24.7746],[75.007,24.7715],[75.0163,24.7319],[74.9924,24.7317],[74.9923,24.6934],[75.0,24.6922],[75.0016,24.6863],[74.9757,24.679],[74.9601,24.6787],[74.9641,24.6711],[74.9599,24.6661],[74.9614,24.6564],[74.9578,24.6615],[74.9521,24.6541],[74.9509,24.6475],[74.9489,24.6498],[74.9472,24.6458],[74.9422,24.6474],[74.9433,24.6378],[74.9407,24.6408],[74.9392,24.638],[74.9361,24.6399],[74.9291,24.6356],[74.9137,24.6368],[74.9052,24.6411],[74.902,24.6389],[74.9017,24.6328],[74.8981,24.6415],[74.8944,24.6443],[74.8913,24.6431],[74.8935,24.642],[74.8937,24.6381],[74.8888,24.6336],[74.8833,24.6381],[74.8839,24.6418],[74.8802,24.645],[74.8776,24.6465],[74.876,24.6432],[74.8729,24.6465],[74.8739,24.651],[74.8716,24.6527],[74.8753,24.6529],[74.8684,24.6591],[74.8692,24.663],[74.8648,24.6672],[74.865,24.6714],[74.861,24.6755],[74.8582,24.6755],[74.8601,24.6832],[74.8528,24.6852],[74.8516,24.6787],[74.8507,24.6848],[74.8546,24.6886],[74.8497,24.6886],[74.8465,24.6969],[74.8478,24.6992],[74.8434,24.6985],[74.8362,24.7064],[74.8299,24.7206],[74.83,24.7279],[74.8266,24.7297],[74.8176,24.7454],[74.809,24.7807],[74.7999,24.7791],[74.7993,24.7646],[74.8041,24.7352],[74.7891,24.7315],[74.7839,24.7278],[74.7794,24.7314],[74.7872,24.7037],[74.7837,24.7019],[74.7837,24.6916],[74.7777,24.6818],[74.7718,24.6614],[74.7742,24.6591],[74.7798,24.6607],[74.7836,24.6575],[74.7901,24.6599],[74.7903,24.665],[74.7976,24.6642],[74.8008,24.6672],[74.8035,24.6653],[74.8142,24.6659],[74.8138,24.659],[74.8156,24.6578],[74.8136,24.6495],[74.8114,24.6512],[74.8062,24.6484],[74.803,24.634],[74.7968,24.6344],[74.7914,24.6313],[74.7913,24.6206],[74.7796,24.6153],[74.7809,24.6053],[74.783,24.6054],[74.7834,24.5945],[74.7862,24.5941],[74.7865,24.5858],[74.7808,24.5856],[74.7784,24.5814],[74.7671,24.5784],[74.7603,24.5792],[74.7583,24.577],[74.7528,24.5796],[74.7527,24.5751],[74.7435,24.5714],[74.7537,24.5538],[74.7525,24.5473],[74.7558,24.5346],[74.7442,24.5322],[74.7461,24.5186],[74.7447,24.5134],[74.7247,24.5131],[74.7167,24.5067],[74.7122,24.5004],[74.7087,24.4864],[74.7275,24.4888],[74.7317,24.4807],[74.7437,24.4741],[74.7444,24.4685],[74.7649,24.4667],[74.7767,24.4603],[74.7869,24.4722],[74.8063,24.4673],[74.8151,24.4686],[74.8221,24.4531],[74.8192,24.453],[74.8137,24.4367],[74.8301,24.4351],[74.8328,24.4387],[74.8321,24.4421],[74.8418,24.4412],[74.8515,24.4455],[74.8542,24.4445],[74.8555,24.4403],[74.8561,24.4265],[74.8488,24.4215],[74.841,24.409],[74.8252,24.4],[74.8244,24.387],[74.8215,24.3795],[74.8115,24.3825],[74.8073,24.3808],[74.8084,24.3769],[74.8011,24.3643],[74.8019,24.3587],[74.791,24.3456],[74.7809,24.3385],[74.7788,24.3247],[74.7831,24.3193],[74.7836,24.3146],[74.7805,24.3059],[74.7817,24.2902],[74.7738,24.278],[74.7491,24.2587],[74.7471,24.2534],[74.7543,24.2421],[74.7585,24.2432],[74.7764,24.2387],[74.8113,24.2442],[74.8236,24.2398],[74.8503,24.2364],[74.8678,24.243],[74.8867,24.2297],[74.8968,24.2271],[74.898,24.2142],[74.9099,24.2099],[74.9117,24.2119],[74.9092,24.2149],[74.911,24.2179],[74.9256,24.2289],[74.9251,24.2339],[74.929,24.2389],[74.9364,24.2429],[74.9365,24.2463],[74.9423,24.2514],[74.9537,24.2555],[74.9626,24.2669],[74.9615,24.2839],[74.9526,24.2952],[74.9586,24.3052],[74.9588,24.3162],[74.9652,24.3158],[74.9706,24.3193],[74.9748,24.3266],[74.9757,24.3373],[74.9788,24.3385],[74.983,24.3324],[74.9854,24.342],[74.9898,24.3404],[74.9942,24.3325],[74.9977,24.3325],[74.9958,24.3404],[75.0049,24.343],[75.0042,24.3477],[75.0107,24.3568],[75.0132,24.3658],[75.0232,24.3648],[75.0225,24.3703],[75.0371,24.3672],[75.0458,24.3592],[75.0559,24.3558],[75.0444,24.3335],[75.0391,24.3341],[75.0417,24.3237],[75.0585,24.3256],[75.0629,24.3346],[75.0645,24.3338],[75.0647,24.3399],[75.0795,24.3402],[75.0826,24.3494],[75.0886,24.3561],[75.1077,24.3574],[75.1159,24.3561],[75.1162,24.3501],[75.1326,24.3486],[75.1225,24.3425],[75.1261,24.3332],[75.1448,24.328],[75.1532,24.3297],[75.1654,24.3194],[75.1765,24.3183],[75.1896,24.3122],[75.2054,24.3086],[75.2301,24.3086],[75.2413,24.3161],[75.2475,24.3107],[75.2505,24.3112],[75.2529,24.3155],[75.2597,24.3114],[75.2695,24.3142],[75.2783,24.3198],[75.2818,24.3185],[75.2822,24.3153],[75.2869,24.3179],[75.3091,24.3172],[75.311,24.3188],[75.3118,24.3286],[75.3153,24.3289],[75.3159,24.3331],[75.3337,24.3381],[75.3384,24.332],[75.3418,24.3328],[75.344,24.3379],[75.3515,24.337],[75.3562,24.3313],[75.3568,24.3232],[75.3628,24.3203],[75.3653,24.3152],[75.3961,24.3297],[75.4177,24.33],[75.4291,24.3365],[75.4308,24.3578],[75.4553,24.3773],[75.4604,24.3927],[75.4731,24.3987],[75.4795,24.4047],[75.4857,24.4132],[75.4881,24.4242],[75.5117,24.4483],[75.5181,24.4593],[75.5326,24.4743],[75.5481,24.4844],[75.5605,24.4968],[75.5796,24.5033],[75.5899,24.5195],[75.5939,24.5541],[75.5842,24.5824],[75.5887,24.6062],[75.574,24.6171],[75.572,24.622],[75.5815,24.6422],[75.6027,24.6394],[75.6069,24.6406],[75.6085,24.6461],[75.5975,24.6549],[75.5711,24.6683],[75.5649,24.6772],[75.5566,24.6969],[75.5339,24.7123],[75.509,24.7012],[75.4899,24.687],[75.4554,24.6806],[75.371,24.6923],[75.3492,24.7008],[75.3193,24.7026],[75.2846,24.7089],[75.2647,24.7175],[75.2502,24.7134],[75.2284,24.7176],[75.2245,24.7151],[75.2199,24.7029],[75.2173,24.705],[75.2071,24.7211],[75.1975,24.7433],[75.1879,24.7435],[75.1844,24.7484],[75.1905,24.7539],[75.1928,24.7737],[75.2017,24.7713],[75.2075,24.7817],[75.2049,24.7854],[75.2073,24.7921],[75.2156,24.8025],[75.2188,24.8051],[75.2321,24.8026],[75.2442,24.8046],[75.2524,24.813],[75.2541,24.8242],[75.2493,24.8273],[75.2491,24.83],[75.2253,24.8341],[75.2263,24.8402],[75.2242,24.844],[75.2369,24.8422],[75.2405,24.8458],[75.2498,24.8455],[75.2618,24.8421],[75.273,24.8427],[75.2784,24.84],[75.2906,24.8334],[75.2903,24.8287],[75.2958,24.8204],[75.2949,24.8157],[75.2978,24.8071],[75.3052,24.8017],[75.3111,24.8009],[75.3165,24.8032],[75.3287,24.819],[75.3353,24.822],[75.3464,24.8219],[75.3803,24.8376],[75.3976,24.8418],[75.4138,24.8528],[75.418,24.8534],[75.42,24.8635],[75.4257,24.8688],[75.4243,24.8804],[75.4259,24.884],[75.4203,24.8862],[75.4073,24.8847],[75.3736,24.8677],[75.3505,24.8736],[75.3383,24.8727],[75.3266,24.8748],[75.3226,24.8731],[75.3182,24.8604],[75.3092,24.856],[75.2946,24.8576],[75.2902,24.8662],[75.2811,24.8683],[75.2744,24.8747],[75.2634,24.8748],[75.2633,24.8911],[75.267,24.899],[75.2726,24.9041],[75.2773,24.8992],[75.2845,24.908],[75.2943,24.9089],[75.2879,24.9235],[75.2773,24.9249],[75.2795,24.9345],[75.2728,24.936],[75.2666,24.9508],[75.2578,24.9532],[75.2592,24.9608],[75.2611,24.9634],[75.273,24.9622],[75.2852,24.9657],[75.2819,24.953],[75.2889,24.9514],[75.2867,24.9476],[75.2901,24.9376],[75.3008,24.9331],[75.305,24.9284],[75.3009,24.9236],[75.3015,24.9208],[75.3086,24.9166],[75.3116,24.9075],[75.3152,24.896],[75.3138,24.8854],[75.3187,24.8948],[75.3215,24.9141],[75.3258,24.9193],[75.3287,24.9332],[75.3355,24.9437],[75.3371,24.9553],[75.3316,24.9578],[75.3271,24.9676],[75.3278,24.9706],[75.3175,24.9748],[75.3141,24.979],[75.3119,24.9957],[75.3211,25.0105],[75.3383,25.0186],[75.3391,25.0168],[75.3512,25.0189],[75.3508,25.0227],[75.3445,25.0295],[75.349,25.0298],[75.35,25.0335],[75.3312,25.0416],[75.3242,25.0394],[75.3002,25.0419],[75.2835,25.038],[75.2676,25.0425],[75.2524,25.039],[75.2503,25.0355],[75.2301,25.037],[75.2259,25.0336],[75.2057,25.0389],[75.1983,25.0355],[75.1982,25.033],[75.1925,25.0335],[75.1746,25.0464]]]},"properties":{"dtname":"Neemuch","stname":"MADHYA PRADESH","stcode11":"23","dtcode11":"432","year_stat":"2011_c","Shape_Length":706248.4139124359,"Shape_Area":5234084190.825814,"OBJECTID":371,"test":0,"Dist_LGD":419,"State_LGD":23}},{"type":"Feature","id":374,"geometry":{"type":"Polygon","coordinates":[[[81.5726,25.1922],[81.556,25.1836],[81.5531,25.1861],[81.5404,25.1859],[81.5399,25.1807],[81.5256,25.1814],[81.5248,25.1839],[81.5186,25.1861],[81.5145,25.1837],[81.5125,25.1774],[81.5147,25.1736],[81.525,25.1646],[81.5309,25.1649],[81.5366,25.1606],[81.5299,25.1509],[81.5231,25.1482],[81.5226,25.1468],[81.5311,25.145],[81.5273,25.1381],[81.5088,25.1478],[81.4996,25.1487],[81.4962,25.1405],[81.4966,25.1293],[81.4852,25.1349],[81.48,25.1322],[81.4808,25.1277],[81.4875,25.1238],[81.4842,25.116],[81.4885,25.1144],[81.4903,25.1097],[81.4961,25.1084],[81.4983,25.1052],[81.503,25.1071],[81.5182,25.101],[81.5067,25.0955],[81.5003,25.0964],[81.5028,25.0927],[81.5016,25.0782],[81.4996,25.0768],[81.4935,25.0802],[81.4912,25.0723],[81.4697,25.0794],[81.465,25.084],[81.4672,25.0884],[81.4648,25.0901],[81.4355,25.0946],[81.4073,25.1051],[81.4147,25.1081],[81.4305,25.1058],[81.4476,25.1071],[81.4452,25.1161],[81.4376,25.1241],[81.4383,25.1306],[81.4252,25.1328],[81.4215,25.1288],[81.4146,25.1284],[81.4061,25.1314],[81.4086,25.1251],[81.4142,25.121],[81.3995,25.1194],[81.3953,25.1228],[81.3928,25.1311],[81.3853,25.1322],[81.3821,25.1362],[81.371,25.1349],[81.3754,25.1417],[81.3689,25.1438],[81.3625,25.1531],[81.3606,25.1605],[81.3546,25.1638],[81.3447,25.162],[81.3346,25.1693],[81.3224,25.1619],[81.3196,25.1568],[81.3187,25.144],[81.3252,25.1366],[81.3252,25.1225],[81.3312,25.1147],[81.3214,25.1128],[81.3214,25.1186],[81.3162,25.1237],[81.3179,25.1251],[81.3118,25.1377],[81.3123,25.156],[81.3153,25.1589],[81.3135,25.1637],[81.2992,25.1645],[81.289,25.1619],[81.2776,25.166],[81.2751,25.1636],[81.2817,25.1521],[81.2776,25.1465],[81.2662,25.1396],[81.2685,25.1316],[81.2683,25.1281],[81.2629,25.1254],[81.2649,25.1173],[81.2616,25.1102],[81.2571,25.111],[81.2533,25.1076],[81.2521,25.1021],[81.2586,25.0975],[81.2611,25.0891],[81.267,25.0845],[81.2595,25.0758],[81.2651,25.0736],[81.2689,25.0675],[81.2621,25.0582],[81.264,25.0531],[81.2586,25.049],[81.2538,25.0389],[81.2416,25.0255],[81.2394,25.0192],[81.2264,25.0016],[81.2208,24.9974],[81.2131,25.0],[81.209,24.9926],[81.2165,24.9863],[81.2209,24.9776],[81.2203,24.9738],[81.2072,24.9645],[81.2145,24.958],[81.2147,24.9485],[81.2112,24.9461],[81.2132,24.9453],[81.2153,24.9329],[81.2206,24.9345],[81.2197,24.9286],[81.2139,24.9276],[81.2102,24.9226],[81.2017,24.9269],[81.1929,24.9254],[81.1917,24.9272],[81.1976,24.9279],[81.2007,24.9318],[81.2072,24.9304],[81.201,24.938],[81.1974,24.9387],[81.1972,24.9415],[81.1923,24.945],[81.1888,24.9447],[81.1852,24.952],[81.1794,24.9499],[81.1722,24.9573],[81.168,24.9552],[81.164,24.9426],[81.1661,24.9382],[81.1637,24.9376],[81.1638,24.9283],[81.1586,24.9234],[81.1608,24.9191],[81.1602,24.9136],[81.1504,24.9137],[81.1455,24.9103],[81.1399,24.8968],[81.1413,24.8903],[81.1396,24.8875],[81.123,24.8994],[81.1195,24.8936],[81.1255,24.8905],[81.1235,24.889],[81.1253,24.8855],[81.1221,24.8802],[81.1144,24.8824],[81.1112,24.8803],[81.1097,24.876],[81.1119,24.8717],[81.1064,24.8668],[81.1077,24.8591],[81.1049,24.8564],[81.1041,24.8502],[81.1008,24.8463],[81.094,24.8463],[81.0966,24.8411],[81.0952,24.8311],[81.0721,24.8333],[81.0648,24.8236],[81.0711,24.8184],[81.0681,24.8151],[81.0701,24.8003],[81.0628,24.806],[81.0555,24.8079],[81.0527,24.8005],[81.045,24.797],[81.0529,24.7945],[81.0535,24.786],[81.0614,24.7785],[81.0683,24.7785],[81.0698,24.7746],[81.0725,24.7742],[81.0781,24.7759],[81.0773,24.7859],[81.0848,24.783],[81.0872,24.7874],[81.085,24.7944],[81.089,24.7932],[81.0924,24.7839],[81.0888,24.7822],[81.0906,24.7747],[81.0944,24.7681],[81.1057,24.758],[81.1095,24.7505],[81.1188,24.7499],[81.1187,24.7445],[81.1216,24.74],[81.1244,24.7403],[81.1316,24.7311],[81.1397,24.7285],[81.1571,24.7074],[81.1831,24.6988],[81.1802,24.6955],[81.1808,24.6896],[81.1783,24.6921],[81.175,24.6905],[81.1729,24.6786],[81.1746,24.6733],[81.1697,24.6666],[81.1654,24.6518],[81.1669,24.6475],[81.1641,24.6461],[81.1663,24.6422],[81.1617,24.637],[81.1671,24.6304],[81.1681,24.6245],[81.1609,24.6024],[81.1633,24.5927],[81.1596,24.5892],[81.1589,24.5775],[81.1599,24.5747],[81.1684,24.5728],[81.1676,24.5638],[81.1652,24.5631],[81.1601,24.5686],[81.1577,24.5684],[81.1611,24.5626],[81.1572,24.5617],[81.159,24.5519],[81.1555,24.547],[81.1566,24.5223],[81.1477,24.5168],[81.1455,24.5177],[81.1433,24.5134],[81.1395,24.5118],[81.1423,24.5081],[81.1472,24.5067],[81.1533,24.5085],[81.1573,24.4977],[81.1716,24.4969],[81.173,24.5014],[81.1854,24.4975],[81.1975,24.4998],[81.2232,24.4908],[81.2229,24.4689],[81.2347,24.4723],[81.2343,24.4611],[81.2287,24.4523],[81.2343,24.4506],[81.2409,24.4408],[81.2498,24.4337],[81.249,24.4301],[81.2566,24.4298],[81.257,24.4325],[81.2603,24.4336],[81.262,24.4311],[81.2593,24.4264],[81.2604,24.4209],[81.27,24.4122],[81.2776,24.4109],[81.281,24.4021],[81.2918,24.3965],[81.2892,24.3821],[81.2847,24.3849],[81.2852,24.3784],[81.2728,24.3843],[81.2684,24.3763],[81.2676,24.3691],[81.2707,24.3631],[81.2751,24.3589],[81.2833,24.3559],[81.2698,24.3251],[81.2716,24.3204],[81.2855,24.3229],[81.2896,24.32],[81.3144,24.3244],[81.3141,24.331],[81.3168,24.3362],[81.3323,24.3404],[81.3381,24.3391],[81.3493,24.3494],[81.3731,24.3602],[81.3837,24.3623],[81.3917,24.3681],[81.4128,24.3744],[81.4214,24.3805],[81.4497,24.3893],[81.5046,24.424],[81.5487,24.4423],[81.5516,24.4406],[81.6295,24.4654],[81.6677,24.4827],[81.6956,24.4999],[81.6974,24.4983],[81.704,24.502],[81.7131,24.5028],[81.7165,24.5074],[81.719,24.5062],[81.7267,24.5084],[81.7283,24.511],[81.7366,24.5109],[81.7411,24.4961],[81.7449,24.4913],[81.7495,24.4929],[81.7489,24.4955],[81.753,24.5008],[81.7563,24.4989],[81.7607,24.5005],[81.7647,24.5088],[81.7638,24.517],[81.7884,24.5234],[81.792,24.5302],[81.796,24.5293],[81.8132,24.5344],[81.8187,24.5333],[81.819,24.5287],[81.7988,24.5145],[81.8048,24.5132],[81.812,24.5151],[81.8174,24.51],[81.8275,24.5161],[81.8345,24.5164],[81.8373,24.5203],[81.8395,24.5168],[81.8663,24.524],[81.8636,24.5358],[81.8957,24.5441],[81.8929,24.5539],[81.9162,24.5587],[81.9153,24.5657],[81.9197,24.5697],[81.9404,24.5691],[81.9468,24.571],[81.951,24.5752],[81.9493,24.5718],[81.9514,24.5461],[81.9534,24.5456],[81.9624,24.5542],[81.9915,24.5534],[82.0179,24.5704],[82.0336,24.569],[82.0673,24.5761],[82.0667,24.5824],[82.0691,24.5825],[82.0692,24.5856],[82.0681,24.5996],[82.0709,24.6026],[82.0765,24.6036],[82.0779,24.5998],[82.0904,24.5951],[82.1173,24.5982],[82.1225,24.5897],[82.1387,24.5943],[82.1402,24.5973],[82.1586,24.597],[82.183,24.6026],[82.1859,24.6058],[82.1843,24.6103],[82.1718,24.6163],[82.1743,24.6165],[82.1911,24.6151],[82.1946,24.6127],[82.2113,24.6141],[82.2322,24.6103],[82.2329,24.6058],[82.2495,24.6028],[82.2521,24.6109],[82.2686,24.5936],[82.2774,24.5897],[82.2848,24.5938],[82.2884,24.5907],[82.3009,24.5936],[82.305,24.5914],[82.3067,24.5949],[82.2953,24.6085],[82.2996,24.6116],[82.3038,24.6254],[82.3002,24.6343],[82.3009,24.6426],[82.3039,24.6439],[82.2998,24.647],[82.3034,24.6547],[82.2961,24.6614],[82.3036,24.6639],[82.303,24.6669],[82.2877,24.6663],[82.2856,24.668],[82.2855,24.6755],[82.2808,24.6754],[82.2687,24.6834],[82.2628,24.6788],[82.2729,24.6746],[82.2609,24.6615],[82.2551,24.6606],[82.2565,24.6685],[82.2545,24.6704],[82.2509,24.6682],[82.2492,24.6714],[82.2475,24.6686],[82.2453,24.6709],[82.2401,24.6697],[82.2414,24.6611],[82.239,24.6611],[82.2351,24.6709],[82.2364,24.677],[82.2337,24.6808],[82.2298,24.6817],[82.2345,24.6856],[82.2354,24.6904],[82.2394,24.6902],[82.2423,24.6948],[82.2463,24.6919],[82.2501,24.6971],[82.2453,24.7034],[82.2464,24.7094],[82.251,24.7113],[82.2448,24.7305],[82.2507,24.7354],[82.2554,24.7477],[82.2558,24.7516],[82.2533,24.7516],[82.2511,24.7565],[82.2508,24.7699],[82.2461,24.7697],[82.2503,24.7615],[82.2462,24.7545],[82.2456,24.7441],[82.2425,24.7445],[82.24,24.7508],[82.2375,24.7518],[82.2342,24.7606],[82.2333,24.7583],[82.2314,24.7592],[82.2314,24.756],[82.2265,24.7612],[82.2248,24.7579],[82.2282,24.7544],[82.2292,24.7451],[82.2222,24.7466],[82.216,24.7545],[82.207,24.7473],[82.207,24.7432],[82.2176,24.7375],[82.2212,24.722],[82.2158,24.7265],[82.2138,24.7343],[82.203,24.7341],[82.1968,24.7379],[82.1775,24.7323],[82.1975,24.7468],[82.2032,24.7581],[82.2037,24.7605],[82.1954,24.7642],[82.2,24.7688],[82.1949,24.7752],[82.1965,24.7781],[82.2043,24.7761],[82.2093,24.7717],[82.2103,24.7748],[82.2141,24.7729],[82.2179,24.7767],[82.2092,24.7785],[82.2119,24.7871],[82.2173,24.7902],[82.2162,24.7942],[82.2063,24.7961],[82.2033,24.7923],[82.1954,24.7919],[82.1843,24.7956],[82.1839,24.7989],[82.1888,24.8058],[82.1916,24.8058],[82.1982,24.8163],[82.2036,24.8192],[82.1911,24.8107],[82.1782,24.8109],[82.1751,24.8009],[82.17,24.7994],[82.1667,24.8009],[82.1789,24.7951],[82.1783,24.7929],[82.1678,24.7912],[82.167,24.7855],[82.1509,24.7946],[82.1497,24.7919],[82.1387,24.7995],[82.1319,24.7916],[82.1339,24.788],[82.1301,24.7881],[82.1296,24.7856],[82.126,24.7883],[82.1203,24.7881],[82.1156,24.7845],[82.1122,24.8005],[82.0977,24.8162],[82.0751,24.822],[82.0716,24.8192],[82.0513,24.8306],[82.0453,24.8286],[82.0313,24.8402],[82.024,24.8412],[82.0169,24.846],[82.0107,24.8469],[82.0031,24.8415],[81.9923,24.8423],[81.9853,24.8393],[81.9716,24.8389],[81.9653,24.8271],[81.9604,24.8368],[81.9442,24.8413],[81.9436,24.8466],[81.938,24.8497],[81.9327,24.8588],[81.9337,24.8707],[81.928,24.874],[81.9255,24.8722],[81.9201,24.8743],[81.9206,24.8774],[81.9165,24.8772],[81.9146,24.8807],[81.9079,24.8814],[81.9066,24.8835],[81.9089,24.8858],[81.905,24.8868],[81.9029,24.8917],[81.9079,24.8966],[81.9035,24.8988],[81.9184,24.9195],[81.9197,24.9281],[81.9141,24.9363],[81.9104,24.9374],[81.9078,24.9704],[81.9041,24.9722],[81.9079,24.9801],[81.9015,24.9865],[81.9064,24.995],[81.9071,25.0062],[81.8981,25.011],[81.8957,25.0098],[81.8991,25.0014],[81.9021,25.0005],[81.8957,24.9898],[81.8913,24.9889],[81.8909,24.9958],[81.8771,24.9994],[81.8771,24.996],[81.8742,24.9952],[81.8726,24.9998],[81.8668,25.0026],[81.8537,25.0026],[81.8489,25.0083],[81.8488,25.012],[81.8352,25.0173],[81.8322,25.0123],[81.8234,25.0175],[81.8143,25.011],[81.8107,25.0129],[81.8041,25.0019],[81.7927,25.0045],[81.7803,25.0196],[81.7588,25.0269],[81.755,25.0348],[81.7458,25.0335],[81.7467,25.0373],[81.7421,25.0388],[81.7402,25.045],[81.7315,25.0487],[81.7237,25.05],[81.719,25.0418],[81.7213,25.0425],[81.7214,25.0383],[81.7133,25.0361],[81.7071,25.0352],[81.6898,25.039],[81.6936,25.0488],[81.6886,25.0518],[81.6823,25.0612],[81.6672,25.0614],[81.6686,25.0717],[81.6666,25.0751],[81.6602,25.0712],[81.6524,25.0708],[81.6511,25.0662],[81.6413,25.0568],[81.6335,25.0594],[81.6275,25.0525],[81.6117,25.0563],[81.6104,25.0613],[81.6168,25.059],[81.6173,25.0611],[81.6094,25.0655],[81.6104,25.0688],[81.6001,25.0742],[81.6054,25.0787],[81.6158,25.0805],[81.6213,25.09],[81.6288,25.0913],[81.6287,25.0951],[81.6409,25.099],[81.6324,25.1065],[81.6287,25.107],[81.633,25.1171],[81.6244,25.12],[81.6204,25.1158],[81.624,25.112],[81.6163,25.1077],[81.6115,25.095],[81.6083,25.096],[81.6102,25.1095],[81.6085,25.1121],[81.6101,25.1124],[81.6063,25.1167],[81.5971,25.119],[81.6,25.1231],[81.5985,25.124],[81.6024,25.1271],[81.5977,25.1313],[81.6145,25.1444],[81.6206,25.1403],[81.6233,25.1411],[81.6257,25.1449],[81.6242,25.1563],[81.6262,25.1608],[81.6203,25.1622],[81.6196,25.1664],[81.6156,25.1691],[81.612,25.1641],[81.6049,25.163],[81.5885,25.1658],[81.5955,25.182],[81.5726,25.1922]]]},"properties":{"dtname":"Rewa","stname":"MADHYA PRADESH","stcode11":"23","dtcode11":"430","year_stat":"2011_c","Shape_Length":734727.1243819214,"Shape_Area":7667079352.557197,"OBJECTID":374,"test":0,"Dist_LGD":424,"State_LGD":23}},{"type":"Feature","id":375,"geometry":{"type":"Polygon","coordinates":[[[80.8847,25.1871],[80.8806,25.1869],[80.8795,25.1813],[80.8694,25.1745],[80.8642,25.1824],[80.8571,25.1809],[80.8442,25.1869],[80.8382,25.1806],[80.8388,25.1762],[80.843,25.176],[80.8462,25.1717],[80.8491,25.1626],[80.8401,25.1562],[80.8398,25.1446],[80.8365,25.1339],[80.8429,25.1124],[80.8376,25.1059],[80.8389,25.1047],[80.8348,25.1062],[80.8299,25.1],[80.8277,25.1153],[80.8244,25.1161],[80.8267,25.1215],[80.8229,25.1239],[80.8173,25.1242],[80.816,25.1224],[80.812,25.1241],[80.8153,25.1317],[80.8083,25.1369],[80.7971,25.1366],[80.7945,25.1304],[80.7914,25.1317],[80.7864,25.1295],[80.782,25.1342],[80.7842,25.137],[80.7782,25.1423],[80.7772,25.1364],[80.7718,25.1324],[80.7605,25.1347],[80.7539,25.1328],[80.7458,25.1293],[80.742,25.1235],[80.7368,25.1354],[80.7327,25.1333],[80.7349,25.1394],[80.7319,25.1394],[80.7304,25.1466],[80.7279,25.1377],[80.7217,25.1352],[80.7211,25.1388],[80.7184,25.1305],[80.707,25.1304],[80.7044,25.1284],[80.7041,25.1223],[80.7077,25.1177],[80.7241,25.1216],[80.7274,25.1185],[80.7306,25.1129],[80.7263,25.1112],[80.7233,25.1051],[80.7232,25.0946],[80.7255,25.0914],[80.7348,25.0891],[80.7366,25.0949],[80.7521,25.0925],[80.7537,25.0902],[80.7573,25.0904],[80.755,25.0867],[80.7571,25.082],[80.7693,25.0773],[80.7834,25.0759],[80.7838,25.0688],[80.7875,25.0617],[80.7762,25.0548],[80.7663,25.0528],[80.7619,25.0559],[80.7523,25.0569],[80.7513,25.0542],[80.7425,25.0538],[80.7427,25.0559],[80.7369,25.053],[80.7291,25.0672],[80.7171,25.0691],[80.7195,25.0645],[80.7123,25.0587],[80.6796,25.0486],[80.6803,25.058],[80.676,25.056],[80.6741,25.0605],[80.6838,25.0672],[80.6846,25.0771],[80.6775,25.0778],[80.673,25.0826],[80.6699,25.0743],[80.6617,25.0676],[80.6588,25.071],[80.6575,25.0809],[80.6591,25.0835],[80.6515,25.0839],[80.6427,25.0888],[80.641,25.0873],[80.6404,25.0925],[80.6393,25.0872],[80.6289,25.0905],[80.6284,25.0872],[80.6258,25.0867],[80.6272,25.0833],[80.6238,25.0888],[80.6075,25.0982],[80.6126,25.1008],[80.6188,25.1002],[80.6209,25.105],[80.6195,25.1082],[80.6248,25.1111],[80.6246,25.1151],[80.6271,25.1171],[80.6308,25.1162],[80.6323,25.1132],[80.6358,25.1132],[80.6383,25.1167],[80.6325,25.1226],[80.6347,25.1287],[80.6289,25.1335],[80.6223,25.135],[80.616,25.1283],[80.6113,25.1279],[80.6104,25.1364],[80.6127,25.1432],[80.6066,25.1504],[80.6011,25.15],[80.5968,25.1437],[80.595,25.1272],[80.6055,25.1221],[80.6072,25.1179],[80.5976,25.114],[80.5951,25.1052],[80.5924,25.1032],[80.5963,25.0992],[80.5937,25.0945],[80.5977,25.0889],[80.5924,25.0902],[80.597,25.0819],[80.596,25.0798],[80.5981,25.0793],[80.5998,25.0822],[80.5982,25.0873],[80.6028,25.0853],[80.6067,25.0867],[80.6063,25.0802],[80.61,25.0799],[80.6113,25.0774],[80.614,25.07],[80.6132,25.0657],[80.6043,25.0691],[80.5954,25.0794],[80.5759,25.0815],[80.5684,25.0869],[80.5677,25.0734],[80.5523,25.0628],[80.5454,25.0645],[80.5403,25.0719],[80.5334,25.0702],[80.522,25.0757],[80.5193,25.0822],[80.5204,25.0928],[80.5142,25.0968],[80.4998,25.1003],[80.4978,25.0965],[80.4931,25.0996],[80.4879,25.0967],[80.4876,25.0988],[80.4852,25.0979],[80.4827,25.1002],[80.4807,25.0987],[80.4816,25.0959],[80.4796,25.0964],[80.4808,25.093],[80.5067,25.084],[80.5034,25.0731],[80.4964,25.073],[80.5019,25.0707],[80.5091,25.0588],[80.5065,25.0539],[80.501,25.0515],[80.5007,25.0478],[80.5032,25.0453],[80.5006,25.0416],[80.5142,25.0434],[80.5323,25.0379],[80.5408,25.0325],[80.5461,25.0324],[80.5482,25.0299],[80.5475,25.0249],[80.5414,25.0167],[80.5495,25.0025],[80.5309,25.0013],[80.5176,25.0088],[80.5147,25.003],[80.4993,25.0062],[80.4958,24.993],[80.4926,24.9894],[80.4883,24.9899],[80.4804,24.986],[80.4794,24.9748],[80.4761,24.9753],[80.4707,24.9673],[80.4852,24.9483],[80.4905,24.9447],[80.4888,24.9385],[80.4925,24.9311],[80.491,24.9253],[80.4879,24.9253],[80.4874,24.922],[80.4904,24.9205],[80.4884,24.9169],[80.4898,24.9151],[80.495,24.9117],[80.4944,24.9079],[80.4886,24.9052],[80.49,24.8993],[80.4868,24.8984],[80.4894,24.8945],[80.4838,24.8914],[80.4797,24.8851],[80.4824,24.8803],[80.4785,24.8727],[80.4816,24.8718],[80.4846,24.86],[80.4774,24.8473],[80.4783,24.8442],[80.4872,24.8438],[80.4807,24.8484],[80.4854,24.8577],[80.4891,24.8584],[80.4938,24.8552],[80.4976,24.8592],[80.4872,24.861],[80.4847,24.874],[80.4867,24.8845],[80.4991,24.8911],[80.5069,24.8918],[80.5009,24.8963],[80.5011,24.8992],[80.506,24.9002],[80.5048,24.9026],[80.51,24.9077],[80.5081,24.9126],[80.5139,24.9113],[80.5141,24.9149],[80.5176,24.9171],[80.5224,24.917],[80.5346,24.9098],[80.5389,24.9004],[80.544,24.8993],[80.5572,24.9025],[80.5762,24.9012],[80.5834,24.8974],[80.5884,24.8898],[80.6133,24.8761],[80.6222,24.8748],[80.6295,24.8782],[80.6319,24.8745],[80.6313,24.8661],[80.6098,24.8511],[80.5977,24.8455],[80.5942,24.8383],[80.607,24.8382],[80.6036,24.831],[80.5942,24.8316],[80.5967,24.8289],[80.5922,24.8306],[80.5901,24.8293],[80.5936,24.8284],[80.5926,24.827],[80.5792,24.8228],[80.5754,24.8187],[80.5753,24.8104],[80.5732,24.8122],[80.5725,24.8206],[80.5686,24.8161],[80.536,24.8058],[80.5309,24.8122],[80.5369,24.8136],[80.5275,24.8174],[80.525,24.8225],[80.5264,24.8155],[80.5185,24.806],[80.5301,24.8109],[80.5336,24.8036],[80.5245,24.7992],[80.5235,24.7914],[80.5187,24.7963],[80.5072,24.789],[80.5095,24.7811],[80.5089,24.7707],[80.493,24.7819],[80.4895,24.775],[80.483,24.7709],[80.4871,24.7641],[80.4857,24.7622],[80.4838,24.7642],[80.4813,24.7612],[80.4792,24.7669],[80.4756,24.7663],[80.4748,24.7626],[80.478,24.7555],[80.4757,24.755],[80.4723,24.7586],[80.4684,24.7666],[80.436,24.7467],[80.427,24.7533],[80.4241,24.7651],[80.4194,24.7687],[80.4153,24.7774],[80.412,24.7787],[80.4097,24.7759],[80.4101,24.7643],[80.4006,24.7581],[80.394,24.7449],[80.4001,24.7277],[80.4091,24.7263],[80.4015,24.7177],[80.4035,24.7084],[80.3822,24.7114],[80.3809,24.7044],[80.3673,24.6898],[80.3573,24.6991],[80.3464,24.6987],[80.3447,24.696],[80.3551,24.6732],[80.3722,24.6761],[80.3766,24.6813],[80.3868,24.6761],[80.3906,24.6658],[80.4134,24.6476],[80.424,24.6298],[80.4178,24.6165],[80.4148,24.6153],[80.4157,24.612],[80.4274,24.6123],[80.4298,24.6101],[80.4323,24.612],[80.4362,24.6099],[80.4393,24.6113],[80.4394,24.6082],[80.4418,24.6074],[80.4531,24.6135],[80.4598,24.6128],[80.4617,24.6158],[80.4695,24.6137],[80.4629,24.6076],[80.4665,24.6],[80.462,24.5973],[80.4601,24.5928],[80.4631,24.5856],[80.4567,24.5746],[80.4562,24.5649],[80.4608,24.5527],[80.4529,24.5531],[80.4503,24.5389],[80.4461,24.5338],[80.4424,24.534],[80.4422,24.5279],[80.4481,24.5276],[80.4617,24.5323],[80.4657,24.5214],[80.461,24.5192],[80.4589,24.5104],[80.4435,24.5128],[80.4389,24.5098],[80.4384,24.5063],[80.4355,24.5065],[80.4358,24.4901],[80.4284,24.4879],[80.424,24.4793],[80.4326,24.4767],[80.4266,24.465],[80.4228,24.443],[80.4319,24.4412],[80.4395,24.4363],[80.45,24.4401],[80.4603,24.4369],[80.4655,24.4294],[80.4668,24.4223],[80.457,24.4211],[80.4617,24.4171],[80.4688,24.42],[80.4679,24.4172],[80.4733,24.4153],[80.4709,24.4143],[80.4716,24.4123],[80.4684,24.4121],[80.4704,24.4066],[80.4656,24.4017],[80.4706,24.3984],[80.4657,24.3907],[80.4714,24.3863],[80.4705,24.375],[80.4743,24.3761],[80.4763,24.3726],[80.4815,24.3726],[80.4856,24.3691],[80.4932,24.3713],[80.4979,24.3758],[80.5,24.3748],[80.5047,24.3708],[80.5058,24.3632],[80.5129,24.3607],[80.5088,24.3498],[80.512,24.3441],[80.5169,24.3411],[80.5319,24.3428],[80.5337,24.3396],[80.5298,24.3388],[80.5323,24.3332],[80.5392,24.3329],[80.5368,24.329],[80.5413,24.3244],[80.5365,24.3175],[80.5456,24.3178],[80.5497,24.3151],[80.5522,24.3167],[80.5579,24.3121],[80.554,24.3093],[80.5577,24.3043],[80.568,24.3062],[80.5764,24.3014],[80.5748,24.2938],[80.5633,24.2898],[80.5657,24.283],[80.565,24.2746],[80.5581,24.267],[80.5728,24.2643],[80.585,24.2578],[80.5738,24.2588],[80.5722,24.2561],[80.5676,24.2563],[80.5707,24.2589],[80.5664,24.258],[80.5518,24.2714],[80.5508,24.2691],[80.554,24.2669],[80.5533,24.2652],[80.5506,24.2665],[80.5503,24.2637],[80.5513,24.2622],[80.5547,24.2637],[80.5578,24.2609],[80.5555,24.2583],[80.557,24.2559],[80.5595,24.2543],[80.5629,24.2556],[80.5642,24.2515],[80.5692,24.25],[80.5704,24.2431],[80.5815,24.2442],[80.5885,24.2349],[80.5895,24.2294],[80.594,24.2277],[80.5917,24.2169],[80.5974,24.2098],[80.6038,24.2068],[80.6032,24.2032],[80.6054,24.2049],[80.6146,24.1985],[80.6233,24.1997],[80.6204,24.1963],[80.6233,24.1964],[80.6228,24.1937],[80.6191,24.1924],[80.6218,24.1923],[80.6211,24.1904],[80.6153,24.1869],[80.6208,24.1877],[80.619,24.181],[80.6235,24.1837],[80.6237,24.1901],[80.6295,24.1941],[80.6294,24.1977],[80.6405,24.1956],[80.6389,24.1916],[80.6421,24.1876],[80.6454,24.1917],[80.6469,24.1888],[80.6508,24.1907],[80.6537,24.1927],[80.6531,24.1952],[80.6573,24.1948],[80.6638,24.1981],[80.6671,24.195],[80.6709,24.1953],[80.6722,24.1975],[80.6787,24.1982],[80.6747,24.1952],[80.6737,24.1905],[80.6659,24.1934],[80.6631,24.1907],[80.6648,24.1873],[80.6551,24.1895],[80.6513,24.1868],[80.6548,24.1766],[80.6486,24.1737],[80.6492,24.1817],[80.6373,24.1855],[80.6314,24.1839],[80.6309,24.1769],[80.6329,24.1751],[80.628,24.1753],[80.6276,24.172],[80.6186,24.1733],[80.6167,24.1693],[80.6214,24.167],[80.6249,24.1571],[80.6174,24.1665],[80.6123,24.1699],[80.6084,24.1689],[80.6111,24.1661],[80.6115,24.1588],[80.6054,24.1602],[80.6057,24.156],[80.5963,24.1533],[80.6095,24.1486],[80.603,24.1477],[80.5968,24.1355],[80.5852,24.1298],[80.5775,24.1289],[80.577,24.1204],[80.5674,24.1217],[80.5622,24.1191],[80.5559,24.1211],[80.5547,24.1143],[80.56,24.1097],[80.5474,24.1094],[80.5443,24.1054],[80.5475,24.1024],[80.543,24.1005],[80.542,24.0961],[80.5324,24.0951],[80.5289,24.0886],[80.5198,24.0864],[80.5162,24.0813],[80.5083,24.0771],[80.4768,24.0667],[80.4759,24.0715],[80.4711,24.07],[80.4726,24.0723],[80.466,24.0736],[80.4568,24.0861],[80.4411,24.0927],[80.4395,24.0883],[80.4422,24.0856],[80.4409,24.0825],[80.4453,24.07],[80.4416,24.0362],[80.4371,24.0321],[80.421,24.0327],[80.4147,24.0363],[80.407,24.0363],[80.3937,24.0409],[80.3889,24.0394],[80.3853,24.0423],[80.3834,24.0383],[80.3846,24.0335],[80.3934,24.0258],[80.3867,24.012],[80.3892,24.0022],[80.3876,23.9984],[80.3693,23.9877],[80.3627,23.9806],[80.358,23.9802],[80.3547,23.9695],[80.3589,23.9708],[80.3598,23.9688],[80.3643,23.9733],[80.3705,23.9745],[80.3794,23.9687],[80.3902,23.9673],[80.3999,23.9733],[80.4043,23.9728],[80.4098,23.9759],[80.4185,23.9847],[80.4229,23.9849],[80.4234,23.9797],[80.4686,23.9911],[80.5131,24.0124],[80.5263,24.0215],[80.5317,24.0283],[80.5186,24.0402],[80.5154,24.0492],[80.5195,24.053],[80.5197,24.0567],[80.5241,24.057],[80.5258,24.0625],[80.5325,24.0638],[80.5373,24.0706],[80.5391,24.0703],[80.5432,24.059],[80.5523,24.0531],[80.5546,24.049],[80.5439,24.0452],[80.5454,24.0387],[80.5436,24.0312],[80.5655,24.0455],[80.5794,24.0478],[80.5952,24.0579],[80.5994,24.0644],[80.6079,24.0634],[80.6117,24.0687],[80.6265,24.0755],[80.642,24.0599],[80.6447,24.043],[80.6484,24.044],[80.6494,24.0534],[80.6388,24.0717],[80.6405,24.0768],[80.6366,24.085],[80.6454,24.0899],[80.6474,24.0852],[80.651,24.0856],[80.6572,24.0916],[80.6606,24.0863],[80.6674,24.0833],[80.6714,24.0748],[80.683,24.0737],[80.6801,24.0917],[80.6734,24.1049],[80.7054,24.1173],[80.7103,24.1256],[80.7147,24.1242],[80.7162,24.1278],[80.7369,24.1319],[80.7451,24.1169],[80.7391,24.1058],[80.7206,24.0911],[80.7042,24.0928],[80.6958,24.0839],[80.7043,24.0765],[80.7063,24.0705],[80.7124,24.0649],[80.7197,24.0681],[80.7237,24.0651],[80.7251,24.072],[80.7229,24.0776],[80.7323,24.0689],[80.7402,24.0682],[80.7428,24.0702],[80.7459,24.0638],[80.7518,24.0628],[80.7557,24.0666],[80.7569,24.0603],[80.7635,24.0639],[80.7648,24.0676],[80.7757,24.0689],[80.7966,24.066],[80.803,24.0607],[80.7991,24.0585],[80.7974,24.0534],[80.7902,24.0492],[80.7955,24.0472],[80.7953,24.0419],[80.8012,24.0369],[80.7885,24.0349],[80.7807,24.0357],[80.7743,24.0391],[80.7542,24.0258],[80.7616,24.0218],[80.7634,24.0119],[80.7661,24.012],[80.7696,24.0053],[80.7634,23.9952],[80.7646,23.9923],[80.7931,23.9704],[80.8072,23.9698],[80.8016,23.9773],[80.8017,23.9883],[80.8108,23.9932],[80.8115,23.9958],[80.8061,24.0062],[80.7968,24.0063],[80.7986,24.0157],[80.8196,24.0283],[80.8364,24.0233],[80.8391,24.0309],[80.8487,24.0358],[80.851,24.0464],[80.855,24.051],[80.8591,24.0514],[80.8645,24.0584],[80.863,24.0683],[80.8696,24.0785],[80.8815,24.0763],[80.8865,24.0662],[80.8931,24.063],[80.903,24.0706],[80.9129,24.0651],[80.9299,24.0675],[80.9612,24.0645],[80.9737,24.0684],[80.9983,24.0912],[81.0089,24.0905],[81.0594,24.1081],[81.112,24.1302],[81.1362,24.1357],[81.1519,24.1366],[81.1596,24.1343],[81.1761,24.1227],[81.1855,24.1109],[81.2024,24.1096],[81.2248,24.1282],[81.223,24.1494],[81.2267,24.1549],[81.2495,24.1629],[81.2805,24.1902],[81.3482,24.1878],[81.3617,24.1957],[81.375,24.2181],[81.3823,24.2431],[81.3827,24.2559],[81.3888,24.2626],[81.3887,24.266],[81.3817,24.2664],[81.3785,24.2631],[81.3687,24.2623],[81.35,24.2531],[81.3441,24.2609],[81.3411,24.2702],[81.349,24.2742],[81.3449,24.2787],[81.3477,24.2851],[81.3459,24.2921],[81.3253,24.2906],[81.3115,24.3064],[81.3083,24.312],[81.3107,24.3181],[81.3052,24.3227],[81.2896,24.32],[81.2855,24.3229],[81.2716,24.3204],[81.2699,24.3233],[81.2833,24.3559],[81.2751,24.3589],[81.2707,24.3631],[81.2676,24.3691],[81.2684,24.3763],[81.2728,24.3843],[81.2852,24.3784],[81.2847,24.3849],[81.2892,24.3821],[81.2918,24.3965],[81.281,24.4021],[81.2776,24.4109],[81.27,24.4122],[81.2604,24.4209],[81.2593,24.4264],[81.262,24.4311],[81.2603,24.4336],[81.257,24.4325],[81.2566,24.4298],[81.249,24.4301],[81.2498,24.4337],[81.2409,24.4408],[81.2343,24.4506],[81.2287,24.4523],[81.2343,24.4611],[81.2347,24.4723],[81.2229,24.4689],[81.2232,24.4908],[81.1975,24.4998],[81.1854,24.4975],[81.173,24.5014],[81.1716,24.4969],[81.1573,24.4977],[81.1533,24.5085],[81.1472,24.5067],[81.1423,24.5081],[81.1395,24.5118],[81.1433,24.5134],[81.1455,24.5177],[81.1477,24.5168],[81.1566,24.5223],[81.1555,24.547],[81.159,24.5519],[81.1572,24.5617],[81.1611,24.5626],[81.1577,24.5684],[81.1601,24.5686],[81.1652,24.5631],[81.1676,24.5638],[81.1684,24.5728],[81.1599,24.5747],[81.1589,24.5775],[81.1596,24.5892],[81.1633,24.5927],[81.1609,24.6024],[81.1681,24.6245],[81.1671,24.6304],[81.1617,24.637],[81.1663,24.6422],[81.1641,24.6461],[81.1669,24.6475],[81.1654,24.6518],[81.1697,24.6666],[81.1746,24.6733],[81.1729,24.6786],[81.175,24.6905],[81.1783,24.6921],[81.1808,24.6896],[81.1802,24.6955],[81.1831,24.6988],[81.1571,24.7074],[81.1397,24.7285],[81.1316,24.7311],[81.1244,24.7403],[81.1216,24.74],[81.1187,24.7445],[81.1188,24.7499],[81.1095,24.7505],[81.1057,24.758],[81.0944,24.7681],[81.0906,24.7747],[81.0888,24.7822],[81.0924,24.7839],[81.089,24.7932],[81.085,24.7944],[81.0872,24.7874],[81.0848,24.783],[81.0773,24.7859],[81.0781,24.7759],[81.0725,24.7742],[81.0698,24.7746],[81.0683,24.7785],[81.0614,24.7785],[81.0535,24.786],[81.0529,24.7945],[81.045,24.797],[81.0527,24.8005],[81.0555,24.8079],[81.0628,24.806],[81.0701,24.8003],[81.0681,24.8151],[81.0711,24.8184],[81.0648,24.8236],[81.0721,24.8333],[81.0952,24.8311],[81.0966,24.8411],[81.094,24.8463],[81.1008,24.8463],[81.1041,24.8502],[81.1049,24.8564],[81.1077,24.8591],[81.1064,24.8668],[81.1119,24.8717],[81.1097,24.876],[81.1112,24.8803],[81.1144,24.8824],[81.1221,24.8802],[81.1253,24.8855],[81.1235,24.889],[81.1255,24.8905],[81.1195,24.8936],[81.123,24.8994],[81.1182,24.9076],[81.1123,24.9074],[81.1034,24.9186],[81.0963,24.9212],[81.0934,24.929],[81.0905,24.9289],[81.0872,24.933],[81.0897,24.9463],[81.0848,24.9497],[81.0663,24.949],[81.0559,24.9522],[81.0499,24.9498],[81.0336,24.9526],[81.0259,24.9487],[81.0285,24.9436],[81.0251,24.9444],[81.0252,24.9401],[81.0159,24.9513],[81.0136,24.9478],[81.0223,24.9362],[81.0289,24.9333],[81.0247,24.9331],[81.0231,24.9276],[81.0169,24.931],[81.0131,24.928],[81.0096,24.9358],[81.0045,24.9372],[80.997,24.9325],[80.9964,24.9281],[80.9876,24.926],[80.9867,24.9233],[80.9826,24.9268],[80.9859,24.9325],[80.9741,24.9342],[80.9648,24.9301],[80.9658,24.9261],[80.9622,24.9259],[80.96,24.9192],[80.9572,24.9179],[80.9577,24.9217],[80.9559,24.9219],[80.9589,24.9388],[80.9477,24.941],[80.9543,24.9542],[80.95,24.9645],[80.946,24.9663],[80.8992,24.9486],[80.8989,24.9428],[80.905,24.939],[80.9068,24.9352],[80.8959,24.9449],[80.8926,24.9453],[80.8793,24.9396],[80.8814,24.9352],[80.874,24.9358],[80.8607,24.9286],[80.8568,24.9316],[80.8376,24.9284],[80.8383,24.9216],[80.8358,24.9196],[80.8287,24.918],[80.8122,24.9225],[80.8141,24.9275],[80.8205,24.931],[80.8202,24.933],[80.8083,24.9385],[80.8058,24.9436],[80.81,24.9527],[80.8059,24.9531],[80.7953,24.9601],[80.7923,24.9649],[80.8113,24.9702],[80.8159,24.9662],[80.824,24.9678],[80.8262,24.9765],[80.8331,24.982],[80.8456,24.9837],[80.8522,24.9887],[80.8552,25.004],[80.8431,25.0196],[80.8366,25.0227],[80.8318,25.0329],[80.8401,25.0334],[80.8464,25.0444],[80.8555,25.0473],[80.8638,25.0565],[80.8781,25.0655],[80.8764,25.0734],[80.8692,25.0728],[80.8676,25.0753],[80.8672,25.0795],[80.8796,25.0993],[80.8685,25.1157],[80.8789,25.1257],[80.8796,25.1383],[80.8887,25.1325],[80.8948,25.134],[80.8946,25.1382],[80.9129,25.1591],[80.9036,25.1596],[80.8823,25.1831],[80.8847,25.1871]]]},"properties":{"dtname":"Satna","stname":"MADHYA PRADESH","stcode11":"23","dtcode11":"429","year_stat":"2011_c","Shape_Length":1087379.0422405223,"Shape_Area":9124781465.486084,"OBJECTID":375,"test":0,"Dist_LGD":426,"State_LGD":23}},{"type":"Feature","id":376,"geometry":{"type":"Polygon","coordinates":[[[77.2701,25.1159],[77.2594,25.1106],[77.2494,25.1104],[77.2387,25.1068],[77.2149,25.1091],[77.2055,25.1138],[77.1986,25.1102],[77.1851,25.108],[77.1746,25.1117],[77.1683,25.1028],[77.1714,25.0979],[77.1669,25.0849],[77.1498,25.0866],[77.1508,25.0936],[77.148,25.0953],[77.1337,25.0853],[77.1228,25.0669],[77.0955,25.0655],[77.0894,25.0627],[77.0853,25.0551],[77.0821,25.0582],[77.0688,25.0591],[77.0627,25.0635],[77.0431,25.0634],[77.0399,25.0679],[77.0366,25.0659],[77.0243,25.066],[77.0108,25.0734],[77.0003,25.0748],[76.9748,25.0664],[76.9714,25.0618],[76.9733,25.0583],[76.9685,25.0542],[76.9679,25.0508],[76.9619,25.0563],[76.959,25.0522],[76.9532,25.0524],[76.9455,25.0467],[76.9251,25.047],[76.9109,25.0429],[76.8888,25.044],[76.8762,25.0415],[76.8784,25.0278],[76.8753,25.0073],[76.8569,25.0025],[76.8667,24.9903],[76.8679,24.9835],[76.8619,24.9614],[76.8668,24.9581],[76.8773,24.942],[76.8859,24.9389],[76.8895,24.9338],[76.8902,24.9194],[76.9097,24.921],[76.923,24.9136],[76.9219,24.9067],[76.9203,24.904],[76.9174,24.9044],[76.9146,24.8988],[76.9125,24.8882],[76.9222,24.8801],[76.9325,24.8814],[76.9349,24.88],[76.9336,24.8743],[76.944,24.8735],[76.9496,24.8694],[76.9451,24.866],[76.9404,24.8572],[76.935,24.8551],[76.9277,24.8474],[76.9195,24.8476],[76.8938,24.838],[76.8818,24.837],[76.8676,24.84],[76.841,24.8353],[76.8316,24.8378],[76.8227,24.8354],[76.8152,24.8284],[76.8,24.8247],[76.8044,24.8068],[76.8257,24.7919],[76.847,24.769],[76.8499,24.7562],[76.8486,24.7504],[76.8539,24.7435],[76.8601,24.7421],[76.8906,24.7469],[76.8955,24.7436],[76.9018,24.7337],[76.9069,24.7315],[76.922,24.7415],[76.9306,24.7433],[76.9467,24.7588],[76.9544,24.7595],[76.9635,24.7565],[76.9691,24.7423],[76.9741,24.7361],[76.9916,24.7353],[76.9964,24.7321],[76.9989,24.7178],[77.0119,24.7125],[77.0248,24.7144],[77.0307,24.7122],[77.0414,24.7001],[77.0418,24.6839],[77.0571,24.6545],[77.0646,24.6454],[77.0683,24.6276],[77.0688,24.6075],[77.0653,24.5939],[77.0703,24.5828],[77.071,24.5679],[77.0675,24.555],[77.0597,24.5458],[77.0543,24.5317],[77.0547,24.5264],[77.0422,24.525],[77.0369,24.5281],[77.0356,24.521],[77.0293,24.5168],[77.0307,24.5018],[77.029,24.4961],[77.0116,24.4922],[77.011,24.4873],[77.0139,24.4839],[77.0088,24.4821],[77.0071,24.4792],[77.0089,24.4769],[77.0015,24.4733],[76.9835,24.4728],[76.9778,24.4612],[76.9621,24.4616],[76.9553,24.4644],[76.9509,24.4618],[76.9508,24.4657],[76.9431,24.4651],[76.9386,24.4723],[76.926,24.4742],[76.9184,24.4807],[76.9155,24.5018],[76.9218,24.5206],[76.9162,24.5389],[76.9176,24.5434],[76.9017,24.5458],[76.8941,24.5382],[76.8898,24.525],[76.8841,24.5215],[76.8727,24.5277],[76.8718,24.5322],[76.8751,24.5338],[76.8767,24.539],[76.8629,24.5496],[76.8383,24.5458],[76.8215,24.5346],[76.8164,24.5336],[76.8163,24.5244],[76.8232,24.5201],[76.8283,24.5131],[76.8282,24.5031],[76.8366,24.4931],[76.8354,24.4889],[76.8465,24.4864],[76.8479,24.4736],[76.8533,24.4669],[76.8518,24.4503],[76.8439,24.4502],[76.8409,24.4425],[76.8504,24.4234],[76.8455,24.4155],[76.8384,24.4121],[76.8375,24.4085],[76.8451,24.4006],[76.851,24.383],[76.8454,24.3754],[76.8518,24.3707],[76.8324,24.3581],[76.838,24.347],[76.8381,24.334],[76.8415,24.3225],[76.852,24.3127],[76.8566,24.3044],[76.8601,24.2963],[76.8631,24.2731],[76.8736,24.2662],[76.8732,24.2628],[76.88,24.2608],[76.8796,24.2556],[76.8876,24.252],[76.886,24.248],[76.8889,24.2448],[76.8954,24.2433],[76.9047,24.2369],[76.9123,24.2379],[76.9155,24.2293],[76.9228,24.2253],[76.9224,24.2116],[76.9319,24.2098],[76.9333,24.2072],[76.946,24.206],[76.9471,24.201],[76.9471,24.1985],[76.9401,24.1938],[76.9355,24.1839],[76.9161,24.1877],[76.916,24.1736],[76.9086,24.1604],[76.9107,24.1574],[76.9098,24.1527],[76.9031,24.1387],[76.9014,24.1281],[76.8909,24.1272],[76.879,24.1305],[76.8779,24.1228],[76.8867,24.1148],[76.8865,24.1099],[76.8899,24.1064],[76.907,24.1063],[76.9174,24.102],[76.9319,24.0889],[76.9419,24.0759],[76.9632,24.0623],[76.9714,24.0447],[76.9789,24.0463],[76.9811,24.0449],[76.9817,24.0492],[76.9894,24.0477],[77.0086,24.0615],[77.0255,24.0831],[77.0393,24.0807],[77.0448,24.082],[77.0493,24.0778],[77.0588,24.0805],[77.0771,24.0784],[77.0972,24.0862],[77.1267,24.0874],[77.1322,24.0936],[77.1345,24.0932],[77.1342,24.0876],[77.1379,24.0866],[77.1513,24.0876],[77.1587,24.0812],[77.1826,24.0792],[77.1833,24.0575],[77.178,24.0485],[77.1876,24.0294],[77.1764,24.0176],[77.1848,24.0016],[77.1814,23.9859],[77.1747,23.984],[77.1727,23.9583],[77.1655,23.9473],[77.1711,23.9389],[77.1814,23.9371],[77.1856,23.931],[77.1888,23.9172],[77.1884,23.9067],[77.1909,23.9029],[77.1895,23.8929],[77.198,23.8917],[77.2113,23.8941],[77.2401,23.8907],[77.2474,23.8929],[77.2542,23.8885],[77.2784,23.8864],[77.2909,23.8918],[77.2937,23.8953],[77.2988,23.8935],[77.3008,23.89],[77.3099,23.8893],[77.3186,23.8843],[77.3161,23.8919],[77.3228,23.9075],[77.3206,23.9132],[77.3078,23.9164],[77.3097,23.9271],[77.2969,23.9256],[77.2989,23.9298],[77.305,23.9295],[77.3076,23.9318],[77.3092,23.9518],[77.2965,23.9549],[77.2973,23.9576],[77.306,23.9573],[77.2981,23.9618],[77.3071,23.966],[77.3055,23.9677],[77.3085,23.9701],[77.3009,23.9691],[77.2938,23.9754],[77.3021,23.9728],[77.305,23.9742],[77.302,23.9767],[77.3104,23.9767],[77.3107,23.9784],[77.3072,23.9793],[77.3141,23.9806],[77.3111,23.983],[77.3135,23.9884],[77.3023,23.9879],[77.3004,23.9924],[77.3049,23.9924],[77.3054,23.9966],[77.2914,23.9968],[77.3012,23.9983],[77.3013,24.0043],[77.309,24.0027],[77.3121,24.0072],[77.3076,24.0168],[77.2964,24.0212],[77.2778,24.0188],[77.2846,24.0317],[77.2909,24.0302],[77.2958,24.0378],[77.2944,24.0402],[77.2847,24.0416],[77.273,24.0379],[77.2631,24.0441],[77.2599,24.0432],[77.2597,24.068],[77.2741,24.0699],[77.2804,24.0773],[77.2852,24.0785],[77.285,24.0806],[77.2974,24.084],[77.2947,24.0916],[77.298,24.0974],[77.2901,24.1037],[77.2895,24.1214],[77.2875,24.1237],[77.2923,24.1242],[77.2917,24.1295],[77.2949,24.1265],[77.3006,24.1267],[77.3128,24.1505],[77.3017,24.1632],[77.3011,24.1674],[77.31,24.1668],[77.3177,24.1707],[77.3208,24.17],[77.3248,24.175],[77.3429,24.1793],[77.346,24.1824],[77.346,24.1934],[77.331,24.2108],[77.3314,24.2165],[77.3446,24.2127],[77.353,24.2133],[77.353,24.2148],[77.347,24.2303],[77.3392,24.2405],[77.3326,24.2454],[77.3268,24.2452],[77.3293,24.2523],[77.3332,24.2542],[77.3321,24.26],[77.3251,24.2703],[77.3245,24.2826],[77.3214,24.2876],[77.3277,24.3038],[77.3346,24.3073],[77.3477,24.3215],[77.3471,24.3256],[77.351,24.3354],[77.356,24.3399],[77.3538,24.3415],[77.3647,24.349],[77.3723,24.3482],[77.3739,24.3422],[77.3971,24.3387],[77.4022,24.3309],[77.408,24.3295],[77.4015,24.3181],[77.3961,24.3157],[77.3977,24.3112],[77.3949,24.3119],[77.3945,24.3084],[77.3966,24.3081],[77.394,24.3062],[77.3945,24.3034],[77.4075,24.3004],[77.4047,24.2968],[77.4055,24.2935],[77.3987,24.2846],[77.4004,24.2719],[77.4358,24.2394],[77.4439,24.2371],[77.447,24.239],[77.4524,24.238],[77.4575,24.2446],[77.4632,24.2458],[77.465,24.2498],[77.463,24.2508],[77.4717,24.251],[77.4721,24.2534],[77.4823,24.2521],[77.496,24.262],[77.4954,24.265],[77.4976,24.2661],[77.5003,24.2633],[77.5021,24.2531],[77.5301,24.246],[77.5546,24.2463],[77.5555,24.2545],[77.5624,24.2518],[77.5672,24.2537],[77.5753,24.2689],[77.5835,24.2665],[77.5851,24.2685],[77.5952,24.2676],[77.5965,24.2802],[77.5949,24.2838],[77.5985,24.298],[77.6226,24.2962],[77.6313,24.3066],[77.6384,24.3078],[77.6483,24.3144],[77.6513,24.3241],[77.6427,24.3254],[77.6389,24.3219],[77.6326,24.3233],[77.6174,24.3324],[77.6165,24.3415],[77.6227,24.3504],[77.6443,24.3567],[77.6584,24.3635],[77.6659,24.3638],[77.6738,24.3709],[77.6699,24.3736],[77.6835,24.3877],[77.6869,24.3869],[77.6905,24.3912],[77.698,24.3925],[77.709,24.3846],[77.7213,24.3869],[77.7199,24.393],[77.7225,24.3947],[77.7289,24.4183],[77.7357,24.428],[77.7222,24.4215],[77.7097,24.428],[77.7095,24.4218],[77.7061,24.416],[77.707,24.4104],[77.6987,24.4076],[77.6989,24.4052],[77.6901,24.4005],[77.6809,24.4],[77.6645,24.4003],[77.6561,24.403],[77.652,24.4102],[77.6558,24.4206],[77.6474,24.4188],[77.6357,24.4284],[77.6339,24.4236],[77.6234,24.4202],[77.6174,24.4059],[77.607,24.3967],[77.6042,24.3826],[77.6005,24.3758],[77.5969,24.3769],[77.5908,24.3748],[77.593,24.3802],[77.5797,24.3833],[77.5736,24.388],[77.569,24.3872],[77.5585,24.3947],[77.5408,24.3969],[77.5369,24.4036],[77.5278,24.3999],[77.5176,24.4057],[77.5179,24.4019],[77.5114,24.403],[77.5115,24.4059],[77.5086,24.4052],[77.5009,24.421],[77.5052,24.4229],[77.5015,24.4286],[77.4849,24.4298],[77.4755,24.4354],[77.4758,24.4553],[77.4717,24.4576],[77.4747,24.465],[77.4781,24.4674],[77.4959,24.4666],[77.498,24.4726],[77.491,24.4814],[77.497,24.4943],[77.4901,24.4965],[77.49,24.5058],[77.4924,24.5111],[77.4869,24.5145],[77.4905,24.5251],[77.4884,24.5323],[77.4917,24.5437],[77.4898,24.5515],[77.485,24.5551],[77.4881,24.5583],[77.4842,24.561],[77.4865,24.5804],[77.4811,24.586],[77.4748,24.5873],[77.4834,24.6264],[77.4817,24.6334],[77.4857,24.6377],[77.4922,24.6398],[77.4888,24.6522],[77.494,24.6569],[77.4988,24.6663],[77.5124,24.6797],[77.521,24.6797],[77.5265,24.6897],[77.5343,24.6922],[77.5343,24.6978],[77.5396,24.7105],[77.5556,24.7272],[77.5524,24.7351],[77.5567,24.7401],[77.5513,24.7462],[77.5543,24.7519],[77.5507,24.7594],[77.5572,24.7624],[77.5496,24.7725],[77.5441,24.7748],[77.5444,24.7809],[77.5419,24.7856],[77.5302,24.7891],[77.5233,24.7951],[77.5259,24.8027],[77.5226,24.8066],[77.524,24.8152],[77.5201,24.827],[77.5267,24.8424],[77.5351,24.8465],[77.5489,24.8608],[77.5626,24.8675],[77.5645,24.8716],[77.5598,24.8718],[77.5577,24.8772],[77.5378,24.8807],[77.5314,24.8782],[77.526,24.872],[77.5122,24.8721],[77.5048,24.879],[77.4904,24.8806],[77.4866,24.8759],[77.4786,24.8767],[77.4769,24.8862],[77.4717,24.8902],[77.4682,24.8978],[77.4686,24.907],[77.4596,24.9134],[77.4579,24.917],[77.4616,24.9206],[77.4644,24.9307],[77.4606,24.9324],[77.4519,24.9284],[77.4482,24.9345],[77.418,24.9503],[77.4047,24.9502],[77.3956,24.9332],[77.3819,24.9266],[77.3709,24.9254],[77.3679,24.941],[77.3578,24.9461],[77.3628,24.9581],[77.3619,24.9604],[77.3597,24.9619],[77.3549,24.959],[77.3474,24.9666],[77.3508,24.9756],[77.3367,24.9923],[77.3376,24.9968],[77.3348,25.0012],[77.3431,25.0106],[77.3401,25.0171],[77.3391,25.0279],[77.333,25.0313],[77.329,25.0386],[77.3222,25.0382],[77.3196,25.0407],[77.3224,25.0506],[77.3203,25.0556],[77.3213,25.0658],[77.3175,25.0704],[77.3102,25.071],[77.3114,25.0796],[77.2983,25.0864],[77.2978,25.0916],[77.2918,25.097],[77.2922,25.1016],[77.2887,25.1064],[77.2741,25.1108],[77.2701,25.1159]]]},"properties":{"dtname":"Guna","stname":"MADHYA PRADESH","stcode11":"23","dtcode11":"458","year_stat":"2011_c","Shape_Length":758343.6232108382,"Shape_Area":7748412296.195631,"OBJECTID":376,"test":1,"Dist_LGD":406,"State_LGD":23}},{"type":"Feature","id":381,"geometry":{"type":"Polygon","coordinates":[[[77.8491,25.0076],[77.8422,25.0016],[77.831,25.0004],[77.828,24.9937],[77.8268,24.9808],[77.8198,24.97],[77.813,24.9696],[77.8147,24.9588],[77.8022,24.9532],[77.8023,24.951],[77.8052,24.9506],[77.8058,24.9449],[77.8013,24.9341],[77.7884,24.9359],[77.7874,24.9308],[77.7742,24.911],[77.7745,24.9022],[77.765,24.8969],[77.7553,24.8985],[77.7523,24.8909],[77.7515,24.8712],[77.739,24.8572],[77.7269,24.8573],[77.727,24.8639],[77.7212,24.8672],[77.7155,24.8632],[77.7112,24.8537],[77.7092,24.852],[77.7073,24.8536],[77.7069,24.8517],[77.6952,24.8596],[77.6905,24.8578],[77.6894,24.862],[77.6887,24.8582],[77.6866,24.8585],[77.6826,24.8651],[77.6761,24.8633],[77.6707,24.8707],[77.6693,24.8783],[77.6549,24.885],[77.6545,24.8912],[77.6485,24.8899],[77.6472,24.8952],[77.6421,24.9],[77.6378,24.8996],[77.6353,24.9053],[77.6292,24.9032],[77.6263,24.9081],[77.6191,24.9098],[77.6204,24.9142],[77.6175,24.921],[77.6135,24.9212],[77.613,24.927],[77.6078,24.9306],[77.6044,24.9289],[77.6038,24.9257],[77.5947,24.9268],[77.5933,24.9333],[77.5965,24.9512],[77.6011,24.9524],[77.5973,24.96],[77.5885,24.9659],[77.5754,24.955],[77.5745,24.9463],[77.5644,24.9402],[77.5598,24.9333],[77.5555,24.9344],[77.5496,24.9209],[77.5454,24.9159],[77.5415,24.9151],[77.5447,24.9134],[77.5436,24.9052],[77.5496,24.9016],[77.5492,24.8979],[77.5614,24.8966],[77.5756,24.8882],[77.5802,24.8912],[77.5888,24.8895],[77.5806,24.8876],[77.5789,24.8828],[77.5645,24.8716],[77.5626,24.8675],[77.5489,24.8608],[77.5351,24.8465],[77.5267,24.8424],[77.5201,24.827],[77.524,24.8152],[77.5226,24.8066],[77.5259,24.8027],[77.5233,24.7951],[77.5302,24.7891],[77.5419,24.7856],[77.5444,24.7809],[77.5441,24.7748],[77.5496,24.7725],[77.5572,24.7624],[77.5507,24.7594],[77.5543,24.7519],[77.5513,24.7462],[77.5567,24.7401],[77.5524,24.7351],[77.5556,24.7272],[77.5396,24.7105],[77.5343,24.6978],[77.5343,24.6922],[77.5265,24.6897],[77.521,24.6797],[77.5124,24.6797],[77.4988,24.6663],[77.494,24.6569],[77.4888,24.6522],[77.4922,24.6398],[77.4857,24.6377],[77.4817,24.6334],[77.4834,24.6264],[77.4748,24.5873],[77.4811,24.586],[77.4865,24.5804],[77.4842,24.561],[77.4881,24.5583],[77.485,24.5551],[77.4898,24.5515],[77.4917,24.5437],[77.4884,24.5323],[77.4905,24.5251],[77.4869,24.5145],[77.4924,24.5111],[77.49,24.5058],[77.4901,24.4965],[77.497,24.4943],[77.491,24.4814],[77.498,24.4726],[77.4959,24.4666],[77.4781,24.4674],[77.4747,24.465],[77.4717,24.4576],[77.4758,24.4553],[77.4755,24.4354],[77.4849,24.4298],[77.5015,24.4286],[77.5052,24.4229],[77.5009,24.421],[77.5086,24.4052],[77.5115,24.4059],[77.5114,24.403],[77.5179,24.4019],[77.5176,24.4057],[77.5278,24.3999],[77.5369,24.4036],[77.5408,24.3969],[77.5585,24.3947],[77.569,24.3872],[77.5736,24.388],[77.5797,24.3833],[77.593,24.3802],[77.5908,24.3748],[77.5969,24.3769],[77.6005,24.3758],[77.6042,24.3826],[77.607,24.3967],[77.6174,24.4059],[77.6234,24.4202],[77.6339,24.4236],[77.6357,24.4284],[77.6474,24.4188],[77.6558,24.4206],[77.652,24.4102],[77.6561,24.403],[77.6645,24.4003],[77.6809,24.4],[77.6901,24.4005],[77.6989,24.4052],[77.6987,24.4076],[77.707,24.4104],[77.7061,24.416],[77.7095,24.4218],[77.7097,24.428],[77.7222,24.4215],[77.7355,24.4283],[77.7322,24.4204],[77.7289,24.4183],[77.7225,24.3947],[77.7199,24.393],[77.7213,24.3869],[77.709,24.3846],[77.698,24.3925],[77.6905,24.3912],[77.6869,24.3869],[77.6835,24.3877],[77.6699,24.3736],[77.6738,24.3709],[77.6659,24.3638],[77.6584,24.3635],[77.6443,24.3567],[77.6245,24.3521],[77.6168,24.3423],[77.6174,24.3324],[77.6231,24.3277],[77.6389,24.3219],[77.6427,24.3254],[77.6513,24.3241],[77.6483,24.3144],[77.6522,24.3126],[77.6787,24.3109],[77.6945,24.3054],[77.6958,24.3017],[77.7022,24.3059],[77.7031,24.3033],[77.7089,24.3038],[77.7193,24.2994],[77.7259,24.3032],[77.755,24.3075],[77.7715,24.301],[77.7791,24.3069],[77.781,24.3135],[77.7857,24.315],[77.799,24.3062],[77.8119,24.3054],[77.8176,24.2996],[77.8184,24.3061],[77.8385,24.3127],[77.8424,24.3081],[77.851,24.3117],[77.876,24.3143],[77.8936,24.3113],[77.896,24.3019],[77.895,24.2951],[77.886,24.2841],[77.8842,24.2773],[77.8952,24.2711],[77.9054,24.2686],[77.9276,24.2676],[77.9298,24.2602],[77.9286,24.2514],[77.9387,24.2487],[77.9389,24.2316],[77.9431,24.2302],[77.9513,24.2295],[77.9595,24.2382],[77.9634,24.2464],[77.9821,24.2452],[77.9832,24.2415],[77.9926,24.2408],[77.9935,24.2373],[78.015,24.2364],[78.0211,24.2468],[78.0167,24.2481],[78.0184,24.2606],[78.0153,24.2775],[78.0213,24.2867],[78.0428,24.2813],[78.0428,24.2744],[78.0487,24.2712],[78.0487,24.2654],[78.0572,24.2605],[78.0612,24.2596],[78.0625,24.2626],[78.0744,24.2583],[78.083,24.2598],[78.0839,24.2568],[78.0953,24.2572],[78.0986,24.2643],[78.0864,24.2882],[78.0853,24.2949],[78.088,24.3143],[78.0916,24.321],[78.1022,24.3258],[78.1118,24.3345],[78.1226,24.3372],[78.1314,24.3467],[78.1456,24.355],[78.162,24.3767],[78.1593,24.3864],[78.164,24.3957],[78.1828,24.3988],[78.2071,24.4075],[78.2136,24.4115],[78.2202,24.4199],[78.2466,24.4292],[78.2652,24.4436],[78.2661,24.4512],[78.2642,24.4557],[78.2738,24.4672],[78.275,24.4739],[78.268,24.479],[78.2459,24.4861],[78.2441,24.489],[78.2477,24.5001],[78.246,24.5095],[78.2292,24.5165],[78.2251,24.5251],[78.2266,24.5339],[78.2301,24.538],[78.2645,24.5522],[78.2665,24.5594],[78.2648,24.5675],[78.2673,24.5759],[78.2729,24.5794],[78.2733,24.5957],[78.278,24.6147],[78.2653,24.6314],[78.2627,24.646],[78.264,24.6511],[78.2752,24.6582],[78.2765,24.6636],[78.2653,24.6793],[78.2575,24.7042],[78.2261,24.7469],[78.2256,24.753],[78.2318,24.7623],[78.235,24.7638],[78.2357,24.7717],[78.2167,24.8086],[78.204,24.8244],[78.1993,24.8378],[78.1956,24.8415],[78.1775,24.8433],[78.1745,24.8455],[78.1669,24.84],[78.1393,24.8412],[78.1234,24.8388],[78.1205,24.8359],[78.1114,24.8361],[78.0949,24.847],[78.0788,24.8459],[78.0772,24.8493],[78.0692,24.8502],[78.048,24.8589],[78.0448,24.8572],[78.0466,24.8505],[78.0416,24.8422],[78.0372,24.8382],[78.028,24.8365],[78.0172,24.8351],[78.0095,24.8382],[78.0015,24.8518],[77.994,24.8528],[77.9915,24.8556],[77.9862,24.8554],[77.9847,24.8518],[77.9817,24.8524],[77.9771,24.8481],[77.9695,24.8723],[77.9721,24.8846],[77.9793,24.8821],[77.9894,24.8857],[77.9906,24.8929],[77.9816,24.8995],[77.9836,24.9112],[77.9888,24.9216],[78.0022,24.9366],[78.0146,24.9445],[78.0178,24.9559],[77.9611,24.9641],[77.9606,24.9834],[77.9503,24.9867],[77.9389,24.9805],[77.9255,24.986],[77.9245,24.9827],[77.9118,24.9813],[77.9049,25.0004],[77.894,25.0026],[77.8879,25.0073],[77.8794,25.0067],[77.8792,25.0031],[77.874,25.0003],[77.8588,24.9994],[77.853,24.9945],[77.8493,24.9954],[77.848,24.9995],[77.8518,25.005],[77.8491,25.0076]]]},"properties":{"dtname":"Ashoknagar","stname":"MADHYA PRADESH","stcode11":"23","dtcode11":"459","year_stat":"2011_c","Shape_Length":481921.73138656083,"Shape_Area":5755129256.056689,"OBJECTID":381,"test":0,"Dist_LGD":391,"State_LGD":23}},{"type":"Feature","id":388,"geometry":{"type":"Polygon","coordinates":[[[75.7572,24.7615],[75.7402,24.7549],[75.6832,24.7241],[75.6577,24.6934],[75.646,24.6851],[75.6091,24.6815],[75.599,24.6977],[75.5831,24.7133],[75.5751,24.7124],[75.5757,24.708],[75.5644,24.708],[75.5497,24.703],[75.5594,24.6927],[75.5693,24.67],[75.5975,24.6549],[75.6085,24.6461],[75.6069,24.6406],[75.6027,24.6394],[75.5815,24.6422],[75.572,24.622],[75.574,24.6171],[75.5887,24.6062],[75.5842,24.5824],[75.5939,24.5541],[75.5899,24.5195],[75.5796,24.5033],[75.5605,24.4968],[75.5481,24.4844],[75.5326,24.4743],[75.5181,24.4593],[75.5117,24.4483],[75.4881,24.4242],[75.4857,24.4132],[75.4795,24.4047],[75.4731,24.3987],[75.4604,24.3927],[75.4553,24.3773],[75.4295,24.356],[75.4301,24.3394],[75.4256,24.3334],[75.4161,24.3296],[75.395,24.3294],[75.3653,24.3152],[75.3628,24.3203],[75.3568,24.3232],[75.3562,24.3313],[75.3515,24.337],[75.344,24.3379],[75.3418,24.3328],[75.3384,24.332],[75.3337,24.3381],[75.3159,24.3331],[75.3153,24.3289],[75.3118,24.3286],[75.311,24.3188],[75.3091,24.3172],[75.2869,24.3179],[75.2822,24.3153],[75.2818,24.3185],[75.2783,24.3198],[75.2695,24.3142],[75.2597,24.3114],[75.2529,24.3155],[75.2505,24.3112],[75.2475,24.3107],[75.2413,24.3161],[75.2301,24.3086],[75.2054,24.3086],[75.1896,24.3122],[75.1765,24.3183],[75.1654,24.3194],[75.1532,24.3297],[75.1448,24.328],[75.1261,24.3332],[75.1225,24.3425],[75.1329,24.3481],[75.1162,24.3501],[75.1159,24.3561],[75.1124,24.3572],[75.0886,24.3561],[75.0826,24.3494],[75.0795,24.3402],[75.0647,24.3399],[75.0645,24.3338],[75.0629,24.3346],[75.0585,24.3256],[75.0417,24.3237],[75.0391,24.3341],[75.0444,24.3335],[75.0559,24.3558],[75.0458,24.3592],[75.0371,24.3672],[75.024,24.3704],[75.0232,24.3648],[75.0132,24.3658],[75.0107,24.3568],[75.0042,24.3477],[75.0049,24.343],[74.9958,24.3404],[74.9977,24.3325],[74.9942,24.3325],[74.988,24.342],[74.9854,24.342],[74.983,24.3324],[74.9788,24.3385],[74.9757,24.3373],[74.9729,24.3221],[74.9671,24.3165],[74.9588,24.3162],[74.9586,24.3052],[74.9527,24.2963],[74.9615,24.2839],[74.9626,24.2669],[74.9537,24.2555],[74.9423,24.2514],[74.9365,24.2463],[74.9364,24.2429],[74.9255,24.2351],[74.9256,24.2289],[74.9092,24.2149],[74.9117,24.2119],[74.9071,24.201],[74.8985,24.19],[74.8942,24.1903],[74.8851,24.1829],[74.8795,24.1737],[74.896,24.1577],[74.8954,24.153],[74.9019,24.1388],[74.9011,24.1257],[74.9081,24.121],[74.9033,24.1092],[74.9064,24.1057],[74.915,24.1025],[74.918,24.0978],[74.9175,24.0912],[74.9205,24.087],[74.9184,24.0819],[74.9207,24.0776],[74.9402,24.07],[74.9378,24.0626],[74.9393,24.0538],[74.9458,24.0494],[74.9602,24.046],[74.9603,24.0393],[74.9739,24.0398],[74.9785,24.0365],[74.9824,24.0257],[74.9654,24.0067],[74.9631,23.9998],[74.9646,23.9964],[74.9627,23.979],[74.9589,23.972],[74.946,23.962],[74.9311,23.9575],[74.9288,23.9541],[74.928,23.9392],[74.9161,23.9309],[74.9209,23.9242],[74.9208,23.9193],[74.911,23.9081],[74.9082,23.8819],[74.9025,23.8732],[74.9037,23.8527],[74.9058,23.8481],[74.9117,23.8464],[74.9138,23.8424],[74.9088,23.8356],[74.9114,23.8259],[74.9062,23.8155],[74.9066,23.8039],[74.9037,23.7942],[74.9243,23.7966],[74.9404,23.7647],[74.9484,23.7653],[74.9559,23.7683],[74.9656,23.7897],[74.9673,23.7988],[74.9958,23.7976],[74.9991,23.8039],[75.0088,23.8053],[75.0099,23.8152],[75.0172,23.8148],[75.0227,23.8069],[75.021,23.7982],[75.0268,23.7833],[75.0397,23.7829],[75.0395,23.7894],[75.0547,23.7907],[75.0581,23.7962],[75.0563,23.8056],[75.0478,23.8139],[75.0525,23.8259],[75.0784,23.8236],[75.085,23.818],[75.0932,23.8166],[75.1002,23.8238],[75.1014,23.8292],[75.1155,23.829],[75.1207,23.8505],[75.1241,23.85],[75.1288,23.8426],[75.1323,23.8309],[75.1712,23.8324],[75.1861,23.8293],[75.2,23.8295],[75.2105,23.8407],[75.217,23.858],[75.2263,23.8589],[75.2283,23.863],[75.2345,23.8641],[75.242,23.8632],[75.2456,23.8488],[75.2518,23.846],[75.2565,23.8321],[75.2558,23.8228],[75.2702,23.8228],[75.2767,23.834],[75.2742,23.8428],[75.2925,23.8523],[75.299,23.8524],[75.3019,23.8474],[75.3053,23.8464],[75.3197,23.8476],[75.3238,23.842],[75.3346,23.8406],[75.3355,23.8326],[75.3297,23.8263],[75.3291,23.8053],[75.3325,23.8022],[75.3446,23.803],[75.3519,23.813],[75.3559,23.8333],[75.3648,23.8554],[75.3751,23.8699],[75.3867,23.8766],[75.4139,23.8859],[75.4308,23.9083],[75.4472,23.9059],[75.4573,23.9117],[75.4709,23.9783],[75.5036,24.0048],[75.5211,24.0246],[75.5394,24.009],[75.5464,24.0069],[75.5674,24.0067],[75.5723,23.9987],[75.5763,23.9971],[75.5757,23.9941],[75.5796,23.9983],[75.5817,23.9912],[75.5882,23.9907],[75.5955,23.9945],[75.5957,23.99],[75.5982,23.9942],[75.604,23.9955],[75.6072,23.9926],[75.616,23.9968],[75.6309,23.9952],[75.635,23.9981],[75.6399,23.998],[75.641,24.0012],[75.6512,24.003],[75.6509,24.0063],[75.6583,24.0114],[75.6702,24.0179],[75.6742,24.0175],[75.6782,24.0073],[75.6877,24.0053],[75.687,23.9887],[75.6988,23.988],[75.7018,23.9665],[75.7175,23.9669],[75.7295,23.9702],[75.7307,23.9767],[75.7362,23.9753],[75.7413,23.977],[75.7437,23.9856],[75.7423,23.9927],[75.7535,23.9909],[75.7655,23.9927],[75.7685,24.0009],[75.7626,24.0099],[75.7735,24.0076],[75.777,24.0145],[75.7753,24.017],[75.7831,24.0218],[75.7806,24.04],[75.7829,24.0433],[75.8108,24.0486],[75.8368,24.057],[75.835,24.0917],[75.8166,24.0854],[75.8056,24.0996],[75.7929,24.0918],[75.7877,24.0986],[75.7909,24.1053],[75.7842,24.1069],[75.7826,24.1159],[75.777,24.119],[75.7704,24.1154],[75.7643,24.1212],[75.7625,24.1301],[75.7568,24.1392],[75.751,24.1434],[75.752,24.148],[75.7593,24.1561],[75.7639,24.1745],[75.774,24.1807],[75.7712,24.1892],[75.7724,24.2008],[75.7765,24.2083],[75.7794,24.2103],[75.7926,24.21],[75.7955,24.2147],[75.8076,24.2179],[75.8094,24.2294],[75.8154,24.2255],[75.8179,24.2292],[75.8303,24.2334],[75.8181,24.2387],[75.818,24.2421],[75.8144,24.2443],[75.813,24.2504],[75.8192,24.2569],[75.8116,24.2577],[75.8142,24.2677],[75.8117,24.2751],[75.8131,24.2782],[75.8167,24.2781],[75.8184,24.2806],[75.8118,24.2853],[75.8137,24.2896],[75.8122,24.2933],[75.8089,24.294],[75.8108,24.2958],[75.8064,24.2998],[75.8035,24.2984],[75.8019,24.3024],[75.7872,24.2987],[75.7857,24.2965],[75.7664,24.2981],[75.7609,24.3148],[75.756,24.3211],[75.7399,24.3321],[75.7382,24.3348],[75.7432,24.34],[75.7432,24.3516],[75.7375,24.3535],[75.74,24.3609],[75.7401,24.3769],[75.7379,24.3823],[75.7331,24.3778],[75.7293,24.378],[75.7279,24.3964],[75.7316,24.3987],[75.7428,24.3977],[75.7553,24.4065],[75.7559,24.4206],[75.7476,24.4242],[75.7668,24.4344],[75.7714,24.4418],[75.774,24.4416],[75.7734,24.4497],[75.7812,24.4496],[75.7861,24.4532],[75.7843,24.4584],[75.7853,24.468],[75.7894,24.4716],[75.8023,24.4687],[75.8138,24.4618],[75.8144,24.4505],[75.8098,24.4339],[75.8248,24.4273],[75.826,24.4234],[75.8356,24.4148],[75.8571,24.4185],[75.8753,24.4265],[75.8758,24.4305],[75.8905,24.4394],[75.9004,24.4422],[75.9026,24.4539],[75.9092,24.455],[75.9054,24.4725],[75.9117,24.4909],[75.9039,24.497],[75.9031,24.5044],[75.8882,24.5069],[75.8907,24.5186],[75.9016,24.5185],[75.9057,24.5135],[75.9112,24.5134],[75.9206,24.5214],[75.9234,24.5349],[75.9162,24.5426],[75.9062,24.5453],[75.9039,24.5484],[75.9061,24.5627],[75.9123,24.5613],[75.9147,24.5723],[75.8786,24.5834],[75.8724,24.5899],[75.8715,24.6065],[75.8631,24.6061],[75.863,24.61],[75.8492,24.6108],[75.8417,24.607],[75.8375,24.5964],[75.8328,24.5955],[75.8367,24.6061],[75.8328,24.6051],[75.8249,24.6144],[75.8284,24.6203],[75.8375,24.6207],[75.845,24.627],[75.8429,24.628],[75.8467,24.6309],[75.8418,24.6349],[75.8413,24.638],[75.8491,24.6475],[75.8473,24.6523],[75.8482,24.6632],[75.8388,24.6687],[75.8252,24.6675],[75.8337,24.6881],[75.8381,24.7181],[75.8376,24.7253],[75.8339,24.7314],[75.825,24.7361],[75.8022,24.7564],[75.7847,24.7617],[75.7698,24.7584],[75.7572,24.7615]]]},"properties":{"dtname":"Mandsaur","stname":"MADHYA PRADESH","stcode11":"23","dtcode11":"433","year_stat":"2011_c","Shape_Length":622770.1955874963,"Shape_Area":6705957016.937638,"OBJECTID":388,"test":0,"Dist_LGD":416,"State_LGD":23}},{"type":"Feature","id":395,"geometry":{"type":"Polygon","coordinates":[[[82.432,24.7026],[82.4277,24.7022],[82.4161,24.6927],[82.4064,24.6813],[82.4088,24.6796],[82.407,24.6769],[82.4141,24.67],[82.4118,24.6663],[82.4121,24.6601],[82.4185,24.6519],[82.4163,24.6455],[82.418,24.6415],[82.4097,24.6354],[82.4091,24.6252],[82.4133,24.6203],[82.4109,24.6137],[82.4223,24.5994],[82.42,24.5944],[82.4176,24.5944],[82.4161,24.5912],[82.4044,24.5963],[82.4019,24.5914],[82.3656,24.5969],[82.3562,24.6037],[82.3498,24.615],[82.3444,24.6154],[82.3388,24.6203],[82.3289,24.6177],[82.3221,24.6123],[82.3197,24.6062],[82.3001,24.607],[82.2996,24.6033],[82.3126,24.5869],[82.3171,24.5871],[82.3198,24.591],[82.3261,24.5814],[82.3401,24.5815],[82.3457,24.5681],[82.3577,24.5672],[82.3676,24.5586],[82.3793,24.56],[82.3711,24.5441],[82.3607,24.5388],[82.3383,24.5096],[82.3283,24.5069],[82.3218,24.4994],[82.3143,24.4968],[82.3026,24.5025],[82.2896,24.5019],[82.2779,24.4865],[82.2769,24.4805],[82.2701,24.479],[82.2629,24.4807],[82.2591,24.4781],[82.2559,24.466],[82.2482,24.4633],[82.2394,24.4678],[82.2377,24.4473],[82.2333,24.4397],[82.2178,24.4375],[82.218,24.4417],[82.2085,24.442],[82.2021,24.4399],[82.199,24.4353],[82.1709,24.4334],[82.172,24.4304],[82.1892,24.4236],[82.1897,24.4167],[82.1979,24.4114],[82.2056,24.4],[82.2025,24.3906],[82.1954,24.3847],[82.1814,24.3819],[82.168,24.3829],[82.1564,24.3892],[82.1505,24.3881],[82.15,24.3856],[82.1569,24.3784],[82.1657,24.3581],[82.1602,24.3565],[82.1529,24.3606],[82.1388,24.3565],[82.1312,24.3613],[82.1164,24.3585],[82.1113,24.3517],[82.1069,24.338],[82.1164,24.3268],[82.117,24.3213],[82.1132,24.3184],[82.0994,24.3152],[82.0911,24.3093],[82.0667,24.301],[82.0555,24.3089],[82.0342,24.3042],[82.0324,24.2994],[82.0423,24.2883],[82.0413,24.2811],[82.0322,24.2691],[82.0204,24.2614],[82.0009,24.2353],[81.9788,24.2317],[81.9738,24.2379],[81.9665,24.2401],[81.9615,24.2547],[81.9552,24.2551],[81.9527,24.2487],[81.9566,24.2374],[81.9557,24.2329],[81.9502,24.2307],[81.9436,24.2374],[81.9394,24.2369],[81.9358,24.2175],[81.9306,24.2138],[81.9191,24.2151],[81.9118,24.194],[81.8966,24.1852],[81.8954,24.1805],[81.898,24.1657],[81.893,24.1624],[81.8916,24.1481],[81.8787,24.1314],[81.8779,24.1267],[81.8824,24.1206],[81.907,24.1141],[81.9091,24.0986],[81.9067,24.0885],[81.9087,24.0831],[81.9397,24.0713],[81.953,24.0626],[81.9543,24.0521],[81.9633,24.0421],[81.9574,24.0234],[81.969,24.0133],[81.9804,24.0125],[81.9933,24.0201],[82.0041,24.0116],[82.0187,24.0307],[82.0241,24.0279],[82.0405,24.0081],[82.05,24.0028],[82.0765,24.0038],[82.0806,24.0172],[82.0855,24.0182],[82.0886,24.0139],[82.0908,24.0005],[82.0897,23.992],[82.0923,23.9888],[82.0996,23.9888],[82.1078,23.9951],[82.1219,23.9962],[82.1282,23.9938],[82.1465,23.9772],[82.1534,23.9738],[82.1588,23.9741],[82.1654,23.9801],[82.1654,23.9934],[82.1687,24.0007],[82.1735,23.9985],[82.1798,23.9862],[82.1881,23.982],[82.1983,23.9802],[82.2049,23.9872],[82.2147,23.9875],[82.214,23.963],[82.2013,23.9497],[82.2032,23.9466],[82.2112,23.9436],[82.2105,23.9307],[82.2128,23.9259],[82.2175,23.9233],[82.2262,23.9232],[82.2339,23.918],[82.234,23.9105],[82.2246,23.9051],[82.2229,23.9004],[82.2267,23.8954],[82.2387,23.8939],[82.2405,23.8894],[82.2352,23.8819],[82.2224,23.8751],[82.2166,23.8666],[82.2155,23.8597],[82.2095,23.8528],[82.2096,23.8508],[82.2118,23.852],[82.2153,23.8411],[82.212,23.8359],[82.2081,23.835],[82.2058,23.8288],[82.2071,23.8264],[82.2255,23.8201],[82.2261,23.811],[82.2298,23.806],[82.238,23.8057],[82.2606,23.8213],[82.2816,23.817],[82.2961,23.808],[82.3021,23.8084],[82.3031,23.8127],[82.3088,23.8112],[82.3148,23.8127],[82.3346,23.8026],[82.3394,23.8087],[82.3497,23.8045],[82.3611,23.8109],[82.3739,23.812],[82.3906,23.8052],[82.3935,23.7999],[82.4202,23.8044],[82.4373,23.8038],[82.4435,23.8056],[82.4504,23.8125],[82.4658,23.8121],[82.479,23.806],[82.4792,23.8025],[82.4842,23.8004],[82.4889,23.79],[82.4974,23.7849],[82.511,23.7861],[82.5244,23.7838],[82.5381,23.7943],[82.5418,23.7915],[82.5515,23.7907],[82.5484,23.8086],[82.5388,23.8164],[82.5383,23.8202],[82.5335,23.8203],[82.5331,23.8222],[82.5475,23.8226],[82.5467,23.8262],[82.5542,23.8262],[82.5647,23.8208],[82.5694,23.8203],[82.5732,23.8241],[82.5777,23.8243],[82.5836,23.8207],[82.5886,23.8215],[82.5999,23.8266],[82.6075,23.8333],[82.6295,23.8388],[82.6353,23.8377],[82.6391,23.8417],[82.6367,23.8445],[82.6381,23.848],[82.6471,23.8488],[82.6472,23.8537],[82.6451,23.8552],[82.6472,23.856],[82.6468,23.8592],[82.6528,23.8588],[82.6516,23.8555],[82.6604,23.8552],[82.6602,23.8629],[82.6645,23.8626],[82.6684,23.8718],[82.6512,23.8868],[82.651,23.8895],[82.6616,23.9077],[82.6711,23.9058],[82.6761,23.9092],[82.6844,23.9104],[82.6889,23.9207],[82.6935,23.9204],[82.6989,23.925],[82.715,23.9214],[82.7524,23.9198],[82.7561,23.9251],[82.7544,23.9342],[82.762,23.9339],[82.781,23.9384],[82.7983,23.9508],[82.8017,23.9617],[82.8103,23.9624],[82.8022,23.9793],[82.8055,23.9803],[82.8086,23.9862],[82.8055,23.9908],[82.8063,23.9981],[82.8038,24.0036],[82.7884,24.008],[82.7856,24.0048],[82.7692,24.0055],[82.7506,24.0127],[82.7473,24.0269],[82.7587,24.0362],[82.7663,24.0464],[82.7741,24.0759],[82.7679,24.0758],[82.7644,24.07],[82.7613,24.0707],[82.76,24.0772],[82.7536,24.0769],[82.7515,24.072],[82.7481,24.0705],[82.7331,24.0786],[82.7139,24.0746],[82.7143,24.0798],[82.7106,24.0806],[82.7099,24.0848],[82.7123,24.0886],[82.7049,24.0949],[82.7071,24.0969],[82.6961,24.1],[82.6925,24.1052],[82.6911,24.1036],[82.6872,24.1084],[82.6833,24.1093],[82.6809,24.1148],[82.6782,24.1148],[82.6774,24.12],[82.6705,24.12],[82.6655,24.1243],[82.6645,24.1283],[82.6671,24.1369],[82.6707,24.1369],[82.6742,24.1408],[82.6704,24.1471],[82.683,24.1547],[82.6917,24.1501],[82.696,24.1421],[82.7003,24.1391],[82.7281,24.1356],[82.7293,24.1481],[82.7443,24.1656],[82.7396,24.1999],[82.7347,24.2173],[82.7364,24.2229],[82.7504,24.2267],[82.7588,24.2368],[82.7558,24.2619],[82.762,24.2697],[82.771,24.2951],[82.7728,24.3076],[82.7655,24.3142],[82.7712,24.3284],[82.7666,24.3304],[82.7696,24.3336],[82.7687,24.3422],[82.7733,24.3438],[82.7689,24.347],[82.768,24.353],[82.7644,24.355],[82.7675,24.3607],[82.7653,24.3655],[82.7689,24.3666],[82.7695,24.3708],[82.7643,24.3704],[82.765,24.3755],[82.7601,24.3774],[82.7604,24.3736],[82.7546,24.3735],[82.7559,24.3698],[82.7254,24.3682],[82.7191,24.3741],[82.7196,24.3781],[82.7134,24.3803],[82.7218,24.4136],[82.7255,24.4192],[82.738,24.4255],[82.7398,24.4302],[82.7389,24.4327],[82.7325,24.4314],[82.7351,24.4353],[82.7311,24.4377],[82.7342,24.4466],[82.7312,24.4518],[82.7364,24.4618],[82.7347,24.4706],[82.73,24.4725],[82.7345,24.476],[82.7339,24.4787],[82.7401,24.482],[82.7402,24.4889],[82.7433,24.4918],[82.7437,24.4963],[82.7434,24.4987],[82.7356,24.502],[82.7207,24.5138],[82.7226,24.5259],[82.7206,24.5288],[82.7298,24.5313],[82.731,24.5348],[82.7216,24.5445],[82.7193,24.5525],[82.7221,24.5553],[82.743,24.547],[82.743,24.5517],[82.7481,24.5498],[82.7482,24.5613],[82.7681,24.5624],[82.7794,24.5719],[82.7973,24.5766],[82.8031,24.5848],[82.8034,24.597],[82.7916,24.5983],[82.7806,24.5947],[82.7654,24.5958],[82.7697,24.5993],[82.7689,24.6035],[82.7795,24.6141],[82.7751,24.6151],[82.7757,24.6201],[82.7719,24.6216],[82.7713,24.6345],[82.7738,24.6418],[82.7539,24.6409],[82.7532,24.6368],[82.7465,24.6418],[82.7411,24.641],[82.7323,24.6444],[82.7279,24.6353],[82.7227,24.6384],[82.7182,24.6349],[82.7179,24.6425],[82.7065,24.6362],[82.6982,24.647],[82.7016,24.6751],[82.676,24.6908],[82.671,24.697],[82.6584,24.6955],[82.6366,24.6825],[82.6074,24.6757],[82.5797,24.6588],[82.5391,24.6478],[82.5293,24.6533],[82.5235,24.6763],[82.5179,24.6733],[82.5098,24.675],[82.5033,24.6714],[82.4936,24.671],[82.4896,24.6714],[82.4796,24.6785],[82.4686,24.6757],[82.4688,24.674],[82.4498,24.6747],[82.4536,24.6833],[82.4533,24.6886],[82.4407,24.6997],[82.432,24.7026]]]},"properties":{"dtname":"Singrauli","stname":"MADHYA PRADESH","stcode11":"23","dtcode11":"463","year_stat":"2011_c","Shape_Length":565887.332849036,"Shape_Area":6937116524.37613,"OBJECTID":395,"test":1,"Dist_LGD":638,"State_LGD":23}},{"type":"Feature","id":399,"geometry":{"type":"Polygon","coordinates":[[[82.1798,24.6163],[82.1718,24.6163],[82.1843,24.6103],[82.1859,24.6058],[82.183,24.6026],[82.1586,24.597],[82.1402,24.5973],[82.1387,24.5943],[82.1225,24.5897],[82.1173,24.5982],[82.0904,24.5951],[82.0779,24.5998],[82.0765,24.6036],[82.0709,24.6026],[82.0681,24.5996],[82.0692,24.5856],[82.0691,24.5825],[82.0667,24.5824],[82.0673,24.5761],[82.0336,24.569],[82.0179,24.5704],[81.9915,24.5534],[81.9624,24.5542],[81.9534,24.5456],[81.9514,24.5461],[81.9493,24.5718],[81.951,24.5752],[81.9468,24.571],[81.9404,24.5691],[81.9197,24.5697],[81.9153,24.5657],[81.9162,24.5587],[81.8929,24.5539],[81.8957,24.5441],[81.8636,24.5358],[81.8663,24.524],[81.8395,24.5168],[81.8373,24.5203],[81.8345,24.5164],[81.8275,24.5161],[81.8174,24.51],[81.812,24.5151],[81.8048,24.5132],[81.7988,24.5145],[81.819,24.5287],[81.8187,24.5333],[81.8132,24.5344],[81.796,24.5293],[81.792,24.5302],[81.7884,24.5234],[81.7638,24.517],[81.7647,24.5088],[81.7607,24.5005],[81.7563,24.4989],[81.753,24.5008],[81.7483,24.4918],[81.744,24.4914],[81.7417,24.4949],[81.7366,24.5109],[81.7283,24.511],[81.7267,24.5084],[81.719,24.5062],[81.7165,24.5074],[81.7131,24.5028],[81.704,24.502],[81.6974,24.4983],[81.6956,24.4999],[81.6677,24.4827],[81.6295,24.4654],[81.5516,24.4406],[81.5487,24.4423],[81.5046,24.424],[81.4497,24.3893],[81.4214,24.3805],[81.4128,24.3744],[81.3917,24.3681],[81.3837,24.3623],[81.3731,24.3602],[81.3493,24.3494],[81.3381,24.3391],[81.3323,24.3404],[81.3168,24.3362],[81.3141,24.331],[81.3144,24.3244],[81.3052,24.3227],[81.3107,24.3181],[81.3084,24.3116],[81.3253,24.2906],[81.3459,24.2921],[81.3477,24.2851],[81.3449,24.2787],[81.349,24.2742],[81.3411,24.2702],[81.3441,24.2609],[81.35,24.2531],[81.3687,24.2623],[81.3802,24.2637],[81.3817,24.2664],[81.3887,24.266],[81.3892,24.2628],[81.3986,24.2646],[81.4284,24.2591],[81.4458,24.2593],[81.4576,24.2672],[81.4517,24.2747],[81.4555,24.2821],[81.4624,24.2769],[81.4674,24.2688],[81.4705,24.2566],[81.48,24.242],[81.4821,24.2304],[81.4794,24.2211],[81.4826,24.2167],[81.4812,24.2056],[81.4835,24.1978],[81.4806,24.1925],[81.4713,24.1875],[81.4698,24.1744],[81.4785,24.1657],[81.497,24.1661],[81.4998,24.1634],[81.4991,24.1549],[81.4863,24.1518],[81.4853,24.146],[81.4963,24.1347],[81.4976,24.1248],[81.5092,24.1136],[81.5071,24.0914],[81.5097,24.0817],[81.5218,24.0756],[81.5352,24.0841],[81.5438,24.0848],[81.554,24.0802],[81.5588,24.0741],[81.5533,24.0677],[81.5413,24.0687],[81.5353,24.0667],[81.5271,24.0504],[81.5155,24.0412],[81.5076,24.0388],[81.4965,24.0413],[81.4845,24.0407],[81.4817,24.0368],[81.485,24.0324],[81.5078,24.025],[81.5137,24.0201],[81.5142,24.0163],[81.5067,24.0093],[81.5025,23.9977],[81.5077,23.9817],[81.5177,23.9789],[81.5312,23.9827],[81.5383,23.9814],[81.5419,23.978],[81.5458,23.9681],[81.5533,23.9638],[81.5568,23.9576],[81.5552,23.9531],[81.5444,23.9513],[81.5389,23.9417],[81.5406,23.9204],[81.5439,23.9122],[81.5517,23.9087],[81.5617,23.914],[81.5686,23.9121],[81.5868,23.8982],[81.5908,23.8923],[81.6002,23.8896],[81.6037,23.8847],[81.6116,23.8923],[81.6083,23.9015],[81.6098,23.904],[81.6207,23.9068],[81.6322,23.9059],[81.6385,23.9109],[81.6578,23.9164],[81.6624,23.9243],[81.6679,23.9253],[81.6717,23.9196],[81.6723,23.9134],[81.6825,23.9114],[81.6875,23.9065],[81.6904,23.8848],[81.7026,23.8862],[81.7073,23.8824],[81.7038,23.876],[81.7097,23.8713],[81.7075,23.8612],[81.7202,23.8622],[81.732,23.8567],[81.7297,23.849],[81.725,23.8447],[81.7255,23.8399],[81.7373,23.8392],[81.7428,23.8338],[81.7545,23.8308],[81.7731,23.8164],[81.7911,23.8094],[81.7959,23.8149],[81.8084,23.8135],[81.8156,23.8064],[81.8234,23.8079],[81.8291,23.8151],[81.8369,23.8162],[81.8382,23.8211],[81.8631,23.8245],[81.8677,23.8342],[81.8878,23.8355],[81.8922,23.8406],[81.899,23.8409],[81.9061,23.8461],[81.9104,23.8573],[81.9157,23.859],[81.9215,23.8709],[81.9396,23.8678],[81.9385,23.8624],[81.9469,23.8619],[81.9461,23.8588],[81.9542,23.8571],[81.9578,23.8523],[81.9603,23.8556],[81.9636,23.8536],[81.9703,23.8573],[81.9772,23.8563],[81.986,23.862],[82.0075,23.8618],[82.0199,23.8494],[82.0333,23.8472],[82.0442,23.8417],[82.0409,23.833],[82.0387,23.8332],[82.0392,23.8263],[82.0478,23.8251],[82.0527,23.8195],[82.0707,23.818],[82.076,23.8196],[82.0817,23.8164],[82.0944,23.8166],[82.1049,23.8196],[82.1148,23.8179],[82.1215,23.823],[82.1436,23.8164],[82.1618,23.8216],[82.1714,23.8183],[82.1785,23.8217],[82.1808,23.8363],[82.1889,23.8426],[82.1956,23.8429],[82.1991,23.8494],[82.2095,23.8528],[82.2155,23.8597],[82.2208,23.8734],[82.2352,23.8819],[82.2405,23.8894],[82.2387,23.8939],[82.2267,23.8954],[82.2229,23.9004],[82.2246,23.9051],[82.234,23.9105],[82.2339,23.918],[82.2262,23.9232],[82.2175,23.9233],[82.2128,23.9259],[82.2105,23.9307],[82.2112,23.9436],[82.2032,23.9466],[82.2013,23.9497],[82.214,23.963],[82.2147,23.9875],[82.2049,23.9872],[82.1983,23.9802],[82.1881,23.982],[82.1798,23.9862],[82.1735,23.9985],[82.1687,24.0007],[82.1654,23.9934],[82.1654,23.9801],[82.1588,23.9741],[82.1534,23.9738],[82.1465,23.9772],[82.1282,23.9938],[82.1219,23.9962],[82.1078,23.9951],[82.0996,23.9888],[82.0923,23.9888],[82.0897,23.992],[82.0908,24.0005],[82.0886,24.0139],[82.0855,24.0182],[82.0806,24.0172],[82.0765,24.0038],[82.05,24.0028],[82.0405,24.0081],[82.0241,24.0279],[82.0187,24.0307],[82.0041,24.0116],[81.9933,24.0201],[81.9804,24.0125],[81.969,24.0133],[81.9574,24.0234],[81.9633,24.0421],[81.9543,24.0521],[81.953,24.0626],[81.9397,24.0713],[81.9087,24.0831],[81.9067,24.0885],[81.9091,24.0986],[81.907,24.1141],[81.8824,24.1206],[81.8779,24.1277],[81.8916,24.1481],[81.893,24.1624],[81.898,24.1657],[81.8954,24.1805],[81.8966,24.1852],[81.9118,24.194],[81.9191,24.2151],[81.9306,24.2138],[81.9358,24.2175],[81.9394,24.2369],[81.9436,24.2374],[81.9502,24.2307],[81.9557,24.2329],[81.9566,24.2374],[81.9527,24.2487],[81.9552,24.2551],[81.9615,24.2547],[81.9665,24.2401],[81.9738,24.2379],[81.9788,24.2317],[82.0009,24.2353],[82.0204,24.2614],[82.0322,24.2691],[82.0413,24.2811],[82.0423,24.2883],[82.0324,24.2994],[82.0342,24.3042],[82.0555,24.3089],[82.0667,24.301],[82.0911,24.3093],[82.0994,24.3152],[82.1132,24.3184],[82.117,24.3213],[82.1164,24.3268],[82.1069,24.338],[82.1113,24.3517],[82.1164,24.3585],[82.1312,24.3613],[82.1388,24.3565],[82.1529,24.3606],[82.1602,24.3565],[82.1657,24.3581],[82.1569,24.3784],[82.15,24.3856],[82.1505,24.3881],[82.1564,24.3892],[82.168,24.3829],[82.1814,24.3819],[82.1954,24.3847],[82.2025,24.3906],[82.2056,24.4],[82.1979,24.4114],[82.1897,24.4167],[82.1892,24.4236],[82.172,24.4304],[82.1709,24.4334],[82.199,24.4353],[82.2021,24.4399],[82.2085,24.442],[82.218,24.4417],[82.2178,24.4375],[82.2333,24.4397],[82.2377,24.4473],[82.2394,24.4678],[82.2482,24.4633],[82.2559,24.466],[82.2591,24.4781],[82.2629,24.4807],[82.2701,24.479],[82.2769,24.4805],[82.2779,24.4865],[82.2896,24.5019],[82.3026,24.5025],[82.3143,24.4968],[82.3225,24.4999],[82.3295,24.5076],[82.3383,24.5096],[82.3607,24.5388],[82.3711,24.5441],[82.3797,24.5593],[82.3676,24.5586],[82.3577,24.5672],[82.3457,24.5681],[82.3433,24.5776],[82.3389,24.5825],[82.3261,24.5814],[82.3205,24.5906],[82.3171,24.5871],[82.3126,24.5869],[82.3067,24.5949],[82.305,24.5914],[82.3009,24.5936],[82.2884,24.5907],[82.2848,24.5938],[82.2807,24.5901],[82.2762,24.5902],[82.2686,24.5936],[82.2521,24.6109],[82.2495,24.6028],[82.2329,24.6058],[82.2322,24.6103],[82.2113,24.6141],[82.1946,24.6127],[82.1911,24.6151],[82.1798,24.6163]]]},"properties":{"dtname":"Sidhi","stname":"MADHYA PRADESH","stcode11":"23","dtcode11":"462","year_stat":"2011_c","Shape_Length":581690.6955824764,"Shape_Area":5767573982.395068,"OBJECTID":399,"test":0,"Dist_LGD":433,"State_LGD":23}},{"type":"Feature","id":404,"geometry":{"type":"Polygon","coordinates":[[[78.267,24.4506],[78.2652,24.45],[78.2645,24.4423],[78.26,24.4379],[78.2466,24.4292],[78.2202,24.4199],[78.2092,24.4086],[78.1828,24.3988],[78.164,24.3957],[78.1593,24.3864],[78.162,24.3767],[78.1456,24.355],[78.1314,24.3467],[78.1226,24.3372],[78.1118,24.3345],[78.1022,24.3258],[78.0916,24.321],[78.088,24.3143],[78.0853,24.2942],[78.0985,24.2611],[78.0953,24.2572],[78.081,24.2561],[78.0796,24.253],[78.0695,24.2467],[78.0858,24.2415],[78.0915,24.2506],[78.0961,24.2506],[78.0956,24.2479],[78.1007,24.2441],[78.0971,24.2286],[78.0903,24.2304],[78.0676,24.2439],[78.0597,24.2305],[78.08,24.2227],[78.0788,24.2201],[78.0837,24.2143],[78.1071,24.2086],[78.1096,24.2173],[78.1237,24.2163],[78.1383,24.2117],[78.138,24.2051],[78.1458,24.2019],[78.144,24.1989],[78.1396,24.1995],[78.1309,24.1953],[78.1291,24.1637],[78.1211,24.1631],[78.1046,24.167],[78.1,24.1646],[78.0963,24.1559],[78.1095,24.1486],[78.1119,24.1382],[78.1205,24.1278],[78.1186,24.1264],[78.123,24.1242],[78.1304,24.125],[78.1348,24.1207],[78.1314,24.1097],[78.1282,24.1079],[78.1236,24.0975],[78.1259,24.0933],[78.1238,24.0817],[78.126,24.0811],[78.1204,24.0668],[78.1173,24.0463],[78.1021,24.0486],[78.1056,24.0612],[78.0977,24.0673],[78.092,24.0687],[78.0897,24.0637],[78.0838,24.0642],[78.0828,24.0599],[78.076,24.0562],[78.0758,24.046],[78.0916,24.0436],[78.0933,24.0345],[78.1152,24.0272],[78.1194,24.0433],[78.133,24.0415],[78.1347,24.0348],[78.1433,24.0339],[78.1427,24.0282],[78.1574,24.0256],[78.1625,24.0105],[78.1834,24.0103],[78.1839,24.0327],[78.1876,24.0328],[78.1892,24.0356],[78.1931,24.0541],[78.1987,24.0621],[78.2025,24.0606],[78.2053,24.0688],[78.2148,24.0704],[78.2299,24.0561],[78.2492,24.055],[78.2511,24.0467],[78.2617,24.0433],[78.2784,24.0278],[78.2765,24.022],[78.2811,24.0004],[78.2897,23.9876],[78.2853,23.9777],[78.2788,23.971],[78.2807,23.967],[78.2866,23.9661],[78.2865,23.9625],[78.2835,23.9595],[78.2666,23.9542],[78.262,23.9437],[78.2659,23.9379],[78.2789,23.9292],[78.289,23.9256],[78.2948,23.9099],[78.2884,23.9024],[78.2854,23.8932],[78.278,23.8899],[78.2759,23.8769],[78.2801,23.8688],[78.2783,23.8638],[78.2735,23.8609],[78.2636,23.8625],[78.2596,23.8584],[78.2627,23.8525],[78.2729,23.847],[78.2731,23.8432],[78.2834,23.8438],[78.2948,23.8482],[78.2991,23.8395],[78.2939,23.8348],[78.295,23.8295],[78.2988,23.8299],[78.2995,23.8279],[78.2886,23.814],[78.2703,23.8206],[78.2625,23.8162],[78.2625,23.8115],[78.2664,23.8086],[78.2796,23.8119],[78.286,23.8111],[78.2816,23.7935],[78.2886,23.7837],[78.2837,23.781],[78.2807,23.7862],[78.2736,23.784],[78.2685,23.7873],[78.2731,23.7892],[78.2767,23.7957],[78.2654,23.7985],[78.2589,23.7917],[78.2538,23.7819],[78.2554,23.7789],[78.2692,23.7793],[78.2635,23.7677],[78.2547,23.767],[78.2518,23.7571],[78.2575,23.7512],[78.2663,23.7488],[78.2612,23.7454],[78.2589,23.7488],[78.2508,23.7467],[78.2447,23.7286],[78.2373,23.7238],[78.2414,23.7205],[78.2388,23.7139],[78.2487,23.7053],[78.2527,23.7055],[78.2546,23.7074],[78.2521,23.7097],[78.2599,23.7219],[78.2585,23.7244],[78.2636,23.7273],[78.269,23.7264],[78.2629,23.7185],[78.2709,23.7112],[78.2693,23.7049],[78.2842,23.7001],[78.28,23.6905],[78.285,23.6827],[78.2893,23.6812],[78.291,23.6754],[78.2939,23.6745],[78.3033,23.6804],[78.3064,23.6862],[78.3183,23.69],[78.3211,23.6943],[78.3235,23.6934],[78.3318,23.6807],[78.34,23.6776],[78.3346,23.6683],[78.3391,23.6594],[78.3433,23.6569],[78.3442,23.6592],[78.3477,23.6584],[78.3519,23.6536],[78.3642,23.6486],[78.3718,23.6509],[78.3761,23.6568],[78.3861,23.6491],[78.3837,23.642],[78.3872,23.6409],[78.391,23.6345],[78.3976,23.6324],[78.4022,23.6369],[78.4135,23.6392],[78.4122,23.6427],[78.4165,23.6432],[78.4147,23.6484],[78.4193,23.6484],[78.4196,23.6506],[78.4166,23.6497],[78.4065,23.6538],[78.4053,23.6583],[78.399,23.6642],[78.3968,23.677],[78.4058,23.6754],[78.4065,23.6714],[78.4111,23.6706],[78.429,23.6712],[78.4321,23.6732],[78.4299,23.6786],[78.4086,23.6863],[78.4104,23.6912],[78.4068,23.7011],[78.4126,23.7011],[78.4169,23.707],[78.4317,23.7141],[78.4295,23.7196],[78.4173,23.7237],[78.4103,23.7334],[78.3999,23.7303],[78.399,23.715],[78.3907,23.7105],[78.3815,23.7145],[78.3816,23.7002],[78.3927,23.6971],[78.3864,23.6886],[78.3827,23.691],[78.3823,23.6939],[78.3796,23.694],[78.372,23.6833],[78.3584,23.6717],[78.3435,23.6779],[78.3583,23.6918],[78.3536,23.7042],[78.3581,23.7069],[78.3581,23.7136],[78.3677,23.7163],[78.3679,23.728],[78.3827,23.7268],[78.3821,23.7369],[78.3919,23.7376],[78.3985,23.7425],[78.4075,23.7442],[78.4092,23.74],[78.418,23.7376],[78.4253,23.7444],[78.4342,23.7453],[78.4363,23.7261],[78.4417,23.7233],[78.4386,23.7192],[78.445,23.7144],[78.446,23.7043],[78.4443,23.7015],[78.4471,23.6915],[78.4567,23.6895],[78.4642,23.6768],[78.4703,23.6774],[78.4693,23.6679],[78.4661,23.662],[78.4711,23.6548],[78.4673,23.6504],[78.4674,23.6438],[78.4693,23.6428],[78.4744,23.6495],[78.4734,23.646],[78.4761,23.6398],[78.4853,23.6362],[78.4845,23.6423],[78.4955,23.6475],[78.5029,23.6465],[78.5066,23.6531],[78.5152,23.6579],[78.5169,23.6505],[78.5122,23.6461],[78.5128,23.6408],[78.5065,23.6363],[78.5096,23.6334],[78.5093,23.6238],[78.514,23.6206],[78.5132,23.6107],[78.5157,23.6084],[78.5106,23.6044],[78.5062,23.5927],[78.4996,23.5891],[78.5013,23.5858],[78.4988,23.5847],[78.5031,23.5798],[78.5024,23.5715],[78.507,23.5646],[78.5041,23.5619],[78.5066,23.5532],[78.5029,23.5491],[78.4987,23.5373],[78.5034,23.5309],[78.5091,23.5314],[78.5087,23.5372],[78.5129,23.5354],[78.5167,23.5369],[78.5197,23.5534],[78.5353,23.5504],[78.5394,23.5547],[78.5369,23.5567],[78.5369,23.5637],[78.5393,23.5636],[78.5415,23.5582],[78.5531,23.5611],[78.558,23.5602],[78.5597,23.5636],[78.5679,23.5678],[78.5719,23.5652],[78.5746,23.5542],[78.5776,23.5516],[78.5857,23.554],[78.5925,23.5521],[78.5926,23.5493],[78.5971,23.5462],[78.6065,23.5496],[78.6145,23.5465],[78.6237,23.5539],[78.6331,23.5514],[78.6408,23.546],[78.6444,23.55],[78.645,23.5595],[78.6501,23.5634],[78.6805,23.5606],[78.6852,23.5662],[78.6904,23.5661],[78.692,23.5706],[78.7017,23.5769],[78.7194,23.5767],[78.7239,23.5795],[78.729,23.5765],[78.7295,23.5832],[78.7357,23.5829],[78.74,23.5787],[78.7395,23.5701],[78.7415,23.5689],[78.745,23.5474],[78.7384,23.5412],[78.7371,23.53],[78.7343,23.5291],[78.7194,23.5356],[78.7154,23.5181],[78.7011,23.5172],[78.6966,23.5012],[78.6907,23.5005],[78.6776,23.4934],[78.6658,23.4734],[78.6718,23.466],[78.6686,23.4635],[78.6678,23.4548],[78.6634,23.4471],[78.6545,23.4432],[78.6383,23.4505],[78.6288,23.4512],[78.6249,23.4437],[78.6242,23.4472],[78.6222,23.4463],[78.6184,23.4366],[78.6085,23.4376],[78.6085,23.4335],[78.6036,23.4301],[78.6036,23.4254],[78.601,23.4241],[78.605,23.4211],[78.6108,23.4235],[78.6126,23.4186],[78.6149,23.4203],[78.6254,23.4167],[78.624,23.4119],[78.6269,23.4119],[78.6294,23.3982],[78.6275,23.381],[78.6304,23.3689],[78.6331,23.3661],[78.6313,23.3616],[78.6414,23.356],[78.6441,23.3454],[78.6596,23.3374],[78.6644,23.3321],[78.6756,23.3445],[78.6851,23.3452],[78.6963,23.3494],[78.7002,23.3546],[78.7089,23.3538],[78.7083,23.3613],[78.716,23.3556],[78.7162,23.3524],[78.7252,23.3473],[78.7279,23.3397],[78.7338,23.3393],[78.7349,23.3271],[78.747,23.3218],[78.7462,23.3183],[78.7504,23.3183],[78.7477,23.3093],[78.7585,23.3103],[78.7629,23.306],[78.7629,23.2989],[78.7709,23.2965],[78.773,23.2936],[78.7715,23.2878],[78.7634,23.2843],[78.7656,23.2732],[78.7604,23.2682],[78.7615,23.2631],[78.7596,23.2618],[78.7625,23.2563],[78.7597,23.2505],[78.7605,23.2472],[78.7649,23.2474],[78.7689,23.2436],[78.7753,23.2511],[78.7915,23.2464],[78.7995,23.2415],[78.8029,23.2423],[78.8036,23.2384],[78.8093,23.2356],[78.812,23.2411],[78.8204,23.2453],[78.8221,23.2505],[78.8316,23.2535],[78.8377,23.2527],[78.8361,23.2487],[78.8398,23.2487],[78.8464,23.2425],[78.8486,23.2251],[78.8528,23.2258],[78.8588,23.2226],[78.8702,23.2244],[78.8762,23.2181],[78.8915,23.2165],[78.8975,23.2125],[78.898,23.2164],[78.9073,23.2271],[78.9163,23.2231],[78.9309,23.2319],[78.9385,23.2338],[78.9473,23.2218],[78.9482,23.2156],[78.9435,23.2094],[78.9485,23.2128],[78.9513,23.2115],[78.9541,23.2168],[78.9598,23.2124],[78.9626,23.2148],[78.9646,23.2117],[78.9715,23.2119],[78.9731,23.2045],[78.9803,23.2005],[78.983,23.2051],[78.9934,23.2115],[78.996,23.217],[78.9998,23.2106],[79.0073,23.209],[79.0219,23.1991],[79.0219,23.1937],[79.0238,23.1928],[79.0285,23.1971],[79.031,23.1954],[79.0345,23.1973],[79.0451,23.1963],[79.0517,23.199],[79.0573,23.1945],[79.0645,23.1944],[79.0668,23.2013],[79.0716,23.2058],[79.0758,23.2025],[79.0831,23.2046],[79.0843,23.1981],[79.0901,23.2002],[79.0917,23.1949],[79.0952,23.204],[79.104,23.2037],[79.1057,23.2067],[79.1075,23.2016],[79.104,23.198],[79.1066,23.196],[79.1066,23.1892],[79.1098,23.1869],[79.1083,23.181],[79.1121,23.1871],[79.1167,23.1805],[79.1136,23.1755],[79.116,23.1692],[79.1136,23.1668],[79.1084,23.1672],[79.1141,23.1654],[79.1181,23.1663],[79.1251,23.1757],[79.1359,23.1731],[79.1388,23.1745],[79.1401,23.1678],[79.1425,23.1663],[79.1493,23.1676],[79.1483,23.1724],[79.1534,23.1794],[79.166,23.1767],[79.1637,23.1877],[79.1661,23.1899],[79.1867,23.1995],[79.1894,23.1959],[79.1869,23.1936],[79.1884,23.1922],[79.1991,23.195],[79.1888,23.2064],[79.1876,23.215],[79.19,23.2231],[79.1838,23.2254],[79.1786,23.2225],[79.1745,23.2258],[79.1764,23.2299],[79.1761,23.2426],[79.1721,23.2514],[79.1725,23.2557],[79.182,23.2587],[79.2032,23.2545],[79.2127,23.261],[79.2183,23.2708],[79.2183,23.275],[79.2271,23.2844],[79.2285,23.2908],[79.232,23.2912],[79.2313,23.2983],[79.2175,23.3072],[79.21,23.3191],[79.225,23.3277],[79.2388,23.3405],[79.2171,23.3502],[79.2171,23.3552],[79.2197,23.3579],[79.2169,23.3673],[79.2094,23.3612],[79.1917,23.3659],[79.1912,23.3756],[79.1869,23.384],[79.1882,23.39],[79.1847,23.3935],[79.1873,23.3973],[79.1853,23.404],[79.191,23.408],[79.1998,23.4071],[79.2018,23.4157],[79.1879,23.4225],[79.1848,23.4214],[79.1808,23.4259],[79.1848,23.4337],[79.1986,23.4406],[79.2203,23.4367],[79.2234,23.4428],[79.222,23.4487],[79.2259,23.4601],[79.2313,23.4624],[79.2389,23.4587],[79.2467,23.4671],[79.2515,23.4672],[79.2584,23.4629],[79.2626,23.4701],[79.2605,23.476],[79.2668,23.482],[79.2744,23.4779],[79.2875,23.4792],[79.2849,23.4834],[79.2888,23.4861],[79.2928,23.5075],[79.2996,23.5164],[79.3111,23.5179],[79.3172,23.5213],[79.3266,23.52],[79.3314,23.5241],[79.3334,23.5274],[79.3278,23.5292],[79.3228,23.5365],[79.3218,23.5427],[79.3256,23.5512],[79.3134,23.5528],[79.3113,23.559],[79.2991,23.5621],[79.3007,23.5666],[79.2963,23.5743],[79.297,23.5805],[79.3088,23.5889],[79.3187,23.5882],[79.311,23.5917],[79.3108,23.5945],[79.3066,23.593],[79.3007,23.6008],[79.2997,23.6106],[79.3026,23.613],[79.3004,23.6321],[79.303,23.6415],[79.3058,23.6436],[79.3283,23.63],[79.3364,23.6307],[79.3399,23.6348],[79.3413,23.6432],[79.3522,23.6553],[79.3513,23.6645],[79.35,23.6662],[79.3405,23.6625],[79.3254,23.6747],[79.3014,23.6767],[79.2986,23.6867],[79.2954,23.6896],[79.2889,23.6903],[79.2834,23.695],[79.2826,23.6988],[79.2947,23.7056],[79.3007,23.7057],[79.2988,23.7111],[79.2878,23.7203],[79.288,23.7244],[79.2915,23.7244],[79.2925,23.7268],[79.2911,23.7309],[79.2841,23.7359],[79.2905,23.7411],[79.293,23.7478],[79.2889,23.7484],[79.2861,23.7447],[79.279,23.7435],[79.2776,23.7398],[79.2683,23.7475],[79.2696,23.7501],[79.2736,23.7505],[79.2727,23.7528],[79.2609,23.7578],[79.2594,23.7605],[79.2547,23.7607],[79.2481,23.7677],[79.2333,23.7741],[79.2196,23.7836],[79.2179,23.7866],[79.2293,23.8],[79.2292,23.8075],[79.2372,23.8127],[79.2368,23.8184],[79.2415,23.8188],[79.2507,23.8255],[79.2415,23.8324],[79.2389,23.8289],[79.2362,23.8291],[79.224,23.8369],[79.2202,23.8443],[79.2077,23.8414],[79.2031,23.8367],[79.1921,23.833],[79.1771,23.8346],[79.1765,23.8374],[79.1811,23.8438],[79.1748,23.8502],[79.1702,23.8463],[79.1579,23.8487],[79.1498,23.8473],[79.1443,23.8548],[79.1372,23.8568],[79.1363,23.8614],[79.1321,23.8656],[79.1212,23.8716],[79.1164,23.8806],[79.1087,23.8815],[79.1117,23.8862],[79.1097,23.899],[79.0994,23.9086],[79.0938,23.9194],[79.0879,23.9206],[79.0824,23.9174],[79.0796,23.9197],[79.0805,23.9096],[79.0833,23.9073],[79.0736,23.903],[79.0718,23.9066],[79.0634,23.9102],[79.0554,23.9172],[79.055,23.9201],[79.0601,23.9242],[79.0782,23.9324],[79.0814,23.9423],[79.0931,23.9466],[79.0922,23.9491],[79.0951,23.9503],[79.0954,23.9548],[79.1021,23.9599],[79.1015,23.9631],[79.1092,23.9655],[79.1084,23.9693],[79.1109,23.9713],[79.1142,23.9704],[79.1176,23.9774],[79.1294,23.9739],[79.1308,23.9772],[79.1365,23.9788],[79.1337,23.9854],[79.139,23.9883],[79.1448,23.988],[79.1498,23.9962],[79.154,23.9955],[79.167,24.0017],[79.1811,24.003],[79.1877,24.0109],[79.1793,24.0164],[79.1791,24.0189],[79.1839,24.0228],[79.1837,24.029],[79.1765,24.0538],[79.1717,24.0578],[79.1657,24.0558],[79.157,24.0683],[79.1547,24.0749],[79.1565,24.0788],[79.1484,24.0878],[79.1509,24.0931],[79.1467,24.1015],[79.1403,24.0967],[79.1249,24.1019],[79.1228,24.1077],[79.124,24.1153],[79.1139,24.1223],[79.1014,24.123],[79.0956,24.1284],[79.086,24.126],[79.072,24.1319],[79.0723,24.1377],[79.0797,24.1469],[79.0697,24.1523],[79.0673,24.1603],[79.0683,24.1656],[79.054,24.1714],[79.0567,24.185],[79.0559,24.1882],[79.0515,24.1904],[79.0513,24.1975],[79.0552,24.2124],[79.0461,24.2215],[79.0513,24.2251],[79.0659,24.2246],[79.0656,24.2364],[79.0707,24.2436],[79.0647,24.2537],[79.0681,24.2619],[79.0751,24.2641],[79.0828,24.263],[79.0847,24.2603],[79.0804,24.2532],[79.0813,24.2488],[79.0963,24.242],[79.1027,24.2457],[79.1014,24.25],[79.1045,24.2504],[79.1133,24.2659],[79.1147,24.2622],[79.1206,24.2631],[79.1284,24.2605],[79.1326,24.2539],[79.1376,24.2512],[79.1443,24.2549],[79.1421,24.2615],[79.1492,24.2682],[79.1578,24.274],[79.1606,24.272],[79.1753,24.2778],[79.1701,24.2946],[79.1711,24.3084],[79.184,24.3106],[79.1875,24.3172],[79.1873,24.3241],[79.1837,24.3287],[79.1795,24.3279],[79.1786,24.3333],[79.1749,24.3372],[79.1669,24.341],[79.1645,24.3457],[79.165,24.352],[79.1597,24.362],[79.1547,24.3617],[79.1506,24.3652],[79.1405,24.3646],[79.14,24.3701],[79.1417,24.3715],[79.1488,24.3751],[79.1554,24.3752],[79.1517,24.3794],[79.1512,24.3891],[79.1571,24.3969],[79.1522,24.4055],[79.1682,24.4067],[79.1663,24.3995],[79.162,24.3973],[79.1673,24.3931],[79.1677,24.386],[79.1584,24.3735],[79.1621,24.37],[79.1708,24.3676],[79.1823,24.3577],[79.1988,24.3555],[79.2015,24.3398],[79.2001,24.3339],[79.2045,24.3346],[79.2063,24.3315],[79.211,24.33],[79.2246,24.335],[79.2278,24.3331],[79.2329,24.3349],[79.2322,24.3402],[79.2374,24.3541],[79.2328,24.3568],[79.2324,24.3619],[79.2377,24.3623],[79.2461,24.3582],[79.2458,24.3628],[79.2576,24.3698],[79.2768,24.3559],[79.2949,24.375],[79.2725,24.3824],[79.2549,24.4113],[79.2522,24.4121],[79.249,24.3905],[79.244,24.3945],[79.2433,24.3996],[79.2467,24.4091],[79.2434,24.4148],[79.2343,24.4191],[79.2187,24.4192],[79.2099,24.4147],[79.1964,24.4287],[79.1913,24.4281],[79.1807,24.4329],[79.1681,24.4304],[79.1617,24.4265],[79.1586,24.4278],[79.1473,24.4169],[79.1384,24.4151],[79.1324,24.4099],[79.1199,24.4163],[79.1018,24.4124],[79.0993,24.4091],[79.1008,24.4018],[79.0868,24.4019],[79.0733,24.4066],[79.0707,24.4037],[79.0725,24.3978],[79.0699,24.396],[79.0629,24.3775],[79.0617,24.3793],[79.0587,24.3776],[79.0533,24.3691],[79.0416,24.3687],[79.0325,24.3711],[79.032,24.3767],[79.0199,24.3833],[79.0185,24.3769],[79.0087,24.3694],[79.0048,24.3709],[79.0041,24.3775],[79.0077,24.3908],[78.9991,24.3946],[78.9993,24.3984],[78.9954,24.4007],[78.9941,24.4068],[78.997,24.411],[78.9929,24.4127],[78.9912,24.4176],[78.984,24.4103],[78.9844,24.4048],[78.9769,24.3887],[78.9743,24.3761],[78.9698,24.3691],[78.9725,24.3562],[78.9715,24.3476],[78.963,24.3442],[78.9412,24.3153],[78.9237,24.3065],[78.9189,24.3002],[78.9096,24.298],[78.9116,24.288],[78.9187,24.283],[78.9167,24.269],[78.914,24.2663],[78.9055,24.2645],[78.8846,24.2505],[78.884,24.2434],[78.888,24.2281],[78.8846,24.2199],[78.8782,24.2145],[78.863,24.2096],[78.8471,24.2139],[78.8265,24.1954],[78.8241,24.1962],[78.8216,24.2043],[78.8151,24.207],[78.8129,24.2032],[78.8121,24.1908],[78.8143,24.1857],[78.8123,24.1807],[78.7928,24.1768],[78.7894,24.1771],[78.7829,24.1891],[78.7811,24.206],[78.7674,24.2202],[78.7674,24.2269],[78.7644,24.2311],[78.7684,24.2429],[78.7682,24.2519],[78.7619,24.2595],[78.7599,24.2574],[78.7597,24.2442],[78.7486,24.233],[78.7404,24.235],[78.739,24.2381],[78.7413,24.2473],[78.7343,24.2525],[78.7279,24.2482],[78.7236,24.24],[78.7256,24.2364],[78.7087,24.2343],[78.7031,24.2269],[78.6825,24.2382],[78.6686,24.24],[78.6602,24.2674],[78.6493,24.2716],[78.6385,24.2852],[78.6315,24.2864],[78.6257,24.2806],[78.62,24.2929],[78.6282,24.3004],[78.6285,24.3038],[78.6191,24.3103],[78.6182,24.307],[78.6158,24.3096],[78.6096,24.3085],[78.6036,24.3145],[78.601,24.3265],[78.596,24.3353],[78.5893,24.3377],[78.5843,24.3463],[78.5833,24.3507],[78.5861,24.3537],[78.5752,24.3554],[78.5732,24.351],[78.5633,24.358],[78.5595,24.3567],[78.5384,24.3679],[78.5299,24.3681],[78.5299,24.3724],[78.5272,24.3752],[78.5298,24.3789],[78.5186,24.3878],[78.502,24.3903],[78.4936,24.3814],[78.4744,24.3563],[78.4742,24.3478],[78.478,24.339],[78.4637,24.3301],[78.4564,24.3282],[78.4553,24.3241],[78.4439,24.3193],[78.4459,24.3159],[78.4387,24.3125],[78.4376,24.3086],[78.4402,24.2962],[78.4339,24.2913],[78.4311,24.284],[78.4186,24.285],[78.4141,24.2779],[78.4136,24.2727],[78.4062,24.2706],[78.4,24.272],[78.3896,24.2627],[78.3878,24.2681],[78.3819,24.2731],[78.3793,24.283],[78.3763,24.2848],[78.3703,24.284],[78.3663,24.2911],[78.3582,24.2923],[78.3479,24.2995],[78.3437,24.3173],[78.3291,24.3271],[78.3313,24.3343],[78.3433,24.3446],[78.3468,24.3524],[78.3569,24.3628],[78.3579,24.3676],[78.3697,24.3749],[78.3658,24.386],[78.3489,24.3874],[78.3407,24.4021],[78.3219,24.4088],[78.307,24.4231],[78.2707,24.4462],[78.267,24.4506]]]},"properties":{"dtname":"Sagar","stname":"MADHYA PRADESH","stcode11":"23","dtcode11":"427","year_stat":"2011_c","Shape_Length":1138772.0592272878,"Shape_Area":12332547676.717268,"OBJECTID":404,"test":0,"Dist_LGD":425,"State_LGD":23}},{"type":"Feature","id":407,"geometry":{"type":"Polygon","coordinates":[[[79.5694,24.4453],[79.5631,24.4333],[79.5668,24.4272],[79.5454,24.4197],[79.5539,24.4123],[79.564,24.391],[79.5669,24.391],[79.5596,24.3836],[79.552,24.3817],[79.5362,24.3915],[79.5263,24.3933],[79.5239,24.3912],[79.5088,24.3973],[79.5035,24.391],[79.4833,24.3908],[79.4801,24.3867],[79.473,24.384],[79.4717,24.3912],[79.4599,24.4022],[79.4577,24.4075],[79.4461,24.4074],[79.4418,24.412],[79.4384,24.4094],[79.4406,24.4057],[79.4326,24.4021],[79.4332,24.3962],[79.4282,24.389],[79.3974,24.3884],[79.3945,24.3815],[79.3956,24.3729],[79.3918,24.3679],[79.402,24.362],[79.4136,24.3503],[79.4092,24.3442],[79.4099,24.3402],[79.4056,24.3375],[79.4012,24.3291],[79.3961,24.3269],[79.3986,24.3179],[79.4048,24.3116],[79.402,24.3105],[79.402,24.3001],[79.3972,24.2922],[79.3986,24.2841],[79.3881,24.279],[79.3975,24.268],[79.3949,24.26],[79.3913,24.2583],[79.3929,24.2528],[79.3852,24.2379],[79.3887,24.2274],[79.3865,24.2148],[79.3752,24.2094],[79.3823,24.1953],[79.3682,24.1962],[79.3654,24.1905],[79.3321,24.1864],[79.3208,24.1824],[79.3099,24.186],[79.3005,24.1805],[79.3032,24.1737],[79.3023,24.1639],[79.3088,24.1635],[79.3193,24.1526],[79.3304,24.1531],[79.3311,24.1478],[79.3232,24.1423],[79.3155,24.1433],[79.3148,24.1373],[79.3082,24.1377],[79.3072,24.1419],[79.3016,24.1447],[79.2883,24.1455],[79.286,24.1433],[79.2797,24.1441],[79.2646,24.1403],[79.2572,24.1473],[79.2536,24.1473],[79.2519,24.1437],[79.2439,24.1446],[79.2421,24.1468],[79.2355,24.142],[79.2259,24.1431],[79.2237,24.1404],[79.2259,24.1374],[79.2224,24.132],[79.2176,24.1322],[79.2135,24.1293],[79.2081,24.1316],[79.2038,24.1304],[79.1906,24.122],[79.1878,24.1231],[79.1838,24.1187],[79.1768,24.117],[79.1773,24.1227],[79.1736,24.125],[79.1578,24.122],[79.1607,24.1181],[79.159,24.1133],[79.1557,24.1104],[79.1495,24.1126],[79.1471,24.1102],[79.1467,24.1015],[79.1509,24.0931],[79.1484,24.0878],[79.1565,24.0788],[79.1555,24.0707],[79.1657,24.0558],[79.1717,24.0578],[79.1765,24.0538],[79.1837,24.029],[79.1839,24.0228],[79.1791,24.0189],[79.1793,24.0164],[79.1865,24.013],[79.187,24.0089],[79.1811,24.003],[79.167,24.0017],[79.154,23.9955],[79.1498,23.9962],[79.1448,23.988],[79.139,23.9883],[79.1337,23.9854],[79.1365,23.9788],[79.1308,23.9772],[79.1294,23.9739],[79.1176,23.9774],[79.1142,23.9704],[79.1109,23.9713],[79.1084,23.9693],[79.1092,23.9655],[79.1015,23.9631],[79.1021,23.9599],[79.0954,23.9548],[79.0951,23.9503],[79.0922,23.9491],[79.0931,23.9466],[79.0812,23.9422],[79.0782,23.9324],[79.0549,23.9199],[79.0554,23.9172],[79.0634,23.9102],[79.0718,23.9066],[79.0736,23.903],[79.0833,23.9073],[79.0805,23.9096],[79.0796,23.9197],[79.0824,23.9174],[79.0879,23.9206],[79.0938,23.9194],[79.0994,23.9086],[79.1097,23.899],[79.1117,23.8862],[79.1087,23.8815],[79.1164,23.8806],[79.1212,23.8716],[79.1321,23.8656],[79.1363,23.8614],[79.1372,23.8568],[79.1443,23.8548],[79.1498,23.8473],[79.1579,23.8487],[79.1702,23.8463],[79.1748,23.8502],[79.1811,23.8438],[79.1765,23.8374],[79.1771,23.8346],[79.1921,23.833],[79.2031,23.8367],[79.2077,23.8414],[79.2202,23.8443],[79.224,23.8369],[79.2362,23.8291],[79.2389,23.8289],[79.2415,23.8324],[79.2507,23.8255],[79.2415,23.8188],[79.2368,23.8184],[79.2372,23.8127],[79.2292,23.8075],[79.2293,23.8],[79.2179,23.7866],[79.2196,23.7836],[79.2333,23.7741],[79.2481,23.7677],[79.2547,23.7607],[79.2594,23.7605],[79.2609,23.7578],[79.2727,23.7528],[79.2736,23.7505],[79.2696,23.7501],[79.2683,23.7475],[79.2776,23.7398],[79.279,23.7435],[79.2861,23.7447],[79.2889,23.7484],[79.293,23.7478],[79.2905,23.7411],[79.2841,23.7359],[79.2911,23.7309],[79.2925,23.7268],[79.2915,23.7244],[79.288,23.7244],[79.2878,23.7203],[79.2988,23.7111],[79.3007,23.7057],[79.2947,23.7056],[79.2826,23.6988],[79.2834,23.695],[79.2889,23.6903],[79.2954,23.6896],[79.2986,23.6867],[79.3014,23.6767],[79.3254,23.6747],[79.3405,23.6625],[79.35,23.6662],[79.3513,23.6645],[79.3522,23.6553],[79.3413,23.6432],[79.3399,23.6348],[79.3364,23.6307],[79.3283,23.63],[79.3058,23.6436],[79.303,23.6415],[79.3004,23.6321],[79.3026,23.613],[79.2997,23.6106],[79.3007,23.6008],[79.3066,23.593],[79.3108,23.5945],[79.311,23.5917],[79.3187,23.5882],[79.3088,23.5889],[79.297,23.5805],[79.2963,23.5743],[79.3007,23.5666],[79.2991,23.5621],[79.3113,23.559],[79.3134,23.5528],[79.3256,23.5512],[79.3218,23.5427],[79.3228,23.5365],[79.3278,23.5292],[79.3334,23.5274],[79.3314,23.5241],[79.3266,23.52],[79.3172,23.5213],[79.3111,23.5179],[79.2996,23.5164],[79.2928,23.5075],[79.2888,23.4861],[79.2849,23.4834],[79.2875,23.4792],[79.2744,23.4779],[79.2668,23.482],[79.2605,23.476],[79.2626,23.4701],[79.2584,23.4629],[79.2515,23.4672],[79.2467,23.4671],[79.2389,23.4587],[79.2313,23.4624],[79.2259,23.4601],[79.222,23.4487],[79.2234,23.4428],[79.2203,23.4367],[79.1986,23.4406],[79.1848,23.4337],[79.1808,23.4259],[79.1848,23.4214],[79.1879,23.4225],[79.2018,23.4157],[79.1998,23.4071],[79.191,23.408],[79.1853,23.404],[79.1873,23.3973],[79.1847,23.3935],[79.1882,23.39],[79.1869,23.384],[79.1912,23.3756],[79.1917,23.3659],[79.2094,23.3612],[79.2169,23.3673],[79.2197,23.3579],[79.2171,23.3552],[79.2171,23.3502],[79.2388,23.3405],[79.225,23.3277],[79.21,23.3191],[79.2175,23.3072],[79.2313,23.2983],[79.232,23.2912],[79.2285,23.2908],[79.2271,23.2844],[79.2183,23.275],[79.2183,23.2708],[79.2127,23.261],[79.207,23.256],[79.1997,23.2542],[79.1773,23.2586],[79.1725,23.2557],[79.1721,23.2516],[79.1761,23.2426],[79.1764,23.2299],[79.1745,23.2258],[79.1786,23.2225],[79.1838,23.2254],[79.1918,23.2234],[79.1954,23.2327],[79.195,23.2393],[79.1973,23.2419],[79.2071,23.2391],[79.2137,23.2295],[79.2192,23.23],[79.2209,23.2275],[79.2278,23.2258],[79.2293,23.2368],[79.2324,23.2402],[79.2304,23.2493],[79.2321,23.2522],[79.2623,23.2453],[79.2703,23.2355],[79.2681,23.2165],[79.2925,23.2214],[79.2963,23.2265],[79.306,23.2326],[79.3061,23.2241],[79.3129,23.2133],[79.3164,23.1985],[79.3212,23.1898],[79.3176,23.1793],[79.3228,23.1709],[79.3349,23.1595],[79.332,23.1506],[79.352,23.1558],[79.3564,23.1645],[79.3553,23.1714],[79.3639,23.1705],[79.3663,23.1655],[79.4236,23.1945],[79.4287,23.2015],[79.4517,23.2195],[79.4572,23.2267],[79.4753,23.238],[79.4786,23.244],[79.4869,23.2495],[79.4889,23.2571],[79.493,23.2619],[79.4883,23.264],[79.4986,23.2616],[79.5112,23.2682],[79.5158,23.2683],[79.5314,23.2658],[79.5321,23.2596],[79.5554,23.2706],[79.5615,23.2759],[79.5663,23.2762],[79.5694,23.2809],[79.615,23.3092],[79.6649,23.3365],[79.6684,23.3352],[79.6745,23.3382],[79.6748,23.3434],[79.6875,23.3498],[79.7029,23.3615],[79.7063,23.368],[79.7035,23.3751],[79.7125,23.3717],[79.7161,23.3825],[79.7194,23.3858],[79.7173,23.3922],[79.7225,23.3938],[79.7197,23.3984],[79.725,23.3997],[79.7332,23.4093],[79.7306,23.4128],[79.7331,23.4197],[79.7248,23.4188],[79.723,23.4227],[79.7266,23.4244],[79.7244,23.4254],[79.7292,23.4283],[79.7355,23.4263],[79.7348,23.4312],[79.7378,23.4366],[79.7408,23.4341],[79.7413,23.4298],[79.7584,23.432],[79.7666,23.4383],[79.7676,23.4453],[79.7715,23.446],[79.7714,23.4426],[79.7751,23.4393],[79.7822,23.4411],[79.7889,23.4463],[79.786,23.4465],[79.7856,23.4487],[79.7936,23.4555],[79.7874,23.4599],[79.7928,23.465],[79.7965,23.4632],[79.8021,23.4658],[79.8078,23.4816],[79.8147,23.4906],[79.8157,23.4953],[79.81,23.4988],[79.8154,23.502],[79.8196,23.5085],[79.8202,23.5105],[79.8153,23.5127],[79.8364,23.5112],[79.8473,23.5042],[79.8732,23.5404],[79.8755,23.5528],[79.8782,23.5544],[79.8766,23.5562],[79.8849,23.559],[79.886,23.5622],[79.8921,23.5658],[79.8926,23.5729],[79.901,23.5748],[79.9034,23.5858],[79.9174,23.5867],[79.9297,23.5952],[79.927,23.5994],[79.9292,23.6055],[79.9274,23.6089],[79.9309,23.6102],[79.9403,23.624],[79.9515,23.6222],[79.9441,23.6361],[79.9435,23.6453],[79.9555,23.6587],[79.9505,23.6679],[79.9403,23.6719],[79.9404,23.6765],[79.936,23.682],[79.9309,23.6796],[79.92,23.6816],[79.9127,23.6867],[79.9085,23.6864],[79.9088,23.6829],[79.9058,23.6823],[79.8893,23.6827],[79.8735,23.691],[79.867,23.691],[79.8667,23.7005],[79.8395,23.6945],[79.8276,23.6953],[79.827,23.7083],[79.8325,23.7162],[79.8367,23.7174],[79.8362,23.7233],[79.8267,23.7189],[79.8229,23.721],[79.8203,23.7282],[79.8221,23.7291],[79.8199,23.7301],[79.8215,23.7313],[79.8193,23.7329],[79.8208,23.7345],[79.8152,23.74],[79.8192,23.7418],[79.832,23.7575],[79.8271,23.7662],[79.832,23.7775],[79.845,23.7846],[79.8415,23.7894],[79.8561,23.7945],[79.8582,23.8036],[79.8536,23.8083],[79.8597,23.8077],[79.8688,23.8193],[79.8542,23.853],[79.8576,23.8562],[79.8563,23.8619],[79.8619,23.8649],[79.8632,23.8706],[79.8609,23.8737],[79.8687,23.8897],[79.8667,23.8955],[79.8713,23.9007],[79.867,23.9041],[79.863,23.9136],[79.8482,23.9258],[79.8435,23.9245],[79.8378,23.9298],[79.8322,23.942],[79.8369,23.9459],[79.8385,23.9525],[79.8423,23.9553],[79.8431,23.9597],[79.8512,23.971],[79.8491,23.9769],[79.8538,23.9792],[79.8579,23.9886],[79.8553,23.9947],[79.8344,24.0021],[79.8449,24.0069],[79.844,24.0226],[79.8289,24.0251],[79.8199,24.031],[79.8117,24.027],[79.7971,24.0292],[79.7947,24.0323],[79.7915,24.0298],[79.7873,24.0306],[79.7817,24.0354],[79.777,24.0356],[79.7661,24.0421],[79.7643,24.041],[79.7661,24.0366],[79.7646,24.0351],[79.7612,24.0333],[79.7536,24.0348],[79.7505,24.0422],[79.7522,24.0532],[79.7485,24.0519],[79.7469,24.043],[79.7426,24.0429],[79.7389,24.0464],[79.7399,24.0502],[79.7348,24.0594],[79.7364,24.0692],[79.7395,24.0736],[79.7431,24.0742],[79.7507,24.0702],[79.7622,24.0734],[79.7633,24.0791],[79.7589,24.0926],[79.7637,24.106],[79.7682,24.11],[79.7838,24.1137],[79.7859,24.1183],[79.7812,24.1261],[79.7815,24.132],[79.7855,24.1341],[79.795,24.1331],[79.7912,24.1431],[79.7924,24.1492],[79.8118,24.1599],[79.8082,24.1752],[79.8106,24.1818],[79.8106,24.1994],[79.8161,24.2026],[79.8286,24.2004],[79.8345,24.2025],[79.841,24.2189],[79.8413,24.2244],[79.8358,24.2288],[79.8352,24.2325],[79.8435,24.2375],[79.8437,24.2453],[79.8283,24.2556],[79.8062,24.2637],[79.8046,24.2674],[79.8084,24.2729],[79.8085,24.2835],[79.8157,24.2865],[79.8239,24.2811],[79.8403,24.2834],[79.8423,24.2879],[79.8547,24.2935],[79.8577,24.2983],[79.8418,24.3149],[79.8322,24.3194],[79.8218,24.3212],[79.7996,24.3173],[79.8023,24.3217],[79.8076,24.3217],[79.8138,24.3362],[79.8194,24.3395],[79.8211,24.3502],[79.8043,24.3564],[79.805,24.3591],[79.7936,24.3709],[79.7951,24.3739],[79.7727,24.3819],[79.7547,24.4115],[79.7482,24.4142],[79.7368,24.4092],[79.7301,24.402],[79.7251,24.4033],[79.7173,24.3944],[79.7178,24.3918],[79.7077,24.3844],[79.7105,24.3811],[79.7043,24.3767],[79.6978,24.3843],[79.6914,24.3867],[79.6913,24.3903],[79.6865,24.3958],[79.6807,24.3958],[79.6832,24.3888],[79.6812,24.3753],[79.6767,24.372],[79.6656,24.3823],[79.6616,24.3825],[79.6589,24.3794],[79.6609,24.3743],[79.6599,24.3637],[79.656,24.3707],[79.6371,24.382],[79.6342,24.3827],[79.6248,24.3726],[79.6167,24.3787],[79.6182,24.3823],[79.6155,24.3869],[79.621,24.3864],[79.6228,24.3924],[79.629,24.3988],[79.6217,24.4182],[79.6067,24.4182],[79.5871,24.435],[79.5752,24.4401],[79.5694,24.4453]]]},"properties":{"dtname":"Damoh","stname":"MADHYA PRADESH","stcode11":"23","dtcode11":"428","year_stat":"2011_c","Shape_Length":709348.5076851373,"Shape_Area":8764699291.86162,"OBJECTID":407,"test":1,"Dist_LGD":400,"State_LGD":23}},{"type":"Feature","id":408,"geometry":{"type":"Polygon","coordinates":[[[76.436,23.6333],[76.4245,23.627],[76.4058,23.6235],[76.4037,23.6195],[76.4076,23.6135],[76.4052,23.6121],[76.3877,23.6097],[76.3843,23.61],[76.3748,23.6247],[76.3693,23.6274],[76.3633,23.6235],[76.3552,23.623],[76.3399,23.6294],[76.3336,23.6242],[76.3186,23.6223],[76.3172,23.6146],[76.2967,23.6129],[76.2978,23.625],[76.2826,23.625],[76.2758,23.604],[76.2561,23.6057],[76.2501,23.601],[76.242,23.5987],[76.2416,23.5963],[76.2397,23.5982],[76.2338,23.5973],[76.2327,23.5911],[76.2375,23.5697],[76.2297,23.5696],[76.2293,23.5666],[76.2008,23.5676],[76.2006,23.5705],[76.1825,23.5753],[76.1757,23.5854],[76.173,23.5803],[76.1748,23.5773],[76.1707,23.5777],[76.1653,23.5715],[76.1735,23.5668],[76.1739,23.5612],[76.179,23.5562],[76.1721,23.5461],[76.1765,23.5408],[76.1714,23.5344],[76.1661,23.5329],[76.1574,23.5203],[76.1572,23.5145],[76.1603,23.5071],[76.1666,23.5043],[76.1756,23.5094],[76.1778,23.5074],[76.1887,23.5071],[76.1911,23.5038],[76.1993,23.5009],[76.2038,23.5039],[76.2035,23.5084],[76.2112,23.5111],[76.2069,23.5202],[76.2145,23.5252],[76.2162,23.5321],[76.2275,23.5321],[76.2357,23.528],[76.2376,23.5159],[76.2435,23.5153],[76.2463,23.5179],[76.2535,23.5146],[76.2525,23.5105],[76.2463,23.5068],[76.2463,23.497],[76.2311,23.4969],[76.2284,23.4948],[76.2215,23.4965],[76.2195,23.4883],[76.2093,23.4886],[76.2078,23.4775],[76.2046,23.4756],[76.1979,23.4778],[76.1973,23.4654],[76.2094,23.4621],[76.2106,23.4542],[76.2148,23.4525],[76.2121,23.4396],[76.2032,23.4352],[76.204,23.4296],[76.2009,23.4278],[76.2019,23.4189],[76.2058,23.417],[76.2044,23.415],[76.2068,23.4191],[76.2112,23.4194],[76.2137,23.4171],[76.2105,23.4104],[76.2133,23.404],[76.2095,23.396],[76.213,23.3848],[76.2316,23.3861],[76.2457,23.3927],[76.2548,23.3738],[76.2466,23.3656],[76.2507,23.3602],[76.2522,23.3516],[76.2274,23.3379],[76.224,23.3423],[76.2235,23.339],[76.2206,23.3387],[76.219,23.3426],[76.221,23.3487],[76.215,23.3508],[76.2058,23.3441],[76.2032,23.3412],[76.2038,23.3377],[76.194,23.326],[76.1959,23.3195],[76.1879,23.3067],[76.1922,23.2928],[76.1821,23.2692],[76.1724,23.2668],[76.1667,23.2717],[76.1593,23.2732],[76.1584,23.275],[76.1619,23.2766],[76.1571,23.2818],[76.158,23.2838],[76.133,23.2813],[76.1342,23.2704],[76.1287,23.2629],[76.1242,23.2608],[76.1206,23.2436],[76.1286,23.2437],[76.1271,23.2398],[76.1419,23.2313],[76.1538,23.234],[76.1618,23.2293],[76.1633,23.2247],[76.1842,23.2296],[76.1911,23.2286],[76.1922,23.2252],[76.205,23.2225],[76.2174,23.2257],[76.2229,23.2239],[76.2268,23.2265],[76.2449,23.2221],[76.2524,23.2167],[76.2756,23.2295],[76.3126,23.2291],[76.3201,23.2339],[76.3324,23.2266],[76.356,23.2256],[76.3602,23.2315],[76.364,23.2328],[76.3826,23.2297],[76.3883,23.226],[76.396,23.2259],[76.4006,23.221],[76.4136,23.2191],[76.4123,23.2114],[76.4184,23.2015],[76.4167,23.1983],[76.4251,23.1968],[76.4257,23.194],[76.4284,23.196],[76.4324,23.1926],[76.4518,23.1961],[76.4598,23.1946],[76.4592,23.1897],[76.473,23.1831],[76.4885,23.1849],[76.5113,23.1805],[76.5224,23.1692],[76.5255,23.1589],[76.5273,23.1589],[76.5253,23.1503],[76.5269,23.1472],[76.5427,23.1406],[76.5403,23.1309],[76.5595,23.1258],[76.5587,23.1195],[76.5858,23.1125],[76.5919,23.1127],[76.5907,23.1183],[76.6141,23.1373],[76.6283,23.1387],[76.6324,23.1681],[76.6301,23.1976],[76.6471,23.2002],[76.6538,23.1969],[76.6551,23.1872],[76.6728,23.1891],[76.6749,23.1975],[76.6854,23.1941],[76.6956,23.1754],[76.6937,23.1667],[76.6982,23.1577],[76.7228,23.1583],[76.7314,23.1424],[76.7428,23.1413],[76.7522,23.157],[76.7513,23.1644],[76.7451,23.1694],[76.7419,23.1761],[76.7418,23.1808],[76.7465,23.184],[76.7744,23.1719],[76.7674,23.1568],[76.7887,23.1522],[76.7886,23.1461],[76.7975,23.1441],[76.7974,23.1358],[76.8031,23.1309],[76.8034,23.1252],[76.8101,23.1249],[76.8191,23.1293],[76.8261,23.1279],[76.8217,23.1195],[76.8219,23.1148],[76.8461,23.1117],[76.855,23.1077],[76.8624,23.109],[76.861,23.1174],[76.8707,23.1171],[76.8723,23.1217],[76.8812,23.1213],[76.8824,23.1267],[76.8848,23.1247],[76.8955,23.1365],[76.8926,23.1528],[76.8986,23.1788],[76.8946,23.1948],[76.8888,23.2059],[76.902,23.2129],[76.9036,23.219],[76.9013,23.2263],[76.9063,23.2314],[76.9234,23.2309],[76.9395,23.2362],[76.9545,23.2536],[76.9678,23.2604],[76.9726,23.277],[76.9875,23.2858],[76.9877,23.3006],[76.9792,23.311],[76.9827,23.3326],[76.9805,23.3472],[76.9893,23.3574],[76.9893,23.3689],[76.9941,23.3819],[76.9893,23.3889],[76.9881,23.3967],[76.995,23.405],[76.999,23.4148],[77.0106,23.427],[77.0114,23.4377],[77.0158,23.445],[77.019,23.4478],[77.0268,23.4476],[77.0375,23.4529],[77.0497,23.467],[77.0382,23.4653],[77.0367,23.4631],[77.0306,23.471],[77.0285,23.483],[77.0084,23.4865],[77.0054,23.4948],[76.9995,23.4987],[76.9874,23.5018],[76.9841,23.4996],[76.9796,23.5003],[76.9677,23.506],[76.9518,23.4992],[76.9433,23.4876],[76.9427,23.4807],[76.9406,23.4811],[76.9339,23.4718],[76.9258,23.476],[76.9248,23.4874],[76.9211,23.4909],[76.9036,23.4947],[76.9157,23.5137],[76.9079,23.5182],[76.8885,23.5226],[76.8843,23.5135],[76.8771,23.5131],[76.8761,23.4976],[76.8503,23.4952],[76.843,23.4982],[76.8427,23.4881],[76.8294,23.489],[76.8183,23.487],[76.8093,23.4824],[76.8149,23.468],[76.8026,23.4663],[76.8017,23.4581],[76.7933,23.457],[76.7802,23.4655],[76.7857,23.4713],[76.7769,23.4726],[76.7742,23.4783],[76.7675,23.4823],[76.7682,23.484],[76.7624,23.4863],[76.76,23.4965],[76.7003,23.4893],[76.6934,23.4859],[76.6872,23.491],[76.6858,23.4972],[76.6663,23.5009],[76.6539,23.5007],[76.6606,23.5149],[76.6622,23.532],[76.6519,23.5406],[76.6313,23.5418],[76.6314,23.5456],[76.6244,23.549],[76.6189,23.5557],[76.6001,23.5636],[76.5864,23.5479],[76.5755,23.5494],[76.5744,23.5531],[76.5577,23.5648],[76.5483,23.5634],[76.5352,23.566],[76.5344,23.5695],[76.5264,23.5758],[76.5144,23.5694],[76.5026,23.5667],[76.5025,23.5568],[76.5069,23.556],[76.5091,23.5509],[76.5132,23.5487],[76.5119,23.5304],[76.5002,23.5328],[76.4963,23.5391],[76.4914,23.5376],[76.4869,23.5417],[76.4923,23.5313],[76.4965,23.5314],[76.502,23.5243],[76.5068,23.5116],[76.4993,23.5155],[76.4838,23.512],[76.4813,23.5222],[76.4704,23.5274],[76.468,23.5333],[76.4595,23.5353],[76.4542,23.5442],[76.4363,23.5455],[76.4371,23.5563],[76.4349,23.5653],[76.4379,23.5684],[76.4413,23.5664],[76.446,23.5823],[76.4401,23.5845],[76.4413,23.5953],[76.4372,23.5982],[76.4384,23.6056],[76.4527,23.6045],[76.4516,23.6027],[76.4568,23.5938],[76.4631,23.5925],[76.4519,23.6219],[76.4463,23.6251],[76.4414,23.624],[76.4367,23.6263],[76.436,23.6333]]]},"properties":{"dtname":"Shajapur","stname":"MADHYA PRADESH","stcode11":"23","dtcode11":"436","year_stat":"2011_c","Shape_Length":472571.1311293852,"Shape_Area":3874696114.8903627,"OBJECTID":408,"test":0,"Dist_LGD":430,"State_LGD":23}},{"type":"Feature","id":409,"geometry":{"type":"Polygon","coordinates":[[[77.3654,24.3489],[77.3538,24.3415],[77.356,24.3399],[77.351,24.3354],[77.3471,24.3256],[77.3477,24.3215],[77.3346,24.3073],[77.3277,24.3038],[77.3214,24.2876],[77.3245,24.2826],[77.3251,24.2703],[77.3321,24.26],[77.3332,24.2542],[77.3293,24.2523],[77.3268,24.2452],[77.3326,24.2454],[77.3392,24.2405],[77.347,24.2303],[77.353,24.2148],[77.353,24.2133],[77.3446,24.2127],[77.3314,24.2165],[77.331,24.2108],[77.346,24.1934],[77.346,24.1824],[77.3429,24.1793],[77.3248,24.175],[77.3208,24.17],[77.3177,24.1707],[77.31,24.1668],[77.3011,24.1674],[77.3017,24.1632],[77.3128,24.1505],[77.3006,24.1267],[77.2949,24.1265],[77.2917,24.1295],[77.2923,24.1242],[77.2875,24.1237],[77.2895,24.1214],[77.2901,24.1037],[77.298,24.0974],[77.2947,24.0916],[77.2974,24.084],[77.285,24.0806],[77.2852,24.0785],[77.2804,24.0773],[77.2741,24.0699],[77.2597,24.068],[77.2599,24.0432],[77.2631,24.0441],[77.273,24.0379],[77.2847,24.0416],[77.2944,24.0402],[77.2958,24.0378],[77.2909,24.0302],[77.2846,24.0317],[77.2778,24.0188],[77.2964,24.0212],[77.3076,24.0168],[77.3121,24.0072],[77.309,24.0027],[77.3013,24.0043],[77.3012,23.9983],[77.2914,23.9968],[77.3054,23.9966],[77.3049,23.9924],[77.3004,23.9924],[77.3023,23.9879],[77.3135,23.9884],[77.3111,23.983],[77.3141,23.9818],[77.3072,23.9793],[77.3107,23.9784],[77.3104,23.9767],[77.302,23.9767],[77.305,23.9742],[77.3028,23.9729],[77.2938,23.9754],[77.3009,23.9691],[77.3085,23.9701],[77.3055,23.9677],[77.3071,23.966],[77.2981,23.9618],[77.306,23.9573],[77.2973,23.9576],[77.2965,23.9549],[77.3092,23.9518],[77.3076,23.9318],[77.305,23.9295],[77.2989,23.9298],[77.2969,23.9256],[77.3097,23.9271],[77.3078,23.9164],[77.3206,23.9132],[77.3228,23.9075],[77.3186,23.9],[77.3171,23.8906],[77.3328,23.8925],[77.3772,23.8841],[77.3835,23.8616],[77.4015,23.8473],[77.3994,23.8364],[77.3932,23.8396],[77.3892,23.8376],[77.391,23.8359],[77.3892,23.8335],[77.3943,23.8289],[77.4011,23.8288],[77.4013,23.8253],[77.4073,23.8271],[77.4051,23.8206],[77.4151,23.7997],[77.4165,23.8022],[77.4271,23.8034],[77.4389,23.7948],[77.4451,23.7948],[77.4464,23.7914],[77.4367,23.7882],[77.434,23.7802],[77.4373,23.7744],[77.4459,23.7782],[77.4544,23.7719],[77.4541,23.7612],[77.4676,23.756],[77.4746,23.7564],[77.4818,23.7642],[77.4904,23.7668],[77.4997,23.7754],[77.5066,23.7725],[77.5105,23.7655],[77.5159,23.7616],[77.5258,23.7626],[77.5281,23.7591],[77.5353,23.7594],[77.5411,23.7552],[77.5464,23.7573],[77.5548,23.755],[77.5629,23.76],[77.5627,23.7656],[77.5734,23.7668],[77.5766,23.7606],[77.5805,23.7604],[77.5822,23.7566],[77.5892,23.7542],[77.5912,23.751],[77.6102,23.747],[77.6066,23.7328],[77.6007,23.7337],[77.6011,23.7266],[77.6167,23.7246],[77.6152,23.7128],[77.6284,23.7083],[77.635,23.7141],[77.6398,23.7073],[77.6436,23.7123],[77.6481,23.713],[77.6485,23.6928],[77.6324,23.6668],[77.6298,23.6579],[77.6066,23.6594],[77.5901,23.6559],[77.589,23.6522],[77.5857,23.652],[77.587,23.65],[77.5737,23.6477],[77.5731,23.6448],[77.57,23.6441],[77.5742,23.6373],[77.567,23.624],[77.5684,23.6219],[77.5643,23.6136],[77.5655,23.6105],[77.5586,23.6123],[77.5625,23.6039],[77.5546,23.591],[77.5511,23.5874],[77.5455,23.5895],[77.5352,23.5807],[77.5285,23.5804],[77.5244,23.5752],[77.5159,23.5768],[77.5063,23.5686],[77.5109,23.5509],[77.507,23.5494],[77.5044,23.5449],[77.5055,23.5242],[77.5117,23.5221],[77.5113,23.5178],[77.518,23.5137],[77.5195,23.5034],[77.5332,23.5049],[77.5395,23.5014],[77.5485,23.5009],[77.5658,23.5054],[77.5692,23.4906],[77.6007,23.4874],[77.6005,23.4829],[77.6039,23.478],[77.619,23.4663],[77.6243,23.4651],[77.6295,23.47],[77.6349,23.4693],[77.6355,23.4748],[77.6458,23.4783],[77.65,23.4846],[77.6471,23.4937],[77.645,23.4934],[77.6502,23.5014],[77.6475,23.5094],[77.6254,23.5261],[77.6222,23.5372],[77.626,23.5525],[77.6396,23.5499],[77.6418,23.5437],[77.6516,23.5439],[77.6544,23.5413],[77.6551,23.5357],[77.6616,23.5345],[77.6611,23.5302],[77.6637,23.5279],[77.6617,23.5244],[77.6769,23.5185],[77.6836,23.5246],[77.6828,23.5308],[77.6917,23.5343],[77.7007,23.5429],[77.7053,23.5511],[77.7006,23.5627],[77.7076,23.5644],[77.7129,23.5613],[77.7166,23.5528],[77.7158,23.5448],[77.7233,23.5353],[77.7359,23.5368],[77.7404,23.5264],[77.7563,23.5266],[77.7644,23.5223],[77.7655,23.5202],[77.7565,23.5075],[77.7625,23.5056],[77.7644,23.5013],[77.7721,23.5027],[77.7717,23.4978],[77.774,23.4951],[77.7728,23.4851],[77.7801,23.4887],[77.7865,23.4873],[77.7923,23.4788],[77.7982,23.4765],[77.7979,23.4736],[77.8115,23.4556],[77.8217,23.455],[77.8288,23.4584],[77.8311,23.4548],[77.8364,23.4527],[77.84,23.442],[77.8524,23.4394],[77.8624,23.4409],[77.8695,23.4362],[77.8789,23.4399],[77.8802,23.4451],[77.8909,23.4434],[77.8941,23.4479],[77.9138,23.4489],[77.9162,23.4356],[77.9257,23.4333],[77.9267,23.4248],[77.9305,23.4211],[77.9579,23.4226],[77.9599,23.4208],[77.9595,23.4181],[77.955,23.4161],[77.9588,23.4096],[77.9559,23.4065],[77.9569,23.3979],[77.9526,23.3943],[77.9576,23.3856],[77.9583,23.373],[77.9619,23.3726],[77.9634,23.3749],[77.9773,23.3712],[77.9888,23.3643],[77.9982,23.3627],[78.0023,23.3642],[78.0052,23.3621],[78.0071,23.3509],[78.0156,23.3511],[78.0152,23.3488],[78.0201,23.3472],[78.0212,23.3436],[78.0243,23.3445],[78.0251,23.3505],[78.0411,23.3632],[78.0522,23.3638],[78.0508,23.3754],[78.0548,23.3819],[78.0573,23.3823],[78.0578,23.3867],[78.0477,23.3911],[78.0485,23.4024],[78.0453,23.4007],[78.0443,23.4031],[78.0329,23.4025],[78.0319,23.4006],[78.026,23.4076],[78.0153,23.4061],[77.9973,23.4136],[77.994,23.4227],[77.9972,23.4317],[77.9888,23.453],[77.9969,23.4536],[77.9956,23.4593],[78.0006,23.467],[78.0071,23.4675],[78.0114,23.4728],[78.018,23.4696],[78.0221,23.4715],[78.0291,23.4697],[78.0304,23.4671],[78.0441,23.4688],[78.0451,23.4635],[78.0542,23.4578],[78.0665,23.4571],[78.0847,23.4504],[78.0967,23.4588],[78.1053,23.4604],[78.1026,23.4666],[78.112,23.4725],[78.1171,23.4714],[78.1291,23.4761],[78.1453,23.4741],[78.144,23.4787],[78.1384,23.4795],[78.1354,23.4827],[78.1352,23.5051],[78.1304,23.5115],[78.135,23.5178],[78.1563,23.5184],[78.1651,23.5269],[78.1801,23.5247],[78.1806,23.5277],[78.1871,23.5322],[78.1883,23.5362],[78.1944,23.5394],[78.1945,23.5432],[78.1972,23.5448],[78.1974,23.5347],[78.2044,23.5314],[78.2062,23.5279],[78.2081,23.5316],[78.2081,23.5289],[78.2119,23.5263],[78.2178,23.5256],[78.2227,23.5279],[78.227,23.5336],[78.2269,23.5375],[78.2239,23.5401],[78.2255,23.5457],[78.2309,23.5467],[78.2302,23.5519],[78.2257,23.5547],[78.2256,23.561],[78.2347,23.5605],[78.2394,23.563],[78.2394,23.566],[78.2434,23.5657],[78.239,23.5689],[78.245,23.5703],[78.2429,23.5834],[78.2504,23.586],[78.2548,23.5908],[78.2659,23.5938],[78.2774,23.6093],[78.2748,23.6276],[78.284,23.6481],[78.2832,23.6543],[78.2892,23.6614],[78.29,23.6703],[78.2939,23.6745],[78.291,23.6754],[78.2893,23.6812],[78.285,23.6827],[78.28,23.6905],[78.2842,23.7001],[78.2781,23.7006],[78.2689,23.7054],[78.2709,23.7112],[78.2627,23.719],[78.2697,23.7259],[78.2636,23.7273],[78.2585,23.7244],[78.2599,23.7219],[78.2521,23.7097],[78.2546,23.7074],[78.2522,23.7053],[78.2487,23.7053],[78.2388,23.7139],[78.2414,23.7205],[78.2373,23.7238],[78.2447,23.7286],[78.2508,23.7467],[78.2589,23.7488],[78.2612,23.7454],[78.2663,23.7488],[78.2575,23.7512],[78.2518,23.7571],[78.2547,23.767],[78.2635,23.7677],[78.2692,23.7793],[78.2554,23.7789],[78.2538,23.7819],[78.2589,23.7917],[78.2654,23.7985],[78.2767,23.7957],[78.2731,23.7892],[78.2685,23.7873],[78.2736,23.784],[78.2807,23.7862],[78.2837,23.781],[78.2886,23.7837],[78.2816,23.7935],[78.286,23.8111],[78.2796,23.8119],[78.2664,23.8086],[78.2625,23.8115],[78.2625,23.8162],[78.2703,23.8206],[78.2886,23.814],[78.2995,23.8279],[78.2988,23.8299],[78.295,23.8295],[78.2939,23.8348],[78.2991,23.8395],[78.2948,23.8482],[78.2834,23.8438],[78.2731,23.8432],[78.2729,23.847],[78.2627,23.8525],[78.2596,23.8584],[78.2636,23.8625],[78.2735,23.8609],[78.2783,23.8638],[78.2801,23.8688],[78.2759,23.8769],[78.278,23.8899],[78.2854,23.8932],[78.2884,23.9024],[78.2948,23.9099],[78.289,23.9256],[78.2789,23.9292],[78.2659,23.9379],[78.262,23.9437],[78.2666,23.9542],[78.2835,23.9595],[78.2865,23.9625],[78.2866,23.9661],[78.2807,23.967],[78.2788,23.971],[78.2853,23.9777],[78.2897,23.9876],[78.2811,24.0004],[78.2765,24.022],[78.2781,24.0288],[78.2617,24.0433],[78.2511,24.0467],[78.2492,24.055],[78.2299,24.0561],[78.2148,24.0704],[78.2053,24.0688],[78.2025,24.0606],[78.1987,24.0621],[78.1931,24.0541],[78.1892,24.0356],[78.1876,24.0328],[78.1839,24.0327],[78.1834,24.0103],[78.1625,24.0105],[78.1574,24.0256],[78.1427,24.0282],[78.1433,24.0339],[78.1347,24.0348],[78.133,24.0415],[78.1194,24.0433],[78.1152,24.0272],[78.0933,24.0345],[78.0916,24.0436],[78.0758,24.046],[78.076,24.0562],[78.0828,24.0599],[78.0838,24.0642],[78.0897,24.0637],[78.092,24.0687],[78.0977,24.0673],[78.1056,24.0612],[78.1021,24.0486],[78.1173,24.0463],[78.1204,24.0668],[78.126,24.0811],[78.1238,24.0817],[78.1259,24.0933],[78.1236,24.0975],[78.1282,24.1079],[78.1314,24.1097],[78.1348,24.1207],[78.1304,24.125],[78.123,24.1242],[78.1186,24.1264],[78.1205,24.1278],[78.1119,24.1382],[78.1095,24.1486],[78.0963,24.1559],[78.1,24.1646],[78.1046,24.167],[78.1211,24.1631],[78.1291,24.1637],[78.1309,24.1953],[78.1396,24.1995],[78.144,24.1989],[78.1458,24.2019],[78.138,24.2051],[78.1383,24.2117],[78.1357,24.2132],[78.1096,24.2173],[78.1071,24.2086],[78.0837,24.2143],[78.0788,24.2201],[78.0801,24.2226],[78.074,24.2265],[78.06,24.2289],[78.0604,24.2339],[78.0676,24.2439],[78.0903,24.2304],[78.0971,24.2286],[78.1006,24.2448],[78.0956,24.2479],[78.0948,24.2513],[78.0915,24.2506],[78.0858,24.2415],[78.0708,24.2458],[78.0695,24.2467],[78.0729,24.2504],[78.0839,24.2568],[78.0836,24.2594],[78.0744,24.2583],[78.0625,24.2626],[78.0612,24.2596],[78.0572,24.2605],[78.0487,24.2654],[78.0487,24.2712],[78.0428,24.2744],[78.0428,24.2813],[78.0213,24.2867],[78.0172,24.2821],[78.0153,24.2775],[78.0184,24.2606],[78.0167,24.2481],[78.0211,24.2468],[78.015,24.2364],[77.9935,24.2373],[77.9926,24.2408],[77.9832,24.2415],[77.9821,24.2452],[77.9634,24.2464],[77.9595,24.2382],[77.9502,24.2294],[77.9389,24.2316],[77.9387,24.2487],[77.9286,24.2514],[77.9298,24.2602],[77.9276,24.2676],[77.9054,24.2686],[77.8952,24.2711],[77.8842,24.2773],[77.886,24.2841],[77.895,24.2951],[77.896,24.3019],[77.8936,24.3113],[77.876,24.3143],[77.851,24.3117],[77.8424,24.3081],[77.8385,24.3127],[77.8184,24.3061],[77.8176,24.2996],[77.8119,24.3054],[77.799,24.3062],[77.7857,24.315],[77.781,24.3135],[77.7791,24.3069],[77.7715,24.301],[77.755,24.3075],[77.7259,24.3032],[77.7193,24.2994],[77.7089,24.3038],[77.7031,24.3033],[77.7022,24.3059],[77.696,24.3017],[77.6945,24.3054],[77.6787,24.3109],[77.6595,24.3109],[77.6486,24.3145],[77.6384,24.3078],[77.6313,24.3066],[77.6226,24.2962],[77.5985,24.298],[77.5949,24.2838],[77.5965,24.2802],[77.5952,24.2676],[77.5851,24.2685],[77.5835,24.2665],[77.5753,24.2689],[77.5672,24.2537],[77.5624,24.2518],[77.5555,24.2545],[77.5549,24.2464],[77.5301,24.246],[77.5021,24.2531],[77.5003,24.2633],[77.4976,24.2661],[77.4954,24.265],[77.496,24.262],[77.4823,24.2521],[77.4721,24.2534],[77.4717,24.251],[77.463,24.2508],[77.465,24.2498],[77.4632,24.2458],[77.4575,24.2446],[77.454,24.2391],[77.4439,24.2371],[77.4335,24.2408],[77.4283,24.2483],[77.4113,24.2603],[77.4108,24.2639],[77.4004,24.2719],[77.3987,24.2846],[77.4055,24.2935],[77.4047,24.2968],[77.4075,24.3004],[77.3945,24.3034],[77.394,24.3062],[77.3966,24.3081],[77.3945,24.3084],[77.3949,24.3119],[77.3977,24.3112],[77.3961,24.3157],[77.4015,24.3181],[77.408,24.3295],[77.4022,24.3309],[77.3974,24.3386],[77.3758,24.3415],[77.3723,24.3442],[77.3723,24.3482],[77.3654,24.3489]]]},"properties":{"dtname":"Vidisha","stname":"MADHYA PRADESH","stcode11":"23","dtcode11":"443","year_stat":"2011_c","Shape_Length":753938.4540857031,"Shape_Area":8774035045.078768,"OBJECTID":409,"test":1,"Dist_LGD":437,"State_LGD":23}},{"type":"Feature","id":411,"geometry":{"type":"Polygon","coordinates":[[[76.6956,24.2824],[76.6954,24.2843],[76.6933,24.2838],[76.6665,24.2624],[76.6452,24.2664],[76.6434,24.2693],[76.6381,24.2661],[76.6336,24.2577],[76.629,24.2603],[76.6164,24.2578],[76.6112,24.2383],[76.5957,24.2441],[76.5848,24.2437],[76.5835,24.2427],[76.5875,24.2355],[76.595,24.2275],[76.595,24.2228],[76.5897,24.217],[76.5834,24.2162],[76.5817,24.2115],[76.5704,24.2092],[76.5664,24.2033],[76.5641,24.1912],[76.5744,24.1868],[76.5768,24.1778],[76.5713,24.1746],[76.5699,24.178],[76.5506,24.163],[76.5276,24.157],[76.5227,24.1574],[76.5135,24.1655],[76.5087,24.1942],[76.5048,24.2031],[76.5001,24.206],[76.4806,24.2079],[76.4705,24.2259],[76.4629,24.2233],[76.4521,24.2091],[76.4304,24.2213],[76.4164,24.2207],[76.4164,24.211],[76.4208,24.2085],[76.4126,24.2003],[76.4083,24.2032],[76.4019,24.2155],[76.3819,24.2212],[76.3584,24.2356],[76.3576,24.2397],[76.3218,24.2454],[76.311,24.2377],[76.2873,24.2299],[76.2856,24.2096],[76.2812,24.2068],[76.2756,24.2108],[76.2673,24.2104],[76.2421,24.2187],[76.2228,24.2155],[76.2125,24.2098],[76.2116,24.1991],[76.2165,24.1783],[76.215,24.1503],[76.2199,24.145],[76.2301,24.1477],[76.2329,24.1465],[76.2379,24.1347],[76.233,24.1228],[76.2227,24.1154],[76.2182,24.1035],[76.2275,24.0867],[76.2119,24.0856],[76.2089,24.0915],[76.1919,24.0907],[76.1902,24.0873],[76.1902,24.0744],[76.1993,24.0593],[76.2037,24.038],[76.2246,24.0405],[76.2268,24.0444],[76.2427,24.044],[76.2544,24.0401],[76.2585,24.0329],[76.2568,24.0179],[76.2603,24.0004],[76.2556,23.9811],[76.2928,23.9654],[76.2998,23.9649],[76.3032,23.9609],[76.3023,23.9462],[76.3089,23.9389],[76.3144,23.9231],[76.3119,23.9186],[76.2997,23.9114],[76.2971,23.9061],[76.2985,23.8977],[76.3265,23.8879],[76.3285,23.8642],[76.349,23.8576],[76.3564,23.8491],[76.3542,23.831],[76.3567,23.8189],[76.3645,23.8132],[76.3772,23.8137],[76.3817,23.8101],[76.3824,23.8025],[76.3771,23.794],[76.3743,23.776],[76.3803,23.7676],[76.3961,23.7664],[76.3988,23.7582],[76.3967,23.7514],[76.4019,23.7372],[76.4005,23.7293],[76.412,23.7197],[76.411,23.7139],[76.4052,23.7049],[76.4057,23.6914],[76.4017,23.6848],[76.4018,23.6766],[76.4062,23.6709],[76.4291,23.6543],[76.4373,23.6397],[76.4363,23.6266],[76.4519,23.6219],[76.4613,23.601],[76.4631,23.5925],[76.4598,23.5918],[76.4537,23.5983],[76.4527,23.6045],[76.4384,23.6056],[76.4372,23.5982],[76.4413,23.5953],[76.4401,23.5845],[76.446,23.5823],[76.4413,23.5664],[76.4379,23.5684],[76.4349,23.5653],[76.4371,23.5563],[76.4363,23.5455],[76.4542,23.5442],[76.4595,23.5353],[76.468,23.5333],[76.4704,23.5274],[76.4813,23.5222],[76.4834,23.5121],[76.489,23.5117],[76.4993,23.5155],[76.5068,23.5116],[76.502,23.5243],[76.4965,23.5314],[76.4923,23.5313],[76.4869,23.5417],[76.4914,23.5376],[76.4963,23.5391],[76.5002,23.5328],[76.5119,23.5304],[76.5132,23.5487],[76.5091,23.5509],[76.5069,23.556],[76.5025,23.5568],[76.5026,23.5667],[76.5144,23.5694],[76.5264,23.5758],[76.5344,23.5695],[76.5352,23.566],[76.5483,23.5634],[76.5577,23.5648],[76.5744,23.5531],[76.5755,23.5494],[76.5864,23.5479],[76.6001,23.5636],[76.6189,23.5557],[76.6244,23.549],[76.6314,23.5456],[76.6313,23.5418],[76.6519,23.5406],[76.6622,23.532],[76.6606,23.5149],[76.6539,23.5007],[76.6663,23.5009],[76.6858,23.4972],[76.6872,23.491],[76.6934,23.4859],[76.7003,23.4893],[76.76,23.4965],[76.7624,23.4863],[76.7682,23.484],[76.7675,23.4823],[76.7742,23.4783],[76.7769,23.4726],[76.7857,23.4713],[76.7802,23.4655],[76.7933,23.457],[76.8017,23.4581],[76.8026,23.4663],[76.8149,23.468],[76.8093,23.4824],[76.8183,23.487],[76.8294,23.489],[76.8427,23.4881],[76.843,23.4982],[76.8503,23.4952],[76.8761,23.4976],[76.8771,23.5131],[76.8843,23.5135],[76.8885,23.5226],[76.9079,23.5182],[76.9157,23.5137],[76.9036,23.4947],[76.9211,23.4909],[76.9248,23.4874],[76.9258,23.476],[76.9339,23.4718],[76.9406,23.4811],[76.9427,23.4807],[76.9433,23.4876],[76.9518,23.4992],[76.9677,23.506],[76.9796,23.5003],[76.9841,23.4996],[76.9874,23.5018],[76.9995,23.4987],[77.0054,23.4948],[77.0084,23.4865],[77.0285,23.483],[77.0306,23.471],[77.0367,23.4631],[77.0382,23.4653],[77.0497,23.467],[77.0685,23.4807],[77.0804,23.4814],[77.0949,23.4902],[77.1004,23.4979],[77.1051,23.5193],[77.1139,23.5289],[77.1185,23.5378],[77.1273,23.5458],[77.1387,23.5477],[77.138,23.5633],[77.1348,23.5735],[77.1437,23.5881],[77.1406,23.596],[77.1303,23.6018],[77.1263,23.6129],[77.1276,23.6208],[77.1376,23.64],[77.1568,23.6621],[77.1603,23.6717],[77.1697,23.6767],[77.166,23.6841],[77.1767,23.6932],[77.1863,23.7176],[77.1913,23.7407],[77.2036,23.7588],[77.2062,23.7749],[77.2173,23.7857],[77.2177,23.791],[77.2143,23.7981],[77.2154,23.8036],[77.2238,23.813],[77.2238,23.8328],[77.214,23.8402],[77.2245,23.8478],[77.2212,23.8622],[77.2264,23.8928],[77.1895,23.8929],[77.1909,23.9029],[77.1884,23.9067],[77.1888,23.9172],[77.1856,23.931],[77.1814,23.9371],[77.1711,23.9389],[77.1655,23.9473],[77.1727,23.9583],[77.1747,23.984],[77.1814,23.9859],[77.1848,24.0016],[77.1764,24.0176],[77.1876,24.0294],[77.178,24.0485],[77.1833,24.0575],[77.1826,24.0792],[77.1587,24.0812],[77.1513,24.0876],[77.1379,24.0866],[77.1342,24.0876],[77.1345,24.0932],[77.1322,24.0936],[77.1267,24.0874],[77.0972,24.0862],[77.0771,24.0784],[77.0588,24.0805],[77.0493,24.0778],[77.0448,24.082],[77.0393,24.0807],[77.0255,24.0831],[77.0086,24.0615],[76.9894,24.0477],[76.9817,24.0492],[76.9811,24.0449],[76.9789,24.0463],[76.9714,24.0447],[76.9632,24.0623],[76.9419,24.0759],[76.9319,24.0889],[76.9174,24.102],[76.907,24.1063],[76.8883,24.1073],[76.8867,24.1148],[76.8779,24.1228],[76.8794,24.1356],[76.8546,24.1357],[76.8545,24.1338],[76.8366,24.1268],[76.8334,24.1222],[76.8122,24.1229],[76.802,24.1165],[76.7907,24.1238],[76.7884,24.1323],[76.7804,24.141],[76.7782,24.1473],[76.7743,24.1497],[76.7698,24.1609],[76.76,24.1603],[76.7609,24.165],[76.7564,24.1691],[76.7262,24.1685],[76.726,24.1613],[76.7193,24.1589],[76.6989,24.1684],[76.6985,24.1719],[76.6865,24.1858],[76.676,24.1909],[76.6779,24.2041],[76.6901,24.23],[76.7022,24.2414],[76.7024,24.2477],[76.6974,24.2598],[76.6956,24.2824]]]},"properties":{"dtname":"Rajgarh","stname":"MADHYA PRADESH","stcode11":"23","dtcode11":"442","year_stat":"2011_c","Shape_Length":515465.504114418,"Shape_Area":7408588381.434136,"OBJECTID":411,"test":1,"Dist_LGD":422,"State_LGD":23}},{"type":"Feature","id":412,"geometry":{"type":"Polygon","coordinates":[[[81.4559,24.2821],[81.4517,24.2747],[81.4576,24.2672],[81.4458,24.2593],[81.4284,24.2591],[81.3986,24.2646],[81.3854,24.2608],[81.3827,24.2559],[81.3823,24.2431],[81.375,24.2181],[81.3629,24.1971],[81.3576,24.1927],[81.3435,24.1869],[81.3217,24.1899],[81.2911,24.189],[81.2838,24.1916],[81.2495,24.1629],[81.2275,24.1557],[81.223,24.1494],[81.2248,24.1282],[81.2029,24.1098],[81.1855,24.1109],[81.171,24.1273],[81.1576,24.1351],[81.1519,24.1366],[81.1309,24.135],[81.112,24.1302],[81.0594,24.1081],[81.0107,24.0915],[81.0002,24.0812],[80.9987,24.0767],[81.0013,24.0676],[81.0185,24.0519],[81.0277,24.0338],[81.0582,24.0031],[81.0618,23.9919],[81.063,23.9761],[81.0697,23.9657],[81.0772,23.9627],[81.0918,23.9664],[81.1064,23.965],[81.1208,23.9711],[81.1287,23.9707],[81.1305,23.9648],[81.1273,23.943],[81.1337,23.9322],[81.1444,23.9224],[81.1619,23.9265],[81.1763,23.9151],[81.1771,23.9113],[81.1741,23.905],[81.1608,23.8987],[81.1685,23.8822],[81.1814,23.8781],[81.1999,23.8848],[81.2044,23.8841],[81.215,23.8737],[81.2228,23.8549],[81.2309,23.8521],[81.2433,23.8564],[81.2577,23.8542],[81.2629,23.8514],[81.2683,23.8419],[81.2681,23.8356],[81.2637,23.8315],[81.2462,23.8287],[81.2313,23.8222],[81.2127,23.8228],[81.1882,23.8197],[81.1834,23.8152],[81.179,23.7972],[81.1812,23.7919],[81.2048,23.7682],[81.2134,23.7448],[81.2387,23.7366],[81.2479,23.7229],[81.2445,23.7113],[81.2454,23.696],[81.2388,23.6926],[81.2271,23.679],[81.241,23.6612],[81.238,23.6321],[81.2418,23.6215],[81.2491,23.6111],[81.2491,23.5813],[81.2582,23.5735],[81.2711,23.5705],[81.2808,23.5718],[81.288,23.5691],[81.298,23.5593],[81.2983,23.5556],[81.2933,23.5503],[81.2919,23.5441],[81.2974,23.5314],[81.2915,23.5158],[81.2926,23.4941],[81.2967,23.4724],[81.3043,23.4523],[81.3012,23.4479],[81.3084,23.44],[81.308,23.4345],[81.3147,23.4306],[81.3131,23.4271],[81.3089,23.4276],[81.3079,23.4231],[81.3219,23.4132],[81.3338,23.4121],[81.337,23.4091],[81.337,23.4069],[81.3276,23.4004],[81.3308,23.3973],[81.3352,23.397],[81.3406,23.3835],[81.3321,23.373],[81.3321,23.3703],[81.3437,23.3574],[81.3494,23.358],[81.353,23.3544],[81.3447,23.3405],[81.3469,23.327],[81.3399,23.3233],[81.3389,23.3191],[81.3423,23.3127],[81.3403,23.3052],[81.3346,23.3036],[81.3347,23.2989],[81.3242,23.2925],[81.3231,23.2833],[81.328,23.2803],[81.3221,23.2725],[81.3232,23.2619],[81.3185,23.2577],[81.319,23.2514],[81.3171,23.2499],[81.3029,23.2537],[81.2958,23.2476],[81.3006,23.237],[81.2945,23.2303],[81.2873,23.2306],[81.2842,23.2202],[81.2657,23.2209],[81.2555,23.2147],[81.2522,23.2115],[81.253,23.209],[81.2567,23.2032],[81.2651,23.1968],[81.2669,23.1865],[81.2746,23.1831],[81.2758,23.1851],[81.2841,23.1842],[81.294,23.1785],[81.2993,23.1781],[81.2959,23.171],[81.2993,23.1624],[81.308,23.1573],[81.3025,23.1549],[81.3049,23.1499],[81.3229,23.1525],[81.3283,23.1477],[81.3289,23.1413],[81.3244,23.1386],[81.3228,23.1342],[81.3251,23.128],[81.3174,23.1193],[81.3148,23.1097],[81.3189,23.1035],[81.3742,23.0869],[81.3774,23.0728],[81.3883,23.0635],[81.3954,23.0611],[81.4064,23.0635],[81.4379,23.0572],[81.4531,23.0615],[81.4595,23.0658],[81.4985,23.0699],[81.5171,23.0821],[81.5368,23.0771],[81.5432,23.0677],[81.5569,23.058],[81.5512,23.0581],[81.5396,23.063],[81.5392,23.0557],[81.5288,23.0538],[81.5264,23.0505],[81.5367,23.0448],[81.5491,23.0427],[81.5478,23.0395],[81.5507,23.0357],[81.5459,23.032],[81.5458,23.0289],[81.5584,23.0244],[81.5702,23.028],[81.5711,23.0314],[81.5808,23.0365],[81.5898,23.0367],[81.593,23.0406],[81.6039,23.0349],[81.6057,23.042],[81.6069,23.0476],[81.5969,23.0509],[81.5899,23.0596],[81.5922,23.0663],[81.5875,23.0772],[81.5652,23.0949],[81.5575,23.0952],[81.5518,23.0998],[81.5465,23.1003],[81.5468,23.1067],[81.5372,23.113],[81.5436,23.1251],[81.5547,23.1233],[81.5611,23.1312],[81.5657,23.1325],[81.563,23.1333],[81.5648,23.1345],[81.5621,23.1405],[81.5635,23.1429],[81.5687,23.1443],[81.5748,23.1351],[81.5789,23.1408],[81.5774,23.1473],[81.5806,23.1501],[81.5818,23.1587],[81.5801,23.1662],[81.582,23.1705],[81.5894,23.1706],[81.5931,23.1754],[81.5931,23.197],[81.5997,23.209],[81.6011,23.2243],[81.633,23.2304],[81.6339,23.2247],[81.6155,23.2092],[81.6127,23.1986],[81.6197,23.1944],[81.6358,23.2],[81.6496,23.1941],[81.6606,23.1975],[81.6681,23.2086],[81.6821,23.2087],[81.6933,23.2052],[81.6966,23.2087],[81.7041,23.2046],[81.7091,23.2074],[81.711,23.2044],[81.7191,23.2021],[81.7262,23.2083],[81.7397,23.2106],[81.7415,23.2151],[81.7504,23.2122],[81.7568,23.2145],[81.768,23.2326],[81.7642,23.237],[81.7647,23.2404],[81.7702,23.2437],[81.7705,23.2473],[81.7786,23.2484],[81.787,23.2564],[81.8343,23.2547],[81.847,23.2587],[81.8583,23.246],[81.8795,23.2462],[81.8732,23.2533],[81.8791,23.2588],[81.8753,23.261],[81.8751,23.2652],[81.8702,23.2673],[81.8695,23.2724],[81.8521,23.276],[81.8503,23.2727],[81.8411,23.2792],[81.8436,23.2892],[81.8401,23.2961],[81.8315,23.3011],[81.8288,23.2977],[81.8248,23.2971],[81.8239,23.2943],[81.8207,23.2982],[81.8159,23.2924],[81.8125,23.2942],[81.8129,23.299],[81.8062,23.3199],[81.8147,23.3161],[81.8191,23.3156],[81.8218,23.3187],[81.864,23.3128],[81.8715,23.299],[81.8769,23.2967],[81.8793,23.2994],[81.8958,23.297],[81.9136,23.3007],[81.9147,23.3235],[81.9204,23.3389],[81.9359,23.3418],[81.933,23.3574],[81.9348,23.362],[81.9324,23.366],[81.937,23.3776],[81.9422,23.3814],[81.9717,23.3738],[81.9823,23.3877],[81.9832,23.3947],[81.976,23.3989],[81.9858,23.4143],[81.9825,23.4202],[81.9767,23.4238],[81.9839,23.4293],[81.9817,23.431],[81.9838,23.4346],[81.9778,23.442],[81.9804,23.4471],[81.976,23.4487],[81.9769,23.4518],[81.9703,23.4556],[81.9647,23.4657],[81.955,23.4672],[81.9577,23.5004],[81.9478,23.5011],[81.9423,23.5057],[81.9378,23.5163],[81.9233,23.5327],[81.9079,23.5354],[81.9044,23.5296],[81.8756,23.5127],[81.8691,23.513],[81.8637,23.5176],[81.8502,23.5136],[81.844,23.5144],[81.8364,23.5109],[81.8207,23.5153],[81.8176,23.5221],[81.8196,23.5297],[81.817,23.5409],[81.8092,23.5493],[81.7582,23.5499],[81.7548,23.5656],[81.7471,23.5698],[81.7424,23.5662],[81.7363,23.5665],[81.728,23.5565],[81.7252,23.5569],[81.7243,23.5503],[81.7215,23.5472],[81.7225,23.5433],[81.7154,23.5408],[81.7145,23.536],[81.702,23.528],[81.6996,23.522],[81.6903,23.5284],[81.6681,23.533],[81.6589,23.529],[81.6623,23.514],[81.6543,23.5016],[81.6546,23.498],[81.6519,23.4991],[81.6495,23.4964],[81.6442,23.4819],[81.6394,23.4784],[81.627,23.4821],[81.6229,23.49],[81.6217,23.5006],[81.6114,23.5126],[81.612,23.517],[81.6152,23.5189],[81.6136,23.5271],[81.6163,23.5308],[81.6132,23.5335],[81.6141,23.5457],[81.6103,23.5551],[81.584,23.5536],[81.5767,23.5854],[81.585,23.5946],[81.5897,23.5961],[81.5968,23.5924],[81.6083,23.5966],[81.612,23.5953],[81.6065,23.6139],[81.6142,23.6225],[81.6203,23.6515],[81.6193,23.6584],[81.6146,23.6629],[81.6445,23.6572],[81.6552,23.6632],[81.6555,23.682],[81.6841,23.691],[81.685,23.7002],[81.6959,23.7214],[81.6895,23.7238],[81.686,23.7331],[81.6785,23.7394],[81.6792,23.7424],[81.6867,23.7475],[81.6818,23.7533],[81.6446,23.7702],[81.6444,23.7749],[81.6495,23.7834],[81.6514,23.7991],[81.6466,23.8115],[81.6413,23.8148],[81.6416,23.8206],[81.6358,23.8345],[81.6324,23.836],[81.6159,23.8335],[81.6113,23.837],[81.6122,23.8432],[81.604,23.8521],[81.6039,23.8598],[81.6065,23.8623],[81.6158,23.8626],[81.622,23.8711],[81.6046,23.8813],[81.6016,23.8886],[81.5908,23.8923],[81.5868,23.8982],[81.5686,23.9121],[81.5617,23.914],[81.5517,23.9087],[81.5432,23.913],[81.5389,23.9417],[81.5444,23.9513],[81.5552,23.9531],[81.5568,23.9576],[81.5533,23.9638],[81.5458,23.9681],[81.5419,23.978],[81.5383,23.9814],[81.5312,23.9827],[81.5177,23.9789],[81.5077,23.9817],[81.5025,23.9977],[81.5067,24.0093],[81.5142,24.0163],[81.5137,24.0201],[81.5097,24.0242],[81.4881,24.031],[81.4819,24.0354],[81.4845,24.0407],[81.4965,24.0413],[81.5076,24.0388],[81.5155,24.0412],[81.5271,24.0504],[81.5353,24.0667],[81.5413,24.0687],[81.5533,24.0677],[81.5589,24.0734],[81.554,24.0802],[81.5438,24.0848],[81.5352,24.0841],[81.5218,24.0756],[81.5097,24.0817],[81.5071,24.0914],[81.5092,24.1136],[81.4976,24.1248],[81.4963,24.1347],[81.4853,24.146],[81.4863,24.1518],[81.4991,24.1549],[81.4998,24.1634],[81.497,24.1661],[81.4785,24.1657],[81.4698,24.1744],[81.4713,24.1875],[81.4806,24.1925],[81.4835,24.1978],[81.4812,24.2056],[81.4826,24.2167],[81.4794,24.2211],[81.4821,24.2315],[81.48,24.242],[81.4705,24.2566],[81.4674,24.2688],[81.4624,24.2769],[81.4559,24.2821]]]},"properties":{"dtname":"Shahdol","stname":"MADHYA PRADESH","stcode11":"23","dtcode11":"460","year_stat":"2011_c","Shape_Length":675718.5343447936,"Shape_Area":6797766766.431152,"OBJECTID":412,"test":0,"Dist_LGD":429,"State_LGD":23}},{"type":"Feature","id":416,"geometry":{"type":"Polygon","coordinates":[[[80.7375,24.1314],[80.7162,24.1278],[80.7119,24.1236],[80.7103,24.1256],[80.7054,24.1173],[80.6734,24.1049],[80.6801,24.0917],[80.683,24.0737],[80.6714,24.0748],[80.6674,24.0833],[80.6606,24.0863],[80.6572,24.0916],[80.651,24.0856],[80.6474,24.0852],[80.6454,24.0899],[80.6366,24.085],[80.6405,24.0768],[80.6388,24.0717],[80.6494,24.0534],[80.6484,24.044],[80.6447,24.043],[80.642,24.0599],[80.6265,24.0755],[80.6117,24.0687],[80.6079,24.0634],[80.5994,24.0644],[80.5952,24.0579],[80.5794,24.0478],[80.5655,24.0455],[80.5436,24.0312],[80.5454,24.0387],[80.5439,24.0452],[80.5546,24.049],[80.5523,24.0531],[80.5432,24.059],[80.5391,24.0703],[80.5373,24.0706],[80.5325,24.0638],[80.5258,24.0625],[80.5241,24.057],[80.5197,24.0567],[80.5195,24.053],[80.5154,24.0492],[80.5186,24.0402],[80.5317,24.0283],[80.5263,24.0215],[80.5131,24.0124],[80.4686,23.9911],[80.4234,23.9797],[80.4229,23.9849],[80.4185,23.9847],[80.4098,23.9759],[80.4043,23.9728],[80.3999,23.9733],[80.3902,23.9673],[80.3794,23.9687],[80.3705,23.9745],[80.3643,23.9733],[80.3598,23.9688],[80.3589,23.9708],[80.3547,23.9695],[80.3565,23.9682],[80.3549,23.9627],[80.3585,23.9579],[80.3615,23.9587],[80.3618,23.9523],[80.3647,23.9523],[80.3621,23.9471],[80.3643,23.946],[80.3468,23.932],[80.3358,23.9323],[80.329,23.9289],[80.3313,23.9205],[80.3406,23.9099],[80.3394,23.9083],[80.3343,23.91],[80.3341,23.9079],[80.3279,23.9088],[80.326,23.9067],[80.3248,23.9092],[80.3209,23.9085],[80.3193,23.9105],[80.3161,23.9078],[80.3105,23.9107],[80.3068,23.9095],[80.2981,23.9242],[80.2815,23.9219],[80.2724,23.9289],[80.2684,23.9399],[80.2497,23.9372],[80.2452,23.9418],[80.2335,23.9474],[80.232,23.9461],[80.2314,23.9508],[80.2279,23.9507],[80.2265,23.954],[80.2211,23.9546],[80.2158,23.959],[80.2145,23.9646],[80.2172,23.9733],[80.2216,23.9786],[80.221,23.9748],[80.2259,23.9718],[80.228,23.961],[80.2291,23.9587],[80.231,23.9594],[80.2405,23.9717],[80.2358,23.9736],[80.2327,23.9821],[80.2283,23.9843],[80.2242,23.9798],[80.2171,23.9821],[80.2164,23.9888],[80.2062,23.9911],[80.1889,24.0025],[80.181,24.0051],[80.1742,24.003],[80.1728,23.9961],[80.1705,23.9957],[80.1748,23.9913],[80.1718,23.9874],[80.1732,23.9834],[80.1693,23.982],[80.1709,23.9791],[80.168,23.9668],[80.1644,23.9637],[80.166,23.9618],[80.1648,23.9578],[80.1575,23.9521],[80.1552,23.9402],[80.1467,23.9375],[80.137,23.9437],[80.1348,23.9487],[80.1191,23.9504],[80.1189,23.9674],[80.1135,23.9689],[80.1044,23.9804],[80.0975,23.9831],[80.0894,23.981],[80.0844,23.974],[80.0755,23.9799],[80.066,23.9823],[80.0629,23.9861],[80.063,23.9904],[80.0531,23.9916],[80.046,23.985],[80.0427,23.9854],[80.04,23.9791],[80.0337,23.9805],[80.016,23.9769],[80.0146,23.9745],[80.0183,23.9691],[80.0184,23.9627],[80.0157,23.9562],[80.0101,23.9566],[80.0079,23.949],[79.9992,23.9357],[79.9985,23.929],[79.992,23.93],[79.9945,23.9157],[79.9875,23.9047],[79.9865,23.8945],[79.9827,23.8951],[79.9785,23.8843],[79.967,23.8768],[79.9663,23.8747],[79.9705,23.873],[79.9671,23.8669],[79.9701,23.8657],[79.9619,23.8622],[79.9648,23.8582],[79.9516,23.8501],[79.9541,23.8448],[79.9564,23.8448],[79.9585,23.8378],[79.9498,23.8332],[79.9465,23.8235],[79.9434,23.8246],[79.9398,23.8309],[79.9342,23.8269],[79.9273,23.83],[79.9161,23.828],[79.9102,23.8226],[79.9018,23.8212],[79.8729,23.8297],[79.8634,23.829],[79.8688,23.8193],[79.8597,23.8077],[79.8536,23.8083],[79.8582,23.8036],[79.857,23.7955],[79.8496,23.791],[79.8415,23.7894],[79.845,23.7846],[79.832,23.7775],[79.8271,23.7662],[79.832,23.7575],[79.8192,23.7418],[79.8152,23.74],[79.8208,23.7345],[79.8193,23.7329],[79.8215,23.7313],[79.8199,23.7301],[79.8221,23.7291],[79.8203,23.7282],[79.8229,23.721],[79.8267,23.7189],[79.8362,23.7233],[79.8367,23.7174],[79.8325,23.7162],[79.827,23.7083],[79.8275,23.6954],[79.8395,23.6945],[79.8667,23.7005],[79.867,23.691],[79.8735,23.691],[79.8893,23.6827],[79.9058,23.6823],[79.9088,23.6829],[79.9085,23.6864],[79.9127,23.6867],[79.92,23.6816],[79.9309,23.6796],[79.936,23.682],[79.9404,23.6765],[79.9403,23.6719],[79.9505,23.6679],[79.9556,23.6577],[79.9435,23.6453],[79.9441,23.6361],[79.9515,23.6222],[79.9403,23.624],[79.9309,23.6102],[79.9274,23.6089],[79.9292,23.6055],[79.9271,23.5987],[79.9297,23.5953],[79.9433,23.6046],[79.9682,23.6158],[79.9739,23.6065],[79.9711,23.6036],[79.975,23.597],[79.9758,23.5879],[79.9661,23.5852],[79.9697,23.5735],[79.9936,23.5834],[79.9978,23.5708],[80.0102,23.5703],[80.0123,23.5733],[80.0318,23.5714],[80.0366,23.5737],[80.0423,23.5731],[80.044,23.57],[80.0425,23.5681],[80.0467,23.568],[80.0494,23.5722],[80.0525,23.572],[80.0546,23.5747],[80.059,23.5735],[80.0664,23.5766],[80.072,23.5702],[80.0738,23.5734],[80.0859,23.5775],[80.0862,23.582],[80.0908,23.5868],[80.091,23.5934],[80.1138,23.5896],[80.1157,23.5888],[80.1141,23.5859],[80.1186,23.5847],[80.1399,23.5902],[80.1424,23.5853],[80.139,23.5786],[80.1396,23.5724],[80.1491,23.58],[80.1584,23.582],[80.1636,23.5802],[80.1658,23.5749],[80.1707,23.5715],[80.1732,23.5637],[80.1797,23.5674],[80.1794,23.5702],[80.186,23.5783],[80.1915,23.5794],[80.1932,23.5877],[80.1971,23.5897],[80.2064,23.5831],[80.2091,23.5756],[80.2361,23.5745],[80.2383,23.5684],[80.2331,23.5573],[80.2201,23.56],[80.2199,23.5556],[80.2253,23.5549],[80.2258,23.5522],[80.2377,23.5514],[80.2374,23.5472],[80.2341,23.547],[80.2335,23.5426],[80.2261,23.5397],[80.2274,23.5308],[80.2202,23.5296],[80.219,23.5233],[80.2109,23.5234],[80.2121,23.534],[80.2058,23.5376],[80.194,23.5356],[80.2002,23.5161],[80.1916,23.5118],[80.19,23.5078],[80.2001,23.4941],[80.2001,23.4865],[80.2052,23.4861],[80.2097,23.4904],[80.2159,23.4888],[80.2287,23.4903],[80.2311,23.4885],[80.2285,23.4864],[80.2357,23.4864],[80.2373,23.4837],[80.2472,23.4864],[80.2683,23.4805],[80.2666,23.4561],[80.2579,23.4572],[80.2548,23.4503],[80.2584,23.4489],[80.26,23.4449],[80.2638,23.4478],[80.2653,23.4398],[80.2687,23.4377],[80.2711,23.439],[80.2733,23.4365],[80.2876,23.4339],[80.2906,23.4442],[80.2922,23.4455],[80.2965,23.4411],[80.2988,23.4224],[80.3038,23.4175],[80.3102,23.4175],[80.3114,23.4137],[80.3147,23.4136],[80.3174,23.4099],[80.3026,23.3862],[80.2918,23.3841],[80.2964,23.3536],[80.3014,23.3532],[80.2974,23.3436],[80.2989,23.3404],[80.2967,23.3388],[80.3018,23.3377],[80.3008,23.3346],[80.3055,23.3268],[80.3211,23.3194],[80.3227,23.3155],[80.3281,23.3146],[80.3296,23.3104],[80.3265,23.3055],[80.342,23.3035],[80.3551,23.3072],[80.3671,23.3053],[80.3659,23.3089],[80.3696,23.3118],[80.3642,23.3289],[80.3761,23.3311],[80.379,23.3369],[80.3908,23.3385],[80.39,23.3483],[80.3947,23.3514],[80.4028,23.3494],[80.4062,23.3418],[80.4101,23.341],[80.4219,23.3472],[80.4323,23.3451],[80.4359,23.3481],[80.4408,23.3436],[80.4584,23.3441],[80.463,23.3472],[80.4638,23.3645],[80.4676,23.37],[80.4781,23.3712],[80.4821,23.374],[80.4832,23.3801],[80.4809,23.3838],[80.4847,23.3926],[80.5032,23.3869],[80.5097,23.3806],[80.5234,23.3787],[80.5439,23.3937],[80.5411,23.3984],[80.5295,23.4037],[80.5286,23.4111],[80.5385,23.4287],[80.5386,23.4353],[80.547,23.4382],[80.5545,23.435],[80.5585,23.4371],[80.563,23.4497],[80.5616,23.4598],[80.5664,23.4669],[80.5512,23.4826],[80.5474,23.4903],[80.5418,23.4937],[80.5509,23.502],[80.5466,23.514],[80.5498,23.5249],[80.5559,23.5303],[80.5485,23.5449],[80.5603,23.5514],[80.5592,23.5589],[80.5615,23.567],[80.5814,23.5769],[80.5982,23.5752],[80.6004,23.5783],[80.5986,23.5843],[80.6024,23.5898],[80.6075,23.5924],[80.6117,23.5871],[80.6181,23.5886],[80.6241,23.5933],[80.6263,23.6052],[80.6242,23.6133],[80.6311,23.6202],[80.6551,23.6351],[80.6512,23.6414],[80.6439,23.6445],[80.644,23.6493],[80.6464,23.6526],[80.663,23.6574],[80.6764,23.6723],[80.6784,23.6775],[80.6708,23.6869],[80.6721,23.6935],[80.6859,23.7116],[80.6857,23.7207],[80.6923,23.7357],[80.7106,23.7355],[80.7127,23.7597],[80.7156,23.7629],[80.7233,23.7559],[80.7343,23.726],[80.7438,23.7263],[80.7532,23.7169],[80.7597,23.7154],[80.7635,23.7059],[80.7635,23.6909],[80.768,23.6861],[80.7668,23.6782],[80.7712,23.6722],[80.7853,23.6719],[80.808,23.6821],[80.8196,23.6782],[80.8228,23.6702],[80.8278,23.6716],[80.839,23.6697],[80.8458,23.6731],[80.8572,23.6708],[80.8848,23.6796],[80.8947,23.6798],[80.8967,23.6748],[80.9052,23.6778],[80.9084,23.7049],[80.8993,23.7159],[80.9034,23.7177],[80.9048,23.7248],[80.901,23.7295],[80.9016,23.7379],[80.8953,23.7506],[80.8959,23.7577],[80.8921,23.7686],[80.9159,23.7694],[80.917,23.7773],[80.9146,23.7802],[80.9177,23.79],[80.9068,23.7981],[80.911,23.8012],[80.9099,23.8062],[80.9064,23.8084],[80.9097,23.8139],[80.9093,23.8197],[80.9064,23.8249],[80.899,23.8286],[80.8989,23.8339],[80.8935,23.8403],[80.894,23.8484],[80.9005,23.8615],[80.8913,23.8641],[80.8878,23.8687],[80.8852,23.8671],[80.8839,23.8695],[80.8865,23.8712],[80.8838,23.8726],[80.8735,23.8727],[80.8627,23.8766],[80.8728,23.8925],[80.8822,23.8973],[80.8761,23.906],[80.8584,23.904],[80.8452,23.9061],[80.8442,23.9232],[80.8476,23.9333],[80.8415,23.9424],[80.8413,23.9479],[80.8367,23.9499],[80.8431,23.9572],[80.8434,23.9621],[80.8455,23.9618],[80.8466,23.9662],[80.8517,23.967],[80.8596,23.9616],[80.8749,23.962],[80.8761,23.9683],[80.8813,23.9718],[80.8714,23.9756],[80.8756,23.9867],[80.8861,23.9922],[80.8876,23.999],[80.8943,24.0037],[80.8969,24.0132],[80.9046,24.0145],[80.9065,24.0176],[80.9082,24.0288],[80.9045,24.0419],[80.9252,24.0453],[80.9318,24.0492],[80.9305,24.0546],[80.9212,24.0542],[80.9217,24.0575],[80.9252,24.0595],[80.9442,24.0615],[80.9503,24.0645],[80.9299,24.0675],[80.9129,24.0651],[80.903,24.0706],[80.8931,24.063],[80.8865,24.0662],[80.8815,24.0763],[80.8696,24.0785],[80.863,24.0683],[80.8645,24.0584],[80.8591,24.0514],[80.855,24.051],[80.851,24.0464],[80.8487,24.0358],[80.8391,24.0309],[80.8364,24.0233],[80.8196,24.0283],[80.8,24.0175],[80.7968,24.0063],[80.8061,24.0062],[80.8116,23.9947],[80.8017,23.9883],[80.8016,23.9773],[80.8075,23.97],[80.7936,23.9701],[80.7644,23.9926],[80.7634,23.9952],[80.7696,24.0053],[80.7661,24.012],[80.7634,24.0119],[80.7616,24.0218],[80.7542,24.0258],[80.7743,24.0391],[80.7807,24.0357],[80.7885,24.0349],[80.8012,24.0369],[80.7953,24.0419],[80.7955,24.0472],[80.7902,24.0492],[80.7974,24.0534],[80.7991,24.0585],[80.803,24.0607],[80.7966,24.066],[80.7757,24.0689],[80.7648,24.0676],[80.7635,24.0639],[80.7569,24.0603],[80.7557,24.0666],[80.7518,24.0628],[80.7459,24.0638],[80.7428,24.0702],[80.7402,24.0682],[80.7323,24.0689],[80.7229,24.0776],[80.7251,24.072],[80.7237,24.0651],[80.7197,24.0681],[80.7124,24.0649],[80.7063,24.0705],[80.7043,24.0765],[80.6958,24.0839],[80.7042,24.0928],[80.7206,24.0911],[80.7391,24.1058],[80.7451,24.1169],[80.7375,24.1314]]]},"properties":{"dtname":"Katni","stname":"MADHYA PRADESH","stcode11":"23","dtcode11":"450","year_stat":"2011_c","Shape_Length":695129.2835145543,"Shape_Area":6080489417.955709,"OBJECTID":416,"test":0,"Dist_LGD":413,"State_LGD":23}},{"type":"Feature","id":419,"geometry":{"type":"Polygon","coordinates":[[[81.0027,24.0916],[80.9983,24.0912],[80.9737,24.0684],[80.9612,24.0645],[80.9503,24.0645],[80.9442,24.0615],[80.9302,24.0609],[80.9217,24.0575],[80.9212,24.0542],[80.9305,24.0546],[80.9325,24.0505],[80.9252,24.0453],[80.9045,24.0419],[80.9082,24.0288],[80.9065,24.0176],[80.9046,24.0145],[80.8969,24.0132],[80.8943,24.0037],[80.8876,23.999],[80.8861,23.9922],[80.8756,23.9867],[80.8714,23.9756],[80.8813,23.9718],[80.8761,23.9683],[80.8749,23.962],[80.8596,23.9616],[80.8517,23.967],[80.8466,23.9662],[80.8455,23.9618],[80.8434,23.9621],[80.8431,23.9572],[80.8367,23.9499],[80.8413,23.9479],[80.8415,23.9424],[80.8476,23.9333],[80.8442,23.9232],[80.8452,23.9061],[80.8584,23.904],[80.8761,23.906],[80.8822,23.8973],[80.8728,23.8925],[80.8627,23.8766],[80.8735,23.8727],[80.8838,23.8726],[80.8865,23.8712],[80.8839,23.8695],[80.8852,23.8671],[80.8878,23.8687],[80.8913,23.8641],[80.9005,23.8615],[80.894,23.8484],[80.8935,23.8403],[80.8989,23.8339],[80.899,23.8286],[80.9064,23.8249],[80.9093,23.8197],[80.9097,23.8139],[80.9064,23.8084],[80.9099,23.8062],[80.911,23.8012],[80.9068,23.7981],[80.9177,23.79],[80.9146,23.7802],[80.917,23.7773],[80.9159,23.7694],[80.8921,23.7686],[80.8959,23.7577],[80.8953,23.7506],[80.9016,23.7379],[80.901,23.7295],[80.9048,23.7248],[80.9034,23.7177],[80.8993,23.7159],[80.9084,23.7049],[80.9052,23.6778],[80.8967,23.6748],[80.8947,23.6798],[80.8848,23.6796],[80.8572,23.6708],[80.8458,23.6731],[80.839,23.6697],[80.8278,23.6716],[80.8228,23.6702],[80.8196,23.6782],[80.808,23.6821],[80.7853,23.6719],[80.7712,23.6722],[80.7668,23.6782],[80.768,23.6861],[80.7635,23.6909],[80.7635,23.7059],[80.7597,23.7154],[80.7532,23.7169],[80.7438,23.7263],[80.7343,23.726],[80.7233,23.7559],[80.7156,23.7629],[80.7138,23.7613],[80.7106,23.7355],[80.6935,23.7367],[80.69,23.7323],[80.6857,23.7207],[80.6859,23.7116],[80.6725,23.6943],[80.6708,23.6889],[80.6781,23.6784],[80.6778,23.6748],[80.663,23.6574],[80.6449,23.6509],[80.6435,23.6451],[80.6512,23.6414],[80.6552,23.6353],[80.6248,23.6144],[80.6236,23.6114],[80.6263,23.6052],[80.6241,23.5933],[80.6181,23.5886],[80.6117,23.5871],[80.6075,23.5924],[80.6024,23.5898],[80.5986,23.5843],[80.6004,23.5783],[80.5982,23.5752],[80.5814,23.5769],[80.5615,23.567],[80.5592,23.5589],[80.5603,23.5514],[80.5485,23.5449],[80.5559,23.5303],[80.5498,23.5249],[80.5466,23.514],[80.5509,23.502],[80.5418,23.4937],[80.5474,23.4903],[80.5512,23.4826],[80.5664,23.4669],[80.5616,23.4598],[80.563,23.4497],[80.5585,23.4371],[80.5545,23.435],[80.547,23.4382],[80.5386,23.4353],[80.5385,23.4287],[80.5284,23.4104],[80.5295,23.4037],[80.5426,23.3967],[80.5453,23.3862],[80.5555,23.3804],[80.553,23.3702],[80.5447,23.367],[80.5404,23.3627],[80.5424,23.3537],[80.5672,23.3547],[80.5781,23.3507],[80.5994,23.3489],[80.6246,23.3602],[80.6556,23.3655],[80.6774,23.3664],[80.6855,23.37],[80.6921,23.3699],[80.6994,23.3746],[80.7055,23.3731],[80.7053,23.3669],[80.7106,23.364],[80.7231,23.3624],[80.7291,23.3586],[80.7373,23.3504],[80.7356,23.3442],[80.7519,23.344],[80.7578,23.3415],[80.7618,23.3448],[80.7599,23.3357],[80.7567,23.3373],[80.75,23.3298],[80.7493,23.3214],[80.7542,23.3206],[80.7452,23.3178],[80.7414,23.3127],[80.7241,23.3049],[80.7235,23.2979],[80.7351,23.2951],[80.7326,23.2931],[80.7274,23.2974],[80.7223,23.2949],[80.719,23.2882],[80.7166,23.2884],[80.7166,23.2842],[80.7171,23.2782],[80.7224,23.2742],[80.7221,23.2675],[80.7254,23.2603],[80.7323,23.2623],[80.7428,23.2588],[80.7459,23.2484],[80.7401,23.2346],[80.747,23.2294],[80.7691,23.2215],[80.7755,23.2207],[80.7788,23.2272],[80.7873,23.2316],[80.7924,23.2506],[80.803,23.2528],[80.8118,23.2527],[80.8102,23.2482],[80.813,23.2479],[80.8133,23.2441],[80.8333,23.2406],[80.8312,23.2309],[80.8395,23.2317],[80.8408,23.2265],[80.8464,23.2261],[80.8558,23.2209],[80.8654,23.2228],[80.8646,23.233],[80.8857,23.2447],[80.8981,23.2473],[80.8996,23.2529],[80.9125,23.2585],[80.9157,23.2728],[80.9214,23.2834],[80.936,23.2902],[80.9421,23.2891],[80.9506,23.284],[80.9516,23.2794],[80.956,23.2793],[80.9579,23.2752],[80.9565,23.2666],[80.9642,23.2601],[80.9833,23.2494],[80.995,23.2488],[80.9911,23.2434],[80.9913,23.2374],[81.0009,23.2317],[81.0062,23.2255],[81.0179,23.222],[81.0304,23.2096],[81.0523,23.2085],[81.0638,23.2001],[81.0676,23.1945],[81.0723,23.1982],[81.078,23.1969],[81.091,23.2026],[81.1041,23.2021],[81.1161,23.2163],[81.1253,23.2169],[81.1277,23.2219],[81.1316,23.224],[81.1355,23.2334],[81.1366,23.2455],[81.1397,23.2506],[81.1371,23.2605],[81.1401,23.2674],[81.1353,23.3085],[81.1376,23.3234],[81.1579,23.3205],[81.1654,23.332],[81.1717,23.3301],[81.1791,23.3202],[81.1787,23.3152],[81.1663,23.3066],[81.1634,23.3],[81.1677,23.2984],[81.1667,23.2944],[81.177,23.2924],[81.1823,23.286],[81.1873,23.286],[81.189,23.2912],[81.1939,23.2914],[81.2047,23.2753],[81.2213,23.2645],[81.2322,23.2506],[81.2269,23.2388],[81.226,23.2252],[81.2282,23.2223],[81.2475,23.2164],[81.2526,23.2115],[81.2657,23.2209],[81.2842,23.2202],[81.2873,23.2306],[81.2945,23.2303],[81.3006,23.237],[81.2958,23.2476],[81.2982,23.2505],[81.3029,23.2537],[81.3171,23.2499],[81.3191,23.2515],[81.3185,23.2577],[81.3232,23.2619],[81.3221,23.2725],[81.328,23.2803],[81.3231,23.2833],[81.3242,23.2925],[81.3347,23.2989],[81.3346,23.3036],[81.3403,23.3052],[81.3423,23.3127],[81.3389,23.3191],[81.3399,23.3233],[81.3469,23.327],[81.3447,23.3405],[81.353,23.3544],[81.3494,23.358],[81.3437,23.3574],[81.3321,23.3703],[81.3321,23.373],[81.3406,23.3835],[81.3352,23.397],[81.3308,23.3973],[81.3276,23.4004],[81.337,23.4069],[81.337,23.4091],[81.3338,23.4121],[81.3219,23.4132],[81.3079,23.4231],[81.3089,23.4276],[81.3131,23.4271],[81.3147,23.4306],[81.308,23.4345],[81.3084,23.44],[81.3012,23.4479],[81.3043,23.4523],[81.2967,23.4724],[81.2926,23.4941],[81.2915,23.5158],[81.2974,23.5314],[81.2919,23.5441],[81.2933,23.5503],[81.2983,23.5556],[81.298,23.5593],[81.288,23.5691],[81.2808,23.5718],[81.2711,23.5705],[81.2582,23.5735],[81.2491,23.5813],[81.2491,23.6111],[81.2418,23.6215],[81.238,23.6321],[81.241,23.6612],[81.2271,23.679],[81.2388,23.6926],[81.2454,23.696],[81.2445,23.7113],[81.2479,23.7229],[81.2387,23.7366],[81.2134,23.7448],[81.2048,23.7682],[81.1812,23.7919],[81.179,23.7972],[81.1834,23.8152],[81.1882,23.8197],[81.2127,23.8228],[81.2313,23.8222],[81.2462,23.8287],[81.2637,23.8315],[81.2681,23.8356],[81.2683,23.8419],[81.2629,23.8514],[81.2577,23.8542],[81.2433,23.8564],[81.2309,23.8521],[81.2228,23.8549],[81.215,23.8737],[81.2044,23.8841],[81.1999,23.8848],[81.1814,23.8781],[81.1685,23.8822],[81.1608,23.8987],[81.1741,23.905],[81.1771,23.9113],[81.1763,23.9151],[81.1619,23.9265],[81.1444,23.9224],[81.1337,23.9322],[81.1273,23.943],[81.1305,23.9648],[81.1287,23.9707],[81.1208,23.9711],[81.1064,23.965],[81.0918,23.9664],[81.0772,23.9627],[81.0697,23.9657],[81.063,23.9761],[81.0618,23.9919],[81.0582,24.0031],[81.0277,24.0338],[81.0185,24.0519],[81.0013,24.0676],[80.9987,24.078],[81.0084,24.0904],[81.0027,24.0916]]]},"properties":{"dtname":"Umaria","stname":"MADHYA PRADESH","stcode11":"23","dtcode11":"431","year_stat":"2011_c","Shape_Length":520436.40321614855,"Shape_Area":5459952475.428068,"OBJECTID":419,"test":0,"Dist_LGD":436,"State_LGD":23}},{"type":"Feature","id":422,"geometry":{"type":"Polygon","coordinates":[[[75.4601,23.9191],[75.4533,23.908],[75.4425,23.9059],[75.4312,23.9085],[75.4139,23.8859],[75.3867,23.8766],[75.3751,23.8699],[75.3662,23.8586],[75.3568,23.836],[75.3501,23.8088],[75.3457,23.8036],[75.3411,23.802],[75.3321,23.8023],[75.3291,23.8053],[75.3297,23.8263],[75.3355,23.8326],[75.3346,23.8406],[75.3238,23.842],[75.3197,23.8476],[75.3053,23.8464],[75.3019,23.8474],[75.299,23.8524],[75.2925,23.8523],[75.2742,23.8428],[75.2767,23.834],[75.2702,23.8228],[75.2558,23.8228],[75.2565,23.8321],[75.2529,23.8437],[75.2456,23.8488],[75.242,23.8632],[75.2388,23.8641],[75.2283,23.863],[75.2263,23.8589],[75.217,23.858],[75.2105,23.8407],[75.2,23.8295],[75.1861,23.8293],[75.1712,23.8324],[75.1323,23.8309],[75.1288,23.8426],[75.1241,23.85],[75.1207,23.8505],[75.1155,23.829],[75.1014,23.8292],[75.1002,23.8238],[75.0932,23.8166],[75.085,23.818],[75.0784,23.8236],[75.0525,23.8259],[75.0478,23.8139],[75.0563,23.8056],[75.0581,23.7962],[75.0547,23.7907],[75.0395,23.7894],[75.0397,23.7829],[75.0268,23.7833],[75.0253,23.7911],[75.0212,23.7969],[75.0227,23.8069],[75.0191,23.8146],[75.0099,23.8152],[75.0088,23.8053],[74.9991,23.8039],[74.9958,23.7976],[74.9673,23.7988],[74.9656,23.7897],[74.9559,23.7683],[74.9484,23.7653],[74.9417,23.7655],[74.9342,23.758],[74.9243,23.7563],[74.9261,23.7517],[74.9301,23.75],[74.9299,23.7403],[74.9363,23.7296],[74.9288,23.7282],[74.9245,23.7185],[74.9202,23.7194],[74.9183,23.7061],[74.9216,23.6948],[74.9176,23.6907],[74.8997,23.6841],[74.9044,23.6801],[74.9039,23.6748],[74.9072,23.6746],[74.908,23.6712],[74.9218,23.6664],[74.9239,23.6512],[74.928,23.6422],[74.9361,23.6397],[74.9365,23.6286],[74.9273,23.6251],[74.9275,23.6219],[74.9243,23.62],[74.9149,23.6181],[74.9058,23.625],[74.9027,23.6247],[74.9018,23.6177],[74.8976,23.616],[74.8937,23.6093],[74.8822,23.6061],[74.8801,23.5953],[74.87,23.5918],[74.8734,23.577],[74.8713,23.5783],[74.8689,23.5745],[74.857,23.5741],[74.8534,23.5707],[74.8473,23.5521],[74.84,23.5499],[74.8293,23.5507],[74.8224,23.5409],[74.8181,23.5425],[74.8107,23.5411],[74.8029,23.5325],[74.7941,23.5509],[74.7729,23.544],[74.7673,23.5355],[74.767,23.5308],[74.7622,23.5259],[74.7617,23.5212],[74.7334,23.5217],[74.736,23.511],[74.7323,23.5059],[74.7319,23.5004],[74.7272,23.4954],[74.7217,23.4976],[74.7184,23.5038],[74.7009,23.5042],[74.6867,23.4947],[74.6803,23.4949],[74.6823,23.488],[74.6787,23.4834],[74.6659,23.4828],[74.6666,23.4785],[74.66,23.4684],[74.6519,23.4624],[74.6388,23.4638],[74.6331,23.4698],[74.6323,23.4616],[74.6162,23.4599],[74.613,23.4622],[74.6041,23.4575],[74.6098,23.4541],[74.6101,23.4518],[74.5991,23.4367],[74.5992,23.4288],[74.5942,23.424],[74.5873,23.4266],[74.5819,23.4216],[74.575,23.4233],[74.5724,23.4206],[74.57,23.4124],[74.5731,23.3964],[74.5665,23.386],[74.5689,23.3763],[74.5591,23.3712],[74.5576,23.3618],[74.5467,23.3649],[74.5398,23.3619],[74.5416,23.3579],[74.5383,23.3467],[74.5397,23.3348],[74.5351,23.3308],[74.5142,23.3282],[74.5146,23.3161],[74.5232,23.3211],[74.5299,23.3207],[74.5311,23.3131],[74.5279,23.3108],[74.5343,23.3006],[74.5394,23.2998],[74.5412,23.2876],[74.5467,23.277],[74.5583,23.2797],[74.5635,23.2883],[74.564,23.2936],[74.5744,23.2951],[74.5734,23.2897],[74.5769,23.2846],[74.5852,23.2795],[74.5851,23.2769],[74.589,23.279],[74.5987,23.2769],[74.6022,23.2805],[74.6094,23.2823],[74.6186,23.2782],[74.6217,23.2734],[74.6249,23.2738],[74.6269,23.2588],[74.6389,23.2554],[74.6489,23.256],[74.6635,23.2671],[74.6732,23.2698],[74.6768,23.2739],[74.6936,23.2653],[74.6998,23.2684],[74.7011,23.2648],[74.6984,23.2574],[74.7076,23.2549],[74.713,23.2504],[74.7151,23.2367],[74.704,23.229],[74.6914,23.2256],[74.6918,23.2192],[74.7021,23.2145],[74.7155,23.2192],[74.7173,23.2157],[74.7225,23.2168],[74.7264,23.215],[74.7328,23.2175],[74.7338,23.2206],[74.7413,23.2247],[74.7358,23.2289],[74.7367,23.2331],[74.7503,23.2398],[74.7667,23.2357],[74.7827,23.2438],[74.7886,23.244],[74.7906,23.238],[74.7826,23.2315],[74.7784,23.2196],[74.7856,23.2022],[74.7803,23.196],[74.7685,23.1885],[74.7673,23.1803],[74.7724,23.1755],[74.785,23.1753],[74.7995,23.1706],[74.8017,23.1671],[74.8005,23.1631],[74.7865,23.1644],[74.7811,23.1592],[74.7806,23.1522],[74.7854,23.1481],[74.7931,23.1481],[74.7972,23.1405],[74.8075,23.1388],[74.8165,23.1342],[74.8199,23.1339],[74.8338,23.1423],[74.8501,23.1422],[74.8658,23.1376],[74.8906,23.1378],[74.911,23.1582],[74.9245,23.1622],[74.9382,23.153],[74.9436,23.1528],[74.9547,23.1574],[74.9729,23.1449],[74.992,23.1432],[74.9931,23.1371],[74.9904,23.1208],[74.9947,23.1158],[75.0064,23.1094],[75.0136,23.1127],[75.0281,23.1114],[75.0327,23.1133],[75.0392,23.1087],[75.0483,23.1065],[75.0645,23.1071],[75.0804,23.1046],[75.1071,23.1096],[75.1072,23.1146],[75.1096,23.1152],[75.1141,23.1092],[75.1338,23.1072],[75.137,23.1049],[75.1421,23.1073],[75.154,23.1049],[75.1573,23.1093],[75.1598,23.1056],[75.1679,23.106],[75.1786,23.1006],[75.18,23.0996],[75.1773,23.0963],[75.1871,23.092],[75.2113,23.0912],[75.2379,23.0857],[75.2436,23.1088],[75.2439,23.1175],[75.2415,23.1175],[75.2398,23.1267],[75.2422,23.1351],[75.2402,23.1357],[75.2375,23.1538],[75.239,23.1554],[75.237,23.162],[75.2343,23.1636],[75.2352,23.1837],[75.2303,23.1851],[75.2257,23.2103],[75.2394,23.2137],[75.2404,23.2254],[75.2487,23.2249],[75.2761,23.2151],[75.2838,23.2162],[75.2839,23.2265],[75.2804,23.2376],[75.2624,23.2452],[75.2633,23.2544],[75.2607,23.2681],[75.2653,23.269],[75.2674,23.2731],[75.2727,23.2679],[75.2816,23.2732],[75.305,23.2701],[75.3082,23.2748],[75.3213,23.2758],[75.3259,23.2923],[75.2952,23.2998],[75.2823,23.2964],[75.2598,23.2949],[75.2589,23.3125],[75.2394,23.3136],[75.2322,23.3088],[75.2267,23.3194],[75.2163,23.3251],[75.2074,23.3204],[75.1943,23.3271],[75.1967,23.3418],[75.2043,23.3437],[75.2053,23.3483],[75.1924,23.3555],[75.1915,23.3686],[75.1812,23.3705],[75.1794,23.382],[75.1682,23.3898],[75.1684,23.394],[75.1639,23.3991],[75.1643,23.3963],[75.156,23.3966],[75.15,23.3999],[75.1346,23.4011],[75.1359,23.4109],[75.1482,23.4122],[75.153,23.4186],[75.1569,23.417],[75.1587,23.4244],[75.1572,23.4288],[75.1591,23.4298],[75.1543,23.4316],[75.156,23.4362],[75.1644,23.4378],[75.1624,23.4459],[75.1694,23.454],[75.1747,23.4539],[75.1733,23.4598],[75.17,23.4618],[75.1726,23.4636],[75.1766,23.4619],[75.1774,23.4639],[75.173,23.4705],[75.177,23.4745],[75.1731,23.4764],[75.171,23.4831],[75.1744,23.4832],[75.1752,23.4857],[75.1732,23.4914],[75.1772,23.4966],[75.1778,23.505],[75.1801,23.5019],[75.1871,23.5049],[75.1826,23.5089],[75.1843,23.5193],[75.1878,23.5216],[75.1887,23.5261],[75.1992,23.5284],[75.1965,23.5315],[75.1988,23.5359],[75.2053,23.5336],[75.2072,23.5284],[75.211,23.5281],[75.2104,23.523],[75.2253,23.5235],[75.2263,23.5168],[75.2292,23.5148],[75.2397,23.5155],[75.2442,23.5326],[75.2569,23.5297],[75.2583,23.5413],[75.264,23.5433],[75.2744,23.5404],[75.2815,23.5604],[75.2782,23.567],[75.2804,23.5703],[75.2782,23.5835],[75.2804,23.5896],[75.2836,23.5896],[75.2837,23.5921],[75.2985,23.5933],[75.3005,23.6023],[75.3127,23.6026],[75.3113,23.608],[75.3144,23.6217],[75.3285,23.6228],[75.3395,23.6276],[75.3448,23.6261],[75.3454,23.6229],[75.3332,23.619],[75.3337,23.5925],[75.3482,23.5943],[75.3723,23.6024],[75.3753,23.5993],[75.3874,23.6034],[75.3942,23.6029],[75.4063,23.5923],[75.4053,23.5771],[75.4162,23.5753],[75.4223,23.5672],[75.4417,23.5625],[75.4457,23.5453],[75.4552,23.5446],[75.4616,23.5481],[75.4667,23.5341],[75.4713,23.5313],[75.4898,23.5286],[75.4901,23.5255],[75.5062,23.5257],[75.508,23.53],[75.522,23.536],[75.5245,23.5392],[75.5248,23.5425],[75.5189,23.5457],[75.4987,23.5529],[75.4984,23.5586],[75.4992,23.57],[75.5043,23.575],[75.5089,23.5755],[75.5084,23.5842],[75.5134,23.584],[75.514,23.5947],[75.5103,23.5954],[75.5051,23.602],[75.5037,23.6183],[75.5112,23.6311],[75.5221,23.6659],[75.532,23.6699],[75.5411,23.6656],[75.5562,23.666],[75.5595,23.6556],[75.5827,23.6538],[75.5859,23.6536],[75.587,23.6607],[75.6214,23.6599],[75.6265,23.6774],[75.6271,23.6951],[75.6419,23.6971],[75.6444,23.7103],[75.667,23.7063],[75.6731,23.7135],[75.6904,23.716],[75.6868,23.7304],[75.6902,23.7466],[75.6794,23.7672],[75.6755,23.7819],[75.6598,23.7842],[75.6544,23.7983],[75.6497,23.7955],[75.6456,23.797],[75.6273,23.7955],[75.6207,23.8008],[75.6148,23.801],[75.608,23.7971],[75.5835,23.7947],[75.5891,23.8096],[75.5809,23.8122],[75.5664,23.8095],[75.5592,23.8186],[75.5592,23.8285],[75.5616,23.8322],[75.5668,23.8331],[75.5748,23.8285],[75.5795,23.8349],[75.5767,23.8423],[75.5661,23.8441],[75.5643,23.8564],[75.5529,23.8616],[75.5461,23.8701],[75.5316,23.876],[75.5229,23.8841],[75.5051,23.8878],[75.501,23.8981],[75.4929,23.9061],[75.4794,23.9111],[75.4655,23.9122],[75.4601,23.9191]]]},"properties":{"dtname":"Ratlam","stname":"MADHYA PRADESH","stcode11":"23","dtcode11":"434","year_stat":"2011_c","Shape_Length":624000.8079182329,"Shape_Area":5803408389.780383,"OBJECTID":422,"test":0,"Dist_LGD":423,"State_LGD":23}},{"type":"Feature","id":425,"geometry":{"type":"Polygon","coordinates":[[[77.2942,23.8951],[77.2784,23.8864],[77.2542,23.8885],[77.2487,23.8928],[77.2401,23.8907],[77.2264,23.8928],[77.2212,23.8622],[77.2245,23.8478],[77.214,23.8402],[77.2234,23.8336],[77.2251,23.8247],[77.2238,23.813],[77.2148,23.8017],[77.2173,23.7857],[77.2062,23.7749],[77.2036,23.7588],[77.1913,23.7407],[77.1863,23.7176],[77.1767,23.6932],[77.1657,23.6833],[77.1698,23.6789],[77.1667,23.6745],[77.1717,23.6731],[77.1735,23.66],[77.1761,23.6602],[77.1781,23.6693],[77.1866,23.6666],[77.1913,23.6555],[77.2001,23.6484],[77.2046,23.6536],[77.2031,23.6539],[77.2057,23.6604],[77.2144,23.6606],[77.2256,23.6534],[77.2294,23.6386],[77.222,23.6229],[77.2307,23.6139],[77.249,23.6138],[77.2655,23.6022],[77.2776,23.5997],[77.2728,23.5942],[77.2737,23.5813],[77.2853,23.5801],[77.2957,23.5741],[77.2824,23.5536],[77.289,23.5443],[77.2872,23.5411],[77.2914,23.5398],[77.2887,23.5295],[77.2905,23.5203],[77.2886,23.5103],[77.2958,23.5085],[77.2977,23.5018],[77.2871,23.4872],[77.2835,23.4873],[77.284,23.4712],[77.2982,23.4678],[77.2931,23.4632],[77.2915,23.4548],[77.2873,23.4522],[77.2834,23.4413],[77.2846,23.4314],[77.2882,23.4262],[77.281,23.421],[77.2817,23.4169],[77.2684,23.3998],[77.249,23.4053],[77.2439,23.4014],[77.2337,23.4036],[77.2337,23.3955],[77.2276,23.3906],[77.235,23.3892],[77.241,23.3909],[77.2458,23.3859],[77.2497,23.3855],[77.2534,23.3775],[77.2468,23.3743],[77.2425,23.3761],[77.2346,23.3702],[77.2346,23.3636],[77.2246,23.3554],[77.2218,23.3507],[77.2237,23.3451],[77.2176,23.3298],[77.2176,23.3205],[77.2055,23.3183],[77.2001,23.3262],[77.1963,23.339],[77.1975,23.3464],[77.1932,23.3524],[77.1813,23.3535],[77.1768,23.3497],[77.1751,23.3331],[77.177,23.3252],[77.1688,23.3159],[77.1718,23.3088],[77.1697,23.3021],[77.1838,23.3014],[77.1873,23.2921],[77.1943,23.2944],[77.2115,23.2911],[77.2147,23.2853],[77.2103,23.2798],[77.2127,23.2764],[77.2121,23.2707],[77.206,23.2697],[77.2032,23.2652],[77.2029,23.2561],[77.2063,23.2482],[77.1894,23.2417],[77.1862,23.2326],[77.1764,23.2291],[77.1761,23.2271],[77.1835,23.2122],[77.192,23.2123],[77.2093,23.2199],[77.2068,23.2172],[77.2067,23.2116],[77.2145,23.2081],[77.2139,23.2051],[77.2031,23.1925],[77.2281,23.1878],[77.2257,23.1787],[77.2218,23.1747],[77.2316,23.1718],[77.2311,23.1637],[77.2374,23.1587],[77.2379,23.1502],[77.2444,23.1516],[77.2476,23.1497],[77.2469,23.1343],[77.2605,23.1328],[77.2669,23.1299],[77.2715,23.1244],[77.2718,23.1163],[77.2762,23.104],[77.2712,23.094],[77.2811,23.0938],[77.2959,23.1011],[77.3214,23.1007],[77.3195,23.0896],[77.3216,23.0853],[77.3373,23.0795],[77.3594,23.0807],[77.367,23.0767],[77.3747,23.0769],[77.3794,23.0725],[77.3996,23.0774],[77.4022,23.079],[77.4021,23.0848],[77.4114,23.0818],[77.4146,23.0853],[77.4307,23.0893],[77.4337,23.0869],[77.4449,23.0858],[77.4511,23.088],[77.4535,23.0863],[77.4578,23.0951],[77.4652,23.0935],[77.4724,23.0993],[77.4737,23.0939],[77.4825,23.0929],[77.484,23.0936],[77.4824,23.097],[77.4889,23.0952],[77.4941,23.1005],[77.5011,23.0996],[77.5007,23.1039],[77.506,23.1066],[77.5064,23.111],[77.5114,23.112],[77.5097,23.1168],[77.5148,23.1207],[77.5164,23.1162],[77.5346,23.1188],[77.5331,23.1256],[77.5374,23.13],[77.5377,23.1344],[77.5432,23.1347],[77.5441,23.1379],[77.5466,23.1383],[77.5614,23.1376],[77.5661,23.1573],[77.5627,23.1551],[77.5606,23.1564],[77.5618,23.1635],[77.5581,23.1655],[77.5582,23.1749],[77.5791,23.1791],[77.5815,23.1864],[77.5725,23.1868],[77.5732,23.1962],[77.5791,23.1951],[77.5894,23.2199],[77.5949,23.2248],[77.5919,23.2269],[77.5909,23.2404],[77.586,23.2494],[77.5952,23.2563],[77.5873,23.2669],[77.5834,23.2681],[77.5822,23.2721],[77.5885,23.2832],[77.5859,23.2879],[77.6054,23.3094],[77.6213,23.3163],[77.6258,23.3151],[77.6276,23.3184],[77.6192,23.329],[77.627,23.3395],[77.6234,23.345],[77.5809,23.3413],[77.5832,23.3523],[77.5803,23.3518],[77.5809,23.3568],[77.5757,23.3567],[77.5642,23.3621],[77.5552,23.3727],[77.5579,23.3788],[77.5522,23.3765],[77.5471,23.3786],[77.548,23.3942],[77.5576,23.3983],[77.5596,23.4016],[77.5578,23.4049],[77.5591,23.4093],[77.5549,23.4157],[77.5349,23.4181],[77.5173,23.4147],[77.5111,23.4019],[77.5016,23.4082],[77.5019,23.4139],[77.4893,23.4166],[77.4957,23.4372],[77.4932,23.4473],[77.4976,23.4512],[77.4972,23.457],[77.5049,23.4756],[77.5012,23.4832],[77.5116,23.4923],[77.5123,23.499],[77.5182,23.5074],[77.518,23.5137],[77.5113,23.5178],[77.5117,23.5221],[77.5054,23.5248],[77.5044,23.5449],[77.507,23.5494],[77.5109,23.5509],[77.5058,23.567],[77.5156,23.5767],[77.5244,23.5752],[77.5285,23.5804],[77.5352,23.5807],[77.5459,23.5897],[77.5511,23.5874],[77.5565,23.5932],[77.5625,23.6039],[77.5586,23.6123],[77.5654,23.6102],[77.5643,23.6136],[77.5684,23.6219],[77.567,23.624],[77.5742,23.6373],[77.57,23.6441],[77.5731,23.6448],[77.5737,23.6477],[77.587,23.65],[77.5857,23.652],[77.589,23.6522],[77.5901,23.6559],[77.6066,23.6594],[77.6298,23.6579],[77.6324,23.6668],[77.6485,23.6928],[77.6481,23.7122],[77.6436,23.7123],[77.6398,23.7073],[77.635,23.7141],[77.6284,23.7083],[77.6152,23.7128],[77.6167,23.7246],[77.6011,23.7266],[77.6007,23.7337],[77.6066,23.7328],[77.6102,23.747],[77.5912,23.751],[77.5892,23.7542],[77.5822,23.7566],[77.5805,23.7604],[77.5766,23.7606],[77.5734,23.7668],[77.5627,23.7656],[77.5629,23.76],[77.5548,23.755],[77.5464,23.7573],[77.5411,23.7552],[77.5353,23.7594],[77.5281,23.7591],[77.5258,23.7626],[77.5159,23.7616],[77.5105,23.7655],[77.5066,23.7725],[77.4997,23.7754],[77.4904,23.7668],[77.4818,23.7642],[77.4746,23.7564],[77.4676,23.756],[77.4541,23.7612],[77.4544,23.7719],[77.4459,23.7782],[77.4373,23.7744],[77.434,23.7802],[77.4367,23.7882],[77.4464,23.7914],[77.4451,23.7948],[77.4389,23.7948],[77.4271,23.8034],[77.4165,23.8022],[77.4151,23.7997],[77.4051,23.8206],[77.4073,23.8271],[77.4013,23.8253],[77.4011,23.8288],[77.3943,23.8289],[77.3892,23.8335],[77.391,23.8359],[77.3892,23.8376],[77.3932,23.8396],[77.3994,23.8364],[77.4015,23.8473],[77.3835,23.8616],[77.3772,23.8841],[77.3265,23.8927],[77.3197,23.8902],[77.3162,23.8916],[77.318,23.8843],[77.3126,23.8884],[77.3008,23.89],[77.2988,23.8935],[77.2942,23.8951]]]},"properties":{"dtname":"Bhopal","stname":"MADHYA PRADESH","stcode11":"23","dtcode11":"444","year_stat":"2011_c","Shape_Length":421420.4235255437,"Shape_Area":3304232242.7872434,"OBJECTID":425,"test":0,"Dist_LGD":396,"State_LGD":23}},{"type":"Feature","id":429,"geometry":{"type":"Polygon","coordinates":[[[75.7292,23.7572],[75.713,23.7563],[75.7119,23.75],[75.69,23.7474],[75.6868,23.7304],[75.6904,23.716],[75.6731,23.7135],[75.667,23.7063],[75.6444,23.7103],[75.6419,23.6971],[75.6271,23.6951],[75.6265,23.6774],[75.6214,23.6599],[75.587,23.6607],[75.5859,23.6536],[75.5827,23.6538],[75.5595,23.6556],[75.5562,23.666],[75.5411,23.6656],[75.532,23.6699],[75.5221,23.6659],[75.5112,23.6311],[75.5037,23.6183],[75.5051,23.602],[75.5103,23.5954],[75.514,23.5947],[75.5134,23.584],[75.5084,23.5842],[75.5089,23.5755],[75.5043,23.575],[75.4992,23.57],[75.4984,23.5586],[75.4987,23.5529],[75.5189,23.5457],[75.5248,23.5425],[75.5245,23.5392],[75.522,23.536],[75.508,23.53],[75.5062,23.5257],[75.4901,23.5255],[75.4898,23.5286],[75.4713,23.5313],[75.4667,23.5341],[75.4616,23.5481],[75.4552,23.5446],[75.4457,23.5453],[75.4417,23.5625],[75.4223,23.5672],[75.4162,23.5753],[75.4053,23.5771],[75.4063,23.5923],[75.3974,23.6016],[75.3874,23.6034],[75.3753,23.5993],[75.3723,23.6024],[75.3482,23.5943],[75.3337,23.5925],[75.333,23.6184],[75.3404,23.6207],[75.3403,23.6227],[75.3454,23.6229],[75.3448,23.6261],[75.3368,23.6275],[75.3369,23.6256],[75.3285,23.6228],[75.3144,23.6217],[75.3113,23.608],[75.3127,23.6026],[75.3005,23.6023],[75.2985,23.5933],[75.2837,23.5921],[75.2836,23.5896],[75.2804,23.5896],[75.2782,23.5835],[75.2804,23.5703],[75.2782,23.567],[75.2815,23.5604],[75.2744,23.5404],[75.264,23.5433],[75.2583,23.5413],[75.2569,23.5297],[75.2442,23.5326],[75.2397,23.5155],[75.2292,23.5148],[75.2263,23.5168],[75.2253,23.5235],[75.2104,23.523],[75.211,23.5281],[75.2072,23.5284],[75.2053,23.5336],[75.1988,23.5359],[75.1965,23.5315],[75.1992,23.5284],[75.1887,23.5261],[75.1878,23.5216],[75.1843,23.5193],[75.1826,23.5089],[75.1871,23.5049],[75.1801,23.5019],[75.1778,23.505],[75.1772,23.4966],[75.1732,23.4914],[75.1752,23.4857],[75.1744,23.4832],[75.171,23.4831],[75.1731,23.4764],[75.177,23.4745],[75.173,23.4705],[75.1774,23.4639],[75.1766,23.4619],[75.1726,23.4636],[75.17,23.4618],[75.1733,23.4598],[75.1747,23.4539],[75.1694,23.454],[75.1624,23.4459],[75.1644,23.4378],[75.156,23.4362],[75.1543,23.4316],[75.1591,23.4298],[75.1572,23.4288],[75.1587,23.4244],[75.1569,23.417],[75.153,23.4186],[75.1482,23.4122],[75.1359,23.4109],[75.1346,23.4011],[75.15,23.3999],[75.156,23.3966],[75.1643,23.3963],[75.1639,23.3991],[75.1684,23.394],[75.1682,23.3898],[75.1794,23.382],[75.1812,23.3705],[75.1915,23.3686],[75.1924,23.3555],[75.2053,23.3483],[75.2043,23.3437],[75.1967,23.3418],[75.1943,23.3271],[75.2074,23.3204],[75.2163,23.3251],[75.2267,23.3194],[75.2322,23.3088],[75.2394,23.3136],[75.2589,23.3125],[75.2598,23.2949],[75.2823,23.2964],[75.2952,23.2998],[75.3259,23.2923],[75.3213,23.2758],[75.3082,23.2748],[75.305,23.2701],[75.2816,23.2732],[75.2727,23.2679],[75.2674,23.2731],[75.2653,23.269],[75.2607,23.2681],[75.2633,23.2544],[75.2624,23.2452],[75.2804,23.2376],[75.2839,23.2265],[75.2838,23.2162],[75.2761,23.2151],[75.2487,23.2249],[75.2404,23.2254],[75.2394,23.2137],[75.2259,23.2104],[75.2255,23.2073],[75.2303,23.1851],[75.2352,23.1837],[75.2343,23.1637],[75.239,23.1554],[75.2375,23.1538],[75.2403,23.1356],[75.2504,23.1333],[75.2683,23.1334],[75.2684,23.1314],[75.291,23.1307],[75.3006,23.1269],[75.3003,23.1112],[75.297,23.1097],[75.3003,23.1068],[75.3099,23.1058],[75.312,23.1082],[75.32,23.108],[75.3156,23.0954],[75.3236,23.0769],[75.3246,23.0688],[75.3451,23.071],[75.347,23.069],[75.348,23.0635],[75.3454,23.0591],[75.3355,23.0586],[75.3348,23.0394],[75.3207,23.0379],[75.3219,23.0337],[75.3071,23.0299],[75.3018,23.0188],[75.3002,22.9945],[75.3264,22.9863],[75.3251,22.9569],[75.3059,22.9557],[75.3067,22.9322],[75.3185,22.93],[75.3264,22.9144],[75.3224,22.9008],[75.3244,22.8941],[75.3233,22.8818],[75.3309,22.8798],[75.3314,22.8736],[75.3347,22.8731],[75.3311,22.861],[75.3303,22.8399],[75.3411,22.8297],[75.3516,22.8304],[75.363,22.846],[75.3706,22.8466],[75.3692,22.8596],[75.3715,22.8685],[75.4058,22.8713],[75.4371,22.8677],[75.4407,22.8804],[75.439,22.9072],[75.4562,22.9152],[75.4594,22.9261],[75.4755,22.9263],[75.4761,22.9393],[75.4558,22.9419],[75.4635,22.9695],[75.4863,22.968],[75.4929,22.9846],[75.4871,22.9874],[75.4857,22.9855],[75.4736,22.9862],[75.4738,23.0026],[75.4596,23.0064],[75.4752,23.0164],[75.4844,23.0179],[75.4886,23.0148],[75.4878,23.0034],[75.4951,23.0029],[75.4969,22.9988],[75.4991,23.0023],[75.5023,23.0015],[75.5077,23.0126],[75.5095,23.0117],[75.5117,23.0151],[75.5074,23.0178],[75.5071,23.0216],[75.5165,23.0222],[75.5149,23.0273],[75.5187,23.0324],[75.518,23.0402],[75.5209,23.0417],[75.5221,23.0381],[75.5204,23.0372],[75.5285,23.0338],[75.5336,23.0352],[75.5373,23.0445],[75.5455,23.0489],[75.5457,23.0624],[75.565,23.0651],[75.5684,23.0712],[75.5658,23.0715],[75.5664,23.0752],[75.5644,23.0755],[75.566,23.0859],[75.5814,23.0851],[75.6064,23.0892],[75.6068,23.0831],[75.6234,23.0847],[75.6278,23.0824],[75.626,23.0752],[75.6297,23.0655],[75.6266,23.0623],[75.6211,23.0631],[75.6162,23.0527],[75.6206,23.0492],[75.6248,23.0516],[75.6272,23.0475],[75.6211,23.0436],[75.6284,23.03],[75.6333,23.0291],[75.6323,23.0069],[75.6463,23.0068],[75.6458,23.01],[75.6409,23.0127],[75.6411,23.0171],[75.6364,23.0176],[75.6356,23.0201],[75.6368,23.0225],[75.641,23.0207],[75.6413,23.0237],[75.6446,23.0196],[75.6493,23.0259],[75.6502,23.0199],[75.6566,23.0207],[75.6718,23.0141],[75.6784,23.0162],[75.6791,23.0202],[75.6848,23.0208],[75.6981,23.018],[75.7096,23.0186],[75.7177,23.0147],[75.7275,23.0149],[75.7317,23.0156],[75.733,23.0336],[75.7585,23.0352],[75.7601,23.0284],[75.7782,23.0277],[75.7777,23.0325],[75.8048,23.0344],[75.8076,23.04],[75.8111,23.0408],[75.8167,23.0408],[75.8154,23.0374],[75.8422,23.0291],[75.8467,23.0364],[75.867,23.0368],[75.8671,23.0387],[75.8743,23.0392],[75.8719,23.0333],[75.8769,23.0305],[75.8778,23.0261],[75.8836,23.0274],[75.8866,23.0214],[75.8838,23.0195],[75.8843,23.0161],[75.8892,23.0127],[75.8878,23.0082],[75.8919,23.0049],[75.8955,23.006],[75.8971,23.0018],[75.9008,23.0023],[75.8984,23.0168],[75.9012,23.0226],[75.9076,23.0274],[75.92,23.0245],[75.925,23.0289],[75.9297,23.0294],[75.9512,23.0222],[75.9643,23.0233],[75.9729,23.0382],[75.9799,23.0388],[75.9793,23.0575],[75.982,23.0708],[75.9918,23.0725],[75.9891,23.0879],[75.9813,23.0872],[75.9796,23.103],[75.9578,23.1035],[75.959,23.1254],[75.9327,23.1318],[75.9296,23.1443],[75.9307,23.1474],[75.9445,23.1502],[75.9482,23.1592],[75.9504,23.1775],[75.9536,23.1787],[75.9514,23.2072],[75.9532,23.2079],[75.9537,23.2185],[75.9499,23.2259],[75.9324,23.2224],[75.9322,23.2431],[75.9286,23.2551],[75.9291,23.2676],[75.9261,23.2741],[75.931,23.275],[75.9307,23.2967],[75.942,23.2971],[75.9468,23.3197],[75.9608,23.3216],[75.9641,23.3009],[75.9752,23.3027],[75.9875,23.2787],[75.9904,23.279],[75.9939,23.264],[75.9718,23.263],[75.9685,23.2559],[75.9702,23.239],[75.9801,23.2386],[75.9856,23.2411],[76.0028,23.2373],[76.0017,23.2236],[76.0091,23.2249],[76.0079,23.2142],[76.0104,23.2095],[76.0203,23.2047],[76.017,23.2],[76.0225,23.1961],[76.0231,23.1906],[76.028,23.192],[76.0306,23.1863],[76.0334,23.1871],[76.041,23.1815],[76.039,23.1793],[76.0412,23.1776],[76.0392,23.1724],[76.0419,23.1718],[76.0433,23.167],[76.0401,23.1655],[76.0403,23.1617],[76.0433,23.1625],[76.0453,23.1598],[76.0424,23.1556],[76.0436,23.1456],[76.041,23.1408],[76.0474,23.1393],[76.0469,23.1368],[76.0509,23.1326],[76.0498,23.1291],[76.0531,23.1261],[76.055,23.1272],[76.0572,23.1176],[76.0611,23.1173],[76.0617,23.1097],[76.0596,23.1093],[76.0621,23.1081],[76.0615,23.1044],[76.066,23.1027],[76.0663,23.0944],[76.0642,23.0934],[76.0642,23.0882],[76.062,23.0876],[76.061,23.0766],[76.071,23.0761],[76.0689,23.0723],[76.0715,23.0687],[76.0806,23.0669],[76.0829,23.048],[76.0875,23.0478],[76.0878,23.0497],[76.1099,23.0482],[76.1174,23.0632],[76.1166,23.0881],[76.1075,23.1056],[76.1047,23.1053],[76.099,23.11],[76.0909,23.1201],[76.0905,23.1241],[76.0705,23.1274],[76.07,23.1451],[76.0573,23.1469],[76.0572,23.1566],[76.0605,23.1596],[76.0601,23.1858],[76.0745,23.1836],[76.0755,23.1734],[76.0809,23.1691],[76.0809,23.1663],[76.0835,23.1665],[76.0952,23.1752],[76.1182,23.1815],[76.1413,23.1811],[76.1417,23.1857],[76.1472,23.19],[76.1488,23.1996],[76.1325,23.203],[76.1348,23.2061],[76.1333,23.2143],[76.1303,23.2142],[76.1108,23.2069],[76.0968,23.2063],[76.0939,23.1977],[76.0844,23.1972],[76.0833,23.2025],[76.0729,23.2022],[76.0562,23.207],[76.0597,23.2186],[76.0844,23.2131],[76.0876,23.225],[76.0844,23.2283],[76.0751,23.2288],[76.075,23.2338],[76.0784,23.2341],[76.0821,23.2425],[76.0966,23.2436],[76.0983,23.2382],[76.1206,23.2436],[76.1242,23.2608],[76.1287,23.2629],[76.1342,23.2704],[76.133,23.2813],[76.158,23.2838],[76.1571,23.2818],[76.1619,23.2766],[76.1584,23.275],[76.1593,23.2732],[76.1667,23.2717],[76.1724,23.2668],[76.1821,23.2692],[76.1922,23.2928],[76.1879,23.3067],[76.1959,23.3195],[76.194,23.326],[76.2038,23.3377],[76.2032,23.3412],[76.215,23.3508],[76.221,23.3487],[76.219,23.3426],[76.2206,23.3387],[76.2235,23.339],[76.224,23.3423],[76.2274,23.3379],[76.2522,23.3516],[76.2507,23.3602],[76.2466,23.3656],[76.2548,23.3738],[76.2457,23.3927],[76.2316,23.3861],[76.213,23.3848],[76.2095,23.396],[76.2133,23.404],[76.2105,23.4104],[76.2137,23.4171],[76.2112,23.4194],[76.2068,23.4191],[76.2044,23.415],[76.2058,23.417],[76.2019,23.4189],[76.2009,23.4278],[76.204,23.4296],[76.2032,23.4352],[76.2121,23.4396],[76.2148,23.4525],[76.2106,23.4542],[76.2094,23.4621],[76.1973,23.4654],[76.1979,23.4778],[76.2046,23.4756],[76.2078,23.4775],[76.2093,23.4886],[76.2195,23.4883],[76.2215,23.4965],[76.2284,23.4948],[76.2311,23.4969],[76.2463,23.497],[76.2463,23.5068],[76.2527,23.5109],[76.2525,23.5159],[76.2463,23.5179],[76.2435,23.5153],[76.2376,23.5159],[76.2357,23.528],[76.2275,23.5321],[76.2162,23.5321],[76.2145,23.5252],[76.2069,23.5202],[76.2112,23.5111],[76.2035,23.5084],[76.2038,23.5039],[76.1993,23.5009],[76.1911,23.5038],[76.1887,23.5071],[76.1778,23.5074],[76.1756,23.5094],[76.1666,23.5043],[76.1603,23.5071],[76.1569,23.519],[76.1661,23.5329],[76.1714,23.5344],[76.1763,23.5403],[76.1721,23.5461],[76.179,23.5562],[76.1739,23.5612],[76.1735,23.5668],[76.1639,23.5723],[76.1611,23.5705],[76.1489,23.571],[76.1393,23.5649],[76.1337,23.5598],[76.132,23.5525],[76.1214,23.5479],[76.1166,23.5413],[76.109,23.5445],[76.1049,23.5661],[76.0958,23.5731],[76.0893,23.5718],[76.0672,23.5583],[76.0522,23.5651],[76.027,23.5668],[76.0258,23.5574],[76.0061,23.558],[76.0086,23.5652],[75.9997,23.5735],[75.9923,23.5723],[75.9788,23.5638],[75.9546,23.568],[75.9527,23.563],[75.9541,23.553],[75.9456,23.5526],[75.9277,23.5542],[75.9212,23.5665],[75.9126,23.5701],[75.8975,23.567],[75.8946,23.5603],[75.8811,23.5582],[75.878,23.5589],[75.8782,23.5615],[75.8658,23.5663],[75.8564,23.5674],[75.8484,23.5745],[75.8459,23.5825],[75.8372,23.5888],[75.8398,23.5897],[75.838,23.5942],[75.8412,23.6028],[75.8379,23.6121],[75.8332,23.6177],[75.8352,23.6253],[75.8288,23.6324],[75.8281,23.6436],[75.8173,23.6549],[75.8131,23.6552],[75.812,23.6601],[75.8166,23.6716],[75.8336,23.6776],[75.8373,23.683],[75.8469,23.6877],[75.8425,23.6945],[75.8536,23.7138],[75.8498,23.7176],[75.8453,23.7328],[75.8434,23.7304],[75.8362,23.7295],[75.8288,23.7314],[75.8291,23.7241],[75.8251,23.7096],[75.8293,23.6983],[75.8226,23.6972],[75.8053,23.708],[75.7918,23.7084],[75.7859,23.7229],[75.7613,23.7249],[75.7544,23.7229],[75.7455,23.7395],[75.7331,23.7472],[75.7341,23.7531],[75.7292,23.7572]]]},"properties":{"dtname":"Ujjain","stname":"MADHYA PRADESH","stcode11":"23","dtcode11":"435","year_stat":"2011_c","Shape_Length":802691.5884749524,"Shape_Area":7267950422.184718,"OBJECTID":429,"test":0,"Dist_LGD":435,"State_LGD":23}},{"type":"Feature","id":432,"geometry":{"type":"Polygon","coordinates":[[[78.4295,23.7455],[78.4249,23.7442],[78.418,23.7376],[78.4092,23.74],[78.4075,23.7442],[78.3985,23.7425],[78.3919,23.7376],[78.3821,23.7369],[78.3827,23.7268],[78.3679,23.728],[78.3677,23.7163],[78.3581,23.7136],[78.3581,23.7069],[78.3536,23.7042],[78.3583,23.6918],[78.3435,23.6779],[78.3584,23.6717],[78.372,23.6833],[78.3796,23.694],[78.3823,23.6939],[78.3827,23.691],[78.3864,23.6886],[78.3927,23.6971],[78.3816,23.7002],[78.3815,23.7145],[78.3907,23.7105],[78.399,23.715],[78.4006,23.7221],[78.3989,23.7297],[78.4103,23.7334],[78.4173,23.7237],[78.4285,23.7203],[78.4323,23.7158],[78.4169,23.707],[78.4126,23.7011],[78.4068,23.7011],[78.4104,23.6912],[78.4086,23.6863],[78.4299,23.6786],[78.4321,23.6732],[78.429,23.6712],[78.4111,23.6706],[78.4065,23.6714],[78.4058,23.6754],[78.3968,23.677],[78.399,23.6642],[78.4053,23.6583],[78.4065,23.6538],[78.4166,23.6497],[78.4196,23.6506],[78.4193,23.6484],[78.4147,23.6484],[78.4165,23.6432],[78.4122,23.6427],[78.4134,23.6392],[78.4022,23.6369],[78.3976,23.6324],[78.391,23.6345],[78.3872,23.6409],[78.3837,23.642],[78.3861,23.6491],[78.3761,23.6568],[78.3718,23.6509],[78.3642,23.6486],[78.3519,23.6536],[78.3477,23.6584],[78.342,23.6573],[78.3373,23.6613],[78.3346,23.6679],[78.34,23.6776],[78.3318,23.6807],[78.3288,23.6879],[78.3211,23.6943],[78.3183,23.69],[78.3064,23.6862],[78.3033,23.6804],[78.29,23.6703],[78.2909,23.6655],[78.2832,23.6543],[78.284,23.6481],[78.2748,23.6276],[78.2774,23.6093],[78.2659,23.5938],[78.2548,23.5908],[78.2504,23.586],[78.2429,23.5834],[78.245,23.5703],[78.239,23.5689],[78.2434,23.5657],[78.2394,23.566],[78.2394,23.563],[78.2347,23.5605],[78.2256,23.561],[78.2257,23.5547],[78.2302,23.5519],[78.2309,23.5467],[78.2255,23.5457],[78.2239,23.5401],[78.2269,23.5375],[78.227,23.5336],[78.2227,23.5279],[78.2178,23.5256],[78.2119,23.5263],[78.2081,23.5289],[78.2081,23.5316],[78.2062,23.5279],[78.2044,23.5314],[78.1974,23.5347],[78.1972,23.5448],[78.1945,23.5432],[78.1944,23.5394],[78.1883,23.5362],[78.1871,23.5322],[78.1806,23.5277],[78.1801,23.5247],[78.1651,23.5269],[78.1563,23.5184],[78.1355,23.5182],[78.1304,23.5115],[78.1352,23.5051],[78.1354,23.4827],[78.1384,23.4795],[78.144,23.4787],[78.1462,23.4746],[78.1291,23.4761],[78.1171,23.4714],[78.112,23.4725],[78.1026,23.4666],[78.1053,23.4604],[78.0967,23.4588],[78.0847,23.4504],[78.0665,23.4571],[78.0542,23.4578],[78.0451,23.4635],[78.0441,23.4688],[78.0304,23.4671],[78.0291,23.4697],[78.0221,23.4715],[78.018,23.4696],[78.0114,23.4728],[78.0071,23.4675],[78.0006,23.467],[77.9956,23.4593],[77.9969,23.4536],[77.9888,23.453],[77.9972,23.4317],[77.994,23.4227],[77.9973,23.4136],[78.0153,23.4061],[78.026,23.4076],[78.0319,23.4006],[78.0329,23.4025],[78.0443,23.4031],[78.0453,23.4007],[78.0485,23.4024],[78.0477,23.3911],[78.0578,23.3867],[78.0573,23.3823],[78.0548,23.3819],[78.0508,23.3754],[78.0522,23.3638],[78.0411,23.3632],[78.0251,23.3505],[78.0245,23.3447],[78.0222,23.3437],[78.0201,23.3472],[78.0153,23.3487],[78.0156,23.3511],[78.0071,23.3509],[78.0052,23.3621],[78.0023,23.3642],[77.9982,23.3627],[77.9888,23.3643],[77.9773,23.3712],[77.9634,23.3749],[77.9619,23.3726],[77.9583,23.373],[77.9576,23.3856],[77.9526,23.3943],[77.9569,23.3979],[77.9559,23.4065],[77.9588,23.4096],[77.955,23.4161],[77.9595,23.4181],[77.9599,23.4208],[77.9579,23.4226],[77.9305,23.4211],[77.9267,23.4248],[77.9257,23.4333],[77.9162,23.4356],[77.9138,23.4489],[77.8941,23.4479],[77.8909,23.4434],[77.8802,23.4451],[77.8789,23.4399],[77.8695,23.4362],[77.8624,23.4409],[77.8524,23.4394],[77.84,23.442],[77.8364,23.4527],[77.8311,23.4548],[77.8288,23.4584],[77.8217,23.455],[77.8115,23.4556],[77.7979,23.4736],[77.7982,23.4765],[77.7923,23.4788],[77.7865,23.4873],[77.7801,23.4887],[77.7728,23.4851],[77.774,23.4951],[77.7717,23.4978],[77.7721,23.5027],[77.7644,23.5013],[77.7625,23.5056],[77.7565,23.5075],[77.7655,23.5202],[77.7644,23.5223],[77.7563,23.5266],[77.7404,23.5264],[77.7359,23.5368],[77.7233,23.5353],[77.7158,23.5448],[77.7166,23.5528],[77.7129,23.5613],[77.7076,23.5644],[77.7006,23.5627],[77.7053,23.5511],[77.7007,23.5429],[77.6917,23.5343],[77.6828,23.5308],[77.6836,23.5246],[77.6769,23.5185],[77.6617,23.5244],[77.6637,23.5279],[77.6611,23.5302],[77.6616,23.5345],[77.6551,23.5357],[77.6544,23.5413],[77.6516,23.5439],[77.6418,23.5437],[77.6396,23.5499],[77.626,23.5525],[77.6222,23.5372],[77.6254,23.5261],[77.6475,23.5094],[77.6502,23.5014],[77.645,23.4934],[77.6471,23.4937],[77.65,23.4846],[77.6458,23.4783],[77.6355,23.4748],[77.6349,23.4693],[77.6295,23.47],[77.6243,23.4651],[77.619,23.4663],[77.6039,23.478],[77.6005,23.4829],[77.6007,23.4874],[77.5692,23.4906],[77.566,23.5054],[77.5429,23.5008],[77.5332,23.5049],[77.5203,23.5031],[77.5166,23.5073],[77.5123,23.499],[77.5122,23.4933],[77.5012,23.4832],[77.5049,23.4756],[77.4972,23.457],[77.4976,23.4512],[77.4932,23.4473],[77.4957,23.4372],[77.4893,23.4166],[77.5019,23.4139],[77.5016,23.4082],[77.5111,23.4019],[77.5173,23.4147],[77.5349,23.4181],[77.5549,23.4157],[77.5591,23.4093],[77.5578,23.4049],[77.5596,23.4016],[77.5576,23.3983],[77.548,23.3942],[77.5471,23.3786],[77.5522,23.3765],[77.5579,23.3788],[77.5552,23.3727],[77.5642,23.3621],[77.5757,23.3567],[77.5809,23.3568],[77.5803,23.3518],[77.5832,23.3523],[77.5809,23.3413],[77.6234,23.345],[77.627,23.3395],[77.6192,23.329],[77.6276,23.3184],[77.6258,23.3151],[77.6213,23.3163],[77.6054,23.3094],[77.5859,23.2879],[77.5885,23.2832],[77.5822,23.2721],[77.5834,23.2681],[77.5873,23.2669],[77.5952,23.2563],[77.586,23.2494],[77.5909,23.2404],[77.5919,23.2269],[77.5949,23.2248],[77.5894,23.2199],[77.5791,23.1951],[77.5732,23.1962],[77.5725,23.1868],[77.5791,23.1853],[77.58,23.1869],[77.5814,23.1851],[77.5789,23.1788],[77.5582,23.1749],[77.5581,23.1655],[77.5618,23.1635],[77.5606,23.1564],[77.5627,23.1551],[77.5661,23.1573],[77.5614,23.1376],[77.5466,23.1383],[77.5441,23.1379],[77.5432,23.1347],[77.5377,23.1344],[77.5374,23.13],[77.5331,23.1256],[77.5346,23.1188],[77.5164,23.1162],[77.5148,23.1207],[77.5097,23.1168],[77.5114,23.112],[77.5064,23.111],[77.506,23.1066],[77.5007,23.1039],[77.5015,23.0999],[77.4941,23.1005],[77.4889,23.0952],[77.4824,23.097],[77.4832,23.093],[77.4737,23.0939],[77.4727,23.0994],[77.4652,23.0935],[77.4578,23.0951],[77.4535,23.0863],[77.4511,23.088],[77.4449,23.0858],[77.4337,23.0869],[77.4307,23.0893],[77.4146,23.0853],[77.4114,23.0818],[77.4021,23.0848],[77.4013,23.0783],[77.3746,23.07],[77.3574,23.0516],[77.3389,23.0389],[77.3509,23.0365],[77.3577,23.0223],[77.3642,23.019],[77.3695,23.011],[77.3901,22.9949],[77.3917,22.9886],[77.4048,22.9751],[77.4063,22.9608],[77.4203,22.9688],[77.4244,22.9664],[77.4284,22.9592],[77.4379,22.9573],[77.4309,22.951],[77.4413,22.9452],[77.4421,22.9416],[77.4361,22.9341],[77.4359,22.9304],[77.4451,22.9203],[77.436,22.9091],[77.444,22.9071],[77.4467,22.9108],[77.4445,22.9143],[77.4538,22.9193],[77.4635,22.9188],[77.4792,22.9115],[77.482,22.902],[77.4943,22.8922],[77.5016,22.893],[77.5062,22.8999],[77.5304,22.9035],[77.5328,22.902],[77.5321,22.8985],[77.528,22.8956],[77.5281,22.8864],[77.524,22.8803],[77.5271,22.8761],[77.5365,22.8775],[77.5369,22.8736],[77.541,22.8711],[77.5373,22.8696],[77.5359,22.8649],[77.5418,22.8569],[77.5509,22.8593],[77.5559,22.8665],[77.5591,22.8776],[77.5647,22.8845],[77.5713,22.8806],[77.5748,22.8749],[77.5874,22.8766],[77.5985,22.8653],[77.6237,22.8517],[77.639,22.8388],[77.6508,22.8482],[77.6579,22.8469],[77.6801,22.8529],[77.6852,22.8533],[77.6928,22.848],[77.7053,22.8468],[77.7056,22.8493],[77.6896,22.8522],[77.6828,22.8619],[77.6838,22.8699],[77.6879,22.8732],[77.6901,22.8843],[77.704,22.8915],[77.7239,22.8973],[77.7235,22.9001],[77.7669,22.9132],[77.7751,22.9111],[77.778,22.9071],[77.7892,22.9068],[77.829,22.9269],[77.8318,22.9326],[77.8534,22.944],[77.8549,22.9489],[77.8705,22.9512],[77.9205,22.9667],[77.9268,22.9639],[77.9303,22.9666],[77.9611,22.9685],[77.9675,22.957],[77.965,22.9418],[77.9622,22.9395],[77.9655,22.9358],[77.9663,22.9274],[77.9645,22.9252],[77.9668,22.9218],[77.9652,22.9159],[77.9594,22.9123],[77.9686,22.91],[77.9727,22.9128],[77.979,22.9113],[77.983,22.9174],[77.9897,22.9198],[77.9906,22.9252],[78.0016,22.9249],[78.0054,22.93],[78.013,22.9298],[78.0135,22.923],[78.0222,22.9216],[78.0236,22.9127],[78.0346,22.9121],[78.031,22.8854],[78.0273,22.8825],[78.019,22.8824],[78.0186,22.8732],[78.0092,22.8612],[78.009,22.8548],[78.0261,22.8526],[78.0257,22.8477],[78.0314,22.8419],[78.0213,22.8332],[78.0264,22.8284],[78.0274,22.8241],[78.0321,22.8215],[78.0313,22.8157],[78.0285,22.8137],[78.0324,22.8101],[78.0282,22.8019],[78.0359,22.802],[78.0538,22.8126],[78.061,22.8142],[78.0692,22.8115],[78.0797,22.8021],[78.0959,22.7929],[78.1096,22.7897],[78.1212,22.7945],[78.1251,22.7995],[78.1267,22.8063],[78.1251,22.8291],[78.1281,22.8371],[78.1615,22.8641],[78.1831,22.8713],[78.188,22.8836],[78.1948,22.8907],[78.2062,22.8948],[78.2163,22.893],[78.2264,22.8766],[78.2377,22.8674],[78.2591,22.8759],[78.28,22.8678],[78.289,22.874],[78.3073,22.9022],[78.3208,22.9164],[78.3287,22.9204],[78.3468,22.9177],[78.3545,22.9205],[78.3783,22.9389],[78.3932,22.9596],[78.4027,22.966],[78.4335,22.9774],[78.4664,23.0043],[78.4767,23.0067],[78.497,23.0059],[78.5147,23.0121],[78.535,23.011],[78.557,23.0172],[78.5877,23.0109],[78.5948,23.0114],[78.611,23.0189],[78.6173,23.0279],[78.6221,23.0305],[78.6484,23.022],[78.6704,23.0374],[78.6783,23.0385],[78.6931,23.0353],[78.7109,23.0416],[78.7318,23.0443],[78.7385,23.0587],[78.7438,23.0617],[78.7486,23.0606],[78.7472,23.066],[78.743,23.0674],[78.7432,23.0693],[78.7516,23.0675],[78.7558,23.0738],[78.7589,23.0705],[78.7613,23.0743],[78.7569,23.0767],[78.7575,23.0791],[78.767,23.0758],[78.769,23.0826],[78.7753,23.0801],[78.7775,23.0888],[78.797,23.0898],[78.8013,23.0944],[78.801,23.0993],[78.8044,23.0997],[78.8021,23.105],[78.8065,23.1087],[78.7881,23.1174],[78.7929,23.1207],[78.7912,23.1247],[78.7978,23.1339],[78.7979,23.1452],[78.8021,23.1462],[78.8018,23.1569],[78.7992,23.1598],[78.8065,23.1631],[78.8025,23.1839],[78.8068,23.1928],[78.8065,23.1973],[78.8165,23.2134],[78.8163,23.2222],[78.8116,23.2268],[78.8093,23.2357],[78.8036,23.2384],[78.8029,23.2423],[78.7995,23.2415],[78.7915,23.2464],[78.7751,23.2511],[78.7689,23.2436],[78.7649,23.2474],[78.7601,23.2477],[78.7625,23.2563],[78.7596,23.2618],[78.7615,23.2631],[78.7604,23.2682],[78.7656,23.2732],[78.7634,23.2843],[78.7715,23.2878],[78.773,23.2936],[78.7709,23.2965],[78.7629,23.2989],[78.7629,23.306],[78.7585,23.3103],[78.7477,23.3093],[78.7504,23.3183],[78.7462,23.3183],[78.747,23.3218],[78.7349,23.3271],[78.7338,23.3393],[78.7279,23.3397],[78.7252,23.3473],[78.7162,23.3524],[78.716,23.3556],[78.7083,23.3613],[78.7089,23.3538],[78.7002,23.3546],[78.6963,23.3494],[78.6851,23.3452],[78.6756,23.3445],[78.6644,23.3321],[78.6596,23.3374],[78.6441,23.3454],[78.6414,23.356],[78.6313,23.3616],[78.6331,23.3661],[78.6304,23.3689],[78.6275,23.381],[78.6294,23.3982],[78.6269,23.4119],[78.624,23.4119],[78.6254,23.4167],[78.6149,23.4203],[78.6126,23.4186],[78.6108,23.4235],[78.605,23.4211],[78.601,23.4241],[78.6036,23.4254],[78.6036,23.4301],[78.6085,23.4335],[78.6085,23.4376],[78.6184,23.4366],[78.6222,23.4463],[78.6242,23.4472],[78.6249,23.4437],[78.6288,23.4512],[78.6383,23.4505],[78.6545,23.4432],[78.6634,23.4471],[78.6678,23.4548],[78.6686,23.4635],[78.6718,23.466],[78.6658,23.4734],[78.6776,23.4934],[78.6907,23.5005],[78.6966,23.5012],[78.7011,23.5172],[78.7154,23.5181],[78.7194,23.5356],[78.7343,23.5291],[78.7379,23.5312],[78.7384,23.5412],[78.745,23.5474],[78.7415,23.5689],[78.7395,23.5701],[78.74,23.5787],[78.7323,23.5845],[78.729,23.5826],[78.7292,23.5765],[78.7239,23.5795],[78.7194,23.5767],[78.702,23.577],[78.692,23.5706],[78.6904,23.5661],[78.6852,23.5662],[78.6805,23.5606],[78.6501,23.5634],[78.645,23.5595],[78.6444,23.55],[78.6408,23.546],[78.6331,23.5514],[78.6237,23.5539],[78.6145,23.5465],[78.6065,23.5496],[78.5971,23.5462],[78.5926,23.5493],[78.5925,23.5521],[78.5857,23.554],[78.5776,23.5516],[78.5746,23.5542],[78.5719,23.5652],[78.5679,23.5678],[78.5597,23.5636],[78.558,23.5602],[78.5531,23.5611],[78.5415,23.5582],[78.5393,23.5636],[78.5369,23.5637],[78.5369,23.5567],[78.5394,23.5547],[78.5353,23.5504],[78.5197,23.5534],[78.5167,23.5369],[78.5129,23.5354],[78.5087,23.5372],[78.5091,23.5314],[78.5034,23.5309],[78.4987,23.5373],[78.5029,23.5491],[78.5066,23.5532],[78.5041,23.5619],[78.507,23.5646],[78.5024,23.5715],[78.5031,23.5798],[78.4988,23.5847],[78.5013,23.5858],[78.4996,23.5891],[78.5062,23.5927],[78.5106,23.6044],[78.5157,23.6084],[78.5132,23.6107],[78.514,23.6206],[78.5093,23.6238],[78.5096,23.6334],[78.5065,23.6363],[78.5128,23.6408],[78.5122,23.6461],[78.5169,23.6505],[78.5152,23.6579],[78.5066,23.6531],[78.5029,23.6465],[78.4955,23.6475],[78.4845,23.6423],[78.4853,23.6362],[78.4761,23.6398],[78.4734,23.646],[78.4744,23.6495],[78.4693,23.6428],[78.4674,23.6438],[78.4673,23.6504],[78.4711,23.6548],[78.4661,23.662],[78.4693,23.6679],[78.4703,23.6774],[78.4642,23.6768],[78.4567,23.6895],[78.4471,23.6915],[78.4443,23.7015],[78.446,23.7043],[78.445,23.7144],[78.4386,23.7192],[78.4417,23.7233],[78.4363,23.7261],[78.4344,23.7449],[78.4295,23.7455]]]},"properties":{"dtname":"Raisen","stname":"MADHYA PRADESH","stcode11":"23","dtcode11":"446","year_stat":"2011_c","Shape_Length":875882.1129169562,"Shape_Area":10084513977.25779,"OBJECTID":432,"test":0,"Dist_LGD":421,"State_LGD":23}},{"type":"Feature","id":435,"geometry":{"type":"Polygon","coordinates":[[[77.1673,23.674],[77.1603,23.6717],[77.1568,23.6621],[77.1376,23.64],[77.1266,23.6167],[77.1305,23.6014],[77.1406,23.596],[77.1437,23.5881],[77.1348,23.5735],[77.138,23.5633],[77.1387,23.5477],[77.1273,23.5458],[77.1185,23.5378],[77.1139,23.5289],[77.1051,23.5193],[77.1004,23.4979],[77.0949,23.4902],[77.0804,23.4814],[77.0685,23.4807],[77.0531,23.4703],[77.0412,23.4593],[77.0375,23.4529],[77.0268,23.4476],[77.0186,23.4476],[77.013,23.4411],[77.0106,23.427],[76.999,23.4148],[76.995,23.405],[76.9881,23.3967],[76.9893,23.3889],[76.9941,23.3819],[76.9893,23.3689],[76.9893,23.3574],[76.9805,23.3472],[76.9827,23.3326],[76.9792,23.311],[76.9877,23.3006],[76.9875,23.2858],[76.9726,23.277],[76.9678,23.2604],[76.9545,23.2536],[76.9395,23.2362],[76.9234,23.2309],[76.9075,23.232],[76.9016,23.2271],[76.9025,23.2138],[76.8886,23.2054],[76.8946,23.1948],[76.8986,23.1788],[76.8926,23.1528],[76.8955,23.1365],[76.8848,23.1247],[76.8824,23.1267],[76.8812,23.1213],[76.8723,23.1217],[76.8707,23.1171],[76.861,23.1174],[76.8624,23.109],[76.855,23.1077],[76.8461,23.1117],[76.8219,23.1148],[76.8217,23.1195],[76.8261,23.1279],[76.8191,23.1293],[76.8101,23.1249],[76.8034,23.1252],[76.8031,23.1309],[76.7974,23.1358],[76.7975,23.1441],[76.7886,23.1461],[76.7887,23.1522],[76.7674,23.1568],[76.7744,23.1719],[76.7465,23.184],[76.7418,23.1808],[76.7419,23.1761],[76.7451,23.1694],[76.7513,23.1644],[76.7522,23.157],[76.7428,23.1413],[76.7314,23.1424],[76.7228,23.1583],[76.6982,23.1577],[76.6937,23.1667],[76.6956,23.1754],[76.6854,23.1941],[76.6749,23.1975],[76.6728,23.1891],[76.6551,23.1872],[76.6538,23.1969],[76.6471,23.2002],[76.6301,23.1976],[76.6324,23.1681],[76.6283,23.1387],[76.6185,23.1392],[76.6134,23.1368],[76.5907,23.1183],[76.5919,23.1127],[76.5752,23.1144],[76.5587,23.1195],[76.5595,23.1258],[76.542,23.1309],[76.5382,23.1304],[76.5304,23.1205],[76.5278,23.1126],[76.508,23.1175],[76.5049,23.1161],[76.5011,23.1132],[76.4971,23.0982],[76.5249,23.0901],[76.521,23.0742],[76.5014,23.0745],[76.4916,23.0771],[76.4863,23.0876],[76.4818,23.0898],[76.4563,23.0916],[76.4533,23.0778],[76.4673,23.0757],[76.4678,23.0667],[76.4649,23.0486],[76.4603,23.0485],[76.4576,23.0323],[76.454,23.0271],[76.4641,23.0234],[76.4697,23.0013],[76.4656,23.0025],[76.4635,23.0],[76.4498,22.9975],[76.4415,22.9911],[76.4386,22.9927],[76.4328,22.9902],[76.4302,22.9838],[76.4324,22.9791],[76.4435,22.9758],[76.445,22.9707],[76.4646,22.9668],[76.4611,22.9543],[76.4637,22.9463],[76.4532,22.9258],[76.4547,22.9197],[76.4594,22.9192],[76.4662,22.9133],[76.4691,22.9058],[76.4676,22.8999],[76.4798,22.898],[76.4852,22.8939],[76.5007,22.8887],[76.5041,22.8843],[76.5015,22.8762],[76.506,22.8759],[76.511,22.8692],[76.5169,22.868],[76.5151,22.8642],[76.5288,22.8588],[76.5272,22.8549],[76.5352,22.8421],[76.5256,22.8207],[76.5283,22.8049],[76.5258,22.7987],[76.5309,22.8004],[76.5336,22.7937],[76.5361,22.7965],[76.5385,22.7945],[76.5409,22.7984],[76.5491,22.7978],[76.5531,22.7944],[76.5503,22.7925],[76.5525,22.7908],[76.5523,22.7846],[76.558,22.788],[76.5593,22.785],[76.5665,22.7848],[76.5549,22.7724],[76.5555,22.771],[76.5625,22.7797],[76.5699,22.7733],[76.5758,22.7716],[76.5768,22.764],[76.5735,22.7597],[76.5679,22.7636],[76.5733,22.7587],[76.5829,22.7665],[76.5822,22.7695],[76.5934,22.7774],[76.6066,22.7805],[76.6093,22.7771],[76.6128,22.7782],[76.6147,22.7829],[76.6198,22.7809],[76.6281,22.7829],[76.6329,22.7866],[76.6217,22.7827],[76.6165,22.7889],[76.6234,22.7891],[76.6229,22.7948],[76.6262,22.7916],[76.6323,22.7928],[76.6277,22.7968],[76.6405,22.7962],[76.6428,22.7999],[76.6464,22.7986],[76.6462,22.8048],[76.6522,22.8006],[76.6521,22.796],[76.6546,22.7971],[76.6532,22.7875],[76.6612,22.7858],[76.6616,22.7811],[76.6652,22.7873],[76.6798,22.7854],[76.6839,22.7817],[76.687,22.7939],[76.691,22.7899],[76.7106,22.7928],[76.7089,22.8085],[76.6991,22.8098],[76.699,22.8117],[76.704,22.8138],[76.698,22.8123],[76.6967,22.8165],[76.7034,22.8196],[76.7138,22.8202],[76.7147,22.8227],[76.719,22.8236],[76.7328,22.8201],[76.7332,22.8178],[76.7206,22.819],[76.7315,22.8157],[76.7154,22.8138],[76.7205,22.8124],[76.7411,22.8156],[76.7439,22.8193],[76.7396,22.8169],[76.7371,22.8186],[76.7426,22.8233],[76.7534,22.8244],[76.7537,22.8199],[76.762,22.8142],[76.7682,22.8164],[76.7701,22.8137],[76.7769,22.8157],[76.7751,22.8184],[76.7709,22.8145],[76.7714,22.8166],[76.7665,22.8169],[76.7662,22.8197],[76.7775,22.8282],[76.7827,22.8236],[76.7821,22.826],[76.7851,22.8271],[76.7795,22.8289],[76.7859,22.8317],[76.7872,22.83],[76.788,22.8332],[76.7916,22.8341],[76.7959,22.8314],[76.7978,22.8372],[76.8013,22.8369],[76.8005,22.8394],[76.8037,22.8433],[76.8059,22.8423],[76.8078,22.8447],[76.8069,22.8463],[76.8026,22.8452],[76.8045,22.8499],[76.8105,22.8497],[76.8145,22.8538],[76.8183,22.8523],[76.8146,22.8543],[76.8156,22.861],[76.8195,22.8582],[76.8217,22.8591],[76.8205,22.8622],[76.8253,22.8625],[76.8281,22.858],[76.8306,22.8641],[76.8337,22.8557],[76.8325,22.8646],[76.8388,22.8718],[76.8404,22.8657],[76.8434,22.8634],[76.854,22.8613],[76.8565,22.8625],[76.8496,22.8685],[76.8568,22.8672],[76.8519,22.8738],[76.8567,22.8769],[76.8587,22.8714],[76.861,22.8728],[76.8612,22.8665],[76.8643,22.8696],[76.868,22.864],[76.8661,22.8702],[76.8677,22.8711],[76.8628,22.874],[76.8686,22.875],[76.8667,22.8776],[76.8684,22.8841],[76.8769,22.8638],[76.881,22.8697],[76.885,22.868],[76.8852,22.871],[76.8776,22.8789],[76.8822,22.8773],[76.8792,22.8821],[76.8806,22.885],[76.8835,22.8841],[76.8836,22.8908],[76.886,22.89],[76.8848,22.8795],[76.887,22.8758],[76.8883,22.8811],[76.8901,22.8783],[76.8951,22.8798],[76.8949,22.8763],[76.8981,22.8897],[76.9031,22.8878],[76.9008,22.8775],[76.9064,22.8706],[76.901,22.8705],[76.8954,22.8669],[76.9007,22.8667],[76.9168,22.8746],[76.9146,22.8619],[76.9105,22.8632],[76.9073,22.859],[76.9121,22.8628],[76.9128,22.858],[76.9159,22.8619],[76.9157,22.8567],[76.9203,22.8654],[76.9224,22.867],[76.9249,22.8644],[76.919,22.8513],[76.9194,22.8465],[76.914,22.8404],[76.9207,22.8342],[76.9211,22.8307],[76.9105,22.8298],[76.9146,22.8256],[76.9227,22.8275],[76.9295,22.8222],[76.9301,22.8283],[76.9194,22.8412],[76.9271,22.86],[76.927,22.8527],[76.9318,22.8534],[76.928,22.8647],[76.9364,22.8608],[76.9287,22.8675],[76.9346,22.8708],[76.9345,22.873],[76.9386,22.875],[76.9386,22.8719],[76.9408,22.8733],[76.9421,22.8712],[76.9393,22.8684],[76.9443,22.8622],[76.943,22.8701],[76.9464,22.8701],[76.9486,22.8776],[76.9518,22.8709],[76.9537,22.8755],[76.9565,22.8724],[76.9514,22.8674],[76.9521,22.8615],[76.9554,22.8603],[76.9578,22.8688],[76.9615,22.8635],[76.9621,22.8656],[76.9673,22.8647],[76.9653,22.8607],[76.9678,22.8591],[76.9675,22.8637],[76.9719,22.8621],[76.9724,22.8648],[76.9789,22.866],[76.9787,22.8694],[76.9849,22.8746],[76.9936,22.8689],[76.9944,22.8727],[76.9917,22.8777],[76.9999,22.8768],[77.0039,22.8789],[77.0022,22.8734],[77.0061,22.8688],[77.0053,22.8617],[77.0071,22.8597],[77.0039,22.8441],[77.0075,22.8413],[77.0056,22.8362],[77.0108,22.8323],[77.0058,22.8143],[77.0117,22.8066],[77.0099,22.8034],[77.0135,22.7999],[77.0118,22.7921],[77.0246,22.7835],[77.0294,22.7707],[77.0283,22.7575],[77.0215,22.752],[77.0181,22.7523],[77.0172,22.7465],[77.0211,22.7424],[77.0216,22.7295],[77.0373,22.7274],[77.0396,22.7235],[77.0406,22.7049],[77.0452,22.6993],[77.0451,22.6957],[77.0419,22.6962],[77.0397,22.6928],[77.0335,22.6941],[77.0306,22.69],[77.0314,22.6858],[77.0366,22.6811],[77.0448,22.665],[77.0464,22.6718],[77.0555,22.6784],[77.0602,22.676],[77.0595,22.6691],[77.0617,22.6642],[77.0689,22.6611],[77.0695,22.6579],[77.0775,22.6581],[77.0904,22.6506],[77.0925,22.6471],[77.0894,22.6454],[77.0911,22.6417],[77.0872,22.6364],[77.0893,22.6298],[77.0873,22.6195],[77.1017,22.6144],[77.1028,22.6085],[77.1094,22.6053],[77.1107,22.6022],[77.1137,22.6023],[77.1164,22.5978],[77.1268,22.5973],[77.1243,22.5963],[77.1269,22.5933],[77.1266,22.5855],[77.1312,22.5831],[77.1301,22.578],[77.1327,22.5768],[77.1228,22.5633],[77.1301,22.5554],[77.1517,22.5753],[77.1607,22.5791],[77.1768,22.5787],[77.208,22.5664],[77.2182,22.5669],[77.227,22.5722],[77.2565,22.6022],[77.2658,22.6064],[77.2727,22.6045],[77.2771,22.6003],[77.2828,22.5815],[77.2929,22.5655],[77.3126,22.5589],[77.3222,22.5587],[77.3309,22.562],[77.3444,22.57],[77.3531,22.5958],[77.3647,22.6072],[77.3754,22.6095],[77.3952,22.607],[77.4233,22.6242],[77.4364,22.6253],[77.4455,22.637],[77.4657,22.6474],[77.4834,22.6468],[77.4945,22.6424],[77.5019,22.6439],[77.5125,22.6496],[77.5206,22.6623],[77.5303,22.6681],[77.5681,22.6698],[77.5828,22.6771],[77.589,22.6851],[77.5925,22.7034],[77.6109,22.7275],[77.6175,22.7397],[77.6239,22.7447],[77.637,22.7451],[77.6571,22.7332],[77.665,22.732],[77.6772,22.7394],[77.6886,22.762],[77.6993,22.7671],[77.7114,22.7665],[77.7291,22.7582],[77.7414,22.7604],[77.7527,22.7728],[77.7788,22.7907],[77.7806,22.7942],[77.7796,22.806],[77.7827,22.8149],[77.7987,22.8419],[77.8201,22.8506],[77.8406,22.8693],[77.847,22.8723],[77.86,22.8701],[77.8708,22.8635],[77.8618,22.8396],[77.8665,22.8324],[77.8741,22.8292],[77.8834,22.8305],[77.9105,22.8562],[77.9208,22.8572],[77.9278,22.8514],[77.93,22.8473],[77.9291,22.8411],[77.9183,22.8248],[77.9108,22.82],[77.9091,22.8131],[77.9131,22.8007],[77.9065,22.787],[77.9074,22.7802],[77.9091,22.7755],[77.9189,22.7706],[77.9277,22.7704],[77.9391,22.7794],[77.9439,22.7905],[77.9371,22.8104],[77.9579,22.8234],[77.9732,22.8264],[77.9976,22.8229],[78.0282,22.8019],[78.0324,22.8101],[78.0285,22.8137],[78.0313,22.8157],[78.0321,22.8215],[78.0274,22.8241],[78.0264,22.8284],[78.0213,22.8332],[78.0314,22.8419],[78.0257,22.8477],[78.0261,22.8526],[78.009,22.8548],[78.0092,22.8612],[78.0186,22.8732],[78.019,22.8824],[78.0273,22.8825],[78.031,22.8854],[78.0346,22.9121],[78.0236,22.9127],[78.0222,22.9216],[78.0135,22.923],[78.013,22.9298],[78.0054,22.93],[78.0016,22.9249],[77.9906,22.9252],[77.9897,22.9198],[77.983,22.9174],[77.979,22.9113],[77.9727,22.9128],[77.9686,22.91],[77.9594,22.9123],[77.9652,22.9159],[77.9668,22.9218],[77.9645,22.9252],[77.9663,22.9274],[77.9655,22.9358],[77.9622,22.9395],[77.965,22.9418],[77.9675,22.957],[77.9611,22.9685],[77.9303,22.9666],[77.9268,22.9639],[77.9205,22.9667],[77.8705,22.9512],[77.8549,22.9489],[77.8534,22.944],[77.8318,22.9326],[77.829,22.9269],[77.7892,22.9068],[77.778,22.9071],[77.7751,22.9111],[77.7669,22.9132],[77.7235,22.9001],[77.7239,22.8973],[77.704,22.8915],[77.6901,22.8843],[77.6879,22.8732],[77.6838,22.8699],[77.6828,22.8619],[77.6896,22.8522],[77.7056,22.8493],[77.7053,22.8468],[77.6928,22.848],[77.6852,22.8533],[77.6801,22.8529],[77.6579,22.8469],[77.6508,22.8482],[77.6394,22.8388],[77.6237,22.8517],[77.5985,22.8653],[77.5874,22.8766],[77.5748,22.8749],[77.5713,22.8806],[77.5647,22.8845],[77.5591,22.8776],[77.5559,22.8665],[77.5509,22.8593],[77.5418,22.8569],[77.5359,22.8649],[77.5373,22.8696],[77.541,22.8711],[77.5369,22.8736],[77.5365,22.8775],[77.5271,22.8761],[77.524,22.8803],[77.5281,22.8864],[77.528,22.8956],[77.5321,22.8985],[77.5328,22.902],[77.5304,22.9035],[77.5062,22.8999],[77.5016,22.893],[77.4943,22.8922],[77.482,22.902],[77.4792,22.9115],[77.4635,22.9188],[77.4538,22.9193],[77.4445,22.9143],[77.4467,22.9108],[77.444,22.9071],[77.436,22.9091],[77.4451,22.9203],[77.4359,22.9304],[77.4361,22.9341],[77.4421,22.9416],[77.4413,22.9452],[77.4309,22.951],[77.4379,22.9573],[77.4284,22.9592],[77.4244,22.9664],[77.4203,22.9688],[77.4063,22.9608],[77.4048,22.9751],[77.3917,22.9886],[77.3901,22.9949],[77.3695,23.011],[77.3642,23.019],[77.3577,23.0223],[77.3509,23.0365],[77.3389,23.0389],[77.3574,23.0516],[77.3708,23.0672],[77.3794,23.0725],[77.3747,23.0769],[77.367,23.0767],[77.3594,23.0807],[77.3373,23.0795],[77.3216,23.0853],[77.3195,23.0896],[77.3214,23.1007],[77.2959,23.1011],[77.2811,23.0938],[77.2712,23.094],[77.2762,23.104],[77.2718,23.1163],[77.2715,23.1244],[77.2669,23.1299],[77.2605,23.1328],[77.2469,23.1343],[77.2476,23.1497],[77.2444,23.1516],[77.2379,23.1502],[77.2374,23.1587],[77.2311,23.1637],[77.2316,23.1718],[77.2218,23.1747],[77.2257,23.1787],[77.2281,23.1878],[77.2031,23.1925],[77.2139,23.2051],[77.2145,23.2081],[77.2067,23.2116],[77.2068,23.2172],[77.2093,23.2199],[77.1966,23.2158],[77.1978,23.2144],[77.1934,23.2127],[77.1837,23.2121],[77.1773,23.2225],[77.1764,23.2291],[77.1862,23.2326],[77.1894,23.2417],[77.2063,23.2482],[77.2029,23.2561],[77.2032,23.2652],[77.206,23.2697],[77.2121,23.2707],[77.2127,23.2764],[77.2103,23.2798],[77.2147,23.2853],[77.2115,23.2911],[77.1943,23.2944],[77.1873,23.2921],[77.1838,23.3014],[77.1697,23.3021],[77.1718,23.3088],[77.1688,23.3159],[77.177,23.3252],[77.1751,23.3331],[77.1768,23.3497],[77.1813,23.3535],[77.1932,23.3524],[77.1975,23.3464],[77.1963,23.339],[77.2001,23.3262],[77.2055,23.3183],[77.2176,23.3205],[77.2176,23.3298],[77.2237,23.3451],[77.2218,23.3507],[77.2246,23.3554],[77.2346,23.3636],[77.2346,23.3702],[77.2425,23.3761],[77.2468,23.3743],[77.2534,23.3775],[77.2497,23.3855],[77.2458,23.3859],[77.241,23.3909],[77.235,23.3892],[77.2276,23.3906],[77.2337,23.3955],[77.2337,23.4036],[77.2439,23.4014],[77.249,23.4053],[77.2684,23.3998],[77.2817,23.4169],[77.281,23.421],[77.2882,23.4262],[77.2846,23.4314],[77.2834,23.4413],[77.2873,23.4522],[77.2915,23.4548],[77.2931,23.4632],[77.2982,23.4678],[77.284,23.4712],[77.2835,23.4873],[77.2871,23.4872],[77.2977,23.5018],[77.2958,23.5085],[77.2886,23.5103],[77.2905,23.5203],[77.2887,23.5295],[77.2914,23.5398],[77.2872,23.5411],[77.289,23.5443],[77.2824,23.5536],[77.2957,23.5741],[77.2853,23.5801],[77.2737,23.5813],[77.2728,23.5942],[77.2776,23.5997],[77.2655,23.6022],[77.249,23.6138],[77.2307,23.6139],[77.2228,23.6217],[77.2233,23.6279],[77.2294,23.6386],[77.2256,23.6534],[77.2144,23.6606],[77.2057,23.6604],[77.2031,23.6539],[77.2046,23.6536],[77.2001,23.6484],[77.1913,23.6555],[77.1902,23.6618],[77.1857,23.6672],[77.1781,23.6693],[77.1761,23.6602],[77.1735,23.66],[77.1717,23.6731],[77.1673,23.674]]]},"properties":{"dtname":"Sehore","stname":"MADHYA PRADESH","stcode11":"23","dtcode11":"445","year_stat":"2011_c","Shape_Length":958524.1416024734,"Shape_Area":7787041098.414965,"OBJECTID":435,"test":0,"Dist_LGD":427,"State_LGD":23}},{"type":"Feature","id":440,"geometry":{"type":"Polygon","coordinates":[[[79.9688,23.6143],[79.9655,23.6152],[79.9433,23.6046],[79.9174,23.5867],[79.9034,23.5858],[79.901,23.5748],[79.8926,23.5729],[79.8921,23.5658],[79.886,23.5622],[79.8849,23.559],[79.8766,23.5562],[79.8782,23.5544],[79.8755,23.5528],[79.8732,23.5404],[79.8473,23.5042],[79.8364,23.5112],[79.8153,23.5127],[79.8202,23.5105],[79.8196,23.5085],[79.8154,23.502],[79.81,23.4988],[79.8157,23.4953],[79.8147,23.4906],[79.8078,23.4816],[79.8021,23.4658],[79.7965,23.4632],[79.7928,23.465],[79.7874,23.4599],[79.7936,23.4555],[79.7856,23.4487],[79.786,23.4465],[79.789,23.4465],[79.7822,23.4411],[79.7751,23.4393],[79.7714,23.4426],[79.7715,23.446],[79.7676,23.4453],[79.7666,23.4383],[79.7584,23.432],[79.7413,23.4298],[79.7408,23.4341],[79.7378,23.4366],[79.7348,23.4312],[79.7355,23.4263],[79.7292,23.4283],[79.7244,23.4254],[79.7266,23.4244],[79.723,23.4227],[79.7248,23.4188],[79.7331,23.4197],[79.7306,23.4128],[79.7332,23.4093],[79.725,23.3997],[79.7197,23.3984],[79.7225,23.3938],[79.7173,23.3922],[79.7194,23.3858],[79.7161,23.3825],[79.7125,23.3717],[79.7035,23.3751],[79.7063,23.368],[79.7029,23.3615],[79.6875,23.3498],[79.6748,23.3434],[79.6745,23.3382],[79.6684,23.3352],[79.6649,23.3365],[79.615,23.3092],[79.5694,23.2809],[79.5663,23.2762],[79.5615,23.2759],[79.5554,23.2706],[79.5321,23.2596],[79.5314,23.2658],[79.5158,23.2683],[79.5112,23.2682],[79.4986,23.2616],[79.4883,23.264],[79.493,23.2619],[79.4889,23.2571],[79.4869,23.2495],[79.4786,23.244],[79.4753,23.238],[79.4572,23.2267],[79.4517,23.2195],[79.4287,23.2015],[79.4236,23.1945],[79.3709,23.1676],[79.3734,23.1639],[79.3736,23.1565],[79.3515,23.1387],[79.3579,23.1305],[79.3536,23.1268],[79.352,23.1138],[79.3468,23.1074],[79.3619,23.106],[79.3818,23.113],[79.3882,23.1112],[79.3986,23.1019],[79.4035,23.1002],[79.4348,23.1082],[79.4412,23.1066],[79.4531,23.0988],[79.4582,23.0983],[79.4698,23.1062],[79.4808,23.1188],[79.5143,23.1428],[79.5201,23.1435],[79.5714,23.1345],[79.5776,23.1264],[79.5817,23.1121],[79.6157,23.1054],[79.6076,23.0987],[79.6135,23.0948],[79.6136,23.0904],[79.6003,23.0919],[79.6024,23.0834],[79.6084,23.0883],[79.6064,23.0762],[79.6082,23.0677],[79.6011,23.0648],[79.5964,23.0595],[79.5997,23.0529],[79.5939,23.0434],[79.5984,23.0387],[79.5989,23.034],[79.5903,23.0231],[79.5931,23.0204],[79.6013,23.0221],[79.6089,23.0196],[79.6056,23.01],[79.609,23.0052],[79.6165,23.0032],[79.6151,22.9926],[79.6229,22.9946],[79.6274,22.9933],[79.6283,22.9898],[79.6327,22.9885],[79.6431,22.979],[79.6405,22.9728],[79.6379,22.9731],[79.6382,22.9708],[79.6227,22.9678],[79.6243,22.9605],[79.6225,22.9556],[79.6261,22.9539],[79.6298,22.9458],[79.6395,22.9446],[79.6488,22.9264],[79.6564,22.9234],[79.665,22.9234],[79.6728,22.9281],[79.6788,22.9267],[79.6869,22.9299],[79.6854,22.9239],[79.7009,22.9255],[79.7161,22.9242],[79.7302,22.9197],[79.7485,22.9206],[79.7513,22.9135],[79.7441,22.8969],[79.7497,22.8991],[79.7552,22.8926],[79.7813,22.8793],[79.7708,22.8731],[79.7647,22.8639],[79.7592,22.8602],[79.7634,22.8464],[79.7653,22.8447],[79.7848,22.8466],[79.7898,22.8493],[79.8006,22.8634],[79.8206,22.8712],[79.818,22.8606],[79.8186,22.8484],[79.827,22.8448],[79.8276,22.8389],[79.8344,22.8326],[79.8468,22.8308],[79.8553,22.8344],[79.8642,22.8522],[79.8704,22.8557],[79.8828,22.8506],[79.8864,22.8604],[79.9004,22.8636],[79.9025,22.8638],[79.9041,22.8605],[79.9067,22.8453],[79.9252,22.8572],[79.941,22.8608],[79.9584,22.8562],[79.9644,22.852],[79.9666,22.8663],[79.9652,22.8717],[79.9623,22.871],[79.9756,22.8854],[79.969,22.8895],[79.9701,22.9009],[79.9682,22.9082],[79.9694,22.9156],[79.9745,22.9174],[79.9708,22.9239],[79.9542,22.9369],[79.9548,22.9442],[79.9514,22.946],[79.967,22.9555],[79.966,22.9583],[79.9699,22.9613],[79.9821,22.9662],[79.9844,22.9692],[79.9896,22.9697],[79.9992,22.9795],[80.0056,22.9794],[80.0021,22.9866],[79.9947,22.9921],[79.9912,22.9983],[79.998,23.0035],[80.0045,23.0029],[80.0053,23.0064],[79.9982,23.0165],[79.9903,23.0138],[79.9953,23.0212],[79.9924,23.0275],[79.9943,23.03],[80.0147,23.0316],[80.0366,23.0394],[80.0472,23.0516],[80.054,23.0539],[80.0578,23.0589],[80.0711,23.0665],[80.0796,23.066],[80.0829,23.075],[80.0812,23.0772],[80.0974,23.0794],[80.1088,23.0757],[80.1084,23.0527],[80.1178,23.0523],[80.1254,23.0547],[80.1293,23.0598],[80.1348,23.0594],[80.1382,23.0563],[80.1419,23.0566],[80.1418,23.0448],[80.1444,23.0493],[80.1483,23.0454],[80.1578,23.0487],[80.1637,23.0477],[80.1692,23.0427],[80.1766,23.0242],[80.1865,23.0228],[80.1909,23.0282],[80.1918,23.0333],[80.1874,23.0414],[80.1852,23.0536],[80.1809,23.0566],[80.1821,23.0627],[80.1869,23.0673],[80.2042,23.0686],[80.2027,23.0864],[80.1887,23.092],[80.19,23.1046],[80.1816,23.1109],[80.1796,23.1221],[80.1885,23.1298],[80.2178,23.1323],[80.2282,23.1428],[80.2382,23.1401],[80.2422,23.1419],[80.248,23.1515],[80.2659,23.1455],[80.2763,23.146],[80.2791,23.1417],[80.2763,23.1354],[80.281,23.1363],[80.2895,23.1333],[80.2962,23.1255],[80.2956,23.1078],[80.3001,23.1058],[80.3018,23.0984],[80.3088,23.0963],[80.3293,23.0969],[80.3376,23.111],[80.3369,23.1166],[80.3506,23.1209],[80.3595,23.1393],[80.3928,23.1421],[80.3897,23.1445],[80.3897,23.1576],[80.3942,23.1671],[80.3913,23.1713],[80.4112,23.1721],[80.42,23.154],[80.4232,23.1529],[80.4229,23.1435],[80.4246,23.1421],[80.436,23.1403],[80.4594,23.1426],[80.4623,23.1405],[80.463,23.1318],[80.4582,23.1249],[80.471,23.1221],[80.4788,23.1261],[80.4794,23.1171],[80.4886,23.116],[80.491,23.1072],[80.5119,23.107],[80.5122,23.0909],[80.5053,23.084],[80.5073,23.0799],[80.5165,23.0773],[80.5282,23.0779],[80.5293,23.0834],[80.5249,23.0978],[80.5258,23.1054],[80.542,23.1041],[80.5519,23.1123],[80.5569,23.122],[80.5674,23.1206],[80.5776,23.1278],[80.5819,23.1381],[80.5622,23.1471],[80.5558,23.1537],[80.5526,23.167],[80.5424,23.1664],[80.5228,23.1542],[80.5184,23.1647],[80.5145,23.1702],[80.5102,23.1709],[80.5035,23.1826],[80.4984,23.1873],[80.4799,23.1932],[80.4781,23.1996],[80.4846,23.202],[80.503,23.2024],[80.5036,23.2112],[80.5216,23.2407],[80.5207,23.2523],[80.5226,23.2591],[80.5334,23.2572],[80.5435,23.2624],[80.543,23.2707],[80.5684,23.2689],[80.5714,23.2818],[80.5825,23.2823],[80.5835,23.2845],[80.5825,23.3141],[80.5678,23.3164],[80.576,23.3519],[80.5672,23.3547],[80.5424,23.3537],[80.5404,23.3627],[80.5447,23.367],[80.553,23.3702],[80.5558,23.378],[80.5543,23.3817],[80.5453,23.3862],[80.5439,23.3937],[80.5234,23.3787],[80.5097,23.3806],[80.5032,23.3869],[80.4847,23.3926],[80.4809,23.3838],[80.4832,23.3801],[80.4821,23.374],[80.4781,23.3712],[80.4676,23.37],[80.4638,23.3645],[80.463,23.3472],[80.4584,23.3441],[80.4408,23.3436],[80.4359,23.3481],[80.4323,23.3451],[80.4219,23.3472],[80.4101,23.341],[80.4062,23.3418],[80.4028,23.3494],[80.3947,23.3514],[80.39,23.3483],[80.3908,23.3385],[80.379,23.3369],[80.3761,23.3311],[80.3642,23.3289],[80.3696,23.3118],[80.3659,23.3089],[80.3671,23.3053],[80.3551,23.3072],[80.342,23.3035],[80.3265,23.3055],[80.3296,23.3104],[80.3281,23.3146],[80.3227,23.3155],[80.3211,23.3194],[80.3055,23.3268],[80.3008,23.3346],[80.3018,23.3377],[80.2967,23.3388],[80.2989,23.3404],[80.2974,23.3436],[80.3014,23.3532],[80.2964,23.3536],[80.2918,23.3841],[80.3026,23.3862],[80.3174,23.4099],[80.3147,23.4136],[80.3114,23.4137],[80.3102,23.4175],[80.3038,23.4175],[80.2988,23.4224],[80.2965,23.4411],[80.2922,23.4455],[80.2906,23.4442],[80.2876,23.4339],[80.2733,23.4365],[80.2711,23.439],[80.2687,23.4377],[80.2653,23.4398],[80.2638,23.4478],[80.26,23.4449],[80.2584,23.4489],[80.2548,23.4503],[80.2579,23.4572],[80.2666,23.4561],[80.2683,23.4805],[80.2472,23.4864],[80.2373,23.4837],[80.2357,23.4864],[80.2285,23.4864],[80.2311,23.4885],[80.2287,23.4903],[80.2159,23.4888],[80.2097,23.4904],[80.2052,23.4861],[80.2001,23.4865],[80.2001,23.4941],[80.19,23.5078],[80.1916,23.5118],[80.2002,23.5161],[80.194,23.5356],[80.2058,23.5376],[80.2121,23.534],[80.2109,23.5234],[80.219,23.5233],[80.2202,23.5296],[80.2274,23.5308],[80.2261,23.5397],[80.2335,23.5426],[80.2341,23.547],[80.2374,23.5472],[80.2377,23.5514],[80.2258,23.5522],[80.2253,23.5549],[80.2199,23.5556],[80.2201,23.56],[80.2331,23.5573],[80.2383,23.5684],[80.2361,23.5745],[80.2091,23.5756],[80.2064,23.5831],[80.1971,23.5897],[80.1932,23.5877],[80.1915,23.5794],[80.186,23.5783],[80.1794,23.5702],[80.1797,23.5674],[80.1732,23.5637],[80.1707,23.5715],[80.1658,23.5749],[80.1636,23.5802],[80.1584,23.582],[80.1491,23.58],[80.1396,23.5724],[80.139,23.5786],[80.1424,23.5853],[80.1399,23.5902],[80.1186,23.5847],[80.1141,23.5859],[80.1157,23.5888],[80.1138,23.5896],[80.091,23.5934],[80.0908,23.5868],[80.0862,23.582],[80.0859,23.5775],[80.0738,23.5734],[80.072,23.5702],[80.0664,23.5766],[80.059,23.5735],[80.0546,23.5747],[80.0525,23.572],[80.0494,23.5722],[80.0467,23.568],[80.0425,23.5681],[80.044,23.57],[80.0423,23.5731],[80.0366,23.5737],[80.0318,23.5714],[80.0123,23.5733],[80.0102,23.5703],[79.9978,23.5708],[79.9936,23.5834],[79.9697,23.5735],[79.9661,23.5852],[79.9758,23.5879],[79.975,23.597],[79.9711,23.6036],[79.9739,23.6065],[79.9688,23.6143]]]},"properties":{"dtname":"Jabalpur","stname":"MADHYA PRADESH","stcode11":"23","dtcode11":"451","year_stat":"2011_c","Shape_Length":637312.3225586984,"Shape_Area":6064181483.516704,"OBJECTID":440,"test":0,"Dist_LGD":411,"State_LGD":23}},{"type":"Feature","id":443,"geometry":{"type":"Polygon","coordinates":[[[75.9608,23.3216],[75.9468,23.3197],[75.942,23.2971],[75.9307,23.2967],[75.931,23.275],[75.9261,23.2741],[75.9291,23.2676],[75.9286,23.2551],[75.9322,23.2431],[75.9324,23.2224],[75.9499,23.2259],[75.9539,23.2159],[75.9532,23.2079],[75.9514,23.2072],[75.9536,23.1787],[75.9504,23.1775],[75.9476,23.1571],[75.9443,23.1499],[75.9307,23.1474],[75.9296,23.1443],[75.9327,23.1318],[75.959,23.1254],[75.9578,23.1035],[75.9796,23.103],[75.9813,23.0872],[75.9891,23.0879],[75.9918,23.0725],[75.982,23.0708],[75.9793,23.0575],[75.9799,23.0388],[75.9729,23.0382],[75.9643,23.0233],[75.9512,23.0222],[75.9297,23.0294],[75.925,23.0289],[75.92,23.0245],[75.9076,23.0274],[75.9012,23.0226],[75.8984,23.0168],[75.9008,23.0023],[75.8971,23.0015],[75.9014,22.9946],[75.9138,22.9882],[75.912,22.983],[75.9155,22.9763],[75.9175,22.9758],[75.9196,22.9796],[75.9248,22.9802],[75.9263,22.9782],[75.9241,22.9747],[75.9365,22.9681],[75.9371,22.963],[75.9423,22.9632],[75.9413,22.9585],[75.9465,22.9578],[75.9476,22.953],[75.9515,22.9514],[75.9517,22.9465],[75.9602,22.9427],[75.9651,22.9444],[75.9658,22.9295],[75.9707,22.9297],[75.9774,22.9217],[75.9772,22.9169],[75.9819,22.9111],[75.9796,22.906],[75.983,22.8968],[75.9806,22.8931],[75.9862,22.886],[75.9794,22.8809],[75.9843,22.8727],[75.9907,22.8716],[75.9966,22.8742],[75.9969,22.8707],[76.0038,22.8656],[76.0061,22.8602],[76.0105,22.8601],[76.0138,22.863],[76.023,22.8597],[76.021,22.8567],[76.0224,22.8511],[76.0274,22.8517],[76.0325,22.8475],[76.034,22.8424],[76.0376,22.8412],[76.0369,22.8384],[76.0392,22.8372],[76.0368,22.8297],[76.0424,22.8267],[76.0426,22.8231],[76.0485,22.8171],[76.0513,22.819],[76.0543,22.816],[76.0515,22.8151],[76.0492,22.8065],[76.0538,22.8026],[76.0602,22.8069],[76.06,22.8041],[76.0629,22.8021],[76.0623,22.7956],[76.0681,22.7897],[76.0684,22.7813],[76.073,22.7733],[76.0767,22.7735],[76.0802,22.7678],[76.0788,22.7642],[76.0831,22.7576],[76.0795,22.7554],[76.0858,22.7521],[76.0845,22.7487],[76.0891,22.7455],[76.0864,22.734],[76.0889,22.729],[76.098,22.726],[76.0935,22.715],[76.0961,22.7174],[76.1003,22.7163],[76.1033,22.7015],[76.1179,22.6992],[76.1198,22.7029],[76.1232,22.7027],[76.1349,22.6982],[76.1409,22.6927],[76.1574,22.6894],[76.1711,22.6904],[76.1753,22.695],[76.1905,22.6902],[76.197,22.6845],[76.2,22.6765],[76.204,22.6761],[76.1923,22.6675],[76.1913,22.6608],[76.1965,22.6628],[76.2135,22.6618],[76.2219,22.6717],[76.2298,22.6753],[76.2342,22.6618],[76.228,22.6513],[76.2403,22.6488],[76.242,22.6429],[76.2473,22.6438],[76.2375,22.6356],[76.2361,22.6238],[76.2321,22.617],[76.2168,22.6158],[76.2144,22.617],[76.2142,22.6231],[76.1995,22.6252],[76.1927,22.6126],[76.1933,22.6008],[76.1876,22.5971],[76.1758,22.6004],[76.1786,22.6051],[76.1847,22.6047],[76.1893,22.6088],[76.1825,22.6115],[76.1838,22.6173],[76.1754,22.6148],[76.1724,22.6211],[76.1807,22.6337],[76.1863,22.6325],[76.1878,22.6366],[76.1902,22.6346],[76.1905,22.6394],[76.1886,22.64],[76.1852,22.6366],[76.1831,22.6392],[76.1786,22.6384],[76.1742,22.6318],[76.1721,22.633],[76.1702,22.6277],[76.1607,22.6341],[76.1579,22.634],[76.1594,22.6291],[76.1515,22.6326],[76.154,22.6269],[76.1523,22.6242],[76.1626,22.6226],[76.1665,22.6171],[76.1574,22.6184],[76.1612,22.6115],[76.1657,22.6108],[76.1682,22.6034],[76.1623,22.6008],[76.1613,22.6077],[76.1535,22.6089],[76.1488,22.6134],[76.142,22.6075],[76.1478,22.6037],[76.1409,22.6036],[76.1438,22.5986],[76.1415,22.5922],[76.1437,22.5888],[76.1367,22.5924],[76.1414,22.5954],[76.1385,22.5978],[76.1409,22.5996],[76.138,22.6041],[76.1322,22.6046],[76.1317,22.5982],[76.1279,22.604],[76.1261,22.6015],[76.1269,22.5939],[76.1189,22.6042],[76.1168,22.6003],[76.1079,22.6],[76.1133,22.5979],[76.1145,22.5952],[76.1171,22.5957],[76.1235,22.5892],[76.1149,22.5888],[76.1144,22.5866],[76.1194,22.5849],[76.1155,22.5859],[76.1136,22.5819],[76.1111,22.591],[76.1076,22.5931],[76.1055,22.5855],[76.1009,22.5863],[76.0986,22.5914],[76.1006,22.5955],[76.0971,22.5969],[76.0936,22.5911],[76.0914,22.5977],[76.089,22.5999],[76.0868,22.5978],[76.0821,22.6034],[76.0821,22.5988],[76.0875,22.5924],[76.0832,22.5925],[76.0883,22.5861],[76.084,22.5886],[76.0848,22.5838],[76.0725,22.5843],[76.0648,22.586],[76.0634,22.5882],[76.0618,22.5852],[76.0705,22.5801],[76.0725,22.5733],[76.0784,22.5731],[76.0797,22.5699],[76.0879,22.5657],[76.1002,22.564],[76.1026,22.5667],[76.1066,22.5668],[76.1028,22.5623],[76.1066,22.5597],[76.0974,22.5544],[76.0927,22.5566],[76.0851,22.5468],[76.0868,22.5316],[76.0919,22.5215],[76.0927,22.4998],[76.1012,22.4704],[76.1125,22.4671],[76.1132,22.4614],[76.132,22.458],[76.1474,22.4435],[76.1768,22.4276],[76.1857,22.4262],[76.191,22.4208],[76.2123,22.4179],[76.2334,22.3936],[76.2348,22.387],[76.229,22.3714],[76.2212,22.3645],[76.2204,22.3578],[76.216,22.3561],[76.2067,22.3574],[76.2019,22.3524],[76.2085,22.3475],[76.2143,22.3356],[76.2137,22.3319],[76.2085,22.3287],[76.2105,22.3243],[76.2194,22.3159],[76.2292,22.3129],[76.2391,22.2978],[76.2516,22.2898],[76.3061,22.2943],[76.3267,22.2983],[76.3463,22.3065],[76.3545,22.3165],[76.3793,22.3256],[76.3997,22.3373],[76.4189,22.3379],[76.4232,22.3415],[76.4437,22.3425],[76.4455,22.3446],[76.4434,22.3514],[76.4374,22.3576],[76.4361,22.3637],[76.4436,22.3828],[76.4947,22.4116],[76.5241,22.4122],[76.5485,22.4043],[76.5539,22.3987],[76.5686,22.4056],[76.5787,22.4027],[76.5843,22.405],[76.5849,22.4077],[76.5868,22.4059],[76.6032,22.4057],[76.6186,22.3898],[76.6201,22.3755],[76.6223,22.373],[76.632,22.3711],[76.6344,22.3673],[76.6448,22.361],[76.6493,22.3642],[76.6553,22.3607],[76.6542,22.3534],[76.6646,22.3456],[76.6607,22.3403],[76.661,22.3352],[76.6551,22.3305],[76.6826,22.2966],[76.6962,22.2997],[76.7012,22.3047],[76.7192,22.3102],[76.7251,22.3092],[76.7283,22.3007],[76.734,22.3033],[76.7354,22.2946],[76.7422,22.2919],[76.7489,22.3022],[76.7686,22.3163],[76.781,22.3442],[76.7834,22.3553],[76.7805,22.3686],[76.7912,22.3995],[76.7884,22.419],[76.7939,22.4283],[76.816,22.4429],[76.8514,22.4532],[76.8978,22.4814],[76.9188,22.4882],[76.9443,22.4915],[76.9776,22.4896],[77.001,22.4934],[77.0263,22.4934],[77.0784,22.509],[77.0916,22.5175],[77.1301,22.5554],[77.1228,22.5633],[77.1327,22.5768],[77.1301,22.578],[77.1312,22.5831],[77.1266,22.5855],[77.1269,22.5933],[77.1243,22.5963],[77.1268,22.5973],[77.1164,22.5978],[77.1137,22.6023],[77.1107,22.6022],[77.1094,22.6053],[77.1028,22.6085],[77.1017,22.6144],[77.0873,22.6195],[77.0893,22.6298],[77.0872,22.6364],[77.0911,22.6417],[77.0894,22.6454],[77.0925,22.6471],[77.0904,22.6506],[77.0775,22.6581],[77.0695,22.6579],[77.0689,22.6611],[77.0617,22.6642],[77.0595,22.6691],[77.0602,22.676],[77.0555,22.6784],[77.0464,22.6718],[77.0448,22.665],[77.0366,22.6811],[77.0314,22.6858],[77.0306,22.69],[77.0335,22.6941],[77.0397,22.6928],[77.0419,22.6962],[77.0451,22.6957],[77.0452,22.6993],[77.0406,22.7049],[77.0396,22.7235],[77.0373,22.7274],[77.0216,22.7295],[77.0211,22.7424],[77.0172,22.7465],[77.0181,22.7523],[77.0215,22.752],[77.0283,22.7575],[77.0294,22.7707],[77.0246,22.7835],[77.0118,22.7921],[77.0135,22.7999],[77.0099,22.8034],[77.0117,22.8066],[77.0058,22.8143],[77.0108,22.8323],[77.0056,22.8362],[77.0075,22.8413],[77.0039,22.8441],[77.0071,22.8597],[77.0053,22.8617],[77.0061,22.8688],[77.0022,22.8734],[77.0039,22.8789],[76.9999,22.8768],[76.9917,22.8777],[76.9944,22.8727],[76.9936,22.8689],[76.9849,22.8746],[76.9787,22.8694],[76.9789,22.866],[76.9724,22.8648],[76.9719,22.8621],[76.9675,22.8637],[76.9678,22.8591],[76.9653,22.8607],[76.9673,22.8647],[76.9621,22.8656],[76.9615,22.8635],[76.9578,22.8688],[76.9554,22.8603],[76.9521,22.8615],[76.9514,22.8674],[76.9565,22.8724],[76.9537,22.8755],[76.9518,22.8709],[76.9486,22.8776],[76.9464,22.8701],[76.943,22.8701],[76.9443,22.8622],[76.9393,22.8684],[76.9421,22.8712],[76.9408,22.8733],[76.9386,22.8719],[76.9386,22.875],[76.9345,22.873],[76.9346,22.8708],[76.9287,22.8675],[76.9364,22.8608],[76.928,22.8647],[76.9318,22.8534],[76.927,22.8527],[76.9271,22.86],[76.9194,22.8412],[76.9301,22.8283],[76.9295,22.8222],[76.9227,22.8275],[76.9146,22.8256],[76.9105,22.8298],[76.9211,22.8307],[76.9207,22.8342],[76.914,22.8404],[76.9194,22.8465],[76.919,22.8513],[76.9249,22.8644],[76.9224,22.867],[76.9203,22.8654],[76.9157,22.8567],[76.9159,22.8619],[76.9128,22.858],[76.9121,22.8628],[76.9073,22.859],[76.9105,22.8632],[76.9146,22.8619],[76.9168,22.8746],[76.9007,22.8667],[76.8954,22.8669],[76.901,22.8705],[76.9064,22.8706],[76.9008,22.8775],[76.9031,22.8878],[76.8981,22.8897],[76.8949,22.8763],[76.8951,22.8798],[76.8901,22.8783],[76.8883,22.8811],[76.887,22.8758],[76.8848,22.8795],[76.886,22.89],[76.8836,22.8908],[76.8835,22.8841],[76.8806,22.885],[76.8792,22.8821],[76.8822,22.8773],[76.8776,22.8789],[76.8852,22.871],[76.885,22.868],[76.881,22.8697],[76.8769,22.8638],[76.8684,22.8841],[76.8667,22.8776],[76.8686,22.875],[76.8628,22.874],[76.8677,22.8711],[76.8661,22.8702],[76.868,22.864],[76.8643,22.8696],[76.8612,22.8665],[76.861,22.8728],[76.8587,22.8714],[76.8567,22.8769],[76.8519,22.8738],[76.8568,22.8672],[76.8496,22.8685],[76.8565,22.8625],[76.854,22.8613],[76.8434,22.8634],[76.8404,22.8657],[76.8388,22.8718],[76.8325,22.8646],[76.8337,22.8557],[76.8306,22.8641],[76.8281,22.858],[76.8253,22.8625],[76.8205,22.8622],[76.8217,22.8591],[76.8195,22.8582],[76.8156,22.861],[76.8146,22.8543],[76.8183,22.8523],[76.8145,22.8538],[76.8105,22.8497],[76.8045,22.8499],[76.8026,22.8452],[76.8069,22.8463],[76.8078,22.8447],[76.8059,22.8423],[76.8037,22.8433],[76.8005,22.8394],[76.8013,22.8369],[76.7978,22.8372],[76.7959,22.8314],[76.7916,22.8341],[76.788,22.8332],[76.7872,22.83],[76.7859,22.8317],[76.7795,22.8289],[76.7851,22.8271],[76.7821,22.826],[76.7827,22.8236],[76.7775,22.8282],[76.7662,22.8197],[76.7665,22.8169],[76.7714,22.8166],[76.7709,22.8145],[76.7751,22.8184],[76.7769,22.8157],[76.7701,22.8137],[76.7682,22.8164],[76.762,22.8142],[76.7537,22.8199],[76.7534,22.8244],[76.7426,22.8233],[76.7371,22.8186],[76.7396,22.8169],[76.7439,22.8193],[76.7411,22.8156],[76.7205,22.8124],[76.7154,22.8138],[76.7315,22.8157],[76.7206,22.819],[76.7332,22.8178],[76.7328,22.8201],[76.719,22.8236],[76.7147,22.8227],[76.7138,22.8202],[76.7034,22.8196],[76.6967,22.8165],[76.698,22.8123],[76.704,22.8138],[76.699,22.8117],[76.6991,22.8098],[76.7089,22.8085],[76.7106,22.7928],[76.691,22.7899],[76.687,22.7939],[76.6839,22.7817],[76.6798,22.7854],[76.6652,22.7873],[76.6616,22.7811],[76.6612,22.7858],[76.6532,22.7875],[76.6546,22.7971],[76.6521,22.796],[76.6522,22.8006],[76.6462,22.8048],[76.6464,22.7986],[76.6428,22.7999],[76.6405,22.7962],[76.6277,22.7968],[76.6323,22.7928],[76.6262,22.7916],[76.6229,22.7948],[76.6234,22.7891],[76.6165,22.7889],[76.6217,22.7827],[76.6329,22.7866],[76.6281,22.7829],[76.6198,22.7809],[76.6147,22.7829],[76.6128,22.7782],[76.6093,22.7771],[76.6066,22.7805],[76.5943,22.7778],[76.5822,22.7695],[76.5829,22.7665],[76.5739,22.7591],[76.571,22.7591],[76.5679,22.7636],[76.5735,22.7597],[76.5768,22.764],[76.5758,22.7716],[76.5699,22.7733],[76.5631,22.7797],[76.5555,22.771],[76.5548,22.7729],[76.5668,22.7829],[76.5665,22.7848],[76.5593,22.785],[76.558,22.788],[76.5523,22.7846],[76.5525,22.7908],[76.5503,22.7925],[76.5531,22.7944],[76.5491,22.7978],[76.5409,22.7984],[76.5385,22.7945],[76.5361,22.7965],[76.5336,22.7937],[76.5309,22.8004],[76.5258,22.7987],[76.5283,22.8049],[76.5256,22.8207],[76.5352,22.8421],[76.5272,22.8549],[76.5288,22.8588],[76.5151,22.8642],[76.5169,22.868],[76.511,22.8692],[76.506,22.8759],[76.5015,22.8762],[76.5041,22.8843],[76.5007,22.8887],[76.4852,22.8939],[76.4798,22.898],[76.4676,22.8999],[76.4691,22.9058],[76.4662,22.9133],[76.4594,22.9192],[76.4547,22.9197],[76.4532,22.9258],[76.4637,22.9463],[76.4611,22.9543],[76.4646,22.9668],[76.445,22.9707],[76.4435,22.9758],[76.4324,22.9791],[76.4302,22.9838],[76.4328,22.9902],[76.4386,22.9927],[76.4415,22.9911],[76.4498,22.9975],[76.4635,23.0],[76.4656,23.0025],[76.4697,23.0013],[76.4641,23.0234],[76.454,23.0271],[76.4576,23.0323],[76.4603,23.0485],[76.4649,23.0486],[76.4678,23.0667],[76.4673,23.0757],[76.4533,23.0778],[76.4563,23.0916],[76.4818,23.0898],[76.4863,23.0876],[76.4916,23.0771],[76.5014,23.0745],[76.5212,23.0742],[76.5249,23.0901],[76.4971,23.0982],[76.5011,23.1132],[76.508,23.1175],[76.528,23.1128],[76.5304,23.1205],[76.5403,23.1309],[76.5427,23.1406],[76.5269,23.1472],[76.5253,23.1503],[76.5273,23.1589],[76.5255,23.1589],[76.5224,23.1692],[76.5119,23.1801],[76.4885,23.1849],[76.473,23.1831],[76.4592,23.1897],[76.4598,23.1946],[76.4518,23.1961],[76.4324,23.1926],[76.4284,23.196],[76.4257,23.194],[76.4251,23.1968],[76.4167,23.1983],[76.4184,23.2015],[76.4123,23.2114],[76.4136,23.2191],[76.4006,23.221],[76.396,23.2259],[76.3883,23.226],[76.3826,23.2297],[76.3649,23.2328],[76.3602,23.2315],[76.356,23.2256],[76.3324,23.2266],[76.3203,23.2339],[76.3126,23.2291],[76.2756,23.2295],[76.2524,23.2167],[76.2449,23.2221],[76.2268,23.2265],[76.2229,23.2239],[76.2174,23.2257],[76.205,23.2225],[76.1922,23.2252],[76.1911,23.2286],[76.1842,23.2296],[76.1633,23.2247],[76.1618,23.2293],[76.1538,23.234],[76.1439,23.2311],[76.1392,23.2327],[76.1355,23.2367],[76.1271,23.2398],[76.1286,23.2437],[76.0983,23.2382],[76.0966,23.2436],[76.0821,23.2425],[76.0784,23.2341],[76.075,23.2338],[76.0751,23.2288],[76.0844,23.2283],[76.0876,23.225],[76.0844,23.2131],[76.0597,23.2186],[76.0562,23.207],[76.0729,23.2022],[76.0833,23.2025],[76.0844,23.1972],[76.0939,23.1977],[76.0968,23.2063],[76.1108,23.2069],[76.1333,23.2143],[76.1348,23.2061],[76.1325,23.203],[76.1488,23.1996],[76.1472,23.19],[76.1417,23.1857],[76.1413,23.1811],[76.1182,23.1815],[76.0952,23.1752],[76.0835,23.1665],[76.0809,23.1663],[76.0809,23.1691],[76.0755,23.1734],[76.0745,23.1836],[76.0601,23.1858],[76.0605,23.1596],[76.0572,23.1566],[76.0573,23.1469],[76.07,23.1451],[76.0705,23.1274],[76.0905,23.1241],[76.0909,23.1201],[76.099,23.11],[76.1047,23.1053],[76.1075,23.1056],[76.1179,23.0819],[76.1174,23.0632],[76.1128,23.0509],[76.1085,23.048],[76.0878,23.0497],[76.0875,23.0478],[76.0829,23.048],[76.0806,23.0669],[76.0715,23.0687],[76.0689,23.0723],[76.071,23.0761],[76.061,23.0766],[76.062,23.0876],[76.0642,23.0882],[76.0642,23.0934],[76.0663,23.0944],[76.066,23.1027],[76.0615,23.1044],[76.0621,23.1081],[76.0596,23.1093],[76.0617,23.1097],[76.0611,23.1173],[76.0572,23.1176],[76.055,23.1272],[76.0531,23.1261],[76.0498,23.1291],[76.0509,23.1326],[76.0469,23.1368],[76.0474,23.1393],[76.041,23.1408],[76.0436,23.1456],[76.0424,23.1556],[76.0453,23.1598],[76.0433,23.1625],[76.0403,23.1617],[76.0401,23.1655],[76.0433,23.167],[76.0419,23.1718],[76.0392,23.1724],[76.0412,23.1776],[76.039,23.1793],[76.041,23.1815],[76.0334,23.1871],[76.0306,23.1863],[76.028,23.192],[76.0231,23.1906],[76.0225,23.1961],[76.017,23.2],[76.0203,23.2047],[76.0104,23.2095],[76.0079,23.2142],[76.0091,23.2249],[76.0017,23.2236],[76.0028,23.2373],[75.9856,23.2411],[75.9801,23.2386],[75.9702,23.239],[75.9685,23.2559],[75.9718,23.263],[75.9939,23.264],[75.9904,23.279],[75.9875,23.2787],[75.9752,23.3027],[75.9641,23.3009],[75.9608,23.3216]]]},"properties":{"dtname":"Dewas","stname":"MADHYA PRADESH","stcode11":"23","dtcode11":"437","year_stat":"2011_c","Shape_Length":943963.4068942062,"Shape_Area":8283663194.722718,"OBJECTID":443,"test":0,"Dist_LGD":402,"State_LGD":23}},{"type":"Feature","id":444,"geometry":{"type":"Polygon","coordinates":[[[82.0255,23.4249],[82.0118,23.416],[82.0095,23.412],[81.9997,23.4216],[81.9905,23.4185],[81.9888,23.4148],[81.9858,23.4143],[81.976,23.3989],[81.9832,23.3947],[81.9823,23.3877],[81.9717,23.3738],[81.9504,23.3782],[81.9489,23.3806],[81.9413,23.3813],[81.9375,23.3782],[81.9324,23.366],[81.9348,23.362],[81.933,23.3574],[81.9359,23.3418],[81.9204,23.3389],[81.9147,23.3235],[81.9142,23.3023],[81.9122,23.2999],[81.8958,23.297],[81.8795,23.2994],[81.8769,23.2967],[81.8715,23.299],[81.864,23.3128],[81.8218,23.3187],[81.8191,23.3156],[81.8147,23.3161],[81.8062,23.3199],[81.8129,23.299],[81.8125,23.2942],[81.8159,23.2924],[81.8207,23.2982],[81.8239,23.2943],[81.8248,23.2971],[81.8288,23.2977],[81.8315,23.3011],[81.8401,23.2961],[81.8436,23.2892],[81.8411,23.2792],[81.8503,23.2727],[81.8521,23.276],[81.8695,23.2724],[81.8702,23.2673],[81.8751,23.2652],[81.8753,23.261],[81.8791,23.2588],[81.8732,23.2533],[81.8795,23.2462],[81.8583,23.246],[81.847,23.2587],[81.8343,23.2547],[81.787,23.2564],[81.7786,23.2484],[81.7705,23.2473],[81.7702,23.2437],[81.7647,23.2404],[81.7642,23.237],[81.768,23.2326],[81.7568,23.2145],[81.7504,23.2122],[81.7415,23.2151],[81.7397,23.2106],[81.7262,23.2083],[81.7191,23.2021],[81.711,23.2044],[81.7091,23.2074],[81.7041,23.2046],[81.6966,23.2087],[81.6933,23.2052],[81.6821,23.2087],[81.6681,23.2086],[81.6606,23.1975],[81.6496,23.1941],[81.6358,23.2],[81.6197,23.1944],[81.6127,23.1986],[81.6155,23.2092],[81.6339,23.2247],[81.633,23.2304],[81.6011,23.2243],[81.5997,23.209],[81.5931,23.197],[81.5931,23.1754],[81.5894,23.1706],[81.582,23.1705],[81.5801,23.1662],[81.5818,23.1587],[81.5806,23.1501],[81.5774,23.1473],[81.5789,23.1408],[81.5748,23.1351],[81.5687,23.1443],[81.5635,23.1429],[81.5621,23.1405],[81.5648,23.1345],[81.563,23.1333],[81.5657,23.1325],[81.5611,23.1312],[81.5547,23.1233],[81.5436,23.1251],[81.5372,23.113],[81.5468,23.1067],[81.5465,23.1003],[81.5518,23.0998],[81.5575,23.0952],[81.5652,23.0949],[81.5875,23.0772],[81.5922,23.0663],[81.5899,23.0596],[81.5969,23.0509],[81.6069,23.0476],[81.6057,23.042],[81.6039,23.0349],[81.593,23.0406],[81.5898,23.0367],[81.5808,23.0365],[81.5711,23.0314],[81.5702,23.028],[81.5584,23.0244],[81.5458,23.0289],[81.5459,23.032],[81.5507,23.0357],[81.5478,23.0395],[81.5491,23.0427],[81.5367,23.0448],[81.5264,23.0505],[81.5288,23.0538],[81.5392,23.0557],[81.5396,23.063],[81.5512,23.0581],[81.5569,23.058],[81.5432,23.0677],[81.5368,23.0771],[81.5171,23.0821],[81.4985,23.0699],[81.4595,23.0658],[81.4531,23.0615],[81.4379,23.0572],[81.4064,23.0635],[81.3954,23.0611],[81.3883,23.0635],[81.3774,23.0728],[81.3742,23.0869],[81.3189,23.1035],[81.3148,23.1097],[81.3174,23.1193],[81.3251,23.128],[81.3228,23.1342],[81.3244,23.1386],[81.3289,23.1413],[81.3283,23.1477],[81.3229,23.1525],[81.3049,23.1499],[81.3025,23.1549],[81.308,23.1573],[81.2993,23.1624],[81.2959,23.171],[81.2993,23.1781],[81.294,23.1785],[81.2841,23.1842],[81.2758,23.1851],[81.2746,23.1831],[81.2669,23.1865],[81.2651,23.1968],[81.2567,23.2032],[81.2488,23.2157],[81.2337,23.2192],[81.227,23.2235],[81.2269,23.2388],[81.2322,23.2506],[81.2213,23.2645],[81.2047,23.2753],[81.1939,23.2914],[81.189,23.2912],[81.1873,23.286],[81.1823,23.286],[81.177,23.2924],[81.1667,23.2944],[81.1677,23.2984],[81.1634,23.3],[81.1663,23.3066],[81.1787,23.3152],[81.179,23.3226],[81.1717,23.3301],[81.1639,23.3318],[81.1579,23.3205],[81.1376,23.3234],[81.1353,23.3085],[81.1401,23.2674],[81.1371,23.2605],[81.1397,23.2506],[81.1318,23.2244],[81.1241,23.2164],[81.1258,23.207],[81.1386,23.1928],[81.1436,23.1775],[81.1571,23.1791],[81.1619,23.1766],[81.162,23.1741],[81.155,23.1691],[81.1567,23.1637],[81.1754,23.1689],[81.1917,23.1661],[81.1784,23.1535],[81.1818,23.1488],[81.1918,23.1519],[81.1955,23.1493],[81.1895,23.1313],[81.1932,23.1273],[81.2029,23.1257],[81.2071,23.1381],[81.2098,23.1409],[81.2132,23.1404],[81.2146,23.1372],[81.2109,23.1334],[81.209,23.1211],[81.2111,23.1148],[81.2138,23.1133],[81.2217,23.1153],[81.2276,23.1072],[81.2383,23.1112],[81.2416,23.1008],[81.2494,23.098],[81.2472,23.0912],[81.2549,23.0828],[81.2548,23.0742],[81.2614,23.0736],[81.2636,23.0705],[81.2544,23.067],[81.2609,23.0624],[81.2538,23.0611],[81.251,23.052],[81.2478,23.0575],[81.2416,23.0558],[81.2384,23.062],[81.229,23.0578],[81.2293,23.0544],[81.2358,23.0551],[81.2373,23.0534],[81.2305,23.0517],[81.2302,23.048],[81.2265,23.0455],[81.2272,23.0397],[81.2305,23.0361],[81.2263,23.0357],[81.2262,23.0297],[81.2231,23.0249],[81.2096,23.0158],[81.2044,23.0037],[81.1932,22.9648],[81.1864,22.9524],[81.1872,22.9472],[81.1921,22.9415],[81.1908,22.9281],[81.1985,22.9136],[81.2042,22.9115],[81.2129,22.9159],[81.2372,22.9016],[81.2572,22.9016],[81.266,22.8891],[81.278,22.8801],[81.2895,22.8794],[81.3004,22.8822],[81.3148,22.8778],[81.3238,22.8634],[81.3356,22.8621],[81.3476,22.8562],[81.3508,22.8521],[81.3608,22.8505],[81.3701,22.8562],[81.3887,22.8553],[81.3938,22.8521],[81.4032,22.854],[81.4049,22.8509],[81.4029,22.8478],[81.4057,22.8446],[81.4183,22.8424],[81.4294,22.8354],[81.4298,22.8289],[81.438,22.8186],[81.4344,22.8071],[81.4416,22.7976],[81.4504,22.7943],[81.4455,22.7881],[81.4525,22.7781],[81.4533,22.7705],[81.4578,22.7682],[81.4606,22.7717],[81.4643,22.7707],[81.469,22.7612],[81.476,22.7587],[81.4832,22.7589],[81.4851,22.7616],[81.4954,22.7588],[81.4961,22.7613],[81.5021,22.7606],[81.5038,22.7651],[81.5097,22.7654],[81.515,22.763],[81.515,22.7574],[81.5171,22.7612],[81.5193,22.7608],[81.5208,22.7538],[81.525,22.7531],[81.5275,22.7473],[81.529,22.7525],[81.534,22.7499],[81.5362,22.7535],[81.5445,22.7516],[81.554,22.7611],[81.5626,22.7595],[81.5666,22.754],[81.5711,22.7559],[81.5768,22.7545],[81.5812,22.7577],[81.5838,22.7554],[81.588,22.7586],[81.5935,22.7538],[81.5978,22.7596],[81.6069,22.7632],[81.6074,22.7678],[81.6152,22.7693],[81.6159,22.7716],[81.6187,22.7699],[81.6199,22.7725],[81.622,22.7712],[81.6256,22.7742],[81.6251,22.7783],[81.6272,22.7773],[81.6295,22.7814],[81.6344,22.7799],[81.6379,22.7855],[81.6426,22.7874],[81.6524,22.7856],[81.6579,22.7878],[81.6601,22.7836],[81.6653,22.7832],[81.6664,22.7853],[81.683,22.7815],[81.6854,22.7835],[81.6899,22.7795],[81.6904,22.7812],[81.6946,22.7766],[81.6932,22.7749],[81.6953,22.7748],[81.6934,22.7727],[81.6947,22.7667],[81.6923,22.7654],[81.6986,22.7619],[81.6958,22.7566],[81.7001,22.7542],[81.6985,22.7506],[81.7047,22.744],[81.7016,22.7369],[81.704,22.7347],[81.6925,22.7091],[81.6968,22.7039],[81.7094,22.7015],[81.7106,22.6992],[81.713,22.7022],[81.7154,22.6999],[81.7174,22.7014],[81.725,22.6992],[81.7407,22.6878],[81.7286,22.6765],[81.7377,22.6724],[81.7395,22.6722],[81.7395,22.6751],[81.7418,22.6741],[81.752,22.6544],[81.7466,22.6514],[81.7462,22.6489],[81.7546,22.6464],[81.7685,22.6643],[81.7716,22.6764],[81.7569,22.7083],[81.7523,22.7267],[81.7548,22.7334],[81.7681,22.7355],[81.7696,22.747],[81.7731,22.7506],[81.7793,22.7509],[81.7885,22.7636],[81.7944,22.7665],[81.7836,22.7792],[81.781,22.79],[81.7841,22.7987],[81.7818,22.811],[81.7779,22.8133],[81.7694,22.8278],[81.7613,22.8303],[81.7678,22.8354],[81.774,22.8503],[81.7765,22.8517],[81.7749,22.8639],[81.7774,22.8676],[81.7757,22.8745],[81.8176,22.8823],[81.8339,22.8809],[81.8421,22.8878],[81.8462,22.8868],[81.8532,22.8909],[81.8616,22.8893],[81.8695,22.8945],[81.8693,22.9098],[81.8655,22.9128],[81.8661,22.9158],[81.8691,22.9174],[81.8782,22.9098],[81.8904,22.9227],[81.9047,22.9315],[81.9189,22.9466],[81.9463,22.9568],[81.9478,22.9676],[81.9462,22.974],[81.9505,22.983],[81.9447,22.9892],[81.9454,22.9959],[81.9391,23.0046],[81.9367,23.0162],[81.9298,23.0206],[81.9318,23.0255],[81.9256,23.0292],[81.9215,23.0408],[81.9245,23.0471],[81.929,23.0499],[81.9268,23.0576],[81.9303,23.0591],[81.9295,23.0617],[81.9374,23.0619],[81.9378,23.0653],[81.9429,23.0648],[81.9468,23.0691],[81.946,23.0763],[81.9422,23.079],[81.9635,23.0759],[81.9634,23.0782],[81.9679,23.0808],[81.9762,23.079],[81.9808,23.0827],[81.9813,23.0802],[81.9824,23.0827],[81.9853,23.0827],[81.9856,23.0859],[81.9895,23.0843],[81.9911,23.0866],[81.9943,23.0836],[81.9972,23.0845],[82.0082,23.0793],[82.0183,23.0843],[82.0212,23.0803],[82.0276,23.0826],[82.0284,23.0807],[82.0348,23.0804],[82.0493,23.0947],[82.0474,23.0967],[82.0533,23.1003],[82.0548,23.1073],[82.0591,23.1085],[82.0701,23.1182],[82.0768,23.1134],[82.0921,23.1124],[82.0935,23.1091],[82.0979,23.1086],[82.1111,23.1094],[82.1187,23.1049],[82.1258,23.104],[82.1372,23.112],[82.1358,23.1241],[82.1396,23.132],[82.1557,23.1377],[82.1613,23.1432],[82.1603,23.1615],[82.1451,23.1634],[82.1442,23.1654],[82.1489,23.1758],[82.1435,23.1793],[82.143,23.1869],[82.1486,23.191],[82.147,23.1957],[82.1537,23.2092],[82.1448,23.2274],[82.1534,23.231],[82.1605,23.2471],[82.1673,23.2462],[82.1671,23.2502],[82.1697,23.2521],[82.1683,23.2552],[82.1723,23.2584],[82.1743,23.2687],[82.1888,23.2735],[82.1929,23.2772],[82.1947,23.2844],[82.1922,23.2885],[82.1973,23.3007],[82.1974,23.3069],[82.1948,23.3086],[82.1993,23.314],[82.1921,23.3268],[82.1828,23.3274],[82.1637,23.3347],[82.1621,23.3429],[82.1457,23.3612],[82.1409,23.3618],[82.1237,23.3538],[82.1171,23.3555],[82.1101,23.3632],[82.1137,23.3842],[82.1052,23.3926],[82.1034,23.3983],[82.0935,23.3929],[82.0915,23.3983],[82.0822,23.3935],[82.077,23.395],[82.0711,23.3912],[82.064,23.393],[82.0587,23.3788],[82.056,23.3768],[82.0445,23.3801],[82.0368,23.3888],[82.0323,23.3825],[82.0233,23.3859],[82.0211,23.3918],[82.0291,23.4002],[82.0238,23.4087],[82.0327,23.41],[82.0258,23.42],[82.0255,23.4249]]]},"properties":{"dtname":"Anuppur","stname":"MADHYA PRADESH","stcode11":"23","dtcode11":"461","year_stat":"2011_c","Shape_Length":623268.6006596813,"Shape_Area":4471617620.969558,"OBJECTID":444,"test":0,"Dist_LGD":390,"State_LGD":23}},{"type":"Feature","id":445,"geometry":{"type":"Polygon","coordinates":[[[74.7877,23.2443],[74.7678,23.2358],[74.7508,23.2399],[74.7373,23.2338],[74.7369,23.2274],[74.749,23.2255],[74.7404,23.2176],[74.7443,23.2114],[74.7255,23.2012],[74.7241,23.1963],[74.7153,23.1908],[74.7085,23.1942],[74.6988,23.1923],[74.6818,23.1939],[74.6714,23.2001],[74.6642,23.1951],[74.6493,23.1752],[74.632,23.1637],[74.6249,23.1617],[74.6184,23.1505],[74.6066,23.1426],[74.5965,23.1379],[74.5849,23.1396],[74.5767,23.1342],[74.5394,23.1293],[74.5464,23.114],[74.5448,23.109],[74.5394,23.1034],[74.528,23.0976],[74.5106,23.0947],[74.507,23.0915],[74.5093,23.0868],[74.5058,23.0851],[74.4894,23.0875],[74.475,23.0836],[74.4748,23.0817],[74.4641,23.0817],[74.4542,23.0883],[74.441,23.0907],[74.4407,23.0951],[74.4322,23.105],[74.4277,23.1065],[74.423,23.1041],[74.4055,23.1123],[74.3899,23.1096],[74.3861,23.1115],[74.3564,23.0887],[74.3545,23.0857],[74.356,23.0799],[74.3415,23.0679],[74.3311,23.0616],[74.3208,23.0614],[74.3189,23.0588],[74.3221,23.041],[74.3272,23.0368],[74.3399,23.0327],[74.3456,23.027],[74.3492,23.0073],[74.365,22.9787],[74.3655,22.9759],[74.3507,22.9743],[74.3464,22.9684],[74.3394,22.9647],[74.3374,22.9566],[74.3395,22.9528],[74.3577,22.9393],[74.3583,22.9317],[74.3624,22.9262],[74.3706,22.922],[74.3779,22.9072],[74.3856,22.9046],[74.3932,22.8968],[74.4037,22.8987],[74.4046,22.9036],[74.4136,22.9062],[74.4106,22.912],[74.4184,22.9173],[74.4333,22.9181],[74.4337,22.9125],[74.4469,22.9213],[74.4606,22.9079],[74.4639,22.8982],[74.4638,22.8873],[74.4704,22.8779],[74.4702,22.8642],[74.4766,22.8555],[74.4708,22.8419],[74.4648,22.8164],[74.4501,22.8083],[74.4338,22.808],[74.4378,22.7921],[74.4352,22.7823],[74.4214,22.7566],[74.416,22.754],[74.4141,22.7437],[74.4018,22.7315],[74.3968,22.7138],[74.3996,22.7096],[74.3945,22.7001],[74.395,22.6858],[74.3821,22.6676],[74.3808,22.6584],[74.3842,22.6462],[74.3797,22.6403],[74.3785,22.6335],[74.3797,22.6279],[74.3879,22.6218],[74.3917,22.6125],[74.4025,22.6152],[74.408,22.6139],[74.4107,22.6062],[74.418,22.6014],[74.428,22.5876],[74.442,22.5827],[74.4377,22.5797],[74.4364,22.5725],[74.4287,22.5651],[74.4317,22.5549],[74.4355,22.553],[74.4367,22.5433],[74.4474,22.5433],[74.4525,22.5368],[74.4634,22.5299],[74.4701,22.5295],[74.4742,22.5425],[74.4718,22.5475],[74.4723,22.5543],[74.4755,22.5594],[74.4859,22.5601],[74.4881,22.5765],[74.4997,22.5757],[74.5072,22.5829],[74.5134,22.58],[74.5216,22.5827],[74.5246,22.581],[74.5292,22.5767],[74.5315,22.5698],[74.5397,22.5674],[74.5415,22.5598],[74.5455,22.5601],[74.5489,22.5501],[74.5557,22.5517],[74.565,22.561],[74.5792,22.5485],[74.5781,22.5457],[74.5904,22.5419],[74.5977,22.5368],[74.6055,22.5562],[74.6082,22.5581],[74.6113,22.5562],[74.6199,22.558],[74.6202,22.5561],[74.6321,22.5547],[74.6321,22.5648],[74.6485,22.5682],[74.6564,22.5871],[74.6575,22.6031],[74.6744,22.6012],[74.6757,22.597],[74.6898,22.5842],[74.695,22.5864],[74.7045,22.5831],[74.7124,22.5862],[74.7207,22.5846],[74.7309,22.5916],[74.7272,22.5804],[74.7294,22.5762],[74.7264,22.5714],[74.7404,22.5635],[74.7412,22.5588],[74.7483,22.561],[74.7523,22.5591],[74.7664,22.5708],[74.7723,22.5699],[74.777,22.5724],[74.7824,22.5805],[74.7832,22.6098],[74.7895,22.6302],[74.7842,22.6437],[74.7881,22.6516],[74.7963,22.6587],[74.7899,22.6678],[74.7851,22.6686],[74.784,22.6741],[74.7809,22.6755],[74.7823,22.6922],[74.7727,22.7115],[74.7748,22.7186],[74.7653,22.7358],[74.7624,22.7505],[74.7605,22.7514],[74.7684,22.7533],[74.7719,22.7513],[74.7755,22.7554],[74.7902,22.7597],[74.8049,22.7525],[74.816,22.7501],[74.8308,22.7505],[74.852,22.7464],[74.8569,22.7528],[74.8731,22.7556],[74.8845,22.7552],[74.8954,22.7482],[74.9018,22.7576],[74.9028,22.7719],[74.9187,22.7791],[74.9262,22.787],[74.9373,22.7916],[74.9433,22.8028],[74.9503,22.8073],[74.9501,22.8131],[74.954,22.8204],[74.951,22.8283],[74.9522,22.8355],[74.965,22.8513],[74.9852,22.8666],[74.9875,22.8741],[74.9847,22.8872],[74.9858,22.8927],[75.0032,22.913],[74.9998,22.9279],[75.0062,22.9388],[75.0025,22.9552],[75.0075,22.9627],[75.0034,22.9711],[75.0089,22.9933],[75.0086,23.0033],[75.0124,23.0132],[75.0069,23.0241],[75.0153,23.0369],[75.0136,23.0434],[75.0045,23.0528],[75.0026,23.059],[75.0075,23.0782],[75.0155,23.084],[75.0151,23.0907],[75.0075,23.1084],[74.9947,23.1158],[74.9904,23.1208],[74.993,23.1422],[74.9729,23.1449],[74.9547,23.1574],[74.9436,23.1528],[74.9382,23.153],[74.9231,23.1623],[74.911,23.1582],[74.8894,23.1375],[74.8658,23.1376],[74.8501,23.1422],[74.8338,23.1423],[74.8192,23.1337],[74.7972,23.1405],[74.7931,23.1481],[74.7865,23.1478],[74.782,23.1502],[74.78,23.1565],[74.7865,23.1644],[74.8005,23.1631],[74.8008,23.1692],[74.7935,23.1737],[74.7724,23.1755],[74.7671,23.1817],[74.7685,23.1885],[74.7803,23.196],[74.7856,23.2022],[74.7784,23.2196],[74.7826,23.2315],[74.7906,23.238],[74.7906,23.2417],[74.7877,23.2443]]]},"properties":{"dtname":"Jhabua","stname":"MADHYA PRADESH","stcode11":"23","dtcode11":"464","year_stat":"2011_c","Shape_Length":377974.2248307823,"Shape_Area":4076689249.726365,"OBJECTID":445,"test":0,"Dist_LGD":412,"State_LGD":23}},{"type":"Feature","id":447,"geometry":{"type":"Polygon","coordinates":[[[80.7018,23.3743],[80.6774,23.3664],[80.6556,23.3655],[80.6246,23.3602],[80.5994,23.3489],[80.576,23.3519],[80.5678,23.3164],[80.5825,23.3141],[80.5846,23.291],[80.5825,23.2823],[80.5714,23.2818],[80.5684,23.2689],[80.543,23.2707],[80.5435,23.2624],[80.5334,23.2572],[80.5226,23.2591],[80.5207,23.2523],[80.5216,23.2407],[80.5036,23.2112],[80.503,23.2024],[80.4783,23.2004],[80.4799,23.1932],[80.4984,23.1873],[80.5035,23.1826],[80.5102,23.1709],[80.5145,23.1702],[80.5184,23.1647],[80.5228,23.1542],[80.5424,23.1664],[80.5519,23.1673],[80.5547,23.1647],[80.5558,23.1537],[80.5622,23.1471],[80.5819,23.1381],[80.5776,23.1278],[80.5674,23.1206],[80.5569,23.122],[80.5519,23.1123],[80.542,23.1041],[80.5254,23.1048],[80.5249,23.0978],[80.5293,23.0834],[80.5384,23.0807],[80.5427,23.0732],[80.5468,23.0804],[80.5494,23.0789],[80.5505,23.0841],[80.5527,23.0836],[80.5529,23.0744],[80.5493,23.0718],[80.5565,23.0576],[80.5597,23.0304],[80.5718,23.0214],[80.5718,23.0149],[80.5669,23.0053],[80.5651,22.9945],[80.5558,22.9957],[80.5554,22.9937],[80.5591,22.9872],[80.5694,22.9857],[80.5716,22.9784],[80.5764,22.9764],[80.573,22.9643],[80.568,22.9578],[80.5586,22.9581],[80.5455,22.9635],[80.5356,22.9458],[80.5316,22.9452],[80.5166,22.9523],[80.5093,22.9473],[80.5187,22.9385],[80.5315,22.9357],[80.5397,22.9195],[80.538,22.9031],[80.5234,22.8719],[80.5311,22.8723],[80.5442,22.8683],[80.5523,22.8696],[80.5561,22.8719],[80.5603,22.8805],[80.5683,22.8761],[80.5681,22.8699],[80.5823,22.8656],[80.5825,22.8631],[80.5889,22.8602],[80.5885,22.8567],[80.6122,22.8579],[80.6307,22.8552],[80.6483,22.8487],[80.651,22.8395],[80.6552,22.8428],[80.662,22.8431],[80.6671,22.8423],[80.6703,22.8364],[80.6738,22.8382],[80.679,22.8365],[80.6818,22.8392],[80.6819,22.8493],[80.6839,22.8513],[80.6886,22.8443],[80.6927,22.8564],[80.7003,22.8507],[80.7089,22.8507],[80.7115,22.8572],[80.7185,22.8626],[80.7364,22.8565],[80.7427,22.8412],[80.738,22.842],[80.7344,22.8357],[80.7287,22.8371],[80.7267,22.8329],[80.7319,22.8326],[80.7294,22.8247],[80.73,22.8118],[80.7436,22.8159],[80.7638,22.8135],[80.7751,22.8147],[80.7809,22.8208],[80.7832,22.8197],[80.785,22.8216],[80.7916,22.819],[80.8165,22.8314],[80.8266,22.833],[80.8305,22.8497],[80.8456,22.8509],[80.8701,22.8486],[80.8672,22.8344],[80.8577,22.8254],[80.8544,22.8073],[80.8691,22.8046],[80.8703,22.8018],[80.8721,22.7888],[80.8676,22.7581],[80.8986,22.7601],[80.9249,22.755],[80.9426,22.7444],[80.9269,22.7307],[80.9165,22.7142],[80.9191,22.709],[80.9279,22.7098],[80.9291,22.708],[80.923,22.6922],[80.9228,22.6795],[80.9317,22.678],[80.9404,22.6801],[80.9439,22.6687],[80.95,22.6642],[80.9545,22.6562],[80.9539,22.6507],[80.9509,22.6512],[80.9487,22.6474],[80.9553,22.6437],[80.9594,22.6379],[80.9631,22.6374],[80.9648,22.642],[80.9623,22.6474],[80.9653,22.6501],[80.9714,22.644],[80.9758,22.6487],[80.9876,22.649],[81.0075,22.6404],[81.0021,22.6297],[81.002,22.6255],[81.0049,22.6232],[81.0038,22.621],[81.0004,22.6218],[80.9933,22.6118],[80.9902,22.611],[80.9845,22.615],[80.9795,22.6071],[80.9733,22.6117],[80.9675,22.6115],[80.9627,22.606],[80.9572,22.6045],[80.9556,22.597],[80.9669,22.5944],[80.9653,22.5896],[80.9597,22.5906],[80.9568,22.5872],[80.9527,22.5912],[80.9429,22.583],[80.9361,22.5878],[80.9344,22.5738],[80.9447,22.5652],[80.9457,22.5582],[80.9492,22.5553],[80.9647,22.5608],[80.9654,22.55],[80.9702,22.543],[80.9803,22.5446],[80.9849,22.541],[80.9907,22.5457],[81.0035,22.5472],[81.0056,22.5535],[81.0207,22.5605],[81.02,22.5691],[81.012,22.5697],[81.0171,22.5821],[81.0165,22.5873],[81.013,22.5911],[81.0169,22.5951],[81.0186,22.6014],[81.029,22.6034],[81.0284,22.6153],[81.0397,22.6128],[81.0416,22.6054],[81.0591,22.6069],[81.0643,22.6136],[81.0717,22.6084],[81.0805,22.6126],[81.0857,22.6096],[81.0854,22.602],[81.0901,22.5965],[81.0977,22.5976],[81.104,22.5952],[81.1081,22.599],[81.1104,22.5979],[81.1111,22.593],[81.1196,22.5933],[81.1328,22.5796],[81.1315,22.5762],[81.1339,22.5702],[81.139,22.5703],[81.1403,22.5662],[81.1461,22.565],[81.1446,22.5612],[81.1545,22.5585],[81.1559,22.5546],[81.1519,22.553],[81.1536,22.5458],[81.1585,22.541],[81.1564,22.5393],[81.1644,22.5394],[81.1648,22.5327],[81.1701,22.5253],[81.1747,22.5252],[81.1749,22.5215],[81.1859,22.51],[81.1865,22.5047],[81.1999,22.4852],[81.2002,22.4628],[81.2061,22.4609],[81.2077,22.4566],[81.2322,22.4522],[81.2483,22.4588],[81.2619,22.4722],[81.2598,22.4852],[81.2621,22.4933],[81.2733,22.4932],[81.2813,22.503],[81.2999,22.4903],[81.3073,22.4819],[81.3137,22.4829],[81.3152,22.4878],[81.3208,22.4861],[81.3227,22.4905],[81.3181,22.4939],[81.3209,22.4953],[81.3182,22.5019],[81.3199,22.5071],[81.3176,22.5143],[81.3237,22.5188],[81.3229,22.523],[81.3265,22.5262],[81.3347,22.5243],[81.34,22.5195],[81.3506,22.5176],[81.3543,22.5113],[81.3606,22.5121],[81.3613,22.515],[81.3706,22.5149],[81.382,22.5098],[81.3862,22.4986],[81.3841,22.4898],[81.3915,22.4777],[81.3881,22.4592],[81.39,22.4523],[81.3964,22.4401],[81.4067,22.441],[81.4229,22.4477],[81.4287,22.4569],[81.4228,22.4701],[81.4278,22.4798],[81.4392,22.4822],[81.4429,22.4738],[81.441,22.4718],[81.4474,22.4659],[81.4589,22.4693],[81.4573,22.4717],[81.449,22.4675],[81.4466,22.4698],[81.4502,22.4713],[81.4509,22.4786],[81.4464,22.4762],[81.4425,22.4792],[81.4511,22.4866],[81.444,22.4907],[81.4426,22.4944],[81.4469,22.4935],[81.4526,22.4958],[81.4588,22.4895],[81.463,22.4931],[81.4728,22.4938],[81.4847,22.4879],[81.4894,22.5032],[81.4944,22.505],[81.4974,22.5117],[81.4955,22.5143],[81.4966,22.5195],[81.5093,22.5261],[81.5105,22.522],[81.5182,22.5198],[81.5234,22.5322],[81.5222,22.539],[81.5327,22.5386],[81.5461,22.5276],[81.5625,22.5335],[81.57,22.5323],[81.563,22.534],[81.5627,22.5424],[81.5628,22.5475],[81.5695,22.5508],[81.5862,22.5439],[81.5918,22.5452],[81.5963,22.5366],[81.6,22.5353],[81.605,22.5346],[81.6132,22.5387],[81.6154,22.537],[81.6219,22.538],[81.6287,22.5444],[81.624,22.5559],[81.629,22.5634],[81.6352,22.5653],[81.6362,22.5601],[81.6428,22.5597],[81.6534,22.563],[81.6599,22.5695],[81.6555,22.5758],[81.6578,22.5845],[81.6518,22.5809],[81.6489,22.585],[81.6455,22.5845],[81.645,22.5869],[81.6494,22.589],[81.6465,22.5934],[81.6472,22.6133],[81.6527,22.6186],[81.6609,22.6193],[81.6624,22.6268],[81.672,22.6326],[81.6846,22.6479],[81.6989,22.6448],[81.7139,22.6487],[81.7227,22.6571],[81.7252,22.6731],[81.7407,22.6878],[81.725,22.6992],[81.7174,22.7014],[81.7154,22.6999],[81.713,22.7022],[81.7106,22.6992],[81.7094,22.7015],[81.6968,22.7039],[81.6925,22.7091],[81.704,22.7347],[81.7016,22.7369],[81.7047,22.744],[81.6985,22.7506],[81.7001,22.7542],[81.6958,22.7566],[81.6986,22.7619],[81.6923,22.7654],[81.6947,22.7667],[81.6934,22.7727],[81.6953,22.7748],[81.6932,22.7749],[81.6946,22.7766],[81.6919,22.7803],[81.6896,22.7796],[81.6854,22.7835],[81.683,22.7815],[81.6664,22.7853],[81.6653,22.7832],[81.6601,22.7836],[81.6579,22.7878],[81.6524,22.7856],[81.6426,22.7874],[81.6379,22.7855],[81.6344,22.7799],[81.6295,22.7814],[81.6272,22.7773],[81.6251,22.7783],[81.6256,22.7742],[81.622,22.7712],[81.6199,22.7725],[81.6187,22.7699],[81.6159,22.7716],[81.6152,22.7693],[81.6074,22.7678],[81.6069,22.7632],[81.5978,22.7596],[81.5935,22.7538],[81.588,22.7586],[81.5838,22.7554],[81.5812,22.7577],[81.5768,22.7545],[81.5711,22.7559],[81.5666,22.754],[81.5626,22.7595],[81.554,22.7611],[81.5445,22.7516],[81.5362,22.7535],[81.534,22.7499],[81.529,22.7525],[81.5275,22.7473],[81.525,22.7531],[81.5208,22.7538],[81.5193,22.7608],[81.5171,22.7612],[81.515,22.7574],[81.515,22.763],[81.5097,22.7654],[81.5038,22.7651],[81.5021,22.7606],[81.4961,22.7613],[81.4954,22.7588],[81.4851,22.7616],[81.4832,22.7589],[81.476,22.7587],[81.469,22.7612],[81.4643,22.7707],[81.4606,22.7717],[81.4578,22.7682],[81.4533,22.7705],[81.4525,22.7781],[81.4455,22.7881],[81.4504,22.7943],[81.4416,22.7976],[81.4344,22.8071],[81.438,22.8186],[81.4298,22.8289],[81.4294,22.8354],[81.4183,22.8424],[81.4057,22.8446],[81.4029,22.8478],[81.4049,22.8509],[81.4032,22.854],[81.3938,22.8521],[81.3887,22.8553],[81.3701,22.8562],[81.3608,22.8505],[81.3508,22.8521],[81.3476,22.8562],[81.3356,22.8621],[81.3238,22.8634],[81.3148,22.8778],[81.3004,22.8822],[81.2895,22.8794],[81.278,22.8801],[81.266,22.8891],[81.2572,22.9016],[81.2372,22.9016],[81.2129,22.9159],[81.2005,22.9118],[81.1908,22.9281],[81.1921,22.9415],[81.1872,22.9472],[81.1864,22.9524],[81.1932,22.9648],[81.2044,23.0037],[81.2096,23.0158],[81.2231,23.0249],[81.2262,23.0297],[81.2263,23.0357],[81.2305,23.0361],[81.2272,23.0397],[81.2265,23.0455],[81.2302,23.048],[81.2305,23.0517],[81.2373,23.0534],[81.2358,23.0551],[81.2293,23.0544],[81.229,23.0578],[81.2384,23.062],[81.2416,23.0558],[81.2478,23.0575],[81.251,23.052],[81.2538,23.0611],[81.2609,23.0624],[81.2544,23.067],[81.2636,23.0705],[81.2614,23.0736],[81.2548,23.0742],[81.2549,23.0828],[81.2472,23.0912],[81.2494,23.098],[81.2416,23.1008],[81.2383,23.1112],[81.2276,23.1072],[81.2217,23.1153],[81.2138,23.1133],[81.2111,23.1148],[81.209,23.1211],[81.2109,23.1334],[81.2146,23.1372],[81.2132,23.1404],[81.2098,23.1409],[81.2071,23.1381],[81.2029,23.1257],[81.1932,23.1273],[81.1895,23.1313],[81.1955,23.1493],[81.1918,23.1519],[81.1818,23.1488],[81.1784,23.1535],[81.1917,23.1661],[81.1754,23.1689],[81.1567,23.1637],[81.155,23.1691],[81.1625,23.1758],[81.1571,23.1791],[81.1436,23.1775],[81.139,23.1921],[81.1258,23.207],[81.1226,23.2176],[81.1181,23.2174],[81.1103,23.2117],[81.1068,23.203],[81.091,23.2026],[81.078,23.1969],[81.0723,23.1982],[81.0676,23.1945],[81.0638,23.2001],[81.0523,23.2085],[81.0304,23.2096],[81.0179,23.222],[81.0062,23.2255],[81.0009,23.2317],[80.9913,23.2374],[80.9911,23.2434],[80.995,23.2488],[80.9833,23.2494],[80.9642,23.2601],[80.9565,23.2666],[80.9579,23.2752],[80.956,23.2793],[80.9516,23.2794],[80.9506,23.284],[80.9421,23.2891],[80.936,23.2902],[80.9214,23.2834],[80.9157,23.2728],[80.9125,23.2585],[80.8996,23.2529],[80.8981,23.2473],[80.8857,23.2447],[80.8646,23.233],[80.8654,23.2228],[80.8558,23.2209],[80.8464,23.2261],[80.8408,23.2265],[80.8395,23.2317],[80.8312,23.2309],[80.8333,23.2406],[80.8133,23.2441],[80.813,23.2479],[80.8102,23.2482],[80.8118,23.2527],[80.7924,23.2506],[80.7873,23.2316],[80.7788,23.2272],[80.7755,23.2207],[80.747,23.2294],[80.7401,23.2346],[80.7459,23.2484],[80.7428,23.2588],[80.7323,23.2623],[80.7254,23.2603],[80.7221,23.2675],[80.7224,23.2742],[80.7171,23.2782],[80.7166,23.2884],[80.719,23.2882],[80.7223,23.2949],[80.7274,23.2974],[80.7326,23.2931],[80.7351,23.2951],[80.7235,23.2979],[80.7241,23.3049],[80.7414,23.3127],[80.7452,23.3178],[80.7542,23.3206],[80.7493,23.3214],[80.75,23.3298],[80.7567,23.3373],[80.7599,23.3357],[80.7618,23.3448],[80.7578,23.3415],[80.7519,23.344],[80.7356,23.3442],[80.7373,23.3504],[80.7291,23.3586],[80.7231,23.3624],[80.7147,23.3625],[80.7053,23.3669],[80.7055,23.3731],[80.7018,23.3743]]]},"properties":{"dtname":"Dindori","stname":"MADHYA PRADESH","stcode11":"23","dtcode11":"453","year_stat":"2011_c","Shape_Length":706491.4365253481,"Shape_Area":6807216944.0687,"OBJECTID":447,"test":0,"Dist_LGD":404,"State_LGD":23}},{"type":"Feature","id":450,"geometry":{"type":"Polygon","coordinates":[[[78.8332,23.2535],[78.8221,23.2505],[78.8204,23.2453],[78.812,23.2411],[78.8093,23.2356],[78.8116,23.2268],[78.8163,23.2222],[78.8167,23.214],[78.8065,23.1973],[78.8068,23.1928],[78.8025,23.1839],[78.8065,23.1631],[78.7992,23.1598],[78.8018,23.1569],[78.8021,23.1462],[78.7979,23.1452],[78.7978,23.1339],[78.7912,23.1247],[78.7929,23.1207],[78.7881,23.1174],[78.8066,23.1086],[78.8022,23.1052],[78.8044,23.0997],[78.8009,23.0992],[78.8013,23.0944],[78.7974,23.09],[78.779,23.0896],[78.7755,23.0857],[78.7752,23.08],[78.769,23.0826],[78.767,23.0758],[78.7573,23.0789],[78.7569,23.0767],[78.7613,23.0743],[78.7589,23.0705],[78.7558,23.0738],[78.7516,23.0675],[78.7435,23.0695],[78.7486,23.0606],[78.7438,23.0617],[78.7385,23.0587],[78.7336,23.0465],[78.7301,23.0435],[78.7109,23.0416],[78.6931,23.0353],[78.6783,23.0385],[78.6704,23.0374],[78.6538,23.0239],[78.6474,23.0219],[78.629,23.0299],[78.6221,23.0305],[78.6173,23.0279],[78.611,23.0189],[78.5948,23.0114],[78.5877,23.0109],[78.557,23.0172],[78.535,23.011],[78.5137,23.012],[78.4956,23.0058],[78.4714,23.006],[78.4597,23.0005],[78.4472,22.9898],[78.4444,22.9871],[78.4464,22.9854],[78.4432,22.9789],[78.449,22.9741],[78.4554,22.9841],[78.4597,22.9862],[78.4661,22.9853],[78.4718,22.9755],[78.4696,22.9735],[78.4608,22.9752],[78.4601,22.9684],[78.4649,22.9588],[78.4759,22.9588],[78.4833,22.9652],[78.4918,22.9665],[78.4977,22.9639],[78.5016,22.9542],[78.5064,22.9499],[78.5108,22.9501],[78.5326,22.961],[78.5576,22.9544],[78.5653,22.9572],[78.5712,22.9553],[78.569,22.9437],[78.5834,22.9328],[78.579,22.921],[78.5884,22.9057],[78.5873,22.9019],[78.5775,22.8924],[78.576,22.8843],[78.5851,22.8739],[78.593,22.8797],[78.5993,22.8753],[78.596,22.8675],[78.5902,22.8649],[78.5788,22.8696],[78.5767,22.8663],[78.5775,22.8621],[78.5865,22.8535],[78.5969,22.8538],[78.603,22.8512],[78.6041,22.8478],[78.6015,22.8395],[78.6065,22.8313],[78.603,22.8254],[78.5901,22.8177],[78.5904,22.8121],[78.6089,22.813],[78.6215,22.8203],[78.6266,22.8179],[78.6257,22.8114],[78.6162,22.7981],[78.6192,22.7936],[78.6222,22.7934],[78.6366,22.8006],[78.6417,22.7957],[78.6335,22.7834],[78.6343,22.7753],[78.6308,22.7627],[78.6343,22.757],[78.6407,22.7566],[78.6471,22.7631],[78.645,22.7759],[78.648,22.781],[78.6544,22.7799],[78.6574,22.77],[78.6626,22.7641],[78.6764,22.7775],[78.6835,22.7773],[78.6919,22.7721],[78.6987,22.7601],[78.6882,22.7483],[78.6777,22.7267],[78.6805,22.7132],[78.6878,22.7148],[78.6964,22.7099],[78.694,22.7064],[78.6801,22.6983],[78.6818,22.6794],[78.6847,22.6714],[78.684,22.6661],[78.6797,22.6622],[78.6942,22.6502],[78.7098,22.6534],[78.7237,22.6452],[78.7302,22.6379],[78.7287,22.6276],[78.7333,22.6243],[78.7408,22.6267],[78.7407,22.6195],[78.755,22.6175],[78.7618,22.6188],[78.766,22.6166],[78.7804,22.6224],[78.7842,22.6303],[78.7817,22.6415],[78.7754,22.647],[78.7931,22.6506],[78.7989,22.6486],[78.8235,22.6562],[78.8211,22.663],[78.828,22.661],[78.8392,22.668],[78.8395,22.6817],[78.8499,22.6843],[78.8556,22.6783],[78.8848,22.6787],[78.8998,22.6762],[78.9034,22.673],[78.9185,22.672],[78.9236,22.664],[78.921,22.6579],[78.9233,22.6552],[78.9194,22.6529],[78.9241,22.6496],[78.931,22.6369],[78.9389,22.6355],[78.9475,22.6283],[78.9643,22.6262],[78.9656,22.6298],[78.9693,22.6297],[78.9705,22.6333],[78.9737,22.6322],[78.9775,22.6361],[78.9804,22.6337],[78.9848,22.6371],[78.9966,22.6352],[78.9978,22.6402],[79.0015,22.6404],[79.0051,22.6445],[79.0117,22.6442],[79.0072,22.6487],[79.0102,22.652],[79.0028,22.6546],[79.012,22.6599],[79.0141,22.6568],[79.0187,22.6567],[79.0186,22.6613],[79.0102,22.6674],[79.0169,22.6688],[79.0163,22.6768],[79.0106,22.6828],[79.0167,22.6845],[79.017,22.6868],[79.004,22.6926],[79.0049,22.6955],[79.0136,22.7004],[79.0242,22.702],[79.0285,22.7078],[79.0219,22.7083],[79.0131,22.7164],[79.0151,22.7212],[79.0127,22.7274],[79.0278,22.7277],[79.0223,22.7322],[79.0172,22.733],[79.0178,22.7406],[79.0306,22.7451],[79.0315,22.749],[79.0361,22.7527],[79.042,22.7536],[79.0428,22.7596],[79.0565,22.7549],[79.0641,22.7586],[79.0688,22.7533],[79.0685,22.7497],[79.076,22.75],[79.0735,22.7474],[79.0745,22.7443],[79.0834,22.7475],[79.0893,22.7425],[79.0962,22.7573],[79.1229,22.7653],[79.1256,22.771],[79.1233,22.7723],[79.1277,22.7767],[79.1271,22.7835],[79.1382,22.7914],[79.1487,22.7888],[79.1568,22.7941],[79.162,22.7931],[79.165,22.7952],[79.17,22.7886],[79.1784,22.7875],[79.1858,22.7984],[79.192,22.7972],[79.1924,22.809],[79.1969,22.8073],[79.2028,22.8115],[79.2178,22.8131],[79.2227,22.8112],[79.2222,22.8153],[79.2266,22.8124],[79.2288,22.8169],[79.2326,22.8151],[79.2312,22.8095],[79.2406,22.8033],[79.2381,22.7922],[79.2439,22.784],[79.2429,22.7808],[79.2474,22.7718],[79.2418,22.7681],[79.2414,22.7609],[79.2444,22.7519],[79.2628,22.7447],[79.2626,22.7372],[79.26,22.733],[79.2544,22.7268],[79.2432,22.7215],[79.2439,22.719],[79.2486,22.7174],[79.2601,22.7024],[79.2587,22.6917],[79.2659,22.6932],[79.2643,22.6872],[79.2732,22.6951],[79.2894,22.6954],[79.2908,22.6879],[79.2971,22.6818],[79.2932,22.6747],[79.2875,22.6724],[79.2839,22.6562],[79.2857,22.6483],[79.3039,22.6478],[79.3065,22.6414],[79.3062,22.637],[79.3005,22.6312],[79.2962,22.6205],[79.3076,22.6162],[79.3141,22.6178],[79.3187,22.6153],[79.3243,22.6162],[79.3354,22.6216],[79.3373,22.6267],[79.3361,22.6381],[79.3412,22.6341],[79.3487,22.6418],[79.3621,22.6427],[79.3696,22.6542],[79.3809,22.6589],[79.3761,22.6627],[79.3784,22.6685],[79.3884,22.67],[79.3923,22.6736],[79.3912,22.6764],[79.394,22.6807],[79.4014,22.685],[79.4031,22.698],[79.3997,22.6968],[79.3941,22.7021],[79.398,22.7044],[79.4001,22.7018],[79.4135,22.7119],[79.4138,22.7151],[79.4096,22.7207],[79.4238,22.7254],[79.4352,22.7231],[79.4458,22.7279],[79.4603,22.7299],[79.4661,22.7415],[79.469,22.742],[79.4756,22.7384],[79.4711,22.7346],[79.4721,22.7244],[79.4879,22.7307],[79.5098,22.7213],[79.5165,22.7229],[79.52,22.7343],[79.5168,22.7356],[79.5165,22.7412],[79.5236,22.7516],[79.5117,22.7499],[79.5084,22.7539],[79.519,22.7622],[79.5141,22.7718],[79.5154,22.778],[79.5278,22.7853],[79.5317,22.7938],[79.539,22.7974],[79.5442,22.8046],[79.5446,22.8145],[79.5409,22.8171],[79.566,22.8315],[79.5731,22.831],[79.5769,22.8334],[79.5782,22.8394],[79.5877,22.8445],[79.5875,22.8542],[79.5975,22.8584],[79.5975,22.8664],[79.6031,22.8647],[79.6065,22.86],[79.6122,22.8599],[79.6245,22.8734],[79.6258,22.8771],[79.6222,22.8888],[79.6254,22.8962],[79.6208,22.9069],[79.6133,22.9175],[79.6,22.9138],[79.5954,22.9286],[79.5915,22.9339],[79.5908,22.9421],[79.5962,22.9485],[79.5979,22.9459],[79.6027,22.9503],[79.6225,22.9556],[79.6243,22.9605],[79.6227,22.9678],[79.6382,22.9708],[79.6379,22.9731],[79.6403,22.9727],[79.6432,22.9787],[79.6332,22.9881],[79.6283,22.9898],[79.6274,22.9933],[79.6229,22.9946],[79.6151,22.9926],[79.6165,23.0032],[79.609,23.0052],[79.6056,23.01],[79.6089,23.0196],[79.6013,23.0221],[79.5931,23.0204],[79.5904,23.0225],[79.5989,23.034],[79.5984,23.0387],[79.5939,23.0434],[79.5997,23.0529],[79.5964,23.0595],[79.6011,23.0648],[79.6082,23.0677],[79.6064,23.0762],[79.6084,23.0883],[79.6024,23.0834],[79.6003,23.0919],[79.6136,23.0904],[79.6135,23.0948],[79.6076,23.0987],[79.6157,23.1054],[79.5817,23.1121],[79.5776,23.1264],[79.5714,23.1345],[79.5201,23.1435],[79.5143,23.1428],[79.4808,23.1188],[79.4698,23.1062],[79.4582,23.0983],[79.4531,23.0988],[79.4412,23.1066],[79.4348,23.1082],[79.4035,23.1002],[79.3986,23.1019],[79.3882,23.1112],[79.3818,23.113],[79.3619,23.106],[79.3468,23.1074],[79.352,23.1138],[79.3536,23.1268],[79.3579,23.1305],[79.3524,23.1354],[79.3519,23.1395],[79.3736,23.1565],[79.3733,23.1645],[79.3709,23.1676],[79.3652,23.1653],[79.3639,23.1705],[79.3553,23.1714],[79.3564,23.1645],[79.352,23.1558],[79.332,23.1506],[79.3349,23.1595],[79.3228,23.1709],[79.3176,23.1793],[79.3212,23.1898],[79.3164,23.1985],[79.3129,23.2133],[79.3061,23.2241],[79.307,23.2316],[79.2983,23.2281],[79.2925,23.2214],[79.2681,23.2165],[79.2703,23.2355],[79.2617,23.2458],[79.2441,23.2508],[79.231,23.2514],[79.2324,23.2402],[79.2293,23.2368],[79.2278,23.2258],[79.2209,23.2275],[79.2192,23.23],[79.216,23.2287],[79.2114,23.2308],[79.2051,23.2401],[79.1956,23.2407],[79.1954,23.2327],[79.1877,23.2142],[79.189,23.2059],[79.1984,23.1973],[79.1986,23.1946],[79.1884,23.1922],[79.1869,23.1936],[79.1894,23.1959],[79.1867,23.1995],[79.1661,23.1899],[79.1637,23.1877],[79.166,23.1767],[79.1534,23.1794],[79.1483,23.1724],[79.1493,23.1676],[79.1425,23.1663],[79.1401,23.1678],[79.1388,23.1745],[79.1359,23.1731],[79.1251,23.1757],[79.1181,23.1663],[79.1141,23.1654],[79.1084,23.1672],[79.1136,23.1668],[79.116,23.1692],[79.1136,23.1755],[79.1167,23.1805],[79.1121,23.1871],[79.1083,23.181],[79.1098,23.1869],[79.1066,23.1892],[79.1066,23.196],[79.104,23.198],[79.1075,23.2016],[79.1057,23.2067],[79.104,23.2037],[79.0952,23.204],[79.0917,23.1949],[79.0901,23.2002],[79.0843,23.1981],[79.0831,23.2046],[79.0758,23.2025],[79.0716,23.2058],[79.0668,23.2013],[79.0645,23.1944],[79.0573,23.1945],[79.0517,23.199],[79.0451,23.1963],[79.0345,23.1973],[79.031,23.1954],[79.0285,23.1971],[79.0232,23.1929],[79.0219,23.1991],[79.0073,23.209],[78.9998,23.2106],[78.996,23.217],[78.9934,23.2115],[78.983,23.2051],[78.9803,23.2005],[78.9731,23.2045],[78.9715,23.2119],[78.9646,23.2117],[78.9626,23.2148],[78.9598,23.2124],[78.9541,23.2168],[78.9513,23.2115],[78.9485,23.2128],[78.9435,23.2094],[78.9482,23.2156],[78.9473,23.2218],[78.9385,23.2338],[78.9309,23.2319],[78.9163,23.2231],[78.9073,23.2271],[78.898,23.2164],[78.8975,23.2125],[78.8915,23.2165],[78.8762,23.2181],[78.8702,23.2244],[78.8588,23.2226],[78.8528,23.2258],[78.8486,23.2251],[78.8464,23.2425],[78.8398,23.2487],[78.8361,23.2487],[78.8377,23.2527],[78.8332,23.2535]]]},"properties":{"dtname":"Narsimhapur","stname":"MADHYA PRADESH","stcode11":"23","dtcode11":"452","year_stat":"2011_c","Shape_Length":617246.8178617491,"Shape_Area":6083704416.653638,"OBJECTID":450,"test":0,"Dist_LGD":418,"State_LGD":23}},{"type":"Feature","id":451,"geometry":{"type":"Polygon","coordinates":[[[75.2424,23.135],[75.2398,23.1267],[75.2415,23.1175],[75.2439,23.1175],[75.2436,23.1088],[75.2379,23.0857],[75.2113,23.0912],[75.1871,23.092],[75.1773,23.0963],[75.18,23.0996],[75.1786,23.1006],[75.1679,23.106],[75.1598,23.1056],[75.1573,23.1093],[75.154,23.1049],[75.1421,23.1073],[75.137,23.1049],[75.1338,23.1072],[75.1141,23.1092],[75.1096,23.1152],[75.1072,23.1146],[75.1071,23.1096],[75.0804,23.1046],[75.0645,23.1071],[75.0483,23.1065],[75.0392,23.1087],[75.0327,23.1133],[75.0281,23.1114],[75.0136,23.1127],[75.0064,23.1094],[75.016,23.0856],[75.0072,23.0777],[75.0027,23.0566],[75.0136,23.0434],[75.0153,23.0369],[75.0069,23.0241],[75.0124,23.0132],[75.0086,23.0033],[75.0089,22.9933],[75.0034,22.9711],[75.0075,22.9627],[75.0025,22.9552],[75.0062,22.9388],[74.9998,22.9279],[75.0032,22.913],[74.9858,22.8927],[74.9847,22.8872],[74.9875,22.8741],[74.9852,22.8666],[74.965,22.8513],[74.9522,22.8355],[74.951,22.8283],[74.954,22.8204],[74.9501,22.8131],[74.9503,22.8073],[74.9433,22.8028],[74.9373,22.7916],[74.9262,22.787],[74.9187,22.7791],[74.9028,22.7719],[74.9018,22.7576],[74.8954,22.7482],[74.8845,22.7552],[74.8731,22.7556],[74.8569,22.7528],[74.852,22.7464],[74.8308,22.7505],[74.816,22.7501],[74.8049,22.7525],[74.7902,22.7597],[74.7755,22.7554],[74.7719,22.7513],[74.7684,22.7533],[74.7605,22.7514],[74.7624,22.7505],[74.7653,22.7358],[74.7748,22.7186],[74.7727,22.7115],[74.7823,22.6922],[74.7809,22.6755],[74.784,22.6741],[74.7851,22.6686],[74.7899,22.6678],[74.7963,22.6587],[74.7881,22.6516],[74.7842,22.6437],[74.7895,22.6302],[74.7832,22.6098],[74.7824,22.5805],[74.7776,22.5728],[74.7723,22.5699],[74.7664,22.5708],[74.7523,22.5591],[74.7475,22.561],[74.7279,22.5522],[74.7275,22.5465],[74.7125,22.5262],[74.716,22.5182],[74.7213,22.515],[74.7213,22.5044],[74.7254,22.5018],[74.7212,22.4972],[74.7134,22.4989],[74.7091,22.4882],[74.7098,22.4837],[74.7051,22.4781],[74.7124,22.4721],[74.7129,22.4619],[74.7173,22.4583],[74.7219,22.4586],[74.7364,22.4528],[74.7392,22.4455],[74.7465,22.4419],[74.7477,22.4372],[74.7425,22.4343],[74.7238,22.439],[74.7211,22.4291],[74.7145,22.4231],[74.6993,22.425],[74.6939,22.417],[74.6901,22.4158],[74.6885,22.4124],[74.6913,22.4065],[74.6887,22.4028],[74.6969,22.3976],[74.6917,22.3931],[74.6899,22.3836],[74.6941,22.3798],[74.6912,22.3747],[74.6919,22.368],[74.6834,22.3646],[74.6817,22.3609],[74.6784,22.3607],[74.6772,22.3639],[74.6732,22.3617],[74.673,22.367],[74.6646,22.3693],[74.6483,22.3695],[74.6313,22.3659],[74.6324,22.353],[74.6217,22.3462],[74.6229,22.3286],[74.6318,22.3193],[74.6326,22.3105],[74.6379,22.3098],[74.636,22.3059],[74.6396,22.3027],[74.658,22.3044],[74.6619,22.2996],[74.6615,22.2882],[74.6583,22.2889],[74.6536,22.2858],[74.649,22.2741],[74.635,22.2698],[74.6188,22.2706],[74.6142,22.2682],[74.6078,22.2703],[74.5992,22.2681],[74.5963,22.2631],[74.6026,22.2594],[74.6035,22.2556],[74.5904,22.2505],[74.5903,22.2432],[74.5752,22.2423],[74.5641,22.2459],[74.5596,22.2429],[74.5623,22.2238],[74.5568,22.2196],[74.5516,22.2216],[74.5427,22.2369],[74.5267,22.2363],[74.5211,22.2265],[74.5121,22.2201],[74.5117,22.2169],[74.5217,22.2054],[74.5156,22.2025],[74.5156,22.1985],[74.5076,22.1899],[74.5096,22.1829],[74.4992,22.182],[74.4964,22.1794],[74.4976,22.1666],[74.5022,22.1565],[74.5091,22.1498],[74.5265,22.1463],[74.5303,22.1288],[74.5354,22.1227],[74.5403,22.1233],[74.5407,22.1174],[74.4992,22.1128],[74.4711,22.1135],[74.4757,22.0964],[74.4992,22.1001],[74.5151,22.1001],[74.5156,22.0893],[74.5039,22.0838],[74.5041,22.0794],[74.5008,22.0782],[74.4998,22.0736],[74.4926,22.071],[74.495,22.055],[74.4992,22.053],[74.5023,22.0445],[74.5258,22.0517],[74.5341,22.0518],[74.5416,22.0472],[74.5537,22.0286],[74.5622,22.0233],[74.5919,22.0233],[74.6196,22.029],[74.6376,22.0369],[74.6654,22.034],[74.6789,22.0357],[74.6845,22.038],[74.6945,22.0485],[74.7335,22.0598],[74.7777,22.0785],[74.7913,22.0772],[74.8199,22.0655],[74.8342,22.0621],[74.8477,22.0644],[74.8875,22.079],[74.9147,22.0837],[74.9712,22.0841],[75.0343,22.0894],[75.0606,22.0946],[75.1149,22.0961],[75.1477,22.1033],[75.1882,22.1047],[75.198,22.1073],[75.2185,22.1186],[75.2386,22.124],[75.2895,22.1249],[75.3227,22.1368],[75.3641,22.1415],[75.3787,22.1412],[75.3902,22.1367],[75.3982,22.1365],[75.4281,22.1463],[75.4559,22.1516],[75.4906,22.1539],[75.5027,22.1565],[75.5093,22.162],[75.5113,22.1731],[75.5206,22.1732],[75.5159,22.1863],[75.5198,22.1909],[75.5228,22.211],[75.5314,22.2209],[75.5357,22.2342],[75.5277,22.2505],[75.533,22.2633],[75.5293,22.2712],[75.5175,22.2797],[75.5148,22.2937],[75.5187,22.3262],[75.5142,22.3291],[75.5069,22.3235],[75.4991,22.3268],[75.49,22.3262],[75.4959,22.3331],[75.4965,22.3397],[75.505,22.3363],[75.5093,22.3393],[75.51,22.3501],[75.5035,22.3675],[75.5086,22.3736],[75.5224,22.3754],[75.5279,22.3709],[75.526,22.3674],[75.5279,22.3648],[75.5381,22.3652],[75.5392,22.3626],[75.5368,22.3567],[75.5411,22.3578],[75.5427,22.3612],[75.554,22.3636],[75.5647,22.3758],[75.5574,22.3769],[75.5518,22.3828],[75.555,22.3879],[75.5504,22.3897],[75.548,22.3942],[75.5469,22.3923],[75.5459,22.408],[75.5402,22.4115],[75.5534,22.418],[75.5637,22.427],[75.5662,22.4359],[75.5653,22.4429],[75.5745,22.453],[75.5646,22.4716],[75.567,22.478],[75.5651,22.4907],[75.5536,22.4886],[75.5529,22.4909],[75.5582,22.5079],[75.5575,22.5151],[75.5659,22.5161],[75.5772,22.5135],[75.5781,22.5178],[75.5985,22.5199],[75.5977,22.5419],[75.6024,22.5408],[75.5951,22.5473],[75.5959,22.567],[75.6099,22.5684],[75.6155,22.5584],[75.6202,22.5608],[75.6311,22.5597],[75.6347,22.5609],[75.6352,22.5657],[75.6572,22.5691],[75.663,22.5721],[75.6641,22.5761],[75.6808,22.5818],[75.6861,22.5961],[75.6962,22.5956],[75.698,22.6136],[75.7003,22.6117],[75.7081,22.6147],[75.7136,22.6196],[75.7134,22.6352],[75.7092,22.6475],[75.7044,22.6465],[75.7055,22.6308],[75.6967,22.6263],[75.6876,22.6298],[75.6797,22.6361],[75.6552,22.6383],[75.6454,22.6322],[75.6058,22.6304],[75.5985,22.651],[75.5907,22.6536],[75.5897,22.6592],[75.5759,22.6609],[75.5677,22.658],[75.5647,22.6361],[75.5547,22.6377],[75.5374,22.6358],[75.536,22.6302],[75.529,22.6302],[75.5237,22.6404],[75.5241,22.6457],[75.5181,22.6531],[75.5239,22.6547],[75.5195,22.6634],[75.5207,22.6672],[75.5172,22.6838],[75.5074,22.6944],[75.5117,22.6975],[75.5149,22.7073],[75.5142,22.7106],[75.5068,22.716],[75.5101,22.7241],[75.5091,22.7321],[75.4947,22.7316],[75.4956,22.7453],[75.4891,22.7467],[75.4836,22.7513],[75.4858,22.7542],[75.4852,22.7588],[75.4907,22.7632],[75.4792,22.7713],[75.4751,22.7705],[75.4744,22.773],[75.4658,22.7692],[75.4382,22.7736],[75.4392,22.7866],[75.4431,22.7955],[75.4348,22.7991],[75.4359,22.8093],[75.4252,22.8095],[75.4263,22.8246],[75.4237,22.8247],[75.4231,22.8287],[75.4251,22.8315],[75.435,22.8311],[75.4331,22.8447],[75.4377,22.8442],[75.4409,22.8503],[75.442,22.8671],[75.4058,22.8713],[75.3715,22.8685],[75.3692,22.8596],[75.3706,22.8466],[75.363,22.846],[75.3521,22.8307],[75.3411,22.8297],[75.3332,22.8364],[75.3303,22.8399],[75.3297,22.846],[75.3347,22.8736],[75.3314,22.8736],[75.3309,22.8798],[75.3233,22.8818],[75.3244,22.8941],[75.3224,22.9008],[75.3264,22.9144],[75.3185,22.93],[75.3067,22.9322],[75.3059,22.9557],[75.3251,22.9569],[75.3264,22.9863],[75.3002,22.9945],[75.3018,23.0188],[75.3071,23.0299],[75.3219,23.0337],[75.3207,23.0379],[75.3348,23.0394],[75.3355,23.0586],[75.3454,23.0591],[75.348,23.0635],[75.347,23.069],[75.3451,23.071],[75.3246,23.0688],[75.3236,23.0769],[75.3156,23.0954],[75.32,23.108],[75.312,23.1082],[75.3099,23.1058],[75.3003,23.1068],[75.297,23.1097],[75.3003,23.1112],[75.3006,23.1269],[75.291,23.1307],[75.2424,23.135]]]},"properties":{"dtname":"Dhar","stname":"MADHYA PRADESH","stcode11":"23","dtcode11":"438","year_stat":"2011_c","Shape_Length":636320.5931238977,"Shape_Area":9602161766.940393,"OBJECTID":451,"test":0,"Dist_LGD":403,"State_LGD":23}},{"type":"Feature","id":453,"geometry":{"type":"Polygon","coordinates":[[[75.6064,23.0892],[75.5814,23.0851],[75.566,23.0859],[75.5644,23.0755],[75.5664,23.0752],[75.5658,23.0715],[75.5684,23.0712],[75.565,23.0651],[75.5457,23.0624],[75.5455,23.0489],[75.5373,23.0445],[75.5336,23.0352],[75.5285,23.0338],[75.5204,23.0372],[75.5221,23.0381],[75.5209,23.0417],[75.518,23.0402],[75.5187,23.0324],[75.5149,23.0273],[75.5165,23.0222],[75.5071,23.0216],[75.5074,23.0178],[75.5117,23.0151],[75.5095,23.0117],[75.5077,23.0126],[75.5048,23.0039],[75.5023,23.0015],[75.4991,23.0023],[75.4981,22.9988],[75.4951,23.0029],[75.4878,23.0034],[75.4886,23.0148],[75.4844,23.0179],[75.4752,23.0164],[75.46,23.0068],[75.4591,23.0052],[75.4738,23.0026],[75.4736,22.9862],[75.4857,22.9855],[75.4871,22.9874],[75.4929,22.9845],[75.4863,22.968],[75.4635,22.9695],[75.4558,22.9419],[75.4761,22.9393],[75.4755,22.9263],[75.4594,22.9261],[75.4562,22.9152],[75.439,22.9072],[75.4407,22.8804],[75.4371,22.8677],[75.4421,22.867],[75.4415,22.8524],[75.438,22.8445],[75.4331,22.8448],[75.435,22.8311],[75.4251,22.8315],[75.4231,22.8287],[75.4237,22.8247],[75.4263,22.8246],[75.4252,22.8095],[75.4359,22.8093],[75.4348,22.7991],[75.4431,22.7955],[75.4392,22.7866],[75.4384,22.7733],[75.4658,22.7692],[75.4744,22.773],[75.4752,22.7704],[75.479,22.7714],[75.4837,22.769],[75.4841,22.7663],[75.491,22.7625],[75.4852,22.7588],[75.4858,22.7542],[75.4836,22.7513],[75.4891,22.7467],[75.4956,22.7453],[75.4947,22.7316],[75.5091,22.7321],[75.5101,22.7241],[75.5068,22.716],[75.5142,22.7106],[75.5149,22.7073],[75.5117,22.6975],[75.5074,22.6944],[75.5172,22.6838],[75.5207,22.6672],[75.5195,22.6634],[75.5239,22.6547],[75.5181,22.6531],[75.5241,22.6457],[75.5237,22.6404],[75.529,22.6302],[75.536,22.6302],[75.5374,22.6358],[75.5547,22.6377],[75.5647,22.6361],[75.5677,22.658],[75.5759,22.6609],[75.5897,22.6592],[75.5907,22.6536],[75.5985,22.651],[75.6058,22.6304],[75.6454,22.6322],[75.6552,22.6383],[75.6797,22.6361],[75.6876,22.6298],[75.6967,22.6263],[75.7055,22.6308],[75.7044,22.6465],[75.7092,22.6475],[75.7136,22.6343],[75.7136,22.6196],[75.7081,22.6147],[75.7003,22.6117],[75.698,22.6136],[75.6962,22.5956],[75.6861,22.5961],[75.6808,22.5818],[75.6641,22.5761],[75.663,22.5721],[75.6572,22.5691],[75.6352,22.5657],[75.6347,22.5609],[75.6311,22.5597],[75.6202,22.5608],[75.6155,22.5584],[75.6099,22.5684],[75.5959,22.567],[75.5951,22.5473],[75.6024,22.5408],[75.5977,22.5419],[75.5985,22.5199],[75.5781,22.5178],[75.5772,22.5135],[75.5659,22.5161],[75.5575,22.5151],[75.5582,22.5079],[75.5529,22.4909],[75.5536,22.4886],[75.5651,22.4907],[75.567,22.478],[75.5646,22.4716],[75.5745,22.453],[75.5653,22.4429],[75.5662,22.4359],[75.5637,22.427],[75.5534,22.418],[75.5402,22.4115],[75.5459,22.408],[75.5465,22.3929],[75.548,22.3942],[75.5504,22.3897],[75.555,22.3879],[75.5518,22.3828],[75.5574,22.3769],[75.5664,22.3742],[75.5751,22.3778],[75.5799,22.3702],[75.5883,22.3714],[75.5927,22.3609],[75.5985,22.3645],[75.5987,22.3599],[75.6021,22.3633],[75.6103,22.3636],[75.6066,22.3596],[75.6105,22.3576],[75.6072,22.3561],[75.6056,22.3514],[75.6109,22.3467],[75.6027,22.3453],[75.5999,22.3477],[75.5997,22.3407],[75.6157,22.3377],[75.6207,22.3429],[75.629,22.3447],[75.6352,22.3551],[75.641,22.3561],[75.6424,22.3489],[75.6408,22.345],[75.6463,22.3413],[75.6443,22.3359],[75.6536,22.3321],[75.6512,22.3394],[75.6546,22.3425],[75.6625,22.3455],[75.6747,22.344],[75.6755,22.3492],[75.6872,22.3543],[75.6928,22.3599],[75.7037,22.3585],[75.7029,22.3612],[75.7135,22.3622],[75.7222,22.3695],[75.7361,22.3581],[75.7521,22.3579],[75.7626,22.3646],[75.7627,22.367],[75.7703,22.3692],[75.7752,22.3657],[75.7845,22.3763],[75.7995,22.3802],[75.7997,22.3857],[75.8091,22.387],[75.8157,22.3918],[75.8219,22.4061],[75.8344,22.4088],[75.8382,22.4005],[75.8496,22.3918],[75.8495,22.3839],[75.8563,22.3837],[75.8584,22.3805],[75.8644,22.38],[75.8788,22.3846],[75.8813,22.3834],[75.8875,22.39],[75.8928,22.3913],[75.8994,22.3907],[75.9034,22.387],[75.9094,22.3879],[75.9116,22.4022],[75.9087,22.4091],[75.9133,22.4145],[75.914,22.4204],[75.9609,22.4305],[75.9687,22.4287],[75.9713,22.4198],[75.9938,22.4136],[76.0067,22.4219],[76.0048,22.4265],[76.0074,22.4288],[76.0067,22.4328],[76.013,22.441],[76.0086,22.4446],[76.0215,22.4449],[76.0319,22.437],[76.0316,22.4482],[76.0456,22.4598],[76.0527,22.4537],[76.0553,22.4615],[76.0502,22.4721],[76.0507,22.4783],[76.0477,22.4806],[76.0406,22.4808],[76.0393,22.4835],[76.0347,22.4819],[76.0348,22.4857],[76.0237,22.495],[76.0261,22.4963],[76.028,22.5005],[76.0265,22.5027],[76.0304,22.51],[76.0279,22.5291],[76.0395,22.5291],[76.0441,22.5345],[76.052,22.5308],[76.0605,22.5335],[76.074,22.5279],[76.0764,22.5237],[76.0815,22.5347],[76.0807,22.5391],[76.0869,22.54],[76.0851,22.5468],[76.0912,22.5551],[76.0927,22.5566],[76.0974,22.5544],[76.1068,22.56],[76.1028,22.5623],[76.106,22.5676],[76.1021,22.5664],[76.1021,22.5643],[76.0928,22.5642],[76.0817,22.5686],[76.0782,22.5732],[76.0725,22.5733],[76.0705,22.5801],[76.0618,22.5848],[76.0629,22.588],[76.0725,22.5843],[76.0848,22.5838],[76.084,22.5886],[76.0883,22.5861],[76.0832,22.5925],[76.0875,22.5924],[76.0821,22.5988],[76.0821,22.6034],[76.0868,22.5978],[76.089,22.5999],[76.0914,22.5977],[76.0936,22.5911],[76.0971,22.5969],[76.1006,22.5955],[76.0986,22.5914],[76.1009,22.5863],[76.1055,22.5855],[76.1076,22.5931],[76.1111,22.591],[76.1141,22.5819],[76.1155,22.5859],[76.1194,22.5849],[76.1144,22.5866],[76.1149,22.5888],[76.1235,22.5892],[76.1171,22.5957],[76.1145,22.5952],[76.1133,22.5979],[76.1079,22.6],[76.1168,22.6003],[76.1166,22.6031],[76.1192,22.6042],[76.1274,22.594],[76.1262,22.6018],[76.1288,22.6037],[76.1317,22.5982],[76.1323,22.6047],[76.1359,22.6028],[76.138,22.6041],[76.1409,22.5996],[76.1385,22.5978],[76.1414,22.5954],[76.1367,22.5924],[76.1437,22.5888],[76.1415,22.5922],[76.1438,22.5986],[76.1409,22.6036],[76.1478,22.6037],[76.142,22.6075],[76.1488,22.6134],[76.1535,22.6089],[76.1613,22.6077],[76.1623,22.6008],[76.1682,22.6034],[76.1657,22.6108],[76.1612,22.6115],[76.1574,22.6184],[76.1665,22.6171],[76.1626,22.6226],[76.1523,22.6242],[76.154,22.6269],[76.1514,22.6325],[76.1594,22.6291],[76.1579,22.634],[76.1607,22.6341],[76.1702,22.6277],[76.1721,22.633],[76.1742,22.6318],[76.1786,22.6384],[76.1831,22.6392],[76.1852,22.6366],[76.1882,22.6399],[76.1905,22.6394],[76.1902,22.6346],[76.1878,22.6366],[76.1863,22.6325],[76.1807,22.6337],[76.1724,22.6211],[76.1754,22.6148],[76.1838,22.6173],[76.1825,22.6115],[76.1893,22.6088],[76.1847,22.6047],[76.1781,22.6045],[76.1758,22.6004],[76.1801,22.5987],[76.1876,22.5971],[76.1933,22.6008],[76.1927,22.6126],[76.1995,22.6252],[76.2142,22.6231],[76.2144,22.617],[76.2168,22.6158],[76.2321,22.617],[76.2361,22.6238],[76.2375,22.6356],[76.2473,22.6438],[76.242,22.6429],[76.2403,22.6488],[76.228,22.6513],[76.2342,22.6618],[76.2298,22.6753],[76.2219,22.6717],[76.2135,22.6618],[76.1965,22.6628],[76.1913,22.6608],[76.1923,22.6675],[76.204,22.6761],[76.2,22.6765],[76.197,22.6845],[76.1905,22.6902],[76.1753,22.695],[76.1711,22.6904],[76.1574,22.6894],[76.1409,22.6927],[76.1349,22.6982],[76.1232,22.7027],[76.1198,22.7029],[76.1179,22.6992],[76.1033,22.7015],[76.1003,22.7163],[76.0961,22.7174],[76.0935,22.715],[76.098,22.726],[76.0889,22.729],[76.0864,22.734],[76.0891,22.7455],[76.0845,22.7487],[76.0858,22.7521],[76.0795,22.7554],[76.0831,22.7576],[76.0788,22.7642],[76.0802,22.7678],[76.0767,22.7735],[76.073,22.7733],[76.0684,22.7813],[76.0681,22.7897],[76.0623,22.7956],[76.0629,22.8021],[76.06,22.8041],[76.0602,22.8069],[76.0538,22.8026],[76.0492,22.8065],[76.0515,22.8151],[76.0543,22.816],[76.0513,22.819],[76.0485,22.8171],[76.0426,22.8231],[76.0424,22.8267],[76.0368,22.8297],[76.0392,22.8372],[76.0369,22.8384],[76.0376,22.8412],[76.034,22.8424],[76.0325,22.8475],[76.0274,22.8517],[76.0224,22.8511],[76.021,22.8567],[76.023,22.8597],[76.0138,22.863],[76.0105,22.8601],[76.0061,22.8602],[76.0038,22.8656],[75.9969,22.8707],[75.9966,22.8742],[75.9907,22.8716],[75.9843,22.8727],[75.9794,22.8809],[75.9862,22.886],[75.9806,22.8931],[75.983,22.8968],[75.9796,22.906],[75.9819,22.9111],[75.9772,22.9169],[75.9774,22.9217],[75.9707,22.9297],[75.9658,22.9295],[75.9651,22.9444],[75.9602,22.9427],[75.9517,22.9465],[75.9515,22.9514],[75.9476,22.953],[75.9465,22.9578],[75.9413,22.9585],[75.9423,22.9632],[75.9371,22.963],[75.9365,22.9681],[75.9241,22.9747],[75.9263,22.9782],[75.9248,22.9802],[75.9191,22.9794],[75.917,22.9755],[75.9151,22.9766],[75.912,22.983],[75.9134,22.9887],[75.9009,22.995],[75.8955,23.006],[75.8919,23.0049],[75.8878,23.0082],[75.8892,23.0127],[75.8843,23.0161],[75.8838,23.0195],[75.8866,23.0214],[75.8839,23.027],[75.881,23.0282],[75.8778,23.0261],[75.8769,23.0305],[75.8719,23.0333],[75.8743,23.0392],[75.8671,23.0387],[75.867,23.0368],[75.8467,23.0364],[75.8422,23.0291],[75.8154,23.0374],[75.8177,23.0398],[75.8162,23.0409],[75.8079,23.0402],[75.8048,23.0344],[75.7777,23.0325],[75.7782,23.0277],[75.7601,23.0284],[75.7596,23.035],[75.7373,23.0346],[75.733,23.0336],[75.7317,23.0156],[75.7239,23.0147],[75.7149,23.0155],[75.7096,23.0186],[75.6981,23.018],[75.6848,23.0208],[75.6791,23.0202],[75.6784,23.0162],[75.6718,23.0141],[75.6566,23.0207],[75.6502,23.0199],[75.6495,23.0259],[75.6446,23.0196],[75.6413,23.0237],[75.641,23.0207],[75.6368,23.0225],[75.6356,23.0201],[75.6364,23.0176],[75.6411,23.0171],[75.6409,23.0127],[75.6458,23.01],[75.6463,23.0068],[75.6323,23.0069],[75.6333,23.0291],[75.6284,23.03],[75.6211,23.0436],[75.6272,23.0475],[75.6248,23.0516],[75.6206,23.0492],[75.6162,23.0527],[75.6211,23.0631],[75.6266,23.0623],[75.6297,23.0655],[75.626,23.0752],[75.628,23.0819],[75.6234,23.0847],[75.6068,23.0831],[75.6064,23.0892]]]},"properties":{"dtname":"Indore","stname":"MADHYA PRADESH","stcode11":"23","dtcode11":"439","year_stat":"2011_c","Shape_Length":554842.6349281505,"Shape_Area":4616757364.513308,"OBJECTID":453,"test":0,"Dist_LGD":410,"State_LGD":23}},{"type":"Feature","id":455,"geometry":{"type":"Polygon","coordinates":[[[80.4053,23.1724],[80.3913,23.1713],[80.3942,23.1671],[80.3897,23.1576],[80.3897,23.1445],[80.3928,23.1421],[80.3595,23.1393],[80.3506,23.1209],[80.3369,23.1166],[80.3376,23.111],[80.3293,23.0969],[80.3088,23.0963],[80.3018,23.0984],[80.3001,23.1058],[80.2956,23.1078],[80.2962,23.1255],[80.2895,23.1333],[80.281,23.1363],[80.2763,23.1354],[80.2791,23.1417],[80.2763,23.146],[80.2659,23.1455],[80.248,23.1515],[80.2422,23.1419],[80.2382,23.1401],[80.2282,23.1428],[80.2178,23.1323],[80.1926,23.1312],[80.1861,23.1287],[80.1796,23.1221],[80.1816,23.1109],[80.19,23.1046],[80.1887,23.092],[80.2027,23.0864],[80.2042,23.0686],[80.1869,23.0673],[80.1821,23.0627],[80.1809,23.0566],[80.1852,23.0536],[80.1874,23.0414],[80.1918,23.0333],[80.1909,23.0282],[80.1865,23.0228],[80.1766,23.0242],[80.1692,23.0427],[80.1637,23.0477],[80.1578,23.0487],[80.1483,23.0454],[80.1444,23.0493],[80.1419,23.0448],[80.1419,23.0566],[80.1382,23.0563],[80.1341,23.0596],[80.1293,23.0598],[80.1249,23.0544],[80.1112,23.0513],[80.1084,23.0527],[80.1074,23.0594],[80.1087,23.0759],[80.0974,23.0794],[80.0812,23.0772],[80.0829,23.075],[80.0796,23.066],[80.0711,23.0665],[80.0578,23.0589],[80.054,23.0539],[80.0472,23.0516],[80.0368,23.0395],[80.0147,23.0316],[79.9925,23.0287],[79.9953,23.0212],[79.9903,23.0138],[79.9982,23.0165],[80.0053,23.0065],[80.0045,23.0029],[79.998,23.0035],[79.9912,22.9983],[79.9947,22.9921],[80.0021,22.9866],[80.0056,22.9794],[79.9992,22.9795],[79.9896,22.9697],[79.9844,22.9692],[79.9821,22.9662],[79.9699,22.9613],[79.966,22.9583],[79.9666,22.9552],[79.9517,22.9472],[79.9553,22.9423],[79.9542,22.9369],[79.9708,22.9239],[79.9745,22.9174],[79.9694,22.9156],[79.9682,22.9082],[79.9701,22.9009],[79.969,22.8895],[79.9756,22.8854],[79.9623,22.871],[79.9652,22.8717],[79.9666,22.8663],[79.9644,22.852],[79.979,22.8326],[80.0008,22.826],[80.0065,22.8219],[80.0168,22.7952],[80.0417,22.7819],[80.061,22.7601],[80.0708,22.7582],[80.1004,22.7693],[80.1303,22.7661],[80.1624,22.7666],[80.1797,22.7629],[80.1903,22.7749],[80.2055,22.7781],[80.204,22.793],[80.2125,22.7994],[80.2206,22.8008],[80.2682,22.7932],[80.2789,22.7875],[80.2816,22.7806],[80.2787,22.7649],[80.2831,22.7521],[80.285,22.7355],[80.2894,22.7263],[80.2763,22.7183],[80.2451,22.721],[80.2394,22.7152],[80.2384,22.7064],[80.2336,22.7],[80.241,22.6905],[80.2361,22.6742],[80.2192,22.6705],[80.213,22.6745],[80.2022,22.6629],[80.1943,22.6444],[80.2074,22.6358],[80.2143,22.6345],[80.216,22.6272],[80.2107,22.615],[80.2042,22.6107],[80.2023,22.6039],[80.1899,22.5991],[80.1753,22.6017],[80.1538,22.6],[80.1448,22.6162],[80.1405,22.6153],[80.1383,22.611],[80.1312,22.6145],[80.1264,22.6102],[80.1242,22.6142],[80.1201,22.6151],[80.1198,22.6204],[80.1152,22.6271],[80.1129,22.6271],[80.1046,22.6214],[80.0942,22.622],[80.089,22.6198],[80.0855,22.6173],[80.088,22.6131],[80.082,22.6135],[80.0728,22.6021],[80.0647,22.6074],[80.0526,22.6041],[80.0448,22.6044],[80.0354,22.6081],[80.0322,22.5964],[80.0154,22.597],[80.0107,22.5891],[80.0077,22.5748],[79.9898,22.5808],[79.9789,22.5757],[79.9801,22.5698],[79.9783,22.5669],[79.9641,22.5682],[79.9528,22.5583],[79.9544,22.5556],[79.9642,22.5535],[79.9704,22.5476],[79.9822,22.5493],[79.9885,22.5451],[80.0018,22.5504],[80.0052,22.5546],[80.005,22.5585],[80.009,22.559],[80.0112,22.5477],[80.0161,22.543],[80.0217,22.5473],[80.0299,22.5473],[80.0374,22.541],[80.0372,22.5242],[80.0347,22.521],[80.0241,22.5168],[80.0221,22.5106],[80.0233,22.5053],[80.0279,22.4997],[80.0376,22.5014],[80.0442,22.4949],[80.0442,22.4898],[80.0522,22.4695],[80.0501,22.4562],[80.0716,22.4503],[80.0774,22.4406],[80.0802,22.4276],[80.0927,22.4235],[80.0912,22.4056],[80.0722,22.3934],[80.0735,22.3832],[80.0692,22.3765],[80.0709,22.3691],[80.0775,22.3592],[80.077,22.3507],[80.083,22.3448],[80.098,22.3385],[80.1059,22.3439],[80.1294,22.3462],[80.1391,22.3435],[80.144,22.3391],[80.1497,22.3463],[80.1598,22.3463],[80.1724,22.34],[80.1681,22.3254],[80.185,22.3231],[80.2008,22.3164],[80.2126,22.3145],[80.2151,22.3101],[80.2281,22.3139],[80.2321,22.3028],[80.235,22.3016],[80.2597,22.3083],[80.2731,22.3074],[80.2794,22.3232],[80.2883,22.3241],[80.3009,22.3374],[80.3231,22.3461],[80.3352,22.3392],[80.3338,22.3341],[80.3463,22.3271],[80.3428,22.324],[80.3412,22.3159],[80.3341,22.3056],[80.3361,22.299],[80.3711,22.301],[80.3849,22.3093],[80.3873,22.3064],[80.3997,22.3045],[80.4034,22.2931],[80.4211,22.2782],[80.4155,22.2442],[80.426,22.2464],[80.4468,22.2461],[80.4511,22.2633],[80.465,22.2644],[80.4605,22.2771],[80.4623,22.2808],[80.4832,22.278],[80.4874,22.2701],[80.5023,22.2714],[80.5078,22.2757],[80.5156,22.2623],[80.5182,22.2645],[80.5209,22.2623],[80.5263,22.2647],[80.5251,22.2494],[80.5322,22.2406],[80.5799,22.2265],[80.5982,22.2323],[80.6078,22.2279],[80.6459,22.2275],[80.6591,22.2195],[80.6642,22.2221],[80.6816,22.213],[80.6911,22.2126],[80.6998,22.2036],[80.7062,22.2022],[80.7132,22.2056],[80.7209,22.2163],[80.728,22.2174],[80.7286,22.2203],[80.7242,22.2349],[80.7178,22.2354],[80.7035,22.2546],[80.7053,22.257],[80.7039,22.2705],[80.7086,22.2751],[80.7111,22.2717],[80.7188,22.2715],[80.7232,22.2775],[80.7448,22.2845],[80.7434,22.2871],[80.7491,22.2974],[80.7618,22.3092],[80.7659,22.3089],[80.7658,22.3121],[80.7698,22.3142],[80.7721,22.3126],[80.7737,22.3173],[80.7765,22.3151],[80.7789,22.3174],[80.7825,22.3169],[80.7849,22.3136],[80.7879,22.3137],[80.7921,22.3211],[80.7907,22.3255],[80.795,22.3289],[80.7921,22.3415],[80.7941,22.3551],[80.8022,22.3664],[80.794,22.3758],[80.8015,22.3872],[80.7954,22.4001],[80.7982,22.4015],[80.8065,22.3992],[80.8113,22.402],[80.8109,22.3996],[80.8129,22.3991],[80.8113,22.3946],[80.8148,22.3901],[80.82,22.3911],[80.8342,22.3837],[80.8443,22.3822],[80.8422,22.3878],[80.8446,22.3891],[80.8568,22.3811],[80.8657,22.3789],[80.8654,22.3648],[80.872,22.3597],[80.8789,22.359],[80.8937,22.3505],[80.8901,22.3517],[80.8917,22.349],[80.8828,22.3473],[80.8815,22.3338],[80.899,22.3338],[80.9023,22.3409],[80.9089,22.3429],[80.9244,22.3372],[80.9315,22.3312],[80.9312,22.3278],[80.9287,22.3267],[80.9169,22.3293],[80.914,22.3201],[80.9096,22.3177],[80.9131,22.3095],[80.9037,22.2977],[80.9057,22.2933],[80.913,22.2902],[80.915,22.2791],[80.9191,22.2795],[80.9222,22.2769],[80.9366,22.2779],[80.9381,22.2876],[80.9453,22.2864],[80.9582,22.2752],[80.9628,22.281],[80.9745,22.2764],[80.9809,22.278],[80.9827,22.2828],[80.9875,22.2866],[81.0066,22.2836],[81.0144,22.2754],[81.0264,22.27],[81.0279,22.263],[81.0388,22.2546],[81.0449,22.2405],[81.0501,22.2446],[81.0596,22.2443],[81.0726,22.2484],[81.0777,22.2391],[81.0795,22.2394],[81.0824,22.2439],[81.0915,22.249],[81.1018,22.2783],[81.1187,22.2913],[81.1189,22.3092],[81.1135,22.3242],[81.1212,22.3426],[81.1131,22.3533],[81.1087,22.3738],[81.1037,22.3827],[81.1103,22.4175],[81.11,22.4356],[81.127,22.4493],[81.141,22.4543],[81.1497,22.4532],[81.1551,22.4549],[81.1628,22.4746],[81.1672,22.478],[81.1722,22.4878],[81.1941,22.4915],[81.1865,22.5047],[81.1859,22.51],[81.1749,22.5215],[81.1747,22.5252],[81.1705,22.5249],[81.1648,22.5327],[81.1644,22.5394],[81.1564,22.5393],[81.1585,22.541],[81.1536,22.5458],[81.1519,22.553],[81.1559,22.5546],[81.1545,22.5585],[81.1446,22.5612],[81.1461,22.565],[81.1403,22.5662],[81.139,22.5703],[81.1339,22.5702],[81.1315,22.5762],[81.1328,22.5796],[81.1196,22.5933],[81.1111,22.593],[81.1104,22.5979],[81.1081,22.599],[81.104,22.5952],[81.0977,22.5976],[81.0901,22.5965],[81.0854,22.602],[81.0857,22.6096],[81.0805,22.6126],[81.0717,22.6084],[81.0643,22.6136],[81.0591,22.6069],[81.0413,22.6054],[81.0397,22.6128],[81.0301,22.6159],[81.0273,22.6127],[81.029,22.6034],[81.0186,22.6014],[81.0169,22.5951],[81.013,22.5911],[81.0165,22.5873],[81.0171,22.5821],[81.012,22.5697],[81.02,22.5691],[81.0207,22.5605],[81.0056,22.5535],[81.0037,22.5473],[80.9907,22.5457],[80.9849,22.541],[80.9803,22.5446],[80.9702,22.543],[80.9654,22.55],[80.9647,22.5608],[80.9492,22.5553],[80.9457,22.5582],[80.9447,22.5652],[80.9344,22.5738],[80.9361,22.5878],[80.9429,22.583],[80.9527,22.5912],[80.9568,22.5872],[80.9597,22.5906],[80.9653,22.5896],[80.9669,22.5944],[80.9556,22.597],[80.9572,22.6045],[80.9627,22.606],[80.9675,22.6115],[80.9733,22.6117],[80.9795,22.6071],[80.9845,22.615],[80.9902,22.611],[80.9933,22.6118],[81.0004,22.6218],[81.0038,22.621],[81.0049,22.6232],[81.002,22.6255],[81.0021,22.6297],[81.0075,22.6404],[80.9876,22.649],[80.9758,22.6487],[80.9714,22.644],[80.9653,22.6501],[80.9623,22.6474],[80.9648,22.642],[80.9631,22.6374],[80.9594,22.6379],[80.9553,22.6437],[80.9487,22.6474],[80.9509,22.6512],[80.9539,22.6507],[80.9545,22.6562],[80.95,22.6642],[80.9439,22.6687],[80.9404,22.6801],[80.9317,22.678],[80.9228,22.6795],[80.923,22.6922],[80.9291,22.708],[80.9279,22.7098],[80.9191,22.709],[80.9165,22.7142],[80.9269,22.7307],[80.9426,22.7444],[80.9249,22.755],[80.8986,22.7601],[80.8676,22.7581],[80.8721,22.7888],[80.8703,22.8018],[80.8691,22.8046],[80.8544,22.8073],[80.8577,22.8254],[80.8672,22.8344],[80.8701,22.8486],[80.8456,22.8509],[80.8305,22.8497],[80.8266,22.833],[80.8165,22.8314],[80.7916,22.819],[80.785,22.8216],[80.7832,22.8197],[80.7809,22.8208],[80.7751,22.8147],[80.7638,22.8135],[80.7436,22.8159],[80.73,22.8118],[80.7294,22.8247],[80.7319,22.8326],[80.7267,22.8329],[80.7287,22.8371],[80.7344,22.8357],[80.738,22.842],[80.7427,22.8412],[80.7364,22.8565],[80.7185,22.8626],[80.7115,22.8572],[80.7089,22.8507],[80.7003,22.8507],[80.6927,22.8564],[80.6886,22.8443],[80.6839,22.8513],[80.6819,22.8493],[80.6818,22.8392],[80.679,22.8365],[80.6738,22.8382],[80.6703,22.8364],[80.6671,22.8423],[80.662,22.8431],[80.6552,22.8428],[80.651,22.8395],[80.6483,22.8487],[80.6307,22.8552],[80.6122,22.8579],[80.5885,22.8567],[80.5889,22.8602],[80.5825,22.8631],[80.5823,22.8656],[80.5681,22.8699],[80.5683,22.8761],[80.5603,22.8805],[80.5561,22.8719],[80.5523,22.8696],[80.5442,22.8683],[80.5311,22.8723],[80.5234,22.8719],[80.538,22.9031],[80.5397,22.9195],[80.5315,22.9357],[80.5187,22.9385],[80.5093,22.9473],[80.5166,22.9523],[80.5316,22.9452],[80.5356,22.9458],[80.5455,22.9635],[80.5586,22.9581],[80.568,22.9578],[80.5761,22.9727],[80.5764,22.9764],[80.5716,22.9784],[80.5702,22.9849],[80.5591,22.9872],[80.5554,22.9937],[80.5558,22.9957],[80.5651,22.9945],[80.5669,23.0053],[80.5718,23.0149],[80.5718,23.0214],[80.5597,23.0304],[80.5565,23.0576],[80.5493,23.0718],[80.5529,23.0744],[80.5527,23.0836],[80.5505,23.0841],[80.5494,23.0789],[80.5468,23.0804],[80.5427,23.0732],[80.5384,23.0807],[80.5293,23.0834],[80.5282,23.0779],[80.5258,23.0775],[80.5073,23.0799],[80.5053,23.084],[80.5123,23.0914],[80.5119,23.107],[80.491,23.1072],[80.4886,23.116],[80.4794,23.1171],[80.4788,23.1261],[80.471,23.1221],[80.4582,23.1249],[80.463,23.1318],[80.4623,23.1405],[80.4594,23.1426],[80.436,23.1403],[80.4246,23.1421],[80.4229,23.1435],[80.4232,23.1529],[80.42,23.154],[80.4115,23.172],[80.4053,23.1724]]]},"properties":{"dtname":"Mandla","stname":"MADHYA PRADESH","stcode11":"23","dtcode11":"454","year_stat":"2011_c","Shape_Length":786227.2290391573,"Shape_Area":8858627361.278688,"OBJECTID":455,"test":0,"Dist_LGD":415,"State_LGD":23}},{"type":"Feature","id":459,"geometry":{"type":"Polygon","coordinates":[[[78.4464,22.9854],[78.4444,22.9871],[78.4335,22.9774],[78.3989,22.9637],[78.3907,22.9571],[78.3783,22.9389],[78.3545,22.9205],[78.3468,22.9177],[78.3287,22.9204],[78.3208,22.9164],[78.3073,22.9022],[78.289,22.874],[78.28,22.8678],[78.2591,22.8759],[78.2377,22.8674],[78.2264,22.8766],[78.2163,22.893],[78.2062,22.8948],[78.1948,22.8907],[78.188,22.8836],[78.1831,22.8713],[78.1615,22.8641],[78.1281,22.8371],[78.1251,22.8291],[78.1267,22.8063],[78.1251,22.7995],[78.1212,22.7945],[78.1116,22.7901],[78.0959,22.7929],[78.0641,22.8136],[78.0562,22.8136],[78.0377,22.8027],[78.0296,22.8014],[78.0021,22.8213],[77.9732,22.8264],[77.956,22.8228],[77.9371,22.8104],[77.9439,22.7905],[77.9418,22.7835],[77.9293,22.7713],[77.9199,22.7703],[77.9091,22.7755],[77.9074,22.7802],[77.9065,22.787],[77.9131,22.8007],[77.9091,22.8131],[77.9108,22.82],[77.9183,22.8248],[77.9285,22.8399],[77.9293,22.8493],[77.9229,22.8561],[77.9139,22.8575],[77.9035,22.8511],[77.8834,22.8305],[77.8741,22.8292],[77.8665,22.8324],[77.8618,22.8396],[77.8708,22.8635],[77.86,22.8701],[77.8478,22.8725],[77.8406,22.8693],[77.8201,22.8506],[77.7987,22.8419],[77.7827,22.8149],[77.7796,22.806],[77.7806,22.7942],[77.7788,22.7907],[77.7527,22.7728],[77.7414,22.7604],[77.7291,22.7582],[77.7114,22.7665],[77.6993,22.7671],[77.6886,22.762],[77.6772,22.7394],[77.665,22.732],[77.6571,22.7332],[77.637,22.7451],[77.623,22.7442],[77.6175,22.7397],[77.5919,22.7024],[77.5873,22.6819],[77.5728,22.6714],[77.5586,22.6688],[77.5313,22.6685],[77.5206,22.6623],[77.5125,22.6496],[77.5019,22.6439],[77.4945,22.6424],[77.4834,22.6468],[77.4657,22.6474],[77.4455,22.637],[77.4364,22.6253],[77.4233,22.6242],[77.3952,22.607],[77.3774,22.6095],[77.3659,22.6077],[77.3536,22.5967],[77.3444,22.57],[77.3222,22.5587],[77.3106,22.5592],[77.2929,22.5655],[77.2828,22.5815],[77.2756,22.6025],[77.267,22.6064],[77.2588,22.604],[77.227,22.5722],[77.2129,22.5656],[77.2132,22.562],[77.217,22.5562],[77.2341,22.5508],[77.2413,22.5504],[77.2492,22.5552],[77.2575,22.5536],[77.2614,22.5506],[77.2648,22.5418],[77.2717,22.539],[77.2695,22.5319],[77.2554,22.5287],[77.2477,22.5205],[77.2532,22.5158],[77.2632,22.5185],[77.269,22.5081],[77.2823,22.4974],[77.2815,22.4636],[77.2926,22.448],[77.2891,22.442],[77.2839,22.4406],[77.2801,22.4354],[77.2845,22.4332],[77.2992,22.4327],[77.3061,22.4384],[77.309,22.4366],[77.3097,22.4326],[77.301,22.4167],[77.301,22.4128],[77.3133,22.4002],[77.3143,22.3934],[77.3192,22.3855],[77.3174,22.3783],[77.323,22.3733],[77.3158,22.3678],[77.3175,22.3619],[77.3141,22.3521],[77.3204,22.3486],[77.3217,22.3406],[77.3297,22.3422],[77.3317,22.338],[77.3461,22.3267],[77.3482,22.3189],[77.3574,22.3171],[77.3597,22.3091],[77.352,22.2997],[77.3542,22.2901],[77.3588,22.2852],[77.3669,22.2862],[77.3705,22.2836],[77.3631,22.2689],[77.3632,22.2474],[77.3682,22.2451],[77.3859,22.2446],[77.39,22.223],[77.4026,22.2217],[77.4108,22.2244],[77.4167,22.2234],[77.4243,22.2157],[77.4317,22.2134],[77.4524,22.2171],[77.4593,22.2242],[77.4558,22.2418],[77.4582,22.2483],[77.4778,22.2506],[77.482,22.2558],[77.4871,22.2575],[77.487,22.2721],[77.491,22.272],[77.5081,22.2808],[77.5074,22.2839],[77.5046,22.2842],[77.5031,22.2903],[77.5075,22.312],[77.5144,22.3111],[77.5201,22.3265],[77.5262,22.3304],[77.5323,22.33],[77.5443,22.3406],[77.548,22.3542],[77.5534,22.358],[77.5561,22.3565],[77.5543,22.3394],[77.5574,22.336],[77.5671,22.3404],[77.5849,22.3409],[77.5917,22.3435],[77.596,22.3399],[77.5974,22.3322],[77.6041,22.3321],[77.6084,22.3289],[77.6244,22.3327],[77.623,22.3268],[77.6245,22.3214],[77.638,22.3229],[77.6418,22.3113],[77.65,22.3108],[77.6553,22.3065],[77.6668,22.3115],[77.6823,22.3129],[77.6809,22.3172],[77.6833,22.3222],[77.7168,22.3215],[77.7205,22.3132],[77.7283,22.3169],[77.7377,22.3263],[77.7497,22.3259],[77.7498,22.3294],[77.7582,22.3317],[77.7566,22.3387],[77.7445,22.3474],[77.7535,22.354],[77.7698,22.3464],[77.7749,22.3369],[77.7897,22.3353],[77.8078,22.3393],[77.8069,22.3469],[77.8256,22.3494],[77.8297,22.3533],[77.8373,22.3553],[77.8407,22.3628],[77.8497,22.3687],[77.8546,22.3691],[77.8644,22.3635],[77.8685,22.3508],[77.8636,22.3376],[77.8661,22.3211],[77.8622,22.3046],[77.8672,22.2975],[77.8655,22.2885],[77.8849,22.2874],[77.8967,22.3037],[77.9168,22.3159],[77.9227,22.3244],[77.9391,22.3308],[77.9466,22.3412],[77.9541,22.3368],[77.9538,22.3327],[77.9765,22.3354],[77.9819,22.3317],[77.9885,22.3346],[77.9999,22.3328],[78.0111,22.3378],[78.0333,22.3301],[78.0667,22.3491],[78.0827,22.3536],[78.1006,22.3644],[78.122,22.3672],[78.128,22.3746],[78.1504,22.3889],[78.163,22.3902],[78.1776,22.3989],[78.187,22.4003],[78.1877,22.3986],[78.2063,22.3995],[78.2172,22.3967],[78.2226,22.3987],[78.2661,22.397],[78.2849,22.4196],[78.3027,22.4137],[78.3169,22.4248],[78.3701,22.4171],[78.3805,22.4205],[78.3909,22.4175],[78.3938,22.4138],[78.3922,22.4105],[78.4005,22.4078],[78.4043,22.404],[78.4125,22.3932],[78.4145,22.3858],[78.4182,22.3831],[78.425,22.3818],[78.4297,22.3837],[78.4313,22.381],[78.4367,22.3803],[78.4371,22.3829],[78.4477,22.3787],[78.4476,22.383],[78.4511,22.384],[78.4541,22.3823],[78.4546,22.3767],[78.4638,22.3791],[78.4704,22.3754],[78.4703,22.3825],[78.4835,22.3795],[78.4857,22.3848],[78.4927,22.3874],[78.4978,22.4002],[78.5056,22.4047],[78.5135,22.4025],[78.5272,22.42],[78.5452,22.4149],[78.5502,22.4197],[78.5604,22.419],[78.5649,22.4283],[78.558,22.4413],[78.5519,22.446],[78.5542,22.4557],[78.5453,22.456],[78.5357,22.4615],[78.5333,22.4552],[78.5296,22.455],[78.5277,22.4602],[78.5298,22.4699],[78.5217,22.4713],[78.5162,22.4783],[78.5095,22.4777],[78.5143,22.4912],[78.5324,22.496],[78.5408,22.5016],[78.5419,22.5064],[78.5389,22.515],[78.5449,22.5253],[78.5479,22.5365],[78.5423,22.5413],[78.54,22.5503],[78.5324,22.5519],[78.5249,22.5573],[78.519,22.5717],[78.5088,22.5778],[78.5035,22.5834],[78.5029,22.5895],[78.4978,22.5921],[78.4975,22.6049],[78.5002,22.6057],[78.5014,22.6132],[78.4981,22.634],[78.5027,22.6398],[78.5018,22.6427],[78.5048,22.6428],[78.5029,22.644],[78.5053,22.6527],[78.5187,22.6583],[78.5205,22.6609],[78.5189,22.6626],[78.5253,22.6662],[78.5421,22.657],[78.5487,22.661],[78.56,22.6584],[78.5753,22.6631],[78.5934,22.6566],[78.5954,22.6531],[78.6119,22.6491],[78.6179,22.6532],[78.619,22.6578],[78.6161,22.6635],[78.6261,22.6788],[78.6335,22.6817],[78.6376,22.6865],[78.6591,22.6872],[78.6647,22.6912],[78.6664,22.6892],[78.6694,22.6911],[78.6671,22.6926],[78.6673,22.6969],[78.6704,22.6997],[78.6805,22.6992],[78.6959,22.7079],[78.696,22.7109],[78.6887,22.7146],[78.6805,22.7132],[78.6777,22.7275],[78.6882,22.7483],[78.6972,22.7574],[78.6987,22.7619],[78.6893,22.7745],[78.6783,22.778],[78.6737,22.7759],[78.6664,22.7658],[78.6626,22.7641],[78.6574,22.77],[78.6544,22.7799],[78.6486,22.7812],[78.645,22.7759],[78.6471,22.7631],[78.6407,22.7566],[78.6343,22.757],[78.6308,22.7627],[78.6343,22.7753],[78.6335,22.7834],[78.6417,22.7957],[78.6366,22.8006],[78.6222,22.7934],[78.6192,22.7936],[78.6162,22.7981],[78.6257,22.8114],[78.6266,22.8179],[78.6215,22.8203],[78.6089,22.813],[78.5904,22.8121],[78.5901,22.8177],[78.603,22.8254],[78.6065,22.8313],[78.6015,22.8395],[78.6041,22.8478],[78.603,22.8512],[78.5969,22.8538],[78.5865,22.8535],[78.5775,22.8621],[78.5767,22.8663],[78.5788,22.8696],[78.5902,22.8649],[78.596,22.8675],[78.5993,22.8753],[78.593,22.8797],[78.5851,22.8739],[78.576,22.8843],[78.5775,22.8924],[78.5873,22.9019],[78.5884,22.9057],[78.579,22.921],[78.5834,22.9328],[78.569,22.9437],[78.5712,22.9553],[78.5653,22.9572],[78.5576,22.9544],[78.5326,22.961],[78.5108,22.9501],[78.5064,22.9499],[78.5016,22.9542],[78.4977,22.9639],[78.4918,22.9665],[78.4833,22.9652],[78.4774,22.9594],[78.4679,22.9575],[78.462,22.9622],[78.4602,22.9702],[78.4608,22.9752],[78.4711,22.9743],[78.4694,22.9822],[78.4661,22.9853],[78.4597,22.9862],[78.4546,22.9835],[78.449,22.9741],[78.4432,22.9789],[78.4464,22.9854]]]},"properties":{"dtname":"Hoshangabad","stname":"MADHYA PRADESH","stcode11":"23","dtcode11":"449","year_stat":"2011_c","Shape_Length":630608.7700697228,"Shape_Area":7880740680.911207,"OBJECTID":459,"test":0,"Dist_LGD":409,"State_LGD":23}},{"type":"Feature","id":461,"geometry":{"type":"Polygon","coordinates":[[[79.6232,22.9551],[79.6027,22.9503],[79.5979,22.9459],[79.5962,22.9485],[79.5926,22.9457],[79.5904,22.9382],[79.6,22.9138],[79.6133,22.9175],[79.6208,22.9069],[79.6254,22.8962],[79.6222,22.8888],[79.625,22.8744],[79.6122,22.8599],[79.6065,22.86],[79.6031,22.8647],[79.5975,22.8664],[79.5975,22.8584],[79.5875,22.8542],[79.5877,22.8445],[79.5782,22.8394],[79.5769,22.8334],[79.5731,22.831],[79.566,22.8315],[79.5409,22.8171],[79.5446,22.8145],[79.5442,22.8046],[79.539,22.7974],[79.5317,22.7938],[79.5278,22.7853],[79.5154,22.778],[79.5141,22.7718],[79.519,22.7622],[79.5084,22.7539],[79.5117,22.7499],[79.5236,22.7516],[79.5165,22.7412],[79.5168,22.7356],[79.52,22.7343],[79.5165,22.7229],[79.5098,22.7213],[79.4879,22.7307],[79.4721,22.7244],[79.4711,22.7346],[79.4756,22.7384],[79.469,22.742],[79.4661,22.7415],[79.4603,22.7299],[79.4458,22.7279],[79.4352,22.7231],[79.4238,22.7254],[79.4116,22.7216],[79.4095,22.7201],[79.4138,22.7151],[79.4135,22.7119],[79.4001,22.7018],[79.398,22.7044],[79.3942,22.7023],[79.3997,22.6968],[79.4031,22.698],[79.4014,22.685],[79.394,22.6807],[79.3912,22.6764],[79.3923,22.6736],[79.3884,22.67],[79.3784,22.6685],[79.3761,22.6627],[79.3809,22.6589],[79.3696,22.6542],[79.3621,22.6427],[79.3487,22.6418],[79.3412,22.6341],[79.3361,22.6381],[79.3373,22.6267],[79.3354,22.6216],[79.3252,22.6165],[79.3258,22.6108],[79.3375,22.6153],[79.3485,22.614],[79.3553,22.6074],[79.3679,22.605],[79.3748,22.5961],[79.3725,22.5941],[79.3643,22.5966],[79.3538,22.5879],[79.3532,22.5853],[79.3573,22.58],[79.3528,22.5782],[79.3483,22.5705],[79.3459,22.5713],[79.3464,22.5784],[79.3432,22.5781],[79.3415,22.5658],[79.3391,22.5654],[79.3368,22.5696],[79.3323,22.5662],[79.3413,22.5535],[79.3277,22.5513],[79.3253,22.5426],[79.3212,22.543],[79.3192,22.532],[79.321,22.5271],[79.3303,22.5258],[79.328,22.512],[79.3325,22.5091],[79.3326,22.5052],[79.3445,22.5051],[79.3436,22.4967],[79.3476,22.49],[79.3457,22.4842],[79.3417,22.4813],[79.3279,22.4805],[79.3218,22.477],[79.3019,22.4835],[79.2879,22.4787],[79.2766,22.4797],[79.2698,22.4752],[79.2598,22.4729],[79.2588,22.4749],[79.2486,22.472],[79.2325,22.4743],[79.2335,22.4717],[79.2238,22.4684],[79.2207,22.465],[79.2095,22.4623],[79.1949,22.4524],[79.2018,22.4455],[79.2059,22.4308],[79.2161,22.4257],[79.2278,22.4235],[79.2328,22.445],[79.2423,22.4464],[79.2499,22.4411],[79.2536,22.4479],[79.262,22.4495],[79.2657,22.4538],[79.2773,22.4509],[79.282,22.4475],[79.2881,22.4488],[79.2938,22.4439],[79.3034,22.4412],[79.3148,22.4455],[79.3209,22.4329],[79.3283,22.4329],[79.3278,22.4443],[79.3349,22.4431],[79.3385,22.4227],[79.3303,22.4186],[79.333,22.4149],[79.3249,22.4143],[79.3243,22.4191],[79.3199,22.4146],[79.3118,22.4145],[79.3052,22.4175],[79.2988,22.4155],[79.2942,22.4105],[79.2915,22.3952],[79.2827,22.3736],[79.2928,22.3776],[79.3079,22.3891],[79.3188,22.3942],[79.3196,22.3868],[79.3234,22.3825],[79.3345,22.3857],[79.3386,22.3836],[79.3472,22.3842],[79.3494,22.3729],[79.3486,22.3699],[79.3447,22.3686],[79.3505,22.3624],[79.352,22.3538],[79.3473,22.3498],[79.3303,22.3476],[79.3237,22.3438],[79.3246,22.3406],[79.3139,22.3354],[79.309,22.3364],[79.3002,22.3306],[79.2886,22.3279],[79.2865,22.3258],[79.286,22.3167],[79.2938,22.3165],[79.2982,22.3099],[79.3016,22.3029],[79.2966,22.3024],[79.2956,22.296],[79.3022,22.2906],[79.3315,22.282],[79.3323,22.2862],[79.3426,22.2874],[79.3483,22.2801],[79.3498,22.2683],[79.3633,22.2662],[79.3655,22.259],[79.3636,22.2506],[79.3641,22.243],[79.3665,22.24],[79.3653,22.2323],[79.3693,22.2265],[79.3664,22.2231],[79.3671,22.2193],[79.364,22.2185],[79.3512,22.2243],[79.3478,22.2271],[79.3484,22.2335],[79.3446,22.2377],[79.3319,22.2417],[79.3273,22.2369],[79.3264,22.2322],[79.3236,22.231],[79.3259,22.2276],[79.3243,22.2246],[79.3303,22.2198],[79.3325,22.208],[79.3358,22.209],[79.337,22.2071],[79.3377,22.1867],[79.3435,22.1805],[79.3402,22.1633],[79.3509,22.1501],[79.3499,22.1432],[79.3529,22.1391],[79.354,22.1311],[79.3629,22.1291],[79.3659,22.1218],[79.3802,22.1128],[79.3847,22.1053],[79.3936,22.1031],[79.3811,22.0994],[79.3749,22.0938],[79.3731,22.0878],[79.3795,22.0763],[79.3873,22.0685],[79.3874,22.0436],[79.3952,22.041],[79.4064,22.0416],[79.4065,22.0392],[79.4014,22.0226],[79.3952,22.0177],[79.3982,22.0171],[79.4017,22.0114],[79.4001,21.9975],[79.3865,21.9932],[79.3734,21.9935],[79.3727,21.9747],[79.3651,21.9734],[79.3618,21.9674],[79.3519,21.967],[79.3399,21.9547],[79.339,21.9502],[79.3484,21.9428],[79.3471,21.9269],[79.3398,21.9227],[79.3297,21.922],[79.3243,21.9182],[79.3239,21.9087],[79.3163,21.8985],[79.3071,21.8912],[79.302,21.8814],[79.3012,21.8708],[79.2958,21.861],[79.287,21.8502],[79.2837,21.8416],[79.2746,21.8345],[79.276,21.8304],[79.2849,21.8257],[79.2931,21.8126],[79.2898,21.8001],[79.2841,21.792],[79.285,21.7795],[79.2815,21.7761],[79.2717,21.7742],[79.2553,21.7782],[79.2443,21.7632],[79.231,21.7586],[79.2234,21.7327],[79.2226,21.7192],[79.2308,21.7188],[79.2307,21.7222],[79.245,21.7215],[79.2681,21.7154],[79.2779,21.7094],[79.2805,21.7017],[79.2906,21.6925],[79.2967,21.6933],[79.3114,21.6883],[79.3183,21.6885],[79.3222,21.6852],[79.3245,21.6878],[79.3429,21.6838],[79.3542,21.6846],[79.3523,21.6778],[79.3746,21.6782],[79.3925,21.6739],[79.4004,21.6766],[79.4027,21.6822],[79.4101,21.6847],[79.4157,21.6912],[79.4222,21.6918],[79.4352,21.6826],[79.4495,21.6818],[79.4607,21.6873],[79.4807,21.6776],[79.4962,21.674],[79.4962,21.6654],[79.5011,21.6602],[79.5017,21.6509],[79.5067,21.6455],[79.5042,21.6408],[79.5076,21.634],[79.5159,21.631],[79.517,21.6253],[79.5162,21.6204],[79.5061,21.6206],[79.5038,21.6126],[79.5107,21.6056],[79.51,21.596],[79.5233,21.5943],[79.5267,21.5979],[79.5356,21.6],[79.5457,21.6109],[79.5462,21.6184],[79.538,21.6262],[79.5406,21.6311],[79.5695,21.6353],[79.5778,21.6474],[79.5854,21.6509],[79.5871,21.6462],[79.5892,21.6481],[79.5926,21.6465],[79.593,21.6516],[79.5881,21.6543],[79.5886,21.6602],[79.5941,21.6612],[79.5956,21.6689],[79.6087,21.6792],[79.6088,21.6863],[79.5995,21.7096],[79.6035,21.7113],[79.6276,21.7086],[79.6345,21.7053],[79.6346,21.7008],[79.639,21.6963],[79.6569,21.6929],[79.6642,21.6967],[79.673,21.6964],[79.6699,21.7014],[79.6732,21.7041],[79.6699,21.707],[79.6703,21.7122],[79.6684,21.7119],[79.6602,21.724],[79.6611,21.7312],[79.6564,21.7383],[79.6587,21.7397],[79.6585,21.7436],[79.6638,21.7461],[79.6795,21.7447],[79.6824,21.7468],[79.6806,21.7481],[79.6811,21.7554],[79.688,21.7616],[79.6894,21.7695],[79.689,21.781],[79.6836,21.7883],[79.6907,21.8004],[79.7139,21.8047],[79.7481,21.8013],[79.7697,21.809],[79.7691,21.8116],[79.7878,21.8392],[79.7936,21.837],[79.7911,21.8379],[79.7907,21.8441],[79.7933,21.8447],[79.7777,21.8557],[79.7771,21.86],[79.7816,21.8619],[79.7973,21.8602],[79.819,21.8705],[79.8265,21.8786],[79.8389,21.8854],[79.8416,21.9055],[79.8657,21.9022],[79.8645,21.9076],[79.8772,21.9079],[79.8763,21.9097],[79.8806,21.9129],[79.8839,21.9228],[79.8908,21.9313],[79.882,21.9322],[79.8773,21.9281],[79.8689,21.932],[79.8409,21.9374],[79.8401,21.9453],[79.8459,21.9485],[79.8457,21.9541],[79.856,21.954],[79.8635,21.9582],[79.8615,21.9663],[79.9232,21.9736],[79.9206,22.0071],[79.9263,22.0323],[79.9171,22.0347],[79.9219,22.042],[79.9204,22.0544],[79.9341,22.0692],[79.9402,22.072],[79.954,22.073],[79.9596,22.0686],[79.9901,22.0689],[79.9967,22.0758],[79.995,22.0795],[80.0013,22.0823],[80.0073,22.0804],[80.0507,22.0816],[80.0628,22.0764],[80.0672,22.0774],[80.0669,22.0886],[80.0607,22.104],[80.062,22.1092],[80.0597,22.1158],[80.0534,22.1171],[80.0463,22.1222],[80.0428,22.161],[80.0334,22.1816],[80.056,22.2053],[80.0597,22.2123],[80.0861,22.2219],[80.0886,22.2261],[80.0832,22.2323],[80.0947,22.2396],[80.0987,22.2459],[80.0955,22.2659],[80.0862,22.2709],[80.0872,22.2737],[80.0938,22.2758],[80.0941,22.2789],[80.0811,22.2967],[80.0912,22.3097],[80.0888,22.3133],[80.0903,22.3207],[80.1005,22.328],[80.1003,22.3351],[80.0967,22.3396],[80.083,22.3448],[80.077,22.3507],[80.0775,22.3592],[80.0709,22.3691],[80.0692,22.3765],[80.0735,22.3832],[80.0725,22.3941],[80.0916,22.4063],[80.0927,22.4235],[80.0802,22.4276],[80.0774,22.4406],[80.0716,22.4503],[80.0501,22.4562],[80.0522,22.4695],[80.0442,22.4898],[80.0442,22.4949],[80.0376,22.5014],[80.0279,22.4997],[80.0233,22.5053],[80.0221,22.5106],[80.0241,22.5168],[80.0347,22.521],[80.0374,22.5252],[80.0376,22.5405],[80.0316,22.5468],[80.0221,22.5475],[80.0161,22.543],[80.0112,22.5477],[80.009,22.559],[80.005,22.5585],[80.0052,22.5546],[80.0018,22.5504],[79.9885,22.5451],[79.9822,22.5493],[79.9704,22.5476],[79.9642,22.5535],[79.9544,22.5556],[79.9528,22.5583],[79.9641,22.5682],[79.9783,22.5669],[79.9801,22.5698],[79.9789,22.5757],[79.9898,22.5808],[80.0077,22.5748],[80.0107,22.5891],[80.0154,22.597],[80.0322,22.5964],[80.0354,22.6081],[80.0448,22.6044],[80.0526,22.6041],[80.0647,22.6074],[80.0728,22.6021],[80.082,22.6135],[80.088,22.6131],[80.0855,22.6173],[80.089,22.6198],[80.0942,22.622],[80.1046,22.6214],[80.1129,22.6271],[80.1152,22.6271],[80.1198,22.6204],[80.1201,22.6151],[80.1242,22.6142],[80.1264,22.6102],[80.1312,22.6145],[80.1383,22.611],[80.1405,22.6153],[80.1448,22.6162],[80.1538,22.6],[80.1753,22.6017],[80.1899,22.5991],[80.2023,22.6039],[80.2042,22.6107],[80.2107,22.615],[80.216,22.6272],[80.2143,22.6345],[80.2074,22.6358],[80.1943,22.6444],[80.2022,22.6629],[80.213,22.6745],[80.2192,22.6705],[80.2361,22.6742],[80.241,22.6905],[80.2336,22.7],[80.2384,22.7064],[80.2394,22.7152],[80.2451,22.721],[80.2763,22.7183],[80.2894,22.7263],[80.285,22.7355],[80.2831,22.7521],[80.2787,22.7649],[80.2808,22.784],[80.2768,22.789],[80.2682,22.7932],[80.2156,22.8001],[80.2066,22.7961],[80.2034,22.792],[80.2055,22.7781],[80.1903,22.7749],[80.1797,22.7629],[80.1624,22.7666],[80.1303,22.7661],[80.1004,22.7693],[80.0693,22.7581],[80.0597,22.7611],[80.0395,22.7835],[80.0189,22.793],[80.0046,22.8237],[79.979,22.8326],[79.9638,22.8525],[79.9445,22.8603],[79.9252,22.8572],[79.9067,22.8453],[79.9025,22.8638],[79.8864,22.8604],[79.8828,22.8506],[79.8704,22.8557],[79.8638,22.8518],[79.8545,22.8335],[79.8398,22.831],[79.8344,22.8326],[79.8282,22.8383],[79.827,22.8448],[79.8186,22.8484],[79.818,22.8606],[79.8206,22.8712],[79.8006,22.8634],[79.7898,22.8493],[79.7848,22.8466],[79.7653,22.8447],[79.7592,22.8602],[79.7647,22.8639],[79.7708,22.8731],[79.7813,22.8793],[79.7552,22.8926],[79.7497,22.8991],[79.7441,22.8969],[79.7513,22.9135],[79.7485,22.9206],[79.7302,22.9197],[79.7161,22.9242],[79.7009,22.9255],[79.6854,22.9239],[79.6869,22.9299],[79.6788,22.9267],[79.6728,22.9281],[79.665,22.9234],[79.6564,22.9234],[79.6488,22.9264],[79.6395,22.9446],[79.6319,22.9441],[79.6261,22.9539],[79.6232,22.9551]]]},"properties":{"dtname":"Seoni","stname":"MADHYA PRADESH","stcode11":"23","dtcode11":"456","year_stat":"2011_c","Shape_Length":779330.0406664662,"Shape_Area":10286648755.153421,"OBJECTID":461,"test":0,"Dist_LGD":428,"State_LGD":23}},{"type":"Feature","id":465,"geometry":{"type":"Polygon","coordinates":[[[74.2775,22.6459],[74.2692,22.6382],[74.2659,22.6385],[74.2666,22.6424],[74.2631,22.6436],[74.2585,22.6366],[74.2533,22.6342],[74.2551,22.6256],[74.2534,22.6214],[74.2435,22.6206],[74.2405,22.6118],[74.2313,22.6118],[74.2216,22.5832],[74.2112,22.5748],[74.2102,22.5645],[74.2045,22.566],[74.2034,22.5691],[74.2008,22.5659],[74.1921,22.5691],[74.1834,22.5667],[74.1901,22.5594],[74.1894,22.5536],[74.1811,22.5484],[74.1708,22.5473],[74.1504,22.5289],[74.1512,22.5213],[74.1331,22.5202],[74.1306,22.5239],[74.1269,22.5244],[74.1271,22.5268],[74.1216,22.5281],[74.1119,22.5396],[74.1072,22.5391],[74.1014,22.5342],[74.0993,22.5383],[74.0747,22.5513],[74.0568,22.55],[74.0412,22.5417],[74.0372,22.5259],[74.0388,22.5156],[74.0297,22.5077],[74.0325,22.4918],[74.0369,22.4869],[74.0409,22.4865],[74.0439,22.4966],[74.0499,22.4995],[74.0533,22.5086],[74.0829,22.5066],[74.0828,22.4961],[74.0863,22.4916],[74.0854,22.4877],[74.0878,22.4825],[74.0864,22.4771],[74.0825,22.4846],[74.0766,22.4836],[74.0741,22.4776],[74.0757,22.4641],[74.0854,22.4702],[74.0908,22.4665],[74.0956,22.4683],[74.1044,22.4646],[74.1037,22.4557],[74.0974,22.4503],[74.0986,22.4421],[74.1016,22.4354],[74.1038,22.4372],[74.1052,22.4358],[74.1052,22.4295],[74.1171,22.4246],[74.1194,22.4188],[74.1254,22.4172],[74.128,22.4222],[74.1266,22.4268],[74.1283,22.4271],[74.1282,22.4343],[74.1306,22.435],[74.1292,22.4363],[74.1341,22.4459],[74.1431,22.4469],[74.1494,22.4556],[74.1553,22.454],[74.1526,22.443],[74.1605,22.4311],[74.1698,22.4318],[74.1696,22.4392],[74.1717,22.4402],[74.1841,22.4415],[74.1854,22.4503],[74.1804,22.4547],[74.1798,22.4626],[74.1878,22.4756],[74.1906,22.4759],[74.1989,22.473],[74.2029,22.4677],[74.2042,22.4514],[74.2017,22.4344],[74.2134,22.4314],[74.2152,22.4413],[74.2208,22.438],[74.2274,22.4389],[74.244,22.4338],[74.2378,22.422],[74.2476,22.4147],[74.2514,22.415],[74.2544,22.4216],[74.2531,22.4269],[74.2558,22.4289],[74.2625,22.4236],[74.2632,22.4171],[74.2704,22.413],[74.2675,22.4055],[74.2911,22.3939],[74.2892,22.3921],[74.2795,22.3946],[74.275,22.3918],[74.2705,22.3925],[74.2567,22.3995],[74.2541,22.3853],[74.2507,22.3823],[74.2429,22.3824],[74.2433,22.3759],[74.2237,22.3799],[74.2223,22.375],[74.2251,22.3703],[74.2222,22.3647],[74.2242,22.3564],[74.2112,22.3599],[74.2037,22.3665],[74.2027,22.3486],[74.198,22.3426],[74.1942,22.3485],[74.1922,22.3465],[74.192,22.3241],[74.1902,22.3202],[74.1643,22.3244],[74.1542,22.3298],[74.1506,22.327],[74.1423,22.3274],[74.1343,22.3329],[74.1281,22.333],[74.1257,22.3378],[74.1277,22.3417],[74.1255,22.3562],[74.1141,22.3572],[74.1124,22.3668],[74.1054,22.3717],[74.0959,22.371],[74.0921,22.3608],[74.0753,22.3617],[74.0678,22.3593],[74.0651,22.353],[74.0724,22.3435],[74.072,22.3368],[74.0646,22.3318],[74.0631,22.327],[74.0622,22.3043],[74.0599,22.3037],[74.0593,22.3059],[74.0538,22.3037],[74.0524,22.294],[74.056,22.2898],[74.0562,22.2784],[74.0679,22.2652],[74.0745,22.2656],[74.0751,22.2475],[74.0839,22.247],[74.0872,22.2428],[74.0827,22.2389],[74.0741,22.238],[74.0693,22.2326],[74.0723,22.219],[74.0921,22.2205],[74.0986,22.2183],[74.1062,22.2202],[74.1111,22.2181],[74.1129,22.2141],[74.1165,22.2162],[74.1225,22.2124],[74.1175,22.2064],[74.1217,22.1947],[74.1181,22.1857],[74.1208,22.1824],[74.1214,22.1675],[74.134,22.1605],[74.1302,22.1546],[74.1307,22.1445],[74.127,22.143],[74.1228,22.1356],[74.1234,22.1274],[74.1285,22.1244],[74.129,22.1208],[74.1245,22.0978],[74.1263,22.0983],[74.1285,22.0946],[74.1526,22.1059],[74.1537,22.1004],[74.1692,22.1006],[74.167,22.0973],[74.1694,22.0969],[74.1703,22.0916],[74.1736,22.0916],[74.1786,22.0855],[74.1645,22.0829],[74.1639,22.0728],[74.1584,22.0699],[74.16,22.0589],[74.1543,22.059],[74.1356,22.0528],[74.1314,22.048],[74.1387,22.0438],[74.1402,22.0406],[74.1215,22.0349],[74.1214,22.0323],[74.1154,22.03],[74.1158,22.0255],[74.1134,22.024],[74.0946,22.0187],[74.092,22.0137],[74.0994,22.0026],[74.097,21.9992],[74.1185,21.9989],[74.1205,21.9956],[74.1274,21.9955],[74.1497,21.9873],[74.1499,21.9751],[74.1443,21.9753],[74.1404,21.9726],[74.1413,21.9638],[74.1476,21.9607],[74.142,21.9554],[74.1638,21.947],[74.1789,21.9313],[74.1929,21.9258],[74.2623,21.9339],[74.2834,21.9341],[74.291,21.9428],[74.2945,21.9593],[74.3007,21.967],[74.3122,21.9734],[74.3445,21.9751],[74.3536,21.9802],[74.3607,21.9902],[74.3756,22.0004],[74.3842,22.0174],[74.3901,22.0215],[74.3981,22.0228],[74.396,22.0303],[74.3871,22.0318],[74.3866,22.0338],[74.3952,22.0338],[74.3993,22.0259],[74.4032,22.0233],[74.4202,22.0261],[74.472,22.041],[74.5023,22.0445],[74.4992,22.053],[74.495,22.055],[74.4926,22.071],[74.4998,22.0736],[74.5008,22.0782],[74.5041,22.0794],[74.5039,22.0838],[74.5156,22.0893],[74.5151,22.1001],[74.4992,22.1001],[74.4757,22.0964],[74.4711,22.1135],[74.4992,22.1128],[74.5407,22.1174],[74.5403,22.1233],[74.5354,22.1227],[74.5303,22.1288],[74.5265,22.1463],[74.5091,22.1498],[74.5022,22.1565],[74.4976,22.1666],[74.4964,22.1794],[74.4992,22.182],[74.5096,22.1829],[74.5076,22.1899],[74.5156,22.1985],[74.5156,22.2025],[74.5217,22.2054],[74.5117,22.2169],[74.5121,22.2201],[74.5211,22.2265],[74.5267,22.2363],[74.5427,22.2369],[74.5516,22.2216],[74.5568,22.2196],[74.5623,22.2238],[74.5596,22.2429],[74.5641,22.2459],[74.5752,22.2423],[74.5903,22.2432],[74.5904,22.2505],[74.6035,22.2556],[74.6026,22.2594],[74.5963,22.2631],[74.5992,22.2681],[74.6078,22.2703],[74.6142,22.2682],[74.6188,22.2706],[74.635,22.2698],[74.649,22.2741],[74.6536,22.2858],[74.6583,22.2889],[74.6615,22.2882],[74.6619,22.2996],[74.658,22.3044],[74.6396,22.3027],[74.636,22.3059],[74.6379,22.3098],[74.6326,22.3105],[74.6318,22.3193],[74.6229,22.3286],[74.6217,22.3462],[74.6324,22.353],[74.6313,22.3659],[74.6483,22.3695],[74.6646,22.3693],[74.673,22.367],[74.6732,22.3617],[74.6772,22.3639],[74.6784,22.3607],[74.6817,22.3609],[74.6834,22.3646],[74.6919,22.368],[74.6912,22.3747],[74.6941,22.3798],[74.6899,22.3836],[74.6917,22.3931],[74.6969,22.3976],[74.6887,22.4028],[74.6913,22.4065],[74.6885,22.4124],[74.6901,22.4158],[74.6939,22.417],[74.6993,22.425],[74.7145,22.4231],[74.7211,22.4291],[74.7238,22.439],[74.7425,22.4343],[74.7477,22.4372],[74.7465,22.4419],[74.7392,22.4455],[74.7364,22.4528],[74.7219,22.4586],[74.7173,22.4583],[74.7129,22.4619],[74.7124,22.4721],[74.7051,22.4781],[74.7098,22.4837],[74.7091,22.4882],[74.7134,22.4989],[74.7212,22.4972],[74.7254,22.5018],[74.7213,22.5044],[74.7213,22.515],[74.716,22.5182],[74.7127,22.5266],[74.7275,22.5465],[74.7284,22.5528],[74.7412,22.5589],[74.7404,22.5635],[74.7264,22.5714],[74.7294,22.5762],[74.7272,22.5804],[74.7309,22.5916],[74.7207,22.5846],[74.7124,22.5862],[74.7045,22.5831],[74.695,22.5864],[74.6898,22.5842],[74.6757,22.597],[74.6744,22.6012],[74.6575,22.6031],[74.6564,22.5871],[74.6485,22.5682],[74.6321,22.5648],[74.6321,22.5547],[74.6202,22.5561],[74.6199,22.558],[74.6113,22.5562],[74.6082,22.5581],[74.6055,22.5562],[74.5977,22.5368],[74.5904,22.5419],[74.5781,22.5457],[74.5792,22.5485],[74.565,22.561],[74.5557,22.5517],[74.5489,22.5501],[74.5455,22.5601],[74.5415,22.5598],[74.5397,22.5674],[74.5315,22.5698],[74.5292,22.5767],[74.5246,22.581],[74.5216,22.5827],[74.5134,22.58],[74.5072,22.5829],[74.4997,22.5757],[74.4881,22.5765],[74.4859,22.5601],[74.4749,22.5591],[74.4717,22.5518],[74.4742,22.5425],[74.4701,22.5295],[74.4649,22.5296],[74.4525,22.5368],[74.4474,22.5433],[74.4367,22.5433],[74.4355,22.553],[74.4321,22.5537],[74.4287,22.5651],[74.4364,22.5725],[74.4377,22.5797],[74.442,22.5827],[74.428,22.5876],[74.418,22.6014],[74.4107,22.6062],[74.408,22.6139],[74.4025,22.6152],[74.3917,22.6125],[74.3879,22.6218],[74.3797,22.6279],[74.3787,22.6347],[74.375,22.6362],[74.3592,22.6339],[74.3391,22.6403],[74.3321,22.6387],[74.3293,22.642],[74.3228,22.6406],[74.3237,22.636],[74.3154,22.6339],[74.3121,22.6367],[74.2925,22.6381],[74.2775,22.6459]]]},"properties":{"dtname":"Alirajpur","stname":"MADHYA PRADESH","stcode11":"23","dtcode11":"465","year_stat":"2011_c","Shape_Length":530881.6818504327,"Shape_Area":3916385522.3202853,"OBJECTID":465,"test":0,"Dist_LGD":639,"State_LGD":23}},{"type":"Feature","id":466,"geometry":{"type":"Polygon","coordinates":[[[79.229,22.8169],[79.2266,22.8124],[79.2222,22.8153],[79.2227,22.8112],[79.2178,22.8131],[79.2028,22.8115],[79.1969,22.8073],[79.1924,22.809],[79.192,22.7972],[79.1858,22.7984],[79.1784,22.7875],[79.17,22.7886],[79.165,22.7952],[79.162,22.7931],[79.1568,22.7941],[79.1487,22.7888],[79.1382,22.7914],[79.1271,22.7835],[79.1277,22.7767],[79.1233,22.7723],[79.1256,22.771],[79.1229,22.7653],[79.0962,22.7573],[79.0893,22.7425],[79.0834,22.7475],[79.0745,22.7443],[79.0735,22.7474],[79.076,22.75],[79.0685,22.7497],[79.0688,22.7533],[79.0641,22.7586],[79.0565,22.7549],[79.0425,22.7595],[79.042,22.7536],[79.0366,22.7531],[79.0315,22.749],[79.0306,22.7451],[79.017,22.7398],[79.0177,22.7324],[79.0223,22.7322],[79.0276,22.7274],[79.0123,22.7268],[79.015,22.7216],[79.0133,22.7159],[79.0219,22.7083],[79.0286,22.7086],[79.0242,22.702],[79.0164,22.7017],[79.0042,22.6948],[79.0047,22.6907],[79.0114,22.6905],[79.0172,22.6861],[79.0106,22.6828],[79.0163,22.6768],[79.0169,22.6688],[79.0102,22.6674],[79.0186,22.6613],[79.0187,22.6567],[79.0141,22.6568],[79.012,22.6599],[79.0027,22.6543],[79.0102,22.652],[79.0072,22.6487],[79.0116,22.644],[79.0051,22.6445],[79.0015,22.6404],[78.9978,22.6402],[78.9957,22.6349],[78.9848,22.6371],[78.9804,22.6337],[78.9775,22.6361],[78.9737,22.6322],[78.9705,22.6333],[78.9693,22.6297],[78.9656,22.6298],[78.9643,22.6262],[78.9475,22.6283],[78.9389,22.6355],[78.931,22.6369],[78.9241,22.6496],[78.9194,22.6529],[78.9233,22.6552],[78.921,22.6579],[78.9236,22.664],[78.9185,22.672],[78.9034,22.673],[78.8998,22.6762],[78.8848,22.6787],[78.8556,22.6783],[78.8499,22.6843],[78.8395,22.6817],[78.8392,22.668],[78.828,22.661],[78.8211,22.663],[78.8235,22.6562],[78.7989,22.6486],[78.7931,22.6506],[78.7754,22.647],[78.7817,22.6415],[78.7842,22.6303],[78.7804,22.6224],[78.766,22.6166],[78.7618,22.6188],[78.7415,22.6193],[78.7408,22.6267],[78.7333,22.6243],[78.7287,22.6276],[78.7302,22.6379],[78.7237,22.6452],[78.7098,22.6534],[78.6942,22.6502],[78.6808,22.6601],[78.6797,22.6637],[78.684,22.6661],[78.6847,22.6714],[78.6818,22.6794],[78.6805,22.6992],[78.6781,22.6997],[78.6708,22.6998],[78.6676,22.6973],[78.6671,22.6926],[78.6695,22.6914],[78.6664,22.6892],[78.6647,22.6912],[78.6591,22.6872],[78.6376,22.6865],[78.6335,22.6817],[78.6256,22.6785],[78.6245,22.6739],[78.6161,22.6635],[78.619,22.6578],[78.6179,22.6532],[78.6119,22.6491],[78.5954,22.6531],[78.5934,22.6566],[78.5753,22.6631],[78.56,22.6584],[78.5487,22.661],[78.5421,22.657],[78.5299,22.6651],[78.5219,22.6652],[78.5189,22.6626],[78.5205,22.6609],[78.5187,22.6583],[78.5057,22.6533],[78.5029,22.644],[78.5048,22.6428],[78.5018,22.6427],[78.5027,22.6398],[78.4981,22.634],[78.5014,22.6132],[78.5002,22.6057],[78.4975,22.6049],[78.4978,22.5921],[78.5029,22.5895],[78.5035,22.5834],[78.5088,22.5778],[78.519,22.5717],[78.5249,22.5573],[78.5324,22.5519],[78.54,22.5503],[78.5423,22.5413],[78.5479,22.5365],[78.5449,22.5253],[78.5389,22.515],[78.5419,22.5064],[78.5408,22.5016],[78.5324,22.496],[78.5143,22.4912],[78.5095,22.4777],[78.5162,22.4783],[78.5217,22.4713],[78.5298,22.4699],[78.5277,22.4602],[78.5296,22.455],[78.5333,22.4552],[78.5357,22.4615],[78.5453,22.456],[78.5542,22.4557],[78.5519,22.446],[78.558,22.4413],[78.5649,22.4283],[78.5612,22.4198],[78.5497,22.4195],[78.5452,22.4149],[78.5272,22.42],[78.5135,22.4025],[78.5056,22.4047],[78.4978,22.4002],[78.4927,22.3874],[78.4857,22.3848],[78.4835,22.3795],[78.4703,22.3825],[78.4704,22.3754],[78.4638,22.3791],[78.4546,22.3767],[78.4541,22.3823],[78.4511,22.384],[78.4476,22.383],[78.4477,22.3787],[78.4371,22.3829],[78.4367,22.3803],[78.4313,22.381],[78.4297,22.3837],[78.425,22.3818],[78.4182,22.3831],[78.4145,22.3858],[78.4125,22.3932],[78.4043,22.404],[78.4005,22.4078],[78.3922,22.4105],[78.3938,22.4138],[78.3909,22.4175],[78.3805,22.4205],[78.3701,22.4171],[78.3169,22.4248],[78.3027,22.4137],[78.2849,22.4196],[78.2702,22.4021],[78.2777,22.3981],[78.2787,22.3936],[78.2799,22.3501],[78.2675,22.3432],[78.2635,22.3362],[78.2539,22.3276],[78.2493,22.3273],[78.245,22.3203],[78.2596,22.3009],[78.257,22.2852],[78.2626,22.269],[78.2624,22.2635],[78.2879,22.2635],[78.2934,22.2541],[78.2927,22.2512],[78.288,22.2492],[78.2862,22.2417],[78.2799,22.2397],[78.2667,22.2272],[78.2637,22.2221],[78.2686,22.2211],[78.2657,22.216],[78.2674,22.2123],[78.2606,22.2085],[78.2659,22.1991],[78.2618,22.1959],[78.2614,22.1881],[78.2692,22.1864],[78.2631,22.1837],[78.2667,22.1765],[78.2614,22.1771],[78.2589,22.1651],[78.2621,22.1616],[78.2678,22.1609],[78.2625,22.1505],[78.2667,22.1461],[78.2671,22.1376],[78.2643,22.133],[78.2771,22.1336],[78.2781,22.1245],[78.2757,22.1176],[78.2716,22.1158],[78.2763,22.0906],[78.3005,22.0922],[78.3306,22.1074],[78.3476,22.1091],[78.3497,22.104],[78.3399,22.0992],[78.341,22.0966],[78.3377,22.0908],[78.3477,22.0737],[78.3432,22.0669],[78.3444,22.0597],[78.3482,22.0591],[78.3454,22.0557],[78.3453,22.0507],[78.3551,22.0523],[78.3569,22.0475],[78.3591,22.0474],[78.3539,22.0434],[78.3566,22.0354],[78.3638,22.0325],[78.3678,22.036],[78.3756,22.0368],[78.3769,22.0353],[78.372,22.0296],[78.3777,22.0283],[78.3786,22.0218],[78.3828,22.0217],[78.3867,22.0165],[78.3953,22.0144],[78.401,22.0049],[78.3974,21.9952],[78.401,21.9947],[78.4009,21.9853],[78.3911,21.9788],[78.3892,21.9687],[78.3847,21.9636],[78.3877,21.9485],[78.383,21.9395],[78.3871,21.9385],[78.3902,21.9345],[78.3865,21.9289],[78.3888,21.9236],[78.394,21.9232],[78.3976,21.9269],[78.3985,21.9313],[78.3945,21.9369],[78.3955,21.9399],[78.4088,21.9367],[78.4125,21.9437],[78.4129,21.9512],[78.4246,21.9598],[78.4269,21.9587],[78.4241,21.9542],[78.4318,21.9498],[78.4405,21.9561],[78.4423,21.961],[78.4494,21.9532],[78.4548,21.9575],[78.464,21.9559],[78.4663,21.9634],[78.4721,21.9578],[78.4681,21.9537],[78.4808,21.9504],[78.4865,21.9429],[78.4848,21.939],[78.4924,21.935],[78.501,21.9375],[78.5013,21.9359],[78.5145,21.9366],[78.5214,21.9253],[78.5185,21.9084],[78.5386,21.9071],[78.5418,21.9022],[78.5383,21.8995],[78.5393,21.8888],[78.5413,21.8887],[78.5415,21.8847],[78.5492,21.8732],[78.5476,21.8659],[78.5396,21.8628],[78.5429,21.8583],[78.5414,21.8517],[78.5304,21.8484],[78.5236,21.8351],[78.5098,21.8308],[78.4987,21.8344],[78.4899,21.8314],[78.488,21.8275],[78.4744,21.8227],[78.4738,21.8168],[78.4672,21.8135],[78.4672,21.811],[78.4725,21.8109],[78.4834,21.8053],[78.4867,21.7995],[78.4984,21.7923],[78.4956,21.787],[78.4868,21.7845],[78.4697,21.7854],[78.4718,21.7777],[78.4707,21.7646],[78.4688,21.7628],[78.4654,21.766],[78.4592,21.7626],[78.4666,21.7427],[78.4598,21.7179],[78.4376,21.716],[78.4273,21.7183],[78.4253,21.7133],[78.4286,21.7035],[78.4272,21.696],[78.4203,21.6902],[78.4188,21.6847],[78.4132,21.6794],[78.4012,21.6814],[78.3933,21.6712],[78.3903,21.6638],[78.3917,21.6516],[78.3987,21.6458],[78.3944,21.6385],[78.3798,21.638],[78.3796,21.635],[78.376,21.6343],[78.375,21.6306],[78.3686,21.6286],[78.365,21.6192],[78.3575,21.6253],[78.3497,21.6262],[78.3454,21.6218],[78.3459,21.607],[78.3428,21.589],[78.3456,21.5814],[78.3557,21.573],[78.3737,21.5799],[78.378,21.5834],[78.3819,21.5917],[78.3727,21.6134],[78.3907,21.6146],[78.3946,21.6078],[78.4069,21.6088],[78.4166,21.6011],[78.4274,21.5991],[78.4218,21.5905],[78.419,21.5707],[78.4258,21.5695],[78.4282,21.5584],[78.4245,21.5443],[78.435,21.5335],[78.43,21.5275],[78.4387,21.5177],[78.4323,21.5143],[78.436,21.5006],[78.4445,21.5017],[78.4514,21.4965],[78.4571,21.4959],[78.4609,21.5033],[78.4754,21.5008],[78.4759,21.5057],[78.487,21.5055],[78.4949,21.517],[78.5008,21.5169],[78.5049,21.5266],[78.5095,21.5258],[78.5118,21.5285],[78.5309,21.5231],[78.5408,21.5235],[78.5497,21.5183],[78.5561,21.5174],[78.56,21.5133],[78.5702,21.5143],[78.5672,21.5095],[78.568,21.5057],[78.5733,21.5014],[78.5719,21.4988],[78.5764,21.4979],[78.5854,21.4867],[78.5951,21.4884],[78.6008,21.4852],[78.6087,21.4889],[78.6187,21.482],[78.6202,21.4778],[78.6284,21.4755],[78.6433,21.4854],[78.6589,21.4815],[78.667,21.477],[78.6717,21.4802],[78.6884,21.4819],[78.6901,21.4802],[78.6885,21.4778],[78.6935,21.4789],[78.7018,21.4761],[78.6999,21.4736],[78.7072,21.4736],[78.7076,21.4704],[78.7282,21.4622],[78.7337,21.4695],[78.7457,21.4702],[78.7447,21.4796],[78.7509,21.493],[78.7669,21.489],[78.7667,21.4827],[78.7688,21.4775],[78.7716,21.4767],[78.7762,21.4644],[78.7802,21.4787],[78.7867,21.4792],[78.7901,21.4863],[78.7961,21.4854],[78.8003,21.4901],[78.8152,21.4906],[78.8156,21.4876],[78.8198,21.4871],[78.8298,21.4901],[78.8411,21.4869],[78.852,21.4896],[78.8559,21.4945],[78.8634,21.4926],[78.8681,21.494],[78.8677,21.4912],[78.8716,21.4896],[78.8909,21.4852],[78.8952,21.4983],[78.8993,21.5005],[78.9231,21.4874],[78.9367,21.4857],[78.94,21.5078],[78.9411,21.5112],[78.9445,21.5126],[78.9442,21.5158],[78.9342,21.5232],[78.9272,21.5222],[78.9257,21.5327],[78.9296,21.5403],[78.9253,21.5408],[78.9184,21.5471],[78.9124,21.5488],[78.9131,21.5507],[78.9066,21.5532],[78.9125,21.5553],[78.9176,21.561],[78.9277,21.5595],[78.9316,21.5617],[78.9317,21.5645],[78.9137,21.5709],[78.9163,21.5849],[78.9141,21.5888],[78.9165,21.5909],[78.9433,21.5919],[78.9472,21.5967],[78.9518,21.5971],[78.9649,21.6049],[78.9741,21.6128],[78.9753,21.6176],[78.9912,21.6162],[78.9984,21.619],[79.0028,21.6063],[79.0123,21.5994],[79.0192,21.6026],[79.0263,21.6017],[79.0419,21.6046],[79.0461,21.6024],[79.053,21.6042],[79.0554,21.6015],[79.0634,21.6017],[79.0765,21.6054],[79.0883,21.6038],[79.0893,21.5975],[79.0936,21.598],[79.0933,21.6015],[79.1028,21.6014],[79.1069,21.6048],[79.1066,21.607],[79.1018,21.609],[79.1002,21.6174],[79.112,21.6238],[79.1302,21.6257],[79.1343,21.633],[79.1382,21.6344],[79.1419,21.633],[79.1422,21.6299],[79.1515,21.6403],[79.1684,21.6372],[79.1691,21.6399],[79.163,21.6412],[79.1627,21.6454],[79.1539,21.6464],[79.1595,21.6518],[79.1592,21.6564],[79.155,21.66],[79.2239,21.6486],[79.224,21.6553],[79.2309,21.656],[79.231,21.6705],[79.2282,21.6743],[79.2222,21.6762],[79.2208,21.682],[79.2208,21.6927],[79.2243,21.7001],[79.2373,21.7132],[79.2367,21.7158],[79.2308,21.7188],[79.2223,21.7201],[79.2293,21.7567],[79.2349,21.7612],[79.2443,21.7632],[79.2553,21.7782],[79.2717,21.7742],[79.2815,21.7761],[79.285,21.7795],[79.2841,21.792],[79.2898,21.8001],[79.2931,21.8126],[79.2849,21.8257],[79.276,21.8304],[79.2746,21.8345],[79.2837,21.8416],[79.287,21.8502],[79.2958,21.861],[79.3012,21.8708],[79.302,21.8814],[79.3071,21.8912],[79.3163,21.8985],[79.3239,21.9087],[79.3243,21.9182],[79.3297,21.922],[79.3398,21.9227],[79.3471,21.9269],[79.3484,21.9428],[79.339,21.9502],[79.3399,21.9547],[79.3519,21.967],[79.3618,21.9674],[79.3651,21.9734],[79.3727,21.9747],[79.3734,21.9935],[79.3865,21.9932],[79.4001,21.9975],[79.4017,22.0114],[79.3982,22.0171],[79.3952,22.0177],[79.4014,22.0226],[79.4065,22.0392],[79.4064,22.0416],[79.3952,22.041],[79.3874,22.0436],[79.3873,22.0685],[79.3795,22.0763],[79.3731,22.0878],[79.3749,22.0938],[79.3811,22.0994],[79.3936,22.1031],[79.3847,22.1053],[79.3802,22.1128],[79.3659,22.1218],[79.3629,22.1291],[79.354,22.1311],[79.3529,22.1391],[79.3499,22.1432],[79.3509,22.1501],[79.3402,22.1633],[79.3435,22.1805],[79.3377,22.1867],[79.337,22.2071],[79.3358,22.209],[79.3325,22.208],[79.3303,22.2198],[79.3243,22.2246],[79.3259,22.2276],[79.3236,22.231],[79.3264,22.2322],[79.3273,22.2369],[79.3319,22.2417],[79.3446,22.2377],[79.3484,22.2335],[79.3478,22.2271],[79.3512,22.2243],[79.364,22.2185],[79.3671,22.2193],[79.3664,22.2231],[79.3693,22.2265],[79.3653,22.2323],[79.3665,22.24],[79.3641,22.243],[79.3636,22.2506],[79.3655,22.259],[79.3633,22.2662],[79.3498,22.2683],[79.3483,22.2801],[79.3426,22.2874],[79.3323,22.2862],[79.3315,22.282],[79.3022,22.2906],[79.2956,22.296],[79.2966,22.3024],[79.3016,22.3029],[79.2982,22.3099],[79.2938,22.3165],[79.286,22.3167],[79.2865,22.3258],[79.2886,22.3279],[79.3002,22.3306],[79.309,22.3364],[79.3139,22.3354],[79.3246,22.3406],[79.3237,22.3438],[79.3303,22.3476],[79.3473,22.3498],[79.352,22.3538],[79.3505,22.3624],[79.3447,22.3686],[79.3486,22.3699],[79.3494,22.3729],[79.3472,22.3842],[79.3386,22.3836],[79.3345,22.3857],[79.3234,22.3825],[79.3196,22.3868],[79.3188,22.3942],[79.3079,22.3891],[79.2928,22.3776],[79.2827,22.3736],[79.2915,22.3952],[79.2942,22.4105],[79.2988,22.4155],[79.3052,22.4175],[79.3118,22.4145],[79.3199,22.4146],[79.3243,22.4191],[79.3249,22.4143],[79.333,22.4149],[79.3303,22.4186],[79.3385,22.4227],[79.3349,22.4431],[79.3278,22.4443],[79.3283,22.4329],[79.3209,22.4329],[79.3148,22.4455],[79.3034,22.4412],[79.2938,22.4439],[79.2881,22.4488],[79.282,22.4475],[79.2773,22.4509],[79.2657,22.4538],[79.262,22.4495],[79.2536,22.4479],[79.2499,22.4411],[79.2423,22.4464],[79.2328,22.445],[79.2278,22.4235],[79.2161,22.4257],[79.2059,22.4308],[79.2018,22.4455],[79.1949,22.4524],[79.2095,22.4623],[79.2207,22.465],[79.2238,22.4684],[79.2335,22.4717],[79.2325,22.4743],[79.2486,22.472],[79.2588,22.4749],[79.2598,22.4729],[79.2698,22.4752],[79.2766,22.4797],[79.2879,22.4787],[79.3019,22.4835],[79.3218,22.477],[79.3279,22.4805],[79.3412,22.4812],[79.3451,22.4837],[79.3476,22.49],[79.3436,22.4967],[79.3445,22.5051],[79.3326,22.5052],[79.3325,22.5091],[79.328,22.512],[79.3303,22.5258],[79.321,22.5271],[79.3192,22.532],[79.3212,22.543],[79.3253,22.5426],[79.3277,22.5513],[79.3413,22.5535],[79.3323,22.5662],[79.3368,22.5696],[79.3391,22.5654],[79.3415,22.5658],[79.3432,22.5781],[79.3464,22.5784],[79.3459,22.5713],[79.3483,22.5705],[79.3528,22.5782],[79.3573,22.58],[79.3532,22.5853],[79.3538,22.5879],[79.3643,22.5966],[79.3725,22.5941],[79.3748,22.5961],[79.3679,22.605],[79.3553,22.6074],[79.3485,22.614],[79.3375,22.6153],[79.3261,22.6105],[79.3252,22.6165],[79.3187,22.6153],[79.3141,22.6178],[79.308,22.6162],[79.2968,22.6194],[79.2999,22.6301],[79.3062,22.637],[79.3061,22.6452],[79.3039,22.6478],[79.2857,22.6483],[79.2868,22.6501],[79.2838,22.655],[79.2875,22.6724],[79.2932,22.6747],[79.2969,22.6832],[79.2908,22.6879],[79.289,22.6956],[79.2732,22.6951],[79.2643,22.6872],[79.2659,22.6932],[79.2587,22.6917],[79.2601,22.7024],[79.2486,22.7174],[79.2439,22.719],[79.2432,22.7215],[79.2544,22.7268],[79.26,22.733],[79.2626,22.7372],[79.2628,22.7447],[79.2444,22.7519],[79.2414,22.7609],[79.2418,22.7681],[79.2474,22.7718],[79.2429,22.7808],[79.2439,22.784],[79.2381,22.7922],[79.2406,22.8033],[79.2312,22.8095],[79.2326,22.8151],[79.229,22.8169]]]},"properties":{"dtname":"Chhindwara","stname":"MADHYA PRADESH","stcode11":"23","dtcode11":"455","year_stat":"2011_c","Shape_Length":903897.6254698442,"Shape_Area":13834420112.606382,"OBJECTID":466,"test":0,"Dist_LGD":399,"State_LGD":23}},{"type":"Feature","id":468,"geometry":{"type":"Polygon","coordinates":[[[77.1674,22.5795],[77.1578,22.5784],[77.1497,22.5737],[77.0916,22.5175],[77.0794,22.5093],[77.0263,22.4934],[77.001,22.4934],[76.9776,22.4896],[76.9443,22.4915],[76.9215,22.4889],[76.8978,22.4814],[76.8514,22.4532],[76.8142,22.4419],[76.8107,22.4377],[76.7939,22.4283],[76.7889,22.4222],[76.7912,22.3995],[76.7816,22.3747],[76.7804,22.3674],[76.7834,22.3553],[76.781,22.3442],[76.7925,22.3404],[76.8008,22.3313],[76.8111,22.3373],[76.8179,22.3373],[76.82,22.3316],[76.8255,22.331],[76.8245,22.3141],[76.8378,22.3184],[76.8377,22.3219],[76.852,22.3312],[76.8533,22.3277],[76.8693,22.3225],[76.8695,22.3098],[76.8756,22.3075],[76.8814,22.3089],[76.8894,22.2993],[76.8949,22.2965],[76.8944,22.2932],[76.8879,22.2929],[76.8848,22.289],[76.8855,22.2852],[76.8742,22.2843],[76.8765,22.2772],[76.8722,22.2686],[76.8585,22.2612],[76.8583,22.2551],[76.8546,22.2547],[76.8534,22.2568],[76.8432,22.2544],[76.8459,22.2472],[76.8555,22.2446],[76.8447,22.2392],[76.8499,22.2258],[76.8467,22.2247],[76.8407,22.2166],[76.8396,22.1999],[76.836,22.1931],[76.8405,22.1795],[76.8458,22.1791],[76.8473,22.1716],[76.8449,22.1662],[76.8385,22.1625],[76.8416,22.1584],[76.835,22.1575],[76.8327,22.1599],[76.8273,22.1592],[76.8267,22.1568],[76.8366,22.1285],[76.8446,22.13],[76.8512,22.1278],[76.853,22.1247],[76.8659,22.1255],[76.8659,22.1188],[76.8715,22.1178],[76.872,22.1146],[76.87,22.1137],[76.8586,22.1132],[76.8527,22.1028],[76.8562,22.0989],[76.8581,22.0901],[76.8522,22.0858],[76.8453,22.0845],[76.8443,22.0642],[76.8401,22.0601],[76.841,22.0558],[76.8517,22.0472],[76.8523,22.0313],[76.8568,22.0276],[76.8656,22.0275],[76.8681,22.0255],[76.8668,22.0167],[76.8742,22.0132],[76.8746,22.0062],[76.8791,22.004],[76.878,22.0013],[76.8826,21.9945],[76.8823,21.9906],[76.8871,21.9842],[76.9063,21.9921],[76.9087,21.9994],[76.9047,22.0066],[76.9191,22.0057],[76.9317,21.9984],[76.9345,21.9958],[76.9338,21.9933],[76.9387,21.9915],[76.9416,21.9932],[76.9413,22.0022],[76.946,22.0049],[76.9555,22.0058],[76.9607,22.0041],[76.9623,22.0008],[76.971,22.0042],[76.9766,22.0022],[76.9782,21.9937],[76.9849,21.9888],[76.9928,21.9766],[77.014,21.9805],[77.019,21.9877],[77.0249,21.9912],[77.0525,21.9854],[77.0556,21.9866],[77.0737,21.9813],[77.0961,21.9874],[77.1147,21.9864],[77.1379,21.9943],[77.1442,21.9889],[77.1642,21.9797],[77.1741,21.9558],[77.1825,21.9525],[77.1861,21.9483],[77.193,21.9469],[77.208,21.9342],[77.221,21.9146],[77.2186,21.9061],[77.2204,21.9061],[77.2467,21.9137],[77.25,21.9251],[77.2593,21.935],[77.2586,21.942],[77.2667,21.9471],[77.2722,21.9611],[77.2764,21.9645],[77.289,21.9653],[77.2983,21.9694],[77.3236,21.9692],[77.3545,21.9843],[77.3583,21.9915],[77.3809,21.9916],[77.3954,21.9991],[77.3951,22.0165],[77.3973,22.0209],[77.4089,22.0256],[77.4259,22.0202],[77.4448,22.0194],[77.4532,22.0392],[77.4607,22.0375],[77.4711,22.04],[77.4749,22.0282],[77.4788,22.0247],[77.5058,22.0299],[77.5043,22.0374],[77.507,22.0535],[77.5032,22.0596],[77.51,22.0756],[77.4698,22.0826],[77.4671,22.0795],[77.4606,22.0816],[77.4599,22.0883],[77.4655,22.0919],[77.4637,22.1081],[77.4749,22.1179],[77.4737,22.1217],[77.4674,22.1263],[77.4656,22.1325],[77.4676,22.1485],[77.4738,22.1595],[77.4729,22.1642],[77.463,22.171],[77.4432,22.172],[77.4288,22.17],[77.4204,22.1732],[77.4133,22.1842],[77.4116,22.1913],[77.4064,22.192],[77.4026,22.1996],[77.3955,22.2031],[77.3815,22.2172],[77.39,22.223],[77.3859,22.2446],[77.3682,22.2451],[77.3632,22.2474],[77.3631,22.2689],[77.3705,22.2836],[77.3669,22.2862],[77.3588,22.2852],[77.3542,22.2901],[77.352,22.2997],[77.3597,22.3091],[77.3574,22.3171],[77.3482,22.3189],[77.3461,22.3267],[77.3317,22.338],[77.3297,22.3422],[77.3217,22.3406],[77.3204,22.3486],[77.3141,22.3521],[77.3175,22.3619],[77.3158,22.3678],[77.323,22.3733],[77.3174,22.3783],[77.3192,22.3855],[77.3143,22.3934],[77.3133,22.4002],[77.301,22.4128],[77.301,22.4167],[77.3097,22.4326],[77.309,22.4366],[77.3061,22.4384],[77.2992,22.4327],[77.2845,22.4332],[77.2801,22.4354],[77.2839,22.4406],[77.2891,22.442],[77.2926,22.448],[77.2815,22.4636],[77.2823,22.4974],[77.269,22.5081],[77.2632,22.5185],[77.2532,22.5158],[77.2477,22.5205],[77.2554,22.5287],[77.2695,22.5319],[77.2717,22.539],[77.2648,22.5418],[77.2614,22.5506],[77.2575,22.5536],[77.2492,22.5552],[77.2413,22.5504],[77.2341,22.5508],[77.217,22.5562],[77.2129,22.5656],[77.1807,22.5776],[77.1674,22.5795]]]},"properties":{"dtname":"Harda","stname":"MADHYA PRADESH","stcode11":"23","dtcode11":"448","year_stat":"2011_c","Shape_Length":343933.0413804404,"Shape_Area":3912375421.7253337,"OBJECTID":468,"test":0,"Dist_LGD":408,"State_LGD":23}},{"type":"Feature","id":469,"geometry":{"type":"Polygon","coordinates":[[[76.087,22.5337],[76.0869,22.54],[76.0807,22.5391],[76.0815,22.5347],[76.0764,22.5237],[76.074,22.5279],[76.0605,22.5335],[76.052,22.5308],[76.0441,22.5345],[76.0395,22.5291],[76.0278,22.5289],[76.0304,22.51],[76.0265,22.5027],[76.028,22.5005],[76.0261,22.4963],[76.0237,22.495],[76.0348,22.4857],[76.0347,22.4819],[76.0393,22.4835],[76.0406,22.4808],[76.0477,22.4806],[76.0507,22.4783],[76.0502,22.4721],[76.0554,22.4627],[76.0527,22.4537],[76.0474,22.4597],[76.0419,22.4579],[76.0314,22.448],[76.0319,22.437],[76.0215,22.4449],[76.0086,22.4446],[76.013,22.441],[76.0067,22.4328],[76.0074,22.4288],[76.0048,22.4265],[76.0067,22.4219],[75.9938,22.4136],[75.9713,22.4198],[75.9687,22.4287],[75.9609,22.4305],[75.914,22.4204],[75.9133,22.4145],[75.9087,22.4091],[75.9116,22.4022],[75.9097,22.3885],[75.9058,22.3868],[75.8994,22.3907],[75.8928,22.3913],[75.8875,22.39],[75.8813,22.3834],[75.8788,22.3846],[75.874,22.3815],[75.8584,22.3805],[75.8563,22.3837],[75.8495,22.3839],[75.8496,22.3918],[75.8382,22.4005],[75.8344,22.4088],[75.8219,22.4061],[75.8157,22.3918],[75.8091,22.387],[75.7997,22.3857],[75.7995,22.3802],[75.7845,22.3763],[75.7752,22.3657],[75.7703,22.3692],[75.7627,22.367],[75.7626,22.3646],[75.7521,22.3579],[75.7361,22.3581],[75.7258,22.3651],[75.7251,22.369],[75.7215,22.3694],[75.7135,22.3622],[75.7029,22.3612],[75.7037,22.3585],[75.6928,22.3599],[75.6872,22.3543],[75.6755,22.3492],[75.6747,22.344],[75.6625,22.3455],[75.6546,22.3425],[75.6512,22.3394],[75.6536,22.3321],[75.6443,22.3359],[75.6463,22.3413],[75.6408,22.345],[75.6424,22.3489],[75.641,22.3561],[75.6352,22.3551],[75.629,22.3447],[75.6207,22.3429],[75.6157,22.3377],[75.5997,22.3407],[75.5999,22.3477],[75.6027,22.3453],[75.6109,22.3467],[75.6056,22.3514],[75.6072,22.3561],[75.6105,22.3576],[75.6066,22.3596],[75.6103,22.3636],[75.6021,22.3633],[75.5987,22.3599],[75.5985,22.3645],[75.5927,22.3609],[75.5883,22.3714],[75.5799,22.3702],[75.5751,22.3778],[75.5664,22.3742],[75.5647,22.3758],[75.554,22.3636],[75.5427,22.3612],[75.5411,22.3578],[75.5368,22.3567],[75.5392,22.3626],[75.5381,22.3652],[75.5279,22.3648],[75.526,22.3674],[75.5279,22.3709],[75.5224,22.3754],[75.5086,22.3736],[75.5035,22.3675],[75.51,22.3501],[75.5093,22.3393],[75.505,22.3363],[75.4965,22.3397],[75.4959,22.3331],[75.49,22.3262],[75.4991,22.3268],[75.5069,22.3235],[75.5142,22.3291],[75.5187,22.3262],[75.5148,22.2937],[75.5175,22.2797],[75.5293,22.2712],[75.533,22.2633],[75.5277,22.2505],[75.5357,22.2342],[75.5314,22.2209],[75.5228,22.211],[75.5198,22.1909],[75.5159,22.1863],[75.5206,22.1732],[75.5113,22.1731],[75.5104,22.1634],[75.5027,22.1565],[75.4864,22.1531],[75.4559,22.1516],[75.4281,22.1463],[75.3982,22.1365],[75.3685,22.1418],[75.3227,22.1368],[75.3158,22.1342],[75.3217,22.1228],[75.3405,22.1214],[75.3435,22.1199],[75.3459,22.1128],[75.3549,22.1127],[75.3575,22.0983],[75.3681,22.1017],[75.3809,22.1021],[75.3892,22.0896],[75.3964,22.0887],[75.3932,22.084],[75.3947,22.0799],[75.4373,22.0706],[75.4515,22.0726],[75.4567,22.0592],[75.4457,22.0561],[75.4333,22.0599],[75.4136,22.0588],[75.413,22.032],[75.4162,22.0275],[75.4139,22.0228],[75.4435,22.0259],[75.4161,22.0038],[75.4055,22.0027],[75.3995,21.9953],[75.3984,21.9847],[75.3585,21.9851],[75.3503,21.982],[75.3527,21.9559],[75.3495,21.9548],[75.3446,21.9472],[75.3382,21.9458],[75.3419,21.9298],[75.3353,21.9208],[75.3327,21.9091],[75.3246,21.9057],[75.3073,21.9074],[75.2975,21.9225],[75.2906,21.9219],[75.2879,21.917],[75.2833,21.9157],[75.2813,21.9056],[75.2878,21.892],[75.2798,21.8859],[75.276,21.8861],[75.2766,21.8661],[75.2981,21.8631],[75.3016,21.8476],[75.3099,21.8435],[75.309,21.8336],[75.2931,21.8248],[75.2952,21.8111],[75.2895,21.8113],[75.2889,21.8048],[75.2757,21.8037],[75.2724,21.8013],[75.2741,21.7919],[75.2809,21.7875],[75.2822,21.7721],[75.2769,21.7723],[75.2706,21.7651],[75.2761,21.7384],[75.2697,21.7387],[75.2628,21.7454],[75.2573,21.7445],[75.2566,21.738],[75.2467,21.7437],[75.2223,21.7423],[75.211,21.7337],[75.2079,21.7284],[75.2089,21.7084],[75.2175,21.6947],[75.2306,21.6911],[75.2682,21.6866],[75.2685,21.6798],[75.2634,21.6733],[75.2603,21.6732],[75.2598,21.6627],[75.2616,21.6602],[75.2717,21.6615],[75.2837,21.6529],[75.2876,21.647],[75.2891,21.6356],[75.293,21.635],[75.303,21.6389],[75.3221,21.6619],[75.3506,21.6709],[75.3789,21.6779],[75.3826,21.6768],[75.3915,21.6815],[75.4015,21.6769],[75.4179,21.6791],[75.4385,21.6757],[75.442,21.663],[75.4383,21.6605],[75.4376,21.6564],[75.4424,21.6546],[75.4417,21.6523],[75.447,21.6485],[75.4488,21.6444],[75.4472,21.6413],[75.4589,21.6381],[75.4643,21.633],[75.4646,21.6288],[75.4693,21.6231],[75.4747,21.6249],[75.4803,21.6207],[75.4976,21.617],[75.5021,21.6136],[75.4943,21.6085],[75.4911,21.5993],[75.4857,21.599],[75.4791,21.5853],[75.478,21.568],[75.4718,21.5662],[75.4647,21.5562],[75.4648,21.5504],[75.4607,21.5445],[75.4597,21.5325],[75.4635,21.5241],[75.4629,21.5151],[75.4713,21.516],[75.4753,21.506],[75.483,21.4974],[75.4859,21.4981],[75.487,21.4929],[75.4988,21.487],[75.5035,21.4895],[75.5269,21.4884],[75.53,21.4859],[75.53,21.4809],[75.5338,21.4785],[75.5481,21.4804],[75.5832,21.4755],[75.6009,21.4607],[75.6116,21.4576],[75.6052,21.4533],[75.6006,21.4451],[75.5904,21.439],[75.6061,21.4176],[75.6024,21.3973],[75.6189,21.3985],[75.628,21.3944],[75.6271,21.3912],[75.6164,21.388],[75.6161,21.3835],[75.6201,21.3759],[75.6366,21.3774],[75.6416,21.3749],[75.6466,21.3787],[75.6482,21.3769],[75.6578,21.3787],[75.6593,21.3764],[75.6659,21.3774],[75.6712,21.3746],[75.6848,21.3802],[75.6877,21.384],[75.6928,21.3836],[75.7033,21.388],[75.7095,21.3861],[75.7158,21.3879],[75.7188,21.3843],[75.7285,21.3886],[75.7512,21.3846],[75.7552,21.3793],[75.7737,21.382],[75.7771,21.3845],[75.7878,21.3828],[75.8031,21.3845],[75.8131,21.3789],[75.8332,21.3766],[75.8414,21.3845],[75.8433,21.3819],[75.8534,21.3833],[75.8562,21.3801],[75.8625,21.38],[75.8626,21.3821],[75.8642,21.3811],[75.8697,21.3864],[75.8703,21.3911],[75.8899,21.3946],[75.8941,21.3911],[75.9031,21.3916],[75.9105,21.3824],[75.9287,21.3864],[75.9416,21.3857],[75.9521,21.3895],[75.9629,21.3896],[75.9867,21.3687],[76.0082,21.4179],[76.0034,21.4507],[76.0095,21.4616],[76.0089,21.4699],[75.9898,21.4881],[75.9778,21.4863],[75.9753,21.4897],[75.9693,21.4871],[75.97,21.4853],[75.9625,21.4843],[75.9581,21.4891],[75.9541,21.4874],[75.9481,21.49],[75.9501,21.5479],[75.9521,21.5518],[75.9609,21.5539],[76.0078,21.5549],[76.0176,21.553],[76.0206,21.5489],[76.0231,21.5492],[76.0377,21.5607],[76.0497,21.5643],[76.0615,21.5732],[76.0685,21.5702],[76.0769,21.5721],[76.0749,21.587],[76.0788,21.6149],[76.0695,21.6633],[76.0772,21.6648],[76.0816,21.6715],[76.0876,21.6722],[76.0911,21.6788],[76.1079,21.6911],[76.1331,21.6911],[76.1398,21.6816],[76.1519,21.6772],[76.1521,21.6943],[76.1644,21.696],[76.1713,21.6999],[76.1675,21.7028],[76.17,21.721],[76.1646,21.7213],[76.1658,21.7245],[76.1499,21.7349],[76.1382,21.7326],[76.1335,21.7247],[76.1266,21.7213],[76.1122,21.72],[76.1117,21.722],[76.1046,21.7234],[76.1071,21.731],[76.1016,21.7303],[76.1004,21.7452],[76.1086,21.7499],[76.1241,21.7498],[76.1269,21.7602],[76.124,21.7606],[76.1235,21.7661],[76.1184,21.7654],[76.1157,21.7702],[76.0957,21.7686],[76.0928,21.7701],[76.0932,21.7918],[76.0989,21.7889],[76.1061,21.7893],[76.111,21.795],[76.1075,21.8032],[76.1057,21.8227],[76.1006,21.8392],[76.1007,21.855],[76.1153,21.8582],[76.1185,21.8554],[76.1246,21.8548],[76.1217,21.8634],[76.1254,21.8706],[76.1558,21.8881],[76.1694,21.8859],[76.1601,21.9233],[76.1528,21.9365],[76.1543,21.9413],[76.1486,21.9467],[76.1489,21.9501],[76.1547,21.9506],[76.1555,21.953],[76.1501,21.9615],[76.1605,21.9645],[76.1605,21.9681],[76.157,21.971],[76.1468,21.9691],[76.1486,21.973],[76.1425,21.9771],[76.1478,21.979],[76.1489,21.9882],[76.1564,21.9878],[76.1606,21.9976],[76.1598,22.0056],[76.1651,22.0124],[76.1643,22.0165],[76.153,22.0232],[76.1523,22.032],[76.1591,22.0357],[76.1592,22.0407],[76.1639,22.0426],[76.1772,22.0426],[76.1808,22.0379],[76.1927,22.04],[76.1987,22.0444],[76.2003,22.0671],[76.225,22.0719],[76.2229,22.083],[76.2191,22.0836],[76.2157,22.0883],[76.2197,22.0997],[76.1987,22.0972],[76.1903,22.1154],[76.1762,22.1218],[76.1738,22.1221],[76.1732,22.1195],[76.1544,22.1171],[76.1534,22.1087],[76.1515,22.105],[76.1483,22.1047],[76.1484,22.1012],[76.1355,22.1],[76.1336,22.093],[76.1373,22.0808],[76.154,22.0772],[76.1532,22.0667],[76.1388,22.0554],[76.1252,22.0563],[76.0959,22.0534],[76.0969,22.0792],[76.0932,22.0899],[76.0955,22.0929],[76.1146,22.0945],[76.1153,22.1037],[76.1355,22.1054],[76.1381,22.11],[76.1357,22.1248],[76.1248,22.1338],[76.1245,22.1529],[76.1169,22.1532],[76.1172,22.1589],[76.1218,22.1708],[76.1339,22.1756],[76.1472,22.1744],[76.1506,22.1784],[76.1573,22.1893],[76.1574,22.2023],[76.1528,22.209],[76.1537,22.213],[76.1341,22.2127],[76.123,22.208],[76.123,22.2129],[76.1022,22.213],[76.0995,22.2115],[76.0987,22.1997],[76.0944,22.1985],[76.0936,22.1925],[76.0826,22.1856],[76.0817,22.1881],[76.0787,22.1876],[76.0786,22.19],[76.0695,22.1882],[76.0644,22.1917],[76.0475,22.19],[76.04,22.1946],[76.0249,22.1968],[76.021,22.2046],[76.0176,22.2037],[76.0126,22.2117],[76.0225,22.223],[76.0607,22.2265],[76.0993,22.2496],[76.1587,22.2555],[76.1817,22.2757],[76.183,22.2824],[76.205,22.3252],[76.2146,22.3338],[76.2085,22.3475],[76.2027,22.3506],[76.2026,22.3552],[76.2067,22.3574],[76.2194,22.3567],[76.2212,22.3645],[76.2291,22.3716],[76.2348,22.3902],[76.2123,22.4179],[76.191,22.4208],[76.1857,22.4262],[76.1768,22.4276],[76.1474,22.4435],[76.132,22.458],[76.1132,22.4614],[76.1125,22.4671],[76.1012,22.4704],[76.0927,22.4998],[76.0919,22.5215],[76.087,22.5337]]]},"properties":{"dtname":"Khargone","stname":"MADHYA PRADESH","stcode11":"23","dtcode11":"440","year_stat":"2011_c","Shape_Length":745375.1051138565,"Shape_Area":9364767926.593908,"OBJECTID":469,"test":0,"Dist_LGD":414,"State_LGD":23}},{"type":"Feature","id":475,"geometry":{"type":"Polygon","coordinates":[[[76.4983,22.4118],[76.4436,22.3828],[76.4361,22.3637],[76.4374,22.3576],[76.4434,22.3514],[76.4444,22.3428],[76.4232,22.3415],[76.4189,22.3379],[76.3997,22.3373],[76.3793,22.3256],[76.3545,22.3165],[76.3463,22.3065],[76.3267,22.2983],[76.3061,22.2943],[76.2516,22.2898],[76.2391,22.2978],[76.2292,22.3129],[76.2194,22.3159],[76.2116,22.3227],[76.2093,22.3296],[76.1936,22.3033],[76.1817,22.2757],[76.1587,22.2555],[76.0993,22.2496],[76.0607,22.2265],[76.0225,22.223],[76.0126,22.2117],[76.0176,22.2037],[76.021,22.2046],[76.0249,22.1968],[76.04,22.1946],[76.0475,22.19],[76.0644,22.1917],[76.0695,22.1882],[76.0786,22.19],[76.0787,22.1876],[76.0817,22.1881],[76.0826,22.1856],[76.0936,22.1925],[76.0944,22.1985],[76.0987,22.1997],[76.0995,22.2115],[76.1022,22.213],[76.123,22.2129],[76.123,22.208],[76.1341,22.2127],[76.1537,22.213],[76.1528,22.209],[76.1574,22.2023],[76.1573,22.1893],[76.1506,22.1784],[76.1472,22.1744],[76.1339,22.1756],[76.1218,22.1708],[76.1172,22.1589],[76.1169,22.1532],[76.1245,22.1529],[76.1248,22.1338],[76.1357,22.1248],[76.1381,22.11],[76.1355,22.1054],[76.1153,22.1037],[76.1146,22.0945],[76.0955,22.0929],[76.0932,22.0899],[76.0969,22.0792],[76.0959,22.0534],[76.1252,22.0563],[76.1388,22.0554],[76.1517,22.0652],[76.1545,22.0701],[76.154,22.0772],[76.1373,22.0808],[76.1342,22.0976],[76.1355,22.1],[76.1484,22.1012],[76.1483,22.1047],[76.1515,22.105],[76.1534,22.1087],[76.1544,22.1171],[76.1732,22.1195],[76.1738,22.1221],[76.1903,22.1154],[76.1987,22.0972],[76.2197,22.0997],[76.2157,22.0883],[76.2191,22.0836],[76.2229,22.083],[76.2247,22.0749],[76.225,22.0719],[76.2003,22.0671],[76.1987,22.0444],[76.1936,22.0405],[76.1808,22.0379],[76.1772,22.0426],[76.1644,22.0427],[76.1592,22.0407],[76.1591,22.0357],[76.1523,22.032],[76.153,22.0232],[76.1643,22.0165],[76.1651,22.0124],[76.1598,22.0056],[76.1606,21.9976],[76.1564,21.9878],[76.1489,21.9882],[76.1478,21.979],[76.1425,21.9771],[76.1486,21.973],[76.1468,21.9691],[76.157,21.971],[76.1605,21.9681],[76.1605,21.9645],[76.1501,21.9615],[76.1555,21.953],[76.1547,21.9506],[76.1489,21.9501],[76.1486,21.9467],[76.1543,21.9413],[76.1528,21.9365],[76.1601,21.9233],[76.1697,21.8865],[76.1558,21.8881],[76.1254,21.8706],[76.1217,21.8634],[76.1246,21.8548],[76.1185,21.8554],[76.1153,21.8582],[76.1007,21.855],[76.1006,21.8392],[76.1057,21.8227],[76.1075,21.8032],[76.111,21.795],[76.1061,21.7893],[76.0989,21.7889],[76.0932,21.7918],[76.0928,21.7708],[76.0957,21.7686],[76.1157,21.7702],[76.1184,21.7654],[76.1235,21.7661],[76.124,21.7606],[76.1269,21.7602],[76.1241,21.7498],[76.1086,21.7499],[76.1004,21.7452],[76.1016,21.7303],[76.1071,21.731],[76.1046,21.7234],[76.1117,21.722],[76.1122,21.72],[76.1266,21.7213],[76.1335,21.7247],[76.1382,21.7326],[76.1499,21.7349],[76.1658,21.7245],[76.1646,21.7213],[76.17,21.721],[76.1675,21.7028],[76.1713,21.6999],[76.1644,21.696],[76.1521,21.6943],[76.1519,21.6772],[76.1398,21.6816],[76.1331,21.6911],[76.1079,21.6911],[76.0911,21.6788],[76.0876,21.6722],[76.0816,21.6715],[76.0772,21.6648],[76.0695,21.6633],[76.0788,21.6149],[76.0749,21.587],[76.0769,21.5721],[76.1125,21.578],[76.115,21.5709],[76.1201,21.569],[76.1266,21.57],[76.1305,21.5656],[76.1265,21.5617],[76.1342,21.5625],[76.1358,21.5608],[76.1386,21.562],[76.1389,21.5669],[76.1447,21.5703],[76.139,21.5721],[76.1388,21.5754],[76.1501,21.5784],[76.1459,21.5634],[76.1549,21.5481],[76.165,21.5478],[76.1768,21.5416],[76.1928,21.55],[76.1977,21.5504],[76.1967,21.5605],[76.2041,21.559],[76.2132,21.5616],[76.2127,21.5709],[76.236,21.5759],[76.2444,21.5824],[76.2508,21.5819],[76.2603,21.5852],[76.2864,21.5849],[76.289,21.5901],[76.2856,21.5954],[76.2951,21.5961],[76.2956,21.591],[76.2904,21.5807],[76.2932,21.5764],[76.3132,21.5699],[76.3526,21.5668],[76.365,21.5726],[76.359,21.5727],[76.3592,21.5803],[76.3745,21.5806],[76.3718,21.585],[76.3723,21.5937],[76.3771,21.598],[76.407,21.599],[76.4188,21.5965],[76.4195,21.5895],[76.4277,21.5831],[76.434,21.5894],[76.4356,21.597],[76.4491,21.5875],[76.4519,21.5821],[76.4622,21.5777],[76.4647,21.5813],[76.4855,21.5779],[76.4865,21.574],[76.4932,21.5722],[76.502,21.5647],[76.5129,21.5613],[76.5375,21.5634],[76.5541,21.5676],[76.5596,21.5654],[76.5809,21.5644],[76.5861,21.5652],[76.593,21.5703],[76.5998,21.5691],[76.6116,21.5733],[76.6183,21.5729],[76.6253,21.5658],[76.6296,21.5646],[76.6381,21.5682],[76.6563,21.5619],[76.6849,21.5675],[76.71,21.5599],[76.711,21.5671],[76.7452,21.5747],[76.745,21.5657],[76.7513,21.5564],[76.7683,21.5553],[76.7814,21.5588],[76.7832,21.5725],[76.791,21.5816],[76.7952,21.5939],[76.8006,21.5949],[76.8273,21.5883],[76.8329,21.589],[76.839,21.5929],[76.8428,21.605],[76.8518,21.6129],[76.8653,21.6101],[76.8975,21.5961],[76.9033,21.5976],[76.909,21.6028],[76.9111,21.6097],[76.9263,21.6224],[76.9412,21.6309],[76.9543,21.6424],[76.9732,21.6513],[76.9772,21.6574],[76.9927,21.6661],[76.999,21.6737],[76.9989,21.6919],[77.0019,21.69],[77.0059,21.6787],[77.0236,21.6883],[77.0141,21.7202],[77.0327,21.7264],[77.0344,21.7049],[77.0402,21.6971],[77.0624,21.7071],[77.066,21.7126],[77.0622,21.7169],[77.0607,21.7349],[77.0684,21.7351],[77.0687,21.7265],[77.075,21.7265],[77.0769,21.7285],[77.0784,21.7367],[77.068,21.7498],[77.0757,21.7547],[77.0743,21.759],[77.0786,21.7605],[77.0794,21.7702],[77.1053,21.7727],[77.109,21.7773],[77.1071,21.7823],[77.1006,21.7819],[77.0998,21.7851],[77.1126,21.7852],[77.1128,21.7818],[77.1217,21.7752],[77.1396,21.7814],[77.1428,21.7854],[77.1459,21.7783],[77.1515,21.7759],[77.1502,21.7725],[77.1654,21.7839],[77.1709,21.7817],[77.202,21.7911],[77.1904,21.7917],[77.1857,21.7951],[77.1914,21.8067],[77.176,21.8069],[77.1692,21.8133],[77.1669,21.8417],[77.1639,21.8447],[77.1623,21.8578],[77.1674,21.8697],[77.1716,21.8713],[77.1786,21.8724],[77.1793,21.8687],[77.1904,21.864],[77.2071,21.8659],[77.2124,21.8691],[77.2131,21.871],[77.2029,21.8723],[77.2011,21.8751],[77.211,21.8839],[77.2081,21.8915],[77.2162,21.8999],[77.221,21.9146],[77.208,21.9342],[77.1987,21.9427],[77.1741,21.9558],[77.1642,21.9797],[77.1442,21.9889],[77.1379,21.9943],[77.1147,21.9864],[77.0961,21.9874],[77.0737,21.9813],[77.0556,21.9866],[77.0525,21.9854],[77.0249,21.9912],[77.019,21.9877],[77.014,21.9805],[76.9928,21.9766],[76.9849,21.9888],[76.9782,21.9937],[76.9766,22.0022],[76.9684,22.0044],[76.9623,22.0008],[76.9607,22.0041],[76.9555,22.0058],[76.9415,22.0025],[76.9416,21.9932],[76.9387,21.9915],[76.9338,21.9933],[76.9345,21.9958],[76.9317,21.9984],[76.9191,22.0057],[76.9047,22.0066],[76.9087,21.9994],[76.9063,21.9921],[76.8871,21.9842],[76.8823,21.9906],[76.8826,21.9945],[76.878,22.0013],[76.8791,22.004],[76.8746,22.0062],[76.8742,22.0132],[76.8668,22.0167],[76.8681,22.0255],[76.8656,22.0275],[76.8568,22.0276],[76.8523,22.0313],[76.8517,22.0472],[76.841,22.0558],[76.8401,22.0601],[76.8443,22.0642],[76.8453,22.0845],[76.8522,22.0858],[76.8581,22.0901],[76.8562,22.0989],[76.8527,22.1028],[76.8582,22.1127],[76.8712,22.1142],[76.8715,22.1178],[76.8659,22.1188],[76.8659,22.1255],[76.853,22.1247],[76.8512,22.1278],[76.8446,22.13],[76.8366,22.1285],[76.8267,22.1568],[76.8273,22.1592],[76.8327,22.1599],[76.835,22.1575],[76.8416,22.1584],[76.8385,22.1625],[76.8449,22.1662],[76.8473,22.1716],[76.8458,22.1791],[76.8405,22.1795],[76.836,22.1931],[76.8396,22.1999],[76.8407,22.2166],[76.8467,22.2247],[76.8499,22.2258],[76.8447,22.2392],[76.8555,22.2446],[76.8459,22.2472],[76.8432,22.2544],[76.8534,22.2568],[76.8576,22.2545],[76.8585,22.2612],[76.8722,22.2686],[76.8765,22.2772],[76.8742,22.2843],[76.8855,22.2852],[76.8848,22.289],[76.8879,22.2929],[76.8944,22.2932],[76.8949,22.2965],[76.8894,22.2993],[76.8814,22.3089],[76.8756,22.3075],[76.8695,22.3098],[76.8693,22.3225],[76.8533,22.3277],[76.852,22.3312],[76.8377,22.3219],[76.8378,22.3184],[76.8245,22.3141],[76.8255,22.331],[76.82,22.3316],[76.8179,22.3373],[76.8111,22.3373],[76.8008,22.3313],[76.7925,22.3404],[76.781,22.3442],[76.7686,22.3163],[76.7489,22.3022],[76.7422,22.2919],[76.7354,22.2946],[76.734,22.3033],[76.7283,22.3007],[76.7251,22.3092],[76.7192,22.3102],[76.7012,22.3047],[76.6962,22.2997],[76.6848,22.2985],[76.683,22.2964],[76.6551,22.3305],[76.661,22.3352],[76.6607,22.3403],[76.6646,22.3456],[76.6542,22.3534],[76.6553,22.3607],[76.6493,22.3642],[76.6448,22.361],[76.6344,22.3673],[76.632,22.3711],[76.6223,22.373],[76.6201,22.3755],[76.6186,22.3898],[76.6038,22.4053],[76.5868,22.4059],[76.5849,22.4077],[76.5843,22.405],[76.5787,22.4027],[76.5686,22.4056],[76.5539,22.3987],[76.5485,22.4043],[76.5254,22.4119],[76.4983,22.4118]]]},"properties":{"dtname":"Khandwa","stname":"MADHYA PRADESH","stcode11":"23","dtcode11":"466","year_stat":"2011_c","Shape_Length":668193.6447645514,"Shape_Area":8731734008.70877,"OBJECTID":475,"test":1,"Dist_LGD":405,"State_LGD":23}},{"type":"Feature","id":477,"geometry":{"type":"Polygon","coordinates":[[[80.8113,22.402],[80.8065,22.3992],[80.7982,22.4015],[80.7954,22.4001],[80.8015,22.3872],[80.794,22.3758],[80.8022,22.3664],[80.7941,22.3551],[80.7921,22.3415],[80.795,22.3289],[80.7907,22.3255],[80.7921,22.3211],[80.7879,22.3137],[80.7849,22.3136],[80.7825,22.3169],[80.7789,22.3174],[80.7765,22.3151],[80.7737,22.3173],[80.7721,22.3126],[80.7698,22.3142],[80.7658,22.3121],[80.7659,22.3089],[80.7618,22.3092],[80.7491,22.2974],[80.7434,22.2871],[80.7448,22.2845],[80.7232,22.2775],[80.7188,22.2715],[80.7111,22.2717],[80.7086,22.2751],[80.7039,22.2705],[80.7053,22.257],[80.7035,22.2546],[80.7178,22.2354],[80.7242,22.2349],[80.7286,22.2203],[80.728,22.2174],[80.7209,22.2163],[80.7132,22.2056],[80.7062,22.2022],[80.6998,22.2036],[80.6911,22.2126],[80.6816,22.213],[80.6642,22.2221],[80.6591,22.2195],[80.6459,22.2275],[80.6078,22.2279],[80.5982,22.2323],[80.5799,22.2265],[80.5322,22.2406],[80.5251,22.2494],[80.5263,22.2647],[80.5209,22.2623],[80.5182,22.2645],[80.5156,22.2623],[80.5078,22.2757],[80.5023,22.2714],[80.4874,22.2701],[80.4832,22.278],[80.4623,22.2808],[80.4605,22.2771],[80.465,22.2644],[80.4511,22.2633],[80.4468,22.2461],[80.426,22.2464],[80.4155,22.2442],[80.4211,22.2782],[80.4034,22.2931],[80.3997,22.3045],[80.3873,22.3064],[80.3849,22.3093],[80.3711,22.301],[80.3361,22.299],[80.3341,22.3056],[80.3412,22.3159],[80.3428,22.324],[80.3463,22.3271],[80.3338,22.3341],[80.3352,22.3392],[80.3231,22.3461],[80.3009,22.3374],[80.2883,22.3241],[80.2794,22.3232],[80.2731,22.3074],[80.2597,22.3083],[80.235,22.3016],[80.2321,22.3028],[80.2281,22.3139],[80.2151,22.3101],[80.2126,22.3145],[80.2008,22.3164],[80.185,22.3231],[80.1681,22.3254],[80.1724,22.34],[80.1598,22.3463],[80.1497,22.3463],[80.1428,22.339],[80.1391,22.3435],[80.1294,22.3462],[80.1034,22.3427],[80.098,22.3385],[80.1005,22.328],[80.0903,22.3207],[80.0888,22.3133],[80.0912,22.3097],[80.0811,22.2967],[80.0941,22.2789],[80.0938,22.2758],[80.0872,22.2737],[80.0862,22.2709],[80.0955,22.2659],[80.0987,22.2459],[80.0947,22.2396],[80.0832,22.2323],[80.0886,22.2261],[80.0861,22.2219],[80.0597,22.2123],[80.056,22.2053],[80.0335,22.182],[80.0428,22.161],[80.046,22.1231],[80.0534,22.1171],[80.0597,22.1158],[80.062,22.1092],[80.0607,22.104],[80.0669,22.0886],[80.0672,22.0774],[80.0628,22.0764],[80.0507,22.0816],[80.0073,22.0804],[80.0013,22.0823],[79.995,22.0795],[79.9967,22.0758],[79.9901,22.0689],[79.9596,22.0686],[79.954,22.073],[79.9402,22.072],[79.9341,22.0692],[79.9204,22.0544],[79.9219,22.042],[79.9171,22.0347],[79.9263,22.0323],[79.9206,22.0071],[79.9232,21.9736],[79.8615,21.9663],[79.8635,21.9582],[79.856,21.954],[79.8457,21.9541],[79.8459,21.9485],[79.8401,21.9453],[79.8409,21.9374],[79.8689,21.932],[79.8773,21.9281],[79.882,21.9322],[79.8908,21.9313],[79.8839,21.9228],[79.8806,21.9129],[79.8763,21.9097],[79.8772,21.9079],[79.8645,21.9076],[79.8657,21.9022],[79.8416,21.9055],[79.8389,21.8854],[79.8265,21.8786],[79.819,21.8705],[79.7973,21.8602],[79.7816,21.8619],[79.7771,21.86],[79.7777,21.8557],[79.7933,21.8447],[79.7907,21.8441],[79.7911,21.8379],[79.7936,21.837],[79.7878,21.8392],[79.7691,21.8116],[79.7697,21.809],[79.7481,21.8013],[79.7139,21.8047],[79.6907,21.8004],[79.6836,21.7883],[79.689,21.781],[79.6894,21.7695],[79.688,21.7616],[79.6811,21.7554],[79.6806,21.7481],[79.6824,21.7468],[79.6795,21.7447],[79.6638,21.7461],[79.6585,21.7436],[79.6587,21.7397],[79.6564,21.7383],[79.6611,21.7312],[79.6602,21.724],[79.6684,21.7119],[79.6703,21.7122],[79.6699,21.707],[79.6732,21.7041],[79.6699,21.7014],[79.673,21.6964],[79.6642,21.6967],[79.6569,21.6929],[79.639,21.6963],[79.6346,21.7008],[79.6345,21.7053],[79.6276,21.7086],[79.6035,21.7113],[79.5995,21.7096],[79.6088,21.6863],[79.6087,21.6792],[79.5956,21.6689],[79.5941,21.6612],[79.5886,21.6602],[79.5881,21.6543],[79.593,21.6516],[79.5926,21.6465],[79.5892,21.6481],[79.5871,21.6462],[79.5854,21.6509],[79.5778,21.6474],[79.5695,21.6353],[79.5406,21.6311],[79.538,21.6262],[79.5448,21.6208],[79.547,21.6158],[79.5428,21.606],[79.5356,21.6],[79.5267,21.5979],[79.5233,21.5943],[79.51,21.596],[79.512,21.584],[79.5182,21.5804],[79.5287,21.5793],[79.5425,21.5682],[79.5439,21.5595],[79.5375,21.5488],[79.5401,21.5428],[79.5658,21.5476],[79.58,21.5412],[79.5917,21.5479],[79.6191,21.5574],[79.6395,21.5527],[79.6527,21.556],[79.6589,21.5649],[79.6609,21.5769],[79.6754,21.5823],[79.6896,21.581],[79.695,21.5854],[79.6991,21.5929],[79.7182,21.5931],[79.725,21.5958],[79.7334,21.6033],[79.74,21.6036],[79.7543,21.5955],[79.7921,21.5866],[79.8215,21.5615],[79.8312,21.5467],[79.8512,21.5405],[79.8631,21.5308],[79.8822,21.5261],[79.8912,21.518],[79.897,21.5242],[79.9097,21.5226],[79.9184,21.5244],[79.9222,21.5417],[79.9298,21.5525],[79.9359,21.5561],[79.9482,21.5541],[79.9639,21.5584],[79.9715,21.5577],[79.9795,21.5505],[79.9887,21.5368],[79.9985,21.5334],[80.0329,21.5561],[80.0667,21.5541],[80.0723,21.5567],[80.0902,21.5745],[80.1011,21.5899],[80.1161,21.5932],[80.118,21.6076],[80.1213,21.6109],[80.1287,21.6114],[80.1457,21.6055],[80.1546,21.6065],[80.1691,21.6221],[80.1876,21.6285],[80.1924,21.6353],[80.2088,21.6352],[80.2216,21.6209],[80.2354,21.6223],[80.2459,21.6204],[80.2524,21.625],[80.2687,21.6171],[80.2808,21.5963],[80.2945,21.5928],[80.2954,21.581],[80.2982,21.5756],[80.3205,21.5763],[80.3279,21.5713],[80.3318,21.561],[80.3393,21.5548],[80.3309,21.5511],[80.3308,21.5479],[80.3445,21.5384],[80.3592,21.5348],[80.3761,21.5239],[80.3849,21.4997],[80.3841,21.49],[80.3922,21.4866],[80.3905,21.4793],[80.3973,21.4715],[80.4037,21.4675],[80.4091,21.4673],[80.4188,21.4425],[80.4222,21.4405],[80.4047,21.4249],[80.409,21.419],[80.3982,21.4122],[80.3961,21.408],[80.3965,21.4029],[80.4068,21.3816],[80.4123,21.3766],[80.4306,21.3763],[80.4371,21.3727],[80.4486,21.3721],[80.4517,21.3781],[80.4497,21.3873],[80.4563,21.3961],[80.4576,21.4027],[80.4624,21.4026],[80.4709,21.3959],[80.4765,21.3949],[80.4798,21.3967],[80.4811,21.4009],[80.4842,21.3953],[80.4875,21.398],[80.4952,21.3966],[80.501,21.3985],[80.5017,21.3955],[80.5084,21.3907],[80.5112,21.3927],[80.515,21.3917],[80.5172,21.3951],[80.524,21.3911],[80.5276,21.3948],[80.5318,21.3821],[80.5392,21.3827],[80.5432,21.3706],[80.5485,21.371],[80.5543,21.3665],[80.5584,21.3673],[80.5607,21.3637],[80.5639,21.365],[80.5702,21.3575],[80.5654,21.3539],[80.5667,21.3456],[80.5728,21.3427],[80.5766,21.3468],[80.5814,21.3469],[80.5895,21.3436],[80.5915,21.3408],[80.5894,21.3335],[80.5978,21.3316],[80.5999,21.3268],[80.6079,21.3239],[80.6112,21.3276],[80.6214,21.3203],[80.6449,21.3279],[80.6519,21.327],[80.6616,21.3361],[80.6711,21.3383],[80.6713,21.3452],[80.6775,21.3484],[80.6765,21.351],[80.6819,21.36],[80.6802,21.3649],[80.6849,21.3702],[80.6903,21.3721],[80.6991,21.391],[80.6972,21.3935],[80.7005,21.3966],[80.6999,21.4046],[80.7069,21.4128],[80.7068,21.4331],[80.7143,21.4362],[80.7244,21.4452],[80.7349,21.4599],[80.7377,21.4731],[80.7372,21.481],[80.7329,21.4844],[80.7276,21.4962],[80.7332,21.5007],[80.7315,21.5082],[80.7336,21.5128],[80.7305,21.5156],[80.7408,21.5392],[80.72,21.555],[80.7212,21.5612],[80.7289,21.5726],[80.7255,21.5801],[80.7154,21.5851],[80.7186,21.5875],[80.7154,21.5903],[80.7181,21.5932],[80.717,21.603],[80.7219,21.6096],[80.725,21.6096],[80.7234,21.6141],[80.7309,21.6174],[80.7291,21.6206],[80.7316,21.6265],[80.729,21.6269],[80.7268,21.6456],[80.7193,21.6454],[80.7171,21.6601],[80.7144,21.6616],[80.7163,21.6633],[80.7153,21.6658],[80.7192,21.6685],[80.716,21.6748],[80.7214,21.677],[80.7298,21.6921],[80.7341,21.6945],[80.7323,21.6982],[80.7351,21.7039],[80.729,21.7069],[80.7261,21.7137],[80.7321,21.7137],[80.7334,21.7278],[80.7399,21.732],[80.738,21.7356],[80.7409,21.7446],[80.7475,21.7556],[80.7561,21.7622],[80.7594,21.7592],[80.7723,21.7585],[80.7782,21.7548],[80.7765,21.7536],[80.7857,21.7472],[80.7854,21.7403],[80.8039,21.7448],[80.8093,21.7485],[80.8197,21.748],[80.8199,21.7537],[80.8154,21.7553],[80.8167,21.7618],[80.8241,21.7701],[80.8223,21.7709],[80.8231,21.7746],[80.8277,21.776],[80.8267,21.7785],[80.8292,21.7797],[80.8255,21.7833],[80.8298,21.7871],[80.8318,21.7949],[80.8359,21.796],[80.8386,21.8003],[80.8372,21.8088],[80.8447,21.8292],[80.8422,21.8357],[80.8383,21.8372],[80.84,21.8386],[80.8386,21.8405],[80.8414,21.8405],[80.8392,21.8482],[80.8423,21.8513],[80.8525,21.8542],[80.8505,21.8581],[80.8463,21.8597],[80.8478,21.8619],[80.8422,21.8649],[80.8452,21.8696],[80.8528,21.8734],[80.8498,21.8732],[80.8501,21.8762],[80.8447,21.8746],[80.8439,21.8807],[80.8345,21.8853],[80.8324,21.8891],[80.8338,21.8907],[80.8317,21.891],[80.8355,21.9066],[80.832,21.9082],[80.8346,21.908],[80.8357,21.9145],[80.8401,21.9191],[80.8394,21.9228],[80.8458,21.9263],[80.8456,21.9308],[80.8477,21.9309],[80.8458,21.9397],[80.8414,21.9412],[80.8458,21.9424],[80.8417,21.9442],[80.8428,21.9463],[80.8374,21.9464],[80.8366,21.9495],[80.8336,21.9453],[80.8308,21.947],[80.8334,21.9499],[80.8288,21.9479],[80.8273,21.9514],[80.8288,21.9528],[80.8258,21.9528],[80.8272,21.9559],[80.8256,21.9584],[80.8357,21.9544],[80.8383,21.958],[80.8407,21.9553],[80.8475,21.9558],[80.8567,21.9649],[80.8604,21.973],[80.8638,21.9917],[80.8759,22.0135],[80.8758,22.0386],[80.8858,22.0496],[80.882,22.053],[80.8827,22.0591],[80.889,22.0571],[80.8929,22.0631],[80.8968,22.0644],[80.9079,22.1096],[80.9219,22.12],[80.9476,22.1183],[80.957,22.1104],[80.9718,22.085],[80.97,22.0574],[80.9797,22.0552],[80.9842,22.0486],[80.9897,22.0514],[80.9948,22.0495],[80.9949,22.0586],[81.0032,22.0585],[81.0091,22.0709],[81.0046,22.0754],[81.0014,22.0835],[81.0061,22.0922],[81.0113,22.0956],[80.9905,22.1136],[80.9843,22.1146],[80.981,22.1102],[80.978,22.1226],[80.9824,22.1282],[80.9946,22.1355],[81.0005,22.1314],[81.0219,22.1328],[81.0238,22.1487],[81.0222,22.1578],[81.0267,22.1664],[81.0172,22.1796],[81.0166,22.1856],[81.0224,22.1895],[81.0307,22.1874],[81.029,22.1925],[81.0316,22.1997],[81.0217,22.2121],[81.0194,22.221],[81.0236,22.2293],[81.0356,22.2326],[81.0449,22.2405],[81.0388,22.2546],[81.0279,22.263],[81.0264,22.27],[81.0144,22.2754],[81.0066,22.2836],[80.9875,22.2866],[80.9827,22.2828],[80.9809,22.278],[80.9745,22.2764],[80.9628,22.281],[80.9582,22.2752],[80.9453,22.2864],[80.9381,22.2876],[80.9366,22.2779],[80.9222,22.2769],[80.9191,22.2795],[80.915,22.2791],[80.913,22.2902],[80.9057,22.2933],[80.9037,22.2977],[80.9131,22.3095],[80.9096,22.3177],[80.914,22.3201],[80.9169,22.3293],[80.9287,22.3267],[80.9312,22.3278],[80.9315,22.3312],[80.9244,22.3372],[80.9089,22.3429],[80.9023,22.3409],[80.899,22.3338],[80.8815,22.3338],[80.8828,22.3473],[80.8917,22.349],[80.8901,22.3517],[80.8937,22.3505],[80.8789,22.359],[80.872,22.3597],[80.8654,22.3648],[80.8657,22.3789],[80.8568,22.3811],[80.8446,22.3891],[80.8422,22.3878],[80.8443,22.3822],[80.8342,22.3837],[80.82,22.3911],[80.8148,22.3901],[80.8113,22.3946],[80.8129,22.3991],[80.8109,22.3996],[80.8113,22.402]]]},"properties":{"dtname":"Balaghat","stname":"MADHYA PRADESH","stcode11":"23","dtcode11":"457","year_stat":"2011_c","Shape_Length":782270.0579581716,"Shape_Area":10788258901.662212,"OBJECTID":477,"test":0,"Dist_LGD":392,"State_LGD":23}},{"type":"Feature","id":479,"geometry":{"type":"Polygon","coordinates":[[[75.3164,22.1331],[75.2867,22.1246],[75.2513,22.1255],[75.2367,22.1237],[75.2185,22.1186],[75.198,22.1073],[75.1882,22.1047],[75.1477,22.1033],[75.1149,22.0961],[75.0606,22.0946],[75.0343,22.0894],[74.9712,22.0841],[74.9147,22.0837],[74.8995,22.0816],[74.8767,22.0757],[74.8477,22.0644],[74.8342,22.0621],[74.8199,22.0655],[74.7913,22.0772],[74.7801,22.0789],[74.7528,22.0695],[74.7335,22.0598],[74.6945,22.0485],[74.6845,22.038],[74.6789,22.0357],[74.6654,22.034],[74.6376,22.0369],[74.6196,22.029],[74.5919,22.0233],[74.5622,22.0233],[74.5529,22.0294],[74.5416,22.0472],[74.5312,22.0522],[74.511,22.0458],[74.4821,22.0431],[74.4321,22.0304],[74.4435,22.0232],[74.4388,22.0208],[74.4439,22.0166],[74.4437,22.0112],[74.4522,22.0047],[74.4472,22.0005],[74.4422,22.003],[74.4324,21.9994],[74.4382,21.9973],[74.4389,21.9909],[74.4415,21.99],[74.4389,21.9872],[74.4394,21.9767],[74.4447,21.9755],[74.4445,21.9704],[74.4534,21.9619],[74.4611,21.9615],[74.4639,21.9661],[74.4698,21.9671],[74.4714,21.9636],[74.4691,21.9596],[74.4739,21.961],[74.4816,21.9592],[74.4821,21.9548],[74.4888,21.9562],[74.4905,21.9512],[74.4847,21.9458],[74.4891,21.9434],[74.4953,21.9468],[74.5,21.9394],[74.5085,21.9374],[74.5127,21.9319],[74.5093,21.9207],[74.5128,21.9156],[74.5169,21.9158],[74.5243,21.9106],[74.5229,21.8991],[74.5138,21.89],[74.514,21.8627],[74.5101,21.8292],[74.5067,21.8163],[74.5003,21.8068],[74.4983,21.79],[74.5018,21.7815],[74.5142,21.7656],[74.5117,21.7597],[74.5133,21.7567],[74.5088,21.7497],[74.5119,21.7451],[74.5109,21.7351],[74.5054,21.7261],[74.513,21.7185],[74.53,21.7168],[74.5473,21.7195],[74.5576,21.7042],[74.5549,21.6907],[74.5576,21.6882],[74.5538,21.6849],[74.5542,21.6813],[74.562,21.6809],[74.5627,21.6835],[74.5806,21.6832],[74.5839,21.6732],[74.5821,21.6649],[74.6167,21.6607],[74.6234,21.6567],[74.6642,21.6523],[74.6649,21.6473],[74.6775,21.6454],[74.6754,21.6447],[74.684,21.6395],[74.6871,21.6317],[74.6944,21.6323],[74.7005,21.6274],[74.749,21.6179],[74.775,21.6153],[74.783,21.6106],[74.7898,21.6126],[74.798,21.6098],[74.8015,21.6152],[74.8067,21.6145],[74.808,21.6121],[74.8118,21.6138],[74.8127,21.6106],[74.8195,21.6085],[74.8266,21.6114],[74.8298,21.6101],[74.8312,21.6181],[74.8394,21.6188],[74.8382,21.6221],[74.8566,21.6265],[74.8629,21.6344],[74.8655,21.6285],[74.8719,21.6318],[74.8721,21.6298],[74.8756,21.6307],[74.8781,21.6285],[74.8841,21.631],[74.886,21.6294],[74.8874,21.6315],[74.8902,21.6292],[74.9013,21.6293],[74.9104,21.6145],[74.9354,21.6059],[74.9793,21.5952],[75.0214,21.5736],[75.02,21.5686],[75.0517,21.5665],[75.0872,21.5181],[75.0868,21.5153],[75.0899,21.5153],[75.0887,21.5007],[75.099,21.4849],[75.1036,21.471],[75.1078,21.4666],[75.1077,21.4622],[75.1299,21.4471],[75.1702,21.4315],[75.18,21.4305],[75.2171,21.4086],[75.2215,21.4085],[75.2272,21.4134],[75.2333,21.4148],[75.2414,21.4115],[75.2491,21.4034],[75.2549,21.4018],[75.2644,21.4074],[75.2802,21.4072],[75.2874,21.4118],[75.2954,21.4135],[75.3011,21.4099],[75.2984,21.3998],[75.3002,21.3912],[75.2962,21.3897],[75.2962,21.3866],[75.2996,21.3846],[75.3075,21.3924],[75.3161,21.3878],[75.3266,21.3908],[75.3516,21.3906],[75.3572,21.4008],[75.3754,21.3902],[75.3759,21.3863],[75.3824,21.3793],[75.3979,21.3796],[75.4078,21.3871],[75.4204,21.3876],[75.4259,21.3907],[75.4312,21.3864],[75.4401,21.3842],[75.4493,21.3901],[75.4575,21.3872],[75.4679,21.3902],[75.4757,21.3863],[75.4941,21.3853],[75.497,21.3873],[75.512,21.382],[75.5201,21.387],[75.5256,21.38],[75.5303,21.379],[75.5351,21.3735],[75.541,21.3736],[75.5411,21.3697],[75.5438,21.3685],[75.5571,21.3791],[75.5572,21.3732],[75.5622,21.3762],[75.5658,21.3741],[75.5796,21.3767],[75.5786,21.3787],[75.5717,21.379],[75.5715,21.3817],[75.582,21.3848],[75.5872,21.389],[75.5992,21.3856],[75.6048,21.3916],[75.6075,21.3916],[75.6072,21.389],[75.61,21.3906],[75.6163,21.3881],[75.6271,21.3912],[75.628,21.3944],[75.6189,21.3985],[75.6024,21.3973],[75.6061,21.4176],[75.5904,21.439],[75.6015,21.4459],[75.6052,21.4533],[75.6114,21.4562],[75.6107,21.4582],[75.6009,21.4607],[75.5832,21.4755],[75.5481,21.4804],[75.5338,21.4785],[75.53,21.4809],[75.53,21.4859],[75.5269,21.4884],[75.5035,21.4895],[75.4988,21.487],[75.487,21.4929],[75.4859,21.4981],[75.483,21.4974],[75.4753,21.506],[75.4713,21.516],[75.4629,21.5151],[75.4635,21.5241],[75.4597,21.5325],[75.4607,21.5445],[75.4648,21.5504],[75.4647,21.5562],[75.4718,21.5662],[75.478,21.568],[75.4791,21.5853],[75.4857,21.599],[75.4911,21.5993],[75.4943,21.6085],[75.5021,21.6136],[75.4976,21.617],[75.4803,21.6207],[75.4747,21.6249],[75.4693,21.6231],[75.4646,21.6288],[75.4643,21.633],[75.4589,21.6381],[75.4472,21.6413],[75.4488,21.6444],[75.447,21.6485],[75.4417,21.6523],[75.4424,21.6546],[75.4376,21.6564],[75.4383,21.6605],[75.442,21.663],[75.4385,21.6757],[75.4179,21.6791],[75.4015,21.6769],[75.3915,21.6815],[75.3826,21.6768],[75.3789,21.6779],[75.3506,21.6709],[75.3221,21.6619],[75.303,21.6389],[75.293,21.635],[75.2891,21.6356],[75.2876,21.647],[75.2837,21.6529],[75.2717,21.6615],[75.2616,21.6602],[75.2598,21.6627],[75.2603,21.6732],[75.2634,21.6733],[75.2685,21.6798],[75.2682,21.6866],[75.2306,21.6911],[75.2175,21.6947],[75.2089,21.7084],[75.2079,21.7284],[75.211,21.7337],[75.2223,21.7423],[75.2467,21.7437],[75.2566,21.738],[75.2573,21.7445],[75.2628,21.7454],[75.2697,21.7387],[75.2761,21.7384],[75.2706,21.7651],[75.2769,21.7723],[75.2822,21.7721],[75.2809,21.7875],[75.2741,21.7919],[75.2724,21.8013],[75.2757,21.8037],[75.2889,21.8048],[75.2895,21.8113],[75.2952,21.8111],[75.2931,21.8248],[75.309,21.8336],[75.3099,21.8435],[75.3016,21.8476],[75.2981,21.8631],[75.2766,21.8661],[75.276,21.8861],[75.2798,21.8859],[75.2878,21.892],[75.2813,21.9056],[75.2833,21.9157],[75.2879,21.917],[75.2906,21.9219],[75.2975,21.9225],[75.3073,21.9074],[75.3246,21.9057],[75.3327,21.9091],[75.3353,21.9208],[75.3419,21.9298],[75.3382,21.9458],[75.3446,21.9472],[75.3495,21.9548],[75.3527,21.9559],[75.3503,21.982],[75.3585,21.9851],[75.3984,21.9847],[75.3995,21.9953],[75.4055,22.0027],[75.4161,22.0038],[75.4435,22.0259],[75.4139,22.0228],[75.4162,22.0275],[75.413,22.032],[75.4136,22.0588],[75.4333,22.0599],[75.4457,22.0561],[75.4567,22.0592],[75.4515,22.0726],[75.4373,22.0706],[75.3947,22.0799],[75.3932,22.084],[75.3964,22.0887],[75.3892,22.0896],[75.3809,22.1021],[75.3681,22.1017],[75.3575,22.0983],[75.3549,22.1127],[75.3459,22.1128],[75.3435,22.1199],[75.3405,22.1214],[75.3217,22.1228],[75.3164,22.1331]]]},"properties":{"dtname":"Barwani","stname":"MADHYA PRADESH","stcode11":"23","dtcode11":"441","year_stat":"2011_c","Shape_Length":540551.3449705607,"Shape_Area":6327531868.347818,"OBJECTID":479,"test":1,"Dist_LGD":393,"State_LGD":23}},{"type":"Feature","id":538,"geometry":{"type":"Polygon","coordinates":[[[76.199,24.3075],[76.1854,24.3293],[76.1787,24.3156],[76.1738,24.3122],[76.1742,24.3073],[76.1647,24.307],[76.1654,24.3008],[76.1686,24.2967],[76.1646,24.2946],[76.1625,24.2847],[76.1597,24.2827],[76.1493,24.2848],[76.1433,24.283],[76.1413,24.2759],[76.1367,24.2709],[76.1413,24.2673],[76.1391,24.2563],[76.1431,24.2558],[76.1483,24.2316],[76.1447,24.2225],[76.1379,24.2181],[76.1323,24.2085],[76.1177,24.1947],[76.1136,24.1663],[76.1141,24.1626],[76.1212,24.1629],[76.1247,24.1578],[76.1224,24.1378],[76.1267,24.1325],[76.1311,24.1154],[76.1205,24.1082],[76.1271,24.088],[76.1213,24.0845],[76.118,24.0869],[76.1136,24.0843],[76.1065,24.0842],[76.1048,24.0872],[76.1005,24.087],[76.0929,24.0827],[76.0888,24.0769],[76.0846,24.077],[76.076,24.0709],[76.0728,24.0766],[76.0674,24.0704],[76.0551,24.0652],[76.0421,24.0659],[76.0314,24.0579],[76.0303,24.0517],[76.023,24.0487],[76.0191,24.0375],[76.0213,24.0347],[76.0094,24.0244],[75.9987,24.0207],[75.9783,24.0265],[75.9635,24.0187],[75.9622,24.0146],[75.9672,23.9998],[75.9673,23.9912],[75.9726,23.9883],[75.9849,23.9737],[75.9841,23.9667],[75.9867,23.9605],[75.9839,23.9512],[75.9874,23.9409],[75.98,23.9359],[75.9814,23.9289],[75.9745,23.929],[75.9681,23.9243],[75.9553,23.9208],[75.9513,23.9155],[75.953,23.9118],[75.9493,23.9125],[75.945,23.9093],[75.9439,23.9029],[75.9375,23.8966],[75.9238,23.8986],[75.9052,23.8892],[75.8949,23.8893],[75.8862,23.879],[75.8768,23.88],[75.8767,23.8853],[75.8706,23.8904],[75.8532,23.8875],[75.8447,23.8839],[75.8448,23.8762],[75.8408,23.8746],[75.8391,23.8787],[75.8351,23.8769],[75.8329,23.8799],[75.8212,23.8736],[75.8181,23.8681],[75.8036,23.8656],[75.7985,23.8686],[75.7938,23.867],[75.792,23.8586],[75.7821,23.8488],[75.7736,23.8481],[75.7656,23.8506],[75.7618,23.8659],[75.7646,23.8753],[75.7528,23.8872],[75.7401,23.8894],[75.7353,23.8985],[75.7276,23.8937],[75.7194,23.8974],[75.7158,23.8934],[75.706,23.8993],[75.7056,23.883],[75.7022,23.8817],[75.7017,23.8728],[75.7051,23.8687],[75.709,23.8691],[75.711,23.8625],[75.7275,23.859],[75.7352,23.8622],[75.7366,23.8565],[75.7313,23.8532],[75.726,23.8421],[75.7192,23.8412],[75.7265,23.8205],[75.7209,23.8186],[75.7216,23.8119],[75.7125,23.8131],[75.7071,23.8113],[75.7063,23.8133],[75.6981,23.8133],[75.6927,23.8165],[75.6902,23.8134],[75.7018,23.7864],[75.6997,23.7804],[75.6931,23.7762],[75.6901,23.7678],[75.6869,23.7553],[75.69,23.7474],[75.7119,23.75],[75.713,23.7563],[75.7287,23.7574],[75.7341,23.7531],[75.7331,23.7472],[75.7459,23.739],[75.7544,23.7229],[75.7613,23.7249],[75.7859,23.7229],[75.7918,23.7084],[75.8053,23.708],[75.8229,23.6971],[75.8293,23.6983],[75.8251,23.7096],[75.8291,23.7241],[75.8288,23.7314],[75.8362,23.7295],[75.8434,23.7304],[75.8453,23.7328],[75.8498,23.7176],[75.8536,23.7138],[75.8425,23.6945],[75.8469,23.6877],[75.8373,23.683],[75.8336,23.6776],[75.8166,23.6716],[75.812,23.6601],[75.8131,23.6552],[75.8173,23.6549],[75.8281,23.6436],[75.8288,23.6324],[75.8352,23.6253],[75.8332,23.6177],[75.8379,23.6121],[75.8412,23.6028],[75.838,23.5942],[75.8398,23.5897],[75.8372,23.5888],[75.8459,23.5825],[75.8484,23.5745],[75.8564,23.5674],[75.8658,23.5663],[75.8782,23.5615],[75.878,23.5589],[75.8811,23.5582],[75.8946,23.5603],[75.8975,23.567],[75.9126,23.5701],[75.9212,23.5665],[75.9277,23.5542],[75.9456,23.5526],[75.9541,23.553],[75.9527,23.563],[75.9546,23.568],[75.9788,23.5638],[75.9923,23.5723],[75.9997,23.5735],[76.0086,23.5652],[76.0061,23.558],[76.0258,23.5574],[76.027,23.5668],[76.0522,23.5651],[76.0672,23.5583],[76.0893,23.5718],[76.0958,23.5731],[76.1049,23.5661],[76.109,23.5445],[76.1166,23.5413],[76.1214,23.5479],[76.132,23.5525],[76.1341,23.5604],[76.147,23.5699],[76.1653,23.5715],[76.1707,23.5777],[76.1746,23.5772],[76.173,23.5803],[76.1758,23.5855],[76.1825,23.5753],[76.2006,23.5705],[76.2008,23.5676],[76.2293,23.5666],[76.2297,23.5696],[76.2375,23.5697],[76.2322,23.5955],[76.2392,23.5982],[76.2416,23.5963],[76.242,23.5987],[76.2501,23.601],[76.2561,23.6057],[76.2758,23.604],[76.2826,23.625],[76.2978,23.625],[76.2967,23.6129],[76.3172,23.6146],[76.3186,23.6223],[76.3336,23.6242],[76.3399,23.6294],[76.3552,23.623],[76.3633,23.6235],[76.3693,23.6274],[76.3748,23.6247],[76.3843,23.61],[76.3877,23.6097],[76.4052,23.6121],[76.4076,23.6135],[76.4037,23.6195],[76.4058,23.6235],[76.4245,23.627],[76.436,23.6333],[76.4373,23.6397],[76.4291,23.6543],[76.4062,23.6709],[76.4018,23.6766],[76.4017,23.6848],[76.4057,23.6914],[76.4052,23.7049],[76.411,23.7139],[76.412,23.7197],[76.4005,23.7293],[76.4019,23.7372],[76.3967,23.7514],[76.3988,23.7582],[76.3961,23.7664],[76.3803,23.7676],[76.3743,23.776],[76.3771,23.794],[76.3824,23.8025],[76.3817,23.8101],[76.3772,23.8137],[76.3645,23.8132],[76.3567,23.8189],[76.3542,23.831],[76.3564,23.8491],[76.349,23.8576],[76.3285,23.8642],[76.3265,23.8879],[76.2985,23.8977],[76.2971,23.9061],[76.2997,23.9114],[76.3119,23.9186],[76.3144,23.9231],[76.3089,23.9389],[76.3023,23.9462],[76.3032,23.9609],[76.2998,23.9649],[76.2928,23.9654],[76.2556,23.9811],[76.2603,24.0004],[76.2568,24.0179],[76.2585,24.0329],[76.2564,24.0384],[76.248,24.0429],[76.2357,24.0446],[76.2268,24.0444],[76.2246,24.0405],[76.2037,24.038],[76.1993,24.0593],[76.1902,24.0744],[76.1896,24.0833],[76.1919,24.0907],[76.2089,24.0915],[76.2119,24.0856],[76.2275,24.0867],[76.2182,24.1035],[76.2227,24.1154],[76.233,24.1228],[76.2379,24.1347],[76.2329,24.1465],[76.2301,24.1477],[76.2199,24.145],[76.215,24.1503],[76.2165,24.1783],[76.2116,24.1991],[76.2124,24.2102],[76.2035,24.2193],[76.2064,24.2289],[76.2028,24.2447],[76.2023,24.2681],[76.2009,24.271],[76.1946,24.2731],[76.1971,24.2876],[76.2047,24.2994],[76.2035,24.3042],[76.199,24.3075]]]},"properties":{"dtname":"Agar Malwa","stname":"MADHYA PRADESH","stcode11":"23","dtcode11":"724","year_stat":"update2014","Shape_Length":420901.23667694355,"Shape_Area":3535701081.0161886,"OBJECTID":538,"test":0,"Dist_LGD":667,"State_LGD":23}},{"type":"Feature","id":577,"geometry":{"type":"MultiPolygon","coordinates":[[[[78.2994,25.1018],[78.2944,25.1037],[78.2806,25.1],[78.2755,25.0953],[78.2752,25.0914],[78.27,25.0884],[78.272,25.0835],[78.2741,25.0852],[78.2785,25.0836],[78.2895,25.0743],[78.29,25.0616],[78.2956,25.0559],[78.3047,25.0526],[78.3192,25.061],[78.3237,25.0588],[78.3291,25.0657],[78.3354,25.069],[78.3375,25.0853],[78.3338,25.0862],[78.331,25.0938],[78.3282,25.0947],[78.3201,25.0894],[78.3097,25.0889],[78.3046,25.0939],[78.3044,25.0999],[78.2994,25.1018]]],[[[78.3396,25.2228],[78.3237,25.2158],[78.3217,25.2104],[78.3113,25.2127],[78.3049,25.2024],[78.3005,25.2019],[78.3036,25.2013],[78.3104,25.1849],[78.3084,25.1789],[78.2987,25.1718],[78.3014,25.166],[78.2923,25.1503],[78.294,25.1465],[78.2898,25.1418],[78.2925,25.1362],[78.29,25.1356],[78.2895,25.13],[78.2976,25.1261],[78.306,25.1267],[78.3271,25.1124],[78.3372,25.1242],[78.3472,25.1314],[78.3493,25.1405],[78.3341,25.148],[78.3421,25.1662],[78.3541,25.1738],[78.3647,25.1704],[78.3692,25.1657],[78.3744,25.1662],[78.3789,25.1615],[78.3798,25.1383],[78.3676,25.1298],[78.3647,25.1194],[78.3678,25.1175],[78.3681,25.1108],[78.3728,25.1086],[78.3739,25.0987],[78.3861,25.1038],[78.3997,25.1241],[78.4068,25.1289],[78.4154,25.1284],[78.4344,25.1201],[78.4468,25.1218],[78.4479,25.1281],[78.442,25.1309],[78.4274,25.1459],[78.4273,25.154],[78.4479,25.1527],[78.4519,25.16],[78.4582,25.1646],[78.4516,25.1689],[78.4434,25.1655],[78.4234,25.1693],[78.4247,25.1721],[78.4164,25.1764],[78.4166,25.1835],[78.3953,25.1879],[78.3947,25.1971],[78.3912,25.2],[78.3934,25.203],[78.3918,25.2059],[78.3813,25.2033],[78.3767,25.209],[78.3602,25.2129],[78.3478,25.2224],[78.3419,25.2211],[78.3396,25.2228]]],[[[78.3362,25.4111],[78.343,25.4203],[78.3361,25.4352],[78.3265,25.44],[78.326,25.4368],[78.3199,25.4327],[78.3177,25.4265],[78.3112,25.4237],[78.3074,25.4175],[78.3192,25.4102],[78.3362,25.4111]]],[[[78.3676,25.4579],[78.3621,25.4629],[78.3579,25.4535],[78.3695,25.4383],[78.3764,25.4386],[78.3777,25.4368],[78.3809,25.4403],[78.395,25.4442],[78.3972,25.4563],[78.3731,25.4618],[78.3676,25.4579]]],[[[78.4195,25.5283],[78.4191,25.5299],[78.3996,25.528],[78.3868,25.5156],[78.3905,25.5065],[78.3887,25.5045],[78.3983,25.4901],[78.3953,25.4926],[78.3911,25.4908],[78.3898,25.4798],[78.4003,25.4635],[78.4039,25.4671],[78.4141,25.4698],[78.4165,25.4765],[78.4278,25.4712],[78.4313,25.4736],[78.4274,25.4848],[78.4287,25.4879],[78.4168,25.5018],[78.4188,25.509],[78.4289,25.5115],[78.4191,25.5181],[78.4195,25.5283]]],[[[78.7967,26.2906],[78.7899,26.2896],[78.7801,26.272],[78.7755,26.2724],[78.7683,26.2646],[78.7554,26.2658],[78.7443,26.2498],[78.7558,26.2437],[78.7535,26.2354],[78.7453,26.2331],[78.7407,26.2287],[78.7425,26.228],[78.7407,26.2235],[78.7295,26.2278],[78.7226,26.2238],[78.7183,26.226],[78.7154,26.2212],[78.7083,26.2206],[78.7038,26.217],[78.6959,26.2177],[78.696,26.2127],[78.6984,26.2112],[78.6937,26.2044],[78.692,26.1929],[78.7013,26.1817],[78.7029,26.1758],[78.6947,26.1631],[78.6827,26.1646],[78.6763,26.1706],[78.6694,26.1677],[78.6658,26.1695],[78.6596,26.1676],[78.6561,26.1699],[78.6481,26.1694],[78.6366,26.1655],[78.6273,26.1574],[78.6285,26.1539],[78.6331,26.1519],[78.6396,26.1281],[78.6523,26.1266],[78.6463,26.1201],[78.6349,26.1218],[78.6158,26.1339],[78.6088,26.1294],[78.6121,26.1112],[78.6057,26.1014],[78.6065,26.0986],[78.6393,26.0819],[78.632,26.0758],[78.6313,26.0723],[78.6457,26.066],[78.6441,26.0605],[78.6267,26.0487],[78.6172,26.051],[78.6036,26.0466],[78.6014,26.0365],[78.585,26.0056],[78.5699,25.9966],[78.5566,25.9939],[78.5459,25.985],[78.5427,25.9737],[78.517,25.9689],[78.5068,25.9645],[78.4869,25.9648],[78.4823,25.9621],[78.4842,25.9414],[78.4723,25.9316],[78.4749,25.9185],[78.4729,25.9103],[78.454,25.9006],[78.4377,25.884],[78.4198,25.8778],[78.4133,25.8682],[78.4029,25.8599],[78.3878,25.8554],[78.3863,25.8519],[78.3926,25.8433],[78.388,25.8365],[78.3665,25.8359],[78.3633,25.8323],[78.3479,25.8353],[78.3427,25.8321],[78.3392,25.8357],[78.3354,25.836],[78.3187,25.8261],[78.3128,25.8157],[78.3075,25.8116],[78.3159,25.8134],[78.3258,25.8022],[78.3268,25.7977],[78.3188,25.792],[78.3103,25.7922],[78.2961,25.7859],[78.2961,25.7766],[78.2852,25.7683],[78.2945,25.7621],[78.2896,25.7528],[78.2765,25.7495],[78.2747,25.7529],[78.268,25.7525],[78.2483,25.7354],[78.2284,25.7282],[78.223,25.7202],[78.2247,25.7133],[78.2144,25.7028],[78.2166,25.6941],[78.2333,25.6926],[78.2415,25.6892],[78.2462,25.6924],[78.2499,25.6882],[78.2514,25.6926],[78.2456,25.7119],[78.246,25.719],[78.2487,25.722],[78.2645,25.721],[78.2665,25.7123],[78.2846,25.7008],[78.2974,25.7007],[78.3018,25.7079],[78.3086,25.7079],[78.3122,25.6935],[78.312,25.6877],[78.3092,25.6847],[78.3225,25.6724],[78.3239,25.6683],[78.3282,25.6684],[78.3353,25.6641],[78.3372,25.6656],[78.3432,25.6584],[78.3504,25.6617],[78.3541,25.6704],[78.3607,25.6648],[78.3662,25.6647],[78.3763,25.6587],[78.3846,25.6127],[78.3901,25.6042],[78.394,25.6066],[78.3993,25.6027],[78.4099,25.6005],[78.4109,25.5957],[78.3987,25.5816],[78.3897,25.5766],[78.4026,25.5665],[78.412,25.563],[78.4246,25.5823],[78.4385,25.5894],[78.4412,25.5972],[78.451,25.5941],[78.4606,25.5861],[78.4686,25.5844],[78.4678,25.5697],[78.4651,25.5646],[78.4583,25.5751],[78.4529,25.5749],[78.4493,25.573],[78.4493,25.5628],[78.4465,25.5615],[78.451,25.5518],[78.4647,25.5455],[78.4663,25.5512],[78.4698,25.5535],[78.4666,25.5534],[78.4669,25.5593],[78.4783,25.5647],[78.4827,25.5722],[78.4871,25.5732],[78.4933,25.5787],[78.5067,25.5715],[78.509,25.5726],[78.5128,25.5693],[78.5194,25.5703],[78.5241,25.5669],[78.5287,25.5668],[78.5327,25.5717],[78.5447,25.5616],[78.5606,25.559],[78.5632,25.5627],[78.5692,25.5646],[78.5823,25.5614],[78.5877,25.5566],[78.5911,25.5583],[78.5979,25.5705],[78.6117,25.5699],[78.6108,25.578],[78.616,25.5835],[78.6194,25.5836],[78.6308,25.5789],[78.6242,25.5674],[78.6463,25.5607],[78.6583,25.5599],[78.6668,25.574],[78.6742,25.5769],[78.6789,25.5853],[78.6873,25.5889],[78.6951,25.5878],[78.7042,25.5979],[78.7163,25.5995],[78.7173,25.6053],[78.7207,25.6055],[78.7246,25.6022],[78.7318,25.6063],[78.7353,25.601],[78.7422,25.597],[78.7491,25.5987],[78.7503,25.603],[78.7662,25.6102],[78.7939,25.6124],[78.798,25.6164],[78.8118,25.6208],[78.8117,25.6321],[78.8161,25.6358],[78.8199,25.6486],[78.8157,25.6623],[78.8188,25.6692],[78.8167,25.6763],[78.8069,25.6844],[78.8045,25.6923],[78.7956,25.6967],[78.7951,25.6998],[78.7999,25.7051],[78.7836,25.7087],[78.7748,25.717],[78.7633,25.7199],[78.7557,25.7305],[78.7529,25.7509],[78.7588,25.7545],[78.7704,25.7489],[78.7741,25.7595],[78.7829,25.7582],[78.786,25.7692],[78.8083,25.8009],[78.8287,25.7956],[78.8328,25.8096],[78.828,25.8144],[78.8197,25.816],[78.8141,25.8071],[78.8055,25.8136],[78.8182,25.8291],[78.8398,25.8227],[78.8437,25.8234],[78.8424,25.822],[78.8469,25.8186],[78.8463,25.8126],[78.8506,25.8112],[78.8491,25.829],[78.8524,25.8565],[78.862,25.8655],[78.8641,25.8713],[78.8734,25.8751],[78.8765,25.8759],[78.8873,25.8686],[78.8919,25.8803],[78.8873,25.8842],[78.895,25.8951],[78.8911,25.8978],[78.8873,25.9062],[78.8787,25.9123],[78.876,25.9106],[78.8761,25.9074],[78.8704,25.9063],[78.8651,25.907],[78.8609,25.9111],[78.8592,25.9164],[78.853,25.9195],[78.8552,25.9231],[78.8537,25.9271],[78.8463,25.9342],[78.8464,25.9368],[78.8376,25.9389],[78.8414,25.9505],[78.8216,25.9513],[78.8173,25.9411],[78.8042,25.944],[78.7966,25.9541],[78.8014,25.96],[78.794,25.9625],[78.7832,25.9622],[78.778,25.9692],[78.7868,25.9868],[78.7812,25.9948],[78.7836,25.9964],[78.7776,25.999],[78.7779,26.0026],[78.7814,26.0066],[78.786,26.0076],[78.7869,26.0121],[78.7824,26.0124],[78.7728,26.018],[78.7741,26.0209],[78.783,26.0244],[78.7882,26.031],[78.7877,26.0358],[78.7838,26.0395],[78.7859,26.0434],[78.7978,26.0381],[78.8027,26.045],[78.8027,26.0424],[78.8097,26.0431],[78.8124,26.0403],[78.8175,26.0428],[78.8116,26.049],[78.7903,26.0538],[78.7917,26.0559],[78.797,26.0555],[78.802,26.0615],[78.8148,26.0561],[78.8269,26.0626],[78.8301,26.0688],[78.8298,26.0721],[78.8222,26.0706],[78.8112,26.0724],[78.8115,26.0762],[78.8018,26.0808],[78.8001,26.0861],[78.8065,26.0948],[78.8218,26.0928],[78.8251,26.1007],[78.8335,26.0979],[78.8331,26.0928],[78.8358,26.0915],[78.8399,26.0964],[78.8454,26.1119],[78.825,26.1226],[78.8203,26.1287],[78.8268,26.1376],[78.8228,26.1426],[78.8227,26.1484],[78.819,26.1513],[78.8161,26.1612],[78.8141,26.1605],[78.815,26.1624],[78.808,26.1653],[78.8056,26.1632],[78.7988,26.1665],[78.804,26.179],[78.8079,26.1828],[78.8264,26.1876],[78.8289,26.1931],[78.8338,26.1926],[78.8372,26.1972],[78.8354,26.202],[78.8242,26.2058],[78.8144,26.2026],[78.8134,26.2094],[78.8086,26.2139],[78.79,26.2234],[78.7914,26.2311],[78.7972,26.2302],[78.8012,26.2326],[78.8042,26.2494],[78.8115,26.2568],[78.8275,26.262],[78.8286,26.2669],[78.8237,26.2843],[78.8175,26.2837],[78.8112,26.2897],[78.8015,26.2884],[78.7967,26.2906]]]]},"properties":{"dtname":"Datia","stname":"MADHYA PRADESH","stcode11":"23","dtcode11":"422","year_stat":"2011_c","Shape_Length":615195.3640189909,"Shape_Area":3316140432.404081,"OBJECTID":577,"test":0,"Dist_LGD":401,"State_LGD":23}},{"type":"Feature","id":580,"geometry":{"type":"Polygon","coordinates":[[[80.2641,25.424],[80.2613,25.4161],[80.2555,25.4096],[80.2535,25.4008],[80.2362,25.4079],[80.2321,25.4026],[80.2209,25.3968],[80.2062,25.4045],[80.2076,25.4114],[80.2024,25.414],[80.1959,25.4019],[80.1966,25.3812],[80.1949,25.378],[80.169,25.3769],[80.1672,25.3639],[80.1488,25.3571],[80.1418,25.3507],[80.1311,25.3342],[80.1266,25.3403],[80.1189,25.3433],[80.1174,25.3415],[80.1036,25.3514],[80.089,25.3558],[80.0819,25.3444],[80.0727,25.3368],[80.0615,25.3403],[80.0422,25.3381],[80.0335,25.3421],[80.026,25.3348],[80.0265,25.3306],[80.0185,25.3214],[80.019,25.317],[80.0243,25.3118],[80.0209,25.3053],[80.0223,25.2976],[80.0192,25.299],[80.0122,25.2956],[80.0046,25.2879],[80.0021,25.289],[79.9987,25.2856],[79.9986,25.2776],[80.0015,25.274],[80.007,25.2726],[80.0048,25.2672],[79.9867,25.2674],[79.9808,25.2618],[79.9685,25.2665],[79.9532,25.2645],[79.9483,25.2687],[79.9388,25.258],[79.9366,25.2475],[79.9276,25.2496],[79.9231,25.2423],[79.922,25.2318],[79.9175,25.2268],[79.9185,25.2375],[79.9165,25.2446],[79.9075,25.2509],[79.9021,25.2408],[79.8929,25.2415],[79.8779,25.251],[79.8645,25.2364],[79.8514,25.2356],[79.8527,25.2251],[79.8686,25.2165],[79.8658,25.2153],[79.8659,25.2118],[79.8635,25.2125],[79.856,25.194],[79.8651,25.188],[79.8654,25.1801],[79.8631,25.1771],[79.8701,25.1723],[79.8656,25.1611],[79.8665,25.1498],[79.8691,25.1477],[79.8734,25.149],[79.8815,25.1421],[79.8749,25.1434],[79.8661,25.1411],[79.8516,25.1286],[79.8518,25.1217],[79.8468,25.116],[79.848,25.1105],[79.8533,25.1058],[79.8525,25.1029],[79.8617,25.0967],[79.8499,25.094],[79.8287,25.0993],[79.824,25.1083],[79.8083,25.11],[79.7726,25.1251],[79.7636,25.1301],[79.762,25.1343],[79.7485,25.1397],[79.7356,25.1313],[79.7172,25.1288],[79.688,25.1327],[79.6833,25.1352],[79.6783,25.1318],[79.6731,25.1205],[79.6495,25.1298],[79.6415,25.1269],[79.6364,25.1316],[79.629,25.134],[79.6227,25.1405],[79.6214,25.1351],[79.6083,25.1281],[79.5997,25.1279],[79.6001,25.1377],[79.6076,25.1487],[79.6065,25.1524],[79.5995,25.1437],[79.5959,25.1433],[79.5937,25.1486],[79.5815,25.1511],[79.576,25.1619],[79.5774,25.1649],[79.5754,25.17],[79.5692,25.1718],[79.5685,25.1691],[79.5604,25.17],[79.5557,25.1627],[79.5516,25.1609],[79.5418,25.1432],[79.5389,25.1406],[79.5349,25.1422],[79.532,25.1391],[79.5332,25.1337],[79.5233,25.1316],[79.5222,25.1279],[79.518,25.1268],[79.5212,25.1251],[79.5188,25.1179],[79.5239,25.108],[79.525,25.0974],[79.5204,25.0975],[79.519,25.095],[79.5102,25.0969],[79.5054,25.0954],[79.5001,25.0835],[79.4953,25.0835],[79.4915,25.0796],[79.4827,25.0797],[79.4773,25.0818],[79.4725,25.0877],[79.4651,25.088],[79.4772,25.1275],[79.4715,25.1281],[79.4697,25.1246],[79.4597,25.1198],[79.4523,25.1088],[79.4402,25.1014],[79.4374,25.1045],[79.4374,25.1098],[79.4263,25.1191],[79.4196,25.1111],[79.412,25.1103],[79.4053,25.1062],[79.3933,25.1172],[79.3962,25.1284],[79.3876,25.1303],[79.3908,25.1412],[79.384,25.1428],[79.3925,25.1689],[79.3903,25.1701],[79.4118,25.1826],[79.4117,25.1904],[79.4084,25.1947],[79.4122,25.2003],[79.4382,25.1968],[79.4404,25.1989],[79.449,25.2149],[79.4356,25.2169],[79.4328,25.2206],[79.447,25.2445],[79.4509,25.2439],[79.4534,25.2479],[79.4571,25.2486],[79.4622,25.2564],[79.4625,25.2647],[79.4756,25.261],[79.4763,25.2651],[79.4931,25.2621],[79.4945,25.2669],[79.4819,25.2686],[79.4784,25.273],[79.4793,25.2784],[79.4672,25.2833],[79.4665,25.2797],[79.4612,25.2825],[79.4586,25.2798],[79.4629,25.2716],[79.4554,25.269],[79.4501,25.2631],[79.4367,25.2547],[79.4259,25.2535],[79.4087,25.2561],[79.4068,25.2581],[79.4085,25.2616],[79.4076,25.2739],[79.3946,25.2828],[79.389,25.2795],[79.3866,25.2815],[79.3877,25.2858],[79.3686,25.2924],[79.3673,25.2811],[79.3739,25.2725],[79.3699,25.26],[79.3648,25.2611],[79.3553,25.2659],[79.3583,25.2842],[79.3519,25.2833],[79.3361,25.2881],[79.341,25.2996],[79.3466,25.3051],[79.3415,25.3072],[79.3397,25.3112],[79.3413,25.3189],[79.3447,25.323],[79.347,25.322],[79.3522,25.3298],[79.3444,25.3323],[79.3421,25.329],[79.339,25.3292],[79.3269,25.3347],[79.3088,25.334],[79.2998,25.3377],[79.2992,25.3288],[79.295,25.323],[79.279,25.324],[79.2699,25.3083],[79.2675,25.2846],[79.2628,25.2734],[79.2695,25.2633],[79.2735,25.2606],[79.2752,25.2632],[79.2826,25.2621],[79.2893,25.2727],[79.2878,25.2737],[79.29,25.2803],[79.2938,25.2836],[79.3029,25.2743],[79.3034,25.2696],[79.3104,25.2599],[79.3165,25.256],[79.3285,25.2569],[79.3352,25.2698],[79.3434,25.269],[79.3509,25.2639],[79.3452,25.2518],[79.3439,25.2273],[79.339,25.2267],[79.3345,25.2296],[79.333,25.228],[79.348,25.213],[79.3521,25.2122],[79.3493,25.2065],[79.3385,25.198],[79.3283,25.2098],[79.3287,25.2213],[79.3247,25.2184],[79.3105,25.223],[79.307,25.2249],[79.3081,25.232],[79.3053,25.2324],[79.2995,25.2398],[79.285,25.2459],[79.2794,25.2447],[79.2832,25.2388],[79.2862,25.2264],[79.282,25.2099],[79.2839,25.193],[79.2922,25.1842],[79.299,25.1916],[79.3015,25.2014],[79.3085,25.1982],[79.3102,25.1821],[79.3087,25.1791],[79.3044,25.1781],[79.31,25.1728],[79.314,25.1615],[79.3303,25.1374],[79.3382,25.1043],[79.3371,25.0954],[79.3412,25.0828],[79.3398,25.068],[79.3322,25.0556],[79.3287,25.0347],[79.3343,25.0203],[79.3315,25.0034],[79.3323,24.9894],[79.341,24.9769],[79.3359,24.9531],[79.3416,24.9366],[79.3393,24.9265],[79.3458,24.9093],[79.3458,24.8996],[79.3422,24.8907],[79.343,24.8858],[79.3356,24.8711],[79.3187,24.8487],[79.3177,24.836],[79.3047,24.7979],[79.306,24.7865],[79.317,24.7693],[79.3202,24.7514],[79.3167,24.744],[79.3198,24.7366],[79.3026,24.7109],[79.304,24.6884],[79.2903,24.6727],[79.2728,24.6644],[79.258,24.6637],[79.2426,24.6576],[79.2253,24.6655],[79.2183,24.6629],[79.2133,24.6578],[79.2066,24.6428],[79.2071,24.6222],[79.1954,24.6129],[79.1765,24.61],[79.1568,24.6167],[79.1424,24.6254],[79.1177,24.6279],[79.103,24.6267],[79.091,24.6333],[79.0794,24.6267],[79.0718,24.626],[79.0636,24.6219],[79.0595,24.6131],[79.0706,24.5986],[79.0707,24.5943],[79.0621,24.5862],[79.0549,24.5725],[79.0457,24.5654],[79.042,24.5557],[79.0289,24.5473],[79.0232,24.5463],[79.0148,24.5292],[79.0142,24.5125],[79.0072,24.5056],[79.0068,24.5004],[79.0095,24.495],[78.995,24.4738],[78.9921,24.4632],[78.9863,24.4536],[78.9858,24.4413],[78.9936,24.4227],[78.9912,24.4176],[78.9927,24.413],[78.997,24.411],[78.9942,24.4073],[78.9954,24.4007],[78.9993,24.3984],[78.9982,24.3964],[79.0008,24.393],[79.0077,24.3908],[79.0041,24.3775],[79.0048,24.3709],[79.0087,24.3694],[79.0185,24.3769],[79.0199,24.3833],[79.032,24.3767],[79.0325,24.3711],[79.0416,24.3687],[79.0533,24.3691],[79.0587,24.3776],[79.0617,24.3793],[79.0629,24.3775],[79.0699,24.396],[79.0725,24.3978],[79.0707,24.4037],[79.0733,24.4066],[79.0868,24.4019],[79.1008,24.4018],[79.0993,24.4091],[79.1018,24.4124],[79.1199,24.4163],[79.1324,24.4099],[79.1384,24.4151],[79.1473,24.4169],[79.1586,24.4278],[79.1617,24.4265],[79.1681,24.4304],[79.1807,24.4329],[79.1913,24.4281],[79.1964,24.4287],[79.2099,24.4147],[79.2187,24.4192],[79.2343,24.4191],[79.2434,24.4148],[79.2467,24.4091],[79.2433,24.3996],[79.244,24.3945],[79.249,24.3905],[79.2522,24.4121],[79.2549,24.4113],[79.2725,24.3824],[79.2949,24.375],[79.2768,24.3559],[79.2576,24.3698],[79.2458,24.3628],[79.2461,24.3582],[79.2377,24.3623],[79.2324,24.3619],[79.2328,24.3568],[79.2374,24.3541],[79.2322,24.3402],[79.2329,24.3349],[79.2278,24.3331],[79.2246,24.335],[79.211,24.33],[79.2063,24.3315],[79.2045,24.3346],[79.2001,24.3339],[79.2015,24.3398],[79.1988,24.3555],[79.1823,24.3577],[79.1708,24.3676],[79.1621,24.37],[79.1584,24.3735],[79.1677,24.386],[79.1673,24.3931],[79.162,24.3973],[79.1663,24.3995],[79.1682,24.4067],[79.1522,24.4055],[79.1571,24.3969],[79.1512,24.3891],[79.1517,24.3794],[79.1554,24.3752],[79.1488,24.3751],[79.1417,24.3715],[79.14,24.3701],[79.1405,24.3646],[79.1506,24.3652],[79.1547,24.3617],[79.1599,24.3619],[79.165,24.352],[79.1645,24.3457],[79.1669,24.341],[79.1784,24.3336],[79.1795,24.3279],[79.1855,24.3277],[79.1874,24.3169],[79.184,24.3106],[79.1711,24.3084],[79.1701,24.2946],[79.1753,24.2778],[79.1606,24.272],[79.1578,24.274],[79.1492,24.2682],[79.1421,24.2615],[79.1449,24.2562],[79.143,24.2532],[79.1414,24.2548],[79.1379,24.2513],[79.1354,24.2518],[79.1285,24.2604],[79.1206,24.2631],[79.1147,24.2622],[79.1133,24.2659],[79.1045,24.2504],[79.1014,24.25],[79.1018,24.2447],[79.0924,24.2423],[79.081,24.2494],[79.0804,24.2532],[79.0847,24.2603],[79.0828,24.263],[79.0751,24.2641],[79.0673,24.2611],[79.0647,24.2537],[79.0707,24.2436],[79.0656,24.2364],[79.0659,24.2246],[79.0513,24.2251],[79.0461,24.2215],[79.0552,24.2124],[79.0513,24.1975],[79.0515,24.1904],[79.0559,24.1882],[79.0567,24.185],[79.054,24.1714],[79.0683,24.1656],[79.0673,24.1603],[79.0697,24.1523],[79.0797,24.1469],[79.0722,24.1374],[79.0723,24.1315],[79.086,24.126],[79.0956,24.1284],[79.1014,24.123],[79.1133,24.1226],[79.124,24.1153],[79.1234,24.1028],[79.1413,24.0967],[79.1467,24.1015],[79.1484,24.1122],[79.1557,24.1104],[79.159,24.1133],[79.1607,24.1181],[79.1578,24.122],[79.1736,24.125],[79.1773,24.1227],[79.1768,24.117],[79.1838,24.1187],[79.1878,24.1231],[79.1906,24.122],[79.2038,24.1304],[79.2081,24.1316],[79.2135,24.1293],[79.2176,24.1322],[79.2224,24.132],[79.2259,24.1375],[79.2237,24.1407],[79.2277,24.1439],[79.2355,24.142],[79.2425,24.1468],[79.2439,24.1446],[79.2519,24.1437],[79.2536,24.1473],[79.2568,24.1474],[79.2654,24.1403],[79.2797,24.1441],[79.286,24.1433],[79.2883,24.1455],[79.301,24.1447],[79.3072,24.1419],[79.3082,24.1377],[79.3141,24.1371],[79.3159,24.1435],[79.3228,24.1422],[79.3264,24.144],[79.3312,24.148],[79.3303,24.1534],[79.3193,24.1526],[79.3088,24.1635],[79.3023,24.1639],[79.3032,24.1737],[79.3005,24.1805],[79.3099,24.186],[79.3208,24.1824],[79.3321,24.1864],[79.3654,24.1905],[79.3682,24.1962],[79.3823,24.1953],[79.3752,24.2094],[79.3865,24.2148],[79.3887,24.2274],[79.3852,24.2379],[79.3929,24.2528],[79.3913,24.2583],[79.3949,24.26],[79.3975,24.268],[79.3881,24.279],[79.3986,24.2841],[79.3972,24.2922],[79.402,24.3001],[79.402,24.3105],[79.4048,24.3116],[79.3986,24.3179],[79.3961,24.3269],[79.4012,24.3291],[79.4056,24.3375],[79.4099,24.3402],[79.4092,24.3442],[79.4136,24.3503],[79.402,24.362],[79.3921,24.3672],[79.3956,24.3729],[79.3949,24.3833],[79.3974,24.3884],[79.4282,24.389],[79.4332,24.3962],[79.4326,24.4021],[79.4406,24.4057],[79.4384,24.4094],[79.4418,24.412],[79.4461,24.4074],[79.4577,24.4075],[79.4599,24.4022],[79.4717,24.3912],[79.473,24.384],[79.4801,24.3867],[79.4833,24.3908],[79.5035,24.391],[79.5088,24.3973],[79.5239,24.3912],[79.5263,24.3933],[79.5362,24.3915],[79.552,24.3817],[79.5596,24.3836],[79.5669,24.391],[79.564,24.391],[79.5539,24.4123],[79.5454,24.4197],[79.5668,24.4272],[79.5631,24.4333],[79.5686,24.4458],[79.5752,24.4401],[79.5871,24.435],[79.6067,24.4182],[79.6217,24.4182],[79.629,24.3988],[79.6228,24.3924],[79.621,24.3864],[79.6155,24.3869],[79.6182,24.3823],[79.6167,24.3787],[79.6248,24.3726],[79.6342,24.3827],[79.6371,24.382],[79.656,24.3707],[79.6599,24.3637],[79.6609,24.3743],[79.6589,24.3794],[79.6616,24.3825],[79.6656,24.3823],[79.6767,24.372],[79.6812,24.3753],[79.6832,24.3888],[79.6807,24.3958],[79.6865,24.3958],[79.6913,24.3903],[79.6914,24.3867],[79.6978,24.3843],[79.7043,24.3767],[79.7105,24.3811],[79.7077,24.3844],[79.7178,24.3918],[79.7173,24.3944],[79.7231,24.4019],[79.7267,24.4041],[79.7301,24.402],[79.7368,24.4092],[79.7482,24.4142],[79.7583,24.4081],[79.7727,24.3819],[79.7951,24.3739],[79.8054,24.386],[79.8111,24.3876],[79.8227,24.3854],[79.8298,24.3778],[79.8374,24.3761],[79.842,24.3702],[79.8398,24.3681],[79.8399,24.354],[79.8482,24.3488],[79.8572,24.3488],[79.8597,24.3559],[79.8633,24.358],[79.8708,24.3709],[79.873,24.3698],[79.874,24.3719],[79.8759,24.3698],[79.8766,24.372],[79.8858,24.3736],[79.8794,24.3835],[79.8818,24.389],[79.8762,24.3944],[79.8768,24.407],[79.8681,24.4257],[79.8683,24.4506],[79.8642,24.4564],[79.8666,24.4617],[79.882,24.4758],[79.8697,24.4901],[79.8637,24.5059],[79.8689,24.5148],[79.8822,24.5181],[79.8795,24.534],[79.8716,24.5446],[79.8692,24.5521],[79.8697,24.5615],[79.8759,24.5728],[79.8754,24.576],[79.8843,24.5692],[79.8989,24.5728],[79.9041,24.5768],[79.8978,24.5741],[79.8849,24.5753],[79.8883,24.5915],[79.8849,24.5927],[79.8748,24.5894],[79.8691,24.5816],[79.8665,24.5809],[79.8646,24.5834],[79.8557,24.5813],[79.855,24.591],[79.8414,24.5946],[79.8425,24.6158],[79.8533,24.6186],[79.8581,24.6226],[79.8612,24.636],[79.8713,24.6474],[79.8733,24.6669],[79.8824,24.688],[79.8933,24.6969],[79.9005,24.6977],[79.9259,24.6869],[79.9284,24.6831],[79.9282,24.6748],[79.9367,24.6616],[79.9536,24.6531],[79.9649,24.6634],[79.971,24.6771],[79.9829,24.6872],[79.9878,24.7035],[79.9859,24.7104],[79.9925,24.7243],[80.0058,24.7337],[80.015,24.7474],[80.0549,24.7734],[80.0781,24.7989],[80.0904,24.8258],[80.0903,24.8386],[80.0837,24.8475],[80.0607,24.8607],[80.049,24.8893],[80.0429,24.8994],[80.0335,24.907],[80.0352,24.9139],[80.0331,24.9219],[80.0432,24.9259],[80.0513,24.9379],[80.0556,24.9403],[80.1114,24.939],[80.1311,24.9324],[80.1504,24.935],[80.1571,24.9569],[80.1652,24.9621],[80.2002,24.9736],[80.2099,24.9857],[80.2201,24.992],[80.2377,25.0114],[80.2529,25.018],[80.2623,25.0251],[80.271,25.0235],[80.2877,25.0379],[80.2858,25.056],[80.294,25.0639],[80.3182,25.0751],[80.3265,25.0922],[80.3226,25.0967],[80.3514,25.1218],[80.3555,25.1275],[80.3523,25.1308],[80.3564,25.1322],[80.3538,25.1361],[80.3578,25.1425],[80.3735,25.1474],[80.3766,25.1458],[80.3902,25.1584],[80.4194,25.163],[80.4311,25.1739],[80.4314,25.1789],[80.4265,25.1899],[80.4078,25.218],[80.4108,25.2241],[80.4039,25.2435],[80.3963,25.2464],[80.3887,25.2375],[80.3836,25.2373],[80.3664,25.2504],[80.3568,25.2618],[80.3515,25.2772],[80.3255,25.2782],[80.3108,25.2864],[80.3112,25.2982],[80.3185,25.3051],[80.3214,25.3123],[80.3189,25.3222],[80.3227,25.3321],[80.3124,25.3441],[80.3096,25.3544],[80.3113,25.3606],[80.3203,25.3661],[80.3154,25.3889],[80.2885,25.417],[80.2851,25.4155],[80.28,25.4208],[80.2641,25.424]],[[79.4052,25.0782],[79.4047,25.0683],[79.4074,25.0648],[79.4259,25.0586],[79.4225,25.0549],[79.4247,25.053],[79.4239,25.045],[79.421,25.0407],[79.4164,25.0411],[79.4169,25.0378],[79.4139,25.0382],[79.4136,25.0356],[79.4096,25.0339],[79.4018,25.0351],[79.395,25.0321],[79.3942,25.0357],[79.3841,25.0385],[79.3843,25.0424],[79.374,25.0448],[79.3751,25.0512],[79.3678,25.0544],[79.3677,25.0519],[79.362,25.0482],[79.3675,25.0461],[79.3642,25.041],[79.3561,25.0405],[79.3598,25.0534],[79.3562,25.0564],[79.3581,25.0594],[79.3492,25.0625],[79.3511,25.0689],[79.3574,25.0683],[79.3653,25.059],[79.3691,25.0591],[79.371,25.0629],[79.3798,25.0648],[79.3798,25.0669],[79.3747,25.0677],[79.3796,25.0856],[79.3725,25.092],[79.3797,25.1012],[79.3619,25.1062],[79.3564,25.1094],[79.3506,25.117],[79.3551,25.1245],[79.3505,25.1264],[79.3541,25.1302],[79.3582,25.1433],[79.3648,25.1446],[79.3742,25.1426],[79.3638,25.1256],[79.3713,25.1235],[79.3777,25.1252],[79.3809,25.1224],[79.3826,25.1127],[79.3804,25.1076],[79.3869,25.1021],[79.3894,25.0918],[79.3872,25.0857],[79.3982,25.0831],[79.4052,25.0782]],[[79.3654,25.1711],[79.3615,25.1711],[79.3545,25.1759],[79.3595,25.1886],[79.3726,25.18],[79.3654,25.1711]]]},"properties":{"dtname":"Chhatarpur","stname":"MADHYA PRADESH","stcode11":"23","dtcode11":"425","year_stat":"2011_c","Shape_Length":1114683.3769545525,"Shape_Area":10572274418.921738,"OBJECTID":580,"test":1,"Dist_LGD":398,"State_LGD":23}},{"type":"Feature","id":582,"geometry":{"type":"MultiPolygon","coordinates":[[[[80.449,25.0787],[80.444,25.078],[80.4432,25.0742],[80.4396,25.0752],[80.4331,25.0658],[80.4289,25.0657],[80.4161,25.0732],[80.4181,25.069],[80.4168,25.063],[80.4145,25.0573],[80.4087,25.0553],[80.4041,25.0617],[80.4066,25.0637],[80.4053,25.0677],[80.4023,25.0658],[80.4007,25.0696],[80.3996,25.0644],[80.3923,25.0638],[80.3922,25.0585],[80.3885,25.055],[80.388,25.0509],[80.3736,25.0559],[80.3749,25.049],[80.3705,25.0427],[80.3783,25.0404],[80.3854,25.0418],[80.3899,25.0356],[80.3876,25.0325],[80.3853,25.0359],[80.3833,25.0353],[80.3779,25.027],[80.387,25.024],[80.3851,25.0183],[80.3965,25.012],[80.3873,25.0043],[80.3785,25.0044],[80.3759,25.0147],[80.3775,25.0196],[80.3692,25.0199],[80.363,25.0236],[80.3574,25.0116],[80.3535,25.0134],[80.352,25.0175],[80.3452,25.0168],[80.3417,25.0135],[80.331,24.9922],[80.3232,24.9977],[80.3207,25.0028],[80.3083,25.0059],[80.2998,25.0156],[80.2924,25.0167],[80.2735,25.0262],[80.27,25.0233],[80.2623,25.0251],[80.2529,25.018],[80.2377,25.0114],[80.2201,24.992],[80.2099,24.9857],[80.2002,24.9736],[80.1652,24.9621],[80.1571,24.9569],[80.1519,24.9444],[80.1525,24.9381],[80.1498,24.9346],[80.1311,24.9324],[80.1114,24.939],[80.0675,24.9387],[80.057,24.9405],[80.0524,24.939],[80.0432,24.9259],[80.0331,24.9219],[80.0352,24.9139],[80.0331,24.9083],[80.0429,24.8994],[80.049,24.8893],[80.0607,24.8607],[80.0837,24.8475],[80.0903,24.8386],[80.0904,24.8258],[80.0781,24.7989],[80.0549,24.7734],[80.015,24.7474],[80.0058,24.7337],[79.9925,24.7243],[79.9859,24.7104],[79.9878,24.7035],[79.9829,24.6872],[79.971,24.6771],[79.9649,24.6634],[79.9536,24.6531],[79.9367,24.6616],[79.9282,24.6748],[79.9284,24.6831],[79.9259,24.6869],[79.9005,24.6977],[79.8933,24.6969],[79.8824,24.688],[79.8733,24.6669],[79.8713,24.6474],[79.8612,24.636],[79.8581,24.6226],[79.8533,24.6186],[79.8426,24.6159],[79.8414,24.5946],[79.855,24.591],[79.8557,24.5813],[79.8646,24.5834],[79.8665,24.5809],[79.8691,24.5816],[79.8748,24.5894],[79.8849,24.5927],[79.8883,24.5915],[79.8849,24.5753],[79.8978,24.5741],[79.9041,24.5768],[79.8989,24.5728],[79.8843,24.5692],[79.8754,24.576],[79.8759,24.5728],[79.8697,24.5615],[79.8692,24.5521],[79.8716,24.5446],[79.8795,24.534],[79.8822,24.5181],[79.8689,24.5148],[79.8637,24.5059],[79.8697,24.4901],[79.882,24.4758],[79.8666,24.4617],[79.8642,24.4564],[79.8683,24.4506],[79.8681,24.4257],[79.8768,24.407],[79.8762,24.3944],[79.8818,24.3891],[79.8794,24.3835],[79.8865,24.3746],[79.8765,24.372],[79.8759,24.3698],[79.874,24.3719],[79.8731,24.3699],[79.8706,24.3707],[79.8567,24.3486],[79.8482,24.3488],[79.84,24.3538],[79.8414,24.3718],[79.8373,24.3761],[79.8298,24.3778],[79.8227,24.3854],[79.8063,24.3866],[79.7953,24.3745],[79.7936,24.3709],[79.805,24.3591],[79.8043,24.3564],[79.8211,24.3501],[79.8194,24.3395],[79.8138,24.3362],[79.8076,24.3217],[79.8023,24.3217],[79.7996,24.3173],[79.8218,24.3212],[79.8322,24.3194],[79.8423,24.3145],[79.8578,24.297],[79.8525,24.2921],[79.8423,24.2879],[79.8403,24.2834],[79.8239,24.2811],[79.8157,24.2865],[79.8085,24.2835],[79.8084,24.2729],[79.8046,24.2674],[79.8062,24.2637],[79.8283,24.2556],[79.8437,24.2453],[79.8435,24.2375],[79.8352,24.2325],[79.8358,24.2288],[79.8413,24.2244],[79.841,24.2189],[79.8345,24.2025],[79.8286,24.2004],[79.8161,24.2026],[79.8106,24.1994],[79.8106,24.1818],[79.8082,24.1752],[79.8118,24.1599],[79.7924,24.1492],[79.7912,24.1431],[79.795,24.1331],[79.7855,24.1341],[79.7815,24.132],[79.7812,24.1261],[79.7859,24.1183],[79.7838,24.1137],[79.7682,24.11],[79.7637,24.106],[79.7589,24.0926],[79.7633,24.0791],[79.7622,24.0734],[79.7507,24.0702],[79.7406,24.0742],[79.7364,24.0692],[79.7347,24.0614],[79.7399,24.0502],[79.7389,24.0464],[79.7426,24.0429],[79.7469,24.043],[79.7485,24.0519],[79.7522,24.0532],[79.7505,24.0422],[79.7536,24.0348],[79.7612,24.0333],[79.7646,24.0351],[79.7661,24.0366],[79.7643,24.041],[79.7661,24.0421],[79.777,24.0356],[79.7817,24.0354],[79.7873,24.0306],[79.7915,24.0298],[79.7947,24.0323],[79.7971,24.0292],[79.8117,24.027],[79.8199,24.031],[79.8289,24.0251],[79.844,24.0226],[79.8449,24.0069],[79.8344,24.0021],[79.8553,23.9947],[79.8579,23.9886],[79.8538,23.9792],[79.8491,23.9769],[79.8512,23.971],[79.8431,23.9597],[79.8423,23.9553],[79.8385,23.9525],[79.8369,23.9459],[79.8322,23.942],[79.8378,23.9298],[79.8435,23.9245],[79.8482,23.9258],[79.863,23.9136],[79.867,23.9041],[79.8713,23.9007],[79.8667,23.8955],[79.8687,23.8897],[79.8609,23.8737],[79.8632,23.8706],[79.8619,23.8649],[79.8563,23.8619],[79.8576,23.8562],[79.8542,23.853],[79.8634,23.829],[79.8729,23.8297],[79.9018,23.8212],[79.9102,23.8226],[79.9161,23.828],[79.9273,23.83],[79.9342,23.8269],[79.9398,23.8309],[79.9434,23.8246],[79.9465,23.8235],[79.9498,23.8332],[79.9585,23.8378],[79.9564,23.8448],[79.9541,23.8448],[79.9516,23.8501],[79.9648,23.8582],[79.9619,23.8622],[79.9701,23.8657],[79.9671,23.8669],[79.9705,23.873],[79.9663,23.8747],[79.967,23.8768],[79.9785,23.8843],[79.9827,23.8951],[79.9865,23.8945],[79.9875,23.9047],[79.9945,23.9157],[79.992,23.93],[79.9985,23.929],[79.9992,23.9357],[80.0079,23.949],[80.0101,23.9566],[80.0157,23.9562],[80.0184,23.9627],[80.0157,23.9767],[80.0337,23.9805],[80.04,23.9791],[80.0427,23.9854],[80.046,23.985],[80.0531,23.9916],[80.063,23.9904],[80.0629,23.9861],[80.066,23.9823],[80.0755,23.9799],[80.0844,23.974],[80.0894,23.981],[80.0954,23.9833],[80.1044,23.9804],[80.1135,23.9689],[80.1189,23.9674],[80.1191,23.9504],[80.1348,23.9487],[80.137,23.9437],[80.1467,23.9375],[80.1552,23.9402],[80.1575,23.9521],[80.1648,23.9578],[80.166,23.9618],[80.1644,23.9637],[80.168,23.9668],[80.1709,23.9791],[80.1693,23.982],[80.1732,23.9834],[80.1718,23.9874],[80.1747,23.9906],[80.1705,23.9957],[80.1732,23.9972],[80.1722,24.0005],[80.1755,24.0039],[80.1818,24.0049],[80.2062,23.9911],[80.2164,23.9888],[80.2171,23.9821],[80.2242,23.9798],[80.2283,23.9843],[80.2327,23.9821],[80.2358,23.9736],[80.2405,23.9717],[80.231,23.9594],[80.2291,23.9587],[80.228,23.961],[80.2259,23.9718],[80.221,23.9748],[80.2216,23.9786],[80.2172,23.9733],[80.2145,23.9646],[80.2158,23.959],[80.2211,23.9546],[80.2265,23.954],[80.2279,23.9507],[80.2314,23.9508],[80.232,23.9461],[80.2335,23.9474],[80.2452,23.9418],[80.2497,23.9372],[80.2684,23.9399],[80.2724,23.9289],[80.2815,23.9219],[80.2981,23.9242],[80.3068,23.9095],[80.3105,23.9107],[80.3161,23.9078],[80.3193,23.9105],[80.3209,23.9085],[80.3248,23.9092],[80.326,23.9067],[80.3279,23.9088],[80.3341,23.9079],[80.3343,23.91],[80.3394,23.9083],[80.3406,23.9099],[80.3313,23.9205],[80.329,23.9289],[80.3358,23.9323],[80.3468,23.932],[80.3559,23.9411],[80.3622,23.9432],[80.3647,23.9523],[80.3618,23.9523],[80.3615,23.9587],[80.3585,23.9579],[80.3548,23.9629],[80.3565,23.9682],[80.3546,23.9724],[80.358,23.9802],[80.3627,23.9806],[80.3693,23.9877],[80.3876,23.9984],[80.3892,24.0022],[80.3867,24.012],[80.3934,24.0258],[80.3846,24.0335],[80.3841,24.041],[80.3861,24.0426],[80.3889,24.0394],[80.3937,24.0409],[80.407,24.0363],[80.4147,24.0363],[80.421,24.0327],[80.4371,24.0321],[80.4416,24.0362],[80.4453,24.07],[80.4409,24.0825],[80.4422,24.0856],[80.4395,24.0883],[80.4411,24.0927],[80.4568,24.0861],[80.466,24.0736],[80.4726,24.0723],[80.4711,24.07],[80.4759,24.0715],[80.4768,24.0667],[80.5083,24.0771],[80.5162,24.0813],[80.5198,24.0864],[80.5289,24.0886],[80.5324,24.0951],[80.542,24.0961],[80.543,24.1005],[80.5475,24.1024],[80.5443,24.1054],[80.5474,24.1094],[80.56,24.1097],[80.5547,24.1143],[80.5559,24.1211],[80.5622,24.1191],[80.5674,24.1217],[80.577,24.1204],[80.5775,24.1289],[80.5852,24.1298],[80.5968,24.1355],[80.603,24.1477],[80.6095,24.1486],[80.5963,24.1533],[80.6057,24.156],[80.6054,24.1602],[80.6115,24.1588],[80.6111,24.1661],[80.6084,24.1689],[80.6123,24.1699],[80.6174,24.1665],[80.6249,24.1571],[80.6214,24.167],[80.6167,24.1693],[80.6186,24.1733],[80.6276,24.172],[80.628,24.1753],[80.6329,24.1751],[80.6309,24.1769],[80.6314,24.1839],[80.6373,24.1855],[80.6492,24.1817],[80.6486,24.1737],[80.6548,24.1766],[80.6513,24.1868],[80.6551,24.1895],[80.6648,24.1873],[80.6631,24.1907],[80.6659,24.1934],[80.6737,24.1905],[80.6747,24.1952],[80.6787,24.1982],[80.6722,24.1975],[80.6709,24.1953],[80.6671,24.195],[80.6638,24.1981],[80.6573,24.1948],[80.6531,24.1952],[80.6537,24.1927],[80.6508,24.1907],[80.6469,24.1888],[80.6454,24.1917],[80.6421,24.1876],[80.6389,24.1916],[80.6405,24.1956],[80.6294,24.1977],[80.6295,24.1941],[80.6237,24.1901],[80.6235,24.1837],[80.619,24.181],[80.6208,24.1877],[80.6153,24.1869],[80.6211,24.1904],[80.6218,24.1923],[80.6191,24.1924],[80.6228,24.1937],[80.6233,24.1964],[80.6204,24.1963],[80.6233,24.1997],[80.6146,24.1985],[80.6054,24.2049],[80.6032,24.2032],[80.6038,24.2068],[80.5974,24.2098],[80.5917,24.2169],[80.594,24.2277],[80.5895,24.2294],[80.5885,24.2349],[80.5815,24.2442],[80.5704,24.2431],[80.5692,24.25],[80.5642,24.2515],[80.5629,24.2556],[80.5595,24.2543],[80.557,24.2559],[80.5555,24.2583],[80.5578,24.2609],[80.5547,24.2637],[80.5513,24.2622],[80.5503,24.2637],[80.5506,24.2665],[80.5533,24.2652],[80.554,24.2669],[80.5508,24.2691],[80.5518,24.2714],[80.5664,24.258],[80.5707,24.2589],[80.5676,24.2563],[80.5722,24.2561],[80.5738,24.2588],[80.585,24.2578],[80.5728,24.2643],[80.5581,24.267],[80.565,24.2746],[80.5657,24.283],[80.5633,24.2898],[80.5748,24.2938],[80.5764,24.3014],[80.568,24.3062],[80.5577,24.3043],[80.554,24.3093],[80.5579,24.3121],[80.5522,24.3167],[80.5497,24.3151],[80.5456,24.3178],[80.5365,24.3175],[80.5413,24.3244],[80.5368,24.329],[80.5392,24.3329],[80.5323,24.3332],[80.5298,24.3388],[80.5337,24.3396],[80.5319,24.3428],[80.5169,24.3411],[80.512,24.3441],[80.5088,24.3498],[80.5129,24.3607],[80.5058,24.3632],[80.5047,24.3708],[80.5,24.3748],[80.4979,24.3758],[80.4932,24.3713],[80.4856,24.3691],[80.4815,24.3726],[80.4763,24.3726],[80.4743,24.3761],[80.4705,24.375],[80.4714,24.3863],[80.4657,24.3907],[80.4706,24.3984],[80.4656,24.4017],[80.4704,24.4066],[80.4684,24.4121],[80.4716,24.4123],[80.4709,24.4143],[80.4733,24.4153],[80.4679,24.4172],[80.4688,24.42],[80.4617,24.4171],[80.457,24.4211],[80.4668,24.4223],[80.4655,24.4294],[80.4603,24.4369],[80.45,24.4401],[80.4395,24.4363],[80.4319,24.4412],[80.4228,24.443],[80.4266,24.465],[80.4326,24.4767],[80.424,24.4793],[80.4284,24.4879],[80.4358,24.4901],[80.4355,24.5065],[80.4384,24.5063],[80.4389,24.5098],[80.4435,24.5128],[80.4589,24.5104],[80.461,24.5192],[80.4657,24.5214],[80.4617,24.5323],[80.4481,24.5276],[80.4422,24.5279],[80.4424,24.534],[80.4461,24.5338],[80.4503,24.5389],[80.4529,24.5531],[80.4608,24.5527],[80.4562,24.5649],[80.4567,24.5746],[80.4631,24.5856],[80.4601,24.5928],[80.462,24.5973],[80.4665,24.6],[80.4629,24.6076],[80.4695,24.6137],[80.4617,24.6158],[80.4598,24.6128],[80.4531,24.6135],[80.4418,24.6074],[80.4394,24.6082],[80.4393,24.6113],[80.4362,24.6099],[80.4323,24.612],[80.4298,24.6101],[80.4274,24.6123],[80.4157,24.612],[80.4148,24.6153],[80.4178,24.6165],[80.424,24.6298],[80.4134,24.6476],[80.3906,24.6658],[80.3868,24.6761],[80.3766,24.6813],[80.3722,24.6761],[80.3551,24.6732],[80.3447,24.696],[80.3464,24.6987],[80.3573,24.6991],[80.3673,24.6898],[80.3809,24.7044],[80.3822,24.7114],[80.4035,24.7084],[80.4015,24.7177],[80.4091,24.7263],[80.4001,24.7277],[80.394,24.7449],[80.4006,24.7581],[80.4101,24.7643],[80.4097,24.7759],[80.412,24.7787],[80.4153,24.7774],[80.4194,24.7687],[80.4241,24.7651],[80.427,24.7533],[80.436,24.7467],[80.4684,24.7666],[80.4723,24.7586],[80.4757,24.755],[80.478,24.7555],[80.4748,24.7626],[80.4756,24.7663],[80.4792,24.7669],[80.4813,24.7612],[80.4838,24.7642],[80.4857,24.7622],[80.4871,24.7641],[80.483,24.7709],[80.4895,24.775],[80.493,24.7819],[80.5089,24.7707],[80.5095,24.7811],[80.5072,24.789],[80.5187,24.7963],[80.5235,24.7914],[80.5245,24.7992],[80.5336,24.8036],[80.5301,24.8109],[80.5185,24.806],[80.5264,24.8155],[80.525,24.8225],[80.5275,24.8174],[80.5369,24.8136],[80.5309,24.8122],[80.536,24.8058],[80.5686,24.8161],[80.5725,24.8206],[80.5732,24.8122],[80.5753,24.8104],[80.5754,24.8187],[80.5792,24.8228],[80.5926,24.827],[80.5936,24.8284],[80.5901,24.8293],[80.5922,24.8306],[80.5967,24.8289],[80.5942,24.8316],[80.6036,24.831],[80.607,24.8382],[80.5942,24.8383],[80.5977,24.8455],[80.6098,24.8511],[80.6313,24.8661],[80.6319,24.8745],[80.6295,24.8782],[80.6222,24.8748],[80.6133,24.8761],[80.5884,24.8898],[80.5834,24.8974],[80.5762,24.9012],[80.5572,24.9025],[80.544,24.8993],[80.5389,24.9004],[80.5346,24.9098],[80.5224,24.917],[80.5176,24.9171],[80.5141,24.9149],[80.5139,24.9113],[80.5081,24.9126],[80.51,24.9077],[80.5048,24.9026],[80.506,24.9002],[80.5011,24.8992],[80.5009,24.8963],[80.5069,24.8918],[80.4991,24.8911],[80.4867,24.8845],[80.4847,24.874],[80.4872,24.861],[80.4976,24.8592],[80.4938,24.8552],[80.4891,24.8584],[80.4854,24.8577],[80.4807,24.8484],[80.4872,24.8438],[80.4783,24.8442],[80.4774,24.8473],[80.4846,24.86],[80.4816,24.8718],[80.4785,24.8727],[80.4824,24.8803],[80.4797,24.8851],[80.4838,24.8914],[80.4894,24.8945],[80.4868,24.8984],[80.49,24.8993],[80.4886,24.9052],[80.495,24.9091],[80.4949,24.9125],[80.4884,24.9169],[80.4904,24.9205],[80.4874,24.922],[80.4879,24.9253],[80.491,24.9253],[80.4925,24.9311],[80.4888,24.9385],[80.4905,24.9447],[80.4861,24.9473],[80.4708,24.9665],[80.4774,24.9762],[80.4663,24.9755],[80.4562,24.9816],[80.4595,24.9848],[80.4557,24.9906],[80.4642,24.9952],[80.463,25.002],[80.4563,25.0039],[80.4525,24.9996],[80.4475,25.0015],[80.4448,24.9944],[80.4366,24.9951],[80.4368,25.0015],[80.4429,25.0019],[80.4434,25.0041],[80.4539,25.0031],[80.4549,25.0057],[80.4513,25.0099],[80.4525,25.0152],[80.4475,25.0142],[80.4441,25.0209],[80.4331,25.0237],[80.4414,25.0334],[80.4477,25.0369],[80.449,25.0406],[80.4545,25.0422],[80.4564,25.0393],[80.4632,25.0398],[80.4647,25.0358],[80.4744,25.0305],[80.4784,25.0326],[80.4827,25.0311],[80.4849,25.0337],[80.4881,25.0302],[80.4956,25.0291],[80.5019,25.0373],[80.4888,25.0435],[80.4818,25.038],[80.4752,25.0379],[80.4742,25.0428],[80.47,25.0443],[80.4727,25.046],[80.4698,25.0472],[80.4665,25.0649],[80.4619,25.068],[80.4571,25.0633],[80.4515,25.0622],[80.4515,25.069],[80.4464,25.0711],[80.4527,25.0747],[80.45,25.0752],[80.449,25.0787]]],[[[80.3731,25.1166],[80.3549,25.1263],[80.3237,25.0983],[80.3223,25.0954],[80.3264,25.0915],[80.3182,25.0751],[80.294,25.0639],[80.2906,25.0595],[80.3114,25.0442],[80.3212,25.0499],[80.3316,25.0479],[80.3368,25.0591],[80.3405,25.0586],[80.3406,25.0545],[80.3437,25.0534],[80.3446,25.0557],[80.3506,25.0531],[80.3555,25.0557],[80.3542,25.0594],[80.356,25.0616],[80.3458,25.0649],[80.3516,25.0812],[80.3484,25.0828],[80.3485,25.0867],[80.3566,25.0949],[80.36,25.0939],[80.3624,25.0976],[80.3705,25.0997],[80.376,25.1152],[80.3757,25.1176],[80.3731,25.1166]]]]},"properties":{"dtname":"Panna","stname":"MADHYA PRADESH","stcode11":"23","dtcode11":"426","year_stat":"2011_c","Shape_Length":908471.5691711984,"Shape_Area":8603292574.811533,"OBJECTID":582,"test":0,"Dist_LGD":420,"State_LGD":23}},{"type":"Feature","id":590,"geometry":{"type":"MultiPolygon","coordinates":[[[[76.9992,21.6739],[77.0059,21.6787],[77.0019,21.69],[76.9989,21.6919],[76.9992,21.6739]]],[[[77.0333,21.7236],[77.0327,21.7264],[77.0131,21.7191],[77.02,21.7043],[77.0236,21.6883],[77.0402,21.6971],[77.0344,21.7049],[77.0333,21.7236]]],[[[78.1875,22.3988],[78.187,22.4003],[78.1776,22.3989],[78.163,22.3902],[78.1504,22.3889],[78.128,22.3746],[78.1238,22.3681],[78.1006,22.3644],[78.0827,22.3536],[78.0667,22.3491],[78.0333,22.3301],[78.0111,22.3378],[77.9999,22.3328],[77.9885,22.3346],[77.9819,22.3317],[77.9765,22.3354],[77.9538,22.3327],[77.9541,22.3368],[77.9466,22.3412],[77.9391,22.3308],[77.9227,22.3244],[77.9168,22.3159],[77.8967,22.3037],[77.8849,22.2874],[77.8655,22.2885],[77.8672,22.2975],[77.8622,22.3046],[77.8661,22.3211],[77.8636,22.3376],[77.8685,22.3508],[77.8644,22.3635],[77.8546,22.3691],[77.8497,22.3687],[77.8407,22.3628],[77.8373,22.3553],[77.8297,22.3533],[77.8256,22.3494],[77.8069,22.3469],[77.8078,22.3393],[77.7897,22.3353],[77.7749,22.3369],[77.7698,22.3464],[77.7535,22.354],[77.7445,22.3474],[77.7566,22.3387],[77.7582,22.3317],[77.7498,22.3294],[77.7497,22.3259],[77.7377,22.3263],[77.7283,22.3169],[77.7205,22.3132],[77.7168,22.3215],[77.6833,22.3222],[77.6809,22.3172],[77.6823,22.3129],[77.6668,22.3115],[77.6553,22.3065],[77.65,22.3108],[77.6418,22.3113],[77.638,22.3229],[77.6245,22.3214],[77.623,22.3268],[77.6244,22.3327],[77.6084,22.3289],[77.6041,22.3321],[77.5974,22.3322],[77.596,22.3399],[77.5917,22.3435],[77.5849,22.3409],[77.5671,22.3404],[77.5574,22.336],[77.554,22.3421],[77.5561,22.3565],[77.5539,22.3581],[77.5491,22.3561],[77.5443,22.3406],[77.5323,22.33],[77.5262,22.3304],[77.5201,22.3265],[77.5144,22.3111],[77.5075,22.312],[77.5031,22.2903],[77.5046,22.2842],[77.5074,22.2839],[77.5081,22.2808],[77.491,22.272],[77.487,22.2721],[77.4871,22.2575],[77.482,22.2558],[77.4778,22.2506],[77.4582,22.2483],[77.4558,22.2418],[77.4593,22.2242],[77.4524,22.2171],[77.4307,22.2135],[77.4243,22.2157],[77.4167,22.2234],[77.4108,22.2244],[77.4039,22.2217],[77.39,22.223],[77.3815,22.2172],[77.3955,22.2031],[77.4026,22.1996],[77.4064,22.192],[77.4116,22.1913],[77.4156,22.1802],[77.4241,22.1709],[77.463,22.171],[77.4729,22.1642],[77.4738,22.1595],[77.4676,22.1485],[77.4656,22.1325],[77.4674,22.1263],[77.4737,22.1217],[77.4749,22.1179],[77.4637,22.1081],[77.4655,22.0919],[77.4599,22.0883],[77.4599,22.0833],[77.4666,22.0794],[77.4698,22.0826],[77.51,22.0756],[77.5032,22.0596],[77.507,22.0535],[77.5043,22.0374],[77.5058,22.0299],[77.4788,22.0247],[77.4749,22.0282],[77.4711,22.04],[77.4607,22.0375],[77.4532,22.0392],[77.4448,22.0194],[77.4259,22.0202],[77.4089,22.0256],[77.3973,22.0209],[77.3951,22.0165],[77.3954,21.9991],[77.3809,21.9916],[77.3583,21.9915],[77.3545,21.9843],[77.3236,21.9692],[77.2983,21.9694],[77.289,21.9653],[77.2764,21.9645],[77.2722,21.9611],[77.2667,21.9471],[77.2586,21.942],[77.2593,21.935],[77.25,21.9251],[77.2467,21.9137],[77.2186,21.9061],[77.2151,21.8981],[77.2089,21.8934],[77.2078,21.89],[77.2112,21.8875],[77.211,21.8839],[77.2011,21.8751],[77.2029,21.8723],[77.2131,21.871],[77.2124,21.8691],[77.2071,21.8659],[77.1904,21.864],[77.1793,21.8687],[77.1786,21.8724],[77.1663,21.8679],[77.1622,21.8561],[77.1639,21.8447],[77.1669,21.8417],[77.1692,21.8133],[77.176,21.8069],[77.1914,21.8067],[77.1857,21.7951],[77.1904,21.7917],[77.2014,21.7922],[77.2011,21.7898],[77.1709,21.7817],[77.1654,21.7839],[77.1502,21.7725],[77.1515,21.7759],[77.1459,21.7783],[77.1428,21.7854],[77.1396,21.7814],[77.1217,21.7752],[77.1128,21.7818],[77.1126,21.7852],[77.0998,21.7851],[77.1006,21.7819],[77.1071,21.7823],[77.109,21.7773],[77.1053,21.7727],[77.0794,21.7702],[77.0786,21.7605],[77.0743,21.759],[77.0757,21.7547],[77.068,21.7498],[77.0784,21.7367],[77.0785,21.7315],[77.075,21.7265],[77.0687,21.7265],[77.0684,21.7351],[77.0607,21.7349],[77.0626,21.7161],[77.066,21.7126],[77.0731,21.7194],[77.0783,21.7201],[77.0882,21.7145],[77.1173,21.7215],[77.1296,21.7222],[77.1392,21.7198],[77.1477,21.7125],[77.1651,21.7107],[77.1695,21.7142],[77.1695,21.7221],[77.1761,21.7257],[77.1915,21.7207],[77.1882,21.7017],[77.1989,21.6978],[77.2032,21.6927],[77.2104,21.6896],[77.2129,21.695],[77.2189,21.6939],[77.2277,21.6994],[77.2269,21.7168],[77.26,21.714],[77.2716,21.7281],[77.2872,21.7222],[77.2911,21.7328],[77.284,21.7367],[77.2872,21.7447],[77.2799,21.7491],[77.2805,21.7587],[77.2904,21.7602],[77.2993,21.7559],[77.3157,21.7565],[77.3243,21.7526],[77.3456,21.7577],[77.3589,21.7541],[77.4042,21.7524],[77.4562,21.7602],[77.4787,21.77],[77.4824,21.7678],[77.483,21.7645],[77.478,21.7628],[77.4795,21.7541],[77.4933,21.7474],[77.5024,21.746],[77.5035,21.7414],[77.5082,21.7386],[77.5118,21.7323],[77.5231,21.7238],[77.5255,21.7244],[77.5231,21.7197],[77.5248,21.7131],[77.5331,21.7118],[77.5421,21.7061],[77.5506,21.6824],[77.561,21.6676],[77.5634,21.6442],[77.5756,21.6208],[77.5726,21.6169],[77.5768,21.5771],[77.5741,21.564],[77.577,21.5549],[77.582,21.5535],[77.5954,21.5594],[77.6086,21.5482],[77.6118,21.5385],[77.595,21.5266],[77.5751,21.5264],[77.5473,21.5367],[77.5372,21.5365],[77.5204,21.5414],[77.5082,21.5509],[77.503,21.5523],[77.4744,21.5494],[77.4669,21.553],[77.4546,21.5537],[77.4541,21.5492],[77.4564,21.5462],[77.4497,21.5414],[77.4403,21.5447],[77.4256,21.5378],[77.4224,21.5322],[77.4224,21.5169],[77.4432,21.4872],[77.4422,21.4806],[77.4387,21.4786],[77.4417,21.4714],[77.4599,21.4664],[77.4734,21.4546],[77.4717,21.4497],[77.4743,21.4465],[77.4717,21.4359],[77.4765,21.4317],[77.4795,21.4202],[77.4876,21.4063],[77.4869,21.3858],[77.4899,21.3775],[77.4877,21.3743],[77.5021,21.3771],[77.5144,21.3759],[77.5167,21.3842],[77.5232,21.3889],[77.5255,21.3971],[77.5245,21.4022],[77.5278,21.4055],[77.5321,21.4191],[77.5428,21.4111],[77.5483,21.4113],[77.5477,21.4054],[77.5586,21.4001],[77.5619,21.396],[77.5624,21.3902],[77.5597,21.3905],[77.5564,21.3838],[77.5626,21.3754],[77.5635,21.3691],[77.571,21.3686],[77.5734,21.3709],[77.5851,21.3668],[77.5874,21.3627],[77.5918,21.3649],[77.6051,21.3624],[77.6077,21.3646],[77.6033,21.3897],[77.6056,21.3908],[77.6129,21.3923],[77.6177,21.3869],[77.6327,21.3888],[77.6431,21.3869],[77.6493,21.392],[77.6537,21.3912],[77.656,21.386],[77.6664,21.3841],[77.6642,21.3745],[77.6696,21.3688],[77.6783,21.3764],[77.6918,21.3975],[77.6953,21.3965],[77.697,21.3926],[77.6954,21.3779],[77.6974,21.3741],[77.7004,21.3736],[77.7046,21.3769],[77.7069,21.3754],[77.7099,21.3573],[77.7232,21.3615],[77.7371,21.3622],[77.7501,21.3828],[77.7613,21.385],[77.764,21.3814],[77.7966,21.389],[77.7981,21.4048],[77.8012,21.4095],[77.8225,21.4072],[77.8568,21.3885],[77.8839,21.3842],[77.8831,21.3759],[77.8885,21.3781],[77.907,21.3778],[77.9275,21.3859],[77.9411,21.3857],[77.9425,21.3965],[77.965,21.4022],[77.9847,21.4031],[78.0014,21.4145],[78.009,21.4145],[78.0142,21.4179],[78.0298,21.4214],[78.046,21.4334],[78.0661,21.4374],[78.0821,21.4448],[78.0988,21.4581],[78.1252,21.469],[78.1361,21.4772],[78.1763,21.4991],[78.1746,21.5074],[78.1827,21.5112],[78.1713,21.525],[78.1756,21.5275],[78.173,21.5381],[78.1743,21.5466],[78.182,21.5566],[78.2056,21.5523],[78.2234,21.5526],[78.2397,21.5625],[78.2488,21.5619],[78.274,21.5687],[78.2603,21.5791],[78.2609,21.5856],[78.2652,21.5916],[78.2752,21.5918],[78.2812,21.5852],[78.303,21.5837],[78.3054,21.5696],[78.3268,21.5746],[78.3429,21.5886],[78.3461,21.6229],[78.3497,21.6262],[78.358,21.6252],[78.365,21.6192],[78.3686,21.6286],[78.375,21.6306],[78.376,21.6343],[78.3796,21.635],[78.3798,21.638],[78.3939,21.638],[78.3988,21.6438],[78.3985,21.6477],[78.3917,21.6516],[78.3903,21.6638],[78.4,21.6804],[78.4126,21.679],[78.4277,21.6967],[78.4286,21.7035],[78.4253,21.7133],[78.4273,21.7183],[78.4376,21.716],[78.4598,21.7179],[78.4666,21.7427],[78.4592,21.7626],[78.4654,21.766],[78.4688,21.7628],[78.4707,21.7646],[78.4718,21.7777],[78.4697,21.7854],[78.4868,21.7845],[78.4956,21.787],[78.4984,21.7923],[78.4867,21.7995],[78.4834,21.8053],[78.4725,21.8109],[78.4672,21.811],[78.4672,21.8135],[78.4738,21.8168],[78.4744,21.8227],[78.488,21.8275],[78.4899,21.8314],[78.4987,21.8344],[78.5098,21.8308],[78.5236,21.8351],[78.5304,21.8484],[78.5414,21.8517],[78.5429,21.8583],[78.5396,21.8628],[78.5476,21.8659],[78.5492,21.8732],[78.5415,21.8847],[78.5413,21.8887],[78.5393,21.8888],[78.5383,21.8995],[78.5418,21.9022],[78.5386,21.9071],[78.5185,21.9084],[78.5214,21.9253],[78.5145,21.9366],[78.5013,21.9359],[78.501,21.9375],[78.4924,21.935],[78.4848,21.939],[78.4865,21.9429],[78.4808,21.9504],[78.4681,21.9537],[78.4721,21.9578],[78.4663,21.9634],[78.464,21.9559],[78.4548,21.9575],[78.4494,21.9532],[78.4423,21.961],[78.4405,21.9561],[78.4318,21.9498],[78.4241,21.9542],[78.4269,21.9587],[78.4246,21.9598],[78.4129,21.9512],[78.4125,21.9437],[78.4088,21.9367],[78.4005,21.9399],[78.3949,21.9393],[78.3986,21.9305],[78.3958,21.9241],[78.3903,21.9231],[78.3875,21.9255],[78.3866,21.9294],[78.3902,21.9345],[78.3871,21.9385],[78.383,21.9395],[78.3877,21.9485],[78.3847,21.9636],[78.3892,21.9687],[78.3911,21.9788],[78.4009,21.9853],[78.401,21.9947],[78.3974,21.9952],[78.401,22.0049],[78.3953,22.0144],[78.3867,22.0165],[78.3828,22.0217],[78.3786,22.0218],[78.3777,22.0283],[78.372,22.0296],[78.3769,22.0353],[78.3756,22.0368],[78.3678,22.036],[78.3638,22.0325],[78.3566,22.0354],[78.3539,22.0434],[78.3591,22.0474],[78.3569,22.0475],[78.3551,22.0523],[78.3453,22.0507],[78.3454,22.0557],[78.3482,22.0591],[78.3444,22.0597],[78.3432,22.0669],[78.3477,22.0737],[78.3377,22.0908],[78.341,22.0966],[78.3399,22.0992],[78.3497,22.104],[78.3481,22.1083],[78.3462,22.1098],[78.3306,22.1074],[78.3005,22.0922],[78.2769,22.0903],[78.2716,22.1158],[78.2757,22.1176],[78.2781,22.1245],[78.2771,22.1336],[78.2643,22.133],[78.2671,22.1376],[78.2667,22.1461],[78.2625,22.1505],[78.2678,22.1609],[78.2621,22.1616],[78.2589,22.1656],[78.2614,22.1771],[78.2667,22.1765],[78.2631,22.1837],[78.2692,22.1864],[78.2614,22.1881],[78.2618,22.1959],[78.2659,22.1991],[78.2607,22.2088],[78.2672,22.2119],[78.2657,22.216],[78.2688,22.2202],[78.2638,22.2224],[78.2775,22.2377],[78.2862,22.2417],[78.288,22.2492],[78.2927,22.2512],[78.2934,22.2541],[78.2879,22.2635],[78.2624,22.2635],[78.2626,22.269],[78.257,22.2852],[78.2596,22.3009],[78.245,22.3207],[78.2493,22.3273],[78.2539,22.3276],[78.2629,22.3355],[78.2675,22.3432],[78.2799,22.3501],[78.2798,22.3869],[78.2777,22.3981],[78.2702,22.4021],[78.2643,22.3969],[78.1875,22.3988]]]]},"properties":{"dtname":"Betul","stname":"MADHYA PRADESH","stcode11":"23","dtcode11":"447","year_stat":"2011_c","Shape_Length":800314.9813301099,"Shape_Area":11736896136.208506,"OBJECTID":590,"test":0,"Dist_LGD":394,"State_LGD":23}},{"type":"Feature","id":720,"geometry":{"type":"Polygon","coordinates":[[[78.8869,25.1602],[78.8804,25.1576],[78.8799,25.1711],[78.8743,25.1724],[78.8734,25.1839],[78.8706,25.187],[78.8828,25.1979],[78.8868,25.206],[78.8863,25.21],[78.8906,25.2144],[78.8704,25.2264],[78.8716,25.2389],[78.881,25.2541],[78.8858,25.2538],[78.8934,25.2447],[78.8998,25.2431],[78.9038,25.2525],[78.9084,25.2565],[78.9123,25.2692],[78.917,25.2736],[78.9292,25.2698],[78.9376,25.2597],[78.9451,25.2594],[78.9473,25.2618],[78.9546,25.2614],[78.9539,25.2693],[78.9487,25.2742],[78.9555,25.2828],[78.9735,25.2772],[78.9775,25.2767],[78.9799,25.279],[78.9756,25.2881],[78.9639,25.2994],[78.9574,25.3022],[78.9603,25.3074],[78.9573,25.3249],[78.9606,25.3451],[78.9577,25.3459],[78.9532,25.3405],[78.9477,25.3421],[78.9463,25.3339],[78.9377,25.3272],[78.9279,25.3241],[78.9267,25.3272],[78.9301,25.3295],[78.9322,25.3359],[78.9225,25.3429],[78.9209,25.3436],[78.9162,25.3349],[78.9118,25.3326],[78.882,25.3436],[78.8813,25.3249],[78.8676,25.3255],[78.8627,25.3145],[78.8641,25.3102],[78.8744,25.3087],[78.871,25.3033],[78.8718,25.2995],[78.8799,25.2858],[78.875,25.2784],[78.8666,25.2804],[78.865,25.2647],[78.8599,25.2577],[78.8563,25.2566],[78.8574,25.244],[78.8539,25.2411],[78.8522,25.2308],[78.8497,25.2288],[78.8428,25.2277],[78.8327,25.2525],[78.8229,25.2562],[78.8187,25.2635],[78.8095,25.2705],[78.8137,25.2776],[78.8129,25.2801],[78.8181,25.2831],[78.8174,25.2911],[78.8204,25.2961],[78.8184,25.2989],[78.8286,25.3027],[78.8227,25.3068],[78.8172,25.3067],[78.7988,25.2892],[78.7939,25.2912],[78.7912,25.2959],[78.7878,25.296],[78.7934,25.31],[78.7982,25.3139],[78.8103,25.3078],[78.8193,25.3069],[78.8172,25.3088],[78.8213,25.3115],[78.8219,25.3161],[78.8344,25.3232],[78.8394,25.3318],[78.8421,25.3326],[78.8426,25.3365],[78.8472,25.3368],[78.8462,25.327],[78.8499,25.3349],[78.841,25.345],[78.8436,25.3495],[78.8473,25.3505],[78.8457,25.3556],[78.8595,25.3631],[78.8583,25.3644],[78.8615,25.3694],[78.8679,25.3724],[78.8718,25.3809],[78.8746,25.3797],[78.8814,25.3823],[78.8802,25.3859],[78.9138,25.3843],[78.9178,25.3962],[78.9297,25.3959],[78.9317,25.3999],[78.9351,25.399],[78.936,25.3951],[78.9402,25.4004],[78.9531,25.4001],[78.9575,25.3937],[78.9421,25.3829],[78.9383,25.3748],[78.9286,25.3783],[78.9286,25.3802],[78.9159,25.3814],[78.9126,25.3771],[78.8991,25.3777],[78.8964,25.3741],[78.9013,25.3616],[78.9145,25.3576],[78.9232,25.3588],[78.9269,25.3517],[78.9387,25.347],[78.9449,25.3504],[78.9592,25.3715],[78.9752,25.3661],[78.9893,25.374],[78.9861,25.3781],[78.9875,25.3813],[78.9699,25.3901],[78.9738,25.3979],[78.972,25.403],[78.9684,25.4046],[78.9763,25.42],[78.97,25.4231],[78.9697,25.4317],[78.9672,25.4344],[78.958,25.4403],[78.9509,25.4406],[78.9383,25.4222],[78.9324,25.424],[78.9326,25.4303],[78.9217,25.4324],[78.9089,25.4424],[78.909,25.4451],[78.9154,25.4463],[78.9235,25.4538],[78.924,25.4595],[78.9361,25.4616],[78.9432,25.4807],[78.9439,25.4829],[78.9267,25.4901],[78.9269,25.4919],[78.9372,25.4893],[78.9422,25.4921],[78.9401,25.4937],[78.9412,25.495],[78.9366,25.4955],[78.933,25.4994],[78.935,25.5053],[78.9271,25.5074],[78.9199,25.5158],[78.9225,25.5159],[78.9271,25.5248],[78.9364,25.5198],[78.9528,25.5375],[78.9475,25.5409],[78.9518,25.5488],[78.9433,25.5538],[78.9441,25.5563],[78.9331,25.5553],[78.9279,25.5498],[78.9234,25.5359],[78.9165,25.5455],[78.9171,25.5523],[78.9112,25.5552],[78.9056,25.5512],[78.8952,25.5553],[78.8826,25.554],[78.8775,25.5494],[78.8743,25.5409],[78.8864,25.5324],[78.8844,25.5156],[78.8761,25.5175],[78.8665,25.512],[78.8522,25.5139],[78.8415,25.5125],[78.835,25.5058],[78.8328,25.4995],[78.8423,25.499],[78.8401,25.4933],[78.8531,25.4908],[78.8556,25.4884],[78.8554,25.4845],[78.8603,25.4792],[78.8603,25.4713],[78.8662,25.4657],[78.8607,25.445],[78.8564,25.4468],[78.8485,25.4364],[78.8481,25.4297],[78.8441,25.4278],[78.8376,25.428],[78.8316,25.4316],[78.828,25.4282],[78.8235,25.4313],[78.8243,25.4342],[78.8207,25.4387],[78.8258,25.4433],[78.8405,25.4417],[78.8549,25.4476],[78.8352,25.4548],[78.8409,25.4615],[78.8312,25.4611],[78.8206,25.4678],[78.8143,25.4561],[78.8092,25.4535],[78.8063,25.4545],[78.8105,25.4614],[78.818,25.4675],[78.8183,25.4717],[78.8051,25.4753],[78.7967,25.4828],[78.7916,25.4834],[78.7868,25.4795],[78.7763,25.4784],[78.7679,25.4694],[78.7582,25.4755],[78.7572,25.4807],[78.7476,25.4843],[78.7476,25.4944],[78.7449,25.4994],[78.738,25.4948],[78.7328,25.4842],[78.7321,25.4576],[78.7357,25.4564],[78.7378,25.4494],[78.7448,25.4498],[78.7523,25.4468],[78.7578,25.4402],[78.7561,25.4382],[78.758,25.4321],[78.7624,25.4269],[78.7707,25.4228],[78.7851,25.4358],[78.803,25.4371],[78.8095,25.4342],[78.8105,25.4303],[78.8214,25.4225],[78.8197,25.4199],[78.7991,25.4229],[78.7998,25.4193],[78.7958,25.4164],[78.7878,25.4198],[78.7825,25.4157],[78.7792,25.4192],[78.7749,25.4199],[78.7662,25.4146],[78.7567,25.4151],[78.7483,25.4098],[78.7452,25.4002],[78.7484,25.3916],[78.7525,25.3952],[78.7568,25.3951],[78.7648,25.4019],[78.768,25.4],[78.7652,25.3909],[78.7613,25.3859],[78.7569,25.3854],[78.7599,25.3817],[78.7737,25.3761],[78.7659,25.3692],[78.7746,25.353],[78.7548,25.3515],[78.7528,25.3459],[78.7403,25.3449],[78.7385,25.3481],[78.7316,25.3487],[78.7267,25.3434],[78.7095,25.3513],[78.7086,25.3621],[78.7147,25.373],[78.7052,25.3733],[78.6998,25.3819],[78.697,25.3812],[78.6947,25.3737],[78.6778,25.3806],[78.6601,25.384],[78.66,25.3884],[78.6648,25.3933],[78.6615,25.3967],[78.6629,25.4017],[78.6585,25.4087],[78.6657,25.4154],[78.6745,25.3998],[78.7057,25.4204],[78.7115,25.4281],[78.7022,25.4327],[78.6977,25.4417],[78.6891,25.4457],[78.6821,25.4335],[78.6691,25.4394],[78.6582,25.441],[78.6562,25.437],[78.6541,25.4387],[78.6411,25.4333],[78.6448,25.4146],[78.6352,25.4007],[78.6312,25.3993],[78.6253,25.4017],[78.6231,25.4134],[78.6106,25.416],[78.602,25.4089],[78.6023,25.3999],[78.599,25.3967],[78.5995,25.3924],[78.5914,25.3859],[78.584,25.3886],[78.5807,25.3864],[78.5729,25.3924],[78.5727,25.3907],[78.5665,25.3908],[78.5619,25.3784],[78.5651,25.376],[78.5778,25.3817],[78.5872,25.3726],[78.5891,25.3667],[78.5881,25.3548],[78.5846,25.3522],[78.585,25.3468],[78.5671,25.3406],[78.5622,25.3409],[78.5524,25.356],[78.5364,25.3595],[78.5296,25.3534],[78.542,25.345],[78.5375,25.3397],[78.5399,25.3279],[78.5436,25.3237],[78.5531,25.3197],[78.5349,25.3109],[78.533,25.3009],[78.5209,25.2999],[78.5104,25.2953],[78.5033,25.3015],[78.5024,25.3142],[78.5043,25.3204],[78.4983,25.3201],[78.4843,25.3009],[78.478,25.2985],[78.4776,25.2895],[78.4729,25.2855],[78.4712,25.2903],[78.4671,25.2908],[78.4538,25.3013],[78.4452,25.2993],[78.4403,25.2955],[78.4389,25.2887],[78.435,25.2844],[78.4383,25.2746],[78.4505,25.2621],[78.465,25.2666],[78.4729,25.2737],[78.4836,25.2774],[78.5034,25.2896],[78.5125,25.2767],[78.5317,25.284],[78.5346,25.2681],[78.5451,25.2653],[78.5504,25.2674],[78.5569,25.266],[78.578,25.2533],[78.5681,25.2408],[78.5678,25.2308],[78.5591,25.2203],[78.5558,25.2092],[78.5628,25.2215],[78.5702,25.2239],[78.5705,25.2052],[78.5951,25.1675],[78.6031,25.1469],[78.6057,25.1089],[78.6022,25.0949],[78.6133,25.0876],[78.6273,25.0869],[78.6395,25.0712],[78.6461,25.0721],[78.6537,25.0676],[78.6683,25.0704],[78.669,25.0739],[78.6753,25.0765],[78.6867,25.0737],[78.6917,25.0774],[78.7041,25.0798],[78.7131,25.0852],[78.7193,25.0937],[78.729,25.0961],[78.7372,25.091],[78.7464,25.0808],[78.7577,25.0811],[78.7652,25.0838],[78.7684,25.0872],[78.7714,25.0869],[78.7748,25.0907],[78.773,25.0925],[78.7755,25.0918],[78.7736,25.0937],[78.7768,25.0948],[78.7777,25.0901],[78.7805,25.0883],[78.7784,25.0856],[78.7816,25.088],[78.7838,25.0845],[78.7897,25.0894],[78.7921,25.0887],[78.7904,25.0861],[78.7935,25.0876],[78.7898,25.0832],[78.7926,25.0837],[78.7909,25.0807],[78.7945,25.0817],[78.7927,25.0791],[78.8059,25.0842],[78.8129,25.0841],[78.8281,25.0934],[78.845,25.098],[78.8543,25.1126],[78.8652,25.1227],[78.8869,25.1602]]]},"properties":{"dtname":"Niwari","stname":"MADHYA PRADESH","stcode11":"23","dtcode11":"782","year_stat":"2018","Shape_Length":528477.8605396431,"Shape_Area":1618556434.4884057,"OBJECTID":720,"test":0,"Dist_LGD":722,"State_LGD":23}}]}