{"type":"FeatureCollection","crs":{"type":"name","properties":{"name":"EPSG:4326"}},"features":[{"type":"Feature","id":621,"geometry":{"type":"Polygon","coordinates":[[[75.334,32.2091],[75.327,32.214],[75.3163,32.2082],[75.3202,32.2043],[75.312,32.1995],[75.3102,32.1948],[75.3136,32.1896],[75.3184,32.1877],[75.3162,32.181],[75.3224,32.1797],[75.3139,32.1722],[75.3067,32.1692],[75.2994,32.1535],[75.2854,32.1518],[75.2773,32.1371],[75.2834,32.132],[75.2793,32.1181],[75.2722,32.1132],[75.2627,32.1122],[75.2616,32.1108],[75.2663,32.1075],[75.262,32.1023],[75.247,32.1007],[75.2402,32.0911],[75.2313,32.0916],[75.2293,32.0933],[75.2354,32.1035],[75.2269,32.1068],[75.2262,32.1034],[75.2231,32.1024],[75.2237,32.0982],[75.2177,32.1034],[75.2203,32.1077],[75.2156,32.1212],[75.2026,32.1202],[75.2057,32.1026],[75.2041,32.0967],[75.1979,32.0986],[75.1966,32.0856],[75.1983,32.0828],[75.189,32.0824],[75.1792,32.0764],[75.1741,32.0677],[75.166,32.0716],[75.1576,32.0819],[75.1228,32.0815],[75.1202,32.0786],[75.1208,32.0755],[75.1066,32.0697],[75.1089,32.0648],[75.1048,32.0587],[75.1018,32.0594],[75.091,32.0719],[75.0915,32.0659],[75.0839,32.0601],[75.0729,32.0598],[75.0688,32.0636],[75.0714,32.0656],[75.0686,32.0672],[75.0641,32.0656],[75.068,32.0624],[75.0619,32.0553],[75.0586,32.0528],[75.0537,32.0544],[75.0506,32.0527],[75.0517,32.0512],[75.0406,32.0426],[75.0368,32.0444],[75.0339,32.0507],[75.0215,32.0486],[75.0123,32.0357],[75.0048,32.0376],[75.0029,32.0436],[75.0011,32.0412],[74.9852,32.0424],[74.9828,32.0402],[74.9717,32.0426],[74.9779,32.0472],[74.9739,32.0535],[74.9528,32.0602],[74.952,32.0582],[74.9482,32.0593],[74.948,32.0632],[74.9247,32.0663],[74.9083,32.0515],[74.9226,32.0392],[74.9293,32.0187],[74.9335,32.0167],[74.9355,32.0115],[74.9207,32.0026],[74.9168,31.9884],[74.9166,31.985],[74.92,31.9825],[74.9173,31.9802],[74.9171,31.9753],[74.9391,31.9625],[74.9475,31.9655],[74.9485,31.9704],[74.9732,31.9762],[74.9719,31.9603],[74.9604,31.9535],[74.9542,31.9547],[74.9428,31.9496],[74.9374,31.9461],[74.942,31.9431],[74.9386,31.9414],[74.9286,31.9386],[74.9259,31.9414],[74.9141,31.9419],[74.905,31.9365],[74.9017,31.9314],[74.8966,31.9299],[74.8969,31.9326],[74.8922,31.9339],[74.8883,31.9277],[74.9028,31.9076],[74.9022,31.902],[74.9075,31.8981],[74.9067,31.8944],[74.9118,31.8911],[74.9193,31.8927],[74.9165,31.8792],[74.926,31.8757],[74.9383,31.867],[74.9403,31.8701],[74.9443,31.8705],[74.9446,31.8647],[74.9417,31.8636],[74.9419,31.8607],[74.9509,31.8559],[74.9574,31.8565],[74.962,31.854],[74.9644,31.8435],[74.962,31.8408],[74.9691,31.8313],[74.9835,31.8364],[74.9927,31.831],[75.0004,31.8329],[75.0135,31.8203],[75.028,31.823],[75.0278,31.8181],[75.0236,31.8166],[75.029,31.8127],[75.0315,31.8147],[75.0352,31.8111],[75.0355,31.8059],[75.0399,31.8026],[75.0612,31.81],[75.0618,31.8073],[75.0736,31.8064],[75.0803,31.8012],[75.0826,31.7922],[75.0907,31.7915],[75.1026,31.7824],[75.1113,31.7816],[75.1134,31.7794],[75.1079,31.772],[75.1066,31.7655],[75.0997,31.7643],[75.1049,31.755],[75.1167,31.753],[75.1237,31.7567],[75.1258,31.7541],[75.1375,31.7519],[75.1444,31.759],[75.1553,31.7469],[75.1597,31.748],[75.1651,31.7459],[75.1738,31.7489],[75.1842,31.739],[75.1866,31.7425],[75.1895,31.7411],[75.1906,31.74],[75.1867,31.7374],[75.1876,31.7341],[75.1967,31.7342],[75.2028,31.7307],[75.2011,31.7247],[75.2037,31.7221],[75.2003,31.718],[75.1937,31.7176],[75.1938,31.7111],[75.2128,31.7056],[75.2149,31.7019],[75.2129,31.6957],[75.2272,31.6916],[75.2277,31.684],[75.235,31.687],[75.2402,31.6833],[75.2428,31.6903],[75.2463,31.6885],[75.2473,31.6917],[75.2574,31.6938],[75.2613,31.6921],[75.272,31.697],[75.2765,31.6958],[75.2792,31.6983],[75.2849,31.6984],[75.2868,31.693],[75.2843,31.6818],[75.2894,31.681],[75.2924,31.6834],[75.2952,31.6799],[75.2975,31.6812],[75.301,31.6749],[75.3066,31.6754],[75.3132,31.6674],[75.3096,31.6615],[75.2998,31.6557],[75.3019,31.6527],[75.3095,31.6499],[75.3271,31.6354],[75.3387,31.6412],[75.3414,31.6356],[75.3449,31.6368],[75.3465,31.634],[75.3621,31.6259],[75.3726,31.6246],[75.4042,31.5936],[75.4124,31.5983],[75.419,31.6138],[75.4193,31.6216],[75.4256,31.6277],[75.429,31.6265],[75.468,31.6364],[75.4703,31.6467],[75.4743,31.6502],[75.4713,31.654],[75.4842,31.6696],[75.4802,31.6717],[75.484,31.6771],[75.4907,31.6804],[75.4942,31.698],[75.5134,31.7128],[75.5271,31.7309],[75.5348,31.7368],[75.5427,31.7505],[75.5374,31.7507],[75.5385,31.765],[75.5407,31.765],[75.5294,31.7823],[75.5366,31.778],[75.5524,31.7767],[75.559,31.7823],[75.5638,31.7948],[75.5591,31.7995],[75.5675,31.801],[75.5685,31.8143],[75.5647,31.8145],[75.5614,31.823],[75.5624,31.8276],[75.551,31.8261],[75.5514,31.8399],[75.5478,31.8488],[75.5624,31.8511],[75.5645,31.8542],[75.5695,31.8549],[75.5691,31.8748],[75.5651,31.8882],[75.5593,31.8878],[75.5567,31.8994],[75.5481,31.9098],[75.54,31.926],[75.537,31.942],[75.531,31.9415],[75.5338,31.9604],[75.5375,31.9677],[75.5416,31.9673],[75.5429,31.9767],[75.5465,31.9801],[75.5434,31.9826],[75.5507,31.9871],[75.5583,32.0006],[75.5473,32.0069],[75.5423,32.0262],[75.5338,32.0312],[75.559,32.0349],[75.5653,32.0414],[75.5706,32.0616],[75.5768,32.0714],[75.5846,32.0786],[75.5934,32.0823],[75.6008,32.0931],[75.5978,32.0951],[75.5942,32.1116],[75.5853,32.1051],[75.5825,32.1075],[75.5859,32.1185],[75.5887,32.1184],[75.5874,32.1411],[75.5577,32.1352],[75.5559,32.1327],[75.5516,32.1334],[75.5519,32.1382],[75.5428,32.1407],[75.5434,32.1457],[75.5104,32.1491],[75.5087,32.1454],[75.5059,32.1453],[75.4969,32.1533],[75.4869,32.1521],[75.4812,32.1542],[75.4831,32.157],[75.4808,32.1599],[75.4631,32.1549],[75.4579,32.1572],[75.4553,32.1519],[75.4405,32.1531],[75.4344,32.1492],[75.4355,32.158],[75.4379,32.159],[75.4337,32.1609],[75.4341,32.1647],[75.4405,32.1636],[75.4422,32.1669],[75.4301,32.1692],[75.4206,32.1642],[75.412,32.1728],[75.4131,32.1773],[75.4035,32.1781],[75.4031,32.188],[75.4007,32.1903],[75.3895,32.1891],[75.3794,32.1833],[75.3774,32.1908],[75.3584,32.1966],[75.3463,32.207],[75.3373,32.207],[75.334,32.2091]]]},"properties":{"dtname":"Gurdaspur","stname":"PUNJAB","stcode11":"03","dtcode11":"035","year_stat":"2011_c","Shape_Length":390872.47099064075,"Shape_Area":3626197067.0433483,"OBJECTID":621,"test":0,"Dist_LGD":32,"State_LGD":3}},{"type":"Feature","id":624,"geometry":{"type":"Polygon","coordinates":[[[75.5982,32.0823],[75.5964,32.0861],[75.5778,32.0728],[75.5706,32.0616],[75.5653,32.0414],[75.559,32.0349],[75.5338,32.0312],[75.5423,32.0262],[75.5473,32.0069],[75.5583,32.0006],[75.5507,31.9871],[75.5434,31.9826],[75.5465,31.9801],[75.5429,31.9767],[75.5416,31.9673],[75.5375,31.9677],[75.5338,31.9604],[75.531,31.9415],[75.537,31.942],[75.54,31.926],[75.5481,31.9098],[75.5567,31.8994],[75.5593,31.8878],[75.5651,31.8882],[75.5691,31.8748],[75.5695,31.8549],[75.5645,31.8542],[75.5624,31.8511],[75.5478,31.8488],[75.5514,31.8399],[75.551,31.8261],[75.5624,31.8276],[75.5614,31.823],[75.5647,31.8145],[75.5685,31.8143],[75.5675,31.801],[75.5591,31.7995],[75.5638,31.7948],[75.559,31.7823],[75.5524,31.7767],[75.5366,31.778],[75.5294,31.7823],[75.5407,31.765],[75.5385,31.765],[75.5374,31.7507],[75.5427,31.7505],[75.5348,31.7368],[75.5271,31.7309],[75.5134,31.7128],[75.4942,31.698],[75.4907,31.6804],[75.484,31.6771],[75.4802,31.6717],[75.4842,31.6696],[75.4713,31.654],[75.4743,31.6502],[75.4854,31.6503],[75.498,31.6423],[75.5081,31.6434],[75.5136,31.6392],[75.52,31.6404],[75.5247,31.6329],[75.5315,31.6337],[75.5289,31.6369],[75.5327,31.6487],[75.5428,31.6477],[75.5509,31.634],[75.5555,31.6354],[75.5569,31.6401],[75.5723,31.6354],[75.5671,31.6108],[75.5712,31.6097],[75.5699,31.6166],[75.5735,31.6175],[75.5761,31.6066],[75.5938,31.6031],[75.5978,31.6066],[75.5978,31.6097],[75.6039,31.6113],[75.6247,31.6037],[75.6281,31.6049],[75.6323,31.6123],[75.6391,31.6104],[75.6391,31.6182],[75.65,31.611],[75.6501,31.6072],[75.6611,31.6051],[75.6687,31.6082],[75.6725,31.6032],[75.6717,31.5964],[75.6814,31.5921],[75.6822,31.5829],[75.6798,31.5796],[75.6815,31.5743],[75.6889,31.5701],[75.6884,31.5668],[75.6902,31.5666],[75.6953,31.5542],[75.7035,31.5558],[75.7057,31.5419],[75.6993,31.5394],[75.7026,31.5291],[75.7125,31.5293],[75.7171,31.52],[75.7231,31.522],[75.7269,31.516],[75.7332,31.5171],[75.7332,31.5047],[75.7381,31.5024],[75.7368,31.4994],[75.7343,31.4994],[75.736,31.4949],[75.7384,31.4954],[75.7435,31.4909],[75.744,31.4871],[75.7528,31.4852],[75.7545,31.48],[75.756,31.4811],[75.7593,31.4757],[75.7645,31.4771],[75.7695,31.4722],[75.7786,31.4716],[75.7821,31.4623],[75.7858,31.4629],[75.7876,31.4598],[75.7835,31.4576],[75.7867,31.452],[75.7898,31.4488],[75.7994,31.4539],[75.8057,31.4353],[75.8095,31.4356],[75.8155,31.431],[75.8165,31.426],[75.8123,31.4208],[75.8204,31.4046],[75.8056,31.399],[75.8062,31.3926],[75.8036,31.3888],[75.7811,31.3822],[75.786,31.3688],[75.8015,31.374],[75.8045,31.3697],[75.8087,31.3705],[75.8123,31.3607],[75.8165,31.3619],[75.8217,31.357],[75.8336,31.3624],[75.8296,31.37],[75.8363,31.3728],[75.8388,31.3696],[75.8497,31.3728],[75.8568,31.3499],[75.8591,31.352],[75.8787,31.3549],[75.8826,31.3473],[75.8911,31.3447],[75.8911,31.3406],[75.899,31.3414],[75.9059,31.345],[75.9046,31.3367],[75.885,31.3342],[75.8804,31.3285],[75.8803,31.3225],[75.8773,31.322],[75.8757,31.325],[75.8771,31.3274],[75.871,31.3248],[75.8713,31.3219],[75.8663,31.3181],[75.8671,31.3109],[75.8529,31.2962],[75.8555,31.2891],[75.864,31.2904],[75.8659,31.2861],[75.8645,31.2818],[75.8755,31.2843],[75.8777,31.2904],[75.8817,31.2908],[75.8874,31.2845],[75.8867,31.28],[75.8896,31.2754],[75.8948,31.2762],[75.9007,31.2808],[75.9027,31.2786],[75.9108,31.2791],[75.9157,31.2845],[75.9186,31.281],[75.9162,31.2793],[75.9251,31.2761],[75.9248,31.2725],[75.9307,31.2686],[75.934,31.2742],[75.9424,31.274],[75.941,31.273],[75.9452,31.2675],[75.9547,31.2609],[75.9527,31.2555],[75.9678,31.2572],[75.9713,31.2529],[75.9932,31.2588],[76.0035,31.2443],[76.0075,31.2445],[76.0253,31.2592],[76.0291,31.2506],[76.0263,31.2499],[76.0279,31.2425],[76.0546,31.2262],[76.0449,31.2186],[76.0493,31.2135],[76.0523,31.2165],[76.0653,31.2188],[76.0652,31.2258],[76.0774,31.2282],[76.0813,31.2254],[76.0857,31.2258],[76.0886,31.2143],[76.0853,31.2028],[76.0941,31.1921],[76.0936,31.1862],[76.1162,31.1671],[76.1296,31.1694],[76.1372,31.1469],[76.1442,31.1505],[76.1438,31.1522],[76.1559,31.1528],[76.156,31.1408],[76.1665,31.1403],[76.1702,31.1344],[76.1808,31.1358],[76.1878,31.1329],[76.21,31.1371],[76.2058,31.1499],[76.2009,31.1563],[76.2077,31.159],[76.2052,31.169],[76.1969,31.1761],[76.1957,31.1837],[76.2084,31.1913],[76.2119,31.1857],[76.22,31.1875],[76.2223,31.1854],[76.2345,31.1858],[76.2382,31.1868],[76.2459,31.1964],[76.2367,31.2068],[76.2348,31.2009],[76.2246,31.1983],[76.2301,31.2133],[76.2345,31.2172],[76.2354,31.2263],[76.2387,31.2267],[76.2363,31.2442],[76.2444,31.2451],[76.257,31.2365],[76.2772,31.2353],[76.2813,31.2287],[76.2947,31.2204],[76.3182,31.2142],[76.3317,31.2286],[76.3421,31.231],[76.3479,31.2359],[76.3493,31.2414],[76.3398,31.2456],[76.3412,31.251],[76.3316,31.2593],[76.3297,31.2661],[76.32,31.2691],[76.3085,31.2776],[76.308,31.287],[76.3104,31.2906],[76.306,31.2941],[76.2968,31.2907],[76.288,31.2959],[76.2895,31.3068],[76.2867,31.3076],[76.2749,31.3008],[76.2707,31.303],[76.2689,31.3131],[76.2675,31.3107],[76.2568,31.3107],[76.2501,31.3079],[76.2395,31.3085],[76.2139,31.2995],[76.1891,31.3005],[76.1843,31.3057],[76.1796,31.3071],[76.1813,31.3337],[76.1788,31.3405],[76.159,31.3437],[76.1521,31.3528],[76.1493,31.3533],[76.1469,31.359],[76.1486,31.361],[76.1472,31.3783],[76.1685,31.3963],[76.1698,31.399],[76.1664,31.4058],[76.1686,31.4097],[76.1601,31.4148],[76.1625,31.4213],[76.1567,31.4305],[76.1525,31.4335],[76.1457,31.4339],[76.139,31.4488],[76.1331,31.452],[76.1354,31.4589],[76.131,31.4636],[76.1307,31.4711],[76.117,31.4831],[76.1204,31.4879],[76.1208,31.4976],[76.1131,31.4999],[76.1065,31.5099],[76.0978,31.5331],[76.0985,31.5365],[76.0886,31.5476],[76.0815,31.5521],[76.0731,31.5634],[76.072,31.5696],[76.056,31.5855],[76.0575,31.5886],[76.0533,31.5934],[76.058,31.5963],[76.0551,31.6057],[76.0461,31.6033],[76.0407,31.6105],[76.037,31.6099],[76.0284,31.6194],[76.0276,31.6233],[76.0177,31.6322],[76.021,31.6406],[76.0171,31.6454],[76.0184,31.6489],[76.0089,31.6534],[76.0001,31.6876],[75.9931,31.6969],[75.9929,31.7035],[75.9794,31.7261],[75.9784,31.7337],[75.9744,31.7349],[75.9726,31.7386],[75.9751,31.7438],[75.9711,31.7492],[75.9707,31.7568],[75.9634,31.7688],[75.9602,31.7812],[75.9531,31.7833],[75.953,31.7896],[75.9367,31.8155],[75.9418,31.8127],[75.9475,31.813],[75.957,31.8163],[75.9673,31.8238],[75.9756,31.8188],[75.9785,31.813],[75.9865,31.8123],[75.9865,31.818],[75.9748,31.8284],[75.9712,31.8285],[75.9612,31.8549],[75.9387,31.8911],[75.9366,31.8989],[75.9155,31.9311],[75.9115,31.9399],[75.9104,31.9502],[75.8826,31.9659],[75.883,31.969],[75.8569,31.9739],[75.851,31.9822],[75.8217,31.984],[75.7996,31.9938],[75.7797,32.0047],[75.7508,32.0377],[75.7424,32.0394],[75.7234,32.033],[75.7107,32.0415],[75.7078,32.045],[75.708,32.0495],[75.7031,32.0547],[75.6936,32.0604],[75.6773,32.0639],[75.6741,32.0672],[75.6749,32.0704],[75.6704,32.0726],[75.6543,32.0776],[75.6472,32.073],[75.6366,32.0714],[75.631,32.0744],[75.6017,32.0658],[75.6007,32.0691],[75.5947,32.0702],[75.596,32.0751],[75.5942,32.079],[75.5982,32.0823]]]},"properties":{"dtname":"Hoshiarpur","stname":"PUNJAB","stcode11":"03","dtcode11":"038","year_stat":"2011_c","Shape_Length":514813.1523230902,"Shape_Area":4678944889.613202,"OBJECTID":624,"test":0,"Dist_LGD":33,"State_LGD":3}},{"type":"Feature","id":625,"geometry":{"type":"Polygon","coordinates":[[[74.8913,32.0548],[74.8885,32.0527],[74.8794,32.0538],[74.8753,32.0508],[74.8725,32.044],[74.8691,32.0428],[74.8799,32.0319],[74.8688,32.022],[74.8692,32.0278],[74.8654,32.0304],[74.8626,32.0296],[74.8655,32.0232],[74.8483,32.0205],[74.8532,32.0135],[74.8468,32.0084],[74.8389,32.0085],[74.8293,31.9998],[74.8312,31.9809],[74.8189,31.9587],[74.8109,31.9594],[74.8106,31.9624],[74.8059,31.963],[74.8022,31.9579],[74.7816,31.9558],[74.7685,31.9477],[74.7553,31.9558],[74.7561,31.9438],[74.743,31.9397],[74.7343,31.9454],[74.7309,31.941],[74.7272,31.9428],[74.7196,31.9415],[74.7139,31.9322],[74.719,31.9238],[74.7076,31.9231],[74.7065,31.9212],[74.6973,31.9266],[74.6771,31.9262],[74.6742,31.9186],[74.6734,31.9209],[74.6666,31.9226],[74.6683,31.918],[74.6634,31.9132],[74.6602,31.9135],[74.6577,31.9018],[74.6545,31.8995],[74.651,31.9022],[74.6366,31.884],[74.6297,31.882],[74.6159,31.8894],[74.6078,31.89],[74.6073,31.882],[74.61,31.8783],[74.6066,31.8685],[74.5978,31.868],[74.5922,31.858],[74.5906,31.8486],[74.5834,31.8519],[74.5721,31.839],[74.5704,31.8283],[74.5731,31.8161],[74.565,31.8081],[74.5578,31.8048],[74.5671,31.7964],[74.5555,31.7914],[74.5513,31.779],[74.5568,31.7704],[74.5548,31.7669],[74.5617,31.7631],[74.5594,31.7579],[74.5471,31.7521],[74.5472,31.7494],[74.5321,31.7482],[74.5139,31.74],[74.5089,31.7421],[74.5039,31.7403],[74.5029,31.7284],[74.4908,31.7237],[74.4882,31.7204],[74.4866,31.7151],[74.4992,31.7094],[74.5033,31.7026],[74.5019,31.6956],[74.5242,31.687],[74.535,31.6776],[74.5288,31.6664],[74.5402,31.6599],[74.5374,31.6532],[74.5391,31.6482],[74.5411,31.6466],[74.5448,31.6483],[74.5466,31.6455],[74.548,31.6409],[74.5462,31.6332],[74.5516,31.624],[74.5511,31.6178],[74.5564,31.6114],[74.5554,31.6079],[74.5754,31.6039],[74.5757,31.6008],[74.5789,31.5997],[74.5748,31.5978],[74.5809,31.5943],[74.5809,31.5873],[74.5858,31.5851],[74.5853,31.5814],[74.592,31.5741],[74.6016,31.5727],[74.6109,31.567],[74.6158,31.569],[74.6089,31.5667],[74.6066,31.5624],[74.616,31.5575],[74.6187,31.5516],[74.6143,31.5511],[74.6128,31.5273],[74.6038,31.524],[74.5959,31.526],[74.5841,31.5208],[74.5802,31.5111],[74.5836,31.5104],[74.584,31.5068],[74.5801,31.507],[74.5872,31.5042],[74.5812,31.4989],[74.5753,31.5009],[74.5874,31.4961],[74.5935,31.4961],[74.5947,31.5015],[74.6054,31.4984],[74.614,31.4993],[74.618,31.5104],[74.6242,31.5117],[74.629,31.517],[74.6264,31.5251],[74.6492,31.5404],[74.6682,31.5327],[74.6701,31.5399],[74.6748,31.5419],[74.6753,31.548],[74.68,31.5501],[74.6893,31.5476],[74.6967,31.543],[74.6983,31.539],[74.7026,31.5414],[74.7069,31.5394],[74.7109,31.5437],[74.7116,31.5503],[74.7151,31.5528],[74.7173,31.5505],[74.7296,31.5634],[74.7378,31.5652],[74.7462,31.5593],[74.7539,31.5583],[74.7548,31.5601],[74.7509,31.5605],[74.7529,31.5658],[74.7732,31.5595],[74.7797,31.5661],[74.7849,31.562],[74.7937,31.571],[74.7983,31.5689],[74.7987,31.5624],[74.8046,31.5583],[74.811,31.5566],[74.8132,31.5598],[74.8189,31.5566],[74.8171,31.5444],[74.8229,31.5367],[74.8306,31.539],[74.8403,31.5355],[74.8446,31.531],[74.8654,31.536],[74.8671,31.5386],[74.878,31.5378],[74.8794,31.5451],[74.889,31.5544],[74.899,31.5528],[74.897,31.53],[74.9013,31.5238],[74.9158,31.5276],[74.9374,31.5235],[74.9407,31.5212],[74.9407,31.5108],[74.9382,31.5094],[74.9483,31.5027],[74.9526,31.4968],[74.9574,31.4973],[74.965,31.5141],[74.9736,31.5116],[74.9772,31.5127],[74.9772,31.5168],[74.973,31.5185],[74.982,31.5268],[74.9866,31.5197],[74.9902,31.5195],[74.9869,31.5167],[74.9925,31.5043],[75.0086,31.5254],[75.0175,31.5233],[75.023,31.5274],[75.0358,31.5272],[75.0393,31.5237],[75.042,31.5249],[75.0456,31.5179],[75.0482,31.5169],[75.0705,31.5288],[75.0816,31.5215],[75.0875,31.5203],[75.1048,31.5233],[75.1095,31.5126],[75.1147,31.5099],[75.122,31.4994],[75.1219,31.4964],[75.1246,31.4952],[75.1303,31.5035],[75.138,31.5083],[75.1475,31.5059],[75.1616,31.511],[75.1651,31.5162],[75.1678,31.516],[75.1678,31.5244],[75.1782,31.5296],[75.1902,31.5215],[75.1908,31.5196],[75.1873,31.5182],[75.1895,31.5152],[75.183,31.5087],[75.1951,31.4998],[75.2017,31.504],[75.2079,31.4972],[75.2098,31.4981],[75.2196,31.4923],[75.2282,31.4913],[75.2298,31.4963],[75.2334,31.4989],[75.2406,31.4982],[75.2505,31.5024],[75.2905,31.4912],[75.3085,31.5173],[75.3179,31.5267],[75.3166,31.5286],[75.3372,31.5511],[75.343,31.5559],[75.3453,31.5542],[75.3587,31.5685],[75.3747,31.579],[75.3959,31.5804],[75.4042,31.5936],[75.3726,31.6246],[75.3621,31.6259],[75.3465,31.634],[75.3449,31.6368],[75.3414,31.6356],[75.3387,31.6412],[75.3271,31.6354],[75.3095,31.6499],[75.2997,31.6548],[75.3096,31.6615],[75.3132,31.6674],[75.3066,31.6754],[75.301,31.6749],[75.2975,31.6812],[75.2952,31.6799],[75.2924,31.6834],[75.2894,31.681],[75.2843,31.6818],[75.2868,31.693],[75.2849,31.6984],[75.2792,31.6983],[75.2765,31.6958],[75.272,31.697],[75.2613,31.6921],[75.2574,31.6938],[75.2473,31.6917],[75.2463,31.6885],[75.2428,31.6903],[75.2402,31.6833],[75.235,31.687],[75.2274,31.6842],[75.2272,31.6916],[75.2129,31.6957],[75.2149,31.7019],[75.2128,31.7056],[75.1938,31.7111],[75.1937,31.7176],[75.2003,31.718],[75.2038,31.7227],[75.2011,31.7247],[75.2028,31.7307],[75.1998,31.7333],[75.1876,31.7341],[75.1867,31.7374],[75.1905,31.7405],[75.1866,31.7425],[75.1842,31.739],[75.1738,31.7489],[75.1651,31.7459],[75.1597,31.748],[75.1553,31.7469],[75.1444,31.759],[75.1375,31.7519],[75.1258,31.7541],[75.1237,31.7567],[75.1167,31.753],[75.1049,31.755],[75.0997,31.7643],[75.1066,31.7655],[75.1088,31.7735],[75.1135,31.7773],[75.1113,31.7816],[75.1026,31.7824],[75.0907,31.7915],[75.0826,31.7922],[75.0803,31.8012],[75.0706,31.8077],[75.0618,31.8073],[75.0612,31.81],[75.0399,31.8026],[75.0355,31.8059],[75.0352,31.8111],[75.0315,31.8147],[75.029,31.8127],[75.0236,31.8166],[75.0278,31.8181],[75.028,31.823],[75.0128,31.8206],[75.0004,31.8329],[74.9927,31.831],[74.9835,31.8364],[74.9691,31.8313],[74.962,31.8408],[74.9644,31.8435],[74.962,31.854],[74.9574,31.8565],[74.9509,31.8559],[74.9419,31.8607],[74.9417,31.8636],[74.9446,31.8647],[74.9443,31.8705],[74.9403,31.8701],[74.9383,31.867],[74.926,31.8757],[74.9165,31.8792],[74.9193,31.8927],[74.9118,31.8911],[74.9065,31.8947],[74.9075,31.8981],[74.9022,31.902],[74.9028,31.9076],[74.8883,31.9274],[74.8906,31.9286],[74.8894,31.9315],[74.8922,31.9339],[74.8969,31.9326],[74.8966,31.9299],[74.9017,31.9314],[74.905,31.9365],[74.9156,31.9422],[74.9259,31.9414],[74.9286,31.9386],[74.9386,31.9414],[74.942,31.9431],[74.9374,31.9461],[74.9428,31.9496],[74.9542,31.9547],[74.9604,31.9535],[74.9717,31.9602],[74.9737,31.9746],[74.9729,31.9762],[74.9485,31.9704],[74.9475,31.9655],[74.9391,31.9625],[74.9172,31.9752],[74.9173,31.9802],[74.92,31.9825],[74.9166,31.985],[74.9168,31.9884],[74.9207,32.0026],[74.9355,32.012],[74.9335,32.0167],[74.9293,32.0187],[74.9226,32.0392],[74.9083,32.0515],[74.9046,32.0503],[74.8913,32.0548]]]},"properties":{"dtname":"Amritsar","stname":"PUNJAB","stcode11":"03","dtcode11":"049","year_stat":"2011_c","Shape_Length":449970.7613217651,"Shape_Area":3708718773.102189,"OBJECTID":625,"test":0,"Dist_LGD":27,"State_LGD":3}},{"type":"Feature","id":630,"geometry":{"type":"Polygon","coordinates":[[[75.6395,31.6182],[75.6391,31.6104],[75.6323,31.6123],[75.6281,31.6049],[75.6247,31.6037],[75.6071,31.611],[75.5978,31.6097],[75.5978,31.6066],[75.5938,31.6031],[75.6012,31.5922],[75.6003,31.5878],[75.603,31.5837],[75.5974,31.5871],[75.595,31.5861],[75.5918,31.5752],[75.6022,31.5633],[75.5959,31.5551],[75.5793,31.5626],[75.5726,31.5476],[75.577,31.5423],[75.569,31.5364],[75.5534,31.5343],[75.5474,31.5424],[75.5404,31.5454],[75.5293,31.5459],[75.5269,31.543],[75.5246,31.5437],[75.5223,31.5391],[75.5311,31.5371],[75.5405,31.5283],[75.5391,31.5161],[75.5309,31.5125],[75.5312,31.5173],[75.526,31.5189],[75.5263,31.5213],[75.5123,31.5175],[75.5119,31.5154],[75.5179,31.5122],[75.5137,31.5045],[75.5183,31.5035],[75.5195,31.4998],[75.5187,31.4899],[75.5162,31.4903],[75.515,31.4847],[75.5085,31.48],[75.5113,31.4705],[75.5169,31.4655],[75.5129,31.4594],[75.4988,31.469],[75.4902,31.4708],[75.4892,31.4749],[75.4913,31.475],[75.4914,31.4799],[75.489,31.4811],[75.4889,31.4844],[75.4801,31.4845],[75.4739,31.4931],[75.4742,31.4964],[75.4588,31.4986],[75.4574,31.4963],[75.4507,31.4969],[75.4486,31.4935],[75.4466,31.496],[75.4413,31.4948],[75.44,31.4847],[75.4435,31.4816],[75.4447,31.4732],[75.4484,31.4706],[75.4577,31.4729],[75.458,31.4703],[75.4523,31.4698],[75.4561,31.4579],[75.4664,31.4468],[75.4647,31.439],[75.4592,31.4401],[75.4579,31.4374],[75.4503,31.4441],[75.4451,31.4388],[75.4539,31.431],[75.4529,31.4294],[75.4506,31.4271],[75.4424,31.4326],[75.4368,31.4258],[75.4316,31.414],[75.442,31.4053],[75.4387,31.3976],[75.4334,31.3936],[75.4368,31.3908],[75.4365,31.385],[75.4388,31.3826],[75.4604,31.3813],[75.4605,31.3836],[75.4667,31.3854],[75.47,31.3956],[75.4721,31.3957],[75.4909,31.3848],[75.4886,31.3831],[75.4874,31.3751],[75.4808,31.3762],[75.4797,31.3723],[75.4744,31.3737],[75.4671,31.3712],[75.4655,31.3719],[75.4668,31.3741],[75.4641,31.3748],[75.4571,31.3744],[75.4557,31.3721],[75.4578,31.3631],[75.4611,31.3609],[75.469,31.3619],[75.4774,31.3677],[75.4821,31.3644],[75.4786,31.3534],[75.4811,31.352],[75.4685,31.3248],[75.4482,31.3248],[75.4341,31.3179],[75.4428,31.3064],[75.4365,31.2929],[75.4375,31.2895],[75.4465,31.2863],[75.4483,31.2878],[75.4531,31.2857],[75.4525,31.2819],[75.463,31.28],[75.4678,31.2574],[75.4721,31.2537],[75.472,31.251],[75.4618,31.2437],[75.4608,31.2356],[75.4524,31.236],[75.4517,31.2383],[75.4398,31.2411],[75.4355,31.2383],[75.4336,31.2292],[75.423,31.2294],[75.4243,31.2358],[75.4191,31.2396],[75.4225,31.2456],[75.4179,31.2498],[75.4063,31.2449],[75.4001,31.2477],[75.3894,31.2444],[75.3843,31.2395],[75.382,31.2323],[75.3766,31.2308],[75.3679,31.2397],[75.3619,31.2358],[75.3655,31.227],[75.3638,31.2259],[75.3447,31.232],[75.3379,31.2215],[75.3293,31.2149],[75.3277,31.2163],[75.3249,31.2146],[75.3205,31.2071],[75.3057,31.2082],[75.3013,31.2065],[75.295,31.1915],[75.2913,31.1919],[75.2855,31.1851],[75.2768,31.1873],[75.2707,31.1749],[75.2744,31.1738],[75.2736,31.1692],[75.2753,31.1678],[75.2706,31.1633],[75.2712,31.1606],[75.2759,31.1589],[75.2699,31.1481],[75.2545,31.154],[75.2303,31.1526],[75.2268,31.1579],[75.2297,31.1656],[75.2225,31.1768],[75.2149,31.1832],[75.2053,31.185],[75.1894,31.1771],[75.1844,31.1651],[75.1701,31.1634],[75.1581,31.1683],[75.1451,31.1665],[75.1413,31.1705],[75.1256,31.1694],[75.1148,31.1557],[75.1096,31.1556],[75.1056,31.1508],[75.0879,31.1531],[75.0819,31.1511],[75.0835,31.1468],[75.077,31.1343],[75.0873,31.1324],[75.1009,31.1257],[75.1089,31.1294],[75.1259,31.1212],[75.1286,31.1166],[75.1318,31.1164],[75.1309,31.113],[75.1385,31.1086],[75.1357,31.1048],[75.15,31.0978],[75.1458,31.0857],[75.1531,31.0838],[75.1625,31.0895],[75.1632,31.0826],[75.1725,31.0831],[75.1731,31.0805],[75.1784,31.0814],[75.1834,31.0777],[75.1742,31.0641],[75.174,31.06],[75.1772,31.0531],[75.1902,31.056],[75.1985,31.0534],[75.2069,31.0541],[75.21,31.0402],[75.2013,31.0261],[75.2039,31.0202],[75.2051,31.0277],[75.2082,31.0256],[75.21,31.0294],[75.2153,31.0322],[75.2248,31.0295],[75.2241,31.0347],[75.2302,31.0373],[75.239,31.0316],[75.2524,31.0327],[75.2558,31.03],[75.2591,31.0377],[75.2538,31.0444],[75.2679,31.0436],[75.2713,31.0367],[75.2816,31.0421],[75.291,31.0356],[75.2949,31.0149],[75.3088,31.0145],[75.3098,31.0093],[75.3218,31.007],[75.3278,31.0098],[75.3282,31.0036],[75.3315,31.0033],[75.3362,30.9984],[75.3417,30.9879],[75.3478,30.9969],[75.3519,30.9993],[75.3534,30.998],[75.3563,31.0013],[75.3584,30.9996],[75.3562,30.9982],[75.3568,30.9933],[75.3672,30.9907],[75.3717,30.9981],[75.3748,30.9984],[75.3757,30.9945],[75.3838,30.9892],[75.3975,30.9965],[75.4017,30.994],[75.4048,30.9808],[75.4089,30.9788],[75.4132,30.9838],[75.4203,30.9862],[75.4278,30.9818],[75.4367,30.9802],[75.4409,30.9825],[75.445,30.9804],[75.4488,30.9831],[75.4565,30.9825],[75.4593,30.9757],[75.4625,30.9762],[75.4623,30.9747],[75.4644,30.9768],[75.468,30.9757],[75.4739,30.9809],[75.482,30.9679],[75.4885,30.971],[75.4975,30.9681],[75.5009,30.9724],[75.5061,30.9731],[75.5064,30.9764],[75.5146,30.9762],[75.5324,30.9718],[75.537,30.9661],[75.543,30.9682],[75.543,30.9759],[75.5756,30.9776],[75.585,30.9702],[75.6062,30.9695],[75.6101,30.9751],[75.6425,30.9771],[75.6417,30.9798],[75.668,30.9849],[75.6769,30.9915],[75.6866,30.9918],[75.6887,30.9946],[75.7035,30.9956],[75.703,30.9989],[75.7164,31.0001],[75.7152,31.0044],[75.7358,31.0054],[75.7354,31.009],[75.747,31.0128],[75.7639,31.0131],[75.7623,31.0091],[75.7703,31.0095],[75.7725,31.0069],[75.7712,31.0031],[75.7775,31.0032],[75.777,31.0011],[75.7817,30.9978],[75.7926,30.9941],[75.8175,30.9963],[75.8201,31.0005],[75.8561,31.001],[75.8564,31.0044],[75.8649,31.0042],[75.8672,31.0082],[75.8845,31.009],[75.8985,31.0048],[75.8977,31.0082],[75.9056,31.0168],[75.9102,31.0158],[75.9124,31.0175],[75.9211,31.0117],[75.9334,31.012],[75.934,31.0094],[75.9525,31.0103],[75.9572,31.0179],[75.9512,31.0216],[75.9494,31.0295],[75.9472,31.0302],[75.9475,31.0386],[75.9419,31.0533],[75.945,31.0588],[75.9306,31.065],[75.9327,31.0764],[75.9306,31.0773],[75.9266,31.0943],[75.9126,31.0994],[75.9161,31.1074],[75.9033,31.1255],[75.8981,31.1553],[75.8908,31.1539],[75.888,31.1457],[75.8838,31.1485],[75.8858,31.1661],[75.8727,31.1627],[75.8626,31.174],[75.8544,31.1747],[75.8514,31.183],[75.8298,31.1846],[75.8211,31.1868],[75.8198,31.1892],[75.8142,31.1882],[75.8069,31.1932],[75.7867,31.1984],[75.7798,31.1957],[75.7758,31.1891],[75.7741,31.1841],[75.7788,31.1779],[75.7781,31.166],[75.7697,31.16],[75.7596,31.1642],[75.748,31.1626],[75.7246,31.1667],[75.7207,31.1636],[75.7079,31.165],[75.7047,31.1662],[75.697,31.1776],[75.6951,31.1847],[75.6983,31.1884],[75.6867,31.1963],[75.6933,31.2108],[75.7075,31.2151],[75.7123,31.2201],[75.7092,31.2348],[75.699,31.2463],[75.6941,31.244],[75.691,31.2349],[75.6834,31.2305],[75.6701,31.2379],[75.672,31.2458],[75.6772,31.2441],[75.679,31.2458],[75.6706,31.2501],[75.6829,31.2538],[75.679,31.2573],[75.6818,31.2639],[75.673,31.269],[75.675,31.2719],[75.6753,31.2866],[75.6789,31.2878],[75.6771,31.2915],[75.699,31.283],[75.6985,31.2874],[75.7041,31.2856],[75.7039,31.2898],[75.6998,31.2904],[75.6969,31.2982],[75.6858,31.3032],[75.6829,31.3152],[75.6864,31.3183],[75.6909,31.3162],[75.7086,31.3164],[75.7193,31.314],[75.7222,31.3165],[75.7179,31.3263],[75.7119,31.3296],[75.7125,31.3314],[75.7082,31.332],[75.7086,31.3371],[75.7065,31.3376],[75.7083,31.3385],[75.7003,31.3412],[75.7002,31.3442],[75.7093,31.3476],[75.7122,31.344],[75.7223,31.3447],[75.7282,31.3421],[75.737,31.3324],[75.7369,31.3224],[75.7394,31.3214],[75.7489,31.3304],[75.7554,31.3283],[75.7628,31.3348],[75.761,31.3367],[75.7651,31.3364],[75.7663,31.3402],[75.7633,31.3447],[75.7663,31.3486],[75.7645,31.3517],[75.7886,31.3626],[75.7811,31.3822],[75.8036,31.3888],[75.8062,31.3926],[75.8056,31.399],[75.8204,31.4046],[75.8123,31.4208],[75.8165,31.426],[75.8155,31.431],[75.8095,31.4356],[75.8057,31.4353],[75.7994,31.4539],[75.7898,31.4488],[75.7836,31.4568],[75.7876,31.4598],[75.7858,31.4629],[75.7821,31.4623],[75.7786,31.4716],[75.7695,31.4722],[75.7645,31.4771],[75.7593,31.4757],[75.756,31.4811],[75.7545,31.48],[75.7528,31.4852],[75.744,31.4871],[75.7435,31.4909],[75.7384,31.4954],[75.736,31.4949],[75.7343,31.4994],[75.7368,31.4994],[75.7381,31.5024],[75.7332,31.5047],[75.7332,31.5171],[75.7269,31.516],[75.7231,31.522],[75.7171,31.52],[75.7125,31.5293],[75.7026,31.5291],[75.6993,31.5394],[75.7057,31.5419],[75.7035,31.5558],[75.6953,31.5542],[75.6902,31.5666],[75.6884,31.5668],[75.6889,31.5701],[75.6815,31.5743],[75.6798,31.5796],[75.6822,31.5829],[75.6814,31.5921],[75.6717,31.5964],[75.6713,31.606],[75.6687,31.6082],[75.6611,31.6051],[75.6501,31.6072],[75.65,31.611],[75.6395,31.6182]]]},"properties":{"dtname":"Jalandhar","stname":"PUNJAB","stcode11":"03","dtcode11":"037","year_stat":"2011_c","Shape_Length":540668.1087760164,"Shape_Area":3621063396.8553104,"OBJECTID":630,"test":0,"Dist_LGD":34,"State_LGD":3}},{"type":"Feature","id":631,"geometry":{"type":"Polygon","coordinates":[[[74.7944,31.5709],[74.7849,31.562],[74.7797,31.5661],[74.7732,31.5595],[74.7529,31.5658],[74.7509,31.5605],[74.7548,31.5601],[74.7539,31.5583],[74.7462,31.5593],[74.7378,31.5652],[74.7296,31.5634],[74.7173,31.5505],[74.7151,31.5528],[74.7116,31.5503],[74.7109,31.5437],[74.7069,31.5394],[74.7026,31.5414],[74.6983,31.539],[74.6967,31.543],[74.6893,31.5476],[74.68,31.5501],[74.6753,31.548],[74.6748,31.5419],[74.6701,31.5399],[74.6682,31.5327],[74.6492,31.5404],[74.6264,31.5251],[74.6281,31.5154],[74.6242,31.5117],[74.618,31.5104],[74.6162,31.5025],[74.6108,31.499],[74.6146,31.4889],[74.6186,31.4851],[74.6223,31.4852],[74.6222,31.482],[74.6258,31.4827],[74.625,31.4859],[74.6366,31.4848],[74.6315,31.4813],[74.6295,31.4842],[74.6277,31.4769],[74.6363,31.4777],[74.6385,31.4726],[74.6477,31.4655],[74.6522,31.4572],[74.6513,31.452],[74.6431,31.4501],[74.6386,31.4442],[74.6429,31.4367],[74.6546,31.4259],[74.6482,31.4238],[74.6426,31.4162],[74.6336,31.4187],[74.6313,31.4256],[74.6275,31.4294],[74.6223,31.4302],[74.6193,31.4199],[74.6089,31.4237],[74.6071,31.4205],[74.6011,31.42],[74.6025,31.4157],[74.5964,31.4163],[74.594,31.4078],[74.587,31.3977],[74.5844,31.3802],[74.5716,31.3715],[74.5676,31.372],[74.5521,31.365],[74.5501,31.3586],[74.5531,31.3564],[74.5458,31.3408],[74.5487,31.3349],[74.5438,31.3353],[74.5367,31.3302],[74.5374,31.3268],[74.5337,31.325],[74.5379,31.3192],[74.5338,31.316],[74.5348,31.3135],[74.5263,31.3125],[74.5342,31.305],[74.5408,31.3061],[74.542,31.3038],[74.5375,31.301],[74.5311,31.2844],[74.521,31.2721],[74.5237,31.2617],[74.5327,31.2497],[74.5281,31.24],[74.5189,31.2334],[74.5171,31.2285],[74.5246,31.2202],[74.526,31.2119],[74.5237,31.2081],[74.5251,31.2036],[74.5214,31.2027],[74.5195,31.1842],[74.5106,31.1811],[74.5099,31.1734],[74.513,31.1642],[74.5107,31.1579],[74.5152,31.1512],[74.5103,31.132],[74.5248,31.1293],[74.5438,31.121],[74.5484,31.1221],[74.5503,31.0894],[74.5529,31.0856],[74.5713,31.0813],[74.5737,31.0858],[74.5887,31.0876],[74.5865,31.0912],[74.5891,31.0925],[74.5908,31.0925],[74.5912,31.0886],[74.6007,31.088],[74.5993,31.093],[74.6041,31.0931],[74.604,31.0951],[74.6072,31.0949],[74.6105,31.0992],[74.6099,31.1117],[74.6054,31.1145],[74.5965,31.1273],[74.6023,31.1334],[74.6185,31.1314],[74.6219,31.1331],[74.6266,31.1311],[74.6308,31.1327],[74.6323,31.1216],[74.6364,31.1182],[74.6591,31.1341],[74.6664,31.1244],[74.6732,31.1236],[74.6891,31.128],[74.6898,31.1183],[74.6981,31.1125],[74.6972,31.1026],[74.7024,31.0917],[74.6973,31.0847],[74.6907,31.0815],[74.6957,31.0743],[74.7079,31.072],[74.7099,31.0808],[74.7155,31.0853],[74.7207,31.1016],[74.7415,31.1039],[74.7417,31.1186],[74.7554,31.1163],[74.7629,31.1202],[74.7609,31.1223],[74.7657,31.1255],[74.7759,31.1293],[74.7891,31.13],[74.7956,31.1242],[74.8006,31.115],[74.8062,31.1249],[74.8016,31.1295],[74.8144,31.1378],[74.8251,31.1341],[74.8441,31.1325],[74.8979,31.1608],[74.9072,31.1567],[74.9131,31.1576],[74.9201,31.1623],[74.9473,31.1526],[74.9648,31.1536],[74.986,31.1589],[75.0043,31.1741],[75.0095,31.1742],[75.0163,31.1799],[75.0384,31.19],[75.0469,31.19],[75.0524,31.1984],[75.0506,31.2019],[75.0597,31.2107],[75.0613,31.2253],[75.0575,31.2261],[75.0593,31.2309],[75.079,31.2459],[75.0809,31.2498],[75.0793,31.2647],[75.0822,31.2676],[75.0793,31.2689],[75.0822,31.2737],[75.1039,31.2797],[75.0934,31.2839],[75.1096,31.3109],[75.1067,31.3168],[75.1182,31.3203],[75.1345,31.3105],[75.1478,31.3201],[75.1483,31.3333],[75.146,31.3368],[75.1643,31.3568],[75.165,31.3616],[75.1572,31.3618],[75.156,31.3652],[75.1633,31.383],[75.1683,31.3791],[75.1815,31.3961],[75.1785,31.3989],[75.1878,31.4076],[75.1899,31.4061],[75.1943,31.408],[75.1864,31.4147],[75.1871,31.4248],[75.1917,31.4332],[75.1997,31.4361],[75.21,31.4351],[75.2141,31.4219],[75.2245,31.4219],[75.235,31.4593],[75.2432,31.4552],[75.2537,31.4702],[75.2673,31.4802],[75.2827,31.4821],[75.2905,31.4912],[75.2505,31.5024],[75.2406,31.4982],[75.2334,31.4989],[75.2298,31.4963],[75.2282,31.4913],[75.2196,31.4923],[75.2098,31.4981],[75.2079,31.4972],[75.2017,31.504],[75.1951,31.4998],[75.183,31.5087],[75.1895,31.5152],[75.1873,31.5182],[75.1908,31.5196],[75.1902,31.5215],[75.1782,31.5296],[75.1678,31.5244],[75.1678,31.516],[75.1651,31.5162],[75.1616,31.511],[75.1475,31.5059],[75.138,31.5083],[75.1303,31.5035],[75.1246,31.4952],[75.1219,31.4964],[75.122,31.4994],[75.1147,31.5099],[75.1095,31.5126],[75.1048,31.5233],[75.0875,31.5203],[75.0816,31.5215],[75.0705,31.5288],[75.0482,31.5169],[75.0456,31.5179],[75.042,31.5249],[75.0393,31.5237],[75.0358,31.5272],[75.023,31.5274],[75.0175,31.5233],[75.0086,31.5254],[74.9925,31.5043],[74.9869,31.5167],[74.9902,31.5195],[74.9866,31.5197],[74.982,31.5268],[74.973,31.5185],[74.9772,31.5168],[74.9772,31.5127],[74.9736,31.5116],[74.965,31.5141],[74.9574,31.4973],[74.9526,31.4968],[74.9483,31.5027],[74.9382,31.5094],[74.9407,31.5108],[74.9407,31.5212],[74.9374,31.5235],[74.9158,31.5276],[74.9013,31.5238],[74.897,31.53],[74.899,31.5528],[74.889,31.5544],[74.8794,31.5451],[74.878,31.5378],[74.8671,31.5386],[74.8654,31.536],[74.8446,31.531],[74.8403,31.5355],[74.8306,31.539],[74.8229,31.5367],[74.8171,31.5444],[74.8189,31.5566],[74.8132,31.5598],[74.811,31.5566],[74.8046,31.5583],[74.7987,31.5624],[74.7983,31.5689],[74.7944,31.5709]]]},"properties":{"dtname":"Tarn Taran","stname":"PUNJAB","stcode11":"03","dtcode11":"050","year_stat":"2011_c","Shape_Length":374677.10266771563,"Shape_Area":3322890088.023602,"OBJECTID":631,"test":0,"Dist_LGD":609,"State_LGD":3}},{"type":"Feature","id":632,"geometry":{"type":"Polygon","coordinates":[[[76.3751,31.437],[76.3702,31.4288],[76.3728,31.4249],[76.3706,31.4154],[76.3723,31.409],[76.3678,31.4039],[76.3593,31.4032],[76.3485,31.3978],[76.3466,31.4024],[76.3434,31.4024],[76.3428,31.3983],[76.3422,31.4009],[76.3311,31.4012],[76.3318,31.3839],[76.3296,31.3786],[76.3417,31.3782],[76.3424,31.3548],[76.3461,31.3545],[76.3471,31.3492],[76.353,31.3489],[76.3544,31.345],[76.3472,31.3469],[76.3439,31.3406],[76.3377,31.3403],[76.3341,31.3494],[76.3302,31.3484],[76.3314,31.3466],[76.3076,31.3427],[76.313,31.3301],[76.3226,31.3217],[76.3112,31.3195],[76.3044,31.3139],[76.2906,31.3091],[76.2875,31.2973],[76.2968,31.2907],[76.306,31.2941],[76.3104,31.2906],[76.308,31.287],[76.3085,31.2776],[76.32,31.2691],[76.3297,31.2661],[76.3316,31.2593],[76.3412,31.251],[76.3398,31.2456],[76.3493,31.2414],[76.3479,31.2359],[76.3421,31.231],[76.3317,31.2286],[76.3286,31.2241],[76.3326,31.2254],[76.3376,31.2232],[76.3481,31.2076],[76.355,31.2061],[76.3562,31.201],[76.3612,31.1958],[76.3598,31.1931],[76.3656,31.1892],[76.3709,31.1774],[76.377,31.1704],[76.3847,31.1519],[76.3936,31.1466],[76.3975,31.1406],[76.4129,31.1327],[76.4215,31.1185],[76.4292,31.1162],[76.4323,31.1058],[76.4296,31.0985],[76.4257,31.0959],[76.4322,31.0913],[76.434,31.0879],[76.4327,31.0846],[76.4357,31.0833],[76.4351,31.0785],[76.4463,31.0675],[76.4457,31.0646],[76.4516,31.0593],[76.4516,31.0562],[76.4573,31.0542],[76.4568,31.0505],[76.4613,31.0466],[76.4669,31.0316],[76.4776,31.0229],[76.4841,31.0213],[76.4865,31.0144],[76.4939,31.0087],[76.4976,31.0083],[76.5006,31.0047],[76.5072,31.0052],[76.5096,30.9995],[76.5185,30.9953],[76.5097,30.9798],[76.4942,30.9794],[76.4936,30.9754],[76.4794,30.9795],[76.4684,30.9757],[76.4575,30.9763],[76.4575,30.9733],[76.416,30.9713],[76.4068,30.9726],[76.4065,30.9759],[76.3841,30.9754],[76.3692,30.9747],[76.3692,30.9723],[76.3588,30.9691],[76.3428,30.9749],[76.345,30.9807],[76.3251,30.9792],[76.3265,30.9943],[76.3168,30.9955],[76.3059,30.9923],[76.3056,30.9878],[76.3118,30.9884],[76.3136,30.9853],[76.3176,30.9507],[76.3235,30.9323],[76.3215,30.9273],[76.3127,30.9247],[76.3197,30.9143],[76.3192,30.8775],[76.3279,30.8788],[76.3339,30.8697],[76.3375,30.8751],[76.3485,30.8738],[76.3486,30.8655],[76.3574,30.8662],[76.3569,30.8692],[76.368,30.8722],[76.3695,30.866],[76.382,30.8603],[76.3799,30.8532],[76.3849,30.849],[76.3944,30.8451],[76.4068,30.8471],[76.4112,30.84],[76.4024,30.8306],[76.4084,30.8196],[76.4171,30.8196],[76.4244,30.8229],[76.4326,30.8192],[76.4319,30.8123],[76.4355,30.8105],[76.4333,30.8066],[76.434,30.7992],[76.4428,30.797],[76.4412,30.7904],[76.4416,30.7835],[76.4442,30.7836],[76.4442,30.7595],[76.4564,30.7548],[76.4595,30.7499],[76.4636,30.7547],[76.4694,30.7456],[76.4833,30.7507],[76.4949,30.7462],[76.5241,30.7582],[76.5333,30.7666],[76.5403,30.7806],[76.5531,30.7827],[76.5588,30.7859],[76.5557,30.7964],[76.5618,30.7998],[76.56,30.8052],[76.5637,30.808],[76.5594,30.8147],[76.5651,30.8182],[76.5604,30.8297],[76.5566,30.8297],[76.553,30.8383],[76.584,30.8516],[76.5788,30.8581],[76.5697,30.8513],[76.5664,30.8672],[76.5779,30.8694],[76.5781,30.8661],[76.5729,30.8661],[76.5744,30.8584],[76.586,30.8597],[76.5876,30.8511],[76.5917,30.8521],[76.591,30.8538],[76.6028,30.8582],[76.597,30.8689],[76.5968,30.8749],[76.5992,30.8793],[76.609,30.8833],[76.6068,30.8908],[76.6205,30.8964],[76.6253,30.8957],[76.6281,30.9021],[76.6368,30.9025],[76.6381,30.9053],[76.6448,30.9045],[76.662,30.9144],[76.6801,30.9148],[76.6864,30.9178],[76.6896,30.9239],[76.7004,30.9321],[76.717,30.9288],[76.7312,30.934],[76.7379,30.9408],[76.7372,30.9496],[76.7337,30.9493],[76.7223,30.9611],[76.7168,30.9599],[76.7087,30.9703],[76.6732,30.9688],[76.6729,30.9742],[76.6658,30.9808],[76.6591,30.9814],[76.6516,30.9877],[76.638,30.9903],[76.6338,30.9959],[76.6247,30.9988],[76.6267,31.0221],[76.6291,31.0235],[76.617,31.0299],[76.611,31.0459],[76.6226,31.055],[76.6179,31.0702],[76.618,31.0782],[76.6231,31.0796],[76.6257,31.0914],[76.6319,31.1],[76.6378,31.1038],[76.6386,31.1081],[76.6361,31.1164],[76.617,31.1162],[76.6134,31.1223],[76.602,31.1238],[76.6016,31.1286],[76.6106,31.1406],[76.6089,31.1431],[76.6124,31.1482],[76.6073,31.1485],[76.6066,31.1517],[76.6018,31.1532],[76.6053,31.1602],[76.6031,31.165],[76.609,31.1733],[76.6077,31.1779],[76.6017,31.1758],[76.6,31.1785],[76.6112,31.1823],[76.6178,31.1929],[76.6454,31.2091],[76.6423,31.2142],[76.6345,31.2179],[76.6418,31.2227],[76.6318,31.2238],[76.6277,31.2266],[76.6141,31.2179],[76.5932,31.2117],[76.5886,31.2228],[76.5919,31.223],[76.5952,31.2268],[76.5947,31.2343],[76.5984,31.2396],[76.6098,31.2436],[76.6121,31.2479],[76.5926,31.2651],[76.5877,31.2743],[76.5835,31.2762],[76.5791,31.2712],[76.5751,31.2703],[76.5695,31.2615],[76.5657,31.2622],[76.56,31.2528],[76.5528,31.2552],[76.5492,31.2528],[76.5436,31.259],[76.5502,31.2699],[76.5488,31.2743],[76.5513,31.2788],[76.5429,31.2825],[76.5377,31.2706],[76.5393,31.2611],[76.5314,31.2564],[76.5238,31.2582],[76.5239,31.2623],[76.5289,31.2657],[76.5305,31.2711],[76.5274,31.2772],[76.5213,31.2803],[76.5039,31.2669],[76.4973,31.2705],[76.4952,31.2816],[76.4972,31.286],[76.4953,31.2887],[76.4916,31.2885],[76.4921,31.2939],[76.4889,31.2962],[76.4861,31.304],[76.4795,31.3083],[76.4634,31.2935],[76.4593,31.2857],[76.4428,31.2772],[76.4397,31.279],[76.441,31.2876],[76.4585,31.2954],[76.4638,31.3015],[76.4546,31.3118],[76.4402,31.3192],[76.4358,31.3261],[76.4317,31.3269],[76.4251,31.3396],[76.4266,31.3445],[76.424,31.3491],[76.4185,31.3501],[76.4079,31.3659],[76.4042,31.3779],[76.4011,31.3785],[76.3926,31.3895],[76.3984,31.3934],[76.4038,31.3923],[76.4033,31.3969],[76.3998,31.3995],[76.3969,31.4074],[76.388,31.4091],[76.3899,31.4166],[76.3792,31.4284],[76.3806,31.431],[76.3751,31.437]]]},"properties":{"dtname":"Rupnagar","stname":"PUNJAB","stcode11":"03","dtcode11":"051","year_stat":"2011_c","Shape_Length":393215.4344485913,"Shape_Area":1878881761.367874,"OBJECTID":632,"test":0,"Dist_LGD":42,"State_LGD":3}},{"type":"Feature","id":635,"geometry":{"type":"Polygon","coordinates":[[[75.8505,31.2838],[75.8398,31.2798],[75.8382,31.2736],[75.8414,31.2622],[75.8508,31.2585],[75.8516,31.2503],[75.8574,31.2451],[75.8577,31.2393],[75.8548,31.2333],[75.843,31.2325],[75.8224,31.2231],[75.7981,31.2162],[75.7966,31.2115],[75.7879,31.205],[75.7916,31.1992],[75.7882,31.1984],[75.8069,31.1932],[75.8142,31.1882],[75.8198,31.1892],[75.8211,31.1868],[75.8298,31.1846],[75.8514,31.183],[75.8544,31.1747],[75.8626,31.174],[75.8727,31.1627],[75.8858,31.1661],[75.8832,31.15],[75.8859,31.1458],[75.8885,31.1462],[75.8908,31.1539],[75.8981,31.1553],[75.9033,31.1255],[75.9161,31.1074],[75.9126,31.0994],[75.9266,31.0943],[75.9306,31.0773],[75.9327,31.0764],[75.9306,31.065],[75.945,31.0588],[75.9419,31.0562],[75.9427,31.0476],[75.9475,31.0386],[75.9472,31.0302],[75.9494,31.0295],[75.9512,31.0216],[75.9563,31.0177],[75.9691,31.0151],[75.9709,31.004],[75.9878,31.0045],[75.9915,31.0093],[76.0048,31.0064],[76.0042,31.0039],[76.0244,31.0013],[76.0267,30.9968],[76.0632,31.0005],[76.0707,30.9956],[76.0748,30.9981],[76.0841,30.9978],[76.0881,30.9951],[76.1033,30.9984],[76.1041,30.9962],[76.1207,30.993],[76.1225,30.993],[76.1224,30.9968],[76.1361,30.9975],[76.1431,30.9858],[76.1687,30.9894],[76.1666,30.9933],[76.1748,30.9959],[76.1805,30.9921],[76.1879,30.9961],[76.1818,31.0055],[76.2046,30.9999],[76.2043,31.0035],[76.2134,31.0046],[76.211,31.0121],[76.22,31.0116],[76.2199,31.0085],[76.2245,31.0028],[76.2251,31.0054],[76.2341,31.0059],[76.241,31.0024],[76.2563,31.0104],[76.2639,31.0031],[76.2747,31.0155],[76.2879,31.0091],[76.2894,31.0046],[76.2761,31.0024],[76.2767,31.0002],[76.2868,31.0024],[76.2927,30.9992],[76.2966,30.9884],[76.3056,30.9878],[76.3059,30.9923],[76.3133,30.9952],[76.3265,30.9943],[76.3251,30.9792],[76.345,30.9807],[76.3428,30.9749],[76.3588,30.9691],[76.3692,30.9723],[76.3692,30.9747],[76.3841,30.9754],[76.4065,30.9759],[76.4068,30.9726],[76.416,30.9713],[76.4575,30.9733],[76.4575,30.9763],[76.4684,30.9757],[76.4794,30.9795],[76.4936,30.9754],[76.4942,30.9794],[76.5097,30.9798],[76.5157,30.9889],[76.5185,30.9953],[76.5096,30.9995],[76.5072,31.0052],[76.5006,31.0047],[76.4976,31.0083],[76.4939,31.0087],[76.4865,31.0144],[76.4841,31.0213],[76.4776,31.0229],[76.4669,31.0316],[76.4613,31.0466],[76.4568,31.0505],[76.4573,31.0542],[76.4516,31.0562],[76.4516,31.0593],[76.4457,31.0646],[76.4463,31.0675],[76.4351,31.0785],[76.4357,31.0833],[76.4327,31.0846],[76.434,31.0879],[76.4322,31.0913],[76.4257,31.0959],[76.4296,31.0985],[76.4323,31.1058],[76.4292,31.1162],[76.4215,31.1185],[76.4129,31.1327],[76.3975,31.1406],[76.3936,31.1466],[76.3835,31.1533],[76.377,31.1704],[76.3709,31.1774],[76.3656,31.1892],[76.3598,31.1931],[76.3612,31.1958],[76.3562,31.201],[76.355,31.2061],[76.3481,31.2076],[76.3405,31.2164],[76.3387,31.2222],[76.3347,31.2248],[76.3286,31.2241],[76.3182,31.2142],[76.2947,31.2204],[76.2813,31.2287],[76.2772,31.2353],[76.257,31.2365],[76.2444,31.2451],[76.2363,31.2442],[76.2387,31.2267],[76.2354,31.2263],[76.2345,31.2172],[76.2301,31.2133],[76.2246,31.1983],[76.2348,31.2009],[76.2367,31.2068],[76.2459,31.1964],[76.2382,31.1868],[76.2345,31.1858],[76.2223,31.1854],[76.22,31.1875],[76.2119,31.1857],[76.2084,31.1913],[76.1957,31.1837],[76.1969,31.1761],[76.2052,31.169],[76.2077,31.159],[76.2009,31.1563],[76.2058,31.1499],[76.21,31.1371],[76.1878,31.1329],[76.1808,31.1358],[76.1702,31.1344],[76.1665,31.1403],[76.156,31.1408],[76.1559,31.1528],[76.1438,31.1522],[76.1442,31.1505],[76.1372,31.1469],[76.1296,31.1694],[76.1173,31.1666],[76.1073,31.173],[76.1054,31.1776],[76.0994,31.1799],[76.0936,31.1862],[76.0944,31.1914],[76.0914,31.1969],[76.0883,31.1976],[76.0853,31.2028],[76.0886,31.2143],[76.0857,31.2258],[76.0813,31.2254],[76.0774,31.2282],[76.0652,31.2258],[76.0653,31.2188],[76.0523,31.2165],[76.0493,31.2135],[76.0449,31.2186],[76.0546,31.2262],[76.0279,31.2425],[76.0263,31.2499],[76.0291,31.2506],[76.0253,31.2592],[76.0075,31.2445],[76.003,31.2444],[75.9932,31.2588],[75.9713,31.2529],[75.9678,31.2572],[75.9527,31.2555],[75.9547,31.2609],[75.9452,31.2675],[75.941,31.273],[75.9424,31.274],[75.934,31.2742],[75.9307,31.2686],[75.9248,31.2725],[75.9251,31.2761],[75.9162,31.2793],[75.9185,31.2814],[75.9149,31.2846],[75.911,31.2791],[75.9027,31.2786],[75.9007,31.2808],[75.8923,31.2761],[75.8957,31.2659],[75.9059,31.264],[75.9097,31.2601],[75.9012,31.2542],[75.8938,31.254],[75.8737,31.2442],[75.8687,31.2455],[75.8725,31.2515],[75.8686,31.2579],[75.8743,31.259],[75.8755,31.2622],[75.8704,31.2731],[75.8545,31.2792],[75.8505,31.2838]]]},"properties":{"dtname":"Shahid Bhagat Singh Nagar","stname":"PUNJAB","stcode11":"03","dtcode11":"039","year_stat":"2011_c","Shape_Length":314192.1083628755,"Shape_Area":1730419887.871156,"OBJECTID":635,"test":0,"Dist_LGD":40,"State_LGD":3}},{"type":"Feature","id":636,"geometry":{"type":"Polygon","coordinates":[[[74.4199,30.6124],[74.216,30.691],[74.1969,30.6681],[74.1816,30.6613],[74.1693,30.6486],[74.1632,30.6484],[74.1595,30.6415],[74.1561,30.6406],[74.1491,30.6316],[74.1377,30.6274],[74.1274,30.6347],[74.1267,30.624],[74.1211,30.6225],[74.1179,30.6078],[74.105,30.6192],[74.0959,30.6114],[74.1019,30.6109],[74.1013,30.6032],[74.0952,30.6011],[74.0986,30.5905],[74.0963,30.5873],[74.1019,30.5791],[74.0735,30.5546],[74.0799,30.5483],[74.0909,30.5494],[74.0723,30.5229],[74.0573,30.5186],[74.0521,30.5262],[74.0501,30.5371],[74.0392,30.5426],[74.038,30.5317],[74.031,30.5269],[74.0238,30.526],[74.0119,30.5336],[74.0109,30.5211],[74.0199,30.5141],[73.9927,30.5142],[73.982,30.504],[73.976,30.494],[73.9637,30.4848],[73.9696,30.4783],[73.9697,30.4752],[73.9641,30.4564],[73.9501,30.46],[73.9469,30.4638],[73.9475,30.4682],[73.9458,30.4682],[73.9477,30.4839],[73.9346,30.4901],[73.931,30.4761],[73.9318,30.4672],[73.928,30.4658],[73.9376,30.4521],[73.9373,30.445],[73.9265,30.4389],[73.937,30.4365],[73.9497,30.437],[73.96,30.4408],[73.9681,30.4402],[73.9738,30.4439],[73.9663,30.4323],[73.9644,30.4242],[73.9492,30.4173],[73.9363,30.4018],[73.9216,30.3976],[73.9139,30.3825],[73.9005,30.3727],[73.8841,30.367],[73.8798,30.3598],[73.9026,30.3491],[73.9309,30.3201],[73.9406,30.2993],[73.9597,30.27],[73.9639,30.2572],[73.9739,30.1919],[73.9729,30.1779],[73.9682,30.1685],[73.968,30.1437],[73.9707,30.1251],[73.9751,30.12],[73.9676,30.1189],[73.9522,30.104],[73.9494,30.0959],[73.9299,30.0685],[73.904,30.05],[73.8937,30.0223],[73.8863,30.0121],[73.8862,29.9961],[73.8957,29.9813],[73.8947,29.9738],[74.1017,29.9671],[74.4481,29.9471],[74.432,29.9675],[74.4221,29.9977],[74.4599,30.0064],[74.4626,30.0088],[74.4611,30.014],[74.4515,30.0297],[74.4233,30.0261],[74.4058,30.0285],[74.4137,30.0288],[74.4141,30.0356],[74.3932,30.0561],[74.3956,30.0583],[74.3871,30.0697],[74.3891,30.0744],[74.3657,30.0871],[74.3729,30.1035],[74.3718,30.1076],[74.3819,30.1117],[74.3965,30.1084],[74.4083,30.0956],[74.4129,30.0976],[74.4007,30.111],[74.4,30.1165],[74.381,30.131],[74.3744,30.1459],[74.3747,30.1534],[74.3593,30.1551],[74.3359,30.1634],[74.348,30.1918],[74.3448,30.1991],[74.3529,30.2142],[74.3582,30.2407],[74.3238,30.2449],[74.2864,30.2333],[74.2635,30.2473],[74.2644,30.2535],[74.2711,30.2634],[74.2826,30.2743],[74.2975,30.2653],[74.2973,30.2747],[74.3061,30.3022],[74.3034,30.3089],[74.3121,30.3197],[74.3254,30.3296],[74.3226,30.331],[74.3188,30.3544],[74.31,30.3602],[74.3078,30.3702],[74.3148,30.3872],[74.3165,30.3891],[74.3407,30.3861],[74.3533,30.3822],[74.3575,30.3893],[74.3576,30.4027],[74.3359,30.4084],[74.2924,30.4141],[74.2787,30.42],[74.2582,30.4226],[74.244,30.4275],[74.2708,30.4276],[74.2744,30.4312],[74.2784,30.4304],[74.2912,30.4365],[74.3063,30.446],[74.3276,30.4453],[74.3439,30.4635],[74.3467,30.4736],[74.3462,30.4843],[74.3625,30.4803],[74.3758,30.4847],[74.3788,30.4959],[74.3831,30.4999],[74.3772,30.5097],[74.373,30.5125],[74.388,30.5251],[74.3948,30.5281],[74.3988,30.5268],[74.4011,30.5354],[74.3916,30.5412],[74.3881,30.5467],[74.375,30.5487],[74.3798,30.5575],[74.3761,30.5587],[74.3749,30.5678],[74.369,30.5768],[74.367,30.5861],[74.3697,30.5888],[74.3844,30.5906],[74.3978,30.597],[74.4195,30.5971],[74.4193,30.6042],[74.4137,30.6123],[74.4199,30.6124]]]},"properties":{"dtname":"Fazilka","stname":"PUNJAB","stcode11":"03","dtcode11":"701","year_stat":"update2014","Shape_Length":415980.80986364913,"Shape_Area":3879929467.8449364,"OBJECTID":636,"test":0,"Dist_LGD":651,"State_LGD":3}},{"type":"Feature","id":637,"geometry":{"type":"Polygon","coordinates":[[[75.1628,31.089],[75.1531,31.0838],[75.1458,31.0857],[75.1338,31.0738],[75.1201,31.0817],[75.1163,31.0782],[75.1119,31.0791],[75.1092,31.0752],[75.0993,31.0774],[75.0999,31.0722],[75.1082,31.0682],[75.104,31.0663],[75.1001,31.0652],[75.0943,31.0714],[75.0836,31.0688],[75.0818,31.0654],[75.0844,31.0622],[75.0964,31.0587],[75.0943,31.0471],[75.0728,31.0469],[75.062,31.0677],[75.0517,31.0626],[75.0473,31.052],[75.0529,31.0429],[75.0678,31.0408],[75.0676,31.0343],[75.0955,31.0256],[75.1032,31.0154],[75.0963,31.0025],[75.1021,30.9975],[75.0961,30.9917],[75.0995,30.9791],[75.1035,30.9756],[75.1029,30.9721],[75.0938,30.9755],[75.0865,30.9587],[75.0776,30.9576],[75.0785,30.9464],[75.0698,30.9451],[75.051,30.9236],[75.0408,30.9222],[75.0364,30.9173],[75.0304,30.8968],[75.016,30.8923],[75.0043,30.8933],[75.0004,30.8958],[74.9965,30.8888],[74.9653,30.8907],[74.9579,30.8891],[74.9521,30.8917],[74.9516,30.885],[74.9424,30.8777],[74.9478,30.856],[74.9409,30.839],[74.9457,30.8347],[74.9471,30.8288],[74.9281,30.8045],[74.9307,30.7891],[74.9149,30.7822],[74.9141,30.7752],[74.9105,30.7706],[74.9116,30.7636],[74.9071,30.7583],[74.9077,30.754],[74.9118,30.7513],[74.9122,30.7421],[74.9086,30.7366],[74.9106,30.7344],[74.9106,30.7241],[74.904,30.7044],[74.9152,30.6833],[74.9187,30.6824],[74.9189,30.6851],[74.9228,30.688],[74.9221,30.6793],[74.9556,30.6779],[74.9576,30.6702],[74.9583,30.6569],[74.9499,30.6451],[74.9561,30.6369],[74.9532,30.6261],[74.9486,30.623],[74.9466,30.6095],[74.9482,30.6095],[74.9496,30.6004],[74.9554,30.5941],[74.9471,30.5846],[74.9502,30.5807],[74.9445,30.572],[74.9504,30.569],[74.9559,30.5618],[74.9627,30.5609],[74.9637,30.5524],[74.9784,30.5431],[74.9903,30.5436],[74.9958,30.5365],[74.9971,30.5332],[74.99,30.5206],[74.9938,30.5112],[74.9922,30.4999],[74.9991,30.4868],[75.0047,30.4916],[75.0205,30.491],[75.0287,30.4975],[75.0324,30.5043],[75.0418,30.5042],[75.0429,30.5012],[75.0515,30.5035],[75.055,30.5016],[75.0586,30.504],[75.0619,30.5015],[75.0847,30.5319],[75.1052,30.5213],[75.122,30.5245],[75.1282,30.5223],[75.1311,30.5274],[75.1307,30.5377],[75.121,30.5616],[75.1244,30.5675],[75.1457,30.5824],[75.1544,30.5766],[75.1653,30.5791],[75.1722,30.5603],[75.1793,30.5518],[75.1831,30.5331],[75.1804,30.5212],[75.1811,30.5106],[75.1925,30.5087],[75.1954,30.5122],[75.2017,30.507],[75.207,30.5095],[75.2057,30.5134],[75.212,30.5164],[75.2211,30.508],[75.2276,30.5077],[75.2333,30.5119],[75.2377,30.5101],[75.249,30.5179],[75.2543,30.5161],[75.2621,30.5209],[75.2656,30.5206],[75.2828,30.5081],[75.2852,30.5105],[75.2879,30.5089],[75.2941,30.5116],[75.293,30.5161],[75.3019,30.5228],[75.3042,30.5275],[75.3117,30.5285],[75.313,30.5359],[75.3225,30.5383],[75.3307,30.5334],[75.332,30.529],[75.3301,30.526],[75.3339,30.526],[75.3348,30.5208],[75.3449,30.5148],[75.3466,30.5168],[75.3545,30.5168],[75.3607,30.5131],[75.3669,30.5193],[75.3689,30.517],[75.3721,30.5178],[75.3753,30.5216],[75.3892,30.5274],[75.4,30.5283],[75.4094,30.5357],[75.4195,30.5488],[75.4197,30.5532],[75.4087,30.559],[75.4092,30.5619],[75.4042,30.5664],[75.4065,30.5673],[75.4048,30.5757],[75.4088,30.5841],[75.3972,30.5942],[75.4015,30.6065],[75.4018,30.6175],[75.396,30.6211],[75.3954,30.6251],[75.3877,30.6269],[75.3766,30.624],[75.3736,30.6262],[75.3788,30.6395],[75.3732,30.6412],[75.3734,30.6447],[75.3702,30.6469],[75.381,30.6629],[75.382,30.6687],[75.3764,30.6787],[75.3676,30.6864],[75.3697,30.6992],[75.3684,30.707],[75.3704,30.7106],[75.3782,30.7089],[75.3838,30.713],[75.3859,30.7188],[75.3848,30.7236],[75.3778,30.7234],[75.3723,30.7345],[75.3772,30.7394],[75.3752,30.7487],[75.3781,30.7506],[75.3852,30.766],[75.3959,30.8049],[75.3763,30.814],[75.3673,30.8266],[75.3674,30.8354],[75.3756,30.8514],[75.3826,30.8534],[75.3991,30.8649],[75.3988,30.8748],[75.4063,30.884],[75.4046,30.8891],[75.3941,30.8978],[75.3932,30.9039],[75.3779,30.9067],[75.3826,30.9249],[75.3754,30.9272],[75.3734,30.9241],[75.3697,30.9251],[75.3721,30.9374],[75.3661,30.9367],[75.3659,30.9478],[75.3607,30.9612],[75.3677,30.97],[75.3609,30.9792],[75.3558,30.9824],[75.3574,30.9867],[75.3562,30.9982],[75.3584,30.9996],[75.3563,31.0013],[75.3534,30.998],[75.3519,30.9993],[75.3478,30.9969],[75.3417,30.9879],[75.3362,30.9984],[75.3315,31.0033],[75.3282,31.0036],[75.3278,31.0098],[75.3218,31.007],[75.3098,31.0093],[75.3088,31.0145],[75.2949,31.0149],[75.291,31.0356],[75.2816,31.0421],[75.2713,31.0367],[75.2679,31.0436],[75.2538,31.0444],[75.2591,31.0377],[75.2558,31.03],[75.2524,31.0327],[75.239,31.0316],[75.2302,31.0373],[75.2241,31.0347],[75.2248,31.0295],[75.2153,31.0322],[75.21,31.0294],[75.2082,31.0256],[75.2051,31.0277],[75.2039,31.0202],[75.2013,31.0261],[75.21,31.0402],[75.2069,31.0541],[75.1985,31.0534],[75.1902,31.056],[75.1772,31.0531],[75.1735,31.0624],[75.1834,31.0777],[75.1784,31.0814],[75.1731,31.0805],[75.1725,31.0831],[75.1632,31.0826],[75.1628,31.089]]]},"properties":{"dtname":"Moga","stname":"PUNJAB","stcode11":"03","dtcode11":"042","year_stat":"2011_c","Shape_Length":345148.01389451977,"Shape_Area":3036136857.4583197,"OBJECTID":637,"test":1,"Dist_LGD":38,"State_LGD":3}},{"type":"Feature","id":638,"geometry":{"type":"Polygon","coordinates":[[[75.3748,30.9984],[75.3717,30.9981],[75.3672,30.9907],[75.3568,30.9933],[75.3558,30.9824],[75.3609,30.9792],[75.3677,30.97],[75.3607,30.9612],[75.3659,30.9478],[75.3661,30.9367],[75.3721,30.9374],[75.3697,30.9251],[75.3734,30.9241],[75.3754,30.9272],[75.3826,30.9249],[75.3779,30.9067],[75.3932,30.9039],[75.3941,30.8978],[75.4046,30.8891],[75.4063,30.884],[75.3988,30.8748],[75.3991,30.8649],[75.3826,30.8534],[75.3756,30.8514],[75.3674,30.8354],[75.3673,30.8266],[75.3763,30.814],[75.3959,30.8049],[75.3852,30.766],[75.3781,30.7506],[75.3752,30.7487],[75.3772,30.7394],[75.3723,30.7345],[75.3778,30.7234],[75.3848,30.7236],[75.3859,30.7188],[75.3838,30.713],[75.3782,30.7089],[75.3704,30.7106],[75.3684,30.707],[75.3697,30.6992],[75.3676,30.6864],[75.3764,30.6787],[75.382,30.6687],[75.381,30.6629],[75.3702,30.6469],[75.3734,30.6447],[75.3732,30.6412],[75.3788,30.6395],[75.3736,30.6262],[75.3766,30.624],[75.3877,30.6269],[75.3954,30.6251],[75.396,30.6211],[75.4011,30.6187],[75.4015,30.6065],[75.3972,30.5942],[75.4088,30.5841],[75.4316,30.5842],[75.4341,30.5933],[75.4373,30.591],[75.4423,30.5943],[75.4449,30.592],[75.454,30.6012],[75.464,30.5995],[75.4642,30.6059],[75.4665,30.6058],[75.4768,30.6014],[75.4839,30.6021],[75.4904,30.5985],[75.496,30.5986],[75.4876,30.583],[75.5016,30.5736],[75.5069,30.5726],[75.5099,30.5803],[75.5186,30.5872],[75.5289,30.5851],[75.5267,30.5792],[75.5283,30.571],[75.5322,30.5678],[75.537,30.5673],[75.5409,30.5785],[75.5488,30.5803],[75.5536,30.58],[75.5658,30.5721],[75.5789,30.5696],[75.5798,30.5735],[75.5856,30.5753],[75.5895,30.5832],[75.6038,30.5942],[75.6094,30.5937],[75.6268,30.6009],[75.638,30.5943],[75.6548,30.5911],[75.6751,30.5965],[75.6828,30.6061],[75.6981,30.6058],[75.703,30.6032],[75.7334,30.6201],[75.7383,30.6318],[75.7521,30.6319],[75.7611,30.6375],[75.7802,30.6283],[75.7821,30.6246],[75.789,30.6235],[75.7973,30.63],[75.7968,30.632],[75.78,30.6418],[75.7743,30.6493],[75.7729,30.6596],[75.7652,30.658],[75.763,30.6635],[75.7648,30.6703],[75.7713,30.6733],[75.7815,30.6712],[75.7809,30.6607],[75.7857,30.6568],[75.8037,30.6644],[75.8151,30.6641],[75.8179,30.6681],[75.8167,30.6741],[75.8223,30.6779],[75.8162,30.687],[75.8218,30.6907],[75.8338,30.6924],[75.8378,30.68],[75.8438,30.6804],[75.8524,30.6702],[75.8591,30.6704],[75.8668,30.6782],[75.8793,30.6763],[75.8834,30.6641],[75.8954,30.6596],[75.898,30.6475],[75.8724,30.6393],[75.8723,30.6289],[75.8882,30.6205],[75.8878,30.607],[75.9027,30.6038],[75.9087,30.6116],[75.9234,30.6087],[75.9292,30.5973],[75.9209,30.592],[75.9268,30.5843],[75.9253,30.578],[75.9354,30.5682],[75.9477,30.5705],[75.953,30.5746],[75.961,30.5904],[76.0006,30.6035],[76.01,30.6158],[76.0278,30.6153],[76.0337,30.6064],[76.0321,30.6008],[76.0353,30.589],[76.0536,30.5833],[76.0578,30.5786],[76.0661,30.5835],[76.0678,30.5824],[76.0692,30.577],[76.0653,30.5692],[76.07,30.564],[76.0786,30.5658],[76.0845,30.562],[76.0896,30.568],[76.0964,30.5641],[76.098,30.5605],[76.1077,30.5621],[76.108,30.5761],[76.1145,30.5798],[76.1102,30.5874],[76.1255,30.597],[76.1206,30.6008],[76.1252,30.6028],[76.1165,30.6149],[76.1279,30.6228],[76.1252,30.6275],[76.1278,30.6295],[76.1528,30.6398],[76.152,30.6551],[76.1691,30.6619],[76.1716,30.6668],[76.1711,30.6755],[76.1737,30.6793],[76.1807,30.6794],[76.1825,30.6716],[76.1879,30.6677],[76.1982,30.6752],[76.2056,30.6741],[76.2188,30.6793],[76.229,30.6769],[76.2397,30.6811],[76.2473,30.6789],[76.2553,30.6808],[76.2617,30.676],[76.264,30.6774],[76.2661,30.6755],[76.2717,30.6785],[76.275,30.6756],[76.2813,30.6816],[76.3033,30.6784],[76.3121,30.6874],[76.3198,30.688],[76.3233,30.6933],[76.3186,30.7041],[76.3059,30.7042],[76.2976,30.7173],[76.2911,30.714],[76.2779,30.7283],[76.2757,30.7341],[76.2839,30.738],[76.2809,30.7463],[76.2885,30.7472],[76.3013,30.7544],[76.3109,30.7562],[76.3049,30.768],[76.3007,30.7671],[76.2897,30.7825],[76.2723,30.7758],[76.2618,30.7867],[76.2691,30.7931],[76.2691,30.7992],[76.289,30.8082],[76.2801,30.8202],[76.2812,30.8303],[76.2914,30.8318],[76.2902,30.8334],[76.294,30.8359],[76.3111,30.8423],[76.2977,30.8669],[76.3012,30.8718],[76.3195,30.8771],[76.3197,30.9143],[76.3127,30.9247],[76.3215,30.9273],[76.3237,30.9301],[76.3176,30.9507],[76.3161,30.9738],[76.3123,30.988],[76.2966,30.9884],[76.2927,30.9992],[76.2868,31.0024],[76.2767,31.0002],[76.2761,31.0024],[76.2894,31.0046],[76.2879,31.0091],[76.2822,31.0103],[76.277,31.0151],[76.2747,31.0155],[76.2639,31.0031],[76.2563,31.0104],[76.241,31.0024],[76.2341,31.0059],[76.2251,31.0054],[76.2245,31.0028],[76.2199,31.0085],[76.22,31.0116],[76.211,31.0121],[76.2134,31.0046],[76.2043,31.0035],[76.2046,30.9999],[76.1818,31.0055],[76.1879,30.9961],[76.1805,30.9921],[76.1748,30.9959],[76.1666,30.9933],[76.1687,30.9894],[76.1431,30.9858],[76.1361,30.9975],[76.1224,30.9968],[76.1225,30.993],[76.1207,30.993],[76.1041,30.9962],[76.1033,30.9984],[76.0881,30.9951],[76.0841,30.9978],[76.0748,30.9981],[76.0707,30.9956],[76.0632,31.0005],[76.0267,30.9968],[76.0244,31.0013],[76.0042,31.0039],[76.0048,31.0064],[75.9915,31.0093],[75.9878,31.0045],[75.9709,31.004],[75.9696,31.0146],[75.9592,31.0183],[75.9525,31.0103],[75.934,31.0094],[75.9334,31.012],[75.9211,31.0117],[75.9151,31.0174],[75.9056,31.0168],[75.8977,31.0082],[75.8985,31.0048],[75.8845,31.009],[75.8672,31.0082],[75.8649,31.0042],[75.8564,31.0044],[75.8561,31.001],[75.8201,31.0005],[75.8179,30.9964],[75.7986,30.9942],[75.7884,30.995],[75.777,31.0011],[75.7775,31.0032],[75.7712,31.0031],[75.7725,31.0069],[75.7703,31.0095],[75.7623,31.0091],[75.7639,31.0131],[75.747,31.0128],[75.7354,31.009],[75.7358,31.0054],[75.7152,31.0044],[75.7164,31.0001],[75.703,30.9989],[75.7035,30.9956],[75.6887,30.9946],[75.6866,30.9918],[75.6769,30.9915],[75.668,30.9849],[75.6417,30.9798],[75.6425,30.9771],[75.6101,30.9751],[75.6062,30.9695],[75.5943,30.9686],[75.5934,30.971],[75.585,30.9702],[75.5756,30.9776],[75.543,30.9759],[75.543,30.9682],[75.537,30.9661],[75.5324,30.9718],[75.5146,30.9762],[75.5064,30.9764],[75.5061,30.9731],[75.5009,30.9724],[75.4975,30.9681],[75.4885,30.971],[75.482,30.9679],[75.4739,30.9809],[75.468,30.9757],[75.4644,30.9768],[75.4623,30.9747],[75.454,30.9831],[75.4478,30.9828],[75.445,30.9804],[75.4409,30.9825],[75.4367,30.9802],[75.4169,30.986],[75.4089,30.9788],[75.4048,30.9808],[75.4034,30.9899],[75.3991,30.996],[75.3939,30.9955],[75.3838,30.9892],[75.3757,30.9945],[75.3748,30.9984]]]},"properties":{"dtname":"Ludhiana","stname":"PUNJAB","stcode11":"03","dtcode11":"041","year_stat":"2011_c","Shape_Length":469716.42911109264,"Shape_Area":5019782020.675632,"OBJECTID":638,"test":0,"Dist_LGD":36,"State_LGD":3}},{"type":"Feature","id":642,"geometry":{"type":"Polygon","coordinates":[[[76.7374,30.9396],[76.7312,30.934],[76.717,30.9288],[76.6998,30.9319],[76.6896,30.9239],[76.6864,30.9178],[76.6801,30.9148],[76.662,30.9144],[76.6448,30.9045],[76.6381,30.9053],[76.6368,30.9025],[76.6281,30.9021],[76.6253,30.8957],[76.6205,30.8964],[76.6068,30.8908],[76.609,30.8833],[76.5992,30.8793],[76.5968,30.8749],[76.597,30.8689],[76.6028,30.8582],[76.591,30.8538],[76.5917,30.8521],[76.5876,30.8511],[76.586,30.8597],[76.5744,30.8584],[76.5729,30.8661],[76.5781,30.8661],[76.5779,30.8694],[76.5664,30.8672],[76.5697,30.8513],[76.5788,30.8581],[76.584,30.8516],[76.553,30.8383],[76.5566,30.8297],[76.5604,30.8297],[76.5651,30.8182],[76.5594,30.8147],[76.5637,30.808],[76.56,30.8052],[76.5618,30.7998],[76.5557,30.7964],[76.5588,30.7859],[76.5531,30.7827],[76.5403,30.7806],[76.5333,30.7666],[76.522,30.7571],[76.5318,30.741],[76.5215,30.7331],[76.5313,30.7246],[76.5347,30.7098],[76.5467,30.7124],[76.5521,30.7077],[76.5559,30.7014],[76.554,30.6905],[76.5661,30.6863],[76.5711,30.6755],[76.5707,30.6715],[76.576,30.6653],[76.5875,30.6672],[76.5952,30.6614],[76.5936,30.6575],[76.5984,30.6521],[76.6034,30.6551],[76.6199,30.6419],[76.6259,30.6449],[76.6291,30.6381],[76.6301,30.6236],[76.6333,30.619],[76.6413,30.6275],[76.6523,30.6258],[76.6583,30.6106],[76.6626,30.6127],[76.6657,30.611],[76.6632,30.6015],[76.6684,30.5933],[76.6609,30.5871],[76.6629,30.5832],[76.6847,30.5939],[76.6893,30.5937],[76.6836,30.5791],[76.6858,30.5729],[76.6985,30.5708],[76.7001,30.5741],[76.7055,30.5749],[76.7033,30.5871],[76.7106,30.5853],[76.7187,30.5899],[76.7218,30.5861],[76.7206,30.5821],[76.7319,30.5708],[76.7387,30.5743],[76.7396,30.5814],[76.7468,30.5879],[76.7514,30.5965],[76.7571,30.597],[76.7638,30.6061],[76.7733,30.6104],[76.7782,30.6088],[76.7836,30.6031],[76.7833,30.5998],[76.788,30.5972],[76.7805,30.593],[76.7726,30.5833],[76.7764,30.5756],[76.7619,30.5594],[76.7692,30.5518],[76.7657,30.5507],[76.7598,30.5578],[76.7521,30.5555],[76.7511,30.547],[76.754,30.5434],[76.7511,30.5377],[76.7544,30.533],[76.7607,30.5337],[76.7658,30.5308],[76.7636,30.528],[76.768,30.5246],[76.787,30.5189],[76.7801,30.5105],[76.7719,30.5075],[76.7691,30.5035],[76.7677,30.496],[76.7693,30.4858],[76.7654,30.4754],[76.753,30.4698],[76.7521,30.4604],[76.7559,30.4579],[76.754,30.4562],[76.7553,30.4522],[76.7585,30.4512],[76.7556,30.4452],[76.7463,30.4432],[76.7487,30.4389],[76.7481,30.4289],[76.7576,30.4276],[76.7688,30.4308],[76.7772,30.4413],[76.7876,30.4335],[76.7803,30.4296],[76.7773,30.4248],[76.7896,30.415],[76.7951,30.4187],[76.8039,30.4126],[76.8111,30.4164],[76.8234,30.4116],[76.8393,30.4261],[76.8362,30.4297],[76.8377,30.4316],[76.8468,30.4381],[76.851,30.4353],[76.8561,30.4177],[76.8683,30.414],[76.8744,30.4095],[76.8833,30.4087],[76.8813,30.4059],[76.8843,30.4043],[76.8823,30.4005],[76.8839,30.3977],[76.8808,30.3939],[76.8833,30.3921],[76.8862,30.3941],[76.8979,30.3821],[76.8903,30.3695],[76.8975,30.3593],[76.9018,30.3624],[76.9156,30.3653],[76.9212,30.3747],[76.9348,30.3834],[76.9394,30.3931],[76.931,30.4009],[76.9212,30.4003],[76.9183,30.398],[76.9112,30.3999],[76.918,30.4065],[76.9158,30.4148],[76.9112,30.4192],[76.9147,30.4251],[76.9097,30.4295],[76.9073,30.4251],[76.8986,30.4258],[76.9065,30.4358],[76.8974,30.4342],[76.898,30.4314],[76.8949,30.4273],[76.8864,30.4297],[76.8906,30.441],[76.896,30.4395],[76.8952,30.446],[76.899,30.4465],[76.9123,30.4658],[76.911,30.4709],[76.8969,30.4811],[76.8989,30.4888],[76.9108,30.4943],[76.9189,30.4895],[76.9311,30.5009],[76.9286,30.5076],[76.9292,30.5171],[76.932,30.5222],[76.9215,30.5262],[76.9156,30.5258],[76.9125,30.534],[76.9062,30.5372],[76.896,30.5382],[76.8865,30.5499],[76.9049,30.543],[76.9161,30.5537],[76.9175,30.5592],[76.9089,30.5648],[76.9177,30.5761],[76.9149,30.5785],[76.9151,30.5822],[76.9198,30.5852],[76.9096,30.5919],[76.9202,30.5933],[76.9271,30.6037],[76.9223,30.6056],[76.926,30.6101],[76.9135,30.6115],[76.9101,30.6262],[76.9028,30.6244],[76.8997,30.6282],[76.8955,30.629],[76.8928,30.6311],[76.8964,30.6359],[76.8851,30.6453],[76.8776,30.6442],[76.8748,30.6409],[76.8712,30.6422],[76.8764,30.6806],[76.8592,30.6611],[76.8498,30.6569],[76.8449,30.6591],[76.8447,30.6624],[76.8481,30.666],[76.8458,30.6687],[76.8325,30.6632],[76.83,30.6759],[76.8313,30.6791],[76.8273,30.6822],[76.8163,30.6714],[76.8073,30.667],[76.8024,30.6665],[76.8003,30.6703],[76.7965,30.6676],[76.7897,30.6757],[76.7812,30.6743],[76.7766,30.6704],[76.764,30.6864],[76.7524,30.6845],[76.7499,30.6884],[76.7477,30.6876],[76.7471,30.6956],[76.7393,30.6929],[76.7391,30.7058],[76.73,30.7069],[76.7291,30.7118],[76.7313,30.7126],[76.7287,30.7159],[76.7312,30.7175],[76.7311,30.7236],[76.7212,30.73],[76.7142,30.741],[76.7074,30.7395],[76.7052,30.743],[76.7084,30.7504],[76.7052,30.7561],[76.7102,30.7607],[76.7439,30.7697],[76.7454,30.7727],[76.7436,30.7762],[76.7522,30.7803],[76.7517,30.7843],[76.7715,30.7953],[76.7754,30.7906],[76.7828,30.7892],[76.787,30.7796],[76.7793,30.778],[76.7826,30.7708],[76.7901,30.7708],[76.7913,30.7675],[76.8132,30.7802],[76.8185,30.778],[76.8173,30.7749],[76.8197,30.775],[76.8191,30.7729],[76.805,30.7653],[76.815,30.753],[76.82,30.7611],[76.8265,30.7635],[76.8377,30.7545],[76.8418,30.7745],[76.8543,30.7873],[76.8507,30.7912],[76.857,30.7948],[76.8453,30.8072],[76.8488,30.8142],[76.8467,30.834],[76.8298,30.8391],[76.8232,30.8445],[76.814,30.843],[76.8146,30.8525],[76.8012,30.866],[76.7905,30.8698],[76.7843,30.8779],[76.7774,30.8967],[76.7765,30.9051],[76.7714,30.9071],[76.7661,30.9208],[76.76,30.9227],[76.7569,30.9277],[76.7498,30.9274],[76.7374,30.9396]]]},"properties":{"dtname":"Sahibzada Ajit Singh Nag*","stname":"PUNJAB","stcode11":"03","dtcode11":"052","year_stat":"2011_c","Shape_Length":376644.2632838849,"Shape_Area":1477915817.850088,"OBJECTID":642,"test":0,"Dist_LGD":608,"State_LGD":3}},{"type":"Feature","id":643,"geometry":{"type":"Polygon","coordinates":[[[74.6241,30.8363],[74.6175,30.8285],[74.6114,30.8272],[74.5964,30.8093],[74.5773,30.8082],[74.5651,30.7997],[74.5423,30.7925],[74.5302,30.7835],[74.5209,30.771],[74.5017,30.7654],[74.4716,30.7505],[74.4688,30.7451],[74.474,30.7155],[74.4728,30.6987],[74.4802,30.673],[74.4977,30.6691],[74.5426,30.6651],[74.5604,30.6657],[74.5741,30.6626],[74.5799,30.6587],[74.5894,30.6583],[74.5992,30.6473],[74.6089,30.6432],[74.6113,30.6363],[74.6192,30.6395],[74.6241,30.6184],[74.632,30.6143],[74.6365,30.616],[74.6341,30.6101],[74.6387,30.6079],[74.6419,30.599],[74.6461,30.5952],[74.6576,30.5937],[74.6692,30.579],[74.6743,30.5788],[74.6859,30.5699],[74.6967,30.5673],[74.6989,30.5638],[74.7091,30.5588],[74.7071,30.5485],[74.7019,30.5403],[74.6957,30.5375],[74.685,30.5247],[74.6886,30.5184],[74.695,30.5189],[74.7185,30.5102],[74.7194,30.5049],[74.7375,30.4929],[74.7447,30.4935],[74.7491,30.4892],[74.7586,30.4966],[74.7607,30.4935],[74.7629,30.4839],[74.7478,30.4729],[74.7414,30.473],[74.74,30.4682],[74.7293,30.457],[74.7318,30.4493],[74.7425,30.4404],[74.7552,30.4338],[74.752,30.4292],[74.7593,30.4229],[74.7555,30.4091],[74.7555,30.3984],[74.7529,30.3943],[74.7577,30.3901],[74.77,30.3974],[74.7886,30.3959],[74.7973,30.3994],[74.8052,30.3972],[74.8074,30.4012],[74.8289,30.3893],[74.8378,30.388],[74.8532,30.3754],[74.8755,30.3895],[74.8911,30.3807],[74.9105,30.3759],[74.9178,30.3719],[74.9163,30.3704],[74.9213,30.3665],[74.9304,30.3686],[74.9441,30.3843],[74.9491,30.3829],[74.9616,30.3889],[74.9697,30.3984],[74.9706,30.4046],[74.9758,30.4036],[74.9759,30.4001],[74.9835,30.3986],[74.986,30.4025],[74.996,30.4048],[75.0132,30.3859],[75.023,30.381],[75.0274,30.3825],[75.0432,30.3791],[75.0463,30.3819],[75.0528,30.3887],[75.0525,30.4095],[75.0332,30.4276],[75.0228,30.4266],[75.0276,30.4386],[75.021,30.4421],[75.0341,30.4583],[75.0395,30.4595],[75.0503,30.4553],[75.0541,30.4586],[75.0425,30.4656],[75.0431,30.4736],[75.0307,30.4743],[75.0205,30.491],[75.0047,30.4916],[74.9991,30.4868],[74.9974,30.4883],[74.9922,30.4999],[74.9938,30.5112],[74.99,30.5206],[74.9971,30.5332],[74.9958,30.5365],[74.9903,30.5436],[74.9784,30.5431],[74.9637,30.5524],[74.9627,30.5609],[74.9559,30.5618],[74.9504,30.569],[74.9445,30.572],[74.9502,30.5807],[74.9471,30.5846],[74.9554,30.5941],[74.9496,30.6004],[74.9482,30.6095],[74.9466,30.6095],[74.9486,30.623],[74.9532,30.6261],[74.9561,30.6369],[74.9499,30.6451],[74.9583,30.6569],[74.9576,30.6702],[74.9556,30.6779],[74.9221,30.6793],[74.9228,30.688],[74.9189,30.6851],[74.9187,30.6824],[74.9152,30.6833],[74.904,30.7044],[74.9106,30.7241],[74.9098,30.7358],[74.9031,30.7393],[74.8921,30.7383],[74.8834,30.7408],[74.8803,30.7458],[74.8752,30.7467],[74.8583,30.7437],[74.8547,30.7475],[74.8568,30.751],[74.8547,30.7572],[74.846,30.7579],[74.8355,30.7704],[74.8142,30.7678],[74.808,30.7753],[74.8071,30.7893],[74.7836,30.7946],[74.7811,30.8069],[74.773,30.8133],[74.7699,30.8118],[74.7713,30.8156],[74.7549,30.8127],[74.7471,30.8231],[74.7405,30.8263],[74.7273,30.823],[74.7085,30.8288],[74.6988,30.8265],[74.6925,30.831],[74.6875,30.83],[74.6814,30.8249],[74.6632,30.8342],[74.656,30.8293],[74.6532,30.8214],[74.6465,30.8186],[74.6241,30.8363]]]},"properties":{"dtname":"Faridkot","stname":"PUNJAB","stcode11":"03","dtcode11":"045","year_stat":"2011_c","Shape_Length":258355.06700918573,"Shape_Area":1999600407.9173684,"OBJECTID":643,"test":0,"Dist_LGD":29,"State_LGD":3}},{"type":"Feature","id":644,"geometry":{"type":"Polygon","coordinates":[[[76.3281,30.8783],[76.2983,30.8699],[76.2988,30.8643],[76.3111,30.8423],[76.294,30.8359],[76.2902,30.8334],[76.2914,30.8318],[76.2812,30.8303],[76.2801,30.8202],[76.289,30.8082],[76.2691,30.7992],[76.2691,30.7931],[76.2618,30.7867],[76.2723,30.7758],[76.2897,30.7825],[76.3007,30.7671],[76.3049,30.768],[76.3109,30.7562],[76.3013,30.7544],[76.2885,30.7472],[76.2809,30.7463],[76.2839,30.738],[76.2757,30.7341],[76.2779,30.7283],[76.2911,30.714],[76.2976,30.7173],[76.3059,30.7042],[76.316,30.7051],[76.3194,30.7034],[76.3233,30.6933],[76.3198,30.688],[76.3121,30.6874],[76.3033,30.6784],[76.2813,30.6816],[76.275,30.6756],[76.2717,30.6785],[76.2661,30.6755],[76.2553,30.6808],[76.2473,30.6789],[76.2397,30.6811],[76.229,30.6769],[76.2188,30.6793],[76.2056,30.6741],[76.1982,30.6752],[76.1879,30.6677],[76.1825,30.6716],[76.1807,30.6794],[76.1737,30.6793],[76.1711,30.6755],[76.1716,30.6668],[76.1691,30.6619],[76.152,30.6551],[76.1528,30.6398],[76.1278,30.6295],[76.1252,30.6275],[76.1279,30.6228],[76.1165,30.6149],[76.1252,30.6028],[76.1206,30.6008],[76.1255,30.597],[76.1102,30.5874],[76.1145,30.5798],[76.108,30.5761],[76.1077,30.5621],[76.098,30.5605],[76.0964,30.5641],[76.0896,30.568],[76.0814,30.5578],[76.0793,30.5492],[76.0758,30.5466],[76.0865,30.5376],[76.0918,30.5399],[76.0955,30.535],[76.1079,30.5293],[76.1199,30.5454],[76.1236,30.5432],[76.1362,30.5236],[76.1454,30.5326],[76.1436,30.5347],[76.1542,30.5444],[76.1657,30.5352],[76.1686,30.5432],[76.1731,30.5471],[76.1831,30.5414],[76.1899,30.549],[76.2013,30.5512],[76.2033,30.5564],[76.2073,30.5547],[76.2153,30.5644],[76.2293,30.5701],[76.2379,30.5666],[76.2398,30.5568],[76.2364,30.5558],[76.2372,30.5502],[76.2444,30.5497],[76.2494,30.5589],[76.2564,30.5619],[76.2563,30.5673],[76.2685,30.559],[76.2751,30.5596],[76.2748,30.5529],[76.2836,30.545],[76.2861,30.5467],[76.2883,30.5446],[76.2939,30.5478],[76.3088,30.5455],[76.3144,30.5479],[76.3283,30.5403],[76.3232,30.5287],[76.3329,30.5035],[76.3281,30.4989],[76.3324,30.4958],[76.3297,30.4934],[76.3342,30.495],[76.3357,30.4931],[76.3345,30.4865],[76.3455,30.4796],[76.3436,30.4752],[76.3522,30.4602],[76.3619,30.4661],[76.3734,30.4687],[76.3732,30.4725],[76.3789,30.4701],[76.3822,30.4717],[76.3838,30.466],[76.3938,30.4581],[76.3968,30.452],[76.4067,30.4481],[76.4172,30.4641],[76.4253,30.4602],[76.4305,30.4567],[76.4271,30.449],[76.4274,30.4441],[76.433,30.4429],[76.4466,30.4507],[76.4488,30.4489],[76.4517,30.4505],[76.4595,30.4595],[76.4691,30.4546],[76.4703,30.4594],[76.465,30.4668],[76.4704,30.4738],[76.4766,30.4703],[76.4756,30.4688],[76.485,30.4652],[76.4987,30.4636],[76.5026,30.4696],[76.5025,30.4788],[76.4948,30.4876],[76.4982,30.4929],[76.4909,30.5011],[76.4967,30.5079],[76.491,30.5194],[76.5025,30.5274],[76.5005,30.5323],[76.5029,30.5345],[76.5001,30.5374],[76.4991,30.5454],[76.5006,30.5505],[76.5068,30.5547],[76.516,30.5429],[76.5146,30.5405],[76.5205,30.536],[76.5246,30.5405],[76.5214,30.5484],[76.5316,30.5546],[76.5348,30.5598],[76.5376,30.5575],[76.5441,30.5592],[76.563,30.5679],[76.565,30.5657],[76.5689,30.5685],[76.5715,30.5651],[76.5752,30.5669],[76.5879,30.5787],[76.5859,30.5798],[76.5956,30.5945],[76.5984,30.5965],[76.604,30.5919],[76.6133,30.6085],[76.6314,30.6158],[76.6333,30.619],[76.6289,30.6278],[76.6288,30.6393],[76.6259,30.6449],[76.6199,30.6419],[76.6034,30.6551],[76.5984,30.6521],[76.5936,30.6575],[76.5952,30.6614],[76.5875,30.6672],[76.576,30.6653],[76.5707,30.6715],[76.5711,30.6755],[76.5661,30.6863],[76.554,30.6905],[76.5559,30.7014],[76.5513,30.7087],[76.5467,30.7124],[76.5346,30.7099],[76.5313,30.7246],[76.5215,30.7331],[76.5318,30.741],[76.5215,30.7577],[76.5065,30.7494],[76.4949,30.7462],[76.4833,30.7507],[76.4694,30.7456],[76.4636,30.7547],[76.4595,30.7499],[76.4564,30.7548],[76.4442,30.7595],[76.4442,30.7836],[76.4416,30.7835],[76.4412,30.7904],[76.4428,30.797],[76.434,30.7992],[76.4333,30.8066],[76.4355,30.8105],[76.4319,30.8123],[76.4326,30.8192],[76.4244,30.8229],[76.4171,30.8196],[76.4084,30.8196],[76.4035,30.8274],[76.4029,30.8314],[76.4112,30.84],[76.4068,30.8471],[76.3944,30.8451],[76.3849,30.849],[76.3799,30.8532],[76.382,30.8603],[76.3695,30.866],[76.368,30.8722],[76.3569,30.8692],[76.3574,30.8662],[76.3486,30.8655],[76.3485,30.8738],[76.3375,30.8751],[76.3339,30.8697],[76.3281,30.8783]]]},"properties":{"dtname":"Fatehgarh Sahib","stname":"PUNJAB","stcode11":"03","dtcode11":"040","year_stat":"2011_c","Shape_Length":291323.75078901957,"Shape_Area":1567719449.4422169,"OBJECTID":644,"test":0,"Dist_LGD":30,"State_LGD":3}},{"type":"Feature","id":647,"geometry":{"type":"Polygon","coordinates":[[[74.5062,30.6688],[74.497,30.663],[74.4833,30.664],[74.4795,30.6597],[74.4756,30.6535],[74.4761,30.6466],[74.485,30.6381],[74.494,30.6372],[74.458,30.6204],[74.4642,30.6155],[74.4618,30.6083],[74.447,30.6244],[74.4403,30.6262],[74.4199,30.6116],[74.4137,30.6123],[74.4193,30.6042],[74.4195,30.5971],[74.3978,30.597],[74.3844,30.5906],[74.3697,30.5888],[74.367,30.5861],[74.369,30.5768],[74.3749,30.5678],[74.3761,30.5587],[74.3798,30.5575],[74.375,30.5487],[74.3881,30.5467],[74.3916,30.5412],[74.4011,30.5354],[74.3988,30.5268],[74.3948,30.5281],[74.388,30.5251],[74.373,30.5125],[74.3772,30.5097],[74.3831,30.4999],[74.3788,30.4959],[74.3758,30.4847],[74.3625,30.4803],[74.3462,30.4843],[74.3467,30.4736],[74.3439,30.4635],[74.3276,30.4453],[74.3063,30.446],[74.2912,30.4365],[74.2784,30.4304],[74.2744,30.4312],[74.2708,30.4276],[74.244,30.4275],[74.2582,30.4226],[74.2787,30.42],[74.2927,30.4141],[74.3505,30.4056],[74.3576,30.4027],[74.3582,30.3985],[74.3575,30.3893],[74.3533,30.3822],[74.3407,30.3861],[74.3165,30.3891],[74.3148,30.3872],[74.3078,30.3702],[74.31,30.3602],[74.3188,30.3544],[74.3226,30.331],[74.3254,30.3296],[74.3121,30.3197],[74.3034,30.3089],[74.3061,30.3022],[74.2973,30.2747],[74.2975,30.2653],[74.2826,30.2743],[74.2711,30.2634],[74.2644,30.2535],[74.2635,30.2473],[74.2864,30.2333],[74.3238,30.2449],[74.3582,30.2407],[74.3529,30.2142],[74.3448,30.1991],[74.348,30.1918],[74.3359,30.1634],[74.3593,30.1551],[74.3747,30.1534],[74.3744,30.1459],[74.381,30.131],[74.4,30.1165],[74.4007,30.111],[74.4129,30.0976],[74.4083,30.0956],[74.3965,30.1084],[74.3819,30.1117],[74.3718,30.1076],[74.3729,30.1035],[74.3657,30.0871],[74.3891,30.0744],[74.3871,30.0697],[74.3956,30.0583],[74.3932,30.0561],[74.4141,30.0356],[74.4137,30.0288],[74.4058,30.0285],[74.4233,30.0261],[74.4515,30.0297],[74.4611,30.014],[74.4626,30.0088],[74.4599,30.0064],[74.4221,29.9977],[74.432,29.9675],[74.4481,29.9471],[74.5272,29.9428],[74.5317,29.9492],[74.542,29.9401],[74.5608,29.9293],[74.559,29.9271],[74.5741,29.927],[74.5824,29.9243],[74.5967,29.9123],[74.6292,29.905],[74.6542,29.9056],[74.6492,29.9075],[74.6467,29.9114],[74.6516,29.9265],[74.6697,29.9392],[74.682,29.9433],[74.6936,29.9669],[74.7066,29.9769],[74.7005,29.9871],[74.7172,30.0134],[74.6944,30.0335],[74.6969,30.0372],[74.6936,30.0437],[74.694,30.0489],[74.7008,30.0618],[74.7049,30.0646],[74.6914,30.072],[74.685,30.0735],[74.6826,30.0719],[74.6763,30.0816],[74.6737,30.0897],[74.684,30.1038],[74.6832,30.1112],[74.6818,30.113],[74.67,30.1075],[74.6487,30.1103],[74.6291,30.1296],[74.64,30.1428],[74.6402,30.1509],[74.6561,30.163],[74.6864,30.1678],[74.6922,30.1608],[74.7032,30.1601],[74.7293,30.1752],[74.7349,30.1751],[74.7343,30.1788],[74.7372,30.1828],[74.7342,30.1924],[74.7244,30.1971],[74.7118,30.197],[74.716,30.2081],[74.7128,30.2132],[74.719,30.2207],[74.718,30.2256],[74.7256,30.23],[74.7206,30.2349],[74.7214,30.2425],[74.7178,30.2452],[74.718,30.2484],[74.7203,30.2573],[74.7346,30.2741],[74.7343,30.2788],[74.7424,30.2783],[74.7523,30.2871],[74.7335,30.3039],[74.7285,30.3057],[74.7274,30.3042],[74.7241,30.3087],[74.7463,30.3208],[74.7623,30.3206],[74.775,30.3274],[74.7852,30.3366],[74.7491,30.3431],[74.7077,30.3547],[74.6991,30.3545],[74.7,30.3567],[74.7133,30.3601],[74.7238,30.3661],[74.7448,30.3542],[74.7799,30.3393],[74.7815,30.3414],[74.7841,30.3393],[74.79,30.3411],[74.792,30.3368],[74.7963,30.3556],[74.8217,30.3929],[74.8074,30.4012],[74.8052,30.3972],[74.7973,30.3994],[74.7886,30.3959],[74.77,30.3974],[74.7577,30.3901],[74.7529,30.3943],[74.7555,30.3984],[74.7555,30.4091],[74.7593,30.4229],[74.752,30.4292],[74.7552,30.4338],[74.7425,30.4404],[74.7318,30.4493],[74.7293,30.457],[74.74,30.4682],[74.7414,30.473],[74.7478,30.4729],[74.7629,30.4839],[74.7607,30.4935],[74.7586,30.4966],[74.7491,30.4892],[74.7447,30.4935],[74.7375,30.4929],[74.7194,30.5049],[74.7185,30.5102],[74.7141,30.5125],[74.695,30.5189],[74.6886,30.5184],[74.6857,30.5268],[74.6967,30.5383],[74.7019,30.5403],[74.7071,30.5485],[74.7091,30.5588],[74.6989,30.5638],[74.6967,30.5673],[74.6859,30.5699],[74.6743,30.5788],[74.6692,30.579],[74.6576,30.5937],[74.6466,30.595],[74.6419,30.599],[74.6397,30.6067],[74.6341,30.6101],[74.6365,30.616],[74.632,30.6143],[74.6241,30.6184],[74.6192,30.6395],[74.6113,30.6363],[74.6089,30.6432],[74.5992,30.6473],[74.5898,30.658],[74.5799,30.6587],[74.572,30.6633],[74.5062,30.6688]]]},"properties":{"dtname":"Sri Muktsar Sahib","stname":"PUNJAB","stcode11":"03","dtcode11":"044","year_stat":"2011_c","Shape_Length":416546.0298347701,"Shape_Area":3555272500.9425073,"OBJECTID":647,"test":0,"Dist_LGD":39,"State_LGD":3}},{"type":"Feature","id":650,"geometry":{"type":"Polygon","coordinates":[[[75.8338,30.6924],[75.8218,30.6907],[75.8162,30.687],[75.8223,30.6779],[75.8167,30.6741],[75.8179,30.6681],[75.8151,30.6641],[75.8037,30.6644],[75.7857,30.6568],[75.7809,30.6607],[75.7815,30.6712],[75.7713,30.6733],[75.7648,30.6703],[75.763,30.6635],[75.7652,30.658],[75.7729,30.6596],[75.7743,30.6493],[75.78,30.6418],[75.7968,30.632],[75.7973,30.63],[75.789,30.6235],[75.7821,30.6246],[75.7802,30.6283],[75.7607,30.6375],[75.7521,30.6319],[75.7383,30.6318],[75.7334,30.6201],[75.7038,30.6035],[75.6981,30.6058],[75.6828,30.6061],[75.677,30.5976],[75.685,30.5901],[75.6762,30.5836],[75.6714,30.5711],[75.659,30.5627],[75.6652,30.5527],[75.659,30.5507],[75.6522,30.5431],[75.6584,30.5298],[75.6641,30.5286],[75.6652,30.5245],[75.677,30.5212],[75.6802,30.5104],[75.671,30.4991],[75.6587,30.4957],[75.6604,30.4913],[75.6573,30.485],[75.658,30.4808],[75.6648,30.4732],[75.6753,30.4725],[75.6729,30.4707],[75.6722,30.4575],[75.6628,30.4468],[75.6582,30.4441],[75.6536,30.4481],[75.6463,30.4407],[75.6493,30.4361],[75.6523,30.4355],[75.6553,30.4284],[75.6632,30.427],[75.6699,30.4201],[75.6647,30.4106],[75.6703,30.4031],[75.6644,30.3984],[75.6665,30.3958],[75.6659,30.3879],[75.6773,30.3789],[75.6753,30.3724],[75.6775,30.3695],[75.6769,30.3567],[75.6839,30.3515],[75.6802,30.3476],[75.6819,30.3458],[75.6675,30.3347],[75.6539,30.3372],[75.65,30.331],[75.6582,30.3165],[75.6555,30.3101],[75.665,30.2953],[75.6754,30.288],[75.69,30.2842],[75.7163,30.2833],[75.7306,30.2757],[75.73,30.2729],[75.7222,30.2731],[75.7191,30.2683],[75.7209,30.265],[75.7187,30.2602],[75.712,30.2555],[75.7004,30.2531],[75.6976,30.2419],[75.6922,30.2432],[75.6913,30.2393],[75.6877,30.2397],[75.687,30.237],[75.6912,30.2301],[75.6805,30.24],[75.6704,30.2364],[75.6485,30.238],[75.6418,30.2316],[75.6294,30.2278],[75.619,30.221],[75.6176,30.2179],[75.6136,30.2172],[75.5921,30.2225],[75.5838,30.2282],[75.5801,30.2238],[75.585,30.2196],[75.5852,30.2161],[75.5808,30.2157],[75.5804,30.2127],[75.5714,30.2073],[75.5723,30.2053],[75.5603,30.2018],[75.5573,30.1978],[75.5555,30.1943],[75.5597,30.1869],[75.5554,30.1773],[75.5596,30.1762],[75.5621,30.17],[75.5761,30.1556],[75.5744,30.1521],[75.5783,30.1492],[75.5769,30.1439],[75.6055,30.1359],[75.6255,30.1427],[75.6277,30.1352],[75.6241,30.1344],[75.6249,30.1305],[75.6301,30.1271],[75.6281,30.1246],[75.6336,30.1208],[75.6343,30.116],[75.6469,30.1125],[75.6488,30.115],[75.6547,30.115],[75.6467,30.103],[75.6413,30.1016],[75.6344,30.0934],[75.624,30.0878],[75.6223,30.0847],[75.6368,30.0732],[75.6327,30.0698],[75.6401,30.0658],[75.6351,30.0471],[75.6422,30.0416],[75.6381,30.0295],[75.6415,30.0249],[75.6486,30.0232],[75.657,30.036],[75.6706,30.0347],[75.6736,30.0402],[75.6798,30.0378],[75.6741,30.0314],[75.6812,30.0245],[75.6877,30.0234],[75.6863,30.0168],[75.69,30.014],[75.6881,30.0086],[75.6798,30.0068],[75.6727,30.0],[75.6641,29.999],[75.6473,29.9836],[75.6522,29.9801],[75.6484,29.9734],[75.6476,29.9577],[75.641,29.937],[75.6493,29.9381],[75.6546,29.9305],[75.6579,29.9328],[75.6638,29.9311],[75.6694,29.9261],[75.6689,29.9206],[75.6727,29.9183],[75.6709,29.9111],[75.6755,29.909],[75.685,29.91],[75.7055,29.9187],[75.7078,29.922],[75.7086,29.9346],[75.7324,29.9349],[75.7358,29.9276],[75.7442,29.9219],[75.7568,29.9155],[75.7642,29.9191],[75.7663,29.9173],[75.7655,29.9073],[75.7683,29.8981],[75.7613,29.8936],[75.7587,29.8875],[75.7625,29.8726],[75.7581,29.8674],[75.7575,29.8615],[75.7756,29.8532],[75.772,29.8468],[75.7733,29.8349],[75.7648,29.8278],[75.7456,29.8247],[75.7378,29.814],[75.7469,29.8073],[75.7569,29.8052],[75.7794,29.8223],[75.7829,29.8208],[75.7898,29.8106],[75.805,29.8049],[75.8158,29.8042],[75.8227,29.8081],[75.8259,29.8153],[75.8303,29.8118],[75.8352,29.8144],[75.8377,29.813],[75.8349,29.8088],[75.837,29.7943],[75.8405,29.7887],[75.8437,29.7899],[75.8458,29.7823],[75.8529,29.7781],[75.8514,29.7727],[75.8667,29.7666],[75.8703,29.7576],[75.8702,29.7493],[75.8813,29.7511],[75.8859,29.7454],[75.8988,29.7463],[75.9008,29.7489],[75.9044,29.7489],[75.9023,29.7515],[75.9063,29.754],[75.9152,29.7472],[75.9151,29.7429],[75.9387,29.7307],[75.9473,29.7294],[75.9548,29.732],[75.9844,29.7271],[75.9949,29.7393],[76.0167,29.7432],[76.0195,29.7478],[76.024,29.7491],[76.0261,29.7562],[76.0307,29.7547],[76.0309,29.7476],[76.0358,29.744],[76.0434,29.7427],[76.0486,29.7469],[76.0568,29.7654],[76.0602,29.7647],[76.0725,29.7786],[76.0768,29.7749],[76.0826,29.7812],[76.0847,29.7846],[76.0829,29.788],[76.085,29.8008],[76.0895,29.8012],[76.0981,29.8106],[76.1054,29.812],[76.1103,29.8183],[76.1098,29.8222],[76.1191,29.8349],[76.1202,29.8432],[76.1181,29.8486],[76.1192,29.8549],[76.1227,29.8574],[76.111,29.8596],[76.1044,29.8552],[76.1003,29.8474],[76.0906,29.8514],[76.0895,29.8473],[76.084,29.8467],[76.075,29.8415],[76.073,29.8437],[76.0649,29.8419],[76.0599,29.8466],[76.0528,29.8599],[76.055,29.8705],[76.0504,29.8715],[76.0481,29.8694],[76.0434,29.8761],[76.0393,29.8729],[76.0373,29.8764],[76.0383,29.8802],[76.033,29.8825],[76.0318,29.8767],[76.0288,29.8766],[76.0199,29.869],[76.0142,29.8737],[76.0156,29.8774],[76.0115,29.8855],[76.0119,29.8904],[75.9832,29.9048],[75.9899,29.9226],[75.9861,29.9252],[75.9847,29.9363],[75.9884,29.9388],[75.9871,29.9411],[75.9897,29.9457],[75.996,29.9484],[76.0035,29.9448],[76.0263,29.9598],[76.0261,29.9631],[76.0206,29.9663],[76.0268,29.9724],[76.0069,29.9836],[76.0154,30.0005],[76.032,30.0106],[76.0267,30.0129],[76.0286,30.0204],[76.0341,30.0187],[76.042,30.0275],[76.044,30.0318],[76.0376,30.038],[76.0418,30.042],[76.0395,30.0425],[76.0415,30.0482],[76.0506,30.0477],[76.0518,30.0496],[76.0436,30.0524],[76.0524,30.061],[76.0515,30.0646],[76.0569,30.0666],[76.0665,30.0609],[76.0873,30.0547],[76.0811,30.0638],[76.0915,30.0743],[76.0891,30.0801],[76.0986,30.0924],[76.1008,30.1006],[76.1047,30.1036],[76.097,30.1162],[76.078,30.1118],[76.0777,30.115],[76.0836,30.1198],[76.0814,30.1224],[76.0737,30.1218],[76.0717,30.1244],[76.0742,30.1314],[76.0802,30.1313],[76.0789,30.136],[76.0705,30.1405],[76.069,30.1438],[76.0622,30.1448],[76.0627,30.1488],[76.0695,30.147],[76.0737,30.1519],[76.0572,30.1648],[76.055,30.1698],[76.0566,30.1756],[76.0493,30.1867],[76.0574,30.1922],[76.0664,30.2033],[76.0642,30.2042],[76.0684,30.2062],[76.0635,30.208],[76.0625,30.211],[76.0777,30.225],[76.0808,30.2248],[76.0813,30.2201],[76.0951,30.2214],[76.0955,30.2187],[76.1067,30.2203],[76.1143,30.2236],[76.1123,30.2299],[76.1151,30.2293],[76.1227,30.2375],[76.1268,30.2354],[76.1321,30.2402],[76.1379,30.2333],[76.1387,30.2377],[76.1435,30.2401],[76.1431,30.2421],[76.1535,30.248],[76.1628,30.2463],[76.1662,30.2399],[76.1759,30.2492],[76.1736,30.2509],[76.1826,30.257],[76.1782,30.2593],[76.179,30.2627],[76.1766,30.2654],[76.1825,30.2751],[76.1944,30.2726],[76.1988,30.275],[76.204,30.2837],[76.1978,30.2962],[76.1872,30.3002],[76.1797,30.3085],[76.1672,30.3026],[76.1669,30.3109],[76.1706,30.317],[76.167,30.3207],[76.1572,30.3158],[76.1489,30.321],[76.1382,30.3126],[76.1336,30.312],[76.1112,30.3215],[76.1072,30.3184],[76.0914,30.3142],[76.0881,30.3099],[76.0681,30.3164],[76.0587,30.3271],[76.0596,30.3299],[76.048,30.339],[76.0427,30.3348],[76.0335,30.3373],[76.029,30.3327],[76.0229,30.3322],[76.0235,30.3264],[76.0097,30.331],[76.0075,30.3352],[76.0034,30.334],[75.9939,30.3386],[75.9879,30.3379],[75.9846,30.3488],[75.9858,30.3632],[75.9893,30.3688],[75.9923,30.372],[75.9968,30.3649],[76.011,30.3642],[76.0071,30.3655],[76.0098,30.3731],[76.0174,30.3808],[76.0241,30.3787],[76.0237,30.3905],[76.036,30.4019],[76.0316,30.4087],[76.0448,30.4158],[76.0527,30.4275],[76.0495,30.4358],[76.0631,30.4447],[76.0703,30.4532],[76.0751,30.4499],[76.088,30.4582],[76.08,30.4624],[76.0807,30.4725],[76.0671,30.4795],[76.0633,30.4887],[76.0688,30.4973],[76.081,30.5021],[76.0785,30.5083],[76.0835,30.5148],[76.0807,30.5203],[76.089,30.534],[76.0758,30.5466],[76.0811,30.5522],[76.0814,30.5578],[76.0845,30.562],[76.0786,30.5658],[76.07,30.564],[76.0654,30.569],[76.0692,30.577],[76.0661,30.5835],[76.0578,30.5786],[76.0536,30.5833],[76.0353,30.589],[76.0321,30.6008],[76.0337,30.6064],[76.0278,30.6153],[76.01,30.6158],[76.0006,30.6035],[75.961,30.5904],[75.953,30.5746],[75.9477,30.5705],[75.9354,30.5682],[75.9253,30.578],[75.9268,30.5843],[75.9209,30.592],[75.9292,30.5973],[75.9234,30.6087],[75.9087,30.6116],[75.9027,30.6038],[75.8878,30.607],[75.8882,30.6205],[75.8723,30.6289],[75.8724,30.6393],[75.898,30.6475],[75.8954,30.6596],[75.8834,30.6641],[75.8793,30.6763],[75.8668,30.6782],[75.8591,30.6704],[75.8524,30.6702],[75.8438,30.6804],[75.8378,30.68],[75.8338,30.6924]]]},"properties":{"dtname":"Sangrur","stname":"PUNJAB","stcode11":"03","dtcode11":"053","year_stat":"2011_c","Shape_Length":579607.4648022419,"Shape_Area":4858328439.247708,"OBJECTID":650,"test":0,"Dist_LGD":43,"State_LGD":3}},{"type":"Feature","id":651,"geometry":{"type":"Polygon","coordinates":[[[75.4642,30.6059],[75.464,30.5995],[75.454,30.6012],[75.4449,30.592],[75.4423,30.5943],[75.4373,30.591],[75.4341,30.5933],[75.4316,30.5842],[75.4088,30.5841],[75.4048,30.5757],[75.4065,30.5673],[75.4042,30.5664],[75.4092,30.5619],[75.4087,30.559],[75.4197,30.5532],[75.4195,30.5488],[75.4094,30.5357],[75.4,30.5283],[75.3892,30.5274],[75.3753,30.5216],[75.3721,30.5178],[75.3689,30.517],[75.3669,30.5193],[75.3601,30.513],[75.3545,30.5168],[75.3466,30.5168],[75.3449,30.5148],[75.3348,30.5208],[75.3339,30.526],[75.3301,30.526],[75.332,30.529],[75.3307,30.5334],[75.3225,30.5383],[75.313,30.5359],[75.3117,30.5285],[75.3042,30.5275],[75.3019,30.5228],[75.293,30.5161],[75.2941,30.5116],[75.2879,30.5089],[75.2852,30.5105],[75.2828,30.5081],[75.2777,30.4912],[75.2596,30.4731],[75.2536,30.4638],[75.2677,30.4452],[75.2619,30.4439],[75.265,30.4364],[75.283,30.4418],[75.2904,30.4286],[75.2998,30.4245],[75.3054,30.4181],[75.2992,30.4078],[75.3023,30.4029],[75.3005,30.3976],[75.3033,30.3966],[75.3048,30.3882],[75.3068,30.3871],[75.3055,30.3789],[75.3129,30.3807],[75.3219,30.3758],[75.3264,30.3791],[75.3334,30.378],[75.3246,30.3508],[75.3326,30.349],[75.3396,30.343],[75.3443,30.3441],[75.3452,30.3372],[75.3439,30.3343],[75.3327,30.3327],[75.3239,30.3363],[75.3206,30.3354],[75.3147,30.3324],[75.3138,30.3271],[75.3187,30.3245],[75.3219,30.3178],[75.3185,30.3028],[75.3341,30.3064],[75.3464,30.3002],[75.3397,30.2925],[75.3419,30.2855],[75.3489,30.2828],[75.355,30.2871],[75.364,30.2821],[75.3613,30.2677],[75.3713,30.2612],[75.3649,30.2579],[75.3679,30.2549],[75.3687,30.2475],[75.3636,30.2449],[75.3638,30.2411],[75.3761,30.2372],[75.377,30.2283],[75.375,30.22],[75.3699,30.2141],[75.3725,30.2121],[75.3711,30.2099],[75.3599,30.2057],[75.3656,30.2031],[75.3666,30.2054],[75.3701,30.2054],[75.3695,30.199],[75.374,30.198],[75.3805,30.2043],[75.3864,30.2061],[75.3879,30.2093],[75.3918,30.2098],[75.3935,30.2066],[75.397,30.2068],[75.3935,30.2044],[75.3934,30.2004],[75.4162,30.1863],[75.4271,30.1871],[75.4387,30.1915],[75.4509,30.1912],[75.4618,30.1951],[75.4825,30.179],[75.4818,30.1747],[75.4872,30.1745],[75.4889,30.1654],[75.4918,30.1635],[75.4893,30.1604],[75.4944,30.1517],[75.5073,30.1434],[75.5178,30.1433],[75.523,30.1396],[75.5299,30.1419],[75.5337,30.147],[75.5381,30.1423],[75.5485,30.1377],[75.5615,30.1477],[75.5769,30.1439],[75.5783,30.1492],[75.5744,30.1521],[75.5761,30.1556],[75.5621,30.17],[75.5596,30.1762],[75.5554,30.1773],[75.5597,30.1869],[75.5555,30.1943],[75.5603,30.2018],[75.5677,30.2024],[75.5804,30.2127],[75.5808,30.2157],[75.5852,30.2161],[75.585,30.2196],[75.5801,30.2238],[75.5838,30.2282],[75.5921,30.2225],[75.6136,30.2172],[75.6176,30.2179],[75.619,30.221],[75.6294,30.2278],[75.6418,30.2316],[75.6485,30.238],[75.6704,30.2364],[75.6805,30.24],[75.6912,30.2301],[75.687,30.237],[75.6877,30.2397],[75.6913,30.2393],[75.6922,30.2432],[75.6976,30.2419],[75.7004,30.2531],[75.712,30.2555],[75.7187,30.2602],[75.7207,30.2715],[75.7239,30.2742],[75.729,30.2724],[75.7311,30.2751],[75.7163,30.2833],[75.69,30.2842],[75.67,30.2909],[75.6555,30.3101],[75.6582,30.3165],[75.65,30.331],[75.6562,30.3379],[75.6628,30.3345],[75.6675,30.3347],[75.6819,30.3458],[75.6802,30.3476],[75.6839,30.3515],[75.6769,30.3567],[75.6775,30.3695],[75.6753,30.3724],[75.6773,30.3789],[75.6659,30.3879],[75.6665,30.3958],[75.6644,30.3984],[75.6703,30.4031],[75.6647,30.4106],[75.6699,30.4201],[75.6632,30.427],[75.6553,30.4284],[75.6523,30.4355],[75.6493,30.4361],[75.6463,30.4407],[75.6536,30.4481],[75.6582,30.4441],[75.6646,30.4479],[75.6727,30.4589],[75.6729,30.4707],[75.6753,30.4725],[75.6648,30.4732],[75.658,30.4808],[75.6573,30.485],[75.6604,30.4913],[75.6587,30.4957],[75.671,30.4991],[75.6802,30.5104],[75.677,30.5212],[75.6652,30.5245],[75.6641,30.5286],[75.6584,30.5298],[75.6522,30.5431],[75.659,30.5507],[75.6652,30.5527],[75.659,30.5627],[75.6714,30.5711],[75.6762,30.5836],[75.685,30.5905],[75.677,30.5976],[75.6527,30.591],[75.638,30.5943],[75.6268,30.6009],[75.6094,30.5937],[75.6038,30.5942],[75.5895,30.5832],[75.5856,30.5753],[75.5798,30.5735],[75.5789,30.5696],[75.5658,30.5721],[75.5536,30.58],[75.5488,30.5803],[75.5409,30.5785],[75.537,30.5673],[75.5283,30.571],[75.5267,30.5792],[75.5288,30.5852],[75.5186,30.5872],[75.5099,30.5803],[75.5069,30.5726],[75.5016,30.5736],[75.4876,30.583],[75.496,30.5986],[75.4904,30.5985],[75.4839,30.6021],[75.4768,30.6014],[75.4642,30.6059]]]},"properties":{"dtname":"Barnala","stname":"PUNJAB","stcode11":"03","dtcode11":"054","year_stat":"2011_c","Shape_Length":288457.5544943108,"Shape_Area":1920924157.502633,"OBJECTID":651,"test":0,"Dist_LGD":605,"State_LGD":3}},{"type":"Feature","id":652,"geometry":{"type":"Polygon","coordinates":[[[75.1463,30.582],[75.1244,30.5675],[75.121,30.5616],[75.1307,30.5377],[75.1311,30.5274],[75.1282,30.5223],[75.122,30.5245],[75.1052,30.5213],[75.0847,30.5319],[75.0619,30.5015],[75.0586,30.504],[75.055,30.5016],[75.0515,30.5035],[75.0429,30.5012],[75.0418,30.5042],[75.0324,30.5043],[75.0287,30.4975],[75.0205,30.491],[75.0307,30.4743],[75.0431,30.4736],[75.0425,30.4656],[75.0541,30.4586],[75.0503,30.4553],[75.0395,30.4595],[75.0341,30.4583],[75.021,30.4421],[75.0276,30.4386],[75.0228,30.4266],[75.0332,30.4276],[75.0525,30.4095],[75.0528,30.3887],[75.0432,30.3791],[75.0274,30.3825],[75.023,30.381],[75.0132,30.3859],[74.996,30.4048],[74.986,30.4025],[74.9835,30.3986],[74.9759,30.4001],[74.9758,30.4036],[74.9706,30.4046],[74.9697,30.3984],[74.9616,30.3889],[74.9491,30.3829],[74.9441,30.3843],[74.9304,30.3686],[74.9213,30.3665],[74.9163,30.3704],[74.9178,30.3719],[74.9105,30.3759],[74.8911,30.3807],[74.8755,30.3895],[74.8532,30.3754],[74.8378,30.388],[74.8217,30.3929],[74.7963,30.3556],[74.792,30.3368],[74.79,30.3411],[74.7841,30.3393],[74.7815,30.3414],[74.7799,30.3393],[74.7448,30.3542],[74.7238,30.3661],[74.7133,30.3601],[74.7,30.3567],[74.6991,30.3545],[74.7077,30.3547],[74.7491,30.3431],[74.7852,30.3366],[74.775,30.3274],[74.7623,30.3206],[74.7463,30.3208],[74.7241,30.3087],[74.7274,30.3042],[74.7285,30.3057],[74.7335,30.3039],[74.7523,30.2871],[74.7424,30.2783],[74.7343,30.2788],[74.7346,30.2741],[74.7203,30.2573],[74.718,30.2484],[74.7178,30.2452],[74.7214,30.2425],[74.7206,30.2349],[74.7256,30.23],[74.718,30.2256],[74.719,30.2207],[74.7128,30.2132],[74.716,30.2081],[74.7118,30.197],[74.7244,30.1971],[74.7342,30.1924],[74.7372,30.1828],[74.7343,30.1788],[74.7349,30.1751],[74.7293,30.1752],[74.7032,30.1601],[74.6922,30.1608],[74.6864,30.1678],[74.6561,30.163],[74.6402,30.1509],[74.64,30.1428],[74.6291,30.1296],[74.6487,30.1103],[74.67,30.1075],[74.6818,30.113],[74.6842,30.1097],[74.684,30.1038],[74.6737,30.0897],[74.6763,30.0816],[74.6826,30.0719],[74.685,30.0735],[74.6914,30.072],[74.7049,30.0646],[74.7008,30.0618],[74.694,30.0489],[74.6936,30.0437],[74.6969,30.0372],[74.6944,30.0335],[74.7172,30.0134],[74.7005,29.9871],[74.7066,29.9796],[74.7067,29.9706],[74.7314,29.9615],[74.7403,29.9684],[74.7533,29.9678],[74.7535,29.97],[74.763,29.9732],[74.7794,29.972],[74.806,29.992],[74.8124,29.9923],[74.8188,29.9906],[74.8243,29.9857],[74.8263,29.9772],[74.821,29.9709],[74.8287,29.9733],[74.8385,29.9711],[74.8438,29.9643],[74.8507,29.9618],[74.8554,29.9564],[74.8647,29.9601],[74.8757,29.9575],[74.888,29.9671],[74.9032,29.9522],[74.9006,29.9453],[74.8954,29.9406],[74.9072,29.9406],[74.9189,29.9469],[74.9228,29.952],[74.9267,29.9503],[74.9268,29.9458],[74.9364,29.9263],[74.9509,29.9035],[74.9788,29.8942],[74.9771,29.8884],[74.9855,29.8751],[74.9907,29.8679],[74.998,29.8661],[75.0049,29.8689],[75.0225,29.8663],[75.0329,29.8798],[75.0469,29.8851],[75.0518,29.8841],[75.0561,29.8781],[75.0699,29.8771],[75.0744,29.8823],[75.0753,29.8964],[75.0804,29.9008],[75.0869,29.9154],[75.0888,29.9172],[75.0941,29.9151],[75.1093,29.9041],[75.1147,29.8787],[75.1068,29.868],[75.0934,29.858],[75.0897,29.8586],[75.0901,29.854],[75.1031,29.8418],[75.1114,29.8419],[75.1189,29.832],[75.1015,29.8216],[75.1005,29.8071],[75.1182,29.8027],[75.1266,29.8069],[75.1351,29.8073],[75.1402,29.7862],[75.151,29.7755],[75.1668,29.7847],[75.1591,29.8013],[75.1602,29.8129],[75.1646,29.825],[75.17,29.8282],[75.1759,29.8281],[75.1844,29.8341],[75.191,29.8414],[75.1904,29.8506],[75.1931,29.8535],[75.206,29.8598],[75.2129,29.8581],[75.2182,29.8645],[75.2174,29.8831],[75.2049,29.8883],[75.1881,29.8894],[75.1848,29.9161],[75.1717,29.9279],[75.1807,29.9416],[75.1834,29.9415],[75.1781,29.9459],[75.1833,29.9521],[75.1809,29.9529],[75.1827,29.9702],[75.195,29.9809],[75.2058,29.9802],[75.2081,29.979],[75.2079,29.9748],[75.2166,29.9677],[75.2209,29.9691],[75.2369,29.96],[75.2469,29.9703],[75.2507,29.9829],[75.273,29.974],[75.2811,29.9793],[75.2784,29.9855],[75.2717,29.9899],[75.2743,29.996],[75.3011,30.0207],[75.2941,30.0197],[75.289,30.0224],[75.2877,30.0174],[75.2815,30.0114],[75.2766,30.0142],[75.2602,30.016],[75.2579,30.0261],[75.25,30.0323],[75.2491,30.0368],[75.2648,30.0501],[75.2702,30.0484],[75.2757,30.058],[75.2751,30.0596],[75.2696,30.0549],[75.2619,30.0606],[75.2647,30.0773],[75.2583,30.0843],[75.2527,30.1052],[75.2636,30.1114],[75.2776,30.1071],[75.2856,30.1164],[75.2898,30.1138],[75.2947,30.1152],[75.3,30.1097],[75.3097,30.114],[75.3129,30.112],[75.3232,30.1229],[75.3286,30.1232],[75.3403,30.1326],[75.3447,30.1312],[75.3533,30.1421],[75.3436,30.1462],[75.3445,30.1595],[75.3511,30.1627],[75.3569,30.1614],[75.3588,30.163],[75.3556,30.1657],[75.3561,30.1683],[75.364,30.176],[75.3574,30.1814],[75.3573,30.1871],[75.3664,30.1943],[75.371,30.2024],[75.3701,30.2054],[75.3666,30.2054],[75.3656,30.2031],[75.3599,30.2057],[75.3711,30.2099],[75.3725,30.2121],[75.3699,30.2141],[75.375,30.22],[75.377,30.2283],[75.3761,30.2372],[75.3638,30.2411],[75.3636,30.2449],[75.3687,30.2475],[75.3679,30.2549],[75.3649,30.2579],[75.3713,30.2612],[75.3613,30.2677],[75.3639,30.2823],[75.355,30.2871],[75.3489,30.2828],[75.3419,30.2855],[75.3397,30.2925],[75.3464,30.3002],[75.3341,30.3064],[75.3277,30.3063],[75.3206,30.3021],[75.3176,30.3046],[75.3185,30.3086],[75.3205,30.3088],[75.3191,30.3106],[75.3219,30.3178],[75.3187,30.3245],[75.3138,30.3271],[75.3147,30.3324],[75.3239,30.3363],[75.3327,30.3327],[75.3439,30.3343],[75.3452,30.3372],[75.3443,30.3441],[75.3396,30.343],[75.3326,30.349],[75.3246,30.3508],[75.3334,30.378],[75.3264,30.3791],[75.3219,30.3758],[75.3129,30.3807],[75.3055,30.3789],[75.3068,30.3871],[75.3048,30.3882],[75.3033,30.3966],[75.3005,30.3976],[75.3023,30.4029],[75.2992,30.4078],[75.3054,30.4181],[75.2998,30.4245],[75.2904,30.4286],[75.283,30.4418],[75.265,30.4364],[75.2619,30.4439],[75.2677,30.4452],[75.2536,30.4638],[75.2596,30.4731],[75.2777,30.4912],[75.2828,30.5081],[75.2656,30.5206],[75.2621,30.5209],[75.2543,30.5161],[75.249,30.5179],[75.2377,30.5101],[75.2333,30.5119],[75.2276,30.5077],[75.2211,30.508],[75.212,30.5164],[75.2057,30.5134],[75.207,30.5095],[75.2031,30.5069],[75.1954,30.5122],[75.1925,30.5087],[75.1817,30.5101],[75.1804,30.5212],[75.1831,30.5331],[75.1793,30.5518],[75.1722,30.5603],[75.1653,30.5791],[75.1544,30.5766],[75.1463,30.582]]]},"properties":{"dtname":"Bathinda","stname":"PUNJAB","stcode11":"03","dtcode11":"046","year_stat":"2011_c","Shape_Length":495446.136369967,"Shape_Area":4505669820.239113,"OBJECTID":652,"test":0,"Dist_LGD":28,"State_LGD":3}},{"type":"Feature","id":653,"geometry":{"type":"Polygon","coordinates":[[[76.6439,30.6279],[76.6379,30.6248],[76.6294,30.6137],[76.6224,30.6132],[76.6133,30.6085],[76.604,30.5919],[76.5984,30.5965],[76.5956,30.5945],[76.5859,30.5798],[76.5879,30.5787],[76.5746,30.5665],[76.5715,30.5651],[76.5687,30.5685],[76.565,30.5657],[76.563,30.5679],[76.5441,30.5592],[76.5376,30.5575],[76.5348,30.5598],[76.5316,30.5546],[76.5214,30.5484],[76.5246,30.5405],[76.5205,30.536],[76.5146,30.5405],[76.516,30.5429],[76.5068,30.5547],[76.5011,30.551],[76.4991,30.5454],[76.5001,30.5374],[76.5029,30.5345],[76.5005,30.5323],[76.5025,30.5274],[76.491,30.5194],[76.4967,30.5079],[76.4909,30.5011],[76.4982,30.4929],[76.4948,30.4876],[76.5025,30.4788],[76.5026,30.4696],[76.4998,30.4645],[76.487,30.4645],[76.4756,30.4688],[76.4766,30.4703],[76.4704,30.4738],[76.465,30.4668],[76.4703,30.4594],[76.4691,30.4546],[76.4595,30.4595],[76.4517,30.4505],[76.4488,30.4489],[76.4466,30.4507],[76.4351,30.4431],[76.4274,30.4441],[76.4271,30.449],[76.4305,30.4567],[76.4172,30.4641],[76.407,30.4481],[76.3971,30.4518],[76.3938,30.4581],[76.3838,30.466],[76.3822,30.4717],[76.3789,30.4701],[76.3732,30.4725],[76.3734,30.4687],[76.3619,30.4661],[76.3522,30.4602],[76.3436,30.4752],[76.3455,30.4796],[76.3345,30.4865],[76.3357,30.4931],[76.3342,30.495],[76.3297,30.4934],[76.3324,30.4958],[76.3281,30.4989],[76.3329,30.5035],[76.3232,30.5287],[76.3283,30.5403],[76.3144,30.5479],[76.3088,30.5455],[76.2939,30.5478],[76.2883,30.5446],[76.2861,30.5467],[76.2836,30.545],[76.2748,30.5529],[76.2751,30.5596],[76.2685,30.559],[76.2563,30.5673],[76.2564,30.5619],[76.2494,30.5589],[76.2444,30.5497],[76.2372,30.5502],[76.2364,30.5558],[76.2398,30.5568],[76.2379,30.5666],[76.2293,30.5701],[76.2153,30.5644],[76.2073,30.5547],[76.2033,30.5564],[76.2013,30.5512],[76.1899,30.549],[76.1831,30.5414],[76.1731,30.5471],[76.1686,30.5432],[76.1657,30.5352],[76.1542,30.5444],[76.1436,30.5347],[76.1454,30.5326],[76.1362,30.5236],[76.1236,30.5432],[76.1199,30.5454],[76.1082,30.5293],[76.0955,30.535],[76.0918,30.5399],[76.0859,30.5372],[76.089,30.534],[76.0807,30.5203],[76.0835,30.5148],[76.0785,30.5083],[76.081,30.5021],[76.0688,30.4973],[76.0633,30.4887],[76.0671,30.4795],[76.0807,30.4725],[76.08,30.4624],[76.088,30.4582],[76.0751,30.4499],[76.0703,30.4532],[76.0631,30.4447],[76.0495,30.4358],[76.0527,30.4275],[76.0448,30.4158],[76.0316,30.4087],[76.036,30.4019],[76.0237,30.3905],[76.0241,30.3787],[76.0174,30.3808],[76.0098,30.3731],[76.0071,30.3655],[76.011,30.3642],[75.9968,30.3649],[75.9923,30.372],[75.9893,30.3688],[75.9855,30.3614],[75.9846,30.3477],[75.9873,30.3446],[75.9866,30.3406],[75.9885,30.3374],[75.9939,30.3386],[76.0023,30.3343],[76.0081,30.335],[76.0097,30.331],[76.0235,30.3264],[76.0229,30.3322],[76.029,30.3327],[76.0335,30.3373],[76.0427,30.3348],[76.048,30.339],[76.0596,30.3299],[76.0587,30.3271],[76.0681,30.3164],[76.0881,30.3099],[76.0914,30.3142],[76.1072,30.3184],[76.1112,30.3215],[76.1336,30.312],[76.1382,30.3126],[76.1489,30.321],[76.1572,30.3158],[76.167,30.3207],[76.1706,30.317],[76.1669,30.3109],[76.1672,30.3026],[76.1797,30.3085],[76.1872,30.3002],[76.1978,30.2962],[76.204,30.2837],[76.1988,30.275],[76.1944,30.2726],[76.1825,30.2751],[76.1766,30.2654],[76.179,30.2627],[76.1782,30.2593],[76.1826,30.257],[76.1736,30.2509],[76.1759,30.2492],[76.1662,30.2399],[76.1628,30.2463],[76.1535,30.248],[76.1431,30.2421],[76.1435,30.2401],[76.1387,30.2377],[76.1379,30.2333],[76.1321,30.2402],[76.1268,30.2354],[76.1227,30.2375],[76.1151,30.2293],[76.1123,30.2299],[76.1143,30.2236],[76.1083,30.2209],[76.0955,30.2187],[76.0951,30.2214],[76.0813,30.2201],[76.0808,30.2248],[76.0777,30.225],[76.0625,30.211],[76.0635,30.208],[76.0684,30.2062],[76.0642,30.2042],[76.0664,30.2033],[76.0574,30.1922],[76.0493,30.1867],[76.0566,30.1756],[76.055,30.1698],[76.0572,30.1648],[76.0737,30.1519],[76.0695,30.147],[76.0627,30.1488],[76.0623,30.1443],[76.069,30.1438],[76.0705,30.1405],[76.0789,30.136],[76.0802,30.1313],[76.0742,30.1314],[76.0717,30.1244],[76.0737,30.1218],[76.0814,30.1224],[76.0836,30.1198],[76.0774,30.1145],[76.0787,30.1111],[76.0967,30.1163],[76.1047,30.1036],[76.1008,30.1006],[76.0986,30.0924],[76.0891,30.0801],[76.0915,30.0743],[76.0811,30.0638],[76.0873,30.0547],[76.0665,30.0609],[76.0569,30.0666],[76.0515,30.0646],[76.0524,30.061],[76.0436,30.0524],[76.0518,30.0496],[76.0506,30.0477],[76.0415,30.0482],[76.0395,30.0425],[76.0418,30.042],[76.0376,30.038],[76.044,30.0318],[76.042,30.0275],[76.0341,30.0187],[76.0286,30.0204],[76.0267,30.0129],[76.032,30.0106],[76.0154,30.0005],[76.0069,29.9836],[76.0268,29.9724],[76.0206,29.9663],[76.0261,29.9631],[76.0263,29.9598],[76.0035,29.9448],[75.996,29.9484],[75.9897,29.9457],[75.9871,29.9411],[75.9884,29.9388],[75.9847,29.9363],[75.9861,29.9252],[75.9899,29.9226],[75.9872,29.9124],[75.983,29.9068],[75.9838,29.904],[75.9918,29.8992],[76.0119,29.8904],[76.0115,29.8855],[76.0156,29.8774],[76.0142,29.8737],[76.0199,29.869],[76.0288,29.8766],[76.0318,29.8767],[76.033,29.8825],[76.0383,29.8802],[76.0373,29.8764],[76.0393,29.8729],[76.0434,29.8761],[76.0481,29.8694],[76.0504,29.8715],[76.055,29.8705],[76.0528,29.8599],[76.0599,29.8466],[76.0649,29.8419],[76.073,29.8437],[76.075,29.8415],[76.084,29.8467],[76.0895,29.8473],[76.0906,29.8514],[76.1003,29.8474],[76.1044,29.8552],[76.111,29.8596],[76.1227,29.8574],[76.1192,29.8549],[76.1181,29.8486],[76.1202,29.8432],[76.1191,29.8349],[76.1051,29.8118],[76.1201,29.8008],[76.1196,29.7923],[76.1239,29.7909],[76.1332,29.8045],[76.1417,29.8109],[76.1416,29.8155],[76.1455,29.8191],[76.1737,29.8179],[76.1848,29.8228],[76.1978,29.8448],[76.212,29.843],[76.2205,29.8379],[76.2222,29.8488],[76.2324,29.8537],[76.2425,29.852],[76.2444,29.855],[76.2438,29.869],[76.2467,29.876],[76.2383,29.8787],[76.2294,29.8857],[76.2174,29.8841],[76.2108,29.8913],[76.2095,29.8858],[76.2013,29.8837],[76.1991,29.8846],[76.1995,29.8884],[76.1934,29.8857],[76.1856,29.8925],[76.1893,29.9087],[76.1878,29.9207],[76.1719,29.9263],[76.1781,29.9334],[76.1799,29.9453],[76.1837,29.9483],[76.1888,29.9477],[76.1938,29.952],[76.1906,29.9552],[76.193,29.9622],[76.1971,29.9623],[76.1953,29.9659],[76.2057,29.9743],[76.2059,29.9804],[76.2019,29.9871],[76.2029,29.9897],[76.208,29.9861],[76.2107,29.9882],[76.2065,29.9935],[76.2114,29.9955],[76.21,30.0052],[76.2262,30.0088],[76.2329,30.016],[76.2132,30.0227],[76.2137,30.0317],[76.2225,30.0369],[76.2222,30.0492],[76.2285,30.0535],[76.2263,30.0594],[76.2363,30.0676],[76.2462,30.0819],[76.2493,30.0823],[76.2496,30.0869],[76.2535,30.089],[76.2369,30.1037],[76.2381,30.1054],[76.2304,30.1063],[76.2235,30.1119],[76.2167,30.1101],[76.2163,30.1125],[76.2204,30.1155],[76.2166,30.1242],[76.2246,30.1271],[76.2151,30.1353],[76.2146,30.1405],[76.2072,30.1446],[76.2095,30.1547],[76.2076,30.1566],[76.2144,30.156],[76.2134,30.1528],[76.2163,30.1522],[76.2184,30.1478],[76.2271,30.1445],[76.2346,30.145],[76.2322,30.1401],[76.2433,30.1324],[76.2427,30.1292],[76.2454,30.1282],[76.2468,30.1308],[76.2557,30.1261],[76.2537,30.1216],[76.2678,30.1145],[76.2752,30.1146],[76.2853,30.1062],[76.2906,30.1078],[76.2966,30.1144],[76.3075,30.1088],[76.3217,30.0951],[76.3315,30.0998],[76.3399,30.0987],[76.3441,30.1009],[76.3447,30.1048],[76.3462,30.1039],[76.3544,30.1169],[76.3602,30.1202],[76.342,30.1264],[76.3335,30.1382],[76.3339,30.142],[76.3469,30.1428],[76.3505,30.1469],[76.3593,30.1398],[76.3613,30.1298],[76.3669,30.1242],[76.3607,30.1226],[76.3622,30.1202],[76.3889,30.1133],[76.4,30.1167],[76.3984,30.1206],[76.3948,30.122],[76.396,30.1262],[76.3912,30.1351],[76.3976,30.1402],[76.4009,30.1389],[76.4068,30.145],[76.4101,30.1451],[76.395,30.158],[76.3914,30.1644],[76.3935,30.167],[76.3872,30.1706],[76.3963,30.1796],[76.403,30.1821],[76.4064,30.1904],[76.4227,30.1923],[76.4343,30.1831],[76.4304,30.178],[76.4349,30.1755],[76.4406,30.1659],[76.4365,30.156],[76.4348,30.1567],[76.4285,30.1509],[76.4397,30.1437],[76.4376,30.1422],[76.4385,30.1331],[76.4439,30.1305],[76.458,30.1319],[76.46,30.1295],[76.4563,30.1155],[76.463,30.1007],[76.4913,30.0947],[76.5032,30.0946],[76.5065,30.0924],[76.5139,30.0837],[76.5119,30.072],[76.5298,30.0785],[76.538,30.0747],[76.5462,30.0759],[76.5481,30.0808],[76.5564,30.0826],[76.5605,30.0934],[76.5752,30.1006],[76.5557,30.1107],[76.5485,30.1117],[76.5457,30.1059],[76.5395,30.1082],[76.5488,30.1213],[76.5456,30.1249],[76.5554,30.1249],[76.5536,30.12],[76.5763,30.1101],[76.5841,30.1092],[76.5993,30.1125],[76.6235,30.1402],[76.6318,30.1421],[76.6341,30.1466],[76.6422,30.1497],[76.6388,30.1518],[76.6333,30.167],[76.6224,30.1676],[76.6166,30.1743],[76.5999,30.1847],[76.6047,30.1889],[76.6034,30.1931],[76.6107,30.1979],[76.6142,30.2045],[76.6171,30.201],[76.6363,30.1966],[76.6448,30.1875],[76.6286,30.1785],[76.6345,30.174],[76.6342,30.1697],[76.6413,30.1696],[76.6453,30.1748],[76.6518,30.1769],[76.6558,30.1843],[76.6498,30.1911],[76.6533,30.2011],[76.6388,30.2062],[76.6354,30.2044],[76.6218,30.2051],[76.6158,30.2091],[76.6166,30.2135],[76.6233,30.2169],[76.6274,30.2241],[76.6233,30.2282],[76.6035,30.2378],[76.6,30.2346],[76.5962,30.2374],[76.6026,30.2439],[76.6036,30.2492],[76.5961,30.2557],[76.5906,30.2535],[76.5918,30.246],[76.5853,30.2453],[76.5719,30.2363],[76.5656,30.2319],[76.5627,30.2258],[76.548,30.2225],[76.5455,30.2252],[76.5556,30.2268],[76.562,30.2415],[76.5581,30.2499],[76.5566,30.2623],[76.5596,30.2649],[76.562,30.262],[76.5719,30.2653],[76.5751,30.2619],[76.5838,30.2703],[76.5929,30.2618],[76.6011,30.2704],[76.6087,30.2679],[76.6144,30.2726],[76.6205,30.265],[76.6234,30.2646],[76.6272,30.2694],[76.6256,30.2712],[76.6314,30.2761],[76.6321,30.2839],[76.6354,30.2896],[76.6388,30.2844],[76.65,30.2907],[76.6705,30.3115],[76.677,30.3079],[76.6819,30.3113],[76.686,30.3146],[76.681,30.3183],[76.6886,30.3273],[76.6956,30.3216],[76.7,30.3281],[76.711,30.3258],[76.7164,30.3361],[76.7223,30.3333],[76.7297,30.3389],[76.7274,30.3411],[76.7326,30.3484],[76.7385,30.3464],[76.7487,30.3522],[76.7486,30.3628],[76.7454,30.3679],[76.7375,30.3705],[76.7257,30.3619],[76.7199,30.3634],[76.7189,30.3666],[76.7312,30.3797],[76.7296,30.3823],[76.7198,30.3787],[76.7176,30.3801],[76.7186,30.3825],[76.7128,30.3903],[76.7141,30.4018],[76.7222,30.399],[76.7251,30.4022],[76.7282,30.4004],[76.7398,30.4111],[76.7351,30.4193],[76.741,30.4263],[76.7481,30.4289],[76.7487,30.4389],[76.7463,30.4432],[76.7556,30.4452],[76.7585,30.4512],[76.7553,30.4522],[76.754,30.4562],[76.7559,30.4579],[76.7521,30.4604],[76.753,30.4698],[76.7654,30.4754],[76.7693,30.4858],[76.7677,30.496],[76.7691,30.5035],[76.7719,30.5075],[76.7801,30.5105],[76.787,30.5189],[76.768,30.5246],[76.7636,30.528],[76.7659,30.5307],[76.7607,30.5337],[76.7539,30.5334],[76.7511,30.5372],[76.7509,30.5407],[76.754,30.5434],[76.7507,30.5523],[76.7524,30.5557],[76.7598,30.5578],[76.7657,30.5507],[76.7692,30.5518],[76.7619,30.5594],[76.7764,30.5756],[76.7726,30.5833],[76.7805,30.593],[76.788,30.5972],[76.7833,30.5998],[76.7836,30.6031],[76.7782,30.6088],[76.7731,30.6104],[76.7621,30.6048],[76.7571,30.597],[76.7514,30.5965],[76.7468,30.5879],[76.7411,30.5837],[76.7387,30.5743],[76.7351,30.5717],[76.7319,30.5708],[76.7206,30.5821],[76.7218,30.5861],[76.7187,30.5899],[76.7106,30.5853],[76.7033,30.5871],[76.7055,30.5749],[76.7001,30.5741],[76.6985,30.5708],[76.6923,30.5703],[76.6858,30.5729],[76.6836,30.5791],[76.6893,30.5937],[76.6847,30.5939],[76.6629,30.5832],[76.6609,30.5871],[76.6684,30.5933],[76.6632,30.6015],[76.6657,30.611],[76.6626,30.6127],[76.6583,30.6106],[76.6523,30.6258],[76.6439,30.6279]]]},"properties":{"dtname":"Patiala","stname":"PUNJAB","stcode11":"03","dtcode11":"048","year_stat":"2011_c","Shape_Length":728010.8889700741,"Shape_Area":4417872714.376306,"OBJECTID":653,"test":0,"Dist_LGD":41,"State_LGD":3}},{"type":"Feature","id":657,"geometry":{"type":"Polygon","coordinates":[[[75.3903,30.2085],[75.3879,30.2093],[75.3748,30.1984],[75.3695,30.199],[75.3575,30.1876],[75.3574,30.1814],[75.364,30.176],[75.3561,30.1683],[75.3556,30.1657],[75.3592,30.1641],[75.3575,30.1617],[75.3511,30.1627],[75.3445,30.1595],[75.3436,30.1462],[75.3533,30.1421],[75.3444,30.1309],[75.3403,30.1326],[75.3286,30.1232],[75.3232,30.1229],[75.3129,30.112],[75.3097,30.114],[75.3,30.1097],[75.2947,30.1152],[75.2898,30.1138],[75.2856,30.1164],[75.2776,30.1071],[75.2636,30.1114],[75.2527,30.1052],[75.2583,30.0843],[75.2647,30.0773],[75.2619,30.0606],[75.2696,30.0549],[75.2751,30.0596],[75.2757,30.058],[75.2702,30.0484],[75.2648,30.0501],[75.2491,30.0368],[75.25,30.0323],[75.2579,30.0261],[75.2602,30.016],[75.2766,30.0142],[75.2815,30.0114],[75.2877,30.0174],[75.289,30.0224],[75.2941,30.0197],[75.3011,30.0207],[75.2743,29.996],[75.2717,29.9899],[75.2784,29.9855],[75.2811,29.9793],[75.273,29.974],[75.2507,29.9829],[75.2469,29.9703],[75.2369,29.96],[75.2209,29.9691],[75.2166,29.9677],[75.2079,29.9748],[75.2076,29.9794],[75.195,29.9809],[75.1827,29.9702],[75.1809,29.9529],[75.1833,29.9521],[75.1781,29.9459],[75.1834,29.9415],[75.1807,29.9416],[75.1716,29.9285],[75.1848,29.9161],[75.1881,29.8894],[75.2049,29.8883],[75.2174,29.8831],[75.2175,29.8619],[75.2129,29.8581],[75.206,29.8598],[75.1931,29.8535],[75.1904,29.8506],[75.1906,29.8427],[75.1962,29.8379],[75.2106,29.8324],[75.214,29.824],[75.2097,29.8174],[75.2085,29.7932],[75.2147,29.7918],[75.2163,29.7877],[75.2263,29.7892],[75.2247,29.7799],[75.2363,29.7575],[75.2416,29.7535],[75.2381,29.74],[75.2263,29.7289],[75.2175,29.7371],[75.2103,29.7388],[75.2006,29.7265],[75.1969,29.7157],[75.1978,29.7033],[75.2002,29.7011],[75.2076,29.7016],[75.2068,29.6875],[75.1988,29.68],[75.1881,29.6813],[75.1857,29.6744],[75.1796,29.6745],[75.1771,29.6706],[75.1682,29.6707],[75.1679,29.667],[75.1746,29.6556],[75.1876,29.6518],[75.1822,29.636],[75.183,29.6284],[75.1968,29.6193],[75.2067,29.6219],[75.2197,29.6154],[75.2284,29.6054],[75.2354,29.6031],[75.2217,29.5803],[75.2319,29.5748],[75.2344,29.57],[75.2338,29.5643],[75.2384,29.5589],[75.2391,29.5507],[75.2353,29.5421],[75.2445,29.5467],[75.2732,29.55],[75.2804,29.554],[75.2811,29.5615],[75.2983,29.5586],[75.3094,29.5608],[75.3113,29.5802],[75.3199,29.5874],[75.3056,29.5957],[75.3034,29.6026],[75.2897,29.6078],[75.2949,29.6157],[75.2957,29.625],[75.3073,29.6248],[75.3111,29.6295],[75.3166,29.6306],[75.3235,29.6425],[75.321,29.6473],[75.3222,29.6516],[75.3318,29.6632],[75.3337,29.6735],[75.341,29.6753],[75.3486,29.6666],[75.3581,29.6608],[75.3601,29.6626],[75.3598,29.6682],[75.3542,29.6749],[75.3457,29.696],[75.3514,29.6961],[75.3586,29.6998],[75.359,29.7055],[75.3708,29.7045],[75.3698,29.7109],[75.373,29.7133],[75.3922,29.7133],[75.3892,29.7161],[75.3934,29.722],[75.3882,29.7299],[75.3954,29.7336],[75.3964,29.7395],[75.4048,29.739],[75.4063,29.7613],[75.4139,29.77],[75.4194,29.7702],[75.4214,29.7751],[75.4217,29.773],[75.4274,29.7709],[75.4383,29.78],[75.4475,29.7838],[75.4539,29.782],[75.4582,29.7948],[75.4528,29.8019],[75.4566,29.8066],[75.4616,29.8077],[75.4796,29.7928],[75.4855,29.7915],[75.4994,29.783],[75.5031,29.7777],[75.5186,29.7758],[75.5232,29.7692],[75.523,29.7584],[75.5327,29.7706],[75.5379,29.7733],[75.5449,29.7708],[75.5621,29.7702],[75.5697,29.7568],[75.5721,29.7433],[75.58,29.7394],[75.5899,29.7475],[75.6052,29.752],[75.6167,29.7443],[75.6298,29.7499],[75.6345,29.7553],[75.6351,29.7723],[75.6402,29.7725],[75.6424,29.7751],[75.6559,29.7738],[75.661,29.7768],[75.6641,29.7752],[75.6681,29.7774],[75.6771,29.7766],[75.6913,29.7559],[75.7064,29.7532],[75.7092,29.7565],[75.7046,29.7636],[75.7123,29.7741],[75.7101,29.7804],[75.7166,29.7887],[75.7127,29.7927],[75.7141,29.8019],[75.7179,29.803],[75.7206,29.8136],[75.7378,29.814],[75.7456,29.8247],[75.7648,29.8278],[75.7733,29.8349],[75.772,29.8468],[75.7756,29.8532],[75.7575,29.8615],[75.7581,29.8674],[75.7625,29.8726],[75.7587,29.8875],[75.7613,29.8936],[75.7683,29.8981],[75.7655,29.9073],[75.7663,29.9173],[75.7642,29.9191],[75.7568,29.9155],[75.738,29.9255],[75.7324,29.9349],[75.7086,29.9346],[75.7078,29.922],[75.7055,29.9187],[75.685,29.91],[75.6755,29.909],[75.6709,29.9111],[75.6727,29.9183],[75.6689,29.9206],[75.6694,29.9261],[75.6638,29.9311],[75.6579,29.9328],[75.6546,29.9305],[75.6493,29.9381],[75.641,29.937],[75.6476,29.9577],[75.6484,29.9734],[75.6522,29.9801],[75.6473,29.9836],[75.6641,29.999],[75.6727,30.0],[75.6798,30.0068],[75.6881,30.0086],[75.69,30.014],[75.6863,30.0168],[75.6874,30.0238],[75.6812,30.0245],[75.6736,30.0321],[75.6798,30.0378],[75.6744,30.0401],[75.6722,30.0402],[75.6706,30.0347],[75.657,30.036],[75.6486,30.0232],[75.6415,30.0249],[75.6381,30.0295],[75.6422,30.0416],[75.6351,30.0471],[75.6401,30.0658],[75.6327,30.0698],[75.6368,30.0732],[75.6223,30.0847],[75.624,30.0878],[75.6344,30.0934],[75.6413,30.1016],[75.6467,30.103],[75.6545,30.1152],[75.6488,30.115],[75.6469,30.1125],[75.6343,30.116],[75.6336,30.1208],[75.6281,30.1246],[75.6301,30.1271],[75.6249,30.1305],[75.6241,30.1344],[75.6277,30.1352],[75.6255,30.1427],[75.6055,30.1359],[75.5821,30.1439],[75.5706,30.1443],[75.5644,30.1479],[75.5578,30.1465],[75.5485,30.1377],[75.5381,30.1423],[75.5337,30.147],[75.5299,30.1419],[75.5246,30.1397],[75.5178,30.1433],[75.5073,30.1434],[75.4915,30.155],[75.4921,30.1579],[75.4893,30.1604],[75.4918,30.1635],[75.4889,30.1654],[75.4872,30.1745],[75.4818,30.1747],[75.4825,30.179],[75.4635,30.1941],[75.4585,30.1949],[75.4509,30.1912],[75.4387,30.1915],[75.4271,30.1871],[75.4162,30.1863],[75.399,30.1956],[75.3925,30.2015],[75.397,30.207],[75.3935,30.2066],[75.3918,30.2098],[75.3903,30.2085]]]},"properties":{"dtname":"Mansa","stname":"PUNJAB","stcode11":"03","dtcode11":"047","year_stat":"2011_c","Shape_Length":403828.1846676526,"Shape_Area":2930573589.353808,"OBJECTID":657,"test":0,"Dist_LGD":37,"State_LGD":3}},{"type":"Feature","id":689,"geometry":{"type":"Polygon","coordinates":[[[74.9201,31.1623],[74.9131,31.1576],[74.9072,31.1567],[74.8979,31.1608],[74.8441,31.1325],[74.8251,31.1341],[74.8144,31.1378],[74.8016,31.1295],[74.8062,31.1249],[74.8006,31.115],[74.7956,31.1242],[74.7891,31.13],[74.7759,31.1293],[74.7657,31.1255],[74.7609,31.1223],[74.7629,31.1202],[74.7554,31.1163],[74.7417,31.1186],[74.7415,31.1039],[74.7207,31.1016],[74.7155,31.0853],[74.7099,31.0808],[74.7079,31.072],[74.6957,31.0743],[74.6711,31.0536],[74.6665,31.0521],[74.6131,31.0448],[74.5969,31.0376],[74.5962,31.0421],[74.5903,31.05],[74.5744,31.0568],[74.5704,31.0529],[74.5682,31.0548],[74.5614,31.0487],[74.5588,31.0374],[74.548,31.0325],[74.5425,31.0172],[74.5396,31.0088],[74.543,30.9965],[74.5464,30.9924],[74.5162,30.9794],[74.5087,30.9673],[74.5041,30.9649],[74.498,30.9644],[74.4919,30.9744],[74.4814,30.9707],[74.4798,30.9742],[74.4569,30.9642],[74.4664,30.9568],[74.4516,30.9558],[74.4552,30.9513],[74.442,30.9517],[74.4395,30.9421],[74.4164,30.9403],[74.4178,30.9379],[74.4137,30.9296],[74.4288,30.9311],[74.4235,30.9208],[74.4103,30.9235],[74.4111,30.9196],[74.4187,30.9192],[74.4244,30.9158],[74.4228,30.9078],[74.3973,30.9094],[74.383,30.8953],[74.3707,30.8952],[74.3659,30.8929],[74.3669,30.8863],[74.3609,30.8737],[74.3822,30.8604],[74.3646,30.8573],[74.3685,30.8518],[74.3634,30.8472],[74.3551,30.8484],[74.3542,30.8527],[74.3482,30.855],[74.3388,30.8526],[74.3406,30.849],[74.3325,30.851],[74.3204,30.8466],[74.3222,30.8386],[74.3192,30.8329],[74.3198,30.8273],[74.3093,30.8176],[74.3014,30.8038],[74.2993,30.8046],[74.2948,30.7945],[74.2982,30.7938],[74.3011,30.7897],[74.3068,30.7892],[74.3018,30.7794],[74.2897,30.7751],[74.2743,30.7734],[74.2648,30.777],[74.2599,30.7725],[74.2736,30.7534],[74.2743,30.7441],[74.2862,30.735],[74.2814,30.7308],[74.2748,30.7372],[74.2713,30.7322],[74.2684,30.7344],[74.2671,30.7263],[74.2609,30.7231],[74.2492,30.7259],[74.2418,30.7259],[74.2452,30.7229],[74.2326,30.7245],[74.2272,30.7188],[74.2275,30.7128],[74.2242,30.7116],[74.2212,30.6987],[74.216,30.691],[74.4199,30.6124],[74.435,30.6236],[74.4403,30.6262],[74.4455,30.625],[74.4618,30.6083],[74.4642,30.6155],[74.458,30.6204],[74.494,30.6372],[74.4877,30.6369],[74.482,30.6405],[74.4761,30.6466],[74.4764,30.6552],[74.4833,30.664],[74.497,30.663],[74.5045,30.6688],[74.48,30.6733],[74.4729,30.698],[74.474,30.7155],[74.4688,30.7451],[74.4701,30.7486],[74.4799,30.756],[74.5209,30.771],[74.5302,30.7835],[74.5423,30.7925],[74.5651,30.7997],[74.5773,30.8082],[74.5964,30.8093],[74.6114,30.8272],[74.6175,30.8285],[74.624,30.8364],[74.6465,30.8186],[74.6532,30.8214],[74.656,30.8293],[74.6632,30.8342],[74.6814,30.8249],[74.6875,30.83],[74.6925,30.831],[74.6988,30.8265],[74.7085,30.8288],[74.7273,30.823],[74.7405,30.8263],[74.7471,30.8231],[74.7549,30.8127],[74.7713,30.8156],[74.7699,30.8118],[74.773,30.8133],[74.7811,30.8069],[74.7836,30.7946],[74.8071,30.7893],[74.808,30.7753],[74.8142,30.7678],[74.8355,30.7704],[74.846,30.7579],[74.8547,30.7572],[74.8568,30.751],[74.8547,30.7475],[74.8583,30.7437],[74.8752,30.7467],[74.8803,30.7458],[74.8834,30.7408],[74.8921,30.7383],[74.9031,30.7393],[74.9086,30.7366],[74.9121,30.7412],[74.9123,30.7478],[74.9071,30.7583],[74.9116,30.7636],[74.9105,30.7706],[74.9141,30.7752],[74.9149,30.7822],[74.9307,30.7891],[74.9281,30.8045],[74.9471,30.8288],[74.9457,30.8347],[74.9409,30.839],[74.9478,30.856],[74.9424,30.8777],[74.9516,30.885],[74.9521,30.8917],[74.9579,30.8891],[74.9653,30.8907],[74.9965,30.8888],[75.0004,30.8958],[75.0043,30.8933],[75.016,30.8923],[75.0304,30.8968],[75.0364,30.9173],[75.0408,30.9222],[75.051,30.9236],[75.0698,30.9451],[75.0785,30.9464],[75.0776,30.9576],[75.0865,30.9587],[75.0938,30.9755],[75.1029,30.9721],[75.1035,30.9756],[75.0995,30.9791],[75.0961,30.9917],[75.1021,30.9975],[75.0963,31.0025],[75.1032,31.0154],[75.0955,31.0256],[75.0676,31.0343],[75.0678,31.0408],[75.0529,31.0429],[75.0473,31.052],[75.0517,31.0626],[75.062,31.0677],[75.0728,31.0469],[75.0943,31.0471],[75.0964,31.0587],[75.0844,31.0622],[75.0818,31.0654],[75.0836,31.0688],[75.0943,31.0714],[75.1001,31.0652],[75.104,31.0663],[75.1082,31.0682],[75.0999,31.0722],[75.0993,31.0774],[75.1092,31.0752],[75.1119,31.0791],[75.1163,31.0782],[75.1201,31.0817],[75.1338,31.0738],[75.1389,31.0808],[75.1419,31.0805],[75.145,31.0843],[75.15,31.0944],[75.15,31.0978],[75.1357,31.1048],[75.1385,31.1086],[75.1309,31.113],[75.1318,31.1164],[75.1286,31.1166],[75.1259,31.1212],[75.1089,31.1294],[75.1009,31.1257],[75.0873,31.1324],[75.0771,31.1343],[75.0835,31.1468],[75.0794,31.1529],[75.0747,31.1477],[75.0684,31.1455],[75.0619,31.1492],[75.0608,31.1459],[75.0427,31.1549],[75.0369,31.151],[75.024,31.1565],[75.0182,31.1481],[75.0134,31.1482],[75.0138,31.1451],[75.0066,31.1451],[75.0112,31.1389],[75.0133,31.1302],[75.0099,31.1203],[75.0058,31.1198],[74.9601,31.1473],[74.9648,31.1536],[74.9473,31.1526],[74.9201,31.1623]]]},"properties":{"dtname":"Firozpur","stname":"PUNJAB","stcode11":"03","dtcode11":"043","year_stat":"2011_c","Shape_Length":417312.8419834058,"Shape_Area":3221492056.8864636,"OBJECTID":689,"test":1,"Dist_LGD":31,"State_LGD":3}},{"type":"Feature","id":691,"geometry":{"type":"Polygon","coordinates":[[[75.8387,32.5127],[75.8318,32.5106],[75.8332,32.5043],[75.826,32.5039],[75.8245,32.5018],[75.826,32.4995],[75.8205,32.4923],[75.8009,32.4854],[75.7768,32.465],[75.7627,32.4598],[75.7589,32.4605],[75.7525,32.4553],[75.7285,32.4527],[75.7273,32.4457],[75.7296,32.439],[75.7351,32.439],[75.7437,32.432],[75.7373,32.4296],[75.7284,32.4325],[75.7276,32.4289],[75.7319,32.4229],[75.7225,32.4055],[75.7148,32.4075],[75.7114,32.411],[75.7012,32.3996],[75.687,32.3905],[75.679,32.3897],[75.6741,32.3936],[75.6477,32.3875],[75.6311,32.3795],[75.6095,32.3768],[75.5967,32.3777],[75.5598,32.3571],[75.5395,32.3362],[75.5371,32.326],[75.5422,32.3219],[75.5429,32.3079],[75.5334,32.2777],[75.5209,32.277],[75.5182,32.2813],[75.5093,32.2838],[75.5034,32.2917],[75.5121,32.3079],[75.5049,32.3127],[75.5027,32.3113],[75.4821,32.3204],[75.4858,32.3242],[75.4802,32.3343],[75.4875,32.3399],[75.4946,32.341],[75.4891,32.346],[75.4785,32.339],[75.4686,32.339],[75.4716,32.3338],[75.466,32.33],[75.4688,32.3284],[75.4675,32.3256],[75.4589,32.3274],[75.4503,32.3246],[75.4483,32.3265],[75.441,32.3184],[75.4304,32.3159],[75.419,32.32],[75.4108,32.3289],[75.4039,32.3277],[75.3995,32.3307],[75.3938,32.3276],[75.3763,32.3352],[75.3752,32.3378],[75.3716,32.3345],[75.3633,32.3335],[75.3626,32.3362],[75.3555,32.337],[75.3493,32.345],[75.3414,32.3461],[75.3383,32.3412],[75.3413,32.3381],[75.3392,32.336],[75.3366,32.3373],[75.3357,32.33],[75.3317,32.3269],[75.3373,32.322],[75.336,32.3166],[75.3302,32.3136],[75.3347,32.3114],[75.3239,32.3025],[75.321,32.2974],[75.3502,32.2901],[75.3438,32.279],[75.3718,32.2797],[75.3815,32.269],[75.38,32.2665],[75.374,32.2659],[75.3704,32.2582],[75.3703,32.2424],[75.3742,32.2414],[75.3717,32.2247],[75.3686,32.2263],[75.3655,32.2199],[75.3577,32.2182],[75.3421,32.2171],[75.3313,32.2197],[75.327,32.214],[75.3373,32.207],[75.3463,32.207],[75.3584,32.1966],[75.3774,32.1908],[75.3794,32.1833],[75.3895,32.1891],[75.4007,32.1903],[75.4031,32.188],[75.4035,32.1781],[75.4131,32.1773],[75.412,32.1728],[75.4206,32.1642],[75.4301,32.1692],[75.4422,32.1669],[75.4405,32.1636],[75.4341,32.1647],[75.4337,32.1609],[75.4379,32.159],[75.4355,32.158],[75.4344,32.1492],[75.4405,32.1531],[75.4553,32.1519],[75.4579,32.1572],[75.4631,32.1549],[75.4808,32.1599],[75.4831,32.157],[75.4812,32.1542],[75.4869,32.1521],[75.4969,32.1533],[75.5059,32.1453],[75.5087,32.1454],[75.5104,32.1491],[75.5434,32.1457],[75.5428,32.1407],[75.5519,32.1382],[75.5516,32.1334],[75.5559,32.1327],[75.5577,32.1352],[75.5874,32.1411],[75.5887,32.1184],[75.5859,32.1185],[75.5825,32.1075],[75.5853,32.1051],[75.5942,32.1116],[75.5978,32.0951],[75.6008,32.0931],[75.6135,32.0938],[75.6203,32.0979],[75.6265,32.1063],[75.6277,32.1169],[75.6255,32.1182],[75.6613,32.1369],[75.6731,32.1588],[75.6639,32.1624],[75.6665,32.1656],[75.6672,32.1776],[75.6589,32.1774],[75.659,32.1826],[75.6567,32.1835],[75.6597,32.1835],[75.6632,32.1916],[75.6557,32.1971],[75.6452,32.1929],[75.6374,32.1927],[75.6371,32.1872],[75.6328,32.1866],[75.6312,32.1893],[75.6242,32.1903],[75.6272,32.204],[75.6251,32.2093],[75.6265,32.2155],[75.6373,32.2186],[75.6388,32.2219],[75.6366,32.2314],[75.6265,32.2323],[75.6179,32.2367],[75.6329,32.2449],[75.6385,32.252],[75.6551,32.251],[75.6653,32.2534],[75.7133,32.2726],[75.7448,32.2769],[75.7706,32.2887],[75.7815,32.3091],[75.7978,32.3246],[75.8032,32.3285],[75.8152,32.3304],[75.8135,32.3358],[75.8079,32.3411],[75.8112,32.3486],[75.827,32.3505],[75.8347,32.357],[75.8441,32.3558],[75.8474,32.3739],[75.8565,32.3848],[75.8735,32.3955],[75.8872,32.3961],[75.8938,32.3933],[75.9114,32.3942],[75.9161,32.397],[75.9217,32.3965],[75.9233,32.3913],[75.9291,32.3944],[75.9328,32.3915],[75.9347,32.3934],[75.9365,32.3974],[75.9322,32.399],[75.918,32.4144],[75.9206,32.4291],[75.9079,32.4365],[75.9018,32.4528],[75.8904,32.4576],[75.8791,32.4704],[75.8766,32.4724],[75.8748,32.471],[75.8678,32.4785],[75.8535,32.4877],[75.8472,32.4971],[75.849,32.4982],[75.8438,32.5091],[75.8387,32.5127]]]},"properties":{"dtname":"Pathankot","stname":"PUNJAB","stcode11":"03","dtcode11":"773","year_stat":"2011_c","Shape_Length":293081.607864369,"Shape_Area":1335269747.0494292,"OBJECTID":691,"test":0,"Dist_LGD":662,"State_LGD":3}},{"type":"Feature","id":694,"geometry":{"type":"MultiPolygon","coordinates":[[[[75.8019,31.3726],[75.801,31.374],[75.7876,31.3687],[75.7884,31.3625],[75.7717,31.3533],[75.765,31.3522],[75.7662,31.3481],[75.7633,31.3442],[75.7663,31.3402],[75.7651,31.3364],[75.761,31.3367],[75.7628,31.3348],[75.7554,31.3283],[75.7503,31.3308],[75.7394,31.3214],[75.7369,31.3224],[75.737,31.3324],[75.7282,31.3421],[75.7223,31.3447],[75.7122,31.344],[75.7093,31.3476],[75.7066,31.3474],[75.7022,31.3439],[75.7016,31.3454],[75.6997,31.3417],[75.7083,31.3385],[75.7065,31.3376],[75.7086,31.3371],[75.7082,31.332],[75.7125,31.3314],[75.7119,31.3296],[75.7179,31.3263],[75.7222,31.3165],[75.7193,31.314],[75.7086,31.3164],[75.6909,31.3162],[75.6864,31.3183],[75.6829,31.3152],[75.6858,31.3032],[75.6969,31.2982],[75.6998,31.2904],[75.7039,31.2898],[75.7041,31.2856],[75.6985,31.2874],[75.699,31.283],[75.6771,31.2915],[75.6789,31.2878],[75.6753,31.2866],[75.675,31.2719],[75.673,31.269],[75.6818,31.2639],[75.679,31.2573],[75.6829,31.2538],[75.6706,31.2501],[75.679,31.2458],[75.6772,31.2441],[75.672,31.2458],[75.6701,31.2379],[75.6834,31.2305],[75.691,31.2349],[75.6941,31.244],[75.6976,31.2465],[75.7092,31.2348],[75.7123,31.2201],[75.7075,31.2151],[75.6933,31.2108],[75.6867,31.1963],[75.6983,31.1884],[75.695,31.1833],[75.6987,31.1737],[75.7051,31.1659],[75.7207,31.1636],[75.7246,31.1667],[75.748,31.1626],[75.7596,31.1642],[75.7697,31.16],[75.7778,31.1656],[75.7788,31.1779],[75.7741,31.1841],[75.7758,31.1891],[75.7798,31.1957],[75.7916,31.1992],[75.7879,31.205],[75.7966,31.2115],[75.798,31.2161],[75.8224,31.2231],[75.843,31.2325],[75.8548,31.2333],[75.8571,31.2366],[75.8579,31.2436],[75.8516,31.2503],[75.8508,31.2585],[75.8414,31.2622],[75.8382,31.2768],[75.8428,31.2823],[75.8511,31.2837],[75.8545,31.2792],[75.87,31.2736],[75.8755,31.2622],[75.8743,31.259],[75.8686,31.2579],[75.8725,31.2515],[75.8687,31.2455],[75.8757,31.2442],[75.8938,31.254],[75.9012,31.2542],[75.9102,31.2607],[75.9059,31.264],[75.8957,31.2659],[75.8923,31.2761],[75.8881,31.2773],[75.8874,31.2845],[75.8822,31.2905],[75.8777,31.2904],[75.8755,31.2843],[75.8645,31.2818],[75.8659,31.2861],[75.864,31.2904],[75.8559,31.2889],[75.8529,31.2952],[75.8671,31.3109],[75.8663,31.3181],[75.8713,31.3219],[75.871,31.3248],[75.8771,31.3274],[75.8757,31.325],[75.8773,31.322],[75.8803,31.3225],[75.8804,31.3285],[75.885,31.3342],[75.9046,31.3367],[75.9059,31.345],[75.899,31.3414],[75.8911,31.3406],[75.8911,31.3447],[75.8826,31.3473],[75.8787,31.3549],[75.8591,31.352],[75.8568,31.3499],[75.8497,31.3728],[75.8388,31.3696],[75.8363,31.3728],[75.8296,31.37],[75.8336,31.3624],[75.8217,31.357],[75.8165,31.3619],[75.8123,31.3607],[75.8087,31.3705],[75.8045,31.3697],[75.8019,31.3726]]],[[[75.4932,31.6454],[75.4854,31.6503],[75.476,31.6516],[75.4703,31.6467],[75.468,31.6363],[75.429,31.6265],[75.4256,31.6277],[75.4193,31.6216],[75.419,31.6138],[75.4124,31.5983],[75.4022,31.5924],[75.3959,31.5804],[75.3747,31.579],[75.3587,31.5685],[75.3453,31.5542],[75.343,31.5559],[75.3275,31.5425],[75.3166,31.5286],[75.3179,31.5267],[75.3085,31.5173],[75.2837,31.4829],[75.2671,31.48],[75.2527,31.4694],[75.2432,31.4552],[75.235,31.4593],[75.2245,31.4219],[75.2141,31.4219],[75.21,31.4351],[75.1997,31.4361],[75.1917,31.4332],[75.1871,31.4248],[75.1864,31.4147],[75.1943,31.408],[75.1899,31.4061],[75.1878,31.4076],[75.1785,31.3989],[75.1815,31.3961],[75.1683,31.3791],[75.1633,31.383],[75.156,31.3652],[75.1572,31.3618],[75.165,31.3616],[75.1643,31.3568],[75.146,31.3368],[75.1483,31.3333],[75.1478,31.3201],[75.1345,31.3105],[75.1182,31.3203],[75.1067,31.3168],[75.1096,31.3109],[75.0934,31.2839],[75.1039,31.2797],[75.0822,31.2737],[75.0793,31.2689],[75.0822,31.2676],[75.0793,31.2647],[75.0809,31.2498],[75.079,31.2459],[75.0593,31.2309],[75.0575,31.2261],[75.0613,31.2253],[75.0598,31.2109],[75.0506,31.2019],[75.0524,31.1984],[75.0478,31.191],[75.037,31.1895],[75.0163,31.1799],[75.0095,31.1742],[75.0043,31.1741],[74.986,31.1589],[74.9648,31.1536],[74.9601,31.1473],[74.9892,31.1315],[75.0016,31.1214],[75.0099,31.1203],[75.0132,31.1314],[75.0066,31.1451],[75.0138,31.1451],[75.0134,31.1482],[75.0182,31.1481],[75.024,31.1565],[75.0369,31.151],[75.0427,31.1549],[75.0608,31.1459],[75.0619,31.1492],[75.0684,31.1455],[75.0747,31.1477],[75.0794,31.1529],[75.0808,31.1511],[75.0879,31.1531],[75.1032,31.1501],[75.1096,31.1556],[75.1148,31.1557],[75.1228,31.1677],[75.1308,31.1712],[75.1413,31.1705],[75.1451,31.1665],[75.1581,31.1683],[75.1701,31.1634],[75.1844,31.1651],[75.1894,31.1771],[75.2053,31.185],[75.2149,31.1832],[75.2225,31.1768],[75.2297,31.1656],[75.2268,31.1579],[75.2303,31.1526],[75.2545,31.154],[75.2699,31.1481],[75.2759,31.1589],[75.2712,31.1606],[75.2706,31.1633],[75.2753,31.1678],[75.2736,31.1692],[75.2744,31.1738],[75.2707,31.1749],[75.2768,31.1873],[75.2855,31.1851],[75.2913,31.1919],[75.295,31.1915],[75.3013,31.2065],[75.3057,31.2082],[75.3205,31.2071],[75.3249,31.2146],[75.3277,31.2163],[75.3293,31.2149],[75.3379,31.2215],[75.3447,31.232],[75.3638,31.2259],[75.3655,31.227],[75.3619,31.2358],[75.3679,31.2397],[75.3766,31.2308],[75.382,31.2323],[75.3843,31.2395],[75.3894,31.2444],[75.4001,31.2477],[75.4063,31.2449],[75.4179,31.2498],[75.4225,31.2456],[75.4191,31.2396],[75.4243,31.2358],[75.423,31.2294],[75.4336,31.2292],[75.4355,31.2383],[75.4398,31.2411],[75.4517,31.2383],[75.4524,31.236],[75.4608,31.2356],[75.4618,31.2437],[75.472,31.251],[75.4721,31.2537],[75.4678,31.2574],[75.463,31.28],[75.4525,31.2819],[75.4531,31.2857],[75.4483,31.2878],[75.4465,31.2863],[75.4375,31.2895],[75.4365,31.2929],[75.4428,31.3064],[75.4341,31.3179],[75.4482,31.3248],[75.4685,31.3248],[75.4811,31.352],[75.4786,31.3534],[75.4821,31.3644],[75.4774,31.3677],[75.469,31.3619],[75.4611,31.3609],[75.4578,31.3631],[75.4557,31.3721],[75.4571,31.3744],[75.4641,31.3748],[75.4668,31.3741],[75.4655,31.3719],[75.4671,31.3712],[75.4744,31.3737],[75.4797,31.3723],[75.4808,31.3762],[75.4874,31.3751],[75.4886,31.3831],[75.4909,31.3848],[75.4721,31.3957],[75.47,31.3956],[75.4667,31.3854],[75.4605,31.3836],[75.4604,31.3813],[75.4388,31.3826],[75.4365,31.385],[75.4368,31.3908],[75.4334,31.3936],[75.4387,31.3976],[75.442,31.4053],[75.4316,31.414],[75.4368,31.4258],[75.4424,31.4326],[75.4506,31.4271],[75.4529,31.4294],[75.4539,31.431],[75.4451,31.4388],[75.4503,31.4441],[75.4579,31.4374],[75.4592,31.4401],[75.4647,31.439],[75.4664,31.4468],[75.4561,31.4579],[75.4523,31.4698],[75.458,31.4703],[75.4577,31.4729],[75.4484,31.4706],[75.4447,31.4732],[75.4435,31.4816],[75.44,31.4847],[75.4413,31.4948],[75.4466,31.496],[75.4486,31.4935],[75.4507,31.4969],[75.4574,31.4963],[75.4588,31.4986],[75.4742,31.4964],[75.4739,31.4931],[75.4801,31.4845],[75.4889,31.4844],[75.489,31.4811],[75.4914,31.4799],[75.4913,31.475],[75.4892,31.4749],[75.4902,31.4708],[75.4988,31.469],[75.5129,31.4594],[75.5169,31.4655],[75.5113,31.4705],[75.5085,31.48],[75.515,31.4847],[75.5162,31.4903],[75.5187,31.4899],[75.5195,31.4998],[75.5183,31.5035],[75.5137,31.5045],[75.5179,31.5122],[75.5119,31.5154],[75.5123,31.5175],[75.5263,31.5213],[75.526,31.5189],[75.5312,31.5173],[75.5309,31.5125],[75.5391,31.5161],[75.5405,31.5283],[75.5311,31.5371],[75.5223,31.5391],[75.5246,31.5437],[75.5269,31.543],[75.5293,31.5459],[75.5404,31.5454],[75.5474,31.5424],[75.5534,31.5343],[75.5664,31.5357],[75.577,31.5423],[75.5726,31.5476],[75.5793,31.5626],[75.5959,31.5551],[75.6022,31.5633],[75.5918,31.5752],[75.595,31.5861],[75.5974,31.5871],[75.6006,31.5836],[75.603,31.5842],[75.6003,31.5878],[75.6012,31.5922],[75.5936,31.6047],[75.5761,31.6066],[75.5735,31.6175],[75.5699,31.6166],[75.5712,31.6097],[75.5671,31.6108],[75.5723,31.6354],[75.5569,31.6401],[75.5555,31.6354],[75.5509,31.634],[75.5428,31.6477],[75.5399,31.6487],[75.5321,31.6487],[75.5315,31.6403],[75.5289,31.6369],[75.5322,31.6352],[75.5306,31.6332],[75.5247,31.6329],[75.52,31.6404],[75.5142,31.6391],[75.5081,31.6434],[75.498,31.6423],[75.4932,31.6454]]]]},"properties":{"dtname":"Kapurthala","stname":"PUNJAB","stcode11":"03","dtcode11":"036","year_stat":"2011_c","Shape_Length":518646.0557252552,"Shape_Area":2243646416.454609,"OBJECTID":694,"test":0,"Dist_LGD":35,"State_LGD":3}}]}