{"type":"FeatureCollection","crs":{"type":"name","properties":{"name":"EPSG:4326"}},"features":[{"type":"Feature","id":42,"geometry":{"type":"Polygon","coordinates":[[[84.6756,19.1677],[84.6704,19.1655],[84.6688,19.1669],[84.6666,19.1639],[84.6658,19.1551],[84.6689,19.1571],[84.6695,19.1491],[84.6652,19.1307],[84.6578,19.1324],[84.6521,19.1303],[84.642,19.1346],[84.6415,19.1306],[84.6289,19.1306],[84.6277,19.1276],[84.5934,19.1333],[84.5939,19.1297],[84.6007,19.1275],[84.5997,19.1241],[84.6063,19.1084],[84.6092,19.1077],[84.6074,19.1017],[84.6165,19.101],[84.6175,19.1053],[84.6234,19.1],[84.6206,19.0948],[84.6229,19.0926],[84.6234,19.0858],[84.6283,19.0853],[84.6298,19.0875],[84.6291,19.083],[84.6322,19.0896],[84.6347,19.0868],[84.6347,19.0906],[84.6449,19.0971],[84.6511,19.094],[84.6569,19.0953],[84.6566,19.0928],[84.6615,19.0887],[84.6614,19.0833],[84.6687,19.0772],[84.6674,19.0753],[84.661,19.0755],[84.659,19.0639],[84.6518,19.0684],[84.6395,19.0682],[84.635,19.0609],[84.6289,19.0613],[84.6285,19.0655],[84.6257,19.0671],[84.6162,19.0668],[84.6149,19.0618],[84.6203,19.0608],[84.6155,19.0554],[84.6113,19.0575],[84.6122,19.0528],[84.6038,19.0426],[84.5988,19.0257],[84.5948,19.0269],[84.5921,19.0232],[84.5895,19.0239],[84.5796,19.031],[84.5812,19.0434],[84.5752,19.0414],[84.5766,19.0466],[84.5809,19.0502],[84.5784,19.0609],[84.581,19.0736],[84.5726,19.0685],[84.5695,19.0705],[84.5708,19.0746],[84.5545,19.0575],[84.5412,19.056],[84.5244,19.0472],[84.522,19.0496],[84.5143,19.0494],[84.5046,19.0361],[84.4945,19.0318],[84.4867,19.0204],[84.4806,19.0175],[84.4808,19.0052],[84.474,18.9903],[84.4721,18.9934],[84.4676,18.9927],[84.4633,18.9957],[84.4631,18.9929],[84.4589,18.9944],[84.4585,18.9982],[84.4533,18.9982],[84.4466,19.0043],[84.4396,19.0045],[84.4385,19.0083],[84.4351,19.0081],[84.4296,19.0144],[84.4225,19.0149],[84.4237,19.0201],[84.419,19.0229],[84.42,19.0137],[84.4305,19.0075],[84.4298,18.9957],[84.4412,18.9927],[84.4416,18.9862],[84.45,18.9786],[84.4426,18.974],[84.4437,18.9726],[84.441,18.97],[84.4288,18.97],[84.4272,18.9657],[84.4302,18.9599],[84.4241,18.9539],[84.4222,18.9484],[84.4289,18.9373],[84.4256,18.9332],[84.4362,18.9333],[84.436,18.9218],[84.429,18.9179],[84.4263,18.9102],[84.4223,18.9116],[84.4169,18.919],[84.4143,18.9153],[84.4184,18.9123],[84.4202,18.9066],[84.416,18.8985],[84.398,18.8966],[84.3922,18.9019],[84.3917,18.9056],[84.3835,18.9016],[84.3768,18.9054],[84.3831,18.8971],[84.388,18.8972],[84.3954,18.8919],[84.3964,18.8851],[84.3901,18.8775],[84.3862,18.8854],[84.3793,18.8877],[84.3813,18.8839],[84.3798,18.8826],[84.3629,18.8909],[84.3581,18.8956],[84.3605,18.8883],[84.3704,18.8793],[84.3767,18.8794],[84.3822,18.8754],[84.377,18.873],[84.3753,18.8657],[84.3723,18.8627],[84.368,18.862],[84.3645,18.8653],[84.3601,18.8621],[84.356,18.8704],[84.3366,18.8895],[84.3307,18.883],[84.3257,18.8759],[84.3332,18.8603],[84.3451,18.8489],[84.3629,18.84],[84.3576,18.8325],[84.3501,18.8328],[84.3476,18.8215],[84.3407,18.8228],[84.3288,18.8189],[84.3289,18.8167],[84.3321,18.8164],[84.3401,18.809],[84.3425,18.803],[84.3347,18.8018],[84.3346,18.7994],[84.3254,18.8002],[84.3222,18.7961],[84.323,18.7917],[84.319,18.788],[84.3033,18.7954],[84.3026,18.7993],[84.2869,18.8049],[84.2845,18.7935],[84.2584,18.7841],[84.2529,18.7885],[84.247,18.7867],[84.2411,18.7896],[84.2388,18.7981],[84.2347,18.7995],[84.2318,18.7957],[84.2243,18.7997],[84.2172,18.7959],[84.2124,18.7964],[84.2161,18.7911],[84.2056,18.7901],[84.1933,18.7926],[84.1922,18.7844],[84.1879,18.7786],[84.1812,18.7832],[84.1738,18.781],[84.1677,18.7892],[84.1573,18.7888],[84.1566,18.7842],[84.1498,18.7845],[84.1442,18.7781],[84.1384,18.7782],[84.1369,18.7697],[84.14,18.7652],[84.1356,18.7625],[84.1298,18.7618],[84.1278,18.7661],[84.1227,18.7649],[84.1204,18.7689],[84.1157,18.7665],[84.1115,18.7678],[84.1013,18.7612],[84.0949,18.7615],[84.0892,18.7585],[84.0897,18.7638],[84.0853,18.7663],[84.076,18.7657],[84.0738,18.7756],[84.0681,18.7821],[84.06,18.7823],[84.0574,18.7892],[84.0617,18.7906],[84.0574,18.7926],[84.06,18.799],[84.0447,18.8025],[84.0423,18.807],[84.0436,18.8138],[84.0365,18.8173],[84.0358,18.8139],[84.0311,18.8125],[84.0253,18.8169],[84.0228,18.8164],[84.0232,18.8179],[84.0135,18.818],[84.0154,18.8137],[84.0138,18.8099],[84.0079,18.8126],[84.0036,18.8096],[83.9919,18.8145],[83.9851,18.811],[83.9759,18.8151],[83.9636,18.8156],[83.959,18.815],[83.9534,18.8074],[83.9482,18.8061],[83.942,18.8087],[83.9424,18.8153],[83.9356,18.8191],[83.9297,18.8168],[83.9244,18.8234],[83.9174,18.825],[83.9138,18.8289],[83.91,18.8269],[83.9028,18.8283],[83.8976,18.8253],[83.8941,18.8166],[83.8912,18.8154],[83.8857,18.8319],[83.8667,18.8517],[83.8515,18.8594],[83.8461,18.8689],[83.8438,18.8761],[83.849,18.8997],[83.8459,18.9134],[83.8384,18.9194],[83.8267,18.9161],[83.829,18.9304],[83.8198,18.9391],[83.8191,18.945],[83.8219,18.9601],[83.8092,18.9918],[83.8076,18.991],[83.7932,19.0046],[83.7915,19.0091],[83.7927,19.0189],[83.7759,19.0184],[83.7793,19.0148],[83.78,19.0093],[83.7655,19.0075],[83.7621,19.0055],[83.7608,18.9993],[83.7573,19.0032],[83.7458,18.9971],[83.7431,18.9871],[83.7459,18.975],[83.7533,18.9723],[83.7521,18.9681],[83.757,18.9516],[83.7677,18.9557],[83.7706,18.9453],[83.7742,18.9462],[83.7769,18.9376],[83.7825,18.9345],[83.7857,18.9197],[83.7859,18.9168],[83.7763,18.9123],[83.7674,18.9152],[83.7612,18.9282],[83.7519,18.9261],[83.7563,18.9107],[83.7632,18.9072],[83.7709,18.8989],[83.7746,18.8983],[83.7795,18.8817],[83.7955,18.8603],[83.805,18.8651],[83.8088,18.8616],[83.8108,18.8567],[83.8053,18.85],[83.8126,18.8391],[83.8123,18.8334],[83.8045,18.8259],[83.784,18.8267],[83.774,18.8205],[83.7633,18.8223],[83.7542,18.8275],[83.7467,18.8244],[83.7464,18.8212],[83.754,18.8172],[83.7463,18.8028],[83.7521,18.7881],[83.7387,18.7717],[83.7342,18.7799],[83.7243,18.786],[83.7113,18.7884],[83.7047,18.7976],[83.693,18.7974],[83.6885,18.8065],[83.6738,18.7923],[83.6646,18.7948],[83.6626,18.7931],[83.6647,18.7862],[83.6558,18.7779],[83.6337,18.7724],[83.625,18.7675],[83.6167,18.7671],[83.6144,18.7596],[83.6073,18.7537],[83.6005,18.7558],[83.5862,18.7538],[83.587,18.7433],[83.5899,18.7386],[83.578,18.7353],[83.5771,18.738],[83.5766,18.7362],[83.5685,18.7373],[83.5665,18.7342],[83.5689,18.7311],[83.5676,18.7296],[83.5638,18.7294],[83.5605,18.7247],[83.5485,18.7235],[83.5475,18.711],[83.5383,18.7105],[83.5416,18.6854],[83.5535,18.6827],[83.5614,18.667],[83.5499,18.6487],[83.55,18.6422],[83.556,18.6382],[83.5533,18.6296],[83.5496,18.6288],[83.548,18.6253],[83.552,18.6144],[83.5492,18.5958],[83.5699,18.5946],[83.5706,18.5925],[83.5651,18.5871],[83.5551,18.5849],[83.5506,18.5803],[83.5442,18.5834],[83.5381,18.5634],[83.533,18.5663],[83.5318,18.5601],[83.5266,18.5524],[83.5311,18.5489],[83.5342,18.5524],[83.5383,18.5512],[83.5396,18.5408],[83.551,18.5366],[83.5586,18.5378],[83.5564,18.5485],[83.5607,18.5613],[83.5645,18.5611],[83.5765,18.5688],[83.5856,18.5634],[83.6079,18.5606],[83.6241,18.5629],[83.6311,18.5597],[83.6317,18.5559],[83.6315,18.5388],[83.6284,18.5373],[83.6311,18.5343],[83.6271,18.5183],[83.6278,18.5107],[83.6194,18.5054],[83.6046,18.5071],[83.5988,18.51],[83.5902,18.5091],[83.5833,18.5053],[83.5811,18.4997],[83.58,18.4921],[83.5962,18.4885],[83.5972,18.4769],[83.6092,18.4675],[83.6143,18.4664],[83.6157,18.454],[83.605,18.4603],[83.588,18.4597],[83.5861,18.4483],[83.5829,18.4474],[83.5958,18.4344],[83.5918,18.4275],[83.5792,18.4301],[83.5746,18.4265],[83.573,18.4194],[83.5746,18.4149],[83.5814,18.4093],[83.5867,18.4118],[83.5968,18.4083],[83.6074,18.3898],[83.6055,18.3815],[83.603,18.3823],[83.6032,18.3751],[83.5957,18.3722],[83.6012,18.37],[83.6003,18.3673],[83.5961,18.3686],[83.5934,18.3648],[83.5898,18.3651],[83.5883,18.3615],[83.5913,18.3589],[83.5858,18.3542],[83.595,18.348],[83.5955,18.3443],[83.6114,18.3363],[83.6061,18.3283],[83.6148,18.3333],[83.6244,18.3337],[83.6279,18.322],[83.6292,18.3236],[83.6451,18.3209],[83.6571,18.3226],[83.6589,18.3165],[83.6663,18.3172],[83.672,18.3112],[83.6796,18.3136],[83.6815,18.3088],[83.6844,18.3091],[83.6859,18.3059],[83.6911,18.3042],[83.6956,18.3069],[83.7,18.298],[83.71,18.2958],[83.7033,18.2896],[83.6973,18.2897],[83.6902,18.2849],[83.6742,18.2829],[83.6727,18.2726],[83.6678,18.2689],[83.6688,18.2603],[83.6653,18.2454],[83.6673,18.233],[83.6636,18.2258],[83.6559,18.2186],[83.6565,18.2122],[83.6527,18.2073],[83.6433,18.2105],[83.6433,18.2135],[83.6377,18.215],[83.6359,18.2197],[83.6292,18.2184],[83.6254,18.2124],[83.6087,18.2133],[83.6072,18.2075],[83.6035,18.2067],[83.6088,18.2029],[83.604,18.202],[83.603,18.1933],[83.6099,18.1928],[83.614,18.1793],[83.6116,18.1654],[83.6029,18.1647],[83.6024,18.1604],[83.6061,18.1549],[83.605,18.1499],[83.6074,18.1434],[83.6115,18.1428],[83.6117,18.1402],[83.624,18.1294],[83.6209,18.118],[83.6235,18.1128],[83.6358,18.1053],[83.6404,18.1079],[83.6448,18.1064],[83.6544,18.0917],[83.6632,18.087],[83.6658,18.0816],[83.6624,18.0795],[83.6638,18.0772],[83.6955,18.0983],[83.7497,18.1289],[83.8096,18.1561],[83.8603,18.1744],[83.8724,18.1825],[83.8784,18.1903],[83.8894,18.1962],[83.9136,18.2048],[83.9358,18.2091],[83.9453,18.2159],[83.9614,18.222],[84.013,18.2502],[84.0717,18.2766],[84.0802,18.2843],[84.1285,18.3134],[84.1301,18.3172],[84.1273,18.3338],[84.1303,18.3416],[84.1288,18.3442],[84.133,18.3508],[84.1324,18.3461],[84.1345,18.3458],[84.135,18.3525],[84.1484,18.3738],[84.2547,18.4748],[84.3547,18.555],[84.3577,18.5646],[84.3554,18.5664],[84.3571,18.5735],[84.3683,18.5932],[84.4398,18.6596],[84.4372,18.658],[84.4411,18.6639],[84.4436,18.676],[84.4532,18.693],[84.4937,18.7409],[84.5515,18.7906],[84.5578,18.8178],[84.5749,18.8377],[84.5845,18.8635],[84.6036,18.8898],[84.6844,18.9675],[84.6763,18.9678],[84.6869,18.9709],[84.7439,19.045],[84.7636,19.0749],[84.7647,19.0773],[84.7499,19.0834],[84.7443,19.09],[84.7007,19.1188],[84.7004,19.1267],[84.6957,19.1273],[84.704,19.1419],[84.6979,19.1453],[84.6991,19.148],[84.7084,19.1474],[84.7128,19.1532],[84.7099,19.1592],[84.7013,19.1621],[84.6822,19.1609],[84.6756,19.1677]]]},"properties":{"dtname":"Srikakulam","stname":"ANDHRA PRADESH","stcode11":"37","dtcode11":"542","year_stat":"2011_c","Shape_Length":732974.652885039,"Shape_Area":6565447726.900703,"OBJECTID":42,"test":0,"Dist_LGD":519,"State_LGD":28}},{"type":"Feature","id":43,"geometry":{"type":"Polygon","coordinates":[[[83.6249,19.1629],[83.6255,19.1516],[83.6204,19.1487],[83.6189,19.1426],[83.614,19.138],[83.606,19.1406],[83.5997,19.1364],[83.5972,19.1311],[83.5959,19.1197],[83.6015,19.1131],[83.6087,19.097],[83.602,19.0938],[83.5993,19.0958],[83.591,19.0936],[83.5837,19.0875],[83.5851,19.0703],[83.5821,19.066],[83.5825,19.0589],[83.573,19.0623],[83.563,19.0592],[83.5616,19.0609],[83.5617,19.0675],[83.5671,19.0716],[83.5603,19.0869],[83.5525,19.0875],[83.5471,19.0814],[83.5556,19.0571],[83.5497,19.0555],[83.545,19.0446],[83.5398,19.0424],[83.5353,19.0117],[83.5228,19.0154],[83.5207,19.0132],[83.5143,19.0175],[83.501,19.0205],[83.4956,19.0317],[83.4966,19.0353],[83.5076,19.0357],[83.5149,19.0283],[83.5194,19.0389],[83.5132,19.0482],[83.5169,19.0569],[83.5131,19.0605],[83.5118,19.0701],[83.5092,19.0686],[83.5093,19.0714],[83.4999,19.0668],[83.4989,19.0627],[83.4809,19.0783],[83.4819,19.085],[83.4864,19.0874],[83.4835,19.0921],[83.4717,19.0962],[83.4661,19.094],[83.4653,19.0886],[83.4698,19.0856],[83.4743,19.0865],[83.4765,19.0802],[83.4718,19.0783],[83.4684,19.0811],[83.4644,19.0808],[83.4612,19.0769],[83.4633,19.0719],[83.4604,19.0647],[83.4673,19.062],[83.4659,19.0561],[83.469,19.0496],[83.4688,19.0438],[83.4814,19.0345],[83.4775,19.023],[83.4777,19.0186],[83.4806,19.016],[83.4778,19.0094],[83.4697,19.0082],[83.4596,19.0133],[83.4503,19.0135],[83.4481,19.0108],[83.4534,18.9978],[83.4533,18.9922],[83.4641,18.9945],[83.4659,18.992],[83.4623,18.981],[83.4666,18.9813],[83.4679,18.9702],[83.4599,18.9557],[83.4456,18.958],[83.4437,18.9621],[83.446,18.9657],[83.439,18.9762],[83.4345,18.9767],[83.4265,18.9848],[83.4156,18.99],[83.4197,19.0001],[83.4122,19.0046],[83.4106,19.0015],[83.4076,19.0053],[83.4001,19.0072],[83.3987,19.0103],[83.394,19.0105],[83.3928,19.0069],[83.3827,19.0022],[83.3707,19.0032],[83.3647,19.007],[83.3634,19.0113],[83.3657,19.017],[83.3561,19.0203],[83.3461,19.0178],[83.341,19.019],[83.3349,19.0068],[83.3369,18.9979],[83.3253,19.0033],[83.3199,19.0002],[83.3152,19.0022],[83.3088,18.9998],[83.3173,18.9735],[83.3283,18.9671],[83.3328,18.9694],[83.3304,18.9596],[83.3318,18.956],[83.3371,18.9541],[83.3363,18.948],[83.3253,18.9456],[83.323,18.9385],[83.3239,18.9335],[83.332,18.9297],[83.3321,18.9265],[83.3484,18.9263],[83.3438,18.9412],[83.3501,18.9433],[83.3481,18.9598],[83.3509,18.9668],[83.366,18.963],[83.3639,18.958],[83.3694,18.9436],[83.3591,18.9418],[83.3505,18.9445],[83.3517,18.9309],[83.3572,18.9179],[83.3599,18.9169],[83.3578,18.9157],[83.3606,18.9158],[83.3667,18.9093],[83.3751,18.909],[83.3818,18.9139],[83.3915,18.9085],[83.3829,18.9051],[83.3764,18.8979],[83.3816,18.8914],[83.3897,18.8877],[83.3898,18.8836],[83.3951,18.8797],[83.4128,18.8745],[83.4031,18.8627],[83.4039,18.8433],[83.3775,18.8318],[83.3704,18.8429],[83.3639,18.8441],[83.346,18.8278],[83.3363,18.8252],[83.3264,18.8189],[83.3288,18.8072],[83.3184,18.8055],[83.307,18.8102],[83.2964,18.8027],[83.2827,18.7988],[83.2735,18.7836],[83.2795,18.775],[83.2695,18.7653],[83.2609,18.7707],[83.2414,18.7692],[83.2327,18.775],[83.2227,18.776],[83.2205,18.7737],[83.2262,18.762],[83.2258,18.7562],[83.2161,18.7465],[83.2106,18.7315],[83.2108,18.7386],[83.2055,18.7468],[83.2047,18.7524],[83.1913,18.7541],[83.176,18.7718],[83.1632,18.7699],[83.1623,18.7678],[83.1546,18.7692],[83.1499,18.777],[83.1361,18.7858],[83.1133,18.769],[83.1193,18.7668],[83.1218,18.7615],[83.1203,18.7584],[83.1105,18.7538],[83.1057,18.7481],[83.0998,18.7337],[83.0929,18.7324],[83.0907,18.7245],[83.0709,18.7065],[83.0695,18.7026],[83.0731,18.7022],[83.0609,18.6846],[83.0562,18.6663],[83.0429,18.6596],[83.0236,18.6555],[83.0208,18.6522],[83.0149,18.651],[83.0113,18.6468],[83.0178,18.6361],[83.007,18.6278],[83.0039,18.6226],[82.999,18.6215],[82.999,18.6086],[83.0134,18.606],[83.0108,18.6003],[83.0117,18.5953],[83.0238,18.5897],[83.0444,18.5995],[83.051,18.6002],[83.0512,18.5891],[83.0382,18.5874],[83.0358,18.582],[83.0292,18.5785],[83.0279,18.5745],[83.0434,18.5452],[83.0619,18.5421],[83.0712,18.5498],[83.0788,18.5504],[83.0807,18.5533],[83.086,18.5542],[83.0932,18.5476],[83.0916,18.5408],[83.0874,18.5399],[83.0751,18.5271],[83.0732,18.5155],[83.0533,18.4966],[83.0532,18.4866],[83.0358,18.4696],[83.0289,18.4672],[83.0191,18.4572],[83.0228,18.4494],[83.031,18.4489],[83.0391,18.4417],[83.0359,18.4355],[83.0407,18.4252],[83.0454,18.4262],[83.0508,18.4342],[83.0585,18.4367],[83.0654,18.431],[83.0636,18.4239],[83.0556,18.4203],[83.0624,18.4104],[83.0779,18.4033],[83.0852,18.4074],[83.0866,18.4123],[83.1037,18.4132],[83.0955,18.3941],[83.0798,18.3787],[83.075,18.371],[83.074,18.3632],[83.0787,18.354],[83.079,18.3469],[83.0915,18.3426],[83.0938,18.3532],[83.1045,18.3577],[83.1059,18.3538],[83.1106,18.3528],[83.1119,18.3487],[83.1225,18.3509],[83.1331,18.3498],[83.1511,18.3412],[83.1485,18.3272],[83.1513,18.3252],[83.1541,18.3275],[83.1575,18.3265],[83.1579,18.3295],[83.1613,18.3288],[83.159,18.3231],[83.1658,18.317],[83.1652,18.3142],[83.1679,18.3137],[83.1742,18.3148],[83.1767,18.321],[83.1842,18.3239],[83.1905,18.33],[83.2176,18.3348],[83.2206,18.3297],[83.2187,18.3215],[83.2102,18.3085],[83.2105,18.2862],[83.2192,18.2857],[83.2252,18.2818],[83.2294,18.2886],[83.2493,18.2777],[83.2493,18.2796],[83.2586,18.2769],[83.2613,18.2727],[83.2579,18.251],[83.2606,18.2375],[83.2647,18.2311],[83.2668,18.2166],[83.26,18.2183],[83.253,18.2276],[83.2505,18.2264],[83.2463,18.2303],[83.2377,18.231],[83.2323,18.2375],[83.2326,18.2237],[83.2405,18.2225],[83.2414,18.2027],[83.2284,18.2054],[83.2263,18.2096],[83.2267,18.2185],[83.2181,18.2242],[83.2216,18.216],[83.2151,18.2014],[83.2254,18.1967],[83.2243,18.1914],[83.2214,18.1891],[83.2088,18.1891],[83.1956,18.1995],[83.1903,18.1973],[83.1808,18.2162],[83.184,18.2233],[83.1776,18.2238],[83.1742,18.2289],[83.1715,18.2216],[83.1688,18.222],[83.1679,18.2112],[83.1561,18.2092],[83.1579,18.2002],[83.152,18.2001],[83.1483,18.1967],[83.1437,18.1998],[83.1457,18.1919],[83.1516,18.1926],[83.1529,18.1906],[83.1474,18.1856],[83.1413,18.1869],[83.1366,18.1849],[83.1327,18.176],[83.1233,18.1806],[83.1174,18.187],[83.1043,18.1889],[83.1077,18.1812],[83.1128,18.179],[83.1182,18.1699],[83.1074,18.1586],[83.1174,18.1566],[83.1184,18.1543],[83.1125,18.1465],[83.1114,18.1388],[83.1036,18.1418],[83.1021,18.1346],[83.1207,18.1224],[83.1223,18.1154],[83.1046,18.11],[83.1287,18.109],[83.1273,18.0985],[83.1075,18.0961],[83.0996,18.0904],[83.0743,18.0858],[83.0668,18.0728],[83.0466,18.0723],[83.0509,18.0636],[83.0241,18.0599],[83.0143,18.0509],[83.0149,18.0454],[83.0078,18.0355],[83.0117,18.0377],[83.0155,18.0346],[83.0064,18.0235],[83.0093,18.0215],[83.0072,18.0138],[83.0114,18.0056],[83.0101,17.9988],[83.0117,17.9977],[83.0056,17.9887],[83.008,17.9833],[83.0065,17.9774],[83.0173,17.9746],[83.0214,17.9707],[83.0298,17.974],[83.0335,17.9731],[83.0411,17.9667],[83.0522,17.9642],[83.0563,17.9611],[83.0569,17.9562],[83.0666,17.9515],[83.0668,17.9465],[83.0696,17.9443],[83.0772,17.9458],[83.0873,17.9396],[83.1105,17.9394],[83.1071,17.9334],[83.1094,17.9294],[83.1077,17.9234],[83.113,17.9212],[83.1126,17.9188],[83.1202,17.9171],[83.1194,17.9112],[83.1251,17.9077],[83.1234,17.9046],[83.126,17.9018],[83.1245,17.8863],[83.1272,17.8771],[83.1294,17.8737],[83.136,17.8772],[83.1454,17.8703],[83.1485,17.8578],[83.1456,17.8452],[83.1572,17.8438],[83.1612,17.8405],[83.1643,17.849],[83.1853,17.8458],[83.186,17.853],[83.2053,17.8475],[83.2088,17.8585],[83.214,17.8617],[83.2056,17.8631],[83.2111,17.8821],[83.2172,17.8814],[83.2172,17.8758],[83.2286,17.8737],[83.2309,17.8757],[83.2318,17.8858],[83.2364,17.8902],[83.239,17.9041],[83.2549,17.9142],[83.2609,17.9156],[83.2467,17.9285],[83.2437,17.9256],[83.2361,17.9246],[83.2327,17.9276],[83.2336,17.9363],[83.2242,17.9463],[83.233,17.9503],[83.2427,17.9509],[83.2522,17.9669],[83.2502,17.9735],[83.2609,17.9809],[83.2656,17.9884],[83.2663,17.9968],[83.2691,17.997],[83.2731,18.0075],[83.2802,18.0081],[83.2828,18.001],[83.2875,18.001],[83.2932,17.9967],[83.2947,17.9979],[83.2873,18.0037],[83.2889,18.0083],[83.3048,18.0076],[83.3079,18.0037],[83.3152,18.0054],[83.3143,18.016],[83.3095,18.0199],[83.3118,18.0231],[83.3056,18.028],[83.305,18.0311],[83.3073,18.0322],[83.3178,18.0259],[83.3206,18.0352],[83.334,18.0458],[83.341,18.0456],[83.3449,18.051],[83.3532,18.0487],[83.3519,18.0564],[83.3578,18.0647],[83.3658,18.0646],[83.3642,18.0569],[83.3766,18.0514],[83.3953,18.051],[83.4037,18.0578],[83.404,18.0441],[83.3951,18.0278],[83.3928,18.0172],[83.421,18.0138],[83.4243,17.995],[83.4204,17.9874],[83.4146,17.9871],[83.4139,17.9713],[83.4071,17.9689],[83.4064,17.9635],[83.4152,17.9558],[83.4219,17.9412],[83.4288,17.9396],[83.4306,17.9356],[83.4341,17.9364],[83.4401,17.9311],[83.4384,17.9296],[83.4431,17.9227],[83.4505,17.9252],[83.445,17.928],[83.4463,17.9381],[83.4372,17.9472],[83.4508,17.945],[83.4515,17.9604],[83.4604,17.962],[83.4658,17.9658],[83.4733,17.9647],[83.4757,17.9535],[83.4826,17.9489],[83.4993,17.9509],[83.5107,17.9552],[83.5138,17.9526],[83.5187,17.9537],[83.5248,17.9476],[83.5316,17.9511],[83.5583,17.9825],[83.561,17.9886],[83.5588,17.9967],[83.5686,18.0099],[83.6561,18.0704],[83.6658,18.0816],[83.6631,18.0871],[83.6526,18.0938],[83.6448,18.1064],[83.6404,18.1079],[83.6358,18.1053],[83.6235,18.1128],[83.6209,18.118],[83.624,18.1294],[83.6117,18.1402],[83.6115,18.1428],[83.6074,18.1434],[83.6027,18.1646],[83.6116,18.1654],[83.614,18.1844],[83.6099,18.1928],[83.6032,18.193],[83.604,18.202],[83.6088,18.2029],[83.6034,18.2063],[83.6072,18.2075],[83.6087,18.2133],[83.6254,18.2124],[83.6292,18.2184],[83.6359,18.2197],[83.6377,18.215],[83.6433,18.2135],[83.6433,18.2105],[83.6527,18.2073],[83.6565,18.2122],[83.6559,18.2186],[83.6636,18.2258],[83.6673,18.233],[83.6653,18.2454],[83.6688,18.2603],[83.6678,18.2689],[83.6727,18.2726],[83.6742,18.2829],[83.6902,18.2849],[83.6973,18.2897],[83.7033,18.2896],[83.71,18.2958],[83.7,18.298],[83.6956,18.3069],[83.6911,18.3042],[83.6859,18.3059],[83.6844,18.3091],[83.6815,18.3088],[83.6796,18.3136],[83.672,18.3112],[83.6663,18.3172],[83.6589,18.3165],[83.6571,18.3226],[83.6451,18.3209],[83.6292,18.3236],[83.6279,18.322],[83.6244,18.3337],[83.6148,18.3333],[83.6061,18.3283],[83.6114,18.3363],[83.5955,18.3443],[83.595,18.348],[83.5858,18.3542],[83.5913,18.3589],[83.5883,18.3615],[83.5898,18.3651],[83.5934,18.3648],[83.5961,18.3686],[83.6003,18.3673],[83.6012,18.37],[83.5957,18.3722],[83.6032,18.3751],[83.603,18.3823],[83.6055,18.3815],[83.6074,18.3898],[83.5968,18.4083],[83.5867,18.4118],[83.5814,18.4093],[83.5746,18.4149],[83.573,18.4194],[83.5746,18.4265],[83.5792,18.4301],[83.5918,18.4275],[83.5958,18.4344],[83.5829,18.4474],[83.5861,18.4483],[83.588,18.4597],[83.605,18.4603],[83.6157,18.454],[83.6143,18.4664],[83.6092,18.4675],[83.5972,18.4769],[83.5962,18.4885],[83.58,18.4921],[83.5811,18.4997],[83.5833,18.5053],[83.5902,18.5091],[83.5988,18.51],[83.6046,18.5071],[83.6194,18.5054],[83.6278,18.5107],[83.6271,18.5183],[83.6311,18.5343],[83.6284,18.5373],[83.6315,18.5388],[83.6317,18.5559],[83.6311,18.5597],[83.6241,18.5629],[83.6079,18.5606],[83.5856,18.5634],[83.5765,18.5688],[83.5645,18.5611],[83.5607,18.5613],[83.5564,18.5485],[83.5586,18.5378],[83.551,18.5366],[83.5396,18.5408],[83.5383,18.5512],[83.5342,18.5524],[83.5311,18.5489],[83.5266,18.5524],[83.5318,18.5601],[83.533,18.5663],[83.5381,18.5634],[83.5442,18.5834],[83.5506,18.5803],[83.5551,18.5849],[83.5651,18.5871],[83.5706,18.5925],[83.5699,18.5946],[83.5492,18.5958],[83.552,18.6144],[83.548,18.6253],[83.5496,18.6288],[83.5533,18.6296],[83.556,18.6382],[83.55,18.6422],[83.5499,18.6487],[83.5614,18.667],[83.5535,18.6827],[83.5416,18.6854],[83.5383,18.7105],[83.5475,18.711],[83.5485,18.7235],[83.5605,18.7247],[83.5638,18.7294],[83.5676,18.7296],[83.5689,18.7311],[83.5665,18.7342],[83.5685,18.7373],[83.5766,18.7362],[83.5771,18.738],[83.578,18.7353],[83.5899,18.7386],[83.587,18.7433],[83.5862,18.7538],[83.6005,18.7558],[83.6073,18.7537],[83.6144,18.7596],[83.6167,18.7671],[83.625,18.7675],[83.6337,18.7724],[83.6558,18.7779],[83.6647,18.7862],[83.6626,18.7931],[83.6646,18.7948],[83.6738,18.7923],[83.6885,18.8065],[83.693,18.7974],[83.7047,18.7976],[83.7113,18.7884],[83.7243,18.786],[83.7342,18.7799],[83.7387,18.7717],[83.7521,18.7881],[83.7463,18.8028],[83.754,18.8172],[83.7464,18.8212],[83.7464,18.8241],[83.7542,18.8275],[83.7721,18.8204],[83.784,18.8267],[83.8022,18.8254],[83.812,18.833],[83.8133,18.8366],[83.8053,18.85],[83.8108,18.8567],[83.8088,18.8616],[83.805,18.8651],[83.7955,18.8603],[83.7795,18.8817],[83.7746,18.8983],[83.7709,18.8989],[83.7632,18.9072],[83.7563,18.9107],[83.752,18.9247],[83.7534,18.9263],[83.7469,18.9434],[83.7411,18.9489],[83.7345,18.969],[83.7331,18.9875],[83.7141,18.9939],[83.7097,19.002],[83.7104,19.007],[83.724,19.0101],[83.7301,19.0218],[83.7002,19.0253],[83.6854,19.0584],[83.6767,19.065],[83.6747,19.0719],[83.664,19.0765],[83.6611,19.081],[83.664,19.092],[83.6629,19.0988],[83.6577,19.1024],[83.6557,19.1086],[83.6508,19.1102],[83.6506,19.1172],[83.6472,19.1185],[83.6497,19.1231],[83.6545,19.122],[83.6551,19.1295],[83.6508,19.1325],[83.6449,19.1308],[83.6367,19.1327],[83.6318,19.1407],[83.6345,19.1517],[83.6378,19.153],[83.634,19.1593],[83.6249,19.1629]]]},"properties":{"dtname":"Vizianagaram","stname":"ANDHRA PRADESH","stcode11":"37","dtcode11":"543","year_stat":"2011_c","Shape_Length":881094.0054435956,"Shape_Area":6907371103.999223,"OBJECTID":43,"test":1,"Dist_LGD":521,"State_LGD":28}},{"type":"Feature","id":48,"geometry":{"type":"Polygon","coordinates":[[[82.4865,18.5503],[82.4811,18.5494],[82.4718,18.5433],[82.4559,18.5268],[82.4535,18.5216],[82.4442,18.5201],[82.4435,18.5174],[82.438,18.5159],[82.4422,18.5146],[82.4417,18.5103],[82.4366,18.5072],[82.4354,18.5017],[82.4323,18.4993],[82.4362,18.4956],[82.4302,18.4877],[82.4018,18.465],[82.3951,18.455],[82.3943,18.4499],[82.3849,18.4458],[82.3803,18.4333],[82.3625,18.4223],[82.3735,18.4071],[82.3779,18.4045],[82.3798,18.3904],[82.3844,18.387],[82.3823,18.3852],[82.3838,18.3682],[82.3751,18.3606],[82.3682,18.3592],[82.3665,18.3546],[82.3628,18.3535],[82.3614,18.345],[82.3473,18.3312],[82.3452,18.3296],[82.3424,18.3315],[82.3365,18.3274],[82.3388,18.3231],[82.3473,18.3173],[82.3542,18.3167],[82.3623,18.3192],[82.3734,18.3294],[82.3764,18.3278],[82.3826,18.3303],[82.3873,18.3292],[82.3911,18.3267],[82.3934,18.3164],[82.3899,18.3105],[82.3906,18.2987],[82.3748,18.2814],[82.3642,18.2784],[82.3572,18.2822],[82.343,18.2813],[82.3387,18.273],[82.3384,18.2631],[82.3344,18.2619],[82.3317,18.2537],[82.3342,18.2507],[82.3348,18.2415],[82.3251,18.2371],[82.3227,18.232],[82.3298,18.2259],[82.3354,18.225],[82.3232,18.2112],[82.3092,18.2048],[82.3138,18.1848],[82.3357,18.1729],[82.3517,18.1724],[82.3707,18.1489],[82.3659,18.1379],[82.3616,18.1356],[82.3549,18.1425],[82.3413,18.1501],[82.3385,18.1513],[82.3371,18.1477],[82.3405,18.138],[82.3325,18.1276],[82.3345,18.1249],[82.3321,18.12],[82.3341,18.1066],[82.3368,18.0999],[82.3453,18.099],[82.3479,18.0864],[82.3457,18.0807],[82.3501,18.0773],[82.3454,18.0707],[82.3422,18.0587],[82.3325,18.0521],[82.3283,18.0588],[82.3206,18.0606],[82.3173,18.0578],[82.3206,18.0494],[82.3182,18.0455],[82.3149,18.0482],[82.3061,18.0459],[82.3056,18.0508],[82.3087,18.0547],[82.2971,18.056],[82.2985,18.064],[82.3027,18.0671],[82.3003,18.0699],[82.2955,18.0678],[82.2897,18.0696],[82.286,18.0635],[82.2818,18.0652],[82.2753,18.0589],[82.2709,18.058],[82.2673,18.0459],[82.2599,18.0426],[82.2673,18.0348],[82.2717,18.0232],[82.2663,18.0007],[82.2676,17.9993],[82.2645,17.9956],[82.2494,17.9931],[82.2443,17.9938],[82.2356,18.0033],[82.2206,18.0024],[82.2074,18.0107],[82.2034,18.0156],[82.2042,18.0194],[82.1861,18.0158],[82.177,18.0213],[82.1826,18.0295],[82.1672,18.0527],[82.1515,18.0486],[82.1451,18.053],[82.1355,18.0447],[82.1318,18.0606],[82.1233,18.0604],[82.1189,18.065],[82.112,18.062],[82.1062,18.064],[82.1004,18.061],[82.0947,18.0641],[82.0944,18.0682],[82.0856,18.0696],[82.075,18.0759],[82.0691,18.0698],[82.0632,18.0568],[82.0388,18.058],[82.0359,18.0677],[82.0313,18.0702],[82.0254,18.0648],[82.0186,18.0642],[82.007,18.0584],[82.0046,18.0515],[82.01,18.036],[82.0086,18.032],[81.9926,18.0281],[81.9896,18.0202],[81.9809,18.0189],[81.9777,18.0152],[81.9801,18.0135],[81.9786,18.0107],[81.9853,18.0029],[81.9965,17.9998],[82.0013,17.9865],[82.008,17.9795],[82.0099,17.9803],[82.0072,17.9653],[82.0224,17.957],[82.0222,17.9524],[82.0295,17.9394],[82.027,17.9369],[82.0277,17.9317],[82.0203,17.9276],[82.0204,17.921],[82.0132,17.9164],[82.008,17.91],[82.0063,17.9034],[82.0027,17.9009],[82.0036,17.8947],[82.0009,17.8862],[82.0009,17.8795],[82.0048,17.871],[82.0171,17.8622],[82.0167,17.8512],[82.0196,17.8396],[82.0099,17.8279],[82.0079,17.8451],[81.9933,17.8456],[81.9874,17.8533],[81.9848,17.8501],[81.9778,17.8483],[81.9708,17.8384],[81.9671,17.8256],[81.9607,17.818],[81.9421,17.8129],[81.9331,17.8143],[81.9233,17.8086],[81.9252,17.8015],[81.9169,17.7985],[81.9118,17.7928],[81.8995,17.7894],[81.8916,17.7807],[81.8784,17.7733],[81.8734,17.7662],[81.8724,17.7601],[81.8674,17.7563],[81.8648,17.7579],[81.8596,17.7536],[81.8772,17.7415],[81.8882,17.7451],[81.8984,17.7453],[81.9079,17.7403],[81.9232,17.7427],[81.9299,17.742],[81.9354,17.7385],[81.9725,17.7468],[81.9662,17.7494],[81.9596,17.7593],[81.9808,17.77],[81.9975,17.7657],[82.003,17.7574],[82.0111,17.7526],[82.0161,17.7535],[82.0181,17.7496],[82.0113,17.738],[82.0278,17.7282],[82.0306,17.7207],[82.0288,17.7152],[82.0332,17.7142],[82.0329,17.7087],[82.0247,17.7031],[82.0287,17.6956],[82.0263,17.6842],[82.0193,17.6765],[82.0222,17.6745],[82.0222,17.6694],[82.0164,17.6614],[82.0117,17.6625],[82.0061,17.6592],[82.0079,17.6524],[82.0064,17.648],[82.0103,17.6467],[82.0018,17.6392],[82.005,17.6277],[82.0162,17.6185],[82.0245,17.6234],[82.0233,17.6324],[82.0336,17.6324],[82.0516,17.6432],[82.0562,17.6409],[82.0564,17.6357],[82.0581,17.636],[82.0645,17.6436],[82.0763,17.6447],[82.0791,17.6491],[82.0919,17.6569],[82.1055,17.6508],[82.1166,17.6556],[82.1362,17.6486],[82.1377,17.6354],[82.1476,17.6271],[82.1519,17.618],[82.163,17.6103],[82.1645,17.6121],[82.1815,17.6086],[82.1846,17.6156],[82.1907,17.6183],[82.1908,17.6226],[82.1957,17.6235],[82.2108,17.6347],[82.2254,17.6391],[82.2418,17.6278],[82.2486,17.6195],[82.2593,17.623],[82.2676,17.622],[82.2767,17.6242],[82.2747,17.6119],[82.2889,17.605],[82.3041,17.59],[82.3109,17.5909],[82.314,17.587],[82.3219,17.5852],[82.3272,17.5855],[82.3316,17.5888],[82.341,17.5873],[82.3434,17.582],[82.3417,17.5736],[82.3336,17.5679],[82.3291,17.557],[82.3309,17.5395],[82.3365,17.5312],[82.3376,17.524],[82.3326,17.5184],[82.3339,17.5117],[82.3313,17.5034],[82.3374,17.5015],[82.3448,17.4945],[82.3592,17.5084],[82.3755,17.5108],[82.3787,17.5071],[82.3675,17.4895],[82.373,17.4794],[82.3889,17.4791],[82.4103,17.467],[82.4204,17.4708],[82.4311,17.4706],[82.4315,17.4728],[82.4378,17.4712],[82.4391,17.4782],[82.4513,17.4806],[82.4548,17.4939],[82.4524,17.4961],[82.4498,17.5112],[82.4655,17.5122],[82.4681,17.5208],[82.4608,17.5303],[82.4616,17.5321],[82.4682,17.5313],[82.4667,17.536],[82.4764,17.5273],[82.4725,17.5218],[82.4775,17.5202],[82.4803,17.5013],[82.4872,17.5013],[82.4874,17.4994],[82.4945,17.5002],[82.4974,17.507],[82.5004,17.5081],[82.5035,17.508],[82.5073,17.5031],[82.5179,17.5019],[82.5373,17.5067],[82.5473,17.5135],[82.5527,17.5272],[82.5591,17.522],[82.5614,17.4911],[82.5679,17.4926],[82.5694,17.4861],[82.5782,17.482],[82.5804,17.4763],[82.5842,17.4751],[82.5853,17.469],[82.591,17.4672],[82.597,17.4616],[82.6046,17.4604],[82.5984,17.4433],[82.5841,17.4302],[82.583,17.4249],[82.5608,17.4084],[82.5562,17.3904],[82.5437,17.3742],[82.5478,17.369],[82.548,17.3618],[82.5556,17.3522],[82.5612,17.3533],[82.5659,17.3495],[82.5651,17.3418],[82.5598,17.3418],[82.5604,17.3328],[82.5576,17.326],[82.5563,17.3243],[82.5478,17.3252],[82.547,17.3272],[82.5354,17.3274],[82.5365,17.3162],[82.5347,17.3059],[82.5183,17.2987],[82.5212,17.2951],[82.5212,17.2842],[82.5254,17.2718],[82.5389,17.264],[82.5424,17.2489],[82.5939,17.2814],[82.703,17.3439],[82.7682,17.3743],[82.8187,17.3946],[82.8184,17.3966],[82.825,17.4002],[82.8692,17.4165],[82.8726,17.4203],[82.8777,17.421],[82.8893,17.4282],[82.9454,17.4515],[82.9546,17.4586],[82.992,17.4725],[82.9955,17.4758],[82.9955,17.4779],[82.9931,17.4763],[82.9943,17.4799],[83.0048,17.488],[83.0041,17.4915],[83.0077,17.4975],[83.0204,17.507],[83.0703,17.5281],[83.0888,17.5322],[83.0916,17.534],[83.0914,17.5367],[83.1023,17.5417],[83.1619,17.5601],[83.1719,17.5668],[83.1706,17.5702],[83.1752,17.5744],[83.2129,17.591],[83.2174,17.5986],[83.238,17.6123],[83.2339,17.6151],[83.2326,17.6202],[83.2396,17.6316],[83.2593,17.6435],[83.2597,17.6499],[83.2821,17.6607],[83.285,17.6667],[83.2947,17.6749],[83.2974,17.6856],[83.2948,17.6897],[83.2961,17.6929],[83.2993,17.6906],[83.2968,17.6937],[83.3002,17.6954],[83.3061,17.6933],[83.3062,17.6884],[83.3082,17.6975],[83.3055,17.6935],[83.3005,17.6965],[83.3044,17.6994],[83.3058,17.6978],[83.3061,17.7015],[83.3468,17.7263],[83.3443,17.7378],[83.3509,17.7461],[83.3544,17.7557],[83.3857,17.7772],[83.3864,17.786],[83.3912,17.7931],[83.4114,17.8099],[83.4166,17.8219],[83.4173,17.8344],[83.4134,17.8365],[83.4118,17.8416],[83.4203,17.8571],[83.4447,17.873],[83.4476,17.88],[83.4568,17.8894],[83.4552,17.8964],[83.4715,17.9126],[83.4995,17.932],[83.5128,17.9377],[83.5157,17.9425],[83.5248,17.9476],[83.5187,17.9537],[83.5138,17.9526],[83.5107,17.9552],[83.4993,17.9509],[83.4826,17.9489],[83.4757,17.9535],[83.4733,17.9647],[83.4664,17.966],[83.4604,17.962],[83.4515,17.9604],[83.4508,17.945],[83.4372,17.9472],[83.4463,17.9381],[83.445,17.928],[83.4505,17.9252],[83.4431,17.9227],[83.4384,17.9296],[83.4401,17.9311],[83.4341,17.9364],[83.4306,17.9356],[83.4288,17.9396],[83.4219,17.9412],[83.4152,17.9558],[83.4064,17.9635],[83.4071,17.9689],[83.4139,17.9713],[83.4146,17.9871],[83.4204,17.9874],[83.4243,17.995],[83.421,18.0138],[83.3928,18.0172],[83.3951,18.0278],[83.404,18.0441],[83.4037,18.0578],[83.3953,18.051],[83.3766,18.0514],[83.3642,18.0569],[83.3658,18.0646],[83.3578,18.0647],[83.3519,18.0564],[83.3532,18.0487],[83.3449,18.051],[83.341,18.0456],[83.334,18.0458],[83.3206,18.0352],[83.3178,18.0259],[83.3073,18.0322],[83.305,18.0311],[83.3056,18.028],[83.3118,18.0231],[83.3095,18.0199],[83.3143,18.016],[83.3152,18.0054],[83.3079,18.0037],[83.3048,18.0076],[83.2889,18.0083],[83.2873,18.0037],[83.2947,17.9979],[83.2932,17.9967],[83.2875,18.001],[83.2828,18.001],[83.2802,18.0081],[83.2731,18.0075],[83.2691,17.997],[83.2663,17.9968],[83.2656,17.9884],[83.2609,17.9809],[83.2502,17.9735],[83.2522,17.9669],[83.2427,17.9509],[83.233,17.9503],[83.2242,17.9463],[83.2336,17.9363],[83.2327,17.9276],[83.2361,17.9246],[83.2437,17.9256],[83.2467,17.9285],[83.2609,17.9156],[83.2549,17.9142],[83.239,17.9041],[83.2364,17.8902],[83.2318,17.8858],[83.2309,17.8757],[83.2286,17.8737],[83.2172,17.8758],[83.2172,17.8814],[83.2111,17.8821],[83.2056,17.8631],[83.214,17.8617],[83.2088,17.8585],[83.2053,17.8475],[83.186,17.853],[83.1853,17.8458],[83.1643,17.849],[83.1612,17.8405],[83.1572,17.8438],[83.1456,17.8452],[83.1485,17.8578],[83.1454,17.8703],[83.136,17.8772],[83.1294,17.8737],[83.1272,17.8771],[83.1245,17.8863],[83.126,17.9018],[83.1234,17.9046],[83.1251,17.9077],[83.1194,17.9112],[83.1202,17.9171],[83.1126,17.9188],[83.113,17.9212],[83.1077,17.9234],[83.1094,17.9294],[83.1071,17.9334],[83.1105,17.9394],[83.0873,17.9396],[83.0772,17.9458],[83.0696,17.9443],[83.0668,17.9465],[83.0666,17.9515],[83.0569,17.9562],[83.0563,17.9611],[83.0522,17.9642],[83.0411,17.9667],[83.0335,17.9731],[83.0298,17.974],[83.0214,17.9707],[83.0173,17.9746],[83.0065,17.9774],[83.008,17.9833],[83.0056,17.9887],[83.0117,17.9977],[83.0101,17.9988],[83.0114,18.0056],[83.0072,18.0138],[83.0093,18.0215],[83.0064,18.0235],[83.0155,18.0346],[83.0117,18.0377],[83.0078,18.0355],[83.0149,18.0454],[83.0143,18.0509],[83.0241,18.0599],[83.0509,18.0636],[83.0466,18.0723],[83.0668,18.0728],[83.0743,18.0858],[83.0996,18.0904],[83.1075,18.0961],[83.1273,18.0985],[83.1287,18.109],[83.1046,18.11],[83.1223,18.1154],[83.1207,18.1224],[83.1021,18.1346],[83.1036,18.1418],[83.1114,18.1388],[83.1125,18.1465],[83.1184,18.1543],[83.1174,18.1566],[83.1074,18.1586],[83.1182,18.1699],[83.1128,18.179],[83.1077,18.1812],[83.1043,18.1889],[83.1174,18.187],[83.1233,18.1806],[83.1327,18.176],[83.1366,18.1849],[83.1413,18.1869],[83.1474,18.1856],[83.1529,18.1906],[83.1516,18.1926],[83.1457,18.1919],[83.1437,18.1998],[83.1483,18.1967],[83.152,18.2001],[83.1579,18.2002],[83.1561,18.2092],[83.1679,18.2112],[83.1688,18.222],[83.1715,18.2216],[83.1742,18.2289],[83.1776,18.2238],[83.184,18.2233],[83.1808,18.2162],[83.1894,18.1982],[83.1956,18.1995],[83.2088,18.1891],[83.2214,18.1891],[83.2253,18.1941],[83.2253,18.1969],[83.2151,18.2014],[83.2216,18.216],[83.2189,18.2247],[83.2267,18.2185],[83.2263,18.2096],[83.2284,18.2054],[83.2414,18.2027],[83.2405,18.2225],[83.2326,18.2237],[83.2323,18.2375],[83.2377,18.231],[83.2463,18.2303],[83.2505,18.2264],[83.253,18.2276],[83.26,18.2183],[83.2668,18.2166],[83.2647,18.2311],[83.2606,18.2375],[83.2579,18.251],[83.2613,18.2727],[83.2588,18.2767],[83.2493,18.2796],[83.2493,18.2777],[83.2294,18.2886],[83.2252,18.2818],[83.2192,18.2857],[83.2104,18.2864],[83.2102,18.3085],[83.2187,18.3215],[83.2209,18.3314],[83.2186,18.3342],[83.2125,18.3353],[83.1905,18.33],[83.1842,18.3239],[83.1767,18.321],[83.1742,18.3148],[83.1679,18.3137],[83.1652,18.3142],[83.1658,18.317],[83.159,18.3231],[83.1613,18.3288],[83.1579,18.3295],[83.1575,18.3265],[83.1541,18.3275],[83.1513,18.3252],[83.1485,18.3272],[83.1511,18.3412],[83.1331,18.3498],[83.1225,18.3509],[83.1119,18.3487],[83.1106,18.3528],[83.1059,18.3538],[83.1045,18.3577],[83.0938,18.3532],[83.0915,18.3426],[83.0791,18.3468],[83.0787,18.354],[83.074,18.3632],[83.075,18.371],[83.0798,18.3787],[83.0955,18.3941],[83.103,18.4103],[83.1037,18.4132],[83.1011,18.4135],[83.0866,18.4123],[83.0844,18.4067],[83.0753,18.4041],[83.0527,18.3807],[83.0413,18.3801],[83.0375,18.3842],[83.0305,18.3842],[83.024,18.3877],[83.0202,18.3924],[83.0142,18.3878],[83.01,18.3894],[83.0035,18.3835],[82.9951,18.3863],[82.991,18.3798],[82.9885,18.3813],[82.9855,18.3796],[82.9814,18.3672],[82.9687,18.3607],[82.9652,18.3597],[82.9584,18.3672],[82.952,18.3623],[82.938,18.3616],[82.9243,18.3689],[82.9204,18.3762],[82.9161,18.376],[82.9113,18.3692],[82.9091,18.3737],[82.9018,18.3742],[82.8942,18.3816],[82.8907,18.3905],[82.8977,18.4035],[82.895,18.4241],[82.8746,18.4224],[82.8695,18.4192],[82.8547,18.4262],[82.8511,18.421],[82.8458,18.4338],[82.8312,18.4423],[82.8235,18.4439],[82.8232,18.4473],[82.8187,18.4497],[82.8067,18.4513],[82.8014,18.45],[82.7936,18.4404],[82.7804,18.4315],[82.7812,18.4233],[82.7857,18.4199],[82.7852,18.4114],[82.7978,18.4075],[82.7897,18.3969],[82.7921,18.3868],[82.7809,18.3826],[82.7873,18.3719],[82.7888,18.3639],[82.7747,18.35],[82.7725,18.3412],[82.7638,18.3373],[82.758,18.3403],[82.7575,18.3348],[82.7535,18.3309],[82.7412,18.3307],[82.7366,18.3277],[82.7393,18.3233],[82.7343,18.3238],[82.7326,18.321],[82.7232,18.3253],[82.7133,18.3232],[82.7068,18.3166],[82.7077,18.3139],[82.6999,18.3114],[82.6928,18.313],[82.6902,18.3084],[82.6827,18.3043],[82.6796,18.3038],[82.6746,18.3073],[82.665,18.2988],[82.6557,18.2968],[82.6495,18.3026],[82.6409,18.3028],[82.639,18.297],[82.6421,18.2887],[82.6505,18.2819],[82.6468,18.2736],[82.6411,18.2723],[82.6406,18.2645],[82.6454,18.263],[82.6508,18.2508],[82.636,18.2375],[82.6218,18.2471],[82.6121,18.2592],[82.6025,18.2654],[82.5952,18.2655],[82.5951,18.2751],[82.5861,18.2768],[82.5863,18.281],[82.5904,18.2811],[82.5923,18.2854],[82.5893,18.2905],[82.5935,18.2926],[82.5929,18.299],[82.5969,18.3049],[82.5943,18.311],[82.5834,18.3092],[82.5796,18.3159],[82.5822,18.3205],[82.5867,18.3186],[82.5932,18.3296],[82.5995,18.3261],[82.6072,18.3279],[82.6095,18.3344],[82.6029,18.3444],[82.602,18.3523],[82.6145,18.3509],[82.6212,18.3597],[82.606,18.3661],[82.6032,18.3727],[82.6061,18.3757],[82.6053,18.3821],[82.6029,18.3832],[82.5992,18.38],[82.5948,18.3893],[82.5869,18.3924],[82.5829,18.3876],[82.5758,18.3963],[82.5696,18.3953],[82.5607,18.4007],[82.554,18.3944],[82.5505,18.3986],[82.5407,18.3996],[82.5355,18.4062],[82.5471,18.4126],[82.5472,18.4143],[82.5432,18.4144],[82.5414,18.4219],[82.5456,18.4224],[82.5457,18.4276],[82.552,18.4286],[82.5506,18.4333],[82.5581,18.4397],[82.5565,18.443],[82.5609,18.4452],[82.5614,18.4485],[82.5563,18.4502],[82.5542,18.4548],[82.5471,18.4538],[82.5407,18.4584],[82.5396,18.4549],[82.5428,18.4501],[82.5385,18.4445],[82.5332,18.4587],[82.5273,18.4598],[82.5283,18.4642],[82.5194,18.4656],[82.5247,18.4717],[82.5308,18.4731],[82.5342,18.4778],[82.5278,18.4809],[82.5332,18.4883],[82.532,18.4925],[82.5265,18.4963],[82.5296,18.5013],[82.527,18.5059],[82.5321,18.511],[82.5259,18.5164],[82.5136,18.5188],[82.5032,18.5141],[82.4924,18.5253],[82.4851,18.5282],[82.4859,18.5333],[82.4795,18.5409],[82.4823,18.544],[82.4916,18.5431],[82.4902,18.5484],[82.4865,18.5503]]]},"properties":{"dtname":"Visakhapatnam","stname":"ANDHRA PRADESH","stcode11":"37","dtcode11":"544","year_stat":"2011_c","Shape_Length":1056722.1503766668,"Shape_Area":12883992501.212849,"OBJECTID":48,"test":1,"Dist_LGD":520,"State_LGD":28}},{"type":"Feature","id":55,"geometry":{"type":"MultiPolygon","coordinates":[[[[80.9287,15.7148],[80.929,15.7149],[80.9293,15.7151],[80.9296,15.7153],[80.9301,15.7157],[80.9305,15.7162],[80.9309,15.7167],[80.9312,15.7172],[80.9313,15.7175],[80.9313,15.7177],[80.9312,15.7179],[80.931,15.7181],[80.9308,15.7182],[80.9306,15.7182],[80.9302,15.7181],[80.9299,15.7179],[80.9295,15.7175],[80.929,15.717],[80.9286,15.7165],[80.9284,15.7161],[80.9282,15.7158],[80.9281,15.7154],[80.9281,15.7153],[80.9281,15.7151],[80.9283,15.7149],[80.9285,15.7148],[80.9287,15.7148]]],[[[80.8126,15.7302],[80.8128,15.7302],[80.813,15.7303],[80.8131,15.7304],[80.8132,15.7306],[80.8133,15.7307],[80.8132,15.7309],[80.8131,15.7312],[80.813,15.7313],[80.813,15.7316],[80.8129,15.7318],[80.8128,15.7321],[80.8126,15.7324],[80.8124,15.7327],[80.8121,15.733],[80.8119,15.7332],[80.8117,15.7332],[80.8116,15.7332],[80.8114,15.7331],[80.8112,15.733],[80.8111,15.7329],[80.8111,15.7327],[80.8111,15.7325],[80.8111,15.7322],[80.8111,15.7318],[80.8111,15.7317],[80.8112,15.7316],[80.8113,15.7313],[80.8115,15.731],[80.8116,15.7307],[80.8118,15.7305],[80.812,15.7303],[80.8122,15.7302],[80.8124,15.7302],[80.8126,15.7302]]],[[[80.7941,15.7535],[80.7942,15.7536],[80.7943,15.7536],[80.7943,15.7538],[80.7945,15.754],[80.7946,15.7541],[80.7947,15.7542],[80.7948,15.7543],[80.7951,15.7546],[80.7953,15.7548],[80.7955,15.7549],[80.7956,15.755],[80.7957,15.7551],[80.7958,15.7552],[80.7958,15.7552],[80.7958,15.7553],[80.7957,15.7554],[80.7955,15.7555],[80.7953,15.7555],[80.7952,15.7555],[80.795,15.7555],[80.7948,15.7552],[80.7943,15.7548],[80.794,15.7545],[80.7937,15.7542],[80.7936,15.7541],[80.7936,15.7539],[80.7936,15.7537],[80.7937,15.7536],[80.7938,15.7535],[80.7939,15.7535],[80.7941,15.7535]]],[[[80.7925,15.7562],[80.7927,15.7562],[80.7929,15.7564],[80.793,15.7565],[80.7931,15.7567],[80.7933,15.7569],[80.7935,15.7571],[80.7937,15.7573],[80.7937,15.7574],[80.7937,15.7575],[80.7937,15.7576],[80.7936,15.7578],[80.7935,15.7579],[80.7934,15.7579],[80.7933,15.7579],[80.7932,15.7578],[80.793,15.7575],[80.7925,15.7569],[80.7923,15.7567],[80.7923,15.7566],[80.7923,15.7564],[80.7923,15.7562],[80.7924,15.7562],[80.7924,15.7562],[80.7925,15.7562]]],[[[80.7928,15.7579],[80.7929,15.7579],[80.7931,15.7582],[80.7934,15.7583],[80.7936,15.7585],[80.7937,15.7587],[80.7938,15.7588],[80.7938,15.759],[80.7937,15.7591],[80.7936,15.759],[80.7934,15.7589],[80.7932,15.7588],[80.793,15.7586],[80.7929,15.7584],[80.7927,15.7583],[80.7925,15.7582],[80.7924,15.758],[80.7924,15.7579],[80.7924,15.7579],[80.7926,15.7578],[80.7928,15.7579]]],[[[80.794,15.7706],[80.7939,15.7707],[80.7936,15.7708],[80.7934,15.7708],[80.7932,15.7708],[80.7931,15.7707],[80.7929,15.7706],[80.7927,15.7705],[80.7925,15.7704],[80.7924,15.7702],[80.7924,15.7701],[80.7924,15.77],[80.7925,15.7699],[80.7925,15.7699],[80.7926,15.7699],[80.7928,15.7701],[80.7929,15.7703],[80.793,15.7704],[80.7932,15.7705],[80.7933,15.7705],[80.7934,15.7705],[80.7934,15.7704],[80.7934,15.7703],[80.7934,15.7702],[80.7933,15.77],[80.793,15.7698],[80.7928,15.7696],[80.7927,15.7695],[80.7927,15.7692],[80.7927,15.7691],[80.7928,15.769],[80.7929,15.7689],[80.7931,15.769],[80.7932,15.7691],[80.7933,15.7693],[80.7933,15.7694],[80.7934,15.7697],[80.7936,15.7698],[80.7938,15.7699],[80.794,15.7701],[80.7941,15.7702],[80.7941,15.7704],[80.7941,15.7705],[80.794,15.7706]]],[[[81.007,15.791],[81.0073,15.7913],[81.0076,15.7916],[81.0076,15.792],[81.0077,15.7926],[81.0077,15.7929],[81.0079,15.7935],[81.0083,15.7943],[81.0085,15.795],[81.0085,15.7953],[81.0083,15.7956],[81.008,15.7957],[81.0079,15.7957],[81.0077,15.7956],[81.0075,15.7955],[81.0072,15.7953],[81.0071,15.795],[81.0071,15.7945],[81.007,15.7939],[81.0067,15.7931],[81.0063,15.7922],[81.006,15.7918],[81.0058,15.7915],[81.0059,15.7913],[81.006,15.7911],[81.0062,15.791],[81.0066,15.7909],[81.007,15.791]]],[[[81.0166,15.8065],[81.0122,15.8138],[81.0052,15.8163],[81.0096,15.8137],[81.0119,15.8087],[81.0081,15.7993],[81.0124,15.8042],[81.0193,15.7932],[81.0166,15.8065]]],[[[80.7909,15.8281],[80.7924,15.8303],[80.7896,15.8323],[80.7909,15.8281]]],[[[80.7886,15.837],[80.7887,15.8371],[80.7888,15.8372],[80.7887,15.8376],[80.7887,15.8381],[80.7889,15.8386],[80.7889,15.8388],[80.7891,15.839],[80.7892,15.8391],[80.7892,15.8393],[80.7891,15.8395],[80.7891,15.8396],[80.789,15.8396],[80.7889,15.8397],[80.7888,15.8398],[80.7888,15.8399],[80.7888,15.8401],[80.7887,15.8403],[80.7886,15.8404],[80.7885,15.8405],[80.7884,15.8405],[80.7882,15.8406],[80.7882,15.8407],[80.7881,15.8409],[80.788,15.841],[80.788,15.8412],[80.7879,15.8415],[80.7879,15.8419],[80.7879,15.8423],[80.7879,15.8425],[80.7879,15.8427],[80.7878,15.8428],[80.7876,15.8428],[80.7874,15.8428],[80.7873,15.8428],[80.7871,15.8427],[80.787,15.8426],[80.7869,15.8424],[80.7868,15.8421],[80.7868,15.8418],[80.7867,15.8415],[80.7868,15.8412],[80.7869,15.841],[80.787,15.8407],[80.7872,15.8406],[80.7874,15.8404],[80.7875,15.8403],[80.7876,15.84],[80.7877,15.8396],[80.7877,15.8392],[80.7877,15.8389],[80.7878,15.8386],[80.7879,15.838],[80.7881,15.8374],[80.7881,15.8372],[80.7882,15.8371],[80.7883,15.837],[80.7884,15.8369],[80.7885,15.8369],[80.7886,15.837]]],[[[80.7861,15.8551],[80.7835,15.8547],[80.7874,15.8448],[80.7861,15.8551]]],[[[80.7775,15.8637],[80.7753,15.8634],[80.7839,15.8578],[80.7775,15.8637]]],[[[80.6137,17.1328],[80.6066,17.135],[80.601,17.1421],[80.58,17.1531],[80.5632,17.1331],[80.5543,17.1336],[80.5423,17.1246],[80.5276,17.119],[80.5141,17.1221],[80.5129,17.1093],[80.504,17.0927],[80.5101,17.0869],[80.5054,17.0685],[80.4977,17.0627],[80.4909,17.051],[80.4714,17.0504],[80.4649,17.0301],[80.4386,17.0376],[80.4317,17.0556],[80.4171,17.0737],[80.419,17.0923],[80.4094,17.0918],[80.4079,17.0879],[80.4044,17.0868],[80.4038,17.082],[80.4006,17.082],[80.391,17.0747],[80.3857,17.068],[80.3917,17.0613],[80.3938,17.0548],[80.3985,17.0526],[80.3959,17.0464],[80.3958,17.0358],[80.4074,17.0257],[80.407,17.0158],[80.3879,17.0093],[80.3869,17.0046],[80.3758,16.9887],[80.3634,16.9768],[80.4497,16.9548],[80.4674,16.9455],[80.482,16.9322],[80.4935,16.9275],[80.4956,16.95],[80.4992,16.9564],[80.5055,16.9566],[80.5261,16.9479],[80.5347,16.9615],[80.5735,16.9414],[80.581,16.9362],[80.5841,16.9289],[80.5912,16.9264],[80.5917,16.923],[80.597,16.9238],[80.6019,16.9186],[80.5871,16.9042],[80.5946,16.8994],[80.5961,16.8852],[80.5776,16.879],[80.5683,16.8694],[80.5712,16.8612],[80.5701,16.8486],[80.5629,16.8329],[80.5655,16.8269],[80.5774,16.8234],[80.5944,16.8029],[80.613,16.7936],[80.5971,16.7923],[80.5872,16.7823],[80.585,16.7836],[80.5769,16.7772],[80.5702,16.7681],[80.5516,16.7751],[80.5262,16.7746],[80.5044,16.7787],[80.4941,16.7837],[80.4863,16.7912],[80.4645,16.7955],[80.4661,16.8164],[80.4642,16.82],[80.4533,16.8231],[80.4501,16.8273],[80.4414,16.8308],[80.4409,16.8343],[80.4286,16.8382],[80.4297,16.8468],[80.4277,16.8498],[80.4121,16.8519],[80.384,16.8653],[80.3788,16.8616],[80.3828,16.8549],[80.3784,16.852],[80.4078,16.8483],[80.4042,16.8321],[80.3997,16.8336],[80.3967,16.8275],[80.3861,16.8249],[80.386,16.8163],[80.3804,16.8175],[80.3737,16.8283],[80.3796,16.8411],[80.3734,16.8395],[80.3741,16.8524],[80.3409,16.8597],[80.344,16.8744],[80.3217,16.8797],[80.325,16.9004],[80.3238,16.9065],[80.3156,16.9155],[80.3116,16.9167],[80.3139,16.9249],[80.3131,16.9406],[80.3165,16.9485],[80.305,16.9537],[80.3066,16.9738],[80.2935,16.9767],[80.2903,16.9811],[80.2936,16.9964],[80.2827,17.0077],[80.2705,17.004],[80.2649,16.9973],[80.2569,16.999],[80.2561,17.0011],[80.2404,17.0022],[80.2401,17.0052],[80.2262,17.0154],[80.2229,17.0079],[80.2114,17.0103],[80.2021,17.0171],[80.1996,17.0265],[80.2041,17.0383],[80.1965,17.0441],[80.192,17.0336],[80.1926,17.0268],[80.1873,17.02],[80.1777,17.0166],[80.1702,17.0169],[80.1678,17.0056],[80.1534,17.007],[80.1402,16.9906],[80.1279,16.9923],[80.1205,16.9913],[80.1204,16.9879],[80.1096,16.9873],[80.1026,16.991],[80.0952,16.9907],[80.0916,16.9684],[80.0555,16.9715],[80.0574,16.9641],[80.0525,16.9599],[80.0482,16.9495],[80.0519,16.9421],[80.0504,16.936],[80.0446,16.9293],[80.0396,16.9171],[80.0375,16.9186],[80.0174,16.915],[80.0124,16.8927],[80.0046,16.8811],[80.0051,16.8765],[79.9988,16.8653],[80.0171,16.8543],[80.029,16.8521],[80.0469,16.8534],[80.0479,16.8337],[80.0595,16.8252],[80.0708,16.8213],[80.072,16.8172],[80.1014,16.8223],[80.1173,16.8196],[80.1304,16.7966],[80.1329,16.7664],[80.1425,16.7434],[80.144,16.7251],[80.1477,16.7241],[80.1465,16.7165],[80.144,16.7161],[80.1408,16.708],[80.1493,16.6883],[80.1359,16.6667],[80.1416,16.6509],[80.1517,16.6457],[80.1694,16.6409],[80.1839,16.6418],[80.2104,16.6269],[80.2399,16.6137],[80.2529,16.6107],[80.3155,16.6092],[80.3311,16.6115],[80.3648,16.5921],[80.3675,16.5875],[80.4027,16.5853],[80.4235,16.5888],[80.4682,16.5891],[80.4807,16.5861],[80.4985,16.5792],[80.5288,16.5626],[80.5546,16.5416],[80.5552,16.5329],[80.5834,16.5179],[80.5846,16.5199],[80.5917,16.5152],[80.5909,16.5125],[80.6149,16.5025],[80.6361,16.4905],[80.6647,16.4722],[80.6696,16.4666],[80.663,16.4496],[80.6661,16.4407],[80.6747,16.4425],[80.6742,16.4245],[80.7066,16.4003],[80.7256,16.3806],[80.7409,16.3417],[80.7485,16.3297],[80.7853,16.2893],[80.7989,16.2827],[80.8043,16.2546],[80.8026,16.241],[80.8174,16.2408],[80.8203,16.218],[80.8412,16.2155],[80.8282,16.1989],[80.8398,16.1736],[80.8488,16.1619],[80.8635,16.1327],[80.8636,16.1272],[80.8542,16.1106],[80.8551,16.1036],[80.8678,16.1055],[80.8663,16.091],[80.8724,16.0893],[80.8755,16.0797],[80.8737,16.0789],[80.8752,16.07],[80.8715,16.0684],[80.881,16.0675],[80.8803,16.054],[80.8768,16.0528],[80.8877,16.0217],[80.8914,16.0008],[80.8902,15.9841],[80.8927,15.9696],[80.8902,15.9608],[80.8967,15.9651],[80.8965,15.954],[80.8981,15.9538],[80.8969,15.9433],[80.8987,15.9352],[80.8949,15.9228],[80.9032,15.9171],[80.8972,15.8884],[80.8863,15.8562],[80.8808,15.857],[80.8727,15.846],[80.8624,15.8248],[80.8617,15.8092],[80.856,15.8067],[80.8388,15.7643],[80.8322,15.7418],[80.8342,15.7129],[80.8315,15.707],[80.8721,15.7111],[80.9246,15.7195],[80.928,15.722],[80.9388,15.7166],[80.9616,15.728],[80.962,15.7331],[80.9734,15.735],[81.0085,15.7545],[81.0088,15.7609],[81.0144,15.7723],[81.0097,15.7812],[81.0091,15.789],[81.0054,15.7895],[81.006,15.784],[81.0028,15.7863],[80.9953,15.8035],[81.0009,15.8324],[81.0029,15.8225],[81.0069,15.821],[81.0034,15.8346],[81.0149,15.851],[81.04,15.874],[81.0715,15.9115],[81.1084,15.9461],[81.148,15.9741],[81.1427,15.9998],[81.1455,16.0133],[81.1496,16.0247],[81.1767,16.0723],[81.1913,16.1032],[81.1976,16.1238],[81.2092,16.1813],[81.2071,16.1874],[81.2137,16.2076],[81.2379,16.2469],[81.2637,16.2738],[81.265,16.2785],[81.27,16.2794],[81.3243,16.3145],[81.357,16.3289],[81.3907,16.34],[81.3924,16.3427],[81.3985,16.3408],[81.428,16.3475],[81.4872,16.3554],[81.4913,16.3531],[81.5027,16.3551],[81.5304,16.3537],[81.5382,16.3527],[81.5391,16.3493],[81.5426,16.3513],[81.5418,16.3491],[81.5526,16.3475],[81.5546,16.3548],[81.5521,16.3678],[81.5467,16.378],[81.523,16.3807],[81.5128,16.37],[81.4948,16.3699],[81.4883,16.3731],[81.4804,16.3878],[81.4725,16.3936],[81.47,16.3982],[81.4628,16.3985],[81.4527,16.4048],[81.4423,16.3983],[81.4371,16.3986],[81.4269,16.4109],[81.4259,16.4191],[81.4121,16.4202],[81.3998,16.4304],[81.401,16.439],[81.3844,16.4433],[81.3885,16.4462],[81.3828,16.4484],[81.3732,16.4588],[81.3786,16.4671],[81.3727,16.4742],[81.369,16.4754],[81.3679,16.4836],[81.372,16.4947],[81.3708,16.4995],[81.3654,16.5008],[81.3629,16.5071],[81.3508,16.5052],[81.3457,16.5071],[81.3427,16.5046],[81.3384,16.5049],[81.3328,16.5102],[81.3344,16.5131],[81.339,16.5129],[81.3396,16.5272],[81.3437,16.5303],[81.3426,16.5384],[81.3474,16.5532],[81.3461,16.5594],[81.349,16.5649],[81.3463,16.5746],[81.348,16.5806],[81.3462,16.5911],[81.3533,16.5917],[81.3506,16.5972],[81.3574,16.5962],[81.3574,16.5983],[81.3545,16.6103],[81.3489,16.6086],[81.3453,16.6039],[81.3426,16.6084],[81.3369,16.6105],[81.3277,16.6194],[81.3263,16.6259],[81.3302,16.635],[81.3338,16.6704],[81.3329,16.68],[81.329,16.6889],[81.3074,16.6925],[81.2933,16.6715],[81.2797,16.6567],[81.2736,16.6216],[81.2654,16.6065],[81.2376,16.5923],[81.2378,16.5859],[81.2421,16.576],[81.2365,16.5698],[81.2341,16.5745],[81.2282,16.5736],[81.2078,16.5966],[81.2009,16.6125],[81.189,16.6213],[81.179,16.618],[81.1675,16.6196],[81.1515,16.5946],[81.1423,16.5981],[81.1402,16.605],[81.1371,16.6067],[81.1286,16.5987],[81.1236,16.5995],[81.1157,16.5923],[81.1018,16.6015],[81.1009,16.6053],[81.0891,16.6053],[81.0869,16.5924],[81.0922,16.5926],[81.0949,16.5873],[81.0788,16.5749],[81.072,16.576],[81.0627,16.5705],[81.0485,16.5698],[81.0401,16.566],[81.0399,16.5616],[81.036,16.5641],[81.0278,16.562],[81.0225,16.5567],[81.0193,16.5575],[81.0186,16.5618],[81.0115,16.5602],[81.0064,16.5862],[81.0014,16.5883],[81.001,16.5954],[80.973,16.6263],[80.9738,16.6312],[80.9695,16.6465],[80.9541,16.6653],[80.9544,16.6714],[80.976,16.6651],[80.979,16.6569],[80.9955,16.6381],[80.9955,16.6356],[81.0041,16.6334],[81.0111,16.6364],[81.0186,16.6502],[80.9987,16.6646],[81.0074,16.6721],[80.9899,16.6813],[80.9889,16.6905],[80.9841,16.7022],[80.9815,16.7233],[80.9894,16.7217],[80.9933,16.7271],[81.0008,16.7522],[81.0103,16.769],[81.0142,16.7697],[81.0173,16.7768],[81.0272,16.7763],[81.0323,16.7825],[81.0428,16.7852],[81.0369,16.8077],[81.0334,16.8053],[81.0247,16.8076],[81.0164,16.8212],[81.0088,16.8207],[80.9962,16.8277],[80.9979,16.8374],[80.9783,16.8822],[80.9749,16.8954],[80.968,16.8987],[80.961,16.9119],[80.9624,16.9203],[80.9578,16.9245],[80.9562,16.9357],[80.9479,16.948],[80.9432,16.9489],[80.9394,16.9568],[80.9351,16.9587],[80.938,16.9717],[80.9366,16.9833],[80.9522,16.9914],[80.9521,16.9977],[80.9597,17.0117],[80.9596,17.0213],[80.9641,17.0328],[80.9585,17.0514],[80.9498,17.0572],[80.9431,17.067],[80.9334,17.0676],[80.9285,17.0711],[80.9185,17.0645],[80.9087,17.0662],[80.9063,17.0697],[80.9035,17.0662],[80.8966,17.0643],[80.888,17.0675],[80.8856,17.071],[80.8813,17.0689],[80.8755,17.071],[80.8715,17.0699],[80.8553,17.0459],[80.8453,17.04],[80.8408,17.0468],[80.8288,17.0528],[80.8104,17.0554],[80.7905,17.0635],[80.765,17.0667],[80.7509,17.0727],[80.7465,17.0778],[80.7054,17.0808],[80.6995,17.0838],[80.6962,17.0798],[80.6973,17.0767],[80.6935,17.0736],[80.6797,17.0721],[80.6735,17.0667],[80.6711,17.0701],[80.6664,17.0675],[80.6559,17.0681],[80.6499,17.0714],[80.6571,17.0896],[80.6681,17.095],[80.6706,17.1012],[80.642,17.116],[80.6455,17.1236],[80.6369,17.1284],[80.6279,17.1299],[80.6194,17.1281],[80.6137,17.1328]]]]},"properties":{"dtname":"Krishna","stname":"ANDHRA PRADESH","stcode11":"37","dtcode11":"547","year_stat":"2011_c","Shape_Length":897633.0246338942,"Shape_Area":9576531626.80383,"OBJECTID":55,"test":0,"Dist_LGD":510,"State_LGD":28}},{"type":"Feature","id":60,"geometry":{"type":"Polygon","coordinates":[[[80.105,16.8223],[80.0866,16.8206],[80.0727,16.8165],[80.0665,16.7865],[80.0539,16.7655],[80.055,16.7447],[80.0367,16.7277],[80.0301,16.7144],[80.0222,16.7104],[80.0076,16.7089],[79.9974,16.7021],[79.9794,16.6654],[79.9657,16.6461],[79.9475,16.6351],[79.9306,16.6313],[79.9145,16.6327],[79.9065,16.6363],[79.8929,16.6519],[79.886,16.6861],[79.8775,16.6973],[79.8511,16.7059],[79.8282,16.6938],[79.8173,16.6919],[79.8112,16.6957],[79.7989,16.7107],[79.7925,16.7255],[79.7858,16.7302],[79.774,16.7308],[79.7446,16.7191],[79.7293,16.6955],[79.7229,16.6903],[79.7139,16.6893],[79.6816,16.6944],[79.6622,16.6867],[79.6483,16.6701],[79.6331,16.6605],[79.5989,16.6733],[79.5922,16.6699],[79.5756,16.6498],[79.5421,16.6323],[79.5294,16.6307],[79.5039,16.636],[79.494,16.6331],[79.4834,16.6231],[79.4596,16.6237],[79.4472,16.6197],[79.4392,16.6129],[79.4331,16.5908],[79.4187,16.5803],[79.3968,16.5798],[79.3768,16.5828],[79.3537,16.5793],[79.3401,16.5827],[79.3265,16.5765],[79.3083,16.5742],[79.291,16.5616],[79.2814,16.5606],[79.2617,16.567],[79.2569,16.5659],[79.2522,16.5593],[79.2448,16.5318],[79.2273,16.5238],[79.22,16.5127],[79.2145,16.4847],[79.2171,16.4776],[79.2334,16.4592],[79.218,16.4538],[79.2116,16.4474],[79.2077,16.3848],[79.2124,16.3735],[79.2102,16.3592],[79.2124,16.3522],[79.2343,16.3346],[79.2338,16.322],[79.2311,16.3144],[79.2304,16.2825],[79.2245,16.2709],[79.2214,16.2364],[79.2152,16.226],[79.2167,16.2237],[79.2157,16.1813],[79.2221,16.1629],[79.2498,16.1795],[79.2593,16.1935],[79.2963,16.2147],[79.326,16.2283],[79.3711,16.2327],[79.4474,16.3026],[79.4731,16.2905],[79.4986,16.2904],[79.528,16.2971],[79.5364,16.3059],[79.55,16.2844],[79.5622,16.2802],[79.5667,16.276],[79.5611,16.2608],[79.56,16.2418],[79.5632,16.2272],[79.5564,16.2138],[79.5609,16.2048],[79.5593,16.1944],[79.5472,16.1737],[79.5389,16.1712],[79.5367,16.1632],[79.5404,16.1558],[79.5405,16.1485],[79.5369,16.1422],[79.5384,16.1333],[79.5442,16.1204],[79.5529,16.1123],[79.5555,16.1008],[79.5532,16.0974],[79.5526,16.0848],[79.5465,16.0761],[79.5473,16.0678],[79.5538,16.0488],[79.5637,16.0331],[79.5612,16.0291],[79.5669,16.0177],[79.563,16.0121],[79.5726,16.0049],[79.5686,15.9829],[79.5595,15.9634],[79.5617,15.9553],[79.5592,15.9479],[79.5724,15.9369],[79.5898,15.9402],[79.604,15.9381],[79.6154,15.9325],[79.6116,15.922],[79.6358,15.907],[79.6492,15.9132],[79.6553,15.9206],[79.6638,15.9167],[79.6762,15.9034],[79.6817,15.9037],[79.685,15.8984],[79.6894,15.8999],[79.6932,15.898],[79.695,15.8942],[79.6885,15.8759],[79.6945,15.8761],[79.7144,15.8674],[79.7198,15.8588],[79.7171,15.8452],[79.7106,15.8373],[79.7318,15.8356],[79.7388,15.827],[79.7435,15.8253],[79.7622,15.8236],[79.7656,15.8269],[79.7709,15.8252],[79.7727,15.8422],[79.7542,15.8474],[79.7528,15.8546],[79.7469,15.8593],[79.7539,15.8711],[79.7554,15.8996],[79.7631,15.9004],[79.7634,15.9039],[79.7689,15.9074],[79.7748,15.9067],[79.7834,15.9147],[79.7912,15.9408],[79.846,15.9288],[79.8482,15.9281],[79.8472,15.9225],[79.8696,15.9161],[79.878,15.9248],[79.8755,15.9352],[79.8791,15.9365],[79.8801,15.9402],[79.8854,15.9419],[79.8941,15.9393],[79.8968,15.9467],[79.9033,15.9424],[79.9123,15.9669],[79.8986,15.9708],[79.9026,15.9833],[79.8906,15.9875],[79.8904,15.9946],[79.8796,15.9993],[79.8717,15.9986],[79.8629,15.9933],[79.8666,16.0216],[79.8698,16.0304],[79.8733,16.0293],[79.8808,16.0391],[79.9035,16.042],[79.9174,16.047],[79.9205,16.0606],[79.9195,16.0697],[79.9149,16.0716],[79.9158,16.0748],[79.8955,16.077],[79.8952,16.0872],[79.8901,16.0846],[79.885,16.0858],[79.8817,16.0923],[79.8685,16.0962],[79.8739,16.1122],[79.869,16.1117],[79.8695,16.1171],[79.8751,16.1288],[79.8668,16.1323],[79.866,16.1347],[79.8682,16.141],[79.8786,16.1548],[79.9016,16.1494],[79.9192,16.1402],[79.9278,16.132],[79.9326,16.1323],[79.937,16.1395],[79.9447,16.1393],[79.9493,16.1452],[79.9534,16.1523],[79.9504,16.1629],[79.9528,16.1643],[79.9723,16.1548],[79.9762,16.151],[79.974,16.1461],[79.987,16.1413],[79.9921,16.1424],[80.0006,16.1399],[79.9988,16.1362],[80.0062,16.1337],[80.0084,16.1316],[80.0072,16.1298],[80.0108,16.1277],[80.0102,16.1191],[80.0127,16.1167],[80.0207,16.1145],[80.0269,16.1158],[80.0319,16.1175],[80.0338,16.1229],[80.0434,16.1299],[80.0518,16.1295],[80.0514,16.1196],[80.0406,16.0924],[80.0475,16.0853],[80.0616,16.0893],[80.0679,16.0946],[80.0741,16.092],[80.0708,16.0751],[80.0734,16.0685],[80.0826,16.0629],[80.08,16.0561],[80.0846,16.0515],[80.0848,16.0401],[80.088,16.0294],[80.0862,16.0207],[80.0918,16.013],[80.1002,16.0112],[80.1206,16.0206],[80.1398,16.0157],[80.1331,16.0197],[80.1373,16.0455],[80.1553,16.0456],[80.1549,16.0415],[80.1823,16.0344],[80.1816,16.0267],[80.1875,16.0253],[80.1901,16.0384],[80.23,16.0319],[80.2299,16.0377],[80.2373,16.0371],[80.2401,16.0523],[80.2611,16.0457],[80.2625,16.0533],[80.2669,16.0507],[80.2837,16.0492],[80.29,16.0497],[80.2935,16.0532],[80.3009,16.0497],[80.3019,16.0554],[80.3103,16.0506],[80.3107,16.0472],[80.3185,16.0446],[80.3138,16.0288],[80.328,16.0249],[80.3254,16.0188],[80.3355,16.015],[80.3364,16.0204],[80.3424,16.0224],[80.3455,16.0287],[80.3586,16.0268],[80.3589,16.0217],[80.3664,16.019],[80.3661,16.0168],[80.3716,16.0159],[80.3718,16.013],[80.3859,16.0114],[80.3919,16.0068],[80.4085,16.003],[80.4094,16.0009],[80.4262,15.9995],[80.4268,15.9815],[80.4178,15.9634],[80.3971,15.9742],[80.3855,15.9769],[80.3853,15.9708],[80.3797,15.9737],[80.3751,15.9438],[80.3769,15.9382],[80.3789,15.938],[80.3798,15.9307],[80.3754,15.9232],[80.3781,15.8965],[80.3868,15.8914],[80.3925,15.8781],[80.4068,15.8572],[80.437,15.8779],[80.4423,15.8731],[80.4508,15.8571],[80.455,15.8582],[80.4568,15.855],[80.4715,15.8592],[80.4751,15.8526],[80.4474,15.8474],[80.4513,15.836],[80.4479,15.8336],[80.4486,15.8262],[80.4538,15.8201],[80.4512,15.8186],[80.4476,15.8228],[80.4173,15.8074],[80.4181,15.7979],[80.4286,15.8051],[80.4899,15.8333],[80.528,15.8462],[80.5365,15.8527],[80.5439,15.8518],[80.6047,15.8706],[80.6402,15.8776],[80.6766,15.8807],[80.6798,15.8857],[80.6859,15.8819],[80.7191,15.8805],[80.7485,15.8744],[80.7674,15.8651],[80.7744,15.8677],[80.7749,15.8641],[80.7817,15.8635],[80.7994,15.8493],[80.8126,15.8315],[80.8126,15.8143],[80.8157,15.8113],[80.8024,15.8165],[80.8008,15.8062],[80.7914,15.821],[80.7924,15.8158],[80.7907,15.8181],[80.7887,15.8328],[80.7858,15.8311],[80.7796,15.8413],[80.7811,15.831],[80.8042,15.7847],[80.8072,15.7708],[80.8111,15.7648],[80.8158,15.741],[80.8133,15.7291],[80.8223,15.7108],[80.8114,15.7274],[80.8102,15.7356],[80.7985,15.7441],[80.7912,15.754],[80.7924,15.7676],[80.7908,15.7683],[80.7893,15.7643],[80.7903,15.7691],[80.7996,15.7772],[80.7909,15.771],[80.788,15.7602],[80.7901,15.7531],[80.7978,15.7431],[80.8092,15.7354],[80.8095,15.7226],[80.8157,15.7138],[80.822,15.7094],[80.8315,15.707],[80.8342,15.7129],[80.8322,15.7418],[80.8388,15.7643],[80.856,15.8067],[80.8617,15.8092],[80.8624,15.8248],[80.8727,15.846],[80.8808,15.857],[80.8863,15.8562],[80.8972,15.8884],[80.9032,15.9171],[80.8949,15.9228],[80.8987,15.9352],[80.8969,15.9433],[80.8981,15.9538],[80.8965,15.954],[80.8967,15.9651],[80.8902,15.9608],[80.8927,15.9696],[80.8902,15.9841],[80.8914,16.0008],[80.8877,16.0217],[80.8768,16.0528],[80.8803,16.054],[80.8808,16.0684],[80.8715,16.0684],[80.8752,16.07],[80.8737,16.0789],[80.8755,16.0797],[80.8724,16.0893],[80.8663,16.091],[80.8678,16.1055],[80.8551,16.1036],[80.8542,16.1106],[80.8636,16.1272],[80.8635,16.1327],[80.8488,16.1619],[80.8398,16.1736],[80.8282,16.1989],[80.8412,16.2155],[80.8203,16.218],[80.8174,16.2408],[80.8028,16.2405],[80.8043,16.2546],[80.7993,16.2822],[80.7853,16.2893],[80.7485,16.3297],[80.7409,16.3417],[80.7256,16.3806],[80.7066,16.4003],[80.6742,16.4245],[80.6747,16.4425],[80.6661,16.4407],[80.663,16.4496],[80.6706,16.4653],[80.6647,16.4722],[80.6164,16.5018],[80.5909,16.5125],[80.5917,16.5152],[80.5846,16.5199],[80.5834,16.5179],[80.5552,16.5329],[80.5546,16.5416],[80.5288,16.5626],[80.4985,16.5792],[80.4721,16.5885],[80.4235,16.5888],[80.4027,16.5853],[80.3693,16.5873],[80.3648,16.5921],[80.3311,16.6115],[80.3155,16.6092],[80.2529,16.6107],[80.2399,16.6137],[80.1839,16.6418],[80.1673,16.6414],[80.1513,16.6458],[80.1403,16.6518],[80.1359,16.6667],[80.1493,16.6883],[80.1408,16.708],[80.144,16.7161],[80.1465,16.7165],[80.1477,16.7241],[80.144,16.7251],[80.1425,16.7434],[80.1329,16.7664],[80.1313,16.7932],[80.1282,16.802],[80.1163,16.8208],[80.105,16.8223]]]},"properties":{"dtname":"Guntur","stname":"ANDHRA PRADESH","stcode11":"37","dtcode11":"548","year_stat":"2011_c","Shape_Length":840955.6106334326,"Shape_Area":12447167545.2893,"OBJECTID":60,"test":0,"Dist_LGD":506,"State_LGD":28}},{"type":"Feature","id":61,"geometry":{"type":"MultiPolygon","coordinates":[[[[81.9829,18.005],[81.9786,18.0109],[81.9801,18.0138],[81.9775,18.0152],[81.9635,18.0019],[81.9569,17.9987],[81.9472,18.0004],[81.9318,17.9947],[81.9201,17.9963],[81.909,17.9893],[81.9035,17.9817],[81.893,17.9814],[81.8797,17.9733],[81.842,17.9622],[81.8307,17.9635],[81.8175,17.9571],[81.809,17.9569],[81.795,17.9427],[81.7879,17.926],[81.7759,17.918],[81.7688,17.9177],[81.7656,17.9115],[81.7483,17.8996],[81.7484,17.8926],[81.7117,17.8728],[81.7066,17.8788],[81.7034,17.8892],[81.7036,17.9009],[81.7,17.9027],[81.6947,17.8987],[81.6874,17.8865],[81.6756,17.8897],[81.6622,17.8816],[81.6538,17.8681],[81.652,17.8561],[81.6422,17.842],[81.631,17.8331],[81.6231,17.8346],[81.6172,17.8231],[81.5945,17.8354],[81.5744,17.8388],[81.5704,17.8369],[81.5635,17.8272],[81.5464,17.8264],[81.5373,17.8233],[81.5295,17.8247],[81.5205,17.8188],[81.5005,17.8175],[81.4973,17.8133],[81.4923,17.8127],[81.4885,17.8144],[81.4878,17.8204],[81.4838,17.8238],[81.4802,17.8354],[81.4762,17.8385],[81.4621,17.8301],[81.446,17.8255],[81.4426,17.8259],[81.4385,17.8323],[81.4358,17.8327],[81.4169,17.814],[81.4114,17.8193],[81.3976,17.8211],[81.3928,17.8162],[81.3931,17.7947],[81.3873,17.7955],[81.3861,17.7992],[81.3778,17.8053],[81.3545,17.8133],[81.3459,17.8114],[81.326,17.8152],[81.3052,17.81],[81.2654,17.8111],[81.2484,17.8171],[81.2393,17.8261],[81.2156,17.8346],[81.1993,17.847],[81.1661,17.8577],[81.1421,17.8415],[81.1279,17.827],[81.1024,17.8161],[81.094,17.8093],[81.0856,17.7981],[81.096,17.7745],[81.1043,17.7721],[81.0956,17.7623],[81.0582,17.7331],[81.0505,17.7341],[81.0406,17.7477],[81.0276,17.7482],[81.0159,17.7451],[80.9913,17.75],[80.9842,17.7557],[80.9769,17.7764],[80.9734,17.7802],[80.9722,17.778],[80.9659,17.7798],[80.9553,17.7747],[80.9463,17.7602],[80.9279,17.7618],[80.9195,17.7562],[80.9176,17.7482],[80.9144,17.7505],[80.913,17.746],[80.9024,17.7462],[80.8855,17.7357],[80.8947,17.703],[80.8858,17.6813],[80.8915,17.68],[80.8945,17.6817],[80.905,17.6774],[80.8979,17.6689],[80.9005,17.6645],[80.9101,17.6616],[80.9124,17.6579],[80.9111,17.6381],[80.9388,17.6327],[80.9539,17.6379],[80.9701,17.6497],[80.9904,17.6536],[80.9996,17.6516],[81.0095,17.6437],[81.0069,17.6212],[81.0077,17.6044],[81.0118,17.5998],[81.0172,17.5981],[81.0396,17.5977],[81.0597,17.608],[81.0784,17.6093],[81.1023,17.6188],[81.115,17.6192],[81.1281,17.5951],[81.1273,17.587],[81.1366,17.5813],[81.1851,17.5711],[81.2108,17.571],[81.2221,17.5642],[81.2449,17.5696],[81.2583,17.5641],[81.2694,17.5531],[81.2881,17.524],[81.2923,17.5105],[81.2926,17.501],[81.2955,17.4962],[81.3136,17.4877],[81.3492,17.5],[81.3635,17.4993],[81.3834,17.4916],[81.3905,17.4734],[81.407,17.465],[81.4446,17.4619],[81.4646,17.4685],[81.4753,17.4676],[81.4947,17.4807],[81.5012,17.4806],[81.5126,17.4729],[81.5173,17.4567],[81.531,17.4404],[81.5409,17.4366],[81.5523,17.44],[81.5636,17.4401],[81.576,17.4328],[81.58,17.4151],[81.5863,17.4057],[81.6032,17.4114],[81.614,17.4072],[81.6164,17.4007],[81.6099,17.3972],[81.6047,17.3759],[81.6148,17.352],[81.6111,17.3433],[81.6149,17.3311],[81.6186,17.3274],[81.6278,17.3248],[81.6334,17.3262],[81.6426,17.324],[81.6722,17.3081],[81.6793,17.3019],[81.6803,17.2912],[81.664,17.2836],[81.6605,17.2771],[81.6568,17.2666],[81.6555,17.2493],[81.6417,17.2299],[81.6407,17.2073],[81.6582,17.1703],[81.6635,17.1529],[81.6648,17.1333],[81.6746,17.1182],[81.6808,17.0946],[81.6971,17.0853],[81.7187,17.0594],[81.7244,17.0449],[81.7242,17.0372],[81.7311,17.0208],[81.7395,17.0149],[81.7419,17.0097],[81.7451,16.9846],[81.7449,16.9649],[81.7292,16.9441],[81.727,16.9329],[81.7276,16.9207],[81.7243,16.9144],[81.7312,16.9142],[81.7333,16.8798],[81.7467,16.8663],[81.7516,16.8511],[81.7533,16.8249],[81.7466,16.8114],[81.7502,16.8052],[81.7447,16.7976],[81.7446,16.7934],[81.765,16.7615],[81.7848,16.7523],[81.7909,16.7455],[81.7948,16.7331],[81.7855,16.714],[81.7855,16.7081],[81.8022,16.6937],[81.8112,16.6789],[81.842,16.647],[81.8562,16.6139],[81.8584,16.5989],[81.854,16.5591],[81.8448,16.5292],[81.8485,16.5045],[81.8464,16.496],[81.8198,16.4905],[81.8115,16.4838],[81.8069,16.4835],[81.7992,16.4772],[81.7889,16.4632],[81.7854,16.4636],[81.7821,16.4507],[81.7688,16.4399],[81.7624,16.4293],[81.7555,16.4235],[81.7463,16.4202],[81.7364,16.4224],[81.7284,16.4407],[81.7241,16.446],[81.7188,16.4474],[81.7103,16.4429],[81.7,16.4229],[81.6982,16.4091],[81.7067,16.3925],[81.717,16.3586],[81.7132,16.3309],[81.7167,16.323],[81.7109,16.3168],[81.7192,16.3156],[81.7165,16.3077],[81.7179,16.3066],[81.7437,16.3196],[81.7483,16.3243],[81.8497,16.3732],[81.906,16.3902],[81.9563,16.3961],[81.9729,16.4097],[81.992,16.4204],[82.0121,16.4279],[82.0259,16.4371],[82.1112,16.4801],[82.1218,16.4836],[82.233,16.5417],[82.2616,16.5528],[82.2995,16.556],[82.3128,16.5636],[82.3137,16.5589],[82.3134,16.5649],[82.3108,16.5677],[82.3137,16.5748],[82.3176,16.5756],[82.3214,16.5809],[82.3212,16.5755],[82.3231,16.5778],[82.33,16.6128],[82.3296,16.6231],[82.3172,16.662],[82.329,16.6768],[82.3418,16.6847],[82.3522,16.6969],[82.3659,16.7068],[82.3595,16.7116],[82.3595,16.7083],[82.3567,16.7066],[82.3552,16.713],[82.3484,16.7162],[82.3442,16.7478],[82.3585,16.8097],[82.3662,16.8785],[82.367,16.9113],[82.3602,16.9589],[82.3564,16.9685],[82.3468,16.9816],[82.3368,16.9897],[82.3261,16.9912],[82.3248,16.9855],[82.3341,16.9757],[82.3385,16.9652],[82.3515,16.9581],[82.3608,16.9298],[82.3627,16.9181],[82.3613,16.8555],[82.3582,16.8629],[82.3537,16.8511],[82.3529,16.859],[82.3494,16.8506],[82.3446,16.8582],[82.3395,16.8544],[82.3392,16.86],[82.3326,16.8638],[82.3218,16.8592],[82.3221,16.8526],[82.3185,16.8505],[82.3204,16.8491],[82.3184,16.8495],[82.3172,16.8457],[82.3142,16.846],[82.3098,16.866],[82.3034,16.8738],[82.2991,16.8746],[82.295,16.8723],[82.2919,16.8643],[82.2916,16.8714],[82.2886,16.8767],[82.2832,16.8647],[82.2817,16.8653],[82.2849,16.8728],[82.2829,16.8774],[82.2797,16.8771],[82.2794,16.8713],[82.2752,16.8676],[82.2699,16.8723],[82.2655,16.8704],[82.2669,16.8726],[82.2642,16.8826],[82.2587,16.889],[82.251,16.8809],[82.2509,16.8768],[82.2483,16.8761],[82.2546,16.8862],[82.251,16.9031],[82.2482,16.9048],[82.2492,16.9352],[82.2516,16.938],[82.2615,16.9372],[82.2696,16.9402],[82.2779,16.9508],[82.2762,16.9518],[82.2714,16.948],[82.2686,16.9546],[82.2714,16.9562],[82.2877,17.013],[82.3036,17.0387],[82.3195,17.0574],[82.4448,17.1761],[82.5004,17.2201],[82.5424,17.2489],[82.5389,17.264],[82.5254,17.2718],[82.5212,17.2842],[82.5212,17.2951],[82.5183,17.2987],[82.5347,17.3059],[82.5365,17.3162],[82.5354,17.3274],[82.547,17.3272],[82.5478,17.3252],[82.5563,17.3243],[82.5576,17.326],[82.5604,17.3328],[82.5598,17.3418],[82.5651,17.3418],[82.5659,17.3495],[82.5612,17.3533],[82.5556,17.3522],[82.548,17.3618],[82.5478,17.369],[82.5437,17.3742],[82.5562,17.3904],[82.5608,17.4084],[82.583,17.4249],[82.5841,17.4302],[82.5984,17.4433],[82.6041,17.4549],[82.6046,17.4604],[82.597,17.4616],[82.591,17.4672],[82.5853,17.469],[82.5842,17.4751],[82.5804,17.4763],[82.5782,17.482],[82.5694,17.4861],[82.5679,17.4926],[82.5614,17.4911],[82.5591,17.522],[82.5527,17.5272],[82.5473,17.5135],[82.5373,17.5067],[82.5179,17.5019],[82.5073,17.5031],[82.5035,17.508],[82.5004,17.5081],[82.4974,17.507],[82.4945,17.5002],[82.4874,17.4994],[82.4872,17.5013],[82.4803,17.5013],[82.4775,17.5202],[82.4725,17.5218],[82.4764,17.5273],[82.4667,17.536],[82.4682,17.5313],[82.4616,17.5321],[82.4608,17.5303],[82.4684,17.5186],[82.4652,17.5118],[82.4498,17.5112],[82.4543,17.49],[82.4513,17.4806],[82.4391,17.4782],[82.4378,17.4712],[82.4315,17.4728],[82.4311,17.4706],[82.4204,17.4708],[82.4103,17.467],[82.3889,17.4791],[82.373,17.4794],[82.3675,17.4895],[82.3787,17.5071],[82.3755,17.5108],[82.3592,17.5084],[82.3448,17.4945],[82.3374,17.5015],[82.3313,17.5034],[82.3339,17.5117],[82.3326,17.5184],[82.3376,17.524],[82.3365,17.5312],[82.3309,17.5395],[82.3289,17.5557],[82.3336,17.5679],[82.3419,17.574],[82.3438,17.581],[82.341,17.5873],[82.3316,17.5888],[82.3272,17.5855],[82.3219,17.5852],[82.314,17.587],[82.3109,17.5909],[82.3041,17.59],[82.2889,17.605],[82.2747,17.6119],[82.2767,17.6242],[82.2676,17.622],[82.2593,17.623],[82.2486,17.6195],[82.2281,17.6388],[82.2108,17.6347],[82.1957,17.6235],[82.1908,17.6226],[82.1907,17.6183],[82.1846,17.6156],[82.1815,17.6086],[82.1645,17.6121],[82.163,17.6103],[82.1519,17.618],[82.1476,17.6271],[82.1377,17.6354],[82.1362,17.6486],[82.1207,17.655],[82.1143,17.6556],[82.1061,17.6507],[82.091,17.6569],[82.0791,17.6491],[82.0763,17.6447],[82.0645,17.6436],[82.0581,17.636],[82.0564,17.6357],[82.0562,17.6409],[82.0516,17.6432],[82.0336,17.6324],[82.0233,17.6324],[82.0245,17.6234],[82.0162,17.6185],[82.005,17.6277],[82.0018,17.6392],[82.0103,17.6467],[82.0064,17.648],[82.0079,17.6524],[82.0061,17.6592],[82.0117,17.6625],[82.0164,17.6614],[82.0222,17.6694],[82.0222,17.6745],[82.0193,17.6765],[82.0263,17.6842],[82.0287,17.6956],[82.0247,17.7031],[82.0329,17.7087],[82.0332,17.7142],[82.0288,17.7152],[82.0306,17.7207],[82.0278,17.7282],[82.0113,17.738],[82.0181,17.7496],[82.0161,17.7535],[82.0111,17.7526],[82.003,17.7574],[81.9975,17.7657],[81.9808,17.77],[81.9596,17.7593],[81.9662,17.7494],[81.9725,17.7468],[81.9354,17.7385],[81.9299,17.742],[81.9232,17.7427],[81.9079,17.7403],[81.8984,17.7453],[81.8882,17.7451],[81.8772,17.7415],[81.8693,17.7458],[81.8678,17.7497],[81.8601,17.7529],[81.8596,17.7553],[81.8616,17.7543],[81.865,17.758],[81.8674,17.7563],[81.8724,17.7601],[81.8734,17.7662],[81.8784,17.7733],[81.8916,17.7807],[81.8995,17.7894],[81.9118,17.7928],[81.9169,17.7985],[81.9252,17.8015],[81.9233,17.8086],[81.9331,17.8143],[81.9421,17.8129],[81.9607,17.818],[81.9671,17.8256],[81.9708,17.8384],[81.9778,17.8483],[81.9848,17.8501],[81.9874,17.8533],[81.9933,17.8456],[82.0079,17.8451],[82.0099,17.8279],[82.0196,17.8396],[82.0167,17.8512],[82.0171,17.8622],[82.0048,17.871],[82.0009,17.8795],[82.0009,17.8862],[82.0036,17.8947],[82.0027,17.9009],[82.0063,17.9034],[82.008,17.91],[82.0132,17.9164],[82.0204,17.921],[82.0203,17.9276],[82.0277,17.9317],[82.027,17.9369],[82.0295,17.9394],[82.0222,17.9524],[82.0224,17.957],[82.0072,17.9653],[82.01,17.9802],[82.008,17.9795],[82.0013,17.9865],[81.9965,17.9998],[81.9829,18.005]],[[82.226,16.7586],[82.2281,16.7607],[82.232,16.7548],[82.2245,16.7529],[82.2251,16.7494],[82.2181,16.7408],[82.2175,16.7328],[82.2435,16.7223],[82.2581,16.7204],[82.2698,16.7218],[82.276,16.7274],[82.2897,16.7267],[82.3055,16.7483],[82.3138,16.7294],[82.3104,16.7188],[82.2945,16.7045],[82.2667,16.6947],[82.239,16.7163],[82.2323,16.7182],[82.2055,16.7174],[82.1934,16.7216],[82.195,16.7302],[82.1864,16.73],[82.1863,16.7371],[82.2056,16.7346],[82.2087,16.7399],[82.2068,16.7429],[82.2119,16.7511],[82.2148,16.7527],[82.2199,16.7503],[82.2226,16.7561],[82.2201,16.756],[82.2207,16.7575],[82.2246,16.7561],[82.226,16.7586]]],[[[82.3376,16.6046],[82.3367,16.6125],[82.3309,16.618],[82.337,16.6076],[82.3352,16.6045],[82.3306,16.6071],[82.3352,16.6029],[82.3376,16.6046]]],[[[82.3445,16.6069],[82.3356,16.5956],[82.3295,16.5951],[82.3313,16.5918],[82.3359,16.5895],[82.3445,16.6069]]],[[[82.3194,16.5728],[82.3189,16.5757],[82.3181,16.5726],[82.3151,16.5721],[82.3173,16.5677],[82.3194,16.5728]]],[[[82.3206,16.5681],[82.3207,16.5682],[82.3207,16.5683],[82.3206,16.5684],[82.3204,16.5685],[82.3203,16.5686],[82.3203,16.5686],[82.3201,16.5687],[82.3199,16.5687],[82.3198,16.5686],[82.3198,16.5683],[82.3198,16.5683],[82.3198,16.5683],[82.32,16.5682],[82.3204,16.5681],[82.3206,16.5681]]],[[[82.3196,16.5674],[82.3194,16.5677],[82.3193,16.5677],[82.3193,16.5677],[82.3192,16.5677],[82.319,16.5676],[82.3187,16.5674],[82.3185,16.5674],[82.3184,16.5674],[82.3183,16.5674],[82.3182,16.5673],[82.3181,16.5672],[82.3182,16.5671],[82.3183,16.5669],[82.3184,16.5669],[82.3184,16.5668],[82.3185,16.5668],[82.3185,16.5668],[82.3186,16.5667],[82.3187,16.5665],[82.3188,16.5664],[82.319,16.5663],[82.3192,16.5664],[82.3193,16.5664],[82.3194,16.5667],[82.3194,16.5668],[82.3194,16.5669],[82.3194,16.567],[82.3195,16.5671],[82.3196,16.5672],[82.3196,16.5673],[82.3196,16.5674]]],[[[82.3203,16.5657],[82.3204,16.5657],[82.3205,16.5657],[82.3206,16.5658],[82.3206,16.5659],[82.3206,16.5659],[82.3206,16.5661],[82.3206,16.5662],[82.3204,16.5663],[82.3202,16.5665],[82.3202,16.5666],[82.3202,16.5667],[82.3202,16.5669],[82.3201,16.5669],[82.32,16.5669],[82.3199,16.5669],[82.3198,16.5668],[82.3197,16.5665],[82.3196,16.5664],[82.3196,16.5663],[82.3196,16.5662],[82.3197,16.5659],[82.3197,16.5658],[82.3199,16.5657],[82.3201,16.5657],[82.3203,16.5657]]]]},"properties":{"dtname":"East Godavari","stname":"ANDHRA PRADESH","stcode11":"37","dtcode11":"545","year_stat":"2011_c","Shape_Length":1019745.9338937328,"Shape_Area":14316977385.7997,"OBJECTID":61,"test":0,"Dist_LGD":505,"State_LGD":28}},{"type":"Feature","id":63,"geometry":{"type":"Polygon","coordinates":[[[79.5392,16.3007],[79.5364,16.3059],[79.528,16.2971],[79.519,16.2948],[79.5005,16.2905],[79.4731,16.2905],[79.4474,16.3026],[79.3711,16.2327],[79.326,16.2283],[79.2963,16.2147],[79.2593,16.1935],[79.2498,16.1795],[79.2221,16.1629],[79.2157,16.1813],[79.2167,16.2237],[79.2152,16.226],[79.2063,16.2209],[79.1702,16.2099],[79.157,16.2093],[79.1442,16.2152],[79.1238,16.2311],[79.1143,16.231],[79.103,16.2231],[79.0988,16.2231],[79.0841,16.2302],[79.0721,16.2271],[79.0544,16.2371],[79.0292,16.2418],[79.0091,16.24],[78.9857,16.2107],[78.9678,16.2112],[78.9603,16.2091],[78.927,16.1967],[78.9049,16.1829],[78.9044,16.1756],[78.9106,16.1641],[78.9147,16.1494],[78.9239,16.1374],[78.9227,16.1266],[78.9311,16.0926],[78.9108,15.9677],[78.862,15.93],[78.8364,15.9057],[78.8098,15.8673],[78.7714,15.6645],[78.7695,15.6258],[78.7767,15.5333],[78.7693,15.4649],[78.7713,15.4198],[78.748,15.3685],[78.7366,15.3262],[78.7391,15.2685],[78.7369,15.1999],[78.7422,15.1817],[78.7583,15.1847],[78.7775,15.1997],[78.8714,15.1976],[78.8777,15.1944],[78.9033,15.1914],[78.9058,15.1876],[78.9194,15.187],[78.9197,15.1985],[78.927,15.2285],[78.9478,15.2284],[78.9496,15.2097],[78.9476,15.2034],[78.9548,15.1919],[78.9574,15.176],[78.9673,15.1734],[78.9722,15.1683],[78.9814,15.1646],[78.9916,15.1687],[78.9997,15.1657],[79.0025,15.169],[79.0101,15.1676],[79.0124,15.1711],[79.0115,15.1755],[79.0202,15.1797],[79.0832,15.1735],[79.0734,15.1651],[79.0721,15.1429],[79.0757,15.1041],[79.0874,15.0631],[79.0892,15.0482],[79.0947,15.0537],[79.0942,15.0654],[79.1014,15.0723],[79.1005,15.0837],[79.1302,15.0853],[79.1287,15.0996],[79.1371,15.1011],[79.1437,15.0979],[79.1489,15.0984],[79.1651,15.0898],[79.2147,15.0855],[79.2488,15.1051],[79.2607,15.1066],[79.266,15.1048],[79.2659,15.0968],[79.2717,15.0993],[79.3037,15.0956],[79.3096,15.0934],[79.3074,15.0872],[79.3095,15.0901],[79.3141,15.091],[79.3152,15.1015],[79.3214,15.1028],[79.3246,15.1101],[79.3292,15.111],[79.3276,15.1146],[79.3359,15.1166],[79.3388,15.1124],[79.3359,15.1081],[79.3382,15.1069],[79.3375,15.104],[79.3341,15.0967],[79.3288,15.0997],[79.327,15.0965],[79.3284,15.0906],[79.3376,15.0906],[79.3443,15.0852],[79.3464,15.0861],[79.3515,15.1075],[79.3489,15.1144],[79.3516,15.1167],[79.3601,15.1113],[79.3575,15.1026],[79.368,15.0852],[79.3876,15.0851],[79.391,15.0915],[79.3928,15.091],[79.3905,15.0754],[79.3967,15.075],[79.4032,15.0788],[79.4082,15.0745],[79.4194,15.0734],[79.4162,15.0643],[79.417,15.059],[79.4393,15.0553],[79.4537,15.0638],[79.4616,15.0616],[79.466,15.068],[79.4691,15.0684],[79.4767,15.0581],[79.5019,15.0562],[79.5064,15.0536],[79.5053,15.0484],[79.507,15.046],[79.5147,15.0433],[79.5198,15.037],[79.5299,15.0379],[79.5441,15.0251],[79.5502,15.0224],[79.5601,15.0218],[79.5588,15.0286],[79.5628,15.0336],[79.5634,15.0436],[79.5804,15.0433],[79.581,15.0363],[79.5913,15.0399],[79.6016,15.038],[79.609,15.0402],[79.623,15.0327],[79.6403,15.0372],[79.6559,15.0337],[79.6654,15.0379],[79.672,15.0325],[79.6889,15.0353],[79.6895,15.0383],[79.7149,15.0531],[79.7152,15.0441],[79.7341,15.0307],[79.7354,15.0347],[79.7423,15.0377],[79.7472,15.0481],[79.7526,15.0535],[79.7599,15.0531],[79.7657,15.0603],[79.7783,15.0669],[79.7797,15.0641],[79.796,15.0597],[79.7972,15.0554],[79.7929,15.0388],[79.7849,15.0346],[79.7818,15.0292],[79.7914,15.0246],[79.7937,15.0206],[79.7884,15.003],[79.7809,14.9946],[79.7795,14.9812],[79.7902,14.9819],[79.7991,14.9764],[79.8224,14.9733],[79.8277,14.9716],[79.8321,14.9668],[79.8658,14.9638],[79.8736,14.9878],[79.8885,14.9892],[79.8893,14.9983],[79.8933,15.0041],[79.9043,15.008],[79.9049,15.0107],[79.9166,15.011],[79.9153,15.0157],[79.9338,15.0229],[79.9527,15.0192],[79.9618,15.0229],[79.9713,15.0184],[79.9784,15.0078],[79.9892,14.9987],[80.0281,14.9805],[80.0329,14.9991],[80.0406,15.0069],[80.0402,15.0092],[80.0544,15.0047],[80.0471,15.0838],[80.0615,15.1419],[80.0704,15.1657],[80.0837,15.191],[80.0888,15.2112],[80.0894,15.2338],[80.0841,15.2512],[80.0834,15.2622],[80.0892,15.287],[80.1064,15.3207],[80.1113,15.3456],[80.1231,15.3683],[80.1501,15.4041],[80.1812,15.4385],[80.2062,15.4734],[80.2196,15.5229],[80.2308,15.5416],[80.2277,15.5523],[80.2322,15.5786],[80.2382,15.6024],[80.2511,15.633],[80.2822,15.6857],[80.3157,15.7233],[80.3451,15.7512],[80.3619,15.7637],[80.4181,15.7979],[80.4173,15.8074],[80.4476,15.8228],[80.4512,15.8186],[80.4538,15.8201],[80.4486,15.8262],[80.4479,15.8336],[80.4513,15.836],[80.4474,15.8474],[80.4751,15.8526],[80.4715,15.8592],[80.4568,15.855],[80.455,15.8582],[80.4508,15.8571],[80.4423,15.8731],[80.437,15.8779],[80.4068,15.8572],[80.3925,15.8781],[80.3868,15.8914],[80.3781,15.8965],[80.3754,15.9232],[80.3798,15.9307],[80.3789,15.938],[80.3769,15.9382],[80.3751,15.9438],[80.3797,15.9737],[80.3853,15.9708],[80.3855,15.9769],[80.3971,15.9742],[80.4178,15.9634],[80.4268,15.9815],[80.4262,15.9995],[80.4094,16.0009],[80.4085,16.003],[80.3919,16.0068],[80.3859,16.0114],[80.3718,16.013],[80.3716,16.0159],[80.3661,16.0168],[80.3664,16.019],[80.3589,16.0217],[80.3586,16.0268],[80.3455,16.0287],[80.3424,16.0224],[80.3364,16.0204],[80.3355,16.015],[80.3254,16.0188],[80.328,16.0249],[80.3138,16.0288],[80.3185,16.0446],[80.3107,16.0472],[80.3103,16.0506],[80.3019,16.0554],[80.3009,16.0497],[80.2935,16.0532],[80.29,16.0497],[80.2837,16.0492],[80.2669,16.0507],[80.2625,16.0533],[80.2611,16.0457],[80.2401,16.0523],[80.2373,16.0371],[80.2299,16.0377],[80.23,16.0319],[80.1901,16.0384],[80.1875,16.0253],[80.1816,16.0267],[80.1823,16.0344],[80.1549,16.0415],[80.1553,16.0456],[80.1373,16.0455],[80.1331,16.0197],[80.1398,16.0157],[80.1206,16.0206],[80.0972,16.0111],[80.091,16.0133],[80.0862,16.0207],[80.088,16.0294],[80.0848,16.0401],[80.0846,16.0515],[80.08,16.0561],[80.0826,16.0629],[80.0734,16.0685],[80.0708,16.0751],[80.0741,16.092],[80.0679,16.0946],[80.0616,16.0893],[80.0475,16.0853],[80.0406,16.0924],[80.0514,16.1196],[80.0503,16.1307],[80.0492,16.1287],[80.0434,16.1299],[80.0338,16.1229],[80.0319,16.1175],[80.0207,16.1145],[80.0102,16.1191],[80.0116,16.1262],[80.0062,16.1337],[79.9988,16.1362],[80.0006,16.1399],[79.9921,16.1424],[79.987,16.1413],[79.974,16.1461],[79.9762,16.151],[79.9723,16.1548],[79.9528,16.1643],[79.9504,16.1629],[79.9534,16.1523],[79.9493,16.1452],[79.9447,16.1393],[79.937,16.1395],[79.9326,16.1323],[79.9278,16.132],[79.9192,16.1402],[79.9016,16.1494],[79.8786,16.1548],[79.8682,16.141],[79.866,16.1347],[79.8668,16.1323],[79.8751,16.1288],[79.8695,16.1171],[79.869,16.1117],[79.8739,16.1122],[79.8685,16.0962],[79.8817,16.0923],[79.885,16.0858],[79.8901,16.0846],[79.8952,16.0872],[79.8955,16.077],[79.9158,16.0748],[79.9149,16.0716],[79.9195,16.0697],[79.9205,16.0606],[79.9174,16.047],[79.9035,16.042],[79.8808,16.0391],[79.8733,16.0293],[79.8698,16.0304],[79.8666,16.0216],[79.8629,15.9933],[79.8717,15.9986],[79.8796,15.9993],[79.8904,15.9946],[79.8906,15.9875],[79.9026,15.9833],[79.8986,15.9708],[79.9123,15.9669],[79.9033,15.9425],[79.8968,15.9467],[79.8941,15.9393],[79.8854,15.9419],[79.8801,15.9402],[79.8791,15.9365],[79.8755,15.9352],[79.878,15.9248],[79.8696,15.9161],[79.8472,15.9225],[79.8482,15.9281],[79.846,15.9288],[79.7912,15.9408],[79.7834,15.9147],[79.7748,15.9067],[79.7689,15.9074],[79.7634,15.9039],[79.7631,15.9004],[79.7554,15.8996],[79.7539,15.8711],[79.7469,15.8593],[79.7528,15.8546],[79.7542,15.8474],[79.7727,15.8422],[79.7709,15.8252],[79.7656,15.8269],[79.7622,15.8236],[79.7398,15.8263],[79.7337,15.835],[79.7106,15.8373],[79.7171,15.8452],[79.7198,15.8588],[79.7144,15.8674],[79.6945,15.8761],[79.6885,15.8759],[79.695,15.8942],[79.6932,15.898],[79.6894,15.8999],[79.685,15.8984],[79.6817,15.9037],[79.6762,15.9034],[79.6638,15.9167],[79.6553,15.9206],[79.6492,15.9132],[79.6358,15.907],[79.6116,15.922],[79.6154,15.9325],[79.604,15.9381],[79.5898,15.9402],[79.5724,15.9369],[79.5592,15.9479],[79.5617,15.9553],[79.5595,15.9634],[79.5686,15.9829],[79.5726,16.0049],[79.563,16.0121],[79.5669,16.0177],[79.5612,16.0291],[79.5637,16.0331],[79.5538,16.0488],[79.5473,16.0678],[79.5465,16.0761],[79.5526,16.0848],[79.5532,16.0974],[79.5555,16.1008],[79.5529,16.1123],[79.5442,16.1204],[79.5384,16.1333],[79.5369,16.1422],[79.5405,16.1485],[79.5404,16.1558],[79.5367,16.1632],[79.5389,16.1712],[79.5472,16.1737],[79.5593,16.1944],[79.5609,16.2048],[79.5564,16.2138],[79.5632,16.2272],[79.56,16.2418],[79.5611,16.2608],[79.5667,16.276],[79.5622,16.2802],[79.55,16.2844],[79.5392,16.3007]]]},"properties":{"dtname":"Prakasam","stname":"ANDHRA PRADESH","stcode11":"37","dtcode11":"549","year_stat":"2011_c","Shape_Length":875962.5606714174,"Shape_Area":19113798620.76342,"OBJECTID":63,"test":0,"Dist_LGD":517,"State_LGD":28}},{"type":"Feature","id":64,"geometry":{"type":"Polygon","coordinates":[[[78.8547,16.1488],[78.8392,16.1467],[78.8331,16.1428],[78.8418,16.1002],[78.8422,16.085],[78.8371,16.0704],[78.8205,16.0495],[78.8012,16.0378],[78.7961,16.0284],[78.7899,16.0232],[78.7672,16.0166],[78.751,16.0158],[78.7409,16.0087],[78.7355,16.0082],[78.7236,16.0201],[78.6812,16.0348],[78.6682,16.0545],[78.6505,16.072],[78.6503,16.0788],[78.6325,16.0865],[78.621,16.0881],[78.6017,16.084],[78.587,16.0635],[78.5518,16.0428],[78.5421,16.0442],[78.523,16.0537],[78.4767,16.0681],[78.4427,16.0743],[78.4345,16.0712],[78.4101,16.0751],[78.4028,16.073],[78.3967,16.0658],[78.3844,16.0646],[78.3655,16.0468],[78.3478,16.0475],[78.3266,16.0368],[78.3221,16.0287],[78.322,16.0171],[78.3123,16.0115],[78.2995,16.0116],[78.2813,16.0228],[78.2701,16.0268],[78.2625,16.0267],[78.2575,16.0214],[78.2555,16.0129],[78.26,15.9971],[78.2514,15.9779],[78.2537,15.9426],[78.2517,15.9352],[78.2322,15.924],[78.2045,15.918],[78.1845,15.9098],[78.1795,15.902],[78.19,15.8923],[78.1866,15.8848],[78.1767,15.8768],[78.1754,15.8581],[78.1588,15.8538],[78.1356,15.8547],[78.1301,15.8507],[78.1343,15.844],[78.134,15.8363],[78.1113,15.8384],[78.0988,15.836],[78.0836,15.8409],[78.0849,15.8451],[78.0752,15.8472],[78.0714,15.8504],[78.0716,15.8618],[78.0559,15.8663],[78.0562,15.8747],[78.0469,15.8749],[78.045,15.9042],[78.0319,15.9074],[78.031,15.903],[78.0255,15.9024],[78.0089,15.8618],[77.997,15.8663],[77.9754,15.8834],[77.937,15.8835],[77.888,15.9061],[77.8783,15.9052],[77.8586,15.8837],[77.846,15.8821],[77.8388,15.8851],[77.8036,15.8742],[77.7824,15.8762],[77.7669,15.8862],[77.7608,15.8846],[77.7441,15.8861],[77.7241,15.8958],[77.7128,15.8945],[77.6928,15.8833],[77.6592,15.8855],[77.6365,15.8961],[77.6251,15.9091],[77.6114,15.9179],[77.5951,15.9119],[77.5809,15.9185],[77.549,15.9191],[77.5325,15.9241],[77.515,15.9262],[77.4988,15.9332],[77.466,15.9345],[77.4296,15.9491],[77.4226,15.9475],[77.4144,15.942],[77.3977,15.9445],[77.3795,15.9398],[77.3613,15.9494],[77.3482,15.9513],[77.3241,15.9502],[77.3011,15.958],[77.2847,15.9538],[77.2489,15.9646],[77.2355,15.9572],[77.2186,15.958],[77.205,15.9551],[77.1853,15.9568],[77.1741,15.9508],[77.1523,15.9491],[77.1432,15.9447],[77.1374,15.9382],[77.1026,15.9287],[77.0725,15.9103],[77.0626,15.8968],[77.0559,15.8816],[77.0337,15.8589],[77.0252,15.8375],[77.0359,15.8296],[77.0407,15.8328],[77.0426,15.8289],[77.0477,15.8301],[77.0481,15.828],[77.051,15.8304],[77.0652,15.8282],[77.0638,15.8032],[77.0672,15.8027],[77.0672,15.7878],[77.0664,15.7851],[77.061,15.7863],[77.057,15.7687],[77.0523,15.7699],[77.0511,15.7645],[77.0565,15.7628],[77.0543,15.7562],[77.048,15.7562],[77.046,15.7404],[77.0494,15.7401],[77.0491,15.7303],[77.0797,15.7275],[77.0789,15.7163],[77.0874,15.7155],[77.0826,15.6987],[77.0787,15.6952],[77.0938,15.6904],[77.1093,15.6815],[77.1142,15.678],[77.1134,15.6757],[77.1214,15.6711],[77.1202,15.6676],[77.1289,15.6659],[77.1215,15.6311],[77.1063,15.6375],[77.1075,15.6401],[77.1034,15.6429],[77.1014,15.6485],[77.0832,15.6592],[77.0718,15.6467],[77.0305,15.6345],[77.0329,15.605],[77.0263,15.5818],[77.0313,15.5441],[77.0301,15.5027],[77.0289,15.5005],[77.0148,15.5019],[77.0095,15.5046],[76.9924,15.5058],[76.9746,15.5105],[76.9757,15.4924],[76.9803,15.4875],[76.9973,15.478],[77.0108,15.4488],[77.032,15.4356],[77.0352,15.4232],[77.0293,15.4044],[77.0473,15.39],[77.0475,15.3834],[77.0414,15.371],[77.0419,15.3619],[77.0448,15.3557],[77.0591,15.349],[77.0649,15.3436],[77.066,15.3378],[77.0638,15.328],[77.0744,15.3259],[77.1015,15.3337],[77.1131,15.3337],[77.1126,15.3275],[77.117,15.3258],[77.1184,15.2949],[77.1516,15.2925],[77.152,15.2757],[77.1471,15.275],[77.1472,15.2729],[77.1529,15.2741],[77.1593,15.2679],[77.167,15.2686],[77.1677,15.2585],[77.1438,15.2572],[77.1362,15.241],[77.1263,15.24],[77.1251,15.227],[77.1454,15.2251],[77.1477,15.2239],[77.1473,15.2207],[77.152,15.2176],[77.1517,15.2147],[77.1548,15.2148],[77.1659,15.1894],[77.1691,15.172],[77.1674,15.1682],[77.1649,15.1682],[77.1629,15.1574],[77.1408,15.1586],[77.1347,15.1483],[77.1372,15.1478],[77.138,15.1435],[77.1532,15.1394],[77.1533,15.141],[77.1573,15.1405],[77.1582,15.1459],[77.1604,15.1466],[77.1765,15.1419],[77.1768,15.1437],[77.1803,15.143],[77.188,15.1571],[77.1999,15.1597],[77.214,15.1543],[77.2133,15.1516],[77.2203,15.1504],[77.2202,15.1481],[77.2295,15.1457],[77.2299,15.1438],[77.2467,15.1449],[77.2642,15.1427],[77.2712,15.1307],[77.2919,15.1309],[77.2998,15.1541],[77.3101,15.1544],[77.3164,15.1774],[77.3309,15.1746],[77.3515,15.1775],[77.3501,15.1816],[77.3537,15.198],[77.3546,15.201],[77.3573,15.2007],[77.3622,15.2127],[77.3631,15.2229],[77.395,15.2171],[77.4064,15.2191],[77.409,15.2254],[77.426,15.2231],[77.433,15.2204],[77.4342,15.2102],[77.4503,15.205],[77.4464,15.2136],[77.4503,15.2148],[77.4512,15.2218],[77.4594,15.2177],[77.4672,15.2174],[77.4811,15.2079],[77.4857,15.2133],[77.4966,15.2155],[77.4984,15.22],[77.5017,15.2214],[77.5271,15.224],[77.5417,15.2089],[77.5664,15.203],[77.573,15.1974],[77.5756,15.1994],[77.5748,15.1954],[77.5822,15.1879],[77.5956,15.1836],[77.6114,15.1835],[77.6104,15.1956],[77.6158,15.2032],[77.6155,15.2065],[77.6234,15.2048],[77.6258,15.207],[77.6352,15.207],[77.6377,15.2219],[77.6498,15.225],[77.6488,15.23],[77.6517,15.2327],[77.6565,15.2314],[77.664,15.2342],[77.6755,15.2302],[77.6788,15.2171],[77.6819,15.2142],[77.6888,15.2135],[77.6881,15.2093],[77.691,15.207],[77.6979,15.2059],[77.6987,15.2004],[77.6931,15.184],[77.7026,15.1801],[77.7118,15.1868],[77.7146,15.1804],[77.7174,15.1793],[77.7165,15.1724],[77.7333,15.1686],[77.7304,15.1642],[77.7299,15.1519],[77.7466,15.141],[77.7481,15.1304],[77.7741,15.1242],[77.7708,15.1139],[77.7794,15.1106],[77.7816,15.1133],[77.7848,15.113],[77.7888,15.107],[77.7917,15.1061],[77.7964,15.1189],[77.8112,15.1286],[77.8098,15.1352],[77.8157,15.1429],[77.8389,15.1449],[77.8428,15.1296],[77.8544,15.1351],[77.8755,15.1352],[77.8813,15.1496],[77.8807,15.1625],[77.8852,15.1713],[77.8847,15.1786],[77.9047,15.1779],[77.9163,15.173],[77.9193,15.174],[77.9182,15.1699],[77.9231,15.1642],[77.9211,15.1622],[77.9236,15.1615],[77.9205,15.1531],[77.9247,15.1525],[77.9244,15.1483],[77.9137,15.1444],[77.914,15.1418],[77.9095,15.1395],[77.9114,15.1356],[77.9086,15.1337],[77.9148,15.132],[77.915,15.1289],[77.9071,15.1307],[77.9063,15.1226],[77.912,15.1232],[77.9328,15.1124],[77.9365,15.1146],[77.9613,15.1087],[77.9647,15.1227],[77.9744,15.1389],[77.9933,15.1332],[77.997,15.1244],[78.002,15.1217],[78.0065,15.1225],[78.0142,15.1119],[78.0137,15.1021],[78.0066,15.0941],[78.0057,15.0818],[77.9976,15.0813],[77.996,15.0768],[77.9986,15.0722],[77.9951,15.064],[78.0045,15.053],[78.0106,15.0508],[78.0114,15.0271],[78.0216,15.0169],[78.0267,15.0164],[78.0264,15.0114],[78.034,14.9995],[78.0547,14.9921],[78.057,15.0008],[78.0599,15.0031],[78.0656,14.995],[78.0886,14.9823],[78.0873,14.9722],[78.0984,14.9676],[78.1168,14.9665],[78.1338,14.9613],[78.1369,14.9477],[78.1514,14.9486],[78.1533,14.9596],[78.1678,14.964],[78.1799,14.9642],[78.2105,14.9521],[78.2204,14.9552],[78.2245,14.9775],[78.2358,15.0033],[78.2439,14.9992],[78.26,15.0266],[78.2778,15.0281],[78.2837,15.031],[78.2835,15.0377],[78.2795,15.0409],[78.275,15.058],[78.2845,15.0706],[78.2928,15.0733],[78.302,15.0737],[78.3138,15.0687],[78.3252,15.0732],[78.3328,15.0663],[78.3546,15.0618],[78.3534,15.0545],[78.3637,15.052],[78.371,15.0717],[78.3827,15.0692],[78.378,15.0564],[78.3998,15.0486],[78.3849,15.039],[78.3756,15.036],[78.3696,15.0261],[78.3658,15.0288],[78.3532,15.031],[78.3502,15.025],[78.3496,15.0154],[78.3427,15.0028],[78.3592,14.9855],[78.3872,14.9694],[78.3921,14.968],[78.393,14.9702],[78.3981,14.969],[78.401,14.9727],[78.4097,14.9727],[78.4136,15.0107],[78.4193,15.0315],[78.4291,15.0336],[78.4361,15.0323],[78.4367,15.0365],[78.4386,15.0367],[78.4387,15.0336],[78.4572,15.0307],[78.4584,15.0336],[78.4613,15.0333],[78.4594,15.0349],[78.4617,15.039],[78.4657,15.0389],[78.4669,15.0363],[78.4679,15.0397],[78.4708,15.0383],[78.4706,15.0356],[78.4742,15.0354],[78.4824,15.0429],[78.4852,15.0366],[78.4859,15.0417],[78.4886,15.0424],[78.4862,15.043],[78.4874,15.05],[78.4812,15.0503],[78.4814,15.0525],[78.4786,15.0536],[78.4781,15.0611],[78.4738,15.0627],[78.4813,15.0632],[78.4816,15.0711],[78.487,15.0721],[78.5055,15.0698],[78.5082,15.0675],[78.5078,15.0647],[78.5156,15.0605],[78.5122,15.04],[78.5153,15.0134],[78.5083,15.005],[78.5158,15.0024],[78.5166,14.9966],[78.5128,14.977],[78.5049,14.9545],[78.4982,14.9555],[78.4903,14.9337],[78.483,14.9223],[78.4773,14.9022],[78.4852,14.9005],[78.4978,14.9216],[78.5044,14.9259],[78.5197,14.9431],[78.5165,14.946],[78.5195,14.9537],[78.523,14.952],[78.5281,14.9601],[78.5372,14.9608],[78.5401,14.9649],[78.5514,14.9613],[78.5469,14.9327],[78.5532,14.9304],[78.5625,14.9308],[78.5671,14.9357],[78.5744,14.938],[78.5776,14.9438],[78.5821,14.9459],[78.5918,14.939],[78.5963,14.9506],[78.6013,14.9543],[78.6055,14.9536],[78.6051,14.9515],[78.6097,14.9481],[78.6303,14.9444],[78.632,14.9386],[78.63,14.9255],[78.6617,14.9302],[78.666,14.9351],[78.6845,14.9385],[78.6883,14.961],[78.6917,14.968],[78.718,14.9686],[78.7154,15.001],[78.7523,15.0368],[78.7616,15.0544],[78.7623,15.0588],[78.7576,15.0625],[78.7589,15.0654],[78.7551,15.0756],[78.7603,15.0796],[78.7514,15.1011],[78.753,15.1299],[78.75,15.1344],[78.7532,15.142],[78.7533,15.1583],[78.7583,15.1847],[78.7422,15.1817],[78.7369,15.1999],[78.7391,15.2685],[78.7366,15.3262],[78.748,15.3685],[78.7713,15.4198],[78.7693,15.4649],[78.7767,15.5333],[78.7695,15.6258],[78.7714,15.6645],[78.8098,15.8673],[78.8364,15.9057],[78.862,15.93],[78.9108,15.9677],[78.9279,16.0719],[78.9311,16.0926],[78.9227,16.1266],[78.9213,16.1028],[78.9061,16.0949],[78.8956,16.0856],[78.8895,16.0847],[78.874,16.1418],[78.8693,16.1457],[78.8547,16.1488]]]},"properties":{"dtname":"Kurnool","stname":"ANDHRA PRADESH","stcode11":"37","dtcode11":"552","year_stat":"2011_c","Shape_Length":947241.6206837107,"Shape_Area":19139870744.810837,"OBJECTID":64,"test":0,"Dist_LGD":511,"State_LGD":28}},{"type":"Feature","id":73,"geometry":{"type":"Polygon","coordinates":[[[77.664,15.2342],[77.6565,15.2314],[77.6517,15.2327],[77.6488,15.23],[77.6498,15.225],[77.6377,15.2219],[77.6352,15.207],[77.6258,15.207],[77.6234,15.2048],[77.6155,15.2065],[77.6158,15.2032],[77.6104,15.1956],[77.6114,15.1835],[77.5956,15.1836],[77.5822,15.1879],[77.5748,15.1954],[77.5756,15.1994],[77.573,15.1974],[77.5664,15.203],[77.5417,15.2089],[77.5271,15.224],[77.5017,15.2214],[77.4984,15.22],[77.4966,15.2155],[77.4857,15.2133],[77.4811,15.2079],[77.4672,15.2174],[77.4594,15.2177],[77.4512,15.2218],[77.4503,15.2148],[77.4464,15.2136],[77.4503,15.205],[77.4342,15.2102],[77.433,15.2204],[77.426,15.2231],[77.409,15.2254],[77.4064,15.2191],[77.395,15.2171],[77.3631,15.2229],[77.3622,15.2127],[77.3573,15.2007],[77.3546,15.201],[77.3537,15.198],[77.3501,15.1816],[77.3515,15.1775],[77.3309,15.1746],[77.3164,15.1774],[77.3101,15.1544],[77.2998,15.1541],[77.2919,15.1309],[77.2712,15.1307],[77.2642,15.1427],[77.2467,15.1449],[77.2299,15.1438],[77.2295,15.1457],[77.2202,15.1481],[77.2203,15.1504],[77.2133,15.1516],[77.214,15.1543],[77.2024,15.1572],[77.2022,15.1595],[77.188,15.1571],[77.1803,15.143],[77.1768,15.1437],[77.1765,15.1419],[77.1645,15.1462],[77.1582,15.1459],[77.1564,15.123],[77.1502,15.1116],[77.1421,15.1046],[77.1301,15.1008],[77.1282,15.0723],[77.1195,15.0457],[77.1153,15.0464],[77.113,15.0341],[77.0937,15.0362],[77.0909,15.0294],[77.0848,15.0307],[77.0825,15.0061],[77.069,15.0048],[77.0441,15.0099],[77.0505,15.0245],[77.0496,15.0331],[77.036,15.0313],[77.0041,15.0339],[77.0031,15.0309],[76.9861,15.0265],[76.9852,15.0152],[76.9659,15.0181],[76.9496,15.0304],[76.9222,15.0313],[76.9184,15.0356],[76.9072,15.0325],[76.895,15.0371],[76.8772,15.0302],[76.8779,15.0355],[76.8692,15.0534],[76.8652,15.0553],[76.8659,15.0597],[76.8641,15.0581],[76.8609,15.0598],[76.8615,15.062],[76.836,15.0793],[76.8238,15.08],[76.8003,15.0959],[76.7939,15.0919],[76.7924,15.0876],[76.7861,15.0878],[76.7822,15.0774],[76.7779,15.0799],[76.7767,15.0784],[76.7799,15.0761],[76.7753,15.0723],[76.7736,15.0592],[76.7804,15.0427],[76.7835,15.0426],[76.7857,15.0277],[76.7902,15.0207],[76.7871,15.008],[76.7837,15.0048],[76.7788,15.0046],[76.7751,14.9931],[76.7724,14.9909],[76.7606,14.9899],[76.7666,14.9756],[76.7776,14.9755],[76.7963,14.9692],[76.8183,14.9695],[76.8285,14.9565],[76.8341,14.9565],[76.842,14.9664],[76.8675,14.9699],[76.8661,14.9576],[76.8696,14.9377],[76.8639,14.8956],[76.8474,14.896],[76.8455,14.8893],[76.8455,14.8872],[76.8525,14.887],[76.8539,14.8692],[76.8572,14.8691],[76.8541,14.8433],[76.8418,14.8366],[76.8455,14.8341],[76.846,14.8221],[76.8546,14.8181],[76.854,14.8095],[76.8374,14.8106],[76.8368,14.7908],[76.8326,14.7904],[76.8324,14.7929],[76.8191,14.7931],[76.8204,14.7889],[76.8177,14.7876],[76.7827,14.786],[76.789,14.7723],[76.7896,14.7601],[76.7942,14.7513],[76.803,14.7419],[76.7865,14.7085],[76.7862,14.6958],[76.7753,14.681],[76.7725,14.6391],[76.765,14.6022],[76.7803,14.5931],[76.7803,14.5971],[76.7819,14.5965],[76.7834,14.5805],[76.7914,14.5547],[76.8028,14.5422],[76.8063,14.5311],[76.8126,14.5318],[76.8235,14.5269],[76.831,14.5304],[76.8355,14.5213],[76.8419,14.5194],[76.8556,14.5096],[76.868,14.4741],[76.8843,14.4771],[76.8865,14.4836],[76.9007,14.4892],[76.9434,14.4895],[76.9488,14.4892],[76.95,14.4868],[76.9748,14.4854],[76.9755,14.4779],[76.9717,14.4682],[76.9599,14.4506],[76.946,14.4526],[76.9448,14.4509],[76.9478,14.4132],[76.9428,14.3998],[76.9316,14.4109],[76.9158,14.4207],[76.8987,14.398],[76.8848,14.3957],[76.8848,14.3476],[76.8923,14.3413],[76.9034,14.3227],[76.9079,14.323],[76.9272,14.3146],[76.9457,14.3132],[76.9567,14.2944],[76.9371,14.2804],[76.9282,14.2793],[76.9249,14.2738],[76.9358,14.2594],[76.9398,14.2449],[76.952,14.2419],[76.9598,14.245],[76.9698,14.2434],[76.9856,14.2474],[76.9919,14.2414],[76.9989,14.2409],[77.0057,14.2358],[77.0304,14.2423],[77.0306,14.2442],[77.0362,14.2449],[77.0361,14.2468],[77.0525,14.2455],[77.0577,14.2438],[77.057,14.2407],[77.0618,14.2295],[77.0759,14.2234],[77.0812,14.2142],[77.1008,14.2172],[77.1149,14.2232],[77.1167,14.2264],[77.1157,14.2376],[77.1183,14.2449],[77.1153,14.2546],[77.1186,14.2569],[77.1205,14.263],[77.1112,14.2616],[77.1102,14.2683],[77.1155,14.2743],[77.1157,14.2925],[77.1259,14.3005],[77.1323,14.3107],[77.1363,14.3231],[77.1357,14.3369],[77.1389,14.34],[77.1527,14.3392],[77.1574,14.3421],[77.1668,14.3422],[77.1693,14.3355],[77.1787,14.3355],[77.1811,14.3304],[77.1841,14.3325],[77.1974,14.3212],[77.2135,14.3188],[77.2287,14.3212],[77.2382,14.3174],[77.2473,14.3178],[77.2539,14.3223],[77.2534,14.3253],[77.2583,14.3275],[77.2586,14.331],[77.2693,14.3321],[77.2771,14.3376],[77.2839,14.3376],[77.2866,14.3401],[77.2888,14.3055],[77.2835,14.2828],[77.2893,14.2813],[77.3054,14.2835],[77.3391,14.2769],[77.3638,14.2759],[77.3619,14.2688],[77.3638,14.2547],[77.3601,14.2453],[77.3595,14.234],[77.3792,14.2265],[77.3842,14.221],[77.3832,14.2075],[77.3871,14.2001],[77.3926,14.1989],[77.4008,14.2032],[77.4141,14.2048],[77.4183,14.2091],[77.4177,14.2259],[77.4121,14.2277],[77.4115,14.2324],[77.4097,14.232],[77.4088,14.2599],[77.4069,14.2597],[77.4054,14.2667],[77.3958,14.2662],[77.3874,14.2709],[77.3888,14.2809],[77.3866,14.2817],[77.3824,14.299],[77.3778,14.3014],[77.377,14.3076],[77.379,14.3228],[77.3891,14.3332],[77.3942,14.3366],[77.4065,14.3378],[77.4121,14.3365],[77.4231,14.3282],[77.4284,14.3287],[77.4313,14.313],[77.4462,14.3175],[77.4452,14.2953],[77.4503,14.2807],[77.4597,14.2805],[77.4789,14.2922],[77.4831,14.2907],[77.4871,14.2818],[77.4908,14.2813],[77.4928,14.2782],[77.4983,14.2789],[77.5034,14.2598],[77.4965,14.2369],[77.4924,14.2349],[77.4928,14.231],[77.4959,14.232],[77.4945,14.2243],[77.5033,14.2106],[77.5013,14.2048],[77.5047,14.194],[77.517,14.1861],[77.5143,14.1767],[77.5035,14.1572],[77.4808,14.1648],[77.4681,14.1649],[77.4671,14.1721],[77.4569,14.17],[77.4459,14.1721],[77.4303,14.1709],[77.4227,14.1734],[77.4229,14.1769],[77.4204,14.177],[77.4079,14.1736],[77.3937,14.1743],[77.3916,14.1729],[77.3947,14.1687],[77.3949,14.1608],[77.3893,14.1597],[77.3881,14.1537],[77.3851,14.1533],[77.3789,14.1359],[77.3579,14.1304],[77.3517,14.1311],[77.3475,14.1037],[77.3498,14.1032],[77.3536,14.1097],[77.3617,14.1154],[77.3757,14.1187],[77.3906,14.1267],[77.3974,14.1255],[77.4009,14.1188],[77.3976,14.1096],[77.3888,14.0995],[77.3813,14.0979],[77.3756,14.0794],[77.3637,14.073],[77.3606,14.0626],[77.3405,14.0602],[77.3323,14.0307],[77.3849,14.0161],[77.3902,14.0167],[77.3877,14.0057],[77.3797,13.9899],[77.3816,13.9763],[77.3957,13.9838],[77.4259,13.9862],[77.4277,13.9797],[77.434,13.9802],[77.4379,13.9756],[77.4348,13.9644],[77.4353,13.9577],[77.4376,13.9555],[77.4354,13.9476],[77.4307,13.9451],[77.4121,13.9456],[77.4159,13.9242],[77.4349,13.9197],[77.435,13.915],[77.4205,13.8994],[77.4106,13.8964],[77.4055,13.8895],[77.3987,13.8882],[77.4,13.8969],[77.398,13.9066],[77.3576,13.9034],[77.3544,13.9042],[77.3529,13.9139],[77.3478,13.916],[77.3552,13.9308],[77.3713,13.9528],[77.3495,13.9582],[77.3539,13.9628],[77.3521,13.9688],[77.3611,13.9909],[77.3362,13.9954],[77.3369,14.0045],[77.3227,14.023],[77.3222,14.03],[77.3066,14.032],[77.2983,14.0216],[77.275,14.0113],[77.2793,14.0261],[77.2788,14.0325],[77.2769,14.032],[77.2773,14.0347],[77.2704,14.0345],[77.2606,14.0289],[77.2568,14.0224],[77.2482,14.0176],[77.2454,14.012],[77.2198,14.0136],[77.2047,14.0083],[77.174,14.013],[77.171,14.012],[77.1728,14.0011],[77.1492,14.0012],[77.1411,14.0039],[77.1404,14.018],[77.1364,14.0229],[77.1318,14.044],[77.1274,14.0471],[77.1024,14.0453],[77.0951,14.0425],[77.0789,14.0427],[77.0753,14.0435],[77.0761,14.0533],[77.0674,14.0521],[77.0457,14.0567],[77.0349,14.0561],[77.0316,14.0569],[77.0278,14.0622],[77.0256,14.0662],[77.0298,14.0882],[77.0184,14.0947],[77.0191,14.0964],[77.0147,14.1],[77.0241,14.1126],[77.0218,14.1233],[77.0262,14.1251],[77.0259,14.13],[77.0202,14.1313],[77.0204,14.1572],[77.026,14.1748],[77.0233,14.1767],[77.0055,14.184],[76.9964,14.1803],[76.9838,14.1789],[76.9707,14.1824],[76.9606,14.1818],[76.9476,14.1982],[76.9427,14.1954],[76.9447,14.1866],[76.9421,14.1807],[76.9424,14.1734],[76.9219,14.1695],[76.9198,14.1645],[76.9097,14.168],[76.8945,14.1678],[76.8905,14.1429],[76.8859,14.1383],[76.8895,14.1357],[76.9048,14.1337],[76.9129,14.1289],[76.9176,14.1289],[76.925,14.1371],[76.9359,14.1289],[76.9366,14.1243],[76.9457,14.1183],[76.9535,14.0997],[76.9484,14.0921],[76.9594,14.0917],[76.9735,14.0836],[76.9776,14.0713],[76.9717,14.0581],[76.9586,14.0571],[76.9503,14.0536],[76.9324,14.054],[76.9344,14.0447],[76.9311,14.0302],[76.935,14.0328],[76.9435,14.0298],[76.9438,14.0233],[76.95,14.0151],[76.9654,14.0115],[76.9964,13.9905],[76.9995,13.9904],[76.9938,13.9626],[77.0142,13.9549],[77.0244,13.94],[77.0371,13.937],[77.0417,13.9335],[77.0473,13.9066],[77.023,13.9026],[77.0233,13.896],[77.0163,13.8844],[77.0185,13.8726],[77.0132,13.8716],[77.0142,13.8604],[77.0065,13.8521],[76.9922,13.849],[76.9889,13.8353],[76.978,13.8269],[76.9764,13.8174],[76.9897,13.813],[76.9917,13.8027],[76.9892,13.7947],[76.9852,13.7908],[76.9929,13.7708],[76.9945,13.76],[76.9984,13.7551],[76.9969,13.7478],[76.9985,13.7456],[77.0165,13.7386],[77.0187,13.7487],[77.0174,13.7561],[77.0239,13.7679],[77.0245,13.7793],[77.0434,13.7778],[77.0441,13.7709],[77.0486,13.7702],[77.0518,13.7642],[77.058,13.7603],[77.0575,13.753],[77.0602,13.7529],[77.0599,13.7494],[77.0647,13.7439],[77.0698,13.7453],[77.0856,13.7425],[77.0838,13.7567],[77.0855,13.7624],[77.0902,13.7624],[77.0904,13.7672],[77.106,13.7678],[77.1368,13.7583],[77.1409,13.7651],[77.1511,13.7662],[77.1731,13.7621],[77.1785,13.7827],[77.1652,13.7945],[77.1621,13.8048],[77.1575,13.8061],[77.1626,13.8087],[77.1595,13.8169],[77.1677,13.8213],[77.1687,13.8297],[77.1655,13.8332],[77.1537,13.8342],[77.156,13.8444],[77.1322,13.8462],[77.1282,13.8565],[77.136,13.8566],[77.1476,13.8685],[77.1686,13.8645],[77.1714,13.8712],[77.1688,13.8896],[77.1621,13.8991],[77.1619,13.9067],[77.1699,13.9207],[77.1847,13.9252],[77.1881,13.914],[77.1908,13.9119],[77.1858,13.8924],[77.1857,13.8762],[77.1814,13.8699],[77.2004,13.8631],[77.2099,13.8781],[77.2102,13.885],[77.2131,13.8862],[77.217,13.8838],[77.2154,13.868],[77.2199,13.8678],[77.2299,13.8917],[77.2307,13.9034],[77.2356,13.9042],[77.2365,13.9011],[77.2451,13.9031],[77.2483,13.9013],[77.2478,13.8884],[77.2447,13.8833],[77.2487,13.8736],[77.2464,13.868],[77.2591,13.8632],[77.2567,13.8466],[77.2803,13.8511],[77.2883,13.8475],[77.2949,13.8574],[77.3036,13.8621],[77.3106,13.8629],[77.3115,13.8666],[77.3215,13.856],[77.3217,13.8471],[77.3251,13.8454],[77.3231,13.84],[77.3254,13.8333],[77.3368,13.8328],[77.3624,13.8543],[77.3769,13.8507],[77.3812,13.8473],[77.3794,13.8409],[77.3819,13.8394],[77.3994,13.8411],[77.4155,13.8398],[77.4268,13.8412],[77.4292,13.8448],[77.4325,13.8433],[77.4313,13.8367],[77.4164,13.8088],[77.4161,13.8067],[77.4185,13.8063],[77.4197,13.8096],[77.4287,13.8068],[77.4283,13.8035],[77.4226,13.7991],[77.437,13.7967],[77.4406,13.8066],[77.4453,13.8111],[77.4548,13.8099],[77.4575,13.8073],[77.4642,13.808],[77.4646,13.8061],[77.4646,13.8032],[77.4609,13.803],[77.4565,13.7888],[77.4614,13.7884],[77.4604,13.7805],[77.4651,13.7587],[77.4706,13.7581],[77.4676,13.7532],[77.4646,13.7342],[77.4651,13.7109],[77.4501,13.7109],[77.4561,13.6908],[77.4553,13.6823],[77.4879,13.6867],[77.4878,13.6892],[77.4921,13.6899],[77.485,13.7148],[77.5142,13.7133],[77.5124,13.6973],[77.5196,13.6963],[77.5213,13.6922],[77.5252,13.691],[77.5283,13.6931],[77.5344,13.707],[77.5366,13.7306],[77.522,13.7446],[77.5273,13.7539],[77.5412,13.756],[77.5474,13.7529],[77.5493,13.7407],[77.5538,13.7366],[77.5606,13.7224],[77.5717,13.7382],[77.5771,13.7384],[77.5868,13.7335],[77.596,13.7482],[77.6,13.7508],[77.6136,13.752],[77.6244,13.7353],[77.6277,13.7346],[77.6336,13.7396],[77.6414,13.742],[77.6422,13.7468],[77.6296,13.7542],[77.6252,13.753],[77.6188,13.755],[77.6175,13.762],[77.6211,13.7685],[77.646,13.7788],[77.6513,13.7841],[77.6698,13.784],[77.6801,13.7868],[77.6799,13.7724],[77.6717,13.7605],[77.6796,13.7622],[77.6952,13.7707],[77.7033,13.7698],[77.7085,13.7411],[77.7151,13.7438],[77.7174,13.7411],[77.72,13.7651],[77.7222,13.7689],[77.7187,13.7841],[77.7223,13.794],[77.7193,13.8003],[77.7293,13.8023],[77.7316,13.8076],[77.7407,13.8125],[77.7479,13.8104],[77.7635,13.8173],[77.7815,13.8183],[77.7888,13.8232],[77.7891,13.8305],[77.7843,13.8344],[77.7823,13.8441],[77.793,13.849],[77.8081,13.8506],[77.812,13.849],[77.8149,13.8578],[77.8202,13.8632],[77.8371,13.8698],[77.8273,13.8745],[77.8355,13.881],[77.832,13.8957],[77.8162,13.903],[77.817,13.9083],[77.8135,13.9147],[77.8148,13.932],[77.8266,13.9448],[77.8388,13.9359],[77.8548,13.9382],[77.8686,13.9361],[77.8957,13.9411],[77.8989,13.9307],[77.8953,13.9257],[77.8958,13.9204],[77.8997,13.9166],[77.9054,13.9165],[77.9154,13.9079],[77.9268,13.9054],[77.9462,13.9354],[77.9545,13.9386],[77.9573,13.9368],[77.96,13.9406],[77.9619,13.955],[77.9681,13.9602],[77.9875,13.9555],[77.9802,13.9279],[77.9838,13.9158],[77.9831,13.9049],[77.9866,13.903],[77.9844,13.8976],[77.9522,13.8903],[77.9491,13.8865],[77.9491,13.8707],[77.9542,13.8552],[77.9537,13.8386],[77.9562,13.836],[77.9561,13.8313],[77.9524,13.8291],[77.953,13.8274],[77.9761,13.8295],[77.983,13.8473],[77.9888,13.8538],[77.9921,13.8689],[77.9983,13.8691],[78.0005,13.873],[78.0116,13.872],[78.0167,13.865],[78.0212,13.8639],[78.0318,13.8643],[78.0413,13.8603],[78.0462,13.8622],[78.0508,13.876],[78.0495,13.896],[78.0606,13.892],[78.0643,13.8867],[78.079,13.8812],[78.0819,13.8613],[78.0899,13.8647],[78.1018,13.8617],[78.1148,13.8629],[78.1165,13.8519],[78.1236,13.8454],[78.1222,13.839],[78.1255,13.8321],[78.1137,13.8075],[78.1227,13.7988],[78.1289,13.7855],[78.1379,13.7819],[78.1471,13.7814],[78.1512,13.7856],[78.1649,13.7837],[78.1823,13.785],[78.1832,13.7884],[78.1894,13.7883],[78.1959,13.7849],[78.2026,13.7856],[78.2089,13.781],[78.2175,13.782],[78.237,13.7788],[78.2488,13.7858],[78.2512,13.7917],[78.2615,13.7915],[78.263,13.7984],[78.2548,13.8065],[78.2549,13.8207],[78.256,13.8238],[78.2589,13.8238],[78.2557,13.8272],[78.2566,13.8345],[78.2409,13.8452],[78.2422,13.8505],[78.2577,13.8539],[78.259,13.8582],[78.265,13.8577],[78.2632,13.8643],[78.2688,13.8676],[78.2679,13.8729],[78.2748,13.8811],[78.2743,13.8863],[78.2783,13.8895],[78.2728,13.895],[78.2798,13.8976],[78.2895,13.892],[78.2984,13.8938],[78.297,13.8959],[78.2993,13.9063],[78.3064,13.9084],[78.3182,13.9208],[78.3256,13.9218],[78.3314,13.918],[78.3365,13.9268],[78.3373,13.9367],[78.3468,13.9348],[78.3484,13.9399],[78.3521,13.9385],[78.3704,13.9568],[78.3756,13.9523],[78.3724,13.9445],[78.3789,13.9404],[78.3875,13.939],[78.3995,13.9527],[78.4131,13.9614],[78.4205,13.9633],[78.4271,13.9792],[78.4346,13.9791],[78.4425,13.9836],[78.4457,13.9819],[78.4533,13.9842],[78.4604,13.9874],[78.4668,13.9951],[78.4693,14.0071],[78.4584,14.0081],[78.4429,14.0152],[78.4404,14.0185],[78.4398,14.043],[78.4488,14.0521],[78.446,14.0566],[78.4472,14.0706],[78.4425,14.0805],[78.4444,14.0842],[78.448,14.0822],[78.4491,14.0845],[78.4513,14.0827],[78.4544,14.0843],[78.4586,14.091],[78.4613,14.1068],[78.454,14.1153],[78.449,14.1308],[78.4435,14.1377],[78.4388,14.1341],[78.4382,14.1368],[78.4283,14.1389],[78.425,14.1407],[78.4246,14.1477],[78.4217,14.1485],[78.4199,14.168],[78.4237,14.1782],[78.4303,14.1828],[78.4312,14.1923],[78.4293,14.1964],[78.4232,14.1984],[78.4211,14.196],[78.4144,14.1961],[78.4059,14.201],[78.4099,14.2236],[78.4085,14.2269],[78.4239,14.2734],[78.4205,14.283],[78.4159,14.2778],[78.3957,14.2768],[78.3683,14.2877],[78.3642,14.2869],[78.3571,14.2927],[78.3452,14.2916],[78.3387,14.2883],[78.3206,14.2935],[78.3075,14.2903],[78.299,14.2903],[78.2945,14.2933],[78.285,14.2918],[78.2826,14.2937],[78.2811,14.3013],[78.2773,14.3047],[78.2533,14.3046],[78.2512,14.3082],[78.2473,14.3073],[78.2289,14.3154],[78.2295,14.3172],[78.2199,14.3224],[78.218,14.3285],[78.2071,14.3328],[78.1912,14.3436],[78.1886,14.3498],[78.1709,14.3544],[78.137,14.3786],[78.1067,14.3929],[78.0859,14.415],[78.0851,14.4214],[78.0636,14.4345],[78.0006,14.4886],[77.9981,14.5005],[77.9949,14.502],[77.9881,14.5145],[77.9774,14.5243],[77.9725,14.5321],[77.9726,14.5351],[77.977,14.5378],[77.9612,14.56],[77.9526,14.5621],[77.9441,14.5703],[77.9537,14.5795],[77.9619,14.5818],[77.9659,14.5884],[77.9695,14.575],[77.976,14.5682],[77.9829,14.5669],[77.9852,14.5523],[77.9829,14.5456],[77.9871,14.5406],[78.012,14.5363],[78.0143,14.5378],[78.0221,14.5331],[78.0254,14.5343],[78.0332,14.5306],[78.0345,14.5331],[78.0406,14.5337],[78.0435,14.5414],[78.0443,14.5467],[78.0387,14.5556],[78.0393,14.5661],[78.059,14.5728],[78.0646,14.5724],[78.067,14.5797],[78.0742,14.5881],[78.0817,14.6121],[78.0863,14.6194],[78.0881,14.6304],[78.1131,14.6282],[78.1125,14.6254],[78.1182,14.624],[78.1229,14.6256],[78.124,14.6298],[78.1194,14.6341],[78.1296,14.6493],[78.1346,14.6953],[78.1193,14.6971],[78.119,14.6928],[78.1095,14.6923],[78.1093,14.7013],[78.1064,14.6995],[78.0965,14.701],[78.0978,14.7074],[78.0951,14.7088],[78.0938,14.7135],[78.0782,14.7181],[78.0662,14.7159],[78.0634,14.7184],[78.0776,14.745],[78.0763,14.7524],[78.073,14.7566],[78.0678,14.7577],[78.0604,14.7647],[78.046,14.772],[78.058,14.79],[78.0656,14.7972],[78.0752,14.8162],[78.0762,14.8271],[78.1012,14.8171],[78.1136,14.8506],[78.1086,14.8539],[78.0891,14.8576],[78.0942,14.8843],[78.1131,14.9316],[78.1223,14.9341],[78.1234,14.9368],[78.1253,14.9369],[78.1263,14.9331],[78.1311,14.9342],[78.1351,14.9398],[78.1373,14.9453],[78.1338,14.9613],[78.1168,14.9665],[78.0984,14.9676],[78.0873,14.9722],[78.0886,14.9823],[78.0656,14.995],[78.0599,15.0031],[78.057,15.0008],[78.0547,14.9921],[78.034,14.9995],[78.0264,15.0114],[78.0267,15.0164],[78.0216,15.0169],[78.0114,15.0271],[78.0106,15.0508],[78.0045,15.053],[77.9951,15.064],[77.9986,15.0722],[77.996,15.0768],[77.9976,15.0813],[78.0057,15.0818],[78.0066,15.0941],[78.0137,15.1021],[78.0142,15.1119],[78.0065,15.1225],[78.002,15.1217],[77.997,15.1244],[77.9933,15.1332],[77.9744,15.1389],[77.9647,15.1227],[77.9613,15.1087],[77.9365,15.1146],[77.9328,15.1124],[77.912,15.1232],[77.9063,15.1226],[77.9071,15.1307],[77.915,15.1289],[77.9148,15.132],[77.9086,15.1337],[77.9114,15.1356],[77.9095,15.1395],[77.914,15.1418],[77.9137,15.1444],[77.9244,15.1483],[77.9247,15.1525],[77.9205,15.1531],[77.9236,15.1615],[77.9211,15.1622],[77.9231,15.1642],[77.9182,15.1699],[77.9193,15.174],[77.9163,15.173],[77.9047,15.1779],[77.8847,15.1786],[77.8852,15.1713],[77.8807,15.1625],[77.8813,15.1496],[77.8755,15.1352],[77.8544,15.1351],[77.8428,15.1296],[77.8389,15.1449],[77.8157,15.1429],[77.8098,15.1352],[77.8112,15.1286],[77.7964,15.1189],[77.7917,15.1061],[77.7888,15.107],[77.7848,15.113],[77.7816,15.1133],[77.7794,15.1106],[77.7708,15.1139],[77.7741,15.1242],[77.7481,15.1304],[77.7466,15.141],[77.7299,15.1519],[77.7304,15.1642],[77.7333,15.1686],[77.7165,15.1724],[77.7174,15.1793],[77.7146,15.1804],[77.7118,15.1868],[77.7026,15.1801],[77.6931,15.184],[77.6987,15.2004],[77.6979,15.2059],[77.691,15.207],[77.6881,15.2093],[77.6888,15.2135],[77.6819,15.2142],[77.6788,15.2171],[77.6755,15.2302],[77.664,15.2342]]]},"properties":{"dtname":"Anantapur","stname":"ANDHRA PRADESH","stcode11":"37","dtcode11":"553","year_stat":"2011_c","Shape_Length":1472203.977578176,"Shape_Area":20526025007.307213,"OBJECTID":73,"test":0,"Dist_LGD":502,"State_LGD":28}},{"type":"Feature","id":74,"geometry":{"type":"Polygon","coordinates":[[[79.3359,15.1166],[79.3276,15.1146],[79.3292,15.111],[79.3246,15.1101],[79.3214,15.1028],[79.3152,15.1015],[79.3141,15.091],[79.3095,15.0901],[79.3074,15.0872],[79.3096,15.0934],[79.3037,15.0956],[79.2717,15.0993],[79.2659,15.0968],[79.266,15.1048],[79.2607,15.1066],[79.2488,15.1051],[79.2147,15.0855],[79.1651,15.0898],[79.1489,15.0984],[79.1437,15.0979],[79.1371,15.1011],[79.1287,15.0996],[79.1302,15.0853],[79.1005,15.0837],[79.1014,15.0726],[79.0942,15.0654],[79.0947,15.0537],[79.0872,15.0464],[79.0841,15.0149],[79.0872,15.0026],[79.0815,14.9822],[79.0928,14.9327],[79.1022,14.9031],[79.1042,14.8983],[79.1119,14.8985],[79.1083,14.8949],[79.1338,14.8669],[79.142,14.8421],[79.1444,14.8182],[79.1506,14.7933],[79.1605,14.7804],[79.1614,14.7698],[79.1664,14.7624],[79.1717,14.7378],[79.1783,14.7306],[79.1863,14.7106],[79.1839,14.6886],[79.174,14.6823],[79.1789,14.6789],[79.1789,14.6735],[79.1823,14.6682],[79.1791,14.6636],[79.1836,14.6628],[79.1843,14.6595],[79.1873,14.6589],[79.1816,14.6488],[79.1816,14.6436],[79.1889,14.6162],[79.2005,14.6136],[79.2026,14.6045],[79.2098,14.6025],[79.2128,14.5939],[79.2197,14.588],[79.2295,14.6024],[79.2418,14.593],[79.2486,14.5705],[79.2586,14.5557],[79.2676,14.5508],[79.2782,14.5326],[79.2879,14.4999],[79.2927,14.4946],[79.2929,14.4848],[79.3052,14.4839],[79.3114,14.4779],[79.3168,14.4761],[79.3267,14.4573],[79.3247,14.4558],[79.33,14.4258],[79.3431,14.4081],[79.3487,14.4051],[79.3498,14.3985],[79.356,14.3902],[79.359,14.3813],[79.3643,14.3784],[79.3675,14.3681],[79.3647,14.3575],[79.366,14.3514],[79.3895,14.3407],[79.4224,14.2784],[79.4195,14.2769],[79.4197,14.265],[79.4277,14.2503],[79.4354,14.2431],[79.4248,14.2213],[79.4255,14.213],[79.4224,14.2061],[79.4288,14.1933],[79.4283,14.1807],[79.4447,14.1164],[79.4542,14.1008],[79.4501,14.0887],[79.4518,14.0756],[79.45,14.0698],[79.4426,14.0608],[79.4435,14.0401],[79.4368,14.0238],[79.4428,13.9979],[79.4522,13.993],[79.455,13.9876],[79.4499,13.9713],[79.4523,13.9538],[79.4564,13.9521],[79.4589,13.9464],[79.4568,13.9436],[79.4571,13.9321],[79.4546,13.9303],[79.4552,13.9234],[79.4419,13.9051],[79.4448,13.8977],[79.4431,13.8903],[79.4487,13.8952],[79.474,13.8997],[79.478,13.9131],[79.5004,13.911],[79.5342,13.9155],[79.5525,13.9146],[79.5749,13.9202],[79.5828,13.9189],[79.5929,13.923],[79.5964,13.9117],[79.5939,13.9043],[79.595,13.889],[79.62,13.8856],[79.624,13.8807],[79.6244,13.872],[79.6193,13.8632],[79.6097,13.8592],[79.6072,13.8535],[79.6283,13.8441],[79.6366,13.8448],[79.6689,13.836],[79.6695,13.8581],[79.6746,13.8711],[79.6735,13.8791],[79.6694,13.8847],[79.6788,13.9243],[79.682,13.9259],[79.6969,13.9123],[79.7288,13.9048],[79.7313,13.8901],[79.728,13.8819],[79.727,13.8628],[79.7389,13.8577],[79.731,13.8383],[79.7297,13.8309],[79.7329,13.8235],[79.731,13.8185],[79.7419,13.8169],[79.7441,13.8123],[79.7499,13.8101],[79.7448,13.8034],[79.7599,13.7978],[79.7669,13.7979],[79.7705,13.8007],[79.7732,13.7991],[79.7765,13.803],[79.7798,13.7998],[79.7834,13.783],[79.7918,13.786],[79.8119,13.7818],[79.8119,13.7889],[79.8141,13.7885],[79.8194,13.7856],[79.8202,13.7717],[79.851,13.7691],[79.8506,13.7602],[79.8609,13.7563],[79.8612,13.7455],[79.8582,13.7396],[79.8673,13.735],[79.8633,13.7194],[79.87,13.7065],[79.8814,13.705],[79.8855,13.7004],[79.957,13.7077],[79.9584,13.6991],[79.9686,13.6936],[79.9721,13.6891],[79.9723,13.684],[79.9574,13.6666],[79.9632,13.6601],[79.9649,13.6504],[79.9754,13.6436],[79.9792,13.6429],[79.9853,13.6469],[79.9929,13.6479],[80.0001,13.6433],[80.0038,13.6326],[80.0044,13.6173],[80.011,13.6096],[80.0115,13.6053],[80.0152,13.6059],[80.0169,13.6036],[80.019,13.5973],[80.017,13.5946],[80.0236,13.5926],[80.0221,13.5761],[80.0397,13.5764],[80.0406,13.5732],[80.0474,13.5726],[80.0512,13.5583],[80.0394,13.5556],[80.0381,13.539],[80.0569,13.5367],[80.0627,13.5454],[80.0684,13.5446],[80.0812,13.5498],[80.0886,13.535],[80.0771,13.5264],[80.0782,13.4888],[80.103,13.487],[80.1009,13.4899],[80.1051,13.4934],[80.1082,13.4889],[80.1115,13.4933],[80.1127,13.506],[80.1188,13.5037],[80.1267,13.5047],[80.1317,13.5015],[80.1392,13.5043],[80.1455,13.4995],[80.1452,13.4914],[80.163,13.4882],[80.1865,13.4907],[80.2099,13.4863],[80.2106,13.4905],[80.2146,13.4903],[80.2139,13.4861],[80.2259,13.4851],[80.2352,13.474],[80.2409,13.4733],[80.2418,13.4707],[80.264,13.5627],[80.2683,13.5645],[80.2428,13.6158],[80.2339,13.6571],[80.2331,13.683],[80.2376,13.7217],[80.2456,13.7561],[80.2547,13.7765],[80.2553,13.783],[80.2526,13.7941],[80.2457,13.8055],[80.2262,13.855],[80.2192,13.8785],[80.2175,13.8772],[80.2181,13.8814],[80.2017,13.91],[80.1467,14.0411],[80.1419,14.0593],[80.1407,14.0753],[80.1338,14.0929],[80.1272,14.1502],[80.1274,14.1959],[80.1312,14.2288],[80.1391,14.2513],[80.1436,14.2868],[80.1683,14.351],[80.1725,14.3845],[80.1808,14.5151],[80.196,14.5865],[80.1879,14.6051],[80.1795,14.6095],[80.1744,14.6093],[80.1708,14.6141],[80.138,14.7145],[80.118,14.7358],[80.1121,14.7362],[80.113,14.739],[80.1097,14.7392],[80.1113,14.7431],[80.0972,14.7806],[80.0885,14.8252],[80.0845,14.8843],[80.0668,14.9353],[80.0547,15.0045],[80.0402,15.0092],[80.0406,15.0069],[80.0329,14.9991],[80.0273,14.9806],[79.9892,14.9987],[79.9784,15.0078],[79.9734,15.0166],[79.9642,15.0224],[79.9527,15.0192],[79.9338,15.0229],[79.9153,15.0157],[79.9166,15.011],[79.9049,15.0107],[79.9043,15.008],[79.8933,15.0041],[79.8893,14.9983],[79.8885,14.9892],[79.8736,14.9878],[79.8658,14.9638],[79.8321,14.9668],[79.8277,14.9716],[79.8224,14.9733],[79.7991,14.9764],[79.7902,14.9819],[79.7795,14.9812],[79.7809,14.9946],[79.7884,15.003],[79.7937,15.0206],[79.7914,15.0246],[79.7818,15.0292],[79.7849,15.0346],[79.7929,15.0388],[79.7972,15.0554],[79.796,15.0597],[79.7797,15.0641],[79.7783,15.0669],[79.7657,15.0603],[79.7599,15.0531],[79.7526,15.0535],[79.7472,15.0481],[79.7423,15.0377],[79.7354,15.0347],[79.7341,15.0307],[79.7152,15.0441],[79.7149,15.0531],[79.6895,15.0383],[79.6889,15.0353],[79.672,15.0325],[79.6654,15.0379],[79.6559,15.0337],[79.6403,15.0372],[79.623,15.0327],[79.609,15.0402],[79.6016,15.038],[79.5913,15.0399],[79.581,15.0363],[79.5804,15.0433],[79.5634,15.0436],[79.5628,15.0336],[79.5588,15.0286],[79.5601,15.0218],[79.5506,15.0223],[79.5441,15.0251],[79.5299,15.0379],[79.5198,15.037],[79.5147,15.0433],[79.507,15.046],[79.5053,15.0484],[79.5064,15.0536],[79.5019,15.0562],[79.4767,15.0581],[79.4691,15.0684],[79.466,15.068],[79.4616,15.0616],[79.4537,15.0638],[79.4393,15.0553],[79.417,15.059],[79.4162,15.0643],[79.4194,15.0734],[79.4082,15.0745],[79.4032,15.0788],[79.3967,15.075],[79.3905,15.0754],[79.3928,15.091],[79.391,15.0915],[79.3876,15.0851],[79.368,15.0852],[79.3575,15.1026],[79.3601,15.1113],[79.3527,15.1166],[79.3489,15.1144],[79.3516,15.1081],[79.3461,15.0857],[79.3432,15.0852],[79.3376,15.0906],[79.3284,15.0906],[79.327,15.0965],[79.3288,15.0997],[79.3341,15.0967],[79.3375,15.104],[79.3382,15.1069],[79.3359,15.1081],[79.3388,15.1124],[79.3359,15.1166]]]},"properties":{"dtname":"Sri Potti Sriramulu Nell*","stname":"ANDHRA PRADESH","stcode11":"37","dtcode11":"550","year_stat":"2011_c","Shape_Length":696336.7298659493,"Shape_Area":14177735249.567963,"OBJECTID":74,"test":0,"Dist_LGD":515,"State_LGD":28}},{"type":"Feature","id":127,"geometry":{"type":"Polygon","coordinates":[[[81.0086,17.6332],[81.0095,17.6437],[81.0069,17.6477],[80.9958,17.6529],[80.987,17.6534],[80.9683,17.649],[80.9539,17.6379],[80.9388,17.6327],[80.9,17.6402],[80.8925,17.6372],[80.8885,17.6318],[80.8655,17.6354],[80.8551,17.6292],[80.8495,17.621],[80.8554,17.6019],[80.8792,17.5967],[80.8948,17.6009],[80.9434,17.602],[80.9694,17.5981],[80.9888,17.5725],[80.9984,17.5647],[81.0028,17.5507],[81.0084,17.5471],[81.0137,17.5367],[81.0148,17.5222],[81.0199,17.5201],[81.0472,17.5196],[81.0801,17.5151],[81.0913,17.5057],[81.0976,17.5043],[81.1175,17.5221],[81.1245,17.5271],[81.1273,17.5265],[81.1385,17.5163],[81.1449,17.4951],[81.1421,17.4886],[81.1597,17.4844],[81.1483,17.4637],[81.1755,17.4637],[81.1723,17.4491],[81.183,17.4403],[81.1933,17.4357],[81.2027,17.434],[81.2053,17.4496],[81.2118,17.4418],[81.219,17.4423],[81.2214,17.4395],[81.2427,17.4321],[81.2455,17.4331],[81.2685,17.4183],[81.3124,17.4088],[81.3186,17.3985],[81.3226,17.3746],[81.3165,17.3691],[81.3163,17.3645],[81.312,17.3607],[81.3011,17.3407],[81.2885,17.3281],[81.2785,17.3235],[81.274,17.3172],[81.2457,17.3258],[81.2446,17.3231],[81.2391,17.3235],[81.2391,17.3209],[81.2336,17.3204],[81.222,17.3215],[81.2103,17.3261],[81.1904,17.3249],[81.1767,17.2877],[81.1796,17.2784],[81.1782,17.2691],[81.1876,17.2547],[81.1861,17.2485],[81.175,17.237],[81.174,17.2304],[81.1595,17.2309],[81.1276,17.2244],[81.1094,17.2235],[81.0796,17.2153],[81.0546,17.2249],[81.0556,17.2196],[81.0495,17.2071],[81.0369,17.1925],[81.0313,17.1904],[81.0154,17.1945],[81.0086,17.1919],[80.9944,17.1914],[80.9763,17.2003],[80.9603,17.2041],[80.9413,17.2193],[80.9189,17.2198],[80.9168,17.211],[80.921,17.2003],[80.9184,17.1898],[80.9227,17.1886],[80.9264,17.1835],[80.924,17.1579],[80.9166,17.1537],[80.907,17.1539],[80.8924,17.1594],[80.8794,17.1609],[80.8783,17.1352],[80.8678,17.1239],[80.8764,17.1056],[80.8739,17.0986],[80.8752,17.0955],[80.8683,17.0837],[80.8684,17.0784],[80.8761,17.0749],[80.878,17.0695],[80.8856,17.071],[80.888,17.0675],[80.8966,17.0643],[80.9035,17.0662],[80.9063,17.0697],[80.9087,17.0662],[80.9185,17.0645],[80.928,17.0712],[80.9334,17.0676],[80.9426,17.0673],[80.9498,17.0572],[80.9585,17.0514],[80.9641,17.0328],[80.9596,17.0213],[80.9597,17.0117],[80.9521,16.9977],[80.9522,16.9914],[80.9366,16.9833],[80.938,16.9717],[80.9351,16.9587],[80.9394,16.9568],[80.9432,16.9489],[80.9479,16.948],[80.9562,16.9357],[80.9578,16.9245],[80.9624,16.9203],[80.961,16.9119],[80.968,16.8987],[80.9749,16.8954],[80.9783,16.8822],[80.9979,16.8374],[80.9962,16.8277],[81.0088,16.8207],[81.0164,16.8212],[81.0247,16.8076],[81.0334,16.8053],[81.0369,16.8077],[81.0412,16.7955],[81.0427,16.7851],[81.0323,16.7825],[81.0272,16.7763],[81.0173,16.7768],[81.0142,16.7697],[81.0103,16.769],[81.0008,16.7522],[80.9933,16.7271],[80.9894,16.7217],[80.9815,16.7233],[80.9841,16.7022],[80.9889,16.6905],[80.9899,16.6813],[81.0074,16.6721],[80.9987,16.6646],[81.0186,16.6502],[81.0111,16.6364],[81.0041,16.6334],[80.9955,16.6356],[80.9955,16.6381],[80.979,16.6569],[80.976,16.6651],[80.9544,16.6714],[80.9541,16.6653],[80.9695,16.6465],[80.9738,16.6312],[80.973,16.6263],[81.001,16.5954],[81.0014,16.5883],[81.0064,16.5862],[81.0115,16.5602],[81.0186,16.5618],[81.0205,16.557],[81.0236,16.5571],[81.0264,16.5616],[81.036,16.5641],[81.0399,16.5616],[81.0401,16.566],[81.0485,16.5698],[81.0627,16.5705],[81.072,16.576],[81.0788,16.5749],[81.0949,16.5873],[81.0922,16.5926],[81.0869,16.5924],[81.0891,16.6053],[81.1009,16.6053],[81.1018,16.6015],[81.1157,16.5923],[81.1236,16.5995],[81.1286,16.5987],[81.1371,16.6067],[81.1402,16.605],[81.1423,16.5981],[81.1515,16.5946],[81.1675,16.6196],[81.179,16.618],[81.189,16.6213],[81.2009,16.6125],[81.2078,16.5966],[81.2282,16.5736],[81.2341,16.5745],[81.2365,16.5698],[81.2421,16.576],[81.2378,16.5859],[81.2376,16.5923],[81.2654,16.6065],[81.2736,16.6216],[81.2797,16.6567],[81.2933,16.6715],[81.3074,16.6925],[81.329,16.6889],[81.3329,16.68],[81.3338,16.6704],[81.3302,16.635],[81.3263,16.6259],[81.3277,16.6194],[81.3369,16.6105],[81.3426,16.6084],[81.3453,16.6039],[81.3489,16.6086],[81.3545,16.6103],[81.3574,16.5983],[81.3574,16.5962],[81.3506,16.5972],[81.3533,16.5917],[81.3462,16.5911],[81.348,16.5806],[81.3463,16.5746],[81.349,16.5649],[81.3461,16.5594],[81.3474,16.5532],[81.3426,16.5384],[81.3437,16.5303],[81.3396,16.5272],[81.339,16.5129],[81.3348,16.5132],[81.3326,16.5108],[81.3384,16.5049],[81.3427,16.5046],[81.3457,16.5071],[81.3508,16.5052],[81.3629,16.5071],[81.3654,16.5008],[81.3708,16.4995],[81.372,16.4947],[81.3679,16.4836],[81.369,16.4754],[81.3784,16.4678],[81.3732,16.4588],[81.3828,16.4484],[81.3885,16.4462],[81.3844,16.4433],[81.401,16.439],[81.3998,16.4304],[81.4121,16.4202],[81.4252,16.4197],[81.4269,16.4109],[81.4377,16.3982],[81.4423,16.3983],[81.4527,16.4048],[81.4628,16.3985],[81.47,16.3982],[81.4725,16.3936],[81.4804,16.3878],[81.4853,16.377],[81.4923,16.3707],[81.5128,16.37],[81.5228,16.3807],[81.5457,16.3785],[81.5521,16.3678],[81.5546,16.3548],[81.5526,16.3475],[81.6906,16.3278],[81.7107,16.3169],[81.7174,16.3092],[81.7192,16.3156],[81.7109,16.3168],[81.7167,16.323],[81.7132,16.3309],[81.717,16.3586],[81.7067,16.3925],[81.6982,16.4091],[81.7,16.4229],[81.7103,16.4429],[81.7188,16.4474],[81.7241,16.446],[81.7284,16.4407],[81.7364,16.4224],[81.7463,16.4202],[81.7555,16.4235],[81.7624,16.4293],[81.7688,16.4399],[81.7821,16.4507],[81.7854,16.4636],[81.7889,16.4632],[81.7992,16.4772],[81.8069,16.4835],[81.8115,16.4838],[81.8198,16.4905],[81.8464,16.496],[81.8485,16.5045],[81.8448,16.5292],[81.854,16.5591],[81.8584,16.5989],[81.8562,16.6139],[81.842,16.647],[81.8112,16.6789],[81.8022,16.6937],[81.7855,16.7081],[81.7855,16.714],[81.7948,16.7331],[81.7909,16.7455],[81.7848,16.7523],[81.765,16.7615],[81.7446,16.7934],[81.7447,16.7976],[81.7502,16.8052],[81.7466,16.8114],[81.7533,16.8249],[81.7516,16.8511],[81.7467,16.8663],[81.7333,16.8798],[81.7312,16.9142],[81.7243,16.9144],[81.7276,16.9207],[81.727,16.9329],[81.7292,16.9441],[81.7449,16.9649],[81.7451,16.9846],[81.7419,17.0097],[81.7395,17.0149],[81.7311,17.0208],[81.7242,17.0372],[81.7244,17.0449],[81.7187,17.0594],[81.6971,17.0853],[81.6808,17.0946],[81.6746,17.1182],[81.6648,17.1333],[81.6635,17.1529],[81.6582,17.1703],[81.6407,17.2073],[81.6417,17.2299],[81.6555,17.2493],[81.6568,17.2666],[81.6605,17.2771],[81.664,17.2836],[81.6803,17.2912],[81.6793,17.3019],[81.6722,17.3081],[81.6426,17.324],[81.6334,17.3262],[81.6278,17.3248],[81.6186,17.3274],[81.6149,17.3311],[81.6111,17.3433],[81.6148,17.352],[81.6047,17.3759],[81.6099,17.3972],[81.6164,17.4007],[81.614,17.4072],[81.6032,17.4114],[81.5863,17.4057],[81.58,17.4151],[81.576,17.4328],[81.5636,17.4401],[81.5523,17.44],[81.5409,17.4366],[81.531,17.4404],[81.5173,17.4567],[81.5126,17.4729],[81.5012,17.4806],[81.4947,17.4807],[81.4753,17.4676],[81.4646,17.4685],[81.4446,17.4619],[81.407,17.465],[81.3905,17.4734],[81.3834,17.4916],[81.3635,17.4993],[81.3492,17.5],[81.3136,17.4877],[81.2955,17.4962],[81.2926,17.501],[81.2901,17.5196],[81.2833,17.5324],[81.2647,17.5588],[81.2516,17.5675],[81.2449,17.5696],[81.2221,17.5642],[81.2108,17.571],[81.1851,17.5711],[81.1378,17.5808],[81.1273,17.587],[81.1281,17.5951],[81.1163,17.6178],[81.1106,17.6203],[81.0809,17.6099],[81.0597,17.608],[81.0396,17.5977],[81.0147,17.5986],[81.0098,17.6014],[81.007,17.6068],[81.0086,17.6332]]]},"properties":{"dtname":"West Godavari","stname":"ANDHRA PRADESH","stcode11":"37","dtcode11":"546","year_stat":"2011_c","Shape_Length":695451.1369752534,"Shape_Area":9213436318.317474,"OBJECTID":127,"test":0,"Dist_LGD":523,"State_LGD":28}},{"type":"Feature","id":175,"geometry":{"type":"Polygon","coordinates":[[[78.9372,15.2293],[78.927,15.2285],[78.9197,15.1985],[78.9194,15.187],[78.9058,15.1876],[78.9033,15.1914],[78.8777,15.1944],[78.8714,15.1976],[78.7775,15.1997],[78.7583,15.1847],[78.7533,15.1583],[78.7532,15.142],[78.75,15.1344],[78.753,15.1299],[78.7514,15.1011],[78.7603,15.0796],[78.7551,15.0756],[78.7589,15.0654],[78.7576,15.0625],[78.7623,15.0588],[78.7614,15.0534],[78.7523,15.0368],[78.7154,15.001],[78.718,14.9686],[78.6917,14.968],[78.6883,14.961],[78.6845,14.9385],[78.666,14.9351],[78.6603,14.9298],[78.63,14.9255],[78.632,14.9386],[78.6303,14.9444],[78.6097,14.9481],[78.6051,14.9515],[78.6055,14.9536],[78.6013,14.9543],[78.5963,14.9506],[78.5918,14.939],[78.5821,14.9459],[78.5776,14.9438],[78.5744,14.938],[78.5671,14.9357],[78.5625,14.9308],[78.5532,14.9304],[78.5469,14.9327],[78.5514,14.9613],[78.5401,14.9649],[78.5372,14.9608],[78.5281,14.9601],[78.523,14.952],[78.5195,14.9537],[78.5165,14.946],[78.5197,14.9431],[78.5044,14.9259],[78.4978,14.9216],[78.4852,14.9005],[78.4773,14.9022],[78.483,14.9223],[78.4903,14.9337],[78.4982,14.9555],[78.5049,14.9545],[78.5128,14.977],[78.5166,14.9966],[78.5158,15.0024],[78.5083,15.005],[78.5153,15.0134],[78.5122,15.04],[78.5156,15.0605],[78.5078,15.0647],[78.5063,15.0695],[78.4816,15.0711],[78.4813,15.0632],[78.4738,15.0627],[78.4781,15.0611],[78.4786,15.0536],[78.4814,15.0525],[78.4812,15.0503],[78.4874,15.05],[78.4862,15.043],[78.4886,15.0424],[78.4859,15.0417],[78.4852,15.0366],[78.4824,15.0429],[78.4742,15.0354],[78.4706,15.0356],[78.4708,15.0383],[78.4679,15.0397],[78.4669,15.0363],[78.4657,15.0389],[78.4617,15.039],[78.4594,15.0349],[78.4613,15.0333],[78.4584,15.0336],[78.4572,15.0307],[78.4387,15.0336],[78.4386,15.0367],[78.4367,15.0365],[78.4361,15.0323],[78.4291,15.0336],[78.4193,15.0315],[78.4136,15.0107],[78.4097,14.9727],[78.401,14.9727],[78.3981,14.969],[78.393,14.9702],[78.3921,14.968],[78.3592,14.9855],[78.3427,15.0028],[78.3496,15.0154],[78.3502,15.025],[78.3532,15.031],[78.3658,15.0288],[78.3696,15.0261],[78.3756,15.036],[78.3849,15.039],[78.3998,15.0486],[78.378,15.0564],[78.3827,15.0692],[78.371,15.0717],[78.3637,15.052],[78.3534,15.0545],[78.3546,15.0618],[78.3328,15.0663],[78.3251,15.0733],[78.3138,15.0687],[78.302,15.0737],[78.2845,15.0706],[78.2769,15.0618],[78.2748,15.0546],[78.2795,15.0409],[78.2835,15.0377],[78.2837,15.031],[78.2778,15.0281],[78.26,15.0266],[78.2439,14.9992],[78.2358,15.0033],[78.2245,14.9775],[78.2204,14.9552],[78.2105,14.9521],[78.1794,14.9643],[78.1585,14.9624],[78.1529,14.959],[78.1514,14.9486],[78.1369,14.9477],[78.1371,14.9443],[78.1311,14.9342],[78.1263,14.9331],[78.1253,14.9369],[78.1234,14.9368],[78.1223,14.9341],[78.1131,14.9316],[78.0942,14.8843],[78.0892,14.8614],[78.0891,14.8576],[78.1086,14.8539],[78.1136,14.8506],[78.1012,14.8171],[78.0762,14.8271],[78.0752,14.8162],[78.0656,14.7972],[78.0465,14.774],[78.0471,14.7705],[78.0604,14.7647],[78.0763,14.7524],[78.0776,14.745],[78.0634,14.7183],[78.0666,14.7156],[78.0782,14.7181],[78.0938,14.7135],[78.0951,14.7088],[78.0978,14.7074],[78.0965,14.701],[78.1064,14.6995],[78.1093,14.7013],[78.1095,14.6923],[78.119,14.6928],[78.1193,14.6971],[78.1346,14.6953],[78.1296,14.6493],[78.1194,14.6341],[78.124,14.6298],[78.1218,14.6237],[78.1125,14.6254],[78.1131,14.6282],[78.0881,14.6304],[78.0863,14.6194],[78.0817,14.6121],[78.0742,14.5881],[78.067,14.5797],[78.0646,14.5724],[78.059,14.5728],[78.0393,14.5661],[78.0387,14.5556],[78.0443,14.5467],[78.0435,14.5414],[78.0406,14.5337],[78.0345,14.5331],[78.0332,14.5306],[78.0254,14.5343],[78.0221,14.5331],[78.0143,14.5378],[78.012,14.5363],[77.9871,14.5406],[77.9829,14.5456],[77.9852,14.5523],[77.9829,14.5669],[77.976,14.5682],[77.9695,14.575],[77.9659,14.5884],[77.9619,14.5818],[77.9537,14.5795],[77.9441,14.5703],[77.9526,14.5621],[77.9612,14.56],[77.977,14.5378],[77.9726,14.5351],[77.9725,14.5321],[77.9774,14.5243],[77.9881,14.5145],[77.9949,14.502],[77.9981,14.5005],[78.0006,14.4886],[78.0636,14.4345],[78.0851,14.4214],[78.0859,14.415],[78.1067,14.3929],[78.137,14.3786],[78.1709,14.3544],[78.1886,14.3498],[78.1912,14.3436],[78.2071,14.3328],[78.218,14.3285],[78.2199,14.3224],[78.2295,14.3172],[78.2289,14.3154],[78.2473,14.3073],[78.2512,14.3082],[78.2533,14.3046],[78.2773,14.3047],[78.2811,14.3013],[78.2826,14.2937],[78.285,14.2918],[78.2945,14.2933],[78.299,14.2903],[78.3075,14.2903],[78.3206,14.2935],[78.3387,14.2883],[78.3452,14.2916],[78.3571,14.2927],[78.3642,14.2869],[78.3683,14.2877],[78.3957,14.2768],[78.4159,14.2778],[78.4205,14.283],[78.4239,14.2734],[78.4085,14.2269],[78.4099,14.2236],[78.4059,14.201],[78.4144,14.1961],[78.4211,14.196],[78.4232,14.1984],[78.4293,14.1964],[78.4312,14.1923],[78.4303,14.1828],[78.4237,14.1782],[78.4199,14.168],[78.4217,14.1485],[78.4246,14.1477],[78.425,14.1407],[78.4283,14.1389],[78.4382,14.1368],[78.4388,14.1341],[78.4435,14.1377],[78.449,14.1308],[78.454,14.1153],[78.4613,14.1064],[78.4585,14.0907],[78.4544,14.0843],[78.4513,14.0827],[78.4491,14.0845],[78.448,14.0822],[78.4444,14.0842],[78.4425,14.0805],[78.4472,14.0706],[78.446,14.0566],[78.4488,14.0521],[78.4398,14.043],[78.4404,14.0185],[78.4429,14.0152],[78.4584,14.0081],[78.4693,14.0071],[78.4659,13.9943],[78.4757,13.9837],[78.4693,13.974],[78.4703,13.9687],[78.4685,13.9681],[78.4706,13.9647],[78.4683,13.9587],[78.4932,13.9379],[78.5013,13.9465],[78.5039,13.9593],[78.5187,13.9665],[78.5208,13.9731],[78.5273,13.9786],[78.5311,13.9789],[78.532,13.9815],[78.5395,13.9814],[78.5445,13.9908],[78.564,13.99],[78.5705,13.9842],[78.5848,13.9851],[78.5801,13.9724],[78.5719,13.963],[78.5869,13.9583],[78.5992,13.9599],[78.5911,13.9392],[78.5872,13.9108],[78.6004,13.9137],[78.6149,13.9128],[78.6207,13.907],[78.6356,13.9079],[78.6381,13.9013],[78.6547,13.9097],[78.6564,13.9031],[78.654,13.8977],[78.6439,13.892],[78.6434,13.8784],[78.6393,13.873],[78.6429,13.868],[78.6525,13.8669],[78.6837,13.8723],[78.6981,13.8715],[78.7086,13.8774],[78.7061,13.8856],[78.7109,13.8882],[78.729,13.8856],[78.7294,13.8824],[78.7394,13.8751],[78.7403,13.8701],[78.7459,13.8714],[78.7464,13.8652],[78.7513,13.8578],[78.751,13.8479],[78.7554,13.8448],[78.759,13.8346],[78.7714,13.8275],[78.7838,13.8297],[78.7838,13.8355],[78.7857,13.8361],[78.7833,13.8426],[78.7885,13.8537],[78.7803,13.8642],[78.7975,13.8775],[78.7982,13.8808],[78.8214,13.8821],[78.8392,13.8873],[78.8593,13.8866],[78.8696,13.8981],[78.8844,13.8997],[78.8965,13.8984],[78.9015,13.8954],[78.9096,13.8957],[78.9091,13.8925],[78.9173,13.889],[78.9162,13.8937],[78.9183,13.897],[78.9357,13.8972],[78.9372,13.8886],[78.9416,13.8848],[78.9561,13.8852],[78.9837,13.892],[78.9894,13.9119],[78.998,13.9103],[79.0241,13.8964],[79.0236,13.8915],[79.0818,13.8793],[79.0907,13.8807],[79.0996,13.8504],[79.1268,13.8501],[79.1487,13.8653],[79.1502,13.8587],[79.1568,13.8531],[79.1633,13.8491],[79.1716,13.8479],[79.1774,13.838],[79.216,13.8135],[79.2105,13.8069],[79.2039,13.808],[79.1951,13.8031],[79.1909,13.7934],[79.1966,13.7902],[79.2036,13.78],[79.216,13.7748],[79.2249,13.7577],[79.2422,13.7518],[79.2416,13.7606],[79.2931,13.7598],[79.3058,13.7242],[79.3594,13.7481],[79.3725,13.7564],[79.4179,13.765],[79.4218,13.7723],[79.4204,13.7774],[79.4168,13.779],[79.4183,13.7842],[79.4463,13.7829],[79.4553,13.7854],[79.4689,13.7978],[79.4568,13.8017],[79.4544,13.8263],[79.4378,13.856],[79.4337,13.8727],[79.434,13.8771],[79.4445,13.8951],[79.4419,13.9051],[79.4552,13.9234],[79.4546,13.9303],[79.4571,13.9321],[79.4568,13.9436],[79.4589,13.9464],[79.4564,13.9521],[79.4523,13.9538],[79.4499,13.9713],[79.455,13.9876],[79.4522,13.993],[79.4428,13.9979],[79.4368,14.0238],[79.4435,14.0401],[79.4426,14.0608],[79.45,14.0698],[79.4518,14.0756],[79.4501,14.0887],[79.4542,14.1008],[79.4447,14.1164],[79.4283,14.1807],[79.4288,14.1933],[79.4224,14.2061],[79.4255,14.213],[79.4248,14.2213],[79.4354,14.2431],[79.4277,14.2503],[79.4197,14.265],[79.4195,14.2769],[79.4224,14.2784],[79.3895,14.3407],[79.366,14.3514],[79.3647,14.3575],[79.3675,14.3681],[79.3643,14.3784],[79.359,14.3813],[79.356,14.3902],[79.3498,14.3985],[79.3487,14.4051],[79.3431,14.4081],[79.33,14.4258],[79.3247,14.4558],[79.3267,14.4573],[79.3168,14.4761],[79.3114,14.4779],[79.3052,14.4839],[79.2929,14.4848],[79.2927,14.4946],[79.2879,14.4999],[79.2782,14.5326],[79.2676,14.5508],[79.2586,14.5557],[79.2486,14.5705],[79.2418,14.593],[79.2295,14.6024],[79.2197,14.588],[79.2128,14.5939],[79.2098,14.6025],[79.2026,14.6045],[79.2005,14.6136],[79.1889,14.6162],[79.1816,14.6436],[79.1816,14.6488],[79.1873,14.6589],[79.1843,14.6595],[79.1836,14.6628],[79.1791,14.6636],[79.1823,14.6682],[79.1789,14.6735],[79.1789,14.6789],[79.174,14.6823],[79.1839,14.6886],[79.1863,14.7106],[79.1783,14.7306],[79.1717,14.7378],[79.1664,14.7624],[79.1614,14.7698],[79.1605,14.7804],[79.1506,14.7933],[79.1444,14.8182],[79.142,14.8421],[79.1338,14.8669],[79.1083,14.8949],[79.1119,14.8985],[79.1042,14.8983],[79.1022,14.9031],[79.0928,14.9327],[79.0817,14.9807],[79.0872,15.0026],[79.0841,15.0149],[79.0872,15.0464],[79.0892,15.0482],[79.0874,15.0631],[79.0757,15.1041],[79.072,15.1453],[79.0734,15.1651],[79.0832,15.1735],[79.0168,15.1795],[79.0115,15.1755],[79.0124,15.1711],[79.0101,15.1676],[79.0025,15.169],[78.9997,15.1657],[78.9916,15.1687],[78.9814,15.1646],[78.9722,15.1683],[78.9673,15.1734],[78.9574,15.176],[78.9548,15.1919],[78.9476,15.2034],[78.9496,15.2097],[78.9478,15.2284],[78.9372,15.2293]],[[78.6583,13.9082],[78.6584,13.9083],[78.6583,13.9081],[78.6581,13.9079],[78.6575,13.9074],[78.6574,13.9072],[78.6571,13.9069],[78.6569,13.9067],[78.6567,13.9065],[78.6565,13.9063],[78.6564,13.9062],[78.6563,13.9061],[78.6563,13.9061],[78.6563,13.9061],[78.6562,13.9062],[78.6562,13.9062],[78.6562,13.9062],[78.6562,13.9063],[78.6562,13.9064],[78.6564,13.9068],[78.6565,13.9072],[78.6568,13.9077],[78.6568,13.9077],[78.6568,13.9079],[78.6568,13.9079],[78.6568,13.908],[78.6568,13.908],[78.6572,13.9081],[78.6578,13.9082],[78.6583,13.9082]]]},"properties":{"dtname":"Y.S.R.","stname":"ANDHRA PRADESH","stcode11":"37","dtcode11":"551","year_stat":"2011_c","Shape_Length":830183.7910021916,"Shape_Area":16460401958.76669,"OBJECTID":175,"test":1,"Dist_LGD":504,"State_LGD":28}},{"type":"Feature","id":177,"geometry":{"type":"MultiPolygon","coordinates":[[[[78.6563,13.9061],[78.6564,13.9062],[78.6565,13.9063],[78.6567,13.9065],[78.6569,13.9067],[78.6571,13.9069],[78.6574,13.9072],[78.6575,13.9074],[78.6581,13.9079],[78.6583,13.9081],[78.6584,13.9083],[78.6583,13.9082],[78.6578,13.9082],[78.6572,13.9081],[78.6568,13.908],[78.6568,13.908],[78.6568,13.9079],[78.6568,13.9079],[78.6568,13.9077],[78.6568,13.9077],[78.6565,13.9072],[78.6564,13.9068],[78.6562,13.9064],[78.6562,13.9063],[78.6562,13.9062],[78.6562,13.9062],[78.6562,13.9062],[78.6563,13.9061],[78.6563,13.9061],[78.6563,13.9061]]],[[[78.4655,13.994],[78.4604,13.9874],[78.4533,13.9842],[78.4457,13.9819],[78.4425,13.9836],[78.4346,13.9791],[78.4271,13.9792],[78.4205,13.9633],[78.4131,13.9614],[78.3995,13.9527],[78.3875,13.939],[78.3789,13.9404],[78.3724,13.9445],[78.3756,13.9523],[78.3704,13.9568],[78.3521,13.9385],[78.3484,13.9399],[78.3468,13.9348],[78.3373,13.9367],[78.3365,13.9268],[78.3314,13.918],[78.3256,13.9218],[78.3182,13.9208],[78.3064,13.9084],[78.2993,13.9063],[78.297,13.8959],[78.2984,13.8938],[78.2895,13.892],[78.2798,13.8976],[78.2728,13.895],[78.2783,13.8895],[78.2743,13.8863],[78.2748,13.8811],[78.2679,13.8729],[78.2688,13.8676],[78.2632,13.8643],[78.265,13.8577],[78.259,13.8582],[78.2577,13.8539],[78.2422,13.8505],[78.2409,13.8452],[78.2566,13.8345],[78.2557,13.8272],[78.2589,13.8238],[78.256,13.8238],[78.2549,13.8207],[78.2548,13.8065],[78.263,13.7984],[78.2615,13.7914],[78.2512,13.7917],[78.2488,13.7858],[78.237,13.7788],[78.2175,13.782],[78.2089,13.781],[78.2026,13.7856],[78.1959,13.7849],[78.1894,13.7883],[78.1832,13.7884],[78.1823,13.785],[78.1649,13.7837],[78.1512,13.7856],[78.1471,13.7814],[78.1379,13.7819],[78.1265,13.788],[78.1138,13.7635],[78.0999,13.7585],[78.0915,13.7423],[78.1043,13.7366],[78.1208,13.7157],[78.1147,13.7035],[78.1132,13.6928],[78.0924,13.6912],[78.0709,13.6985],[78.0691,13.6978],[78.0696,13.6908],[78.0736,13.6878],[78.0657,13.6762],[78.077,13.6734],[78.0785,13.6673],[78.0897,13.6591],[78.0869,13.6512],[78.0871,13.6431],[78.0989,13.6428],[78.1022,13.6511],[78.1143,13.6574],[78.1236,13.6558],[78.1311,13.6594],[78.1471,13.6567],[78.1561,13.6587],[78.1691,13.654],[78.1671,13.6428],[78.1682,13.6329],[78.2042,13.6285],[78.2023,13.6195],[78.2033,13.6066],[78.1902,13.5902],[78.1896,13.5753],[78.193,13.5649],[78.2029,13.5688],[78.2141,13.5833],[78.2163,13.5913],[78.2196,13.5933],[78.2256,13.5884],[78.2327,13.5869],[78.236,13.5993],[78.2437,13.5976],[78.25,13.5905],[78.2593,13.585],[78.2595,13.5825],[78.2719,13.5882],[78.3149,13.5915],[78.3262,13.5949],[78.3466,13.5905],[78.3506,13.5869],[78.3852,13.5922],[78.4015,13.5879],[78.4018,13.5786],[78.4067,13.5769],[78.3938,13.5523],[78.394,13.5408],[78.3824,13.5251],[78.3841,13.5172],[78.3744,13.5091],[78.378,13.5033],[78.3788,13.4821],[78.3708,13.4696],[78.3745,13.462],[78.3728,13.4522],[78.379,13.4401],[78.3756,13.4374],[78.3774,13.4241],[78.3807,13.4189],[78.3792,13.4149],[78.3817,13.397],[78.3788,13.3837],[78.369,13.3732],[78.3651,13.3618],[78.3658,13.3587],[78.3697,13.3583],[78.3708,13.3616],[78.3761,13.3612],[78.3776,13.3632],[78.3948,13.3544],[78.3932,13.3508],[78.4084,13.3457],[78.4087,13.3429],[78.4073,13.3376],[78.393,13.3338],[78.3849,13.3349],[78.3884,13.3391],[78.3877,13.3428],[78.383,13.3436],[78.3771,13.332],[78.3871,13.3318],[78.3992,13.3207],[78.4011,13.3155],[78.4189,13.3206],[78.4217,13.3283],[78.4279,13.3313],[78.4404,13.3285],[78.44,13.3219],[78.4442,13.3082],[78.4666,13.3152],[78.4701,13.3199],[78.4769,13.3227],[78.4834,13.3212],[78.4836,13.3131],[78.4793,13.3013],[78.4988,13.2996],[78.5048,13.2914],[78.514,13.2906],[78.5133,13.2853],[78.5199,13.2828],[78.5219,13.273],[78.5265,13.2717],[78.5266,13.2685],[78.5322,13.267],[78.5364,13.2725],[78.5393,13.2879],[78.5453,13.2879],[78.5541,13.2832],[78.5616,13.2886],[78.565,13.2955],[78.5632,13.3094],[78.5655,13.312],[78.5695,13.3093],[78.5775,13.2953],[78.5763,13.285],[78.5786,13.2804],[78.5873,13.2807],[78.5853,13.2622],[78.579,13.2537],[78.5701,13.2471],[78.5719,13.2426],[78.5687,13.2374],[78.5664,13.2209],[78.5785,13.2181],[78.5787,13.213],[78.5711,13.2121],[78.5678,13.2016],[78.5605,13.1988],[78.55,13.2002],[78.5497,13.1897],[78.5558,13.1887],[78.5673,13.1933],[78.576,13.1867],[78.5765,13.1746],[78.5797,13.1674],[78.5734,13.1689],[78.5687,13.1657],[78.5682,13.1618],[78.5501,13.1642],[78.5414,13.1558],[78.5408,13.1535],[78.5483,13.1486],[78.5446,13.142],[78.5312,13.1414],[78.5266,13.139],[78.5233,13.1305],[78.517,13.1316],[78.5185,13.1199],[78.523,13.1185],[78.5226,13.115],[78.5268,13.1123],[78.5374,13.1087],[78.5385,13.1058],[78.5324,13.1057],[78.5245,13.1012],[78.5234,13.0947],[78.516,13.0966],[78.5094,13.0915],[78.5086,13.0791],[78.5151,13.07],[78.5142,13.0619],[78.498,13.0612],[78.4873,13.0524],[78.4785,13.0546],[78.4731,13.043],[78.4648,13.0447],[78.4622,13.0433],[78.4614,13.0257],[78.4648,13.0205],[78.4636,13.0054],[78.4682,13.0047],[78.4677,12.9986],[78.4748,12.9915],[78.4686,12.9828],[78.4674,12.9751],[78.4353,12.9811],[78.4325,12.978],[78.4347,12.9715],[78.4327,12.9678],[78.4379,12.964],[78.4291,12.9575],[78.4192,12.9587],[78.4215,12.9547],[78.4204,12.9478],[78.4137,12.9484],[78.4111,12.9453],[78.4131,12.9335],[78.4152,12.9334],[78.4179,12.9279],[78.4188,12.9218],[78.4228,12.9234],[78.4282,12.9321],[78.438,12.9291],[78.4445,12.9197],[78.4523,12.9177],[78.4592,12.9088],[78.4667,12.9055],[78.4694,12.8897],[78.4647,12.8668],[78.462,12.8711],[78.4641,12.8778],[78.4559,12.8875],[78.4472,12.8923],[78.4492,12.8983],[78.4439,12.9031],[78.4465,12.9082],[78.4456,12.9118],[78.4388,12.9137],[78.4349,12.9119],[78.4337,12.9046],[78.4304,12.9048],[78.4286,12.9021],[78.4122,12.9033],[78.4089,12.9093],[78.3986,12.9174],[78.3964,12.9074],[78.3887,12.9069],[78.3856,12.9115],[78.3782,12.9139],[78.3559,12.9408],[78.3497,12.9358],[78.3538,12.9303],[78.349,12.929],[78.3466,12.9141],[78.3419,12.9119],[78.344,12.9085],[78.3397,12.9032],[78.331,12.9019],[78.3263,12.9045],[78.3235,12.9018],[78.324,12.893],[78.3203,12.8873],[78.3292,12.8846],[78.3318,12.8889],[78.3345,12.8893],[78.338,12.8863],[78.3371,12.8824],[78.3322,12.8808],[78.331,12.8756],[78.3136,12.8765],[78.3156,12.8676],[78.3124,12.8586],[78.2821,12.8594],[78.2684,12.8677],[78.2652,12.8621],[78.2522,12.8606],[78.2523,12.829],[78.2456,12.7883],[78.239,12.7684],[78.2309,12.7607],[78.2361,12.7381],[78.241,12.73],[78.2311,12.7126],[78.2271,12.7149],[78.218,12.7089],[78.2134,12.711],[78.2121,12.7077],[78.2072,12.7082],[78.2054,12.7058],[78.2099,12.7006],[78.2042,12.6959],[78.1993,12.6955],[78.1997,12.6929],[78.2098,12.6905],[78.2123,12.6885],[78.2106,12.6861],[78.2377,12.6858],[78.2393,12.7011],[78.2445,12.7064],[78.2721,12.7047],[78.2864,12.6891],[78.301,12.6659],[78.306,12.6663],[78.3183,12.662],[78.331,12.6531],[78.3322,12.6493],[78.3436,12.6488],[78.3556,12.6365],[78.3628,12.6344],[78.3737,12.6264],[78.4126,12.6269],[78.427,12.6353],[78.4348,12.6296],[78.4584,12.6297],[78.4649,12.6241],[78.4717,12.6321],[78.4705,12.6446],[78.4747,12.6477],[78.4705,12.6506],[78.4679,12.6759],[78.4845,12.6717],[78.4998,12.6762],[78.5001,12.68],[78.5038,12.682],[78.5033,12.69],[78.5074,12.6915],[78.5029,12.692],[78.504,12.6987],[78.4994,12.6993],[78.4965,12.7033],[78.5019,12.7045],[78.503,12.7168],[78.5118,12.7077],[78.52,12.7121],[78.5175,12.7147],[78.5202,12.7187],[78.5165,12.7187],[78.5092,12.7243],[78.5059,12.7226],[78.5016,12.7312],[78.4969,12.7314],[78.4927,12.7357],[78.4891,12.742],[78.4931,12.7472],[78.5052,12.743],[78.5071,12.7372],[78.5138,12.7345],[78.5116,12.7269],[78.5139,12.7253],[78.5181,12.7249],[78.5191,12.7363],[78.5209,12.7362],[78.5227,12.7193],[78.527,12.7215],[78.525,12.7155],[78.5332,12.714],[78.5375,12.717],[78.5369,12.7134],[78.5443,12.711],[78.5399,12.7083],[78.5377,12.7105],[78.535,12.7074],[78.5327,12.7116],[78.5296,12.7103],[78.5313,12.6971],[78.5349,12.6912],[78.5409,12.6907],[78.5558,12.7002],[78.5549,12.7076],[78.5616,12.7101],[78.5544,12.7193],[78.5605,12.7272],[78.5638,12.7377],[78.5553,12.7393],[78.5561,12.7428],[78.5601,12.7438],[78.5597,12.7492],[78.5632,12.7514],[78.5583,12.75],[78.5582,12.7538],[78.5556,12.7558],[78.5615,12.7615],[78.5656,12.7594],[78.5684,12.767],[78.5765,12.7674],[78.576,12.772],[78.5925,12.7827],[78.593,12.7983],[78.6011,12.8037],[78.6004,12.8185],[78.6077,12.8219],[78.6015,12.8509],[78.6131,12.868],[78.6167,12.8886],[78.6228,12.9043],[78.6268,12.9074],[78.6334,12.9318],[78.6522,12.9291],[78.657,12.9321],[78.6461,12.9459],[78.638,12.9648],[78.6471,12.9663],[78.6209,12.9913],[78.63,12.9945],[78.6346,13.0008],[78.6451,13.0063],[78.6555,13.0153],[78.6562,13.0312],[78.7052,13.0153],[78.7145,13.0687],[78.7403,13.064],[78.7518,13.055],[78.7943,13.0666],[78.7976,13.0749],[78.8131,13.0892],[78.842,13.0787],[78.8611,13.0837],[78.8709,13.0819],[78.8698,13.0896],[78.8751,13.0969],[78.8916,13.0971],[78.8957,13.0952],[78.8922,13.0898],[78.8889,13.0734],[78.8913,13.0689],[78.8916,13.0331],[78.9156,13.0336],[78.9291,13.0365],[78.9357,13.0348],[78.9371,13.0305],[78.9408,13.0364],[78.9337,13.0393],[78.9291,13.0458],[78.9217,13.047],[78.9175,13.0437],[78.9061,13.0452],[78.9036,13.0477],[78.9126,13.066],[78.9217,13.0661],[78.9239,13.0808],[78.9415,13.0786],[78.9492,13.084],[78.9495,13.0802],[78.9554,13.0759],[78.9607,13.0762],[78.9621,13.0788],[78.9688,13.0779],[78.9703,13.0748],[78.9723,13.0838],[78.995,13.0866],[79.0039,13.0846],[79.0095,13.0773],[79.0153,13.077],[79.0244,13.0719],[79.0369,13.0706],[79.0362,13.0655],[79.0387,13.0612],[79.0634,13.0531],[79.0628,13.0407],[79.0809,13.0258],[79.0868,13.028],[79.0983,13.0261],[79.1074,13.0383],[79.1145,13.0393],[79.1373,13.0348],[79.1483,13.0247],[79.1631,13.0203],[79.1822,13.0319],[79.1848,13.0299],[79.1885,13.042],[79.193,13.0467],[79.1804,13.0489],[79.1796,13.0545],[79.1921,13.0562],[79.1913,13.0586],[79.1847,13.0568],[79.1783,13.0592],[79.18,13.0643],[79.1873,13.0607],[79.1881,13.0657],[79.1921,13.0675],[79.1908,13.0734],[79.184,13.0728],[79.1853,13.0797],[79.1832,13.082],[79.1813,13.0799],[79.1806,13.0843],[79.1876,13.0835],[79.1907,13.0888],[79.1931,13.0823],[79.1983,13.0814],[79.2008,13.0889],[79.2127,13.0925],[79.2344,13.1053],[79.2342,13.1147],[79.2384,13.1186],[79.2303,13.1264],[79.2293,13.1316],[79.2328,13.1394],[79.2283,13.14],[79.2219,13.1463],[79.21,13.1485],[79.2147,13.157],[79.2273,13.1556],[79.2256,13.1589],[79.2349,13.1709],[79.2427,13.171],[79.2411,13.1596],[79.2442,13.1528],[79.2421,13.1497],[79.2434,13.1512],[79.2449,13.1489],[79.2402,13.1444],[79.2452,13.1383],[79.2539,13.1458],[79.2522,13.1578],[79.2532,13.1603],[79.2574,13.1608],[79.2603,13.1596],[79.2621,13.1491],[79.2674,13.1497],[79.2697,13.1538],[79.2745,13.1557],[79.2773,13.1562],[79.2803,13.1529],[79.284,13.1228],[79.3124,13.1262],[79.2992,13.1187],[79.2987,13.1157],[79.3015,13.1137],[79.2958,13.1124],[79.2943,13.1096],[79.3072,13.1056],[79.3099,13.112],[79.3189,13.1135],[79.3119,13.1166],[79.3242,13.1186],[79.3186,13.1235],[79.3267,13.1261],[79.329,13.1306],[79.3396,13.1305],[79.3411,13.1369],[79.3446,13.1368],[79.3452,13.1214],[79.3536,13.1206],[79.3605,13.1236],[79.3655,13.134],[79.3634,13.139],[79.3611,13.1385],[79.3561,13.1646],[79.3634,13.166],[79.3701,13.1628],[79.38,13.163],[79.3792,13.1715],[79.3695,13.1729],[79.3727,13.1789],[79.3823,13.1796],[79.3877,13.1776],[79.3856,13.1831],[79.3781,13.1847],[79.3728,13.1878],[79.374,13.1893],[79.3874,13.1891],[79.3921,13.1925],[79.3958,13.1919],[79.3962,13.1887],[79.399,13.1878],[79.4008,13.1917],[79.4092,13.1941],[79.4101,13.1905],[79.4384,13.1882],[79.4373,13.1911],[79.4331,13.1925],[79.4324,13.197],[79.4356,13.1972],[79.4395,13.2059],[79.4438,13.2078],[79.4362,13.2128],[79.4373,13.2196],[79.4485,13.2157],[79.4538,13.217],[79.4531,13.2384],[79.4415,13.238],[79.4388,13.2344],[79.44,13.2306],[79.431,13.2297],[79.4298,13.2312],[79.4398,13.2359],[79.4315,13.2361],[79.4313,13.2383],[79.4381,13.2401],[79.4376,13.2429],[79.4185,13.243],[79.4196,13.2457],[79.417,13.2459],[79.4226,13.2513],[79.4168,13.2517],[79.4161,13.2604],[79.4084,13.2653],[79.4139,13.2664],[79.4176,13.2718],[79.4337,13.275],[79.4347,13.2891],[79.4357,13.2913],[79.4463,13.2916],[79.4454,13.3013],[79.4305,13.3003],[79.42,13.2896],[79.4196,13.2953],[79.4157,13.2996],[79.4053,13.2976],[79.3941,13.3],[79.3898,13.2975],[79.3886,13.3098],[79.3819,13.3075],[79.3878,13.3181],[79.3957,13.3157],[79.402,13.3174],[79.4019,13.3215],[79.3987,13.3217],[79.3983,13.3302],[79.4024,13.3303],[79.4053,13.3351],[79.4125,13.333],[79.4129,13.33],[79.4147,13.3301],[79.421,13.3363],[79.4316,13.3367],[79.4354,13.3517],[79.4476,13.3463],[79.4562,13.3386],[79.464,13.3418],[79.4654,13.3388],[79.4745,13.3411],[79.4805,13.34],[79.4952,13.3452],[79.5103,13.3346],[79.5111,13.342],[79.5218,13.3418],[79.5259,13.3444],[79.5373,13.3387],[79.5418,13.3273],[79.5393,13.3219],[79.5441,13.3168],[79.5421,13.3103],[79.5348,13.3014],[79.535,13.298],[79.5382,13.2959],[79.5371,13.2945],[79.5412,13.2925],[79.5351,13.2851],[79.5346,13.2754],[79.54,13.2724],[79.5584,13.2727],[79.5735,13.2594],[79.5792,13.2578],[79.5913,13.2615],[79.596,13.2849],[79.6087,13.2875],[79.6061,13.2796],[79.6141,13.2827],[79.6276,13.2702],[79.6316,13.2697],[79.634,13.2716],[79.6315,13.2772],[79.6343,13.2775],[79.6332,13.2824],[79.638,13.2843],[79.6384,13.2875],[79.6412,13.2756],[79.6425,13.2902],[79.6518,13.2919],[79.6545,13.2857],[79.6578,13.2839],[79.6638,13.2898],[79.6666,13.286],[79.6654,13.2787],[79.6742,13.2818],[79.6781,13.2974],[79.6824,13.2959],[79.6812,13.288],[79.6939,13.2798],[79.6936,13.2735],[79.6888,13.2709],[79.6908,13.2677],[79.6942,13.2705],[79.6957,13.2673],[79.6911,13.261],[79.6891,13.261],[79.6877,13.2667],[79.6783,13.2617],[79.6842,13.2445],[79.6891,13.2399],[79.6959,13.2386],[79.693,13.2433],[79.6963,13.2433],[79.6982,13.251],[79.7009,13.2531],[79.7091,13.2511],[79.7089,13.2481],[79.7125,13.2447],[79.7112,13.2425],[79.714,13.2358],[79.7061,13.2342],[79.7027,13.2224],[79.7184,13.2165],[79.7216,13.2235],[79.7314,13.2225],[79.7302,13.2326],[79.7328,13.2333],[79.7326,13.2369],[79.7373,13.2366],[79.739,13.2295],[79.7427,13.2283],[79.7424,13.2253],[79.751,13.2165],[79.75,13.208],[79.7598,13.2075],[79.7609,13.2153],[79.7642,13.2191],[79.7739,13.2192],[79.7729,13.2155],[79.7754,13.2153],[79.7779,13.2236],[79.7814,13.2236],[79.7847,13.2279],[79.7931,13.2293],[79.7945,13.2263],[79.7948,13.2403],[79.7816,13.2516],[79.7612,13.2575],[79.748,13.271],[79.7417,13.271],[79.735,13.276],[79.7306,13.2829],[79.734,13.289],[79.7392,13.2914],[79.7442,13.2886],[79.7567,13.2953],[79.7612,13.3071],[79.7602,13.3182],[79.7681,13.3139],[79.7752,13.306],[79.7802,13.3062],[79.7856,13.2967],[79.7917,13.2935],[79.8016,13.3005],[79.8047,13.3075],[79.8036,13.311],[79.8089,13.3173],[79.8292,13.3175],[79.8361,13.3142],[79.8532,13.316],[79.8535,13.3207],[79.8628,13.3169],[79.868,13.3311],[79.8776,13.3243],[79.8829,13.3233],[79.8835,13.3329],[79.9038,13.3405],[79.9103,13.3473],[79.9148,13.3482],[79.9133,13.3523],[79.9159,13.3599],[79.9253,13.3584],[79.9331,13.3519],[79.9429,13.3613],[79.9422,13.3636],[79.9456,13.3638],[79.9454,13.3682],[79.9494,13.3755],[79.945,13.3818],[79.9482,13.3833],[79.9539,13.3771],[79.958,13.3792],[79.9627,13.3914],[79.9614,13.3956],[79.9443,13.3969],[79.9412,13.4006],[79.9457,13.4078],[79.9413,13.4102],[79.9422,13.4128],[79.9384,13.4128],[79.9345,13.4165],[79.9418,13.4167],[79.9396,13.4251],[79.9494,13.4238],[79.9525,13.4259],[79.9557,13.4252],[79.9566,13.4222],[79.9733,13.4297],[79.9728,13.4397],[79.9711,13.4403],[79.9724,13.4691],[79.9824,13.4705],[79.984,13.4796],[80.0078,13.4783],[80.0159,13.498],[80.03,13.4982],[80.0466,13.4937],[80.048,13.5126],[80.0355,13.5183],[80.0272,13.5137],[80.0195,13.5193],[80.0176,13.5296],[80.008,13.5258],[80.0005,13.5257],[79.9986,13.5343],[79.9997,13.5423],[80.0169,13.5472],[80.0239,13.5461],[80.0284,13.5388],[80.0381,13.539],[80.0394,13.5556],[80.0512,13.5583],[80.0467,13.5733],[80.0406,13.5732],[80.0397,13.5764],[80.0221,13.5761],[80.0236,13.5926],[80.017,13.5946],[80.019,13.5973],[80.0169,13.6036],[80.0152,13.6059],[80.0115,13.6053],[80.011,13.6096],[80.0044,13.6173],[80.0038,13.6326],[80.0001,13.6433],[79.9929,13.6479],[79.9853,13.6469],[79.9792,13.6429],[79.9754,13.6436],[79.9649,13.6504],[79.9632,13.6601],[79.9574,13.6666],[79.9723,13.684],[79.9697,13.6928],[79.9584,13.6991],[79.957,13.7077],[79.8855,13.7004],[79.8814,13.705],[79.87,13.7065],[79.8633,13.7194],[79.8673,13.735],[79.8582,13.7396],[79.8612,13.7455],[79.8609,13.7563],[79.8506,13.7602],[79.851,13.7691],[79.8202,13.7717],[79.8194,13.7856],[79.8141,13.7885],[79.8119,13.7889],[79.8119,13.7818],[79.7918,13.786],[79.7834,13.783],[79.7798,13.7998],[79.7765,13.803],[79.7732,13.7991],[79.7705,13.8007],[79.7669,13.7979],[79.7599,13.7978],[79.7448,13.8034],[79.7499,13.8101],[79.7441,13.8123],[79.7417,13.8171],[79.731,13.8185],[79.7329,13.8235],[79.7297,13.8309],[79.731,13.8383],[79.7389,13.8577],[79.727,13.8628],[79.728,13.8819],[79.7313,13.8901],[79.7288,13.9048],[79.6969,13.9123],[79.682,13.9259],[79.6788,13.9243],[79.6694,13.8847],[79.6735,13.8791],[79.6746,13.8711],[79.6695,13.8581],[79.6689,13.836],[79.6366,13.8448],[79.6283,13.8441],[79.6072,13.8535],[79.6097,13.8592],[79.6193,13.8632],[79.6244,13.872],[79.624,13.8807],[79.62,13.8856],[79.595,13.889],[79.5939,13.9043],[79.5964,13.9117],[79.5929,13.923],[79.5828,13.9189],[79.5749,13.9202],[79.5525,13.9146],[79.5342,13.9155],[79.5004,13.911],[79.478,13.9131],[79.474,13.8997],[79.4487,13.8952],[79.4416,13.8894],[79.434,13.8771],[79.4345,13.8653],[79.4376,13.8563],[79.4546,13.8258],[79.4568,13.8017],[79.4687,13.799],[79.4675,13.7952],[79.4553,13.7854],[79.4456,13.7827],[79.4193,13.7847],[79.4168,13.779],[79.4204,13.7774],[79.4218,13.7721],[79.4183,13.7652],[79.3725,13.7564],[79.3594,13.7481],[79.3058,13.7242],[79.2931,13.7598],[79.2416,13.7606],[79.2422,13.7518],[79.2249,13.7577],[79.216,13.7748],[79.2036,13.78],[79.1966,13.7902],[79.1909,13.7934],[79.1951,13.8031],[79.2039,13.808],[79.2105,13.8069],[79.216,13.8135],[79.1774,13.838],[79.1716,13.8479],[79.1633,13.8491],[79.1568,13.8531],[79.1502,13.8587],[79.1487,13.8653],[79.1268,13.8501],[79.0996,13.8504],[79.0907,13.8807],[79.0818,13.8793],[79.0236,13.8915],[79.0237,13.8966],[79.0028,13.9084],[78.9894,13.9119],[78.9837,13.892],[78.9561,13.8852],[78.9416,13.8848],[78.9372,13.8886],[78.9357,13.8972],[78.9183,13.897],[78.9162,13.8937],[78.9173,13.889],[78.9091,13.8925],[78.9096,13.8957],[78.9015,13.8954],[78.8965,13.8984],[78.8844,13.8997],[78.8696,13.8981],[78.8593,13.8866],[78.8392,13.8873],[78.8214,13.8821],[78.7982,13.8808],[78.7975,13.8775],[78.7803,13.8642],[78.7885,13.8537],[78.7833,13.8426],[78.7857,13.8361],[78.7838,13.8355],[78.7838,13.8297],[78.771,13.8276],[78.759,13.8346],[78.7554,13.8448],[78.751,13.8479],[78.7513,13.8578],[78.7464,13.8652],[78.7459,13.8714],[78.7403,13.8701],[78.7394,13.8751],[78.7294,13.8824],[78.729,13.8856],[78.7109,13.8882],[78.7061,13.8856],[78.7086,13.8774],[78.6981,13.8715],[78.6837,13.8723],[78.6525,13.8669],[78.6429,13.868],[78.6393,13.873],[78.6434,13.8784],[78.6439,13.892],[78.654,13.8977],[78.6564,13.9031],[78.6547,13.9097],[78.6381,13.9013],[78.6356,13.9079],[78.6207,13.907],[78.6149,13.9128],[78.6004,13.9137],[78.5872,13.9108],[78.5911,13.9392],[78.5992,13.9599],[78.5869,13.9583],[78.5719,13.963],[78.5801,13.9724],[78.5849,13.9851],[78.5705,13.9842],[78.564,13.99],[78.5445,13.9908],[78.5395,13.9814],[78.532,13.9815],[78.5311,13.9789],[78.5273,13.9786],[78.5208,13.9731],[78.5187,13.9665],[78.5039,13.9593],[78.5013,13.9465],[78.4933,13.9379],[78.4683,13.9587],[78.4706,13.9647],[78.4685,13.9681],[78.4703,13.9687],[78.4693,13.974],[78.4757,13.9837],[78.4655,13.994]]]]},"properties":{"dtname":"Chittoor","stname":"ANDHRA PRADESH","stcode11":"37","dtcode11":"554","year_stat":"2011_c","Shape_Length":1325441.691267081,"Shape_Area":15959598522.840866,"OBJECTID":177,"test":0,"Dist_LGD":503,"State_LGD":28}}]}