{"type":"FeatureCollection","crs":{"type":"name","properties":{"name":"EPSG:4326"}},"features":[{"type":"Feature","id":256,"geometry":{"type":"Polygon","coordinates":[[[84.1085,27.5213],[84.0977,27.5167],[84.099,27.5036],[84.0929,27.4904],[84.0889,27.4905],[84.0887,27.4878],[84.0838,27.4853],[84.0763,27.4854],[84.0701,27.4814],[84.067,27.482],[84.063,27.4699],[84.0596,27.4696],[84.0572,27.4677],[84.0589,27.4663],[84.0532,27.4625],[84.0575,27.4558],[84.0481,27.4497],[84.0465,27.4459],[84.0379,27.4441],[84.0253,27.4451],[84.0262,27.4411],[84.0217,27.4417],[84.0163,27.4372],[84.0072,27.4434],[84.0041,27.4411],[83.9993,27.4423],[83.9979,27.4463],[83.9857,27.4431],[83.9824,27.44],[83.9701,27.4466],[83.9621,27.4448],[83.959,27.4412],[83.9557,27.4429],[83.9496,27.4412],[83.9441,27.4481],[83.9342,27.4499],[83.9159,27.4402],[83.8698,27.4374],[83.8633,27.4399],[83.8563,27.4486],[83.8481,27.4488],[83.831,27.4272],[83.8395,27.4142],[83.852,27.4087],[83.857,27.3939],[83.875,27.384],[83.884,27.3708],[83.8819,27.3651],[83.8635,27.3441],[83.8623,27.3354],[83.8368,27.3223],[83.8456,27.3152],[83.8531,27.3172],[83.8602,27.3079],[83.8715,27.3073],[83.9014,27.3259],[83.9169,27.3266],[83.9258,27.3215],[83.9331,27.3111],[83.9344,27.2996],[83.931,27.2938],[83.9131,27.2776],[83.9051,27.2735],[83.9053,27.2574],[83.9121,27.2458],[83.9324,27.2394],[83.9538,27.2361],[83.9622,27.2301],[83.9626,27.2267],[83.9702,27.224],[83.9728,27.2182],[83.9676,27.2131],[83.9675,27.2095],[83.987,27.1976],[83.9942,27.1752],[83.9788,27.1649],[83.9754,27.1559],[83.9591,27.1369],[83.9628,27.1277],[83.9596,27.1221],[83.9522,27.1186],[83.9477,27.1125],[83.9465,27.0909],[83.9529,27.085],[83.9644,27.0842],[83.967,27.0872],[83.9784,27.0908],[83.9893,27.0909],[84.0006,27.1006],[84.0032,27.1019],[84.0088,27.0993],[84.0165,27.1055],[84.0221,27.1042],[84.024,27.1002],[84.0304,27.0977],[84.0304,27.0939],[84.025,27.0925],[84.0287,27.0861],[84.0205,27.0794],[84.0166,27.0718],[84.0039,27.0715],[84.0001,27.0686],[84.0056,27.0603],[84.018,27.0561],[84.0314,27.0457],[84.0391,27.0441],[84.0472,27.0458],[84.0495,27.0433],[84.0496,27.0351],[84.0442,27.0232],[84.0443,27.0168],[84.0374,27.0091],[84.0459,27.005],[84.0567,26.9897],[84.054,26.9852],[84.0479,26.9847],[84.0458,26.9823],[84.0538,26.9753],[84.0549,26.9601],[84.0528,26.9551],[84.046,26.9525],[84.042,26.9469],[84.0349,26.9453],[84.0322,26.9413],[84.035,26.9383],[84.0431,26.9406],[84.0466,26.9392],[84.0433,26.9319],[84.0534,26.9297],[84.06,26.9203],[84.0524,26.9064],[84.0583,26.9016],[84.0611,26.8946],[84.0605,26.8879],[84.067,26.8886],[84.0814,26.8774],[84.0842,26.8775],[84.0874,26.8818],[84.0944,26.8817],[84.0982,26.876],[84.1045,26.882],[84.1076,26.897],[84.1104,26.8987],[84.1159,26.895],[84.118,26.8877],[84.129,26.8932],[84.1313,26.8845],[84.1355,26.8834],[84.1416,26.8872],[84.1464,26.8855],[84.1478,26.8823],[84.1436,26.8796],[84.1471,26.8725],[84.1424,26.8716],[84.1404,26.8677],[84.1406,26.8527],[84.1492,26.8426],[84.1661,26.8338],[84.1818,26.8335],[84.1868,26.8417],[84.1833,26.8476],[84.1902,26.8585],[84.1931,26.8608],[84.1979,26.8596],[84.2062,26.8618],[84.2195,26.8717],[84.2341,26.8684],[84.244,26.863],[84.2546,26.856],[84.2618,26.8423],[84.2607,26.8293],[84.2538,26.8255],[84.2503,26.8193],[84.2569,26.8182],[84.2542,26.8125],[84.2602,26.8065],[84.257,26.7886],[84.2485,26.7709],[84.2326,26.7537],[84.2407,26.7388],[84.2491,26.7297],[84.2567,26.7271],[84.2663,26.7398],[84.2759,26.742],[84.286,26.7502],[84.3061,26.7496],[84.3145,26.7389],[84.326,26.7142],[84.3303,26.684],[84.3503,26.678],[84.3764,26.6775],[84.4054,26.673],[84.4106,26.6702],[84.4099,26.6469],[84.4132,26.638],[84.4143,26.6361],[84.4289,26.6364],[84.4258,26.6226],[84.4323,26.614],[84.4291,26.6103],[84.4255,26.6133],[84.4183,26.6036],[84.4087,26.5876],[84.4124,26.5836],[84.4144,26.5831],[84.42,26.5901],[84.4212,26.5965],[84.4415,26.6207],[84.4577,26.6331],[84.4555,26.6268],[84.457,26.6248],[84.4647,26.6257],[84.4742,26.6185],[84.4854,26.6179],[84.4875,26.606],[84.4982,26.601],[84.5069,26.602],[84.5138,26.5973],[84.5188,26.6025],[84.5217,26.6024],[84.524,26.5989],[84.5262,26.6057],[84.5203,26.6147],[84.5213,26.6286],[84.5277,26.6288],[84.5317,26.6363],[84.5311,26.6399],[84.5414,26.6476],[84.5442,26.6534],[84.5774,26.6708],[84.5858,26.6677],[84.5882,26.6739],[84.5977,26.6759],[84.6017,26.6848],[84.5993,26.6879],[84.5943,26.6878],[84.5966,26.6934],[84.6031,26.6938],[84.6094,26.6877],[84.6116,26.6895],[84.6101,26.693],[84.6364,26.6925],[84.64,26.6897],[84.6391,26.6839],[84.641,26.6807],[84.6526,26.6789],[84.659,26.6851],[84.6596,26.6899],[84.6628,26.6891],[84.6718,26.701],[84.6794,26.6986],[84.6889,26.706],[84.691,26.7138],[84.6943,26.7146],[84.6965,26.7206],[84.6975,26.7173],[84.7015,26.7153],[84.7039,26.7238],[84.702,26.7297],[84.7047,26.736],[84.7129,26.741],[84.728,26.7428],[84.7224,26.7449],[84.7235,26.7514],[84.726,26.7528],[84.718,26.7556],[84.7219,26.7659],[84.7175,26.7694],[84.7162,26.7789],[84.7296,26.8001],[84.7324,26.8],[84.733,26.7942],[84.7369,26.7968],[84.7434,26.8072],[84.7444,26.8159],[84.741,26.8212],[84.7265,26.8208],[84.7199,26.8258],[84.7257,26.8246],[84.7264,26.8331],[84.7352,26.8331],[84.7329,26.8375],[84.7347,26.8421],[84.7321,26.8446],[84.7285,26.8432],[84.7255,26.8486],[84.7197,26.8459],[84.7188,26.8407],[84.7156,26.8424],[84.7191,26.8478],[84.7108,26.8545],[84.7182,26.8568],[84.7046,26.8667],[84.7006,26.8752],[84.6899,26.8777],[84.687,26.8861],[84.688,26.892],[84.6837,26.891],[84.6846,26.8952],[84.6822,26.8906],[84.6808,26.8915],[84.6806,26.9057],[84.6843,26.9108],[84.6787,26.9137],[84.6869,26.9229],[84.6897,26.9204],[84.69,26.9146],[84.6871,26.9119],[84.6973,26.914],[84.6957,26.9189],[84.6999,26.9216],[84.6969,26.9271],[84.6998,26.936],[84.6965,26.9348],[84.7012,26.937],[84.6991,26.9403],[84.7124,26.9406],[84.7128,26.9464],[84.7249,26.9564],[84.7322,26.9537],[84.7412,26.9551],[84.741,26.9595],[84.7478,26.9637],[84.7505,26.9697],[84.7447,26.9737],[84.7467,26.9768],[84.7456,26.9838],[84.7481,26.9844],[84.7482,26.9875],[84.7519,26.9893],[84.7602,27.0023],[84.7297,27.0153],[84.7214,27.0144],[84.716,27.0201],[84.7137,27.0179],[84.7017,27.027],[84.6811,27.032],[84.6424,27.0478],[84.6446,27.049],[84.6433,27.0512],[84.6463,27.0517],[84.6457,27.0588],[84.6432,27.0602],[84.6449,27.0644],[84.6433,27.0654],[84.647,27.0713],[84.6461,27.0758],[84.6479,27.0747],[84.6529,27.0779],[84.6529,27.0805],[84.6583,27.0801],[84.6541,27.0827],[84.6641,27.0861],[84.6631,27.0894],[84.6656,27.0881],[84.6695,27.0909],[84.6634,27.0919],[84.6634,27.0937],[84.6673,27.0944],[84.6691,27.0977],[84.674,27.0959],[84.6753,27.1085],[84.6703,27.1077],[84.6697,27.1095],[84.6724,27.1146],[84.6765,27.1121],[84.6797,27.1139],[84.6752,27.1167],[84.6753,27.1238],[84.6785,27.1282],[84.677,27.1338],[84.6836,27.144],[84.6815,27.1466],[84.6842,27.1487],[84.6815,27.15],[84.6826,27.1561],[84.686,27.1553],[84.6877,27.1587],[84.6807,27.1583],[84.679,27.1614],[84.681,27.1645],[84.6779,27.1666],[84.6805,27.1695],[84.675,27.1683],[84.6729,27.171],[84.6812,27.174],[84.6818,27.1795],[84.6875,27.1798],[84.6804,27.1858],[84.6825,27.1969],[84.6808,27.2004],[84.6862,27.2068],[84.6872,27.2104],[84.685,27.2129],[84.6914,27.2149],[84.6877,27.2162],[84.6899,27.2216],[84.645,27.3036],[84.6202,27.3393],[84.6051,27.3359],[84.566,27.3473],[84.5159,27.353],[84.4853,27.36],[84.4702,27.3548],[84.4581,27.3632],[84.4222,27.3715],[84.3963,27.369],[84.3771,27.3755],[84.3704,27.3731],[84.3578,27.3748],[84.354,27.3716],[84.3247,27.3786],[84.3055,27.3883],[84.2941,27.3824],[84.288,27.3925],[84.2794,27.3947],[84.2818,27.4032],[84.2811,27.414],[84.2771,27.4195],[84.2766,27.4261],[84.2622,27.436],[84.2611,27.439],[84.2633,27.4437],[84.2577,27.4478],[84.2585,27.451],[84.2409,27.4511],[84.2325,27.4557],[84.2217,27.4466],[84.2225,27.4419],[84.2206,27.4408],[84.2106,27.4427],[84.2083,27.4459],[84.2097,27.4524],[84.2058,27.4586],[84.2113,27.4651],[84.2084,27.4687],[84.2007,27.4725],[84.1918,27.4704],[84.189,27.4728],[84.1754,27.4743],[84.1647,27.4834],[84.149,27.4862],[84.1458,27.4965],[84.1509,27.4992],[84.149,27.5064],[84.1518,27.5105],[84.1518,27.5168],[84.1402,27.5178],[84.129,27.5119],[84.1234,27.5118],[84.123,27.5142],[84.1176,27.5137],[84.1167,27.5195],[84.1085,27.5213]]]},"properties":{"dtname":"Pashchim Champaran","stname":"BIHAR","stcode11":"10","dtcode11":"203","year_stat":"2011_c","Shape_Length":545933.7899355007,"Shape_Area":6627885983.092379,"OBJECTID":256,"test":0,"Dist_LGD":211,"State_LGD":10}},{"type":"Feature","id":282,"geometry":{"type":"Polygon","coordinates":[[[84.8232,27.021],[84.8141,27.0181],[84.8119,27.0209],[84.8126,27.0157],[84.8087,27.0184],[84.8067,27.0144],[84.8108,27.0147],[84.8112,27.0117],[84.8015,27.005],[84.8003,27.0011],[84.7988,27.0038],[84.7963,27.0029],[84.7934,26.9963],[84.7904,26.9993],[84.7888,26.9974],[84.7865,26.9987],[84.7887,27.0091],[84.7844,27.0079],[84.7818,27.0144],[84.7733,27.0177],[84.7648,27.0133],[84.7584,27.0037],[84.7596,26.9993],[84.7456,26.9838],[84.7467,26.9768],[84.7447,26.9737],[84.7505,26.9697],[84.7478,26.9637],[84.741,26.9595],[84.7412,26.9551],[84.7322,26.9537],[84.7249,26.9564],[84.7128,26.9464],[84.7124,26.9406],[84.6991,26.9403],[84.7012,26.937],[84.6965,26.9348],[84.6998,26.936],[84.6969,26.9271],[84.6999,26.9216],[84.6957,26.9189],[84.6973,26.914],[84.6871,26.9119],[84.69,26.9146],[84.6897,26.9204],[84.6869,26.9229],[84.6787,26.9137],[84.6843,26.9108],[84.6806,26.9057],[84.6808,26.8915],[84.6822,26.8906],[84.6846,26.8952],[84.6837,26.891],[84.688,26.892],[84.687,26.8861],[84.6899,26.8777],[84.7006,26.8752],[84.7046,26.8667],[84.7182,26.8568],[84.7108,26.8545],[84.7191,26.8478],[84.7156,26.8424],[84.7188,26.8407],[84.7197,26.8459],[84.7255,26.8486],[84.7285,26.8432],[84.7321,26.8446],[84.7347,26.8421],[84.7329,26.8375],[84.7352,26.8331],[84.7264,26.8331],[84.7257,26.8246],[84.7199,26.8258],[84.7265,26.8208],[84.741,26.8212],[84.7444,26.8159],[84.7434,26.8072],[84.7369,26.7968],[84.733,26.7942],[84.7324,26.8],[84.7296,26.8001],[84.7162,26.7789],[84.7175,26.7694],[84.7219,26.7659],[84.718,26.7556],[84.726,26.7528],[84.7235,26.7514],[84.7224,26.7449],[84.7277,26.7424],[84.7129,26.741],[84.7047,26.736],[84.702,26.7297],[84.7039,26.7238],[84.7015,26.7153],[84.6975,26.7173],[84.6965,26.7206],[84.6943,26.7146],[84.691,26.7138],[84.6889,26.706],[84.6794,26.6986],[84.6718,26.701],[84.6628,26.6891],[84.6596,26.6899],[84.659,26.6851],[84.6526,26.6789],[84.641,26.6807],[84.6391,26.6839],[84.64,26.6897],[84.6364,26.6925],[84.6101,26.693],[84.6116,26.6895],[84.6094,26.6877],[84.6034,26.6937],[84.597,26.6937],[84.5943,26.6878],[84.5993,26.6879],[84.6017,26.6848],[84.5977,26.6759],[84.5882,26.6739],[84.5858,26.6677],[84.5774,26.6708],[84.5442,26.6534],[84.5414,26.6476],[84.5311,26.6399],[84.5317,26.6363],[84.5277,26.6288],[84.5213,26.6286],[84.5197,26.6251],[84.5222,26.6219],[84.5201,26.6165],[84.5262,26.6057],[84.5248,26.5995],[84.5188,26.6025],[84.5138,26.5973],[84.5069,26.602],[84.4982,26.601],[84.4914,26.6049],[84.4862,26.5946],[84.4878,26.5879],[84.4977,26.5705],[84.508,26.5706],[84.512,26.568],[84.5137,26.5633],[84.5147,26.5519],[84.5104,26.5332],[84.5168,26.5307],[84.5364,26.5134],[84.5446,26.4969],[84.5384,26.4838],[84.5545,26.4821],[84.5619,26.4954],[84.5713,26.4875],[84.5779,26.4863],[84.5735,26.4701],[84.5867,26.4588],[84.5859,26.4512],[84.5898,26.4495],[84.5865,26.4475],[84.5895,26.4441],[84.5867,26.439],[84.5911,26.4372],[84.6073,26.4447],[84.6115,26.4503],[84.6228,26.4538],[84.6281,26.4605],[84.6517,26.4668],[84.6529,26.4638],[84.6667,26.4571],[84.6872,26.4385],[84.6955,26.4336],[84.7068,26.4313],[84.7132,26.4259],[84.7155,26.4147],[84.7117,26.4145],[84.7155,26.4045],[84.7209,26.4009],[84.7208,26.3965],[84.7278,26.3812],[84.7329,26.3823],[84.728,26.379],[84.7445,26.3644],[84.749,26.3556],[84.7621,26.3466],[84.768,26.3373],[84.7745,26.342],[84.7854,26.3371],[84.7998,26.326],[84.7999,26.3179],[84.807,26.323],[84.8094,26.3131],[84.809,26.2948],[84.8062,26.2858],[84.8256,26.282],[84.8322,26.2864],[84.8364,26.2794],[84.8492,26.2731],[84.85,26.2703],[84.8575,26.2699],[84.869,26.2568],[84.8775,26.2617],[84.8881,26.299],[84.9022,26.326],[84.9097,26.3235],[84.9207,26.3285],[84.9447,26.3277],[84.9802,26.3231],[84.9896,26.3303],[85.0005,26.3328],[85.0138,26.3284],[85.0156,26.3224],[85.0221,26.3188],[85.0265,26.3242],[85.0316,26.3232],[85.0352,26.3336],[85.0422,26.3348],[85.0451,26.3421],[85.0519,26.3396],[85.0604,26.3427],[85.0677,26.3361],[85.0708,26.3287],[85.0771,26.3327],[85.0811,26.3246],[85.0914,26.3253],[85.0973,26.3206],[85.1011,26.3257],[85.1117,26.3142],[85.1189,26.317],[85.1236,26.3121],[85.1286,26.3151],[85.1301,26.312],[85.1362,26.313],[85.1369,26.3177],[85.1423,26.3231],[85.1463,26.322],[85.1494,26.3156],[85.1584,26.3171],[85.1642,26.3296],[85.1766,26.329],[85.1735,26.337],[85.1778,26.3394],[85.1794,26.3354],[85.1816,26.3374],[85.1784,26.3395],[85.1799,26.3409],[85.1846,26.3385],[85.1842,26.3317],[85.1874,26.3276],[85.1861,26.3244],[85.18,26.3229],[85.1807,26.3207],[85.1887,26.3203],[85.1907,26.3122],[85.1915,26.3172],[85.1892,26.3218],[85.1928,26.3296],[85.196,26.3251],[85.1939,26.3133],[85.1982,26.3134],[85.1994,26.3204],[85.2027,26.3199],[85.2019,26.305],[85.1976,26.3027],[85.1898,26.3041],[85.1876,26.3013],[85.1913,26.2951],[85.2003,26.2933],[85.2066,26.3027],[85.2061,26.2983],[85.1991,26.2882],[85.2006,26.2853],[85.2044,26.2856],[85.2038,26.2913],[85.2084,26.296],[85.2203,26.2943],[85.2219,26.3041],[85.2268,26.3],[85.2316,26.3007],[85.2322,26.3041],[85.2293,26.3072],[85.2314,26.3087],[85.2364,26.3045],[85.2363,26.2996],[85.2455,26.3018],[85.251,26.2969],[85.2609,26.2987],[85.2625,26.3035],[85.2564,26.3049],[85.2565,26.3265],[85.2604,26.332],[85.2719,26.3273],[85.2741,26.335],[85.2703,26.335],[85.2647,26.3423],[85.2574,26.3448],[85.255,26.3425],[85.2478,26.3436],[85.2461,26.3387],[85.2441,26.3393],[85.2431,26.3427],[85.2382,26.3439],[85.2384,26.3487],[85.23,26.3539],[85.2221,26.3499],[85.2181,26.3561],[85.2189,26.3648],[85.2248,26.3713],[85.2347,26.3672],[85.2407,26.3691],[85.242,26.3641],[85.2469,26.3592],[85.2461,26.3549],[85.2477,26.3564],[85.254,26.3501],[85.2654,26.3525],[85.2807,26.3487],[85.2801,26.3544],[85.2845,26.3584],[85.2878,26.3567],[85.2957,26.3577],[85.2921,26.3622],[85.2872,26.362],[85.2871,26.364],[85.2828,26.3625],[85.279,26.3649],[85.2812,26.3702],[85.2908,26.3717],[85.2883,26.3794],[85.2833,26.3816],[85.2828,26.3957],[85.2787,26.3969],[85.2778,26.394],[85.274,26.3933],[85.2746,26.3873],[85.2715,26.3883],[85.2637,26.3927],[85.2633,26.4013],[85.2527,26.3999],[85.2501,26.4028],[85.2503,26.4084],[85.2589,26.412],[85.2539,26.4186],[85.2497,26.4188],[85.2439,26.4105],[85.2427,26.4129],[85.2454,26.4182],[85.2427,26.4209],[85.2375,26.42],[85.233,26.424],[85.2307,26.4167],[85.233,26.4144],[85.2311,26.4141],[85.2265,26.4178],[85.2264,26.4253],[85.2061,26.4265],[85.2087,26.4342],[85.2167,26.4321],[85.2117,26.4417],[85.2047,26.447],[85.213,26.4464],[85.214,26.45],[85.2097,26.4542],[85.1992,26.4577],[85.1988,26.467],[85.1839,26.4731],[85.1862,26.4789],[85.1785,26.4877],[85.1819,26.4917],[85.1811,26.4966],[85.1847,26.4989],[85.2072,26.5],[85.223,26.5056],[85.2239,26.5088],[85.2194,26.5194],[85.2231,26.5236],[85.223,26.5314],[85.2168,26.5392],[85.2208,26.5491],[85.2243,26.5514],[85.2331,26.5495],[85.2311,26.557],[85.2346,26.5611],[85.2396,26.5617],[85.2335,26.5666],[85.2324,26.5714],[85.2478,26.5738],[85.2609,26.5874],[85.2594,26.6123],[85.2668,26.612],[85.2696,26.6162],[85.2681,26.6186],[85.2704,26.6296],[85.276,26.6308],[85.2686,26.6351],[85.2646,26.6409],[85.2634,26.6466],[85.2711,26.6502],[85.2707,26.6528],[85.2669,26.6528],[85.2669,26.6573],[85.2515,26.6707],[85.2486,26.6696],[85.2441,26.66],[85.2369,26.6686],[85.2395,26.6791],[85.2466,26.6846],[85.2529,26.6854],[85.2557,26.6943],[85.2592,26.6909],[85.261,26.6941],[85.2609,26.7097],[85.2581,26.7112],[85.2582,26.7162],[85.2557,26.7185],[85.2565,26.721],[85.259,26.7201],[85.261,26.7224],[85.2585,26.7266],[85.2595,26.7306],[85.2517,26.7359],[85.2557,26.7409],[85.2584,26.7515],[85.2543,26.752],[85.2544,26.7574],[85.2407,26.7615],[85.2095,26.7589],[85.2004,26.7689],[85.1973,26.7696],[85.1914,26.782],[85.1944,26.7854],[85.1924,26.7911],[85.186,26.7917],[85.1862,26.7957],[85.1813,26.7955],[85.179,26.7983],[85.1828,26.801],[85.1767,26.8097],[85.1769,26.8152],[85.1889,26.8274],[85.1927,26.838],[85.1906,26.8489],[85.1929,26.8625],[85.1918,26.869],[85.1398,26.871],[85.1352,26.8674],[85.1235,26.8712],[85.099,26.8712],[85.0956,26.8672],[85.0895,26.8688],[85.086,26.8666],[85.0852,26.864],[85.0893,26.8597],[85.0835,26.8535],[85.0826,26.8563],[85.0768,26.8586],[85.0775,26.855],[85.0706,26.8553],[85.0636,26.8497],[85.0617,26.8532],[85.0647,26.8561],[85.0628,26.858],[85.0597,26.8538],[85.0577,26.8562],[85.0576,26.8494],[85.0231,26.8552],[85.0295,26.8596],[85.0294,26.8626],[85.0257,26.8635],[85.028,26.8643],[85.0276,26.8673],[85.0311,26.8677],[85.029,26.871],[85.0304,26.8753],[85.0363,26.8747],[85.038,26.8781],[85.0422,26.8747],[85.0438,26.8797],[85.0531,26.8814],[85.0492,26.8852],[85.0509,26.8832],[85.0545,26.8846],[85.0557,26.8813],[85.0609,26.8869],[85.0586,26.8852],[85.0518,26.8864],[85.0524,26.8895],[85.0045,26.8951],[85.0007,26.898],[84.9978,26.9053],[85.0026,26.9039],[84.9999,26.9118],[84.9687,26.9157],[84.9707,26.9233],[84.9685,26.9259],[84.9707,26.927],[84.9703,26.9299],[84.9764,26.9329],[84.9778,26.9377],[84.9749,26.9392],[84.9768,26.942],[84.9622,26.9606],[84.9534,26.9599],[84.9294,26.9688],[84.9108,26.968],[84.8998,26.97],[84.8959,26.973],[84.8913,26.9728],[84.8916,26.9699],[84.8867,26.9779],[84.8659,26.9837],[84.8586,26.9888],[84.8558,26.9864],[84.8569,26.9907],[84.8551,26.9935],[84.8575,26.9933],[84.8574,26.9979],[84.8532,26.9993],[84.8495,26.997],[84.8523,27.0021],[84.8513,27.0046],[84.8555,27.0083],[84.8232,27.021]]]},"properties":{"dtname":"Purba Champaran","stname":"BIHAR","stcode11":"10","dtcode11":"204","year_stat":"2011_c","Shape_Length":539281.1501453037,"Shape_Area":4986852498.072925,"OBJECTID":282,"test":0,"Dist_LGD":213,"State_LGD":10}},{"type":"Feature","id":302,"geometry":{"type":"Polygon","coordinates":[[[85.6352,26.8724],[85.6241,26.8737],[85.6071,26.8577],[85.5857,26.8469],[85.5846,26.8583],[85.5782,26.8568],[85.5757,26.8609],[85.572,26.8568],[85.566,26.8409],[85.5582,26.8442],[85.5534,26.8345],[85.5436,26.8381],[85.522,26.8165],[85.508,26.8166],[85.4976,26.8129],[85.4953,26.7972],[85.4794,26.8024],[85.4778,26.7933],[85.4644,26.7891],[85.4542,26.7822],[85.4325,26.7904],[85.4257,26.7862],[85.4191,26.7903],[85.4077,26.7917],[85.403,26.7835],[85.3965,26.7781],[85.3849,26.7749],[85.3749,26.7615],[85.3701,26.7587],[85.3617,26.763],[85.3547,26.7603],[85.3343,26.7417],[85.3078,26.7521],[85.2544,26.7574],[85.2543,26.752],[85.2585,26.7509],[85.2557,26.7409],[85.2517,26.7359],[85.2595,26.7306],[85.2585,26.7266],[85.261,26.7224],[85.259,26.7201],[85.2565,26.721],[85.2557,26.7185],[85.2582,26.7162],[85.2581,26.7112],[85.2609,26.7097],[85.2596,26.7032],[85.2616,26.698],[85.2599,26.6911],[85.2557,26.6943],[85.2529,26.6854],[85.2466,26.6846],[85.2395,26.6791],[85.2369,26.6686],[85.239,26.6646],[85.2447,26.6602],[85.2486,26.6696],[85.2515,26.6707],[85.2669,26.6573],[85.2673,26.6522],[85.2702,26.653],[85.2706,26.6498],[85.2817,26.6468],[85.2846,26.6553],[85.2893,26.6584],[85.3136,26.6552],[85.3165,26.6617],[85.3276,26.6542],[85.3296,26.6567],[85.3362,26.6562],[85.3388,26.6529],[85.3454,26.6521],[85.3514,26.648],[85.3515,26.6441],[85.359,26.641],[85.359,26.6325],[85.3634,26.6304],[85.3615,26.6212],[85.3675,26.6195],[85.3652,26.6135],[85.3617,26.6154],[85.3549,26.6092],[85.3597,26.6019],[85.3531,26.601],[85.3514,26.592],[85.3555,26.5909],[85.3572,26.5966],[85.3605,26.5962],[85.3623,26.5871],[85.3532,26.5837],[85.3521,26.5796],[85.3644,26.5748],[85.3717,26.5761],[85.3769,26.5818],[85.3793,26.5816],[85.3863,26.5759],[85.3887,26.5706],[85.3836,26.5644],[85.3767,26.5698],[85.3732,26.556],[85.3787,26.5577],[85.3819,26.5631],[85.3819,26.5597],[85.3767,26.5536],[85.3727,26.5532],[85.3696,26.5559],[85.3628,26.554],[85.3608,26.5445],[85.3656,26.5453],[85.3705,26.5508],[85.379,26.5465],[85.3791,26.5391],[85.3934,26.5278],[85.3903,26.5218],[85.397,26.5219],[85.3981,26.516],[85.4018,26.5153],[85.3985,26.5131],[85.3866,26.5214],[85.3824,26.5162],[85.3846,26.5087],[85.3894,26.5068],[85.3994,26.5083],[85.4043,26.5026],[85.3975,26.4997],[85.3911,26.5045],[85.3844,26.5023],[85.3612,26.5066],[85.3631,26.4959],[85.3588,26.4867],[85.3668,26.4847],[85.3639,26.4787],[85.3725,26.4685],[85.3624,26.4499],[85.3652,26.4447],[85.3625,26.4431],[85.3595,26.4329],[85.3622,26.4276],[85.3699,26.4256],[85.366,26.4115],[85.3718,26.4141],[85.3766,26.4131],[85.3776,26.4055],[85.3734,26.3915],[85.3681,26.3883],[85.3648,26.3817],[85.3618,26.3645],[85.3671,26.3615],[85.3718,26.364],[85.3756,26.3629],[85.3736,26.3574],[85.3871,26.3537],[85.3805,26.3486],[85.3782,26.3394],[85.3802,26.334],[85.3734,26.3337],[85.3754,26.3134],[85.3851,26.3081],[85.3934,26.307],[85.3878,26.3201],[85.3853,26.3225],[85.3813,26.3221],[85.3828,26.3245],[85.3895,26.3228],[85.3969,26.3102],[85.4013,26.3176],[85.4094,26.3183],[85.4086,26.315],[85.4147,26.3029],[85.4105,26.301],[85.3991,26.3054],[85.3987,26.3],[85.4031,26.2953],[85.3932,26.2913],[85.3907,26.2845],[85.3924,26.2794],[85.3959,26.2796],[85.4007,26.2909],[85.4043,26.2934],[85.4078,26.2925],[85.411,26.2892],[85.4029,26.2886],[85.4105,26.2715],[85.4266,26.2919],[85.4278,26.2899],[85.4237,26.2828],[85.4265,26.2771],[85.4214,26.2753],[85.4203,26.2719],[85.4405,26.2835],[85.4358,26.2749],[85.4366,26.27],[85.4385,26.2698],[85.4481,26.291],[85.4528,26.2906],[85.456,26.3013],[85.4613,26.3012],[85.4636,26.3119],[85.4624,26.3199],[85.4654,26.3208],[85.4676,26.3274],[85.4709,26.3268],[85.4694,26.3305],[85.4659,26.3321],[85.478,26.3348],[85.4791,26.3464],[85.4847,26.3484],[85.4863,26.3541],[85.4933,26.3542],[85.4948,26.3624],[85.5012,26.3622],[85.5,26.375],[85.5043,26.3808],[85.5087,26.3816],[85.5176,26.3779],[85.5174,26.3755],[85.5208,26.3741],[85.5313,26.3788],[85.5322,26.3709],[85.5451,26.3696],[85.5501,26.3716],[85.5573,26.3851],[85.5657,26.3847],[85.5683,26.3886],[85.579,26.3933],[85.5822,26.384],[85.5784,26.3727],[85.573,26.3665],[85.5753,26.3619],[85.5843,26.362],[85.5912,26.3552],[85.6116,26.3497],[85.6168,26.3406],[85.6112,26.3397],[85.6114,26.3333],[85.6153,26.3325],[85.6171,26.3349],[85.6262,26.3363],[85.6294,26.3328],[85.6335,26.3328],[85.6351,26.3279],[85.6285,26.3194],[85.6317,26.3161],[85.6363,26.3192],[85.6423,26.3182],[85.6492,26.3227],[85.6511,26.3178],[85.6574,26.3191],[85.672,26.3127],[85.6781,26.32],[85.6824,26.3207],[85.6872,26.32],[85.6882,26.317],[85.6909,26.3179],[85.6935,26.3087],[85.6973,26.3048],[85.6991,26.3075],[85.7037,26.305],[85.7072,26.3084],[85.7097,26.3076],[85.7131,26.3128],[85.7222,26.3128],[85.7223,26.3071],[85.7273,26.3088],[85.7246,26.3168],[85.7298,26.3149],[85.734,26.3223],[85.7274,26.3276],[85.7302,26.3401],[85.7287,26.3433],[85.7208,26.3491],[85.7009,26.3516],[85.701,26.3367],[85.6943,26.3434],[85.6861,26.3449],[85.6855,26.3491],[85.6768,26.3507],[85.6821,26.3558],[85.7004,26.3521],[85.7043,26.3558],[85.7147,26.3577],[85.715,26.3605],[85.7058,26.3621],[85.6998,26.3764],[85.6962,26.3743],[85.6909,26.3759],[85.6949,26.3898],[85.6969,26.3904],[85.6874,26.4016],[85.6884,26.4137],[85.6971,26.4144],[85.7059,26.4206],[85.7121,26.4347],[85.7059,26.4376],[85.7058,26.4439],[85.709,26.4436],[85.7115,26.4464],[85.7149,26.4435],[85.7224,26.4464],[85.7344,26.4386],[85.7345,26.435],[85.7422,26.433],[85.7666,26.436],[85.7661,26.441],[85.7719,26.4453],[85.7555,26.4532],[85.7518,26.4667],[85.7548,26.4721],[85.7654,26.4709],[85.7674,26.4663],[85.793,26.4547],[85.7975,26.4591],[85.8042,26.4588],[85.8058,26.4689],[85.8118,26.4685],[85.8124,26.4756],[85.8055,26.476],[85.8062,26.4786],[85.8037,26.4817],[85.7999,26.4801],[85.7907,26.4831],[85.7886,26.4821],[85.7889,26.4781],[85.7795,26.4759],[85.7707,26.4794],[85.7734,26.4852],[85.7703,26.4881],[85.7593,26.4893],[85.7603,26.4968],[85.764,26.4957],[85.773,26.5054],[85.7687,26.5071],[85.7687,26.5102],[85.7762,26.5161],[85.7901,26.5148],[85.7905,26.5059],[85.7875,26.502],[85.7877,26.4967],[85.7982,26.4962],[85.7996,26.4994],[85.7978,26.5015],[85.8028,26.5088],[85.8107,26.5084],[85.811,26.5126],[85.8079,26.5154],[85.8113,26.5215],[85.8185,26.5228],[85.8242,26.5319],[85.8255,26.5414],[85.8212,26.5432],[85.8207,26.5468],[85.8171,26.549],[85.807,26.5518],[85.8056,26.5549],[85.8117,26.5652],[85.8082,26.5667],[85.8084,26.5686],[85.8165,26.5826],[85.8139,26.5899],[85.8205,26.5945],[85.8174,26.6028],[85.8031,26.615],[85.8016,26.6243],[85.7697,26.6296],[85.7591,26.6364],[85.7477,26.6393],[85.7323,26.6536],[85.7367,26.6642],[85.7303,26.6658],[85.7257,26.6704],[85.7264,26.6741],[85.7237,26.674],[85.7254,26.6973],[85.7238,26.6996],[85.7285,26.7177],[85.7266,26.7217],[85.7301,26.7253],[85.7286,26.7297],[85.7318,26.7309],[85.7299,26.7353],[85.7341,26.7374],[85.7287,26.7495],[85.7354,26.7781],[85.7347,26.7959],[85.7292,26.8025],[85.7292,26.8087],[85.7216,26.8203],[85.7045,26.8322],[85.6794,26.8437],[85.6427,26.8534],[85.6352,26.8724]]]},"properties":{"dtname":"Sitamarhi","stname":"BIHAR","stcode11":"10","dtcode11":"206","year_stat":"2011_c","Shape_Length":434022.61111285124,"Shape_Area":2752071144.5280743,"OBJECTID":302,"test":1,"Dist_LGD":221,"State_LGD":10}},{"type":"Feature","id":304,"geometry":{"type":"Polygon","coordinates":[[[85.3173,26.6615],[85.3137,26.6553],[85.2897,26.6584],[85.2846,26.6553],[85.2817,26.6468],[85.2706,26.6498],[85.2634,26.6466],[85.2682,26.6356],[85.2752,26.6327],[85.276,26.6302],[85.2704,26.6296],[85.2681,26.6186],[85.2696,26.6162],[85.2668,26.612],[85.2594,26.6123],[85.2609,26.5874],[85.2478,26.5738],[85.2324,26.5714],[85.2335,26.5666],[85.2396,26.5617],[85.2346,26.5611],[85.2311,26.557],[85.2331,26.5495],[85.2243,26.5514],[85.2208,26.5491],[85.2168,26.5392],[85.223,26.5314],[85.2231,26.5236],[85.2194,26.5194],[85.2234,26.5063],[85.2072,26.5],[85.1847,26.4989],[85.1811,26.4966],[85.1819,26.4917],[85.1785,26.4877],[85.1862,26.4789],[85.1839,26.4731],[85.1988,26.467],[85.1992,26.4577],[85.2097,26.4542],[85.214,26.45],[85.213,26.4464],[85.2047,26.447],[85.2117,26.4417],[85.2167,26.4321],[85.2087,26.4342],[85.2061,26.4265],[85.2264,26.4253],[85.2265,26.4178],[85.2311,26.4141],[85.233,26.4144],[85.2307,26.4167],[85.233,26.424],[85.2375,26.42],[85.2427,26.4209],[85.2454,26.4182],[85.2427,26.4129],[85.2439,26.4105],[85.2497,26.4188],[85.2539,26.4186],[85.2589,26.412],[85.2503,26.4084],[85.2501,26.4028],[85.2527,26.3999],[85.2633,26.4013],[85.2637,26.3927],[85.2715,26.3883],[85.2746,26.3873],[85.274,26.3933],[85.2778,26.394],[85.2787,26.3969],[85.2828,26.3957],[85.2833,26.3816],[85.2883,26.3794],[85.2908,26.3717],[85.2812,26.3702],[85.279,26.3649],[85.2828,26.3625],[85.2871,26.364],[85.2872,26.362],[85.2921,26.3622],[85.2957,26.3577],[85.2878,26.3567],[85.2845,26.3584],[85.2809,26.3556],[85.2796,26.3518],[85.2816,26.3442],[85.2854,26.3463],[85.2888,26.3546],[85.2991,26.344],[85.3075,26.3496],[85.3173,26.3467],[85.3265,26.3502],[85.3262,26.3352],[85.3345,26.3264],[85.3353,26.344],[85.3394,26.3407],[85.3395,26.3448],[85.3482,26.3457],[85.3477,26.3411],[85.3522,26.336],[85.3538,26.3372],[85.3521,26.3445],[85.3619,26.3464],[85.369,26.3426],[85.3734,26.3337],[85.3802,26.334],[85.3782,26.3394],[85.3805,26.3486],[85.3871,26.3537],[85.3736,26.3574],[85.3756,26.3629],[85.3718,26.364],[85.3671,26.3615],[85.3618,26.3645],[85.3648,26.3817],[85.3681,26.3883],[85.3734,26.3915],[85.3776,26.4055],[85.3766,26.4131],[85.3718,26.4141],[85.366,26.4115],[85.3699,26.4256],[85.3622,26.4276],[85.3595,26.4329],[85.3625,26.4431],[85.3652,26.4447],[85.3624,26.4499],[85.3725,26.4685],[85.3639,26.4787],[85.3668,26.4847],[85.3588,26.4867],[85.3631,26.4959],[85.3612,26.5066],[85.3844,26.5023],[85.3911,26.5045],[85.3975,26.4997],[85.4043,26.5029],[85.3994,26.5083],[85.3894,26.5068],[85.3846,26.5087],[85.3824,26.5162],[85.3866,26.5214],[85.3985,26.5131],[85.4018,26.5153],[85.3981,26.516],[85.397,26.5219],[85.3903,26.5218],[85.3934,26.5278],[85.3791,26.5391],[85.379,26.5465],[85.3705,26.5508],[85.3656,26.5453],[85.3608,26.5445],[85.3628,26.554],[85.3696,26.5559],[85.3727,26.5532],[85.3767,26.5536],[85.3819,26.5597],[85.3819,26.5631],[85.3787,26.5577],[85.3732,26.556],[85.3767,26.5698],[85.3833,26.5644],[85.3889,26.5698],[85.3863,26.5759],[85.3793,26.5816],[85.3769,26.5818],[85.3717,26.5761],[85.3644,26.5748],[85.3521,26.5796],[85.3532,26.5837],[85.3623,26.5871],[85.3605,26.5962],[85.3572,26.5966],[85.3555,26.5909],[85.3514,26.592],[85.3531,26.601],[85.3597,26.6019],[85.3549,26.6092],[85.3617,26.6154],[85.3652,26.6135],[85.3675,26.6195],[85.3615,26.6212],[85.3634,26.6304],[85.359,26.6325],[85.359,26.641],[85.3515,26.6441],[85.3514,26.648],[85.3454,26.6521],[85.3388,26.6529],[85.3362,26.6562],[85.3296,26.6567],[85.3276,26.6542],[85.3173,26.6615]]]},"properties":{"dtname":"Sheohar","stname":"BIHAR","stcode11":"10","dtcode11":"205","year_stat":"2011_c","Shape_Length":195084.90915029618,"Shape_Area":553963864.8182465,"OBJECTID":304,"test":0,"Dist_LGD":220,"State_LGD":10}},{"type":"Feature","id":307,"geometry":{"type":"Polygon","coordinates":[[[84.4289,26.6364],[84.4143,26.6361],[84.4195,26.6261],[84.4095,26.623],[84.4002,26.6245],[84.3863,26.6217],[84.3795,26.6145],[84.3544,26.6198],[84.3255,26.6115],[84.3188,26.6115],[84.3158,26.6145],[84.3074,26.6163],[84.3034,26.6144],[84.3004,26.6038],[84.2917,26.603],[84.2859,26.6058],[84.2847,26.5996],[84.2815,26.5996],[84.2681,26.6016],[84.2659,26.6059],[84.2396,26.61],[84.2391,26.613],[84.2293,26.6132],[84.228,26.6175],[84.2111,26.62],[84.2012,26.6248],[84.1693,26.6227],[84.1603,26.6245],[84.1567,26.627],[84.1587,26.6362],[84.1363,26.6361],[84.1306,26.6335],[84.1125,26.6344],[84.112,26.6307],[84.0865,26.6392],[84.0884,26.6349],[84.0874,26.6259],[84.0852,26.6239],[84.0887,26.6179],[84.0864,26.6124],[84.09,26.607],[84.0891,26.6031],[84.0833,26.5925],[84.0779,26.5904],[84.0756,26.5834],[84.0661,26.577],[84.0669,26.5727],[84.0607,26.5682],[84.0594,26.5613],[84.0551,26.5584],[84.0564,26.5446],[84.0478,26.5363],[84.0245,26.5322],[84.0147,26.5277],[84.0086,26.5217],[84.0069,26.5256],[83.9991,26.5273],[83.9925,26.5331],[83.9845,26.5314],[83.9766,26.5335],[83.9766,26.5256],[83.9718,26.5179],[83.9738,26.5126],[83.9722,26.5102],[83.9749,26.508],[83.9712,26.5075],[83.9627,26.5083],[83.9619,26.5102],[83.951,26.509],[83.9478,26.5121],[83.9528,26.5178],[83.9463,26.5191],[83.9402,26.5253],[83.9347,26.525],[83.9313,26.5202],[83.9167,26.5167],[83.9081,26.5191],[83.9069,26.5092],[83.9152,26.5029],[83.9125,26.4976],[83.9128,26.4837],[83.9106,26.483],[83.9096,26.4755],[83.9125,26.4755],[83.9099,26.466],[83.9116,26.4558],[83.9081,26.4471],[83.9111,26.4471],[83.9108,26.4497],[83.9294,26.4433],[83.9468,26.441],[83.9463,26.4386],[83.9915,26.4323],[83.9979,26.4465],[84.0081,26.444],[84.0173,26.4476],[84.0238,26.4403],[84.0226,26.4311],[84.035,26.419],[84.0339,26.4118],[84.0412,26.413],[84.0415,26.4077],[84.0441,26.4096],[84.0498,26.4076],[84.0501,26.4039],[84.053,26.4049],[84.0637,26.4009],[84.0626,26.3987],[84.0655,26.397],[84.0651,26.393],[84.0683,26.3884],[84.0831,26.382],[84.0889,26.3869],[84.0997,26.3846],[84.1204,26.3853],[84.1357,26.3817],[84.1377,26.3779],[84.1755,26.3732],[84.177,26.3699],[84.1835,26.3697],[84.1894,26.3662],[84.1895,26.364],[84.1972,26.3616],[84.198,26.3557],[84.2093,26.3517],[84.2136,26.3528],[84.2087,26.3478],[84.2128,26.3361],[84.2301,26.331],[84.2283,26.3271],[84.2312,26.3255],[84.2337,26.3283],[84.2432,26.3245],[84.2412,26.319],[84.2549,26.3166],[84.2727,26.3077],[84.2763,26.3075],[84.2811,26.3177],[84.2953,26.3168],[84.2967,26.3208],[84.3048,26.3185],[84.3051,26.3212],[84.3157,26.3269],[84.3179,26.332],[84.3212,26.332],[84.3373,26.3234],[84.3379,26.3067],[84.3575,26.2996],[84.3615,26.3007],[84.3646,26.3089],[84.3623,26.3099],[84.3633,26.3158],[84.3602,26.3273],[84.3665,26.3362],[84.3641,26.3466],[84.3663,26.3521],[84.3603,26.3637],[84.3628,26.3685],[84.3768,26.3685],[84.3908,26.3735],[84.4084,26.3668],[84.4092,26.3701],[84.4218,26.3696],[84.424,26.3742],[84.4278,26.3746],[84.4573,26.3681],[84.456,26.356],[84.4521,26.3485],[84.462,26.346],[84.4642,26.3475],[84.4701,26.3423],[84.4795,26.3413],[84.4817,26.3356],[84.4944,26.3328],[84.4979,26.3361],[84.5034,26.3334],[84.5114,26.334],[84.5188,26.3392],[84.5298,26.3364],[84.549,26.3254],[84.5508,26.3176],[84.545,26.3131],[84.5397,26.3126],[84.5387,26.302],[84.5525,26.2977],[84.5567,26.3139],[84.5639,26.3135],[84.5687,26.3217],[84.5758,26.3249],[84.5903,26.3212],[84.5866,26.3168],[84.6062,26.3094],[84.6083,26.3069],[84.6071,26.3038],[84.6225,26.301],[84.6443,26.3033],[84.6541,26.2992],[84.6554,26.2921],[84.6482,26.2782],[84.6525,26.2761],[84.652,26.2718],[84.666,26.2725],[84.6714,26.2717],[84.6718,26.2677],[84.6873,26.2675],[84.6797,26.2409],[84.6955,26.2381],[84.7018,26.2413],[84.7133,26.2417],[84.7138,26.2362],[84.7242,26.2356],[84.7328,26.2263],[84.7522,26.2273],[84.7516,26.2149],[84.7533,26.2117],[84.7611,26.2088],[84.7642,26.2152],[84.7702,26.2129],[84.7805,26.2135],[84.789,26.2042],[84.7897,26.2064],[84.8021,26.2113],[84.8249,26.2119],[84.8356,26.2158],[84.8575,26.2139],[84.8601,26.2151],[84.8618,26.2211],[84.8773,26.2166],[84.8899,26.2191],[84.8979,26.2145],[84.8984,26.2214],[84.9059,26.2306],[84.9065,26.2407],[84.8846,26.2343],[84.8765,26.2392],[84.8799,26.2403],[84.8718,26.257],[84.8682,26.2571],[84.8575,26.2699],[84.85,26.2703],[84.8492,26.2731],[84.8364,26.2794],[84.8322,26.2864],[84.8256,26.282],[84.8062,26.2858],[84.809,26.2948],[84.8094,26.3131],[84.807,26.323],[84.7999,26.3179],[84.7998,26.326],[84.7854,26.3371],[84.7745,26.342],[84.768,26.3373],[84.7621,26.3466],[84.749,26.3556],[84.7445,26.3644],[84.728,26.379],[84.7329,26.3823],[84.7278,26.3812],[84.7208,26.3965],[84.7209,26.4009],[84.7155,26.4045],[84.7117,26.4145],[84.7155,26.4147],[84.7125,26.4271],[84.7063,26.4315],[84.6953,26.4337],[84.6822,26.4418],[84.6678,26.4562],[84.6529,26.4638],[84.6517,26.4668],[84.6281,26.4605],[84.6228,26.4538],[84.6115,26.4503],[84.6073,26.4447],[84.5911,26.4372],[84.5867,26.439],[84.5895,26.4441],[84.5865,26.4475],[84.5898,26.4495],[84.5859,26.4512],[84.5867,26.4588],[84.5735,26.4701],[84.5779,26.4863],[84.5713,26.4875],[84.5619,26.4954],[84.5545,26.4821],[84.5384,26.4838],[84.5446,26.4969],[84.5364,26.5134],[84.5168,26.5307],[84.5104,26.5332],[84.5147,26.5519],[84.5137,26.5633],[84.512,26.568],[84.508,26.5706],[84.4977,26.5705],[84.4878,26.5879],[84.4862,26.5946],[84.4915,26.6053],[84.4875,26.606],[84.4854,26.6179],[84.4742,26.6185],[84.4647,26.6257],[84.457,26.6248],[84.4555,26.6268],[84.4577,26.6331],[84.4415,26.6207],[84.4212,26.5965],[84.42,26.5901],[84.4144,26.5831],[84.4124,26.5836],[84.4087,26.5876],[84.4183,26.6036],[84.4255,26.6133],[84.4291,26.6103],[84.4323,26.614],[84.4258,26.6226],[84.4289,26.6364]]]},"properties":{"dtname":"Gopalganj","stname":"BIHAR","stcode11":"10","dtcode11":"217","year_stat":"2011_c","Shape_Length":397275.8620283711,"Shape_Area":2554057499.739218,"OBJECTID":307,"test":0,"Dist_LGD":197,"State_LGD":10}},{"type":"Feature","id":326,"geometry":{"type":"Polygon","coordinates":[[[85.7149,26.0886],[85.7063,26.088],[85.7099,26.0869],[85.7118,26.0785],[85.7089,26.0681],[85.7124,26.0646],[85.7034,26.0599],[85.702,26.0516],[85.7043,26.0504],[85.7025,26.0465],[85.6919,26.0477],[85.6827,26.0278],[85.6659,26.0282],[85.6657,26.0247],[85.659,26.0183],[85.6558,26.0186],[85.6481,26.003],[85.6379,26.003],[85.6341,26.0052],[85.6327,26.0023],[85.6313,25.9964],[85.6351,25.9913],[85.6343,25.9868],[85.6409,25.9833],[85.6382,25.9798],[85.6404,25.9763],[85.6321,25.9705],[85.6301,25.9621],[85.6311,25.9486],[85.6353,25.9426],[85.6437,25.9404],[85.6395,25.9348],[85.6388,25.9237],[85.6412,25.9174],[85.645,25.9162],[85.6421,25.9104],[85.6287,25.9034],[85.6284,25.9007],[85.6322,25.9007],[85.6313,25.8967],[85.6268,25.8956],[85.6302,25.8907],[85.6263,25.8889],[85.6243,25.8801],[85.6122,25.8786],[85.6134,25.8756],[85.6097,25.8714],[85.6139,25.8625],[85.6101,25.8595],[85.6104,25.8545],[85.5985,25.8497],[85.6028,25.8473],[85.6076,25.8482],[85.615,25.8426],[85.6158,25.8395],[85.6096,25.8372],[85.6091,25.8342],[85.6193,25.8256],[85.6146,25.823],[85.6088,25.8148],[85.6098,25.8126],[85.605,25.8028],[85.6116,25.798],[85.607,25.7908],[85.6117,25.7889],[85.614,25.7766],[85.6203,25.7766],[85.621,25.7734],[85.6277,25.7771],[85.6295,25.7737],[85.6257,25.7668],[85.6227,25.7669],[85.6239,25.7613],[85.6186,25.7597],[85.6244,25.7555],[85.6207,25.753],[85.6209,25.7492],[85.6132,25.7384],[85.6123,25.7301],[85.6159,25.7291],[85.6113,25.7103],[85.6021,25.71],[85.5985,25.7023],[85.5856,25.7026],[85.5828,25.6916],[85.5782,25.6905],[85.5768,25.687],[85.5704,25.6884],[85.5696,25.6794],[85.5621,25.6685],[85.5616,25.6625],[85.5557,25.6562],[85.5548,25.6481],[85.5568,25.6446],[85.5512,25.6366],[85.5505,25.624],[85.5452,25.6259],[85.5371,25.6238],[85.5294,25.6028],[85.5289,25.5905],[85.5335,25.5902],[85.5367,25.5868],[85.5368,25.5798],[85.5472,25.5783],[85.5437,25.569],[85.5569,25.5628],[85.5525,25.5575],[85.5531,25.5463],[85.5472,25.5405],[85.5441,25.5405],[85.5409,25.5545],[85.534,25.5569],[85.5298,25.5519],[85.5266,25.5417],[85.5332,25.5082],[85.5438,25.5099],[85.5456,25.5062],[85.5445,25.4837],[85.6024,25.4887],[85.6167,25.4855],[85.6203,25.4818],[85.6114,25.4812],[85.5956,25.474],[85.6222,25.4677],[85.6211,25.4631],[85.6425,25.4598],[85.6551,25.4613],[85.654,25.474],[85.6474,25.499],[85.6539,25.5002],[85.6525,25.4959],[85.6549,25.492],[85.6775,25.4954],[85.6794,25.4763],[85.6915,25.4869],[85.6948,25.4853],[85.6982,25.495],[85.7181,25.5125],[85.7235,25.5249],[85.7302,25.5254],[85.732,25.5204],[85.7337,25.5217],[85.7377,25.5392],[85.7437,25.5392],[85.7474,25.5533],[85.7454,25.5569],[85.7578,25.5609],[85.7604,25.5661],[85.7662,25.5682],[85.7758,25.5846],[85.7998,25.5818],[85.8123,25.5769],[85.8395,25.5771],[85.8485,25.5751],[85.8483,25.5866],[85.8516,25.589],[85.8475,25.5935],[85.85,25.6037],[85.8335,25.6134],[85.8341,25.6158],[85.8299,25.6149],[85.8297,25.6177],[85.8318,25.6216],[85.8398,25.6255],[85.8397,25.6387],[85.8438,25.6438],[85.85,25.6462],[85.8595,25.6406],[85.8634,25.6443],[85.8713,25.6444],[85.8745,25.6479],[85.8744,25.6594],[85.8777,25.6593],[85.8806,25.6646],[85.8901,25.6617],[85.8866,25.65],[85.8876,25.6418],[85.8816,25.6339],[85.89,25.6396],[85.8966,25.6508],[85.9026,25.6512],[85.9052,25.6428],[85.9159,25.638],[85.9232,25.6444],[85.9374,25.6445],[85.9398,25.6498],[85.9501,25.6507],[85.955,25.6429],[85.9618,25.64],[85.9691,25.6284],[85.9731,25.6268],[85.9724,25.621],[85.9745,25.6209],[85.9774,25.6139],[85.9961,25.6048],[86.0022,25.5968],[86.01,25.5968],[86.0144,25.6099],[86.0133,25.634],[86.023,25.6419],[86.0227,25.6474],[86.0133,25.65],[86.0138,25.6572],[86.0233,25.66],[86.0242,25.6637],[86.019,25.6676],[86.011,25.6607],[86.006,25.6631],[86.0013,25.669],[85.9989,25.6811],[86.0034,25.6844],[86.0143,25.6815],[86.0201,25.6833],[86.0275,25.6879],[86.0291,25.6936],[86.0245,25.6992],[86.01,25.7079],[86.0107,25.7232],[86.0157,25.7249],[86.0222,25.7166],[86.0252,25.7158],[86.032,25.7222],[86.0301,25.7256],[86.0327,25.7257],[86.0329,25.722],[86.0412,25.7216],[86.0436,25.7263],[86.0402,25.7309],[86.0434,25.7337],[86.0509,25.7324],[86.0599,25.7243],[86.0656,25.7272],[86.0771,25.7265],[86.0863,25.7323],[86.0836,25.7358],[86.0772,25.737],[86.0752,25.7404],[86.0777,25.7433],[86.0836,25.7402],[86.084,25.7443],[86.0939,25.7441],[86.093,25.739],[86.0989,25.7366],[86.1076,25.7395],[86.1136,25.735],[86.1156,25.7401],[86.1225,25.7352],[86.1318,25.7357],[86.1324,25.7447],[86.1373,25.7504],[86.1383,25.7552],[86.1299,25.7518],[86.1163,25.758],[86.1069,25.7586],[86.1033,25.7737],[86.1061,25.7756],[86.1113,25.7766],[86.13,25.7726],[86.132,25.7696],[86.1387,25.7676],[86.1313,25.7626],[86.1333,25.7614],[86.1412,25.7658],[86.1494,25.7657],[86.1484,25.7615],[86.1528,25.7601],[86.1535,25.7537],[86.1447,25.7453],[86.1471,25.7441],[86.1463,25.7405],[86.1523,25.739],[86.1528,25.7323],[86.1514,25.7291],[86.1432,25.7269],[86.1411,25.7069],[86.1431,25.7052],[86.1469,25.7115],[86.1527,25.715],[86.1621,25.7142],[86.1618,25.7187],[86.1773,25.713],[86.1742,25.7091],[86.1763,25.7083],[86.1754,25.7023],[86.1792,25.6979],[86.1769,25.6931],[86.1785,25.6846],[86.1807,25.6836],[86.1837,25.6661],[86.1821,25.6649],[86.2065,25.6564],[86.2426,25.6515],[86.2472,25.6477],[86.2558,25.6484],[86.2538,25.6434],[86.2553,25.6365],[86.2658,25.6368],[86.2723,25.6342],[86.2736,25.6298],[86.2855,25.6395],[86.2927,25.6393],[86.2919,25.6544],[86.317,25.6578],[86.3261,25.6567],[86.3262,25.66],[86.3302,25.6619],[86.3317,25.6698],[86.3457,25.6827],[86.3472,25.6885],[86.3542,25.6965],[86.3594,25.6972],[86.3588,25.7],[86.365,25.7055],[86.3717,25.7039],[86.3772,25.7107],[86.3836,25.711],[86.3914,25.7189],[86.387,25.7254],[86.3803,25.729],[86.3716,25.7288],[86.3673,25.7311],[86.366,25.7418],[86.3593,25.7392],[86.351,25.7397],[86.3476,25.7368],[86.3421,25.7396],[86.3299,25.7354],[86.3233,25.7395],[86.3197,25.7382],[86.319,25.7444],[86.3141,25.7418],[86.3099,25.7555],[86.3114,25.7582],[86.3086,25.7606],[86.3038,25.7598],[86.3032,25.7625],[86.2989,25.7636],[86.2925,25.7627],[86.2922,25.7667],[86.2876,25.7628],[86.2784,25.7601],[86.2766,25.7541],[86.2616,25.754],[86.2558,25.7697],[86.2251,25.777],[86.2167,25.7874],[86.2324,25.7959],[86.2367,25.7961],[86.2336,25.8016],[86.2348,25.8068],[86.2248,25.8071],[86.223,25.8109],[86.2261,25.8192],[86.2311,25.8228],[86.2286,25.8411],[86.2397,25.8443],[86.2428,25.8521],[86.2363,25.8543],[86.2331,25.8515],[86.233,25.8585],[86.2295,25.8613],[86.235,25.8643],[86.2343,25.8739],[86.2393,25.881],[86.2338,25.8846],[86.2308,25.8958],[86.2147,25.8925],[86.2133,25.8878],[86.2054,25.8915],[86.1954,25.8923],[86.1937,25.8965],[86.1863,25.8952],[86.1856,25.892],[86.1742,25.8952],[86.1754,25.8887],[86.1702,25.8877],[86.1697,25.8827],[86.1601,25.8813],[86.1568,25.8847],[86.1597,25.8912],[86.1538,25.8972],[86.1277,25.898],[86.1241,25.897],[86.1226,25.8925],[86.1086,25.8943],[86.1084,25.9034],[86.1036,25.9044],[86.1045,25.91],[86.1002,25.9132],[86.1002,25.9034],[86.0955,25.903],[86.093,25.8972],[86.0904,25.9064],[86.087,25.9045],[86.0799,25.9135],[86.0775,25.9098],[86.0749,25.9175],[86.0688,25.9152],[86.0677,25.9198],[86.0628,25.9176],[86.0607,25.923],[86.0529,25.9255],[86.0567,25.9299],[86.0561,25.9327],[86.0533,25.9297],[86.0509,25.9328],[86.0382,25.9308],[86.0363,25.9328],[86.0377,25.9354],[86.0411,25.9351],[86.0458,25.9391],[86.0375,25.9451],[86.0349,25.9419],[86.0215,25.9425],[86.0106,25.9389],[86.0099,25.9419],[86.0061,25.9415],[86.0051,25.9321],[86.0018,25.9332],[86.0012,25.9278],[85.9987,25.9284],[85.9992,25.9337],[85.9919,25.9342],[85.9924,25.942],[85.9966,25.9463],[85.9887,25.9487],[85.9872,25.9527],[85.9668,25.9518],[85.9619,25.9544],[85.9596,25.9591],[85.9542,25.9612],[85.9485,25.9531],[85.946,25.9535],[85.94,25.9571],[85.9418,25.9671],[85.9378,25.9654],[85.9369,25.9589],[85.9306,25.9573],[85.9265,25.9759],[85.9182,25.9833],[85.9111,25.9759],[85.9082,25.9756],[85.8918,25.9875],[85.889,25.9955],[85.8813,25.9955],[85.8779,25.9914],[85.8736,25.9931],[85.87,25.9959],[85.8761,26.005],[85.8761,26.0145],[85.8697,26.0205],[85.8678,26.0279],[85.8553,26.0259],[85.8504,26.0273],[85.8499,26.0323],[85.8543,26.0357],[85.8518,26.0404],[85.8443,26.0403],[85.8403,26.0322],[85.8378,26.0317],[85.821,26.0353],[85.8153,26.0403],[85.7987,26.0414],[85.789,26.0446],[85.7816,26.0398],[85.775,26.0453],[85.7732,26.0501],[85.7685,26.0525],[85.7689,26.0565],[85.7659,26.0571],[85.7586,26.0397],[85.752,26.0418],[85.7419,26.0496],[85.735,26.0379],[85.7306,26.0383],[85.7274,26.047],[85.7194,26.0489],[85.7242,26.0543],[85.7222,26.0588],[85.7288,26.0653],[85.7299,26.0706],[85.7198,26.0673],[85.7196,26.0818],[85.7149,26.0886]]]},"properties":{"dtname":"Samastipur","stname":"BIHAR","stcode11":"10","dtcode11":"221","year_stat":"2011_c","Shape_Length":509972.37092058285,"Shape_Area":3327007887.668096,"OBJECTID":326,"test":0,"Dist_LGD":217,"State_LGD":10}},{"type":"Feature","id":333,"geometry":{"type":"Polygon","coordinates":[[[87.825,25.8816],[87.8125,25.8817],[87.8071,25.8763],[87.8115,25.8696],[87.8175,25.8707],[87.8167,25.8589],[87.8212,25.8602],[87.8175,25.8458],[87.8128,25.8454],[87.8108,25.8487],[87.8016,25.8481],[87.7967,25.8443],[87.8176,25.8314],[87.8265,25.8036],[87.8296,25.7997],[87.8278,25.7956],[87.8305,25.7864],[87.8237,25.7862],[87.8089,25.779],[87.8048,25.7687],[87.8101,25.7675],[87.8045,25.7583],[87.7979,25.7586],[87.7903,25.7635],[87.7859,25.7627],[87.7812,25.757],[87.7869,25.7512],[87.7926,25.75],[87.7914,25.7449],[87.78,25.7446],[87.7758,25.7489],[87.7782,25.7526],[87.7738,25.7558],[87.7672,25.7562],[87.752,25.7508],[87.748,25.7619],[87.7391,25.7659],[87.7357,25.7636],[87.731,25.7653],[87.7244,25.7636],[87.7203,25.7648],[87.7201,25.7669],[87.7103,25.7653],[87.7107,25.7573],[87.7082,25.7575],[87.708,25.7547],[87.7031,25.7587],[87.6993,25.7577],[87.6981,25.7556],[87.7001,25.7544],[87.6965,25.7531],[87.7035,25.7496],[87.6878,25.7503],[87.685,25.747],[87.687,25.7417],[87.6841,25.736],[87.6865,25.7331],[87.681,25.7271],[87.6845,25.7219],[87.681,25.7211],[87.6819,25.7122],[87.6797,25.7116],[87.6833,25.7079],[87.6817,25.7046],[87.6843,25.7016],[87.6776,25.6995],[87.6752,25.7047],[87.6731,25.7044],[87.6672,25.6889],[87.6572,25.6854],[87.6524,25.6868],[87.6495,25.6827],[87.6418,25.6873],[87.6409,25.6941],[87.6382,25.6945],[87.6271,25.6864],[87.6185,25.6849],[87.6163,25.6823],[87.6048,25.6864],[87.6019,25.6854],[87.5944,25.6912],[87.5823,25.6862],[87.5759,25.69],[87.5727,25.6892],[87.57,25.684],[87.5573,25.6895],[87.5559,25.6866],[87.5601,25.6841],[87.5552,25.6849],[87.5522,25.6813],[87.5553,25.6815],[87.5562,25.6793],[87.5588,25.6811],[87.5632,25.6772],[87.5712,25.6785],[87.5715,25.6747],[87.575,25.6724],[87.5739,25.6693],[87.5776,25.6696],[87.5751,25.6663],[87.5764,25.6645],[87.5715,25.6632],[87.574,25.6604],[87.5712,25.6594],[87.5696,25.6628],[87.5607,25.6605],[87.557,25.6659],[87.5508,25.6661],[87.5528,25.671],[87.5393,25.6709],[87.5369,25.6829],[87.54,25.6869],[87.537,25.6872],[87.5323,25.683],[87.5295,25.6842],[87.5305,25.6759],[87.5257,25.6737],[87.5231,25.677],[87.5054,25.6812],[87.5066,25.6721],[87.5047,25.667],[87.5013,25.67],[87.49,25.67],[87.4884,25.6744],[87.485,25.6731],[87.4819,25.677],[87.4814,25.6838],[87.4333,25.6833],[87.4303,25.6778],[87.4147,25.6751],[87.4139,25.6795],[87.4,25.6788],[87.3919,25.6838],[87.3884,25.6812],[87.3812,25.6852],[87.3748,25.6815],[87.365,25.6897],[87.3518,25.6873],[87.3526,25.6845],[87.3378,25.6824],[87.3357,25.6863],[87.3333,25.6856],[87.333,25.6888],[87.3205,25.6884],[87.3135,25.6938],[87.3032,25.6939],[87.3025,25.698],[87.2963,25.7023],[87.2785,25.703],[87.2757,25.7154],[87.2591,25.7173],[87.2527,25.7103],[87.2474,25.7101],[87.2401,25.7013],[87.2407,25.6956],[87.2475,25.687],[87.2477,25.6833],[87.2533,25.6806],[87.2598,25.6713],[87.257,25.6675],[87.2623,25.6526],[87.2688,25.6509],[87.2705,25.6476],[87.2781,25.6467],[87.2762,25.6441],[87.258,25.6417],[87.25,25.6329],[87.2485,25.6261],[87.2488,25.6228],[87.2541,25.6221],[87.2506,25.5993],[87.257,25.5982],[87.2598,25.5899],[87.2576,25.5854],[87.2585,25.576],[87.2635,25.5726],[87.2606,25.5688],[87.2662,25.5675],[87.2682,25.5624],[87.2651,25.5582],[87.2573,25.558],[87.2544,25.5499],[87.2426,25.5486],[87.2422,25.5414],[87.2233,25.5371],[87.2264,25.5268],[87.2202,25.5084],[87.2081,25.5084],[87.2075,25.5005],[87.2123,25.4966],[87.2093,25.4829],[87.2148,25.4785],[87.2285,25.4793],[87.2279,25.4759],[87.231,25.4732],[87.2297,25.4708],[87.2331,25.4657],[87.2279,25.4588],[87.226,25.4537],[87.2275,25.4492],[87.2225,25.4378],[87.2127,25.4299],[87.207,25.4293],[87.2004,25.4206],[87.2007,25.4147],[87.2137,25.4127],[87.2156,25.4103],[87.2172,25.4036],[87.2153,25.392],[87.2289,25.3801],[87.2295,25.3766],[87.2383,25.3766],[87.2446,25.3814],[87.2767,25.3715],[87.263,25.3515],[87.2687,25.3532],[87.2713,25.3591],[87.2752,25.3578],[87.2813,25.3667],[87.293,25.3944],[87.2921,25.3997],[87.3018,25.4035],[87.3091,25.4021],[87.3149,25.4086],[87.3217,25.4082],[87.3392,25.4167],[87.3574,25.4154],[87.3654,25.4247],[87.3688,25.4186],[87.3644,25.4154],[87.3671,25.4094],[87.382,25.4056],[87.4059,25.3913],[87.409,25.3929],[87.4063,25.3862],[87.408,25.3808],[87.4301,25.375],[87.4351,25.3815],[87.4422,25.3635],[87.454,25.3599],[87.4616,25.367],[87.4792,25.3666],[87.4872,25.3693],[87.5009,25.3516],[87.514,25.3539],[87.5257,25.3485],[87.5244,25.3553],[87.5266,25.3562],[87.5287,25.3549],[87.5298,25.3478],[87.5271,25.3427],[87.5355,25.3376],[87.5415,25.3305],[87.5447,25.3324],[87.5711,25.3334],[87.5746,25.3409],[87.5828,25.3435],[87.584,25.3495],[87.5918,25.342],[87.5844,25.3336],[87.5849,25.3307],[87.5935,25.3253],[87.5923,25.3224],[87.6117,25.3129],[87.6179,25.3181],[87.6272,25.3116],[87.6305,25.3197],[87.6364,25.3136],[87.6386,25.3147],[87.6549,25.3076],[87.6635,25.3079],[87.6643,25.3114],[87.6656,25.3091],[87.6669,25.3107],[87.6754,25.3069],[87.6737,25.3129],[87.692,25.3116],[87.6845,25.3097],[87.685,25.3061],[87.6955,25.3067],[87.6984,25.304],[87.6953,25.3001],[87.6997,25.2974],[87.6933,25.2847],[87.7113,25.2747],[87.711,25.2576],[87.7429,25.2641],[87.7628,25.2656],[87.7729,25.2608],[87.7885,25.2584],[87.7988,25.2514],[87.8136,25.2472],[87.8185,25.242],[87.8295,25.2492],[87.8343,25.2587],[87.8466,25.2646],[87.8452,25.2736],[87.8513,25.2801],[87.8524,25.2952],[87.8462,25.3051],[87.8276,25.3117],[87.8084,25.3276],[87.7928,25.3296],[87.7842,25.3401],[87.7895,25.3769],[87.7761,25.3769],[87.7667,25.3811],[87.7643,25.386],[87.7665,25.3991],[87.7705,25.4051],[87.7674,25.4082],[87.7669,25.4162],[87.7699,25.4161],[87.7738,25.41],[87.7786,25.4104],[87.7769,25.4242],[87.7734,25.4288],[87.7756,25.4311],[87.7805,25.4307],[87.7852,25.4372],[87.787,25.4493],[87.8027,25.4441],[87.8143,25.435],[87.824,25.4365],[87.8266,25.4408],[87.8258,25.4469],[87.8288,25.446],[87.8303,25.4489],[87.8306,25.4619],[87.839,25.4616],[87.8392,25.468],[87.8535,25.4672],[87.8551,25.4715],[87.8629,25.4695],[87.8627,25.4631],[87.8684,25.4681],[87.8636,25.4794],[87.8651,25.4938],[87.8742,25.5047],[87.8812,25.5054],[87.8854,25.5093],[87.8822,25.5171],[87.884,25.5206],[87.8897,25.5181],[87.8932,25.5115],[87.8968,25.5101],[87.8972,25.504],[87.9027,25.5048],[87.9043,25.5083],[87.9085,25.5091],[87.9059,25.5123],[87.9131,25.5246],[87.9127,25.5273],[87.9172,25.5284],[87.9155,25.5336],[87.924,25.5345],[87.9271,25.539],[87.9389,25.5346],[87.9409,25.5366],[87.9466,25.535],[87.9474,25.5381],[87.9548,25.536],[87.9592,25.5387],[87.9662,25.5363],[87.9689,25.5299],[87.9741,25.5257],[87.9848,25.5256],[87.9861,25.5192],[87.9954,25.5117],[87.9978,25.4994],[88.0073,25.4961],[88.0017,25.5138],[88.0135,25.5141],[88.0171,25.5116],[88.0196,25.5012],[88.0306,25.4907],[88.0369,25.4915],[88.0385,25.489],[88.0489,25.4856],[88.0517,25.4894],[88.0561,25.4903],[88.0656,25.4892],[88.0667,25.4866],[88.0732,25.4837],[88.0719,25.5041],[88.0738,25.5072],[88.077,25.5068],[88.0672,25.5081],[88.0667,25.511],[88.0718,25.5146],[88.0654,25.5232],[88.0694,25.5261],[88.0597,25.5264],[88.065,25.532],[88.0624,25.5365],[88.0542,25.5412],[88.0522,25.5492],[88.0408,25.553],[88.0365,25.5507],[88.0314,25.5541],[88.0287,25.5614],[88.0402,25.5737],[88.0362,25.5751],[88.0316,25.5665],[88.0209,25.5705],[88.0312,25.5761],[88.0352,25.5811],[88.0344,25.5828],[88.0245,25.5826],[88.0216,25.5962],[88.0266,25.6032],[88.0332,25.5996],[88.0397,25.6009],[88.0396,25.6038],[88.0329,25.6041],[88.0309,25.6073],[88.0437,25.6104],[88.0379,25.6156],[88.0427,25.6159],[88.0428,25.6185],[88.0351,25.6257],[88.0344,25.6306],[88.0397,25.6393],[88.0478,25.6388],[88.0552,25.6448],[88.0453,25.6423],[88.036,25.6488],[88.038,25.6537],[88.0444,25.6519],[88.046,25.655],[88.0507,25.6543],[88.047,25.6612],[88.0512,25.6654],[88.0487,25.682],[88.0545,25.6866],[88.0553,25.6915],[88.0497,25.7022],[88.0441,25.7003],[88.0323,25.7043],[88.021,25.6964],[88.0187,25.6996],[88.0215,25.7103],[88.0127,25.7108],[88.0022,25.7161],[88.0006,25.7229],[87.9938,25.7236],[87.9915,25.7266],[87.9849,25.7244],[87.9839,25.7206],[87.9679,25.7261],[87.9683,25.7343],[87.9585,25.7411],[87.9561,25.7455],[87.9514,25.7469],[87.9502,25.7532],[87.9472,25.7512],[87.9504,25.7583],[87.9456,25.7603],[87.9451,25.7699],[87.9424,25.7706],[87.942,25.7743],[87.9351,25.7734],[87.9369,25.7685],[87.9258,25.777],[87.9085,25.7744],[87.9096,25.77],[87.9044,25.7725],[87.903,25.7761],[87.9061,25.7821],[87.9087,25.7795],[87.9099,25.7809],[87.9074,25.7855],[87.9053,25.8026],[87.9103,25.8037],[87.9071,25.8072],[87.9001,25.8071],[87.9042,25.8136],[87.908,25.8117],[87.9086,25.8151],[87.9108,25.815],[87.9161,25.8114],[87.9177,25.8162],[87.9003,25.8232],[87.8996,25.8265],[87.9038,25.8272],[87.9057,25.8306],[87.8981,25.8321],[87.8955,25.8272],[87.8892,25.8298],[87.8934,25.8365],[87.8953,25.8341],[87.8977,25.8369],[87.9034,25.8331],[87.8987,25.838],[87.9058,25.8371],[87.9031,25.8407],[87.9093,25.8402],[87.9042,25.8429],[87.9157,25.8534],[87.9126,25.8525],[87.9059,25.8575],[87.9015,25.8574],[87.9022,25.8611],[87.8923,25.8658],[87.883,25.8594],[87.8758,25.8605],[87.8747,25.8682],[87.8721,25.8655],[87.8679,25.8683],[87.8578,25.8648],[87.8496,25.8694],[87.8307,25.8709],[87.8282,25.8798],[87.825,25.8816]]]},"properties":{"dtname":"Katihar","stname":"BIHAR","stcode11":"10","dtcode11":"212","year_stat":"2011_c","Shape_Length":539345.3076290344,"Shape_Area":3747668228.033371,"OBJECTID":333,"test":1,"Dist_LGD":201,"State_LGD":10}},{"type":"Feature","id":343,"geometry":{"type":"Polygon","coordinates":[[[86.4131,25.7313],[86.4082,25.7301],[86.4159,25.7278],[86.4135,25.7213],[86.3988,25.7235],[86.3836,25.711],[86.3772,25.7107],[86.3717,25.7039],[86.365,25.7055],[86.3625,25.7036],[86.3588,25.7],[86.3594,25.6972],[86.3542,25.6965],[86.3472,25.6885],[86.3457,25.6827],[86.3317,25.6698],[86.3302,25.6619],[86.3262,25.66],[86.3261,25.6567],[86.317,25.6578],[86.2919,25.6544],[86.2945,25.6325],[86.2902,25.6263],[86.288,25.62],[86.2891,25.6155],[86.2855,25.6069],[86.2809,25.6058],[86.2789,25.5962],[86.2852,25.5846],[86.2911,25.5822],[86.2926,25.5783],[86.2991,25.5745],[86.2981,25.573],[86.2864,25.5783],[86.2836,25.5622],[86.2829,25.543],[86.2914,25.5449],[86.2917,25.537],[86.298,25.5372],[86.2927,25.5226],[86.2946,25.5263],[86.2987,25.5273],[86.3076,25.5237],[86.3183,25.5246],[86.3258,25.5075],[86.3266,25.5147],[86.3303,25.5178],[86.3364,25.4991],[86.3292,25.4928],[86.3396,25.486],[86.3432,25.4878],[86.3428,25.4989],[86.3586,25.4997],[86.3663,25.5026],[86.3677,25.5005],[86.3658,25.4961],[86.3569,25.4906],[86.3536,25.4854],[86.3457,25.4844],[86.3461,25.4827],[86.3517,25.4832],[86.3503,25.4783],[86.353,25.4759],[86.365,25.4824],[86.3661,25.4926],[86.3697,25.4945],[86.3711,25.4938],[86.368,25.4913],[86.3727,25.4926],[86.3761,25.4867],[86.3682,25.4839],[86.3667,25.4788],[86.3747,25.479],[86.3827,25.4828],[86.3866,25.4817],[86.3848,25.4899],[86.3953,25.4982],[86.3992,25.505],[86.4084,25.5051],[86.4101,25.5005],[86.4152,25.4966],[86.4209,25.4966],[86.4243,25.4998],[86.428,25.4924],[86.4245,25.4928],[86.4198,25.4773],[86.4299,25.4777],[86.4371,25.475],[86.4379,25.4693],[86.4444,25.4685],[86.4486,25.4547],[86.4595,25.4433],[86.5033,25.4217],[86.5083,25.4456],[86.5265,25.4582],[86.5405,25.4917],[86.5451,25.4926],[86.5448,25.4905],[86.5517,25.4866],[86.5531,25.4969],[86.5687,25.4938],[86.5761,25.4883],[86.5773,25.4803],[86.5752,25.4784],[86.5825,25.4568],[86.5846,25.4513],[86.5878,25.4509],[86.5983,25.4268],[86.6018,25.4266],[86.6168,25.4132],[86.6265,25.4077],[86.6383,25.3956],[86.6416,25.3887],[86.641,25.373],[86.6366,25.367],[86.6246,25.3583],[86.624,25.3532],[86.6321,25.3529],[86.6316,25.349],[86.6498,25.3274],[86.6343,25.3046],[86.6427,25.2794],[86.6472,25.2735],[86.6532,25.268],[86.6757,25.2639],[86.6892,25.266],[86.7168,25.2646],[86.7232,25.2615],[86.7254,25.2539],[86.7348,25.2567],[86.7581,25.2716],[86.7574,25.2673],[86.762,25.2674],[86.7784,25.2755],[86.7728,25.2867],[86.7816,25.2964],[86.7793,25.2998],[86.7884,25.3068],[86.7838,25.3111],[86.7871,25.3127],[86.7873,25.3168],[86.7843,25.3248],[86.8017,25.3325],[86.8106,25.3276],[86.8144,25.3293],[86.818,25.3361],[86.822,25.3356],[86.8249,25.3424],[86.8325,25.3502],[86.8416,25.3571],[86.8569,25.3636],[86.854,25.376],[86.8474,25.3817],[86.8423,25.3815],[86.8362,25.3875],[86.838,25.3948],[86.8335,25.3997],[86.8323,25.4055],[86.8195,25.4119],[86.8229,25.4216],[86.822,25.4275],[86.826,25.4315],[86.8271,25.4397],[86.8183,25.4456],[86.8107,25.4575],[86.8127,25.4592],[86.8178,25.4579],[86.8174,25.4685],[86.8145,25.4689],[86.8121,25.4657],[86.812,25.4681],[86.809,25.4681],[86.8115,25.4712],[86.8193,25.4698],[86.8241,25.4716],[86.8269,25.479],[86.8307,25.4812],[86.8255,25.49],[86.828,25.4949],[86.8265,25.5014],[86.8355,25.5138],[86.8394,25.5141],[86.8408,25.526],[86.8449,25.5293],[86.8447,25.5361],[86.8402,25.543],[86.84,25.5525],[86.8507,25.5711],[86.847,25.5689],[86.8457,25.572],[86.8507,25.5779],[86.8495,25.5796],[86.8445,25.5784],[86.8431,25.5822],[86.8388,25.5833],[86.839,25.5892],[86.8365,25.591],[86.841,25.5959],[86.8409,25.6002],[86.8378,25.6061],[86.8386,25.6175],[86.8308,25.6207],[86.8219,25.6175],[86.8198,25.6292],[86.8111,25.6314],[86.8114,25.6345],[86.804,25.6373],[86.801,25.6326],[86.7908,25.6313],[86.7799,25.6244],[86.7633,25.6238],[86.7651,25.6279],[86.7632,25.6298],[86.7656,25.6318],[86.7624,25.6399],[86.7594,25.6423],[86.7518,25.6396],[86.7446,25.6415],[86.7395,25.6473],[86.7394,25.6528],[86.7334,25.6566],[86.7322,25.661],[86.7245,25.663],[86.7195,25.6617],[86.7156,25.6546],[86.7086,25.653],[86.7089,25.645],[86.715,25.6417],[86.7107,25.6353],[86.7076,25.644],[86.7023,25.6479],[86.6881,25.6438],[86.6848,25.6397],[86.6862,25.6367],[86.6831,25.6319],[86.6836,25.6258],[86.6775,25.6283],[86.6746,25.6199],[86.6668,25.6225],[86.6664,25.6302],[86.6635,25.6321],[86.6622,25.6381],[86.6587,25.6408],[86.6512,25.641],[86.6431,25.6322],[86.6246,25.6271],[86.615,25.6274],[86.6064,25.6213],[86.5972,25.6217],[86.5909,25.6136],[86.5932,25.6124],[86.5894,25.6099],[86.5977,25.5991],[86.5946,25.5957],[86.5906,25.5974],[86.5848,25.5905],[86.5835,25.5934],[86.5895,25.5981],[86.5747,25.6052],[86.5694,25.6005],[86.5663,25.6007],[86.5583,25.6136],[86.55,25.6053],[86.5456,25.6115],[86.5423,25.6112],[86.5411,25.6052],[86.5342,25.6091],[86.5295,25.6069],[86.5109,25.6109],[86.5056,25.621],[86.4957,25.6182],[86.4929,25.6245],[86.4856,25.6306],[86.4838,25.6386],[86.4772,25.6406],[86.4761,25.6482],[86.4834,25.6573],[86.4743,25.6538],[86.4741,25.6571],[86.4786,25.6599],[86.4757,25.6652],[86.47,25.6646],[86.4679,25.6765],[86.461,25.6751],[86.459,25.677],[86.4612,25.6823],[86.4526,25.6824],[86.453,25.6847],[86.4603,25.6885],[86.4636,25.7002],[86.4604,25.7021],[86.4599,25.6947],[86.4574,25.6926],[86.4493,25.6967],[86.4493,25.6897],[86.4367,25.6972],[86.4378,25.701],[86.4313,25.7102],[86.4253,25.706],[86.4258,25.7148],[86.4287,25.7184],[86.4194,25.7181],[86.4243,25.7257],[86.4131,25.7313]]]},"properties":{"dtname":"Khagaria","stname":"BIHAR","stcode11":"10","dtcode11":"223","year_stat":"2011_c","Shape_Length":330419.99250221066,"Shape_Area":1840770282.948833,"OBJECTID":343,"test":1,"Dist_LGD":202,"State_LGD":10}},{"type":"Feature","id":344,"geometry":{"type":"Polygon","coordinates":[[[84.3854,25.7465],[84.3778,25.7386],[84.3737,25.7436],[84.3719,25.7417],[84.3769,25.7364],[84.3751,25.7346],[84.3646,25.7419],[84.3361,25.7434],[84.3285,25.7311],[84.3294,25.7088],[84.324,25.6704],[84.3192,25.6675],[84.322,25.6664],[84.3086,25.6625],[84.2963,25.6505],[84.3072,25.6466],[84.3166,25.6529],[84.3237,25.6524],[84.3399,25.6474],[84.3356,25.6438],[84.3422,25.6451],[84.3488,25.6389],[84.3462,25.6217],[84.3377,25.6114],[84.33,25.5931],[84.3344,25.5775],[84.3323,25.564],[84.3258,25.5589],[84.3264,25.5369],[84.3293,25.5319],[84.3284,25.519],[84.3441,25.518],[84.3437,25.5064],[84.341,25.5037],[84.3398,25.4936],[84.3533,25.4923],[84.3516,25.4744],[84.3643,25.4718],[84.3578,25.4567],[84.3531,25.4525],[84.347,25.4495],[84.3403,25.45],[84.3453,25.4436],[84.3514,25.4434],[84.3482,25.4327],[84.3209,25.4342],[84.3166,25.4246],[84.3059,25.4222],[84.3068,25.4047],[84.3095,25.4026],[84.3074,25.3865],[84.3012,25.3863],[84.2935,25.3907],[84.2896,25.3892],[84.2842,25.3653],[84.2731,25.36],[84.2764,25.3588],[84.2761,25.3543],[84.2833,25.3529],[84.2798,25.3427],[84.2794,25.338],[84.2823,25.3374],[84.2796,25.3299],[84.2914,25.3254],[84.308,25.3281],[84.3093,25.323],[84.3216,25.3215],[84.321,25.3157],[84.3273,25.3139],[84.3264,25.3016],[84.3365,25.296],[84.3359,25.293],[84.3256,25.2921],[84.3225,25.2887],[84.3264,25.2848],[84.3346,25.2829],[84.3225,25.2703],[84.3314,25.2618],[84.3268,25.2404],[84.3329,25.2378],[84.3331,25.2349],[84.3285,25.2235],[84.3231,25.2224],[84.3203,25.2133],[84.3334,25.2069],[84.3324,25.2034],[84.3342,25.2025],[84.3407,25.2007],[84.3415,25.2029],[84.3494,25.2026],[84.3571,25.2001],[84.3569,25.1913],[84.3674,25.1938],[84.372,25.1923],[84.3822,25.1958],[84.3863,25.195],[84.3865,25.1913],[84.4038,25.1846],[84.405,25.1882],[84.4032,25.19],[84.4077,25.1949],[84.4289,25.1867],[84.4379,25.178],[84.4634,25.1611],[84.4839,25.1828],[84.5208,25.2072],[84.5313,25.2103],[84.5561,25.2117],[84.5709,25.2188],[84.59,25.2228],[84.6289,25.2375],[84.6376,25.2442],[84.638,25.2468],[84.6409,25.2462],[84.6504,25.2577],[84.6709,25.2959],[84.6829,25.3063],[84.714,25.3198],[84.7267,25.334],[84.734,25.3537],[84.7342,25.3607],[84.7479,25.3812],[84.7543,25.4072],[84.7665,25.4202],[84.7731,25.4345],[84.7723,25.4385],[84.7789,25.4481],[84.7734,25.4624],[84.7566,25.4898],[84.755,25.5029],[84.772,25.5404],[84.7941,25.5604],[84.797,25.5653],[84.7959,25.5677],[84.8086,25.5697],[84.8196,25.5812],[84.8221,25.5905],[84.8148,25.5933],[84.8182,25.609],[84.8311,25.623],[84.8214,25.6222],[84.8239,25.6382],[84.8318,25.6511],[84.842,25.6579],[84.8319,25.6604],[84.8222,25.6674],[84.8225,25.6705],[84.8303,25.6801],[84.8469,25.6791],[84.8507,25.6993],[84.845,25.6956],[84.8395,25.6959],[84.8395,25.6936],[84.8087,25.7011],[84.8083,25.6935],[84.8216,25.6922],[84.821,25.6888],[84.8079,25.687],[84.8059,25.6911],[84.797,25.6949],[84.7831,25.6916],[84.7781,25.6931],[84.7724,25.6978],[84.769,25.6971],[84.7643,25.6998],[84.7637,25.7058],[84.7478,25.7091],[84.7476,25.7121],[84.7237,25.7056],[84.6925,25.7043],[84.67,25.7139],[84.6587,25.7126],[84.6515,25.7078],[84.6329,25.708],[84.6226,25.7158],[84.6225,25.7216],[84.6284,25.7199],[84.6286,25.7216],[84.6125,25.7298],[84.5995,25.7297],[84.6004,25.7384],[84.5603,25.7369],[84.5645,25.7173],[84.562,25.6865],[84.5575,25.6796],[84.5512,25.6859],[84.5354,25.6905],[84.5397,25.7268],[84.5346,25.7243],[84.5291,25.6827],[84.5202,25.675],[84.5076,25.6818],[84.5052,25.6768],[84.4992,25.6749],[84.4918,25.6761],[84.4934,25.6907],[84.4706,25.687],[84.4657,25.6913],[84.4682,25.6982],[84.4623,25.6973],[84.464,25.7004],[84.4621,25.7089],[84.4528,25.7091],[84.4535,25.714],[84.4442,25.7103],[84.4442,25.7081],[84.4403,25.708],[84.4403,25.7107],[84.4297,25.7111],[84.4315,25.7074],[84.4268,25.6931],[84.423,25.6924],[84.4147,25.6975],[84.4066,25.6979],[84.401,25.7079],[84.4065,25.7156],[84.3983,25.7253],[84.4,25.7288],[84.3843,25.7321],[84.3879,25.737],[84.3902,25.7363],[84.3938,25.7436],[84.3854,25.7465]]]},"properties":{"dtname":"Bhojpur","stname":"BIHAR","stcode11":"10","dtcode11":"231","year_stat":"2011_c","Shape_Length":331452.36026099196,"Shape_Area":2988174868.0757313,"OBJECTID":344,"test":0,"Dist_LGD":193,"State_LGD":10}},{"type":"Feature","id":346,"geometry":{"type":"Polygon","coordinates":[[[84.1399,25.7317],[84.1288,25.7237],[84.1051,25.7212],[84.0892,25.7134],[84.075,25.6953],[84.0852,25.652],[84.0813,25.6365],[84.0466,25.6271],[84.0174,25.6148],[83.9574,25.5702],[83.9246,25.5543],[83.9142,25.5452],[83.9021,25.5241],[83.8942,25.5199],[83.8762,25.5181],[83.8742,25.5096],[83.8778,25.4993],[83.8716,25.4932],[83.8708,25.4875],[83.8636,25.4844],[83.8568,25.4686],[83.8328,25.4576],[83.8249,25.4658],[83.8166,25.4628],[83.8128,25.4482],[83.8196,25.4503],[83.8254,25.4459],[83.8419,25.4469],[83.847,25.4354],[83.833,25.4311],[83.8329,25.4357],[83.8292,25.4362],[83.8124,25.4296],[83.8045,25.4307],[83.8006,25.4289],[83.801,25.4255],[83.813,25.4231],[83.8142,25.4201],[83.8071,25.4083],[83.7912,25.3976],[83.7863,25.3961],[83.7796,25.3985],[83.7785,25.3962],[83.782,25.3937],[83.7724,25.3865],[83.7769,25.3845],[83.7758,25.3807],[83.7798,25.3775],[83.7765,25.3764],[83.7799,25.3745],[83.7783,25.3716],[83.7804,25.3682],[83.7838,25.3677],[83.7854,25.3713],[83.7945,25.3676],[83.798,25.3705],[83.8025,25.3689],[83.8025,25.3724],[83.8101,25.3717],[83.8111,25.3646],[83.8132,25.3649],[83.8201,25.3518],[83.8251,25.3507],[83.8303,25.3443],[83.8388,25.3446],[83.8433,25.3398],[83.8415,25.3364],[83.8636,25.3269],[83.868,25.3189],[83.8754,25.3125],[83.8836,25.3124],[83.8938,25.3011],[83.896,25.3013],[83.8944,25.2981],[83.8974,25.2929],[83.9074,25.2955],[83.9259,25.2931],[83.9288,25.2908],[83.9284,25.288],[83.935,25.2896],[83.9403,25.2851],[83.9448,25.2879],[83.9459,25.2838],[83.9483,25.2856],[83.9512,25.2836],[83.9527,25.2856],[83.9575,25.2838],[83.9571,25.2823],[83.9703,25.2779],[83.9765,25.2699],[83.9898,25.2644],[83.998,25.2706],[84.0149,25.2619],[84.0181,25.2629],[84.0194,25.2697],[84.0353,25.2675],[84.0396,25.2811],[84.039,25.2876],[84.0474,25.2883],[84.0475,25.2992],[84.0572,25.2978],[84.059,25.3004],[84.0592,25.3087],[84.0557,25.3116],[84.0563,25.3171],[84.0536,25.3177],[84.0494,25.3253],[84.0504,25.3273],[84.0416,25.3328],[84.0374,25.332],[84.0351,25.3377],[84.0352,25.3433],[84.0452,25.3428],[84.0527,25.3506],[84.0542,25.357],[84.0452,25.3584],[84.0469,25.3705],[84.0453,25.375],[84.077,25.3697],[84.0791,25.3657],[84.0892,25.3654],[84.0954,25.3615],[84.1009,25.3618],[84.0991,25.3684],[84.1039,25.3679],[84.104,25.3624],[84.1176,25.3588],[84.1206,25.3587],[84.1223,25.3641],[84.1294,25.364],[84.1308,25.3696],[84.1399,25.3703],[84.1408,25.3733],[84.1493,25.3727],[84.1511,25.37],[84.1634,25.3673],[84.1668,25.3712],[84.1825,25.3698],[84.1827,25.3675],[84.2123,25.367],[84.2187,25.362],[84.2169,25.3538],[84.2196,25.3533],[84.2197,25.3464],[84.2315,25.3447],[84.2351,25.3567],[84.2675,25.3531],[84.2741,25.3621],[84.2837,25.3647],[84.2896,25.3892],[84.2935,25.3907],[84.3012,25.3863],[84.3074,25.3865],[84.3095,25.4026],[84.3068,25.4047],[84.3053,25.4214],[84.3166,25.4246],[84.3209,25.4342],[84.3482,25.4327],[84.3514,25.4434],[84.3453,25.4436],[84.3403,25.45],[84.347,25.4495],[84.3531,25.4525],[84.3578,25.4567],[84.3643,25.4718],[84.3516,25.4744],[84.3533,25.4923],[84.3398,25.4936],[84.341,25.5037],[84.3437,25.5064],[84.3441,25.518],[84.3284,25.519],[84.3293,25.5319],[84.3264,25.5369],[84.3258,25.5589],[84.3323,25.564],[84.3344,25.5775],[84.33,25.5931],[84.3377,25.6114],[84.3462,25.6217],[84.3488,25.6389],[84.3422,25.6451],[84.3356,25.6438],[84.3399,25.6474],[84.3237,25.6524],[84.3166,25.6529],[84.3072,25.6466],[84.2963,25.6505],[84.3086,25.6625],[84.322,25.6664],[84.3167,25.6664],[84.3165,25.6716],[84.2987,25.6709],[84.2976,25.6765],[84.2926,25.6746],[84.2872,25.6766],[84.2866,25.6741],[84.2909,25.6698],[84.299,25.6677],[84.2998,25.6646],[84.2929,25.6601],[84.2232,25.6625],[84.2078,25.6688],[84.2058,25.6698],[84.1989,25.7022],[84.1744,25.7177],[84.1741,25.7207],[84.1699,25.7229],[84.1668,25.7216],[84.1544,25.7274],[84.1547,25.7293],[84.1488,25.7271],[84.1526,25.727],[84.1557,25.7239],[84.1524,25.7233],[84.1503,25.7192],[84.1389,25.7159],[84.1298,25.7178],[84.1352,25.7241],[84.1416,25.722],[84.1421,25.7283],[84.1399,25.7317]]]},"properties":{"dtname":"Buxar","stname":"BIHAR","stcode11":"10","dtcode11":"232","year_stat":"2011_c","Shape_Length":285673.9417051537,"Shape_Area":2052514825.3532996,"OBJECTID":346,"test":0,"Dist_LGD":194,"State_LGD":10}},{"type":"Feature","id":351,"geometry":{"type":"Polygon","coordinates":[[[85.7224,26.4464],[85.7152,26.4435],[85.7117,26.4464],[85.709,26.4436],[85.7059,26.4441],[85.7059,26.4376],[85.7121,26.4347],[85.7063,26.4213],[85.6971,26.4144],[85.6885,26.4138],[85.6874,26.4026],[85.6969,26.3904],[85.6949,26.3898],[85.6909,26.3759],[85.6962,26.3743],[85.6998,26.3764],[85.7058,26.3621],[85.715,26.3605],[85.7146,26.3576],[85.7043,26.3558],[85.7004,26.3521],[85.6821,26.3558],[85.6767,26.3513],[85.6855,26.3491],[85.6861,26.3449],[85.6943,26.3434],[85.701,26.3367],[85.7012,26.3516],[85.7208,26.3491],[85.7301,26.3418],[85.7274,26.3276],[85.734,26.3223],[85.7298,26.3149],[85.7246,26.3168],[85.728,26.3093],[85.7223,26.3071],[85.7222,26.3128],[85.7131,26.3128],[85.7097,26.3076],[85.7067,26.3082],[85.704,26.3023],[85.7054,26.295],[85.7158,26.2924],[85.7153,26.2772],[85.7178,26.2757],[85.7168,26.2716],[85.7077,26.2702],[85.7058,26.2655],[85.7018,26.2653],[85.6955,26.2563],[85.7018,26.2493],[85.7054,26.2488],[85.7083,26.2514],[85.7172,26.2488],[85.7141,26.2399],[85.6999,26.239],[85.6964,26.226],[85.7066,26.2255],[85.707,26.2156],[85.7102,26.2151],[85.7104,26.2114],[85.7185,26.2098],[85.7177,26.2017],[85.7252,26.2012],[85.7235,26.1875],[85.7253,26.1801],[85.724,26.1768],[85.7208,26.1765],[85.7211,26.1642],[85.7418,26.1607],[85.7463,26.1517],[85.7601,26.1494],[85.7593,26.1444],[85.7644,26.1425],[85.7531,26.1293],[85.7501,26.1322],[85.7398,26.1304],[85.7386,26.127],[85.728,26.1257],[85.7264,26.1128],[85.7284,26.1104],[85.7328,26.1111],[85.7341,26.1075],[85.7264,26.1061],[85.7167,26.109],[85.7149,26.107],[85.7135,26.09],[85.7194,26.0826],[85.7197,26.0676],[85.7299,26.0706],[85.7288,26.0653],[85.7222,26.0588],[85.7242,26.0543],[85.7198,26.05],[85.7202,26.0476],[85.7274,26.047],[85.7289,26.0401],[85.7333,26.0374],[85.7419,26.0496],[85.752,26.0418],[85.7586,26.0397],[85.7659,26.0571],[85.7689,26.0565],[85.7685,26.0525],[85.7732,26.0501],[85.775,26.0453],[85.7816,26.0398],[85.789,26.0446],[85.7987,26.0414],[85.8153,26.0403],[85.821,26.0353],[85.8378,26.0317],[85.8403,26.0322],[85.8443,26.0403],[85.8518,26.0404],[85.8543,26.0357],[85.8499,26.0323],[85.8504,26.0273],[85.8553,26.0259],[85.8678,26.0279],[85.8697,26.0205],[85.8761,26.0145],[85.8761,26.005],[85.87,25.9959],[85.8779,25.9914],[85.8813,25.9955],[85.889,25.9955],[85.8918,25.9875],[85.9069,25.9759],[85.9111,25.9759],[85.9182,25.9833],[85.9265,25.9759],[85.9295,25.9578],[85.9369,25.9589],[85.9378,25.9654],[85.9418,25.9671],[85.94,25.9571],[85.946,25.9535],[85.9485,25.9531],[85.9542,25.9612],[85.9596,25.9591],[85.9619,25.9544],[85.9668,25.9518],[85.9872,25.9527],[85.9887,25.9487],[85.9966,25.9463],[85.9924,25.942],[85.9919,25.9342],[85.9992,25.9337],[85.9987,25.9284],[86.0012,25.9278],[86.0018,25.9332],[86.0051,25.9321],[86.0061,25.9415],[86.0099,25.9419],[86.0106,25.9389],[86.0215,25.9425],[86.0349,25.9419],[86.0375,25.9451],[86.0458,25.9391],[86.0411,25.9351],[86.0377,25.9354],[86.0363,25.9328],[86.0382,25.9308],[86.0509,25.9328],[86.0533,25.9297],[86.0561,25.9327],[86.0567,25.9299],[86.0529,25.9255],[86.0607,25.923],[86.0628,25.9176],[86.0677,25.9198],[86.0688,25.9152],[86.0749,25.9175],[86.0775,25.9098],[86.0799,25.9135],[86.087,25.9045],[86.0904,25.9064],[86.093,25.8972],[86.0955,25.903],[86.1002,25.9035],[86.0998,25.9133],[86.1045,25.91],[86.1036,25.9044],[86.1084,25.9034],[86.1086,25.8943],[86.1226,25.8925],[86.1241,25.897],[86.1277,25.898],[86.1538,25.8972],[86.1597,25.8912],[86.1568,25.8847],[86.1601,25.8813],[86.1697,25.8827],[86.1702,25.8877],[86.1754,25.8887],[86.1742,25.8952],[86.1856,25.892],[86.1863,25.8952],[86.1937,25.8965],[86.1954,25.8923],[86.2054,25.8915],[86.2133,25.8878],[86.2147,25.8925],[86.2308,25.8958],[86.2338,25.8846],[86.2393,25.881],[86.2343,25.8739],[86.235,25.8643],[86.2295,25.8613],[86.233,25.8585],[86.2331,25.8515],[86.2363,25.8543],[86.2428,25.8521],[86.2397,25.8443],[86.2286,25.8411],[86.2311,25.8228],[86.2261,25.8192],[86.223,25.8109],[86.2248,25.8071],[86.2348,25.8068],[86.2336,25.8016],[86.2367,25.7961],[86.2324,25.7959],[86.2167,25.7874],[86.2253,25.7767],[86.2558,25.7697],[86.2613,25.754],[86.2766,25.7541],[86.2784,25.7601],[86.2923,25.7667],[86.2925,25.7627],[86.3005,25.7634],[86.3038,25.7598],[86.311,25.7588],[86.3129,25.7436],[86.3153,25.7413],[86.3171,25.7441],[86.3202,25.7437],[86.3197,25.7382],[86.3233,25.7395],[86.3299,25.7354],[86.3421,25.7396],[86.3476,25.7368],[86.351,25.7397],[86.3593,25.7392],[86.366,25.7418],[86.3673,25.7311],[86.3716,25.7288],[86.3803,25.729],[86.387,25.7254],[86.3914,25.7189],[86.4012,25.724],[86.4077,25.721],[86.4135,25.7213],[86.4159,25.7278],[86.405,25.7321],[86.4044,25.736],[86.4088,25.7497],[86.4133,25.7499],[86.4111,25.7535],[86.4135,25.7628],[86.4075,25.7656],[86.4102,25.7725],[86.4034,25.7735],[86.4055,25.7759],[86.4044,25.7788],[86.407,25.78],[86.4057,25.7829],[86.4138,25.784],[86.4114,25.7836],[86.4077,25.7877],[86.4116,25.7894],[86.4136,25.7938],[86.4093,25.7927],[86.4054,25.795],[86.4079,25.797],[86.4055,25.7988],[86.4065,25.8015],[86.4008,25.8007],[86.4018,25.8108],[86.3918,25.8126],[86.3893,25.8087],[86.3787,25.8135],[86.3771,25.8172],[86.3845,25.818],[86.3802,25.8224],[86.3844,25.8275],[86.3781,25.8323],[86.3757,25.8297],[86.3707,25.8366],[86.3687,25.8362],[86.3684,25.845],[86.3725,25.8474],[86.3654,25.8485],[86.3625,25.8557],[86.3472,25.8533],[86.3435,25.8562],[86.3454,25.8596],[86.3436,25.8615],[86.3394,25.8604],[86.3397,25.8587],[86.3319,25.8593],[86.3291,25.8526],[86.3279,25.8572],[86.3234,25.8545],[86.3235,25.857],[86.3194,25.8573],[86.3178,25.8603],[86.3145,25.8573],[86.3166,25.8618],[86.3135,25.8625],[86.3143,25.8667],[86.3227,25.8693],[86.3255,25.874],[86.325,25.8814],[86.3311,25.8799],[86.3303,25.8848],[86.3353,25.8872],[86.3358,25.9009],[86.3502,25.9018],[86.3474,25.9094],[86.353,25.9137],[86.3563,25.9222],[86.3621,25.9218],[86.3623,25.927],[86.3642,25.9273],[86.3627,25.9299],[86.3664,25.9355],[86.3711,25.9362],[86.3738,25.9329],[86.3807,25.9308],[86.3804,25.9244],[86.3997,25.9228],[86.4042,25.9238],[86.4046,25.9276],[86.4018,25.9299],[86.4031,25.9348],[86.3944,25.9384],[86.3929,25.9354],[86.3895,25.9387],[86.3915,25.9391],[86.3884,25.9458],[86.3921,25.9479],[86.3905,25.9503],[86.3828,25.95],[86.3828,25.9526],[86.3894,25.9551],[86.3875,25.9639],[86.3801,25.9615],[86.3822,25.9679],[86.3946,25.9763],[86.3881,25.9834],[86.3923,25.9871],[86.3891,25.9915],[86.3972,25.9911],[86.3908,25.996],[86.3921,26.0015],[86.3863,26.0008],[86.3889,26.0028],[86.3855,26.0063],[86.3862,26.0083],[86.3808,26.0106],[86.3827,26.0136],[86.3856,26.013],[86.3863,26.0192],[86.3807,26.0172],[86.3848,26.0224],[86.3885,26.0231],[86.3865,26.0276],[86.3825,26.0264],[86.3884,26.029],[86.3885,26.0337],[86.3834,26.0385],[86.3806,26.0369],[86.3811,26.0387],[86.3767,26.0403],[86.3768,26.0438],[86.3809,26.0448],[86.3789,26.0511],[86.3762,26.0514],[86.3733,26.0602],[86.3646,26.0639],[86.3587,26.0771],[86.3495,26.0795],[86.3451,26.0849],[86.3409,26.0861],[86.3401,26.0895],[86.3339,26.0881],[86.3306,26.0916],[86.3313,26.1004],[86.3264,26.101],[86.3262,26.1054],[86.3341,26.1045],[86.3234,26.1231],[86.3252,26.1385],[86.3347,26.148],[86.3298,26.149],[86.3303,26.1539],[86.3248,26.1573],[86.3255,26.1608],[86.3157,26.161],[86.3144,26.1648],[86.296,26.1643],[86.2959,26.1682],[86.289,26.1788],[86.2691,26.1783],[86.2653,26.1824],[86.2698,26.1872],[86.2695,26.1905],[86.2597,26.1918],[86.2546,26.1949],[86.2448,26.195],[86.2457,26.2019],[86.2436,26.2037],[86.2485,26.2123],[86.2448,26.2161],[86.2478,26.2197],[86.2529,26.2205],[86.2518,26.224],[86.242,26.2259],[86.2317,26.2239],[86.2292,26.2266],[86.2209,26.2267],[86.211,26.2215],[86.1991,26.2222],[86.1963,26.2201],[86.1792,26.2223],[86.1748,26.2289],[86.1721,26.2231],[86.1648,26.2269],[86.1568,26.226],[86.1569,26.23],[86.1495,26.2353],[86.14,26.2306],[86.1306,26.2194],[86.1233,26.2183],[86.1259,26.2156],[86.1243,26.2104],[86.1187,26.2019],[86.1129,26.2023],[86.1143,26.1972],[86.1097,26.1924],[86.1004,26.1964],[86.1045,26.1998],[86.0895,26.2035],[86.0891,26.2063],[86.0866,26.2067],[86.0867,26.2111],[86.075,26.2134],[86.0733,26.2058],[86.0594,26.2083],[86.0574,26.1996],[86.0589,26.1968],[86.0536,26.1919],[86.0446,26.1906],[86.0286,26.1939],[86.0282,26.2007],[86.0312,26.2024],[86.0323,26.2075],[86.0291,26.2157],[86.0404,26.2251],[86.0447,26.2349],[86.0322,26.237],[86.0314,26.2463],[86.0141,26.2467],[86.0156,26.2545],[86.0123,26.256],[86.0144,26.2594],[86.0015,26.2636],[86.0014,26.2668],[86.0049,26.2692],[86.0012,26.2733],[86.0017,26.282],[85.9988,26.2867],[86.0009,26.2906],[86.0034,26.2903],[86.0026,26.2946],[86.0129,26.3025],[86.0082,26.3029],[85.9949,26.3107],[85.9914,26.3216],[85.979,26.323],[85.9691,26.308],[85.9626,26.3086],[85.9619,26.3056],[85.9526,26.3052],[85.9386,26.3098],[85.9273,26.3044],[85.9227,26.3071],[85.9235,26.3091],[85.9195,26.3092],[85.9218,26.3039],[85.9172,26.3034],[85.9188,26.2935],[85.9216,26.2933],[85.9185,26.2906],[85.9221,26.2894],[85.9196,26.284],[85.9029,26.2859],[85.8998,26.2836],[85.8991,26.2793],[85.8915,26.276],[85.8861,26.2786],[85.882,26.2774],[85.8826,26.2743],[85.8798,26.2743],[85.8763,26.2786],[85.8669,26.2824],[85.8586,26.2822],[85.8551,26.2778],[85.8499,26.283],[85.8445,26.2833],[85.8406,26.2796],[85.8329,26.2822],[85.8317,26.2852],[85.8162,26.294],[85.8207,26.3025],[85.815,26.3065],[85.8182,26.3077],[85.8169,26.3098],[85.821,26.3153],[85.8181,26.3155],[85.8225,26.3294],[85.8319,26.3252],[85.8361,26.3272],[85.8347,26.3349],[85.8374,26.3376],[85.8375,26.3436],[85.8299,26.3423],[85.8207,26.3459],[85.823,26.3549],[85.8327,26.3557],[85.834,26.359],[85.8306,26.36],[85.8262,26.3685],[85.822,26.3692],[85.8193,26.3729],[85.8234,26.3744],[85.8245,26.3794],[85.8329,26.3759],[85.8358,26.3808],[85.8398,26.3804],[85.8365,26.3825],[85.8369,26.3879],[85.8345,26.3882],[85.8315,26.3847],[85.8233,26.3858],[85.8173,26.3944],[85.8216,26.3984],[85.8204,26.4088],[85.8105,26.4105],[85.7964,26.4112],[85.7938,26.4055],[85.7887,26.4046],[85.7905,26.4007],[85.7853,26.4023],[85.7778,26.4018],[85.7738,26.3989],[85.7681,26.4017],[85.7598,26.3997],[85.7616,26.4074],[85.7599,26.4092],[85.765,26.4153],[85.7692,26.4363],[85.7422,26.433],[85.7345,26.435],[85.7344,26.4386],[85.7224,26.4464]]]},"properties":{"dtname":"Darbhanga","stname":"BIHAR","stcode11":"10","dtcode11":"215","year_stat":"2011_c","Shape_Length":538304.35434697,"Shape_Area":3122477728.6408305,"OBJECTID":351,"test":0,"Dist_LGD":195,"State_LGD":10}},{"type":"Feature","id":352,"geometry":{"type":"Polygon","coordinates":[[[86.4361,26.0738],[86.4316,26.0715],[86.4369,26.0643],[86.4322,26.0628],[86.434,26.0614],[86.428,26.0607],[86.4308,26.0536],[86.4281,26.0517],[86.4268,26.0546],[86.4259,26.052],[86.4236,26.0545],[86.4206,26.0532],[86.4174,26.0499],[86.4174,26.046],[86.4148,26.0478],[86.4144,26.0437],[86.4106,26.0412],[86.4125,26.0394],[86.4081,26.0351],[86.3939,26.0366],[86.3933,26.0345],[86.3877,26.033],[86.3884,26.029],[86.3825,26.0264],[86.3865,26.0276],[86.3886,26.0237],[86.3809,26.018],[86.3818,26.0166],[86.3863,26.0192],[86.3856,26.013],[86.3827,26.0136],[86.3808,26.0106],[86.3862,26.0083],[86.3855,26.0063],[86.3889,26.0028],[86.3863,26.0008],[86.3921,26.0015],[86.3908,25.996],[86.3972,25.9911],[86.3891,25.9915],[86.3923,25.9871],[86.3881,25.9834],[86.3946,25.9763],[86.3822,25.9679],[86.3801,25.9615],[86.3875,25.9639],[86.3894,25.9551],[86.3823,25.9512],[86.3836,25.9492],[86.3886,25.9508],[86.3921,25.9484],[86.3884,25.9458],[86.3915,25.9397],[86.3895,25.9387],[86.3929,25.9354],[86.3944,25.9384],[86.4031,25.9348],[86.4018,25.9299],[86.4045,25.9284],[86.4044,25.924],[86.3804,25.9244],[86.3807,25.9308],[86.3738,25.9329],[86.3711,25.9362],[86.3664,25.9355],[86.3627,25.9299],[86.3642,25.9273],[86.3623,25.927],[86.3621,25.9218],[86.3563,25.9222],[86.353,25.9137],[86.3474,25.9094],[86.3502,25.9018],[86.3358,25.9009],[86.3357,25.8885],[86.3303,25.8848],[86.3311,25.8799],[86.3251,25.8816],[86.3246,25.8717],[86.3143,25.8667],[86.3135,25.8629],[86.3166,25.8618],[86.3147,25.8571],[86.3181,25.8603],[86.3194,25.8573],[86.3236,25.8569],[86.3234,25.8545],[86.3281,25.8571],[86.3291,25.8526],[86.3319,25.8593],[86.3397,25.8587],[86.3394,25.8604],[86.3431,25.8615],[86.3453,25.8603],[86.3435,25.8562],[86.3472,25.8533],[86.3628,25.8555],[86.3654,25.8485],[86.3725,25.8474],[86.3684,25.845],[86.3687,25.8362],[86.3707,25.8366],[86.3757,25.8297],[86.3781,25.8323],[86.3844,25.8275],[86.3802,25.8224],[86.3845,25.818],[86.3771,25.8172],[86.3787,25.8135],[86.3893,25.8087],[86.3918,25.8126],[86.4018,25.8108],[86.4026,25.8051],[86.3997,25.8025],[86.4015,25.8002],[86.4067,25.8014],[86.4055,25.7988],[86.4079,25.797],[86.4054,25.795],[86.4093,25.7927],[86.4135,25.7941],[86.4116,25.7894],[86.4077,25.7877],[86.4114,25.7836],[86.414,25.7845],[86.413,25.7827],[86.4057,25.7829],[86.407,25.78],[86.4044,25.7788],[86.4055,25.7759],[86.4034,25.7735],[86.4102,25.7725],[86.4075,25.7656],[86.4135,25.7628],[86.4111,25.7535],[86.4133,25.7499],[86.4088,25.7497],[86.4054,25.7433],[86.4048,25.7324],[86.4233,25.727],[86.4241,25.7228],[86.4191,25.719],[86.4205,25.7173],[86.4287,25.7184],[86.4258,25.7148],[86.4253,25.706],[86.4313,25.7102],[86.4378,25.701],[86.4367,25.6972],[86.4485,25.6901],[86.4493,25.6967],[86.4574,25.6926],[86.4599,25.6947],[86.4604,25.7021],[86.4636,25.7002],[86.4603,25.6885],[86.453,25.6847],[86.4526,25.6824],[86.4612,25.6823],[86.459,25.677],[86.461,25.6751],[86.4679,25.6765],[86.47,25.6646],[86.4757,25.6652],[86.4786,25.6599],[86.4741,25.6571],[86.4743,25.6538],[86.4834,25.6573],[86.4761,25.6482],[86.4772,25.6406],[86.4838,25.6386],[86.4856,25.6306],[86.4929,25.6245],[86.4941,25.6197],[86.4977,25.6182],[86.5061,25.6208],[86.5109,25.6109],[86.5295,25.6069],[86.5342,25.6091],[86.5411,25.6052],[86.5423,25.6112],[86.5456,25.6115],[86.55,25.6053],[86.5583,25.6136],[86.5663,25.6007],[86.5694,25.6005],[86.5747,25.6052],[86.5895,25.5981],[86.5835,25.5934],[86.5861,25.5907],[86.5906,25.5974],[86.5946,25.5957],[86.5977,25.5991],[86.5894,25.6099],[86.5932,25.6124],[86.5909,25.6136],[86.5972,25.6217],[86.6064,25.6213],[86.615,25.6274],[86.6246,25.6271],[86.6431,25.6322],[86.6499,25.6409],[86.6587,25.6408],[86.6622,25.6381],[86.6635,25.6321],[86.6664,25.6302],[86.6668,25.6225],[86.6746,25.6199],[86.6775,25.6283],[86.6836,25.6258],[86.6831,25.6319],[86.6862,25.6367],[86.6848,25.6397],[86.6881,25.6438],[86.7023,25.6479],[86.7076,25.644],[86.7107,25.6353],[86.715,25.6417],[86.7089,25.645],[86.7086,25.653],[86.7156,25.6546],[86.7195,25.6617],[86.7257,25.6631],[86.7312,25.6618],[86.7334,25.6566],[86.7394,25.6528],[86.7395,25.6473],[86.7446,25.6415],[86.7518,25.6396],[86.7594,25.6423],[86.7624,25.6399],[86.7656,25.6318],[86.7632,25.6298],[86.7651,25.6279],[86.7633,25.6238],[86.7788,25.624],[86.7908,25.6313],[86.801,25.6326],[86.8068,25.6406],[86.8083,25.6447],[86.8036,25.6489],[86.8003,25.6568],[86.817,25.6587],[86.8176,25.6642],[86.8218,25.6671],[86.8264,25.6641],[86.8329,25.6667],[86.8347,25.668],[86.8333,25.6764],[86.8449,25.6801],[86.8545,25.6742],[86.8589,25.6745],[86.8552,25.6892],[86.8558,25.6953],[86.8576,25.7011],[86.8681,25.7074],[86.8678,25.7124],[86.8724,25.7161],[86.8718,25.7224],[86.8675,25.7295],[86.8434,25.7341],[86.8431,25.7425],[86.8467,25.7444],[86.8531,25.7402],[86.8563,25.745],[86.8564,25.7484],[86.848,25.7492],[86.8477,25.755],[86.8528,25.7575],[86.8574,25.7707],[86.8567,25.7783],[86.8631,25.7878],[86.8599,25.7979],[86.857,25.8001],[86.8559,25.8127],[86.8606,25.8116],[86.8623,25.8143],[86.8653,25.8126],[86.8743,25.816],[86.8713,25.8175],[86.8702,25.8221],[86.8651,25.8223],[86.8646,25.8251],[86.8581,25.8296],[86.8524,25.8469],[86.8493,25.8486],[86.8488,25.8619],[86.8432,25.8639],[86.8436,25.8708],[86.8346,25.8679],[86.8207,25.8696],[86.8191,25.8674],[86.8136,25.8677],[86.8128,25.8708],[86.8085,25.8724],[86.8017,25.8631],[86.7938,25.8604],[86.7793,25.8583],[86.7654,25.8636],[86.7654,25.8607],[86.7595,25.8601],[86.7598,25.8581],[86.7529,25.8557],[86.7336,25.861],[86.7314,25.8647],[86.7127,25.8658],[86.7114,25.8761],[86.7089,25.8791],[86.7075,25.9033],[86.6938,25.9047],[86.6916,25.9159],[86.6868,25.9206],[86.687,25.9251],[86.6927,25.9336],[86.6788,25.9363],[86.6723,25.9291],[86.6644,25.929],[86.6574,25.9235],[86.6487,25.9211],[86.6455,25.9265],[86.6393,25.9274],[86.6335,25.9406],[86.6266,25.9448],[86.6227,25.9427],[86.62,25.9444],[86.6216,25.9507],[86.6348,25.9623],[86.6363,25.9684],[86.6262,25.9694],[86.616,25.977],[86.6209,25.9853],[86.6195,25.9959],[86.6256,26.004],[86.6438,26.0106],[86.648,26.0205],[86.6351,26.0232],[86.6233,26.0195],[86.6195,26.0212],[86.6138,26.0164],[86.6102,26.0191],[86.596,26.0199],[86.5918,26.0222],[86.5812,26.0215],[86.5673,26.027],[86.559,26.0271],[86.5526,26.0102],[86.5452,26.007],[86.5394,26.0072],[86.5384,26.0004],[86.5312,25.9913],[86.5289,25.9958],[86.5208,25.9948],[86.5205,25.9997],[86.5156,26.0072],[86.5022,26.0144],[86.5016,26.0214],[86.4991,26.0217],[86.4996,26.0289],[86.5137,26.0383],[86.5182,26.0504],[86.5171,26.0567],[86.5078,26.0564],[86.5002,26.0503],[86.4926,26.0521],[86.4928,26.0491],[86.4852,26.0482],[86.4691,26.053],[86.469,26.0576],[86.4743,26.0625],[86.4667,26.0695],[86.457,26.0673],[86.4455,26.0685],[86.4419,26.0662],[86.4423,26.0708],[86.4357,26.0719],[86.4361,26.0738]]]},"properties":{"dtname":"Saharsa","stname":"BIHAR","stcode11":"10","dtcode11":"214","year_stat":"2011_c","Shape_Length":342190.77259538387,"Shape_Area":2067582871.0713317,"OBJECTID":352,"test":0,"Dist_LGD":216,"State_LGD":10}},{"type":"Feature","id":361,"geometry":{"type":"Polygon","coordinates":[[[83.7411,25.4105],[83.7341,25.4062],[83.7316,25.3976],[83.7245,25.4],[83.7166,25.397],[83.7101,25.3861],[83.7061,25.3871],[83.7047,25.3957],[83.7005,25.3953],[83.6945,25.389],[83.6966,25.3825],[83.6915,25.3842],[83.6824,25.3796],[83.6833,25.3767],[83.6886,25.3763],[83.6946,25.3712],[83.6904,25.3677],[83.6767,25.3644],[83.6639,25.3728],[83.6671,25.3627],[83.6644,25.3619],[83.6562,25.3686],[83.658,25.3596],[83.6546,25.3569],[83.6514,25.3574],[83.6492,25.354],[83.6528,25.3484],[83.6494,25.3445],[83.649,25.3395],[83.6463,25.3425],[83.6422,25.3398],[83.6337,25.3432],[83.6352,25.3359],[83.6299,25.3339],[83.6285,25.3285],[83.6169,25.3321],[83.5963,25.3277],[83.5874,25.3218],[83.5858,25.3153],[83.5806,25.3171],[83.5763,25.3151],[83.5771,25.3101],[83.5737,25.3061],[83.5708,25.3072],[83.5735,25.3125],[83.5721,25.3147],[83.5573,25.3115],[83.5539,25.3148],[83.5399,25.3158],[83.5373,25.3098],[83.5473,25.3141],[83.5541,25.3085],[83.5384,25.3044],[83.534,25.2974],[83.5281,25.3025],[83.5235,25.3026],[83.5237,25.2962],[83.527,25.293],[83.5153,25.2847],[83.5089,25.2885],[83.5055,25.2811],[83.502,25.2824],[83.5045,25.2866],[83.5023,25.2875],[83.4974,25.2853],[83.4974,25.2804],[83.4914,25.2799],[83.4936,25.2877],[83.4904,25.2895],[83.49,25.2841],[83.487,25.2836],[83.4853,25.2793],[83.4768,25.2718],[83.4797,25.2675],[83.477,25.2615],[83.4707,25.2576],[83.4679,25.2524],[83.4622,25.2507],[83.453,25.2563],[83.4501,25.2611],[83.443,25.2546],[83.4422,25.2592],[83.439,25.2579],[83.4408,25.2533],[83.4363,25.2443],[83.4281,25.2535],[83.4248,25.2518],[83.4267,25.2464],[83.4156,25.25],[83.4093,25.2456],[83.4089,25.2408],[83.4133,25.2383],[83.4135,25.235],[83.4077,25.2396],[83.4063,25.2378],[83.4093,25.2294],[83.4028,25.2244],[83.4039,25.2132],[83.4021,25.2091],[83.4022,25.2128],[83.3976,25.2164],[83.3953,25.2146],[83.3959,25.2076],[83.3932,25.2044],[83.3904,25.205],[83.3897,25.2101],[83.3862,25.2122],[83.3825,25.2107],[83.3836,25.2033],[83.382,25.2018],[83.3727,25.2004],[83.3663,25.1954],[83.3573,25.1997],[83.3538,25.1889],[83.3498,25.1849],[83.3536,25.1834],[83.353,25.1787],[83.3564,25.1777],[83.3513,25.157],[83.3634,25.1535],[83.3638,25.1379],[83.3619,25.1327],[83.3682,25.1299],[83.3674,25.1253],[83.3633,25.1112],[83.3501,25.1133],[83.3473,25.0868],[83.3441,25.0862],[83.3413,25.0816],[83.3405,25.0687],[83.336,25.0615],[83.3428,25.0599],[83.3434,25.0509],[83.3358,25.0512],[83.3244,25.0374],[83.3252,25.026],[83.3214,25.0247],[83.3202,25.0173],[83.3266,25.0129],[83.3342,25.0141],[83.3506,25.0088],[83.3526,24.9966],[83.3434,24.9808],[83.3452,24.9724],[83.3432,24.9634],[83.3499,24.9632],[83.3556,24.9564],[83.3602,24.956],[83.3617,24.9537],[83.3612,24.9427],[83.3651,24.9373],[83.3611,24.9321],[83.364,24.9137],[83.3628,24.9093],[83.3547,24.9055],[83.3664,24.8921],[83.359,24.8912],[83.3581,24.8889],[83.3696,24.8801],[83.3673,24.8761],[83.3619,24.8748],[83.3576,24.8706],[83.3697,24.8623],[83.377,24.86],[83.3769,24.8563],[83.3807,24.8536],[83.3807,24.8477],[83.3869,24.8399],[83.3927,24.8407],[83.3932,24.8358],[83.3969,24.8324],[83.3952,24.8263],[83.4014,24.8194],[83.402,24.8135],[83.394,24.8051],[83.3997,24.7967],[83.3912,24.7891],[83.3936,24.7823],[83.397,24.782],[83.397,24.7788],[83.4025,24.7763],[83.4127,24.775],[83.4281,24.7682],[83.4281,24.763],[83.4414,24.7568],[83.4423,24.7497],[83.4488,24.7385],[83.4514,24.7385],[83.4583,24.7316],[83.4894,24.7365],[83.4851,24.7016],[83.4902,24.7004],[83.4953,24.7047],[83.4986,24.7033],[83.5005,24.6973],[83.4989,24.6949],[83.507,24.6928],[83.5108,24.6858],[83.518,24.6827],[83.5168,24.6811],[83.5204,24.6773],[83.504,24.6663],[83.5005,24.6513],[83.5029,24.6478],[83.5099,24.6483],[83.5202,24.6411],[83.5298,24.643],[83.5247,24.6278],[83.5437,24.6283],[83.548,24.6233],[83.5419,24.6128],[83.5304,24.6124],[83.5233,24.6025],[83.5244,24.589],[83.5302,24.5821],[83.5301,24.5673],[83.5218,24.5522],[83.5224,24.5462],[83.5253,24.5429],[83.5688,24.5447],[83.6074,24.5406],[83.637,24.5418],[83.655,24.5507],[83.6603,24.5591],[83.6649,24.5487],[83.6743,24.5415],[83.6972,24.5409],[83.7087,24.5433],[83.7166,24.5537],[83.7283,24.5575],[83.728,24.5595],[83.731,24.5597],[83.7417,24.5698],[83.7361,24.5785],[83.7402,24.5918],[83.7384,24.5946],[83.7428,24.6103],[83.7478,24.6127],[83.752,24.6267],[83.7464,24.637],[83.741,24.6384],[83.741,24.6431],[83.7334,24.6473],[83.7344,24.6525],[83.7305,24.6582],[83.7352,24.6612],[83.7302,24.665],[83.7305,24.6713],[83.7327,24.6777],[83.7373,24.6797],[83.7451,24.6917],[83.748,24.6997],[83.7515,24.6988],[83.7556,24.7036],[83.7558,24.708],[83.7607,24.7057],[83.7594,24.716],[83.7655,24.7303],[83.7711,24.7347],[83.7808,24.7351],[83.7811,24.7494],[83.7758,24.758],[83.7779,24.7616],[83.7853,24.7599],[83.7751,24.7843],[83.7768,24.7935],[83.7573,24.8018],[83.7529,24.7998],[83.7375,24.8069],[83.7291,24.8074],[83.725,24.816],[83.729,24.8225],[83.7175,24.831],[83.7158,24.8361],[83.7224,24.8399],[83.7225,24.8449],[83.7279,24.8477],[83.7272,24.8518],[83.7352,24.8536],[83.7368,24.8582],[83.7413,24.8582],[83.7455,24.8644],[83.7488,24.8628],[83.7489,24.8677],[83.7539,24.8639],[83.7566,24.8657],[83.7561,24.8712],[83.7613,24.8733],[83.7553,24.8731],[83.7537,24.8786],[83.7621,24.8907],[83.7604,24.8978],[83.7649,24.8981],[83.7639,24.9062],[83.7662,24.9089],[83.7638,24.9132],[83.7734,24.9159],[83.7743,24.9209],[83.781,24.9256],[83.7788,24.9298],[83.7854,24.9348],[83.7861,24.9389],[83.792,24.9365],[83.7927,24.94],[83.7969,24.9432],[83.7968,24.9498],[83.805,24.9517],[83.8056,24.9539],[83.8009,24.9561],[83.8009,24.9592],[83.811,24.9594],[83.8083,24.972],[83.809,24.98],[83.8149,24.9861],[83.8185,24.9856],[83.8198,24.9888],[83.826,24.9882],[83.8318,24.9922],[83.8333,24.9974],[83.8394,25.0013],[83.8353,25.0061],[83.8307,25.0063],[83.8312,25.0107],[83.828,25.0102],[83.8261,25.0133],[83.8282,25.0158],[83.8255,25.0195],[83.8285,25.0217],[83.8252,25.0238],[83.827,25.0264],[83.8298,25.0248],[83.8308,25.0342],[83.8351,25.0334],[83.8361,25.0387],[83.8305,25.0406],[83.832,25.0445],[83.819,25.0893],[83.8125,25.0957],[83.8133,25.0998],[83.8056,25.1068],[83.8047,25.1121],[83.8097,25.1274],[83.8143,25.1278],[83.8198,25.1458],[83.8144,25.1482],[83.8142,25.1525],[83.8233,25.1533],[83.8248,25.161],[83.8212,25.1636],[83.8214,25.1749],[83.8075,25.1776],[83.8073,25.1815],[83.8108,25.1811],[83.8118,25.1831],[83.8144,25.2017],[83.8098,25.2078],[83.807,25.2079],[83.8071,25.2154],[83.817,25.2164],[83.819,25.2194],[83.8245,25.2183],[83.8278,25.231],[83.8363,25.2436],[83.8517,25.2437],[83.8574,25.2481],[83.8641,25.2464],[83.8643,25.2518],[83.883,25.2516],[83.8844,25.2578],[83.8816,25.2601],[83.8837,25.2644],[83.8978,25.2637],[83.8948,25.271],[83.8969,25.2785],[83.894,25.2815],[83.8974,25.2929],[83.8944,25.2981],[83.896,25.3013],[83.8938,25.3011],[83.8829,25.3128],[83.8749,25.3128],[83.868,25.3189],[83.8636,25.3269],[83.8438,25.3346],[83.8415,25.3364],[83.8433,25.3398],[83.8388,25.3446],[83.8303,25.3443],[83.8251,25.3507],[83.822,25.3503],[83.8152,25.3583],[83.8132,25.3649],[83.8111,25.3646],[83.8101,25.3717],[83.8025,25.3724],[83.8025,25.3689],[83.798,25.3705],[83.7945,25.3676],[83.7854,25.3713],[83.7838,25.3677],[83.7804,25.3682],[83.7783,25.3716],[83.7799,25.3745],[83.7765,25.3764],[83.7798,25.3775],[83.7758,25.3807],[83.7769,25.3845],[83.7724,25.3865],[83.782,25.3937],[83.7785,25.3962],[83.7796,25.3985],[83.7712,25.3969],[83.7678,25.3863],[83.7578,25.3895],[83.7548,25.3933],[83.7576,25.3972],[83.7663,25.3974],[83.7663,25.401],[83.7555,25.4045],[83.7451,25.4005],[83.7411,25.4105]]]},"properties":{"dtname":"Kaimur (bhabua)","stname":"BIHAR","stcode11":"10","dtcode11":"233","year_stat":"2011_c","Shape_Length":426988.53929432685,"Shape_Area":4118104749.9314723,"OBJECTID":361,"test":0,"Dist_LGD":200,"State_LGD":10}},{"type":"Feature","id":362,"geometry":{"type":"Polygon","coordinates":[[[84.0466,25.3748],[84.0452,25.3584],[84.0542,25.357],[84.0527,25.3506],[84.0452,25.3428],[84.0352,25.3433],[84.0351,25.3377],[84.0374,25.332],[84.0416,25.3328],[84.0504,25.3273],[84.0494,25.3253],[84.0536,25.3177],[84.0563,25.3171],[84.0557,25.3116],[84.0592,25.3087],[84.0591,25.3021],[84.0572,25.2978],[84.0475,25.2992],[84.0474,25.2883],[84.039,25.2876],[84.0396,25.2811],[84.0353,25.2675],[84.0194,25.2697],[84.0181,25.2629],[84.0149,25.2619],[83.998,25.2706],[83.9898,25.2644],[83.9765,25.2699],[83.9703,25.2779],[83.9536,25.2854],[83.9459,25.2838],[83.9448,25.2879],[83.9403,25.2851],[83.935,25.2896],[83.9284,25.288],[83.9288,25.2908],[83.9259,25.2931],[83.9063,25.2955],[83.8974,25.2929],[83.8949,25.2891],[83.894,25.2815],[83.8969,25.2785],[83.8948,25.271],[83.8978,25.2637],[83.8837,25.2644],[83.8816,25.2601],[83.8844,25.2578],[83.883,25.2516],[83.8643,25.2518],[83.8641,25.2464],[83.8574,25.2481],[83.8517,25.2437],[83.8363,25.2436],[83.8278,25.231],[83.8245,25.2183],[83.819,25.2194],[83.817,25.2164],[83.8071,25.2154],[83.807,25.2079],[83.8098,25.2078],[83.8144,25.2017],[83.8118,25.1831],[83.8108,25.1811],[83.8073,25.1815],[83.8075,25.1776],[83.8214,25.1749],[83.8212,25.1636],[83.8248,25.161],[83.8233,25.1533],[83.8142,25.1525],[83.8144,25.1482],[83.8198,25.1458],[83.8143,25.1278],[83.8097,25.1274],[83.8047,25.1121],[83.8056,25.1068],[83.8133,25.0998],[83.8125,25.0957],[83.819,25.0893],[83.832,25.0445],[83.8305,25.0406],[83.8361,25.0387],[83.8351,25.0334],[83.8308,25.0342],[83.8298,25.0248],[83.827,25.0264],[83.8252,25.0238],[83.8285,25.0217],[83.8255,25.0195],[83.8282,25.0158],[83.8261,25.0133],[83.828,25.0102],[83.8312,25.0107],[83.8307,25.0063],[83.8353,25.0061],[83.8394,25.0013],[83.8333,24.9974],[83.8318,24.9922],[83.826,24.9882],[83.8198,24.9888],[83.8185,24.9856],[83.8149,24.9861],[83.809,24.98],[83.8083,24.972],[83.811,24.9594],[83.8009,24.9592],[83.8009,24.9561],[83.8056,24.9539],[83.805,24.9517],[83.7968,24.9498],[83.7969,24.9432],[83.7927,24.94],[83.792,24.9365],[83.7861,24.9389],[83.7854,24.9348],[83.7788,24.9298],[83.781,24.9256],[83.7743,24.9209],[83.7734,24.9159],[83.7638,24.9132],[83.7662,24.9089],[83.7639,24.9062],[83.7649,24.8981],[83.7604,24.8978],[83.7621,24.8907],[83.7537,24.8786],[83.7553,24.8731],[83.7613,24.8733],[83.7561,24.8712],[83.7566,24.8657],[83.7539,24.8639],[83.7489,24.8677],[83.7488,24.8628],[83.7455,24.8644],[83.7413,24.8582],[83.7368,24.8582],[83.7352,24.8536],[83.7272,24.8518],[83.7279,24.8477],[83.7225,24.8449],[83.7224,24.8399],[83.7158,24.8361],[83.7175,24.831],[83.729,24.8225],[83.725,24.816],[83.7291,24.8074],[83.7375,24.8069],[83.7529,24.7998],[83.7573,24.8018],[83.7768,24.7935],[83.7751,24.7843],[83.7853,24.7599],[83.7779,24.7616],[83.7758,24.758],[83.7811,24.7494],[83.7808,24.7351],[83.7711,24.7347],[83.7655,24.7303],[83.7594,24.716],[83.7607,24.7057],[83.7558,24.708],[83.7556,24.7036],[83.7515,24.6988],[83.748,24.6997],[83.7451,24.6917],[83.7373,24.6797],[83.7327,24.6777],[83.7305,24.6713],[83.7302,24.665],[83.7352,24.6612],[83.7305,24.6582],[83.7344,24.6525],[83.7334,24.6473],[83.741,24.6431],[83.741,24.6384],[83.7464,24.637],[83.752,24.6267],[83.7478,24.6127],[83.7428,24.6103],[83.7384,24.5946],[83.7402,24.5918],[83.7361,24.5789],[83.7411,24.5731],[83.7414,24.5688],[83.731,24.5597],[83.728,24.5595],[83.7276,24.557],[83.7166,24.5537],[83.7087,24.5433],[83.6972,24.5409],[83.6743,24.5415],[83.6649,24.5487],[83.6603,24.5591],[83.656,24.5517],[83.6492,24.5494],[83.6481,24.5459],[83.6341,24.5416],[83.6074,24.5406],[83.5688,24.5447],[83.5253,24.5429],[83.5224,24.5462],[83.5233,24.5502],[83.522,24.5474],[83.4971,24.5391],[83.4986,24.5318],[83.5033,24.5254],[83.552,24.5233],[83.5721,24.5168],[83.596,24.5126],[83.6878,24.5138],[83.7186,24.5034],[83.7452,24.5098],[83.7546,24.5094],[83.7859,24.5214],[83.8015,24.5299],[83.8169,24.5292],[83.8618,24.537],[83.8727,24.5322],[83.8884,24.5378],[83.9351,24.5484],[83.9748,24.5914],[83.998,24.6383],[84.008,24.6433],[84.0307,24.692],[84.0423,24.7115],[84.0811,24.7662],[84.1027,24.7902],[84.1242,24.8073],[84.1402,24.8273],[84.1622,24.8448],[84.1874,24.8693],[84.2073,24.8952],[84.2515,24.9425],[84.3023,25.0086],[84.3365,25.033],[84.3585,25.0432],[84.3653,25.044],[84.3686,25.0474],[84.3956,25.06],[84.4168,25.0733],[84.4234,25.0807],[84.4368,25.1152],[84.4634,25.1611],[84.4379,25.178],[84.4289,25.1867],[84.4077,25.1949],[84.4032,25.19],[84.405,25.1882],[84.4038,25.1846],[84.3865,25.1913],[84.3863,25.195],[84.3822,25.1958],[84.372,25.1923],[84.3674,25.1938],[84.3569,25.1913],[84.3571,25.2001],[84.3494,25.2026],[84.3415,25.2029],[84.3407,25.2007],[84.3342,25.2025],[84.3324,25.2034],[84.3334,25.2069],[84.3203,25.2133],[84.3231,25.2224],[84.3285,25.2235],[84.3331,25.2349],[84.3329,25.2378],[84.3268,25.2404],[84.3314,25.2618],[84.3225,25.2703],[84.3346,25.2829],[84.3264,25.2848],[84.3225,25.2887],[84.3256,25.2921],[84.3359,25.293],[84.3365,25.296],[84.3264,25.3016],[84.3273,25.3139],[84.321,25.3157],[84.3216,25.3215],[84.3093,25.323],[84.308,25.3281],[84.2914,25.3254],[84.2796,25.3299],[84.2823,25.3374],[84.2794,25.338],[84.2798,25.3427],[84.2833,25.3529],[84.2761,25.3543],[84.2762,25.3591],[84.2731,25.36],[84.2675,25.3531],[84.2351,25.3567],[84.2315,25.3447],[84.2197,25.3464],[84.2196,25.3533],[84.2169,25.3538],[84.2187,25.362],[84.2123,25.367],[84.1827,25.3675],[84.1825,25.3698],[84.1668,25.3712],[84.1634,25.3673],[84.1511,25.37],[84.1493,25.3727],[84.1408,25.3733],[84.1399,25.3703],[84.1308,25.3696],[84.1294,25.364],[84.1223,25.3641],[84.1206,25.3587],[84.1176,25.3588],[84.104,25.3624],[84.1039,25.3679],[84.0991,25.3684],[84.1009,25.3618],[84.0954,25.3615],[84.0892,25.3654],[84.0791,25.3657],[84.077,25.3697],[84.0466,25.3748]]]},"properties":{"dtname":"Rohtas","stname":"BIHAR","stcode11":"10","dtcode11":"234","year_stat":"2011_c","Shape_Length":450381.44798001816,"Shape_Area":4698251647.649969,"OBJECTID":362,"test":0,"Dist_LGD":215,"State_LGD":10}},{"type":"Feature","id":370,"geometry":{"type":"Polygon","coordinates":[[[86.3733,25.1435],[86.3693,25.1431],[86.3487,25.1308],[86.3206,25.1108],[86.3131,25.0949],[86.3168,25.0858],[86.3126,25.0779],[86.301,25.0759],[86.287,25.0804],[86.2738,25.0677],[86.2428,25.0555],[86.2417,25.0428],[86.2455,25.0316],[86.2456,25.0233],[86.253,25.0119],[86.2496,25.0045],[86.2338,24.9934],[86.2224,24.9892],[86.2118,24.9953],[86.2102,25.0178],[86.1817,25.03],[86.1748,25.0387],[86.1644,25.0466],[86.1445,25.05],[86.1366,25.0289],[86.1357,25.0215],[86.1404,25.0178],[86.1383,25.0067],[86.1281,24.9942],[86.1183,24.9904],[86.1158,24.9831],[86.1201,24.9783],[86.1185,24.9742],[86.1149,24.9755],[86.1115,24.9733],[86.1092,24.9779],[86.0978,24.9801],[86.0981,24.9903],[86.091,24.9955],[86.0882,24.9924],[86.0837,24.9932],[86.0812,24.9848],[86.0755,24.9814],[86.0707,24.9835],[86.0694,24.9881],[86.0613,24.9904],[86.0618,24.9786],[86.0499,24.9742],[86.0405,24.9756],[86.0394,24.9814],[86.0347,24.9832],[86.0286,24.9841],[86.0253,24.9795],[86.0215,24.9793],[86.0081,24.9823],[86.011,24.9945],[86.0068,24.9977],[85.9846,24.9872],[85.9801,24.9905],[85.9773,24.9978],[85.9728,24.9985],[85.9675,24.9969],[85.9626,24.9905],[85.9607,24.9934],[85.9554,24.9908],[85.9431,24.9904],[85.9434,24.9989],[85.9482,25.0069],[85.921,25.0151],[85.9169,25.0139],[85.9161,25.0066],[85.9099,25.001],[85.908,25.006],[85.8936,25.0085],[85.8786,24.9973],[85.8717,24.9977],[85.8698,24.9941],[85.855,24.9959],[85.8508,24.9882],[85.8394,24.9905],[85.834,24.9867],[85.8498,24.968],[85.852,24.9572],[85.8588,24.9583],[85.8581,24.944],[85.8479,24.9441],[85.8467,24.951],[85.8259,24.9519],[85.8281,24.9394],[85.8252,24.9346],[85.8257,24.9283],[85.8216,24.927],[85.8225,24.9214],[85.8401,24.9209],[85.8423,24.9213],[85.8443,24.9294],[85.85,24.9292],[85.8566,24.9237],[85.8627,24.9221],[85.861,24.9243],[85.8629,24.9393],[85.8713,24.9389],[85.8721,24.9351],[85.8799,24.935],[85.8765,24.9131],[85.8734,24.9128],[85.8806,24.9104],[85.8852,24.9043],[85.8887,24.8941],[85.8886,24.8825],[85.8936,24.8783],[85.8925,24.874],[85.9279,24.8635],[85.952,24.8611],[85.9536,24.8764],[85.9742,24.868],[85.9756,24.8617],[85.9943,24.8467],[85.9948,24.8427],[85.9993,24.8378],[86.0009,24.8227],[86.0105,24.8116],[86.0097,24.8086],[86.0206,24.8073],[86.034,24.7926],[86.0547,24.7807],[86.0587,24.7713],[86.0567,24.7606],[86.0424,24.7472],[86.0345,24.746],[86.0369,24.7407],[86.0683,24.7518],[86.0942,24.7449],[86.1071,24.735],[86.108,24.7263],[86.1152,24.7193],[86.1168,24.7133],[86.1237,24.7072],[86.1285,24.6987],[86.1313,24.6756],[86.1248,24.6719],[86.1264,24.6677],[86.1244,24.6546],[86.1154,24.6437],[86.1219,24.6328],[86.1184,24.6243],[86.1207,24.6236],[86.1246,24.6113],[86.1293,24.6105],[86.1324,24.6034],[86.1409,24.6053],[86.1501,24.6017],[86.1506,24.5925],[86.1583,24.5867],[86.1635,24.5868],[86.1669,24.5838],[86.1835,24.5827],[86.2016,24.5878],[86.2136,24.5943],[86.2169,24.5998],[86.214,24.6023],[86.215,24.6139],[86.2237,24.6107],[86.2253,24.6066],[86.24,24.5995],[86.2424,24.5967],[86.2411,24.5921],[86.243,24.5877],[86.2541,24.5874],[86.2592,24.5782],[86.2628,24.5798],[86.2633,24.5842],[86.2666,24.5799],[86.2743,24.577],[86.2752,24.58],[86.2699,24.5854],[86.2811,24.5851],[86.2848,24.588],[86.2997,24.586],[86.3025,24.5833],[86.3092,24.5839],[86.3085,24.5885],[86.3228,24.5869],[86.3154,24.5807],[86.3171,24.577],[86.3066,24.5721],[86.3067,24.5677],[86.3006,24.5609],[86.3078,24.5476],[86.2996,24.5363],[86.2971,24.5361],[86.2972,24.5333],[86.3052,24.5279],[86.3057,24.5188],[86.3092,24.5112],[86.2996,24.5005],[86.2935,24.4884],[86.2936,24.4831],[86.2894,24.4788],[86.2819,24.4791],[86.2761,24.4659],[86.2988,24.4608],[86.2944,24.4562],[86.2943,24.4514],[86.3013,24.4481],[86.3134,24.4472],[86.3172,24.4416],[86.3253,24.4438],[86.3341,24.4424],[86.344,24.444],[86.3447,24.4469],[86.3491,24.4466],[86.3583,24.4291],[86.3651,24.4255],[86.3774,24.4308],[86.3797,24.4255],[86.3955,24.4153],[86.396,24.4102],[86.402,24.408],[86.4047,24.3996],[86.4104,24.3926],[86.4051,24.3878],[86.413,24.3803],[86.4279,24.3772],[86.4327,24.3802],[86.4448,24.3678],[86.456,24.372],[86.4577,24.3781],[86.467,24.3809],[86.4668,24.3848],[86.472,24.3935],[86.4708,24.4058],[86.4662,24.4177],[86.4678,24.4252],[86.4771,24.4246],[86.481,24.428],[86.4772,24.4345],[86.4837,24.435],[86.4912,24.428],[86.4966,24.4433],[86.4954,24.4561],[86.4907,24.464],[86.4835,24.4677],[86.4889,24.4733],[86.4884,24.4766],[86.4922,24.4782],[86.4902,24.4812],[86.4934,24.4872],[86.4928,24.4908],[86.4991,24.489],[86.5025,24.493],[86.4997,24.5099],[86.5037,24.5106],[86.5094,24.5221],[86.5153,24.5253],[86.5167,24.5354],[86.5277,24.5442],[86.5343,24.5407],[86.5426,24.5434],[86.5524,24.5361],[86.5526,24.5444],[86.563,24.5533],[86.558,24.5613],[86.559,24.5648],[86.5805,24.5667],[86.5893,24.5796],[86.5889,24.589],[86.5972,24.5968],[86.5977,24.6007],[86.6032,24.602],[86.6034,24.6082],[86.6081,24.6075],[86.608,24.6207],[86.6106,24.621],[86.6098,24.6262],[86.6136,24.6288],[86.6132,24.6312],[86.618,24.632],[86.6166,24.6415],[86.6187,24.6448],[86.6094,24.6471],[86.6079,24.6544],[86.619,24.6604],[86.6113,24.6659],[86.6137,24.6702],[86.6106,24.67],[86.5916,24.6832],[86.5856,24.6818],[86.5828,24.6883],[86.5756,24.695],[86.5676,24.6975],[86.5652,24.6957],[86.5583,24.7021],[86.5528,24.7222],[86.5554,24.7288],[86.5586,24.7304],[86.5557,24.7409],[86.5579,24.7446],[86.5531,24.7527],[86.5475,24.7549],[86.5509,24.7636],[86.5469,24.7696],[86.5483,24.7753],[86.5267,24.7753],[86.4996,24.7672],[86.4976,24.7619],[86.4954,24.7629],[86.4957,24.7744],[86.5003,24.78],[86.5024,24.788],[86.5284,24.792],[86.524,24.8135],[86.5315,24.8195],[86.5333,24.8336],[86.5303,24.8361],[86.5357,24.8502],[86.5341,24.8533],[86.5354,24.8688],[86.5323,24.8721],[86.533,24.8754],[86.5267,24.8815],[86.5267,24.8889],[86.5085,24.9024],[86.4903,24.9087],[86.4867,24.921],[86.4994,24.9224],[86.4963,24.9299],[86.4988,24.9323],[86.4916,24.9415],[86.4977,24.9534],[86.4949,24.9531],[86.4909,24.9713],[86.5032,24.9791],[86.5064,24.985],[86.474,25.0002],[86.4576,24.9987],[86.4557,25.0073],[86.4518,25.0096],[86.4419,24.9991],[86.4386,24.9987],[86.4404,25.009],[86.4373,25.0138],[86.4395,25.0194],[86.4382,25.0455],[86.4241,25.05],[86.4132,25.0502],[86.4138,25.0474],[86.4071,25.0509],[86.3946,25.051],[86.3926,25.0531],[86.3973,25.0534],[86.3952,25.0563],[86.3842,25.0572],[86.3863,25.0635],[86.391,25.0639],[86.3933,25.0674],[86.393,25.0869],[86.406,25.087],[86.4137,25.0979],[86.4164,25.1047],[86.4117,25.123],[86.4198,25.1382],[86.3733,25.1435]]]},"properties":{"dtname":"Jamui","stname":"BIHAR","stcode11":"10","dtcode11":"238","year_stat":"2011_c","Shape_Length":455368.161642254,"Shape_Area":3777780213.997205,"OBJECTID":370,"test":1,"Dist_LGD":198,"State_LGD":10}},{"type":"Feature","id":373,"geometry":{"type":"Polygon","coordinates":[[[86.73,25.1217],[86.7278,25.1211],[86.7269,25.1159],[86.7091,25.118],[86.706,25.1141],[86.7038,25.1144],[86.7022,25.1199],[86.6983,25.1213],[86.6926,25.1145],[86.6892,25.1149],[86.6901,25.1089],[86.6944,25.108],[86.6935,25.1044],[86.6831,25.0911],[86.6774,25.0935],[86.6668,25.083],[86.6639,25.0703],[86.6569,25.0656],[86.6593,25.0633],[86.6558,25.0569],[86.6581,25.0491],[86.6508,25.0423],[86.6583,25.0327],[86.6553,25.0314],[86.6558,25.028],[86.6526,25.0245],[86.6624,25.0179],[86.6643,25.0132],[86.6699,25.0127],[86.6704,25.0106],[86.6646,25.01],[86.6635,25.0126],[86.6568,25.0141],[86.6505,25.0106],[86.6538,25.0024],[86.6509,24.9955],[86.6511,24.9812],[86.642,24.9814],[86.6273,24.9668],[86.622,24.9698],[86.6226,24.9774],[86.6185,24.9775],[86.6163,24.9738],[86.6116,24.9721],[86.6059,24.9753],[86.6037,24.9699],[86.6016,24.97],[86.6043,24.9646],[86.6001,24.958],[86.6012,24.9518],[86.6044,24.9487],[86.5937,24.9497],[86.5918,24.9461],[86.5863,24.945],[86.5785,24.9471],[86.578,24.9571],[86.5729,24.9591],[86.5715,24.9632],[86.5587,24.9564],[86.5517,24.9563],[86.5482,24.9539],[86.5478,24.9507],[86.5442,24.9524],[86.5416,24.9546],[86.5498,24.9603],[86.551,24.9646],[86.5366,24.9723],[86.5358,24.9817],[86.5297,24.9848],[86.507,24.9853],[86.5032,24.9791],[86.4912,24.9728],[86.4949,24.9531],[86.4977,24.9534],[86.4916,24.9415],[86.4988,24.9323],[86.4963,24.9299],[86.4994,24.9227],[86.4869,24.9215],[86.4901,24.909],[86.5085,24.9024],[86.5263,24.8894],[86.5255,24.8845],[86.533,24.8754],[86.5354,24.8659],[86.5341,24.8533],[86.5357,24.8502],[86.5303,24.8361],[86.5333,24.8336],[86.5334,24.827],[86.5305,24.8218],[86.5315,24.8195],[86.524,24.8135],[86.5284,24.792],[86.5024,24.788],[86.5003,24.78],[86.4957,24.7744],[86.4952,24.7635],[86.4976,24.7619],[86.4996,24.7672],[86.5267,24.7753],[86.5483,24.7753],[86.5469,24.7696],[86.5509,24.7636],[86.5475,24.7549],[86.5531,24.7527],[86.5579,24.7446],[86.5557,24.7409],[86.5586,24.7304],[86.5554,24.7288],[86.5528,24.7222],[86.5583,24.7021],[86.5652,24.6957],[86.5676,24.6975],[86.5756,24.695],[86.5828,24.6883],[86.5856,24.6818],[86.5916,24.6832],[86.6106,24.67],[86.6137,24.6702],[86.6113,24.6659],[86.619,24.6604],[86.6079,24.6544],[86.6074,24.6517],[86.6094,24.6471],[86.6187,24.644],[86.6166,24.6415],[86.618,24.632],[86.6132,24.6312],[86.6136,24.6288],[86.6098,24.6262],[86.6106,24.621],[86.608,24.6207],[86.6081,24.6075],[86.615,24.6088],[86.6106,24.5994],[86.6242,24.6],[86.6249,24.5901],[86.6316,24.585],[86.6463,24.5805],[86.6521,24.5702],[86.6713,24.5664],[86.6833,24.5734],[86.6882,24.5716],[86.6921,24.5769],[86.6971,24.5735],[86.7216,24.5832],[86.735,24.5796],[86.7356,24.5844],[86.7397,24.5855],[86.7499,24.5954],[86.7485,24.6062],[86.7534,24.618],[86.7716,24.6186],[86.7838,24.6151],[86.787,24.6165],[86.8049,24.6001],[86.8109,24.5992],[86.8061,24.5938],[86.8098,24.5817],[86.8033,24.5784],[86.8021,24.5703],[86.8113,24.5689],[86.8222,24.5756],[86.8318,24.5728],[86.8351,24.5762],[86.8436,24.5749],[86.8408,24.5628],[86.8444,24.5594],[86.8538,24.5585],[86.8568,24.5547],[86.86,24.5561],[86.8631,24.5627],[86.8611,24.5664],[86.8713,24.5682],[86.8813,24.5742],[86.8829,24.5698],[86.8884,24.5669],[86.8876,24.5618],[86.9007,24.559],[86.905,24.5551],[86.9048,24.5505],[86.9164,24.5452],[86.9182,24.5483],[86.9177,24.5609],[86.9144,24.5687],[86.9099,24.5714],[86.9137,24.5767],[86.9085,24.585],[86.9087,24.5957],[86.92,24.6024],[86.9202,24.6065],[86.9278,24.6144],[86.9289,24.6254],[86.9332,24.6312],[86.9386,24.6311],[86.9455,24.6358],[86.9461,24.6378],[86.9396,24.6437],[86.9398,24.6526],[86.9582,24.649],[86.9569,24.6415],[86.9543,24.6416],[86.9514,24.6335],[86.953,24.6313],[86.9784,24.6401],[86.9962,24.6199],[87.0069,24.623],[87.0076,24.6289],[87.0107,24.6312],[87.02,24.6297],[87.0241,24.6242],[87.023,24.6157],[87.0359,24.6129],[87.0381,24.6173],[87.0466,24.6089],[87.0511,24.6086],[87.0493,24.6255],[87.0463,24.63],[87.0524,24.6411],[87.0508,24.6519],[87.0537,24.6594],[87.054,24.6694],[87.0597,24.6764],[87.0619,24.6888],[87.0653,24.6885],[87.0693,24.6933],[87.068,24.7034],[87.0735,24.7156],[87.0782,24.7191],[87.0771,24.7215],[87.0811,24.7292],[87.0768,24.7312],[87.0786,24.7366],[87.0729,24.7371],[87.0738,24.7414],[87.0698,24.745],[87.0706,24.7476],[87.0798,24.7485],[87.0781,24.7525],[87.0843,24.7562],[87.0787,24.7681],[87.0787,24.7776],[87.0927,24.7917],[87.0957,24.8028],[87.0874,24.8029],[87.0828,24.8067],[87.0741,24.8084],[87.0745,24.8177],[87.0769,24.8238],[87.0842,24.8221],[87.0913,24.8235],[87.104,24.8413],[87.1047,24.8468],[87.112,24.8476],[87.1094,24.8517],[87.1181,24.8516],[87.1268,24.8558],[87.1324,24.8625],[87.1378,24.8597],[87.144,24.8613],[87.1428,24.8632],[87.1415,24.8614],[87.1412,24.8646],[87.1458,24.8673],[87.1567,24.881],[87.157,24.8998],[87.1503,24.9032],[87.1463,24.9104],[87.145,24.9192],[87.1525,24.9267],[87.1544,24.9324],[87.1462,24.9417],[87.15,24.948],[87.152,24.9605],[87.1499,24.9634],[87.1544,24.978],[87.1517,25.0005],[87.1458,25.01],[87.1458,25.0193],[87.1503,25.0261],[87.1581,25.028],[87.1623,25.0333],[87.1639,25.0388],[87.1677,25.041],[87.1665,25.0466],[87.172,25.0476],[87.1766,25.0587],[87.1661,25.0579],[87.1649,25.062],[87.1596,25.0634],[87.1422,25.0635],[87.1369,25.0807],[87.1311,25.0866],[87.1244,25.0877],[87.1221,25.0909],[87.1087,25.0888],[87.1089,25.0951],[87.1014,25.0965],[87.0921,25.0928],[87.0845,25.0973],[87.0821,25.0938],[87.0761,25.0964],[87.0763,25.0982],[87.0515,25.1057],[87.0469,25.1053],[87.0456,25.1014],[87.0428,25.1019],[87.0413,25.0945],[87.039,25.0966],[87.0258,25.098],[87.0261,25.1023],[87.0217,25.1038],[87.0192,25.1005],[87.0162,25.1034],[87.0168,25.1065],[87.0131,25.109],[87.0128,25.1047],[87.0037,25.1076],[86.9807,25.1008],[86.9702,25.1038],[86.9662,25.101],[86.9588,25.1032],[86.9531,25.1013],[86.9523,25.0983],[86.9437,25.1061],[86.941,25.1045],[86.9415,25.1],[86.9314,25.102],[86.9311,25.0992],[86.9241,25.0964],[86.9187,25.0985],[86.9177,25.095],[86.9023,25.0999],[86.8964,25.0998],[86.8938,25.0959],[86.8946,25.0992],[86.8918,25.0977],[86.886,25.1001],[86.8836,25.0973],[86.8751,25.0971],[86.8733,25.0928],[86.8615,25.0972],[86.8575,25.1007],[86.8588,25.1037],[86.8546,25.1045],[86.8508,25.1088],[86.8437,25.1028],[86.8429,25.1065],[86.8358,25.1056],[86.8254,25.1108],[86.8238,25.105],[86.8192,25.1047],[86.8157,25.0924],[86.8135,25.0923],[86.8078,25.0931],[86.8052,25.0981],[86.8111,25.0979],[86.8085,25.1037],[86.8097,25.1058],[86.798,25.1138],[86.7916,25.1106],[86.787,25.105],[86.787,25.1016],[86.7703,25.1113],[86.7637,25.1053],[86.7384,25.1119],[86.7378,25.1167],[86.7405,25.1212],[86.73,25.1217]]]},"properties":{"dtname":"Banka","stname":"BIHAR","stcode11":"10","dtcode11":"225","year_stat":"2011_c","Shape_Length":387393.23532438104,"Shape_Area":3697942404.3981037,"OBJECTID":373,"test":1,"Dist_LGD":190,"State_LGD":10}},{"type":"Feature","id":377,"geometry":{"type":"Polygon","coordinates":[[[85.681,25.113],[85.6705,25.1091],[85.666,25.1029],[85.6607,25.1062],[85.6565,25.106],[85.6531,25.103],[85.6474,25.1048],[85.6457,25.1017],[85.6344,25.0968],[85.6343,25.0919],[85.6411,25.089],[85.6412,25.0862],[85.6445,25.0841],[85.6431,25.0806],[85.649,25.0772],[85.6466,25.074],[85.6533,25.066],[85.6539,25.0615],[85.6424,25.0597],[85.6382,25.0674],[85.6313,25.0679],[85.6315,25.0582],[85.6266,25.0535],[85.6188,25.0506],[85.6133,25.0426],[85.6037,25.04],[85.5982,25.0326],[85.5982,25.0288],[85.5934,25.0286],[85.5849,25.0347],[85.5755,25.0299],[85.5613,25.0282],[85.5562,25.037],[85.5477,25.0326],[85.5397,25.0168],[85.5425,25.0134],[85.5473,25.0124],[85.5479,25.0086],[85.5549,25.0073],[85.5557,25.0046],[85.5631,25.0047],[85.5627,24.9938],[85.556,24.9936],[85.5573,24.9854],[85.5555,24.9854],[85.555,24.9892],[85.5442,24.9882],[85.5452,24.9943],[85.5435,24.9951],[85.5321,24.9939],[85.5317,24.9969],[85.5288,24.9968],[85.5279,25.0041],[85.5183,25.0033],[85.5237,25.0144],[85.521,25.016],[85.514,25.0068],[85.4988,25.0077],[85.4659,24.9958],[85.4638,24.9913],[85.4393,24.9826],[85.4357,24.981],[85.4359,24.9791],[85.4308,24.979],[85.4155,24.9714],[85.4023,24.9711],[85.396,24.9682],[85.3901,24.9608],[85.3873,24.9613],[85.3852,24.9555],[85.3738,24.9463],[85.3771,24.9352],[85.3823,24.9345],[85.3825,24.928],[85.3757,24.9275],[85.374,24.9233],[85.3757,24.9101],[85.3787,24.9082],[85.3765,24.9007],[85.3792,24.9007],[85.3793,24.8982],[85.3718,24.893],[85.3645,24.8923],[85.362,24.8833],[85.3636,24.8804],[85.3456,24.8829],[85.3414,24.887],[85.3302,24.8809],[85.3338,24.8697],[85.3392,24.8666],[85.3382,24.8586],[85.325,24.8556],[85.3208,24.8573],[85.3237,24.8483],[85.3204,24.8456],[85.3201,24.8392],[85.3103,24.8301],[85.3046,24.8312],[85.3063,24.8225],[85.302,24.8153],[85.3041,24.8082],[85.3012,24.7997],[85.298,24.7981],[85.2913,24.7812],[85.2854,24.7819],[85.2827,24.7852],[85.2766,24.7803],[85.2758,24.7625],[85.2669,24.7446],[85.2826,24.7447],[85.2847,24.7475],[85.2897,24.7481],[85.2956,24.7467],[85.2946,24.7393],[85.2976,24.7409],[85.3041,24.7392],[85.3029,24.7248],[85.3215,24.7297],[85.3254,24.7276],[85.3237,24.7201],[85.3298,24.7123],[85.3308,24.6976],[85.325,24.6937],[85.3227,24.6869],[85.3239,24.6653],[85.3179,24.6691],[85.3103,24.6692],[85.3085,24.673],[85.3017,24.6753],[85.2998,24.669],[85.2947,24.6691],[85.2964,24.6632],[85.3066,24.6575],[85.3045,24.6491],[85.3179,24.6467],[85.3222,24.6489],[85.3253,24.6464],[85.3215,24.6424],[85.3233,24.6336],[85.3066,24.6423],[85.3035,24.6326],[85.3046,24.6225],[85.3093,24.6204],[85.3121,24.6149],[85.3083,24.6015],[85.3178,24.6007],[85.3146,24.5882],[85.3156,24.5843],[85.3301,24.5816],[85.3297,24.5734],[85.3319,24.5694],[85.3237,24.5661],[85.3178,24.5665],[85.3205,24.5562],[85.3294,24.5562],[85.3524,24.5493],[85.3639,24.5541],[85.3846,24.5555],[85.3875,24.5498],[85.4011,24.5452],[85.4048,24.5415],[85.4134,24.5411],[85.432,24.5315],[85.4299,24.5294],[85.4345,24.528],[85.434,24.5312],[85.4366,24.534],[85.4442,24.5341],[85.4507,24.5371],[85.4596,24.5362],[85.471,24.5444],[85.491,24.5481],[85.501,24.545],[85.5094,24.5372],[85.5078,24.5253],[85.5182,24.5262],[85.5238,24.521],[85.5384,24.5277],[85.5417,24.5319],[85.5457,24.5488],[85.5409,24.5623],[85.5449,24.5631],[85.5564,24.5581],[85.5607,24.5527],[85.5617,24.5584],[85.5678,24.5581],[85.5717,24.5617],[85.5699,24.5691],[85.5719,24.5743],[85.5673,24.5768],[85.5661,24.587],[85.5703,24.5941],[85.5806,24.6008],[85.5921,24.5975],[85.5938,24.5945],[85.6018,24.5957],[85.6125,24.5873],[85.6152,24.5808],[85.6273,24.5819],[85.6512,24.5745],[85.6597,24.5784],[85.668,24.579],[85.6775,24.591],[85.674,24.5979],[85.6761,24.6165],[85.673,24.621],[85.6721,24.6298],[85.6675,24.6363],[85.6687,24.6405],[85.6651,24.6427],[85.6624,24.6502],[85.6671,24.657],[85.6667,24.6611],[85.66,24.6671],[85.6604,24.6723],[85.6545,24.6739],[85.6514,24.6778],[85.649,24.6846],[85.6814,24.6916],[85.6889,24.6982],[85.7002,24.7175],[85.7072,24.7245],[85.7086,24.7268],[85.7053,24.7364],[85.7089,24.7453],[85.7042,24.7513],[85.7039,24.7611],[85.7048,24.767],[85.7096,24.7671],[85.7067,24.7686],[85.7094,24.7749],[85.7075,24.7796],[85.7224,24.786],[85.7236,24.7971],[85.7293,24.7986],[85.7306,24.8126],[85.7359,24.8206],[85.7622,24.8129],[85.7686,24.8076],[85.7679,24.8042],[85.7781,24.7965],[85.7804,24.7989],[85.8095,24.7942],[85.8132,24.8026],[85.8201,24.808],[85.8247,24.8085],[85.855,24.8084],[85.8673,24.8047],[85.8897,24.7927],[85.8866,24.7839],[85.8977,24.7746],[85.9087,24.7569],[85.9196,24.7448],[85.9367,24.7352],[85.9453,24.733],[85.9601,24.7313],[85.9702,24.733],[85.9737,24.7428],[85.9804,24.7487],[85.9965,24.7532],[86.0084,24.7633],[86.0247,24.7667],[86.0345,24.7723],[86.0375,24.7766],[86.0553,24.7797],[86.0511,24.7842],[86.034,24.7926],[86.0206,24.8073],[86.0097,24.8086],[86.0105,24.8116],[86.0009,24.8227],[85.9993,24.8378],[85.9948,24.8427],[85.9943,24.8467],[85.9756,24.8617],[85.9742,24.868],[85.9536,24.8764],[85.952,24.8611],[85.9279,24.8635],[85.8925,24.874],[85.8936,24.8783],[85.8886,24.8825],[85.8887,24.8941],[85.8852,24.9043],[85.8806,24.9104],[85.8734,24.9128],[85.8765,24.9131],[85.8799,24.935],[85.8721,24.9351],[85.8713,24.9389],[85.8629,24.9393],[85.861,24.9243],[85.8627,24.9221],[85.8477,24.9295],[85.8443,24.9294],[85.8423,24.9213],[85.8225,24.9214],[85.8216,24.927],[85.8257,24.9283],[85.8252,24.9346],[85.8281,24.9394],[85.8259,24.9519],[85.8467,24.951],[85.8468,24.9462],[85.8497,24.943],[85.8581,24.944],[85.8589,24.9504],[85.8588,24.9583],[85.852,24.9572],[85.8498,24.968],[85.8347,24.9846],[85.8335,24.9892],[85.8281,24.9911],[85.828,24.9961],[85.8234,24.9986],[85.8141,24.9958],[85.8124,24.9924],[85.8079,24.9942],[85.8065,24.9891],[85.8005,24.9871],[85.8021,24.9852],[85.7962,24.9772],[85.7847,24.9822],[85.7882,24.9867],[85.7831,24.9881],[85.7824,24.9919],[85.7783,24.9926],[85.7799,25.0063],[85.7682,25.0079],[85.7682,25.0041],[85.7649,25.004],[85.7631,25.0003],[85.7635,24.9933],[85.7577,24.9948],[85.7574,24.9927],[85.7466,24.993],[85.7516,25.0034],[85.7375,25.0063],[85.7386,25.0165],[85.7476,25.0147],[85.7498,25.0179],[85.7698,25.0181],[85.7713,25.0241],[85.7637,25.0249],[85.767,25.0313],[85.7639,25.032],[85.7661,25.0401],[85.7691,25.0406],[85.7648,25.0478],[85.767,25.0613],[85.7701,25.0621],[85.7722,25.0683],[85.7694,25.0687],[85.7653,25.0775],[85.767,25.0802],[85.7742,25.0797],[85.7747,25.0826],[85.7715,25.0849],[85.7733,25.0944],[85.7689,25.0976],[85.7561,25.1005],[85.7559,25.1061],[85.7508,25.1076],[85.7494,25.1035],[85.7459,25.1042],[85.7455,25.0975],[85.7407,25.0962],[85.7314,25.0978],[85.7179,25.0934],[85.7174,25.091],[85.7126,25.0919],[85.7116,25.0976],[85.6988,25.1],[85.6941,25.0938],[85.6906,25.1004],[85.6917,25.1061],[85.6843,25.1109],[85.6816,25.1103],[85.681,25.113]]]},"properties":{"dtname":"Nawada","stname":"BIHAR","stcode11":"10","dtcode11":"237","year_stat":"2011_c","Shape_Length":424076.0182406566,"Shape_Area":3038175714.4819913,"OBJECTID":377,"test":1,"Dist_LGD":210,"State_LGD":10}},{"type":"Feature","id":379,"geometry":{"type":"Polygon","coordinates":[[[85.1832,25.0729],[85.1726,25.0711],[85.1709,25.0667],[85.1534,25.0681],[85.1529,25.0545],[85.1491,25.0522],[85.1398,25.0551],[85.1266,25.0536],[85.1238,25.0463],[85.1184,25.0413],[85.1204,25.0369],[85.1189,25.0314],[85.1096,25.015],[85.0992,25.0077],[85.0893,24.9926],[85.0767,24.9936],[85.0818,24.9954],[85.0805,25.0006],[85.073,24.998],[85.0661,25.0029],[85.0481,25.0013],[85.0448,25.0073],[85.0433,25.0304],[85.0355,25.0317],[85.0264,25.0302],[85.0235,25.0209],[85.0263,25.0186],[85.0238,25.0169],[85.0173,25.0174],[85.0155,25.0221],[84.9993,25.0211],[84.9989,25.0245],[84.9914,25.0253],[84.9905,25.0231],[84.9946,25.0201],[84.9939,25.0125],[84.9924,25.0098],[84.9855,25.0089],[84.9834,25.0029],[84.9673,25.005],[84.9621,24.9988],[84.9584,24.998],[84.9557,24.9873],[84.9348,24.9869],[84.9341,24.991],[84.9284,24.9946],[84.9319,25.0013],[84.9286,25.0156],[84.9223,25.0181],[84.9224,25.0233],[84.9094,25.0267],[84.9108,25.0314],[84.9091,25.0344],[84.9209,25.0399],[84.927,25.0546],[84.9199,25.06],[84.9086,25.0602],[84.91,25.0655],[84.8985,25.0658],[84.8935,25.0622],[84.8846,25.0606],[84.8715,25.0638],[84.864,25.0576],[84.8613,25.061],[84.8462,25.0637],[84.8428,25.0603],[84.8339,25.0607],[84.8322,25.0667],[84.8246,25.065],[84.8246,25.0693],[84.8117,25.0726],[84.811,25.07],[84.8057,25.0703],[84.7983,25.0631],[84.7941,25.0635],[84.793,25.0663],[84.7817,25.0662],[84.7762,25.0525],[84.7705,25.0517],[84.7692,25.048],[84.758,25.0537],[84.7338,25.0554],[84.7324,25.0444],[84.7294,25.0425],[84.7304,25.0398],[84.6987,25.0419],[84.6993,25.032],[84.7034,25.0286],[84.7039,25.0248],[84.7085,25.0245],[84.7165,25.0175],[84.718,25.0057],[84.726,25.0033],[84.7317,25.003],[84.7321,25.0058],[84.7465,25.0037],[84.746,24.9847],[84.735,24.985],[84.7311,24.9822],[84.7295,24.9738],[84.7305,24.9693],[84.7397,24.9654],[84.7399,24.9623],[84.737,24.9565],[84.7111,24.9541],[84.7109,24.9509],[84.716,24.9477],[84.7138,24.9387],[84.7169,24.9376],[84.7201,24.9311],[84.7168,24.9233],[84.7178,24.9171],[84.7088,24.9161],[84.709,24.9083],[84.7059,24.9074],[84.7048,24.901],[84.6898,24.9026],[84.6872,24.8993],[84.683,24.9014],[84.6808,24.8904],[84.6724,24.8904],[84.6714,24.8921],[84.6634,24.8883],[84.6616,24.8834],[84.6722,24.8806],[84.6695,24.8712],[84.6643,24.871],[84.6626,24.8773],[84.6462,24.8801],[84.6413,24.8786],[84.64,24.8741],[84.643,24.8737],[84.6427,24.8649],[84.6485,24.8627],[84.6513,24.8554],[84.6659,24.8492],[84.6732,24.8484],[84.6728,24.8435],[84.676,24.8402],[84.6752,24.8314],[84.6877,24.83],[84.6885,24.8329],[84.6952,24.8319],[84.6956,24.8263],[84.6999,24.825],[84.6984,24.8159],[84.7048,24.8106],[84.7049,24.7991],[84.7356,24.7945],[84.7358,24.7883],[84.725,24.7882],[84.725,24.7821],[84.7309,24.7806],[84.7315,24.7753],[84.7359,24.7736],[84.7348,24.7653],[84.7201,24.7663],[84.7168,24.7646],[84.7177,24.7563],[84.7273,24.753],[84.7264,24.7459],[84.729,24.7438],[84.7225,24.6994],[84.7101,24.6969],[84.7027,24.6984],[84.6969,24.6878],[84.6998,24.6785],[84.696,24.6797],[84.687,24.6767],[84.6809,24.68],[84.6627,24.6823],[84.6637,24.679],[84.6505,24.6739],[84.6453,24.6788],[84.6456,24.6723],[84.6428,24.667],[84.6456,24.6629],[84.6385,24.6649],[84.638,24.6541],[84.6342,24.6505],[84.6242,24.6523],[84.6121,24.6589],[84.6094,24.6536],[84.6024,24.6558],[84.5995,24.6461],[84.5992,24.6244],[84.6058,24.6252],[84.5924,24.6148],[84.5969,24.6069],[84.5928,24.6039],[84.5966,24.5961],[84.5922,24.5957],[84.5886,24.5877],[84.5758,24.5814],[84.5735,24.5768],[84.5655,24.571],[84.5639,24.568],[84.5675,24.566],[84.5776,24.5671],[84.5813,24.5618],[84.5692,24.5549],[84.5715,24.5515],[84.5691,24.5488],[84.5695,24.5443],[84.5547,24.533],[84.5508,24.5329],[84.5469,24.5268],[84.5188,24.5253],[84.5053,24.518],[84.4902,24.513],[84.4843,24.5135],[84.4812,24.5226],[84.4678,24.5361],[84.4531,24.5319],[84.4478,24.5358],[84.4442,24.5484],[84.4441,24.563],[84.437,24.5727],[84.4291,24.5715],[84.4284,24.5635],[84.4214,24.5521],[84.4184,24.5577],[84.4071,24.5635],[84.4065,24.5665],[84.4096,24.5705],[84.4031,24.5727],[84.398,24.5678],[84.3918,24.5673],[84.391,24.563],[84.3943,24.5557],[84.3928,24.5502],[84.3895,24.547],[84.39,24.5446],[84.3823,24.5434],[84.3858,24.53],[84.371,24.5288],[84.3754,24.5156],[84.3721,24.5099],[84.3503,24.5005],[84.3458,24.4945],[84.328,24.4873],[84.317,24.4868],[84.3023,24.4797],[84.2913,24.4662],[84.2974,24.449],[84.3216,24.4461],[84.3248,24.4389],[84.3278,24.4388],[84.3356,24.4314],[84.3356,24.4249],[84.3245,24.4275],[84.3205,24.4211],[84.3226,24.4179],[84.3291,24.4188],[84.3305,24.4216],[84.3343,24.4205],[84.3337,24.4132],[84.3305,24.4104],[84.3331,24.4044],[84.3446,24.3993],[84.342,24.3933],[84.3616,24.389],[84.3635,24.3855],[84.3735,24.3835],[84.379,24.388],[84.3879,24.3887],[84.3881,24.382],[84.3936,24.3768],[84.3939,24.3733],[84.4066,24.3748],[84.4006,24.3646],[84.4308,24.3566],[84.4276,24.3557],[84.4249,24.349],[84.423,24.3367],[84.4244,24.3298],[84.4501,24.3326],[84.452,24.3375],[84.46,24.3374],[84.4659,24.3316],[84.4638,24.3286],[84.4674,24.3246],[84.4649,24.321],[84.4669,24.3172],[84.4722,24.3149],[84.4776,24.317],[84.4837,24.3129],[84.4876,24.3143],[84.4969,24.327],[84.505,24.3314],[84.5073,24.3246],[84.4979,24.3174],[84.4888,24.3147],[84.4853,24.3066],[84.4848,24.3023],[84.4888,24.3011],[84.4914,24.3036],[84.4964,24.2996],[84.4896,24.293],[84.4917,24.2863],[84.4962,24.2863],[84.5016,24.2882],[84.5069,24.2978],[84.5099,24.3048],[84.5097,24.3156],[84.5163,24.3173],[84.5224,24.3319],[84.5317,24.3387],[84.5247,24.3506],[84.5351,24.3637],[84.5274,24.3721],[84.5278,24.3765],[84.5304,24.3782],[84.5392,24.3759],[84.5468,24.3771],[84.5496,24.3729],[84.5539,24.3729],[84.5549,24.3752],[84.5723,24.3828],[84.5742,24.389],[84.5653,24.392],[84.5615,24.3963],[84.5675,24.4092],[84.5782,24.41],[84.583,24.4129],[84.5879,24.4081],[84.5859,24.4002],[84.5911,24.4009],[84.5949,24.4048],[84.6146,24.3987],[84.6218,24.4035],[84.6279,24.402],[84.6307,24.405],[84.6364,24.4],[84.6422,24.3989],[84.6446,24.3991],[84.6465,24.4031],[84.6495,24.3982],[84.6653,24.391],[84.6674,24.4047],[84.6703,24.4049],[84.6683,24.4096],[84.6736,24.4101],[84.6731,24.417],[84.6762,24.4254],[84.6707,24.4281],[84.6713,24.43],[84.6791,24.4357],[84.6864,24.4567],[84.7026,24.4627],[84.7103,24.4709],[84.7159,24.472],[84.7208,24.4686],[84.7283,24.4697],[84.7456,24.4859],[84.749,24.4962],[84.7552,24.4999],[84.7788,24.5045],[84.7861,24.5036],[84.7894,24.5074],[84.7893,24.5181],[84.7963,24.5215],[84.8022,24.5306],[84.8084,24.5219],[84.8257,24.5253],[84.8388,24.5127],[84.8382,24.498],[84.8337,24.4935],[84.8353,24.485],[84.8327,24.4702],[84.8407,24.4691],[84.8402,24.4608],[84.8369,24.4589],[84.8398,24.4524],[84.8488,24.4544],[84.8536,24.4665],[84.863,24.4614],[84.864,24.4571],[84.8709,24.4582],[84.8727,24.4663],[84.8752,24.4672],[84.8825,24.4623],[84.8847,24.4652],[84.8874,24.4632],[84.8846,24.441],[84.8875,24.432],[84.8856,24.4261],[84.882,24.4246],[84.8914,24.4145],[84.8925,24.4052],[84.9043,24.3954],[84.9092,24.3837],[84.9007,24.3765],[84.9039,24.3722],[84.9166,24.3733],[84.923,24.3776],[84.9367,24.3799],[84.954,24.3715],[84.9753,24.3749],[84.9817,24.3813],[84.984,24.3875],[85.0282,24.4154],[85.0373,24.413],[85.041,24.4153],[85.045,24.409],[85.055,24.4065],[85.0618,24.4074],[85.0673,24.4228],[85.0795,24.4335],[85.0788,24.4152],[85.0828,24.4163],[85.0805,24.4068],[85.0817,24.3985],[85.0773,24.3985],[85.0761,24.3946],[85.0801,24.3928],[85.0727,24.3808],[85.0738,24.3774],[85.0843,24.3765],[85.0888,24.3723],[85.0988,24.3735],[85.1044,24.3779],[85.1031,24.3851],[85.1172,24.3915],[85.1232,24.402],[85.1421,24.4066],[85.1528,24.4119],[85.1637,24.4131],[85.1655,24.4194],[85.1752,24.4223],[85.1638,24.4444],[85.1535,24.4478],[85.1526,24.4552],[85.159,24.4571],[85.1615,24.4607],[85.1722,24.4588],[85.1808,24.4622],[85.2011,24.4606],[85.2083,24.4666],[85.2261,24.4633],[85.2316,24.4721],[85.2399,24.4738],[85.242,24.477],[85.2413,24.4822],[85.2496,24.4908],[85.2752,24.4931],[85.2826,24.4916],[85.2852,24.4946],[85.2856,24.5023],[85.2834,24.5033],[85.2805,24.5138],[85.2834,24.5169],[85.2821,24.5203],[85.2882,24.5231],[85.3037,24.5231],[85.3216,24.5198],[85.3363,24.5232],[85.3732,24.5248],[85.3917,24.5299],[85.3975,24.5448],[85.3711,24.5528],[85.3708,24.5553],[85.3524,24.5493],[85.3199,24.5572],[85.3178,24.5665],[85.3237,24.5661],[85.3319,24.5694],[85.3297,24.5734],[85.3301,24.5816],[85.3156,24.5843],[85.3146,24.5882],[85.3178,24.6007],[85.3083,24.6015],[85.3121,24.6149],[85.3093,24.6204],[85.3046,24.6225],[85.3035,24.6326],[85.3066,24.6423],[85.3233,24.6336],[85.3215,24.6424],[85.3253,24.6464],[85.3222,24.6489],[85.3179,24.6467],[85.3045,24.6491],[85.3066,24.6575],[85.2964,24.6632],[85.2947,24.6691],[85.2998,24.669],[85.3017,24.6753],[85.3085,24.673],[85.3103,24.6692],[85.3179,24.6691],[85.3239,24.6653],[85.3227,24.6869],[85.325,24.6937],[85.3308,24.6976],[85.3298,24.7123],[85.3237,24.7201],[85.3254,24.7276],[85.3215,24.7297],[85.3029,24.7248],[85.3041,24.7392],[85.2976,24.7409],[85.2946,24.7393],[85.2956,24.7467],[85.2897,24.7481],[85.2847,24.7475],[85.2826,24.7447],[85.2669,24.7446],[85.2758,24.7625],[85.2766,24.7803],[85.2827,24.7852],[85.2854,24.7819],[85.2913,24.7812],[85.298,24.7981],[85.3012,24.7997],[85.3041,24.8082],[85.302,24.8153],[85.3063,24.8225],[85.3046,24.8312],[85.3103,24.8301],[85.3201,24.8392],[85.3204,24.8456],[85.3237,24.8483],[85.3208,24.8573],[85.325,24.8556],[85.3382,24.8586],[85.3392,24.8666],[85.3338,24.8697],[85.3302,24.8809],[85.3414,24.887],[85.3456,24.8829],[85.3636,24.8804],[85.362,24.8833],[85.3645,24.8923],[85.3718,24.893],[85.3793,24.8982],[85.3792,24.9007],[85.3765,24.9007],[85.3787,24.9082],[85.3757,24.9101],[85.374,24.9233],[85.3757,24.9275],[85.3825,24.928],[85.3823,24.9345],[85.3771,24.9352],[85.3737,24.9452],[85.3852,24.9555],[85.3885,24.9621],[85.3755,24.9734],[85.372,24.9727],[85.3792,24.981],[85.383,24.9917],[85.3611,24.9844],[85.3561,24.987],[85.354,24.9967],[85.3483,25.0056],[85.3495,25.0118],[85.3528,25.013],[85.3542,25.0165],[85.3505,25.0205],[85.3388,25.0197],[85.3373,25.0127],[85.3285,25.0105],[85.3281,25.0068],[85.3181,25.0078],[85.3132,25.0229],[85.301,25.0262],[85.2952,25.0251],[85.2941,25.0229],[85.2922,25.0262],[85.2707,25.0275],[85.2694,25.0257],[85.2719,25.0232],[85.2661,25.0219],[85.2644,25.0251],[85.2592,25.0228],[85.2588,25.0337],[85.2536,25.0307],[85.2521,25.032],[85.2487,25.0281],[85.2518,25.0215],[85.2483,25.0067],[85.2375,25.0071],[85.2388,25.0125],[85.2312,25.0149],[85.2273,25.0547],[85.2125,25.0545],[85.2121,25.0418],[85.2051,25.0399],[85.2018,25.0318],[85.1916,25.03],[85.1896,25.0323],[85.1917,25.0502],[85.1753,25.0509],[85.1748,25.061],[85.1816,25.0639],[85.1832,25.0729]]]},"properties":{"dtname":"Gaya","stname":"BIHAR","stcode11":"10","dtcode11":"236","year_stat":"2011_c","Shape_Length":689330.1695310087,"Shape_Area":6046023704.538018,"OBJECTID":379,"test":1,"Dist_LGD":196,"State_LGD":10}},{"type":"Feature","id":389,"geometry":{"type":"Polygon","coordinates":[[[86.5572,25.4958],[86.5531,25.4969],[86.5517,25.4866],[86.5448,25.4905],[86.5451,25.4926],[86.5405,25.4917],[86.5265,25.4582],[86.5083,25.4456],[86.505,25.4263],[86.5087,25.4268],[86.509,25.4141],[86.5141,25.4142],[86.5107,25.4086],[86.4824,25.4128],[86.4775,25.3996],[86.4626,25.3877],[86.4576,25.3926],[86.4593,25.3953],[86.457,25.3982],[86.4536,25.3971],[86.4531,25.3992],[86.4442,25.3989],[86.4371,25.4016],[86.4311,25.3939],[86.4155,25.3943],[86.4167,25.3925],[86.4098,25.3868],[86.4023,25.3856],[86.4019,25.3697],[86.3901,25.3628],[86.388,25.38],[86.3637,25.3595],[86.3696,25.3555],[86.3663,25.3565],[86.3409,25.3447],[86.3383,25.3424],[86.3399,25.3395],[86.3311,25.3393],[86.3274,25.3366],[86.3203,25.3379],[86.3145,25.3349],[86.3218,25.3224],[86.3108,25.3146],[86.3094,25.3139],[86.3037,25.3286],[86.3005,25.3259],[86.3085,25.3133],[86.2945,25.3018],[86.296,25.2996],[86.2608,25.2858],[86.2642,25.2775],[86.3125,25.2866],[86.3528,25.2995],[86.3533,25.287],[86.3586,25.2859],[86.3648,25.2636],[86.3723,25.2552],[86.37,25.2489],[86.3762,25.2448],[86.3816,25.2443],[86.3806,25.2379],[86.3914,25.2259],[86.3839,25.2237],[86.3677,25.2089],[86.3645,25.1698],[86.3707,25.1438],[86.4198,25.1382],[86.4117,25.123],[86.4164,25.1047],[86.4137,25.0979],[86.406,25.087],[86.393,25.0869],[86.3933,25.0674],[86.391,25.0639],[86.3863,25.0635],[86.3842,25.0572],[86.3952,25.0563],[86.3973,25.0534],[86.3926,25.0531],[86.3946,25.051],[86.4071,25.0509],[86.4138,25.0474],[86.4132,25.0502],[86.4241,25.05],[86.4382,25.0455],[86.4395,25.0194],[86.4373,25.0138],[86.4404,25.009],[86.4386,24.9987],[86.4419,24.9991],[86.4518,25.0096],[86.4557,25.0073],[86.4576,24.9987],[86.474,25.0002],[86.4821,24.9978],[86.5033,24.9853],[86.5297,24.9848],[86.5358,24.9817],[86.5366,24.9723],[86.551,24.9646],[86.5498,24.9603],[86.5416,24.9546],[86.5429,24.9532],[86.5478,24.9507],[86.5482,24.9539],[86.5517,24.9563],[86.5587,24.9564],[86.5715,24.9632],[86.5729,24.9591],[86.578,24.9571],[86.578,24.9475],[86.5863,24.945],[86.5918,24.9461],[86.5937,24.9497],[86.6044,24.9487],[86.6012,24.9518],[86.6001,24.958],[86.6043,24.9646],[86.6016,24.97],[86.6037,24.9699],[86.6059,24.9753],[86.6116,24.9721],[86.6163,24.9738],[86.6185,24.9775],[86.6226,24.9774],[86.622,24.9698],[86.6273,24.9668],[86.642,24.9814],[86.6511,24.9812],[86.6509,24.9955],[86.6538,25.0024],[86.6505,25.0106],[86.6568,25.0141],[86.6635,25.0126],[86.6646,25.01],[86.6704,25.0106],[86.6699,25.0127],[86.6643,25.0132],[86.6624,25.0179],[86.6526,25.0245],[86.6558,25.028],[86.6553,25.0314],[86.6583,25.0327],[86.6508,25.0423],[86.6581,25.0491],[86.6558,25.0569],[86.6593,25.0633],[86.6569,25.0656],[86.6639,25.0703],[86.6668,25.083],[86.6774,25.0935],[86.6831,25.0911],[86.6944,25.1064],[86.6901,25.1089],[86.691,25.1202],[86.6886,25.1183],[86.6832,25.1225],[86.6821,25.1199],[86.6781,25.1213],[86.6812,25.1286],[86.6834,25.1293],[86.6806,25.1317],[86.6836,25.1374],[86.6817,25.1404],[86.6842,25.1402],[86.6876,25.1467],[86.6915,25.1429],[86.6962,25.143],[86.6988,25.1497],[86.7019,25.1502],[86.7002,25.1517],[86.7022,25.157],[86.7066,25.1606],[86.7012,25.1619],[86.7085,25.1705],[86.7149,25.1726],[86.7235,25.1712],[86.7305,25.1763],[86.7282,25.1802],[86.7351,25.179],[86.738,25.1832],[86.7266,25.1846],[86.7234,25.1878],[86.7148,25.1876],[86.7145,25.192],[86.7105,25.1928],[86.7109,25.1858],[86.7046,25.1879],[86.7051,25.1963],[86.6982,25.1985],[86.6986,25.2022],[86.6962,25.203],[86.6937,25.1958],[86.6958,25.1943],[86.695,25.1919],[86.6985,25.1905],[86.695,25.1912],[86.6942,25.1884],[86.6872,25.1897],[86.6858,25.1876],[86.6852,25.1905],[86.6805,25.1911],[86.6789,25.1937],[86.6774,25.2059],[86.6727,25.2081],[86.6701,25.2131],[86.6505,25.2174],[86.6494,25.2192],[86.6523,25.2221],[86.6506,25.2244],[86.642,25.2258],[86.6418,25.2373],[86.6387,25.2434],[86.6788,25.2397],[86.7171,25.2444],[86.728,25.2465],[86.7243,25.2591],[86.7218,25.2629],[86.714,25.2649],[86.6892,25.266],[86.6757,25.2639],[86.6549,25.2676],[86.6445,25.2764],[86.6343,25.3046],[86.6498,25.3274],[86.6316,25.349],[86.6321,25.3529],[86.624,25.3532],[86.6246,25.3583],[86.6366,25.367],[86.641,25.373],[86.6423,25.3836],[86.6401,25.3928],[86.625,25.4091],[86.6168,25.4132],[86.6018,25.4266],[86.5983,25.4268],[86.5878,25.4509],[86.5846,25.4513],[86.5825,25.4568],[86.5752,25.4784],[86.5773,25.4803],[86.5761,25.4883],[86.5687,25.4938],[86.5572,25.4958]]]},"properties":{"dtname":"Munger","stname":"BIHAR","stcode11":"10","dtcode11":"226","year_stat":"2011_c","Shape_Length":300961.1599224474,"Shape_Area":1731195119.03255,"OBJECTID":389,"test":0,"Dist_LGD":207,"State_LGD":10}},{"type":"Feature","id":510,"geometry":{"type":"Polygon","coordinates":[[[85.2713,26.0136],[85.2535,26.0123],[85.2529,26.0099],[85.251,26.0122],[85.2471,26.0118],[85.2351,26.0008],[85.234,25.997],[85.2317,25.9972],[85.2332,26.0003],[85.2315,26.0038],[85.223,25.9995],[85.2164,26.0037],[85.2101,26.0031],[85.2093,26.006],[85.1898,26.002],[85.1882,26.006],[85.1749,26.011],[85.1681,26.0104],[85.165,26.0072],[85.1631,26.0088],[85.1621,26.0042],[85.1502,26.0035],[85.1514,25.999],[85.1493,25.9965],[85.1406,26.0002],[85.1322,25.9972],[85.1187,26.0],[85.1049,25.9987],[85.1055,25.99],[85.1095,25.9877],[85.106,25.9816],[85.0963,25.9811],[85.0963,25.9761],[85.0856,25.9793],[85.0791,25.9708],[85.0722,25.9752],[85.0664,25.9744],[85.0743,25.9673],[85.072,25.9539],[85.0782,25.9322],[85.0915,25.9222],[85.1149,25.895],[85.1149,25.8676],[85.1255,25.8566],[85.1459,25.8485],[85.1538,25.8404],[85.1609,25.841],[85.1646,25.8383],[85.1728,25.8092],[85.1718,25.8053],[85.1784,25.7928],[85.1742,25.7752],[85.1759,25.7679],[85.1721,25.7571],[85.1757,25.7407],[85.1878,25.7189],[85.188,25.7076],[85.1945,25.6877],[85.1949,25.6738],[85.1928,25.6702],[85.1974,25.6707],[85.203,25.6493],[85.2319,25.6273],[85.2349,25.6207],[85.2384,25.62],[85.2408,25.6221],[85.2288,25.5989],[85.2395,25.5932],[85.2483,25.5933],[85.257,25.5804],[85.2729,25.5638],[85.2949,25.5255],[85.3073,25.5129],[85.33,25.5085],[85.3722,25.5056],[85.3831,25.4981],[85.3923,25.4969],[85.3947,25.5051],[85.4297,25.4959],[85.4349,25.513],[85.446,25.5094],[85.471,25.5195],[85.4832,25.5381],[85.4908,25.5391],[85.4944,25.5435],[85.508,25.5389],[85.5287,25.5379],[85.5266,25.5417],[85.5328,25.5568],[85.5409,25.5545],[85.5441,25.5405],[85.5472,25.5405],[85.5531,25.5463],[85.5525,25.5575],[85.5569,25.5628],[85.5437,25.569],[85.5472,25.5783],[85.5368,25.5798],[85.5367,25.5868],[85.5335,25.5902],[85.5289,25.5905],[85.5294,25.6028],[85.5371,25.6238],[85.5452,25.6259],[85.5505,25.624],[85.5512,25.6366],[85.5568,25.6446],[85.5548,25.6481],[85.5557,25.6562],[85.5616,25.6625],[85.5621,25.6685],[85.5696,25.6794],[85.5704,25.6884],[85.5768,25.687],[85.5782,25.6905],[85.5828,25.6916],[85.5856,25.7026],[85.5985,25.7023],[85.6021,25.71],[85.6113,25.7103],[85.6159,25.7291],[85.6123,25.7301],[85.6132,25.7384],[85.6209,25.7492],[85.6207,25.753],[85.6244,25.7555],[85.6186,25.7597],[85.6239,25.7613],[85.6227,25.7669],[85.6257,25.7668],[85.6295,25.7737],[85.6277,25.7771],[85.621,25.7734],[85.6203,25.7766],[85.614,25.7766],[85.6117,25.7889],[85.607,25.7908],[85.6116,25.798],[85.605,25.8028],[85.6098,25.8126],[85.6088,25.8148],[85.6146,25.823],[85.6193,25.8256],[85.6091,25.8342],[85.6096,25.8372],[85.6158,25.8395],[85.615,25.8426],[85.6076,25.8482],[85.6028,25.8473],[85.5985,25.8497],[85.6104,25.8545],[85.6101,25.8595],[85.6139,25.8625],[85.6097,25.8714],[85.6134,25.8756],[85.6122,25.8786],[85.6243,25.8801],[85.6263,25.8889],[85.6302,25.8907],[85.6268,25.8956],[85.6313,25.8967],[85.6322,25.9007],[85.6284,25.9007],[85.6287,25.9034],[85.6421,25.9104],[85.645,25.9162],[85.6412,25.9174],[85.6397,25.922],[85.6248,25.9198],[85.6245,25.9228],[85.6118,25.9281],[85.6115,25.9254],[85.6004,25.9278],[85.5966,25.9228],[85.5893,25.9219],[85.5815,25.9224],[85.58,25.9265],[85.5759,25.9243],[85.5661,25.926],[85.5637,25.9251],[85.5606,25.9118],[85.5566,25.9095],[85.5424,25.913],[85.541,25.9179],[85.5338,25.9225],[85.5264,25.9213],[85.5094,25.9041],[85.5038,25.9108],[85.4951,25.9102],[85.493,25.9208],[85.4868,25.9269],[85.4689,25.9345],[85.4691,25.9267],[85.4461,25.924],[85.4376,25.9271],[85.4379,25.9305],[85.4338,25.9312],[85.4335,25.9369],[85.4223,25.9377],[85.4144,25.9406],[85.4141,25.944],[85.409,25.945],[85.4089,25.9397],[85.4064,25.9396],[85.4046,25.935],[85.4018,25.9336],[85.3925,25.9361],[85.3876,25.9309],[85.3708,25.9326],[85.3641,25.9408],[85.3511,25.9438],[85.3418,25.9521],[85.3339,25.9547],[85.3211,25.9514],[85.316,25.9461],[85.3021,25.9492],[85.294,25.9468],[85.2861,25.95],[85.2861,25.9538],[85.2838,25.955],[85.2871,25.9564],[85.289,25.961],[85.2875,25.968],[85.2936,25.9982],[85.2798,26.0034],[85.273,26.0084],[85.2713,26.0136]]]},"properties":{"dtname":"Vaishali","stname":"BIHAR","stcode11":"10","dtcode11":"220","year_stat":"2011_c","Shape_Length":278730.43037753,"Shape_Area":2462859077.485561,"OBJECTID":510,"test":0,"Dist_LGD":224,"State_LGD":10}},{"type":"Feature","id":511,"geometry":{"type":"Polygon","coordinates":[[[86.1157,25.7757],[86.1113,25.7766],[86.1033,25.7737],[86.1069,25.7586],[86.1163,25.758],[86.1299,25.7518],[86.1383,25.7552],[86.1373,25.7504],[86.1324,25.7447],[86.1318,25.7357],[86.1225,25.7352],[86.1156,25.7401],[86.1136,25.735],[86.1076,25.7395],[86.0989,25.7366],[86.093,25.739],[86.0939,25.7441],[86.084,25.7443],[86.0836,25.7402],[86.0777,25.7433],[86.0752,25.7404],[86.0772,25.737],[86.0836,25.7358],[86.0863,25.7323],[86.0771,25.7265],[86.0656,25.7272],[86.0599,25.7243],[86.0509,25.7324],[86.0434,25.7337],[86.0402,25.7309],[86.0436,25.7263],[86.0412,25.7216],[86.0329,25.722],[86.0327,25.7257],[86.0301,25.7256],[86.032,25.7222],[86.0252,25.7158],[86.0222,25.7166],[86.0157,25.7249],[86.0107,25.7232],[86.01,25.7079],[86.0245,25.6992],[86.0291,25.6936],[86.0275,25.6879],[86.0201,25.6833],[86.0143,25.6815],[86.0034,25.6844],[85.9989,25.6811],[86.0013,25.669],[86.006,25.6631],[86.011,25.6607],[86.019,25.6676],[86.0242,25.6637],[86.0233,25.66],[86.0138,25.6572],[86.0133,25.65],[86.0227,25.6474],[86.023,25.6419],[86.0133,25.634],[86.0144,25.6099],[86.01,25.5968],[86.0022,25.5968],[85.9961,25.6048],[85.9774,25.6139],[85.9745,25.6209],[85.9724,25.621],[85.9731,25.6268],[85.9691,25.6284],[85.9618,25.64],[85.955,25.6429],[85.9501,25.6507],[85.9398,25.6498],[85.9374,25.6445],[85.9232,25.6444],[85.9159,25.638],[85.9052,25.6428],[85.9026,25.6512],[85.8966,25.6508],[85.89,25.6396],[85.8816,25.6339],[85.8876,25.6418],[85.8866,25.65],[85.8901,25.6617],[85.8806,25.6646],[85.8777,25.6593],[85.8744,25.6594],[85.8745,25.6479],[85.8713,25.6444],[85.8634,25.6443],[85.8595,25.6406],[85.85,25.6462],[85.8438,25.6438],[85.8397,25.6387],[85.8398,25.6255],[85.8318,25.6216],[85.8297,25.6177],[85.8299,25.6149],[85.8341,25.6158],[85.8335,25.6134],[85.85,25.6037],[85.8475,25.5935],[85.8516,25.589],[85.8483,25.5866],[85.8485,25.5751],[85.8395,25.5771],[85.8123,25.5769],[85.7998,25.5818],[85.7758,25.5846],[85.7662,25.5682],[85.7604,25.5661],[85.7578,25.5609],[85.7454,25.5569],[85.7474,25.5533],[85.7437,25.5392],[85.7377,25.5392],[85.7342,25.5242],[85.7477,25.5356],[85.7827,25.5493],[85.811,25.5437],[85.837,25.5271],[85.8385,25.5173],[85.8719,25.5067],[85.8763,25.5015],[85.8897,25.4991],[85.893,25.4783],[85.8973,25.4714],[85.9038,25.4665],[85.9064,25.4593],[85.8959,25.4594],[85.8815,25.4734],[85.8787,25.4661],[85.8787,25.4491],[85.8736,25.4392],[85.8878,25.4217],[85.8897,25.4202],[85.8932,25.4259],[85.9005,25.4204],[85.9075,25.4313],[85.9171,25.4195],[85.9396,25.409],[85.9506,25.4074],[85.9533,25.4132],[85.957,25.4131],[85.9556,25.4092],[86.0043,25.3802],[86.0016,25.3736],[86.0133,25.3627],[86.0164,25.3646],[86.029,25.363],[86.0326,25.3916],[86.0474,25.3915],[86.0481,25.3838],[86.0521,25.3754],[86.0603,25.3592],[86.0668,25.3518],[86.0691,25.3387],[86.0661,25.3324],[86.068,25.3245],[86.0816,25.3135],[86.0777,25.3101],[86.0965,25.3051],[86.1005,25.3114],[86.1039,25.3077],[86.1475,25.298],[86.1504,25.2846],[86.1547,25.2824],[86.1557,25.2769],[86.1577,25.2761],[86.1588,25.2644],[86.1665,25.2588],[86.1661,25.2709],[86.1828,25.2595],[86.1945,25.2586],[86.1923,25.2525],[86.1942,25.2498],[86.2146,25.2521],[86.2255,25.2618],[86.2284,25.259],[86.252,25.2752],[86.2637,25.2784],[86.2608,25.2858],[86.296,25.2996],[86.2945,25.3018],[86.3081,25.3123],[86.3005,25.3259],[86.3037,25.3286],[86.3097,25.3139],[86.3218,25.3224],[86.3145,25.3349],[86.3203,25.3379],[86.3274,25.3366],[86.3311,25.3393],[86.3399,25.3395],[86.3383,25.3424],[86.3409,25.3447],[86.3663,25.3565],[86.3696,25.3555],[86.3637,25.3595],[86.388,25.38],[86.3901,25.3628],[86.3933,25.3645],[86.4031,25.3711],[86.4023,25.3856],[86.4098,25.3868],[86.4167,25.3925],[86.4155,25.3943],[86.4311,25.3939],[86.4371,25.4016],[86.4442,25.3989],[86.4531,25.3992],[86.4536,25.3971],[86.457,25.3982],[86.4593,25.3953],[86.4576,25.3926],[86.4626,25.3877],[86.4775,25.3996],[86.4824,25.4128],[86.5072,25.4105],[86.5093,25.4081],[86.5141,25.4121],[86.5141,25.4142],[86.509,25.4141],[86.5082,25.4276],[86.505,25.4263],[86.5033,25.4217],[86.4611,25.4422],[86.4486,25.4547],[86.4444,25.4685],[86.4379,25.4693],[86.4371,25.475],[86.4299,25.4777],[86.4198,25.4773],[86.4245,25.4928],[86.428,25.4924],[86.4243,25.4998],[86.4209,25.4966],[86.4152,25.4966],[86.4101,25.5005],[86.4084,25.5051],[86.3992,25.505],[86.3953,25.4982],[86.3848,25.4899],[86.3866,25.4817],[86.3827,25.4828],[86.3747,25.479],[86.3667,25.4788],[86.3682,25.4839],[86.3761,25.4867],[86.3727,25.4926],[86.368,25.4913],[86.3711,25.4938],[86.3697,25.4945],[86.3661,25.4926],[86.365,25.4824],[86.353,25.4759],[86.3503,25.4783],[86.3517,25.4832],[86.3461,25.4827],[86.3457,25.4844],[86.3536,25.4854],[86.3569,25.4906],[86.3658,25.4961],[86.3677,25.5005],[86.3663,25.5026],[86.3586,25.4997],[86.3428,25.4989],[86.3432,25.4878],[86.3396,25.486],[86.3292,25.4928],[86.3364,25.4991],[86.3303,25.5178],[86.3266,25.5147],[86.3258,25.5075],[86.3183,25.5246],[86.3076,25.5237],[86.2987,25.5273],[86.2946,25.5263],[86.2927,25.5226],[86.298,25.5372],[86.2917,25.537],[86.2914,25.5449],[86.2829,25.543],[86.2836,25.5622],[86.2864,25.5783],[86.2981,25.573],[86.2991,25.5745],[86.2926,25.5783],[86.2911,25.5822],[86.2852,25.5846],[86.2789,25.5962],[86.2809,25.6058],[86.2855,25.6069],[86.2891,25.6155],[86.288,25.62],[86.2945,25.6325],[86.2945,25.6379],[86.2855,25.6395],[86.2736,25.6298],[86.2723,25.6342],[86.2658,25.6368],[86.2553,25.6365],[86.2538,25.6434],[86.2558,25.6484],[86.2472,25.6477],[86.2426,25.6515],[86.2065,25.6564],[86.1821,25.6649],[86.1837,25.6661],[86.1807,25.6836],[86.1785,25.6846],[86.1769,25.6931],[86.1792,25.6979],[86.1754,25.7023],[86.1763,25.7083],[86.1742,25.7091],[86.1773,25.713],[86.1618,25.7187],[86.1621,25.7142],[86.1527,25.715],[86.1469,25.7115],[86.1431,25.7052],[86.1411,25.7069],[86.1432,25.7269],[86.1514,25.7291],[86.1528,25.7323],[86.1523,25.739],[86.1463,25.7405],[86.1471,25.7441],[86.1446,25.7461],[86.1535,25.7537],[86.1528,25.7601],[86.1484,25.7615],[86.1494,25.7657],[86.1448,25.7662],[86.1333,25.7614],[86.1313,25.7626],[86.1387,25.7676],[86.132,25.7696],[86.13,25.7726],[86.1157,25.7757]]]},"properties":{"dtname":"Begusarai","stname":"BIHAR","stcode11":"10","dtcode11":"222","year_stat":"2011_c","Shape_Length":407076.58540966455,"Shape_Area":2368298000.407457,"OBJECTID":511,"test":1,"Dist_LGD":191,"State_LGD":10}},{"type":"Feature","id":512,"geometry":{"type":"Polygon","coordinates":[[[87.0982,25.5156],[87.095,25.5133],[87.0937,25.5005],[87.0854,25.4975],[87.0833,25.4938],[87.0802,25.4951],[87.0796,25.4885],[87.0729,25.4807],[87.0722,25.473],[87.0659,25.4682],[87.0433,25.473],[87.0191,25.462],[87.0155,25.4655],[87.0207,25.4722],[87.0206,25.4758],[87.0165,25.4806],[87.0087,25.476],[87.0067,25.4784],[87.0009,25.4732],[87.0032,25.4705],[86.9975,25.4706],[86.9889,25.4765],[86.9782,25.4762],[86.9697,25.4622],[86.9666,25.4721],[86.9578,25.4754],[86.9535,25.4797],[86.9491,25.4795],[86.9467,25.4747],[86.9331,25.4816],[86.9355,25.4857],[86.9435,25.4855],[86.9448,25.4874],[86.9428,25.4893],[86.9293,25.4923],[86.9284,25.4851],[86.9255,25.4839],[86.9244,25.4908],[86.9206,25.4933],[86.909,25.49],[86.9171,25.4794],[86.9142,25.4732],[86.9013,25.4783],[86.8859,25.4698],[86.8817,25.4623],[86.8717,25.4624],[86.8666,25.4658],[86.8634,25.4617],[86.8585,25.4622],[86.8533,25.453],[86.8271,25.4575],[86.8237,25.4507],[86.8291,25.4454],[86.8222,25.4433],[86.8269,25.4405],[86.827,25.4355],[86.822,25.4275],[86.8229,25.4216],[86.8195,25.4119],[86.8323,25.4055],[86.8335,25.3997],[86.838,25.3948],[86.8362,25.3875],[86.8423,25.3815],[86.8474,25.3817],[86.854,25.376],[86.8569,25.3636],[86.8416,25.3571],[86.8325,25.3502],[86.8249,25.3424],[86.822,25.3356],[86.818,25.3361],[86.8144,25.3293],[86.8106,25.3276],[86.8017,25.3325],[86.7843,25.3248],[86.7873,25.3168],[86.7871,25.3127],[86.7838,25.3111],[86.7884,25.3068],[86.7793,25.2998],[86.7816,25.2964],[86.7728,25.2867],[86.7784,25.2755],[86.762,25.2674],[86.7574,25.2673],[86.7581,25.2716],[86.7348,25.2567],[86.7254,25.2539],[86.728,25.2465],[86.6788,25.2397],[86.6381,25.2429],[86.6418,25.2373],[86.6423,25.2254],[86.6506,25.2244],[86.6523,25.2221],[86.6494,25.2192],[86.6505,25.2174],[86.6701,25.2131],[86.6727,25.2081],[86.6774,25.2059],[86.6789,25.1937],[86.6805,25.1911],[86.6852,25.1905],[86.685,25.188],[86.6985,25.1905],[86.695,25.1919],[86.6958,25.1943],[86.6937,25.1958],[86.6962,25.203],[86.6986,25.2022],[86.6982,25.1985],[86.7051,25.1963],[86.7046,25.1879],[86.7109,25.1858],[86.7105,25.1928],[86.7145,25.192],[86.7148,25.1876],[86.7234,25.1878],[86.7266,25.1846],[86.738,25.1832],[86.7351,25.179],[86.7282,25.1802],[86.7305,25.1763],[86.7235,25.1712],[86.7149,25.1726],[86.708,25.1701],[86.7012,25.1619],[86.7066,25.1606],[86.7022,25.157],[86.7002,25.1517],[86.7019,25.1502],[86.6988,25.1497],[86.6962,25.143],[86.6915,25.1429],[86.6876,25.1467],[86.6842,25.1402],[86.6817,25.1404],[86.6836,25.1374],[86.6806,25.1317],[86.6834,25.1293],[86.6812,25.1286],[86.6781,25.1213],[86.6821,25.1199],[86.6832,25.1225],[86.6886,25.1183],[86.691,25.1202],[86.6906,25.115],[86.6926,25.1145],[86.6997,25.1212],[86.706,25.1141],[86.7091,25.118],[86.7269,25.1159],[86.7285,25.1219],[86.7405,25.1212],[86.7378,25.1167],[86.7384,25.1119],[86.7637,25.1053],[86.7703,25.1113],[86.787,25.1016],[86.787,25.105],[86.7916,25.1106],[86.798,25.1138],[86.8097,25.1058],[86.8085,25.1037],[86.8111,25.0979],[86.8052,25.0981],[86.8078,25.0931],[86.8135,25.0923],[86.8157,25.0924],[86.8192,25.1047],[86.8238,25.105],[86.8254,25.1108],[86.8358,25.1056],[86.8429,25.1065],[86.8437,25.1028],[86.8508,25.1088],[86.8546,25.1045],[86.8588,25.1037],[86.8575,25.1007],[86.8615,25.0972],[86.8733,25.0928],[86.8751,25.0971],[86.8836,25.0973],[86.886,25.1001],[86.8918,25.0977],[86.8946,25.0992],[86.8938,25.0959],[86.8964,25.0998],[86.9023,25.0999],[86.9177,25.095],[86.9187,25.0985],[86.9241,25.0964],[86.9311,25.0992],[86.9314,25.102],[86.9415,25.1],[86.941,25.1045],[86.9437,25.1061],[86.9523,25.0983],[86.9531,25.1013],[86.9588,25.1032],[86.9662,25.101],[86.9702,25.1038],[86.9807,25.1008],[87.0037,25.1076],[87.0128,25.1047],[87.0131,25.109],[87.0168,25.1065],[87.0162,25.1034],[87.0192,25.1005],[87.0217,25.1038],[87.0261,25.1023],[87.0258,25.098],[87.039,25.0966],[87.0413,25.0945],[87.0428,25.1019],[87.0456,25.1014],[87.0469,25.1053],[87.0515,25.1057],[87.0763,25.0982],[87.0761,25.0964],[87.0821,25.0938],[87.0845,25.0973],[87.0921,25.0928],[87.1014,25.0965],[87.1089,25.0951],[87.1087,25.0888],[87.1221,25.0909],[87.1244,25.0877],[87.1311,25.0866],[87.1369,25.0807],[87.1422,25.0635],[87.1596,25.0634],[87.1649,25.062],[87.1661,25.0579],[87.1696,25.0595],[87.1758,25.0579],[87.1811,25.0658],[87.1883,25.0677],[87.1926,25.0662],[87.1934,25.0713],[87.1983,25.071],[87.2004,25.0782],[87.2061,25.0821],[87.2112,25.0807],[87.2127,25.0912],[87.2278,25.0878],[87.2305,25.0901],[87.2371,25.0892],[87.2376,25.0921],[87.2398,25.092],[87.24,25.0973],[87.2442,25.1007],[87.235,25.107],[87.2413,25.1169],[87.2497,25.1055],[87.2632,25.1033],[87.2637,25.0997],[87.2699,25.094],[87.2955,25.0886],[87.2982,25.0998],[87.2953,25.1024],[87.2982,25.1126],[87.2965,25.1137],[87.3032,25.1344],[87.307,25.1364],[87.3051,25.1429],[87.3081,25.1474],[87.3121,25.1488],[87.3145,25.1603],[87.3166,25.1603],[87.3194,25.1653],[87.3146,25.1695],[87.3157,25.1806],[87.321,25.19],[87.3184,25.1953],[87.3275,25.2236],[87.3335,25.2227],[87.3345,25.2162],[87.3602,25.2119],[87.3719,25.2063],[87.3755,25.2151],[87.3836,25.2244],[87.388,25.223],[87.3918,25.2279],[87.4013,25.2272],[87.404,25.2224],[87.4121,25.2191],[87.4123,25.2151],[87.4231,25.214],[87.4595,25.1969],[87.4618,25.1978],[87.4633,25.1949],[87.4781,25.1944],[87.4733,25.2383],[87.4828,25.2518],[87.4953,25.2597],[87.5006,25.2599],[87.4989,25.2627],[87.5009,25.2667],[87.4963,25.2706],[87.4987,25.2764],[87.4906,25.2799],[87.4874,25.2973],[87.4915,25.2976],[87.4935,25.3038],[87.5017,25.2923],[87.517,25.2933],[87.5321,25.2804],[87.543,25.2811],[87.5427,25.2941],[87.5477,25.3238],[87.5503,25.3245],[87.5519,25.3327],[87.5415,25.3305],[87.5355,25.3376],[87.5271,25.3427],[87.5298,25.3478],[87.5287,25.3549],[87.5244,25.3553],[87.5257,25.3485],[87.514,25.3539],[87.5009,25.3516],[87.4872,25.3693],[87.4792,25.3666],[87.4616,25.367],[87.454,25.3599],[87.4417,25.3637],[87.4351,25.3815],[87.4301,25.375],[87.408,25.3808],[87.4063,25.3862],[87.409,25.3929],[87.4059,25.3913],[87.382,25.4056],[87.3671,25.4094],[87.3644,25.4154],[87.3688,25.4186],[87.3654,25.4247],[87.3574,25.4154],[87.3392,25.4167],[87.3217,25.4082],[87.3149,25.4086],[87.3091,25.4021],[87.3018,25.4035],[87.2921,25.3997],[87.293,25.3944],[87.2813,25.3667],[87.2752,25.3578],[87.2713,25.3591],[87.2687,25.3532],[87.263,25.3515],[87.2767,25.3715],[87.2446,25.3814],[87.2383,25.3766],[87.2295,25.3766],[87.2289,25.3801],[87.2153,25.392],[87.2172,25.4036],[87.2156,25.4103],[87.2137,25.4127],[87.1996,25.4163],[87.2015,25.423],[87.207,25.4293],[87.2127,25.4299],[87.2225,25.4378],[87.2275,25.4492],[87.226,25.4537],[87.2084,25.4585],[87.2032,25.4463],[87.1949,25.4469],[87.1916,25.45],[87.1853,25.4447],[87.1861,25.4426],[87.1822,25.4409],[87.1778,25.4484],[87.1645,25.4518],[87.1585,25.447],[87.1542,25.438],[87.1495,25.4365],[87.1339,25.4392],[87.1291,25.4368],[87.1232,25.4386],[87.1184,25.4371],[87.1166,25.4398],[87.1032,25.4329],[87.098,25.4376],[87.0947,25.4376],[87.0937,25.4442],[87.0868,25.4466],[87.0826,25.4428],[87.0801,25.4492],[87.0829,25.453],[87.0779,25.455],[87.08,25.4626],[87.0786,25.4714],[87.0802,25.4767],[87.0899,25.4785],[87.0982,25.4906],[87.0982,25.5156]]]},"properties":{"dtname":"Bhagalpur","stname":"BIHAR","stcode11":"10","dtcode11":"224","year_stat":"2011_c","Shape_Length":438021.3832151773,"Shape_Area":3137049329.1658077,"OBJECTID":512,"test":0,"Dist_LGD":192,"State_LGD":10}},{"type":"Feature","id":513,"geometry":{"type":"Polygon","coordinates":[[[86.0539,25.3394],[86.0407,25.3336],[86.0416,25.3299],[86.0338,25.3208],[86.0314,25.3093],[86.0203,25.3065],[86.0198,25.2967],[86.0059,25.298],[86.007,25.3029],[86.0,25.3039],[86.0003,25.3074],[85.9502,25.3196],[85.9311,25.3215],[85.9323,25.2987],[85.9274,25.2989],[85.9145,25.2937],[85.9128,25.2978],[85.9047,25.2858],[85.9055,25.2691],[85.9009,25.2603],[85.902,25.2566],[85.9056,25.2564],[85.9151,25.2489],[85.921,25.2484],[85.9267,25.2428],[85.9269,25.2377],[85.931,25.2357],[85.9302,25.2303],[85.9392,25.2303],[85.9436,25.2264],[85.9436,25.2193],[85.9549,25.2161],[85.9491,25.2038],[85.9528,25.2018],[85.9532,25.1964],[85.9558,25.1946],[85.9656,25.1956],[85.9658,25.1892],[85.9725,25.188],[85.9774,25.1926],[85.9893,25.1938],[85.9907,25.1974],[85.9883,25.2005],[85.9923,25.21],[85.991,25.2133],[85.9967,25.2115],[86.0118,25.218],[86.0159,25.2136],[86.0128,25.2046],[86.015,25.1944],[86.0045,25.1906],[86.004,25.178],[85.9818,25.1802],[85.9849,25.1741],[85.9881,25.177],[85.9932,25.1752],[85.9913,25.1699],[85.9935,25.1671],[85.99,25.1656],[85.9803,25.1676],[85.98,25.1651],[85.9824,25.1643],[85.9818,25.1614],[85.9787,25.1612],[85.9791,25.1583],[85.9831,25.1566],[85.9798,25.155],[85.9828,25.1526],[85.9767,25.1524],[85.9824,25.1488],[85.976,25.1488],[85.9807,25.1464],[85.9735,25.1392],[85.9589,25.1397],[85.9547,25.1303],[85.959,25.1267],[85.9549,25.1177],[85.9573,25.1165],[85.9522,25.1153],[85.9511,25.1061],[85.9534,25.1012],[85.9513,25.0995],[85.9534,25.0978],[85.951,25.0952],[85.9606,25.0957],[85.9653,25.0913],[85.9696,25.0922],[85.9613,25.0875],[85.9622,25.0792],[85.9679,25.0787],[85.9677,25.0759],[85.9763,25.0721],[85.9751,25.0602],[85.9779,25.0585],[85.9726,25.0423],[85.9727,25.0299],[85.984,25.0246],[85.9857,25.021],[85.9836,25.0169],[85.9854,25.0141],[85.9826,25.0136],[85.9831,25.0108],[85.9765,25.0045],[85.9801,24.9905],[85.9846,24.9872],[86.0068,24.9977],[86.011,24.9945],[86.0081,24.9823],[86.0215,24.9793],[86.0253,24.9795],[86.0286,24.9841],[86.0347,24.9832],[86.0394,24.9814],[86.0405,24.9756],[86.0499,24.9742],[86.0618,24.9786],[86.0613,24.9904],[86.0694,24.9881],[86.0707,24.9835],[86.0755,24.9814],[86.0812,24.9848],[86.0837,24.9932],[86.0882,24.9924],[86.091,24.9955],[86.0981,24.9903],[86.0978,24.9801],[86.1092,24.9779],[86.1115,24.9733],[86.1149,24.9755],[86.1185,24.9742],[86.1201,24.9783],[86.1158,24.9831],[86.1183,24.9904],[86.1281,24.9942],[86.1383,25.0067],[86.1404,25.0178],[86.1357,25.0215],[86.1366,25.0289],[86.1445,25.05],[86.1644,25.0466],[86.1748,25.0387],[86.1817,25.03],[86.2102,25.0178],[86.2118,24.9953],[86.2224,24.9892],[86.2338,24.9934],[86.2496,25.0045],[86.253,25.0119],[86.2456,25.0233],[86.2455,25.0316],[86.2417,25.0428],[86.2428,25.0555],[86.2738,25.0677],[86.287,25.0804],[86.301,25.0759],[86.3126,25.0779],[86.3168,25.0858],[86.3131,25.0949],[86.3206,25.1108],[86.3707,25.1438],[86.3645,25.1698],[86.3677,25.2089],[86.3839,25.2237],[86.3907,25.2252],[86.3907,25.2284],[86.3806,25.2379],[86.3816,25.2443],[86.3762,25.2448],[86.37,25.2489],[86.3723,25.2552],[86.3648,25.2636],[86.3586,25.2859],[86.3533,25.287],[86.3528,25.2995],[86.2934,25.282],[86.2642,25.2775],[86.2619,25.2793],[86.2435,25.2704],[86.2284,25.259],[86.2255,25.2618],[86.2146,25.2521],[86.1942,25.2498],[86.1923,25.2525],[86.1945,25.2586],[86.1828,25.2595],[86.1661,25.2709],[86.1665,25.2588],[86.1588,25.2644],[86.1577,25.2761],[86.1557,25.2769],[86.1547,25.2824],[86.1504,25.2846],[86.1475,25.298],[86.1039,25.3077],[86.1005,25.3114],[86.0965,25.3051],[86.0801,25.309],[86.0777,25.3106],[86.0816,25.3135],[86.0693,25.3221],[86.0661,25.3324],[86.0589,25.3336],[86.0539,25.3394]]]},"properties":{"dtname":"Lakhisarai","stname":"BIHAR","stcode11":"10","dtcode11":"227","year_stat":"2011_c","Shape_Length":254275.26151449583,"Shape_Area":1491513521.203775,"OBJECTID":513,"test":0,"Dist_LGD":204,"State_LGD":10}},{"type":"Feature","id":514,"geometry":{"type":"Polygon","coordinates":[[[85.7385,25.2742],[85.7281,25.2737],[85.7192,25.268],[85.7078,25.2673],[85.7004,25.2632],[85.7038,25.256],[85.7003,25.2277],[85.7123,25.2239],[85.7172,25.226],[85.7167,25.2235],[85.722,25.2206],[85.7241,25.2154],[85.7237,25.2058],[85.729,25.2032],[85.7293,25.1946],[85.722,25.1954],[85.7185,25.1883],[85.7204,25.1865],[85.7192,25.1839],[85.7171,25.1838],[85.7171,25.1866],[85.7148,25.1848],[85.7032,25.1849],[85.7005,25.1876],[85.6963,25.1873],[85.6958,25.1669],[85.7028,25.1682],[85.7038,25.1633],[85.7011,25.1599],[85.6942,25.1599],[85.6879,25.1433],[85.6785,25.1464],[85.6716,25.142],[85.6727,25.1241],[85.6701,25.1202],[85.6674,25.1183],[85.6511,25.1197],[85.634,25.127],[85.6174,25.1275],[85.6082,25.1241],[85.6114,25.1202],[85.6112,25.1164],[85.6253,25.1082],[85.6344,25.0968],[85.6457,25.1017],[85.6474,25.1048],[85.6531,25.103],[85.6565,25.106],[85.6607,25.1062],[85.666,25.1029],[85.6697,25.1085],[85.6806,25.1134],[85.6816,25.1103],[85.6843,25.1109],[85.6917,25.1061],[85.6906,25.1004],[85.6941,25.0938],[85.6988,25.1],[85.7116,25.0976],[85.7126,25.0919],[85.7174,25.091],[85.7179,25.0934],[85.7314,25.0978],[85.7407,25.0962],[85.7455,25.0975],[85.7459,25.1042],[85.7494,25.1035],[85.7508,25.1076],[85.7559,25.1061],[85.7561,25.1005],[85.7689,25.0976],[85.7733,25.0944],[85.7715,25.0849],[85.7747,25.0826],[85.7742,25.0797],[85.767,25.0802],[85.7653,25.0775],[85.7694,25.0687],[85.7722,25.0683],[85.7701,25.0621],[85.767,25.0613],[85.7648,25.0478],[85.7691,25.0406],[85.7661,25.0401],[85.7643,25.036],[85.7639,25.032],[85.7669,25.032],[85.7669,25.0301],[85.7643,25.0291],[85.7637,25.0249],[85.7713,25.0241],[85.7705,25.0204],[85.7692,25.0176],[85.7498,25.0179],[85.7476,25.0147],[85.7386,25.0165],[85.7375,25.0063],[85.7516,25.0034],[85.7466,24.993],[85.7574,24.9927],[85.7577,24.9948],[85.7635,24.9933],[85.7631,25.0003],[85.7649,25.004],[85.7682,25.0041],[85.7682,25.0079],[85.7799,25.0063],[85.7783,24.9926],[85.7824,24.9919],[85.7831,24.9881],[85.7882,24.9867],[85.7847,24.9822],[85.7962,24.9772],[85.8021,24.9852],[85.8005,24.9871],[85.8065,24.9891],[85.8079,24.9942],[85.8124,24.9924],[85.8119,24.9941],[85.8165,24.997],[85.8264,24.9977],[85.8281,24.9911],[85.8316,24.9909],[85.8341,24.9867],[85.8394,24.9905],[85.8508,24.9882],[85.855,24.9959],[85.8698,24.9941],[85.8717,24.9977],[85.8786,24.9973],[85.8936,25.0085],[85.908,25.006],[85.9099,25.001],[85.9161,25.0066],[85.9169,25.0139],[85.921,25.0151],[85.9482,25.0069],[85.9434,24.9989],[85.9431,24.9904],[85.9554,24.9908],[85.9607,24.9934],[85.9626,24.9905],[85.9675,24.9969],[85.977,24.9975],[85.9765,25.0045],[85.9831,25.0108],[85.9826,25.0136],[85.9854,25.0141],[85.9836,25.0169],[85.9855,25.0232],[85.9727,25.0299],[85.9726,25.0423],[85.9779,25.0585],[85.9751,25.0602],[85.9763,25.0721],[85.9677,25.0759],[85.9679,25.0787],[85.9622,25.0792],[85.9613,25.0858],[85.9627,25.0888],[85.9696,25.0922],[85.9653,25.0913],[85.9606,25.0957],[85.951,25.0952],[85.9534,25.0978],[85.9513,25.0995],[85.9534,25.1012],[85.9511,25.1061],[85.9522,25.1153],[85.9573,25.1165],[85.9549,25.1177],[85.9588,25.1238],[85.9549,25.1312],[85.9589,25.1397],[85.9735,25.1392],[85.9807,25.1464],[85.976,25.1488],[85.9824,25.1488],[85.9767,25.1524],[85.9828,25.1526],[85.9798,25.155],[85.9831,25.1566],[85.9791,25.1583],[85.9787,25.1612],[85.9818,25.1614],[85.9824,25.1643],[85.98,25.1651],[85.9803,25.1676],[85.99,25.1656],[85.9935,25.1671],[85.9913,25.1699],[85.9932,25.1752],[85.9881,25.177],[85.9849,25.1741],[85.9818,25.1802],[86.004,25.178],[86.0045,25.1906],[86.015,25.1944],[86.0128,25.2046],[86.0135,25.2092],[86.016,25.2101],[86.0145,25.2163],[86.011,25.2178],[85.9967,25.2115],[85.991,25.2133],[85.9923,25.21],[85.9883,25.2005],[85.9907,25.1974],[85.9893,25.1938],[85.9774,25.1926],[85.9725,25.188],[85.9671,25.1885],[85.9656,25.1956],[85.9558,25.1946],[85.9532,25.1964],[85.9528,25.2018],[85.9494,25.2027],[85.9549,25.2161],[85.9436,25.2193],[85.9436,25.2264],[85.9392,25.2303],[85.9302,25.2303],[85.931,25.2357],[85.9267,25.238],[85.9253,25.245],[85.9021,25.2575],[85.8904,25.2543],[85.8809,25.2428],[85.8787,25.2366],[85.8752,25.2346],[85.8718,25.2345],[85.8716,25.2379],[85.867,25.2382],[85.8442,25.2348],[85.8436,25.2294],[85.8379,25.2261],[85.8346,25.2159],[85.8236,25.2143],[85.8216,25.216],[85.8228,25.2217],[85.8022,25.2247],[85.8003,25.223],[85.8004,25.2132],[85.7902,25.2131],[85.7891,25.2263],[85.796,25.2464],[85.7896,25.2447],[85.7861,25.2408],[85.7728,25.2389],[85.7761,25.2603],[85.7647,25.2598],[85.7602,25.2572],[85.739,25.258],[85.7385,25.2742]]]},"properties":{"dtname":"Sheikhpura","stname":"BIHAR","stcode11":"10","dtcode11":"228","year_stat":"2011_c","Shape_Length":243275.9272364645,"Shape_Area":845452667.7211565,"OBJECTID":514,"test":1,"Dist_LGD":219,"State_LGD":10}},{"type":"Feature","id":515,"geometry":{"type":"Polygon","coordinates":[[[84.7051,25.31],[84.702,25.3149],[84.6829,25.3063],[84.6728,25.2977],[84.6504,25.2577],[84.6409,25.2462],[84.638,25.2468],[84.6376,25.2442],[84.6289,25.2375],[84.59,25.2228],[84.5709,25.2188],[84.5561,25.2117],[84.523,25.2082],[84.4827,25.1818],[84.4634,25.1611],[84.4456,25.1289],[84.4713,25.1156],[84.4586,25.1018],[84.473,25.0896],[84.4764,25.0953],[84.4794,25.095],[84.4817,25.0984],[84.4881,25.0991],[84.4917,25.0964],[84.5014,25.105],[84.5071,25.1038],[84.5076,25.1078],[84.5391,25.1044],[84.547,25.1109],[84.5534,25.1107],[84.5559,25.115],[84.5639,25.1146],[84.5647,25.1169],[84.5705,25.1151],[84.568,25.1052],[84.5941,25.1023],[84.5903,25.0835],[84.5827,25.0827],[84.5813,25.0728],[84.5889,25.0742],[84.5892,25.0777],[84.5989,25.0788],[84.6002,25.0877],[84.6027,25.0881],[84.6026,25.0902],[84.6099,25.0905],[84.6102,25.0878],[84.6117,25.0913],[84.617,25.0908],[84.6189,25.087],[84.6259,25.0839],[84.6273,25.0796],[84.6397,25.0891],[84.6416,25.0937],[84.6527,25.104],[84.6747,25.0929],[84.6822,25.1008],[84.6853,25.0997],[84.6977,25.0907],[84.7134,25.085],[84.7097,25.0793],[84.7233,25.0785],[84.7233,25.0761],[84.7288,25.0748],[84.7283,25.07],[84.7359,25.0688],[84.7338,25.0554],[84.758,25.0537],[84.7692,25.048],[84.7705,25.0517],[84.7762,25.0525],[84.7817,25.0662],[84.793,25.0663],[84.7941,25.0635],[84.7983,25.0631],[84.8057,25.0703],[84.811,25.07],[84.8117,25.0726],[84.8246,25.0693],[84.8246,25.065],[84.8322,25.0667],[84.8339,25.0607],[84.8428,25.0603],[84.8454,25.0637],[84.8563,25.0619],[84.8537,25.0698],[84.855,25.0769],[84.8644,25.0847],[84.8647,25.0898],[84.8604,25.0927],[84.8642,25.1004],[84.8501,25.1042],[84.8529,25.1186],[84.8468,25.1156],[84.8467,25.1215],[84.8427,25.1237],[84.8416,25.1274],[84.8439,25.1352],[84.838,25.1364],[84.8379,25.1348],[84.825,25.134],[84.8242,25.1371],[84.8252,25.1396],[84.8301,25.1398],[84.8299,25.1566],[84.8368,25.1613],[84.8338,25.1647],[84.8377,25.1662],[84.8384,25.1726],[84.8412,25.1753],[84.839,25.1802],[84.8339,25.1829],[84.833,25.1906],[84.8354,25.1966],[84.8319,25.1979],[84.8324,25.2014],[84.8362,25.2016],[84.8398,25.2128],[84.8445,25.2181],[84.8593,25.2244],[84.8592,25.228],[84.8565,25.2304],[84.8472,25.2317],[84.8476,25.2352],[84.8409,25.2365],[84.8364,25.2308],[84.8296,25.2303],[84.8258,25.226],[84.8208,25.2258],[84.814,25.2217],[84.8111,25.2171],[84.8067,25.2171],[84.8054,25.2202],[84.7925,25.224],[84.7856,25.2227],[84.7748,25.2252],[84.7662,25.22],[84.7551,25.221],[84.7543,25.2168],[84.743,25.2142],[84.7344,25.2034],[84.726,25.2054],[84.7288,25.2131],[84.7219,25.2139],[84.7223,25.2164],[84.7296,25.2227],[84.7392,25.2233],[84.75,25.2301],[84.7499,25.2371],[84.7575,25.2393],[84.7632,25.2311],[84.7701,25.2304],[84.7747,25.2318],[84.776,25.2374],[84.7871,25.2382],[84.7906,25.2462],[84.7902,25.2552],[84.7829,25.2592],[84.7761,25.2555],[84.7726,25.2576],[84.7659,25.257],[84.7641,25.2637],[84.7538,25.2632],[84.7461,25.2699],[84.7419,25.2683],[84.7376,25.2627],[84.737,25.2534],[84.724,25.2569],[84.7218,25.2626],[84.7088,25.26],[84.7056,25.2614],[84.7024,25.2592],[84.7031,25.2563],[84.6967,25.255],[84.6872,25.2596],[84.6918,25.2722],[84.6981,25.2709],[84.7067,25.2733],[84.7078,25.2824],[84.7264,25.2862],[84.7258,25.2969],[84.7184,25.297],[84.7087,25.3043],[84.7051,25.31]]]},"properties":{"dtname":"Arwal","stname":"BIHAR","stcode11":"10","dtcode11":"240","year_stat":"2011_c","Shape_Length":210246.95005591298,"Shape_Area":783809625.0411702,"OBJECTID":515,"test":0,"Dist_LGD":611,"State_LGD":10}},{"type":"Feature","id":516,"geometry":{"type":"Polygon","coordinates":[[[84.9961,25.3187],[84.9942,25.319],[84.993,25.3096],[84.9832,25.308],[84.9812,25.2904],[84.979,25.2901],[84.977,25.2935],[84.9697,25.2933],[84.9672,25.2904],[84.9624,25.2896],[84.9514,25.2906],[84.9487,25.2937],[84.9356,25.281],[84.9354,25.278],[84.939,25.2746],[84.9347,25.2734],[84.936,25.2689],[84.9262,25.2693],[84.9175,25.2763],[84.9246,25.2868],[84.92,25.2941],[84.9142,25.2904],[84.9046,25.2896],[84.9001,25.2835],[84.8932,25.281],[84.8888,25.2692],[84.8938,25.2636],[84.8906,25.2566],[84.8845,25.2547],[84.8834,25.2522],[84.8744,25.2522],[84.8797,25.2461],[84.8692,25.2359],[84.871,25.224],[84.8651,25.2201],[84.8631,25.2244],[84.8599,25.225],[84.8445,25.2181],[84.8398,25.2128],[84.8362,25.2016],[84.8324,25.2014],[84.8319,25.1979],[84.8354,25.1966],[84.833,25.1906],[84.8339,25.1829],[84.839,25.1802],[84.8412,25.1753],[84.8384,25.1726],[84.8377,25.1662],[84.8338,25.1647],[84.8368,25.1613],[84.8299,25.1566],[84.8301,25.1398],[84.8252,25.1396],[84.8243,25.1365],[84.825,25.134],[84.8379,25.1348],[84.838,25.1364],[84.8439,25.1352],[84.8416,25.1274],[84.8427,25.1237],[84.8467,25.1215],[84.8468,25.1156],[84.8529,25.1186],[84.8501,25.1042],[84.8642,25.1004],[84.8604,25.0927],[84.8647,25.0898],[84.8644,25.0847],[84.855,25.0769],[84.8537,25.0698],[84.8563,25.0619],[84.8613,25.061],[84.864,25.0576],[84.8715,25.0638],[84.8846,25.0606],[84.8935,25.0622],[84.8985,25.0658],[84.91,25.0655],[84.9086,25.0602],[84.9199,25.06],[84.927,25.0546],[84.9209,25.0399],[84.9091,25.0344],[84.9108,25.0314],[84.9094,25.0267],[84.9224,25.0233],[84.9223,25.0181],[84.9286,25.0156],[84.9319,25.0013],[84.9284,24.9946],[84.9341,24.991],[84.9348,24.9869],[84.9557,24.9873],[84.9584,24.998],[84.9621,24.9988],[84.9673,25.005],[84.9834,25.0029],[84.9855,25.0089],[84.9924,25.0098],[84.9939,25.0125],[84.9946,25.0201],[84.9905,25.0231],[84.9914,25.0253],[84.9989,25.0245],[84.9993,25.0211],[85.0155,25.0221],[85.0173,25.0174],[85.0238,25.0169],[85.0263,25.0186],[85.0235,25.0209],[85.0264,25.0302],[85.0355,25.0317],[85.0433,25.0304],[85.0448,25.0073],[85.0481,25.0013],[85.0661,25.0029],[85.073,24.998],[85.0805,25.0006],[85.0818,24.9954],[85.0767,24.9936],[85.0893,24.9926],[85.0992,25.0077],[85.1096,25.015],[85.1189,25.0314],[85.1204,25.0369],[85.1184,25.0413],[85.1238,25.0463],[85.1266,25.0536],[85.1398,25.0551],[85.1491,25.0522],[85.1529,25.0545],[85.1534,25.0681],[85.1709,25.0667],[85.1726,25.0711],[85.1828,25.073],[85.1836,25.067],[85.1816,25.0639],[85.1748,25.061],[85.1759,25.0504],[85.1917,25.0502],[85.2039,25.06],[85.2048,25.0727],[85.1976,25.076],[85.1956,25.0852],[85.1903,25.0897],[85.1944,25.097],[85.1984,25.0988],[85.1886,25.1004],[85.187,25.1063],[85.1839,25.1044],[85.1779,25.1053],[85.1745,25.1003],[85.162,25.1029],[85.1603,25.099],[85.1532,25.0972],[85.1638,25.1173],[85.1613,25.1198],[85.1629,25.1222],[85.1612,25.1316],[85.1647,25.1433],[85.1726,25.1482],[85.1838,25.1494],[85.178,25.1618],[85.1695,25.163],[85.1717,25.1688],[85.1701,25.1725],[85.1598,25.1666],[85.1533,25.1658],[85.1611,25.1745],[85.1618,25.1798],[85.156,25.1847],[85.1544,25.1954],[85.1616,25.1962],[85.1626,25.2092],[85.1714,25.2101],[85.1725,25.2182],[85.1704,25.2256],[85.1554,25.2281],[85.1541,25.2362],[85.1634,25.2369],[85.166,25.2463],[85.1818,25.2505],[85.1856,25.2529],[85.1859,25.2577],[85.2091,25.2554],[85.2111,25.2574],[85.2113,25.265],[85.2055,25.264],[85.2017,25.2665],[85.1983,25.2646],[85.1879,25.2649],[85.1848,25.2699],[85.1678,25.2724],[85.1676,25.2805],[85.1721,25.2879],[85.177,25.2878],[85.1794,25.2907],[85.1793,25.2977],[85.1738,25.3071],[85.1639,25.3062],[85.1606,25.303],[85.1495,25.3077],[85.149,25.3115],[85.1278,25.3142],[85.1226,25.3136],[85.1208,25.2981],[85.1181,25.2981],[85.1167,25.2942],[85.1114,25.294],[85.1072,25.2888],[85.1107,25.2824],[85.1174,25.277],[85.1178,25.275],[85.1119,25.27],[85.1082,25.2727],[85.1046,25.2702],[85.1044,25.279],[85.0924,25.2881],[85.0833,25.2872],[85.0847,25.2836],[85.0774,25.279],[85.0766,25.2734],[85.0741,25.2743],[85.0747,25.2798],[85.0644,25.2828],[85.0619,25.2877],[85.0581,25.289],[85.0544,25.2828],[85.0461,25.2846],[85.0435,25.281],[85.0397,25.2818],[85.0393,25.2765],[85.0322,25.2764],[85.0303,25.27],[85.0204,25.2697],[85.0183,25.2642],[85.0102,25.2646],[85.0085,25.2711],[85.0171,25.2716],[85.0207,25.2826],[85.0175,25.2832],[85.0149,25.2934],[85.0054,25.294],[85.0028,25.3117],[85.0042,25.3167],[84.9961,25.3187]]]},"properties":{"dtname":"Jehanabad","stname":"BIHAR","stcode11":"10","dtcode11":"239","year_stat":"2011_c","Shape_Length":250329.69626016295,"Shape_Area":1151068029.7276676,"OBJECTID":516,"test":0,"Dist_LGD":199,"State_LGD":10}},{"type":"Feature","id":517,"geometry":{"type":"Polygon","coordinates":[[[85.4142,25.4621],[85.4118,25.4611],[85.4126,25.4575],[85.4016,25.4588],[85.401,25.4396],[85.396,25.4305],[85.3905,25.4321],[85.3799,25.427],[85.3732,25.4299],[85.3659,25.4182],[85.3656,25.4121],[85.3603,25.4082],[85.3599,25.4017],[85.3481,25.4035],[85.3495,25.4089],[85.3444,25.4103],[85.3391,25.4092],[85.333,25.4011],[85.3161,25.4059],[85.3138,25.4014],[85.3085,25.4009],[85.3076,25.4057],[85.3016,25.4056],[85.2993,25.3983],[85.3039,25.3987],[85.3041,25.3942],[85.2972,25.3924],[85.2886,25.3927],[85.2891,25.3979],[85.2811,25.3984],[85.2808,25.4027],[85.2788,25.403],[85.2732,25.403],[85.273,25.3969],[85.2707,25.3998],[85.2584,25.4001],[85.2528,25.3961],[85.2517,25.4143],[85.2455,25.4132],[85.2437,25.4057],[85.2371,25.4029],[85.2064,25.4023],[85.2046,25.4089],[85.1927,25.4069],[85.1919,25.4019],[85.1786,25.4022],[85.1807,25.3902],[85.176,25.3876],[85.1758,25.3847],[85.1856,25.3826],[85.1844,25.3594],[85.1873,25.3497],[85.1875,25.3366],[85.181,25.3329],[85.1814,25.3207],[85.1735,25.3163],[85.1729,25.3074],[85.1793,25.2977],[85.1794,25.2907],[85.177,25.2878],[85.1721,25.2879],[85.1676,25.2805],[85.1678,25.2724],[85.1848,25.2699],[85.1879,25.2649],[85.2111,25.2654],[85.2111,25.2574],[85.2061,25.2544],[85.1951,25.2582],[85.1852,25.2574],[85.1856,25.2529],[85.1818,25.2505],[85.166,25.2463],[85.1634,25.2369],[85.1541,25.2362],[85.1554,25.2281],[85.1704,25.2256],[85.1725,25.2182],[85.1714,25.2101],[85.1626,25.2092],[85.1616,25.1962],[85.1544,25.1954],[85.156,25.1847],[85.1618,25.1798],[85.1611,25.1745],[85.1533,25.1658],[85.1598,25.1666],[85.1701,25.1725],[85.1717,25.1688],[85.1695,25.163],[85.178,25.1618],[85.1838,25.1494],[85.1726,25.1482],[85.1647,25.1433],[85.1612,25.1316],[85.1629,25.1222],[85.1613,25.1198],[85.1638,25.1173],[85.1532,25.0972],[85.1603,25.099],[85.162,25.1029],[85.1745,25.1003],[85.1779,25.1053],[85.1839,25.1044],[85.187,25.1063],[85.1886,25.1004],[85.1952,25.1008],[85.1947,25.0989],[85.1987,25.0985],[85.1944,25.097],[85.1903,25.0897],[85.1956,25.0852],[85.1976,25.076],[85.2039,25.0743],[85.2057,25.068],[85.2039,25.06],[85.1917,25.0502],[85.1898,25.0316],[85.1918,25.03],[85.2018,25.0318],[85.2051,25.0399],[85.2121,25.0418],[85.2125,25.0545],[85.2266,25.0554],[85.231,25.0297],[85.2312,25.0149],[85.2388,25.0125],[85.2375,25.0071],[85.2483,25.0067],[85.2518,25.0215],[85.2487,25.0281],[85.2521,25.032],[85.2536,25.0307],[85.2575,25.0336],[85.2603,25.0281],[85.2592,25.0228],[85.2644,25.0251],[85.2661,25.0219],[85.2719,25.0232],[85.2694,25.0257],[85.2707,25.0275],[85.2922,25.0262],[85.2941,25.0229],[85.2952,25.0251],[85.301,25.0262],[85.3132,25.0229],[85.3181,25.0078],[85.3281,25.0068],[85.3285,25.0105],[85.3373,25.0127],[85.3388,25.0197],[85.3505,25.0205],[85.3542,25.0165],[85.3528,25.013],[85.3495,25.0118],[85.3483,25.0056],[85.354,24.9967],[85.3561,24.987],[85.3611,24.9844],[85.383,24.9917],[85.3792,24.981],[85.372,24.9727],[85.3755,24.9734],[85.3901,24.9608],[85.396,24.9682],[85.4023,24.9711],[85.4155,24.9714],[85.4308,24.979],[85.4359,24.9791],[85.4357,24.981],[85.4393,24.9826],[85.4638,24.9913],[85.4649,24.9952],[85.4707,24.9976],[85.4988,25.0077],[85.514,25.0068],[85.521,25.016],[85.5237,25.0144],[85.5183,25.0033],[85.5279,25.0041],[85.5288,24.9968],[85.5317,24.9969],[85.5321,24.9939],[85.5435,24.9951],[85.5452,24.9943],[85.5442,24.9882],[85.555,24.9892],[85.5555,24.9854],[85.5573,24.9854],[85.556,24.9936],[85.5627,24.9938],[85.5631,25.0047],[85.5557,25.0046],[85.5549,25.0073],[85.5479,25.0086],[85.5473,25.0124],[85.5425,25.0134],[85.5397,25.0168],[85.5477,25.0326],[85.5562,25.037],[85.5613,25.0282],[85.5755,25.0299],[85.5849,25.0347],[85.5934,25.0286],[85.5982,25.0288],[85.5982,25.0326],[85.6037,25.04],[85.6133,25.0426],[85.6188,25.0506],[85.6266,25.0535],[85.6315,25.0582],[85.6313,25.0679],[85.6382,25.0674],[85.6424,25.0597],[85.6539,25.0615],[85.6533,25.066],[85.6466,25.074],[85.649,25.0772],[85.6431,25.0806],[85.6445,25.0841],[85.6412,25.0862],[85.6411,25.089],[85.6343,25.0919],[85.6344,25.0968],[85.6253,25.1082],[85.6112,25.1164],[85.6114,25.1202],[85.6082,25.1241],[85.6174,25.1275],[85.6321,25.1274],[85.6511,25.1197],[85.6684,25.1184],[85.6727,25.1241],[85.6716,25.142],[85.6785,25.1464],[85.6879,25.1433],[85.6942,25.1599],[85.7011,25.1599],[85.7038,25.1633],[85.7028,25.1682],[85.6958,25.1669],[85.6963,25.1873],[85.7005,25.1876],[85.7032,25.1849],[85.7148,25.1848],[85.7171,25.1866],[85.7171,25.1838],[85.7192,25.1839],[85.7204,25.1865],[85.7185,25.1883],[85.722,25.1954],[85.729,25.1939],[85.729,25.2032],[85.7237,25.2058],[85.7241,25.2154],[85.722,25.2206],[85.7167,25.2235],[85.7172,25.226],[85.7123,25.2239],[85.7003,25.2277],[85.7038,25.2549],[85.7009,25.2638],[85.7078,25.2673],[85.7192,25.268],[85.7281,25.2737],[85.7385,25.2742],[85.739,25.258],[85.7602,25.2572],[85.7647,25.2598],[85.7761,25.2603],[85.7728,25.2389],[85.7861,25.2408],[85.7896,25.2447],[85.796,25.2464],[85.7891,25.2263],[85.7887,25.2138],[85.794,25.2124],[85.8004,25.2132],[85.8003,25.223],[85.8022,25.2247],[85.8228,25.2217],[85.8216,25.216],[85.8236,25.2143],[85.8346,25.2159],[85.8379,25.2261],[85.8436,25.2294],[85.8442,25.2348],[85.867,25.2382],[85.8716,25.2379],[85.8718,25.2345],[85.8752,25.2346],[85.8787,25.2366],[85.8889,25.2531],[85.903,25.2584],[85.9009,25.2603],[85.9055,25.2691],[85.9038,25.2736],[85.9064,25.2801],[85.9042,25.2835],[85.9069,25.2913],[85.8969,25.2932],[85.8906,25.2913],[85.8925,25.2817],[85.8911,25.2789],[85.8879,25.2786],[85.8639,25.2789],[85.8654,25.2933],[85.8426,25.2914],[85.8356,25.2879],[85.8088,25.288],[85.8075,25.3063],[85.8037,25.3082],[85.7966,25.3067],[85.7886,25.309],[85.7851,25.3068],[85.7816,25.3078],[85.7813,25.3138],[85.7709,25.3138],[85.7626,25.3173],[85.7593,25.3132],[85.7409,25.3205],[85.7385,25.333],[85.7308,25.3336],[85.7291,25.3467],[85.7233,25.3448],[85.7207,25.3461],[85.7229,25.3527],[85.7196,25.3554],[85.718,25.3618],[85.7124,25.3619],[85.7123,25.3539],[85.7101,25.3516],[85.7032,25.3625],[85.6988,25.3637],[85.6869,25.3514],[85.6858,25.3432],[85.6688,25.3433],[85.668,25.3371],[85.6556,25.3327],[85.6595,25.3254],[85.6566,25.3109],[85.6412,25.3136],[85.643,25.322],[85.6377,25.3197],[85.6277,25.3199],[85.6284,25.3308],[85.6367,25.3306],[85.647,25.3347],[85.6474,25.3426],[85.6419,25.3423],[85.6399,25.3526],[85.6313,25.3489],[85.6361,25.3614],[85.6252,25.3669],[85.6254,25.3779],[85.6055,25.3808],[85.5991,25.3884],[85.5943,25.3874],[85.5928,25.379],[85.5851,25.3813],[85.5833,25.3905],[85.5805,25.3931],[85.5728,25.3942],[85.5778,25.4013],[85.578,25.4135],[85.5752,25.4213],[85.5707,25.4197],[85.5639,25.4212],[85.557,25.4135],[85.5589,25.4204],[85.5574,25.4237],[85.5479,25.4175],[85.5449,25.4208],[85.5359,25.4219],[85.5301,25.4188],[85.532,25.4245],[85.5244,25.4268],[85.5194,25.4226],[85.504,25.4289],[85.5023,25.4256],[85.4971,25.4256],[85.4945,25.4289],[85.4899,25.4298],[85.493,25.4384],[85.4896,25.4395],[85.4883,25.445],[85.481,25.4441],[85.4801,25.4411],[85.4835,25.4408],[85.4829,25.4373],[85.4786,25.438],[85.4759,25.4356],[85.4747,25.4402],[85.4677,25.4377],[85.4585,25.4409],[85.4576,25.4443],[85.4476,25.4428],[85.4448,25.4385],[85.4395,25.4411],[85.4406,25.4453],[85.4376,25.4483],[85.4333,25.4427],[85.4343,25.4462],[85.4298,25.446],[85.4284,25.4506],[85.4183,25.4557],[85.4142,25.4621]]]},"properties":{"dtname":"Nalanda","stname":"BIHAR","stcode11":"10","dtcode11":"229","year_stat":"2011_c","Shape_Length":433982.8492965982,"Shape_Area":2888909770.628819,"OBJECTID":517,"test":0,"Dist_LGD":209,"State_LGD":10}},{"type":"Feature","id":518,"geometry":{"type":"Polygon","coordinates":[[[84.9955,25.7301],[84.9938,25.7315],[84.9802,25.7246],[84.9735,25.7237],[84.9691,25.718],[84.9676,25.7102],[84.9651,25.7134],[84.9609,25.7128],[84.9503,25.7046],[84.9383,25.7089],[84.9377,25.7022],[84.9256,25.7033],[84.9243,25.7086],[84.9191,25.708],[84.9147,25.7104],[84.9027,25.7093],[84.9032,25.7204],[84.8774,25.7118],[84.8737,25.7195],[84.8644,25.7177],[84.8596,25.7109],[84.8531,25.7094],[84.8491,25.7018],[84.8507,25.6979],[84.8477,25.6905],[84.8469,25.6791],[84.8303,25.6801],[84.8231,25.6728],[84.8237,25.6661],[84.8319,25.6604],[84.842,25.6579],[84.8318,25.6511],[84.8239,25.6382],[84.8214,25.6222],[84.8311,25.623],[84.8182,25.609],[84.8148,25.5933],[84.8221,25.5905],[84.8196,25.5812],[84.8086,25.5697],[84.7959,25.5677],[84.797,25.5653],[84.7941,25.5604],[84.772,25.5404],[84.7546,25.5016],[84.7566,25.4898],[84.7734,25.4624],[84.7789,25.4481],[84.7723,25.4385],[84.7731,25.4345],[84.7665,25.4202],[84.7543,25.4072],[84.7479,25.3812],[84.7342,25.3607],[84.734,25.3537],[84.7267,25.334],[84.714,25.3198],[84.7021,25.315],[84.7087,25.3043],[84.7184,25.297],[84.7258,25.2969],[84.7264,25.2862],[84.7094,25.2834],[84.7067,25.2733],[84.6981,25.2709],[84.692,25.2724],[84.6867,25.2614],[84.6967,25.255],[84.7031,25.2563],[84.7024,25.2592],[84.7056,25.2614],[84.7088,25.26],[84.7218,25.2626],[84.724,25.2569],[84.737,25.2534],[84.7376,25.2627],[84.7423,25.2686],[84.7465,25.2698],[84.7538,25.2632],[84.7641,25.2637],[84.7659,25.257],[84.7726,25.2576],[84.7761,25.2555],[84.7796,25.2587],[84.7855,25.2588],[84.7902,25.2552],[84.7906,25.2462],[84.7871,25.2382],[84.776,25.2374],[84.7724,25.2305],[84.7636,25.2308],[84.7575,25.2393],[84.7499,25.2371],[84.75,25.2301],[84.7392,25.2233],[84.7296,25.2227],[84.7223,25.2164],[84.7219,25.2139],[84.7288,25.2131],[84.726,25.2054],[84.7344,25.2034],[84.743,25.2142],[84.7543,25.2168],[84.7551,25.221],[84.7662,25.22],[84.7748,25.2252],[84.7856,25.2227],[84.7925,25.224],[84.8054,25.2202],[84.8067,25.2171],[84.8111,25.2171],[84.814,25.2217],[84.8208,25.2258],[84.8258,25.226],[84.8296,25.2303],[84.8364,25.2308],[84.8409,25.2365],[84.8476,25.2352],[84.848,25.2313],[84.8565,25.2304],[84.8594,25.2253],[84.8674,25.22],[84.871,25.224],[84.8692,25.2359],[84.8797,25.2461],[84.8744,25.2522],[84.8878,25.2544],[84.8933,25.2619],[84.8888,25.2686],[84.8932,25.281],[84.9001,25.2835],[84.9046,25.2896],[84.9142,25.2904],[84.92,25.2941],[84.9246,25.2868],[84.9175,25.2763],[84.9262,25.2693],[84.936,25.2689],[84.9347,25.2734],[84.939,25.2746],[84.9354,25.278],[84.9356,25.281],[84.9487,25.2937],[84.9514,25.2906],[84.9624,25.2896],[84.9672,25.2904],[84.9697,25.2933],[84.977,25.2935],[84.979,25.2901],[84.9812,25.2904],[84.9832,25.308],[84.993,25.3096],[84.9948,25.3196],[85.0042,25.3167],[85.0028,25.3117],[85.0054,25.294],[85.0149,25.2934],[85.0175,25.2832],[85.0207,25.2826],[85.0171,25.2716],[85.0085,25.2711],[85.0102,25.2646],[85.0183,25.2642],[85.0204,25.2697],[85.0303,25.27],[85.0322,25.2764],[85.0393,25.2765],[85.0397,25.2818],[85.0435,25.281],[85.0461,25.2846],[85.0544,25.2828],[85.0581,25.289],[85.0619,25.2877],[85.0644,25.2828],[85.0747,25.2798],[85.0741,25.2743],[85.0766,25.2734],[85.0774,25.279],[85.0847,25.2836],[85.0833,25.2872],[85.0924,25.2881],[85.1044,25.279],[85.1046,25.2702],[85.1082,25.2727],[85.1119,25.27],[85.1178,25.275],[85.1174,25.277],[85.1107,25.2824],[85.1072,25.2888],[85.1114,25.294],[85.1167,25.2942],[85.1181,25.2981],[85.1211,25.2986],[85.1226,25.3136],[85.1486,25.3116],[85.1495,25.3077],[85.1606,25.303],[85.1639,25.3062],[85.1729,25.3074],[85.1739,25.3172],[85.1787,25.3176],[85.1784,25.3201],[85.1817,25.3213],[85.181,25.3329],[85.1875,25.3366],[85.1873,25.3497],[85.1844,25.3594],[85.1844,25.3734],[85.1864,25.3742],[85.1856,25.3826],[85.1758,25.3847],[85.176,25.3876],[85.1807,25.3902],[85.1788,25.4025],[85.1919,25.4019],[85.1927,25.4069],[85.2046,25.4089],[85.2064,25.4023],[85.2371,25.4029],[85.2437,25.4057],[85.2455,25.4132],[85.2517,25.4143],[85.2528,25.3961],[85.2584,25.4001],[85.2707,25.3998],[85.273,25.3969],[85.2732,25.403],[85.2788,25.403],[85.2808,25.4027],[85.2811,25.3984],[85.2891,25.3979],[85.2886,25.3927],[85.2972,25.3924],[85.3041,25.3942],[85.3039,25.3987],[85.2993,25.3983],[85.3016,25.4056],[85.3076,25.4057],[85.3085,25.4009],[85.3138,25.4014],[85.3161,25.4059],[85.333,25.4011],[85.3391,25.4092],[85.3444,25.4103],[85.3495,25.4089],[85.3481,25.4035],[85.3599,25.4017],[85.3603,25.4082],[85.3656,25.4121],[85.3659,25.4182],[85.3732,25.4299],[85.3799,25.427],[85.385,25.4305],[85.3882,25.4293],[85.3913,25.4321],[85.396,25.4305],[85.399,25.4329],[85.4016,25.4588],[85.4132,25.4576],[85.4132,25.4623],[85.4183,25.4557],[85.4284,25.4506],[85.4298,25.446],[85.4343,25.4462],[85.4333,25.4427],[85.437,25.4484],[85.4393,25.4471],[85.4395,25.4411],[85.4448,25.4385],[85.4476,25.4428],[85.4576,25.4443],[85.4585,25.4409],[85.4677,25.4377],[85.4747,25.4402],[85.4759,25.4356],[85.4786,25.438],[85.4829,25.4373],[85.4835,25.4408],[85.4801,25.4411],[85.481,25.4441],[85.4883,25.445],[85.4896,25.4395],[85.493,25.4384],[85.4899,25.4298],[85.4945,25.4289],[85.4971,25.4256],[85.5023,25.4256],[85.504,25.4289],[85.5194,25.4226],[85.5244,25.4268],[85.532,25.4245],[85.5301,25.4188],[85.5359,25.4219],[85.5449,25.4208],[85.5479,25.4175],[85.5574,25.4237],[85.5589,25.4204],[85.557,25.4135],[85.5639,25.4212],[85.5707,25.4197],[85.5752,25.4213],[85.578,25.4135],[85.5778,25.4013],[85.5728,25.3942],[85.5805,25.3931],[85.5833,25.3905],[85.5861,25.3805],[85.5892,25.3816],[85.5928,25.379],[85.5943,25.3874],[85.5981,25.3887],[85.6055,25.3808],[85.6254,25.3779],[85.6252,25.3669],[85.6361,25.3614],[85.6313,25.3489],[85.6399,25.3526],[85.6419,25.3423],[85.6474,25.3426],[85.6456,25.3335],[85.6284,25.3308],[85.6277,25.3199],[85.6377,25.3197],[85.643,25.322],[85.6412,25.3136],[85.6472,25.3138],[85.6483,25.311],[85.6558,25.3103],[85.6576,25.3136],[85.6595,25.3254],[85.6556,25.3327],[85.668,25.3371],[85.6688,25.3433],[85.6858,25.3432],[85.6869,25.3514],[85.6994,25.364],[85.7032,25.3625],[85.7101,25.3516],[85.7123,25.3539],[85.7124,25.3619],[85.7194,25.3615],[85.7196,25.3554],[85.723,25.3523],[85.7207,25.3461],[85.7233,25.3448],[85.7291,25.3467],[85.7308,25.3336],[85.7385,25.333],[85.7413,25.3202],[85.7593,25.3132],[85.7626,25.3173],[85.7709,25.3138],[85.7813,25.3138],[85.7816,25.3078],[85.7851,25.3068],[85.7886,25.309],[85.7966,25.3067],[85.8037,25.3082],[85.8075,25.3063],[85.8088,25.288],[85.8356,25.2879],[85.8426,25.2914],[85.8654,25.2933],[85.8639,25.2789],[85.8911,25.2789],[85.8925,25.2832],[85.8906,25.2913],[85.8969,25.2932],[85.9069,25.2913],[85.9133,25.298],[85.9145,25.2937],[85.9274,25.2989],[85.9323,25.2987],[85.9311,25.3215],[85.9502,25.3196],[86.0003,25.3074],[86.0,25.3039],[86.007,25.3029],[86.0059,25.298],[86.0198,25.2967],[86.0203,25.3065],[86.0314,25.3093],[86.033,25.3191],[86.0416,25.3299],[86.0416,25.3345],[86.0535,25.3397],[86.0589,25.3336],[86.0661,25.3324],[86.0689,25.3357],[86.0668,25.3518],[86.0603,25.3592],[86.0521,25.3754],[86.0481,25.3838],[86.0474,25.3915],[86.0326,25.3916],[86.029,25.363],[86.0164,25.3646],[86.0133,25.3627],[86.0016,25.3736],[86.0043,25.3802],[85.9556,25.4092],[85.957,25.4131],[85.9533,25.4132],[85.9506,25.4074],[85.9396,25.409],[85.9171,25.4195],[85.9075,25.4313],[85.9005,25.4204],[85.8932,25.4259],[85.8897,25.4202],[85.8878,25.4217],[85.8736,25.4392],[85.8787,25.4491],[85.8787,25.4661],[85.8815,25.4734],[85.8959,25.4594],[85.9064,25.4593],[85.9038,25.4665],[85.8973,25.4714],[85.893,25.4783],[85.8897,25.4991],[85.8763,25.5015],[85.8719,25.5067],[85.8385,25.5173],[85.837,25.5271],[85.8099,25.5441],[85.7814,25.5492],[85.777,25.5457],[85.7659,25.544],[85.7477,25.5356],[85.732,25.5204],[85.7302,25.5254],[85.7235,25.5249],[85.7181,25.5125],[85.6982,25.495],[85.6954,25.4858],[85.6915,25.4869],[85.6794,25.4763],[85.6775,25.4954],[85.6549,25.492],[85.6525,25.4959],[85.6539,25.5002],[85.6474,25.499],[85.6554,25.4634],[85.6545,25.461],[85.6425,25.4598],[85.6211,25.4631],[85.6222,25.4677],[85.5956,25.474],[85.6114,25.4812],[85.6203,25.4818],[85.6167,25.4855],[85.5985,25.4891],[85.5807,25.4854],[85.5445,25.4837],[85.5456,25.5062],[85.5438,25.5099],[85.5332,25.5082],[85.5287,25.5379],[85.508,25.5389],[85.495,25.5438],[85.4908,25.5391],[85.4832,25.5381],[85.471,25.5195],[85.446,25.5094],[85.4349,25.513],[85.4297,25.4959],[85.3947,25.5051],[85.3923,25.4969],[85.3831,25.4981],[85.3722,25.5056],[85.3121,25.5112],[85.3056,25.5142],[85.2949,25.5255],[85.2729,25.5638],[85.257,25.5804],[85.2483,25.5933],[85.2395,25.5932],[85.2058,25.6111],[85.1888,25.6176],[85.1706,25.6215],[85.1428,25.622],[85.1484,25.645],[85.146,25.6432],[85.1347,25.6485],[85.1341,25.6519],[85.1261,25.6545],[85.107,25.6542],[85.1085,25.6567],[85.1001,25.6647],[85.1017,25.6713],[85.1089,25.675],[85.1076,25.6777],[85.0979,25.6781],[85.0873,25.682],[85.0912,25.691],[85.0986,25.6893],[85.0982,25.6916],[85.082,25.6959],[85.0785,25.7027],[85.0696,25.7054],[85.0692,25.7076],[85.0634,25.6983],[85.0562,25.7001],[85.0448,25.692],[85.0439,25.6953],[85.0403,25.6952],[85.0394,25.6974],[85.032,25.6973],[85.0262,25.7045],[85.016,25.7014],[85.0087,25.7187],[85.0034,25.7252],[85.0033,25.7305],[84.9955,25.7301]]]},"properties":{"dtname":"Patna","stname":"BIHAR","stcode11":"10","dtcode11":"230","year_stat":"2011_c","Shape_Length":638732.101360355,"Shape_Area":3956207469.111527,"OBJECTID":518,"test":0,"Dist_LGD":212,"State_LGD":10}},{"type":"Feature","id":519,"geometry":{"type":"Polygon","coordinates":[[[84.8667,26.2199],[84.8618,26.2211],[84.8601,26.2151],[84.8575,26.2139],[84.8356,26.2158],[84.8249,26.2119],[84.8021,26.2113],[84.7897,26.2064],[84.789,26.2042],[84.7805,26.2135],[84.774,26.2125],[84.7635,26.2148],[84.761,26.2021],[84.7629,26.1994],[84.7739,26.1984],[84.7741,26.1958],[84.7682,26.1916],[84.7769,26.1838],[84.7764,26.1734],[84.7609,26.1743],[84.7572,26.1645],[84.7583,26.1574],[84.7552,26.1462],[84.75,26.1382],[84.7406,26.1366],[84.733,26.1385],[84.7328,26.1291],[84.7308,26.1277],[84.7174,26.1287],[84.7163,26.1088],[84.7132,26.0994],[84.7108,26.0982],[84.7115,26.0927],[84.7081,26.0924],[84.7042,26.081],[84.6964,26.0828],[84.6935,26.0815],[84.6962,26.0794],[84.6945,26.0791],[84.6745,26.0818],[84.6689,26.0698],[84.6603,26.0741],[84.6502,26.0731],[84.6223,26.0782],[84.6184,26.081],[84.6202,26.0879],[84.6181,26.0905],[84.6115,26.0913],[84.6085,26.0872],[84.6084,26.0709],[84.6057,26.0678],[84.6027,26.0683],[84.5912,26.071],[84.5871,26.0747],[84.5847,26.065],[84.5808,26.0631],[84.5787,26.0596],[84.58,26.0576],[84.5778,26.0572],[84.5774,26.0475],[84.5717,26.0433],[84.5744,26.0373],[84.5693,26.0391],[84.566,26.0309],[84.5394,26.0315],[84.5218,26.0363],[84.5108,26.0321],[84.5071,26.0269],[84.4969,26.0301],[84.4917,26.0354],[84.4825,26.0313],[84.4792,26.0321],[84.4771,26.0287],[84.4724,26.0276],[84.4529,26.0289],[84.4528,26.0314],[84.4405,26.0345],[84.4348,26.0334],[84.43,26.0291],[84.4281,26.0326],[84.4094,26.0329],[84.4099,26.0235],[84.4053,26.0151],[84.4249,26.0133],[84.4257,26.0023],[84.4234,25.999],[84.4266,25.9956],[84.4365,25.9967],[84.4399,25.9924],[84.4503,25.9923],[84.4467,25.9788],[84.4395,25.978],[84.4337,25.9605],[84.4364,25.9556],[84.4426,25.9523],[84.4535,25.9525],[84.4595,25.9461],[84.4552,25.943],[84.4535,25.937],[84.4577,25.9315],[84.4572,25.9224],[84.4632,25.9186],[84.4602,25.9098],[84.4583,25.8892],[84.4724,25.8818],[84.4786,25.8851],[84.4902,25.8865],[84.4895,25.8884],[84.5109,25.8714],[84.534,25.8763],[84.5438,25.8589],[84.5337,25.8641],[84.5232,25.8601],[84.5307,25.8535],[84.5305,25.8317],[84.5484,25.8285],[84.5508,25.8407],[84.5814,25.8252],[84.6248,25.7919],[84.6236,25.771],[84.6182,25.7714],[84.6135,25.7759],[84.6074,25.7717],[84.6062,25.7613],[84.603,25.762],[84.61,25.7552],[84.6226,25.7498],[84.6295,25.7432],[84.6347,25.728],[84.6304,25.729],[84.627,25.7264],[84.6112,25.7312],[84.6081,25.7352],[84.6012,25.7381],[84.5995,25.7297],[84.6125,25.7298],[84.6286,25.7216],[84.6284,25.7199],[84.6225,25.7216],[84.6226,25.7158],[84.6329,25.708],[84.6515,25.7078],[84.6587,25.7126],[84.67,25.7139],[84.6925,25.7043],[84.7237,25.7056],[84.7476,25.7121],[84.7478,25.7091],[84.7637,25.7058],[84.7643,25.6998],[84.769,25.6971],[84.7724,25.6978],[84.7781,25.6931],[84.7831,25.6916],[84.797,25.6949],[84.8059,25.6911],[84.8079,25.687],[84.821,25.6888],[84.8216,25.6922],[84.8083,25.6935],[84.8087,25.7011],[84.8395,25.6936],[84.8395,25.6959],[84.8497,25.6973],[84.8491,25.7018],[84.8531,25.7094],[84.8596,25.7109],[84.8644,25.7177],[84.8737,25.7195],[84.8774,25.7118],[84.9032,25.7204],[84.9027,25.7093],[84.9147,25.7104],[84.9191,25.708],[84.9243,25.7086],[84.9256,25.7033],[84.9377,25.7022],[84.9383,25.7089],[84.9503,25.7046],[84.9609,25.7128],[84.9651,25.7134],[84.9676,25.7102],[84.9691,25.718],[84.9735,25.7237],[84.9802,25.7246],[84.9938,25.7315],[85.0011,25.731],[85.0033,25.7305],[85.0034,25.7252],[85.0087,25.7187],[85.016,25.7014],[85.0262,25.7045],[85.032,25.6973],[85.0394,25.6974],[85.0403,25.6952],[85.0439,25.6953],[85.0448,25.692],[85.0562,25.7001],[85.0634,25.6983],[85.0692,25.7076],[85.0696,25.7054],[85.0785,25.7027],[85.082,25.6959],[85.0982,25.6916],[85.0986,25.6893],[85.0912,25.691],[85.0873,25.682],[85.0979,25.6781],[85.1076,25.6777],[85.1089,25.675],[85.1017,25.6713],[85.1001,25.6647],[85.1085,25.6567],[85.107,25.6542],[85.1261,25.6545],[85.1341,25.6519],[85.1347,25.6485],[85.146,25.6432],[85.1484,25.645],[85.1428,25.622],[85.1706,25.6215],[85.1888,25.6176],[85.2288,25.5989],[85.2408,25.6221],[85.2384,25.62],[85.2349,25.6207],[85.2319,25.6273],[85.203,25.6493],[85.1974,25.6707],[85.1928,25.6702],[85.1949,25.6738],[85.1945,25.6877],[85.188,25.7076],[85.1878,25.7189],[85.1757,25.7407],[85.1721,25.7571],[85.1759,25.7679],[85.1742,25.7752],[85.1784,25.7928],[85.1718,25.8053],[85.1728,25.8092],[85.1646,25.8383],[85.1609,25.841],[85.1538,25.8404],[85.1459,25.8485],[85.1255,25.8566],[85.1149,25.8676],[85.1149,25.895],[85.0915,25.9222],[85.0782,25.9322],[85.072,25.9539],[85.0743,25.9673],[85.0579,25.984],[85.0589,25.9894],[85.0572,25.9919],[85.0356,25.9975],[85.0173,26.007],[84.9978,26.0069],[84.9891,26.0113],[84.9835,26.008],[84.9808,26.0028],[84.9659,25.9962],[84.9602,25.9986],[84.9545,26.0151],[84.9453,26.0177],[84.9368,26.0246],[84.939,26.0257],[84.9335,26.0323],[84.9368,26.0398],[84.9324,26.0412],[84.9361,26.0474],[84.9446,26.0497],[84.9466,26.0546],[84.9511,26.057],[84.9465,26.0674],[84.9488,26.068],[84.9467,26.0727],[84.9486,26.0787],[84.9407,26.08],[84.9548,26.0859],[84.9494,26.0882],[84.9426,26.0853],[84.9397,26.095],[84.9226,26.1124],[84.9164,26.1228],[84.9138,26.1355],[84.9217,26.1514],[84.9243,26.1636],[84.9079,26.1912],[84.9059,26.2013],[84.9014,26.2062],[84.9003,26.2122],[84.8899,26.2191],[84.8773,26.2166],[84.8667,26.2199]]]},"properties":{"dtname":"Saran","stname":"BIHAR","stcode11":"10","dtcode11":"219","year_stat":"2011_c","Shape_Length":386203.78877783363,"Shape_Area":3326626622.3320513,"OBJECTID":519,"test":0,"Dist_LGD":218,"State_LGD":10}},{"type":"Feature","id":520,"geometry":{"type":"Polygon","coordinates":[[[84.4284,26.3745],[84.424,26.3742],[84.4218,26.3696],[84.4092,26.3701],[84.4084,26.3668],[84.3908,26.3735],[84.3768,26.3685],[84.3628,26.3685],[84.3603,26.3637],[84.3663,26.3521],[84.3641,26.3466],[84.3665,26.3362],[84.3602,26.3273],[84.3633,26.3158],[84.3623,26.3099],[84.3646,26.3089],[84.362,26.3009],[84.3575,26.2996],[84.3379,26.3067],[84.3373,26.3234],[84.324,26.3289],[84.3215,26.332],[84.3179,26.332],[84.3157,26.3269],[84.3051,26.3212],[84.3048,26.3185],[84.2967,26.3208],[84.2953,26.3168],[84.2811,26.3177],[84.276,26.3074],[84.2668,26.3093],[84.2652,26.3125],[84.2549,26.3166],[84.242,26.3187],[84.2432,26.3245],[84.2337,26.3283],[84.2312,26.3255],[84.2283,26.3271],[84.2301,26.331],[84.2128,26.3361],[84.2087,26.3478],[84.2136,26.3528],[84.2093,26.3517],[84.198,26.3557],[84.1972,26.3616],[84.1895,26.364],[84.1894,26.3662],[84.1835,26.3697],[84.177,26.3699],[84.173,26.3529],[84.1728,26.3335],[84.1862,26.313],[84.1782,26.3038],[84.1748,26.2925],[84.1769,26.265],[84.1617,26.2569],[84.1617,26.25],[84.1663,26.2411],[84.1632,26.2418],[84.1512,26.2578],[84.1476,26.2551],[84.1323,26.2591],[84.1293,26.2557],[84.1273,26.2581],[84.1207,26.2586],[84.1169,26.2499],[84.1197,26.2478],[84.1173,26.2401],[84.1071,26.2413],[84.1061,26.2367],[84.0996,26.2373],[84.0982,26.2333],[84.0912,26.2338],[84.0902,26.2304],[84.0875,26.2295],[84.0865,26.2187],[84.0802,26.2197],[84.0803,26.2223],[84.0636,26.2242],[84.0622,26.2221],[84.0521,26.2287],[84.0381,26.2318],[84.0382,26.2371],[84.0269,26.2398],[84.0245,26.2379],[84.019,26.2389],[84.0123,26.232],[84.0163,26.2221],[84.0284,26.2204],[84.0311,26.2176],[84.0276,26.214],[84.0259,26.2045],[84.029,26.1992],[84.024,26.196],[84.0163,26.196],[84.0111,26.1921],[84.008,26.1874],[84.0085,26.1792],[84.01,26.1744],[84.0165,26.1691],[84.0338,26.1604],[84.0345,26.1513],[84.0276,26.1424],[84.0497,26.1306],[84.0519,26.1213],[84.0489,26.1087],[84.056,26.1001],[84.0887,26.1003],[84.1039,26.0927],[84.1212,26.0766],[84.1377,26.0521],[84.1725,26.0246],[84.1701,25.9877],[84.1757,25.9914],[84.1761,25.9966],[84.1963,25.9879],[84.2016,25.9904],[84.2071,25.9999],[84.2131,25.9949],[84.2393,25.9851],[84.2452,25.9807],[84.2449,25.9758],[84.2823,25.9588],[84.2969,25.9452],[84.3119,25.9438],[84.354,25.9588],[84.3874,25.9374],[84.4119,25.9308],[84.4138,25.923],[84.429,25.8976],[84.4276,25.8913],[84.4353,25.8899],[84.4366,25.8916],[84.4544,25.8878],[84.4595,25.8882],[84.4602,25.9098],[84.4632,25.9165],[84.4618,25.9209],[84.4572,25.9224],[84.4577,25.9315],[84.4535,25.9359],[84.4552,25.943],[84.4595,25.9461],[84.4535,25.9525],[84.4426,25.9523],[84.4364,25.9556],[84.4337,25.9605],[84.4395,25.978],[84.4467,25.9788],[84.4503,25.9923],[84.4399,25.9924],[84.4365,25.9967],[84.4266,25.9956],[84.4234,25.999],[84.4257,26.0023],[84.4249,26.0133],[84.4053,26.0151],[84.4099,26.0235],[84.4094,26.0329],[84.4281,26.0326],[84.43,26.0291],[84.4348,26.0334],[84.4405,26.0345],[84.4528,26.0314],[84.4529,26.0289],[84.4724,26.0276],[84.4771,26.0287],[84.4792,26.0321],[84.4825,26.0313],[84.4917,26.0354],[84.4969,26.0301],[84.5071,26.0269],[84.5108,26.0321],[84.5218,26.0363],[84.5394,26.0315],[84.566,26.0309],[84.5693,26.0391],[84.5744,26.0373],[84.5717,26.0433],[84.5774,26.0475],[84.5778,26.0572],[84.58,26.0576],[84.5787,26.0596],[84.5808,26.0631],[84.5847,26.065],[84.5871,26.0747],[84.5912,26.071],[84.6027,26.0683],[84.6057,26.0678],[84.6084,26.0709],[84.6085,26.0872],[84.6115,26.0913],[84.6181,26.0905],[84.6202,26.0879],[84.6184,26.081],[84.6223,26.0782],[84.6502,26.0731],[84.6603,26.0741],[84.6689,26.0698],[84.6745,26.0818],[84.6945,26.0791],[84.6962,26.0794],[84.6935,26.0815],[84.6964,26.0828],[84.7042,26.081],[84.7081,26.0924],[84.7115,26.0927],[84.7108,26.0982],[84.7132,26.0994],[84.7163,26.1088],[84.7174,26.1287],[84.7308,26.1277],[84.7328,26.1291],[84.733,26.1385],[84.7406,26.1366],[84.7508,26.1389],[84.7552,26.1462],[84.7583,26.1574],[84.7572,26.1645],[84.7609,26.1743],[84.7764,26.1734],[84.7772,26.1822],[84.7682,26.1916],[84.7741,26.1958],[84.7739,26.1984],[84.7629,26.1994],[84.7611,26.2088],[84.7523,26.2134],[84.7522,26.2273],[84.7328,26.2263],[84.7242,26.2356],[84.7138,26.2362],[84.7133,26.2417],[84.7018,26.2413],[84.6955,26.2381],[84.6797,26.2409],[84.6873,26.2675],[84.6718,26.2677],[84.6714,26.2717],[84.666,26.2725],[84.652,26.2718],[84.6525,26.2761],[84.6482,26.2782],[84.6554,26.2921],[84.6541,26.2992],[84.6443,26.3033],[84.6225,26.301],[84.6071,26.3038],[84.6083,26.3069],[84.6062,26.3094],[84.5866,26.3168],[84.5903,26.3212],[84.5758,26.3249],[84.5687,26.3217],[84.5639,26.3135],[84.5567,26.3139],[84.5525,26.2977],[84.5387,26.302],[84.5397,26.3126],[84.545,26.3131],[84.5508,26.3176],[84.549,26.3254],[84.5298,26.3364],[84.5188,26.3392],[84.5114,26.334],[84.5034,26.3334],[84.4979,26.3361],[84.4944,26.3328],[84.4817,26.3356],[84.4795,26.3413],[84.4701,26.3423],[84.4642,26.3475],[84.462,26.346],[84.4521,26.3485],[84.456,26.356],[84.4573,26.3681],[84.4284,26.3745]]]},"properties":{"dtname":"Siwan","stname":"BIHAR","stcode11":"10","dtcode11":"218","year_stat":"2011_c","Shape_Length":350034.43569882767,"Shape_Area":2760389742.8802967,"OBJECTID":520,"test":0,"Dist_LGD":222,"State_LGD":10}},{"type":"Feature","id":521,"geometry":{"type":"Polygon","coordinates":[[[85.5797,26.3932],[85.5683,26.3886],[85.5657,26.3847],[85.5573,26.3851],[85.5501,26.3716],[85.5451,26.3696],[85.5322,26.3709],[85.5313,26.3788],[85.5208,26.3741],[85.5174,26.3755],[85.5176,26.3779],[85.5087,26.3816],[85.5043,26.3808],[85.5,26.375],[85.5012,26.3622],[85.4948,26.3624],[85.4933,26.3542],[85.4863,26.3541],[85.4847,26.3484],[85.4791,26.3464],[85.478,26.3348],[85.4661,26.3326],[85.4709,26.3268],[85.4676,26.3274],[85.4654,26.3208],[85.4624,26.3199],[85.4636,26.3119],[85.4613,26.3012],[85.456,26.3013],[85.4528,26.2906],[85.4481,26.291],[85.4373,26.2693],[85.4358,26.2749],[85.4409,26.2834],[85.4201,26.2721],[85.4214,26.2753],[85.4265,26.2771],[85.4237,26.2828],[85.427,26.2919],[85.4225,26.2886],[85.4205,26.2825],[85.4116,26.2715],[85.4029,26.2886],[85.411,26.2892],[85.4068,26.293],[85.4014,26.2916],[85.3965,26.2801],[85.3924,26.2794],[85.3918,26.2896],[85.4031,26.2953],[85.3987,26.3],[85.3991,26.3054],[85.4105,26.301],[85.4147,26.3029],[85.4086,26.315],[85.4094,26.3183],[85.4013,26.3176],[85.3969,26.3102],[85.3895,26.3228],[85.3828,26.3245],[85.3813,26.3221],[85.3853,26.3225],[85.3878,26.3201],[85.3934,26.307],[85.3851,26.3081],[85.3754,26.3134],[85.3744,26.3318],[85.3693,26.3423],[85.3619,26.3464],[85.3521,26.3445],[85.3538,26.3372],[85.3522,26.336],[85.3477,26.3411],[85.3482,26.3457],[85.3395,26.3448],[85.3394,26.3407],[85.3347,26.3435],[85.3342,26.3264],[85.3262,26.3352],[85.3269,26.35],[85.3173,26.3467],[85.3075,26.3496],[85.2991,26.344],[85.2888,26.3546],[85.2826,26.3434],[85.2807,26.3487],[85.2654,26.3525],[85.254,26.3501],[85.2477,26.3564],[85.2461,26.3549],[85.2469,26.3592],[85.242,26.3641],[85.2407,26.3691],[85.2347,26.3672],[85.2256,26.3714],[85.2206,26.3687],[85.2189,26.3648],[85.2181,26.3561],[85.2214,26.3504],[85.2236,26.3495],[85.23,26.3539],[85.2384,26.3487],[85.2382,26.3439],[85.2431,26.3427],[85.2441,26.3393],[85.2461,26.3387],[85.2478,26.3436],[85.255,26.3425],[85.2574,26.3448],[85.2647,26.3423],[85.2703,26.335],[85.2741,26.335],[85.2719,26.3273],[85.2604,26.332],[85.2565,26.3265],[85.2564,26.3049],[85.2625,26.3035],[85.2609,26.2987],[85.251,26.2969],[85.2455,26.3018],[85.2363,26.2996],[85.2364,26.3045],[85.2314,26.3087],[85.2293,26.3072],[85.2322,26.3041],[85.2316,26.3007],[85.2268,26.3],[85.2219,26.3041],[85.2203,26.2943],[85.2084,26.296],[85.2038,26.2913],[85.2048,26.2864],[85.2031,26.2849],[85.199,26.2878],[85.2061,26.2983],[85.2066,26.3027],[85.2003,26.2933],[85.1913,26.2951],[85.1876,26.3011],[85.1898,26.3041],[85.1976,26.3027],[85.2019,26.305],[85.2027,26.3199],[85.1994,26.3204],[85.1982,26.3134],[85.1939,26.3133],[85.196,26.3251],[85.1928,26.3296],[85.1892,26.3218],[85.1915,26.3172],[85.1907,26.3122],[85.1887,26.3203],[85.1807,26.3207],[85.18,26.3229],[85.1861,26.3244],[85.1874,26.3276],[85.1842,26.3317],[85.1846,26.3385],[85.1799,26.3409],[85.1784,26.3395],[85.1816,26.3374],[85.1794,26.3354],[85.1778,26.3394],[85.1735,26.337],[85.1766,26.329],[85.1642,26.3296],[85.1584,26.3171],[85.1494,26.3156],[85.1463,26.322],[85.1423,26.3231],[85.1369,26.3177],[85.1362,26.313],[85.1301,26.312],[85.1286,26.3151],[85.1236,26.3121],[85.1189,26.317],[85.1117,26.3142],[85.1011,26.3257],[85.0973,26.3206],[85.0914,26.3253],[85.0811,26.3246],[85.0771,26.3327],[85.0708,26.3287],[85.067,26.3371],[85.0599,26.3429],[85.0519,26.3396],[85.0451,26.3421],[85.0422,26.3348],[85.0352,26.3336],[85.0316,26.3232],[85.0265,26.3242],[85.0221,26.3188],[85.0156,26.3224],[85.0138,26.3284],[85.0005,26.3328],[84.9896,26.3303],[84.9802,26.3231],[84.9447,26.3277],[84.9207,26.3285],[84.9097,26.3235],[84.9022,26.326],[84.8881,26.299],[84.8775,26.2617],[84.8718,26.257],[84.8799,26.2403],[84.8765,26.2392],[84.8846,26.2343],[84.9065,26.2407],[84.9059,26.2306],[84.8984,26.2214],[84.8979,26.2145],[84.9059,26.2013],[84.9079,26.1912],[84.9185,26.1706],[84.9243,26.1636],[84.9217,26.1514],[84.9138,26.1355],[84.9159,26.1243],[84.9226,26.1124],[84.9397,26.095],[84.9426,26.0853],[84.9494,26.0882],[84.9548,26.0859],[84.9407,26.08],[84.9486,26.0787],[84.9467,26.0727],[84.9488,26.068],[84.9465,26.0674],[84.9511,26.057],[84.9466,26.0546],[84.9446,26.0497],[84.9361,26.0474],[84.9324,26.0412],[84.9368,26.0398],[84.9335,26.0323],[84.939,26.0257],[84.9368,26.0246],[84.9453,26.0177],[84.9545,26.0151],[84.9602,25.9986],[84.9659,25.9962],[84.9808,26.0028],[84.9866,26.011],[84.9923,26.0107],[84.9978,26.0069],[85.016,26.0074],[85.0356,25.9975],[85.0572,25.9919],[85.0589,25.9894],[85.0579,25.984],[85.0664,25.9744],[85.0722,25.9752],[85.0791,25.9708],[85.0856,25.9793],[85.0963,25.9761],[85.0963,25.9811],[85.1068,25.9821],[85.1095,25.9877],[85.1055,25.99],[85.1049,25.9987],[85.1187,26.0],[85.1322,25.9972],[85.1406,26.0002],[85.1493,25.9965],[85.1514,25.999],[85.1502,26.0035],[85.1621,26.0042],[85.1631,26.0088],[85.165,26.0072],[85.1681,26.0104],[85.1749,26.011],[85.1882,26.006],[85.1898,26.002],[85.2093,26.006],[85.2101,26.0031],[85.2164,26.0037],[85.223,25.9995],[85.2315,26.0038],[85.2332,26.0003],[85.2317,25.9972],[85.234,25.997],[85.2351,26.0008],[85.2471,26.0118],[85.251,26.0122],[85.2529,26.0099],[85.2535,26.0123],[85.2716,26.0135],[85.273,26.0084],[85.2798,26.0034],[85.2936,25.9982],[85.2875,25.968],[85.289,25.961],[85.2871,25.9564],[85.2838,25.955],[85.2861,25.9538],[85.2861,25.95],[85.294,25.9468],[85.3021,25.9492],[85.316,25.9461],[85.3211,25.9514],[85.3339,25.9547],[85.3418,25.9521],[85.3511,25.9438],[85.3641,25.9408],[85.3708,25.9326],[85.3876,25.9309],[85.3925,25.9361],[85.4018,25.9336],[85.4046,25.935],[85.4064,25.9396],[85.4089,25.9397],[85.409,25.945],[85.4141,25.944],[85.4144,25.9406],[85.4223,25.9377],[85.4335,25.9369],[85.4338,25.9312],[85.4379,25.9305],[85.4376,25.9271],[85.4461,25.924],[85.4691,25.9267],[85.4689,25.9345],[85.4868,25.9269],[85.493,25.9208],[85.4951,25.9102],[85.5038,25.9108],[85.5094,25.9041],[85.5264,25.9213],[85.5338,25.9225],[85.541,25.9179],[85.5424,25.913],[85.5566,25.9095],[85.5606,25.9118],[85.5637,25.9251],[85.5661,25.926],[85.5759,25.9243],[85.58,25.9265],[85.5815,25.9224],[85.5893,25.9219],[85.5966,25.9228],[85.6004,25.9278],[85.6115,25.9254],[85.6118,25.9281],[85.6245,25.9228],[85.6248,25.9198],[85.6397,25.922],[85.6395,25.9348],[85.6437,25.9404],[85.6333,25.9444],[85.63,25.9587],[85.6321,25.9705],[85.6404,25.9763],[85.6382,25.9798],[85.6409,25.9833],[85.6343,25.9868],[85.6351,25.9913],[85.6313,25.9964],[85.6338,26.005],[85.6481,26.003],[85.6558,26.0186],[85.659,26.0183],[85.6657,26.0247],[85.6659,26.0282],[85.6827,26.0278],[85.6919,26.0477],[85.7025,26.0465],[85.7043,26.0504],[85.702,26.0516],[85.7034,26.0599],[85.7124,26.0646],[85.7089,26.0681],[85.7118,26.0785],[85.7099,26.0869],[85.7063,26.088],[85.7137,26.0894],[85.7132,26.1016],[85.7159,26.1088],[85.7264,26.1061],[85.7341,26.1075],[85.7328,26.1111],[85.7284,26.1104],[85.7264,26.1128],[85.728,26.1257],[85.7386,26.127],[85.7398,26.1304],[85.7501,26.1322],[85.7531,26.1293],[85.7644,26.1425],[85.7593,26.1444],[85.7601,26.1494],[85.7463,26.1517],[85.7418,26.1607],[85.7211,26.1642],[85.7208,26.1765],[85.724,26.1768],[85.7253,26.1801],[85.7235,26.1875],[85.7252,26.2012],[85.7177,26.2017],[85.7185,26.2098],[85.7104,26.2114],[85.7102,26.2151],[85.707,26.2156],[85.7066,26.2255],[85.6964,26.226],[85.6999,26.239],[85.7141,26.2399],[85.717,26.2476],[85.7083,26.2514],[85.7054,26.2488],[85.7018,26.2493],[85.6954,26.2568],[85.7018,26.2653],[85.706,26.2657],[85.7075,26.2701],[85.717,26.2718],[85.7178,26.2757],[85.7154,26.2768],[85.7148,26.2831],[85.7158,26.2924],[85.7054,26.295],[85.7051,26.3055],[85.6998,26.3076],[85.6965,26.3053],[85.6909,26.3179],[85.6882,26.317],[85.6868,26.3202],[85.6784,26.3202],[85.672,26.3127],[85.6574,26.3191],[85.6511,26.3178],[85.6492,26.3227],[85.6423,26.3182],[85.6363,26.3192],[85.6325,26.3161],[85.6305,26.3169],[85.6285,26.3197],[85.6351,26.3279],[85.6335,26.3328],[85.6294,26.3328],[85.6262,26.3363],[85.6171,26.3349],[85.6153,26.3325],[85.6114,26.3333],[85.6112,26.3397],[85.6168,26.3406],[85.6116,26.3497],[85.5912,26.3552],[85.5843,26.362],[85.5753,26.3619],[85.573,26.3665],[85.5784,26.3727],[85.5822,26.384],[85.5797,26.3932]]]},"properties":{"dtname":"Muzaffarpur","stname":"BIHAR","stcode11":"10","dtcode11":"216","year_stat":"2011_c","Shape_Length":482381.0578309651,"Shape_Area":3961579374.0149946,"OBJECTID":521,"test":1,"Dist_LGD":208,"State_LGD":10}},{"type":"Feature","id":522,"geometry":{"type":"Polygon","coordinates":[[[86.7529,26.1167],[86.7478,26.1174],[86.7407,26.1121],[86.733,26.0914],[86.7285,26.0912],[86.7264,26.0842],[86.7202,26.0766],[86.7207,26.0697],[86.7067,26.062],[86.7026,26.047],[86.7055,26.0457],[86.7004,26.0404],[86.7011,26.031],[86.6919,26.0285],[86.694,26.0263],[86.6934,26.0214],[86.6844,26.0214],[86.6732,26.0161],[86.648,26.0205],[86.6438,26.0106],[86.6241,26.0027],[86.6195,25.9959],[86.6209,25.9853],[86.616,25.977],[86.6262,25.9694],[86.6359,25.9691],[86.6348,25.9623],[86.6232,25.9528],[86.6198,25.9451],[86.622,25.9427],[86.6276,25.9445],[86.6335,25.9406],[86.6393,25.9274],[86.6455,25.9265],[86.6487,25.9211],[86.6574,25.9235],[86.6644,25.929],[86.6723,25.9291],[86.6788,25.9363],[86.6933,25.933],[86.687,25.9251],[86.6868,25.9206],[86.6916,25.9159],[86.6938,25.9047],[86.7075,25.9033],[86.7089,25.8791],[86.7114,25.8761],[86.7127,25.8658],[86.7314,25.8647],[86.7336,25.861],[86.7529,25.8557],[86.7598,25.8581],[86.7595,25.8601],[86.7654,25.8607],[86.7654,25.8636],[86.7793,25.8583],[86.7938,25.8604],[86.8017,25.8631],[86.8085,25.8724],[86.8128,25.8708],[86.8136,25.8677],[86.8191,25.8674],[86.8207,25.8696],[86.8346,25.8679],[86.8436,25.8708],[86.8432,25.8639],[86.8488,25.8619],[86.8493,25.8486],[86.8524,25.8469],[86.8581,25.8296],[86.8646,25.8251],[86.8651,25.8223],[86.8702,25.8221],[86.8713,25.8175],[86.8743,25.816],[86.8653,25.8126],[86.8623,25.8143],[86.8606,25.8116],[86.8559,25.8127],[86.857,25.8001],[86.8599,25.7979],[86.8631,25.7878],[86.8567,25.7783],[86.8574,25.7707],[86.8528,25.7575],[86.8477,25.755],[86.848,25.7492],[86.8564,25.7484],[86.8563,25.745],[86.8531,25.7402],[86.8467,25.7444],[86.8431,25.7425],[86.8434,25.7341],[86.8675,25.7295],[86.8718,25.7224],[86.8724,25.7161],[86.8678,25.7124],[86.8681,25.7074],[86.8576,25.7011],[86.8558,25.6953],[86.8552,25.6892],[86.8589,25.6745],[86.8545,25.6742],[86.8449,25.6801],[86.8333,25.6764],[86.8347,25.668],[86.8329,25.6667],[86.8264,25.6641],[86.8218,25.6671],[86.8176,25.6642],[86.817,25.6587],[86.8003,25.6568],[86.8036,25.6489],[86.8083,25.6447],[86.804,25.6373],[86.8114,25.6345],[86.8111,25.6314],[86.8198,25.6292],[86.8219,25.6175],[86.8308,25.6207],[86.8386,25.6175],[86.8378,25.6061],[86.8409,25.6002],[86.841,25.5959],[86.8365,25.591],[86.839,25.5892],[86.8388,25.5833],[86.8431,25.5822],[86.8445,25.5784],[86.8495,25.5796],[86.8507,25.5779],[86.8457,25.572],[86.847,25.5689],[86.8507,25.5711],[86.84,25.5525],[86.8402,25.543],[86.8447,25.5361],[86.8448,25.5287],[86.8408,25.526],[86.8394,25.5141],[86.8355,25.5138],[86.8265,25.5014],[86.828,25.4949],[86.8255,25.49],[86.8307,25.4812],[86.8269,25.479],[86.8241,25.4716],[86.8102,25.4705],[86.8091,25.468],[86.812,25.4681],[86.8121,25.4657],[86.8145,25.4689],[86.8174,25.4685],[86.8189,25.462],[86.8178,25.4579],[86.8127,25.4592],[86.8111,25.4563],[86.8222,25.4433],[86.8291,25.4454],[86.8237,25.4507],[86.8276,25.4578],[86.8533,25.453],[86.8585,25.4622],[86.8634,25.4617],[86.8666,25.4658],[86.8717,25.4624],[86.8817,25.4623],[86.8859,25.4698],[86.9013,25.4783],[86.9142,25.4732],[86.9171,25.4794],[86.909,25.49],[86.9206,25.4933],[86.9244,25.4908],[86.9255,25.4839],[86.9284,25.4851],[86.9293,25.4923],[86.9428,25.4893],[86.9448,25.4874],[86.9435,25.4855],[86.9355,25.4857],[86.9331,25.4816],[86.9467,25.4747],[86.9491,25.4795],[86.9535,25.4797],[86.9578,25.4754],[86.9666,25.4721],[86.9697,25.4622],[86.9782,25.4762],[86.9889,25.4765],[86.9975,25.4706],[87.0032,25.4705],[87.0009,25.4732],[87.0067,25.4784],[87.0087,25.476],[87.0165,25.4806],[87.0206,25.4758],[87.0207,25.4722],[87.0155,25.4655],[87.0191,25.462],[87.0433,25.473],[87.0651,25.4682],[87.0692,25.4696],[87.0722,25.473],[87.0731,25.4812],[87.0807,25.4908],[87.0802,25.4951],[87.0833,25.4938],[87.0854,25.4975],[87.0937,25.5005],[87.095,25.5133],[87.1005,25.5199],[87.0982,25.5241],[87.0832,25.5278],[87.0793,25.5259],[87.0792,25.5232],[87.0713,25.5196],[87.0646,25.5274],[87.0525,25.5268],[87.0541,25.5352],[87.0516,25.5397],[87.0601,25.5695],[87.057,25.5775],[87.0581,25.5805],[87.0406,25.5991],[87.0438,25.6267],[87.031,25.6359],[87.0258,25.6548],[87.0277,25.6613],[87.0265,25.6662],[87.0292,25.6699],[87.0383,25.6705],[87.0483,25.6874],[87.048,25.6948],[87.0391,25.7081],[87.0373,25.7156],[87.0326,25.7167],[87.0303,25.7144],[87.0187,25.7232],[87.0169,25.7339],[87.01,25.7375],[87.008,25.7462],[87.0131,25.7807],[87.0199,25.7935],[87.0181,25.7996],[87.0221,25.8063],[87.0186,25.8133],[87.0187,25.8206],[87.0226,25.8228],[87.0282,25.8195],[87.0332,25.8208],[87.0328,25.8269],[87.0365,25.8312],[87.0422,25.8475],[87.0408,25.8503],[87.0412,25.8464],[87.0385,25.849],[87.0302,25.8682],[87.023,25.8724],[87.0297,25.874],[87.0318,25.877],[87.0311,25.8905],[87.0202,25.9011],[87.007,25.8971],[86.9985,25.9118],[87.0004,25.9194],[86.9966,25.9242],[86.9949,25.9359],[86.9898,25.9455],[87.0018,25.9471],[87.003,25.945],[87.015,25.9447],[87.0165,25.9475],[87.0211,25.9475],[87.0212,25.9517],[87.0269,25.9567],[87.0344,25.9567],[87.0367,25.9503],[87.0409,25.9513],[87.0472,25.9499],[87.0485,25.9473],[87.0556,25.9472],[87.0622,25.9633],[87.0731,25.9597],[87.0777,25.9608],[87.0785,25.9674],[87.0816,25.9688],[87.0764,25.9726],[87.0703,25.9734],[87.0632,25.9797],[87.062,25.9865],[87.0667,25.9952],[87.0637,25.9985],[87.0719,26.0004],[87.0864,25.9923],[87.0928,26.0055],[87.0926,26.0098],[87.0972,26.0126],[87.0945,26.0194],[87.0964,26.0321],[87.1035,26.0345],[87.1218,26.0283],[87.123,26.0316],[87.1192,26.0341],[87.1265,26.0376],[87.1261,26.0411],[87.1224,26.0417],[87.1217,26.044],[87.1082,26.0458],[87.1038,26.0502],[87.0994,26.0487],[87.092,26.0519],[87.0759,26.0485],[87.0658,26.0506],[87.0626,26.0583],[87.0501,26.0577],[87.0508,26.0545],[87.0487,26.0537],[87.0455,26.0536],[87.0457,26.0566],[87.0414,26.0567],[87.0411,26.0544],[87.037,26.0557],[87.0337,26.063],[87.0113,26.0704],[87.0041,26.0704],[86.9994,26.062],[86.9517,26.0822],[86.9447,26.0833],[86.9364,26.0807],[86.9302,26.084],[86.8833,26.0879],[86.8635,26.094],[86.8505,26.0948],[86.8469,26.0958],[86.8481,26.0993],[86.8453,26.1051],[86.8387,26.1075],[86.8184,26.1073],[86.8193,26.1052],[86.8159,26.1027],[86.8083,26.1032],[86.7967,26.0892],[86.7883,26.0892],[86.7814,26.0911],[86.7783,26.0958],[86.7722,26.0968],[86.7744,26.1019],[86.7619,26.106],[86.7628,26.1082],[86.7565,26.1099],[86.7529,26.1167]]]},"properties":{"dtname":"Madhepura","stname":"BIHAR","stcode11":"10","dtcode11":"213","year_stat":"2011_c","Shape_Length":383561.1125033907,"Shape_Area":2229308524.617415,"OBJECTID":522,"test":0,"Dist_LGD":205,"State_LGD":10}},{"type":"Feature","id":523,"geometry":{"type":"Polygon","coordinates":[[[87.0707,26.5865],[87.0425,26.5875],[87.0409,26.5684],[87.0375,26.5612],[87.0477,26.5615],[87.0514,26.5589],[87.0528,26.5528],[87.0631,26.5552],[87.0652,26.5521],[87.0662,26.5366],[87.0596,26.5362],[87.0558,26.5299],[87.0603,26.5176],[87.0599,26.513],[87.0486,26.5076],[87.0496,26.4963],[87.0601,26.4918],[87.061,26.4839],[87.0535,26.4838],[87.0472,26.479],[87.0576,26.4726],[87.0606,26.4657],[87.0715,26.4621],[87.0677,26.4544],[87.0681,26.4456],[87.0727,26.4379],[87.0619,26.4385],[87.0599,26.4343],[87.0622,26.4274],[87.0697,26.4282],[87.0718,26.4252],[87.073,26.4136],[87.0802,26.4044],[87.0737,26.4031],[87.0631,26.4068],[87.0633,26.4097],[87.0592,26.4089],[87.0621,26.3956],[87.0686,26.3957],[87.0714,26.3877],[87.0766,26.385],[87.0783,26.3802],[87.079,26.3742],[87.0757,26.3695],[87.0774,26.3664],[87.0663,26.3614],[87.0674,26.3557],[87.0715,26.3553],[87.0703,26.3519],[87.0731,26.35],[87.076,26.3361],[87.0728,26.3321],[87.0702,26.3351],[87.0532,26.3346],[87.0523,26.3229],[87.0499,26.319],[87.0443,26.3166],[87.0539,26.3121],[87.0551,26.2976],[87.0772,26.294],[87.0715,26.2873],[87.0715,26.2745],[87.0677,26.2659],[87.0713,26.2647],[87.0717,26.2538],[87.0695,26.2482],[87.0711,26.2401],[87.075,26.2397],[87.0754,26.2349],[87.0801,26.2345],[87.0856,26.2266],[87.0795,26.2214],[87.0802,26.2173],[87.0906,26.2139],[87.0997,26.2027],[87.0968,26.2015],[87.0998,26.1973],[87.0922,26.195],[87.0915,26.1874],[87.0878,26.1858],[87.0869,26.1817],[87.0881,26.1799],[87.1028,26.1841],[87.1155,26.1845],[87.1175,26.1783],[87.1087,26.1615],[87.1031,26.1561],[87.1082,26.1509],[87.1086,26.1326],[87.1026,26.13],[87.0918,26.1312],[87.0913,26.1223],[87.0951,26.1163],[87.0781,26.1101],[87.0781,26.1076],[87.0714,26.102],[87.0812,26.0982],[87.0812,26.0948],[87.0939,26.0914],[87.1135,26.0882],[87.1192,26.0905],[87.119,26.0761],[87.1051,26.0663],[87.0988,26.0655],[87.0935,26.0592],[87.1051,26.0583],[87.1058,26.0492],[87.1082,26.0458],[87.1217,26.044],[87.1266,26.0384],[87.1192,26.0341],[87.123,26.0316],[87.1218,26.0283],[87.1035,26.0345],[87.0964,26.0321],[87.0945,26.0194],[87.0972,26.0126],[87.0926,26.0098],[87.0928,26.0055],[87.0864,25.9923],[87.0719,26.0004],[87.0637,25.9985],[87.0667,25.9952],[87.062,25.9865],[87.0632,25.9797],[87.0703,25.9734],[87.0764,25.9726],[87.0816,25.9688],[87.0785,25.9674],[87.0786,25.9617],[87.0826,25.9614],[87.0881,25.9654],[87.1122,25.9652],[87.1144,25.964],[87.1146,25.958],[87.1197,25.9569],[87.1217,25.9586],[87.1234,25.9553],[87.1282,25.9535],[87.1275,25.9495],[87.1302,25.9533],[87.1375,25.9554],[87.1402,25.9507],[87.1407,25.9525],[87.1426,25.9515],[87.1433,25.948],[87.1447,25.9501],[87.1557,25.9496],[87.1641,25.9459],[87.1657,25.9428],[87.1893,25.9457],[87.1879,25.95],[87.1989,25.95],[87.202,25.9558],[87.2083,25.9591],[87.2198,25.9586],[87.2235,25.9545],[87.2246,25.945],[87.2327,25.945],[87.2355,25.9622],[87.2422,25.9623],[87.2425,25.9653],[87.2551,25.9692],[87.2598,25.9743],[87.2649,25.9761],[87.2677,25.9847],[87.2735,25.9856],[87.2767,25.9828],[87.2784,25.9859],[87.2849,25.9748],[87.2822,25.9707],[87.2862,25.9682],[87.2867,25.9652],[87.2835,25.964],[87.2891,25.9583],[87.3063,25.9674],[87.3088,25.9796],[87.317,25.9778],[87.3209,25.9801],[87.3346,25.981],[87.3491,25.9781],[87.3499,25.9821],[87.3538,25.9817],[87.3593,25.9759],[87.3683,25.9753],[87.3715,25.9697],[87.378,25.97],[87.3776,25.972],[87.3864,25.9579],[87.3925,25.9552],[87.3873,25.9638],[87.3997,25.9627],[87.4019,25.9739],[87.4048,25.9747],[87.4046,25.9785],[87.4074,25.9813],[87.4071,25.9849],[87.4029,25.9848],[87.403,25.9876],[87.4095,25.9878],[87.4128,25.9912],[87.4214,25.9894],[87.4247,25.9896],[87.425,25.9918],[87.4435,25.9867],[87.4439,25.9839],[87.4545,25.9843],[87.4625,25.9864],[87.4625,25.9889],[87.47,25.9892],[87.4791,25.9802],[87.4861,25.9776],[87.492,25.9785],[87.4913,25.9821],[87.494,25.9812],[87.4996,25.9881],[87.507,25.9893],[87.5095,25.9889],[87.5067,25.9866],[87.5099,25.9858],[87.5113,25.98],[87.5177,25.9736],[87.5209,25.9764],[87.5207,25.9796],[87.5291,25.9802],[87.5312,25.9846],[87.5384,25.9793],[87.5413,25.9823],[87.5803,25.9899],[87.5823,25.998],[87.5921,26.0031],[87.6032,26.0046],[87.6092,26.0077],[87.6101,26.0112],[87.6229,26.0113],[87.6253,26.0147],[87.6289,26.0136],[87.6344,26.0169],[87.6315,26.0213],[87.6337,26.0228],[87.6357,26.0336],[87.6315,26.0395],[87.6251,26.0418],[87.6234,26.0494],[87.6348,26.0572],[87.6337,26.0647],[87.6439,26.0655],[87.6376,26.0716],[87.6349,26.0711],[87.6374,26.0754],[87.647,26.0764],[87.6508,26.0738],[87.6509,26.0765],[87.6562,26.076],[87.6544,26.0798],[87.6612,26.0805],[87.6621,26.079],[87.6588,26.0764],[87.6617,26.078],[87.6638,26.0754],[87.6706,26.0752],[87.6702,26.0715],[87.6785,26.0749],[87.679,26.0872],[87.6841,26.0886],[87.687,26.0869],[87.6884,26.0919],[87.6863,26.098],[87.6803,26.0998],[87.6845,26.1023],[87.6851,26.106],[87.6887,26.1087],[87.6871,26.1105],[87.6922,26.1168],[87.6918,26.1188],[87.6861,26.1175],[87.6919,26.1253],[87.6868,26.1301],[87.6872,26.1341],[87.6919,26.1342],[87.6916,26.1416],[87.695,26.1452],[87.6943,26.1496],[87.6902,26.1492],[87.6911,26.152],[87.6864,26.1575],[87.6911,26.1597],[87.7016,26.1589],[87.7057,26.1616],[87.6998,26.1675],[87.6905,26.1701],[87.6871,26.1781],[87.6923,26.1859],[87.7017,26.1871],[87.7035,26.1896],[87.7037,26.194],[87.6999,26.1953],[87.6971,26.1931],[87.696,26.195],[87.6993,26.2003],[87.6966,26.2009],[87.6991,26.2049],[87.6953,26.2044],[87.6982,26.2085],[87.691,26.2115],[87.6919,26.2168],[87.6854,26.2222],[87.6882,26.2265],[87.6788,26.2331],[87.673,26.2339],[87.6748,26.2394],[87.6773,26.2395],[87.676,26.2465],[87.6721,26.2489],[87.6702,26.2543],[87.6642,26.2553],[87.6701,26.2571],[87.6717,26.2607],[87.6744,26.2602],[87.6738,26.2662],[87.6683,26.2675],[87.6704,26.269],[87.663,26.2677],[87.6622,26.2705],[87.6609,26.268],[87.6594,26.2712],[87.6606,26.2791],[87.6572,26.2805],[87.6668,26.2867],[87.6647,26.2889],[87.6653,26.2983],[87.6602,26.3036],[87.6556,26.3035],[87.6528,26.3065],[87.6457,26.3059],[87.6436,26.3112],[87.6385,26.3114],[87.6349,26.3178],[87.6281,26.3176],[87.626,26.3199],[87.6281,26.3235],[87.6218,26.3255],[87.6238,26.3316],[87.6187,26.3324],[87.6109,26.346],[87.6117,26.3488],[87.6151,26.349],[87.6156,26.3472],[87.6192,26.3479],[87.6188,26.3448],[87.6248,26.3451],[87.6264,26.356],[87.6298,26.3591],[87.6367,26.3599],[87.6373,26.3634],[87.6407,26.3646],[87.6421,26.3688],[87.6362,26.3752],[87.6369,26.3791],[87.643,26.38],[87.6522,26.3766],[87.6583,26.3796],[87.6568,26.3841],[87.6521,26.3852],[87.6513,26.3934],[87.6269,26.3939],[87.6121,26.3902],[87.6053,26.3809],[87.5883,26.3817],[87.5843,26.3934],[87.5732,26.396],[87.5526,26.4055],[87.5471,26.4182],[87.5346,26.4211],[87.5159,26.4308],[87.4637,26.4402],[87.4426,26.4325],[87.4271,26.4221],[87.388,26.4192],[87.3757,26.4071],[87.368,26.4081],[87.3556,26.3887],[87.3526,26.372],[87.3573,26.3613],[87.3402,26.3477],[87.3166,26.3642],[87.3116,26.3718],[87.3007,26.3662],[87.2888,26.3739],[87.2655,26.3736],[87.2652,26.406],[87.2565,26.4108],[87.2503,26.4101],[87.2353,26.4152],[87.2285,26.4143],[87.2183,26.4046],[87.2105,26.4099],[87.2113,26.4138],[87.1843,26.4144],[87.1882,26.406],[87.1622,26.4045],[87.1371,26.4163],[87.0911,26.4508],[87.0792,26.5223],[87.0755,26.5362],[87.0718,26.5407],[87.0707,26.5865]]]},"properties":{"dtname":"Araria","stname":"BIHAR","stcode11":"10","dtcode11":"209","year_stat":"2011_c","Shape_Length":437248.75739763695,"Shape_Area":3490874119.9418235,"OBJECTID":523,"test":1,"Dist_LGD":188,"State_LGD":10}},{"type":"Feature","id":524,"geometry":{"type":"Polygon","coordinates":[[[87.0447,26.5619],[87.0396,26.5598],[87.0375,26.5612],[87.0155,26.5313],[86.9921,26.5226],[86.9809,26.5244],[86.9764,26.5197],[86.9632,26.5243],[86.9608,26.5199],[86.9479,26.5203],[86.9447,26.5162],[86.9334,26.5154],[86.9283,26.4991],[86.9294,26.4898],[86.8931,26.4879],[86.8896,26.482],[86.8911,26.4764],[86.8929,26.4765],[86.8937,26.4617],[86.8837,26.4613],[86.8788,26.4574],[86.8745,26.4578],[86.8751,26.4558],[86.872,26.4542],[86.861,26.4576],[86.8564,26.4494],[86.8456,26.4487],[86.8464,26.442],[86.8386,26.4407],[86.8395,26.4422],[86.8373,26.4427],[86.8359,26.4399],[86.8355,26.4414],[86.8325,26.4395],[86.7661,26.4587],[86.7631,26.4565],[86.7635,26.4517],[86.7601,26.4515],[86.7603,26.4482],[86.7532,26.4474],[86.7532,26.4431],[86.7442,26.4353],[86.747,26.4332],[86.7466,26.4286],[86.7302,26.4225],[86.7292,26.4266],[86.7232,26.426],[86.7242,26.4227],[86.7213,26.4208],[86.7202,26.411],[86.7138,26.4043],[86.7131,26.4004],[86.7153,26.3998],[86.7111,26.3978],[86.7131,26.3955],[86.7101,26.392],[86.7103,26.3872],[86.7091,26.3898],[86.7042,26.3864],[86.7039,26.3823],[86.7061,26.3801],[86.7093,26.3812],[86.7094,26.3781],[86.7035,26.3787],[86.7018,26.3745],[86.704,26.3733],[86.7039,26.3679],[86.6987,26.3699],[86.6952,26.3676],[86.6877,26.3701],[86.6829,26.3692],[86.6819,26.366],[86.6793,26.3692],[86.6782,26.3659],[86.6751,26.3683],[86.6736,26.364],[86.6764,26.3636],[86.6723,26.3613],[86.6731,26.364],[86.6678,26.3633],[86.6628,26.3677],[86.6552,26.3664],[86.6563,26.3621],[86.6483,26.3614],[86.6394,26.3548],[86.6415,26.351],[86.6378,26.351],[86.6363,26.3453],[86.633,26.3441],[86.6336,26.3402],[86.6307,26.3392],[86.6322,26.3329],[86.6266,26.3327],[86.6157,26.339],[86.6121,26.3383],[86.6108,26.3418],[86.5994,26.3426],[86.598,26.334],[86.5865,26.334],[86.5817,26.3314],[86.5782,26.3205],[86.566,26.3185],[86.5616,26.3053],[86.5475,26.3057],[86.5447,26.3033],[86.5356,26.3029],[86.5281,26.2939],[86.5292,26.2921],[86.5262,26.2892],[86.5263,26.2823],[86.5236,26.2777],[86.5093,26.2768],[86.5068,26.2722],[86.5057,26.2556],[86.5216,26.2554],[86.5185,26.2478],[86.5224,26.233],[86.5188,26.2239],[86.52,26.2216],[86.5165,26.2211],[86.515,26.2181],[86.5038,26.2233],[86.4976,26.2133],[86.4801,26.2172],[86.4753,26.2109],[86.4511,26.2138],[86.4531,26.2174],[86.4518,26.2224],[86.4462,26.2237],[86.4406,26.2099],[86.4417,26.2015],[86.431,26.1937],[86.4112,26.1975],[86.4119,26.2035],[86.405,26.2022],[86.4063,26.196],[86.4103,26.1942],[86.4128,26.1873],[86.4048,26.1697],[86.4203,26.1695],[86.4223,26.158],[86.435,26.1568],[86.4354,26.1589],[86.4327,26.1597],[86.4333,26.1647],[86.4397,26.1639],[86.4365,26.1562],[86.4506,26.1577],[86.4513,26.1631],[86.4537,26.163],[86.4547,26.1663],[86.4527,26.1687],[86.4573,26.1705],[86.4615,26.1567],[86.4648,26.1523],[86.4698,26.1534],[86.4741,26.1463],[86.4814,26.1508],[86.4851,26.1489],[86.4883,26.1506],[86.4914,26.1529],[86.489,26.1555],[86.5092,26.1566],[86.5123,26.1662],[86.5195,26.1583],[86.5259,26.1556],[86.5334,26.1567],[86.5373,26.1504],[86.5399,26.1506],[86.5378,26.1417],[86.5328,26.1386],[86.5338,26.1354],[86.5262,26.13],[86.5242,26.1235],[86.5194,26.1222],[86.5203,26.1207],[86.5146,26.1171],[86.5097,26.1169],[86.5082,26.1207],[86.4942,26.1255],[86.478,26.1244],[86.4775,26.1208],[86.4711,26.1193],[86.4707,26.1162],[86.4658,26.1141],[86.4701,26.113],[86.4648,26.1025],[86.4599,26.1049],[86.4555,26.0962],[86.4499,26.0967],[86.4492,26.0993],[86.4464,26.0918],[86.4441,26.0928],[86.4448,26.0867],[86.4408,26.085],[86.4425,26.0837],[86.4412,26.0746],[86.4388,26.0754],[86.4357,26.0719],[86.4423,26.0708],[86.4419,26.0662],[86.4455,26.0685],[86.4607,26.0676],[86.4656,26.0701],[86.4743,26.0625],[86.469,26.0576],[86.4691,26.053],[86.4852,26.0482],[86.4928,26.0491],[86.4926,26.0521],[86.5002,26.0503],[86.5078,26.0564],[86.5171,26.0567],[86.5182,26.0504],[86.5137,26.0383],[86.4996,26.0289],[86.4991,26.0217],[86.5016,26.0214],[86.5022,26.0144],[86.5156,26.0072],[86.5205,25.9997],[86.5208,25.9948],[86.5289,25.9958],[86.5312,25.9913],[86.5384,26.0004],[86.5394,26.0072],[86.5452,26.007],[86.5526,26.0102],[86.5555,26.0149],[86.5555,26.022],[86.5603,26.0274],[86.5673,26.027],[86.5812,26.0215],[86.5918,26.0222],[86.596,26.0199],[86.6102,26.0191],[86.6138,26.0164],[86.6195,26.0212],[86.6233,26.0195],[86.6351,26.0232],[86.6732,26.0161],[86.6844,26.0214],[86.6934,26.0214],[86.694,26.0263],[86.6919,26.0285],[86.7011,26.031],[86.7004,26.0404],[86.7055,26.0457],[86.7026,26.047],[86.7067,26.062],[86.7207,26.0697],[86.7202,26.0766],[86.7264,26.0842],[86.7277,26.0902],[86.733,26.0914],[86.7407,26.1121],[86.7478,26.1174],[86.7529,26.1167],[86.7565,26.1099],[86.7628,26.1082],[86.7619,26.106],[86.7744,26.1019],[86.7722,26.0968],[86.7783,26.0958],[86.7814,26.0911],[86.7883,26.0892],[86.7967,26.0892],[86.8083,26.1032],[86.8159,26.1027],[86.8193,26.1052],[86.8184,26.1073],[86.8315,26.1085],[86.8453,26.1051],[86.8481,26.0993],[86.8469,26.0958],[86.8635,26.094],[86.8817,26.0882],[86.9302,26.084],[86.9364,26.0807],[86.9447,26.0833],[86.9517,26.0822],[86.9994,26.062],[87.0041,26.0704],[87.0113,26.0704],[87.0337,26.063],[87.037,26.0557],[87.0411,26.0544],[87.0414,26.0567],[87.0457,26.0566],[87.0455,26.0536],[87.0487,26.0537],[87.0508,26.0545],[87.0501,26.0577],[87.061,26.0584],[87.0643,26.0572],[87.0653,26.0509],[87.0759,26.0485],[87.092,26.0519],[87.0994,26.0487],[87.1057,26.0497],[87.1051,26.0583],[87.0935,26.0592],[87.0988,26.0655],[87.1051,26.0663],[87.119,26.0761],[87.1192,26.0905],[87.1091,26.0885],[87.0869,26.0931],[87.0812,26.0948],[87.0812,26.0982],[87.0714,26.1027],[87.0761,26.1053],[87.0781,26.1101],[87.0951,26.1163],[87.0913,26.1223],[87.0918,26.1312],[87.1026,26.13],[87.1086,26.1326],[87.1082,26.1509],[87.1031,26.1561],[87.1087,26.1615],[87.1175,26.1783],[87.1155,26.1845],[87.1028,26.1841],[87.0881,26.1799],[87.0869,26.1817],[87.0878,26.1858],[87.0915,26.1874],[87.0922,26.195],[87.0998,26.1973],[87.0968,26.2015],[87.0997,26.2027],[87.0906,26.2139],[87.0802,26.2173],[87.0795,26.2214],[87.0856,26.2266],[87.0801,26.2345],[87.0754,26.2349],[87.075,26.2397],[87.0711,26.2401],[87.0695,26.2482],[87.0717,26.2538],[87.0713,26.2647],[87.0677,26.2659],[87.0715,26.2745],[87.0715,26.2873],[87.0772,26.294],[87.0551,26.2976],[87.0539,26.3121],[87.0443,26.3166],[87.0499,26.319],[87.0523,26.3229],[87.0532,26.3346],[87.0702,26.3351],[87.0728,26.3321],[87.076,26.3361],[87.0731,26.35],[87.0703,26.3519],[87.0715,26.3553],[87.0674,26.3557],[87.0663,26.3614],[87.0774,26.3664],[87.0757,26.3695],[87.079,26.3742],[87.0783,26.3802],[87.0766,26.385],[87.0714,26.3877],[87.0686,26.3957],[87.0621,26.3956],[87.0592,26.4089],[87.0633,26.4097],[87.0631,26.4068],[87.0737,26.4031],[87.0802,26.4044],[87.073,26.4136],[87.0718,26.4252],[87.0697,26.4282],[87.0622,26.4274],[87.0599,26.4343],[87.0619,26.4385],[87.0727,26.4379],[87.0681,26.4456],[87.0677,26.4544],[87.0715,26.4621],[87.0606,26.4657],[87.0576,26.4726],[87.0472,26.479],[87.0535,26.4838],[87.061,26.4839],[87.0601,26.4918],[87.0496,26.4963],[87.0486,26.5076],[87.0599,26.513],[87.0603,26.5176],[87.0558,26.5299],[87.0596,26.5362],[87.0662,26.5366],[87.0652,26.5521],[87.0631,26.5552],[87.0528,26.5528],[87.0507,26.5598],[87.0447,26.5619]]]},"properties":{"dtname":"Supaul","stname":"BIHAR","stcode11":"10","dtcode11":"208","year_stat":"2011_c","Shape_Length":421098.0138564084,"Shape_Area":3019409959.5900683,"OBJECTID":524,"test":0,"Dist_LGD":223,"State_LGD":10}},{"type":"Feature","id":525,"geometry":{"type":"Polygon","coordinates":[[[86.0282,26.6662],[86.0124,26.6602],[86.0128,26.6579],[86.0091,26.6555],[85.979,26.658],[85.9668,26.6518],[85.9593,26.6512],[85.9536,26.6465],[85.9517,26.637],[85.9548,26.6304],[85.9461,26.62],[85.9472,26.6133],[85.9282,26.6162],[85.9261,26.6101],[85.9138,26.6085],[85.9124,26.6047],[85.9004,26.6002],[85.8999,26.5959],[85.8917,26.5941],[85.8875,26.5838],[85.8803,26.5844],[85.8738,26.5792],[85.8709,26.5798],[85.869,26.5761],[85.8587,26.569],[85.8572,26.5722],[85.8504,26.5684],[85.849,26.5704],[85.8483,26.5768],[85.8577,26.5897],[85.8507,26.6085],[85.8308,26.6115],[85.8303,26.6015],[85.8174,26.6028],[85.8204,26.5929],[85.8139,26.5899],[85.8165,26.5826],[85.8084,26.5686],[85.8082,26.5667],[85.8117,26.5652],[85.8056,26.5549],[85.807,26.5518],[85.8171,26.549],[85.8207,26.5468],[85.8212,26.5432],[85.8255,26.5414],[85.8242,26.5319],[85.8185,26.5228],[85.8113,26.5215],[85.8079,26.5154],[85.811,26.5126],[85.8107,26.5084],[85.8028,26.5088],[85.7978,26.5015],[85.7996,26.4994],[85.7982,26.4962],[85.7877,26.4967],[85.7875,26.502],[85.7905,26.5059],[85.7901,26.5148],[85.7762,26.5161],[85.7687,26.5102],[85.7687,26.5071],[85.773,26.5054],[85.764,26.4957],[85.7603,26.4968],[85.7591,26.4905],[85.7703,26.4881],[85.7734,26.4852],[85.7707,26.4794],[85.7789,26.476],[85.7889,26.4781],[85.7886,26.4821],[85.7907,26.4831],[85.7999,26.4801],[85.8037,26.4817],[85.8062,26.4786],[85.8055,26.476],[85.8124,26.4756],[85.8118,26.4685],[85.8058,26.4689],[85.8042,26.4588],[85.7975,26.4591],[85.793,26.4547],[85.7674,26.4663],[85.7647,26.4711],[85.7548,26.4721],[85.7518,26.4673],[85.7555,26.4532],[85.7719,26.4453],[85.7659,26.4403],[85.7666,26.436],[85.7692,26.4363],[85.7684,26.4289],[85.765,26.4153],[85.7599,26.4092],[85.7616,26.4074],[85.7598,26.3997],[85.7681,26.4017],[85.7738,26.3989],[85.7778,26.4018],[85.7853,26.4023],[85.7906,26.4007],[85.7887,26.4046],[85.7938,26.4055],[85.7967,26.4113],[85.8204,26.4088],[85.8216,26.3984],[85.8173,26.3944],[85.8218,26.3875],[85.8299,26.3846],[85.8369,26.3879],[85.8365,26.3825],[85.8397,26.3817],[85.8358,26.3808],[85.8331,26.3759],[85.8245,26.3794],[85.8234,26.3744],[85.8193,26.3729],[85.822,26.3692],[85.8262,26.3685],[85.8306,26.36],[85.8341,26.3588],[85.8327,26.3557],[85.823,26.3549],[85.8209,26.3445],[85.8308,26.3422],[85.837,26.3439],[85.8378,26.3393],[85.8347,26.3349],[85.8362,26.3277],[85.8342,26.325],[85.8225,26.3294],[85.8181,26.3155],[85.821,26.3153],[85.8169,26.3098],[85.8182,26.3077],[85.815,26.3065],[85.8207,26.3025],[85.8162,26.294],[85.8317,26.2852],[85.8329,26.2822],[85.8402,26.2796],[85.8445,26.2833],[85.8499,26.283],[85.8551,26.2778],[85.8586,26.2822],[85.8669,26.2824],[85.8825,26.2742],[85.8828,26.278],[85.8909,26.2759],[85.8986,26.279],[85.9029,26.2859],[85.9196,26.284],[85.9221,26.2894],[85.9185,26.2906],[85.9216,26.2933],[85.9188,26.2935],[85.9172,26.3034],[85.9218,26.3039],[85.9195,26.3092],[85.9235,26.3091],[85.9227,26.3071],[85.9273,26.3044],[85.9386,26.3098],[85.9526,26.3052],[85.9619,26.3056],[85.9626,26.3086],[85.9691,26.308],[85.979,26.323],[85.9914,26.3216],[85.9949,26.3107],[86.0082,26.3029],[86.0129,26.3025],[86.0026,26.2946],[86.0034,26.2903],[86.0009,26.2906],[85.9988,26.2867],[86.0017,26.282],[86.0012,26.2733],[86.0049,26.2692],[86.0014,26.2668],[86.0015,26.2636],[86.0144,26.2594],[86.0123,26.256],[86.0156,26.2545],[86.0141,26.2467],[86.0314,26.2463],[86.0322,26.237],[86.0443,26.2358],[86.0404,26.2251],[86.0291,26.2157],[86.0323,26.2075],[86.027,26.1953],[86.0446,26.1906],[86.0565,26.1933],[86.0589,26.1968],[86.0574,26.1996],[86.0594,26.2083],[86.0733,26.2058],[86.075,26.2134],[86.0867,26.2111],[86.0866,26.2067],[86.0891,26.2063],[86.0895,26.2035],[86.1045,26.1998],[86.1004,26.1964],[86.1097,26.1924],[86.1143,26.1972],[86.1129,26.2023],[86.1187,26.2019],[86.1243,26.2104],[86.1259,26.2156],[86.1233,26.2183],[86.1306,26.2194],[86.14,26.2306],[86.1495,26.2353],[86.1569,26.23],[86.1568,26.226],[86.1648,26.2269],[86.1721,26.2231],[86.1748,26.2289],[86.1792,26.2223],[86.1939,26.2203],[86.1982,26.22],[86.1991,26.2222],[86.211,26.2215],[86.2209,26.2267],[86.2292,26.2266],[86.2317,26.2239],[86.2382,26.2261],[86.2518,26.224],[86.2529,26.2191],[86.2478,26.2197],[86.2448,26.2161],[86.2485,26.2123],[86.2436,26.2037],[86.2457,26.2019],[86.2448,26.195],[86.2546,26.1949],[86.2597,26.1918],[86.2695,26.1905],[86.2698,26.1872],[86.2653,26.1824],[86.2691,26.1783],[86.289,26.1788],[86.2959,26.1682],[86.296,26.1643],[86.3144,26.1648],[86.3157,26.161],[86.325,26.1612],[86.3248,26.1573],[86.3296,26.1553],[86.3298,26.149],[86.3343,26.1484],[86.3346,26.1463],[86.3252,26.1385],[86.3234,26.1231],[86.3341,26.1045],[86.3262,26.1054],[86.3264,26.101],[86.3313,26.1004],[86.3306,26.0916],[86.3339,26.0881],[86.3401,26.0895],[86.3409,26.0861],[86.3451,26.0849],[86.3495,26.0795],[86.3587,26.0771],[86.3646,26.0639],[86.3733,26.0602],[86.3762,26.0514],[86.3789,26.0511],[86.3809,26.0448],[86.3768,26.0438],[86.3767,26.0403],[86.3811,26.0387],[86.3806,26.0369],[86.3834,26.0385],[86.3879,26.0338],[86.3933,26.0345],[86.3939,26.0366],[86.4081,26.0351],[86.4125,26.0394],[86.4106,26.0412],[86.4144,26.0437],[86.4148,26.0478],[86.4174,26.046],[86.4174,26.0499],[86.4206,26.0532],[86.4236,26.0545],[86.4259,26.052],[86.4268,26.0546],[86.4281,26.0517],[86.4308,26.0536],[86.428,26.0607],[86.434,26.0614],[86.4322,26.0628],[86.4369,26.0643],[86.4316,26.0715],[86.4358,26.074],[86.4381,26.0725],[86.4388,26.0754],[86.4412,26.0746],[86.4425,26.0837],[86.4408,26.085],[86.4449,26.0874],[86.443,26.0912],[86.4443,26.093],[86.4464,26.0918],[86.4492,26.0993],[86.4499,26.0967],[86.4555,26.0962],[86.4599,26.1049],[86.4648,26.1025],[86.4701,26.113],[86.4658,26.1141],[86.4707,26.1162],[86.4711,26.1193],[86.4775,26.1208],[86.478,26.1244],[86.4942,26.1255],[86.5082,26.1207],[86.5097,26.1169],[86.5146,26.1171],[86.5203,26.1207],[86.5194,26.1222],[86.5242,26.1235],[86.5262,26.13],[86.5338,26.1354],[86.5328,26.1386],[86.5378,26.1417],[86.5397,26.1478],[86.5399,26.1506],[86.5373,26.1504],[86.5334,26.1567],[86.5259,26.1556],[86.5195,26.1583],[86.5123,26.1662],[86.5092,26.1566],[86.489,26.1555],[86.4913,26.1524],[86.4856,26.149],[86.4814,26.1508],[86.4747,26.1463],[86.4698,26.1534],[86.4648,26.1523],[86.4615,26.1567],[86.4573,26.1705],[86.4527,26.1687],[86.4547,26.1663],[86.4537,26.163],[86.4513,26.1631],[86.4506,26.1577],[86.4365,26.1562],[86.4397,26.1639],[86.4333,26.1647],[86.4327,26.1597],[86.4354,26.1589],[86.435,26.1568],[86.4223,26.158],[86.4203,26.1695],[86.4048,26.1697],[86.4128,26.1873],[86.4103,26.1942],[86.4063,26.196],[86.405,26.2022],[86.4119,26.2035],[86.4112,26.1975],[86.431,26.1937],[86.4417,26.2015],[86.4406,26.2099],[86.4462,26.2237],[86.4518,26.2224],[86.4531,26.2174],[86.4511,26.2138],[86.4581,26.2116],[86.4753,26.2109],[86.4801,26.2172],[86.4976,26.2133],[86.5038,26.2233],[86.515,26.2181],[86.5165,26.2211],[86.52,26.2216],[86.5188,26.2239],[86.5224,26.233],[86.5185,26.2478],[86.5217,26.2551],[86.5057,26.2556],[86.5068,26.2722],[86.5093,26.2768],[86.5236,26.2777],[86.5263,26.2823],[86.5262,26.2892],[86.5292,26.2921],[86.5281,26.2939],[86.5356,26.3029],[86.5447,26.3033],[86.5475,26.3057],[86.5616,26.3053],[86.566,26.3185],[86.5782,26.3205],[86.5817,26.3314],[86.5865,26.334],[86.598,26.334],[86.5994,26.3426],[86.6108,26.3418],[86.6121,26.3383],[86.6157,26.339],[86.6266,26.3327],[86.6322,26.3329],[86.6307,26.3392],[86.6336,26.3402],[86.633,26.3441],[86.6363,26.3453],[86.6378,26.351],[86.6415,26.351],[86.6394,26.3548],[86.6483,26.3614],[86.6563,26.3621],[86.6552,26.3664],[86.6628,26.3677],[86.6678,26.3633],[86.6731,26.364],[86.6723,26.3613],[86.6764,26.3636],[86.6736,26.364],[86.6751,26.3683],[86.6782,26.3659],[86.6793,26.3692],[86.6819,26.366],[86.6829,26.3692],[86.6877,26.3701],[86.7035,26.3678],[86.704,26.3733],[86.7018,26.3745],[86.7035,26.3787],[86.7094,26.3781],[86.7093,26.3812],[86.7061,26.3801],[86.7039,26.3823],[86.7042,26.3864],[86.7091,26.3898],[86.7103,26.3872],[86.7101,26.392],[86.7131,26.3955],[86.7111,26.3978],[86.7153,26.3998],[86.7131,26.4004],[86.7138,26.4043],[86.7202,26.411],[86.7213,26.4208],[86.7242,26.4227],[86.723,26.4256],[86.7247,26.4267],[86.72,26.4349],[86.7,26.4377],[86.6955,26.4447],[86.696,26.4486],[86.6923,26.4513],[86.6402,26.4626],[86.6372,26.4663],[86.6318,26.4647],[86.6302,26.4679],[86.6247,26.4698],[86.628,26.4762],[86.6256,26.4772],[86.6255,26.4806],[86.6163,26.4843],[86.6135,26.4879],[86.6114,26.4859],[86.5925,26.4923],[86.5703,26.4966],[86.563,26.5019],[86.5615,26.5085],[86.5539,26.5182],[86.5553,26.5172],[86.5545,26.5244],[86.5519,26.5243],[86.5504,26.5304],[86.542,26.5383],[86.5224,26.5437],[86.5154,26.5394],[86.4972,26.5427],[86.4559,26.5678],[86.4297,26.5733],[86.3952,26.5855],[86.3968,26.5939],[86.3561,26.6045],[86.3408,26.6062],[86.339,26.6097],[86.342,26.612],[86.3431,26.6173],[86.3328,26.6195],[86.3075,26.6203],[86.2935,26.6134],[86.2762,26.6181],[86.2529,26.6149],[86.2522,26.6172],[86.2481,26.6122],[86.2487,26.609],[86.2437,26.6082],[86.243,26.6026],[86.2402,26.6035],[86.2347,26.5984],[86.2343,26.5904],[86.2319,26.5928],[86.2182,26.5886],[86.2049,26.5966],[86.2018,26.5942],[86.2002,26.5972],[86.196,26.5938],[86.1958,26.6073],[86.1907,26.6105],[86.1903,26.6125],[86.1941,26.6123],[86.191,26.6149],[86.1743,26.6136],[86.171,26.6168],[86.1675,26.6141],[86.1619,26.615],[86.1555,26.61],[86.1453,26.6089],[86.1421,26.6052],[86.1361,26.6065],[86.1405,26.617],[86.1378,26.6293],[86.1183,26.6304],[86.0732,26.6498],[86.0694,26.6575],[86.0282,26.6662]]]},"properties":{"dtname":"Madhubani","stname":"BIHAR","stcode11":"10","dtcode11":"207","year_stat":"2011_c","Shape_Length":540900.2750268303,"Shape_Area":4381816449.413914,"OBJECTID":525,"test":0,"Dist_LGD":206,"State_LGD":10}},{"type":"Feature","id":526,"geometry":{"type":"Polygon","coordinates":[[[87.7165,26.1175],[87.7103,26.1158],[87.711,26.1115],[87.7088,26.1085],[87.7022,26.1089],[87.7002,26.1042],[87.6805,26.1003],[87.6863,26.098],[87.6884,26.0919],[87.687,26.0869],[87.6841,26.0886],[87.679,26.0872],[87.6785,26.0749],[87.6754,26.0746],[87.6736,26.0716],[87.6702,26.0715],[87.6706,26.0752],[87.6638,26.0754],[87.6617,26.078],[87.6588,26.0764],[87.6621,26.079],[87.6612,26.0805],[87.6544,26.0798],[87.6562,26.076],[87.6509,26.0765],[87.6508,26.0738],[87.6417,26.0767],[87.6352,26.0731],[87.6349,26.0711],[87.6376,26.0716],[87.6439,26.0655],[87.6337,26.0647],[87.6348,26.0572],[87.6271,26.0536],[87.623,26.0469],[87.6251,26.0466],[87.6251,26.0418],[87.6315,26.0395],[87.6357,26.0336],[87.6337,26.0228],[87.6315,26.0213],[87.6339,26.0165],[87.6289,26.0136],[87.6253,26.0147],[87.6229,26.0113],[87.6101,26.0112],[87.6092,26.0077],[87.6032,26.0046],[87.5921,26.0031],[87.5823,25.998],[87.5803,25.9899],[87.5413,25.9823],[87.5384,25.9793],[87.5312,25.9846],[87.5291,25.9802],[87.5207,25.9796],[87.5185,25.9738],[87.5113,25.98],[87.5099,25.9858],[87.5067,25.9866],[87.5095,25.9889],[87.507,25.9893],[87.4996,25.9881],[87.494,25.9812],[87.4913,25.9821],[87.492,25.9785],[87.4861,25.9776],[87.4791,25.9802],[87.47,25.9892],[87.4625,25.9889],[87.4625,25.9864],[87.4545,25.9843],[87.4439,25.9839],[87.4435,25.9867],[87.425,25.9918],[87.4247,25.9896],[87.4214,25.9894],[87.4149,25.9917],[87.4095,25.9878],[87.403,25.9876],[87.4029,25.9848],[87.4071,25.9849],[87.4074,25.9813],[87.4046,25.9785],[87.4048,25.9747],[87.4019,25.9739],[87.3997,25.9627],[87.3873,25.9638],[87.3929,25.9553],[87.3864,25.9579],[87.3776,25.972],[87.378,25.97],[87.3715,25.9697],[87.3683,25.9753],[87.3593,25.9759],[87.3538,25.9817],[87.3499,25.9821],[87.3491,25.9781],[87.3346,25.981],[87.3209,25.9801],[87.317,25.9778],[87.3088,25.9796],[87.3063,25.9674],[87.2891,25.9583],[87.2835,25.964],[87.2867,25.9669],[87.2822,25.9707],[87.2849,25.9748],[87.282,25.9818],[87.2784,25.9859],[87.2767,25.9828],[87.2718,25.9856],[87.2677,25.9847],[87.2649,25.9761],[87.2598,25.9743],[87.2551,25.9692],[87.2425,25.9653],[87.2422,25.9623],[87.2355,25.9622],[87.2327,25.945],[87.2246,25.945],[87.2235,25.9545],[87.2208,25.9582],[87.2083,25.9591],[87.202,25.9558],[87.1989,25.95],[87.1879,25.95],[87.1893,25.9457],[87.1643,25.943],[87.1641,25.9459],[87.1557,25.9496],[87.1447,25.9501],[87.1433,25.948],[87.1426,25.9515],[87.1407,25.9525],[87.1402,25.9507],[87.1375,25.9554],[87.1302,25.9533],[87.1275,25.9495],[87.1282,25.9535],[87.1234,25.9553],[87.1217,25.9586],[87.1197,25.9569],[87.1146,25.958],[87.1141,25.9645],[87.1075,25.9659],[87.0881,25.9654],[87.0826,25.9614],[87.0736,25.9596],[87.0629,25.9636],[87.0556,25.9472],[87.0485,25.9473],[87.0472,25.9499],[87.0409,25.9513],[87.0367,25.9503],[87.0344,25.9567],[87.0269,25.9567],[87.0212,25.9517],[87.0211,25.9475],[87.0165,25.9475],[87.015,25.9447],[87.003,25.945],[87.0018,25.9471],[86.9898,25.9455],[86.9949,25.9359],[86.9966,25.9242],[87.0004,25.9194],[86.9985,25.9118],[87.007,25.8971],[87.0202,25.9011],[87.0311,25.8905],[87.0318,25.877],[87.0297,25.874],[87.023,25.8724],[87.0302,25.8682],[87.0385,25.849],[87.0412,25.8464],[87.0408,25.8503],[87.0422,25.8475],[87.0365,25.8312],[87.0328,25.8269],[87.0332,25.8208],[87.0282,25.8195],[87.0226,25.8228],[87.0187,25.8206],[87.0186,25.8133],[87.0221,25.8063],[87.0181,25.7996],[87.0199,25.7935],[87.0131,25.7807],[87.0081,25.7445],[87.01,25.7375],[87.0169,25.7339],[87.0187,25.7232],[87.0303,25.7144],[87.0326,25.7167],[87.0373,25.7156],[87.0391,25.7081],[87.048,25.6948],[87.0483,25.6874],[87.0383,25.6705],[87.0292,25.6699],[87.0265,25.6662],[87.0277,25.6613],[87.0258,25.6548],[87.031,25.6359],[87.0438,25.6267],[87.0406,25.5991],[87.0581,25.5805],[87.057,25.5775],[87.0601,25.5695],[87.0516,25.5397],[87.0541,25.5352],[87.0525,25.5268],[87.0646,25.5274],[87.0713,25.5196],[87.0792,25.5232],[87.0793,25.5259],[87.0832,25.5278],[87.0982,25.5241],[87.1003,25.5213],[87.0978,25.5169],[87.0996,25.5076],[87.0972,25.4987],[87.0982,25.4906],[87.0899,25.4785],[87.0802,25.4767],[87.0786,25.4714],[87.08,25.4626],[87.0779,25.455],[87.0829,25.453],[87.0801,25.4492],[87.0824,25.443],[87.0868,25.4466],[87.0937,25.4442],[87.0947,25.4376],[87.098,25.4376],[87.1032,25.4329],[87.1166,25.4398],[87.1184,25.4371],[87.1232,25.4386],[87.1291,25.4368],[87.1339,25.4392],[87.1495,25.4365],[87.1542,25.438],[87.1585,25.447],[87.1645,25.4518],[87.1778,25.4484],[87.1827,25.441],[87.1916,25.45],[87.1949,25.4469],[87.2032,25.4463],[87.2084,25.4585],[87.226,25.4537],[87.2319,25.4621],[87.2331,25.4657],[87.2297,25.4708],[87.231,25.4732],[87.2279,25.4759],[87.2285,25.4793],[87.2148,25.4785],[87.2093,25.4829],[87.2123,25.4966],[87.2075,25.5005],[87.2078,25.5062],[87.2092,25.5087],[87.2202,25.5084],[87.2264,25.5268],[87.2233,25.5371],[87.2422,25.5414],[87.2426,25.5486],[87.2544,25.5499],[87.2573,25.558],[87.2651,25.5582],[87.2682,25.5624],[87.2662,25.5675],[87.2606,25.5688],[87.2635,25.5726],[87.2585,25.576],[87.2576,25.5854],[87.2598,25.5899],[87.257,25.5982],[87.2506,25.5993],[87.2541,25.6221],[87.2488,25.6228],[87.2485,25.6261],[87.25,25.6329],[87.258,25.6417],[87.2762,25.6441],[87.2781,25.6476],[87.2705,25.6476],[87.2688,25.6509],[87.2623,25.6526],[87.257,25.6675],[87.2598,25.6713],[87.2533,25.6806],[87.2477,25.6833],[87.2475,25.687],[87.2398,25.6983],[87.2474,25.7101],[87.2527,25.7103],[87.2591,25.7173],[87.2765,25.7151],[87.2759,25.7083],[87.2785,25.703],[87.2963,25.7023],[87.3025,25.698],[87.3032,25.6939],[87.3135,25.6938],[87.3205,25.6884],[87.333,25.6888],[87.3333,25.6856],[87.3357,25.6863],[87.3378,25.6824],[87.3526,25.6845],[87.3518,25.6873],[87.365,25.6897],[87.3748,25.6815],[87.3812,25.6852],[87.3884,25.6812],[87.3919,25.6838],[87.4,25.6788],[87.4139,25.6795],[87.4147,25.6751],[87.4303,25.6778],[87.4333,25.6833],[87.4814,25.6838],[87.4819,25.677],[87.485,25.6731],[87.4884,25.6744],[87.49,25.67],[87.5013,25.67],[87.5047,25.667],[87.5066,25.6721],[87.5054,25.6812],[87.5231,25.677],[87.5257,25.6737],[87.5305,25.6759],[87.5295,25.6842],[87.5323,25.683],[87.537,25.6872],[87.54,25.6869],[87.5369,25.6829],[87.5393,25.6709],[87.5528,25.671],[87.5508,25.6661],[87.557,25.6659],[87.5607,25.6605],[87.5696,25.6628],[87.5712,25.6594],[87.574,25.6604],[87.5715,25.6632],[87.5764,25.6645],[87.5751,25.6663],[87.5776,25.6696],[87.5739,25.6693],[87.575,25.6724],[87.5715,25.6747],[87.5712,25.6785],[87.5632,25.6772],[87.5588,25.6811],[87.5562,25.6793],[87.5553,25.6815],[87.5522,25.6813],[87.5552,25.6849],[87.5601,25.6841],[87.5559,25.6866],[87.5573,25.6895],[87.57,25.684],[87.5727,25.6892],[87.5759,25.69],[87.5823,25.6862],[87.5944,25.6912],[87.6019,25.6854],[87.6048,25.6864],[87.6163,25.6823],[87.6185,25.6849],[87.6271,25.6864],[87.6382,25.6945],[87.6409,25.6941],[87.6418,25.6873],[87.6495,25.6827],[87.6524,25.6868],[87.6572,25.6854],[87.6672,25.6889],[87.6731,25.7044],[87.6752,25.7047],[87.6776,25.6995],[87.6843,25.7016],[87.6817,25.7046],[87.6833,25.7079],[87.6797,25.7116],[87.6819,25.7122],[87.681,25.7211],[87.6845,25.7219],[87.681,25.7271],[87.6865,25.7331],[87.6841,25.736],[87.687,25.7417],[87.685,25.747],[87.6878,25.7503],[87.7035,25.7496],[87.6965,25.7531],[87.7001,25.7544],[87.6981,25.7556],[87.6993,25.7577],[87.7031,25.7587],[87.708,25.7547],[87.7082,25.7575],[87.7107,25.7573],[87.7103,25.7653],[87.7201,25.7669],[87.7203,25.7648],[87.7244,25.7636],[87.731,25.7653],[87.7357,25.7636],[87.7391,25.7659],[87.748,25.7619],[87.752,25.7508],[87.7672,25.7562],[87.7738,25.7558],[87.7784,25.752],[87.7758,25.7489],[87.7773,25.7463],[87.7873,25.7438],[87.7914,25.7449],[87.7927,25.7491],[87.7869,25.7512],[87.7812,25.757],[87.7859,25.7627],[87.7912,25.7632],[87.7991,25.7584],[87.8066,25.7603],[87.8101,25.7675],[87.8049,25.7697],[87.8089,25.779],[87.8237,25.7862],[87.8306,25.7869],[87.8278,25.7956],[87.8296,25.7997],[87.8265,25.8036],[87.8176,25.8314],[87.7967,25.8443],[87.8016,25.8481],[87.8108,25.8487],[87.8128,25.8454],[87.8175,25.8458],[87.8212,25.8602],[87.8167,25.8589],[87.8175,25.8707],[87.8115,25.8696],[87.8071,25.8763],[87.8125,25.8817],[87.8244,25.8814],[87.8243,25.8871],[87.8296,25.8927],[87.8223,25.8997],[87.8255,25.9111],[87.8187,25.9124],[87.8178,25.9093],[87.8154,25.9091],[87.8093,25.9127],[87.81,25.9158],[87.8146,25.9161],[87.8109,25.9203],[87.8108,25.928],[87.8187,25.9329],[87.8212,25.9399],[87.8266,25.9443],[87.8209,25.9468],[87.8198,25.9513],[87.8173,25.9512],[87.8192,25.9537],[87.8158,25.9597],[87.8236,25.9634],[87.8244,25.9668],[87.8199,25.9738],[87.8141,25.9749],[87.8257,25.9757],[87.8291,25.9816],[87.8369,25.9821],[87.8352,25.9861],[87.8372,25.9933],[87.8468,25.9925],[87.8476,25.9956],[87.8389,25.9957],[87.8374,25.9991],[87.8405,26.0071],[87.8437,26.0076],[87.8482,26.0269],[87.8551,26.0325],[87.8559,26.0372],[87.8472,26.0399],[87.8475,26.0419],[87.8532,26.0522],[87.8532,26.0571],[87.861,26.0607],[87.872,26.0706],[87.8635,26.0736],[87.873,26.0863],[87.8691,26.0901],[87.8731,26.0956],[87.8667,26.0967],[87.8702,26.103],[87.8684,26.1058],[87.8642,26.1002],[87.8647,26.0957],[87.8617,26.0937],[87.854,26.0963],[87.8395,26.0932],[87.835,26.0951],[87.8381,26.098],[87.8337,26.097],[87.8345,26.1003],[87.8303,26.102],[87.8179,26.0974],[87.8027,26.1009],[87.7921,26.0955],[87.7887,26.0908],[87.7845,26.0921],[87.779,26.0899],[87.7798,26.1007],[87.7771,26.1053],[87.7527,26.1065],[87.7505,26.102],[87.7472,26.1011],[87.7482,26.097],[87.7355,26.1086],[87.7333,26.1056],[87.7277,26.1061],[87.7286,26.112],[87.7244,26.1143],[87.7182,26.1134],[87.7165,26.1175]]]},"properties":{"dtname":"Purnia","stname":"BIHAR","stcode11":"10","dtcode11":"211","year_stat":"2011_c","Shape_Length":519928.8867172061,"Shape_Area":3992510435.180603,"OBJECTID":526,"test":1,"Dist_LGD":214,"State_LGD":10}},{"type":"Feature","id":593,"geometry":{"type":"MultiPolygon","coordinates":[[[[87.8461,25.9814],[87.8468,25.9925],[87.8372,25.9933],[87.8352,25.9861],[87.8369,25.9821],[87.8291,25.9816],[87.8257,25.9757],[87.8141,25.9749],[87.8199,25.9738],[87.8244,25.9668],[87.8236,25.9634],[87.8158,25.9597],[87.8192,25.9537],[87.8173,25.9512],[87.821,25.9501],[87.8209,25.9468],[87.8266,25.945],[87.8212,25.9399],[87.8209,25.9362],[87.8344,25.9303],[87.8396,25.9339],[87.8373,25.9337],[87.8372,25.9362],[87.8407,25.9402],[87.8384,25.9442],[87.8347,25.9452],[87.8389,25.9541],[87.8374,25.96],[87.8466,25.9636],[87.8481,25.9696],[87.8464,25.9743],[87.8486,25.9768],[87.8461,25.9814]]],[[[87.8537,26.017],[87.8568,26.0247],[87.8538,26.0306],[87.8504,26.0301],[87.8467,26.0238],[87.8437,26.0076],[87.8405,26.0071],[87.838,26.0022],[87.8381,25.9961],[87.8476,25.9956],[87.8511,25.9981],[87.8548,26.0135],[87.8515,26.0155],[87.8537,26.017]]],[[[88.2344,26.5549],[88.2328,26.571],[88.2169,26.5744],[88.2145,26.5672],[88.2169,26.5629],[88.2211,26.5611],[88.2204,26.5564],[88.212,26.5543],[88.2184,26.5534],[88.2021,26.5549],[88.1988,26.5583],[88.1892,26.5596],[88.1816,26.554],[88.1814,26.5453],[88.179,26.5449],[88.1714,26.5536],[88.1685,26.5535],[88.166,26.5482],[88.1679,26.5417],[88.1665,26.5356],[88.1563,26.5301],[88.1503,26.5319],[88.146,26.5222],[88.1349,26.5235],[88.1312,26.5263],[88.1202,26.5407],[88.115,26.5413],[88.1134,26.5484],[88.1067,26.5514],[88.0981,26.5475],[88.0996,26.5418],[88.1065,26.5416],[88.1033,26.5385],[88.1076,26.5337],[88.1047,26.5261],[88.099,26.5226],[88.0985,26.5131],[88.1076,26.5075],[88.1106,26.4976],[88.1049,26.4871],[88.1073,26.4786],[88.1057,26.4743],[88.1016,26.4712],[88.0916,26.4709],[88.0909,26.4687],[88.0992,26.4561],[88.0904,26.4411],[88.0812,26.437],[88.0788,26.4288],[88.0688,26.4221],[88.0685,26.415],[88.0599,26.4125],[88.0549,26.406],[88.0487,26.4057],[88.0465,26.4003],[88.0393,26.3938],[88.0343,26.3929],[88.0331,26.3838],[88.0284,26.3823],[88.0333,26.3806],[88.0285,26.3741],[88.0296,26.368],[88.0192,26.3638],[88.0071,26.3632],[88.0052,26.3667],[87.9957,26.3661],[87.9916,26.3706],[87.9918,26.3927],[87.9658,26.3975],[87.9329,26.418],[87.9261,26.4187],[87.9255,26.4286],[87.9152,26.4322],[87.9249,26.4395],[87.9241,26.4468],[87.8985,26.4492],[87.9097,26.4584],[87.9,26.4778],[87.8884,26.4868],[87.8859,26.4768],[87.8657,26.4696],[87.8623,26.4635],[87.8586,26.4638],[87.8587,26.4557],[87.8628,26.4527],[87.8586,26.4482],[87.8506,26.4459],[87.8481,26.4369],[87.8284,26.4401],[87.8291,26.4504],[87.8186,26.4578],[87.7927,26.469],[87.7907,26.4656],[87.7869,26.4675],[87.7891,26.4604],[87.782,26.4577],[87.7838,26.454],[87.7823,26.453],[87.7767,26.4531],[87.7793,26.4503],[87.7741,26.45],[87.7744,26.4474],[87.7773,26.4484],[87.7775,26.4425],[87.775,26.4392],[87.779,26.4362],[87.7755,26.4309],[87.7731,26.4313],[87.7735,26.4284],[87.7705,26.4281],[87.7753,26.4243],[87.7731,26.4207],[87.7703,26.4219],[87.7681,26.4145],[87.7653,26.4136],[87.767,26.4111],[87.7638,26.4101],[87.7532,26.4085],[87.7493,26.4179],[87.7391,26.4175],[87.7338,26.4076],[87.7227,26.4125],[87.7238,26.4168],[87.7181,26.4225],[87.7155,26.4215],[87.7128,26.4274],[87.6983,26.4283],[87.6922,26.4356],[87.6771,26.4356],[87.6775,26.4157],[87.6495,26.4059],[87.6521,26.3852],[87.6568,26.3841],[87.6583,26.3796],[87.6522,26.3766],[87.643,26.38],[87.6369,26.3791],[87.6362,26.3752],[87.6421,26.3688],[87.6407,26.3646],[87.6373,26.3634],[87.6367,26.3599],[87.6298,26.3591],[87.6264,26.356],[87.6248,26.3451],[87.6188,26.3448],[87.6192,26.3479],[87.6156,26.3472],[87.6151,26.349],[87.6117,26.3488],[87.6109,26.346],[87.6187,26.3324],[87.6238,26.3316],[87.6218,26.3255],[87.6281,26.3235],[87.626,26.3199],[87.6281,26.3176],[87.6349,26.3178],[87.6385,26.3114],[87.6436,26.3112],[87.6457,26.3059],[87.6528,26.3065],[87.6556,26.3035],[87.6602,26.3036],[87.6651,26.2986],[87.6647,26.2889],[87.6669,26.287],[87.6572,26.2805],[87.6606,26.2791],[87.6594,26.2712],[87.6609,26.268],[87.6622,26.2705],[87.663,26.2677],[87.6704,26.269],[87.6683,26.2675],[87.6738,26.2662],[87.6746,26.2606],[87.6642,26.2553],[87.6702,26.2543],[87.6721,26.2489],[87.676,26.2465],[87.6773,26.2395],[87.6748,26.2394],[87.673,26.2339],[87.6788,26.2331],[87.6882,26.2265],[87.6854,26.2222],[87.6919,26.2168],[87.691,26.2115],[87.6982,26.2085],[87.6953,26.2044],[87.6991,26.2049],[87.6966,26.2017],[87.6993,26.2003],[87.6961,26.1974],[87.6971,26.1931],[87.6999,26.1953],[87.7037,26.194],[87.7017,26.1871],[87.6923,26.1859],[87.6871,26.1781],[87.6905,26.1701],[87.6998,26.1675],[87.7057,26.1616],[87.7016,26.1589],[87.6911,26.1597],[87.6864,26.1575],[87.6911,26.152],[87.6902,26.1492],[87.6943,26.1496],[87.695,26.1452],[87.6916,26.1416],[87.6919,26.1342],[87.6872,26.1341],[87.6871,26.1282],[87.6919,26.1253],[87.6861,26.1175],[87.6918,26.1188],[87.6922,26.1168],[87.6871,26.1105],[87.6887,26.1087],[87.6851,26.106],[87.6845,26.1023],[87.7002,26.1042],[87.7022,26.1089],[87.7088,26.1085],[87.711,26.1115],[87.7096,26.1149],[87.7129,26.118],[87.7165,26.1175],[87.7182,26.1134],[87.7244,26.1143],[87.7286,26.112],[87.7277,26.1061],[87.7333,26.1056],[87.7339,26.1085],[87.7385,26.1069],[87.7416,26.1012],[87.7482,26.097],[87.7472,26.1011],[87.7505,26.102],[87.7527,26.1065],[87.7771,26.1053],[87.7798,26.1007],[87.779,26.0899],[87.7845,26.0921],[87.7887,26.0908],[87.7921,26.0955],[87.8027,26.1009],[87.8179,26.0974],[87.8303,26.102],[87.8345,26.1003],[87.8337,26.097],[87.8381,26.098],[87.835,26.0951],[87.8395,26.0932],[87.854,26.0963],[87.8617,26.0937],[87.8647,26.0957],[87.8642,26.1002],[87.8684,26.1058],[87.8702,26.103],[87.8667,26.0967],[87.8729,26.0961],[87.8691,26.0901],[87.873,26.0863],[87.8635,26.0733],[87.872,26.0706],[87.861,26.0607],[87.8532,26.0571],[87.8532,26.0522],[87.8472,26.0402],[87.8618,26.0341],[87.8733,26.0414],[87.8797,26.0393],[87.8862,26.0434],[87.8853,26.0447],[87.8929,26.0527],[87.8903,26.0589],[87.8936,26.064],[87.8973,26.0669],[87.9012,26.0649],[87.9064,26.0744],[87.911,26.074],[87.9137,26.0781],[87.919,26.0766],[87.9266,26.0839],[87.931,26.0823],[87.9299,26.0715],[87.9366,26.0692],[87.9351,26.0642],[87.9488,26.0601],[87.951,26.0664],[87.9536,26.0659],[87.9556,26.0699],[87.9513,26.0706],[87.9536,26.0753],[87.9581,26.0733],[87.9598,26.0759],[87.965,26.0731],[87.973,26.0756],[87.9823,26.0727],[87.9846,26.0802],[87.981,26.0848],[87.971,26.0897],[87.9706,26.0935],[87.9642,26.095],[87.9691,26.0988],[87.9844,26.1018],[87.9888,26.1052],[87.9866,26.1064],[87.9881,26.1126],[87.9854,26.1175],[87.9713,26.1165],[87.9689,26.1193],[87.9778,26.1235],[87.9753,26.1257],[87.9794,26.1247],[87.9819,26.1274],[87.9795,26.1306],[87.9806,26.139],[87.9739,26.1406],[87.9751,26.1431],[87.9855,26.1426],[87.9865,26.1471],[87.9925,26.1511],[87.9983,26.1397],[88.0058,26.1468],[88.0105,26.1454],[88.0141,26.151],[88.0091,26.1569],[88.0092,26.1604],[88.0148,26.1589],[88.0199,26.1608],[88.0278,26.1706],[88.0322,26.1705],[88.0318,26.1758],[88.0348,26.1792],[88.0492,26.177],[88.0503,26.1725],[88.0572,26.173],[88.0585,26.1708],[88.0667,26.1775],[88.0687,26.1776],[88.0689,26.1748],[88.0732,26.1752],[88.0787,26.1807],[88.077,26.1845],[88.0785,26.187],[88.0903,26.1918],[88.0927,26.2029],[88.1021,26.2058],[88.1062,26.2137],[88.113,26.2151],[88.1122,26.2171],[88.1178,26.2192],[88.1164,26.2238],[88.1258,26.2259],[88.1267,26.228],[88.1298,26.2248],[88.1419,26.2264],[88.1432,26.2306],[88.1383,26.2327],[88.1385,26.2406],[88.1427,26.2432],[88.146,26.2502],[88.1551,26.2508],[88.1576,26.256],[88.1645,26.2529],[88.1702,26.2562],[88.1766,26.2541],[88.18,26.2567],[88.1857,26.2709],[88.1998,26.2699],[88.2051,26.2776],[88.2136,26.2741],[88.2167,26.28],[88.2277,26.2849],[88.2321,26.2925],[88.2311,26.3012],[88.2356,26.303],[88.241,26.3006],[88.2448,26.3094],[88.2503,26.3114],[88.2492,26.3204],[88.2541,26.3258],[88.2491,26.3266],[88.252,26.3285],[88.2498,26.3309],[88.2532,26.3344],[88.2628,26.331],[88.2649,26.3349],[88.2697,26.3288],[88.2749,26.3298],[88.2756,26.326],[88.2782,26.3256],[88.2864,26.3318],[88.2872,26.3403],[88.2842,26.3445],[88.2855,26.3475],[88.291,26.3477],[88.2924,26.3499],[88.2976,26.3476],[88.3004,26.35],[88.2961,26.353],[88.2962,26.3593],[88.2909,26.3562],[88.2874,26.358],[88.2827,26.3691],[88.2833,26.378],[88.2683,26.3778],[88.2652,26.3812],[88.2627,26.3778],[88.2521,26.374],[88.2446,26.3758],[88.2383,26.3809],[88.24,26.3837],[88.2341,26.3918],[88.2373,26.3962],[88.2442,26.3985],[88.2469,26.4054],[88.2544,26.4095],[88.2614,26.4199],[88.2734,26.419],[88.263,26.4228],[88.2631,26.4293],[88.2509,26.4331],[88.2507,26.4362],[88.2466,26.4386],[88.2456,26.4465],[88.2409,26.4522],[88.242,26.4567],[88.2347,26.4599],[88.2302,26.4688],[88.2243,26.4742],[88.2152,26.4772],[88.217,26.4809],[88.2257,26.4801],[88.2294,26.4849],[88.2276,26.492],[88.2196,26.4932],[88.2183,26.4906],[88.2206,26.4865],[88.2139,26.4831],[88.1983,26.4848],[88.1944,26.4953],[88.1885,26.4953],[88.1826,26.5042],[88.1834,26.5096],[88.1903,26.5121],[88.1965,26.5214],[88.2083,26.5243],[88.2127,26.5327],[88.2354,26.5448],[88.2372,26.5524],[88.2344,26.5549]],[[88.2742,26.3308],[88.2745,26.332],[88.2756,26.3326],[88.2757,26.3324],[88.2756,26.332],[88.2755,26.3317],[88.2753,26.3313],[88.2749,26.331],[88.2743,26.3308],[88.2742,26.3308],[88.2742,26.3308]]]]},"properties":{"dtname":"Kishanganj","stname":"BIHAR","stcode11":"10","dtcode11":"210","year_stat":"2011_c","Shape_Length":465481.32253114355,"Shape_Area":2474760065.1641355,"OBJECTID":593,"test":0,"Dist_LGD":203,"State_LGD":10}},{"type":"Feature","id":698,"geometry":{"type":"Polygon","coordinates":[[[84.4716,25.0903],[84.4586,25.1024],[84.4713,25.1156],[84.4456,25.1289],[84.4353,25.1122],[84.427,25.0876],[84.4168,25.0733],[84.3653,25.044],[84.3585,25.0432],[84.3365,25.033],[84.3084,25.0141],[84.2846,24.9867],[84.2515,24.9425],[84.2073,24.8952],[84.1874,24.8693],[84.1622,24.8448],[84.1402,24.8273],[84.1242,24.8073],[84.105,24.7924],[84.0876,24.7739],[84.0648,24.7442],[84.0321,24.6946],[84.0077,24.6429],[84.0211,24.6385],[84.0272,24.6337],[84.0233,24.6318],[84.025,24.6288],[84.0339,24.63],[84.0328,24.6202],[84.0387,24.6202],[84.0355,24.6179],[84.037,24.6167],[84.0424,24.6189],[84.0447,24.6117],[84.0521,24.6104],[84.0514,24.6086],[84.0487,24.6095],[84.0473,24.6044],[84.0572,24.5927],[84.0506,24.5869],[84.0619,24.5868],[84.0649,24.5816],[84.0586,24.5723],[84.0636,24.5737],[84.0638,24.5703],[84.0678,24.571],[84.0683,24.5682],[84.0731,24.5674],[84.0756,24.5616],[84.0723,24.5595],[84.0728,24.555],[84.0777,24.5542],[84.0759,24.55],[84.0776,24.5416],[84.0855,24.5382],[84.0853,24.5352],[84.0893,24.5365],[84.0931,24.5344],[84.0891,24.5307],[84.0883,24.5185],[84.0844,24.5142],[84.0878,24.5133],[84.0855,24.5062],[84.0917,24.5052],[84.0887,24.5005],[84.09,24.4979],[84.0925,24.4976],[84.0943,24.4933],[84.0984,24.4926],[84.1,24.4854],[84.1083,24.4775],[84.1248,24.4809],[84.1257,24.4924],[84.1311,24.4977],[84.1407,24.5005],[84.1346,24.5242],[84.1434,24.532],[84.1456,24.5375],[84.1632,24.5335],[84.1646,24.5288],[84.1526,24.5158],[84.1564,24.5109],[84.1695,24.5054],[84.1786,24.5052],[84.1856,24.5221],[84.1778,24.5263],[84.1722,24.5386],[84.1728,24.5451],[84.1841,24.5451],[84.1873,24.5477],[84.1883,24.5533],[84.1941,24.5549],[84.1999,24.5547],[84.1994,24.547],[84.2016,24.5437],[84.2095,24.541],[84.21,24.5336],[84.2184,24.5337],[84.2203,24.547],[84.2356,24.5502],[84.2358,24.539],[84.2423,24.542],[84.243,24.5377],[84.2496,24.5357],[84.2506,24.5319],[84.2475,24.5288],[84.2569,24.5269],[84.259,24.5342],[84.2639,24.5348],[84.2648,24.5383],[84.2682,24.5383],[84.2694,24.5433],[84.2774,24.5439],[84.2797,24.5472],[84.2736,24.5505],[84.2736,24.554],[84.2701,24.5563],[84.2705,24.5601],[84.2829,24.5588],[84.2896,24.5628],[84.2966,24.5609],[84.3,24.5454],[84.3114,24.534],[84.3122,24.523],[84.3221,24.5166],[84.3221,24.5081],[84.3275,24.5003],[84.3274,24.4873],[84.3458,24.4945],[84.3503,24.5005],[84.3721,24.5099],[84.3754,24.5156],[84.371,24.5288],[84.3858,24.53],[84.3823,24.5434],[84.39,24.5446],[84.3895,24.547],[84.3928,24.5502],[84.3943,24.5557],[84.391,24.563],[84.3918,24.5673],[84.398,24.5678],[84.4031,24.5727],[84.4096,24.5705],[84.4065,24.5665],[84.4071,24.5635],[84.4184,24.5577],[84.4214,24.5521],[84.4284,24.5635],[84.4291,24.5715],[84.437,24.5727],[84.4441,24.563],[84.4442,24.5484],[84.4478,24.5358],[84.4531,24.5319],[84.4678,24.5361],[84.4812,24.5226],[84.4843,24.5135],[84.4902,24.513],[84.5053,24.518],[84.5188,24.5253],[84.5469,24.5268],[84.5508,24.5329],[84.5547,24.533],[84.5695,24.5443],[84.5691,24.5488],[84.5715,24.5515],[84.5692,24.5549],[84.5813,24.5618],[84.5776,24.5671],[84.5675,24.566],[84.5639,24.568],[84.5655,24.571],[84.5735,24.5768],[84.5758,24.5814],[84.5886,24.5877],[84.5922,24.5957],[84.5966,24.5961],[84.5928,24.6039],[84.5969,24.6069],[84.5924,24.6148],[84.6058,24.6252],[84.5992,24.6244],[84.5995,24.6461],[84.6024,24.6558],[84.6094,24.6536],[84.6121,24.6589],[84.6242,24.6523],[84.6342,24.6505],[84.638,24.6541],[84.6385,24.6649],[84.6456,24.6629],[84.6428,24.667],[84.6456,24.6723],[84.6453,24.6788],[84.6505,24.6739],[84.6637,24.679],[84.6627,24.6823],[84.6809,24.68],[84.687,24.6767],[84.696,24.6797],[84.6998,24.6785],[84.6969,24.6878],[84.7027,24.6984],[84.7101,24.6969],[84.7225,24.6994],[84.729,24.7438],[84.7264,24.7459],[84.7273,24.753],[84.7177,24.7563],[84.7168,24.7646],[84.7201,24.7663],[84.7348,24.7653],[84.7359,24.7736],[84.7315,24.7753],[84.7309,24.7806],[84.725,24.7821],[84.725,24.7882],[84.7358,24.7883],[84.7356,24.7945],[84.7049,24.7991],[84.7048,24.8106],[84.6984,24.8159],[84.6999,24.825],[84.6956,24.8263],[84.6952,24.8319],[84.6885,24.8329],[84.6877,24.83],[84.6752,24.8314],[84.676,24.8402],[84.6728,24.8435],[84.6732,24.8484],[84.6659,24.8492],[84.6513,24.8554],[84.6485,24.8627],[84.6427,24.8649],[84.643,24.8737],[84.64,24.8741],[84.6413,24.8786],[84.6462,24.8801],[84.6626,24.8773],[84.6643,24.871],[84.6695,24.8712],[84.6722,24.8806],[84.6616,24.8834],[84.6634,24.8883],[84.6714,24.8921],[84.6724,24.8904],[84.6808,24.8904],[84.683,24.9014],[84.6872,24.8993],[84.6898,24.9026],[84.7042,24.9005],[84.7059,24.9074],[84.709,24.9083],[84.7088,24.9161],[84.7178,24.9171],[84.7168,24.9233],[84.7202,24.9326],[84.7138,24.9387],[84.716,24.9477],[84.7109,24.9509],[84.7111,24.9541],[84.737,24.9565],[84.74,24.9647],[84.7305,24.9693],[84.7311,24.9822],[84.735,24.985],[84.746,24.9847],[84.7473,24.9893],[84.745,24.9939],[84.7473,25.0005],[84.7454,25.0045],[84.7321,25.0058],[84.7317,25.003],[84.718,25.0057],[84.7165,25.0175],[84.7085,25.0245],[84.7039,25.0248],[84.698,25.0366],[84.6987,25.0419],[84.7304,25.0398],[84.7294,25.0425],[84.7324,25.0444],[84.7359,25.0688],[84.7283,25.07],[84.7288,25.0748],[84.7233,25.0761],[84.7233,25.0785],[84.7097,25.0793],[84.7134,25.085],[84.6977,25.0907],[84.6853,25.0997],[84.6822,25.1008],[84.6747,25.0929],[84.6527,25.104],[84.6416,25.0937],[84.6397,25.0891],[84.6273,25.0796],[84.6259,25.0839],[84.6189,25.087],[84.617,25.0908],[84.6117,25.0913],[84.6102,25.0878],[84.6099,25.0905],[84.6026,25.0902],[84.6027,25.0881],[84.6002,25.0877],[84.5989,25.0788],[84.5892,25.0777],[84.5889,25.0742],[84.5813,25.0728],[84.5827,25.0827],[84.5903,25.0835],[84.5941,25.1023],[84.568,25.1052],[84.5705,25.1151],[84.5647,25.1169],[84.5639,25.1146],[84.5559,25.115],[84.5534,25.1107],[84.547,25.1109],[84.5391,25.1044],[84.5076,25.1078],[84.5071,25.1038],[84.5014,25.105],[84.4917,25.0964],[84.4881,25.0991],[84.4817,25.0984],[84.4716,25.0903]]]},"properties":{"dtname":"Aurangabad","stname":"BIHAR","stcode11":"10","dtcode11":"235","year_stat":"2011_c","Shape_Length":415670.82414695335,"Shape_Area":4025153509.5516105,"OBJECTID":698,"test":1,"Dist_LGD":189,"State_LGD":10}}]}