{"type":"FeatureCollection","crs":{"type":"name","properties":{"name":"EPSG:4326"}},"features":[{"type":"Feature","id":201,"geometry":{"type":"Polygon","coordinates":[[[76.6447,28.8397],[76.6338,28.8329],[76.6316,28.8283],[76.6327,28.8209],[76.6453,28.8085],[76.6452,28.8042],[76.6399,28.8039],[76.6328,28.7935],[76.6267,28.7893],[76.6042,28.7922],[76.6039,28.7887],[76.5954,28.7814],[76.5944,28.7536],[76.5877,28.7432],[76.5775,28.734],[76.5644,28.7404],[76.5302,28.7512],[76.5231,28.7375],[76.503,28.743],[76.4932,28.7368],[76.4907,28.7391],[76.4709,28.7412],[76.4453,28.7361],[76.4402,28.7289],[76.4311,28.7272],[76.4252,28.7224],[76.4153,28.7235],[76.4145,28.7189],[76.4199,28.7025],[76.4223,28.7008],[76.4389,28.6953],[76.4566,28.6935],[76.4822,28.6833],[76.4836,28.6791],[76.4722,28.6662],[76.4662,28.6527],[76.4609,28.6543],[76.4515,28.6446],[76.438,28.6412],[76.4399,28.6379],[76.4471,28.6352],[76.4655,28.6139],[76.454,28.6043],[76.4515,28.6054],[76.4482,28.5984],[76.4357,28.6022],[76.4328,28.5995],[76.4285,28.5913],[76.4265,28.5707],[76.4212,28.5512],[76.4125,28.5511],[76.4099,28.549],[76.404,28.5517],[76.4017,28.5776],[76.404,28.5861],[76.4014,28.5954],[76.3936,28.5989],[76.3731,28.5998],[76.3601,28.6071],[76.3585,28.6168],[76.357,28.6167],[76.3458,28.6021],[76.3427,28.5801],[76.3342,28.5824],[76.3348,28.573],[76.34,28.569],[76.3422,28.5609],[76.3391,28.5435],[76.3357,28.538],[76.3322,28.5101],[76.3271,28.4959],[76.32,28.4922],[76.3104,28.4986],[76.2912,28.4985],[76.2827,28.4781],[76.2853,28.4739],[76.2928,28.4689],[76.3145,28.4699],[76.3142,28.4656],[76.3181,28.4618],[76.3204,28.4675],[76.3253,28.4672],[76.3362,28.4652],[76.3432,28.4598],[76.3645,28.4551],[76.3668,28.4561],[76.3702,28.4708],[76.3958,28.4685],[76.3987,28.4729],[76.4406,28.4561],[76.4369,28.4523],[76.4359,28.4402],[76.4453,28.4378],[76.4397,28.4244],[76.4541,28.4181],[76.4588,28.4258],[76.4848,28.4276],[76.49,28.4326],[76.4979,28.4291],[76.5005,28.4309],[76.5064,28.4288],[76.5135,28.4365],[76.5622,28.4291],[76.5524,28.4076],[76.5606,28.4047],[76.5704,28.4146],[76.5837,28.437],[76.598,28.4342],[76.6111,28.4277],[76.6141,28.4299],[76.6327,28.4217],[76.6363,28.4164],[76.6339,28.4146],[76.6419,28.4107],[76.6423,28.4061],[76.65,28.4036],[76.6603,28.3923],[76.6634,28.3874],[76.6628,28.3827],[76.6659,28.38],[76.6809,28.3761],[76.6901,28.3711],[76.6972,28.3658],[76.6954,28.3614],[76.6969,28.3598],[76.7194,28.3551],[76.7256,28.3565],[76.7289,28.3601],[76.7289,28.3649],[76.7352,28.3752],[76.7273,28.3893],[76.7146,28.3937],[76.7078,28.4002],[76.7084,28.4154],[76.7176,28.4367],[76.7109,28.446],[76.7116,28.4561],[76.7062,28.4582],[76.7088,28.4705],[76.7054,28.4794],[76.7043,28.4927],[76.7179,28.492],[76.7353,28.4795],[76.7346,28.4711],[76.7494,28.4619],[76.7593,28.4597],[76.7697,28.4781],[76.7928,28.4648],[76.7965,28.4705],[76.8014,28.4735],[76.8016,28.4715],[76.8051,28.4757],[76.8107,28.475],[76.814,28.4799],[76.8135,28.4857],[76.8245,28.499],[76.8242,28.5047],[76.8468,28.4997],[76.8499,28.502],[76.8751,28.4987],[76.8871,28.5206],[76.877,28.5244],[76.8732,28.5326],[76.8675,28.5352],[76.8647,28.5433],[76.8454,28.5503],[76.8389,28.573],[76.8396,28.5825],[76.8643,28.5858],[76.8883,28.6319],[76.8932,28.6317],[76.9063,28.6238],[76.9142,28.6323],[76.9201,28.6315],[76.9345,28.6183],[76.9437,28.6282],[76.9452,28.633],[76.9381,28.6363],[76.925,28.6499],[76.935,28.6675],[76.9488,28.6698],[76.9534,28.6673],[76.958,28.6846],[76.9678,28.6996],[76.9482,28.7128],[76.96,28.7327],[76.9559,28.7382],[76.9586,28.743],[76.9446,28.7541],[76.9559,28.7674],[76.9498,28.7771],[76.9537,28.7912],[76.9457,28.7982],[76.9231,28.8011],[76.9121,28.7935],[76.8981,28.7974],[76.8965,28.7952],[76.8899,28.7992],[76.887,28.8127],[76.884,28.8166],[76.8696,28.8238],[76.8632,28.8158],[76.8547,28.8136],[76.85,28.8076],[76.8341,28.8104],[76.8204,28.7913],[76.819,28.7837],[76.7794,28.7431],[76.7644,28.7511],[76.7672,28.7556],[76.7675,28.7626],[76.757,28.7694],[76.748,28.7656],[76.7405,28.7568],[76.722,28.7603],[76.7155,28.7588],[76.7154,28.753],[76.7085,28.736],[76.6992,28.7357],[76.6869,28.7435],[76.6929,28.7636],[76.7062,28.7661],[76.7083,28.7687],[76.7102,28.7783],[76.7089,28.7872],[76.6933,28.789],[76.6706,28.7961],[76.6696,28.8132],[76.6556,28.8183],[76.6544,28.8266],[76.6447,28.8397]]]},"properties":{"dtname":"Jhajjar","stname":"HARYANA","stcode11":"06","dtcode11":"083","year_stat":"2011_c","Shape_Length":363855.0857300697,"Shape_Area":2372167627.3262587,"OBJECTID":201,"test":0,"Dist_LGD":64,"State_LGD":6}},{"type":"Feature","id":215,"geometry":{"type":"Polygon","coordinates":[[[77.0073,28.5412],[77.0005,28.5321],[77.0165,28.5224],[77.0103,28.5147],[76.9966,28.5197],[76.9904,28.5135],[76.9781,28.5213],[76.956,28.5062],[76.9488,28.504],[76.9417,28.5046],[76.9335,28.5097],[76.9275,28.5104],[76.9206,28.507],[76.908,28.5137],[76.9023,28.5089],[76.8975,28.5083],[76.8914,28.5008],[76.8839,28.5007],[76.8796,28.5047],[76.8737,28.498],[76.8613,28.5015],[76.8499,28.502],[76.8468,28.4997],[76.8242,28.5047],[76.8245,28.499],[76.8135,28.4857],[76.814,28.4799],[76.8107,28.475],[76.8051,28.4757],[76.8016,28.4715],[76.8014,28.4735],[76.7965,28.4705],[76.7928,28.4648],[76.7697,28.4781],[76.7593,28.4597],[76.7501,28.4615],[76.7346,28.4711],[76.7353,28.4795],[76.726,28.4867],[76.7179,28.492],[76.7043,28.4927],[76.7054,28.4794],[76.7088,28.4705],[76.7062,28.4582],[76.7116,28.4561],[76.7109,28.446],[76.7176,28.4367],[76.7084,28.4154],[76.7078,28.4002],[76.7146,28.3937],[76.7273,28.3893],[76.7352,28.3752],[76.7289,28.3649],[76.7289,28.3601],[76.7256,28.3565],[76.7194,28.3551],[76.6969,28.3598],[76.6954,28.3614],[76.6972,28.3658],[76.6809,28.3761],[76.6689,28.3791],[76.6631,28.3705],[76.6646,28.3688],[76.6577,28.3537],[76.6623,28.348],[76.6604,28.341],[76.6641,28.3398],[76.6561,28.3283],[76.6508,28.3074],[76.6664,28.3031],[76.6729,28.3171],[76.6855,28.3138],[76.6806,28.2946],[76.6829,28.2934],[76.6787,28.2886],[76.6732,28.2701],[76.6779,28.2686],[76.678,28.264],[76.6835,28.2614],[76.6881,28.2659],[76.6991,28.2587],[76.711,28.2648],[76.7367,28.2528],[76.7535,28.2485],[76.7693,28.24],[76.7704,28.2316],[76.7805,28.2239],[76.7975,28.2501],[76.7965,28.2562],[76.802,28.2536],[76.8049,28.2566],[76.811,28.2543],[76.8116,28.252],[76.8076,28.2469],[76.8119,28.2441],[76.8102,28.2422],[76.8122,28.2408],[76.8158,28.245],[76.8233,28.2454],[76.8431,28.2386],[76.847,28.2399],[76.8575,28.2346],[76.8605,28.2419],[76.8671,28.249],[76.8685,28.2549],[76.8706,28.2545],[76.8761,28.2628],[76.8948,28.2522],[76.8993,28.2531],[76.9077,28.2632],[76.9131,28.2626],[76.9179,28.2772],[76.9047,28.2907],[76.9068,28.2948],[76.9042,28.2997],[76.9055,28.3013],[76.9103,28.2983],[76.9118,28.3006],[76.9162,28.2991],[76.933,28.3246],[76.936,28.3178],[76.9404,28.3158],[76.9496,28.3171],[76.9522,28.3131],[76.9551,28.3219],[76.9588,28.3223],[76.9604,28.3265],[76.9712,28.3255],[76.9785,28.3346],[76.9795,28.329],[76.9843,28.3311],[76.9869,28.3296],[76.9872,28.3257],[76.9939,28.3272],[76.9996,28.3255],[77.0035,28.3111],[77.0106,28.3057],[77.0131,28.2884],[77.02,28.2765],[77.0211,28.2483],[77.0561,28.244],[77.0582,28.2404],[77.0574,28.229],[77.0545,28.223],[77.0617,28.2168],[77.0653,28.2177],[77.0717,28.2144],[77.0762,28.2248],[77.0813,28.2299],[77.0865,28.2248],[77.0928,28.2227],[77.0942,28.2194],[77.0994,28.2267],[77.1027,28.2275],[77.1064,28.2253],[77.1057,28.2235],[77.1203,28.218],[77.1341,28.2264],[77.1393,28.2248],[77.1489,28.2167],[77.1527,28.2172],[77.1619,28.2129],[77.1716,28.1991],[77.1824,28.2099],[77.1861,28.2087],[77.1884,28.2108],[77.1935,28.2086],[77.203,28.2123],[77.202,28.2161],[77.2041,28.2189],[77.1976,28.2225],[77.2015,28.229],[77.1912,28.2348],[77.1966,28.243],[77.1954,28.245],[77.2049,28.2511],[77.2092,28.2492],[77.2139,28.2617],[77.2241,28.2662],[77.2211,28.2703],[77.2257,28.2836],[77.2237,28.2876],[77.2081,28.2989],[77.2008,28.2894],[77.1815,28.3034],[77.1662,28.3083],[77.1665,28.311],[77.162,28.3128],[77.1624,28.3151],[77.1562,28.3177],[77.1511,28.3402],[77.1516,28.3628],[77.1492,28.3639],[77.1535,28.3795],[77.1508,28.3801],[77.1532,28.389],[77.161,28.3942],[77.1699,28.3946],[77.1745,28.4047],[77.1648,28.415],[77.1659,28.4257],[77.1484,28.4373],[77.1323,28.4391],[77.1238,28.4454],[77.1218,28.4585],[77.1109,28.4713],[77.113,28.4713],[77.1207,28.4963],[77.0981,28.5048],[77.096,28.5072],[77.0986,28.5115],[77.0806,28.518],[77.0722,28.5202],[77.0673,28.5121],[77.0466,28.5166],[77.0484,28.5209],[77.0435,28.5248],[77.0319,28.5313],[77.024,28.5329],[77.0136,28.5405],[77.0073,28.5412]]]},"properties":{"dtname":"Gurugram","stname":"HARYANA","stcode11":"06","dtcode11":"086","year_stat":"2011_c","Shape_Length":280990.96760570747,"Shape_Area":1619861257.6615613,"OBJECTID":215,"test":0,"Dist_LGD":62,"State_LGD":6}},{"type":"Feature","id":216,"geometry":{"type":"Polygon","coordinates":[[[77.3454,28.5132],[77.3361,28.5052],[77.3268,28.4901],[77.3141,28.4836],[77.3065,28.4894],[77.3008,28.4899],[77.3006,28.4942],[77.2903,28.4966],[77.2765,28.4933],[77.2694,28.4867],[77.2433,28.4788],[77.2356,28.4711],[77.2329,28.4579],[77.2344,28.4547],[77.2425,28.4562],[77.2466,28.4527],[77.2492,28.4452],[77.2488,28.4329],[77.2526,28.4329],[77.2492,28.4241],[77.2166,28.4097],[77.216,28.4115],[77.1905,28.4072],[77.1844,28.4104],[77.1745,28.4047],[77.1699,28.3946],[77.1615,28.3944],[77.1537,28.3898],[77.1508,28.3801],[77.1535,28.3795],[77.1492,28.3639],[77.1516,28.3628],[77.1511,28.3402],[77.1562,28.3177],[77.1624,28.3151],[77.162,28.3128],[77.1665,28.311],[77.1662,28.3083],[77.1815,28.3034],[77.2008,28.2894],[77.2081,28.2989],[77.2211,28.2897],[77.2257,28.2836],[77.2211,28.2703],[77.2241,28.2662],[77.2369,28.2701],[77.2556,28.2582],[77.2579,28.2724],[77.2732,28.2667],[77.2797,28.2697],[77.2861,28.2651],[77.301,28.2624],[77.3085,28.2552],[77.313,28.2594],[77.322,28.2603],[77.3317,28.2501],[77.3414,28.2451],[77.3449,28.2351],[77.3553,28.236],[77.3649,28.2325],[77.3679,28.237],[77.3729,28.2358],[77.3752,28.2265],[77.3798,28.2214],[77.4055,28.2112],[77.4083,28.2143],[77.4141,28.207],[77.4118,28.203],[77.4158,28.2004],[77.4198,28.2053],[77.4249,28.2059],[77.4342,28.2139],[77.4424,28.2098],[77.4421,28.2075],[77.4561,28.2052],[77.4599,28.2104],[77.4664,28.2086],[77.471,28.2156],[77.4785,28.2143],[77.479,28.21],[77.4768,28.2079],[77.5088,28.2089],[77.5181,28.2041],[77.522,28.1966],[77.5268,28.1966],[77.5339,28.2027],[77.5352,28.2103],[77.5329,28.2145],[77.5214,28.2202],[77.5213,28.2245],[77.5258,28.229],[77.5468,28.238],[77.5504,28.2424],[77.5446,28.2489],[77.5374,28.2483],[77.5324,28.245],[77.5247,28.2458],[77.5223,28.2423],[77.5188,28.2425],[77.5133,28.2472],[77.5083,28.2468],[77.5095,28.2495],[77.5012,28.2521],[77.4989,28.247],[77.4927,28.252],[77.4908,28.2713],[77.5034,28.2801],[77.4985,28.2856],[77.5029,28.2891],[77.5071,28.3057],[77.4857,28.3216],[77.4849,28.3257],[77.4717,28.3281],[77.4732,28.3326],[77.4712,28.3348],[77.4901,28.3435],[77.4963,28.3492],[77.5052,28.3627],[77.5001,28.3657],[77.5048,28.37],[77.5028,28.3699],[77.4912,28.3852],[77.4828,28.3878],[77.4734,28.397],[77.4757,28.3996],[77.4807,28.3993],[77.4838,28.4091],[77.4776,28.4191],[77.4635,28.4152],[77.4611,28.4177],[77.4625,28.4244],[77.4516,28.4248],[77.4522,28.4269],[77.4413,28.4287],[77.4421,28.4309],[77.4355,28.431],[77.4392,28.4351],[77.436,28.4377],[77.4383,28.4387],[77.4334,28.4549],[77.419,28.4523],[77.4001,28.4557],[77.4081,28.4672],[77.4058,28.4658],[77.3919,28.4721],[77.3873,28.468],[77.3805,28.4703],[77.3701,28.4857],[77.3717,28.4985],[77.3678,28.5003],[77.3627,28.4988],[77.3581,28.5019],[77.3556,28.4992],[77.3525,28.4996],[77.3477,28.5042],[77.3454,28.5132]]]},"properties":{"dtname":"Faridabad","stname":"HARYANA","stcode11":"06","dtcode11":"088","year_stat":"2011_c","Shape_Length":186888.07108036114,"Shape_Area":992041646.2580099,"OBJECTID":216,"test":0,"Dist_LGD":60,"State_LGD":6}},{"type":"Feature","id":218,"geometry":{"type":"Polygon","coordinates":[[[76.2198,28.4679],[76.218,28.4685],[76.2157,28.4636],[76.2117,28.4432],[76.1889,28.4433],[76.1833,28.4296],[76.1655,28.4316],[76.1641,28.4459],[76.1626,28.4496],[76.1586,28.4509],[76.1615,28.4574],[76.1596,28.458],[76.1595,28.4623],[76.1528,28.4634],[76.1488,28.4516],[76.1304,28.4542],[76.1177,28.4534],[76.1107,28.4503],[76.1077,28.4476],[76.1054,28.4389],[76.0932,28.4282],[76.0903,28.4229],[76.0902,28.413],[76.0872,28.4095],[76.0886,28.4061],[76.0816,28.3972],[76.0821,28.3927],[76.059,28.3899],[76.0536,28.3919],[76.042,28.3916],[76.0273,28.3861],[76.0176,28.3859],[76.0181,28.3939],[76.0145,28.3952],[76.0184,28.4089],[76.01,28.4087],[76.0136,28.434],[75.9893,28.4407],[75.9833,28.445],[75.9691,28.4427],[75.9534,28.4359],[75.9278,28.4358],[75.9035,28.4318],[75.9037,28.4273],[75.8973,28.4244],[75.9005,28.4227],[75.8977,28.4157],[75.9036,28.4108],[75.9019,28.4079],[75.8989,28.4084],[75.9006,28.3993],[75.8963,28.3981],[75.8952,28.3876],[75.8993,28.3839],[75.9006,28.3718],[75.9182,28.372],[75.9167,28.3674],[75.9224,28.3664],[75.9295,28.3591],[75.9285,28.3431],[75.932,28.3429],[75.933,28.3366],[75.955,28.3338],[75.9523,28.3292],[75.9568,28.3267],[75.958,28.3137],[75.9725,28.3186],[75.9781,28.3093],[75.978,28.3019],[75.9862,28.2931],[76.0263,28.275],[76.013,28.246],[76.0166,28.2412],[76.0161,28.237],[76.0278,28.2326],[76.0372,28.2257],[76.0378,28.2227],[76.056,28.2203],[76.0524,28.204],[76.0475,28.2028],[76.0474,28.1981],[76.0719,28.1943],[76.0721,28.1902],[76.0744,28.1901],[76.074,28.1736],[76.0763,28.1733],[76.0762,28.1685],[76.0959,28.1487],[76.0929,28.14],[76.0879,28.14],[76.0844,28.1369],[76.073,28.1376],[76.0654,28.1415],[76.0706,28.1651],[76.0602,28.1669],[76.0422,28.1655],[76.0318,28.1679],[76.03,28.1641],[76.0261,28.1646],[76.0168,28.1501],[76.0075,28.1531],[76.0006,28.1332],[76.0044,28.132],[75.999,28.1228],[75.9767,28.1247],[75.9674,28.1138],[75.9617,28.1148],[75.9456,28.1072],[75.9386,28.0879],[75.9646,28.0805],[75.9723,28.0833],[75.9834,28.0813],[75.9829,28.0766],[75.9887,28.069],[75.9883,28.0663],[75.9827,28.0574],[75.9793,28.0579],[75.9749,28.051],[75.9844,28.0471],[75.9929,28.0463],[75.9988,28.0571],[76.0077,28.0589],[76.0099,28.0676],[76.0232,28.086],[76.0387,28.0782],[76.0373,28.076],[76.0408,28.074],[76.0254,28.0542],[76.0083,28.0584],[76.0078,28.0557],[76.0171,28.0527],[76.0187,28.042],[76.0164,28.0305],[75.9977,28.033],[75.9954,28.0386],[75.9935,28.0352],[75.9769,28.0314],[75.9711,28.0161],[75.9952,28.0088],[75.9955,28.0069],[75.9899,27.9947],[75.9776,28.0002],[75.9667,28.0],[75.965,27.9963],[75.9658,27.9836],[75.9688,27.9809],[75.9859,27.9786],[75.9899,27.9823],[75.9998,27.977],[75.982,27.9653],[75.9779,27.9544],[75.983,27.951],[75.9727,27.9327],[75.9682,27.9319],[75.966,27.935],[75.9579,27.9359],[75.9522,27.9474],[75.9475,27.9462],[75.9369,27.9385],[75.9324,27.9301],[75.9397,27.9228],[75.9345,27.9182],[75.9424,27.9132],[75.9491,27.915],[75.9681,27.9144],[75.9875,27.9042],[75.9753,27.8937],[75.9844,27.8826],[75.9776,27.8738],[75.9794,27.8654],[75.9725,27.8606],[75.9714,27.8525],[75.987,27.8417],[76.0046,27.8344],[76.0095,27.8415],[76.0273,27.8385],[76.0302,27.84],[76.0362,27.8374],[76.0409,27.8413],[76.0481,27.835],[76.0606,27.8483],[76.0749,27.8438],[76.0793,27.8457],[76.0857,27.8447],[76.0862,27.8559],[76.0889,27.8605],[76.1059,27.8561],[76.1144,27.8509],[76.1233,27.851],[76.1278,27.8437],[76.1354,27.8393],[76.1323,27.8245],[76.1537,27.8197],[76.1531,27.8154],[76.1638,27.8119],[76.172,27.8054],[76.1721,27.7996],[76.1787,27.7974],[76.1819,27.7979],[76.1923,27.8092],[76.1996,27.8216],[76.2093,27.8163],[76.2173,27.8168],[76.2254,27.8335],[76.2089,27.84],[76.2122,27.8464],[76.1938,27.8595],[76.1944,27.8774],[76.2003,27.8782],[76.2013,27.8928],[76.1682,27.9034],[76.1686,27.9153],[76.1739,27.9298],[76.177,27.9297],[76.1824,27.9519],[76.1799,27.9529],[76.1807,27.9571],[76.1866,27.9655],[76.1635,27.9734],[76.1669,27.983],[76.1575,27.9874],[76.1601,27.9976],[76.1695,28.0074],[76.1769,28.0215],[76.1968,28.0155],[76.2033,28.028],[76.2147,28.0266],[76.2166,28.0355],[76.2037,28.0377],[76.2018,28.0293],[76.196,28.0304],[76.1779,28.0456],[76.1798,28.0543],[76.1888,28.0532],[76.1895,28.0565],[76.1992,28.0557],[76.2011,28.0584],[76.2096,28.0559],[76.2086,28.0523],[76.2193,28.0492],[76.2281,28.0484],[76.2307,28.0511],[76.238,28.0497],[76.2429,28.0644],[76.261,28.0675],[76.2838,28.057],[76.2842,28.0515],[76.2936,28.0492],[76.2922,28.0259],[76.3189,28.0155],[76.323,28.0215],[76.3287,28.0188],[76.3423,28.0306],[76.3565,28.0675],[76.3556,28.0707],[76.3434,28.0702],[76.333,28.0768],[76.3342,28.0799],[76.3286,28.0878],[76.3232,28.0905],[76.3188,28.0888],[76.3014,28.0977],[76.3093,28.1082],[76.3366,28.1026],[76.3599,28.1249],[76.3331,28.1336],[76.3299,28.1428],[76.321,28.1486],[76.3152,28.1504],[76.3111,28.1455],[76.2976,28.1491],[76.2979,28.1521],[76.3034,28.1548],[76.3046,28.1593],[76.2807,28.1658],[76.2824,28.1713],[76.2896,28.1703],[76.2923,28.1792],[76.3052,28.1759],[76.3074,28.1791],[76.3116,28.1781],[76.3122,28.1853],[76.3091,28.1871],[76.3099,28.1909],[76.3037,28.1933],[76.3052,28.2035],[76.314,28.2031],[76.3207,28.2063],[76.3271,28.2238],[76.3407,28.2227],[76.3417,28.2243],[76.3485,28.2489],[76.3464,28.2542],[76.3503,28.2606],[76.3471,28.2654],[76.3422,28.2669],[76.343,28.273],[76.3462,28.2729],[76.3525,28.2857],[76.3493,28.2957],[76.3472,28.2963],[76.3465,28.3065],[76.3505,28.3112],[76.3556,28.3102],[76.358,28.3208],[76.3675,28.3227],[76.3678,28.3354],[76.3567,28.3435],[76.3573,28.3562],[76.3549,28.3656],[76.3509,28.367],[76.3343,28.3627],[76.3286,28.3642],[76.3278,28.3718],[76.3048,28.3765],[76.2975,28.3828],[76.297,28.3918],[76.3016,28.4005],[76.28,28.4056],[76.2879,28.4294],[76.266,28.4353],[76.2657,28.4374],[76.2552,28.438],[76.2541,28.4359],[76.2473,28.4378],[76.2439,28.4417],[76.2444,28.459],[76.2312,28.4663],[76.2198,28.4679]]]},"properties":{"dtname":"Mahendragarh","stname":"HARYANA","stcode11":"06","dtcode11":"084","year_stat":"2011_c","Shape_Length":456929.2094720995,"Shape_Area":2496980940.975773,"OBJECTID":218,"test":0,"Dist_LGD":69,"State_LGD":6}},{"type":"Feature","id":219,"geometry":{"type":"Polygon","coordinates":[[[76.3145,28.4699],[76.2928,28.4689],[76.2886,28.4471],[76.2905,28.4399],[76.2848,28.4316],[76.2878,28.4284],[76.28,28.4056],[76.3016,28.4005],[76.297,28.3918],[76.2975,28.3828],[76.3048,28.3765],[76.3278,28.3718],[76.3286,28.3642],[76.3343,28.3627],[76.3509,28.367],[76.3549,28.3656],[76.3573,28.3562],[76.3567,28.3435],[76.3678,28.3354],[76.3676,28.3234],[76.3578,28.3206],[76.3556,28.3102],[76.3505,28.3112],[76.3488,28.308],[76.347,28.3087],[76.3472,28.2963],[76.3493,28.2957],[76.3525,28.2857],[76.3462,28.2729],[76.343,28.273],[76.3422,28.2669],[76.3471,28.2654],[76.3503,28.2606],[76.3464,28.2542],[76.3485,28.2489],[76.3417,28.2243],[76.3407,28.2227],[76.3271,28.2238],[76.3207,28.2063],[76.314,28.2031],[76.3052,28.2035],[76.3037,28.1933],[76.3099,28.1909],[76.3091,28.1871],[76.3122,28.1853],[76.3116,28.1781],[76.3322,28.1701],[76.3334,28.1724],[76.3441,28.17],[76.3578,28.1611],[76.3542,28.155],[76.3582,28.1549],[76.3566,28.1437],[76.3663,28.1368],[76.3814,28.1333],[76.3836,28.1368],[76.3896,28.1345],[76.3946,28.1373],[76.3997,28.1451],[76.4316,28.1411],[76.4363,28.1488],[76.4588,28.1476],[76.4651,28.1517],[76.4757,28.1486],[76.4756,28.1435],[76.4713,28.1385],[76.472,28.1351],[76.4812,28.1287],[76.4823,28.1309],[76.4919,28.1299],[76.4871,28.1199],[76.5018,28.1189],[76.4993,28.0997],[76.4789,28.1006],[76.4761,28.1081],[76.4637,28.109],[76.4578,28.1062],[76.452,28.0912],[76.4478,28.089],[76.4672,28.079],[76.4718,28.0802],[76.4789,28.0777],[76.5015,28.0601],[76.4968,28.0538],[76.4894,28.0528],[76.4751,28.0545],[76.475,28.0573],[76.4722,28.0583],[76.4615,28.0587],[76.4547,28.0423],[76.4801,28.0407],[76.4974,28.0433],[76.5026,28.0314],[76.5105,28.0319],[76.5101,28.0297],[76.5193,28.0323],[76.5293,28.0404],[76.5438,28.0342],[76.5393,28.0232],[76.5454,28.0073],[76.5369,28.0004],[76.5427,27.9995],[76.5411,27.9848],[76.5359,27.9795],[76.5381,27.9677],[76.5447,27.9637],[76.5605,27.9659],[76.5634,27.9782],[76.5793,27.979],[76.5826,27.9918],[76.5869,27.9934],[76.5888,27.998],[76.6007,27.9996],[76.6051,28.004],[76.6407,28.0023],[76.6577,28.0074],[76.6681,28.0138],[76.663,28.0299],[76.6544,28.0347],[76.6586,28.0469],[76.6519,28.0563],[76.6516,28.0616],[76.6572,28.0893],[76.6634,28.0912],[76.6873,28.0877],[76.688,28.0903],[76.685,28.0916],[76.6982,28.112],[76.703,28.1076],[76.712,28.1255],[76.7157,28.1278],[76.7435,28.121],[76.7531,28.1351],[76.7624,28.1427],[76.7764,28.1441],[76.7821,28.1471],[76.7838,28.1509],[76.7948,28.1484],[76.8006,28.1624],[76.795,28.1694],[76.7957,28.1804],[76.7925,28.1842],[76.7975,28.1918],[76.8003,28.1925],[76.8012,28.1878],[76.8062,28.1866],[76.8122,28.1909],[76.813,28.1933],[76.8048,28.1973],[76.8048,28.2046],[76.8084,28.2109],[76.8128,28.209],[76.8312,28.2092],[76.8382,28.22],[76.8529,28.2207],[76.8588,28.2289],[76.8575,28.2346],[76.847,28.2399],[76.8431,28.2386],[76.8233,28.2454],[76.8158,28.245],[76.8122,28.2408],[76.8102,28.2422],[76.8119,28.2441],[76.8076,28.2469],[76.8116,28.252],[76.811,28.2543],[76.8049,28.2566],[76.802,28.2536],[76.7965,28.2562],[76.7975,28.2501],[76.7805,28.2239],[76.7704,28.2316],[76.7693,28.24],[76.7535,28.2485],[76.7367,28.2528],[76.711,28.2648],[76.6991,28.2587],[76.6881,28.2659],[76.6835,28.2614],[76.678,28.264],[76.6779,28.2686],[76.6732,28.2701],[76.6787,28.2886],[76.6829,28.2934],[76.6806,28.2946],[76.6855,28.3138],[76.6729,28.3171],[76.6664,28.3031],[76.6508,28.3074],[76.6561,28.3283],[76.6641,28.3398],[76.6604,28.341],[76.6623,28.348],[76.6577,28.3537],[76.6646,28.3688],[76.6631,28.3705],[76.669,28.3793],[76.6628,28.3827],[76.6634,28.3874],[76.65,28.4036],[76.6423,28.4061],[76.6419,28.4107],[76.6339,28.4146],[76.6363,28.4164],[76.6328,28.4215],[76.6256,28.4261],[76.6141,28.4299],[76.6111,28.4277],[76.598,28.4342],[76.5837,28.437],[76.5704,28.4146],[76.5606,28.4047],[76.5524,28.4076],[76.5622,28.4291],[76.5135,28.4365],[76.5064,28.4288],[76.5005,28.4309],[76.4979,28.4291],[76.49,28.4326],[76.4848,28.4276],[76.4588,28.4258],[76.4541,28.4181],[76.4397,28.4244],[76.4453,28.4378],[76.4359,28.4402],[76.4369,28.4523],[76.4406,28.4561],[76.4017,28.4719],[76.3981,28.473],[76.3958,28.4685],[76.3702,28.4708],[76.3668,28.4561],[76.3645,28.4551],[76.3432,28.4598],[76.3362,28.4652],[76.3253,28.4672],[76.3204,28.4675],[76.3181,28.4618],[76.3142,28.4656],[76.3145,28.4699]]]},"properties":{"dtname":"Rewari","stname":"HARYANA","stcode11":"06","dtcode11":"085","year_stat":"2011_c","Shape_Length":326076.67963053554,"Shape_Area":2019357117.9274738,"OBJECTID":219,"test":0,"Dist_LGD":72,"State_LGD":6}},{"type":"Feature","id":224,"geometry":{"type":"Polygon","coordinates":[[[76.9786,28.3344],[76.9712,28.3255],[76.9604,28.3265],[76.9588,28.3223],[76.9551,28.3219],[76.9522,28.3131],[76.9496,28.3171],[76.9404,28.3158],[76.936,28.3178],[76.933,28.3246],[76.9162,28.2991],[76.9118,28.3006],[76.9103,28.2983],[76.9055,28.3013],[76.9042,28.2997],[76.9068,28.2946],[76.9047,28.2907],[76.9179,28.2772],[76.9142,28.2643],[76.9077,28.2632],[76.8981,28.2523],[76.8936,28.2524],[76.8761,28.2628],[76.8605,28.2419],[76.8575,28.2346],[76.8588,28.2289],[76.8529,28.2207],[76.8749,28.2178],[76.871,28.2066],[76.8727,28.2058],[76.8784,28.2071],[76.9068,28.2003],[76.9062,28.1973],[76.902,28.199],[76.8986,28.1934],[76.8922,28.1933],[76.8925,28.1836],[76.9024,28.1811],[76.9015,28.1787],[76.9065,28.1719],[76.9197,28.1669],[76.932,28.1531],[76.9509,28.1499],[76.9481,28.1422],[76.9579,28.1422],[76.9705,28.1384],[76.9619,28.1113],[76.9579,28.0775],[76.9546,28.0731],[76.9538,28.0626],[76.9484,28.058],[76.9396,28.043],[76.9364,28.0127],[76.9308,27.9936],[76.9335,27.982],[76.9379,27.983],[76.9338,27.9726],[76.9307,27.9533],[76.9315,27.9226],[76.9516,27.9183],[76.9496,27.9096],[76.9506,27.8959],[76.9376,27.8965],[76.9373,27.8793],[76.943,27.8539],[76.9423,27.8429],[76.9357,27.8291],[76.915,27.8348],[76.9136,27.832],[76.91,27.8152],[76.914,27.8084],[76.9186,27.8077],[76.919,27.8044],[76.9136,27.8013],[76.9115,27.7964],[76.9133,27.7889],[76.9061,27.7881],[76.9076,27.7826],[76.9023,27.7756],[76.9036,27.7696],[76.9008,27.7649],[76.9014,27.744],[76.8996,27.7367],[76.8967,27.7381],[76.8923,27.7323],[76.8942,27.7179],[76.9111,27.7149],[76.9188,27.7098],[76.9206,27.7034],[76.9244,27.6999],[76.9203,27.6957],[76.9161,27.6981],[76.9083,27.6937],[76.8944,27.7013],[76.8896,27.7008],[76.89,27.6957],[76.9059,27.6863],[76.8983,27.6775],[76.9106,27.668],[76.9064,27.6617],[76.9118,27.658],[76.9105,27.6547],[76.9155,27.6526],[76.9257,27.6613],[76.9319,27.6588],[76.9328,27.6562],[76.9421,27.6738],[76.9653,27.6587],[76.9791,27.6536],[76.9822,27.6792],[76.9883,27.6929],[76.9869,27.6952],[76.9905,27.7112],[77.0001,27.737],[77.0115,27.7318],[77.0198,27.7458],[77.0251,27.7439],[77.0261,27.7464],[77.0339,27.7452],[77.0365,27.7486],[77.0451,27.7433],[77.0461,27.7373],[77.0503,27.7351],[77.0487,27.7315],[77.0596,27.7265],[77.0654,27.7314],[77.0728,27.7312],[77.0772,27.7355],[77.0857,27.7381],[77.0782,27.7512],[77.0801,27.7575],[77.0762,27.7664],[77.0721,27.7645],[77.0696,27.7675],[77.0595,27.7609],[77.0558,27.7634],[77.0561,27.7712],[77.0358,27.7816],[77.0344,27.7781],[77.0266,27.7793],[77.0387,27.811],[77.0406,27.8134],[77.0444,27.813],[77.0458,27.8158],[77.0427,27.8191],[77.0448,27.8218],[77.0555,27.8188],[77.0639,27.8121],[77.0746,27.8144],[77.0817,27.8071],[77.0811,27.8047],[77.1085,27.7863],[77.1228,27.7935],[77.1345,27.7869],[77.1319,27.7785],[77.1352,27.7759],[77.1436,27.7864],[77.1575,27.7865],[77.1608,27.7934],[77.1615,27.8033],[77.1566,27.8104],[77.16,27.8175],[77.1672,27.8138],[77.1798,27.818],[77.1896,27.8098],[77.1854,27.8032],[77.1789,27.8052],[77.1736,27.7953],[77.1691,27.7918],[77.177,27.7863],[77.1833,27.7876],[77.1904,27.7952],[77.1986,27.7997],[77.1913,27.8099],[77.2034,27.8243],[77.2067,27.8146],[77.2133,27.8085],[77.2106,27.802],[77.2224,27.7967],[77.2266,27.7994],[77.2326,27.7974],[77.2384,27.7927],[77.2341,27.7866],[77.2417,27.7844],[77.2481,27.792],[77.2489,27.79],[77.2524,27.7907],[77.2613,27.8002],[77.2687,27.815],[77.2837,27.8011],[77.2901,27.8105],[77.2986,27.8152],[77.2965,27.8252],[77.3065,27.8275],[77.3108,27.8258],[77.3125,27.828],[77.3207,27.8254],[77.3353,27.8338],[77.332,27.8375],[77.3352,27.842],[77.3351,27.8469],[77.3225,27.8564],[77.325,27.8714],[77.312,27.8839],[77.2973,27.8903],[77.2925,27.8891],[77.2874,27.885],[77.2866,27.8757],[77.2829,27.8717],[77.2659,27.8789],[77.2562,27.8842],[77.2457,27.895],[77.2343,27.8962],[77.2349,27.9001],[77.2297,27.9033],[77.2263,27.9133],[77.2218,27.9188],[77.2217,27.9259],[77.2088,27.9328],[77.2062,27.9394],[77.1874,27.9515],[77.1798,27.9502],[77.1832,27.9422],[77.1816,27.9411],[77.1732,27.9444],[77.1758,27.9469],[77.1705,27.9512],[77.1674,27.9514],[77.166,27.9491],[77.1646,27.9522],[77.1583,27.9484],[77.1563,27.958],[77.1444,27.9638],[77.1443,27.9701],[77.1521,27.9808],[77.1481,27.9897],[77.1521,27.9955],[77.1449,28.0007],[77.135,28.0001],[77.1374,28.0059],[77.1456,28.0142],[77.1493,28.0234],[77.1493,28.027],[77.1455,28.0292],[77.1457,28.0368],[77.1402,28.037],[77.1418,28.0405],[77.139,28.0415],[77.148,28.0555],[77.1406,28.0627],[77.1392,28.0665],[77.141,28.0698],[77.1331,28.0724],[77.1349,28.0852],[77.1429,28.1],[77.129,28.1118],[77.1203,28.1147],[77.1263,28.1255],[77.1336,28.129],[77.144,28.1421],[77.1445,28.1474],[77.1538,28.1597],[77.1663,28.169],[77.1684,28.1726],[77.1648,28.1747],[77.1645,28.1793],[77.1723,28.1895],[77.1867,28.1838],[77.1925,28.1838],[77.1985,28.1964],[77.1891,28.2051],[77.1914,28.2088],[77.1884,28.2108],[77.1861,28.2087],[77.1824,28.2099],[77.1716,28.1991],[77.1619,28.2129],[77.1527,28.2172],[77.1489,28.2167],[77.1386,28.2252],[77.1309,28.2254],[77.1203,28.218],[77.1057,28.2235],[77.1064,28.2253],[77.1027,28.2275],[77.0994,28.2267],[77.0942,28.2194],[77.0928,28.2227],[77.0865,28.2248],[77.0813,28.2299],[77.0762,28.2248],[77.0717,28.2144],[77.0653,28.2177],[77.0617,28.2168],[77.0545,28.223],[77.0574,28.229],[77.0582,28.2404],[77.0561,28.244],[77.0211,28.2483],[77.02,28.2765],[77.0131,28.2884],[77.0106,28.3057],[77.0035,28.3111],[76.9996,28.3255],[76.9939,28.3272],[76.9872,28.3257],[76.9852,28.3307],[76.9795,28.329],[76.9786,28.3344]]]},"properties":{"dtname":"Nuh","stname":"HARYANA","stcode11":"06","dtcode11":"087","year_stat":"2011_c","Shape_Length":389434.88160630985,"Shape_Area":1937247578.1895213,"OBJECTID":224,"test":1,"Dist_LGD":604,"State_LGD":6}},{"type":"Feature","id":227,"geometry":{"type":"Polygon","coordinates":[[[77.2571,28.2724],[77.2556,28.2582],[77.2344,28.27],[77.2139,28.2617],[77.2092,28.2492],[77.2049,28.2511],[77.1954,28.245],[77.1966,28.243],[77.1912,28.2348],[77.2015,28.229],[77.1976,28.2225],[77.2041,28.2189],[77.202,28.2161],[77.203,28.2123],[77.1891,28.207],[77.1936,28.1996],[77.1985,28.1964],[77.1925,28.1838],[77.1867,28.1838],[77.1723,28.1895],[77.1645,28.1793],[77.1648,28.1747],[77.1684,28.1726],[77.1663,28.169],[77.1538,28.1597],[77.1445,28.1474],[77.144,28.1421],[77.1336,28.129],[77.1263,28.1255],[77.1208,28.116],[77.1212,28.1139],[77.129,28.1118],[77.1329,28.1067],[77.1377,28.1061],[77.1429,28.1],[77.1349,28.0852],[77.1331,28.0724],[77.141,28.0698],[77.1392,28.0665],[77.1406,28.0627],[77.148,28.0555],[77.139,28.0415],[77.1418,28.0405],[77.1402,28.037],[77.1457,28.0368],[77.1455,28.0292],[77.1493,28.027],[77.1493,28.0234],[77.1456,28.0142],[77.1374,28.0059],[77.135,28.0001],[77.1449,28.0007],[77.1521,27.9955],[77.1481,27.9897],[77.1521,27.9808],[77.1443,27.9701],[77.1444,27.9638],[77.1563,27.958],[77.1583,27.9484],[77.1646,27.9522],[77.166,27.9491],[77.1674,27.9514],[77.1705,27.9512],[77.1758,27.9469],[77.1732,27.9444],[77.1816,27.9411],[77.1832,27.9422],[77.1798,27.9502],[77.1874,27.9515],[77.2062,27.9394],[77.2088,27.9328],[77.2217,27.9259],[77.2218,27.9188],[77.2263,27.9133],[77.2297,27.9033],[77.2349,27.9001],[77.2343,27.8962],[77.2457,27.895],[77.2562,27.8842],[77.2659,27.8789],[77.2829,27.8717],[77.2866,27.8757],[77.2874,27.885],[77.2925,27.8891],[77.2973,27.8903],[77.312,27.8839],[77.325,27.8714],[77.3225,27.8564],[77.3351,27.8469],[77.3489,27.8557],[77.3609,27.8508],[77.377,27.8571],[77.377,27.8589],[77.4104,27.8518],[77.421,27.8541],[77.4223,27.8578],[77.4117,27.8664],[77.4128,27.8698],[77.4093,27.8742],[77.4104,27.8798],[77.4161,27.8838],[77.4188,27.8895],[77.4283,27.8909],[77.45,27.8712],[77.4576,27.8745],[77.4722,27.8836],[77.4778,27.8912],[77.4805,27.9151],[77.4771,27.9164],[77.4796,27.9217],[77.4757,27.9248],[77.4775,27.9283],[77.4753,27.9293],[77.4922,27.9385],[77.5018,27.9254],[77.5077,27.926],[77.5166,27.9333],[77.5262,27.9255],[77.5294,27.9255],[77.5366,27.9342],[77.545,27.9536],[77.5441,27.9624],[77.5189,27.9624],[77.5169,27.9712],[77.5194,27.9752],[77.5378,27.9792],[77.5418,27.9835],[77.5424,27.9893],[77.5281,27.9979],[77.5213,28.0142],[77.5084,28.0228],[77.5127,28.0319],[77.4884,28.0367],[77.4836,28.0405],[77.4853,28.0447],[77.4931,28.0469],[77.4986,28.0523],[77.5012,28.0585],[77.4998,28.0633],[77.4782,28.0804],[77.4743,28.0875],[77.4787,28.0916],[77.4826,28.1072],[77.4898,28.1056],[77.4922,28.0951],[77.4994,28.0946],[77.4984,28.1089],[77.5124,28.1249],[77.5091,28.1303],[77.4938,28.1329],[77.4913,28.1366],[77.5043,28.1456],[77.5047,28.1498],[77.5005,28.1548],[77.5021,28.1612],[77.5112,28.1669],[77.523,28.1612],[77.5399,28.167],[77.5486,28.176],[77.5479,28.1871],[77.5432,28.1913],[77.5306,28.1859],[77.5156,28.1929],[77.5066,28.1817],[77.5033,28.1808],[77.4985,28.1846],[77.4997,28.1948],[77.4971,28.2047],[77.5005,28.2088],[77.4768,28.2079],[77.479,28.21],[77.4785,28.2143],[77.471,28.2156],[77.4664,28.2086],[77.4599,28.2104],[77.4561,28.2052],[77.4421,28.2075],[77.4424,28.2098],[77.4342,28.2139],[77.4249,28.2059],[77.4198,28.2053],[77.4158,28.2004],[77.4118,28.203],[77.4141,28.207],[77.4083,28.2143],[77.4055,28.2112],[77.3798,28.2214],[77.3752,28.2265],[77.3729,28.2358],[77.3679,28.237],[77.3649,28.2325],[77.3553,28.236],[77.3449,28.2351],[77.3414,28.2451],[77.3317,28.2501],[77.3224,28.2602],[77.3131,28.2594],[77.3085,28.2552],[77.301,28.2624],[77.2861,28.2651],[77.2797,28.2697],[77.2732,28.2667],[77.2571,28.2724]]]},"properties":{"dtname":"Palwal","stname":"HARYANA","stcode11":"06","dtcode11":"089","year_stat":"2011_c","Shape_Length":248223.90512568422,"Shape_Area":1733072960.251596,"OBJECTID":227,"test":0,"Dist_LGD":619,"State_LGD":6}},{"type":"Feature","id":561,"geometry":{"type":"Polygon","coordinates":[[[76.3221,28.8144],[76.3135,28.8141],[76.3073,28.8089],[76.2999,28.81],[76.2923,28.8074],[76.2923,28.7851],[76.288,28.7784],[76.2778,28.7795],[76.2746,28.7617],[76.2758,28.7578],[76.2739,28.7567],[76.2757,28.7551],[76.2721,28.7424],[76.2644,28.7355],[76.2554,28.7412],[76.2496,28.7262],[76.2382,28.7227],[76.2442,28.7057],[76.2432,28.6998],[76.2309,28.696],[76.2333,28.6884],[76.2328,28.6773],[76.2029,28.6759],[76.2039,28.6801],[76.1905,28.6828],[76.183,28.6711],[76.1782,28.6707],[76.1776,28.6683],[76.1694,28.6764],[76.1498,28.6852],[76.1338,28.6873],[76.1242,28.6816],[76.1355,28.6658],[76.1328,28.6485],[76.1227,28.6513],[76.127,28.6651],[76.1221,28.6691],[76.1212,28.6742],[76.1145,28.6758],[76.112,28.6735],[76.1028,28.6742],[76.1013,28.6796],[76.0973,28.6809],[76.0969,28.6785],[76.099,28.678],[76.0975,28.6751],[76.101,28.6735],[76.0984,28.6684],[76.1029,28.6643],[76.1055,28.6547],[76.0826,28.6595],[76.0858,28.6676],[76.083,28.6679],[76.0827,28.666],[76.0728,28.6676],[76.0478,28.6545],[76.0436,28.6497],[76.0436,28.645],[76.0161,28.6388],[76.0059,28.632],[76.0035,28.6242],[75.9855,28.6168],[75.9746,28.6156],[75.9563,28.6045],[75.9427,28.6035],[75.9333,28.6073],[75.9208,28.6064],[75.9076,28.6107],[75.8909,28.6083],[75.8808,28.6003],[75.8669,28.5967],[75.8472,28.5869],[75.8462,28.5723],[75.85,28.5667],[75.8325,28.5565],[75.823,28.5389],[75.8249,28.5292],[75.823,28.5166],[75.8159,28.512],[75.836,28.5024],[75.8442,28.5021],[75.8525,28.4995],[75.8535,28.4972],[75.8664,28.4964],[75.878,28.4905],[75.8809,28.514],[75.8965,28.516],[75.9,28.5145],[75.8988,28.5007],[75.9362,28.4952],[75.9337,28.4792],[75.899,28.4892],[75.8803,28.489],[75.8851,28.484],[75.889,28.4746],[75.899,28.4704],[75.91,28.4574],[75.9082,28.4425],[75.9098,28.4378],[75.9026,28.4323],[75.9278,28.4358],[75.9534,28.4359],[75.9691,28.4427],[75.9833,28.445],[75.9893,28.4407],[76.0136,28.434],[76.01,28.4087],[76.0184,28.4089],[76.0145,28.3952],[76.0181,28.3939],[76.0176,28.3859],[76.0273,28.3861],[76.042,28.3916],[76.0536,28.3919],[76.059,28.3899],[76.0821,28.3927],[76.0816,28.3972],[76.0886,28.4061],[76.0872,28.4095],[76.0902,28.413],[76.0903,28.4229],[76.0932,28.4282],[76.1054,28.4389],[76.1088,28.4487],[76.1195,28.4536],[76.1488,28.4516],[76.1528,28.4634],[76.1595,28.4623],[76.1596,28.458],[76.1615,28.4574],[76.1586,28.4509],[76.1626,28.4496],[76.1641,28.4459],[76.1655,28.4316],[76.1833,28.4296],[76.1889,28.4433],[76.2117,28.4432],[76.218,28.4685],[76.2312,28.4663],[76.2444,28.459],[76.2439,28.4417],[76.2473,28.4378],[76.2541,28.4359],[76.2552,28.438],[76.2657,28.4374],[76.266,28.4353],[76.2841,28.4309],[76.2905,28.4399],[76.2886,28.4471],[76.2895,28.4584],[76.293,28.4688],[76.2827,28.4781],[76.2856,28.4872],[76.2912,28.4985],[76.3104,28.4986],[76.32,28.4922],[76.3271,28.4959],[76.3322,28.5101],[76.3357,28.538],[76.3391,28.5435],[76.3422,28.5609],[76.34,28.569],[76.3348,28.573],[76.3342,28.5824],[76.3427,28.5801],[76.3458,28.6021],[76.3569,28.6167],[76.3585,28.6168],[76.3601,28.6071],[76.3731,28.5998],[76.3936,28.5989],[76.401,28.5958],[76.404,28.5861],[76.4017,28.5776],[76.4042,28.551],[76.4099,28.549],[76.4125,28.5511],[76.4212,28.5512],[76.4265,28.5707],[76.4281,28.5895],[76.432,28.5984],[76.4357,28.6022],[76.4482,28.5984],[76.4515,28.6054],[76.454,28.6043],[76.4657,28.6143],[76.4577,28.6209],[76.4471,28.6352],[76.4399,28.6379],[76.438,28.6412],[76.4515,28.6446],[76.4609,28.6543],[76.4662,28.6527],[76.4722,28.6662],[76.4836,28.6791],[76.4822,28.6833],[76.4566,28.6935],[76.4389,28.6953],[76.4199,28.7025],[76.4062,28.6826],[76.3974,28.6868],[76.3803,28.7018],[76.3795,28.7107],[76.3888,28.7264],[76.3975,28.7329],[76.374,28.7414],[76.3777,28.7587],[76.3869,28.7703],[76.3856,28.7828],[76.3665,28.7882],[76.3591,28.7955],[76.3596,28.7995],[76.3398,28.8046],[76.3347,28.8081],[76.334,28.8136],[76.3221,28.8144]]]},"properties":{"dtname":"Charki Dadri","stname":"HARYANA","stcode11":"06","dtcode11":"765","year_stat":"2016_c","Shape_Length":324365.86505750107,"Shape_Area":1797297708.5636032,"OBJECTID":561,"test":0,"Dist_LGD":701,"State_LGD":6}},{"type":"Feature","id":654,"geometry":{"type":"Polygon","coordinates":[[[77.2094,30.489],[77.208,30.4904],[77.2038,30.4852],[77.1998,30.4755],[77.1954,30.4787],[77.1925,30.4774],[77.1845,30.4688],[77.1777,30.456],[77.1722,30.455],[77.1715,30.4397],[77.1676,30.4389],[77.1728,30.4293],[77.1721,30.424],[77.1683,30.4193],[77.1716,30.4163],[77.1753,30.4037],[77.1812,30.4005],[77.1838,30.3958],[77.1816,30.3842],[77.1844,30.381],[77.1786,30.3731],[77.1803,30.3688],[77.1783,30.3642],[77.1695,30.3681],[77.1608,30.3613],[77.1607,30.3571],[77.163,30.3555],[77.1683,30.3597],[77.1689,30.3438],[77.1801,30.3337],[77.178,30.3238],[77.1843,30.318],[77.1895,30.3187],[77.1878,30.3156],[77.1901,30.3142],[77.1872,30.3094],[77.1784,30.3096],[77.1761,30.3074],[77.167,30.3093],[77.1644,30.2964],[77.1596,30.2982],[77.1464,30.2915],[77.1451,30.288],[77.141,30.2887],[77.1329,30.2712],[77.1372,30.2682],[77.1354,30.2653],[77.139,30.2636],[77.132,30.2555],[77.1335,30.2452],[77.1319,30.243],[77.1411,30.2373],[77.1442,30.2406],[77.1514,30.2424],[77.1596,30.2379],[77.162,30.2304],[77.1574,30.2274],[77.1494,30.2113],[77.1421,30.2143],[77.1408,30.2226],[77.13,30.229],[77.1267,30.2251],[77.1211,30.2289],[77.1162,30.2291],[77.114,30.2239],[77.1068,30.222],[77.0928,30.2251],[77.0942,30.223],[77.0855,30.214],[77.079,30.2142],[77.074,30.2036],[77.0791,30.2001],[77.0782,30.1975],[77.1084,30.1818],[77.1023,30.1743],[77.0971,30.1592],[77.0815,30.1681],[77.0792,30.1655],[77.0725,30.1677],[77.0704,30.1631],[77.0733,30.1599],[77.073,30.1545],[77.0671,30.1419],[77.0709,30.1311],[77.0674,30.1282],[77.0851,30.1166],[77.0889,30.1094],[77.0834,30.105],[77.0752,30.1059],[77.0667,30.1034],[77.0652,30.082],[77.0665,30.0774],[77.0744,30.0724],[77.0726,30.0663],[77.0806,30.0592],[77.0786,30.0529],[77.0884,30.0437],[77.0849,30.0393],[77.0948,30.0322],[77.098,30.0346],[77.1044,30.0274],[77.1015,30.0216],[77.1213,29.9946],[77.118,29.9935],[77.135,29.9794],[77.1362,29.9746],[77.1319,29.9664],[77.1386,29.9634],[77.1514,29.9701],[77.1581,29.9705],[77.1642,29.9677],[77.1709,29.9704],[77.1733,29.9668],[77.1797,29.9657],[77.1842,29.9616],[77.1827,29.9592],[77.1848,29.9565],[77.1895,29.9552],[77.1824,29.9469],[77.1968,29.938],[77.2082,29.9353],[77.2294,29.9401],[77.2367,29.9553],[77.2446,29.9609],[77.2469,29.9767],[77.2611,29.9821],[77.2672,29.9876],[77.267,29.99],[77.2764,29.9967],[77.2777,30.0006],[77.2755,30.0064],[77.2792,30.0122],[77.2823,30.0295],[77.2764,30.0376],[77.2778,30.0419],[77.2849,30.0424],[77.2969,30.0534],[77.3002,30.0525],[77.303,30.0554],[77.3189,30.0566],[77.3343,30.0538],[77.3452,30.0694],[77.3626,30.0764],[77.3695,30.0851],[77.3788,30.0914],[77.3825,30.0925],[77.3883,30.0879],[77.3914,30.0908],[77.4051,30.0891],[77.4226,30.1035],[77.4093,30.1051],[77.4025,30.111],[77.4048,30.114],[77.4131,30.1138],[77.4235,30.1309],[77.4183,30.135],[77.4212,30.1397],[77.4207,30.148],[77.4258,30.1549],[77.4241,30.1571],[77.4297,30.164],[77.4348,30.164],[77.4358,30.1608],[77.4407,30.165],[77.4495,30.1658],[77.4558,30.1628],[77.4688,30.1802],[77.4772,30.1824],[77.4997,30.2134],[77.5046,30.2253],[77.5205,30.2447],[77.5306,30.2526],[77.5382,30.2786],[77.5453,30.2808],[77.5703,30.3003],[77.5835,30.3074],[77.5867,30.3148],[77.5783,30.3299],[77.5867,30.341],[77.5919,30.355],[77.6017,30.3616],[77.6043,30.3685],[77.5915,30.3727],[77.5877,30.379],[77.581,30.3777],[77.5548,30.3909],[77.5498,30.3959],[77.5517,30.399],[77.5323,30.4205],[77.5287,30.4312],[77.5293,30.4366],[77.5232,30.4435],[77.5185,30.4433],[77.5065,30.4275],[77.5054,30.4091],[77.5025,30.4047],[77.4946,30.4048],[77.4894,30.4106],[77.4705,30.4003],[77.4629,30.4017],[77.452,30.4001],[77.4432,30.3954],[77.4365,30.4032],[77.4214,30.4033],[77.4223,30.4097],[77.4287,30.4106],[77.432,30.4158],[77.4429,30.4174],[77.4516,30.432],[77.4589,30.4329],[77.4588,30.4419],[77.4634,30.4478],[77.4565,30.4557],[77.4537,30.4561],[77.4493,30.4461],[77.4433,30.4427],[77.4341,30.4311],[77.4205,30.4237],[77.4161,30.4239],[77.4139,30.417],[77.4084,30.4142],[77.4085,30.4088],[77.4047,30.4086],[77.3979,30.4162],[77.4073,30.4272],[77.3908,30.43],[77.39,30.4395],[77.3871,30.4401],[77.3674,30.4403],[77.3643,30.4327],[77.3637,30.4413],[77.3542,30.4582],[77.3475,30.4554],[77.3428,30.4575],[77.3339,30.4553],[77.3208,30.4458],[77.3205,30.4489],[77.3173,30.4482],[77.3087,30.4539],[77.3054,30.4535],[77.3058,30.457],[77.2989,30.4605],[77.2987,30.4644],[77.2955,30.4666],[77.2905,30.4629],[77.284,30.4653],[77.2775,30.4638],[77.2765,30.4748],[77.2705,30.4812],[77.2636,30.4816],[77.2583,30.4777],[77.2512,30.4785],[77.2478,30.4757],[77.2265,30.4805],[77.2204,30.4772],[77.2117,30.4645],[77.2078,30.4744],[77.2094,30.489]]]},"properties":{"dtname":"Yamunanagar","stname":"HARYANA","stcode11":"06","dtcode11":"071","year_stat":"2011_c","Shape_Length":315756.05159533443,"Shape_Area":2317238061.6935983,"OBJECTID":654,"test":0,"Dist_LGD":76,"State_LGD":6}},{"type":"Feature","id":658,"geometry":{"type":"Polygon","coordinates":[[[76.8507,30.2549],[76.8427,30.2458],[76.8377,30.2541],[76.8233,30.2516],[76.8175,30.2422],[76.8253,30.236],[76.8168,30.2225],[76.8194,30.2205],[76.8175,30.2179],[76.8118,30.2197],[76.8,30.2113],[76.7962,30.2149],[76.7888,30.2134],[76.7848,30.215],[76.777,30.2046],[76.7778,30.2023],[76.7668,30.1995],[76.7634,30.1919],[76.7541,30.1964],[76.733,30.1957],[76.7245,30.1928],[76.7142,30.194],[76.7086,30.1895],[76.6928,30.1916],[76.6898,30.1881],[76.6835,30.1867],[76.6811,30.1785],[76.6715,30.1664],[76.6683,30.1671],[76.6542,30.1521],[76.638,30.1476],[76.6362,30.1375],[76.6387,30.1306],[76.6446,30.1278],[76.6352,30.112],[76.6431,30.1083],[76.6441,30.1026],[76.6314,30.0928],[76.6209,30.0879],[76.6155,30.0747],[76.605,30.0761],[76.5975,30.0743],[76.5932,30.0681],[76.588,30.0709],[76.5992,30.0838],[76.5868,30.0856],[76.5869,30.0897],[76.5782,30.0957],[76.5767,30.1016],[76.5605,30.0934],[76.5564,30.0826],[76.5481,30.0808],[76.5462,30.0759],[76.538,30.0747],[76.5298,30.0785],[76.5119,30.072],[76.5139,30.0837],[76.5045,30.0939],[76.4669,30.0991],[76.4648,30.093],[76.4565,30.0863],[76.4445,30.0672],[76.4383,30.0505],[76.4296,30.0456],[76.4217,30.0307],[76.4284,30.0174],[76.4392,30.0145],[76.4425,30.007],[76.4407,30.0048],[76.4339,30.0048],[76.4326,29.9948],[76.4391,29.9724],[76.4566,29.9639],[76.4673,29.9735],[76.4761,29.969],[76.4762,29.9652],[76.4866,29.956],[76.4812,29.9527],[76.4831,29.9366],[76.4659,29.913],[76.4805,29.906],[76.5033,29.9043],[76.5114,29.8974],[76.5156,29.9011],[76.5219,29.8959],[76.54,29.8997],[76.5468,29.8989],[76.5613,29.9096],[76.5663,29.9032],[76.5885,29.9203],[76.5936,29.9164],[76.5932,29.9133],[76.619,29.9217],[76.6353,29.9206],[76.6605,29.9122],[76.6668,29.9156],[76.6705,29.9149],[76.6757,29.921],[76.6839,29.9227],[76.6938,29.9122],[76.6973,29.8943],[76.7087,29.8884],[76.7124,29.8837],[76.7235,29.879],[76.7298,29.8706],[76.7353,29.8769],[76.7412,29.8789],[76.755,29.8669],[76.7663,29.8763],[76.7726,29.8776],[76.7816,29.8735],[76.7876,29.877],[76.7934,29.8764],[76.7941,29.8793],[76.8033,29.8824],[76.8063,29.8863],[76.8024,29.8882],[76.8024,29.8929],[76.8046,29.8963],[76.8078,29.8959],[76.8071,29.8994],[76.8098,29.902],[76.8206,29.8994],[76.8195,29.8959],[76.8227,29.8942],[76.8257,29.8945],[76.8334,29.9021],[76.8387,29.8944],[76.8396,29.8873],[76.8577,29.8774],[76.8653,29.8812],[76.8809,29.8805],[76.8902,29.8969],[76.8958,29.8992],[76.8957,29.9153],[76.9001,29.9199],[76.9124,29.915],[76.9209,29.9144],[76.9279,29.9175],[76.9303,29.9217],[76.9291,29.9254],[76.9311,29.926],[76.9393,29.9187],[76.9499,29.9138],[76.9556,29.914],[76.9576,29.9153],[76.9569,29.919],[76.9491,29.9318],[76.9525,29.9328],[76.9532,29.9363],[76.9568,29.9365],[76.9571,29.9393],[76.9659,29.9396],[76.9651,29.943],[76.9837,29.9536],[76.9833,29.9585],[76.985,29.9561],[76.9881,29.9574],[76.9926,29.9516],[76.9952,29.9532],[77.0004,29.9499],[77.0069,29.9566],[77.0095,29.9528],[77.0226,29.9469],[77.0334,29.9551],[77.0488,29.9525],[77.0535,29.9461],[77.0594,29.946],[77.0651,29.952],[77.0816,29.9479],[77.085,29.952],[77.0881,29.9492],[77.0977,29.951],[77.0997,29.9568],[77.105,29.9599],[77.1031,29.9641],[77.1053,29.9685],[77.1151,29.9706],[77.114,29.9749],[77.1163,29.979],[77.1138,29.9807],[77.1147,29.9843],[77.1118,29.9843],[77.1127,29.9914],[77.1213,29.9946],[77.1092,30.0136],[77.1029,30.0182],[77.1013,30.0226],[77.1044,30.0274],[77.098,30.0346],[77.0948,30.0322],[77.0849,30.0393],[77.0884,30.0437],[77.0786,30.0529],[77.0806,30.0592],[77.0726,30.0663],[77.0744,30.0724],[77.0653,30.0794],[77.0667,30.1034],[77.0752,30.1059],[77.0834,30.105],[77.0889,30.1094],[77.0878,30.1134],[77.0674,30.1282],[77.0617,30.1237],[77.0511,30.1278],[77.0386,30.136],[77.0396,30.1431],[77.0256,30.1473],[77.0114,30.1609],[77.0055,30.1607],[76.9907,30.1679],[76.9817,30.1694],[76.9756,30.1623],[76.9637,30.1581],[76.9615,30.1526],[76.9574,30.1574],[76.9406,30.1664],[76.9398,30.1722],[76.9409,30.178],[76.9454,30.1836],[76.9562,30.1832],[76.9607,30.1932],[76.9483,30.1979],[76.9378,30.1978],[76.9251,30.2055],[76.9198,30.2023],[76.9159,30.2055],[76.9081,30.1992],[76.9034,30.1898],[76.8836,30.1989],[76.883,30.2081],[76.8859,30.2095],[76.8884,30.2078],[76.8902,30.2121],[76.8593,30.2323],[76.8598,30.2355],[76.8677,30.2437],[76.8644,30.2497],[76.8507,30.2549]]]},"properties":{"dtname":"Kurukshetra","stname":"HARYANA","stcode11":"06","dtcode11":"072","year_stat":"2011_c","Shape_Length":301895.7261676656,"Shape_Area":2248965042.258742,"OBJECTID":658,"test":0,"Dist_LGD":68,"State_LGD":6}},{"type":"Feature","id":662,"geometry":{"type":"Polygon","coordinates":[[[76.4208,30.1925],[76.4064,30.1904],[76.403,30.1821],[76.3963,30.1796],[76.3872,30.1706],[76.3935,30.167],[76.3914,30.1644],[76.395,30.158],[76.4101,30.1451],[76.4068,30.145],[76.4009,30.1389],[76.3976,30.1402],[76.3912,30.1351],[76.396,30.1262],[76.3948,30.122],[76.3984,30.1206],[76.4,30.1167],[76.3889,30.1133],[76.3622,30.1202],[76.3607,30.1226],[76.3669,30.1242],[76.3613,30.1298],[76.3593,30.1398],[76.3505,30.1469],[76.3469,30.1428],[76.3339,30.142],[76.3335,30.1382],[76.342,30.1264],[76.3602,30.1202],[76.3544,30.1169],[76.3462,30.1039],[76.3447,30.1048],[76.3441,30.1009],[76.3399,30.0987],[76.3315,30.0998],[76.3217,30.0951],[76.3075,30.1088],[76.2966,30.1144],[76.2906,30.1078],[76.2853,30.1062],[76.2752,30.1146],[76.2678,30.1145],[76.2537,30.1216],[76.2557,30.1261],[76.2468,30.1308],[76.2454,30.1282],[76.2427,30.1292],[76.2433,30.1324],[76.2322,30.1401],[76.2346,30.145],[76.2271,30.1445],[76.2184,30.1478],[76.2163,30.1522],[76.2134,30.1528],[76.2144,30.156],[76.2076,30.1566],[76.2095,30.1547],[76.2072,30.1446],[76.2146,30.1405],[76.2151,30.1353],[76.2246,30.1271],[76.2166,30.1242],[76.2204,30.1155],[76.2163,30.1125],[76.2167,30.1101],[76.2235,30.1119],[76.2304,30.1063],[76.2381,30.1054],[76.2369,30.1037],[76.2535,30.089],[76.2496,30.0869],[76.2493,30.0823],[76.2462,30.0819],[76.2363,30.0676],[76.2263,30.0594],[76.2285,30.0535],[76.2222,30.0492],[76.2225,30.0369],[76.2137,30.0317],[76.2132,30.0227],[76.2329,30.016],[76.2262,30.0088],[76.21,30.0052],[76.2114,29.9955],[76.2065,29.9935],[76.2107,29.9882],[76.208,29.9861],[76.2029,29.9897],[76.2019,29.9871],[76.2059,29.9804],[76.2057,29.9743],[76.1953,29.9659],[76.1971,29.9623],[76.193,29.9622],[76.1906,29.9552],[76.1938,29.952],[76.1888,29.9477],[76.1837,29.9483],[76.1799,29.9453],[76.1781,29.9334],[76.1719,29.9263],[76.1878,29.9207],[76.1893,29.9087],[76.1856,29.8925],[76.1934,29.8857],[76.1995,29.8884],[76.1991,29.8846],[76.2013,29.8837],[76.2095,29.8858],[76.2108,29.8913],[76.2174,29.8841],[76.2294,29.8857],[76.247,29.8751],[76.2438,29.869],[76.2438,29.8524],[76.2324,29.8537],[76.2272,29.8518],[76.2206,29.8467],[76.2205,29.8379],[76.2153,29.8408],[76.2123,29.8368],[76.2091,29.8239],[76.2182,29.8195],[76.2146,29.8133],[76.22,29.8111],[76.2154,29.7981],[76.2171,29.7953],[76.2068,29.7877],[76.2101,29.7809],[76.2084,29.7738],[76.2065,29.7742],[76.2013,29.7663],[76.1962,29.7639],[76.2031,29.7577],[76.1989,29.7562],[76.1977,29.7474],[76.18,29.7371],[76.1836,29.7198],[76.1748,29.7078],[76.1682,29.689],[76.1696,29.6858],[76.184,29.6836],[76.192,29.6796],[76.1938,29.6726],[76.2025,29.6644],[76.1986,29.6469],[76.1934,29.6411],[76.2124,29.63],[76.2175,29.6234],[76.2245,29.62],[76.2338,29.6194],[76.2405,29.6096],[76.2423,29.6021],[76.2422,29.5971],[76.2382,29.5933],[76.2426,29.5889],[76.249,29.5878],[76.249,29.5854],[76.2603,29.5841],[76.2684,29.5725],[76.2662,29.5576],[76.2743,29.5483],[76.282,29.5471],[76.2938,29.5517],[76.301,29.5575],[76.2907,29.5781],[76.2978,29.5899],[76.3095,29.5849],[76.3162,29.586],[76.3284,29.5798],[76.3421,29.5794],[76.3453,29.5827],[76.351,29.58],[76.3586,29.5688],[76.3513,29.5619],[76.349,29.5554],[76.3602,29.548],[76.3616,29.5359],[76.3731,29.5277],[76.3816,29.5274],[76.3953,29.5316],[76.4051,29.5305],[76.4155,29.5344],[76.414,29.5408],[76.4302,29.5451],[76.4353,29.5397],[76.4369,29.53],[76.4391,29.5292],[76.448,29.5317],[76.452,29.537],[76.4538,29.547],[76.4625,29.5489],[76.4858,29.5418],[76.4888,29.5309],[76.4874,29.5264],[76.4953,29.5164],[76.5055,29.5144],[76.5058,29.5242],[76.5115,29.5246],[76.5093,29.5282],[76.511,29.5318],[76.5217,29.5333],[76.5261,29.5367],[76.5234,29.5495],[76.5302,29.5709],[76.5441,29.5759],[76.5499,29.5905],[76.5374,29.6043],[76.5219,29.6147],[76.5399,29.6136],[76.5462,29.6207],[76.5538,29.6231],[76.5582,29.6281],[76.5636,29.63],[76.5774,29.6257],[76.5837,29.6286],[76.6033,29.6279],[76.6057,29.6319],[76.6157,29.636],[76.6173,29.644],[76.6215,29.6432],[76.6382,29.649],[76.6427,29.6545],[76.6446,29.663],[76.6562,29.6713],[76.6727,29.67],[76.6834,29.6776],[76.6939,29.6696],[76.7032,29.6677],[76.7125,29.6951],[76.7049,29.6953],[76.6895,29.7019],[76.6904,29.7108],[76.6949,29.7154],[76.6932,29.7223],[76.6967,29.7256],[76.6941,29.7458],[76.6974,29.7513],[76.6903,29.7536],[76.6834,29.7664],[76.7004,29.7842],[76.6987,29.796],[76.7141,29.8071],[76.717,29.8132],[76.7109,29.8173],[76.7046,29.8288],[76.7169,29.8418],[76.7167,29.856],[76.7308,29.8702],[76.7262,29.8732],[76.7235,29.879],[76.7124,29.8837],[76.7087,29.8884],[76.6973,29.8943],[76.6938,29.9122],[76.6839,29.9227],[76.6757,29.921],[76.6705,29.9149],[76.6668,29.9156],[76.6605,29.9122],[76.6353,29.9206],[76.619,29.9217],[76.5932,29.9133],[76.5936,29.9164],[76.5885,29.9203],[76.5663,29.9032],[76.5613,29.9096],[76.5468,29.8989],[76.54,29.8997],[76.5219,29.8959],[76.5156,29.9011],[76.5114,29.8974],[76.5033,29.9043],[76.4805,29.906],[76.4659,29.913],[76.4831,29.9366],[76.4812,29.9527],[76.4866,29.956],[76.4762,29.9652],[76.4761,29.969],[76.4673,29.9735],[76.4566,29.9639],[76.4391,29.9724],[76.4326,29.9948],[76.4339,30.0048],[76.4407,30.0048],[76.4425,30.007],[76.4392,30.0145],[76.4284,30.0174],[76.4217,30.0307],[76.4296,30.0456],[76.4383,30.0505],[76.4445,30.0672],[76.4542,30.0829],[76.4679,30.0985],[76.4625,30.1011],[76.4571,30.1102],[76.4563,30.1155],[76.46,30.1295],[76.458,30.1319],[76.4405,30.1315],[76.4375,30.1363],[76.4377,30.1423],[76.4397,30.1437],[76.4288,30.1502],[76.4335,30.1559],[76.4365,30.156],[76.4406,30.1659],[76.4349,30.1755],[76.4304,30.178],[76.4343,30.1831],[76.4208,30.1925]]]},"properties":{"dtname":"Kaithal","stname":"HARYANA","stcode11":"06","dtcode11":"073","year_stat":"2011_c","Shape_Length":399797.3492530129,"Shape_Area":3062401932.562336,"OBJECTID":662,"test":0,"Dist_LGD":66,"State_LGD":6}},{"type":"Feature","id":663,"geometry":{"type":"Polygon","coordinates":[[[74.8115,29.9924],[74.8056,29.9917],[74.7794,29.972],[74.763,29.9732],[74.7535,29.97],[74.7533,29.9678],[74.7403,29.9684],[74.7314,29.9615],[74.7067,29.9706],[74.7066,29.9769],[74.6936,29.9669],[74.682,29.9433],[74.6697,29.9392],[74.6516,29.9265],[74.6467,29.9114],[74.6492,29.9075],[74.6542,29.9056],[74.6292,29.905],[74.5967,29.9123],[74.5824,29.9243],[74.5741,29.927],[74.559,29.9271],[74.5608,29.9293],[74.542,29.9401],[74.5317,29.9492],[74.5188,29.9299],[74.5155,29.9155],[74.51,29.9082],[74.522,29.9022],[74.5436,29.9014],[74.5512,29.8823],[74.561,29.8696],[74.5458,29.8456],[74.5391,29.8406],[74.5079,29.833],[74.4844,29.8143],[74.4736,29.7867],[74.4772,29.7453],[74.5052,29.7412],[74.534,29.7404],[74.5464,29.753],[74.5625,29.7556],[74.5774,29.754],[74.5759,29.7483],[74.5813,29.7523],[74.5873,29.7669],[74.6009,29.7659],[74.6032,29.758],[74.6161,29.7522],[74.6095,29.7432],[74.6081,29.7319],[74.6098,29.7218],[74.6047,29.7054],[74.6001,29.6991],[74.6012,29.6904],[74.5931,29.6768],[74.5854,29.6545],[74.5865,29.6473],[74.5913,29.6395],[74.5893,29.6318],[74.5815,29.6272],[74.5827,29.6233],[74.5776,29.6],[74.5749,29.5643],[74.5759,29.5601],[74.5899,29.5479],[74.6118,29.5385],[74.6149,29.5311],[74.619,29.5326],[74.623,29.531],[74.6219,29.5222],[74.601,29.5011],[74.5997,29.494],[74.5954,29.4892],[74.5958,29.4804],[74.5846,29.4585],[74.5732,29.4651],[74.5479,29.4683],[74.5433,29.4679],[74.5389,29.4637],[74.5346,29.4477],[74.5366,29.4245],[74.5492,29.4247],[74.5664,29.4205],[74.5736,29.4065],[74.5779,29.3885],[74.5852,29.3785],[74.6029,29.3649],[74.6073,29.3562],[74.5992,29.3275],[74.6545,29.3329],[74.6521,29.3513],[74.6582,29.372],[74.6909,29.3659],[74.707,29.3666],[74.7194,29.37],[74.7392,29.3541],[74.7622,29.3544],[74.7819,29.3579],[74.7875,29.3614],[74.8203,29.3972],[74.8448,29.3997],[74.8505,29.4036],[74.8714,29.3949],[74.8776,29.3835],[74.9003,29.3848],[74.9168,29.3713],[74.9383,29.362],[74.9399,29.34],[74.9545,29.3327],[74.9609,29.3203],[74.9553,29.3091],[74.9484,29.3015],[74.9558,29.2862],[74.9611,29.2806],[74.971,29.2791],[74.9832,29.2806],[74.9986,29.2707],[75.0199,29.2863],[75.05,29.2862],[75.0604,29.2761],[75.0612,29.2641],[75.0732,29.2478],[75.0751,29.2299],[75.0821,29.228],[75.1196,29.2229],[75.1244,29.2399],[75.1378,29.2387],[75.1628,29.244],[75.1743,29.2512],[75.1686,29.2589],[75.188,29.2683],[75.1957,29.2634],[75.1985,29.2533],[75.2101,29.2347],[75.218,29.2318],[75.2384,29.2302],[75.2452,29.2503],[75.234,29.2687],[75.2411,29.2969],[75.2258,29.3258],[75.2355,29.3358],[75.2559,29.3368],[75.2651,29.3457],[75.2646,29.3504],[75.2635,29.3601],[75.2439,29.3759],[75.2277,29.3798],[75.22,29.3977],[75.2335,29.4116],[75.2351,29.4188],[75.2854,29.4228],[75.3011,29.4393],[75.302,29.4423],[75.2921,29.4526],[75.2809,29.4737],[75.2811,29.4799],[75.2877,29.4937],[75.2739,29.5093],[75.278,29.5151],[75.2891,29.5185],[75.2956,29.5236],[75.3022,29.5242],[75.2948,29.5338],[75.2969,29.5381],[75.3028,29.5419],[75.3038,29.5498],[75.3009,29.5562],[75.303,29.5597],[75.2949,29.5588],[75.2811,29.5615],[75.2804,29.554],[75.2732,29.55],[75.2445,29.5467],[75.2353,29.5421],[75.2391,29.5507],[75.2384,29.5589],[75.2338,29.5643],[75.2344,29.57],[75.2319,29.5748],[75.2217,29.5803],[75.2354,29.6031],[75.2284,29.6054],[75.2197,29.6154],[75.2067,29.6219],[75.1968,29.6193],[75.183,29.6284],[75.1822,29.636],[75.1876,29.6518],[75.1746,29.6556],[75.1681,29.6666],[75.1676,29.6704],[75.1771,29.6706],[75.1796,29.6745],[75.1839,29.6733],[75.1873,29.6759],[75.1881,29.6813],[75.1988,29.68],[75.2068,29.6875],[75.2078,29.7012],[75.2002,29.7011],[75.1978,29.7033],[75.1968,29.7152],[75.2006,29.7265],[75.2081,29.7375],[75.2156,29.7381],[75.2263,29.7289],[75.2381,29.74],[75.2413,29.7505],[75.2416,29.7546],[75.2366,29.757],[75.2244,29.7808],[75.2263,29.7892],[75.2163,29.7877],[75.2147,29.7918],[75.2085,29.7932],[75.2097,29.8174],[75.214,29.824],[75.2106,29.8324],[75.191,29.8414],[75.1759,29.8281],[75.1656,29.8261],[75.1602,29.8129],[75.1591,29.8013],[75.1668,29.7847],[75.151,29.7755],[75.1402,29.7862],[75.1351,29.8073],[75.1266,29.8069],[75.1182,29.8027],[75.1005,29.8071],[75.1015,29.8216],[75.1189,29.8316],[75.1114,29.8419],[75.1031,29.8418],[75.0901,29.854],[75.0897,29.8586],[75.0934,29.858],[75.1068,29.868],[75.1147,29.8787],[75.1104,29.8927],[75.1104,29.9019],[75.0987,29.9128],[75.0888,29.9172],[75.0869,29.9154],[75.0804,29.9008],[75.0753,29.8964],[75.0744,29.8823],[75.0699,29.8771],[75.0561,29.8781],[75.0518,29.8841],[75.0469,29.8851],[75.0329,29.8798],[75.0225,29.8663],[75.0049,29.8689],[74.9989,29.8661],[74.9909,29.8677],[74.9771,29.8884],[74.9788,29.8942],[74.9537,29.9014],[74.9482,29.9068],[74.9437,29.9172],[74.9364,29.9263],[74.9268,29.9458],[74.9267,29.9503],[74.9228,29.952],[74.9129,29.9433],[74.8973,29.9394],[74.8954,29.9406],[74.9006,29.9453],[74.9032,29.9522],[74.888,29.9671],[74.8757,29.9575],[74.8647,29.9601],[74.8554,29.9564],[74.8507,29.9618],[74.8438,29.9643],[74.8385,29.9711],[74.8287,29.9733],[74.821,29.9709],[74.8263,29.9772],[74.8243,29.9857],[74.8171,29.9915],[74.8115,29.9924]]]},"properties":{"dtname":"Sirsa","stname":"HARYANA","stcode11":"06","dtcode11":"079","year_stat":"2011_c","Shape_Length":498453.639566626,"Shape_Area":5672844930.534737,"OBJECTID":663,"test":0,"Dist_LGD":74,"State_LGD":6}},{"type":"Feature","id":665,"geometry":{"type":"Polygon","coordinates":[[[77.1182,29.9933],[77.1127,29.9914],[77.1118,29.9843],[77.1147,29.9843],[77.1138,29.9807],[77.1163,29.979],[77.114,29.9749],[77.1151,29.9706],[77.1053,29.9685],[77.1031,29.9641],[77.105,29.9599],[77.0997,29.9568],[77.0967,29.9503],[77.0881,29.9492],[77.085,29.952],[77.0816,29.9479],[77.0651,29.952],[77.0594,29.946],[77.0535,29.9461],[77.0488,29.9525],[77.0334,29.9551],[77.0226,29.9469],[77.0095,29.9528],[77.0069,29.9566],[77.0004,29.9499],[76.9952,29.9532],[76.9926,29.9516],[76.9881,29.9574],[76.985,29.9561],[76.9833,29.9585],[76.9837,29.9536],[76.9651,29.943],[76.9659,29.9396],[76.9571,29.9393],[76.9568,29.9365],[76.9532,29.9363],[76.9525,29.9328],[76.9491,29.9318],[76.9569,29.919],[76.9576,29.9153],[76.9556,29.914],[76.9499,29.9138],[76.9393,29.9187],[76.9311,29.926],[76.9291,29.9254],[76.9303,29.9217],[76.9279,29.9175],[76.9209,29.9144],[76.9124,29.915],[76.9001,29.9199],[76.8957,29.9153],[76.8958,29.8992],[76.8902,29.8969],[76.8809,29.8805],[76.8653,29.8812],[76.8577,29.8774],[76.8396,29.8873],[76.8387,29.8944],[76.8334,29.9021],[76.8257,29.8945],[76.8227,29.8942],[76.8195,29.8959],[76.8206,29.8994],[76.8098,29.902],[76.8071,29.8994],[76.8078,29.8959],[76.8046,29.8963],[76.8024,29.8929],[76.8024,29.8882],[76.8059,29.8849],[76.7941,29.8793],[76.7934,29.8764],[76.7876,29.877],[76.7816,29.8735],[76.7731,29.8775],[76.7684,29.8768],[76.755,29.8669],[76.7412,29.8789],[76.7353,29.8769],[76.7261,29.8634],[76.7167,29.856],[76.7169,29.8418],[76.7046,29.8288],[76.7109,29.8173],[76.717,29.8132],[76.7141,29.8071],[76.6987,29.796],[76.7004,29.7842],[76.6834,29.7664],[76.6903,29.7536],[76.6974,29.7513],[76.6941,29.7458],[76.6967,29.7256],[76.6932,29.7223],[76.6949,29.7154],[76.6904,29.7108],[76.6895,29.7019],[76.7049,29.6953],[76.7125,29.6951],[76.7032,29.6677],[76.6939,29.6696],[76.6834,29.6776],[76.6727,29.67],[76.6562,29.6713],[76.6446,29.663],[76.6427,29.6545],[76.6382,29.649],[76.6215,29.6432],[76.6173,29.644],[76.6157,29.636],[76.6057,29.6319],[76.6033,29.6279],[76.5837,29.6286],[76.5774,29.6257],[76.5636,29.63],[76.5582,29.6281],[76.5538,29.6231],[76.5462,29.6207],[76.5399,29.6136],[76.5219,29.6147],[76.5374,29.6043],[76.5499,29.5908],[76.5441,29.5759],[76.5302,29.5709],[76.5234,29.5495],[76.5261,29.5367],[76.5217,29.5333],[76.511,29.5318],[76.5093,29.5282],[76.5115,29.5246],[76.5058,29.5242],[76.5055,29.5144],[76.5011,29.5147],[76.5272,29.481],[76.527,29.4627],[76.5348,29.4565],[76.5698,29.4623],[76.5737,29.4664],[76.5842,29.4647],[76.595,29.4756],[76.605,29.4754],[76.6047,29.4788],[76.6085,29.4808],[76.6331,29.4694],[76.6422,29.4744],[76.6491,29.4882],[76.6547,29.4913],[76.6852,29.4786],[76.7002,29.4878],[76.7091,29.4873],[76.7162,29.4845],[76.7373,29.4644],[76.7479,29.4717],[76.7549,29.4654],[76.7654,29.4663],[76.7755,29.4744],[76.7806,29.4693],[76.7911,29.4659],[76.7952,29.4667],[76.7955,29.4719],[76.8152,29.5],[76.8187,29.5074],[76.818,29.5142],[76.8288,29.5121],[76.8558,29.49],[76.8616,29.4884],[76.8697,29.4918],[76.8742,29.49],[76.8812,29.4921],[76.9072,29.4675],[76.9155,29.4825],[76.9279,29.4825],[76.9358,29.4764],[76.9574,29.4684],[76.9695,29.4606],[76.974,29.46],[76.9842,29.4637],[77.0,29.4504],[77.0086,29.4495],[77.0077,29.4461],[77.0178,29.4482],[77.0229,29.4454],[77.0312,29.4511],[77.0378,29.4518],[77.0365,29.4541],[77.0389,29.4588],[77.0488,29.4665],[77.0544,29.4642],[77.0517,29.4503],[77.0484,29.4491],[77.0544,29.4495],[77.0619,29.4412],[77.068,29.4409],[77.0773,29.4453],[77.0874,29.4583],[77.0976,29.4638],[77.1113,29.4665],[77.1203,29.4723],[77.132,29.485],[77.113,29.5066],[77.1036,29.5073],[77.0962,29.5224],[77.0975,29.5274],[77.1025,29.5324],[77.1022,29.5388],[77.1083,29.5479],[77.1219,29.552],[77.1268,29.5595],[77.1208,29.5637],[77.121,29.5665],[77.105,29.5722],[77.0958,29.5825],[77.0855,29.5848],[77.0842,29.5909],[77.0898,29.5946],[77.1005,29.5939],[77.1095,29.5975],[77.1086,29.6009],[77.113,29.6107],[77.1038,29.6141],[77.1016,29.6199],[77.1047,29.6231],[77.1062,29.6324],[77.1148,29.6383],[77.1188,29.6355],[77.1315,29.6419],[77.1324,29.6473],[77.1372,29.6494],[77.141,29.655],[77.1381,29.6667],[77.1465,29.6723],[77.1434,29.6749],[77.1424,29.6805],[77.1473,29.6832],[77.1511,29.6905],[77.1565,29.693],[77.1556,29.6993],[77.1494,29.7057],[77.1495,29.7095],[77.1342,29.7185],[77.1336,29.7285],[77.1391,29.7323],[77.1391,29.7382],[77.1355,29.7441],[77.1225,29.7513],[77.1198,29.7601],[77.1253,29.7695],[77.1466,29.7719],[77.1514,29.7882],[77.1596,29.7926],[77.1639,29.7914],[77.1726,29.8017],[77.1725,29.8078],[77.1795,29.8135],[77.1782,29.8458],[77.1869,29.8579],[77.1931,29.8568],[77.1973,29.8588],[77.202,29.8689],[77.2001,29.8895],[77.1883,29.8941],[77.1858,29.9076],[77.1905,29.9135],[77.1994,29.9143],[77.2016,29.917],[77.2112,29.9187],[77.216,29.9221],[77.221,29.9329],[77.2259,29.9344],[77.2294,29.9401],[77.2082,29.9353],[77.1964,29.9382],[77.1824,29.9469],[77.1895,29.9552],[77.1834,29.9579],[77.1844,29.9613],[77.1797,29.9657],[77.1758,29.9653],[77.1705,29.9706],[77.1642,29.9677],[77.1525,29.9704],[77.1393,29.9636],[77.135,29.9644],[77.1319,29.9664],[77.1362,29.9746],[77.135,29.9794],[77.1182,29.9933]]]},"properties":{"dtname":"Karnal","stname":"HARYANA","stcode11":"06","dtcode11":"074","year_stat":"2011_c","Shape_Length":366768.93927166087,"Shape_Area":3263828960.9502616,"OBJECTID":665,"test":0,"Dist_LGD":67,"State_LGD":6}},{"type":"Feature","id":667,"geometry":{"type":"Polygon","coordinates":[[[76.1985,29.8445],[76.1848,29.8228],[76.1721,29.8175],[76.1455,29.8191],[76.1416,29.8155],[76.1417,29.8109],[76.1332,29.8045],[76.1239,29.7909],[76.1196,29.7923],[76.12,29.8009],[76.1051,29.8119],[76.0981,29.8106],[76.0895,29.8012],[76.085,29.8008],[76.0829,29.788],[76.0847,29.7846],[76.0826,29.7812],[76.0768,29.7749],[76.0725,29.7786],[76.0602,29.7647],[76.0568,29.7654],[76.0496,29.7481],[76.0434,29.7427],[76.0324,29.7464],[76.0307,29.7547],[76.0267,29.7563],[76.024,29.7491],[76.0195,29.7478],[76.0167,29.7432],[75.9949,29.7393],[75.9844,29.7271],[75.9548,29.732],[75.9473,29.7294],[75.9447,29.703],[75.9336,29.6847],[75.9365,29.6818],[75.9429,29.6819],[75.9514,29.6702],[75.9487,29.655],[75.9413,29.6415],[75.947,29.6414],[75.9468,29.6387],[75.9566,29.627],[75.9549,29.6139],[75.9573,29.6129],[75.9517,29.6063],[75.9526,29.6007],[75.9487,29.5939],[75.9614,29.5915],[75.9601,29.5758],[75.9642,29.5636],[75.9635,29.5528],[75.9593,29.5421],[75.9604,29.5389],[75.9559,29.529],[75.9494,29.5174],[75.9369,29.5112],[75.933,29.4991],[75.9498,29.4941],[75.9606,29.4972],[75.9881,29.4889],[76.0056,29.4866],[76.0138,29.4807],[76.0045,29.4625],[75.9987,29.4608],[75.996,29.4472],[76.0011,29.4469],[76.006,29.4448],[76.0062,29.4421],[76.0121,29.4425],[76.0179,29.4388],[76.0199,29.4274],[76.0268,29.4229],[76.0296,29.4274],[76.036,29.4271],[76.045,29.4327],[76.0511,29.4399],[76.0772,29.4414],[76.0829,29.4366],[76.0802,29.4296],[76.086,29.4092],[76.0943,29.4037],[76.1077,29.4072],[76.1134,29.4059],[76.1318,29.3901],[76.1429,29.4093],[76.153,29.4143],[76.1532,29.4186],[76.1555,29.4197],[76.1614,29.4185],[76.1669,29.4135],[76.1843,29.4132],[76.1915,29.4101],[76.1986,29.4029],[76.1991,29.3976],[76.2031,29.3959],[76.203,29.3859],[76.2065,29.3812],[76.2066,29.3644],[76.1981,29.3601],[76.1778,29.3407],[76.1913,29.331],[76.2018,29.3269],[76.2093,29.3193],[76.1956,29.2989],[76.1883,29.2918],[76.1867,29.2861],[76.1981,29.2778],[76.2071,29.265],[76.2028,29.2636],[76.2062,29.2594],[76.2136,29.2559],[76.2146,29.2533],[76.2112,29.2481],[76.2281,29.2388],[76.2234,29.2242],[76.2255,29.2187],[76.2591,29.2074],[76.2805,29.2087],[76.2899,29.1995],[76.2928,29.1926],[76.3001,29.1883],[76.2983,29.1829],[76.3001,29.1774],[76.2954,29.1775],[76.2984,29.1555],[76.3057,29.1427],[76.3052,29.1268],[76.3102,29.1204],[76.3181,29.1163],[76.3151,29.1094],[76.3019,29.0957],[76.3013,29.086],[76.3138,29.0833],[76.3216,29.0874],[76.3374,29.0828],[76.3501,29.0832],[76.3584,29.0763],[76.3795,29.0657],[76.3988,29.0756],[76.4029,29.0757],[76.4436,29.0554],[76.4474,29.0614],[76.4546,29.0608],[76.4617,29.0659],[76.4692,29.0828],[76.4732,29.0831],[76.4857,29.1157],[76.4865,29.13],[76.4894,29.1369],[76.4989,29.151],[76.5053,29.1558],[76.5109,29.156],[76.5121,29.1631],[76.4956,29.1782],[76.4906,29.2067],[76.478,29.2223],[76.4767,29.2355],[76.4745,29.238],[76.4834,29.2426],[76.5121,29.2323],[76.5253,29.2317],[76.5248,29.2213],[76.534,29.214],[76.5434,29.2097],[76.5596,29.2088],[76.5683,29.2263],[76.5625,29.2362],[76.5642,29.2393],[76.5618,29.2457],[76.5542,29.2567],[76.5616,29.2713],[76.5609,29.2809],[76.5826,29.2853],[76.5974,29.2802],[76.605,29.2885],[76.6108,29.2892],[76.6342,29.2749],[76.6461,29.2736],[76.6536,29.2663],[76.666,29.264],[76.6789,29.2648],[76.6824,29.2741],[76.677,29.2804],[76.6719,29.2787],[76.6511,29.2851],[76.6433,29.289],[76.6367,29.2975],[76.6417,29.3053],[76.6319,29.3146],[76.6483,29.3383],[76.6494,29.3667],[76.6512,29.3691],[76.6622,29.3709],[76.6717,29.3756],[76.6856,29.3768],[76.69,29.3837],[76.7106,29.3819],[76.7176,29.3867],[76.7346,29.3882],[76.7405,29.4067],[76.731,29.4125],[76.7419,29.4289],[76.741,29.432],[76.75,29.4377],[76.7478,29.4438],[76.7547,29.4581],[76.7624,29.4658],[76.7549,29.4654],[76.7479,29.4717],[76.7373,29.4644],[76.7162,29.4845],[76.7047,29.4886],[76.6852,29.4786],[76.6547,29.4913],[76.6491,29.4882],[76.6422,29.4744],[76.6331,29.4694],[76.6078,29.4807],[76.6047,29.4788],[76.605,29.4754],[76.595,29.4756],[76.5842,29.4647],[76.5737,29.4664],[76.5698,29.4623],[76.5348,29.4565],[76.527,29.4627],[76.5272,29.481],[76.5011,29.5147],[76.5035,29.5147],[76.4953,29.5164],[76.4874,29.5264],[76.4888,29.5309],[76.4849,29.5422],[76.4603,29.5488],[76.4538,29.547],[76.452,29.537],[76.448,29.5317],[76.4391,29.5292],[76.4369,29.53],[76.4353,29.5397],[76.4302,29.5451],[76.414,29.5408],[76.4155,29.5344],[76.4051,29.5305],[76.3953,29.5316],[76.3744,29.5272],[76.3632,29.5341],[76.3602,29.5393],[76.3613,29.5465],[76.349,29.5554],[76.3513,29.5619],[76.3586,29.5688],[76.351,29.58],[76.3453,29.5827],[76.3421,29.5794],[76.3284,29.5798],[76.3162,29.586],[76.3095,29.5849],[76.2978,29.5899],[76.2907,29.5781],[76.301,29.5575],[76.2938,29.5517],[76.2813,29.5469],[76.2707,29.5502],[76.2662,29.5576],[76.2684,29.5725],[76.2594,29.5847],[76.249,29.5854],[76.249,29.5878],[76.2426,29.5889],[76.2382,29.5933],[76.2422,29.5971],[76.2423,29.6021],[76.2405,29.6096],[76.2338,29.6194],[76.2245,29.62],[76.2175,29.6234],[76.2124,29.63],[76.1934,29.6411],[76.1986,29.6469],[76.2025,29.6644],[76.1938,29.6726],[76.192,29.6796],[76.184,29.6836],[76.1696,29.6858],[76.1682,29.689],[76.1748,29.7078],[76.1836,29.7198],[76.18,29.7371],[76.1977,29.7474],[76.1989,29.7562],[76.2031,29.7577],[76.1962,29.7639],[76.2013,29.7663],[76.2065,29.7742],[76.2084,29.7738],[76.2101,29.7809],[76.2068,29.7877],[76.2171,29.7953],[76.2154,29.7981],[76.22,29.8111],[76.2146,29.8133],[76.2188,29.8185],[76.2091,29.8239],[76.2153,29.8408],[76.1985,29.8445]]]},"properties":{"dtname":"Jind","stname":"HARYANA","stcode11":"06","dtcode11":"077","year_stat":"2011_c","Shape_Length":456507.4450369674,"Shape_Area":3658634977.0930643,"OBJECTID":667,"test":0,"Dist_LGD":65,"State_LGD":6}},{"type":"Feature","id":668,"geometry":{"type":"Polygon","coordinates":[[[75.7789,29.8224],[75.7561,29.805],[75.7469,29.8073],[75.7378,29.814],[75.7206,29.8136],[75.7179,29.803],[75.7141,29.8019],[75.7127,29.7927],[75.7166,29.7887],[75.7101,29.7804],[75.7123,29.7741],[75.7046,29.7636],[75.7091,29.7558],[75.7031,29.7523],[75.6913,29.7559],[75.6776,29.7764],[75.6681,29.7774],[75.6641,29.7752],[75.661,29.7768],[75.6559,29.7738],[75.6464,29.7755],[75.6351,29.7723],[75.6345,29.7553],[75.6258,29.7477],[75.6167,29.7443],[75.6052,29.752],[75.5899,29.7475],[75.58,29.7394],[75.5721,29.7433],[75.5697,29.7568],[75.5621,29.7702],[75.5449,29.7708],[75.5379,29.7733],[75.5327,29.7706],[75.523,29.7584],[75.5232,29.7692],[75.5189,29.7756],[75.5027,29.7779],[75.4994,29.783],[75.4855,29.7915],[75.4796,29.7928],[75.4613,29.8078],[75.4552,29.8057],[75.4528,29.8019],[75.4582,29.7948],[75.4539,29.782],[75.4474,29.7838],[75.4377,29.7797],[75.4278,29.771],[75.4217,29.773],[75.4214,29.7751],[75.4194,29.7702],[75.4139,29.77],[75.406,29.7607],[75.4048,29.739],[75.3964,29.7395],[75.3954,29.7336],[75.3883,29.7302],[75.3934,29.722],[75.3892,29.7161],[75.3922,29.7133],[75.373,29.7133],[75.3698,29.7109],[75.3708,29.7045],[75.359,29.7055],[75.3586,29.6998],[75.3514,29.6961],[75.3457,29.696],[75.3542,29.6749],[75.3598,29.6682],[75.3601,29.6626],[75.3581,29.6608],[75.3486,29.6666],[75.341,29.6753],[75.3332,29.6731],[75.3318,29.6632],[75.3222,29.6516],[75.321,29.6473],[75.3235,29.6425],[75.319,29.634],[75.3073,29.6248],[75.2958,29.6251],[75.2949,29.6157],[75.2896,29.6086],[75.3034,29.6026],[75.3056,29.5957],[75.3199,29.5874],[75.3113,29.5802],[75.3094,29.5608],[75.303,29.5597],[75.3009,29.5562],[75.3038,29.5498],[75.3028,29.5419],[75.2969,29.5381],[75.2948,29.5338],[75.3022,29.5242],[75.2956,29.5236],[75.2891,29.5185],[75.278,29.5151],[75.2739,29.5093],[75.2877,29.4937],[75.2811,29.4799],[75.2809,29.4737],[75.2921,29.4526],[75.302,29.4423],[75.3011,29.4393],[75.2854,29.4228],[75.2351,29.4188],[75.2335,29.4116],[75.22,29.3977],[75.2277,29.3798],[75.2432,29.3764],[75.2636,29.3598],[75.2651,29.3457],[75.2562,29.3369],[75.2355,29.3358],[75.2258,29.3258],[75.2411,29.2973],[75.234,29.2687],[75.2452,29.2503],[75.2558,29.2518],[75.2841,29.2489],[75.2859,29.2691],[75.2883,29.2734],[75.2983,29.2719],[75.3067,29.2746],[75.3171,29.2818],[75.3229,29.2895],[75.335,29.2869],[75.3406,29.2808],[75.3471,29.2829],[75.348,29.2923],[75.3578,29.3099],[75.3814,29.3127],[75.3985,29.3178],[75.3985,29.3368],[75.4005,29.3417],[75.4158,29.3461],[75.4236,29.3554],[75.4278,29.3687],[75.4389,29.3698],[75.4497,29.3532],[75.4738,29.3588],[75.4674,29.3657],[75.4713,29.3766],[75.4819,29.3897],[75.4908,29.3932],[75.5165,29.3981],[75.5245,29.3708],[75.5297,29.3627],[75.5599,29.3608],[75.5601,29.3568],[75.5723,29.3598],[75.5805,29.3583],[75.584,29.3545],[75.5855,29.3402],[75.5904,29.3369],[75.6006,29.338],[75.605,29.3445],[75.6046,29.3535],[75.5955,29.3606],[75.6025,29.3694],[75.6154,29.3714],[75.6165,29.3845],[75.6141,29.3877],[75.6161,29.4032],[75.6201,29.4033],[75.6215,29.4079],[75.6239,29.4071],[75.6309,29.4167],[75.6385,29.4146],[75.6463,29.4205],[75.6603,29.425],[75.7013,29.4244],[75.7105,29.4304],[75.7166,29.429],[75.7307,29.4174],[75.7241,29.405],[75.7381,29.3965],[75.754,29.405],[75.7568,29.4087],[75.7716,29.415],[75.781,29.4375],[75.7723,29.4472],[75.7558,29.4769],[75.7518,29.4803],[75.7548,29.4946],[75.7618,29.5066],[75.7813,29.5122],[75.7878,29.5181],[75.7988,29.5155],[75.8019,29.521],[75.8054,29.5215],[75.8163,29.5182],[75.8243,29.5114],[75.8342,29.5085],[75.8397,29.5098],[75.8545,29.5259],[75.855,29.5363],[75.8522,29.5393],[75.8582,29.5504],[75.872,29.5558],[75.8724,29.5452],[75.8767,29.5378],[75.8942,29.5364],[75.8971,29.5469],[75.8945,29.5578],[75.9164,29.5541],[75.9229,29.5628],[75.9266,29.5761],[75.9348,29.5803],[75.9403,29.5797],[75.9492,29.5705],[75.9641,29.5625],[75.9601,29.5758],[75.9614,29.5915],[75.9487,29.5939],[75.9526,29.6007],[75.9517,29.6063],[75.9573,29.6129],[75.9549,29.6139],[75.9566,29.627],[75.9468,29.6387],[75.947,29.6414],[75.9413,29.6415],[75.9487,29.655],[75.9514,29.6702],[75.9429,29.6819],[75.9365,29.6818],[75.9336,29.6847],[75.9447,29.703],[75.9473,29.7294],[75.9387,29.7307],[75.9224,29.7377],[75.9149,29.743],[75.9146,29.748],[75.9063,29.754],[75.9023,29.7515],[75.9044,29.7489],[75.9008,29.7489],[75.8988,29.7463],[75.8859,29.7454],[75.8813,29.7511],[75.8702,29.7493],[75.8703,29.7576],[75.8667,29.7666],[75.8514,29.7727],[75.8529,29.7781],[75.8458,29.7823],[75.8437,29.7899],[75.8405,29.7887],[75.837,29.7943],[75.8349,29.8088],[75.8377,29.813],[75.8348,29.8145],[75.8303,29.8118],[75.8259,29.8153],[75.8214,29.807],[75.8158,29.8042],[75.8056,29.8048],[75.7888,29.8111],[75.7829,29.8208],[75.7789,29.8224]]]},"properties":{"dtname":"Fatehabad","stname":"HARYANA","stcode11":"06","dtcode11":"078","year_stat":"2011_c","Shape_Length":381009.2000377014,"Shape_Area":3353630554.056897,"OBJECTID":668,"test":0,"Dist_LGD":61,"State_LGD":6}},{"type":"Feature","id":672,"geometry":{"type":"Polygon","coordinates":[[[75.9364,29.5804],[75.9266,29.5761],[75.9229,29.5628],[75.9164,29.5541],[75.8945,29.5578],[75.8971,29.5469],[75.8942,29.5364],[75.8767,29.5378],[75.8724,29.5452],[75.872,29.5558],[75.8582,29.5504],[75.8522,29.5393],[75.855,29.5363],[75.8545,29.5259],[75.8397,29.5098],[75.8342,29.5085],[75.8243,29.5114],[75.8163,29.5182],[75.8054,29.5215],[75.8019,29.521],[75.7988,29.5155],[75.7878,29.5181],[75.7813,29.5122],[75.7618,29.5066],[75.7548,29.4946],[75.7518,29.4803],[75.7558,29.4769],[75.7723,29.4472],[75.781,29.4375],[75.7716,29.415],[75.7568,29.4087],[75.754,29.405],[75.7381,29.3965],[75.7241,29.405],[75.7307,29.4174],[75.7166,29.429],[75.7105,29.4304],[75.7013,29.4244],[75.6603,29.425],[75.6463,29.4205],[75.6385,29.4146],[75.6309,29.4167],[75.6239,29.4071],[75.6215,29.4079],[75.6201,29.4033],[75.6161,29.4032],[75.6141,29.3877],[75.6165,29.3845],[75.6154,29.3714],[75.6025,29.3694],[75.5955,29.3606],[75.6046,29.3535],[75.605,29.3445],[75.6006,29.338],[75.5904,29.3369],[75.5847,29.342],[75.5843,29.3533],[75.5821,29.3574],[75.5723,29.3598],[75.5601,29.3568],[75.5599,29.3608],[75.5297,29.3627],[75.5245,29.3708],[75.5165,29.3981],[75.498,29.395],[75.4828,29.3902],[75.4759,29.3837],[75.4674,29.3666],[75.4693,29.3617],[75.4738,29.3588],[75.4497,29.3532],[75.4389,29.3698],[75.4278,29.3687],[75.4236,29.3554],[75.4158,29.3461],[75.4005,29.3417],[75.3985,29.3368],[75.3985,29.3178],[75.3553,29.3081],[75.3536,29.2996],[75.348,29.2923],[75.3471,29.2829],[75.3406,29.2808],[75.3387,29.252],[75.3339,29.2412],[75.3281,29.2353],[75.3311,29.232],[75.3559,29.223],[75.3613,29.2294],[75.3623,29.2444],[75.376,29.2552],[75.3932,29.2613],[75.4054,29.2605],[75.406,29.257],[75.4106,29.2555],[75.412,29.2428],[75.4087,29.2419],[75.4088,29.2351],[75.405,29.2282],[75.4021,29.2271],[75.4023,29.2225],[75.398,29.2235],[75.3968,29.2175],[75.4029,29.2133],[75.4085,29.2132],[75.4073,29.2112],[75.411,29.2075],[75.4113,29.1939],[75.4144,29.1843],[75.4094,29.1802],[75.4059,29.1729],[75.4067,29.1697],[75.3952,29.1677],[75.3813,29.1689],[75.3813,29.1528],[75.3787,29.1422],[75.3743,29.1428],[75.3712,29.14],[75.3844,29.1295],[75.4021,29.1279],[75.4058,29.1198],[75.3939,29.1101],[75.3921,29.102],[75.3938,29.0982],[75.3969,29.0976],[75.3957,29.0932],[75.3928,29.0928],[75.391,29.0854],[75.3947,29.0759],[75.3912,29.0627],[75.4106,29.0622],[75.4314,29.0563],[75.4418,29.0575],[75.4432,29.048],[75.4462,29.0486],[75.4519,29.0392],[75.4504,29.0354],[75.4471,29.0351],[75.4478,29.0304],[75.4429,29.0231],[75.4457,29.018],[75.4457,29.0083],[75.4599,29.0144],[75.4629,29.0125],[75.4726,29.0143],[75.4978,29.0127],[75.5155,29.0083],[75.5218,29.0039],[75.5224,28.994],[75.5268,28.9853],[75.5272,28.9705],[75.548,28.9664],[75.5649,28.9805],[75.5792,28.9817],[75.5826,28.986],[75.5829,28.9832],[75.5864,28.9827],[75.5968,28.9897],[75.6132,28.9866],[75.6202,28.9836],[75.6281,28.9763],[75.6306,28.9779],[75.6296,28.9732],[75.6355,28.9696],[75.6363,28.963],[75.6393,28.9615],[75.6403,28.9567],[75.6379,28.9539],[75.6462,28.9459],[75.6479,28.9377],[75.6536,28.9364],[75.6587,28.9398],[75.6624,28.9381],[75.6674,28.9296],[75.6717,28.9277],[75.6739,28.9193],[75.6824,28.911],[75.6952,28.9059],[75.7142,28.9032],[75.7515,28.9053],[75.7689,28.8986],[75.7713,28.8996],[75.7775,28.9121],[75.7777,28.918],[75.7917,28.9252],[75.7997,28.9258],[75.8138,28.9156],[75.8321,28.9116],[75.8378,28.9129],[75.8476,28.921],[75.8589,28.9366],[75.8532,28.9526],[75.8779,28.971],[75.8858,28.9882],[75.8957,28.986],[75.8984,28.9975],[75.8973,29.0037],[75.9045,29.0172],[75.9107,29.0212],[75.9223,29.0231],[75.9475,29.0089],[75.9502,29.0046],[75.9559,29.0042],[75.959,29.0],[75.9793,28.9953],[75.9772,29.0139],[75.9783,29.0309],[75.9746,29.032],[75.968,29.0629],[75.9759,29.0673],[75.9839,29.0814],[76.0118,29.0603],[76.0277,29.0645],[76.0389,29.0613],[76.044,29.066],[76.045,29.0383],[76.0523,29.0299],[76.0648,29.0235],[76.075,29.0229],[76.0756,29.0333],[76.0802,29.0412],[76.0983,29.0473],[76.1316,29.0351],[76.1372,29.0454],[76.1504,29.0441],[76.1666,29.0507],[76.1904,29.0514],[76.2008,29.0415],[76.201,29.0351],[76.2066,29.0299],[76.1964,29.0191],[76.2025,29.0117],[76.2015,29.007],[76.2091,29.0027],[76.2096,29.0],[76.2294,28.9893],[76.2361,29.0006],[76.2462,29.0044],[76.2451,29.0114],[76.2499,29.0251],[76.2394,29.0465],[76.2396,29.0523],[76.2447,29.061],[76.2531,29.0599],[76.2563,29.0639],[76.2656,29.065],[76.275,29.0634],[76.2785,29.066],[76.283,29.0642],[76.3013,29.086],[76.3019,29.0957],[76.3151,29.1094],[76.3181,29.1171],[76.3102,29.1204],[76.3052,29.1268],[76.3057,29.1427],[76.2984,29.1555],[76.2954,29.1775],[76.3001,29.1774],[76.2983,29.1829],[76.3001,29.1883],[76.2928,29.1926],[76.2899,29.1995],[76.2805,29.2087],[76.2591,29.2074],[76.2255,29.2187],[76.2234,29.2242],[76.2281,29.2388],[76.2112,29.2481],[76.2146,29.2533],[76.2136,29.2559],[76.2062,29.2594],[76.2028,29.2636],[76.2071,29.265],[76.1981,29.2778],[76.1867,29.2861],[76.1883,29.2918],[76.1956,29.2989],[76.2093,29.3193],[76.2018,29.3269],[76.1913,29.331],[76.1778,29.3407],[76.1981,29.3601],[76.2066,29.3644],[76.2065,29.3812],[76.203,29.3859],[76.2031,29.3959],[76.1991,29.3976],[76.1986,29.4029],[76.1912,29.4103],[76.1843,29.4132],[76.1669,29.4135],[76.1572,29.42],[76.1532,29.4186],[76.153,29.4143],[76.1429,29.4093],[76.1318,29.3901],[76.1122,29.4064],[76.0936,29.4038],[76.0843,29.4113],[76.0802,29.4296],[76.0829,29.4366],[76.0767,29.4415],[76.0511,29.4399],[76.045,29.4327],[76.036,29.4271],[76.0296,29.4274],[76.0275,29.4229],[76.0238,29.4242],[76.0199,29.4274],[76.0179,29.4388],[76.0121,29.4425],[76.0062,29.4421],[76.006,29.4448],[76.0011,29.4469],[75.996,29.4472],[75.9987,29.4608],[76.0045,29.4625],[76.0138,29.4807],[76.0056,29.4866],[75.9881,29.4889],[75.9606,29.4972],[75.9498,29.4941],[75.933,29.4991],[75.9383,29.5128],[75.9494,29.5174],[75.9516,29.5213],[75.9601,29.5379],[75.9593,29.5421],[75.9636,29.5541],[75.9632,29.5628],[75.9492,29.5705],[75.9403,29.5797],[75.9364,29.5804]]]},"properties":{"dtname":"Hisar","stname":"HARYANA","stcode11":"06","dtcode11":"080","year_stat":"2011_c","Shape_Length":489519.88457072084,"Shape_Area":5367512020.597426,"OBJECTID":672,"test":0,"Dist_LGD":63,"State_LGD":6}},{"type":"Feature","id":674,"geometry":{"type":"Polygon","coordinates":[[[76.818,29.5142],[76.8187,29.5074],[76.8154,29.5005],[76.7955,29.4719],[76.7952,29.4667],[76.7848,29.4673],[76.7755,29.4744],[76.7547,29.4581],[76.7474,29.4423],[76.7501,29.438],[76.741,29.432],[76.7419,29.4289],[76.731,29.4125],[76.7405,29.4067],[76.7346,29.3882],[76.7176,29.3867],[76.7106,29.3819],[76.69,29.3837],[76.6856,29.3768],[76.6717,29.3756],[76.6503,29.3681],[76.6478,29.3611],[76.6483,29.3383],[76.6319,29.3146],[76.6417,29.3053],[76.6367,29.2975],[76.6433,29.289],[76.6691,29.2793],[76.677,29.2804],[76.6824,29.2741],[76.682,29.2694],[76.7088,29.261],[76.7137,29.2582],[76.7155,29.2509],[76.7252,29.2529],[76.7278,29.2569],[76.7332,29.2555],[76.753,29.2627],[76.7696,29.2799],[76.7795,29.282],[76.7821,29.2774],[76.7963,29.2725],[76.798,29.258],[76.7931,29.2508],[76.7968,29.2487],[76.7954,29.2464],[76.801,29.2392],[76.8023,29.2276],[76.8112,29.2218],[76.8111,29.2176],[76.842,29.2056],[76.8548,29.2058],[76.8609,29.1982],[76.8756,29.1919],[76.8856,29.1945],[76.8897,29.1995],[76.8895,29.2064],[76.8944,29.2105],[76.9096,29.2142],[76.9181,29.2194],[76.9389,29.2087],[76.9474,29.209],[76.9596,29.2051],[76.9674,29.1971],[76.9639,29.1937],[76.9821,29.1884],[76.9917,29.1903],[76.9988,29.1855],[77.0069,29.189],[77.0074,29.1858],[77.018,29.1854],[77.0289,29.1776],[77.0503,29.1844],[77.0526,29.1815],[77.052,29.1763],[77.0599,29.1728],[77.0613,29.1758],[77.0727,29.1753],[77.0783,29.1796],[77.0875,29.1753],[77.0973,29.1618],[77.1143,29.1696],[77.1433,29.1669],[77.1473,29.1796],[77.1402,29.1922],[77.1433,29.1944],[77.1424,29.2034],[77.1343,29.21],[77.1314,29.2175],[77.1335,29.2235],[77.15,29.2328],[77.1494,29.25],[77.1454,29.2576],[77.1399,29.2614],[77.1389,29.2679],[77.145,29.2833],[77.1495,29.2881],[77.1506,29.2947],[77.1583,29.3029],[77.1605,29.3134],[77.1566,29.3187],[77.1565,29.3228],[77.1611,29.3324],[77.1597,29.3368],[77.1517,29.3411],[77.1313,29.3413],[77.1244,29.3515],[77.1289,29.3571],[77.1234,29.3673],[77.127,29.3758],[77.1426,29.3775],[77.1574,29.3874],[77.1535,29.3907],[77.151,29.39],[77.1509,29.3872],[77.1474,29.3879],[77.1332,29.4009],[77.1331,29.4188],[77.1443,29.4266],[77.1484,29.4341],[77.1445,29.4454],[77.1339,29.4476],[77.1232,29.4554],[77.1227,29.4689],[77.1322,29.4782],[77.1322,29.4847],[77.1168,29.4695],[77.0964,29.4634],[77.0874,29.4583],[77.0773,29.4453],[77.0638,29.4404],[77.0544,29.4495],[77.0484,29.4491],[77.0517,29.4503],[77.0544,29.4642],[77.0488,29.4665],[77.0389,29.4588],[77.0365,29.4541],[77.0378,29.4518],[77.0312,29.4511],[77.0229,29.4454],[77.0178,29.4482],[77.0077,29.4461],[77.0086,29.4495],[77.0,29.4504],[76.9842,29.4637],[76.974,29.46],[76.9695,29.4606],[76.9574,29.4684],[76.9358,29.4764],[76.9279,29.4825],[76.9155,29.4825],[76.9072,29.4675],[76.8812,29.4921],[76.8742,29.49],[76.8697,29.4918],[76.8616,29.4884],[76.8558,29.49],[76.8288,29.5121],[76.818,29.5142]]]},"properties":{"dtname":"Panipat","stname":"HARYANA","stcode11":"06","dtcode11":"075","year_stat":"2011_c","Shape_Length":230938.62764022898,"Shape_Area":1672564165.9428053,"OBJECTID":674,"test":0,"Dist_LGD":71,"State_LGD":6}},{"type":"Feature","id":678,"geometry":{"type":"Polygon","coordinates":[[[76.6108,29.2892],[76.605,29.2885],[76.5974,29.2802],[76.5826,29.2853],[76.5609,29.2809],[76.5616,29.2713],[76.5542,29.2567],[76.5618,29.2457],[76.5642,29.2393],[76.5625,29.2362],[76.5683,29.2263],[76.5596,29.2088],[76.5434,29.2097],[76.534,29.214],[76.5248,29.2213],[76.5253,29.2317],[76.5121,29.2323],[76.4834,29.2426],[76.4745,29.238],[76.4767,29.2355],[76.478,29.2223],[76.4906,29.2067],[76.4956,29.1782],[76.5121,29.1631],[76.5109,29.156],[76.5053,29.1558],[76.4989,29.151],[76.4894,29.1369],[76.4865,29.13],[76.4857,29.116],[76.4775,29.0922],[76.5099,29.0771],[76.5159,29.0857],[76.5212,29.0843],[76.5269,29.0924],[76.5293,29.0917],[76.5392,29.098],[76.5461,29.092],[76.5507,29.0802],[76.5613,29.071],[76.5637,29.0623],[76.567,29.0588],[76.5796,29.058],[76.593,29.0606],[76.5993,29.0572],[76.6339,29.0545],[76.6414,29.052],[76.6526,29.0551],[76.6771,29.0403],[76.69,29.0372],[76.6982,29.0388],[76.7024,29.0316],[76.7215,29.0201],[76.7219,29.0159],[76.7263,29.0112],[76.7365,29.0074],[76.7342,28.9971],[76.7368,28.9896],[76.7325,28.9856],[76.726,28.9718],[76.7424,28.9614],[76.7597,28.9655],[76.7627,28.9594],[76.7749,28.9486],[76.7716,28.9381],[76.7775,28.9339],[76.7779,28.9309],[76.7892,28.9256],[76.7949,28.9245],[76.8043,28.9289],[76.8191,28.9312],[76.8271,28.9159],[76.8259,28.9012],[76.8153,28.876],[76.8092,28.8678],[76.823,28.8601],[76.8416,28.8625],[76.8472,28.8608],[76.8528,28.8531],[76.8628,28.8464],[76.8682,28.833],[76.8684,28.8236],[76.8819,28.818],[76.8869,28.8128],[76.8878,28.8033],[76.8913,28.7979],[76.8965,28.7952],[76.8981,28.7974],[76.9116,28.7935],[76.9231,28.8011],[76.9421,28.7985],[76.9463,28.8067],[76.9457,28.8104],[76.9508,28.8183],[76.9617,28.8149],[76.9671,28.8281],[76.9802,28.8215],[76.9869,28.8338],[76.9948,28.8395],[77.0233,28.8394],[77.04,28.8318],[77.0451,28.841],[77.0457,28.8475],[77.0578,28.8678],[77.061,28.8711],[77.0692,28.8672],[77.0717,28.869],[77.0746,28.8675],[77.0792,28.872],[77.0776,28.8772],[77.0824,28.8838],[77.0868,28.881],[77.0875,28.8755],[77.0949,28.8714],[77.1098,28.8701],[77.1209,28.8583],[77.1249,28.8577],[77.1322,28.8636],[77.1403,28.8621],[77.142,28.8563],[77.1453,28.8537],[77.142,28.8471],[77.1424,28.8389],[77.1571,28.8367],[77.1568,28.8391],[77.1659,28.8491],[77.1721,28.8499],[77.173,28.8573],[77.1754,28.8584],[77.2099,28.8577],[77.2077,28.8621],[77.1893,28.868],[77.1921,28.8758],[77.189,28.8802],[77.1954,28.8862],[77.2082,28.8881],[77.2149,28.8852],[77.2205,28.8788],[77.2281,28.8812],[77.2276,28.894],[77.2323,28.8976],[77.2344,28.9103],[77.2323,28.9198],[77.2249,28.9231],[77.2223,28.9282],[77.2134,28.9332],[77.2006,28.9343],[77.1955,28.9405],[77.1973,28.9465],[77.1928,28.9589],[77.195,28.9672],[77.2001,28.9713],[77.2023,28.9872],[77.198,28.9898],[77.191,29.006],[77.1931,29.0132],[77.1891,29.0277],[77.1851,29.0315],[77.1777,29.0297],[77.167,29.0338],[77.1721,29.0465],[77.168,29.0546],[77.1638,29.0795],[77.1467,29.0806],[77.1341,29.0952],[77.1389,29.108],[77.1453,29.1098],[77.149,29.1169],[77.1474,29.1336],[77.1359,29.142],[77.1362,29.1496],[77.1429,29.1563],[77.1433,29.1669],[77.1143,29.1696],[77.0973,29.1618],[77.0875,29.1753],[77.0783,29.1796],[77.0727,29.1753],[77.0613,29.1758],[77.0599,29.1728],[77.052,29.1763],[77.0526,29.1815],[77.0503,29.1844],[77.0289,29.1776],[77.018,29.1854],[77.0074,29.1858],[77.0069,29.189],[76.9988,29.1855],[76.9917,29.1903],[76.9821,29.1884],[76.9639,29.1937],[76.9674,29.1971],[76.9596,29.2051],[76.9474,29.209],[76.9389,29.2087],[76.9181,29.2194],[76.9096,29.2142],[76.8944,29.2105],[76.8895,29.2064],[76.8897,29.1995],[76.8856,29.1945],[76.8756,29.1919],[76.8609,29.1982],[76.8548,29.2058],[76.842,29.2056],[76.8111,29.2176],[76.8112,29.2218],[76.8023,29.2276],[76.801,29.2392],[76.7954,29.2464],[76.7968,29.2487],[76.7931,29.2508],[76.798,29.258],[76.7963,29.2725],[76.7821,29.2774],[76.7795,29.282],[76.7696,29.2799],[76.753,29.2627],[76.7332,29.2555],[76.7278,29.2569],[76.7252,29.2529],[76.7155,29.2509],[76.7137,29.2582],[76.7088,29.261],[76.6821,29.2695],[76.6785,29.2648],[76.6562,29.2655],[76.6486,29.2696],[76.6461,29.2736],[76.6342,29.2749],[76.6108,29.2892]]]},"properties":{"dtname":"Sonipat","stname":"HARYANA","stcode11":"06","dtcode11":"076","year_stat":"2011_c","Shape_Length":326244.18078207265,"Shape_Area":2863218216.3186,"OBJECTID":678,"test":0,"Dist_LGD":75,"State_LGD":6}},{"type":"Feature","id":684,"geometry":{"type":"Polygon","coordinates":[[[75.9841,29.0812],[75.9759,29.0673],[75.968,29.0629],[75.9746,29.032],[75.9783,29.0309],[75.9772,29.0139],[75.9795,28.9955],[75.959,29.0],[75.9559,29.0042],[75.9502,29.0046],[75.9475,29.0089],[75.9223,29.0231],[75.91,29.0208],[75.9045,29.0172],[75.8973,29.0037],[75.8984,28.9975],[75.8957,28.986],[75.8858,28.9882],[75.8779,28.971],[75.8532,28.9526],[75.8586,28.9352],[75.8476,28.921],[75.8373,28.9126],[75.8317,28.9116],[75.8138,28.9156],[75.7992,28.9259],[75.7917,28.9252],[75.7778,28.9181],[75.7775,28.9121],[75.7698,28.8987],[75.7515,28.9053],[75.7142,28.9032],[75.6952,28.9059],[75.6803,28.9123],[75.6739,28.9193],[75.6714,28.9282],[75.6674,28.9296],[75.6624,28.9381],[75.6587,28.9398],[75.6536,28.9364],[75.6479,28.9377],[75.6462,28.9459],[75.6379,28.9539],[75.6403,28.9567],[75.6393,28.9615],[75.6363,28.963],[75.6355,28.9696],[75.6296,28.9732],[75.6306,28.9779],[75.6281,28.9763],[75.6177,28.9848],[75.5999,28.9898],[75.5942,28.9889],[75.5864,28.9827],[75.5829,28.9832],[75.5826,28.986],[75.5792,28.9817],[75.5649,28.9805],[75.548,28.9664],[75.525,28.97],[75.5211,28.9629],[75.5147,28.9607],[75.51,28.9539],[75.5083,28.9483],[75.5115,28.9421],[75.5087,28.9423],[75.5057,28.9359],[75.4986,28.934],[75.4933,28.9363],[75.4838,28.9334],[75.4772,28.9347],[75.4735,28.9243],[75.484,28.9075],[75.4873,28.908],[75.4875,28.9032],[75.4929,28.9011],[75.4965,28.8963],[75.4984,28.849],[75.5054,28.8511],[75.505,28.8444],[75.5076,28.8428],[75.5078,28.8392],[75.5153,28.8398],[75.5155,28.8342],[75.5202,28.834],[75.5194,28.8129],[75.5161,28.8123],[75.5088,28.8027],[75.5089,28.7955],[75.5115,28.7935],[75.5086,28.7912],[75.5063,28.7922],[75.5081,28.7886],[75.5048,28.7876],[75.5034,28.7824],[75.5108,28.781],[75.5139,28.7733],[75.5176,28.7738],[75.5165,28.7704],[75.522,28.7679],[75.5221,28.761],[75.5239,28.761],[75.5239,28.7572],[75.5303,28.7474],[75.5348,28.7466],[75.543,28.7504],[75.5304,28.7383],[75.5399,28.7249],[75.5374,28.718],[75.5389,28.6948],[75.545,28.6831],[75.5412,28.6605],[75.5451,28.6594],[75.5442,28.6542],[75.5495,28.6415],[75.5548,28.6438],[75.5607,28.6359],[75.5615,28.6132],[75.5862,28.6132],[75.5877,28.608],[75.5911,28.6056],[75.6217,28.6021],[75.624,28.5956],[75.6257,28.5658],[75.6317,28.5539],[75.6335,28.5444],[75.6395,28.5442],[75.6452,28.5394],[75.6537,28.5366],[75.6658,28.536],[75.6709,28.5314],[75.6709,28.5173],[75.6842,28.511],[75.69,28.4999],[75.702,28.4918],[75.7079,28.4937],[75.7186,28.4902],[75.729,28.4907],[75.7309,28.4862],[75.7395,28.4848],[75.7384,28.4775],[75.7357,28.476],[75.7356,28.4688],[75.7883,28.4536],[75.7921,28.4446],[75.7885,28.4336],[75.7808,28.4329],[75.7798,28.4275],[75.7697,28.4228],[75.7667,28.4142],[75.7763,28.4042],[75.7768,28.4004],[75.7885,28.4042],[75.7886,28.4012],[75.7945,28.3996],[75.7995,28.4038],[75.7995,28.4072],[75.8069,28.4091],[75.806,28.4059],[75.8098,28.4058],[75.8186,28.4099],[75.8228,28.4056],[75.8221,28.403],[75.8328,28.4054],[75.8374,28.4021],[75.8391,28.3948],[75.8443,28.3946],[75.845,28.3917],[75.864,28.389],[75.864,28.3852],[75.8755,28.3872],[75.8909,28.3832],[75.8931,28.3897],[75.8963,28.3901],[75.8968,28.399],[75.9006,28.3993],[75.8989,28.4084],[75.9019,28.4079],[75.9036,28.4104],[75.8977,28.4157],[75.9005,28.4227],[75.8973,28.4244],[75.9033,28.4268],[75.9032,28.4337],[75.9097,28.4374],[75.9083,28.4431],[75.9109,28.4543],[75.899,28.4704],[75.8887,28.4749],[75.8851,28.484],[75.8803,28.489],[75.899,28.4892],[75.9337,28.4792],[75.9362,28.4952],[75.8988,28.5007],[75.8998,28.5154],[75.8809,28.514],[75.878,28.4905],[75.8664,28.4964],[75.8535,28.4972],[75.8525,28.4995],[75.8442,28.5021],[75.836,28.5024],[75.8215,28.5105],[75.8169,28.5108],[75.8159,28.5126],[75.8233,28.5176],[75.8249,28.5292],[75.823,28.5389],[75.8255,28.5452],[75.8329,28.5571],[75.85,28.5667],[75.8462,28.5723],[75.8476,28.5875],[75.8669,28.5967],[75.8808,28.6003],[75.8909,28.6083],[75.8993,28.6097],[75.9076,28.6107],[75.9208,28.6064],[75.9333,28.6073],[75.9427,28.6035],[75.9563,28.6045],[75.9746,28.6156],[75.9855,28.6168],[76.0035,28.6242],[76.0059,28.632],[76.0161,28.6388],[76.0436,28.645],[76.0436,28.6497],[76.0478,28.6545],[76.0728,28.6676],[76.0827,28.666],[76.083,28.6679],[76.0858,28.6676],[76.0826,28.6595],[76.1055,28.6547],[76.1029,28.6643],[76.0984,28.6684],[76.101,28.6735],[76.0975,28.6751],[76.099,28.678],[76.0969,28.6785],[76.0973,28.6809],[76.1013,28.6796],[76.1028,28.6742],[76.112,28.6735],[76.1145,28.6758],[76.1212,28.6742],[76.1221,28.6691],[76.127,28.6651],[76.1227,28.6513],[76.1328,28.6485],[76.1355,28.6658],[76.1242,28.6816],[76.1338,28.6873],[76.1498,28.6852],[76.1694,28.6764],[76.1776,28.6683],[76.1782,28.6707],[76.183,28.6711],[76.1905,28.6828],[76.2039,28.6801],[76.2029,28.6759],[76.2328,28.6773],[76.2333,28.6884],[76.2309,28.696],[76.2432,28.6998],[76.2442,28.7057],[76.2382,28.7227],[76.2496,28.7262],[76.2554,28.7412],[76.2644,28.7355],[76.2721,28.7424],[76.2757,28.7551],[76.2739,28.7567],[76.2758,28.7578],[76.2746,28.7617],[76.2778,28.7795],[76.288,28.7784],[76.2923,28.7851],[76.2923,28.8074],[76.2999,28.81],[76.3073,28.8089],[76.3135,28.8141],[76.334,28.8134],[76.3469,28.8378],[76.344,28.8444],[76.3446,28.8495],[76.3652,28.8788],[76.3607,28.8805],[76.3582,28.8864],[76.3522,28.8912],[76.3526,28.8953],[76.3259,28.8969],[76.31,28.9009],[76.307,28.8984],[76.3044,28.9013],[76.2779,28.9083],[76.2775,28.9059],[76.2708,28.9033],[76.2559,28.9052],[76.2542,28.9036],[76.2358,28.9113],[76.2365,28.9226],[76.2439,28.9415],[76.223,28.9503],[76.2224,28.9534],[76.2124,28.9551],[76.214,28.9733],[76.2287,28.9896],[76.2162,28.9951],[76.2015,29.007],[76.2025,29.0117],[76.1964,29.0191],[76.2066,29.0299],[76.201,29.0351],[76.2008,29.0415],[76.1913,29.0511],[76.1666,29.0507],[76.1504,29.0441],[76.1372,29.0454],[76.1316,29.0351],[76.0983,29.0473],[76.0876,29.0449],[76.0777,29.0379],[76.075,29.0229],[76.0686,29.0228],[76.0523,29.0299],[76.0456,29.0372],[76.0436,29.0454],[76.044,29.066],[76.0389,29.0613],[76.0277,29.0645],[76.0118,29.0603],[75.9841,29.0812]]]},"properties":{"dtname":"Bhiwani","stname":"HARYANA","stcode11":"06","dtcode11":"081","year_stat":"2011_c","Shape_Length":465062.8529163222,"Shape_Area":4325746201.340419,"OBJECTID":684,"test":0,"Dist_LGD":59,"State_LGD":6}},{"type":"Feature","id":685,"geometry":{"type":"Polygon","coordinates":[[[76.539,29.0979],[76.5293,29.0917],[76.5269,29.0924],[76.5212,29.0843],[76.5159,29.0857],[76.5099,29.0771],[76.4775,29.0922],[76.4732,29.0831],[76.4692,29.0828],[76.4617,29.0659],[76.4546,29.0608],[76.4474,29.0614],[76.4436,29.0554],[76.4029,29.0757],[76.3988,29.0756],[76.3795,29.0657],[76.3584,29.0763],[76.3501,29.0832],[76.3374,29.0828],[76.3216,29.0874],[76.3138,29.0833],[76.3014,29.0865],[76.283,29.0642],[76.2785,29.066],[76.275,29.0634],[76.2656,29.065],[76.2563,29.0639],[76.2531,29.0599],[76.2447,29.061],[76.2396,29.0523],[76.2394,29.0465],[76.2499,29.0251],[76.2451,29.0114],[76.2466,29.0049],[76.2361,29.0006],[76.2301,28.9896],[76.2139,28.9727],[76.2124,28.9551],[76.2224,28.9534],[76.223,28.9503],[76.2439,28.9415],[76.2365,28.9226],[76.2358,28.9113],[76.2542,28.9036],[76.2559,28.9052],[76.2708,28.9033],[76.2775,28.9059],[76.2779,28.9083],[76.3044,28.9013],[76.307,28.8984],[76.31,28.9009],[76.3259,28.8969],[76.3526,28.8953],[76.3522,28.8912],[76.3582,28.8864],[76.3607,28.8805],[76.3652,28.8788],[76.3446,28.8495],[76.344,28.8444],[76.3469,28.8378],[76.3335,28.8114],[76.3398,28.8046],[76.3596,28.7995],[76.3591,28.7955],[76.3674,28.7877],[76.3856,28.7828],[76.3869,28.7703],[76.3777,28.7587],[76.374,28.7414],[76.3975,28.7329],[76.3916,28.7297],[76.381,28.7156],[76.3795,28.7051],[76.3803,28.7018],[76.3974,28.6868],[76.4062,28.6826],[76.42,28.7029],[76.4145,28.7189],[76.4153,28.7235],[76.4252,28.7224],[76.4311,28.7272],[76.4402,28.7289],[76.4453,28.7361],[76.4754,28.7416],[76.4907,28.7391],[76.4932,28.7368],[76.503,28.743],[76.5231,28.7375],[76.5302,28.7512],[76.5789,28.7348],[76.589,28.7448],[76.5948,28.7545],[76.5954,28.7814],[76.6039,28.7887],[76.6042,28.7922],[76.6267,28.7893],[76.6328,28.7935],[76.6399,28.8039],[76.6452,28.8042],[76.6453,28.8085],[76.6327,28.8209],[76.6317,28.8251],[76.6322,28.8313],[76.6434,28.8396],[76.6523,28.8306],[76.6556,28.8183],[76.6696,28.8132],[76.6706,28.7961],[76.6933,28.789],[76.7089,28.7872],[76.7102,28.7783],[76.7083,28.7687],[76.7062,28.7661],[76.6929,28.7636],[76.6869,28.7435],[76.6992,28.7357],[76.7085,28.736],[76.7154,28.753],[76.7155,28.7588],[76.722,28.7603],[76.7405,28.7568],[76.748,28.7656],[76.757,28.7694],[76.7675,28.7626],[76.7672,28.7556],[76.7644,28.7511],[76.7794,28.7431],[76.819,28.7837],[76.8204,28.7913],[76.8341,28.8104],[76.85,28.8076],[76.8547,28.8136],[76.8632,28.8158],[76.8687,28.8233],[76.8682,28.833],[76.8628,28.8464],[76.8528,28.8531],[76.8472,28.8608],[76.8416,28.8625],[76.823,28.8601],[76.8092,28.8678],[76.8153,28.876],[76.8259,28.9012],[76.8271,28.9159],[76.8191,28.9312],[76.8043,28.9289],[76.7949,28.9245],[76.7892,28.9256],[76.7779,28.9309],[76.7775,28.9339],[76.7716,28.9381],[76.7749,28.9486],[76.7627,28.9594],[76.7597,28.9655],[76.7424,28.9614],[76.726,28.9718],[76.7325,28.9856],[76.7368,28.9896],[76.7342,28.9971],[76.7365,29.0074],[76.7263,29.0112],[76.718,29.0232],[76.7062,29.0286],[76.6979,29.039],[76.69,29.0372],[76.6771,29.0403],[76.6526,29.0551],[76.6414,29.052],[76.6339,29.0545],[76.5993,29.0572],[76.593,29.0606],[76.5796,29.058],[76.567,29.0588],[76.5637,29.0623],[76.5613,29.071],[76.5507,29.0802],[76.5461,29.092],[76.539,29.0979]]]},"properties":{"dtname":"Rohtak","stname":"HARYANA","stcode11":"06","dtcode11":"082","year_stat":"2011_c","Shape_Length":286398.8986896243,"Shape_Area":2196371575.803697,"OBJECTID":685,"test":0,"Dist_LGD":73,"State_LGD":6}},{"type":"Feature","id":695,"geometry":{"type":"MultiPolygon","coordinates":[[[[76.917,30.441],[76.9108,30.4442],[76.8952,30.446],[76.896,30.4395],[76.8906,30.441],[76.8864,30.4297],[76.8949,30.4273],[76.898,30.4314],[76.8974,30.4342],[76.9065,30.4358],[76.8986,30.4258],[76.9073,30.4251],[76.9186,30.4382],[76.917,30.441]]],[[[76.8446,30.8893],[76.8264,30.9132],[76.8293,30.9167],[76.8224,30.9286],[76.7981,30.9153],[76.7868,30.9134],[76.7761,30.906],[76.7843,30.8779],[76.7905,30.8698],[76.8012,30.866],[76.8146,30.8525],[76.814,30.843],[76.8232,30.8445],[76.8298,30.8391],[76.8467,30.834],[76.8488,30.8142],[76.8453,30.8072],[76.857,30.7948],[76.8507,30.7912],[76.8543,30.7873],[76.8418,30.7745],[76.8425,30.7716],[76.8389,30.766],[76.8396,30.7571],[76.8338,30.7499],[76.8347,30.7422],[76.8368,30.7427],[76.8315,30.7396],[76.8372,30.7335],[76.8475,30.7315],[76.8494,30.7234],[76.8436,30.7193],[76.845,30.7172],[76.8494,30.7183],[76.8467,30.7169],[76.8483,30.7145],[76.8441,30.7083],[76.8355,30.7036],[76.8251,30.6883],[76.8319,30.6833],[76.8292,30.682],[76.8313,30.6791],[76.8315,30.6648],[76.8325,30.6632],[76.8458,30.6687],[76.8481,30.666],[76.8447,30.6624],[76.8449,30.6591],[76.8468,30.6567],[76.853,30.6572],[76.862,30.6636],[76.8683,30.6735],[76.8764,30.6806],[76.8712,30.6422],[76.8748,30.6409],[76.8776,30.6442],[76.8851,30.6453],[76.8964,30.6359],[76.8928,30.6311],[76.8955,30.629],[76.8997,30.6282],[76.9028,30.6244],[76.9101,30.6262],[76.9135,30.6115],[76.926,30.6101],[76.9223,30.6056],[76.9271,30.6037],[76.9202,30.5933],[76.9096,30.5919],[76.9198,30.5852],[76.9151,30.5822],[76.9149,30.5785],[76.9177,30.5761],[76.9089,30.5648],[76.9175,30.5592],[76.9161,30.5537],[76.9049,30.543],[76.8865,30.5505],[76.8954,30.5386],[76.9125,30.534],[76.9156,30.5258],[76.9215,30.5262],[76.932,30.5222],[76.9292,30.5171],[76.9286,30.5076],[76.9311,30.5009],[76.9189,30.4895],[76.9108,30.4943],[76.899,30.4889],[76.8969,30.4812],[76.9125,30.4686],[76.9071,30.4589],[76.9126,30.4574],[76.9139,30.4528],[76.9226,30.4483],[76.9258,30.453],[76.9209,30.4604],[76.9304,30.4611],[76.9374,30.4721],[76.9442,30.4699],[76.9481,30.4724],[76.9517,30.4717],[76.9559,30.4678],[76.9698,30.4826],[76.9771,30.4799],[76.9863,30.4713],[76.9918,30.4766],[76.9941,30.4754],[77.0025,30.4861],[77.0065,30.4848],[77.0134,30.4899],[77.0156,30.5036],[77.0135,30.5061],[77.0233,30.5093],[77.0269,30.5069],[77.0319,30.5093],[77.0322,30.5116],[77.041,30.5127],[77.0422,30.5192],[77.0521,30.5248],[77.048,30.5322],[77.0426,30.5332],[77.0379,30.5394],[77.0401,30.5526],[77.0528,30.5515],[77.0544,30.5466],[77.0579,30.5449],[77.0643,30.5467],[77.0759,30.5435],[77.0861,30.559],[77.0985,30.5599],[77.1025,30.5582],[77.1062,30.5618],[77.1141,30.5543],[77.1213,30.5648],[77.1229,30.5633],[77.1378,30.5706],[77.1396,30.5794],[77.1475,30.5782],[77.1521,30.5845],[77.16,30.5878],[77.1584,30.59],[77.1643,30.5926],[77.1631,30.5953],[77.1723,30.6013],[77.1694,30.605],[77.1725,30.6094],[77.1706,30.6135],[77.1726,30.6193],[77.1713,30.6277],[77.1769,30.637],[77.1675,30.6425],[77.1634,30.6509],[77.1629,30.6553],[77.1686,30.6634],[77.1688,30.6698],[77.1608,30.6815],[77.1672,30.684],[77.1612,30.691],[77.1548,30.6927],[77.1479,30.6995],[77.1422,30.6995],[77.1376,30.7062],[77.1288,30.7108],[77.1243,30.7218],[77.1138,30.7181],[77.1157,30.7228],[77.114,30.7281],[77.1011,30.7341],[77.0974,30.7382],[77.0793,30.7406],[77.0696,30.7377],[77.0643,30.7423],[77.0574,30.742],[77.0506,30.7492],[77.0505,30.7457],[77.047,30.7481],[77.0437,30.7463],[77.0478,30.738],[77.0361,30.737],[77.0297,30.7337],[77.0205,30.7401],[77.0208,30.7448],[77.0239,30.747],[77.0207,30.752],[77.0163,30.7502],[77.0189,30.7545],[77.0186,30.7653],[77.0011,30.77],[77.0142,30.7754],[77.0186,30.7801],[77.0181,30.7863],[77.013,30.7887],[77.0151,30.7929],[77.012,30.8002],[77.0113,30.8107],[77.0025,30.8064],[76.9985,30.8119],[76.9812,30.8143],[76.9739,30.8186],[76.9683,30.8254],[76.9647,30.8257],[76.9615,30.8206],[76.9586,30.8251],[76.9505,30.8138],[76.9459,30.8185],[76.9426,30.8175],[76.9489,30.8245],[76.944,30.8377],[76.9512,30.8506],[76.9442,30.8551],[76.937,30.869],[76.9384,30.8714],[76.9364,30.8746],[76.9284,30.8715],[76.9246,30.8739],[76.9223,30.8805],[76.9174,30.8835],[76.9148,30.8916],[76.9168,30.9008],[76.9095,30.8971],[76.9086,30.8942],[76.8949,30.8905],[76.8953,30.887],[76.8759,30.881],[76.8783,30.8758],[76.8696,30.8732],[76.863,30.8777],[76.8604,30.8837],[76.856,30.8843],[76.8511,30.89],[76.8446,30.8893]]]]},"properties":{"dtname":"Panchkula","stname":"HARYANA","stcode11":"06","dtcode11":"069","year_stat":"2011_c","Shape_Length":280726.87582650076,"Shape_Area":1216451070.7171519,"OBJECTID":695,"test":0,"Dist_LGD":70,"State_LGD":6}},{"type":"Feature","id":696,"geometry":{"type":"MultiPolygon","coordinates":[[[[76.638,30.1476],[76.6341,30.1466],[76.6318,30.1421],[76.6235,30.1402],[76.5993,30.1125],[76.5841,30.1092],[76.5763,30.1101],[76.5536,30.12],[76.5554,30.1249],[76.5456,30.1249],[76.5488,30.1213],[76.5395,30.1082],[76.5457,30.1059],[76.5485,30.1117],[76.5557,30.1107],[76.5767,30.1016],[76.5782,30.0957],[76.5869,30.0897],[76.5868,30.0856],[76.5992,30.0838],[76.5886,30.0725],[76.588,30.0709],[76.5932,30.0681],[76.5975,30.0743],[76.605,30.0761],[76.6155,30.0747],[76.6209,30.0879],[76.6314,30.0928],[76.6441,30.1026],[76.6431,30.1083],[76.6352,30.112],[76.6446,30.1278],[76.6387,30.1306],[76.6362,30.1375],[76.638,30.1476]]],[[[77.1296,30.5552],[77.1218,30.5648],[77.1141,30.5543],[77.1062,30.5618],[77.1025,30.5582],[77.0873,30.5593],[77.0759,30.5435],[77.0643,30.5467],[77.056,30.5454],[77.0528,30.5515],[77.0421,30.5535],[77.0401,30.5526],[77.0379,30.5394],[77.0426,30.5332],[77.048,30.5322],[77.0521,30.5248],[77.0422,30.5192],[77.041,30.5127],[77.0322,30.5116],[77.0319,30.5093],[77.0269,30.5069],[77.0233,30.5093],[77.0135,30.5061],[77.0156,30.5036],[77.0134,30.4899],[77.0065,30.4848],[77.0025,30.4861],[76.9941,30.4754],[76.9918,30.4766],[76.9863,30.4713],[76.9771,30.4799],[76.9698,30.4826],[76.9559,30.4678],[76.9517,30.4717],[76.9481,30.4724],[76.9442,30.4699],[76.9374,30.4721],[76.9304,30.4611],[76.9209,30.4604],[76.9258,30.453],[76.9226,30.4483],[76.9139,30.4528],[76.9126,30.4574],[76.9071,30.4589],[76.8988,30.4465],[76.9111,30.444],[76.9186,30.4382],[76.9097,30.4295],[76.9147,30.4251],[76.9112,30.4192],[76.9158,30.4148],[76.918,30.4065],[76.9112,30.3999],[76.9183,30.398],[76.9212,30.4003],[76.931,30.4009],[76.9394,30.3948],[76.9379,30.3877],[76.9331,30.3817],[76.9212,30.3747],[76.9156,30.3653],[76.9058,30.3618],[76.8965,30.3597],[76.8903,30.3695],[76.8979,30.3821],[76.8862,30.3941],[76.8833,30.3921],[76.8808,30.3939],[76.8839,30.3977],[76.8823,30.4005],[76.8843,30.4043],[76.8813,30.4059],[76.8833,30.4087],[76.8744,30.4095],[76.8683,30.414],[76.8561,30.4177],[76.851,30.4353],[76.8468,30.4381],[76.8377,30.4316],[76.8362,30.4297],[76.8393,30.4261],[76.8234,30.4116],[76.8111,30.4164],[76.8039,30.4126],[76.7951,30.4187],[76.7896,30.415],[76.7773,30.4248],[76.7803,30.4296],[76.7876,30.4335],[76.7772,30.4413],[76.7688,30.4308],[76.7576,30.4276],[76.7488,30.4292],[76.741,30.4263],[76.735,30.4191],[76.7401,30.4121],[76.738,30.4084],[76.7282,30.4004],[76.7251,30.4022],[76.7222,30.399],[76.7145,30.4025],[76.7128,30.3903],[76.7195,30.3788],[76.7296,30.3823],[76.7312,30.3797],[76.7189,30.3666],[76.7199,30.3634],[76.7257,30.3619],[76.7375,30.3705],[76.7454,30.3679],[76.7486,30.3628],[76.7487,30.3522],[76.7385,30.3464],[76.7326,30.3484],[76.7274,30.3411],[76.7297,30.3389],[76.7223,30.3333],[76.7164,30.3361],[76.711,30.3258],[76.7,30.3281],[76.6956,30.3216],[76.6886,30.3273],[76.681,30.3183],[76.686,30.3146],[76.6819,30.3113],[76.677,30.3079],[76.6705,30.3115],[76.65,30.2907],[76.6388,30.2844],[76.6354,30.2896],[76.6321,30.2839],[76.6314,30.2761],[76.6256,30.2712],[76.6272,30.2694],[76.6234,30.2646],[76.6205,30.265],[76.6144,30.2726],[76.6087,30.2679],[76.6011,30.2704],[76.5929,30.2618],[76.5838,30.2703],[76.5751,30.2619],[76.5719,30.2653],[76.562,30.262],[76.5596,30.2649],[76.5566,30.2623],[76.5573,30.2535],[76.562,30.2415],[76.5556,30.2268],[76.5455,30.2252],[76.5508,30.2221],[76.5627,30.2258],[76.5656,30.2319],[76.5719,30.2363],[76.5853,30.2453],[76.5918,30.246],[76.5906,30.2535],[76.5961,30.2557],[76.6029,30.2517],[76.6026,30.2439],[76.5962,30.2374],[76.6,30.2346],[76.6035,30.2378],[76.6233,30.2282],[76.6274,30.2241],[76.6233,30.2169],[76.6166,30.2135],[76.6158,30.2091],[76.6218,30.2051],[76.6354,30.2044],[76.6388,30.2062],[76.6533,30.2011],[76.6498,30.1911],[76.6558,30.1843],[76.6518,30.1769],[76.6453,30.1748],[76.6413,30.1696],[76.6342,30.1697],[76.6345,30.174],[76.6286,30.1785],[76.6448,30.1875],[76.6363,30.1966],[76.6171,30.201],[76.6142,30.2045],[76.6107,30.1979],[76.6034,30.1931],[76.6047,30.1889],[76.5999,30.1847],[76.6166,30.1743],[76.6224,30.1676],[76.6333,30.167],[76.6388,30.1518],[76.6431,30.1495],[76.6542,30.1521],[76.6683,30.1671],[76.6715,30.1664],[76.6811,30.1785],[76.6835,30.1867],[76.6898,30.1881],[76.6928,30.1916],[76.7086,30.1895],[76.7142,30.194],[76.7245,30.1928],[76.733,30.1957],[76.7541,30.1964],[76.7634,30.1919],[76.7668,30.1995],[76.7778,30.2023],[76.777,30.2046],[76.7848,30.215],[76.7888,30.2134],[76.7962,30.2149],[76.8,30.2113],[76.8118,30.2197],[76.817,30.2175],[76.8194,30.2205],[76.8168,30.2225],[76.8253,30.236],[76.8175,30.2422],[76.8229,30.2512],[76.8377,30.2541],[76.8427,30.2458],[76.8507,30.2549],[76.8644,30.2497],[76.8677,30.2437],[76.8598,30.2355],[76.8593,30.2323],[76.8902,30.2121],[76.8884,30.2078],[76.8859,30.2095],[76.883,30.2081],[76.8836,30.1989],[76.9034,30.1898],[76.9081,30.1992],[76.9159,30.2055],[76.9198,30.2023],[76.9251,30.2055],[76.9378,30.1978],[76.9483,30.1979],[76.9607,30.1932],[76.9562,30.1832],[76.9461,30.1842],[76.941,30.1782],[76.9406,30.1664],[76.9574,30.1574],[76.9615,30.1526],[76.9637,30.1581],[76.9756,30.1623],[76.9817,30.1694],[76.9907,30.1679],[77.0055,30.1607],[77.0114,30.1609],[77.0256,30.1473],[77.0396,30.1431],[77.0386,30.136],[77.0421,30.1335],[77.0594,30.1242],[77.0645,30.1246],[77.0709,30.1311],[77.0671,30.1419],[77.0728,30.1531],[77.0733,30.1599],[77.0704,30.1631],[77.0725,30.1677],[77.0792,30.1655],[77.0815,30.1681],[77.0971,30.1592],[77.1023,30.1743],[77.1084,30.1818],[77.0782,30.1975],[77.0791,30.2001],[77.074,30.2036],[77.079,30.2142],[77.0855,30.214],[77.0942,30.223],[77.0928,30.2251],[77.1068,30.222],[77.114,30.2239],[77.1162,30.2291],[77.1211,30.2289],[77.1267,30.2251],[77.13,30.229],[77.1408,30.2226],[77.1421,30.2143],[77.1494,30.2113],[77.1625,30.2328],[77.1587,30.2362],[77.1596,30.2379],[77.1514,30.2424],[77.1442,30.2406],[77.1411,30.2373],[77.1319,30.243],[77.1335,30.2452],[77.132,30.2555],[77.139,30.2636],[77.1354,30.2653],[77.1372,30.2682],[77.1329,30.2712],[77.138,30.2845],[77.1413,30.2889],[77.1451,30.288],[77.1464,30.2915],[77.1596,30.2982],[77.1644,30.2964],[77.167,30.3093],[77.1761,30.3074],[77.1784,30.3096],[77.1872,30.3094],[77.1901,30.3142],[77.1878,30.3156],[77.1895,30.3187],[77.1843,30.318],[77.178,30.3238],[77.1801,30.3337],[77.1689,30.3438],[77.1683,30.3597],[77.163,30.3555],[77.1606,30.3598],[77.1695,30.3681],[77.1783,30.3642],[77.1803,30.3688],[77.1786,30.3731],[77.1844,30.381],[77.1816,30.3842],[77.1838,30.3958],[77.1812,30.4005],[77.1753,30.4037],[77.1716,30.4163],[77.1683,30.4193],[77.1721,30.424],[77.1728,30.4293],[77.1676,30.4389],[77.1715,30.4397],[77.1722,30.455],[77.1777,30.456],[77.1845,30.4688],[77.1925,30.4774],[77.1954,30.4787],[77.1998,30.4755],[77.208,30.4904],[77.2068,30.5058],[77.1929,30.5256],[77.173,30.532],[77.169,30.5361],[77.1451,30.5389],[77.1353,30.5455],[77.1296,30.5552]]]]},"properties":{"dtname":"Ambala","stname":"HARYANA","stcode11":"06","dtcode11":"070","year_stat":"2011_c","Shape_Length":448528.23070283013,"Shape_Area":2027177349.679367,"OBJECTID":696,"test":0,"Dist_LGD":58,"State_LGD":6}}]}