{"type":"FeatureCollection","crs":{"type":"name","properties":{"name":"EPSG:4326"}},"features":[{"type":"Feature","id":601,"geometry":{"type":"Polygon","coordinates":[[[74.3374,34.7821],[74.3194,34.7864],[74.2985,34.7686],[74.2836,34.7472],[74.2723,34.74],[74.2426,34.7287],[74.2342,34.7222],[74.2087,34.7121],[74.1712,34.6871],[74.1581,34.6829],[74.1444,34.6645],[74.1438,34.652],[74.1367,34.649],[74.1188,34.6526],[74.1099,34.6633],[74.1069,34.6746],[74.1069,34.6871],[74.0956,34.6823],[74.0819,34.6847],[74.0665,34.6794],[74.0528,34.6794],[74.0433,34.6889],[74.0308,34.6919],[74.0046,34.6823],[73.9778,34.6859],[73.9749,34.6794],[73.9648,34.6746],[73.9642,34.6633],[73.9548,34.6496],[73.9404,34.6455],[73.9386,34.6324],[73.9386,34.6104],[73.9451,34.5979],[73.9612,34.5967],[73.9612,34.5836],[73.9659,34.5776],[73.9588,34.561],[73.9224,34.5387],[73.9182,34.5316],[73.9117,34.5287],[73.9165,34.5201],[73.9043,34.515],[73.8974,34.5053],[73.8885,34.4818],[73.8881,34.4708],[73.8928,34.4501],[73.8839,34.4478],[73.8784,34.4491],[73.8563,34.4312],[73.8441,34.4314],[73.8419,34.424],[73.8337,34.4217],[73.8158,34.4266],[73.8091,34.4255],[73.7897,34.4089],[73.7844,34.407],[73.7693,34.3882],[73.7604,34.3851],[73.7564,34.3806],[73.7632,34.3638],[73.7604,34.3528],[73.7809,34.3389],[73.7897,34.3358],[73.7992,34.3381],[73.8013,34.3452],[73.8074,34.3465],[73.8158,34.3425],[73.8226,34.3341],[73.8419,34.3332],[73.8622,34.3233],[73.8695,34.3349],[73.8843,34.3305],[73.8912,34.3328],[73.9013,34.3402],[73.907,34.3495],[73.9378,34.3324],[73.93,34.3204],[73.9218,34.3128],[73.9258,34.3042],[73.9327,34.3098],[73.9431,34.3061],[73.9397,34.2957],[73.9393,34.2831],[73.9467,34.274],[73.958,34.2759],[73.9837,34.2726],[73.9881,34.2694],[73.9886,34.2595],[73.9956,34.2575],[74.0122,34.247],[74.0226,34.2446],[74.0266,34.2444],[74.0372,34.2501],[74.0406,34.2584],[74.0499,34.2585],[74.064,34.2632],[74.0767,34.2602],[74.0793,34.2547],[74.0909,34.2537],[74.1059,34.2441],[74.1145,34.2438],[74.1156,34.2408],[74.1289,34.2468],[74.1406,34.2434],[74.1375,34.2453],[74.1381,34.2472],[74.1454,34.2552],[74.1497,34.2651],[74.1481,34.2708],[74.1502,34.2837],[74.1553,34.2875],[74.1624,34.289],[74.1641,34.2874],[74.1832,34.3199],[74.1915,34.3226],[74.1951,34.3215],[74.2153,34.3302],[74.232,34.3288],[74.2603,34.3426],[74.2804,34.3436],[74.2986,34.3397],[74.306,34.3305],[74.3269,34.3431],[74.3323,34.3443],[74.3357,34.3416],[74.3471,34.3466],[74.3534,34.3526],[74.3571,34.3619],[74.3733,34.3782],[74.382,34.3958],[74.3792,34.4079],[74.381,34.4158],[74.3957,34.4342],[74.4076,34.4375],[74.4162,34.4329],[74.4264,34.4368],[74.4343,34.4325],[74.439,34.4333],[74.4448,34.4515],[74.4538,34.4599],[74.4629,34.4639],[74.461,34.4674],[74.4521,34.4721],[74.4476,34.4823],[74.4488,34.4877],[74.457,34.4883],[74.4672,34.4804],[74.4762,34.4859],[74.4854,34.5016],[74.481,34.505],[74.4792,34.5113],[74.4809,34.5148],[74.4873,34.5186],[74.5015,34.5214],[74.5108,34.5351],[74.5312,34.5412],[74.5476,34.5541],[74.5528,34.5714],[74.5457,34.5915],[74.549,34.6185],[74.5539,34.6293],[74.5631,34.6349],[74.5702,34.645],[74.5752,34.6559],[74.5816,34.6826],[74.5954,34.6982],[74.601,34.7346],[74.6003,34.7463],[74.5935,34.7569],[74.5716,34.7678],[74.5525,34.7726],[74.524,34.7735],[74.5026,34.7792],[74.4821,34.7735],[74.4607,34.7807],[74.4364,34.775],[74.426,34.7792],[74.415,34.7802],[74.4045,34.7778],[74.3774,34.7826],[74.3636,34.7802],[74.3374,34.7821]]]},"properties":{"dtname":"Kupwara","stname":"JAMMU & KASHMIR","stcode11":"01","dtcode11":"001","year_stat":"2011_c","Shape_Length":322491.78951217374,"Shape_Area":3843550242.4277606,"OBJECTID":601,"test":1,"Dist_LGD":8,"State_LGD":1}},{"type":"Feature","id":602,"geometry":{"type":"Polygon","coordinates":[[[74.7334,34.6712],[74.6882,34.6841],[74.6515,34.6974],[74.6215,34.7169],[74.6154,34.7236],[74.6063,34.7264],[74.6005,34.7386],[74.5954,34.6982],[74.5816,34.6826],[74.5752,34.6559],[74.5702,34.645],[74.5631,34.6349],[74.5539,34.6293],[74.549,34.6185],[74.5457,34.5915],[74.5528,34.5714],[74.5476,34.5541],[74.5312,34.5412],[74.5108,34.5351],[74.5015,34.5214],[74.4873,34.5186],[74.4809,34.5148],[74.4792,34.5113],[74.481,34.505],[74.4854,34.5016],[74.4762,34.4859],[74.4672,34.4804],[74.457,34.4883],[74.4482,34.4868],[74.4482,34.4797],[74.4521,34.4721],[74.461,34.4674],[74.4629,34.4639],[74.4538,34.4599],[74.4448,34.4515],[74.4401,34.4354],[74.4368,34.4318],[74.4393,34.4242],[74.4432,34.4223],[74.4716,34.4252],[74.4836,34.4429],[74.4904,34.4467],[74.4965,34.4459],[74.5087,34.4414],[74.5137,34.4373],[74.5163,34.4298],[74.5268,34.4148],[74.5423,34.4019],[74.5458,34.3923],[74.5348,34.3662],[74.5361,34.3524],[74.5285,34.3418],[74.5238,34.3261],[74.5236,34.3067],[74.5163,34.2998],[74.5166,34.2973],[74.5239,34.2899],[74.5295,34.2707],[74.5341,34.268],[74.5558,34.2336],[74.556,34.2268],[74.5535,34.2227],[74.5681,34.2263],[74.5716,34.2366],[74.5931,34.2348],[74.5958,34.2314],[74.5922,34.2226],[74.5864,34.2202],[74.5696,34.2029],[74.5682,34.1969],[74.5733,34.1878],[74.5799,34.1916],[74.5869,34.1898],[74.5993,34.1941],[74.6362,34.1963],[74.6401,34.1957],[74.6419,34.1913],[74.6343,34.1871],[74.6373,34.1806],[74.6362,34.1769],[74.6488,34.1765],[74.6486,34.1799],[74.6611,34.1862],[74.6783,34.1749],[74.7038,34.1851],[74.6982,34.1925],[74.6838,34.2004],[74.6749,34.2115],[74.6733,34.2145],[74.6751,34.2146],[74.6681,34.2258],[74.6651,34.2232],[74.6592,34.2269],[74.6615,34.227],[74.6608,34.2308],[74.6546,34.2395],[74.6533,34.2457],[74.6611,34.2501],[74.6605,34.2599],[74.6532,34.2637],[74.6483,34.2632],[74.6444,34.2679],[74.6465,34.2811],[74.6531,34.2739],[74.6566,34.2737],[74.6604,34.2786],[74.6556,34.281],[74.6609,34.2907],[74.6609,34.3069],[74.6662,34.3225],[74.6645,34.3281],[74.6618,34.3278],[74.66,34.3309],[74.663,34.3449],[74.6565,34.3519],[74.6596,34.3581],[74.6559,34.3639],[74.6725,34.3616],[74.676,34.3547],[74.6812,34.3506],[74.6938,34.3533],[74.7198,34.3456],[74.7359,34.3333],[74.7442,34.3143],[74.7527,34.3161],[74.7669,34.314],[74.7693,34.3234],[74.7741,34.3235],[74.7764,34.3287],[74.7863,34.3329],[74.7889,34.3414],[74.8395,34.3463],[74.8492,34.3508],[74.8521,34.3585],[74.8629,34.3617],[74.8672,34.369],[74.8737,34.368],[74.8927,34.3753],[74.9003,34.3895],[74.9067,34.3938],[74.9092,34.4011],[74.8969,34.405],[74.8925,34.412],[74.8911,34.4328],[74.899,34.4419],[74.8995,34.4483],[74.915,34.4561],[74.9262,34.4562],[74.9313,34.4613],[74.9372,34.4614],[74.9404,34.4639],[74.9498,34.4608],[74.9502,34.4523],[74.9595,34.4484],[74.9607,34.4457],[74.9894,34.4448],[75.0164,34.4359],[75.0217,34.423],[75.0256,34.4195],[75.0318,34.4154],[75.0443,34.414],[75.0483,34.4102],[75.0642,34.406],[75.0729,34.3986],[75.0703,34.3948],[75.0714,34.3928],[75.0849,34.3802],[75.1024,34.3743],[75.1076,34.3696],[75.1125,34.3705],[75.1127,34.3647],[75.1189,34.3632],[75.1285,34.3507],[75.1377,34.3517],[75.1487,34.3446],[75.1541,34.3456],[75.1671,34.3557],[75.1752,34.355],[75.1919,34.3593],[75.1983,34.3669],[75.1957,34.3741],[75.198,34.3867],[75.2077,34.3864],[75.237,34.3701],[75.243,34.3759],[75.2576,34.3778],[75.2644,34.3759],[75.2688,34.3701],[75.2684,34.3674],[75.2746,34.364],[75.2893,34.3631],[75.296,34.3657],[75.3035,34.3642],[75.3127,34.3666],[75.3197,34.3586],[75.3294,34.3575],[75.335,34.3639],[75.3372,34.3752],[75.3474,34.3795],[75.3659,34.3925],[75.372,34.4066],[75.3197,34.4347],[75.3225,34.4475],[75.3363,34.4675],[75.3459,34.508],[75.3601,34.5227],[75.3573,34.5299],[75.3411,34.5527],[75.3301,34.5627],[75.3083,34.577],[75.3011,34.5889],[75.2878,34.5979],[75.2559,34.606],[75.2502,34.6117],[75.2454,34.625],[75.2393,34.6279],[75.2021,34.6388],[75.1864,34.6403],[75.175,34.6455],[75.1317,34.6465],[75.1203,34.6441],[75.1141,34.6398],[75.1008,34.6427],[75.0898,34.6384],[75.0779,34.6384],[75.0613,34.6265],[75.0494,34.6246],[75.038,34.6284],[75.0208,34.626],[75.0042,34.6322],[74.9985,34.6308],[74.9918,34.6398],[74.9856,34.6365],[74.978,34.6384],[74.9423,34.6584],[74.9253,34.6635],[74.8776,34.6607],[74.8642,34.6626],[74.8566,34.6717],[74.849,34.6745],[74.8386,34.665],[74.8333,34.6631],[74.7334,34.6712]]]},"properties":{"dtname":"Bandipore","stname":"JAMMU & KASHMIR","stcode11":"01","dtcode11":"009","year_stat":"2011_c","Shape_Length":408805.28338857036,"Shape_Area":3742379836.2031217,"OBJECTID":602,"test":0,"Dist_LGD":623,"State_LGD":1}},{"type":"Feature","id":603,"geometry":{"type":"Polygon","coordinates":[[[74.5195,34.4253],[74.5137,34.4373],[74.5087,34.4414],[74.4904,34.4467],[74.482,34.4413],[74.4716,34.4252],[74.4432,34.4223],[74.4376,34.4267],[74.4368,34.4318],[74.4264,34.4368],[74.4162,34.4329],[74.4076,34.4375],[74.3974,34.4352],[74.381,34.4158],[74.3792,34.4079],[74.382,34.3958],[74.3733,34.3782],[74.3571,34.3619],[74.3534,34.3526],[74.3471,34.3466],[74.3357,34.3416],[74.3323,34.3443],[74.3269,34.3431],[74.306,34.3305],[74.2986,34.3397],[74.2804,34.3436],[74.2603,34.3426],[74.232,34.3288],[74.2153,34.3302],[74.1951,34.3215],[74.1915,34.3226],[74.1832,34.3199],[74.1641,34.2874],[74.1624,34.289],[74.1553,34.2875],[74.1502,34.2837],[74.1481,34.2708],[74.1497,34.2651],[74.1454,34.2552],[74.1381,34.2472],[74.1375,34.2453],[74.1406,34.2434],[74.1289,34.2468],[74.1156,34.2408],[74.1145,34.2438],[74.1059,34.2441],[74.0909,34.2537],[74.0793,34.2547],[74.0767,34.2602],[74.064,34.2632],[74.0499,34.2585],[74.0406,34.2584],[74.0372,34.2501],[74.0266,34.2444],[74.0122,34.247],[73.9956,34.2575],[73.9886,34.2595],[73.9892,34.254],[74.0048,34.2336],[74.0099,34.2222],[74.0058,34.2214],[74.002,34.2026],[74.0037,34.1948],[74.0079,34.1908],[73.9905,34.1717],[73.9749,34.163],[73.9658,34.154],[73.9325,34.1411],[73.9287,34.124],[73.9317,34.1184],[73.9275,34.1074],[73.9066,34.1061],[73.902,34.0895],[73.9024,34.0827],[73.8942,34.0724],[73.902,34.0493],[73.921,34.04],[73.9407,34.0225],[73.954,34.0166],[73.9675,34.0128],[74.0018,34.0191],[74.0273,34.0016],[74.0322,34.013],[74.0444,34.0189],[74.0592,34.0166],[74.0646,34.0174],[74.0691,34.0212],[74.0823,34.0174],[74.0966,34.0197],[74.1017,34.0318],[74.1095,34.037],[74.121,34.0389],[74.1269,34.0461],[74.1528,34.035],[74.168,34.0322],[74.1773,34.0246],[74.1876,34.0265],[74.1964,34.032],[74.2188,34.0305],[74.2308,34.0236],[74.2458,34.0215],[74.2578,33.9974],[74.2623,33.9968],[74.2705,33.9847],[74.2749,33.9844],[74.2768,33.9884],[74.2837,33.9916],[74.2969,33.9938],[74.3023,33.9921],[74.304,33.9842],[74.3157,33.9735],[74.3114,33.9687],[74.3176,33.9614],[74.3186,33.9563],[74.3156,33.9551],[74.3286,33.9541],[74.3317,33.9504],[74.3527,33.9547],[74.3722,33.946],[74.3769,33.9472],[74.3856,33.9443],[74.39,33.9345],[74.3941,33.9318],[74.3948,33.9258],[74.4041,33.9189],[74.4099,33.9064],[74.4173,33.9061],[74.4249,33.9092],[74.4219,33.9158],[74.4276,33.9219],[74.4452,33.9257],[74.4592,33.9341],[74.4652,33.9425],[74.4776,33.9496],[74.4856,33.9594],[74.4828,33.9636],[74.4825,33.9706],[74.4776,33.9753],[74.4817,33.9808],[74.4838,33.9908],[74.4793,33.996],[74.4749,33.9971],[74.4752,34.005],[74.4842,34.0167],[74.4942,34.023],[74.4978,34.0303],[74.5102,34.0317],[74.5117,34.0337],[74.5077,34.0419],[74.4923,34.0432],[74.4944,34.0565],[74.5202,34.0547],[74.5276,34.049],[74.532,34.0514],[74.5411,34.0481],[74.5515,34.0677],[74.5574,34.0715],[74.5652,34.0688],[74.5711,34.0758],[74.5922,34.0899],[74.5972,34.0965],[74.6158,34.1083],[74.6172,34.1147],[74.6208,34.1163],[74.6284,34.1138],[74.6545,34.1242],[74.6582,34.1295],[74.668,34.1268],[74.6771,34.1341],[74.69,34.1395],[74.705,34.1332],[74.6964,34.1434],[74.7077,34.1539],[74.7039,34.1593],[74.7051,34.1655],[74.702,34.1706],[74.6902,34.1686],[74.6812,34.1756],[74.6718,34.1776],[74.6611,34.1862],[74.6486,34.1799],[74.6488,34.1765],[74.6362,34.1769],[74.6373,34.1806],[74.6343,34.1871],[74.6419,34.1913],[74.6401,34.1957],[74.6362,34.1963],[74.5993,34.1941],[74.5869,34.1898],[74.5799,34.1916],[74.5723,34.1886],[74.5682,34.1969],[74.5711,34.2055],[74.5864,34.2202],[74.5922,34.2226],[74.5962,34.2296],[74.5931,34.2348],[74.5716,34.2366],[74.5681,34.2263],[74.5535,34.2227],[74.5568,34.2306],[74.5499,34.2455],[74.5415,34.2546],[74.5341,34.268],[74.5295,34.2707],[74.5239,34.2899],[74.5173,34.2954],[74.5163,34.2998],[74.5244,34.3098],[74.5236,34.3245],[74.5285,34.3418],[74.5361,34.3524],[74.5344,34.3639],[74.5358,34.3699],[74.5458,34.3923],[74.5404,34.4046],[74.5268,34.4148],[74.5195,34.4253]]]},"properties":{"dtname":"Baramula","stname":"JAMMU & KASHMIR","stcode11":"01","dtcode11":"008","year_stat":"2011_c","Shape_Length":335041.48186795466,"Shape_Area":3157864482.2045183,"OBJECTID":603,"test":1,"Dist_LGD":3,"State_LGD":1}},{"type":"Feature","id":604,"geometry":{"type":"Polygon","coordinates":[[[74.9414,34.4638],[74.9313,34.4613],[74.9257,34.456],[74.915,34.4561],[74.8995,34.4483],[74.899,34.4419],[74.8911,34.4328],[74.8916,34.4144],[74.8969,34.405],[74.9092,34.3997],[74.9056,34.3925],[74.9003,34.3895],[74.8927,34.3753],[74.8737,34.368],[74.8672,34.369],[74.8629,34.3617],[74.8521,34.3585],[74.8492,34.3508],[74.8395,34.3463],[74.7889,34.3414],[74.7863,34.3329],[74.7764,34.3287],[74.7741,34.3235],[74.7693,34.3234],[74.7669,34.314],[74.7527,34.3161],[74.7442,34.3143],[74.7359,34.3333],[74.7198,34.3456],[74.6938,34.3533],[74.6812,34.3506],[74.676,34.3547],[74.6725,34.3616],[74.6559,34.3639],[74.6596,34.3581],[74.6565,34.3519],[74.663,34.3449],[74.66,34.3309],[74.6618,34.3278],[74.6645,34.3281],[74.6662,34.3225],[74.6609,34.3069],[74.6609,34.2907],[74.6556,34.281],[74.6604,34.2786],[74.6566,34.2737],[74.6531,34.2739],[74.6465,34.2811],[74.6444,34.2679],[74.6483,34.2632],[74.6532,34.2637],[74.6605,34.2599],[74.6611,34.2501],[74.6533,34.2457],[74.6546,34.2395],[74.6608,34.2308],[74.6615,34.227],[74.6592,34.2269],[74.6651,34.2232],[74.6681,34.2258],[74.6782,34.2069],[74.6838,34.2004],[74.6982,34.1925],[74.7135,34.1707],[74.7236,34.1634],[74.7267,34.1702],[74.729,34.1706],[74.7462,34.1521],[74.7608,34.1255],[74.77,34.1158],[74.7855,34.1125],[74.7887,34.1166],[74.7885,34.1207],[74.7757,34.1362],[74.7677,34.1398],[74.7735,34.1562],[74.7821,34.1653],[74.7839,34.1703],[74.795,34.1702],[74.7957,34.1674],[74.8004,34.1669],[74.7996,34.159],[74.795,34.1614],[74.8004,34.1551],[74.8133,34.1474],[74.819,34.1517],[74.8196,34.1489],[74.8222,34.1496],[74.8213,34.1373],[74.8182,34.134],[74.8366,34.1309],[74.8511,34.1233],[74.853,34.1256],[74.8526,34.1323],[74.8612,34.1459],[74.8601,34.1578],[74.8708,34.1589],[74.8701,34.178],[74.8732,34.1817],[74.8789,34.1846],[74.8875,34.1807],[74.888,34.1752],[74.8927,34.1726],[74.906,34.1789],[74.9189,34.1756],[74.9316,34.1903],[74.9229,34.1985],[74.9307,34.2029],[74.9409,34.2015],[74.9484,34.1896],[74.9538,34.1878],[74.9553,34.1849],[74.9719,34.1821],[74.9815,34.1715],[74.9959,34.1694],[75.0113,34.1606],[75.0233,34.1697],[75.036,34.1685],[75.047,34.1711],[75.0528,34.175],[75.0646,34.1717],[75.072,34.1648],[75.0873,34.1686],[75.1034,34.1686],[75.1046,34.1711],[75.1282,34.1688],[75.1338,34.1746],[75.1376,34.1838],[75.1253,34.1957],[75.1327,34.1999],[75.1458,34.2],[75.1539,34.2071],[75.1602,34.2032],[75.1692,34.2036],[75.1819,34.1953],[75.1903,34.1968],[75.1938,34.2033],[75.1923,34.2129],[75.2042,34.2204],[75.2034,34.2244],[75.207,34.2294],[75.2143,34.2284],[75.2235,34.2347],[75.2347,34.2338],[75.2424,34.2422],[75.2595,34.2479],[75.2616,34.2535],[75.2675,34.2567],[75.2753,34.2488],[75.2874,34.2471],[75.289,34.2402],[75.2926,34.2369],[75.3151,34.2327],[75.3174,34.2283],[75.3294,34.2213],[75.3351,34.2142],[75.3651,34.2126],[75.3759,34.2062],[75.4028,34.2165],[75.4048,34.2194],[75.4039,34.2286],[75.4103,34.2376],[75.4188,34.232],[75.4285,34.2294],[75.4423,34.2178],[75.4563,34.2108],[75.4608,34.2114],[75.4663,34.2087],[75.4722,34.2181],[75.4921,34.2249],[75.4971,34.2334],[75.4958,34.2397],[75.4888,34.2483],[75.4841,34.2594],[75.4831,34.2704],[75.4744,34.2809],[75.4607,34.2828],[75.4566,34.2873],[75.4446,34.2815],[75.4271,34.2841],[75.4134,34.283],[75.4042,34.2853],[75.3934,34.2951],[75.3891,34.3098],[75.3972,34.3206],[75.3878,34.3287],[75.3826,34.3433],[75.3769,34.3485],[75.3845,34.3547],[75.3812,34.3617],[75.3856,34.3671],[75.3743,34.3738],[75.378,34.3799],[75.3772,34.3883],[75.3659,34.3925],[75.3611,34.3907],[75.3474,34.3795],[75.3372,34.3752],[75.335,34.3639],[75.3272,34.3569],[75.3197,34.3586],[75.3127,34.3666],[75.3035,34.3642],[75.296,34.3657],[75.2893,34.3631],[75.2746,34.364],[75.2684,34.3674],[75.2688,34.3701],[75.2612,34.3772],[75.243,34.3759],[75.2356,34.3704],[75.2077,34.3864],[75.198,34.3867],[75.1957,34.3741],[75.1983,34.3669],[75.1919,34.3593],[75.1752,34.355],[75.1671,34.3557],[75.1541,34.3456],[75.1487,34.3446],[75.1377,34.3517],[75.1285,34.3507],[75.1189,34.3632],[75.1127,34.3647],[75.1125,34.3705],[75.1076,34.3696],[75.1024,34.3743],[75.0849,34.3802],[75.0714,34.3928],[75.0703,34.3948],[75.0729,34.3986],[75.0642,34.406],[75.0483,34.4102],[75.0443,34.414],[75.0318,34.4154],[75.0256,34.4195],[75.0217,34.423],[75.0164,34.4359],[74.9894,34.4448],[74.9607,34.4457],[74.9595,34.4484],[74.9502,34.4523],[74.9498,34.4608],[74.9414,34.4638]]]},"properties":{"dtname":"Ganderbal","stname":"JAMMU & KASHMIR","stcode11":"01","dtcode11":"011","year_stat":"2011_c","Shape_Length":337700.58166618407,"Shape_Area":2178037753.528855,"OBJECTID":604,"test":0,"Dist_LGD":626,"State_LGD":1}},{"type":"Feature","id":605,"geometry":{"type":"Polygon","coordinates":[[[75.2695,34.2558],[75.2641,34.2558],[75.2595,34.2479],[75.2424,34.2422],[75.2347,34.2338],[75.2235,34.2347],[75.2143,34.2284],[75.207,34.2294],[75.2034,34.2244],[75.2042,34.2204],[75.1923,34.2129],[75.1938,34.2033],[75.1903,34.1968],[75.1819,34.1953],[75.1692,34.2036],[75.1602,34.2032],[75.1539,34.2071],[75.1458,34.2],[75.1327,34.1999],[75.1253,34.1957],[75.1376,34.1838],[75.1338,34.1746],[75.1282,34.1688],[75.1046,34.1711],[75.1034,34.1686],[75.1067,34.1592],[75.0973,34.1546],[75.104,34.1513],[75.1114,34.1515],[75.1365,34.1402],[75.1379,34.1342],[75.1469,34.1214],[75.143,34.119],[75.1388,34.1055],[75.1424,34.0952],[75.1502,34.094],[75.1549,34.0772],[75.1629,34.0783],[75.1754,34.0713],[75.1845,34.0716],[75.1905,34.0676],[75.2052,34.069],[75.2039,34.0663],[75.2064,34.0612],[75.2116,34.0563],[75.2093,34.0523],[75.2164,34.0515],[75.2186,34.0372],[75.2343,34.0318],[75.2339,34.021],[75.2207,34.0152],[75.2211,34.0127],[75.2271,34.0105],[75.2217,33.9821],[75.2265,33.9571],[75.1929,33.9034],[75.1641,33.8982],[75.1542,33.8822],[75.1419,33.8716],[75.1312,33.8736],[75.1205,33.8638],[75.1,33.8693],[75.0971,33.863],[75.0801,33.851],[75.0721,33.8511],[75.0693,33.8538],[75.0644,33.8496],[75.0605,33.8525],[75.0575,33.8507],[75.0559,33.8566],[75.0461,33.8515],[75.0511,33.8516],[75.066,33.8392],[75.0634,33.8343],[75.0576,33.8345],[75.0557,33.8324],[75.0593,33.8235],[75.0579,33.8205],[75.0504,33.8142],[75.0433,33.8149],[75.0421,33.812],[75.0498,33.8063],[75.0489,33.7997],[75.0459,33.7968],[75.0293,33.7923],[75.0286,33.7805],[75.0363,33.7814],[75.0428,33.7791],[75.0476,33.7816],[75.0573,33.7787],[75.0583,33.77],[75.0743,33.7696],[75.0768,33.766],[75.0819,33.7537],[75.0816,33.7065],[75.0865,33.6959],[75.0867,33.6897],[75.0927,33.6885],[75.0927,33.7039],[75.0853,33.7065],[75.0837,33.7104],[75.0858,33.7258],[75.0843,33.7556],[75.0701,33.7806],[75.0791,33.7843],[75.0862,33.7805],[75.0925,33.774],[75.0914,33.7647],[75.1039,33.762],[75.1183,33.7708],[75.1214,33.765],[75.1214,33.7441],[75.1225,33.7393],[75.1246,33.7388],[75.1232,33.7375],[75.1268,33.7346],[75.1203,33.735],[75.1193,33.7308],[75.1106,33.7272],[75.1132,33.7262],[75.1153,33.7195],[75.1194,33.7204],[75.1254,33.7148],[75.1304,33.7151],[75.125,33.7134],[75.1234,33.7068],[75.1318,33.7015],[75.1353,33.6965],[75.1326,33.6918],[75.1281,33.6934],[75.1235,33.6911],[75.1301,33.6821],[75.1222,33.6724],[75.1188,33.6732],[75.1118,33.6867],[75.1078,33.6865],[75.1041,33.6794],[75.1013,33.6724],[75.1188,33.6707],[75.127,33.6608],[75.118,33.6582],[75.11,33.6607],[75.1112,33.6449],[75.105,33.6325],[75.1088,33.6261],[75.1124,33.6253],[75.1164,33.612],[75.1186,33.6139],[75.1318,33.6133],[75.138,33.6086],[75.1403,33.602],[75.1337,33.5886],[75.1487,33.5916],[75.1509,33.5882],[75.1602,33.5876],[75.1638,33.596],[75.176,33.5897],[75.1683,33.5897],[75.1691,33.5775],[75.161,33.5696],[75.1594,33.5635],[75.1518,33.5568],[75.1513,33.5503],[75.147,33.5466],[75.1417,33.5352],[75.1406,33.5248],[75.175,33.5244],[75.1856,33.5171],[75.1982,33.5163],[75.2055,33.5097],[75.2245,33.5005],[75.2307,33.4961],[75.2347,33.489],[75.2422,33.4856],[75.2476,33.4754],[75.2547,33.4738],[75.2623,33.4681],[75.2808,33.4506],[75.2889,33.4377],[75.3075,33.4254],[75.3156,33.4147],[75.3291,33.4049],[75.3304,33.3969],[75.3582,33.3813],[75.3639,33.3827],[75.378,33.3787],[75.3788,33.3717],[75.3769,33.3697],[75.3813,33.364],[75.3904,33.3674],[75.3957,33.3658],[75.403,33.3693],[75.4132,33.3793],[75.4193,33.3815],[75.4426,33.3786],[75.4463,33.383],[75.4511,33.3972],[75.4628,33.4048],[75.4742,33.3993],[75.473,33.4384],[75.4771,33.4484],[75.4768,33.4538],[75.4716,33.4638],[75.4725,33.4711],[75.462,33.4871],[75.4582,33.4988],[75.4661,33.5115],[75.4763,33.5124],[75.4819,33.5153],[75.4804,33.5255],[75.4994,33.5255],[75.5147,33.5306],[75.5138,33.5376],[75.5073,33.5445],[75.4937,33.5522],[75.5018,33.5582],[75.5186,33.5834],[75.519,33.5888],[75.524,33.5956],[75.5273,33.596],[75.5293,33.6016],[75.5225,33.6098],[75.5221,33.6196],[75.5191,33.6217],[75.5164,33.6304],[75.5103,33.6294],[75.5168,33.6537],[75.5095,33.6987],[75.5102,33.7029],[75.5211,33.7156],[75.5118,33.72],[75.5113,33.7227],[75.506,33.7254],[75.4925,33.7406],[75.4814,33.7476],[75.4755,33.7485],[75.4785,33.7501],[75.4776,33.7516],[75.4696,33.7568],[75.4642,33.7575],[75.47,33.7645],[75.4658,33.7672],[75.4691,33.7732],[75.4803,33.7785],[75.4823,33.7845],[75.4714,33.7917],[75.4613,33.7944],[75.459,33.8023],[75.4518,33.808],[75.4561,33.8107],[75.4555,33.8141],[75.4433,33.8217],[75.4432,33.8288],[75.4365,33.831],[75.4359,33.8391],[75.4322,33.8392],[75.4272,33.845],[75.4287,33.8518],[75.4159,33.8727],[75.4142,33.8855],[75.4102,33.8924],[75.4038,33.8915],[75.3941,33.9022],[75.393,33.9082],[75.3954,33.9121],[75.391,33.9162],[75.3948,33.9212],[75.3971,33.9311],[75.3896,33.9363],[75.3962,33.9403],[75.3942,33.9624],[75.4017,33.9656],[75.4149,33.9806],[75.4297,33.9845],[75.4288,33.9901],[75.4345,33.9943],[75.4335,33.9972],[75.4384,34.0022],[75.4334,34.0201],[75.4434,34.0274],[75.4418,34.0312],[75.4473,34.0344],[75.4464,34.0396],[75.4496,34.0413],[75.4568,34.0363],[75.461,34.0375],[75.4606,34.0417],[75.4654,34.043],[75.479,34.0383],[75.4835,34.0436],[75.4881,34.0447],[75.4939,34.0441],[75.4981,34.0389],[75.5044,34.0385],[75.5215,34.0464],[75.5206,34.0502],[75.5269,34.0541],[75.5315,34.0617],[75.5323,34.0731],[75.5295,34.0798],[75.5319,34.0839],[75.5302,34.093],[75.5271,34.0951],[75.5295,34.1019],[75.5374,34.1093],[75.5328,34.1182],[75.539,34.1261],[75.5409,34.1316],[75.5396,34.1355],[75.5454,34.1394],[75.549,34.1521],[75.5525,34.1557],[75.5722,34.1563],[75.576,34.163],[75.5768,34.1701],[75.588,34.175],[75.587,34.1867],[75.595,34.1982],[75.5797,34.2144],[75.5722,34.2114],[75.5552,34.2117],[75.5393,34.2236],[75.523,34.2291],[75.5149,34.2269],[75.5018,34.2346],[75.4971,34.2334],[75.4921,34.2249],[75.4722,34.2181],[75.4663,34.2087],[75.4608,34.2114],[75.4563,34.2108],[75.4423,34.2178],[75.4285,34.2294],[75.4188,34.232],[75.4103,34.2376],[75.4039,34.2286],[75.4048,34.2194],[75.4028,34.2165],[75.3759,34.2062],[75.3651,34.2126],[75.3351,34.2142],[75.3294,34.2213],[75.3174,34.2283],[75.3151,34.2327],[75.2926,34.2369],[75.289,34.2402],[75.2874,34.2471],[75.2753,34.2488],[75.2695,34.2558]]]},"properties":{"dtname":"Anantnag","stname":"JAMMU & KASHMIR","stcode11":"01","dtcode11":"014","year_stat":"2011_c","Shape_Length":471288.3970009652,"Shape_Area":4011932263.1012774,"OBJECTID":605,"test":0,"Dist_LGD":1,"State_LGD":1}},{"type":"Feature","id":606,"geometry":{"type":"Polygon","coordinates":[[[75.6582,34.2377],[75.6551,34.2427],[75.6174,34.2133],[75.598,34.2014],[75.587,34.1867],[75.588,34.175],[75.5768,34.1701],[75.576,34.163],[75.5722,34.1563],[75.5539,34.1562],[75.549,34.1521],[75.5468,34.1417],[75.5396,34.1355],[75.5409,34.1316],[75.539,34.1261],[75.5328,34.1182],[75.5374,34.1093],[75.5295,34.1019],[75.5271,34.0951],[75.5302,34.093],[75.5319,34.0839],[75.5295,34.0798],[75.5323,34.0731],[75.5315,34.0617],[75.5269,34.0541],[75.5206,34.0502],[75.5215,34.0464],[75.5044,34.0385],[75.4981,34.0389],[75.4939,34.0441],[75.4881,34.0447],[75.4835,34.0436],[75.479,34.0383],[75.4654,34.043],[75.4606,34.0417],[75.461,34.0375],[75.4568,34.0363],[75.4496,34.0413],[75.4464,34.0396],[75.4473,34.0344],[75.4418,34.0312],[75.4434,34.0274],[75.4334,34.0201],[75.4384,34.0022],[75.4335,33.9972],[75.4345,33.9943],[75.4288,33.9901],[75.4297,33.9845],[75.4149,33.9806],[75.4017,33.9656],[75.3954,33.964],[75.3942,33.9466],[75.3962,33.9403],[75.3896,33.9376],[75.3971,33.9311],[75.3948,33.9212],[75.391,33.9162],[75.3954,33.9121],[75.393,33.9082],[75.3941,33.9022],[75.4038,33.8915],[75.4102,33.8924],[75.4142,33.8855],[75.4159,33.8727],[75.4287,33.8518],[75.4272,33.845],[75.4322,33.8392],[75.4359,33.8391],[75.4365,33.831],[75.4432,33.8288],[75.4433,33.8217],[75.4555,33.8141],[75.4561,33.8107],[75.4518,33.808],[75.459,33.8023],[75.4613,33.7944],[75.4714,33.7917],[75.4823,33.7845],[75.4803,33.7785],[75.4691,33.7732],[75.4658,33.7672],[75.47,33.7645],[75.4642,33.7575],[75.4696,33.7568],[75.4776,33.7516],[75.4785,33.7501],[75.4755,33.7485],[75.4814,33.7476],[75.4925,33.7406],[75.506,33.7254],[75.5113,33.7227],[75.5118,33.72],[75.5211,33.7156],[75.5102,33.7029],[75.5095,33.6987],[75.5168,33.6537],[75.5103,33.6294],[75.5164,33.6304],[75.5191,33.6217],[75.5221,33.6196],[75.5225,33.6098],[75.5293,33.6016],[75.5273,33.596],[75.524,33.5956],[75.519,33.5888],[75.5186,33.5834],[75.5018,33.5582],[75.4937,33.5522],[75.5073,33.5445],[75.5138,33.5376],[75.5147,33.5306],[75.4994,33.5255],[75.4804,33.5255],[75.4819,33.5153],[75.4763,33.5124],[75.4661,33.5115],[75.4582,33.4988],[75.462,33.4871],[75.4725,33.4711],[75.4716,33.4638],[75.4768,33.4538],[75.4771,33.4484],[75.473,33.4384],[75.4745,33.4149],[75.4728,33.3903],[75.4876,33.3878],[75.4886,33.3825],[75.4944,33.3805],[75.5092,33.3804],[75.5059,33.3779],[75.5305,33.3493],[75.5406,33.3272],[75.5523,33.315],[75.5606,33.3126],[75.5663,33.301],[75.5835,33.2882],[75.598,33.2694],[75.5984,33.2622],[75.6042,33.2564],[75.6474,33.241],[75.6782,33.2435],[75.6934,33.2386],[75.711,33.2251],[75.7324,33.2035],[75.8037,33.1592],[75.7995,33.1502],[75.7997,33.1435],[75.8047,33.1374],[75.8153,33.1375],[75.8281,33.1411],[75.8394,33.138],[75.8593,33.1251],[75.8872,33.1211],[75.9088,33.1225],[75.9331,33.1027],[75.9443,33.1012],[75.9481,33.1023],[75.9476,33.1077],[75.9515,33.1106],[75.9515,33.1212],[75.9591,33.1246],[75.9668,33.1203],[75.9668,33.1088],[75.9696,33.1072],[75.9752,33.1154],[75.983,33.1133],[75.9983,33.0873],[76.0106,33.0944],[76.0266,33.0957],[76.045,33.1041],[76.0979,33.1212],[76.0984,33.1333],[76.1167,33.1615],[76.1117,33.1753],[76.1224,33.174],[76.1422,33.1647],[76.1539,33.1554],[76.1643,33.142],[76.1686,33.1284],[76.1866,33.1094],[76.1924,33.097],[76.1977,33.0941],[76.2055,33.0972],[76.2127,33.0905],[76.2153,33.0826],[76.214,33.0732],[76.2195,33.0623],[76.224,33.0445],[76.2217,33.0388],[76.2243,33.0354],[76.2216,33.0212],[76.227,33.0238],[76.2474,33.0216],[76.2526,33.0296],[76.2608,33.0348],[76.2784,33.0378],[76.2819,33.0518],[76.2953,33.0576],[76.296,33.0606],[76.295,33.0687],[76.2894,33.0727],[76.2885,33.0776],[76.2888,33.0872],[76.2943,33.0995],[76.2918,33.1032],[76.3062,33.1131],[76.3112,33.1204],[76.3208,33.1258],[76.3322,33.1281],[76.351,33.1444],[76.3681,33.1539],[76.3745,33.1542],[76.3827,33.1661],[76.397,33.1746],[76.4101,33.1865],[76.4203,33.1857],[76.4265,33.1883],[76.4344,33.1826],[76.4419,33.1809],[76.451,33.1821],[76.4605,33.1801],[76.4725,33.183],[76.4868,33.1795],[76.5161,33.1965],[76.5298,33.1966],[76.5432,33.2008],[76.5534,33.199],[76.5674,33.2103],[76.5793,33.207],[76.6026,33.2063],[76.6055,33.2038],[76.6035,33.1964],[76.6054,33.1905],[76.6073,33.1891],[76.6124,33.1912],[76.6177,33.1876],[76.6185,33.1744],[76.6303,33.1672],[76.6463,33.1623],[76.6614,33.1645],[76.6707,33.172],[76.7069,33.1742],[76.7142,33.1784],[76.7151,33.1815],[76.7266,33.1825],[76.7349,33.1777],[76.7469,33.1792],[76.7502,33.1918],[76.7582,33.1959],[76.7669,33.211],[76.7712,33.2131],[76.772,33.2188],[76.7761,33.2207],[76.7793,33.2391],[76.7739,33.2415],[76.7712,33.2496],[76.7543,33.2488],[76.737,33.2612],[76.7386,33.2684],[76.7323,33.2759],[76.7325,33.2817],[76.7275,33.2834],[76.7296,33.2963],[76.7321,33.299],[76.7174,33.3291],[76.7126,33.3311],[76.7046,33.3279],[76.6957,33.3281],[76.6824,33.3367],[76.6732,33.3396],[76.6706,33.342],[76.6723,33.3491],[76.6592,33.3566],[76.6585,33.3642],[76.6514,33.3713],[76.651,33.3838],[76.6402,33.3917],[76.6362,33.4017],[76.6381,33.4038],[76.6318,33.4094],[76.6357,33.4115],[76.6368,33.4156],[76.6292,33.424],[76.6284,33.4352],[76.6158,33.44],[76.5929,33.4256],[76.5816,33.426],[76.5776,33.4297],[76.5798,33.4384],[76.5769,33.4434],[76.5763,33.4531],[76.5693,33.4663],[76.5633,33.4628],[76.5492,33.4644],[76.5391,33.4728],[76.5344,33.4824],[76.5276,33.4836],[76.5226,33.4936],[76.5145,33.4951],[76.5086,33.4991],[76.507,33.5103],[76.5024,33.5162],[76.4918,33.517],[76.479,33.5269],[76.4699,33.5278],[76.4591,33.534],[76.4585,33.5386],[76.4646,33.5453],[76.4624,33.5517],[76.4507,33.5626],[76.4468,33.5641],[76.443,33.5592],[76.4399,33.5475],[76.4358,33.5423],[76.4264,33.5374],[76.4152,33.5392],[76.4102,33.5432],[76.3802,33.5526],[76.3747,33.566],[76.3807,33.5771],[76.3664,33.5859],[76.36,33.5946],[76.3592,33.6034],[76.3469,33.605],[76.3362,33.6106],[76.3309,33.6052],[76.3231,33.6024],[76.3156,33.6081],[76.3065,33.6097],[76.2996,33.5983],[76.3018,33.5899],[76.3095,33.5802],[76.3103,33.5738],[76.303,33.5676],[76.2596,33.5651],[76.2457,33.5456],[76.2412,33.5484],[76.2319,33.5453],[76.225,33.5477],[76.2054,33.5693],[76.2064,33.5734],[76.2178,33.5738],[76.2252,33.5774],[76.2314,33.587],[76.2241,33.5969],[76.2242,33.6004],[76.2307,33.6031],[76.2386,33.6025],[76.2403,33.6049],[76.2409,33.6097],[76.2372,33.6177],[76.2277,33.6257],[76.2293,33.6299],[76.2489,33.6388],[76.2522,33.6379],[76.2645,33.6433],[76.2704,33.6434],[76.2741,33.6524],[76.28,33.6548],[76.2846,33.662],[76.2754,33.6676],[76.2663,33.6791],[76.2696,33.6852],[76.2647,33.6895],[76.2657,33.6975],[76.2631,33.704],[76.2661,33.707],[76.2632,33.7122],[76.2671,33.7172],[76.2674,33.7248],[76.2711,33.7309],[76.2657,33.7339],[76.2672,33.7405],[76.2654,33.7465],[76.2601,33.7503],[76.2577,33.7578],[76.2389,33.7721],[76.2008,33.7753],[76.1699,33.7952],[76.1583,33.8082],[76.1537,33.8193],[76.1509,33.8361],[76.1417,33.8437],[76.1395,33.8487],[76.1255,33.8558],[76.0974,33.8765],[76.0477,33.9291],[76.041,33.9426],[76.0338,33.9511],[76.038,33.9622],[76.0328,33.9797],[76.0222,33.9975],[76.0143,34.0004],[75.9793,34.0019],[75.9772,33.9906],[75.9806,33.979],[75.9711,33.9777],[75.9673,33.9811],[75.954,33.9831],[75.9435,33.9874],[75.9105,33.9843],[75.9022,33.9804],[75.8866,33.9801],[75.8767,33.9754],[75.8641,33.9788],[75.8567,33.9696],[75.8519,33.9814],[75.8622,33.9987],[75.8641,34.0125],[75.8619,34.0175],[75.8399,34.0242],[75.8199,34.0453],[75.8002,34.0428],[75.7727,34.0556],[75.7664,34.06],[75.7507,34.0877],[75.748,34.0966],[75.7308,34.1099],[75.7259,34.1103],[75.7218,34.1142],[75.7126,34.1149],[75.7021,34.1405],[75.687,34.159],[75.6895,34.1732],[75.6959,34.183],[75.6989,34.2151],[75.6965,34.2252],[75.6918,34.2314],[75.6753,34.2281],[75.6639,34.2325],[75.6582,34.2377]]]},"properties":{"dtname":"Kishtwar","stname":"JAMMU & KASHMIR","stcode11":"01","dtcode11":"018","year_stat":"2011_c","Shape_Length":662750.8215472084,"Shape_Area":12089660855.025942,"OBJECTID":606,"test":0,"Dist_LGD":620,"State_LGD":1}},{"type":"Feature","id":607,"geometry":{"type":"Polygon","coordinates":[[[74.9367,34.203],[74.9242,34.2007],[74.9229,34.1985],[74.9316,34.1903],[74.9189,34.1756],[74.906,34.1789],[74.8927,34.1726],[74.888,34.1752],[74.8875,34.1807],[74.8789,34.1846],[74.8732,34.1817],[74.8701,34.178],[74.8708,34.1589],[74.8601,34.1578],[74.8612,34.1459],[74.8526,34.1323],[74.853,34.1256],[74.8511,34.1233],[74.8366,34.1309],[74.8182,34.134],[74.8213,34.1373],[74.8222,34.1496],[74.8196,34.1489],[74.819,34.1517],[74.8133,34.1474],[74.8004,34.1551],[74.795,34.1614],[74.7996,34.159],[74.8004,34.1669],[74.7957,34.1674],[74.795,34.1702],[74.7839,34.1703],[74.7821,34.1653],[74.7735,34.1562],[74.7677,34.1398],[74.7757,34.1362],[74.7885,34.1207],[74.7887,34.1166],[74.7855,34.1125],[74.77,34.1158],[74.7649,34.1209],[74.7462,34.1521],[74.729,34.1706],[74.723,34.1637],[74.7135,34.1707],[74.7038,34.1851],[74.6812,34.1756],[74.6902,34.1686],[74.702,34.1706],[74.7051,34.1655],[74.7039,34.1593],[74.7077,34.1539],[74.6964,34.1434],[74.7102,34.128],[74.7172,34.1254],[74.7192,34.1173],[74.7279,34.1171],[74.731,34.1129],[74.7375,34.1118],[74.7453,34.1192],[74.748,34.1086],[74.7547,34.1013],[74.7793,34.0818],[74.8051,34.0693],[74.8386,34.0718],[74.8387,34.0645],[74.8419,34.0586],[74.849,34.0598],[74.8525,34.0524],[74.862,34.0487],[74.8651,34.0423],[74.8722,34.0399],[74.8765,34.0352],[74.8868,34.0373],[74.8988,34.0339],[74.8959,34.0237],[74.8985,34.0159],[74.912,34.0225],[74.9153,34.0209],[74.9157,34.0229],[74.9104,34.0264],[74.9119,34.0303],[74.918,34.0323],[74.925,34.0249],[74.9901,34.0555],[75.0006,34.0622],[74.9974,34.0729],[75.0089,34.0677],[75.0145,34.0698],[75.0153,34.0768],[75.0187,34.0717],[75.024,34.0743],[75.0225,34.0845],[75.0245,34.0874],[75.0313,34.0866],[75.037,34.0807],[75.0484,34.0861],[75.0545,34.0899],[75.0451,34.099],[75.0491,34.1028],[75.0552,34.1032],[75.0559,34.106],[75.0622,34.1048],[75.0682,34.1135],[75.0743,34.1168],[75.0777,34.1162],[75.0785,34.1125],[75.0864,34.1118],[75.0977,34.1051],[75.1009,34.1065],[75.1121,34.1049],[75.1162,34.0982],[75.1302,34.0948],[75.1333,34.0864],[75.146,34.0876],[75.1524,34.0845],[75.1502,34.094],[75.1424,34.0952],[75.1388,34.1055],[75.143,34.119],[75.1469,34.1214],[75.1379,34.1342],[75.1371,34.1392],[75.1186,34.1487],[75.0973,34.1546],[75.1067,34.1592],[75.1034,34.1686],[75.0873,34.1686],[75.072,34.1648],[75.0646,34.1717],[75.0528,34.175],[75.047,34.1711],[75.036,34.1685],[75.0233,34.1697],[75.0113,34.1606],[74.9959,34.1694],[74.9815,34.1715],[74.9719,34.1821],[74.9553,34.1849],[74.9538,34.1878],[74.9484,34.1896],[74.9438,34.1991],[74.9367,34.203]]]},"properties":{"dtname":"Srinagar","stname":"JAMMU & KASHMIR","stcode11":"01","dtcode11":"010","year_stat":"2011_c","Shape_Length":193115.7645142792,"Shape_Area":585347491.3062097,"OBJECTID":607,"test":0,"Dist_LGD":13,"State_LGD":1}},{"type":"Feature","id":608,"geometry":{"type":"Polygon","coordinates":[[[74.6912,34.1395],[74.6771,34.1341],[74.668,34.1268],[74.6582,34.1295],[74.6545,34.1242],[74.6284,34.1138],[74.6208,34.1163],[74.6172,34.1147],[74.6158,34.1083],[74.5972,34.0965],[74.5922,34.0899],[74.5711,34.0758],[74.5652,34.0688],[74.5574,34.0715],[74.5515,34.0677],[74.5411,34.0481],[74.532,34.0514],[74.5276,34.049],[74.5202,34.0547],[74.4944,34.0565],[74.4923,34.0432],[74.5077,34.0419],[74.5117,34.0337],[74.5102,34.0317],[74.4978,34.0303],[74.4942,34.023],[74.4842,34.0167],[74.4752,34.005],[74.4749,33.9971],[74.4793,33.996],[74.4838,33.9908],[74.4817,33.9808],[74.4776,33.9753],[74.4825,33.9706],[74.4828,33.9636],[74.4856,33.9594],[74.4776,33.9496],[74.4652,33.9425],[74.4592,33.9341],[74.4452,33.9257],[74.4256,33.9202],[74.4219,33.9158],[74.4249,33.9092],[74.4173,33.9061],[74.4167,33.901],[74.4081,33.8944],[74.4142,33.8859],[74.4033,33.8839],[74.4015,33.8812],[74.4007,33.8724],[74.4071,33.862],[74.4132,33.8567],[74.4093,33.8495],[74.41,33.8421],[74.4163,33.8339],[74.4314,33.8229],[74.4409,33.8226],[74.4419,33.8194],[74.4373,33.8137],[74.4383,33.8095],[74.4517,33.803],[74.4559,33.7949],[74.4694,33.7826],[74.4623,33.7766],[74.4636,33.7712],[74.449,33.762],[74.4526,33.7528],[74.4654,33.7482],[74.4736,33.7313],[74.4788,33.7312],[74.4877,33.7267],[74.49,33.7226],[74.5017,33.7189],[74.5079,33.7106],[74.5044,33.7041],[74.5158,33.7054],[74.5271,33.6989],[74.5277,33.695],[74.537,33.6953],[74.543,33.6908],[74.5426,33.6844],[74.5397,33.6806],[74.5583,33.686],[74.5602,33.6903],[74.5665,33.6917],[74.5699,33.7017],[74.5808,33.719],[74.6012,33.7249],[74.6107,33.7357],[74.6255,33.7398],[74.6257,33.7502],[74.6416,33.7614],[74.6569,33.781],[74.686,33.8007],[74.6882,33.8057],[74.6944,33.8064],[74.7106,33.8025],[74.7147,33.8032],[74.7173,33.8071],[74.7231,33.8049],[74.7427,33.8201],[74.7553,33.8197],[74.7569,33.81],[74.7703,33.808],[74.7736,33.8087],[74.7705,33.814],[74.7746,33.8194],[74.7859,33.8194],[74.7913,33.8251],[74.7949,33.8246],[74.7895,33.8333],[74.7917,33.8371],[74.7991,33.8396],[74.7959,33.8449],[74.8177,33.8641],[74.8213,33.8772],[74.8196,33.8924],[74.8372,33.9146],[74.8394,33.9313],[74.8417,33.9329],[74.8437,33.9283],[74.8485,33.9371],[74.8604,33.9481],[74.8611,33.953],[74.8669,33.9608],[74.8821,33.973],[74.8901,33.9888],[74.8952,33.9939],[74.9011,33.9938],[74.9003,33.9993],[74.9021,34.0008],[74.8983,34.0095],[74.9138,34.0204],[74.912,34.0225],[74.8985,34.0159],[74.8959,34.0237],[74.8988,34.0339],[74.8868,34.0373],[74.8765,34.0352],[74.8722,34.0399],[74.8651,34.0423],[74.862,34.0487],[74.8525,34.0524],[74.849,34.0598],[74.8419,34.0586],[74.8387,34.0645],[74.8386,34.0718],[74.8051,34.0693],[74.7793,34.0818],[74.7547,34.1013],[74.748,34.1086],[74.7453,34.1192],[74.7375,34.1118],[74.731,34.1129],[74.7279,34.1171],[74.7217,34.1162],[74.7192,34.1173],[74.7172,34.1254],[74.7102,34.128],[74.6992,34.137],[74.6912,34.1395]]]},"properties":{"dtname":"Badgam","stname":"JAMMU & KASHMIR","stcode11":"01","dtcode11":"002","year_stat":"2011_c","Shape_Length":219592.03300598648,"Shape_Area":1915340598.6300576,"OBJECTID":608,"test":0,"Dist_LGD":2,"State_LGD":1}},{"type":"Feature","id":609,"geometry":{"type":"Polygon","coordinates":[[[75.0754,34.1168],[75.0688,34.1141],[75.0622,34.1048],[75.0559,34.106],[75.0552,34.1032],[75.0491,34.1028],[75.0451,34.099],[75.0545,34.0899],[75.0469,34.0853],[75.037,34.0807],[75.0313,34.0866],[75.0245,34.0874],[75.0225,34.0845],[75.024,34.0743],[75.0187,34.0717],[75.0153,34.0768],[75.0145,34.0698],[75.0089,34.0677],[74.9974,34.0729],[75.0006,34.0622],[74.9901,34.0555],[74.925,34.0249],[74.918,34.0323],[74.9113,34.03],[74.9104,34.0264],[74.9157,34.0229],[74.9153,34.0209],[74.8983,34.0095],[74.9021,34.0008],[74.9003,33.9993],[74.9011,33.9938],[74.8952,33.9939],[74.8901,33.9888],[74.8821,33.973],[74.8669,33.9608],[74.8611,33.953],[74.8604,33.9481],[74.8485,33.9371],[74.8437,33.9283],[74.8417,33.9329],[74.8394,33.9313],[74.8372,33.9146],[74.8196,33.8924],[74.8213,33.8772],[74.8177,33.8641],[74.7959,33.8449],[74.7991,33.8396],[74.7917,33.8371],[74.7895,33.8333],[74.7949,33.8246],[74.7913,33.8251],[74.7859,33.8194],[74.7746,33.8194],[74.7705,33.814],[74.7736,33.8087],[74.7703,33.808],[74.7569,33.81],[74.7553,33.8197],[74.7408,33.8194],[74.7231,33.8049],[74.7164,33.8067],[74.7121,33.7984],[74.7126,33.7907],[74.738,33.7983],[74.7466,33.8041],[74.7594,33.8056],[74.7652,33.7952],[74.7768,33.7882],[74.7956,33.7969],[74.8028,33.7965],[74.8107,33.7938],[74.8237,33.7825],[74.8444,33.8055],[74.8462,33.8103],[74.8433,33.8152],[74.8501,33.8193],[74.8543,33.8147],[74.8606,33.8131],[74.8769,33.815],[74.8756,33.8106],[74.8644,33.8053],[74.8553,33.7974],[74.8602,33.793],[74.8724,33.7939],[74.8764,33.7888],[74.8846,33.7964],[74.8894,33.7954],[74.8914,33.7975],[74.8887,33.8],[74.9002,33.8079],[74.9033,33.8084],[74.9088,33.8045],[74.9187,33.812],[74.9242,33.8129],[74.9257,33.8083],[74.9324,33.8078],[74.9248,33.8013],[74.9273,33.799],[74.9377,33.8032],[74.9351,33.7956],[74.9403,33.7915],[74.9659,33.7949],[74.9805,33.8094],[74.997,33.7991],[75.0005,33.8049],[75.0011,33.8125],[75.0105,33.809],[75.0199,33.8089],[75.0242,33.8113],[75.0378,33.8101],[75.0384,33.8177],[75.0504,33.8142],[75.0579,33.8205],[75.0593,33.8235],[75.0557,33.8324],[75.0576,33.8345],[75.0634,33.8343],[75.066,33.8392],[75.0511,33.8516],[75.046,33.8513],[75.0508,33.8542],[75.0559,33.8566],[75.0575,33.8507],[75.0605,33.8525],[75.0644,33.8496],[75.0693,33.8538],[75.0721,33.8511],[75.0801,33.851],[75.0971,33.863],[75.1,33.8693],[75.1205,33.8638],[75.1312,33.8736],[75.139,33.8709],[75.1436,33.8727],[75.1542,33.8822],[75.1618,33.896],[75.1666,33.8996],[75.1787,33.8998],[75.1929,33.9034],[75.1983,33.9106],[75.2008,33.9188],[75.2259,33.9554],[75.2217,33.9821],[75.2271,34.0103],[75.2211,34.0127],[75.2207,34.0152],[75.2339,34.021],[75.2343,34.0318],[75.2186,34.0372],[75.2164,34.0515],[75.2093,34.0523],[75.2116,34.0563],[75.2064,34.0612],[75.2039,34.0663],[75.2052,34.069],[75.1905,34.0676],[75.1845,34.0716],[75.1754,34.0713],[75.1629,34.0783],[75.1549,34.0772],[75.1532,34.0841],[75.1496,34.0868],[75.1333,34.0864],[75.1302,34.0948],[75.1162,34.0982],[75.1131,34.1044],[75.1009,34.1065],[75.0977,34.1051],[75.0864,34.1118],[75.0785,34.1125],[75.0777,34.1162],[75.0754,34.1168]]]},"properties":{"dtname":"Pulwama","stname":"JAMMU & KASHMIR","stcode11":"01","dtcode11":"012","year_stat":"2011_c","Shape_Length":223067.5850296719,"Shape_Area":1314758408.3916345,"OBJECTID":609,"test":0,"Dist_LGD":11,"State_LGD":1}},{"type":"Feature","id":610,"geometry":{"type":"Polygon","coordinates":[[[73.5948,34.082],[73.5872,34.0953],[73.5767,34.1048],[73.5586,34.1153],[73.5425,34.1439],[73.5339,34.1515],[73.5149,34.1553],[73.4882,34.1443],[73.4927,34.1403],[73.4945,34.1336],[73.492,34.12],[73.4979,34.1072],[73.4956,34.0924],[73.4967,34.084],[73.5032,34.0756],[73.5075,34.0599],[73.5076,34.0416],[73.5135,34.0261],[73.5142,34.0062],[73.5213,33.985],[73.5363,33.9516],[73.5488,33.9311],[73.5782,33.9104],[73.5854,33.899],[73.5891,33.8839],[73.5853,33.8771],[73.5849,33.8641],[73.5817,33.8618],[73.578,33.8511],[73.5721,33.8454],[73.5699,33.8279],[73.5584,33.7914],[73.5576,33.7832],[73.5597,33.7764],[73.5657,33.7686],[73.5787,33.7599],[73.5871,33.758],[73.5905,33.7537],[73.6008,33.7019],[73.6222,33.6747],[73.6429,33.6519],[73.6557,33.6448],[73.685,33.6376],[73.6971,33.6312],[73.7221,33.5948],[73.7314,33.5862],[73.7407,33.5898],[73.745,33.5969],[73.7464,33.6048],[73.7421,33.6276],[73.7499,33.6269],[73.7678,33.6162],[73.7978,33.6248],[73.8142,33.6219],[73.8363,33.5955],[73.8477,33.5934],[73.8799,33.6048],[73.8934,33.5998],[73.9198,33.6048],[73.9527,33.6219],[73.9819,33.6048],[74.0041,33.6012],[74.015,33.6062],[74.0242,33.5949],[74.0299,33.5915],[74.0385,33.5905],[74.0378,33.5847],[74.0445,33.5677],[74.0513,33.5588],[74.0605,33.5577],[74.0648,33.5503],[74.1071,33.5447],[74.1202,33.5523],[74.1227,33.5486],[74.1298,33.5462],[74.1543,33.5446],[74.1474,33.54],[74.1494,33.5316],[74.1579,33.5264],[74.1555,33.5197],[74.1575,33.5086],[74.1475,33.4944],[74.1452,33.485],[74.1444,33.4597],[74.1503,33.4408],[74.1563,33.4336],[74.1603,33.4217],[74.1674,33.4104],[74.1737,33.411],[74.1847,33.4198],[74.1859,33.4227],[74.1819,33.4263],[74.1918,33.4331],[74.1971,33.4432],[74.2039,33.4463],[74.2162,33.4708],[74.2176,33.4807],[74.2268,33.4889],[74.2269,33.5028],[74.2245,33.5085],[74.2158,33.5154],[74.2108,33.5295],[74.207,33.5325],[74.2099,33.5447],[74.2206,33.5503],[74.2249,33.5481],[74.2327,33.5488],[74.2444,33.5536],[74.2476,33.5514],[74.253,33.5401],[74.2559,33.5469],[74.2637,33.5495],[74.2774,33.5441],[74.278,33.5486],[74.2844,33.5453],[74.2971,33.5501],[74.2991,33.5624],[74.3065,33.5703],[74.3118,33.5696],[74.3209,33.575],[74.3321,33.5692],[74.3475,33.5745],[74.3551,33.5821],[74.3695,33.5787],[74.3734,33.5812],[74.3844,33.5784],[74.3859,33.5753],[74.3938,33.5758],[74.4085,33.5691],[74.4221,33.5675],[74.4394,33.5538],[74.4399,33.5483],[74.4471,33.5422],[74.4723,33.5288],[74.4892,33.5167],[74.5054,33.5001],[74.5091,33.4837],[74.5167,33.4842],[74.5278,33.4689],[74.5346,33.4696],[74.5395,33.466],[74.5433,33.4731],[74.5396,33.476],[74.5412,33.4793],[74.5374,33.4849],[74.5401,33.4873],[74.5601,33.492],[74.5727,33.4908],[74.5697,33.5024],[74.5741,33.5067],[74.575,33.5118],[74.5727,33.5166],[74.5678,33.5179],[74.5653,33.5239],[74.5562,33.5247],[74.5553,33.5274],[74.5474,33.5306],[74.5458,33.5282],[74.5382,33.5276],[74.5329,33.5326],[74.529,33.5469],[74.5157,33.5543],[74.5183,33.5603],[74.5277,33.567],[74.5218,33.5735],[74.5241,33.5789],[74.5158,33.5905],[74.5138,33.5994],[74.5271,33.6162],[74.525,33.6249],[74.5224,33.6251],[74.5191,33.6297],[74.5196,33.6415],[74.5292,33.6434],[74.5323,33.6551],[74.5311,33.6574],[74.5426,33.6713],[74.5427,33.6792],[74.5397,33.6806],[74.5426,33.6844],[74.543,33.6908],[74.537,33.6953],[74.5277,33.695],[74.5271,33.6989],[74.5158,33.7054],[74.5044,33.7041],[74.5079,33.7106],[74.5017,33.7189],[74.49,33.7226],[74.4877,33.7267],[74.4788,33.7312],[74.4736,33.7313],[74.4654,33.7482],[74.4526,33.7528],[74.449,33.762],[74.4636,33.7712],[74.4623,33.7766],[74.4694,33.7826],[74.4559,33.7949],[74.4517,33.803],[74.4383,33.8095],[74.4373,33.8137],[74.4419,33.8194],[74.4409,33.8226],[74.4314,33.8229],[74.4163,33.8339],[74.41,33.8421],[74.4093,33.8495],[74.4132,33.8567],[74.4071,33.862],[74.4006,33.8733],[74.4033,33.8839],[74.4142,33.8859],[74.4081,33.8942],[74.4167,33.901],[74.4173,33.9061],[74.4086,33.9077],[74.4092,33.9111],[74.4041,33.9189],[74.3948,33.9258],[74.3941,33.9318],[74.39,33.9345],[74.3866,33.9437],[74.3769,33.9472],[74.3722,33.946],[74.3527,33.9547],[74.3317,33.9504],[74.3286,33.9541],[74.3156,33.9551],[74.3186,33.9563],[74.3176,33.9614],[74.3114,33.9687],[74.3157,33.9735],[74.304,33.9842],[74.3023,33.9921],[74.2969,33.9938],[74.2837,33.9916],[74.2768,33.9884],[74.2749,33.9844],[74.2705,33.9847],[74.2623,33.9968],[74.2578,33.9974],[74.2458,34.0215],[74.2308,34.0236],[74.2188,34.0305],[74.1964,34.032],[74.1876,34.0265],[74.1773,34.0246],[74.168,34.0322],[74.1528,34.035],[74.1269,34.0461],[74.121,34.0389],[74.1095,34.037],[74.1017,34.0318],[74.0966,34.0197],[74.0823,34.0174],[74.0691,34.0212],[74.0646,34.0174],[74.0592,34.0166],[74.0444,34.0189],[74.0322,34.013],[74.0273,34.0016],[74.0018,34.0191],[73.9675,34.0128],[73.954,34.0166],[73.9407,34.0225],[73.921,34.04],[73.902,34.0493],[73.8951,34.0654],[73.8708,34.0639],[73.8575,34.0668],[73.8461,34.0772],[73.8356,34.0829],[73.7909,34.0848],[73.6976,34.0791],[73.6909,34.0677],[73.67,34.061],[73.6395,34.0677],[73.6234,34.0896],[73.6081,34.0734],[73.5948,34.082]]]},"properties":{"dtname":"Punch","stname":"JAMMU & KASHMIR","stcode11":"01","dtcode11":"005","year_stat":"2011_c","Shape_Length":470485.3336886567,"Shape_Area":6217927909.218472,"OBJECTID":610,"test":0,"Dist_LGD":10,"State_LGD":1}},{"type":"Feature","id":611,"geometry":{"type":"Polygon","coordinates":[[[74.8501,33.8193],[74.8433,33.8152],[74.8462,33.8103],[74.8444,33.8055],[74.823,33.7824],[74.8107,33.7938],[74.8028,33.7965],[74.7956,33.7969],[74.7768,33.7882],[74.7652,33.7952],[74.7594,33.8056],[74.7466,33.8041],[74.738,33.7983],[74.7138,33.7904],[74.7118,33.7922],[74.7133,33.8026],[74.6882,33.8057],[74.686,33.8007],[74.6569,33.781],[74.6416,33.7614],[74.6257,33.7502],[74.6255,33.7398],[74.6107,33.7357],[74.6012,33.7249],[74.5801,33.7183],[74.5663,33.6923],[74.5688,33.6895],[74.5822,33.6882],[74.6015,33.6809],[74.6075,33.6865],[74.6071,33.6916],[74.6101,33.6944],[74.6224,33.6955],[74.6288,33.6922],[74.647,33.6895],[74.6543,33.6925],[74.6652,33.692],[74.6725,33.7],[74.6803,33.7026],[74.6846,33.6986],[74.6892,33.6985],[74.6935,33.6953],[74.6969,33.6963],[74.7003,33.6936],[74.7106,33.6955],[74.7212,33.6877],[74.7289,33.6859],[74.7341,33.6801],[74.7274,33.6807],[74.7274,33.6728],[74.7361,33.6659],[74.7776,33.6788],[74.7853,33.6784],[74.7874,33.6753],[74.7843,33.6725],[74.7844,33.6663],[74.7772,33.6686],[74.7748,33.6639],[74.7743,33.6544],[74.7786,33.6448],[74.7867,33.6559],[74.792,33.6522],[74.7996,33.6513],[74.8278,33.6545],[74.871,33.6236],[74.8822,33.6274],[74.8953,33.6409],[74.9034,33.6443],[74.901,33.6496],[74.912,33.6539],[74.9125,33.657],[74.9068,33.6652],[74.92,33.6683],[74.929,33.6678],[74.9355,33.656],[74.9394,33.6677],[74.9657,33.6812],[74.958,33.6823],[74.9589,33.6931],[74.9607,33.6942],[74.9648,33.6904],[74.9657,33.6939],[74.9602,33.7018],[74.9543,33.727],[74.9557,33.7307],[74.9511,33.7393],[74.9565,33.7416],[74.9726,33.7369],[74.9794,33.7435],[74.9989,33.7398],[75.0018,33.7429],[74.9941,33.744],[74.9938,33.7461],[74.9997,33.7505],[75.0085,33.7471],[75.0134,33.7369],[75.0179,33.7385],[75.0292,33.7575],[75.0305,33.7673],[75.0377,33.771],[75.0291,33.7758],[75.0293,33.7923],[75.0459,33.7968],[75.05,33.8053],[75.0421,33.812],[75.0426,33.8161],[75.0384,33.8177],[75.0378,33.8101],[75.0242,33.8113],[75.0199,33.8089],[75.0105,33.809],[75.0011,33.8125],[75.0005,33.8049],[74.997,33.7991],[74.9805,33.8094],[74.9659,33.7949],[74.9403,33.7915],[74.9351,33.7956],[74.9377,33.8032],[74.9273,33.799],[74.9248,33.8013],[74.9324,33.8078],[74.9257,33.8083],[74.9242,33.8129],[74.9187,33.812],[74.9088,33.8045],[74.9033,33.8084],[74.9002,33.8079],[74.8887,33.8],[74.8914,33.7975],[74.8894,33.7954],[74.8846,33.7964],[74.8764,33.7888],[74.8724,33.7939],[74.8602,33.793],[74.8553,33.7974],[74.8644,33.8053],[74.8756,33.8106],[74.8769,33.815],[74.8606,33.8131],[74.8543,33.8147],[74.8501,33.8193]]]},"properties":{"dtname":"Shupiyan","stname":"JAMMU & KASHMIR","stcode11":"01","dtcode11":"013","year_stat":"2011_c","Shape_Length":196055.92993042275,"Shape_Area":736657384.4508876,"OBJECTID":611,"test":0,"Dist_LGD":625,"State_LGD":1}},{"type":"Feature","id":612,"geometry":{"type":"Polygon","coordinates":[[[75.0792,33.7834],[75.0701,33.7806],[75.0843,33.7556],[75.0858,33.7258],[75.0837,33.7104],[75.0853,33.7065],[75.0927,33.7039],[75.0927,33.6885],[75.0867,33.6897],[75.0865,33.6959],[75.0816,33.7065],[75.0819,33.7537],[75.0768,33.766],[75.0743,33.7696],[75.0583,33.77],[75.0573,33.7787],[75.0476,33.7816],[75.0428,33.7791],[75.0313,33.7807],[75.0291,33.7796],[75.0291,33.7758],[75.0377,33.771],[75.0305,33.7673],[75.0292,33.7575],[75.0164,33.7378],[75.0134,33.7369],[75.007,33.7485],[74.9997,33.7505],[74.9938,33.7461],[74.9941,33.744],[75.0018,33.7429],[74.9989,33.7398],[74.9794,33.7435],[74.9726,33.7369],[74.9565,33.7416],[74.9511,33.7393],[74.9557,33.7307],[74.9543,33.727],[74.9602,33.7018],[74.9657,33.6939],[74.9648,33.6904],[74.9607,33.6942],[74.9589,33.6931],[74.958,33.6823],[74.9657,33.6812],[74.9394,33.6677],[74.9355,33.656],[74.929,33.6678],[74.92,33.6683],[74.9068,33.6652],[74.9125,33.657],[74.912,33.6539],[74.901,33.6496],[74.9034,33.6443],[74.8953,33.6409],[74.8822,33.6274],[74.871,33.6236],[74.8278,33.6545],[74.7996,33.6513],[74.792,33.6522],[74.7867,33.6559],[74.7786,33.6448],[74.7743,33.6544],[74.7748,33.6639],[74.7772,33.6686],[74.7844,33.6663],[74.7843,33.6725],[74.7874,33.6753],[74.7853,33.6784],[74.7776,33.6788],[74.7361,33.6659],[74.7274,33.6728],[74.7274,33.6807],[74.7341,33.6801],[74.7289,33.6859],[74.7212,33.6877],[74.7106,33.6955],[74.7003,33.6936],[74.6969,33.6963],[74.6935,33.6953],[74.6892,33.6985],[74.6846,33.6986],[74.6803,33.7026],[74.6725,33.7],[74.6652,33.692],[74.6543,33.6925],[74.647,33.6895],[74.6288,33.6922],[74.6224,33.6955],[74.6101,33.6944],[74.6071,33.6916],[74.6075,33.6865],[74.6015,33.6809],[74.5822,33.6882],[74.5708,33.6889],[74.5665,33.6917],[74.5602,33.6903],[74.5583,33.686],[74.5397,33.6806],[74.5427,33.6792],[74.5431,33.6731],[74.5384,33.6643],[74.5311,33.6574],[74.5323,33.6551],[74.5292,33.6434],[74.5196,33.6415],[74.5191,33.6297],[74.5224,33.6251],[74.525,33.6249],[74.5271,33.6162],[74.5138,33.5994],[74.5158,33.5905],[74.5241,33.5789],[74.5218,33.5735],[74.5277,33.567],[74.5183,33.5603],[74.5157,33.5543],[74.529,33.5469],[74.5329,33.5326],[74.5373,33.5282],[74.5426,33.5275],[74.5474,33.5306],[74.5553,33.5274],[74.5562,33.5247],[74.5653,33.5239],[74.5678,33.5179],[74.5734,33.5156],[74.5741,33.5074],[74.5887,33.5095],[74.5888,33.5036],[74.6035,33.5017],[74.6059,33.4944],[74.614,33.4971],[74.626,33.496],[74.6308,33.5016],[74.6392,33.5019],[74.6417,33.5035],[74.6419,33.5089],[74.6491,33.5147],[74.656,33.5055],[74.6803,33.505],[74.684,33.5143],[74.7041,33.5255],[74.7093,33.5257],[74.7198,33.5174],[74.7307,33.5134],[74.7345,33.5066],[74.7397,33.5058],[74.746,33.5007],[74.7482,33.4955],[74.7578,33.489],[74.7705,33.4857],[74.7788,33.4884],[74.7868,33.4866],[74.7947,33.4783],[74.7879,33.4719],[74.7952,33.4659],[74.8126,33.469],[74.8298,33.4661],[74.8374,33.4769],[74.8575,33.4726],[74.8619,33.4761],[74.8634,33.4821],[74.8728,33.4841],[74.88,33.4811],[74.891,33.4806],[74.8969,33.4828],[74.9023,33.49],[74.9116,33.4905],[74.9158,33.4969],[74.9396,33.491],[74.951,33.4957],[74.9517,33.5075],[74.954,33.512],[74.9574,33.5129],[74.9919,33.512],[74.9927,33.5075],[75.0036,33.5041],[75.0071,33.5089],[75.0136,33.5107],[75.0247,33.5008],[75.0349,33.5044],[75.0518,33.5025],[75.0588,33.4989],[75.0824,33.4945],[75.0978,33.5053],[75.0924,33.5086],[75.0906,33.5142],[75.0844,33.5175],[75.0834,33.5218],[75.0702,33.532],[75.0661,33.5457],[75.1027,33.5715],[75.1023,33.5752],[75.1102,33.5942],[75.1121,33.5956],[75.1242,33.5895],[75.1253,33.5857],[75.138,33.5815],[75.138,33.5775],[75.1327,33.5776],[75.1245,33.5722],[75.129,33.5631],[75.1309,33.5624],[75.1315,33.5652],[75.1341,33.5633],[75.1379,33.5673],[75.148,33.5656],[75.1518,33.5568],[75.1594,33.5635],[75.161,33.5696],[75.1691,33.5775],[75.1683,33.5897],[75.176,33.5897],[75.1638,33.596],[75.1602,33.5876],[75.1509,33.5882],[75.1487,33.5916],[75.1337,33.5886],[75.1403,33.602],[75.138,33.6086],[75.1318,33.6133],[75.1186,33.6139],[75.1164,33.612],[75.1124,33.6253],[75.1088,33.6261],[75.105,33.6325],[75.1112,33.6449],[75.11,33.6607],[75.118,33.6582],[75.127,33.6608],[75.1188,33.6707],[75.1013,33.6724],[75.1041,33.6794],[75.1078,33.6865],[75.1118,33.6867],[75.1188,33.6732],[75.1222,33.6724],[75.1301,33.6821],[75.1235,33.6911],[75.1281,33.6934],[75.1326,33.6918],[75.1354,33.6975],[75.1234,33.7068],[75.125,33.7134],[75.1304,33.7151],[75.1254,33.7148],[75.1194,33.7204],[75.1153,33.7195],[75.1132,33.7262],[75.1106,33.7272],[75.1193,33.7308],[75.1203,33.735],[75.1268,33.7346],[75.1225,33.7395],[75.1216,33.7642],[75.1183,33.7708],[75.1039,33.762],[75.0914,33.7647],[75.0925,33.774],[75.0862,33.7805],[75.0792,33.7834]]]},"properties":{"dtname":"Kulgam","stname":"JAMMU & KASHMIR","stcode11":"01","dtcode11":"015","year_stat":"2011_c","Shape_Length":340109.260410869,"Shape_Area":1699266676.3531327,"OBJECTID":612,"test":0,"Dist_LGD":622,"State_LGD":1}},{"type":"Feature","id":613,"geometry":{"type":"Polygon","coordinates":[[[74.3695,33.5787],[74.3551,33.5821],[74.3475,33.5745],[74.3321,33.5692],[74.3209,33.575],[74.3118,33.5696],[74.3065,33.5703],[74.2991,33.5624],[74.2971,33.5501],[74.2844,33.5453],[74.278,33.5486],[74.2774,33.5441],[74.2637,33.5495],[74.2559,33.5469],[74.253,33.5401],[74.2476,33.5514],[74.2444,33.5536],[74.2327,33.5488],[74.2249,33.5481],[74.2206,33.5503],[74.2099,33.5447],[74.207,33.5325],[74.2108,33.5295],[74.2158,33.5154],[74.2245,33.5085],[74.2269,33.5028],[74.2268,33.4889],[74.2176,33.4807],[74.2162,33.4708],[74.2039,33.4463],[74.1971,33.4432],[74.1918,33.4331],[74.1819,33.4263],[74.1859,33.4227],[74.1847,33.4198],[74.1737,33.411],[74.1674,33.4104],[74.1651,33.4158],[74.1511,33.4035],[74.1348,33.3969],[74.1402,33.3737],[74.1612,33.358],[74.1616,33.3555],[74.1437,33.343],[74.1388,33.333],[74.1434,33.3209],[74.1377,33.3116],[74.0995,33.2952],[74.0949,33.2906],[74.0859,33.287],[74.0577,33.2827],[74.0449,33.2781],[74.0324,33.2699],[74.017,33.2659],[74.0049,33.2599],[73.9981,33.2506],[73.9974,33.2381],[74.001,33.2174],[74.0195,33.2049],[74.0324,33.1992],[74.0385,33.2035],[74.0442,33.2035],[74.0663,33.1942],[74.0709,33.1831],[74.0827,33.1746],[74.1205,33.1599],[74.1466,33.1392],[74.1577,33.1078],[74.1762,33.0943],[74.1634,33.0757],[74.1802,33.0736],[74.2051,33.0657],[74.2408,33.0475],[74.3072,33.0304],[74.3204,33.0304],[74.3151,33.0061],[74.3222,32.9933],[74.3336,32.9536],[74.3654,32.9508],[74.4052,32.9707],[74.4193,32.9876],[74.4268,32.9929],[74.4483,33.0001],[74.4437,33.0096],[74.4465,33.0134],[74.4956,33.0158],[74.5113,33.0113],[74.5199,33.0145],[74.5357,32.9998],[74.5349,32.9942],[74.5429,32.9895],[74.5466,32.9904],[74.5493,32.9839],[74.5546,32.9847],[74.5533,32.9874],[74.5561,32.9915],[74.5613,32.993],[74.5639,32.9994],[74.5724,32.9997],[74.5778,33.0109],[74.5774,33.0191],[74.5687,33.0304],[74.5635,33.0456],[74.5649,33.0464],[74.5557,33.0497],[74.5634,33.0542],[74.5612,33.0573],[74.5615,33.0664],[74.5903,33.0671],[74.5977,33.0706],[74.5978,33.0811],[74.6031,33.0892],[74.6228,33.0903],[74.627,33.0883],[74.6344,33.0921],[74.6215,33.1008],[74.6225,33.1032],[74.6301,33.1039],[74.6331,33.1071],[74.6293,33.1078],[74.6256,33.1044],[74.6267,33.1065],[74.6202,33.1102],[74.6203,33.1193],[74.614,33.1238],[74.6159,33.1298],[74.6234,33.1309],[74.629,33.1416],[74.6247,33.1455],[74.6103,33.1496],[74.6092,33.1527],[74.6029,33.1531],[74.5999,33.1563],[74.5787,33.1522],[74.5693,33.1562],[74.5628,33.1633],[74.5561,33.1652],[74.5521,33.1624],[74.5442,33.1631],[74.5371,33.1694],[74.5221,33.1742],[74.5191,33.1793],[74.5204,33.1856],[74.5269,33.1901],[74.5342,33.1916],[74.5368,33.1848],[74.5448,33.1801],[74.5459,33.1876],[74.546,33.1801],[74.5535,33.1785],[74.5656,33.1812],[74.573,33.1873],[74.573,33.1938],[74.5679,33.1971],[74.567,33.201],[74.5806,33.2016],[74.5883,33.1982],[74.5946,33.1986],[74.6012,33.1918],[74.6036,33.1939],[74.607,33.1915],[74.6095,33.1994],[74.6176,33.2008],[74.6202,33.2035],[74.6414,33.195],[74.6535,33.1928],[74.654,33.1844],[74.6605,33.1836],[74.6627,33.1908],[74.6712,33.1947],[74.6767,33.1928],[74.6834,33.1982],[74.6817,33.2054],[74.6877,33.2159],[74.6883,33.2323],[74.692,33.2418],[74.6918,33.2457],[74.6865,33.2499],[74.6778,33.2521],[74.6729,33.2605],[74.6514,33.2706],[74.6575,33.2876],[74.6687,33.293],[74.6693,33.2998],[74.6689,33.3025],[74.6473,33.3232],[74.653,33.3347],[74.6474,33.3382],[74.6504,33.3399],[74.6472,33.3413],[74.6479,33.3486],[74.6495,33.3505],[74.6573,33.3488],[74.6598,33.3508],[74.6698,33.3478],[74.6711,33.351],[74.6856,33.3597],[74.6758,33.3659],[74.6779,33.3699],[74.6697,33.3804],[74.6694,33.3877],[74.6737,33.3923],[74.6664,33.3922],[74.6649,33.397],[74.6654,33.4035],[74.6715,33.4124],[74.6718,33.4168],[74.6673,33.4232],[74.6671,33.431],[74.6607,33.4332],[74.6557,33.4392],[74.6448,33.4361],[74.6247,33.4416],[74.6182,33.4407],[74.6184,33.4473],[74.6069,33.4507],[74.6011,33.458],[74.6026,33.4639],[74.6188,33.4615],[74.6214,33.4652],[74.6268,33.4642],[74.6296,33.4671],[74.628,33.4728],[74.6301,33.4764],[74.6351,33.4779],[74.6352,33.4847],[74.6295,33.4882],[74.6263,33.496],[74.614,33.4971],[74.6059,33.4944],[74.6035,33.5017],[74.5888,33.5036],[74.5887,33.5095],[74.5741,33.5074],[74.5697,33.5024],[74.5724,33.4904],[74.5601,33.492],[74.5401,33.4873],[74.5374,33.4849],[74.5412,33.4793],[74.5396,33.476],[74.5433,33.4731],[74.5395,33.466],[74.5346,33.4696],[74.5281,33.4687],[74.5167,33.4842],[74.5091,33.4837],[74.5054,33.5001],[74.4892,33.5167],[74.4723,33.5288],[74.4471,33.5422],[74.4399,33.5483],[74.4394,33.5538],[74.4221,33.5675],[74.4085,33.5691],[74.3938,33.5758],[74.3859,33.5753],[74.3844,33.5784],[74.3734,33.5812],[74.3695,33.5787]]]},"properties":{"dtname":"Rajouri","stname":"JAMMU & KASHMIR","stcode11":"01","dtcode11":"006","year_stat":"2011_c","Shape_Length":373626.4627973505,"Shape_Area":3854903048.9030986,"OBJECTID":613,"test":0,"Dist_LGD":12,"State_LGD":1}},{"type":"Feature","id":614,"geometry":{"type":"Polygon","coordinates":[[[75.1181,33.5926],[75.1121,33.5956],[75.1102,33.5942],[75.1023,33.5752],[75.1027,33.5715],[75.0661,33.5457],[75.0702,33.532],[75.0834,33.5218],[75.0844,33.5175],[75.0906,33.5142],[75.0924,33.5086],[75.0978,33.5053],[75.0824,33.4945],[75.0588,33.4989],[75.0518,33.5025],[75.0349,33.5044],[75.0247,33.5008],[75.0161,33.4937],[75.0165,33.4803],[75.0215,33.4746],[75.0236,33.4572],[75.0313,33.452],[75.0364,33.4417],[75.0345,33.4378],[75.0305,33.4379],[75.0276,33.4339],[75.0215,33.432],[75.0105,33.4213],[75.0093,33.4165],[75.0196,33.4024],[75.0267,33.395],[75.0305,33.3945],[75.0316,33.3892],[75.044,33.3727],[75.0596,33.3581],[75.0324,33.3419],[75.0235,33.3191],[75.0254,33.315],[75.0175,33.3122],[75.0239,33.294],[75.0227,33.291],[75.0257,33.2787],[75.0184,33.246],[75.049,33.2392],[75.0507,33.2315],[75.0398,33.221],[75.0358,33.2081],[75.0373,33.2066],[75.0825,33.1989],[75.0929,33.1845],[75.097,33.1942],[75.1218,33.1795],[75.1375,33.1845],[75.1418,33.1817],[75.1462,33.1821],[75.1572,33.1719],[75.1608,33.1648],[75.1809,33.1494],[75.1914,33.1547],[75.2154,33.1568],[75.2328,33.1504],[75.2375,33.1444],[75.2314,33.102],[75.2444,33.0903],[75.2715,33.0901],[75.2852,33.0978],[75.2974,33.1006],[75.3195,33.0871],[75.3259,33.0785],[75.3326,33.0744],[75.3568,33.068],[75.3595,33.0734],[75.3561,33.0777],[75.355,33.0848],[75.3594,33.0982],[75.3528,33.0989],[75.349,33.1026],[75.335,33.1407],[75.3433,33.1519],[75.3512,33.1511],[75.3513,33.1564],[75.3601,33.1715],[75.3646,33.1753],[75.3664,33.1913],[75.3765,33.2022],[75.371,33.2155],[75.3741,33.2205],[75.3728,33.23],[75.3692,33.2398],[75.3623,33.2475],[75.3616,33.2542],[75.3649,33.2601],[75.3611,33.2655],[75.356,33.2678],[75.3552,33.2741],[75.3503,33.2821],[75.3489,33.2973],[75.3578,33.299],[75.3583,33.3024],[75.3666,33.3079],[75.3646,33.3199],[75.3692,33.3417],[75.3745,33.3482],[75.3813,33.364],[75.3769,33.3697],[75.3788,33.3717],[75.378,33.3787],[75.3639,33.3827],[75.3582,33.3813],[75.3304,33.3969],[75.3291,33.4049],[75.3156,33.4147],[75.3075,33.4254],[75.2889,33.4377],[75.2808,33.4506],[75.2623,33.4681],[75.2547,33.4738],[75.2476,33.4754],[75.2422,33.4856],[75.2347,33.489],[75.2307,33.4961],[75.2245,33.5005],[75.2055,33.5097],[75.1982,33.5163],[75.1856,33.5171],[75.175,33.5244],[75.1406,33.5248],[75.1417,33.5352],[75.147,33.5466],[75.1513,33.5503],[75.1518,33.5568],[75.148,33.5656],[75.1379,33.5673],[75.1341,33.5633],[75.1304,33.5647],[75.1309,33.5624],[75.1261,33.5657],[75.1245,33.5722],[75.1327,33.5776],[75.1393,33.5785],[75.138,33.5815],[75.1253,33.5857],[75.1242,33.5895],[75.1181,33.5926]]]},"properties":{"dtname":"Ramban","stname":"JAMMU & KASHMIR","stcode11":"01","dtcode11":"017","year_stat":"2011_c","Shape_Length":228381.87752906818,"Shape_Area":1722965695.311779,"OBJECTID":614,"test":0,"Dist_LGD":621,"State_LGD":1}},{"type":"Feature","id":615,"geometry":{"type":"Polygon","coordinates":[[[74.7112,33.5243],[74.7041,33.5255],[74.6935,33.5206],[74.6835,33.5139],[74.6796,33.5048],[74.656,33.5055],[74.6491,33.5147],[74.6419,33.5089],[74.6409,33.5027],[74.6308,33.5016],[74.6263,33.496],[74.6295,33.4882],[74.6352,33.4847],[74.6351,33.4779],[74.6301,33.4764],[74.628,33.4728],[74.6298,33.4677],[74.628,33.4647],[74.6214,33.4652],[74.6188,33.4615],[74.6026,33.4639],[74.6011,33.458],[74.6069,33.4507],[74.6184,33.4473],[74.6182,33.4407],[74.6247,33.4416],[74.6448,33.4361],[74.6557,33.4392],[74.6607,33.4332],[74.6671,33.431],[74.6673,33.4232],[74.6718,33.4168],[74.6715,33.4124],[74.6654,33.4035],[74.6649,33.397],[74.6664,33.3922],[74.6737,33.3923],[74.6694,33.3877],[74.6697,33.3804],[74.6779,33.3699],[74.6758,33.3659],[74.6856,33.3597],[74.6711,33.351],[74.6698,33.3478],[74.6598,33.3508],[74.6573,33.3488],[74.6495,33.3505],[74.6479,33.3486],[74.6472,33.3413],[74.6504,33.3399],[74.6474,33.3382],[74.653,33.3347],[74.6473,33.3232],[74.6689,33.3025],[74.6693,33.2998],[74.6687,33.293],[74.6575,33.2876],[74.6514,33.2706],[74.6729,33.2605],[74.6778,33.2521],[74.6865,33.2499],[74.6918,33.2457],[74.6919,33.2412],[74.6883,33.2323],[74.6877,33.2159],[74.6817,33.2054],[74.6834,33.1982],[74.6767,33.1928],[74.6712,33.1947],[74.6627,33.1908],[74.6605,33.1836],[74.654,33.1844],[74.6535,33.1928],[74.6414,33.195],[74.6202,33.2035],[74.6176,33.2008],[74.6095,33.1994],[74.607,33.1915],[74.6036,33.1939],[74.6012,33.1918],[74.5946,33.1986],[74.5883,33.1982],[74.5806,33.2016],[74.567,33.201],[74.5679,33.1971],[74.573,33.1938],[74.573,33.1873],[74.5656,33.1812],[74.5535,33.1785],[74.546,33.1801],[74.5459,33.1876],[74.5448,33.1801],[74.5368,33.1848],[74.5342,33.1916],[74.5269,33.1901],[74.5204,33.1856],[74.5191,33.1793],[74.5221,33.1742],[74.5371,33.1694],[74.5442,33.1631],[74.5521,33.1624],[74.5561,33.1652],[74.5628,33.1633],[74.5693,33.1562],[74.5787,33.1522],[74.5999,33.1563],[74.6029,33.1531],[74.6092,33.1527],[74.6103,33.1496],[74.6247,33.1455],[74.629,33.1416],[74.6234,33.1309],[74.6159,33.1298],[74.614,33.1238],[74.6203,33.1193],[74.6202,33.1102],[74.6267,33.1065],[74.6256,33.1044],[74.6293,33.1078],[74.6331,33.1071],[74.6301,33.1039],[74.6225,33.1032],[74.6215,33.1008],[74.6344,33.0921],[74.627,33.0883],[74.6228,33.0903],[74.6031,33.0892],[74.5978,33.0811],[74.5977,33.0706],[74.59,33.0671],[74.5615,33.0664],[74.5612,33.0573],[74.5634,33.0542],[74.5557,33.0497],[74.5649,33.0464],[74.5647,33.0408],[74.5704,33.0284],[74.5755,33.0319],[74.5926,33.034],[74.588,33.0303],[74.5928,33.0208],[74.606,33.0141],[74.6053,33.0092],[74.5935,33.0013],[74.5867,33.0054],[74.5847,33.0028],[74.5969,32.9986],[74.6006,32.9894],[74.6034,32.9924],[74.6084,32.9866],[74.6021,32.9839],[74.6035,32.9815],[74.6015,32.9727],[74.6078,32.9583],[74.6066,32.9538],[74.6032,32.9527],[74.6046,32.9455],[74.6072,32.9493],[74.6038,32.9529],[74.6075,32.9532],[74.6065,32.9554],[74.6167,32.9623],[74.621,32.9596],[74.6236,32.9608],[74.6413,32.9741],[74.6455,32.9746],[74.6487,32.9796],[74.6203,33.0001],[74.6189,33.0089],[74.6157,33.0112],[74.622,33.0166],[74.6199,33.0241],[74.6258,33.0307],[74.6284,33.031],[74.6279,33.0265],[74.6315,33.0234],[74.635,33.0237],[74.6363,33.0206],[74.6438,33.0272],[74.6524,33.0243],[74.6549,33.0316],[74.6636,33.0355],[74.675,33.0468],[74.6735,33.0517],[74.6755,33.0604],[74.68,33.0607],[74.6809,33.0571],[74.6839,33.057],[74.6865,33.053],[74.6944,33.0548],[74.6974,33.0592],[74.702,33.0554],[74.7083,33.0571],[74.7075,33.0519],[74.7099,33.0506],[74.7179,33.0527],[74.7274,33.0513],[74.7299,33.0538],[74.7283,33.0585],[74.7366,33.0593],[74.7494,33.0562],[74.7439,33.0536],[74.7489,33.0511],[74.7703,33.0496],[74.77,33.044],[74.778,33.0422],[74.777,33.0352],[74.7942,33.0325],[74.7926,33.0274],[74.798,33.0238],[74.7989,33.0173],[74.8132,33.0034],[74.8139,32.9996],[74.8241,32.9934],[74.824,32.9895],[74.8397,32.9853],[74.8467,32.9895],[74.8502,32.9892],[74.8669,32.9743],[74.8706,32.9562],[74.8735,32.9521],[74.8778,32.959],[74.8883,32.9562],[74.8945,32.9375],[74.8934,32.9282],[74.8961,32.9226],[74.9034,32.9253],[74.9113,32.9229],[74.9207,32.9006],[74.9338,32.8882],[74.9365,32.8871],[74.9439,32.8914],[74.9517,32.8926],[74.9489,32.8994],[74.9606,32.8946],[74.9606,32.8989],[74.9635,32.9003],[74.9609,32.9045],[74.9616,32.9131],[74.9597,32.9155],[74.9631,32.9189],[74.9631,32.9295],[74.9703,32.9314],[74.9742,32.9353],[74.9775,32.9293],[74.9927,32.9335],[75.0035,32.9312],[75.0067,32.9338],[74.992,32.9465],[74.9898,32.9573],[75.0057,32.9863],[74.9998,33.0052],[75.0092,33.009],[75.0133,33.0133],[75.0388,33.0219],[75.034,33.0247],[75.037,33.0294],[75.0339,33.0365],[75.023,33.0459],[75.0311,33.0508],[75.0486,33.0558],[75.0693,33.0507],[75.0749,33.0546],[75.0751,33.0597],[75.0811,33.0624],[75.0832,33.0662],[75.0689,33.0815],[75.0329,33.0953],[75.0334,33.0979],[75.0291,33.1004],[75.0322,33.1039],[75.0294,33.1054],[75.0504,33.1505],[75.0634,33.1536],[75.0685,33.1598],[75.0774,33.163],[75.0749,33.1698],[75.0839,33.1741],[75.0929,33.1845],[75.0825,33.1989],[75.0724,33.1992],[75.0361,33.2076],[75.0398,33.221],[75.0507,33.2315],[75.049,33.2392],[75.0184,33.246],[75.0257,33.2787],[75.0227,33.291],[75.0239,33.294],[75.0175,33.3122],[75.0254,33.315],[75.0235,33.3191],[75.0324,33.3419],[75.0596,33.3581],[75.044,33.3727],[75.0316,33.3892],[75.0305,33.3945],[75.0267,33.395],[75.0196,33.4024],[75.0093,33.4165],[75.0105,33.4213],[75.0215,33.432],[75.0276,33.4339],[75.0305,33.4379],[75.0345,33.4378],[75.0364,33.4417],[75.0313,33.452],[75.0236,33.4572],[75.0215,33.4746],[75.0165,33.4803],[75.0161,33.4937],[75.0247,33.5008],[75.0136,33.5107],[75.0071,33.5089],[75.0036,33.5041],[74.9927,33.5075],[74.9919,33.512],[74.9574,33.5129],[74.954,33.512],[74.9517,33.5075],[74.951,33.4957],[74.9396,33.491],[74.9158,33.4969],[74.9116,33.4905],[74.9023,33.49],[74.8969,33.4828],[74.891,33.4806],[74.88,33.4811],[74.8728,33.4841],[74.8634,33.4821],[74.8619,33.4761],[74.8575,33.4726],[74.8374,33.4769],[74.8298,33.4661],[74.8126,33.469],[74.7952,33.4659],[74.7879,33.4719],[74.7947,33.4783],[74.7868,33.4866],[74.7788,33.4884],[74.7705,33.4857],[74.7578,33.489],[74.7482,33.4955],[74.746,33.5007],[74.7397,33.5058],[74.7345,33.5066],[74.7307,33.5134],[74.7198,33.5174],[74.7112,33.5243]]]},"properties":{"dtname":"Reasi","stname":"JAMMU & KASHMIR","stcode11":"01","dtcode11":"020","year_stat":"2011_c","Shape_Length":433432.8494040393,"Shape_Area":3046767052.594838,"OBJECTID":615,"test":0,"Dist_LGD":627,"State_LGD":1}},{"type":"Feature","id":616,"geometry":{"type":"Polygon","coordinates":[[[75.4669,33.4034],[75.4628,33.4048],[75.4511,33.3972],[75.4463,33.383],[75.4426,33.3786],[75.4193,33.3815],[75.412,33.3785],[75.3982,33.3666],[75.3904,33.3674],[75.38,33.3631],[75.3748,33.3488],[75.3692,33.3417],[75.3646,33.3199],[75.3666,33.3079],[75.3583,33.3024],[75.3578,33.299],[75.3489,33.2973],[75.3503,33.2821],[75.3552,33.2741],[75.356,33.2678],[75.3611,33.2655],[75.3649,33.2601],[75.3616,33.2542],[75.3623,33.2475],[75.3692,33.2398],[75.3728,33.23],[75.3741,33.2205],[75.371,33.2155],[75.3765,33.2022],[75.3664,33.1913],[75.3646,33.1753],[75.3601,33.1715],[75.3513,33.1564],[75.3512,33.1511],[75.3433,33.1519],[75.335,33.1407],[75.349,33.1026],[75.3528,33.0989],[75.3594,33.0982],[75.355,33.0848],[75.3594,33.0709],[75.3653,33.0722],[75.3773,33.0697],[75.4027,33.0588],[75.4003,33.0505],[75.4013,33.0283],[75.407,33.0109],[75.4157,32.9985],[75.4248,32.9924],[75.428,32.9814],[75.4503,32.9697],[75.4518,32.9596],[75.4591,32.9587],[75.4604,32.9558],[75.4677,32.9591],[75.4738,32.9557],[75.4894,32.9526],[75.4958,32.9564],[75.5106,32.9548],[75.5207,32.9582],[75.5289,32.9544],[75.5332,32.9476],[75.5412,32.9511],[75.5507,32.9641],[75.5627,32.9654],[75.5697,32.9599],[75.5762,32.9591],[75.578,32.9557],[75.5768,32.9506],[75.5811,32.9452],[75.5949,32.948],[75.6079,32.9375],[75.6226,32.9379],[75.6361,32.928],[75.6552,32.9259],[75.6581,32.9208],[75.6612,32.9213],[75.667,32.9099],[75.671,32.8881],[75.6758,32.8782],[75.6739,32.869],[75.6764,32.8661],[75.6801,32.8661],[75.6817,32.8623],[75.6907,32.8645],[75.6929,32.8766],[75.7125,32.8777],[75.7204,32.8745],[75.7413,32.8749],[75.7636,32.8897],[75.7871,32.8901],[75.7948,32.8858],[75.8034,32.886],[75.8185,32.8954],[75.8243,32.9086],[75.8299,32.9131],[75.8383,32.9256],[75.8423,32.9293],[75.85,32.9299],[75.8561,32.9264],[75.878,32.9251],[75.8818,32.9206],[75.8938,32.9156],[75.9089,32.9139],[75.9245,32.9062],[75.9332,32.8911],[75.9539,32.8734],[75.9745,32.886],[75.9807,32.8875],[75.9858,32.8962],[76.0072,32.9026],[76.014,32.9098],[76.0321,32.9167],[76.0381,32.9224],[76.037,32.9279],[76.0438,32.9368],[76.0663,32.942],[76.0734,32.9529],[76.0881,32.9562],[76.0874,32.9626],[76.0993,32.9661],[76.1115,32.9879],[76.1091,32.9922],[76.1123,33.0063],[76.1415,33.01],[76.1648,33.0068],[76.1737,33.0098],[76.1829,33.0207],[76.2074,33.0167],[76.2177,33.0174],[76.2216,33.0212],[76.2243,33.0354],[76.2217,33.0388],[76.224,33.0445],[76.2195,33.0623],[76.214,33.0732],[76.2144,33.0877],[76.2055,33.0972],[76.1977,33.0941],[76.1924,33.097],[76.1866,33.1094],[76.1678,33.1297],[76.1632,33.1436],[76.1521,33.1573],[76.1422,33.1647],[76.1224,33.174],[76.1121,33.1758],[76.1167,33.1615],[76.0984,33.1333],[76.0979,33.1212],[76.045,33.1041],[76.0266,33.0957],[76.0106,33.0944],[76.0002,33.0872],[75.9951,33.0906],[75.983,33.1133],[75.9752,33.1154],[75.9696,33.1072],[75.9668,33.1088],[75.9668,33.1203],[75.9591,33.1246],[75.9515,33.1212],[75.9515,33.1106],[75.9476,33.1077],[75.9481,33.1023],[75.9443,33.1012],[75.9331,33.1027],[75.9088,33.1225],[75.8872,33.1211],[75.8593,33.1251],[75.8394,33.138],[75.8281,33.1411],[75.8153,33.1375],[75.8047,33.1374],[75.7997,33.1435],[75.7995,33.1502],[75.8037,33.1592],[75.7324,33.2035],[75.711,33.2251],[75.6934,33.2386],[75.6782,33.2435],[75.6474,33.241],[75.6042,33.2564],[75.5984,33.2622],[75.598,33.2694],[75.5835,33.2882],[75.5663,33.301],[75.5606,33.3126],[75.5523,33.315],[75.5406,33.3272],[75.5305,33.3493],[75.5059,33.3779],[75.5092,33.3804],[75.4944,33.3805],[75.4886,33.3825],[75.4876,33.3878],[75.4728,33.3903],[75.4742,33.3993],[75.4669,33.4034]]]},"properties":{"dtname":"Doda","stname":"JAMMU & KASHMIR","stcode11":"01","dtcode11":"016","year_stat":"2011_c","Shape_Length":337757.5040169051,"Shape_Area":3401144549.9801087,"OBJECTID":616,"test":0,"Dist_LGD":4,"State_LGD":1}},{"type":"Feature","id":619,"geometry":{"type":"Polygon","coordinates":[[[74.4109,32.8961],[74.4134,32.8871],[74.4096,32.8759],[74.4106,32.8639],[74.4148,32.8538],[74.4136,32.8395],[74.4336,32.8224],[74.4327,32.8092],[74.4431,32.7892],[74.4494,32.7836],[74.4596,32.7886],[74.464,32.7764],[74.4753,32.7769],[74.4849,32.7687],[74.4848,32.7652],[74.5028,32.7648],[74.5046,32.7666],[74.5111,32.7644],[74.5095,32.7632],[74.5153,32.7565],[74.5132,32.7518],[74.5098,32.751],[74.5105,32.7456],[74.5133,32.7443],[74.517,32.744],[74.5193,32.7475],[74.536,32.7453],[74.5366,32.75],[74.5424,32.7494],[74.5424,32.7525],[74.5475,32.7458],[74.548,32.7527],[74.5509,32.756],[74.5542,32.759],[74.5626,32.7602],[74.5703,32.76],[74.5751,32.757],[74.5741,32.7506],[74.579,32.7479],[74.5825,32.7535],[74.5898,32.751],[74.5936,32.7564],[74.6132,32.758],[74.6132,32.7604],[74.6172,32.7609],[74.622,32.7597],[74.6244,32.7554],[74.6264,32.7561],[74.6323,32.7514],[74.6376,32.7516],[74.6386,32.7588],[74.6306,32.7666],[74.6331,32.7739],[74.6316,32.7754],[74.6397,32.7822],[74.6542,32.7808],[74.659,32.7875],[74.6404,32.7988],[74.6336,32.8097],[74.6408,32.8192],[74.656,32.8326],[74.6664,32.8247],[74.6835,32.8366],[74.7046,32.8418],[74.7048,32.821],[74.6773,32.7709],[74.6766,32.7611],[74.6731,32.754],[74.6658,32.7465],[74.6608,32.7347],[74.6549,32.7282],[74.6635,32.7258],[74.6574,32.7169],[74.6578,32.7103],[74.6529,32.697],[74.6663,32.6756],[74.6818,32.6729],[74.682,32.6706],[74.6956,32.666],[74.6951,32.6606],[74.6887,32.6517],[74.6805,32.6526],[74.6798,32.65],[74.6774,32.6508],[74.6719,32.646],[74.6696,32.6387],[74.6608,32.6355],[74.654,32.6376],[74.6555,32.6331],[74.6522,32.6315],[74.6565,32.6308],[74.6554,32.6163],[74.6377,32.6133],[74.641,32.5999],[74.6455,32.5975],[74.6496,32.5973],[74.652,32.5997],[74.6589,32.5971],[74.6561,32.592],[74.6494,32.5896],[74.6481,32.5856],[74.6493,32.5825],[74.6546,32.5813],[74.6518,32.5634],[74.6622,32.5641],[74.6685,32.5688],[74.6728,32.5683],[74.6726,32.5528],[74.6611,32.5542],[74.6616,32.5461],[74.6697,32.5403],[74.6896,32.5347],[74.6908,32.5314],[74.6898,32.523],[74.6823,32.5135],[74.6814,32.51],[74.6858,32.5062],[74.6852,32.5],[74.6806,32.4919],[74.6855,32.4905],[74.688,32.486],[74.6945,32.486],[74.6969,32.4895],[74.701,32.4898],[74.7014,32.4922],[74.7105,32.4925],[74.714,32.4876],[74.7114,32.4782],[74.7152,32.4759],[74.7276,32.4754],[74.7287,32.4808],[74.7528,32.478],[74.7552,32.4822],[74.7642,32.4806],[74.7706,32.4821],[74.7973,32.4766],[74.8009,32.4822],[74.8121,32.4797],[74.8199,32.4988],[74.8288,32.4948],[74.8379,32.4942],[74.8486,32.4888],[74.8591,32.4927],[74.8692,32.4862],[74.8785,32.4926],[74.881,32.5],[74.8869,32.506],[74.8911,32.5169],[74.8878,32.5189],[74.8894,32.5215],[74.8939,32.5243],[74.9049,32.5228],[74.9104,32.5197],[74.9177,32.5251],[74.9042,32.5321],[74.9014,32.536],[74.9045,32.5534],[74.9074,32.5542],[74.9075,32.5513],[74.9148,32.5469],[74.9243,32.5475],[74.9393,32.5581],[74.9275,32.56],[74.9287,32.5697],[74.9428,32.5638],[74.9552,32.5685],[74.9567,32.5759],[74.9489,32.579],[74.9422,32.5854],[74.9521,32.5845],[74.9575,32.5901],[74.9533,32.5925],[74.9382,32.5924],[74.9343,32.5879],[74.9292,32.5934],[74.921,32.5953],[74.9206,32.599],[74.9297,32.6005],[74.9245,32.604],[74.9337,32.6067],[74.9156,32.6255],[74.9042,32.618],[74.8995,32.6042],[74.8939,32.597],[74.8881,32.6033],[74.8816,32.6039],[74.8856,32.6152],[74.8924,32.6168],[74.8944,32.6197],[74.8925,32.6249],[74.8984,32.6368],[74.8966,32.6432],[74.9003,32.6521],[74.9038,32.6543],[74.9082,32.6531],[74.9163,32.66],[74.9444,32.675],[74.9533,32.6775],[74.9608,32.6833],[74.9658,32.695],[74.9584,32.7097],[74.9635,32.7109],[74.9745,32.7231],[74.9843,32.7241],[74.9856,32.7223],[74.9936,32.7316],[74.9949,32.7397],[75.0034,32.7437],[75.0097,32.7433],[75.0086,32.7375],[75.0134,32.7294],[75.0206,32.7327],[75.0265,32.7287],[75.034,32.7315],[75.0425,32.7259],[75.0433,32.7297],[75.0466,32.7315],[75.0472,32.7389],[75.0535,32.7404],[75.0768,32.7295],[75.0807,32.7321],[75.091,32.7187],[75.0962,32.7292],[75.1007,32.7302],[75.1111,32.7397],[75.1206,32.7426],[75.1285,32.7373],[75.1285,32.741],[75.1328,32.7441],[75.1312,32.7478],[75.1281,32.7485],[75.1365,32.7486],[75.139,32.7546],[75.1602,32.7607],[75.1655,32.766],[75.1551,32.7816],[75.156,32.7871],[75.1495,32.7855],[75.1282,32.7937],[75.1263,32.7975],[75.1304,32.8099],[75.1132,32.821],[75.1097,32.8274],[75.0786,32.8447],[75.0741,32.8446],[75.0737,32.8483],[75.0656,32.8522],[75.0533,32.8643],[75.0468,32.8648],[75.043,32.8687],[75.0334,32.8709],[75.0263,32.88],[75.0097,32.8905],[75.0097,32.8932],[74.9999,32.902],[74.9978,32.907],[74.9829,32.9186],[74.9742,32.9353],[74.9703,32.9314],[74.9631,32.9295],[74.9631,32.9189],[74.9597,32.9155],[74.9616,32.9131],[74.9609,32.9045],[74.9635,32.9003],[74.9606,32.8989],[74.9606,32.8946],[74.9489,32.8994],[74.952,32.8928],[74.9352,32.8872],[74.9207,32.9006],[74.9113,32.9229],[74.9034,32.9253],[74.8961,32.9226],[74.8934,32.9282],[74.8945,32.9375],[74.8883,32.9562],[74.8778,32.959],[74.8735,32.9521],[74.8706,32.9562],[74.8669,32.9743],[74.8502,32.9892],[74.8467,32.9895],[74.8397,32.9853],[74.824,32.9895],[74.8241,32.9934],[74.8139,32.9996],[74.8132,33.0034],[74.7989,33.0173],[74.798,33.0238],[74.7926,33.0274],[74.7942,33.0325],[74.777,33.0352],[74.778,33.0422],[74.77,33.044],[74.7703,33.0496],[74.7489,33.0511],[74.7439,33.0536],[74.7494,33.0562],[74.7366,33.0593],[74.7283,33.0585],[74.7299,33.0538],[74.7274,33.0513],[74.7179,33.0527],[74.7099,33.0506],[74.7075,33.0519],[74.7083,33.0571],[74.702,33.0554],[74.6974,33.0592],[74.6944,33.0548],[74.6865,33.053],[74.6839,33.057],[74.6809,33.0571],[74.68,33.0607],[74.6755,33.0604],[74.6735,33.0517],[74.675,33.0468],[74.6636,33.0355],[74.6549,33.0316],[74.6524,33.0243],[74.6438,33.0272],[74.6363,33.0206],[74.635,33.0237],[74.6315,33.0234],[74.6279,33.0265],[74.6284,33.031],[74.6258,33.0307],[74.6199,33.0241],[74.622,33.0166],[74.6157,33.0112],[74.6189,33.0089],[74.6203,33.0001],[74.6487,32.9796],[74.6455,32.9746],[74.6413,32.9741],[74.6236,32.9608],[74.621,32.9596],[74.6167,32.9623],[74.6065,32.9554],[74.6075,32.9532],[74.6038,32.9529],[74.6072,32.9493],[74.6057,32.9453],[74.6028,32.949],[74.6032,32.9527],[74.6066,32.9538],[74.6078,32.9583],[74.6038,32.9649],[74.6016,32.9764],[74.6035,32.9815],[74.6021,32.9839],[74.6084,32.9866],[74.6034,32.9924],[74.6006,32.9894],[74.5969,32.9986],[74.5847,33.0028],[74.5867,33.0054],[74.5935,33.0013],[74.6053,33.0092],[74.6062,33.0133],[74.5928,33.0208],[74.588,33.0303],[74.5905,33.0306],[74.5927,33.0337],[74.5911,33.0341],[74.5755,33.0319],[74.5709,33.0281],[74.5774,33.0191],[74.5778,33.0109],[74.5752,33.0037],[74.5724,32.9997],[74.5639,32.9994],[74.5613,32.993],[74.5561,32.9915],[74.5533,32.9874],[74.5543,32.9846],[74.5493,32.9839],[74.5466,32.9904],[74.5429,32.9895],[74.5349,32.9942],[74.5357,32.9998],[74.5199,33.0145],[74.5113,33.0113],[74.4956,33.0158],[74.4465,33.0134],[74.4437,33.0096],[74.4483,33.0001],[74.4255,32.9921],[74.4052,32.9707],[74.3654,32.9508],[74.3336,32.9536],[74.3158,32.9447],[74.3065,32.9347],[74.3126,32.9265],[74.324,32.9205],[74.354,32.9208],[74.3668,32.9183],[74.3683,32.913],[74.3825,32.9108],[74.3888,32.9054],[74.3985,32.9033],[74.4109,32.8961]]]},"properties":{"dtname":"Jammu","stname":"JAMMU & KASHMIR","stcode11":"01","dtcode11":"021","year_stat":"2011_c","Shape_Length":492195.769297631,"Shape_Area":3328595711.562353,"OBJECTID":619,"test":0,"Dist_LGD":5,"State_LGD":1}},{"type":"Feature","id":620,"geometry":{"type":"Polygon","coordinates":[[[75.7692,32.89],[75.756,32.8862],[75.7467,32.8775],[75.7384,32.8744],[75.7204,32.8745],[75.7125,32.8777],[75.6926,32.8765],[75.6907,32.8645],[75.6817,32.8623],[75.6844,32.8485],[75.691,32.8451],[75.6942,32.837],[75.6813,32.8198],[75.6894,32.8141],[75.6865,32.8069],[75.6897,32.8029],[75.6895,32.7946],[75.6815,32.7874],[75.6711,32.7862],[75.6679,32.7775],[75.6609,32.7761],[75.6552,32.7714],[75.6482,32.7726],[75.6456,32.7704],[75.6327,32.7695],[75.6153,32.7736],[75.6114,32.7697],[75.6012,32.7675],[75.5964,32.7632],[75.5856,32.7591],[75.5869,32.7548],[75.585,32.7512],[75.5867,32.7498],[75.5826,32.7478],[75.5812,32.7425],[75.5737,32.7543],[75.5631,32.7575],[75.558,32.7559],[75.5548,32.7644],[75.5518,32.7664],[75.5517,32.7715],[75.5294,32.7699],[75.5193,32.7662],[75.5158,32.7688],[75.5057,32.7648],[75.4947,32.7646],[75.4896,32.7545],[75.4884,32.7385],[75.4814,32.7318],[75.4817,32.7113],[75.4752,32.7089],[75.4796,32.6952],[75.4724,32.6874],[75.476,32.6826],[75.4599,32.6646],[75.4553,32.6633],[75.4537,32.666],[75.4501,32.6656],[75.4428,32.6722],[75.4376,32.6686],[75.4314,32.67],[75.4273,32.6609],[75.4185,32.6723],[75.418,32.6788],[75.4134,32.6796],[75.4105,32.6795],[75.4067,32.6741],[75.4037,32.6748],[75.4047,32.6717],[75.3982,32.6724],[75.3926,32.6673],[75.3863,32.6712],[75.379,32.6929],[75.3742,32.6982],[75.3699,32.6904],[75.3779,32.6777],[75.376,32.6714],[75.3731,32.6702],[75.3702,32.6764],[75.3638,32.6763],[75.3738,32.6674],[75.3691,32.6665],[75.3645,32.6602],[75.3598,32.6576],[75.3567,32.6589],[75.3576,32.6681],[75.3558,32.6687],[75.3523,32.6624],[75.3479,32.6613],[75.3444,32.6569],[75.3448,32.6644],[75.3305,32.6638],[75.3305,32.6621],[75.3083,32.6518],[75.3085,32.6498],[75.2999,32.6518],[75.2839,32.6414],[75.2836,32.6363],[75.2882,32.6297],[75.318,32.6226],[75.329,32.6144],[75.3415,32.6017],[75.3436,32.5915],[75.3404,32.5902],[75.3432,32.5882],[75.3429,32.5842],[75.336,32.5767],[75.3241,32.5782],[75.3166,32.5712],[75.2891,32.5774],[75.279,32.5757],[75.2701,32.5628],[75.2687,32.5517],[75.2566,32.5421],[75.2635,32.5375],[75.269,32.5278],[75.2837,32.5171],[75.2632,32.5162],[75.259,32.4986],[75.2591,32.4864],[75.2475,32.4749],[75.2494,32.4687],[75.2425,32.466],[75.2285,32.4512],[75.2286,32.4395],[75.2267,32.4373],[75.2329,32.4313],[75.2276,32.426],[75.2183,32.4285],[75.2001,32.4163],[75.197,32.4097],[75.1919,32.4117],[75.193,32.4011],[75.2089,32.3948],[75.2126,32.4024],[75.2241,32.3975],[75.2243,32.394],[75.2449,32.3844],[75.2515,32.3909],[75.2565,32.3893],[75.2543,32.3785],[75.2582,32.3743],[75.2577,32.3716],[75.2678,32.3726],[75.2725,32.3764],[75.2895,32.3705],[75.287,32.363],[75.2882,32.3555],[75.2986,32.3548],[75.299,32.3466],[75.3049,32.3444],[75.3222,32.3445],[75.3256,32.3379],[75.3259,32.3291],[75.3317,32.3269],[75.3357,32.33],[75.3366,32.3373],[75.3392,32.336],[75.3413,32.3381],[75.3383,32.3412],[75.3414,32.3461],[75.3493,32.345],[75.3555,32.337],[75.3626,32.3362],[75.3633,32.3335],[75.3716,32.3345],[75.3752,32.3378],[75.3763,32.3352],[75.3938,32.3276],[75.3995,32.3307],[75.4039,32.3277],[75.4108,32.3289],[75.419,32.32],[75.431,32.3159],[75.441,32.3184],[75.4483,32.3265],[75.4503,32.3246],[75.4589,32.3274],[75.4675,32.3256],[75.4688,32.3284],[75.466,32.33],[75.4716,32.3338],[75.4686,32.339],[75.4785,32.339],[75.4891,32.346],[75.4946,32.341],[75.4875,32.3399],[75.4802,32.3343],[75.4858,32.3242],[75.4821,32.3204],[75.5027,32.3113],[75.5049,32.3127],[75.5121,32.3079],[75.5034,32.2917],[75.5093,32.2838],[75.5256,32.2762],[75.5349,32.2789],[75.5425,32.3056],[75.5422,32.3219],[75.5371,32.326],[75.5395,32.3362],[75.5598,32.3571],[75.5967,32.3777],[75.6095,32.3768],[75.6311,32.3795],[75.6477,32.3875],[75.6741,32.3936],[75.679,32.3897],[75.687,32.3905],[75.7012,32.3996],[75.7114,32.411],[75.7148,32.4075],[75.7225,32.4055],[75.7319,32.4229],[75.7276,32.4289],[75.7284,32.4325],[75.7373,32.4296],[75.7437,32.432],[75.7351,32.439],[75.7296,32.439],[75.7273,32.4457],[75.7285,32.4527],[75.7525,32.4553],[75.7589,32.4605],[75.7627,32.4598],[75.7753,32.4643],[75.8009,32.4854],[75.8205,32.4923],[75.826,32.4995],[75.8245,32.5018],[75.826,32.5039],[75.8324,32.5034],[75.8334,32.5149],[75.8413,32.5151],[75.8394,32.5198],[75.8413,32.5236],[75.857,32.5291],[75.8578,32.5379],[75.8761,32.5505],[75.8763,32.5551],[75.8691,32.5635],[75.8808,32.5707],[75.8828,32.5778],[75.8809,32.5865],[75.8872,32.5908],[75.8948,32.5897],[75.902,32.5928],[75.9079,32.6017],[75.9091,32.6086],[75.9159,32.613],[75.9182,32.622],[75.9155,32.6277],[75.9186,32.6332],[75.9242,32.6368],[75.927,32.6316],[75.9301,32.6315],[75.929,32.6383],[75.9338,32.6427],[75.9334,32.6468],[75.9367,32.6479],[75.9268,32.6437],[75.9183,32.6446],[75.9185,32.654],[75.909,32.6593],[75.8966,32.6497],[75.8895,32.6522],[75.8957,32.6598],[75.8952,32.6662],[75.9024,32.6753],[75.9007,32.6876],[75.9038,32.6954],[75.9011,32.6986],[75.9104,32.7179],[75.9183,32.7235],[75.9221,32.7297],[75.9219,32.7354],[75.9261,32.7456],[75.9128,32.7622],[75.9024,32.7702],[75.9009,32.7757],[75.8907,32.7828],[75.8888,32.8032],[75.8838,32.8122],[75.8695,32.8144],[75.8702,32.8214],[75.8567,32.8358],[75.8507,32.8363],[75.8449,32.8446],[75.8344,32.8463],[75.8312,32.8511],[75.8235,32.8539],[75.8215,32.86],[75.8157,32.8616],[75.8113,32.8778],[75.8014,32.8856],[75.7948,32.8858],[75.7871,32.8901],[75.7692,32.89]]]},"properties":{"dtname":"Kathua","stname":"JAMMU & KASHMIR","stcode11":"01","dtcode11":"007","year_stat":"2011_c","Shape_Length":374786.10569944745,"Shape_Area":3500894964.4839277,"OBJECTID":620,"test":0,"Dist_LGD":7,"State_LGD":1}},{"type":"Feature","id":692,"geometry":{"type":"MultiPolygon","coordinates":[[[[75.1522,32.6958],[75.141,32.693],[75.1572,32.6795],[75.1544,32.6749],[75.156,32.673],[75.1837,32.6613],[75.1903,32.6599],[75.1954,32.6615],[75.2055,32.6577],[75.2063,32.6631],[75.2015,32.6695],[75.1712,32.6808],[75.1522,32.6958]]],[[[75.1218,33.1795],[75.097,33.1942],[75.0954,33.1869],[75.0848,33.1749],[75.0749,33.1698],[75.0774,33.163],[75.0685,33.1598],[75.0634,33.1536],[75.0504,33.1505],[75.0294,33.1054],[75.0322,33.1039],[75.0292,33.0999],[75.0334,33.0979],[75.0329,33.0953],[75.0689,33.0815],[75.0815,33.07],[75.0831,33.0653],[75.0751,33.0597],[75.0749,33.0546],[75.0693,33.0507],[75.0486,33.0558],[75.0311,33.0508],[75.023,33.0459],[75.0339,33.0365],[75.037,33.0294],[75.034,33.0247],[75.0388,33.0219],[75.0133,33.0133],[75.0092,33.009],[74.9998,33.0052],[75.0057,32.9863],[74.9898,32.9573],[74.992,32.9465],[75.0067,32.9338],[75.0035,32.9312],[74.9927,32.9335],[74.9848,32.932],[74.9774,32.9278],[74.9843,32.9169],[74.9978,32.907],[74.9999,32.902],[75.0097,32.8932],[75.0097,32.8905],[75.0263,32.88],[75.0334,32.8709],[75.043,32.8687],[75.0468,32.8648],[75.0533,32.8643],[75.0656,32.8522],[75.0737,32.8483],[75.0741,32.8446],[75.0786,32.8447],[75.109,32.8279],[75.1132,32.821],[75.1304,32.8099],[75.1262,32.7969],[75.1296,32.7925],[75.1495,32.7855],[75.156,32.7871],[75.1551,32.7816],[75.1651,32.7691],[75.1649,32.7643],[75.1602,32.7607],[75.139,32.7546],[75.1365,32.7486],[75.1281,32.7485],[75.1312,32.7478],[75.1328,32.7441],[75.1285,32.741],[75.1285,32.7373],[75.1206,32.7426],[75.1082,32.7378],[75.1007,32.7302],[75.0962,32.7292],[75.0919,32.7218],[75.0915,32.7156],[75.1036,32.7137],[75.1086,32.7091],[75.1129,32.7072],[75.116,32.7089],[75.1226,32.7043],[75.125,32.7087],[75.1299,32.7074],[75.1367,32.7101],[75.1506,32.7233],[75.1636,32.7237],[75.1704,32.722],[75.1701,32.7183],[75.1747,32.714],[75.1717,32.7092],[75.181,32.7002],[75.186,32.7027],[75.1904,32.697],[75.2018,32.6896],[75.2107,32.6858],[75.2155,32.6862],[75.2186,32.6821],[75.2199,32.6684],[75.2167,32.6575],[75.2073,32.6576],[75.1942,32.6471],[75.1885,32.6366],[75.191,32.6335],[75.2081,32.6307],[75.22,32.6349],[75.2293,32.633],[75.2391,32.6545],[75.2514,32.6535],[75.2599,32.6477],[75.2696,32.6485],[75.2855,32.6413],[75.2972,32.6506],[75.3029,32.6518],[75.3085,32.6498],[75.3083,32.6518],[75.3305,32.6621],[75.3305,32.6638],[75.3448,32.6644],[75.3444,32.6569],[75.3479,32.6613],[75.3523,32.6624],[75.3558,32.6687],[75.3576,32.6681],[75.3566,32.6592],[75.3598,32.6576],[75.37,32.6671],[75.3737,32.6668],[75.3638,32.6763],[75.3702,32.6764],[75.3731,32.6702],[75.376,32.6714],[75.3779,32.6777],[75.3699,32.6904],[75.3742,32.6982],[75.379,32.6929],[75.3863,32.6712],[75.3926,32.6673],[75.3982,32.6724],[75.4047,32.6717],[75.4037,32.6748],[75.4067,32.6741],[75.4105,32.6795],[75.4134,32.6796],[75.418,32.6788],[75.4185,32.6723],[75.4273,32.6609],[75.4314,32.67],[75.4376,32.6686],[75.4428,32.6722],[75.4501,32.6656],[75.4537,32.666],[75.4553,32.6633],[75.4599,32.6646],[75.476,32.6826],[75.4724,32.6874],[75.4796,32.6952],[75.4752,32.7089],[75.4817,32.7113],[75.4814,32.7318],[75.4884,32.7385],[75.4896,32.7545],[75.4947,32.7646],[75.5057,32.7648],[75.5158,32.7688],[75.5193,32.7662],[75.5294,32.7699],[75.5517,32.7715],[75.5518,32.7664],[75.5548,32.7644],[75.558,32.7559],[75.5631,32.7575],[75.5737,32.7543],[75.5812,32.7425],[75.5826,32.7478],[75.5867,32.7498],[75.585,32.7585],[75.5964,32.7632],[75.5991,32.7666],[75.6114,32.7697],[75.6153,32.7736],[75.6327,32.7695],[75.6456,32.7704],[75.6482,32.7726],[75.6552,32.7714],[75.6609,32.7761],[75.6679,32.7775],[75.6711,32.7862],[75.6815,32.7874],[75.6892,32.794],[75.6897,32.8029],[75.6865,32.8069],[75.6894,32.8141],[75.6813,32.8198],[75.6942,32.836],[75.6932,32.8417],[75.6844,32.8485],[75.6801,32.8661],[75.6745,32.8675],[75.6758,32.8782],[75.671,32.8881],[75.667,32.9099],[75.6615,32.921],[75.6581,32.9208],[75.6552,32.9259],[75.6361,32.928],[75.6226,32.9379],[75.6079,32.9375],[75.5949,32.948],[75.5811,32.9452],[75.5768,32.9506],[75.578,32.9557],[75.5762,32.9591],[75.5697,32.9599],[75.5612,32.9661],[75.5507,32.9641],[75.5412,32.9511],[75.5332,32.9476],[75.5289,32.9544],[75.5207,32.9582],[75.5106,32.9548],[75.4958,32.9564],[75.4894,32.9526],[75.4738,32.9557],[75.4677,32.9591],[75.4604,32.9558],[75.4591,32.9587],[75.4518,32.9596],[75.4503,32.9697],[75.428,32.9814],[75.4248,32.9924],[75.4157,32.9985],[75.407,33.0109],[75.4015,33.0263],[75.4003,33.0505],[75.4021,33.0592],[75.3773,33.0697],[75.3619,33.0721],[75.3541,33.0674],[75.3326,33.0744],[75.3259,33.0785],[75.3195,33.0871],[75.2974,33.1006],[75.2852,33.0978],[75.2715,33.0901],[75.2444,33.0903],[75.2314,33.102],[75.2375,33.1444],[75.2345,33.1492],[75.2154,33.1568],[75.1914,33.1547],[75.1809,33.1494],[75.1608,33.1648],[75.1478,33.1814],[75.1375,33.1845],[75.1218,33.1795]]]]},"properties":{"dtname":"Udhampur","stname":"JAMMU & KASHMIR","stcode11":"01","dtcode11":"019","year_stat":"2011_c","Shape_Length":371949.40451453644,"Shape_Area":3178078794.052665,"OBJECTID":692,"test":0,"Dist_LGD":14,"State_LGD":1}},{"type":"Feature","id":693,"geometry":{"type":"Polygon","coordinates":[[[75.0062,32.7425],[75.0017,32.7433],[74.9949,32.7397],[74.9936,32.7316],[74.9856,32.7223],[74.9843,32.7241],[74.9745,32.7231],[74.9635,32.7109],[74.9584,32.7097],[74.9658,32.695],[74.9608,32.6833],[74.9533,32.6775],[74.9444,32.675],[74.9163,32.66],[74.9082,32.6531],[74.903,32.6542],[74.897,32.6461],[74.8984,32.6368],[74.8925,32.6249],[74.8944,32.6197],[74.8924,32.6168],[74.8856,32.6152],[74.8816,32.6039],[74.8881,32.6033],[74.8939,32.597],[74.8995,32.6042],[74.9042,32.618],[74.9156,32.6255],[74.9337,32.6067],[74.9245,32.604],[74.9297,32.6005],[74.9206,32.599],[74.921,32.5953],[74.9292,32.5934],[74.9343,32.5879],[74.9382,32.5924],[74.9533,32.5925],[74.9575,32.5901],[74.9521,32.5845],[74.9422,32.5854],[74.9569,32.5742],[74.9552,32.5685],[74.9428,32.5638],[74.9287,32.5697],[74.9275,32.56],[74.9393,32.5581],[74.9253,32.5478],[74.9148,32.5469],[74.9075,32.5513],[74.9074,32.5542],[74.9045,32.5534],[74.9014,32.536],[74.9042,32.5321],[74.9177,32.5251],[74.9104,32.5197],[74.9049,32.5228],[74.8939,32.5243],[74.8894,32.5215],[74.8878,32.5189],[74.8911,32.5169],[74.8785,32.4926],[74.8841,32.4903],[74.8768,32.4775],[74.9004,32.4671],[74.9071,32.4722],[74.9187,32.4635],[74.9319,32.4712],[74.9389,32.4708],[74.9365,32.4673],[74.9409,32.4635],[74.9475,32.4473],[74.9531,32.4467],[74.9601,32.4555],[74.9693,32.4595],[74.9845,32.4501],[74.9891,32.4526],[74.9922,32.4511],[74.9973,32.4568],[75.0002,32.4561],[75.0081,32.4631],[75.018,32.4663],[75.0193,32.4681],[75.0138,32.4716],[75.0155,32.472],[75.0152,32.4768],[75.0269,32.4965],[75.0545,32.4814],[75.0684,32.4775],[75.0702,32.4797],[75.0846,32.4716],[75.0852,32.4688],[75.0863,32.471],[75.0923,32.4693],[75.099,32.4775],[75.1079,32.4736],[75.1102,32.4675],[75.1079,32.46],[75.12,32.4546],[75.118,32.4433],[75.134,32.4279],[75.1267,32.4238],[75.1266,32.4173],[75.1321,32.4155],[75.1319,32.4088],[75.1532,32.4214],[75.1594,32.4186],[75.1642,32.4225],[75.1783,32.4218],[75.1795,32.4249],[75.1876,32.4269],[75.1911,32.4262],[75.1919,32.4222],[75.2009,32.4202],[75.2001,32.4163],[75.2183,32.4285],[75.2276,32.426],[75.2329,32.4313],[75.2267,32.4373],[75.2286,32.4395],[75.2285,32.4512],[75.2425,32.466],[75.2494,32.4687],[75.2475,32.4749],[75.2591,32.4864],[75.259,32.4986],[75.2632,32.5162],[75.2837,32.5171],[75.269,32.5278],[75.2635,32.5375],[75.2574,32.5398],[75.2572,32.544],[75.2687,32.5517],[75.2701,32.5628],[75.2794,32.5759],[75.2891,32.5774],[75.3157,32.5711],[75.3241,32.5782],[75.336,32.5767],[75.3429,32.5842],[75.3432,32.5882],[75.3404,32.5902],[75.3436,32.5915],[75.3415,32.6017],[75.3208,32.6212],[75.2882,32.6297],[75.2836,32.6363],[75.2839,32.6414],[75.2787,32.6432],[75.2778,32.646],[75.2696,32.6485],[75.2599,32.6477],[75.2509,32.6537],[75.239,32.6545],[75.235,32.6485],[75.2346,32.6411],[75.2323,32.6413],[75.2331,32.6392],[75.2279,32.6325],[75.2221,32.6351],[75.2087,32.6307],[75.191,32.6335],[75.1885,32.6366],[75.1942,32.6471],[75.2073,32.6576],[75.2167,32.6575],[75.2199,32.668],[75.2186,32.6821],[75.2152,32.6864],[75.2064,32.6872],[75.1953,32.6935],[75.186,32.7027],[75.1825,32.6997],[75.1804,32.7007],[75.1717,32.7092],[75.1747,32.714],[75.1701,32.7183],[75.1704,32.722],[75.1573,32.7245],[75.1506,32.7233],[75.1367,32.7101],[75.1299,32.7074],[75.125,32.7087],[75.1226,32.7043],[75.116,32.7089],[75.1129,32.7072],[75.1086,32.7091],[75.1036,32.7137],[75.0962,32.7159],[75.0922,32.7146],[75.0841,32.7252],[75.0848,32.7283],[75.0801,32.7324],[75.0768,32.7295],[75.0535,32.7404],[75.0472,32.7389],[75.0466,32.7315],[75.0433,32.7297],[75.0425,32.7259],[75.034,32.7315],[75.0265,32.7287],[75.0206,32.7327],[75.0138,32.7293],[75.0088,32.737],[75.0097,32.7433],[75.0062,32.7425]],[[75.1494,32.6961],[75.1574,32.6925],[75.1712,32.6808],[75.2015,32.6695],[75.2063,32.6631],[75.2055,32.6577],[75.1954,32.6615],[75.1903,32.6599],[75.1837,32.6613],[75.156,32.673],[75.1544,32.6749],[75.1572,32.6795],[75.141,32.693],[75.1494,32.6961]]]},"properties":{"dtname":"Samba","stname":"JAMMU & KASHMIR","stcode11":"01","dtcode11":"022","year_stat":"2011_c","Shape_Length":271527.39705545874,"Shape_Area":1336135778.4407713,"OBJECTID":693,"test":0,"Dist_LGD":624,"State_LGD":1}},{"type":"Feature","id":732,"geometry":{"type":"Polygon","coordinates":[[[74.5392,35.0591],[74.5416,35.0667],[74.5154,35.0948],[74.4983,35.1067],[74.4726,35.1157],[74.4398,35.1181],[74.4298,35.1128],[74.4193,35.1028],[74.3917,35.0657],[74.3803,35.0576],[74.3631,35.0567],[74.3084,35.06],[74.3008,35.0572],[74.2972,35.0445],[74.2818,35.0374],[74.2687,35.035],[74.2532,35.0374],[74.2484,35.0541],[74.2496,35.0672],[74.2437,35.0731],[74.227,35.0672],[74.2258,35.0743],[74.2282,35.0826],[74.2223,35.0862],[74.1628,35.0862],[74.1335,35.1075],[74.1291,35.105],[74.1149,35.1042],[74.0943,35.097],[74.0655,35.048],[74.0755,35.0416],[74.0969,35.0337],[74.1028,35.025],[74.1073,35.0224],[74.1074,35.019],[74.09,35.0057],[74.0807,35.0036],[74.0759,34.9984],[74.0644,34.9982],[74.0597,34.9931],[74.0594,34.9911],[74.0647,34.9883],[74.0635,34.9643],[74.0732,34.9395],[74.065,34.9296],[74.043,34.9214],[74.0388,34.9145],[74.0373,34.9028],[74.0414,34.894],[74.0378,34.8924],[74.0295,34.8771],[74.0162,34.8753],[73.9934,34.8666],[73.9735,34.8648],[73.9635,34.8412],[73.9542,34.835],[73.9348,34.833],[73.927,34.8202],[73.9173,34.814],[73.908,34.8158],[73.9004,34.8213],[73.8869,34.8168],[73.8746,34.8179],[73.8666,34.811],[73.8489,34.8172],[73.8429,34.8153],[73.8327,34.8032],[73.8203,34.7955],[73.7987,34.7971],[73.7851,34.7934],[73.773,34.7964],[73.7493,34.7867],[73.7371,34.7734],[73.7306,34.771],[73.7058,34.7249],[73.7008,34.7201],[73.6908,34.7162],[73.6855,34.7091],[73.6805,34.6951],[73.6749,34.6895],[73.6695,34.6892],[73.6666,34.6842],[73.6627,34.6705],[73.6661,34.6657],[73.6934,34.6572],[73.6954,34.6536],[73.6895,34.6431],[73.6594,34.61],[73.6567,34.5986],[73.6601,34.5885],[73.6569,34.5776],[73.6501,34.5678],[73.6387,34.5657],[73.6176,34.5856],[73.5968,34.5895],[73.5794,34.5874],[73.5566,34.593],[73.5527,34.5927],[73.5347,34.5772],[73.5222,34.5742],[73.5102,34.5751],[73.5,34.5801],[73.475,34.5737],[73.4685,34.5735],[73.4597,34.5779],[73.447,34.5738],[73.4421,34.5649],[73.4405,34.5379],[73.4342,34.5319],[73.4292,34.5209],[73.4367,34.504],[73.4336,34.4906],[73.4215,34.4702],[73.4246,34.4418],[73.4194,34.4173],[73.411,34.3995],[73.4085,34.3863],[73.3937,34.381],[73.3901,34.3742],[73.3965,34.3689],[73.4007,34.3579],[73.4178,34.3517],[73.4243,34.353],[73.4234,34.3392],[73.4373,34.3291],[73.4437,34.3089],[73.4487,34.3051],[73.4528,34.2969],[73.453,34.2778],[73.4609,34.2817],[73.467,34.2956],[73.4741,34.2955],[73.4778,34.2902],[73.4786,34.2829],[73.4696,34.264],[73.4693,34.2513],[73.4771,34.2343],[73.4888,34.2261],[73.4923,34.2197],[73.4884,34.2049],[73.4874,34.1879],[73.4914,34.1561],[73.4882,34.1443],[73.5149,34.1553],[73.5339,34.1515],[73.5425,34.1439],[73.5586,34.1153],[73.5767,34.1048],[73.5872,34.0953],[73.5948,34.082],[73.6081,34.0734],[73.6234,34.0896],[73.6395,34.0677],[73.6529,34.0639],[73.67,34.061],[73.6805,34.0639],[73.6909,34.0677],[73.6976,34.0791],[73.7909,34.0848],[73.8356,34.0829],[73.8461,34.0772],[73.8575,34.0668],[73.8708,34.0639],[73.8951,34.0654],[73.8942,34.0724],[73.9024,34.0827],[73.902,34.0895],[73.9066,34.1061],[73.9275,34.1074],[73.9317,34.1184],[73.9287,34.124],[73.9325,34.1411],[73.9658,34.154],[73.9749,34.163],[73.9905,34.1717],[74.0033,34.1845],[74.0079,34.1908],[74.0023,34.199],[74.0037,34.2159],[74.0058,34.2214],[74.0099,34.2222],[74.0048,34.2336],[73.9892,34.254],[73.9881,34.2694],[73.9774,34.274],[73.958,34.2759],[73.9467,34.274],[73.9393,34.2831],[73.9397,34.2957],[73.9431,34.3061],[73.9327,34.3098],[73.9258,34.3042],[73.9218,34.3128],[73.93,34.3204],[73.9378,34.3324],[73.9172,34.3454],[73.907,34.3495],[73.9013,34.3402],[73.8843,34.3305],[73.8695,34.3349],[73.8622,34.3233],[73.8419,34.3332],[73.8226,34.3341],[73.8158,34.3425],[73.8074,34.3465],[73.8013,34.3452],[73.7992,34.3381],[73.7897,34.3358],[73.7809,34.3389],[73.7604,34.3528],[73.7632,34.3638],[73.7564,34.3806],[73.7604,34.3851],[73.7693,34.3882],[73.7844,34.407],[73.7897,34.4089],[73.8091,34.4255],[73.8158,34.4266],[73.8337,34.4217],[73.8419,34.424],[73.8441,34.4314],[73.8563,34.4312],[73.8784,34.4491],[73.8839,34.4478],[73.8928,34.4501],[73.8881,34.4708],[73.8885,34.4818],[73.8974,34.5053],[73.9043,34.515],[73.9165,34.5201],[73.9117,34.5287],[73.9182,34.5316],[73.9224,34.5387],[73.9588,34.561],[73.9659,34.5776],[73.9612,34.5836],[73.9612,34.5967],[73.9451,34.5979],[73.9386,34.6104],[73.9386,34.6324],[73.9404,34.6455],[73.9548,34.6496],[73.9642,34.6633],[73.9648,34.6746],[73.9749,34.6794],[73.9778,34.6859],[74.0046,34.6823],[74.0308,34.6919],[74.0433,34.6889],[74.0528,34.6794],[74.0665,34.6794],[74.0819,34.6847],[74.0956,34.6823],[74.1069,34.6871],[74.1069,34.6746],[74.1099,34.6633],[74.1188,34.6526],[74.1367,34.649],[74.1438,34.652],[74.1444,34.6645],[74.1581,34.6829],[74.1712,34.6871],[74.2087,34.7121],[74.2342,34.7222],[74.2426,34.7287],[74.2723,34.74],[74.2836,34.7472],[74.2985,34.7686],[74.3194,34.7864],[74.3336,34.7854],[74.3574,34.7897],[74.3831,34.7973],[74.396,34.804],[74.4064,34.8049],[74.4136,34.7992],[74.4202,34.8016],[74.4312,34.8135],[74.4359,34.8321],[74.4402,34.8397],[74.4574,34.8525],[74.4707,34.8563],[74.4888,34.8573],[74.5054,34.8635],[74.5302,34.8568],[74.5563,34.8701],[74.5678,34.873],[74.5744,34.8915],[74.5768,34.9106],[74.5716,34.9377],[74.5716,34.9658],[74.5868,34.9896],[74.5873,35.0096],[74.583,35.0134],[74.5573,35.0196],[74.5354,35.0315],[74.5316,35.041],[74.5335,35.0548],[74.5392,35.0591]]]},"properties":{"dtname":"Muzaffarabad","stname":"JAMMU & KASHMIR","stcode11":"01","dtcode11":"992","year_stat":"2011_c","Shape_Length":595789.8739226062,"Shape_Area":6956020168.948055,"OBJECTID":732,"test":0,"Dist_LGD":null,"State_LGD":1}},{"type":"Feature","id":743,"geometry":{"type":"Polygon","coordinates":[[[73.705,33.6219],[73.6971,33.6312],[73.685,33.6376],[73.6557,33.6448],[73.6429,33.6519],[73.6093,33.689],[73.6008,33.7019],[73.5968,33.7158],[73.5903,33.6985],[73.5624,33.6755],[73.5611,33.6639],[73.5684,33.6407],[73.5606,33.6211],[73.5637,33.6164],[73.5726,33.6179],[73.5775,33.6158],[73.5887,33.6042],[73.603,33.6072],[73.6046,33.6045],[73.6001,33.5929],[73.6042,33.5879],[73.6123,33.5838],[73.6202,33.5738],[73.6182,33.5436],[73.6302,33.5375],[73.6323,33.5331],[73.6313,33.5289],[73.6243,33.5288],[73.6143,33.5209],[73.6065,33.5196],[73.6048,33.5141],[73.6087,33.5005],[73.5994,33.5047],[73.5968,33.5045],[73.5958,33.5001],[73.5952,33.4906],[73.5997,33.4873],[73.6008,33.478],[73.6052,33.476],[73.6094,33.48],[73.6123,33.4798],[73.6142,33.4717],[73.6236,33.4653],[73.6241,33.4572],[73.6173,33.4516],[73.6111,33.4519],[73.5972,33.4441],[73.5871,33.4431],[73.5876,33.4354],[73.5819,33.429],[73.5836,33.4264],[73.59,33.4259],[73.5906,33.4218],[73.585,33.4203],[73.5815,33.4143],[73.5732,33.4079],[73.5727,33.401],[73.5641,33.3939],[73.5578,33.3681],[73.5615,33.3623],[73.568,33.3603],[73.5706,33.3559],[73.5667,33.3515],[73.565,33.3421],[73.5743,33.3338],[73.5793,33.3385],[73.586,33.3406],[73.5901,33.3366],[73.5897,33.332],[73.5822,33.329],[73.5813,33.3261],[73.5864,33.3199],[73.589,33.3049],[73.6033,33.2949],[73.5972,33.2823],[73.5983,33.2717],[73.6046,33.2604],[73.6048,33.2513],[73.6101,33.2494],[73.6143,33.2429],[73.6245,33.2365],[73.6265,33.2311],[73.6246,33.2227],[73.628,33.2153],[73.6306,33.2136],[73.6335,33.2162],[73.6356,33.2257],[73.6401,33.2264],[73.6445,33.2168],[73.6524,33.213],[73.6569,33.2077],[73.6557,33.1943],[73.6584,33.1844],[73.6551,33.1777],[73.6557,33.1689],[73.6528,33.1647],[73.6456,33.1616],[73.6368,33.1419],[73.6274,33.142],[73.6253,33.1397],[73.6244,33.1342],[73.6297,33.1277],[73.6248,33.1115],[73.6271,33.0895],[73.6321,33.086],[73.6428,33.088],[73.6518,33.0848],[73.671,33.0889],[73.6878,33.0881],[73.7206,33.071],[73.7345,33.0663],[73.7378,33.0627],[73.7389,33.0457],[73.7426,33.039],[73.7705,33.0134],[73.7801,33.0075],[73.7879,32.9981],[73.7894,32.9932],[73.7789,32.9743],[73.7856,32.9654],[73.7908,32.965],[73.8075,32.9722],[73.815,32.9837],[73.8175,33.0001],[73.8201,33.0008],[73.8219,33.0054],[73.8288,33.0071],[73.842,33.0071],[73.863,33.0016],[73.8957,33.002],[73.915,32.9936],[73.9282,32.9847],[73.9408,32.9881],[73.9575,32.9866],[73.9677,32.9688],[73.9965,32.9598],[73.997,32.9516],[73.9891,32.9422],[73.9874,32.9354],[74.0134,32.9295],[74.0325,32.9292],[74.0477,32.932],[74.0515,32.9304],[74.052,32.9157],[74.0591,32.909],[74.0927,32.9028],[74.1114,32.8954],[74.1278,32.8947],[74.1428,32.8896],[74.1533,32.8888],[74.1628,32.884],[74.1774,32.8827],[74.1865,32.8729],[74.2016,32.8704],[74.2056,32.8613],[74.2121,32.8583],[74.2165,32.8449],[74.2435,32.842],[74.2543,32.8376],[74.2636,32.8299],[74.2833,32.8297],[74.3009,32.823],[74.3041,32.8151],[74.3007,32.8082],[74.3014,32.8044],[74.3052,32.8024],[74.3084,32.7922],[74.3183,32.7917],[74.3267,32.7784],[74.3389,32.7736],[74.3537,32.763],[74.3828,32.7575],[74.386,32.7601],[74.3858,32.7678],[74.3964,32.766],[74.4022,32.7796],[74.4056,32.7824],[74.415,32.7837],[74.4328,32.7792],[74.4427,32.7796],[74.4494,32.7836],[74.4431,32.7892],[74.4327,32.8092],[74.4336,32.8224],[74.4136,32.8395],[74.4148,32.8538],[74.4106,32.8639],[74.4096,32.8759],[74.4134,32.8871],[74.4109,32.8961],[74.3985,32.9033],[74.3888,32.9054],[74.3825,32.9108],[74.3683,32.913],[74.3668,32.9183],[74.354,32.9208],[74.324,32.9205],[74.3126,32.9265],[74.3065,32.9347],[74.3158,32.9447],[74.3336,32.9536],[74.3222,32.9933],[74.3151,33.0061],[74.3204,33.0304],[74.3072,33.0304],[74.2408,33.0475],[74.2051,33.0657],[74.1802,33.0736],[74.1634,33.0757],[74.1762,33.0943],[74.1577,33.1078],[74.1466,33.1392],[74.1205,33.1599],[74.0827,33.1746],[74.0709,33.1831],[74.0663,33.1942],[74.0442,33.2035],[74.0385,33.2035],[74.0324,33.1992],[74.0278,33.2003],[74.001,33.2174],[73.9974,33.2381],[73.9981,33.2506],[74.0049,33.2599],[74.017,33.2659],[74.0324,33.2699],[74.0449,33.2781],[74.0577,33.2827],[74.0859,33.287],[74.0949,33.2906],[74.0995,33.2952],[74.1309,33.3074],[74.1377,33.3116],[74.1434,33.3209],[74.1388,33.333],[74.1437,33.343],[74.1616,33.3555],[74.1612,33.358],[74.1402,33.3737],[74.1348,33.3969],[74.1511,33.4035],[74.1651,33.4158],[74.1603,33.4217],[74.1563,33.4336],[74.1503,33.4408],[74.1444,33.4597],[74.1452,33.485],[74.1475,33.4944],[74.1575,33.5086],[74.1555,33.5197],[74.1579,33.5264],[74.1494,33.5316],[74.1474,33.54],[74.1543,33.5446],[74.1298,33.5462],[74.1227,33.5486],[74.1202,33.5523],[74.1071,33.5447],[74.0648,33.5503],[74.0605,33.5577],[74.0513,33.5588],[74.0445,33.5677],[74.0378,33.5847],[74.0385,33.5905],[74.0299,33.5915],[74.0242,33.5949],[74.015,33.6062],[74.0041,33.6012],[73.9819,33.6048],[73.9527,33.6219],[73.9198,33.6048],[73.8934,33.5998],[73.8799,33.6048],[73.8477,33.5934],[73.8363,33.5955],[73.8142,33.6219],[73.7978,33.6248],[73.7678,33.6162],[73.7499,33.6269],[73.7421,33.6276],[73.7464,33.6048],[73.745,33.5969],[73.7407,33.5898],[73.7314,33.5862],[73.7221,33.5948],[73.705,33.6219]]]},"properties":{"dtname":"Mirpur","stname":"JAMMU & KASHMIR","stcode11":"01","dtcode11":"991","year_stat":"2011_c","Shape_Length":491376.89534438495,"Shape_Area":5468152940.97086,"OBJECTID":743,"test":0,"Dist_LGD":null,"State_LGD":1}}]}