{"type":"FeatureCollection","crs":{"type":"name","properties":{"name":"EPSG:4326"}},"features":[{"type":"Feature","id":165,"geometry":{"type":"MultiPolygon","coordinates":[[[[88.051,21.509],[88.0528,21.5134],[88.0496,21.5162],[88.0457,21.513],[88.0449,21.5084],[88.051,21.509]]],[[[88.0612,21.5082],[88.0749,21.5171],[88.0755,21.5296],[88.0733,21.5311],[88.0594,21.5112],[88.059,21.5082],[88.0612,21.5082]]],[[[88.2366,21.4869],[88.243,21.4971],[88.2428,21.505],[88.2339,21.5156],[88.2275,21.5387],[88.2156,21.5406],[88.2109,21.5374],[88.207,21.5274],[88.204,21.5104],[88.2054,21.5034],[88.2098,21.4961],[88.2276,21.4839],[88.2366,21.4869]]],[[[88.5902,21.5553],[88.5943,21.5614],[88.5935,21.5662],[88.5855,21.5626],[88.5861,21.5551],[88.5902,21.5553]]],[[[88.3336,21.543],[88.3412,21.5576],[88.342,21.5675],[88.3396,21.5729],[88.3364,21.5695],[88.3303,21.5463],[88.3304,21.5432],[88.3336,21.543]]],[[[88.6012,21.5789],[88.6009,21.5849],[88.5949,21.5825],[88.5955,21.5778],[88.6012,21.5789]]],[[[88.0836,21.5722],[88.0848,21.5762],[88.0827,21.5828],[88.0759,21.5882],[88.0753,21.5798],[88.0776,21.5739],[88.0836,21.5722]]],[[[89.1304,21.5901],[89.1277,21.5924],[89.1249,21.5915],[89.1231,21.5859],[89.1298,21.5841],[89.137,21.5884],[89.1369,21.5908],[89.1304,21.5901]]],[[[88.0905,21.5847],[88.09,21.5887],[88.0834,21.5925],[88.0823,21.5871],[88.0861,21.5839],[88.0905,21.5847]]],[[[88.3593,21.5676],[88.3592,21.5738],[88.3534,21.5878],[88.3479,21.594],[88.3448,21.5931],[88.3423,21.5863],[88.3439,21.5822],[88.3501,21.58],[88.3551,21.5676],[88.3593,21.5676]]],[[[88.0386,21.5779],[88.0279,21.5819],[88.024,21.5859],[88.0215,21.5938],[88.0167,21.5954],[88.016,21.5826],[87.9989,21.5483],[87.9918,21.513],[87.9979,21.5116],[88.0012,21.5132],[88.0161,21.5321],[88.0218,21.5433],[88.0255,21.5621],[88.0282,21.5634],[88.0339,21.5458],[88.0369,21.5458],[88.0391,21.5654],[88.0442,21.5686],[88.0488,21.5615],[88.0494,21.5486],[88.0516,21.5475],[88.0546,21.5505],[88.0566,21.5609],[88.0552,21.5663],[88.0486,21.5714],[88.048,21.5811],[88.043,21.5827],[88.0386,21.5779]]],[[[88.198,21.5421],[88.2005,21.5471],[88.1975,21.5492],[88.1895,21.5784],[88.1787,21.591],[88.1671,21.5984],[88.1636,21.5975],[88.1614,21.5886],[88.1682,21.5733],[88.1727,21.5534],[88.1854,21.5438],[88.1939,21.541],[88.198,21.5421]]],[[[88.5194,21.5864],[88.5032,21.5985],[88.4966,21.5978],[88.488,21.5803],[88.4857,21.5579],[88.4891,21.5503],[88.4993,21.5442],[88.5006,21.5397],[88.51,21.5325],[88.5147,21.5316],[88.5192,21.5353],[88.5229,21.5297],[88.5283,21.5278],[88.5434,21.5313],[88.5468,21.5334],[88.5464,21.5366],[88.536,21.5496],[88.5321,21.562],[88.5348,21.5781],[88.5289,21.5837],[88.5194,21.5864]]],[[[88.8378,21.605],[88.8361,21.6075],[88.8297,21.6054],[88.8294,21.5808],[88.827,21.5717],[88.8321,21.5708],[88.829,21.56],[88.8331,21.5535],[88.8699,21.5323],[88.8955,21.5392],[88.9044,21.5473],[88.9063,21.5584],[88.9012,21.5715],[88.8925,21.5814],[88.8864,21.5819],[88.8813,21.5902],[88.8627,21.597],[88.853,21.6032],[88.8463,21.6023],[88.8378,21.605]]],[[[88.0792,21.6077],[88.0821,21.6138],[88.0774,21.6217],[88.0749,21.62],[88.0743,21.6133],[88.0792,21.6077]]],[[[88.7736,21.6328],[88.7757,21.6459],[88.7706,21.652],[88.7457,21.6465],[88.7322,21.6408],[88.7298,21.6383],[88.7303,21.6306],[88.7267,21.6304],[88.7216,21.6369],[88.7185,21.6358],[88.7142,21.6152],[88.7058,21.6002],[88.7063,21.5921],[88.7121,21.5785],[88.7335,21.568],[88.7486,21.5712],[88.754,21.5641],[88.7646,21.5665],[88.7731,21.5736],[88.7931,21.5827],[88.7984,21.5954],[88.7851,21.5949],[88.7897,21.6046],[88.7778,21.6172],[88.7736,21.6328]]],[[[88.5846,21.6015],[88.5807,21.6123],[88.5652,21.6249],[88.5392,21.6367],[88.5278,21.6509],[88.5246,21.653],[88.5214,21.6516],[88.5188,21.6443],[88.5224,21.624],[88.5168,21.6149],[88.5136,21.5988],[88.5235,21.5957],[88.5315,21.5976],[88.532,21.5917],[88.5409,21.5883],[88.549,21.5648],[88.558,21.564],[88.5603,21.5597],[88.566,21.5631],[88.5811,21.5833],[88.5846,21.5938],[88.5846,21.6015]]],[[[88.9608,21.6423],[88.9561,21.6665],[88.9515,21.6739],[88.9402,21.6515],[88.9402,21.6408],[88.9511,21.6352],[88.961,21.6244],[88.9693,21.6194],[88.9773,21.6204],[88.986,21.6175],[88.9901,21.6197],[88.9924,21.6263],[88.9859,21.6416],[88.9796,21.6435],[88.9658,21.6407],[88.9608,21.6423]]],[[[88.6343,21.651],[88.6369,21.6646],[88.6416,21.6712],[88.6411,21.6784],[88.6332,21.675],[88.6271,21.6582],[88.6277,21.6535],[88.6316,21.6501],[88.6343,21.651]]],[[[87.9502,21.5923],[87.9769,21.6086],[87.9901,21.623],[87.9911,21.6445],[87.9868,21.6662],[87.9904,21.6825],[87.9859,21.687],[87.9741,21.6823],[87.9734,21.676],[87.9765,21.6692],[87.9631,21.6438],[87.9636,21.6399],[87.9679,21.6382],[87.9676,21.6332],[87.9486,21.6108],[87.9444,21.5986],[87.9447,21.5918],[87.9502,21.5923]]],[[[88.6051,21.6149],[88.6063,21.6203],[88.6033,21.6325],[88.5962,21.6472],[88.5821,21.6632],[88.5737,21.6887],[88.5705,21.6837],[88.5718,21.6622],[88.5608,21.6508],[88.5595,21.6413],[88.5945,21.6139],[88.6008,21.6117],[88.6051,21.6149]]],[[[87.9805,21.6919],[87.987,21.6992],[87.979,21.7025],[87.9754,21.7011],[87.9753,21.6907],[87.9805,21.6919]]],[[[87.9073,21.6867],[87.91,21.703],[87.908,21.704],[87.9041,21.7013],[87.902,21.6869],[87.9036,21.6842],[87.9073,21.6867]]],[[[88.3206,21.6069],[88.3257,21.6155],[88.3434,21.6304],[88.3471,21.6431],[88.3451,21.6591],[88.3489,21.6691],[88.3493,21.6802],[88.3376,21.6978],[88.3119,21.7067],[88.309,21.7019],[88.3155,21.6797],[88.3155,21.656],[88.307,21.6344],[88.305,21.6211],[88.3086,21.6071],[88.3167,21.6049],[88.3206,21.6069]]],[[[88.2057,21.6718],[88.1955,21.6794],[88.1936,21.6842],[88.1968,21.692],[88.2086,21.7052],[88.2071,21.7091],[88.1819,21.6863],[88.1797,21.682],[88.1799,21.6713],[88.1867,21.649],[88.1968,21.63],[88.2046,21.6039],[88.2078,21.5971],[88.2121,21.5958],[88.2142,21.6019],[88.2124,21.617],[88.2253,21.6359],[88.2274,21.6526],[88.2251,21.666],[88.2057,21.6718]]],[[[87.9563,21.705],[87.957,21.7082],[87.9523,21.7118],[87.9473,21.7043],[87.9563,21.705]]],[[[88.5423,21.7012],[88.5391,21.7073],[88.5308,21.7147],[88.5248,21.7181],[88.5216,21.7167],[88.5207,21.7029],[88.5284,21.679],[88.5304,21.6561],[88.5464,21.6408],[88.5525,21.6449],[88.5568,21.6588],[88.5638,21.6631],[88.5659,21.6769],[88.5625,21.7019],[88.559,21.7038],[88.5493,21.7006],[88.5423,21.7012]]],[[[88.7401,21.6577],[88.7277,21.6682],[88.7103,21.6746],[88.7047,21.6818],[88.6996,21.6947],[88.6954,21.7171],[88.6907,21.7178],[88.6894,21.699],[88.6845,21.683],[88.6861,21.6784],[88.6929,21.6755],[88.6946,21.6692],[88.7009,21.6672],[88.7097,21.6547],[88.7159,21.657],[88.7172,21.648],[88.7262,21.6439],[88.731,21.6476],[88.7447,21.6506],[88.7447,21.6542],[88.7401,21.6577]]],[[[87.9281,21.6892],[87.9405,21.713],[87.9425,21.7196],[87.9408,21.7234],[87.9324,21.7205],[87.9232,21.7097],[87.9216,21.692],[87.9232,21.6891],[87.9281,21.6892]]],[[[88.1835,21.6944],[88.201,21.7102],[88.2024,21.7156],[88.2002,21.7235],[88.196,21.7216],[88.1829,21.706],[88.1796,21.6953],[88.1835,21.6944]]],[[[89.0067,21.6593],[89.0114,21.6641],[89.0163,21.6856],[89.0129,21.6992],[89.0046,21.703],[89.0085,21.7087],[89.0024,21.7157],[88.9755,21.724],[88.9745,21.7212],[88.986,21.7116],[88.9916,21.7005],[88.9942,21.6741],[88.9912,21.6586],[88.9956,21.6573],[89.0067,21.6593]]],[[[87.9851,21.722],[87.9884,21.7257],[87.9889,21.7291],[87.9865,21.7302],[87.9784,21.7242],[87.9851,21.722]]],[[[87.9543,21.7313],[87.9622,21.737],[87.96,21.7399],[87.9499,21.735],[87.9475,21.7297],[87.9543,21.7313]]],[[[88.9204,21.6311],[88.9264,21.6533],[88.9367,21.6725],[88.9389,21.6861],[88.9369,21.7008],[88.9134,21.7154],[88.9022,21.7324],[88.8862,21.7416],[88.882,21.7411],[88.8677,21.7096],[88.8671,21.701],[88.8767,21.6907],[88.8821,21.6776],[88.8835,21.6656],[88.8916,21.6511],[88.9032,21.6453],[88.9119,21.6333],[88.9204,21.6311]]],[[[88.4063,21.7328],[88.3956,21.7422],[88.3907,21.7418],[88.3855,21.7338],[88.3741,21.7301],[88.3706,21.7262],[88.3802,21.7241],[88.3899,21.7259],[88.4038,21.7199],[88.4024,21.7057],[88.3863,21.6883],[88.3827,21.6813],[88.3828,21.6485],[88.388,21.6438],[88.3862,21.6322],[88.3959,21.6192],[88.395,21.6169],[88.3889,21.6159],[88.3862,21.6053],[88.3942,21.5895],[88.399,21.5889],[88.4074,21.5944],[88.4065,21.6075],[88.4186,21.6146],[88.4302,21.6255],[88.4292,21.6357],[88.4095,21.6537],[88.4139,21.6675],[88.4119,21.6901],[88.4153,21.698],[88.4206,21.7028],[88.4203,21.7069],[88.4155,21.7129],[88.4134,21.7256],[88.4063,21.7328]]],[[[88.2016,21.7312],[88.204,21.7341],[88.2067,21.7568],[88.2053,21.76],[88.202,21.7595],[88.1974,21.7423],[88.1981,21.7307],[88.2016,21.7312]]],[[[88.3718,21.7181],[88.3638,21.7228],[88.3595,21.7352],[88.361,21.7484],[88.3667,21.762],[88.3643,21.7636],[88.3472,21.7597],[88.343,21.7537],[88.347,21.7376],[88.3477,21.7213],[88.3414,21.7129],[88.3419,21.7057],[88.3558,21.6902],[88.3626,21.6866],[88.3732,21.6971],[88.3896,21.7044],[88.3927,21.7081],[88.3939,21.7128],[88.3905,21.7171],[88.3853,21.7191],[88.3718,21.7181]]],[[[88.9664,21.7407],[88.9629,21.7423],[88.9593,21.7515],[88.95,21.7574],[88.9272,21.7636],[88.9322,21.7404],[88.9303,21.7331],[88.9257,21.7279],[88.9251,21.7206],[88.9471,21.7035],[88.9524,21.6823],[88.9561,21.6809],[88.9611,21.6693],[88.9651,21.6482],[88.9774,21.6483],[88.9856,21.6451],[88.9902,21.6393],[88.9954,21.6276],[88.9986,21.6118],[88.9964,21.6062],[88.9934,21.6055],[88.9937,21.601],[89.0094,21.6017],[89.0201,21.5992],[89.0249,21.6058],[89.0244,21.6135],[89.014,21.652],[89.011,21.6553],[89.0043,21.6514],[88.9985,21.6512],[88.9847,21.6593],[88.9832,21.6677],[88.9876,21.6797],[88.9875,21.6908],[88.9792,21.7086],[88.9659,21.723],[88.9666,21.7287],[88.9758,21.7361],[88.9777,21.7418],[88.9664,21.7407]]],[[[88.8375,21.7661],[88.8283,21.7626],[88.8153,21.7529],[88.796,21.7504],[88.789,21.7465],[88.7876,21.7424],[88.7916,21.7365],[88.7839,21.7326],[88.7798,21.7177],[88.768,21.7034],[88.7733,21.7039],[88.7859,21.7123],[88.804,21.7162],[88.8169,21.709],[88.8192,21.702],[88.8172,21.6807],[88.8211,21.6672],[88.8177,21.6574],[88.8091,21.6467],[88.8044,21.6354],[88.8385,21.619],[88.8423,21.6204],[88.8438,21.6277],[88.8549,21.6365],[88.8565,21.6417],[88.8532,21.6616],[88.8391,21.6929],[88.8393,21.7193],[88.8451,21.7335],[88.8588,21.7523],[88.862,21.7614],[88.8375,21.7661]]],[[[88.3845,21.7453],[88.3857,21.7603],[88.3771,21.7663],[88.3719,21.7647],[88.363,21.738],[88.3801,21.7412],[88.3845,21.7453]]],[[[87.9427,21.7459],[87.9573,21.7565],[87.957,21.7715],[87.9451,21.7647],[87.9338,21.7505],[87.9319,21.7444],[87.9427,21.7459]]],[[[88.3019,21.719],[88.2989,21.755],[88.2918,21.7724],[88.2884,21.7703],[88.2854,21.7347],[88.2944,21.7208],[88.3019,21.719]]],[[[87.8815,21.7453],[87.8968,21.7615],[87.9017,21.7723],[87.8982,21.7729],[87.8804,21.7575],[87.8764,21.7453],[87.8815,21.7453]]],[[[88.5949,21.7232],[88.614,21.733],[88.613,21.74],[88.5945,21.7487],[88.5857,21.7573],[88.5823,21.7722],[88.5758,21.7724],[88.5722,21.7708],[88.5707,21.7638],[88.5822,21.7465],[88.5816,21.7268],[88.5896,21.723],[88.5949,21.7232]]],[[[88.1258,21.6736],[88.1233,21.6808],[88.1243,21.687],[88.1296,21.6899],[88.1351,21.6995],[88.1348,21.7065],[88.1308,21.7178],[88.1232,21.7263],[88.1208,21.7327],[88.1214,21.7385],[88.1279,21.7474],[88.1303,21.7567],[88.1234,21.7598],[88.121,21.7741],[88.1034,21.7855],[88.0915,21.7854],[88.0739,21.7771],[88.0723,21.7725],[88.0731,21.7481],[88.0569,21.7276],[88.0538,21.7216],[88.0532,21.7111],[88.0428,21.7067],[88.0326,21.6876],[88.0335,21.6629],[88.0411,21.659],[88.0408,21.6483],[88.0477,21.6418],[88.065,21.6358],[88.0904,21.6344],[88.1113,21.624],[88.1207,21.6238],[88.1378,21.6324],[88.1468,21.6439],[88.1368,21.6703],[88.1258,21.6736]]],[[[88.6135,21.786],[88.5959,21.785],[88.5891,21.7723],[88.5894,21.765],[88.5935,21.7558],[88.6052,21.7486],[88.6151,21.7457],[88.6192,21.7405],[88.6191,21.7342],[88.6148,21.7249],[88.6023,21.7174],[88.6004,21.7131],[88.609,21.7065],[88.6187,21.7165],[88.6292,21.7354],[88.6252,21.7756],[88.6227,21.781],[88.6135,21.786]]],[[[88.2753,21.779],[88.2792,21.7855],[88.2742,21.7884],[88.2677,21.7877],[88.2705,21.7801],[88.2753,21.779]]],[[[88.45,21.7914],[88.4404,21.7873],[88.4255,21.7607],[88.4241,21.7528],[88.4281,21.7307],[88.4275,21.7155],[88.4319,21.7094],[88.4333,21.7006],[88.432,21.6967],[88.424,21.6942],[88.4211,21.6888],[88.4175,21.6576],[88.4204,21.6505],[88.4345,21.6375],[88.4384,21.6292],[88.4382,21.6185],[88.4301,21.6049],[88.4296,21.602],[88.4321,21.6011],[88.4386,21.6013],[88.4528,21.6111],[88.4589,21.6438],[88.4705,21.6746],[88.4695,21.6834],[88.4605,21.6935],[88.4514,21.7188],[88.4536,21.76],[88.458,21.7777],[88.468,21.7897],[88.4566,21.7881],[88.45,21.7914]]],[[[88.354,21.796],[88.3474,21.798],[88.334,21.7957],[88.3256,21.7816],[88.3143,21.7825],[88.3037,21.7802],[88.3018,21.7774],[88.3087,21.7353],[88.3064,21.7154],[88.3143,21.7105],[88.3274,21.7072],[88.3242,21.7275],[88.3282,21.7278],[88.3384,21.722],[88.343,21.7281],[88.3381,21.749],[88.3389,21.7573],[88.3421,21.7609],[88.3676,21.7703],[88.3714,21.7855],[88.3694,21.7923],[88.354,21.796]]],[[[88.1826,21.7806],[88.1818,21.7928],[88.1791,21.7987],[88.1753,21.7989],[88.1758,21.7826],[88.1775,21.7799],[88.1826,21.7806]]],[[[88.4243,21.7978],[88.4211,21.8073],[88.4177,21.8077],[88.3861,21.787],[88.3818,21.7795],[88.3846,21.7698],[88.3914,21.7601],[88.3984,21.7547],[88.4034,21.7389],[88.4202,21.7266],[88.4188,21.7662],[88.425,21.7764],[88.4375,21.7895],[88.4384,21.7936],[88.4354,21.7972],[88.4243,21.7978]]],[[[88.5553,21.7615],[88.5543,21.7651],[88.5581,21.7742],[88.5671,21.7792],[88.5677,21.7921],[88.5616,21.8034],[88.5526,21.8094],[88.5437,21.8112],[88.5417,21.8058],[88.5311,21.7959],[88.5198,21.7914],[88.5121,21.7798],[88.5107,21.7696],[88.5141,21.7685],[88.5073,21.7562],[88.5078,21.7472],[88.5152,21.74],[88.5199,21.7251],[88.5252,21.7242],[88.5346,21.7295],[88.533,21.7206],[88.5487,21.7101],[88.5628,21.7086],[88.5664,21.6991],[88.5844,21.6888],[88.584,21.6784],[88.5906,21.6608],[88.5967,21.6576],[88.602,21.6642],[88.6069,21.6771],[88.607,21.685],[88.594,21.6958],[88.5887,21.7044],[88.5871,21.7089],[88.5921,21.7105],[88.5914,21.714],[88.5812,21.7188],[88.5736,21.7253],[88.5721,21.7312],[88.5673,21.7333],[88.567,21.7378],[88.5728,21.7475],[88.5705,21.7568],[88.5659,21.7613],[88.5553,21.7615]]],[[[89.0148,21.7781],[89.0112,21.8082],[89.0068,21.8123],[89.0012,21.8116],[88.9958,21.8057],[88.993,21.7896],[89.0035,21.7822],[89.0028,21.7777],[89.0009,21.7756],[88.9928,21.7812],[88.9876,21.7818],[88.9793,21.7799],[88.9607,21.7701],[88.9568,21.7665],[88.9561,21.7597],[88.9629,21.7558],[88.9675,21.7468],[88.9808,21.7468],[88.9813,21.741],[88.977,21.7289],[88.9882,21.7263],[89.0124,21.7141],[89.0116,21.7055],[89.018,21.7003],[89.0213,21.6881],[89.0168,21.661],[89.0322,21.659],[89.0325,21.6567],[89.0214,21.6506],[89.0212,21.6471],[89.0239,21.6349],[89.0276,21.6341],[89.0291,21.6376],[89.0314,21.6355],[89.0377,21.611],[89.0416,21.6095],[89.0713,21.6118],[89.0754,21.615],[89.0766,21.6222],[89.0851,21.6265],[89.0909,21.6331],[89.0931,21.6383],[89.0928,21.6522],[89.0858,21.6684],[89.0792,21.6735],[89.072,21.6756],[89.0722,21.6783],[89.0768,21.6814],[89.0764,21.6867],[89.0637,21.6923],[89.0639,21.6954],[89.0739,21.7],[89.0743,21.7036],[89.0641,21.7151],[89.0617,21.7212],[89.054,21.7223],[89.0502,21.7288],[89.0547,21.7318],[89.0544,21.7368],[89.0261,21.7587],[89.0148,21.7781]]],[[[88.8208,21.764],[88.8231,21.7914],[88.8289,21.8057],[88.8288,21.8106],[88.823,21.8225],[88.7975,21.784],[88.7854,21.7718],[88.7869,21.7641],[88.7915,21.7566],[88.8091,21.7556],[88.8208,21.764]]],[[[88.4868,21.8023],[88.4986,21.8155],[88.4917,21.8317],[88.4864,21.8355],[88.4786,21.8321],[88.4596,21.8141],[88.4574,21.808],[88.472,21.7993],[88.4778,21.8018],[88.4819,21.7991],[88.4868,21.8023]]],[[[88.6079,21.7982],[88.6118,21.802],[88.6095,21.8092],[88.6054,21.8126],[88.6053,21.8185],[88.6145,21.8269],[88.6139,21.8308],[88.6024,21.8355],[88.6014,21.842],[88.5886,21.8487],[88.5763,21.8319],[88.5753,21.8179],[88.5836,21.8109],[88.589,21.8017],[88.6079,21.7982]]],[[[88.5203,21.8282],[88.5262,21.8362],[88.5241,21.8452],[88.5187,21.8518],[88.5085,21.8544],[88.5027,21.853],[88.4953,21.8423],[88.4977,21.8327],[88.5038,21.8275],[88.5136,21.8259],[88.5203,21.8282]]],[[[88.1899,21.8338],[88.1874,21.8436],[88.1767,21.8563],[88.1741,21.8557],[88.1736,21.85],[88.1802,21.8394],[88.1899,21.8338]]],[[[88.3594,21.8048],[88.35,21.8264],[88.3516,21.8539],[88.3377,21.8595],[88.329,21.8601],[88.3157,21.8542],[88.3043,21.8306],[88.2689,21.8152],[88.2622,21.8053],[88.2631,21.7993],[88.2694,21.796],[88.2754,21.7964],[88.2852,21.7899],[88.2913,21.7784],[88.2937,21.783],[88.2986,21.785],[88.3241,21.7848],[88.3317,21.798],[88.3382,21.8016],[88.3457,21.8016],[88.3569,21.7973],[88.3599,21.7986],[88.3594,21.8048]]],[[[88.8951,21.7845],[88.8902,21.7927],[88.8796,21.8013],[88.8784,21.8157],[88.8756,21.8207],[88.8768,21.8363],[88.8716,21.8519],[88.859,21.8575],[88.8585,21.8607],[88.85,21.8623],[88.8449,21.8582],[88.8424,21.8333],[88.8441,21.8114],[88.836,21.7885],[88.8665,21.7797],[88.8743,21.7705],[88.8828,21.7524],[88.9111,21.7344],[88.9225,21.7406],[88.9232,21.7494],[88.9051,21.7502],[88.898,21.7532],[88.8932,21.7638],[88.8951,21.7845]]],[[[88.1691,21.8622],[88.1662,21.8668],[88.1627,21.866],[88.1636,21.8625],[88.1684,21.8603],[88.1691,21.8622]]],[[[88.1329,21.8734],[88.124,21.8711],[88.1161,21.8536],[88.1039,21.8422],[88.0842,21.7925],[88.1019,21.7929],[88.1115,21.7906],[88.1218,21.7829],[88.1319,21.7637],[88.1363,21.7599],[88.1377,21.75],[88.1287,21.7383],[88.1279,21.7307],[88.1415,21.7084],[88.1422,21.6988],[88.1395,21.6923],[88.1276,21.6809],[88.1367,21.678],[88.1491,21.6806],[88.1492,21.6926],[88.1568,21.7033],[88.1708,21.7379],[88.1651,21.7647],[88.1659,21.8228],[88.1555,21.834],[88.1329,21.8734]]],[[[88.5735,21.8774],[88.5607,21.8778],[88.5569,21.8735],[88.5628,21.8601],[88.5626,21.8495],[88.5583,21.8327],[88.5627,21.8321],[88.5648,21.8344],[88.573,21.8565],[88.574,21.8643],[88.5709,21.8674],[88.5735,21.8774]]],[[[88.5552,21.8183],[88.555,21.8237],[88.5498,21.8323],[88.5575,21.8515],[88.5562,21.8635],[88.5523,21.873],[88.5522,21.8775],[88.5557,21.8825],[88.5471,21.8786],[88.5472,21.8612],[88.5449,21.8526],[88.5335,21.8464],[88.5333,21.8432],[88.5363,21.8313],[88.5445,21.8256],[88.5487,21.8193],[88.5538,21.8169],[88.5552,21.8183]]],[[[88.0942,21.867],[88.1021,21.8811],[88.1037,21.8897],[88.0916,21.8937],[88.0886,21.8912],[88.0879,21.8729],[88.0904,21.8672],[88.0942,21.867]]],[[[88.982,21.8961],[88.9733,21.8932],[88.9762,21.8694],[88.9714,21.8626],[88.9583,21.8544],[88.9516,21.8456],[88.9512,21.8381],[88.955,21.8307],[88.9707,21.8287],[88.9795,21.8179],[88.9787,21.8122],[88.9722,21.8043],[88.9517,21.7949],[88.9514,21.7872],[88.966,21.7803],[88.9786,21.7871],[88.9949,21.8161],[89.0173,21.8182],[89.0233,21.8232],[89.0276,21.8316],[89.0266,21.8431],[89.02,21.8503],[89.0253,21.8558],[89.0249,21.8666],[89.0164,21.8741],[88.9994,21.8817],[88.982,21.8961]]],[[[88.6325,21.8698],[88.6285,21.8822],[88.6193,21.8968],[88.6022,21.8769],[88.5971,21.8649],[88.5969,21.8585],[88.6169,21.8367],[88.6192,21.8293],[88.6139,21.8154],[88.6209,21.8021],[88.6251,21.7958],[88.641,21.789],[88.6449,21.793],[88.6439,21.8106],[88.6484,21.8233],[88.6499,21.8527],[88.6534,21.8685],[88.6484,21.8707],[88.6325,21.8698]]],[[[88.573,21.8848],[88.5725,21.8969],[88.5698,21.8982],[88.5621,21.8942],[88.5591,21.8841],[88.5677,21.8828],[88.573,21.8848]]],[[[88.8375,21.8778],[88.8374,21.891],[88.8328,21.8971],[88.8235,21.9013],[88.8174,21.9006],[88.8085,21.8848],[88.8059,21.873],[88.8103,21.8718],[88.8195,21.8744],[88.8316,21.8699],[88.835,21.8717],[88.8375,21.8778]]],[[[88.7773,21.8688],[88.7696,21.8756],[88.76,21.8787],[88.7426,21.896],[88.7344,21.8969],[88.722,21.905],[88.7159,21.9045],[88.7042,21.8698],[88.6958,21.8596],[88.696,21.8542],[88.7024,21.8529],[88.7019,21.8489],[88.6965,21.8433],[88.6975,21.8368],[88.708,21.8179],[88.7141,21.8136],[88.7144,21.81],[88.7119,21.809],[88.7118,21.7932],[88.7039,21.7687],[88.6939,21.7578],[88.6911,21.7508],[88.6928,21.7411],[88.7064,21.7106],[88.7095,21.6948],[88.7464,21.6621],[88.7515,21.6621],[88.7532,21.6671],[88.7672,21.6661],[88.7824,21.6591],[88.7892,21.6668],[88.7918,21.6646],[88.7892,21.6537],[88.7948,21.6528],[88.804,21.6542],[88.805,21.6657],[88.8086,21.6685],[88.8038,21.7028],[88.7997,21.7053],[88.7811,21.7014],[88.7637,21.6896],[88.7606,21.6895],[88.7548,21.7121],[88.7684,21.719],[88.7698,21.7231],[88.7554,21.7301],[88.7488,21.7376],[88.753,21.7627],[88.7449,21.77],[88.7451,21.776],[88.7674,21.7984],[88.7711,21.8089],[88.7733,21.8054],[88.7723,21.7965],[88.7566,21.7735],[88.7656,21.7681],[88.7568,21.7436],[88.7681,21.7355],[88.7814,21.7385],[88.7844,21.7571],[88.7794,21.7631],[88.7799,21.7709],[88.7925,21.7901],[88.7926,21.8001],[88.8153,21.8189],[88.8167,21.8352],[88.8196,21.838],[88.8263,21.8611],[88.8248,21.8658],[88.8209,21.8685],[88.8088,21.8664],[88.7955,21.8689],[88.7899,21.865],[88.7863,21.8663],[88.7841,21.8729],[88.7773,21.8688]]],[[[88.4897,21.8476],[88.4871,21.864],[88.4835,21.8679],[88.4813,21.8794],[88.4762,21.8823],[88.4722,21.8918],[88.4516,21.8998],[88.4438,21.907],[88.4324,21.902],[88.4204,21.9005],[88.4153,21.8903],[88.3996,21.8766],[88.3985,21.8683],[88.4009,21.8626],[88.3945,21.8499],[88.3932,21.8266],[88.3989,21.8065],[88.402,21.8056],[88.4089,21.8118],[88.4194,21.8136],[88.4304,21.8032],[88.4378,21.8036],[88.4569,21.7969],[88.4572,21.7989],[88.4461,21.8077],[88.4455,21.8131],[88.453,21.8254],[88.4653,21.8307],[88.4665,21.8377],[88.4619,21.8417],[88.4623,21.8449],[88.465,21.8462],[88.4828,21.8397],[88.4886,21.8435],[88.4897,21.8476]]],[[[88.4848,21.8966],[88.4914,21.9036],[88.4884,21.9079],[88.4766,21.8999],[88.4792,21.8962],[88.4848,21.8966]]],[[[88.1107,21.9009],[88.1109,21.9038],[88.1036,21.9083],[88.0951,21.9057],[88.0954,21.9014],[88.0993,21.8992],[88.1066,21.8979],[88.1107,21.9009]]],[[[88.6384,21.9222],[88.6265,21.9062],[88.6263,21.8987],[88.6385,21.8768],[88.6516,21.8775],[88.6569,21.8911],[88.6655,21.9007],[88.6674,21.9134],[88.6485,21.9219],[88.6425,21.9199],[88.6384,21.9222]]],[[[88.7374,21.9227],[88.7279,21.9254],[88.726,21.9292],[88.7209,21.9278],[88.7154,21.9217],[88.7171,21.9165],[88.727,21.9086],[88.7392,21.9021],[88.745,21.9026],[88.7513,21.8981],[88.7564,21.8892],[88.7666,21.8814],[88.7715,21.8826],[88.7759,21.8771],[88.7894,21.8831],[88.7928,21.8795],[88.7981,21.8804],[88.8108,21.8997],[88.8096,21.913],[88.8033,21.916],[88.7973,21.9118],[88.7937,21.913],[88.7943,21.9188],[88.7917,21.9211],[88.7626,21.9282],[88.748,21.9273],[88.7374,21.9227]]],[[[88.1301,21.9001],[88.1399,21.9113],[88.1415,21.9206],[88.1221,21.9328],[88.1148,21.931],[88.1105,21.9233],[88.1118,21.9174],[88.1214,21.9006],[88.1262,21.8985],[88.1301,21.9001]]],[[[88.9435,21.9149],[88.9153,21.933],[88.9019,21.9236],[88.8942,21.9147],[88.8828,21.9135],[88.8688,21.9164],[88.858,21.9137],[88.8506,21.9147],[88.8253,21.9305],[88.8212,21.9278],[88.8227,21.918],[88.8438,21.903],[88.8538,21.8894],[88.8607,21.8702],[88.8668,21.8692],[88.8666,21.8655],[88.8632,21.8632],[88.8636,21.8591],[88.8743,21.8556],[88.8828,21.8409],[88.8918,21.8353],[88.8913,21.8323],[88.8866,21.8292],[88.8872,21.8172],[88.8916,21.8156],[88.8913,21.8108],[88.8871,21.8097],[88.8865,21.8063],[88.9004,21.7885],[88.9007,21.7622],[88.9017,21.7597],[88.9084,21.7573],[88.9193,21.7684],[88.9302,21.7709],[88.9408,21.7682],[88.9486,21.7691],[88.9505,21.7764],[88.9478,21.7816],[88.9425,21.7847],[88.9429,21.7976],[88.948,21.8031],[88.9655,21.8065],[88.9704,21.8142],[88.9688,21.8239],[88.9528,21.8248],[88.9477,21.8275],[88.9428,21.8386],[88.9438,21.846],[88.9503,21.8561],[88.9591,21.866],[88.967,21.868],[88.9685,21.8714],[88.9682,21.8972],[88.9715,21.9036],[88.9708,21.9065],[88.9679,21.9085],[88.9592,21.9072],[88.9435,21.9149]]],[[[88.5198,21.9215],[88.5217,21.9269],[88.5194,21.9359],[88.5153,21.9373],[88.512,21.9284],[88.5142,21.9184],[88.5198,21.9215]]],[[[88.7746,21.9448],[88.7499,21.9587],[88.7501,21.9755],[88.7471,21.9782],[88.7331,21.9822],[88.7277,21.9799],[88.728,21.9622],[88.7252,21.9516],[88.7294,21.9393],[88.742,21.9318],[88.7582,21.935],[88.781,21.9317],[88.7849,21.9272],[88.7922,21.925],[88.8026,21.9306],[88.802,21.9374],[88.7889,21.943],[88.787,21.9482],[88.7746,21.9448]]],[[[88.1009,21.9705],[88.1195,21.9828],[88.1279,21.9933],[88.1367,22.0083],[88.1342,22.0162],[88.1194,22.0152],[88.0968,22.0003],[88.0893,21.9878],[88.0884,21.9738],[88.0907,21.9715],[88.1009,21.9705]]],[[[88.5745,22.6186],[88.5604,22.6242],[88.5592,22.6207],[88.5615,22.6187],[88.5548,22.619],[88.5532,22.6066],[88.5501,22.6066],[88.5509,22.6082],[88.5472,22.6103],[88.5467,22.6057],[88.5435,22.6063],[88.5482,22.6016],[88.549,22.5952],[88.5549,22.5928],[88.5473,22.5931],[88.5458,22.5853],[88.5413,22.5801],[88.5382,22.5802],[88.539,22.5743],[88.5215,22.5618],[88.5243,22.5528],[88.5213,22.5503],[88.5106,22.5521],[88.5094,22.5586],[88.5036,22.5548],[88.4935,22.5551],[88.4931,22.5586],[88.485,22.56],[88.4818,22.5674],[88.476,22.5685],[88.4729,22.5771],[88.4706,22.5735],[88.4663,22.5731],[88.4643,22.5656],[88.4672,22.5586],[88.4639,22.5545],[88.4625,22.5293],[88.4591,22.5196],[88.4532,22.5185],[88.4485,22.5204],[88.4143,22.5568],[88.4019,22.5595],[88.3963,22.5599],[88.398,22.5558],[88.3933,22.5545],[88.3916,22.5477],[88.3875,22.5468],[88.3865,22.5378],[88.3788,22.5332],[88.373,22.5342],[88.3698,22.5132],[88.3644,22.5106],[88.3456,22.5084],[88.3453,22.5031],[88.3374,22.504],[88.3268,22.5111],[88.3211,22.5122],[88.3199,22.5096],[88.3168,22.5097],[88.3143,22.5131],[88.3033,22.5137],[88.2983,22.5175],[88.2916,22.5169],[88.2887,22.5268],[88.2917,22.5346],[88.2882,22.5382],[88.276,22.5408],[88.2753,22.5428],[88.26,22.534],[88.2556,22.537],[88.258,22.542],[88.2525,22.5437],[88.2519,22.5418],[88.2467,22.5459],[88.2337,22.5452],[88.2425,22.5307],[88.2397,22.5225],[88.2085,22.5161],[88.1937,22.5058],[88.1693,22.482],[88.1568,22.4787],[88.142,22.4787],[88.1286,22.4746],[88.1214,22.4701],[88.1181,22.4641],[88.1211,22.449],[88.1419,22.4203],[88.1419,22.4109],[88.1337,22.3998],[88.1017,22.3799],[88.0903,22.3633],[88.0901,22.3587],[88.0964,22.3488],[88.0965,22.3022],[88.0812,22.2661],[88.0804,22.2573],[88.0842,22.2561],[88.0847,22.2529],[88.0839,22.2404],[88.0701,22.2209],[88.0668,22.2095],[88.0773,22.2083],[88.1032,22.2148],[88.132,22.2019],[88.1765,22.1915],[88.1832,22.1873],[88.1894,22.1822],[88.2042,22.1524],[88.2055,22.1319],[88.2192,22.1025],[88.2223,22.0727],[88.2135,22.0378],[88.2079,22.0265],[88.1877,21.9953],[88.1476,21.9614],[88.1457,21.9552],[88.1552,21.9516],[88.1647,21.9435],[88.1695,21.912],[88.1651,21.8981],[88.1641,21.8836],[88.1668,21.8764],[88.1808,21.8568],[88.194,21.8436],[88.1998,21.8088],[88.2041,21.7962],[88.2121,21.7831],[88.2134,21.7456],[88.2101,21.725],[88.22,21.7022],[88.2171,21.6978],[88.2048,21.6901],[88.2028,21.6826],[88.2243,21.675],[88.2299,21.6697],[88.236,21.645],[88.2304,21.6335],[88.2203,21.6219],[88.2201,21.604],[88.2285,21.5957],[88.2357,21.5738],[88.2392,21.5724],[88.2425,21.5664],[88.26,21.5565],[88.2836,21.5639],[88.3,21.576],[88.3028,21.5817],[88.302,21.5874],[88.288,21.6001],[88.2862,21.6105],[88.2964,21.6402],[88.293,21.6474],[88.2977,21.6518],[88.3025,21.6699],[88.3022,21.6788],[88.2892,21.6911],[88.2757,21.7214],[88.2681,21.7281],[88.2746,21.7281],[88.2755,21.7404],[88.2814,21.7574],[88.262,21.7855],[88.2559,21.801],[88.2626,21.8183],[88.2953,21.8325],[88.3038,21.843],[88.3033,21.8532],[88.2983,21.8563],[88.2631,21.857],[88.2539,21.8599],[88.2532,21.8713],[88.27,21.8993],[88.2664,21.9241],[88.2706,21.9521],[88.2675,21.9581],[88.2615,21.9622],[88.2658,21.9645],[88.2726,21.96],[88.2766,21.9458],[88.2702,21.9227],[88.2749,21.8993],[88.2681,21.8821],[88.262,21.8751],[88.2607,21.8649],[88.2755,21.8623],[88.2922,21.8642],[88.3018,21.871],[88.3049,21.8769],[88.3083,21.8736],[88.3047,21.8616],[88.3118,21.8596],[88.3302,21.8651],[88.3537,21.8669],[88.3636,21.8821],[88.3658,21.9053],[88.3518,21.9248],[88.3474,21.9354],[88.3461,21.9492],[88.3526,21.9578],[88.3446,21.9611],[88.344,21.9651],[88.3469,21.9718],[88.3488,21.9733],[88.3511,21.9714],[88.3523,21.965],[88.357,21.9601],[88.3575,21.9542],[88.3532,21.9466],[88.3531,21.939],[88.3679,21.9175],[88.3726,21.9061],[88.3656,21.876],[88.3567,21.8558],[88.3559,21.8271],[88.36,21.8201],[88.3633,21.8038],[88.3817,21.7951],[88.3851,21.7996],[88.3864,21.8088],[88.379,21.8442],[88.3865,21.8496],[88.3847,21.8711],[88.3923,21.8868],[88.3826,21.8903],[88.3796,21.9003],[88.3951,21.9246],[88.3858,21.954],[88.3747,21.9663],[88.3764,21.9697],[88.3908,21.976],[88.4026,21.9882],[88.3999,21.9959],[88.3943,21.9997],[88.3871,21.9997],[88.3882,22.0042],[88.3948,22.0075],[88.4036,22.0003],[88.4071,21.9927],[88.4068,21.9833],[88.4019,21.9776],[88.3962,21.9724],[88.383,21.9664],[88.3829,21.9631],[88.3934,21.9527],[88.3958,21.9365],[88.4015,21.9224],[88.4012,21.9169],[88.3892,21.9037],[88.3911,21.8968],[88.395,21.8928],[88.4011,21.8911],[88.4118,21.9059],[88.4256,21.9105],[88.4346,21.9106],[88.4449,21.9174],[88.4475,21.9276],[88.4433,21.9409],[88.4432,21.9502],[88.4511,21.9455],[88.4602,21.9587],[88.4592,21.9625],[88.4473,21.9708],[88.4444,21.984],[88.446,21.9875],[88.4615,21.9625],[88.4658,21.9617],[88.4641,21.9544],[88.4543,21.9447],[88.4605,21.9293],[88.4567,21.9039],[88.4707,21.901],[88.4837,21.9124],[88.4997,21.9186],[88.5052,21.9254],[88.5074,21.9388],[88.4947,21.9611],[88.4943,21.967],[88.4982,21.9763],[88.5088,21.9874],[88.5146,21.9897],[88.5277,21.9896],[88.5393,21.9862],[88.5411,21.9883],[88.5495,22.0202],[88.5541,22.0514],[88.5579,22.0468],[88.5582,22.0355],[88.556,22.0136],[88.5505,21.9909],[88.5414,21.9819],[88.5256,21.9836],[88.5099,21.9807],[88.5017,21.9674],[88.5023,21.9634],[88.5219,21.9436],[88.5256,21.9252],[88.524,21.929],[88.5202,21.9148],[88.5019,21.8969],[88.5125,21.9029],[88.5256,21.9183],[88.522,21.9092],[88.5001,21.8894],[88.4963,21.879],[88.4985,21.875],[88.5043,21.8725],[88.5055,21.8686],[88.5162,21.8619],[88.5196,21.8563],[88.532,21.8532],[88.5393,21.8593],[88.5398,21.8734],[88.5478,21.8847],[88.5434,21.9042],[88.567,21.9003],[88.5716,21.9046],[88.5716,21.9111],[88.5761,21.9077],[88.5796,21.8919],[88.5936,21.8956],[88.6067,21.918],[88.6015,21.9384],[88.6118,21.938],[88.614,21.9398],[88.6025,21.9574],[88.5987,21.9823],[88.6011,21.9897],[88.6142,22.0047],[88.6171,22.0138],[88.6027,22.0241],[88.6019,22.0304],[88.6217,22.0229],[88.6371,22.0438],[88.6375,22.0472],[88.6302,22.0537],[88.6288,22.08],[88.6227,22.0952],[88.6162,22.0986],[88.6084,22.0972],[88.6076,22.1011],[88.6176,22.1074],[88.6234,22.1189],[88.6412,22.1406],[88.6435,22.1481],[88.6402,22.1582],[88.6407,22.1646],[88.6576,22.1764],[88.6649,22.1932],[88.6724,22.1994],[88.6733,22.2041],[88.6717,22.2075],[88.6319,22.2127],[88.6398,22.2365],[88.6504,22.2487],[88.6609,22.2456],[88.6589,22.2369],[88.6391,22.2176],[88.6404,22.2158],[88.6551,22.2134],[88.696,22.2131],[88.7029,22.2087],[88.6839,22.2074],[88.6812,22.1932],[88.6561,22.1686],[88.6499,22.1429],[88.6374,22.1125],[88.6422,22.0876],[88.6561,22.0711],[88.6614,22.0566],[88.6571,22.0244],[88.6447,22.0049],[88.6331,21.994],[88.6307,21.9646],[88.6333,21.9548],[88.6384,21.9521],[88.6432,21.9539],[88.6522,21.9506],[88.667,21.9534],[88.6741,21.9478],[88.6823,21.9453],[88.6952,21.9573],[88.6955,21.9629],[88.69,21.9742],[88.6986,21.9775],[88.7054,21.9904],[88.7148,21.9989],[88.7383,22.0137],[88.7402,22.0247],[88.738,22.0331],[88.7287,22.0412],[88.7105,22.0477],[88.6988,22.0551],[88.6876,22.0702],[88.6871,22.0774],[88.6929,22.094],[88.7217,22.1137],[88.7316,22.1294],[88.7346,22.1403],[88.739,22.1451],[88.7611,22.1481],[88.7688,22.1465],[88.7737,22.1434],[88.7735,22.1407],[88.7645,22.1332],[88.7551,22.1345],[88.7485,22.1311],[88.7348,22.1039],[88.7249,22.0934],[88.71,22.0852],[88.7043,22.0796],[88.7034,22.0735],[88.7048,22.0696],[88.7189,22.0642],[88.7283,22.0567],[88.7411,22.0533],[88.7455,22.0741],[88.7502,22.082],[88.758,22.0884],[88.7734,22.095],[88.7778,22.1061],[88.784,22.1076],[88.7847,22.1039],[88.7795,22.0893],[88.7651,22.0823],[88.7506,22.0588],[88.7545,22.0563],[88.765,22.0577],[88.7731,22.0545],[88.7714,22.0513],[88.7621,22.051],[88.7559,22.0474],[88.7617,22.0291],[88.7623,22.0155],[88.7589,22.0063],[88.7497,21.9965],[88.7465,21.9895],[88.7502,21.9874],[88.7592,21.9963],[88.7655,21.9981],[88.7649,21.9898],[88.7816,21.9895],[88.7862,21.9874],[88.7886,21.9774],[88.8005,21.9709],[88.8168,21.9682],[88.805,21.966],[88.7879,21.9695],[88.7833,21.9715],[88.7784,21.9817],[88.7585,21.9836],[88.7551,21.9818],[88.756,21.9626],[88.7635,21.9552],[88.7734,21.9532],[88.7889,21.9552],[88.7919,21.948],[88.7979,21.9453],[88.826,21.9414],[88.8399,21.9294],[88.853,21.9224],[88.8651,21.9236],[88.8683,21.926],[88.8698,21.9317],[88.8804,21.9259],[88.8845,21.9287],[88.9012,21.931],[88.9026,21.9382],[88.8993,21.9442],[88.9041,21.9443],[88.9067,21.9504],[88.9069,21.971],[88.9045,21.9751],[88.9019,21.974],[88.9003,21.976],[88.9034,21.9819],[88.9034,21.9975],[88.9066,22.0079],[88.9063,22.0108],[88.8986,22.0151],[88.9048,22.0249],[88.9019,22.0407],[88.9062,22.0531],[88.8951,22.0508],[88.8897,22.0535],[88.8924,22.0682],[88.8963,22.0741],[88.9187,22.092],[88.9248,22.1075],[88.9279,22.1049],[88.9238,22.0896],[88.9095,22.0769],[88.904,22.0687],[88.9038,22.0642],[88.9178,22.0609],[88.9251,22.0552],[88.922,22.0457],[88.9138,22.0362],[88.9123,22.028],[88.9159,22.0114],[88.9159,21.9905],[88.9171,21.9858],[88.9209,21.9839],[88.9289,21.9906],[88.9325,22.0035],[88.9299,22.0634],[88.9588,22.0743],[88.9726,22.0848],[88.9823,22.1097],[88.9873,22.1101],[88.9888,22.107],[88.9825,22.0843],[88.9753,22.071],[88.9676,22.0651],[88.9542,22.0632],[88.9403,22.0579],[88.9372,22.0546],[88.9349,22.0401],[88.9356,22.0243],[88.9461,21.9951],[88.943,21.985],[88.9304,21.965],[88.9305,21.9489],[88.9326,21.9426],[88.9424,21.9334],[88.9579,21.9293],[88.9637,21.9332],[88.9656,21.9411],[88.9732,21.9443],[88.9703,21.9377],[88.9724,21.9323],[88.972,21.9226],[88.9945,21.9075],[89.0076,21.9028],[89.0142,21.9134],[89.0122,21.9277],[88.9884,21.9448],[88.9872,21.9497],[88.9952,21.9622],[89.006,21.9626],[88.9993,21.9543],[89.0003,21.9484],[89.0105,21.9437],[89.0238,21.9315],[89.0308,21.9284],[89.0374,21.9282],[89.0472,21.9343],[89.064,21.9395],[89.0689,21.9488],[89.0664,21.9687],[89.0725,22.0017],[89.0804,22.0018],[89.0785,22.0194],[89.0746,22.028],[89.0549,22.047],[89.0523,22.0535],[89.0422,22.0976],[89.0458,22.1078],[89.057,22.1196],[89.0559,22.1295],[89.0499,22.1385],[89.0303,22.1498],[89.019,22.1645],[89.0238,22.1873],[89.0183,22.1988],[89.0009,22.2037],[88.9701,22.2005],[88.962,22.2153],[88.9525,22.2478],[88.9358,22.2547],[88.9347,22.2647],[88.9282,22.2649],[88.9239,22.2601],[88.9212,22.2605],[88.9121,22.2729],[88.9065,22.2636],[88.9062,22.2517],[88.8956,22.2523],[88.8948,22.2559],[88.8899,22.2596],[88.8884,22.266],[88.8818,22.2684],[88.8765,22.2758],[88.8642,22.2724],[88.8638,22.2769],[88.8573,22.2796],[88.8506,22.2875],[88.8419,22.2752],[88.8382,22.2753],[88.8282,22.265],[88.8153,22.2628],[88.8151,22.2768],[88.8174,22.2768],[88.8159,22.2831],[88.8122,22.2855],[88.8052,22.2845],[88.8043,22.2973],[88.8117,22.3179],[88.8043,22.329],[88.8177,22.36],[88.8224,22.3613],[88.8202,22.3655],[88.8219,22.3713],[88.8079,22.3746],[88.8009,22.3739],[88.7977,22.3699],[88.7893,22.3699],[88.7839,22.3667],[88.7794,22.3713],[88.7718,22.3711],[88.7694,22.3772],[88.7734,22.383],[88.7738,22.3881],[88.7661,22.3801],[88.7626,22.3849],[88.7687,22.3903],[88.7668,22.3933],[88.7595,22.3969],[88.7558,22.392],[88.7508,22.3917],[88.755,22.3985],[88.7518,22.4024],[88.7504,22.3988],[88.7425,22.4029],[88.7332,22.4112],[88.7335,22.4207],[88.722,22.4277],[88.716,22.4276],[88.7032,22.434],[88.7028,22.4458],[88.7066,22.4482],[88.7075,22.4521],[88.7035,22.4597],[88.6934,22.4618],[88.6871,22.4663],[88.6856,22.4731],[88.6654,22.4927],[88.6497,22.4952],[88.6523,22.5038],[88.6569,22.5049],[88.6552,22.5105],[88.6569,22.5146],[88.6506,22.5171],[88.6522,22.5273],[88.6486,22.5258],[88.6453,22.528],[88.6363,22.5433],[88.6288,22.5489],[88.6298,22.5571],[88.6259,22.5576],[88.6251,22.5617],[88.6233,22.5617],[88.6266,22.5757],[88.6223,22.5793],[88.6233,22.5807],[88.6127,22.5817],[88.6096,22.5917],[88.5999,22.5923],[88.6008,22.5945],[88.5983,22.5964],[88.5905,22.5973],[88.5933,22.6129],[88.5888,22.6158],[88.5798,22.6128],[88.5745,22.6186]]]]},"properties":{"dtname":"South Twenty Four Pargan*","stname":"WEST BENGAL","stcode11":"19","dtcode11":"343","year_stat":"2011_c","Shape_Length":2860637.182026186,"Shape_Area":8796819508.263063,"OBJECTID":165,"test":0,"Dist_LGD":304,"State_LGD":19}},{"type":"Feature","id":265,"geometry":{"type":"Polygon","coordinates":[[[88.04,27.2206],[88.0251,27.2195],[88.0148,27.2117],[88.0135,27.1797],[88.0194,27.1702],[88.0122,27.1632],[88.0089,27.141],[88.0048,27.1401],[87.9936,27.13],[87.9909,27.1218],[87.9917,27.1083],[87.9959,27.1033],[88.0071,27.1016],[88.0186,27.0875],[88.0218,27.0869],[88.0176,27.0745],[88.0398,27.0354],[88.0453,27.0367],[88.0606,27.0299],[88.0707,27.0313],[88.0762,27.0351],[88.0799,27.0343],[88.0911,27.0062],[88.1022,27.0005],[88.1151,26.9873],[88.1331,26.9823],[88.1231,26.9676],[88.121,26.9505],[88.1376,26.9324],[88.1438,26.9212],[88.1438,26.9098],[88.1384,26.8975],[88.1715,26.8667],[88.1726,26.8536],[88.1661,26.8487],[88.1697,26.8376],[88.174,26.8329],[88.1703,26.8298],[88.17,26.8261],[88.1798,26.8146],[88.1784,26.8002],[88.1871,26.7714],[88.1873,26.7496],[88.1814,26.7199],[88.1669,26.6994],[88.1675,26.6835],[88.1642,26.6786],[88.1628,26.6464],[88.158,26.6403],[88.1602,26.6368],[88.1546,26.6307],[88.1451,26.6285],[88.1418,26.6246],[88.1385,26.6056],[88.1301,26.6008],[88.1317,26.5924],[88.1275,26.5814],[88.1301,26.5793],[88.1302,26.5733],[88.1255,26.5775],[88.1231,26.5767],[88.125,26.5747],[88.124,26.572],[88.1181,26.5749],[88.1188,26.5681],[88.1128,26.5723],[88.1115,26.5645],[88.1149,26.5652],[88.1107,26.5615],[88.1138,26.5588],[88.1097,26.5566],[88.1056,26.5604],[88.1054,26.5511],[88.1134,26.5484],[88.115,26.5413],[88.1202,26.5407],[88.1349,26.5235],[88.146,26.5222],[88.1503,26.5319],[88.1563,26.5301],[88.1665,26.5356],[88.1679,26.5417],[88.166,26.5482],[88.1685,26.5535],[88.1714,26.5536],[88.179,26.5449],[88.1814,26.5453],[88.1816,26.554],[88.1892,26.5596],[88.1988,26.5583],[88.2021,26.5549],[88.2184,26.5534],[88.212,26.5543],[88.2204,26.5564],[88.2211,26.5611],[88.2169,26.5629],[88.2145,26.5672],[88.2158,26.5733],[88.2309,26.5725],[88.2341,26.5664],[88.233,26.5564],[88.2372,26.5524],[88.2354,26.5448],[88.2127,26.5327],[88.2083,26.5243],[88.1965,26.5214],[88.1903,26.5121],[88.1834,26.5096],[88.1822,26.5057],[88.1885,26.4953],[88.1944,26.4953],[88.1983,26.4848],[88.2139,26.4831],[88.2206,26.4865],[88.2183,26.4906],[88.2196,26.4932],[88.2276,26.492],[88.2294,26.4849],[88.2257,26.4801],[88.217,26.4809],[88.2152,26.4772],[88.2243,26.4742],[88.2302,26.4688],[88.2347,26.4599],[88.2402,26.4575],[88.2479,26.465],[88.253,26.4642],[88.2545,26.4731],[88.2628,26.482],[88.2635,26.4863],[88.285,26.4809],[88.2914,26.4918],[88.2959,26.4919],[88.3003,26.488],[88.3032,26.489],[88.3058,26.4905],[88.3068,26.4966],[88.3125,26.4997],[88.3333,26.4973],[88.3494,26.5123],[88.3518,26.5179],[88.3509,26.5253],[88.3574,26.5328],[88.3564,26.5444],[88.3696,26.5631],[88.3687,26.5752],[88.3725,26.5801],[88.3765,26.5953],[88.3898,26.6029],[88.3988,26.6038],[88.397,26.6068],[88.3877,26.6073],[88.3872,26.6123],[88.3966,26.6175],[88.3983,26.6256],[88.4095,26.6314],[88.4068,26.6408],[88.4001,26.6443],[88.4022,26.651],[88.4,26.6587],[88.4017,26.6723],[88.3924,26.6766],[88.3911,26.6794],[88.3984,26.6842],[88.4023,26.6929],[88.4106,26.6991],[88.416,26.6991],[88.4184,26.6962],[88.4297,26.6968],[88.4311,26.6928],[88.4377,26.6927],[88.4401,26.6952],[88.4456,26.6953],[88.4469,26.7016],[88.4498,26.7034],[88.4437,26.7146],[88.4446,26.7165],[88.4389,26.7145],[88.4348,26.7261],[88.4302,26.727],[88.4251,26.722],[88.4259,26.7353],[88.422,26.7379],[88.4243,26.7422],[88.4234,26.7459],[88.4282,26.748],[88.4234,26.7543],[88.4284,26.7528],[88.429,26.7571],[88.4308,26.7531],[88.4334,26.7549],[88.4325,26.7579],[88.4371,26.7587],[88.4345,26.768],[88.438,26.7689],[88.4354,26.771],[88.4384,26.7716],[88.4359,26.7734],[88.4388,26.7747],[88.4322,26.7781],[88.4345,26.7824],[88.4411,26.7814],[88.4398,26.7835],[88.4428,26.7839],[88.4389,26.7872],[88.4419,26.7898],[88.4383,26.793],[88.4386,26.7964],[88.4352,26.7934],[88.4349,26.7972],[88.4327,26.7953],[88.4303,26.7977],[88.4348,26.8032],[88.4328,26.8097],[88.4293,26.8128],[88.4373,26.81],[88.4308,26.8195],[88.4361,26.8203],[88.4358,26.8246],[88.4426,26.8354],[88.4489,26.8393],[88.4762,26.8475],[88.4843,26.8529],[88.4989,26.8477],[88.5015,26.8398],[88.5127,26.8383],[88.5081,26.8474],[88.5018,26.8483],[88.4952,26.8529],[88.4799,26.8691],[88.4815,26.8763],[88.4757,26.8786],[88.4759,26.8968],[88.4723,26.9092],[88.4754,26.913],[88.466,26.9158],[88.4635,26.9211],[88.455,26.9264],[88.4542,26.9349],[88.4431,26.9382],[88.4461,26.9454],[88.4404,26.9523],[88.4389,26.9607],[88.4366,26.9622],[88.4238,26.9565],[88.4233,26.9597],[88.4169,26.962],[88.4187,26.9649],[88.4182,26.9818],[88.4121,26.9851],[88.4069,26.9826],[88.3905,26.9881],[88.4027,26.997],[88.4136,27.009],[88.4221,27.0095],[88.4206,27.0152],[88.413,27.0256],[88.4179,27.0308],[88.419,27.0388],[88.4147,27.0458],[88.417,27.0515],[88.416,27.0581],[88.4196,27.0683],[88.4251,27.0651],[88.4277,27.0661],[88.432,27.0802],[88.3819,27.0944],[88.3566,27.0953],[88.355,27.0994],[88.3479,27.1013],[88.3419,27.1097],[88.3383,27.1099],[88.3336,27.1061],[88.3244,27.1055],[88.3166,27.1256],[88.302,27.1289],[88.2952,27.1259],[88.2832,27.1275],[88.2787,27.1305],[88.2548,27.124],[88.2485,27.1251],[88.2426,27.1204],[88.2322,27.1185],[88.2221,27.1241],[88.2156,27.1316],[88.2106,27.1298],[88.2049,27.1334],[88.1817,27.1325],[88.1721,27.1272],[88.1625,27.1136],[88.1536,27.1098],[88.1447,27.1153],[88.1373,27.1159],[88.1337,27.1218],[88.1266,27.1222],[88.1114,27.13],[88.0962,27.1334],[88.0884,27.1447],[88.0889,27.1561],[88.0866,27.1646],[88.0782,27.1726],[88.0779,27.1807],[88.0744,27.1856],[88.0736,27.1911],[88.0798,27.1976],[88.0788,27.2013],[88.065,27.2133],[88.053,27.215],[88.04,27.2206]]]},"properties":{"dtname":"Darjiling","stname":"WEST BENGAL","stcode11":"19","dtcode11":"327","year_stat":"2011_c","Shape_Length":371183.79810521763,"Shape_Area":2563481713.801543,"OBJECTID":265,"test":0,"Dist_LGD":309,"State_LGD":19}},{"type":"Feature","id":273,"geometry":{"type":"Polygon","coordinates":[[[88.9203,26.9943],[88.9173,26.9981],[88.896,26.9692],[88.8811,26.9572],[88.8794,26.9486],[88.8733,26.9438],[88.8705,26.9446],[88.8726,26.9586],[88.8709,26.964],[88.8528,26.9658],[88.8464,26.9732],[88.8283,26.9844],[88.8207,26.9853],[88.8118,26.9899],[88.7893,26.9912],[88.7824,26.9773],[88.7718,26.9743],[88.7653,26.9681],[88.7592,26.9672],[88.7558,26.9638],[88.7593,26.9256],[88.6589,26.9261],[88.6683,26.9455],[88.6599,26.9601],[88.6587,26.9671],[88.6545,26.9641],[88.6554,26.9585],[88.6499,26.9522],[88.6475,26.9432],[88.6358,26.9302],[88.6346,26.9057],[88.6204,26.9052],[88.6128,26.8933],[88.6064,26.8887],[88.6027,26.8798],[88.591,26.8874],[88.5851,26.8852],[88.5731,26.8886],[88.5561,26.8781],[88.5463,26.8784],[88.5337,26.8699],[88.5115,26.8629],[88.5061,26.8641],[88.4771,26.881],[88.4757,26.8786],[88.4815,26.8763],[88.4799,26.8691],[88.4952,26.8529],[88.5018,26.8483],[88.5081,26.8474],[88.513,26.8374],[88.5015,26.8398],[88.4989,26.8477],[88.4843,26.8529],[88.4762,26.8475],[88.4489,26.8393],[88.4426,26.8354],[88.4358,26.8246],[88.4361,26.8203],[88.4308,26.8195],[88.4373,26.81],[88.4293,26.8128],[88.4328,26.8097],[88.4348,26.8032],[88.4303,26.7977],[88.4327,26.7953],[88.4349,26.7972],[88.4352,26.7934],[88.4386,26.7964],[88.4383,26.793],[88.4419,26.7898],[88.4389,26.7872],[88.4428,26.7839],[88.4398,26.7835],[88.4411,26.7814],[88.4345,26.7824],[88.4322,26.7781],[88.4388,26.7747],[88.4359,26.7734],[88.4384,26.7716],[88.4354,26.771],[88.438,26.7689],[88.4345,26.768],[88.4371,26.7587],[88.4325,26.7579],[88.4334,26.7549],[88.4308,26.7531],[88.429,26.7571],[88.4284,26.7528],[88.4234,26.7543],[88.4282,26.748],[88.4234,26.7459],[88.4243,26.7422],[88.422,26.7379],[88.4259,26.7353],[88.4251,26.722],[88.4302,26.727],[88.4348,26.7261],[88.4389,26.7145],[88.4446,26.7165],[88.4437,26.7146],[88.4498,26.7034],[88.4469,26.7016],[88.4456,26.6953],[88.4401,26.6952],[88.4377,26.6927],[88.4311,26.6928],[88.4297,26.6968],[88.4184,26.6962],[88.416,26.6991],[88.4106,26.6991],[88.4023,26.6929],[88.3997,26.6859],[88.391,26.6787],[88.4017,26.6723],[88.4,26.6587],[88.4022,26.651],[88.4001,26.6443],[88.4068,26.6408],[88.4101,26.6313],[88.4147,26.6291],[88.4128,26.6197],[88.4162,26.6173],[88.4151,26.6108],[88.4178,26.5871],[88.4207,26.5823],[88.4212,26.5631],[88.4302,26.5458],[88.4338,26.5422],[88.441,26.5406],[88.445,26.5331],[88.4545,26.5331],[88.4545,26.536],[88.4575,26.5374],[88.4576,26.5438],[88.462,26.5412],[88.4754,26.5418],[88.483,26.5392],[88.4811,26.5295],[88.4887,26.53],[88.488,26.5238],[88.4847,26.5241],[88.4887,26.5212],[88.4887,26.509],[88.4992,26.5101],[88.5,26.5134],[88.5032,26.514],[88.5066,26.5135],[88.5103,26.5088],[88.5204,26.5083],[88.5215,26.5034],[88.5177,26.4997],[88.5186,26.4965],[88.5234,26.4909],[88.5222,26.4857],[88.527,26.4848],[88.5243,26.4827],[88.5301,26.4783],[88.536,26.4793],[88.5365,26.4815],[88.5563,26.4832],[88.553,26.4746],[88.5566,26.4716],[88.5541,26.4702],[88.5612,26.4708],[88.5585,26.4656],[88.5627,26.4658],[88.56,26.4605],[88.5632,26.4591],[88.5631,26.4571],[88.5581,26.4573],[88.5778,26.4555],[88.583,26.4536],[88.5842,26.4486],[88.5874,26.4495],[88.5904,26.4472],[88.5964,26.453],[88.5968,26.4697],[88.6007,26.4687],[88.6044,26.4712],[88.6207,26.4692],[88.6275,26.439],[88.622,26.4321],[88.6269,26.4297],[88.6299,26.4308],[88.6304,26.4278],[88.6357,26.4288],[88.6364,26.4265],[88.6491,26.4264],[88.6518,26.42],[88.6448,26.4154],[88.6504,26.4126],[88.6599,26.4134],[88.6632,26.4071],[88.6678,26.4042],[88.6781,26.4052],[88.6792,26.4087],[88.6807,26.4057],[88.6802,26.4108],[88.6853,26.4101],[88.685,26.4053],[88.6828,26.4045],[88.6861,26.4036],[88.6861,26.4001],[88.6816,26.4005],[88.68,26.3973],[88.6762,26.3992],[88.676,26.3963],[88.6693,26.3946],[88.6772,26.3926],[88.6777,26.3904],[88.6886,26.3934],[88.6851,26.3884],[88.6878,26.3871],[88.6871,26.3842],[88.6982,26.3883],[88.7012,26.3862],[88.7004,26.3831],[88.6821,26.3795],[88.6809,26.375],[88.6932,26.3719],[88.6937,26.3677],[88.6875,26.3668],[88.6871,26.3649],[88.6914,26.3644],[88.6877,26.3638],[88.6875,26.3611],[88.6944,26.3589],[88.6902,26.3568],[88.6918,26.3532],[88.6972,26.3528],[88.6952,26.3444],[88.6926,26.3431],[88.696,26.3379],[88.7007,26.3378],[88.6986,26.3313],[88.7004,26.3293],[88.7064,26.3305],[88.7119,26.3412],[88.7235,26.3391],[88.7281,26.3462],[88.7342,26.3463],[88.7315,26.3492],[88.7328,26.3528],[88.7361,26.3518],[88.7343,26.35],[88.7358,26.3478],[88.7437,26.3466],[88.7439,26.3428],[88.7407,26.3416],[88.7425,26.3381],[88.7412,26.3351],[88.7348,26.3326],[88.7323,26.3269],[88.7469,26.3302],[88.7445,26.3204],[88.7296,26.3216],[88.7296,26.3162],[88.7183,26.31],[88.7185,26.3127],[88.7147,26.3155],[88.6946,26.3079],[88.6895,26.3132],[88.6901,26.3203],[88.6942,26.3239],[88.6916,26.3248],[88.6873,26.319],[88.679,26.3182],[88.6728,26.3145],[88.6729,26.3079],[88.6756,26.31],[88.6801,26.3071],[88.6802,26.305],[88.6753,26.3016],[88.677,26.2978],[88.6807,26.2972],[88.6828,26.2909],[88.6921,26.2888],[88.6903,26.2866],[88.6975,26.2854],[88.6994,26.2871],[88.6974,26.2884],[88.7006,26.2887],[88.706,26.2852],[88.6919,26.2791],[88.6858,26.2815],[88.6834,26.278],[88.6797,26.2803],[88.6839,26.2832],[88.683,26.2864],[88.6732,26.2944],[88.6685,26.2938],[88.6641,26.2835],[88.6668,26.2756],[88.6646,26.2697],[88.6685,26.2654],[88.668,26.2624],[88.6634,26.2596],[88.6646,26.258],[88.6734,26.2591],[88.678,26.2552],[88.6821,26.2578],[88.6818,26.2622],[88.6865,26.2623],[88.689,26.2658],[88.6828,26.2718],[88.6845,26.2753],[88.6902,26.2712],[88.7015,26.2775],[88.7188,26.2792],[88.7203,26.2817],[88.7174,26.2883],[88.724,26.2895],[88.7261,26.2856],[88.7291,26.2885],[88.7282,26.2914],[88.738,26.2881],[88.7436,26.2888],[88.7392,26.2929],[88.7442,26.3069],[88.7558,26.3084],[88.756,26.3225],[88.7604,26.3299],[88.7572,26.335],[88.752,26.3373],[88.7528,26.3407],[88.7474,26.3519],[88.7484,26.3575],[88.7547,26.3675],[88.7579,26.3787],[88.7735,26.3985],[88.7816,26.3983],[88.7841,26.3928],[88.7875,26.3927],[88.7881,26.3882],[88.7988,26.3774],[88.8059,26.3809],[88.8107,26.3794],[88.8132,26.3816],[88.8169,26.3791],[88.8296,26.3809],[88.8335,26.3842],[88.8477,26.3875],[88.8506,26.3913],[88.8604,26.3915],[88.8645,26.3984],[88.8739,26.4051],[88.8815,26.4299],[88.882,26.4401],[88.8965,26.4394],[88.8992,26.4426],[88.9143,26.4437],[88.9203,26.4477],[88.9224,26.4529],[88.9266,26.4533],[88.9271,26.4575],[88.9231,26.4606],[88.9143,26.461],[88.9084,26.4585],[88.9041,26.4602],[88.9032,26.4657],[88.8993,26.4679],[88.8993,26.4706],[88.9021,26.4727],[88.9188,26.4682],[88.9218,26.4639],[88.9303,26.4647],[88.9367,26.4707],[88.9373,26.474],[88.9347,26.4774],[88.9364,26.4932],[88.9328,26.5004],[88.9378,26.5024],[88.9472,26.5014],[88.9531,26.5109],[88.9555,26.5199],[88.9607,26.5198],[88.9638,26.5243],[88.9608,26.5313],[88.9621,26.5388],[88.9819,26.5301],[88.9992,26.5285],[89.0223,26.5155],[89.0324,26.5162],[89.0457,26.5267],[89.0432,26.5347],[89.0519,26.5342],[89.0566,26.5375],[89.0732,26.5381],[89.0753,26.5365],[89.0739,26.5337],[89.0786,26.5325],[89.0788,26.5274],[89.1196,26.5226],[89.1138,26.5275],[89.1152,26.5324],[89.1111,26.5375],[89.1159,26.5418],[89.107,26.5378],[89.1036,26.539],[89.1027,26.542],[89.1064,26.5475],[89.0982,26.5585],[89.1019,26.5636],[89.0924,26.5661],[89.0924,26.5699],[89.0963,26.5737],[89.0961,26.5788],[89.1035,26.5839],[89.1052,26.5926],[89.098,26.5896],[89.0991,26.5953],[89.0964,26.5957],[89.0937,26.5922],[89.0862,26.5983],[89.0823,26.5956],[89.0789,26.5984],[89.0777,26.5952],[89.0746,26.595],[89.074,26.5986],[89.0774,26.6011],[89.0744,26.6038],[89.0698,26.6025],[89.0735,26.6026],[89.0675,26.5966],[89.0671,26.6006],[89.0602,26.6017],[89.0589,26.6067],[89.0565,26.6075],[89.0587,26.6104],[89.0511,26.6142],[89.0453,26.6132],[89.049,26.6156],[89.0446,26.6239],[89.0468,26.6258],[89.0429,26.6283],[89.0442,26.631],[89.0425,26.6315],[89.0444,26.6518],[89.0552,26.6628],[89.0564,26.6704],[89.0532,26.6763],[89.0559,26.6769],[89.0577,26.6849],[89.0618,26.6869],[89.0599,26.6896],[89.064,26.6907],[89.0612,26.6947],[89.067,26.7002],[89.0663,26.7195],[89.0684,26.7221],[89.0722,26.7454],[89.0754,26.7489],[89.0691,26.761],[89.0737,26.7754],[89.0864,26.7896],[89.0838,26.8037],[89.0915,26.81],[89.0929,26.8138],[89.0932,26.818],[89.0885,26.8185],[89.087,26.8322],[89.09,26.841],[89.0939,26.8394],[89.0981,26.8581],[89.0851,26.8688],[89.0894,26.8893],[89.073,26.8944],[89.0591,26.9019],[89.0441,26.9017],[89.0419,26.9165],[89.022,26.9227],[89.0206,26.9309],[89.0164,26.9375],[88.9874,26.9225],[88.9754,26.9128],[88.9412,26.9309],[88.9439,26.9362],[88.9427,26.9402],[88.9476,26.9444],[88.9483,26.9508],[88.9511,26.9538],[88.9483,26.967],[88.9203,26.9943]]]},"properties":{"dtname":"Jalpaiguri","stname":"WEST BENGAL","stcode11":"19","dtcode11":"328","year_stat":"2011_c","Shape_Length":501976.3376528274,"Shape_Area":4274422478.713134,"OBJECTID":273,"test":0,"Dist_LGD":314,"State_LGD":19}},{"type":"Feature","id":347,"geometry":{"type":"Polygon","coordinates":[[[88.402,25.6081],[88.3973,25.6073],[88.3989,25.6006],[88.3922,25.5994],[88.3911,25.5956],[88.3775,25.596],[88.3734,25.5905],[88.3682,25.5921],[88.3655,25.5788],[88.3618,25.578],[88.3592,25.5666],[88.3489,25.5669],[88.3482,25.561],[88.3453,25.5582],[88.3347,25.5595],[88.3352,25.5542],[88.331,25.5584],[88.3255,25.5593],[88.3186,25.5426],[88.3254,25.5406],[88.3229,25.5349],[88.2889,25.5144],[88.2866,25.5025],[88.2781,25.4915],[88.2564,25.4848],[88.2544,25.4777],[88.2616,25.4718],[88.2644,25.4646],[88.2624,25.4624],[88.2646,25.4573],[88.2606,25.4487],[88.2647,25.4402],[88.2623,25.434],[88.2448,25.4324],[88.2392,25.4394],[88.2177,25.4412],[88.2149,25.4348],[88.2104,25.4343],[88.2081,25.4299],[88.1987,25.43],[88.1956,25.4257],[88.1717,25.4294],[88.1661,25.4266],[88.1683,25.4168],[88.1719,25.4154],[88.169,25.4088],[88.1645,25.4073],[88.1692,25.405],[88.1682,25.401],[88.1744,25.3943],[88.1729,25.3853],[88.1798,25.3838],[88.1775,25.379],[88.1863,25.3759],[88.1833,25.3713],[88.1842,25.3689],[88.1634,25.369],[88.169,25.3651],[88.1703,25.3571],[88.1755,25.3523],[88.1747,25.3484],[88.1781,25.3446],[88.1742,25.3356],[88.167,25.3277],[88.1704,25.3235],[88.1811,25.3309],[88.2018,25.3296],[88.2041,25.3331],[88.2117,25.3332],[88.2164,25.3324],[88.2165,25.3277],[88.2266,25.3232],[88.2278,25.3197],[88.2455,25.316],[88.2499,25.3184],[88.2569,25.3176],[88.2611,25.3119],[88.2683,25.3105],[88.2672,25.3087],[88.2695,25.3086],[88.2664,25.3022],[88.2716,25.3023],[88.2746,25.3164],[88.2894,25.3169],[88.2887,25.3135],[88.2924,25.3134],[88.2929,25.3104],[88.302,25.307],[88.3027,25.2992],[88.3156,25.3002],[88.326,25.2961],[88.3328,25.2985],[88.3316,25.3053],[88.3352,25.3053],[88.354,25.2974],[88.3578,25.3007],[88.3635,25.2926],[88.3785,25.2896],[88.3816,25.2903],[88.3934,25.3047],[88.3981,25.2943],[88.4048,25.294],[88.4133,25.2986],[88.414,25.3015],[88.4262,25.3036],[88.4304,25.3065],[88.4294,25.3117],[88.4153,25.3136],[88.4162,25.3153],[88.4258,25.3177],[88.4435,25.3145],[88.4488,25.3082],[88.4486,25.3034],[88.4394,25.2787],[88.4459,25.2704],[88.4468,25.2651],[88.456,25.2615],[88.4575,25.263],[88.4538,25.2642],[88.4557,25.2688],[88.4571,25.2674],[88.4611,25.2715],[88.4647,25.2712],[88.4608,25.2689],[88.4575,25.2571],[88.4598,25.2542],[88.4583,25.2473],[88.4511,25.2378],[88.4518,25.2337],[88.4483,25.2303],[88.451,25.2282],[88.4473,25.2261],[88.4488,25.2228],[88.4407,25.2225],[88.4377,25.2193],[88.4388,25.2175],[88.4434,25.2182],[88.444,25.2148],[88.4373,25.209],[88.4358,25.2002],[88.4403,25.2015],[88.444,25.1975],[88.4634,25.1957],[88.4714,25.1983],[88.4689,25.2007],[88.4747,25.2134],[88.4973,25.2111],[88.4989,25.2037],[88.5127,25.2033],[88.5369,25.1975],[88.5322,25.1935],[88.5341,25.1873],[88.5401,25.1885],[88.5412,25.1936],[88.5481,25.1947],[88.5578,25.1922],[88.559,25.1864],[88.5549,25.1785],[88.5601,25.1751],[88.5784,25.177],[88.5805,25.1816],[88.5859,25.1821],[88.5918,25.1871],[88.5904,25.1927],[88.5958,25.1914],[88.6052,25.1939],[88.6131,25.2039],[88.6232,25.2046],[88.6317,25.2017],[88.6437,25.2063],[88.6636,25.2031],[88.6715,25.1986],[88.6787,25.2034],[88.6801,25.2085],[88.6874,25.2087],[88.712,25.2075],[88.7179,25.202],[88.7239,25.202],[88.7273,25.1982],[88.7334,25.1985],[88.7348,25.1841],[88.7429,25.186],[88.7443,25.1825],[88.7507,25.1818],[88.7498,25.1763],[88.7527,25.1763],[88.7589,25.1852],[88.7673,25.1825],[88.7703,25.1891],[88.7729,25.188],[88.7745,25.1785],[88.8062,25.1697],[88.8062,25.1724],[88.8139,25.1738],[88.8148,25.1831],[88.8187,25.1882],[88.8274,25.1913],[88.8304,25.2043],[88.837,25.2055],[88.8381,25.21],[88.8422,25.21],[88.8432,25.2134],[88.8478,25.2105],[88.8464,25.2083],[88.8495,25.2088],[88.8509,25.2009],[88.8652,25.1997],[88.865,25.1894],[88.8716,25.1908],[88.8742,25.1959],[88.8727,25.1886],[88.8763,25.1784],[88.8899,25.1778],[88.8904,25.1842],[88.9031,25.1783],[88.91,25.1794],[88.9127,25.1758],[88.9125,25.1674],[88.9206,25.1654],[88.9349,25.1802],[88.9391,25.1783],[88.9419,25.1727],[88.9485,25.1755],[88.9498,25.18],[88.9439,25.1825],[88.948,25.1869],[88.9478,25.1936],[88.9393,25.1927],[88.9348,25.1991],[88.9379,25.2021],[88.937,25.2094],[88.9387,25.2108],[88.9445,25.2055],[88.9616,25.2077],[88.9585,25.2125],[88.9577,25.2229],[88.9521,25.229],[88.9546,25.2368],[88.9506,25.2441],[88.9523,25.2476],[88.9561,25.2538],[88.9748,25.2598],[88.9765,25.2635],[88.982,25.2638],[88.9812,25.2662],[88.9871,25.2736],[88.9922,25.2731],[88.9968,25.2685],[89.006,25.2683],[89.0048,25.2644],[89.0077,25.2632],[89.0086,25.3019],[89.0,25.2948],[88.9851,25.2978],[88.986,25.3008],[88.9821,25.3018],[88.9847,25.305],[88.9757,25.305],[88.9745,25.3006],[88.9723,25.3],[88.9603,25.305],[88.9595,25.3001],[88.9499,25.303],[88.9393,25.2996],[88.9285,25.3036],[88.9284,25.3146],[88.9236,25.3108],[88.9156,25.3111],[88.9161,25.3134],[88.907,25.3256],[88.9061,25.3367],[88.8881,25.336],[88.8856,25.3332],[88.8873,25.3254],[88.8835,25.3248],[88.8722,25.3391],[88.8664,25.3417],[88.8685,25.3519],[88.8632,25.3517],[88.8615,25.3549],[88.8552,25.3545],[88.8541,25.3628],[88.8401,25.3635],[88.8399,25.3675],[88.8373,25.3679],[88.838,25.3803],[88.8412,25.3818],[88.8363,25.3846],[88.8368,25.3908],[88.841,25.3939],[88.8405,25.3973],[88.8374,25.3978],[88.837,25.4016],[88.8236,25.401],[88.8231,25.409],[88.8123,25.4102],[88.819,25.4175],[88.8203,25.4147],[88.8302,25.4169],[88.8311,25.4218],[88.8288,25.426],[88.8346,25.4271],[88.8343,25.4311],[88.8326,25.4311],[88.8321,25.4361],[88.827,25.4362],[88.826,25.4427],[88.8317,25.4486],[88.8286,25.4487],[88.838,25.4535],[88.8391,25.4583],[88.8354,25.4616],[88.8376,25.4706],[88.8297,25.4898],[88.8141,25.4874],[88.8123,25.4894],[88.8092,25.4994],[88.811,25.5098],[88.8083,25.5128],[88.8113,25.5234],[88.7924,25.5228],[88.7927,25.5208],[88.7861,25.5187],[88.7867,25.5166],[88.7796,25.515],[88.7698,25.5203],[88.7683,25.5248],[88.7598,25.525],[88.7583,25.5227],[88.761,25.5218],[88.7601,25.5102],[88.7655,25.5041],[88.7706,25.5049],[88.771,25.5031],[88.765,25.4945],[88.7607,25.4924],[88.7471,25.4928],[88.7451,25.4874],[88.7402,25.4891],[88.7441,25.4962],[88.7425,25.5047],[88.7148,25.4995],[88.7139,25.4956],[88.7118,25.4969],[88.7128,25.5003],[88.7088,25.5001],[88.71,25.4807],[88.7065,25.4797],[88.7059,25.4761],[88.7006,25.4758],[88.6997,25.4713],[88.6878,25.4757],[88.6629,25.474],[88.6602,25.4817],[88.6464,25.4777],[88.6423,25.4926],[88.6477,25.4933],[88.6481,25.4967],[88.6406,25.4997],[88.6224,25.4973],[88.6193,25.5039],[88.616,25.5047],[88.612,25.5101],[88.6068,25.5094],[88.6095,25.5116],[88.6086,25.5164],[88.6022,25.5156],[88.5973,25.5061],[88.5913,25.5089],[88.5879,25.5065],[88.5852,25.5093],[88.5727,25.5087],[88.5681,25.5112],[88.5679,25.5139],[88.556,25.5138],[88.5531,25.5162],[88.554,25.5209],[88.5486,25.5182],[88.5486,25.515],[88.5443,25.5105],[88.5453,25.5087],[88.5398,25.5085],[88.5403,25.519],[88.5375,25.5214],[88.5383,25.525],[88.5411,25.5253],[88.5402,25.532],[88.5379,25.5341],[88.5328,25.5317],[88.5329,25.5417],[88.5272,25.5425],[88.5233,25.5345],[88.5187,25.5375],[88.5195,25.5442],[88.5139,25.547],[88.5068,25.5448],[88.5075,25.5474],[88.4998,25.5503],[88.4984,25.5581],[88.494,25.558],[88.4931,25.5619],[88.4985,25.5737],[88.4994,25.584],[88.492,25.5829],[88.4832,25.5866],[88.482,25.5822],[88.4792,25.5855],[88.4683,25.5829],[88.4686,25.5878],[88.4652,25.5868],[88.4666,25.5899],[88.459,25.5928],[88.456,25.5985],[88.4444,25.5964],[88.4484,25.592],[88.4458,25.589],[88.4334,25.5865],[88.4274,25.5873],[88.4256,25.5908],[88.4235,25.5874],[88.4134,25.5937],[88.4138,25.5984],[88.4207,25.5988],[88.4197,25.6043],[88.402,25.6081]]]},"properties":{"dtname":"Dakshin Dinajpur","stname":"WEST BENGAL","stcode11":"19","dtcode11":"331","year_stat":"2011_c","Shape_Length":431081.0399843415,"Shape_Area":2751830140.399682,"OBJECTID":347,"test":1,"Dist_LGD":310,"State_LGD":19}},{"type":"Feature","id":348,"geometry":{"type":"Polygon","coordinates":[[[87.9596,25.5386],[87.9548,25.536],[87.9464,25.5379],[87.9466,25.535],[87.9445,25.5345],[87.9271,25.539],[87.924,25.5345],[87.9157,25.5338],[87.9172,25.5284],[87.9127,25.5273],[87.9131,25.5246],[87.9059,25.5123],[87.9085,25.5091],[87.9043,25.5083],[87.9027,25.5048],[87.8972,25.504],[87.8968,25.5101],[87.8932,25.5115],[87.8897,25.5181],[87.884,25.5206],[87.8822,25.5171],[87.8854,25.5093],[87.8812,25.5054],[87.8742,25.5047],[87.8704,25.4987],[87.8661,25.497],[87.8636,25.4794],[87.8688,25.4695],[87.8643,25.4644],[87.8623,25.4632],[87.8629,25.4695],[87.8595,25.4713],[87.8551,25.4715],[87.8535,25.4672],[87.8392,25.468],[87.839,25.4616],[87.8306,25.4619],[87.8303,25.4489],[87.8288,25.446],[87.8258,25.4469],[87.826,25.4382],[87.8214,25.4359],[87.8143,25.435],[87.8027,25.4441],[87.787,25.4493],[87.7852,25.4372],[87.7805,25.4307],[87.7756,25.4311],[87.7734,25.4288],[87.7769,25.4242],[87.7786,25.4104],[87.7738,25.41],[87.7699,25.4161],[87.7669,25.4162],[87.7674,25.4082],[87.7705,25.4051],[87.7665,25.3991],[87.7649,25.3839],[87.7761,25.3769],[87.7895,25.3769],[87.7842,25.3401],[87.7928,25.3296],[87.8084,25.3276],[87.8276,25.3117],[87.8471,25.3044],[87.8534,25.29],[87.8513,25.2801],[87.8452,25.2736],[87.8466,25.2646],[87.8343,25.2587],[87.8295,25.2492],[87.8185,25.242],[87.8136,25.2472],[87.7988,25.2514],[87.7885,25.2584],[87.7729,25.2608],[87.7628,25.2656],[87.7429,25.2641],[87.7114,25.2577],[87.7787,25.2505],[87.7728,25.2072],[87.7817,25.1769],[87.7792,25.1436],[87.7889,25.1348],[87.8007,25.1178],[87.8016,25.1043],[87.7953,25.092],[87.7957,25.0873],[87.8351,25.059],[87.8484,25.0535],[87.8767,25.0344],[87.8928,25.0141],[87.9056,25.0036],[87.9228,25.0006],[87.9312,24.9966],[87.9538,24.978],[87.958,24.9699],[87.9623,24.9378],[87.9596,24.9298],[87.9606,24.9209],[87.9474,24.9037],[87.9153,24.883],[87.8972,24.8605],[87.9068,24.8385],[87.9225,24.8174],[87.9629,24.7526],[87.9773,24.7404],[87.9865,24.7273],[88.0048,24.7115],[88.0138,24.698],[88.0244,24.6881],[88.0415,24.7054],[88.0501,24.7117],[88.052,24.7105],[88.0617,24.7219],[88.0706,24.7438],[88.0646,24.7512],[88.0733,24.7612],[88.0678,24.7642],[88.0698,24.7685],[88.0681,24.7706],[88.0712,24.7733],[88.0764,24.7698],[88.088,24.7831],[88.1047,24.7798],[88.1042,24.801],[88.1107,24.8138],[88.1221,24.8231],[88.1296,24.8057],[88.1354,24.8054],[88.134,24.8287],[88.1314,24.8362],[88.1399,24.8342],[88.1411,24.8418],[88.1463,24.8435],[88.1443,24.8482],[88.1405,24.85],[88.1451,24.8499],[88.1453,24.8518],[88.1492,24.85],[88.1493,24.8533],[88.1507,24.8497],[88.1611,24.8491],[88.1634,24.8505],[88.1621,24.858],[88.1744,24.861],[88.1652,24.8636],[88.1584,24.8723],[88.1627,24.8781],[88.1518,24.885],[88.1569,24.8925],[88.16,24.8891],[88.1674,24.8898],[88.1689,24.8924],[88.1647,24.8952],[88.1619,24.8932],[88.1607,24.8973],[88.1539,24.8993],[88.1543,24.9028],[88.1498,24.9095],[88.14,24.914],[88.1375,24.936],[88.1448,24.9366],[88.1488,24.9327],[88.1569,24.934],[88.1583,24.9412],[88.1621,24.9403],[88.1647,24.9461],[88.17,24.9502],[88.1746,24.9486],[88.175,24.9464],[88.1827,24.9529],[88.1875,24.9515],[88.2003,24.9571],[88.2259,24.9598],[88.2353,24.9472],[88.2516,24.9334],[88.2632,24.9111],[88.2641,24.896],[88.2581,24.8783],[88.2661,24.8784],[88.2683,24.891],[88.2763,24.8981],[88.2776,24.8891],[88.2823,24.891],[88.2858,24.8874],[88.2918,24.8903],[88.2968,24.8889],[88.2981,24.8855],[88.3015,24.8864],[88.3007,24.8833],[88.2974,24.8819],[88.3023,24.8722],[88.3124,24.8826],[88.3193,24.8846],[88.3214,24.8821],[88.3211,24.8766],[88.3279,24.8713],[88.3336,24.8751],[88.334,24.8791],[88.3383,24.8806],[88.3458,24.8942],[88.3427,24.9001],[88.3333,24.8984],[88.3338,24.9057],[88.327,24.9052],[88.3242,24.9139],[88.3254,24.9191],[88.329,24.9174],[88.3301,24.9203],[88.336,24.9188],[88.3343,24.9272],[88.3377,24.9268],[88.3368,24.9314],[88.3407,24.9356],[88.3401,24.9407],[88.3496,24.9452],[88.3541,24.9424],[88.36,24.9494],[88.3585,24.952],[88.3632,24.9536],[88.3654,24.9531],[88.3635,24.9489],[88.3659,24.9484],[88.3645,24.9473],[88.3664,24.9451],[88.3692,24.9459],[88.3708,24.9429],[88.3759,24.9437],[88.3804,24.9397],[88.3866,24.94],[88.3878,24.9439],[88.3936,24.942],[88.3979,24.9456],[88.4009,24.9512],[88.3969,24.9583],[88.3985,24.9594],[88.393,24.9608],[88.3933,24.9641],[88.3961,24.9647],[88.3946,24.9699],[88.3988,24.9729],[88.4025,24.9735],[88.4027,24.9711],[88.4058,24.9729],[88.4038,24.9744],[88.4047,24.9794],[88.411,24.9735],[88.4161,24.9736],[88.416,24.9801],[88.412,24.9828],[88.4184,24.9827],[88.4114,24.9863],[88.4137,24.9943],[88.4122,24.998],[88.4195,24.9995],[88.4189,25.0023],[88.4249,25.0072],[88.4273,25.0125],[88.425,25.0162],[88.4297,25.0119],[88.4273,25.008],[88.4341,25.0058],[88.4366,25.007],[88.4342,25.0074],[88.4368,25.0091],[88.4353,25.0136],[88.4377,25.0144],[88.4375,25.0115],[88.4422,25.0131],[88.4374,25.016],[88.441,25.0177],[88.4383,25.0202],[88.4416,25.0201],[88.4386,25.0228],[88.4447,25.0258],[88.4458,25.0335],[88.4526,25.0367],[88.4477,25.0415],[88.4382,25.0434],[88.4353,25.0556],[88.4426,25.0625],[88.4441,25.0692],[88.4531,25.0792],[88.4476,25.083],[88.4448,25.1029],[88.4481,25.1105],[88.4423,25.1154],[88.4439,25.119],[88.442,25.1272],[88.4479,25.1284],[88.4483,25.1309],[88.4578,25.1362],[88.4566,25.1387],[88.4602,25.1402],[88.46,25.1444],[88.4571,25.147],[88.4608,25.1499],[88.4568,25.1538],[88.4594,25.1602],[88.4561,25.1613],[88.4569,25.1646],[88.4523,25.1639],[88.4494,25.1708],[88.4415,25.1741],[88.4451,25.1805],[88.4417,25.185],[88.4429,25.196],[88.441,25.2011],[88.4358,25.2002],[88.4373,25.209],[88.444,25.2148],[88.4434,25.2182],[88.4388,25.2175],[88.4377,25.2193],[88.4407,25.2225],[88.4488,25.2228],[88.4473,25.2261],[88.451,25.2282],[88.4483,25.2303],[88.4518,25.2337],[88.4511,25.2378],[88.4583,25.2473],[88.4598,25.2542],[88.4575,25.2571],[88.4608,25.2689],[88.4647,25.2712],[88.4611,25.2715],[88.4571,25.2674],[88.4557,25.2688],[88.4538,25.2642],[88.4567,25.2638],[88.4569,25.2616],[88.4468,25.2651],[88.4459,25.2704],[88.4394,25.2787],[88.4461,25.2924],[88.4488,25.3082],[88.4435,25.3145],[88.4333,25.317],[88.4258,25.3177],[88.4151,25.3148],[88.4294,25.3117],[88.4304,25.3065],[88.4262,25.3036],[88.414,25.3015],[88.4133,25.2986],[88.4053,25.2941],[88.3985,25.294],[88.3934,25.3047],[88.3798,25.2896],[88.3635,25.2926],[88.3578,25.3007],[88.354,25.2974],[88.3352,25.3053],[88.3316,25.3053],[88.3328,25.2985],[88.326,25.2961],[88.3156,25.3002],[88.3027,25.2992],[88.302,25.307],[88.2929,25.3104],[88.2924,25.3134],[88.2887,25.3135],[88.29,25.3168],[88.2831,25.3172],[88.2746,25.3164],[88.2716,25.3023],[88.2624,25.2972],[88.2526,25.2965],[88.2519,25.2944],[88.2364,25.2952],[88.2347,25.2957],[88.2354,25.3038],[88.2381,25.3059],[88.2148,25.3133],[88.1963,25.2907],[88.1934,25.2906],[88.1916,25.2805],[88.187,25.2817],[88.1866,25.2862],[88.1816,25.2892],[88.1784,25.2958],[88.1639,25.3006],[88.1618,25.3045],[88.1571,25.2991],[88.1454,25.2972],[88.1442,25.2864],[88.1397,25.277],[88.1489,25.2747],[88.1503,25.2722],[88.1432,25.2638],[88.1415,25.256],[88.1321,25.2543],[88.1262,25.2433],[88.1268,25.2536],[88.1228,25.2563],[88.1254,25.2657],[88.1203,25.2675],[88.1214,25.2714],[88.0992,25.2752],[88.1044,25.2775],[88.1092,25.2852],[88.1022,25.2896],[88.1107,25.295],[88.1249,25.2934],[88.1263,25.2982],[88.1239,25.3001],[88.1238,25.3094],[88.1185,25.3098],[88.1184,25.3126],[88.114,25.3133],[88.1115,25.3195],[88.1086,25.3207],[88.108,25.3265],[88.1192,25.342],[88.1148,25.3484],[88.1211,25.3534],[88.1226,25.3652],[88.1173,25.3642],[88.1182,25.3705],[88.0977,25.3833],[88.0982,25.3882],[88.1076,25.3917],[88.109,25.3944],[88.1054,25.4016],[88.1155,25.4071],[88.1109,25.4071],[88.1067,25.4029],[88.1013,25.4047],[88.1,25.4113],[88.1094,25.4175],[88.097,25.4169],[88.0933,25.4216],[88.095,25.4269],[88.1035,25.4299],[88.1047,25.4326],[88.1116,25.4325],[88.1129,25.4352],[88.0991,25.4315],[88.0959,25.4353],[88.0968,25.4435],[88.0838,25.4474],[88.0794,25.4536],[88.0784,25.4695],[88.0743,25.4735],[88.0727,25.4837],[88.0656,25.4892],[88.0537,25.49],[88.0504,25.4856],[88.0385,25.489],[88.0369,25.4915],[88.0306,25.4907],[88.0182,25.5033],[88.0171,25.5116],[88.0121,25.5143],[88.002,25.5144],[88.0076,25.4973],[88.0043,25.4963],[87.9971,25.5003],[87.9954,25.5117],[87.9861,25.5192],[87.9848,25.5256],[87.9741,25.5257],[87.9689,25.5299],[87.9662,25.5363],[87.9596,25.5386]]]},"properties":{"dtname":"Maldah","stname":"WEST BENGAL","stcode11":"19","dtcode11":"332","year_stat":"2011_c","Shape_Length":531481.7640378375,"Shape_Area":4398953873.1146345,"OBJECTID":348,"test":1,"Dist_LGD":316,"State_LGD":19}},{"type":"Feature","id":384,"geometry":{"type":"Polygon","coordinates":[[[87.8976,24.8594],[87.8967,24.8571],[87.8908,24.8552],[87.8997,24.8444],[87.8967,24.8297],[87.9016,24.8275],[87.9003,24.823],[87.8963,24.8224],[87.891,24.826],[87.8885,24.8224],[87.8862,24.8229],[87.8873,24.8254],[87.8854,24.8269],[87.8846,24.8223],[87.8828,24.8225],[87.8848,24.8283],[87.8832,24.8288],[87.8816,24.8231],[87.8788,24.8215],[87.8756,24.8218],[87.8757,24.8249],[87.87,24.8262],[87.869,24.8241],[87.8711,24.8196],[87.8754,24.8173],[87.8748,24.8068],[87.8803,24.805],[87.8816,24.799],[87.8785,24.7904],[87.8747,24.7911],[87.875,24.7947],[87.873,24.795],[87.8686,24.789],[87.8674,24.7786],[87.8703,24.7782],[87.869,24.7748],[87.8642,24.7717],[87.8622,24.7729],[87.861,24.7664],[87.8543,24.7618],[87.8453,24.7656],[87.8434,24.7694],[87.8366,24.7659],[87.836,24.7777],[87.8396,24.7767],[87.8412,24.7888],[87.835,24.7894],[87.8321,24.7866],[87.83,24.7701],[87.8279,24.7686],[87.8283,24.7717],[87.8228,24.7701],[87.8177,24.7609],[87.818,24.7549],[87.8224,24.7526],[87.8293,24.7533],[87.8423,24.7429],[87.8427,24.7403],[87.8486,24.7403],[87.8657,24.7326],[87.8746,24.7326],[87.8787,24.7418],[87.8827,24.7413],[87.8884,24.7344],[87.8879,24.7282],[87.8901,24.7249],[87.9044,24.7243],[87.904,24.7218],[87.9078,24.7213],[87.9071,24.7136],[87.9031,24.7138],[87.8995,24.7055],[87.9026,24.7056],[87.8984,24.6872],[87.8967,24.6882],[87.8898,24.6826],[87.8886,24.6792],[87.8919,24.6742],[87.9037,24.6722],[87.9095,24.6694],[87.9087,24.6676],[87.9171,24.6658],[87.9184,24.6622],[87.9157,24.6564],[87.9115,24.6546],[87.9142,24.6371],[87.9114,24.6376],[87.9098,24.6323],[87.9058,24.6314],[87.9057,24.6148],[87.8914,24.6134],[87.8778,24.6182],[87.8752,24.6138],[87.8788,24.6114],[87.8817,24.6125],[87.8855,24.6077],[87.8919,24.6064],[87.8913,24.6115],[87.9115,24.6103],[87.9104,24.6016],[87.9135,24.5968],[87.9088,24.5858],[87.9008,24.5862],[87.8983,24.5821],[87.8925,24.5814],[87.8919,24.5656],[87.8896,24.5639],[87.892,24.5577],[87.8889,24.5529],[87.8891,24.5434],[87.898,24.5409],[87.9009,24.5433],[87.9069,24.5413],[87.9219,24.5445],[87.9261,24.5371],[87.9308,24.5381],[87.9342,24.5356],[87.9396,24.5259],[87.9378,24.5205],[87.9482,24.5191],[87.9498,24.5167],[87.9461,24.513],[87.944,24.5011],[87.947,24.4986],[87.943,24.4941],[87.9437,24.4881],[87.95,24.4901],[87.9629,24.4878],[87.9661,24.4843],[87.9642,24.4812],[87.9672,24.4769],[87.9704,24.4776],[87.9735,24.475],[87.9752,24.4697],[87.9737,24.4652],[87.977,24.4623],[87.9724,24.4559],[87.9717,24.4487],[87.9752,24.4415],[87.9744,24.4335],[87.9757,24.4263],[87.9784,24.4245],[87.9787,24.4163],[87.9745,24.4145],[87.9757,24.4126],[87.9712,24.4029],[87.973,24.3954],[87.9706,24.3922],[87.969,24.3802],[87.9734,24.3769],[87.9716,24.3736],[87.9596,24.3756],[87.9553,24.3633],[87.9548,24.3572],[87.9578,24.3511],[87.957,24.3414],[87.9635,24.3373],[87.9636,24.3345],[87.9673,24.3372],[87.9711,24.3361],[87.971,24.3382],[87.9732,24.3384],[87.9756,24.3364],[87.9774,24.3383],[87.9819,24.3368],[87.982,24.3331],[87.9867,24.3343],[87.9886,24.3311],[87.9931,24.33],[87.9911,24.3278],[87.9979,24.3185],[87.9919,24.3142],[87.9962,24.3124],[88.0029,24.3143],[88.0041,24.3113],[88.0117,24.3137],[88.0142,24.3099],[88.0173,24.3104],[88.0143,24.2982],[88.0179,24.2903],[88.0134,24.2837],[88.0156,24.2839],[88.0157,24.2816],[88.018,24.2829],[88.0165,24.269],[88.025,24.2624],[88.0216,24.2512],[88.025,24.248],[88.0206,24.2432],[87.9976,24.2434],[87.9961,24.2321],[87.998,24.2267],[88.0066,24.2245],[88.0065,24.2192],[88.0021,24.2191],[88.0041,24.2152],[87.9953,24.2089],[87.9931,24.2097],[87.993,24.214],[87.9892,24.214],[87.991,24.211],[87.9893,24.2049],[87.9832,24.2023],[87.9915,24.2007],[87.986,24.2011],[87.9853,24.1902],[87.9727,24.1921],[87.9683,24.188],[87.9575,24.1891],[87.9488,24.1921],[87.9468,24.1951],[87.9304,24.1997],[87.9218,24.1941],[87.9198,24.1869],[87.9232,24.1868],[87.9227,24.1844],[87.9257,24.1825],[87.9286,24.1843],[87.9316,24.1833],[87.9318,24.1806],[87.9357,24.1802],[87.9325,24.1751],[87.9302,24.1738],[87.9288,24.1763],[87.9285,24.1716],[87.9258,24.1732],[87.9211,24.1662],[87.9189,24.1673],[87.9136,24.1619],[87.9094,24.1617],[87.9061,24.1655],[87.9048,24.1622],[87.8991,24.1622],[87.9027,24.1547],[87.897,24.153],[87.8997,24.1494],[87.8967,24.1449],[87.9017,24.1418],[87.9091,24.1428],[87.9101,24.139],[87.9077,24.1363],[87.9098,24.1341],[87.9029,24.1287],[87.9046,24.1258],[87.9018,24.1267],[87.8967,24.1182],[87.8912,24.1145],[87.8958,24.1133],[87.8954,24.1048],[87.9079,24.1069],[87.9132,24.0984],[87.91,24.0937],[87.9121,24.0919],[87.9033,24.0924],[87.9007,24.09],[87.9008,24.0845],[87.8975,24.0841],[87.8955,24.0787],[87.895,24.0671],[87.8986,24.0653],[87.8994,24.0602],[87.8976,24.0438],[87.8867,24.0438],[87.8761,24.0402],[87.8747,24.0324],[87.8697,24.0278],[87.862,24.0268],[87.8609,24.0248],[87.8618,24.0205],[87.87,24.0177],[87.87,24.0131],[87.8646,23.9999],[87.8577,23.9988],[87.8566,23.9897],[87.861,23.9846],[87.8583,23.9828],[87.8599,23.9772],[87.858,23.9752],[87.8491,23.975],[87.8485,23.9694],[87.8495,23.9671],[87.859,23.9655],[87.8594,23.9596],[87.8646,23.9591],[87.8612,23.9467],[87.8678,23.9438],[87.8677,23.9387],[87.866,23.9348],[87.8623,23.9341],[87.8611,23.9299],[87.8667,23.9198],[87.8614,23.9212],[87.8518,23.9158],[87.8452,23.9162],[87.8431,23.9099],[87.8432,23.905],[87.8484,23.9022],[87.8459,23.8937],[87.8487,23.8879],[87.8526,23.8859],[87.853,23.883],[87.8604,23.8819],[87.8638,23.8784],[87.8627,23.8751],[87.8581,23.8757],[87.8559,23.8682],[87.8687,23.87],[87.8704,23.8597],[87.8732,23.8579],[87.8718,23.856],[87.876,23.8539],[87.8775,23.8583],[87.8867,23.8617],[87.8852,23.8563],[87.8905,23.8504],[87.8891,23.8407],[87.8907,23.8395],[87.9031,23.8377],[87.9047,23.8449],[87.9074,23.8451],[87.9144,23.8439],[87.9178,23.8408],[87.9209,23.8424],[87.9262,23.8406],[87.9354,23.8332],[87.9298,23.8267],[87.9472,23.819],[87.9506,23.8125],[87.9561,23.8087],[87.9578,23.8108],[87.9668,23.8095],[87.9663,23.8241],[87.9742,23.8328],[87.9657,23.8362],[87.9661,23.8396],[87.9697,23.8399],[87.9662,23.8417],[87.968,23.8446],[87.9736,23.844],[87.9722,23.8413],[87.9749,23.8408],[87.9795,23.8447],[87.9873,23.8411],[87.9978,23.8433],[88.0008,23.8398],[88.0073,23.8455],[88.0106,23.8446],[88.0139,23.8384],[88.018,23.8372],[88.019,23.8286],[88.0243,23.8287],[88.0257,23.821],[88.0302,23.8175],[88.0269,23.8093],[88.0315,23.8047],[88.031,23.7948],[88.0457,23.7901],[88.0468,23.7829],[88.0495,23.7807],[88.0598,23.7807],[88.0587,23.7719],[88.0414,23.7733],[88.0367,23.7605],[88.0393,23.758],[88.0399,23.7471],[88.0452,23.746],[88.0475,23.7419],[88.0519,23.7403],[88.0526,23.727],[88.0604,23.7227],[88.065,23.7261],[88.0814,23.723],[88.0808,23.7259],[88.0847,23.726],[88.0891,23.731],[88.0884,23.7351],[88.0926,23.7356],[88.0946,23.739],[88.0923,23.7402],[88.0947,23.7424],[88.0949,23.7516],[88.1026,23.7538],[88.1131,23.7519],[88.1159,23.7488],[88.1242,23.7512],[88.132,23.7419],[88.1283,23.7399],[88.1288,23.7376],[88.1322,23.7372],[88.1319,23.7341],[88.1384,23.7377],[88.1416,23.7338],[88.1449,23.7336],[88.1549,23.7367],[88.1587,23.7504],[88.1625,23.7555],[88.1782,23.7584],[88.179,23.7628],[88.1822,23.7629],[88.1877,23.7704],[88.1952,23.7644],[88.2017,23.769],[88.2049,23.7685],[88.2202,23.7581],[88.2325,23.7593],[88.2412,23.767],[88.2355,23.7846],[88.2347,23.7952],[88.237,23.8014],[88.2403,23.8032],[88.25,23.8028],[88.2512,23.8007],[88.2567,23.8023],[88.2593,23.8066],[88.2697,23.8115],[88.2733,23.8083],[88.2935,23.8045],[88.2951,23.811],[88.3045,23.8114],[88.314,23.8078],[88.3283,23.8101],[88.3345,23.808],[88.3488,23.821],[88.3526,23.8302],[88.3575,23.8258],[88.3684,23.8238],[88.3689,23.8173],[88.3771,23.8142],[88.3847,23.8146],[88.3863,23.8222],[88.4085,23.8209],[88.4078,23.8184],[88.4104,23.8167],[88.4077,23.8123],[88.4122,23.807],[88.4098,23.8058],[88.4141,23.8041],[88.4225,23.8113],[88.4354,23.8417],[88.442,23.8515],[88.4477,23.8552],[88.4528,23.8534],[88.4563,23.8392],[88.4554,23.8203],[88.4622,23.8182],[88.4695,23.8268],[88.4784,23.8313],[88.4736,23.8412],[88.4766,23.8573],[88.475,23.8663],[88.4629,23.8904],[88.4779,23.8982],[88.4855,23.8994],[88.4918,23.8969],[88.5002,23.8876],[88.5062,23.8903],[88.51,23.896],[88.5081,23.9026],[88.5033,23.9071],[88.4952,23.9117],[88.4631,23.9219],[88.4586,23.9258],[88.4581,23.9295],[88.4666,23.9379],[88.4725,23.9404],[88.4902,23.9387],[88.4948,23.9426],[88.4976,23.9506],[88.5077,23.9495],[88.5115,23.9572],[88.5203,23.9513],[88.5237,23.9524],[88.5245,23.9595],[88.5214,23.9739],[88.5136,23.9843],[88.5118,23.9915],[88.5178,23.9954],[88.5352,23.9935],[88.5433,23.9988],[88.5499,24.0225],[88.5499,24.039],[88.56,24.0402],[88.5808,24.0309],[88.59,24.0215],[88.5918,24.0073],[88.5959,23.9995],[88.6146,23.9828],[88.6284,23.9845],[88.6353,23.9915],[88.6412,24.0032],[88.647,24.006],[88.6495,24.0106],[88.6492,24.0158],[88.6455,24.0212],[88.6323,24.0238],[88.6303,24.0293],[88.632,24.0347],[88.6434,24.047],[88.6496,24.0684],[88.6564,24.073],[88.6648,24.0734],[88.6738,24.0777],[88.6807,24.0772],[88.6794,24.0824],[88.6657,24.0827],[88.6679,24.0864],[88.6835,24.0896],[88.69,24.0938],[88.701,24.0947],[88.7012,24.1082],[88.6946,24.1109],[88.6971,24.1191],[88.7013,24.122],[88.7058,24.1202],[88.7137,24.1229],[88.7465,24.1472],[88.7404,24.1636],[88.7316,24.1743],[88.7363,24.2108],[88.7349,24.224],[88.7413,24.254],[88.7373,24.2613],[88.7354,24.2761],[88.7261,24.2963],[88.6835,24.3244],[88.6624,24.3059],[88.6518,24.2995],[88.6519,24.3045],[88.6499,24.305],[88.6485,24.3108],[88.6287,24.3056],[88.6232,24.3154],[88.6064,24.315],[88.6055,24.31],[88.5979,24.3111],[88.5876,24.3147],[88.5865,24.3245],[88.5672,24.3263],[88.5592,24.3081],[88.548,24.3126],[88.5253,24.3154],[88.4961,24.3288],[88.4855,24.3417],[88.4793,24.3534],[88.4409,24.3718],[88.4223,24.3749],[88.4005,24.3892],[88.3825,24.3956],[88.364,24.41],[88.3416,24.4382],[88.3349,24.4431],[88.3142,24.4471],[88.2778,24.4594],[88.243,24.4611],[88.2341,24.4659],[88.2212,24.4682],[88.208,24.4763],[88.2015,24.4739],[88.1916,24.4755],[88.1831,24.4894],[88.1423,24.5057],[88.134,24.5115],[88.1331,24.5098],[88.134,24.5115],[88.1243,24.5167],[88.1214,24.5208],[88.1066,24.5545],[88.1105,24.5643],[88.1088,24.5776],[88.0969,24.5935],[88.0933,24.6066],[88.0878,24.6167],[88.0774,24.6312],[88.0711,24.6369],[88.0606,24.6403],[88.0507,24.6526],[88.0539,24.6618],[88.0487,24.6708],[88.0173,24.6945],[88.0048,24.7115],[87.9895,24.7242],[87.9773,24.7404],[87.9629,24.7526],[87.9225,24.8174],[87.9068,24.8385],[87.8976,24.8594]]]},"properties":{"dtname":"Murshidabad","stname":"WEST BENGAL","stcode11":"19","dtcode11":"333","year_stat":"2011_c","Shape_Length":654005.2558380828,"Shape_Area":6591378121.10574,"OBJECTID":384,"test":1,"Dist_LGD":319,"State_LGD":19}},{"type":"Feature","id":396,"geometry":{"type":"Polygon","coordinates":[[[87.793,24.5836],[87.7717,24.5837],[87.7706,24.5708],[87.7781,24.5742],[87.7914,24.5721],[87.7946,24.567],[87.7997,24.5652],[87.7997,24.5614],[87.8026,24.562],[87.8088,24.5475],[87.8054,24.5425],[87.7994,24.5438],[87.7991,24.5258],[87.8037,24.518],[87.798,24.5092],[87.8028,24.5093],[87.8034,24.5057],[87.7956,24.504],[87.7942,24.5013],[87.7976,24.5006],[87.7995,24.4936],[87.8022,24.4944],[87.8063,24.5006],[87.8037,24.5022],[87.8044,24.5111],[87.8098,24.5142],[87.8113,24.5124],[87.8093,24.5095],[87.8164,24.5006],[87.8122,24.4989],[87.8115,24.4922],[87.8161,24.4913],[87.8227,24.4946],[87.8216,24.4976],[87.824,24.5002],[87.8283,24.4977],[87.827,24.4885],[87.8165,24.4897],[87.8107,24.4771],[87.8226,24.471],[87.8238,24.4584],[87.8192,24.4574],[87.8198,24.4543],[87.8134,24.4567],[87.8133,24.4548],[87.8034,24.4543],[87.8002,24.4461],[87.804,24.4412],[87.8008,24.4405],[87.8005,24.4375],[87.7949,24.4365],[87.793,24.4279],[87.7956,24.422],[87.7895,24.4204],[87.7887,24.415],[87.7996,24.4122],[87.7999,24.4091],[87.8031,24.4114],[87.8064,24.4201],[87.811,24.4179],[87.8123,24.4142],[87.8097,24.4054],[87.8077,24.4071],[87.8019,24.4],[87.7969,24.4023],[87.7942,24.3997],[87.7941,24.3969],[87.7991,24.3941],[87.8011,24.3825],[87.7932,24.3822],[87.787,24.3637],[87.7794,24.3581],[87.7712,24.3447],[87.7676,24.3441],[87.7645,24.3398],[87.7628,24.3304],[87.7694,24.3282],[87.7707,24.3224],[87.7631,24.3215],[87.7615,24.3083],[87.7547,24.3098],[87.7468,24.3022],[87.7465,24.2985],[87.7386,24.2962],[87.7301,24.2885],[87.7132,24.2939],[87.7134,24.2828],[87.7072,24.2764],[87.7093,24.2708],[87.706,24.2604],[87.7001,24.2628],[87.6911,24.2586],[87.6847,24.2463],[87.6743,24.2476],[87.6717,24.2433],[87.6621,24.2453],[87.6624,24.2379],[87.6583,24.236],[87.6532,24.2393],[87.6469,24.252],[87.6386,24.254],[87.6415,24.2473],[87.6359,24.2418],[87.6448,24.2344],[87.6462,24.2302],[87.6428,24.2202],[87.6384,24.2147],[87.6558,24.2076],[87.6744,24.2076],[87.6769,24.1946],[87.6864,24.1896],[87.6984,24.1873],[87.6985,24.1802],[87.7019,24.1784],[87.7021,24.1745],[87.6958,24.1612],[87.6951,24.1492],[87.688,24.1512],[87.6879,24.1461],[87.6844,24.1429],[87.6801,24.1445],[87.6728,24.1419],[87.6755,24.1513],[87.6667,24.1532],[87.6644,24.1574],[87.6573,24.1588],[87.6555,24.1558],[87.6532,24.1585],[87.6483,24.1537],[87.6419,24.1528],[87.6398,24.157],[87.6327,24.1593],[87.6307,24.1642],[87.622,24.1632],[87.6081,24.166],[87.606,24.1604],[87.5887,24.1603],[87.5852,24.1639],[87.58,24.1592],[87.5758,24.161],[87.5782,24.1554],[87.6102,24.1324],[87.602,24.1268],[87.5977,24.1277],[87.5852,24.1242],[87.5833,24.1141],[87.5744,24.1119],[87.5747,24.0993],[87.5809,24.0876],[87.5721,24.0895],[87.5588,24.0814],[87.5542,24.0883],[87.5468,24.085],[87.543,24.0858],[87.5422,24.0905],[87.534,24.0972],[87.5319,24.1073],[87.5235,24.1055],[87.5212,24.113],[87.5155,24.1134],[87.511,24.1108],[87.4975,24.1179],[87.4955,24.1124],[87.5003,24.1017],[87.4987,24.0984],[87.4962,24.0996],[87.4965,24.0939],[87.4923,24.0938],[87.4896,24.0903],[87.4951,24.0864],[87.5082,24.0852],[87.5111,24.0829],[87.506,24.0803],[87.5009,24.0728],[87.4965,24.0767],[87.4927,24.077],[87.4905,24.0709],[87.4973,24.0634],[87.4933,24.0541],[87.51,24.0475],[87.512,24.0361],[87.5019,24.0287],[87.5024,24.0247],[87.4971,24.0254],[87.4906,24.0178],[87.4826,24.0163],[87.4763,24.012],[87.4727,24.016],[87.4613,24.013],[87.4599,24.0188],[87.4583,24.0164],[87.4508,24.0177],[87.4458,24.0136],[87.4379,24.013],[87.4382,24.009],[87.4416,24.0115],[87.4486,24.0113],[87.4491,24.0082],[87.4438,24.0068],[87.4451,24.002],[87.4486,24.003],[87.4607,23.9964],[87.4621,23.9879],[87.46,23.9842],[87.4497,23.9888],[87.4455,23.9834],[87.4395,23.9818],[87.429,23.9868],[87.4273,23.9929],[87.4154,23.9935],[87.394,24.0028],[87.3804,24.004],[87.3765,24.0082],[87.3606,24.0128],[87.3514,23.9985],[87.3292,23.9987],[87.3226,24.0017],[87.3191,24.0079],[87.3265,24.0177],[87.3362,24.0209],[87.3361,24.0258],[87.3395,24.0261],[87.337,24.034],[87.3277,24.0324],[87.3163,24.0354],[87.3077,24.0315],[87.2916,24.0331],[87.2882,24.0285],[87.2665,24.038],[87.2613,24.037],[87.2532,24.0429],[87.2454,24.0451],[87.2344,24.0325],[87.2337,24.0245],[87.2355,24.0213],[87.2456,24.0159],[87.2409,24.0119],[87.2477,23.9987],[87.2526,23.9968],[87.2628,24.0036],[87.2679,23.9891],[87.2665,23.982],[87.2619,23.9813],[87.2606,23.9709],[87.2624,23.9673],[87.2658,23.9654],[87.2705,23.9675],[87.2829,23.9594],[87.2929,23.9591],[87.2893,23.9495],[87.2912,23.9434],[87.2846,23.9382],[87.2847,23.9282],[87.2867,23.9265],[87.2846,23.9219],[87.2898,23.9156],[87.2907,23.9051],[87.2951,23.9013],[87.2895,23.8991],[87.2906,23.8934],[87.2828,23.8859],[87.2796,23.8879],[87.2753,23.8844],[87.2695,23.8744],[87.259,23.8817],[87.262,23.8839],[87.2578,23.8981],[87.2527,23.8997],[87.2586,23.9026],[87.2578,23.9085],[87.2518,23.9128],[87.2462,23.9088],[87.2444,23.9028],[87.2457,23.8959],[87.2424,23.8891],[87.2448,23.882],[87.241,23.8704],[87.2486,23.8686],[87.2457,23.8659],[87.2472,23.862],[87.2441,23.8572],[87.2558,23.8439],[87.2478,23.8364],[87.2463,23.8301],[87.2407,23.8258],[87.232,23.8279],[87.2283,23.8254],[87.2174,23.8299],[87.2175,23.833],[87.2227,23.8382],[87.2235,23.8457],[87.2304,23.8457],[87.2377,23.8548],[87.2339,23.8565],[87.2225,23.858],[87.221,23.8604],[87.2204,23.8533],[87.2144,23.8508],[87.2058,23.8565],[87.2032,23.8478],[87.2013,23.8503],[87.1971,23.8501],[87.1943,23.8444],[87.1894,23.8424],[87.1876,23.8486],[87.1936,23.8522],[87.1967,23.8579],[87.1878,23.8595],[87.1809,23.8529],[87.1745,23.8547],[87.1649,23.8651],[87.1294,23.8689],[87.13,23.8536],[87.1394,23.8482],[87.154,23.8293],[87.159,23.8314],[87.1638,23.8292],[87.1639,23.8257],[87.1673,23.8251],[87.1644,23.8177],[87.1588,23.8132],[87.1551,23.8032],[87.1496,23.7967],[87.1432,23.8],[87.1402,23.805],[87.1311,23.7982],[87.123,23.7992],[87.1225,23.7962],[87.1121,23.799],[87.1105,23.8032],[87.1121,23.8048],[87.1176,23.8022],[87.1187,23.8039],[87.1162,23.8073],[87.1088,23.8081],[87.1075,23.8039],[87.1031,23.8044],[87.0965,23.8139],[87.0892,23.8142],[87.0874,23.8102],[87.0895,23.8031],[87.0972,23.7933],[87.1061,23.7891],[87.1061,23.7814],[87.1115,23.7749],[87.1272,23.7669],[87.1289,23.7607],[87.1534,23.7493],[87.1646,23.7516],[87.174,23.7486],[87.1898,23.7475],[87.2087,23.7501],[87.224,23.7379],[87.2375,23.7424],[87.2455,23.7479],[87.2637,23.7492],[87.2698,23.7476],[87.2776,23.7346],[87.2784,23.7289],[87.287,23.7258],[87.2946,23.7271],[87.3057,23.7222],[87.3135,23.7248],[87.3202,23.7201],[87.332,23.7179],[87.3432,23.7236],[87.3527,23.7227],[87.36,23.7171],[87.3612,23.708],[87.3694,23.7001],[87.391,23.6973],[87.409,23.6869],[87.4173,23.6742],[87.4101,23.6603],[87.4109,23.6549],[87.4193,23.6469],[87.4258,23.6458],[87.4347,23.6362],[87.4465,23.6145],[87.4733,23.6142],[87.4805,23.6114],[87.4838,23.6052],[87.4884,23.6027],[87.5006,23.6027],[87.5182,23.6196],[87.5272,23.6186],[87.5299,23.6121],[87.5372,23.6085],[87.5562,23.6073],[87.5676,23.5986],[87.5807,23.5955],[87.6085,23.6019],[87.6142,23.6052],[87.6157,23.6119],[87.6222,23.6143],[87.6282,23.6133],[87.639,23.6043],[87.6466,23.6043],[87.6565,23.6073],[87.6609,23.6154],[87.6664,23.6198],[87.6745,23.6197],[87.6867,23.6079],[87.6936,23.6094],[87.7017,23.6187],[87.708,23.6193],[87.7169,23.6132],[87.7203,23.6044],[87.728,23.5977],[87.7306,23.5894],[87.7431,23.5932],[87.7584,23.59],[87.7636,23.5825],[87.7675,23.5808],[87.7758,23.5844],[87.7805,23.5838],[87.7824,23.5749],[87.7948,23.5725],[87.8039,23.56],[87.8081,23.5615],[87.8123,23.5675],[87.8197,23.5657],[87.8365,23.5691],[87.843,23.5639],[87.8447,23.5512],[87.8623,23.5484],[87.8721,23.5573],[87.8764,23.5547],[87.8779,23.5505],[87.8827,23.5502],[87.8823,23.5583],[87.8876,23.5612],[87.8945,23.5443],[87.8994,23.5428],[87.9089,23.5487],[87.9088,23.5543],[87.914,23.5591],[87.9165,23.5664],[87.9205,23.5696],[87.9292,23.5701],[87.9316,23.5754],[87.9304,23.5898],[87.9338,23.5924],[87.9417,23.5925],[87.9455,23.5958],[87.9496,23.6108],[87.9494,23.6222],[87.9592,23.6311],[87.9537,23.6336],[87.9526,23.6381],[87.9436,23.6407],[87.943,23.6448],[87.935,23.6466],[87.9362,23.663],[87.934,23.6633],[87.9334,23.6598],[87.9302,23.6589],[87.9259,23.6653],[87.9205,23.6656],[87.9189,23.6627],[87.9111,23.6634],[87.9107,23.666],[87.9152,23.6684],[87.9102,23.669],[87.9097,23.6719],[87.9199,23.6751],[87.922,23.6808],[87.9139,23.685],[87.916,23.6874],[87.9135,23.6864],[87.9182,23.696],[87.9106,23.705],[87.9101,23.7173],[87.9176,23.7182],[87.9199,23.7148],[87.9172,23.7295],[87.9344,23.729],[87.9363,23.74],[87.9449,23.7407],[87.9466,23.7483],[87.9539,23.7499],[87.9559,23.7559],[87.9474,23.7563],[87.9464,23.764],[87.9388,23.7639],[87.9388,23.7744],[87.9445,23.7775],[87.9495,23.7767],[87.9506,23.7814],[87.9557,23.7856],[87.9581,23.8027],[87.9611,23.8062],[87.9661,23.8058],[87.9668,23.8095],[87.9578,23.8108],[87.9561,23.8087],[87.9506,23.8125],[87.9472,23.819],[87.9298,23.8267],[87.9354,23.8332],[87.9245,23.8413],[87.9195,23.8425],[87.9178,23.8408],[87.9144,23.8439],[87.9074,23.8451],[87.9047,23.8449],[87.9031,23.8377],[87.8907,23.8395],[87.8891,23.8407],[87.8905,23.8504],[87.8852,23.8563],[87.8867,23.8617],[87.8775,23.8583],[87.876,23.8539],[87.8718,23.856],[87.8732,23.8579],[87.8704,23.8597],[87.8687,23.87],[87.8559,23.8682],[87.8581,23.8757],[87.8627,23.8751],[87.8638,23.8784],[87.8604,23.8819],[87.853,23.883],[87.8474,23.8898],[87.846,23.8948],[87.8484,23.9022],[87.8432,23.905],[87.8438,23.9143],[87.8614,23.9212],[87.8667,23.9198],[87.8611,23.9299],[87.8623,23.9341],[87.8673,23.9364],[87.8678,23.9438],[87.8612,23.9467],[87.8646,23.9591],[87.8594,23.9596],[87.859,23.9655],[87.8495,23.9671],[87.8487,23.9741],[87.858,23.9752],[87.8599,23.9772],[87.8583,23.9828],[87.861,23.9846],[87.8566,23.9897],[87.8577,23.9988],[87.8646,23.9999],[87.87,24.0131],[87.87,24.0177],[87.8612,24.0211],[87.8613,24.026],[87.8697,24.0278],[87.8747,24.0324],[87.8761,24.0402],[87.8867,24.0438],[87.8976,24.0438],[87.8994,24.0602],[87.8986,24.0653],[87.895,24.0671],[87.896,24.0805],[87.8975,24.0841],[87.9008,24.0845],[87.9003,24.0894],[87.9033,24.0924],[87.9121,24.0919],[87.91,24.0937],[87.9132,24.0984],[87.9079,24.1041],[87.9096,24.1054],[87.9065,24.107],[87.9029,24.1046],[87.8954,24.1048],[87.8958,24.1133],[87.8912,24.1145],[87.8967,24.1182],[87.9018,24.1267],[87.9046,24.1258],[87.9029,24.1287],[87.9098,24.1341],[87.9077,24.1363],[87.9101,24.139],[87.9091,24.1428],[87.9017,24.1418],[87.8967,24.1449],[87.8997,24.1494],[87.897,24.153],[87.9027,24.1547],[87.8991,24.1622],[87.9048,24.1622],[87.9061,24.1655],[87.9094,24.1617],[87.9136,24.1619],[87.9189,24.1673],[87.9211,24.1662],[87.9258,24.1732],[87.9285,24.1716],[87.9288,24.1763],[87.9302,24.1738],[87.9325,24.1751],[87.9357,24.1802],[87.9318,24.1806],[87.9316,24.1833],[87.9286,24.1843],[87.9257,24.1825],[87.9227,24.1844],[87.9232,24.1868],[87.9198,24.1869],[87.9218,24.1941],[87.9304,24.1997],[87.9468,24.1951],[87.9488,24.1921],[87.9575,24.1891],[87.9683,24.188],[87.9727,24.1921],[87.9853,24.1902],[87.986,24.2011],[87.9915,24.2007],[87.9832,24.2023],[87.9893,24.2049],[87.991,24.211],[87.9892,24.214],[87.993,24.214],[87.9931,24.2097],[87.9953,24.2089],[88.0041,24.2152],[88.0021,24.2191],[88.0065,24.2192],[88.0066,24.2245],[87.998,24.2267],[87.9961,24.2321],[87.9976,24.2434],[88.0225,24.2435],[88.025,24.248],[88.0216,24.2512],[88.025,24.2624],[88.0165,24.269],[88.018,24.2829],[88.0157,24.2816],[88.0156,24.2839],[88.0134,24.2837],[88.0179,24.2903],[88.0143,24.2982],[88.0173,24.3104],[88.0142,24.3099],[88.0117,24.3137],[88.0041,24.3113],[88.0029,24.3143],[87.9962,24.3124],[87.9919,24.3142],[87.9979,24.3185],[87.9911,24.3278],[87.9931,24.33],[87.9886,24.3311],[87.9867,24.3343],[87.982,24.3331],[87.9819,24.3368],[87.9774,24.3383],[87.9756,24.3364],[87.9732,24.3384],[87.971,24.3382],[87.9711,24.3361],[87.9673,24.3372],[87.9636,24.3345],[87.9635,24.3373],[87.957,24.3414],[87.9578,24.3511],[87.9548,24.3572],[87.9553,24.3633],[87.9596,24.3756],[87.9716,24.3736],[87.9734,24.3769],[87.969,24.3802],[87.9706,24.3922],[87.973,24.3954],[87.9712,24.4029],[87.9757,24.4126],[87.9745,24.4145],[87.9783,24.4157],[87.9776,24.4203],[87.9792,24.4208],[87.9757,24.4263],[87.9752,24.4415],[87.9717,24.4487],[87.9724,24.4559],[87.977,24.4623],[87.9737,24.4652],[87.9752,24.4697],[87.9735,24.475],[87.9704,24.4776],[87.9672,24.4769],[87.9642,24.4812],[87.9661,24.4843],[87.9629,24.4878],[87.95,24.4901],[87.9437,24.4881],[87.943,24.4941],[87.947,24.4986],[87.944,24.5011],[87.9488,24.5187],[87.9378,24.5205],[87.9398,24.5246],[87.9364,24.5331],[87.9308,24.5381],[87.9261,24.5371],[87.9219,24.5445],[87.9069,24.5413],[87.9031,24.5432],[87.898,24.5409],[87.8896,24.5429],[87.8889,24.5529],[87.892,24.5577],[87.8905,24.5653],[87.8688,24.5643],[87.8689,24.5585],[87.8653,24.5568],[87.8522,24.5607],[87.854,24.5577],[87.852,24.5539],[87.841,24.5588],[87.8278,24.5578],[87.8257,24.5614],[87.8265,24.5694],[87.8184,24.5725],[87.8123,24.5788],[87.793,24.5836]]]},"properties":{"dtname":"Birbhum","stname":"WEST BENGAL","stcode11":"19","dtcode11":"334","year_stat":"2011_c","Shape_Length":743720.7848675525,"Shape_Area":5465723410.792314,"OBJECTID":396,"test":1,"Dist_LGD":307,"State_LGD":19}},{"type":"Feature","id":413,"geometry":{"type":"Polygon","coordinates":[[[88.7242,24.1043],[88.7149,24.1028],[88.7037,24.0947],[88.69,24.0938],[88.6835,24.0896],[88.6679,24.0864],[88.6659,24.0822],[88.6794,24.0824],[88.6812,24.078],[88.6725,24.0774],[88.6509,24.0699],[88.6434,24.047],[88.6303,24.0306],[88.6323,24.0238],[88.6465,24.0201],[88.6495,24.0106],[88.647,24.006],[88.6412,24.0032],[88.6341,23.9899],[88.6268,23.9838],[88.6193,23.9821],[88.6128,23.9837],[88.5959,23.9995],[88.5918,24.0073],[88.59,24.0215],[88.5808,24.0309],[88.56,24.0402],[88.5499,24.039],[88.5499,24.0225],[88.5433,23.9988],[88.5352,23.9935],[88.5178,23.9954],[88.5118,23.9915],[88.5136,23.9843],[88.5214,23.9739],[88.5245,23.9595],[88.5237,23.9524],[88.5203,23.9513],[88.5115,23.9572],[88.5077,23.9495],[88.4976,23.9506],[88.4948,23.9426],[88.4902,23.9387],[88.4725,23.9404],[88.4666,23.9379],[88.4581,23.9295],[88.4586,23.9258],[88.4631,23.9219],[88.4952,23.9117],[88.5033,23.9071],[88.5081,23.9026],[88.5098,23.8974],[88.5078,23.8918],[88.5002,23.8876],[88.4918,23.8969],[88.4855,23.8994],[88.4779,23.8982],[88.4629,23.8904],[88.4762,23.8612],[88.4736,23.8412],[88.4784,23.832],[88.4765,23.8288],[88.4695,23.8268],[88.4622,23.8182],[88.4568,23.8186],[88.4543,23.8248],[88.4567,23.8351],[88.4534,23.8519],[88.4477,23.8552],[88.442,23.8515],[88.4354,23.8417],[88.4225,23.8113],[88.4141,23.8041],[88.4098,23.8058],[88.4122,23.807],[88.4077,23.8123],[88.4104,23.8167],[88.4078,23.8184],[88.4085,23.8209],[88.3863,23.8222],[88.3847,23.8146],[88.3771,23.8142],[88.3689,23.8173],[88.3684,23.8238],[88.3575,23.8258],[88.3526,23.8302],[88.3488,23.821],[88.3345,23.808],[88.3283,23.8101],[88.314,23.8078],[88.3045,23.8114],[88.2951,23.811],[88.2935,23.8045],[88.2733,23.8083],[88.2697,23.8115],[88.2512,23.8007],[88.25,23.8028],[88.2385,23.8029],[88.2347,23.7952],[88.2365,23.7799],[88.241,23.7661],[88.2325,23.7593],[88.2237,23.7578],[88.2162,23.7601],[88.2049,23.7685],[88.1975,23.7669],[88.1936,23.7574],[88.1956,23.7442],[88.1918,23.7382],[88.2011,23.7297],[88.2025,23.7317],[88.2153,23.7291],[88.2273,23.7229],[88.233,23.7176],[88.2323,23.7112],[88.2285,23.7077],[88.2157,23.7086],[88.1814,23.7168],[88.1651,23.7132],[88.1462,23.6915],[88.1347,23.6646],[88.1368,23.6544],[88.1475,23.6464],[88.1517,23.6404],[88.1537,23.6311],[88.1662,23.6225],[88.1955,23.6226],[88.2132,23.6085],[88.2191,23.6068],[88.2278,23.611],[88.2284,23.616],[88.2525,23.6193],[88.2539,23.6164],[88.2575,23.6199],[88.264,23.6148],[88.2689,23.6015],[88.2756,23.5964],[88.2777,23.6062],[88.281,23.6063],[88.28,23.5926],[88.286,23.5881],[88.2828,23.5824],[88.2865,23.5775],[88.315,23.5912],[88.3208,23.5824],[88.3211,23.5749],[88.3123,23.5692],[88.2948,23.5633],[88.2752,23.5612],[88.2731,23.5592],[88.2749,23.5567],[88.2726,23.5486],[88.2749,23.538],[88.2914,23.5403],[88.2929,23.5443],[88.2976,23.545],[88.3075,23.5431],[88.314,23.5478],[88.3178,23.5467],[88.3153,23.5484],[88.3191,23.5514],[88.3271,23.5474],[88.3463,23.5491],[88.355,23.5443],[88.357,23.5468],[88.3593,23.5443],[88.3581,23.5396],[88.3637,23.5302],[88.3868,23.5055],[88.3875,23.4972],[88.3631,23.481],[88.366,23.4722],[88.3561,23.4655],[88.3658,23.4604],[88.3686,23.4612],[88.3669,23.4584],[88.362,23.4601],[88.3582,23.4575],[88.3384,23.4573],[88.3395,23.4506],[88.3453,23.4466],[88.342,23.4358],[88.3481,23.4362],[88.3512,23.431],[88.342,23.427],[88.3367,23.4215],[88.328,23.4194],[88.3304,23.4141],[88.3456,23.4157],[88.3536,23.412],[88.3569,23.4068],[88.3537,23.3913],[88.3316,23.3709],[88.3289,23.3626],[88.3302,23.3542],[88.3435,23.3462],[88.3376,23.3397],[88.3309,23.3416],[88.3323,23.3345],[88.329,23.3295],[88.3328,23.3317],[88.336,23.3294],[88.3263,23.3222],[88.3258,23.3147],[88.3483,23.2903],[88.3337,23.2928],[88.3301,23.2812],[88.3492,23.2803],[88.355,23.2654],[88.3626,23.2536],[88.3494,23.2398],[88.3582,23.2316],[88.3739,23.2255],[88.3883,23.2161],[88.3997,23.212],[88.415,23.2118],[88.4149,23.2103],[88.4524,23.2224],[88.4617,23.2221],[88.4678,23.2131],[88.47,23.2049],[88.4616,23.1825],[88.4581,23.16],[88.4549,23.1552],[88.4459,23.154],[88.4445,23.1566],[88.4385,23.155],[88.4343,23.1518],[88.4338,23.1456],[88.4521,23.1312],[88.4635,23.1283],[88.4635,23.1301],[88.4871,23.1217],[88.5021,23.1055],[88.4974,23.0982],[88.4671,23.082],[88.4595,23.0676],[88.4597,23.0635],[88.4635,23.0597],[88.4892,23.0521],[88.4946,23.0475],[88.4911,23.0474],[88.4889,23.0445],[88.4784,23.0449],[88.4496,23.0555],[88.4103,23.0029],[88.4038,22.9897],[88.4058,22.989],[88.4341,23.0302],[88.4331,23.0144],[88.43,23.0082],[88.4159,22.9987],[88.4098,22.9899],[88.4072,22.975],[88.4039,22.9708],[88.4062,22.9426],[88.4142,22.9424],[88.4137,22.9521],[88.4177,22.957],[88.4224,22.9574],[88.4515,22.949],[88.464,22.9501],[88.4625,22.9462],[88.4655,22.9433],[88.4722,22.945],[88.4713,22.936],[88.4827,22.9352],[88.4916,22.9374],[88.5053,22.9466],[88.5144,22.9404],[88.5108,22.9359],[88.5134,22.9338],[88.5252,22.9329],[88.5278,22.9346],[88.5333,22.9285],[88.5359,22.9307],[88.5474,22.9219],[88.5555,22.9226],[88.5597,22.9197],[88.5633,22.9229],[88.5657,22.9139],[88.5727,22.9124],[88.5787,22.9154],[88.5821,22.9088],[88.5881,22.9116],[88.6017,22.9093],[88.6031,22.9056],[88.6114,22.9075],[88.613,22.9028],[88.6187,22.8977],[88.6223,22.8855],[88.626,22.8851],[88.627,22.8819],[88.6436,22.8808],[88.6438,22.8861],[88.6459,22.8862],[88.6452,22.8843],[88.6526,22.8864],[88.658,22.8758],[88.6688,22.8917],[88.6631,22.9056],[88.6574,22.9101],[88.6543,22.9198],[88.6548,22.9247],[88.6598,22.9271],[88.6612,22.9324],[88.661,22.9354],[88.6581,22.9355],[88.6562,22.9388],[88.666,22.9408],[88.6686,22.9434],[88.675,22.9404],[88.6786,22.9438],[88.6639,22.9492],[88.665,22.9606],[88.6621,22.9829],[88.667,22.9929],[88.678,22.9992],[88.679,23.0066],[88.6758,23.007],[88.6773,23.0106],[88.6754,23.0158],[88.68,23.0141],[88.6884,23.0256],[88.6844,23.0366],[88.6866,23.0388],[88.6829,23.0399],[88.6811,23.0435],[88.6829,23.0488],[88.685,23.0479],[88.6826,23.0524],[88.6866,23.0528],[88.6855,23.0565],[88.6888,23.0561],[88.6965,23.0643],[88.6934,23.0671],[88.6873,23.0667],[88.6835,23.0689],[88.6847,23.0761],[88.6827,23.076],[88.6839,23.0776],[88.6818,23.0783],[88.6777,23.0923],[88.674,23.0942],[88.6825,23.0983],[88.6858,23.1056],[88.6835,23.1084],[88.6886,23.1073],[88.6947,23.1103],[88.6959,23.1163],[88.693,23.1186],[88.7045,23.1359],[88.6952,23.1516],[88.6939,23.1575],[88.6969,23.1577],[88.6968,23.1657],[88.6995,23.1688],[88.7115,23.1664],[88.7097,23.171],[88.7122,23.1741],[88.7175,23.1747],[88.7159,23.1751],[88.7167,23.1806],[88.7148,23.1752],[88.7135,23.1763],[88.7147,23.1832],[88.7187,23.1838],[88.7193,23.1872],[88.7153,23.1905],[88.7158,23.2059],[88.7139,23.2086],[88.7178,23.2104],[88.7171,23.2121],[88.7136,23.2152],[88.7037,23.2135],[88.7019,23.215],[88.7107,23.223],[88.7076,23.2323],[88.7122,23.2377],[88.7194,23.2336],[88.7202,23.2388],[88.7232,23.2396],[88.7299,23.2392],[88.7381,23.2346],[88.7539,23.2357],[88.7465,23.244],[88.7186,23.2548],[88.7235,23.2722],[88.7108,23.2781],[88.7111,23.2856],[88.7085,23.29],[88.6974,23.2915],[88.6958,23.3022],[88.7106,23.3127],[88.712,23.3108],[88.7073,23.309],[88.7064,23.3041],[88.714,23.3058],[88.7193,23.3039],[88.7187,23.2978],[88.7254,23.2992],[88.7266,23.3149],[88.7243,23.3177],[88.7296,23.3194],[88.7313,23.3191],[88.7283,23.3128],[88.732,23.3074],[88.7393,23.3046],[88.7451,23.3077],[88.7456,23.3146],[88.7493,23.3214],[88.7428,23.3278],[88.7326,23.3277],[88.7389,23.3436],[88.7332,23.3468],[88.7321,23.3523],[88.7446,23.3484],[88.7462,23.3506],[88.7436,23.3546],[88.7475,23.3617],[88.7587,23.3601],[88.7655,23.3678],[88.7634,23.3729],[88.7586,23.3746],[88.7625,23.3865],[88.7596,23.3845],[88.7535,23.3888],[88.754,23.3944],[88.749,23.3984],[88.7497,23.4011],[88.7609,23.4083],[88.754,23.4155],[88.7579,23.4249],[88.7597,23.4236],[88.7608,23.4261],[88.7593,23.4286],[88.7621,23.4319],[88.7629,23.4459],[88.7641,23.4478],[88.7705,23.4457],[88.773,23.4477],[88.7714,23.4461],[88.7737,23.4437],[88.7818,23.4409],[88.7784,23.4371],[88.7805,23.4362],[88.7825,23.4365],[88.7813,23.4392],[88.7839,23.4381],[88.7828,23.4415],[88.7847,23.444],[88.789,23.4437],[88.7882,23.4408],[88.7917,23.444],[88.7926,23.4419],[88.7946,23.4426],[88.7928,23.4438],[88.7939,23.447],[88.7895,23.4487],[88.7922,23.4548],[88.7889,23.4582],[88.792,23.4605],[88.7902,23.4601],[88.7914,23.4627],[88.7871,23.4685],[88.7936,23.4807],[88.7989,23.4817],[88.7988,23.4845],[88.8011,23.4853],[88.7943,23.4853],[88.7998,23.4915],[88.7976,23.4931],[88.7998,23.4965],[88.7949,23.5011],[88.7895,23.5013],[88.7864,23.4967],[88.783,23.498],[88.7865,23.5067],[88.7831,23.5011],[88.7716,23.497],[88.7687,23.4911],[88.7746,23.4793],[88.7667,23.4803],[88.7608,23.4891],[88.7566,23.4864],[88.7617,23.4798],[88.7586,23.4771],[88.746,23.4823],[88.7425,23.4792],[88.7425,23.4809],[88.7406,23.4801],[88.7434,23.4824],[88.7417,23.4863],[88.7296,23.4948],[88.7306,23.502],[88.7239,23.5124],[88.7176,23.5117],[88.7141,23.5086],[88.7043,23.5174],[88.6972,23.5162],[88.6949,23.5186],[88.6954,23.5259],[88.6914,23.5247],[88.6915,23.5292],[88.6891,23.5307],[88.6827,23.529],[88.6859,23.5327],[88.6859,23.5375],[88.6789,23.5453],[88.674,23.5488],[88.6673,23.5454],[88.6643,23.5462],[88.6605,23.5494],[88.6602,23.5532],[88.6544,23.5564],[88.6557,23.5629],[88.6488,23.5809],[88.6511,23.585],[88.6429,23.5917],[88.6385,23.5912],[88.6381,23.5973],[88.6427,23.601],[88.6451,23.6088],[88.638,23.6104],[88.6369,23.6063],[88.6289,23.6084],[88.6209,23.6023],[88.6141,23.6032],[88.6057,23.5997],[88.6088,23.604],[88.6015,23.6062],[88.6053,23.6101],[88.5964,23.6048],[88.5964,23.6013],[88.5838,23.6037],[88.5799,23.6023],[88.5849,23.6156],[88.5934,23.6165],[88.5916,23.625],[88.5947,23.628],[88.5922,23.6287],[88.594,23.6306],[88.5936,23.64],[88.5881,23.6405],[88.571,23.6354],[88.5624,23.6364],[88.5631,23.645],[88.5581,23.6487],[88.5625,23.657],[88.5657,23.6565],[88.5697,23.6603],[88.57,23.6664],[88.574,23.6678],[88.5714,23.6719],[88.5746,23.6764],[88.5725,23.6848],[88.5673,23.6861],[88.5682,23.6979],[88.5648,23.7124],[88.5679,23.7144],[88.5691,23.7277],[88.5742,23.7286],[88.5739,23.7321],[88.577,23.7346],[88.5745,23.7378],[88.5739,23.7337],[88.5718,23.7338],[88.5725,23.7471],[88.57,23.7471],[88.5735,23.7485],[88.58,23.7584],[88.5797,23.7735],[88.5653,23.7768],[88.5598,23.7806],[88.5606,23.7833],[88.5564,23.7835],[88.5598,23.7849],[88.5723,23.7823],[88.5784,23.7857],[88.5832,23.7913],[88.5818,23.7965],[88.5913,23.7975],[88.5913,23.8041],[88.596,23.8048],[88.5875,23.81],[88.5876,23.8133],[88.5936,23.8112],[88.5937,23.8085],[88.6023,23.8167],[88.5998,23.8216],[88.589,23.8275],[88.5866,23.831],[88.5873,23.8429],[88.5911,23.8528],[88.5839,23.8551],[88.578,23.8502],[88.5767,23.8521],[88.5775,23.8577],[88.5753,23.8609],[88.5821,23.8623],[88.5846,23.8696],[88.5875,23.8713],[88.5985,23.8693],[88.6075,23.8621],[88.6099,23.8656],[88.6095,23.873],[88.6164,23.8761],[88.6237,23.8748],[88.6229,23.8679],[88.6257,23.8648],[88.6312,23.8659],[88.6366,23.8709],[88.6413,23.8677],[88.6457,23.8699],[88.6538,23.8659],[88.6543,23.8692],[88.6673,23.8697],[88.663,23.878],[88.664,23.8823],[88.6753,23.8838],[88.6819,23.8882],[88.6882,23.9014],[88.6999,23.8988],[88.7003,23.9012],[88.7052,23.9006],[88.6996,23.9049],[88.7035,23.9073],[88.6991,23.9083],[88.7004,23.9119],[88.7045,23.9128],[88.7062,23.9161],[88.7124,23.9128],[88.7147,23.9161],[88.7209,23.9165],[88.7247,23.9131],[88.7302,23.914],[88.7295,23.9112],[88.733,23.9111],[88.7354,23.9152],[88.7329,23.9226],[88.7355,23.9232],[88.7341,23.9283],[88.7369,23.929],[88.7347,23.9331],[88.7432,23.9299],[88.7385,23.9496],[88.742,23.9516],[88.7346,23.9561],[88.7331,23.9578],[88.7349,23.9595],[88.7323,23.9609],[88.7358,23.9637],[88.7367,23.9805],[88.7407,23.9842],[88.7476,23.9851],[88.7655,23.9812],[88.7689,23.9826],[88.7606,24.0059],[88.7453,24.0055],[88.7359,23.9954],[88.7312,23.9946],[88.7284,23.9967],[88.7345,24.0219],[88.7428,24.0352],[88.7348,24.0377],[88.7381,24.0378],[88.7393,24.046],[88.7332,24.0511],[88.7308,24.0499],[88.7268,24.0527],[88.7305,24.0587],[88.7377,24.0614],[88.7339,24.0663],[88.7274,24.0643],[88.7234,24.0686],[88.7292,24.0963],[88.7242,24.1043]]]},"properties":{"dtname":"Nadia","stname":"WEST BENGAL","stcode11":"19","dtcode11":"336","year_stat":"2011_c","Shape_Length":760613.0685793158,"Shape_Area":4670037803.157599,"OBJECTID":413,"test":1,"Dist_LGD":320,"State_LGD":19}},{"type":"Feature","id":426,"geometry":{"type":"Polygon","coordinates":[[[88.0091,23.8456],[88.0008,23.8398],[87.9978,23.8433],[87.9873,23.8411],[87.9795,23.8447],[87.9749,23.8408],[87.9722,23.8413],[87.9736,23.844],[87.968,23.8446],[87.9662,23.8417],[87.9697,23.8399],[87.9661,23.8396],[87.9657,23.8362],[87.9742,23.8328],[87.9663,23.8241],[87.9661,23.8058],[87.9611,23.8062],[87.9581,23.8027],[87.9557,23.7856],[87.9506,23.7814],[87.9495,23.7767],[87.9445,23.7775],[87.9388,23.7744],[87.9388,23.7639],[87.9464,23.764],[87.9474,23.7563],[87.9559,23.7559],[87.9539,23.7499],[87.9466,23.7483],[87.9449,23.7407],[87.9363,23.74],[87.9344,23.729],[87.9172,23.7295],[87.9199,23.7148],[87.9176,23.7182],[87.9104,23.7183],[87.9089,23.7097],[87.9182,23.696],[87.9135,23.6864],[87.916,23.6874],[87.9139,23.685],[87.922,23.6808],[87.9199,23.6751],[87.9097,23.6719],[87.9102,23.669],[87.9152,23.6684],[87.9107,23.666],[87.9111,23.6634],[87.9189,23.6627],[87.9205,23.6656],[87.9259,23.6653],[87.9302,23.6589],[87.9334,23.6598],[87.934,23.6633],[87.9362,23.663],[87.935,23.6466],[87.943,23.6448],[87.9436,23.6407],[87.9526,23.6381],[87.9537,23.6336],[87.9592,23.6311],[87.9494,23.6222],[87.9469,23.598],[87.9417,23.5925],[87.9338,23.5924],[87.9304,23.5898],[87.9303,23.5716],[87.9205,23.5696],[87.9165,23.5664],[87.914,23.5591],[87.9088,23.5543],[87.9089,23.5487],[87.8994,23.5428],[87.8955,23.5432],[87.8895,23.5592],[87.8862,23.5612],[87.8823,23.5583],[87.8816,23.5498],[87.8769,23.5513],[87.8732,23.5573],[87.8623,23.5484],[87.8462,23.5506],[87.843,23.5639],[87.8365,23.5691],[87.8197,23.5657],[87.8123,23.5675],[87.8081,23.5615],[87.8039,23.56],[87.7948,23.5725],[87.7824,23.5749],[87.7805,23.5838],[87.7758,23.5844],[87.7675,23.5808],[87.7636,23.5825],[87.7584,23.59],[87.7431,23.5932],[87.7306,23.5894],[87.728,23.5977],[87.7203,23.6044],[87.7169,23.6132],[87.708,23.6193],[87.7017,23.6187],[87.6936,23.6094],[87.6867,23.6079],[87.6745,23.6197],[87.6664,23.6198],[87.6609,23.6154],[87.6565,23.6073],[87.6466,23.6043],[87.639,23.6043],[87.6282,23.6133],[87.6222,23.6143],[87.6157,23.6119],[87.6142,23.6052],[87.6096,23.6025],[87.5833,23.5956],[87.5676,23.5986],[87.5562,23.6073],[87.5343,23.6099],[87.535,23.6073],[87.5304,23.6048],[87.5314,23.6012],[87.5229,23.5849],[87.5154,23.587],[87.5106,23.5797],[87.499,23.5763],[87.5023,23.5723],[87.5002,23.569],[87.4973,23.5695],[87.4986,23.5651],[87.484,23.5525],[87.4885,23.5489],[87.4885,23.5399],[87.4904,23.5381],[87.4875,23.5368],[87.4848,23.5387],[87.4794,23.5362],[87.4761,23.527],[87.472,23.5267],[87.4717,23.5291],[87.466,23.5314],[87.4663,23.5273],[87.4726,23.5236],[87.4632,23.5158],[87.4639,23.4977],[87.45,23.481],[87.4569,23.4827],[87.4666,23.4781],[87.4641,23.4668],[87.4684,23.4632],[87.4671,23.4604],[87.4727,23.4528],[87.4682,23.4465],[87.4701,23.4404],[87.4642,23.4362],[87.4634,23.4311],[87.4587,23.4279],[87.4623,23.426],[87.4632,23.4221],[87.4614,23.4216],[87.4599,23.4253],[87.4539,23.4259],[87.4497,23.4218],[87.4531,23.4199],[87.4454,23.4187],[87.4444,23.4224],[87.4483,23.4263],[87.4443,23.4313],[87.4342,23.4212],[87.4373,23.4179],[87.4422,23.4207],[87.4406,23.4102],[87.4468,23.4071],[87.4535,23.3969],[87.4873,23.3643],[87.4965,23.352],[87.5087,23.3433],[87.5234,23.3372],[87.5368,23.3227],[87.5455,23.3169],[87.5571,23.3126],[87.5638,23.2952],[87.5939,23.2697],[87.5996,23.2579],[87.6207,23.25],[87.6268,23.2434],[87.6358,23.2404],[87.653,23.2411],[87.6525,23.227],[87.6579,23.2249],[87.6566,23.2225],[87.654,23.2238],[87.655,23.2208],[87.6469,23.2177],[87.6465,23.213],[87.6492,23.2102],[87.6455,23.1967],[87.6541,23.1942],[87.6525,23.1895],[87.6571,23.1888],[87.6543,23.1871],[87.6602,23.1846],[87.6611,23.1737],[87.6684,23.1698],[87.6666,23.1662],[87.6633,23.171],[87.6607,23.1708],[87.6591,23.1673],[87.6607,23.1651],[87.6691,23.1594],[87.6724,23.1604],[87.6763,23.1581],[87.6793,23.1501],[87.6848,23.1456],[87.6897,23.1454],[87.6826,23.1233],[87.6847,23.1223],[87.6881,23.1291],[87.6931,23.1288],[87.7043,23.1239],[87.7155,23.1223],[87.7177,23.1183],[87.7246,23.1162],[87.7279,23.1211],[87.7292,23.1183],[87.7317,23.119],[87.7286,23.1248],[87.7304,23.1314],[87.7323,23.1305],[87.7324,23.1212],[87.7457,23.1125],[87.7474,23.1069],[87.7425,23.1055],[87.7428,23.1028],[87.7511,23.1013],[87.7554,23.0942],[87.7522,23.0831],[87.7623,23.0817],[87.7645,23.0756],[87.7618,23.0721],[87.753,23.0688],[87.7504,23.065],[87.7521,23.0636],[87.7417,23.0554],[87.7417,23.0492],[87.7433,23.049],[87.7385,23.0325],[87.7416,23.0311],[87.737,23.0278],[87.7211,23.0282],[87.7194,23.0176],[87.712,23.0102],[87.7234,23.0012],[87.7391,22.9833],[87.7422,22.9653],[87.7513,22.9608],[87.7622,22.9614],[87.7732,22.9676],[87.7779,22.9661],[87.7858,22.9699],[87.7888,22.9646],[87.7958,22.965],[87.7928,22.9563],[87.7965,22.9506],[87.8006,22.95],[87.8012,22.9526],[87.8041,22.9528],[87.8036,22.9478],[87.8142,22.9455],[87.8136,22.9513],[87.8196,22.9522],[87.817,22.9552],[87.8198,22.9576],[87.8279,22.9497],[87.829,22.9421],[87.8334,22.9422],[87.8334,22.9374],[87.8388,22.9357],[87.8415,22.9398],[87.8535,22.9424],[87.8581,22.9382],[87.8595,22.939],[87.8575,22.9421],[87.8601,22.943],[87.8605,22.9396],[87.8628,22.9394],[87.8641,22.9423],[87.8725,22.9411],[87.8737,22.9558],[87.8858,22.962],[87.8919,22.9585],[87.8902,22.9506],[87.8931,22.9495],[87.89,22.9494],[87.8867,22.9388],[87.8911,22.9338],[87.8938,22.9345],[87.8929,22.9373],[87.9114,22.9416],[87.9125,22.945],[87.9185,22.944],[87.9328,22.9471],[87.9327,22.9441],[87.94,22.9429],[87.9451,22.9556],[87.9489,22.9588],[87.9525,22.958],[87.9537,22.9536],[87.9593,22.9528],[87.962,22.9546],[87.9635,22.9609],[87.9685,22.9648],[87.9774,22.9625],[87.9806,22.9667],[87.9853,22.9662],[87.9877,22.9651],[87.9883,22.9586],[87.9909,22.9576],[88.009,22.9621],[88.0087,22.9672],[88.0057,22.9673],[88.0036,22.9703],[88.007,22.9814],[88.0115,22.9815],[88.0206,22.976],[88.0205,22.9876],[88.0258,22.9868],[88.0288,22.9798],[88.0328,22.9796],[88.0375,22.985],[88.0358,22.9884],[88.0419,22.9852],[88.043,22.9895],[88.05,22.9897],[88.0469,23.0025],[88.0386,23.0078],[88.0364,23.0131],[88.0471,23.0213],[88.0478,23.0382],[88.0512,23.0465],[88.0532,23.0461],[88.0515,23.0428],[88.0535,23.042],[88.0561,23.0445],[88.06,23.0441],[88.0643,23.0489],[88.0661,23.045],[88.0676,23.0479],[88.0722,23.0478],[88.078,23.0444],[88.0802,23.0463],[88.0879,23.043],[88.0907,23.0474],[88.0968,23.0467],[88.1001,23.0517],[88.0993,23.0544],[88.1158,23.0522],[88.1216,23.064],[88.1324,23.0701],[88.1332,23.0767],[88.1424,23.0737],[88.1466,23.0775],[88.1549,23.0967],[88.1575,23.0973],[88.1631,23.1245],[88.1536,23.1255],[88.1538,23.1327],[88.1598,23.1367],[88.1617,23.141],[88.1645,23.1407],[88.1694,23.1556],[88.1788,23.1537],[88.1887,23.1599],[88.1947,23.1572],[88.204,23.1595],[88.212,23.1562],[88.2168,23.1582],[88.2219,23.1515],[88.2269,23.1575],[88.2358,23.1582],[88.2357,23.1552],[88.2325,23.1563],[88.2333,23.1529],[88.239,23.1562],[88.2415,23.1554],[88.2464,23.1449],[88.2497,23.1507],[88.2483,23.1477],[88.252,23.1489],[88.2541,23.1462],[88.255,23.1364],[88.2695,23.1272],[88.2818,23.1291],[88.286,23.1268],[88.2897,23.1303],[88.2965,23.1299],[88.2982,23.1253],[88.3103,23.1279],[88.317,23.1254],[88.3214,23.1328],[88.3301,23.1277],[88.3428,23.1304],[88.3472,23.1217],[88.3469,23.117],[88.3613,23.118],[88.3616,23.1352],[88.3668,23.1391],[88.3637,23.1419],[88.3626,23.1492],[88.3649,23.1501],[88.3623,23.1524],[88.3754,23.163],[88.3688,23.1671],[88.3671,23.177],[88.3741,23.1769],[88.3817,23.1807],[88.3834,23.1855],[88.3816,23.1908],[88.3848,23.1943],[88.383,23.1963],[88.3975,23.1881],[88.4027,23.1889],[88.4085,23.1958],[88.415,23.2118],[88.3933,23.2138],[88.3739,23.2255],[88.3582,23.2316],[88.3507,23.2382],[88.3495,23.2403],[88.3626,23.2536],[88.3622,23.2556],[88.355,23.2654],[88.3492,23.2803],[88.3301,23.2812],[88.3337,23.2928],[88.3483,23.2903],[88.3394,23.3015],[88.3281,23.3104],[88.3255,23.3156],[88.3263,23.3222],[88.336,23.3294],[88.3328,23.3317],[88.329,23.3295],[88.3323,23.3345],[88.3309,23.3416],[88.3376,23.3397],[88.3435,23.3462],[88.3302,23.3542],[88.3287,23.3618],[88.331,23.3698],[88.3537,23.3913],[88.3569,23.4068],[88.3542,23.4115],[88.3479,23.415],[88.3416,23.4162],[88.3322,23.4137],[88.3281,23.417],[88.3283,23.4201],[88.3355,23.4209],[88.342,23.427],[88.3512,23.431],[88.3481,23.4362],[88.342,23.4358],[88.3453,23.4466],[88.3395,23.4506],[88.3384,23.4573],[88.3674,23.4589],[88.3686,23.4612],[88.3658,23.4604],[88.3561,23.4655],[88.366,23.4722],[88.3631,23.481],[88.3875,23.4972],[88.385,23.5085],[88.3637,23.5302],[88.3581,23.5396],[88.3593,23.5443],[88.357,23.5468],[88.355,23.5443],[88.3463,23.5491],[88.3271,23.5474],[88.3191,23.5514],[88.3153,23.5484],[88.3178,23.5467],[88.314,23.5478],[88.3075,23.5431],[88.2976,23.545],[88.2929,23.5443],[88.2914,23.5403],[88.2749,23.538],[88.2726,23.5486],[88.2749,23.5567],[88.2731,23.5592],[88.2752,23.5612],[88.2948,23.5633],[88.3123,23.5692],[88.3211,23.5749],[88.3208,23.5824],[88.315,23.5912],[88.2847,23.5779],[88.2828,23.5824],[88.286,23.5881],[88.28,23.5926],[88.281,23.6063],[88.2777,23.6062],[88.2756,23.5964],[88.2689,23.6015],[88.264,23.6148],[88.2575,23.6199],[88.2539,23.6164],[88.2525,23.6193],[88.2284,23.616],[88.2269,23.6143],[88.2287,23.612],[88.2238,23.6097],[88.2242,23.6076],[88.2172,23.607],[88.1955,23.6226],[88.1662,23.6225],[88.1537,23.6311],[88.1517,23.6404],[88.1475,23.6464],[88.1368,23.6544],[88.1347,23.6646],[88.1462,23.6915],[88.1623,23.7109],[88.1789,23.7169],[88.2199,23.7081],[88.2285,23.7077],[88.2328,23.7121],[88.2323,23.719],[88.2254,23.724],[88.2153,23.7291],[88.2025,23.7317],[88.2011,23.7297],[88.1931,23.7353],[88.1919,23.7391],[88.1956,23.7442],[88.1936,23.7533],[88.1952,23.7644],[88.1929,23.7671],[88.1877,23.7704],[88.1822,23.7629],[88.179,23.7628],[88.1782,23.7584],[88.1625,23.7555],[88.1587,23.7504],[88.1549,23.7367],[88.1487,23.7343],[88.142,23.7337],[88.1384,23.7377],[88.1323,23.7338],[88.1322,23.7372],[88.1288,23.7376],[88.1283,23.7399],[88.132,23.7419],[88.1242,23.7512],[88.1159,23.7488],[88.1131,23.7519],[88.1026,23.7538],[88.0949,23.7516],[88.0947,23.7424],[88.0923,23.7402],[88.0946,23.739],[88.0926,23.7356],[88.0884,23.7351],[88.0891,23.731],[88.0847,23.726],[88.0808,23.7259],[88.0814,23.723],[88.065,23.7261],[88.0606,23.7227],[88.0577,23.7233],[88.0526,23.727],[88.0519,23.7403],[88.0475,23.7419],[88.0452,23.746],[88.0399,23.7471],[88.0393,23.758],[88.0367,23.7605],[88.0414,23.7733],[88.0587,23.7719],[88.0598,23.7807],[88.0495,23.7807],[88.0468,23.7829],[88.0457,23.7901],[88.031,23.7948],[88.0315,23.8047],[88.0269,23.8093],[88.0302,23.8175],[88.0257,23.821],[88.0243,23.8287],[88.019,23.8286],[88.018,23.8372],[88.0139,23.8384],[88.0091,23.8456]]]},"properties":{"dtname":"Purba Bardhaman","stname":"WEST BENGAL","stcode11":"19","dtcode11":"335","year_stat":"2011_c","Shape_Length":632226.3384389217,"Shape_Area":6449898256.485444,"OBJECTID":426,"test":0,"Dist_LGD":306,"State_LGD":19}},{"type":"Feature","id":434,"geometry":{"type":"Polygon","coordinates":[[[86.8054,23.6962],[86.7985,23.6884],[86.7915,23.6884],[86.7712,23.6809],[86.7479,23.679],[86.7453,23.68],[86.7396,23.6945],[86.7251,23.6985],[86.713,23.6986],[86.6826,23.6884],[86.6598,23.6867],[86.6294,23.6759],[86.5983,23.6739],[86.5959,23.6719],[86.5991,23.6657],[86.5814,23.6552],[86.5745,23.6476],[86.5288,23.6299],[86.4906,23.6377],[86.4807,23.6359],[86.47,23.6304],[86.4618,23.6298],[86.4549,23.6192],[86.4499,23.6201],[86.4464,23.6175],[86.4487,23.6014],[86.4472,23.598],[86.4356,23.5981],[86.4321,23.5938],[86.4209,23.5897],[86.4137,23.576],[86.4082,23.5788],[86.3974,23.5787],[86.3878,23.5741],[86.3904,23.5675],[86.3885,23.5602],[86.3821,23.5571],[86.3712,23.5404],[86.3681,23.5408],[86.3682,23.5348],[86.3651,23.5311],[86.3678,23.5276],[86.3646,23.522],[86.3717,23.5174],[86.3754,23.5091],[86.3644,23.5016],[86.3653,23.493],[86.3617,23.4853],[86.3658,23.4803],[86.3704,23.4846],[86.3785,23.4853],[86.3772,23.4807],[86.3793,23.4738],[86.3636,23.4715],[86.3618,23.4649],[86.3569,23.4609],[86.36,23.4522],[86.3545,23.4497],[86.3498,23.4516],[86.3511,23.4435],[86.3489,23.4404],[86.3367,23.4404],[86.3338,23.4473],[86.3205,23.4439],[86.3177,23.4403],[86.3057,23.4351],[86.3061,23.43],[86.3108,23.4264],[86.3177,23.4268],[86.3156,23.4239],[86.3171,23.4162],[86.3101,23.4118],[86.3014,23.4127],[86.2902,23.4182],[86.2886,23.4295],[86.2763,23.4305],[86.2719,23.4276],[86.2641,23.4308],[86.2567,23.4301],[86.2524,23.4272],[86.261,23.4178],[86.2593,23.4133],[86.2475,23.4117],[86.2452,23.4144],[86.246,23.4231],[86.2348,23.4213],[86.2304,23.431],[86.2328,23.4329],[86.2322,23.4368],[86.2357,23.444],[86.2422,23.4473],[86.2474,23.4564],[86.246,23.4597],[86.2329,23.4623],[86.2312,23.4457],[86.2288,23.4434],[86.207,23.4503],[86.2059,23.4544],[86.198,23.4533],[86.1926,23.4601],[86.1885,23.4612],[86.1874,23.4578],[86.1803,23.4609],[86.1823,23.4674],[86.1771,23.4698],[86.1485,23.4654],[86.1489,23.4744],[86.1546,23.4768],[86.1505,23.483],[86.1583,23.4925],[86.1572,23.4994],[86.1605,23.5083],[86.1531,23.5118],[86.148,23.5197],[86.1485,23.5246],[86.1571,23.5342],[86.1578,23.5413],[86.1516,23.5481],[86.1586,23.5595],[86.1489,23.56],[86.1472,23.563],[86.1434,23.5635],[86.1396,23.5592],[86.1365,23.5623],[86.1313,23.5589],[86.1314,23.5626],[86.1271,23.5655],[86.1306,23.567],[86.1261,23.5698],[86.1203,23.5662],[86.1098,23.568],[86.1073,23.5651],[86.0988,23.5667],[86.0921,23.563],[86.0877,23.5661],[86.081,23.5657],[86.0727,23.5689],[86.0777,23.5792],[86.0652,23.5792],[86.0518,23.5863],[86.042,23.5862],[86.0398,23.575],[86.0374,23.5766],[86.0315,23.5731],[86.0247,23.5618],[86.0186,23.5597],[86.0168,23.5475],[86.0206,23.5442],[86.0282,23.5428],[86.0282,23.54],[86.0237,23.5374],[86.0338,23.5229],[86.0337,23.518],[86.0397,23.5149],[86.0388,23.4979],[86.0587,23.4945],[86.0541,23.4869],[86.044,23.4841],[86.038,23.4856],[86.0319,23.4835],[86.0249,23.4864],[86.0091,23.4845],[85.9773,23.4767],[85.9619,23.4768],[85.9503,23.4709],[85.9331,23.4733],[85.9195,23.4778],[85.9091,23.4843],[85.8858,23.4822],[85.8867,23.4848],[85.8759,23.4807],[85.8708,23.4755],[85.8676,23.4647],[85.8631,23.4625],[85.8654,23.4565],[85.8614,23.439],[85.8636,23.4316],[85.8845,23.43],[85.8872,23.4254],[85.8804,23.4218],[85.8914,23.4102],[85.8864,23.4076],[85.8861,23.405],[85.8984,23.4058],[85.9026,23.3985],[85.8999,23.3936],[85.8883,23.3972],[85.8698,23.3889],[85.87,23.3862],[85.8781,23.3819],[85.8745,23.3768],[85.8749,23.3606],[85.8836,23.3504],[85.8729,23.3422],[85.8657,23.3414],[85.8686,23.3304],[85.8632,23.3274],[85.8598,23.3217],[85.8515,23.3173],[85.8472,23.3093],[85.8383,23.3061],[85.8308,23.2872],[85.8197,23.2685],[85.8235,23.2595],[85.838,23.247],[85.8356,23.2385],[85.8397,23.229],[85.8365,23.2207],[85.8492,23.2221],[85.8573,23.2201],[85.8629,23.2222],[85.8665,23.2204],[85.8834,23.196],[85.8821,23.1683],[85.8942,23.1553],[85.9098,23.1536],[85.9167,23.1462],[85.9266,23.1467],[85.9287,23.1515],[85.9511,23.1521],[85.9569,23.161],[86.0026,23.149],[86.0128,23.1483],[86.0147,23.1538],[86.0176,23.1553],[86.0196,23.1536],[86.0188,23.148],[86.0237,23.1445],[86.0342,23.1445],[86.0375,23.1471],[86.0437,23.1449],[86.0459,23.1426],[86.0452,23.1382],[86.0548,23.1239],[86.0492,23.1061],[86.075,23.0946],[86.0895,23.0952],[86.0903,23.0896],[86.0981,23.0854],[86.127,23.0868],[86.1327,23.0841],[86.1365,23.0772],[86.1461,23.0753],[86.1416,23.0573],[86.1453,23.0532],[86.1502,23.0528],[86.1576,23.048],[86.1564,23.0317],[86.1622,23.0289],[86.1646,23.0337],[86.1674,23.0332],[86.1673,23.0301],[86.1707,23.0268],[86.1698,23.0231],[86.1789,23.0217],[86.1816,23.0109],[86.1855,23.0052],[86.2075,23.0082],[86.2067,23.0003],[86.2181,22.9984],[86.2244,22.9946],[86.2371,22.995],[86.2414,22.9993],[86.2479,22.9974],[86.265,23.0002],[86.2754,23.008],[86.2916,23.0137],[86.2984,23.0109],[86.3046,23.0168],[86.304,23.0101],[86.3261,22.9949],[86.3379,22.9906],[86.3441,22.9978],[86.3548,22.9942],[86.3543,22.9995],[86.364,23.0009],[86.3713,22.9975],[86.3768,22.9985],[86.3858,22.996],[86.3886,22.9867],[86.3939,22.981],[86.401,22.9816],[86.4053,22.9882],[86.4157,22.9909],[86.4172,22.9964],[86.4193,22.9962],[86.4191,23.0006],[86.4251,22.9969],[86.4424,22.9932],[86.4468,22.9881],[86.4504,22.9884],[86.4514,22.991],[86.4644,22.9887],[86.4703,22.9918],[86.4969,22.9927],[86.5014,22.9947],[86.5025,22.9876],[86.5133,22.9776],[86.5075,22.9729],[86.5189,22.9706],[86.5264,22.9728],[86.5272,22.9751],[86.524,22.9768],[86.5286,22.9805],[86.547,22.9894],[86.5492,22.9784],[86.5444,22.9696],[86.5448,22.966],[86.5315,22.9648],[86.5334,22.9621],[86.5311,22.9543],[86.5255,22.9473],[86.5215,22.949],[86.5116,22.9471],[86.5029,22.9515],[86.5007,22.9455],[86.4953,22.9476],[86.4945,22.9431],[86.489,22.9377],[86.4854,22.9425],[86.4782,22.9461],[86.4766,22.9519],[86.47,22.9484],[86.4691,22.945],[86.465,22.9449],[86.4628,22.937],[86.4529,22.931],[86.4429,22.9309],[86.4426,22.9286],[86.4358,22.9259],[86.4359,22.9232],[86.4408,22.92],[86.4473,22.9084],[86.4529,22.9036],[86.4657,22.9032],[86.4673,22.9009],[86.4643,22.8944],[86.4561,22.886],[86.4533,22.8861],[86.4557,22.8805],[86.4517,22.8732],[86.4509,22.8624],[86.438,22.8634],[86.4348,22.8607],[86.4329,22.8533],[86.4361,22.8348],[86.4387,22.8313],[86.4224,22.8108],[86.4247,22.8082],[86.4251,22.8],[86.4224,22.7972],[86.4229,22.7923],[86.4194,22.791],[86.4258,22.7862],[86.4325,22.775],[86.4442,22.7717],[86.4514,22.7635],[86.4601,22.7634],[86.4695,22.7541],[86.4718,22.745],[86.4822,22.7294],[86.4936,22.7266],[86.5029,22.7172],[86.5106,22.7048],[86.5131,22.7067],[86.5112,22.7126],[86.513,22.7181],[86.5205,22.7171],[86.5241,22.7212],[86.5342,22.7179],[86.5432,22.7222],[86.5594,22.7125],[86.568,22.7288],[86.5931,22.7627],[86.6041,22.789],[86.5984,22.7972],[86.6106,22.7987],[86.611,22.8033],[86.6082,22.8062],[86.6178,22.8214],[86.6168,22.8241],[86.6339,22.8246],[86.6456,22.8347],[86.6482,22.8401],[86.6558,22.8373],[86.6626,22.8518],[86.6733,22.8541],[86.6772,22.8624],[86.6856,22.8623],[86.6961,22.8682],[86.7025,22.8725],[86.7061,22.8802],[86.7065,22.8878],[86.7009,22.8893],[86.7018,22.8938],[86.7061,22.8934],[86.7042,22.8967],[86.7055,22.8987],[86.699,22.9083],[86.7016,22.9105],[86.6969,22.9164],[86.6966,22.9242],[86.6925,22.9254],[86.6892,22.9309],[86.693,22.9352],[86.6956,22.9347],[86.6949,22.9374],[86.6988,22.9405],[86.7022,22.9521],[86.7047,22.9515],[86.7095,22.9557],[86.7139,22.9652],[86.7109,22.9658],[86.7126,22.9705],[86.7171,22.9754],[86.7208,22.9853],[86.7202,22.991],[86.7279,22.9983],[86.728,23.0112],[86.7352,23.0252],[86.7272,23.0298],[86.7262,23.0356],[86.7399,23.0432],[86.7378,23.0456],[86.7328,23.0452],[86.7305,23.0489],[86.7353,23.0586],[86.739,23.0602],[86.7427,23.0708],[86.7463,23.0727],[86.7472,23.0819],[86.7516,23.0885],[86.7463,23.103],[86.7317,23.1049],[86.717,23.1225],[86.7239,23.124],[86.7312,23.1345],[86.7325,23.1481],[86.738,23.1576],[86.7382,23.1626],[86.7449,23.1683],[86.7521,23.1659],[86.7539,23.1688],[86.7511,23.1721],[86.7586,23.1756],[86.7584,23.1906],[86.7562,23.1938],[86.7588,23.1994],[86.7692,23.2045],[86.7796,23.201],[86.7833,23.2052],[86.788,23.2058],[86.7868,23.2071],[86.7903,23.2113],[86.7839,23.2231],[86.7804,23.2243],[86.7808,23.2308],[86.7697,23.2373],[86.7687,23.2419],[86.7709,23.245],[86.7749,23.2454],[86.7771,23.241],[86.7791,23.2428],[86.7834,23.2604],[86.7804,23.263],[86.7793,23.2721],[86.7823,23.2761],[86.7861,23.2767],[86.7789,23.288],[86.7778,23.2942],[86.7793,23.2968],[86.7904,23.3002],[86.7842,23.3107],[86.7869,23.3222],[86.7855,23.3296],[86.7872,23.3387],[86.796,23.3435],[86.8088,23.3419],[86.8112,23.3484],[86.8103,23.353],[86.8168,23.3612],[86.8328,23.3595],[86.8366,23.3751],[86.8304,23.3804],[86.8362,23.3842],[86.847,23.3819],[86.851,23.3867],[86.8502,23.391],[86.8539,23.3967],[86.8477,23.4047],[86.8507,23.4142],[86.8496,23.4198],[86.8566,23.4214],[86.8601,23.4273],[86.8631,23.4265],[86.8667,23.4354],[86.8619,23.4402],[86.8549,23.4424],[86.8456,23.4366],[86.8383,23.4389],[86.8367,23.4335],[86.8269,23.4365],[86.8273,23.4473],[86.8242,23.4509],[86.8257,23.4543],[86.8239,23.4573],[86.8282,23.4665],[86.859,23.4654],[86.8659,23.4617],[86.8725,23.4718],[86.8698,23.4859],[86.8725,23.4907],[86.8739,23.4889],[86.8804,23.4891],[86.8813,23.4969],[86.9033,23.4924],[86.9063,23.4938],[86.894,23.5116],[86.8956,23.5347],[86.8905,23.5389],[86.8818,23.5398],[86.8853,23.5566],[86.8776,23.5563],[86.8794,23.5668],[86.8632,23.5676],[86.8774,23.5745],[86.8803,23.5745],[86.8818,23.5714],[86.8914,23.5765],[86.8863,23.5849],[86.8911,23.5933],[86.8871,23.6016],[86.8946,23.6064],[86.8932,23.6092],[86.8964,23.6135],[86.8939,23.6259],[86.9008,23.63],[86.9023,23.6394],[86.8934,23.6532],[86.865,23.6613],[86.8594,23.6682],[86.8573,23.6759],[86.8468,23.684],[86.8255,23.6856],[86.8054,23.6962]]]},"properties":{"dtname":"Puruliya","stname":"WEST BENGAL","stcode11":"19","dtcode11":"340","year_stat":"2011_c","Shape_Length":649743.4806434785,"Shape_Area":7437097324.025318,"OBJECTID":434,"test":0,"Dist_LGD":321,"State_LGD":19}},{"type":"Feature","id":437,"geometry":{"type":"Polygon","coordinates":[[[86.9023,23.6394],[86.9008,23.63],[86.8939,23.6259],[86.8964,23.6135],[86.8932,23.6092],[86.8946,23.6064],[86.8871,23.6016],[86.8911,23.5933],[86.8863,23.5849],[86.8914,23.5765],[86.8818,23.5714],[86.8803,23.5745],[86.8774,23.5745],[86.8632,23.5676],[86.8794,23.5668],[86.8776,23.5563],[86.8853,23.5566],[86.8818,23.5398],[86.8905,23.5389],[86.8956,23.5347],[86.894,23.5116],[86.8973,23.5083],[86.8984,23.5027],[86.9049,23.4977],[86.9059,23.4926],[86.8813,23.4969],[86.8804,23.4891],[86.8739,23.4889],[86.8725,23.4907],[86.8698,23.4859],[86.8725,23.4718],[86.8659,23.4617],[86.859,23.4654],[86.8483,23.4667],[86.8426,23.4646],[86.8281,23.4663],[86.8266,23.4595],[86.8239,23.4573],[86.8257,23.4543],[86.8242,23.4509],[86.8273,23.4473],[86.8269,23.4365],[86.8367,23.4335],[86.8383,23.4389],[86.8456,23.4366],[86.8549,23.4424],[86.8619,23.4402],[86.8667,23.4354],[86.8631,23.4265],[86.8601,23.4273],[86.8566,23.4214],[86.8496,23.4198],[86.8507,23.4142],[86.8477,23.4047],[86.8539,23.3967],[86.8502,23.391],[86.851,23.3867],[86.847,23.3819],[86.8362,23.3842],[86.8304,23.3804],[86.8366,23.3751],[86.8328,23.3595],[86.8168,23.3612],[86.8103,23.353],[86.8112,23.3484],[86.8088,23.3419],[86.796,23.3435],[86.7872,23.3387],[86.7855,23.3296],[86.7869,23.3222],[86.7842,23.3107],[86.7904,23.3002],[86.7793,23.2968],[86.7778,23.2942],[86.7789,23.288],[86.7861,23.2767],[86.7823,23.2761],[86.7793,23.2721],[86.7804,23.263],[86.7834,23.2604],[86.7791,23.2428],[86.7771,23.241],[86.7749,23.2454],[86.7709,23.245],[86.7687,23.2419],[86.7697,23.2373],[86.7808,23.2308],[86.7804,23.2243],[86.7839,23.2231],[86.7903,23.2113],[86.7868,23.2071],[86.788,23.2058],[86.7833,23.2052],[86.7796,23.201],[86.7692,23.2045],[86.7588,23.1994],[86.7562,23.1938],[86.7584,23.1906],[86.7586,23.1756],[86.7511,23.1721],[86.7539,23.1688],[86.7521,23.1659],[86.7449,23.1683],[86.7382,23.1626],[86.738,23.1576],[86.7325,23.1481],[86.7312,23.1345],[86.7239,23.124],[86.717,23.1225],[86.7317,23.1049],[86.7463,23.103],[86.7516,23.0885],[86.7472,23.0819],[86.7463,23.0727],[86.7427,23.0708],[86.739,23.0602],[86.7353,23.0586],[86.7305,23.0489],[86.7328,23.0452],[86.7378,23.0456],[86.7399,23.0432],[86.7262,23.0356],[86.7272,23.0298],[86.7352,23.0252],[86.728,23.0112],[86.7279,22.9983],[86.7202,22.991],[86.7208,22.9853],[86.7171,22.9754],[86.7126,22.9705],[86.7109,22.9658],[86.7139,22.9652],[86.7095,22.9557],[86.7047,22.9515],[86.7022,22.9521],[86.6988,22.9405],[86.6949,22.9374],[86.6956,22.9347],[86.693,22.9352],[86.6892,22.9309],[86.6925,22.9254],[86.6966,22.9242],[86.6969,22.9164],[86.7016,22.9105],[86.699,22.9083],[86.7055,22.8987],[86.7042,22.8967],[86.7061,22.8934],[86.7018,22.8938],[86.7009,22.8893],[86.7065,22.8878],[86.7061,22.8802],[86.7025,22.8725],[86.6961,22.8682],[86.6856,22.8623],[86.6772,22.8624],[86.6733,22.8541],[86.6626,22.8518],[86.6558,22.8373],[86.6482,22.8401],[86.6456,22.8347],[86.6339,22.8246],[86.6168,22.8241],[86.6178,22.8214],[86.6082,22.8062],[86.611,22.8033],[86.6108,22.7983],[86.6318,22.7964],[86.6567,22.7873],[86.672,22.7693],[86.677,22.7675],[86.6954,22.7682],[86.7016,22.7576],[86.7173,22.7448],[86.7309,22.7435],[86.7419,22.7376],[86.7474,22.7374],[86.768,22.7283],[86.7731,22.7187],[86.7884,22.7101],[86.8037,22.7088],[86.8137,22.6989],[86.8381,22.6872],[86.8404,22.6834],[86.8449,22.6853],[86.8593,22.6675],[86.8944,22.6512],[86.9037,22.6398],[86.9033,22.6362],[86.9122,22.6351],[86.9163,22.627],[86.9218,22.6317],[86.9229,22.6288],[86.9343,22.6344],[86.9525,22.6368],[86.9537,22.6416],[86.9455,22.6517],[86.948,22.6695],[86.9573,22.6668],[86.9621,22.6756],[86.9636,22.6707],[86.9677,22.669],[86.9733,22.6733],[86.9853,22.6709],[86.9914,22.6621],[86.9974,22.658],[87.0015,22.6581],[87.0016,22.6538],[87.0054,22.6489],[87.007,22.6508],[87.0151,22.65],[87.0212,22.6679],[87.0174,22.6692],[87.0184,22.687],[87.0148,22.693],[87.0205,22.6965],[87.0206,22.7013],[87.0305,22.7017],[87.0329,22.7077],[87.0361,22.7088],[87.0379,22.7191],[87.0518,22.7276],[87.0704,22.7306],[87.0763,22.7258],[87.0792,22.7313],[87.0885,22.7389],[87.0834,22.7483],[87.0836,22.7645],[87.0774,22.7829],[87.0713,22.7856],[87.0644,22.793],[87.065,22.8035],[87.058,22.8093],[87.0564,22.8204],[87.0536,22.8226],[87.0586,22.8268],[87.0606,22.8322],[87.0598,22.8441],[87.0636,22.8505],[87.0718,22.8507],[87.0786,22.8464],[87.0934,22.8443],[87.1283,22.8441],[87.1426,22.854],[87.1542,22.8692],[87.1617,22.8743],[87.1701,22.8894],[87.1817,22.8917],[87.1862,22.8885],[87.1929,22.8879],[87.203,22.8948],[87.2113,22.894],[87.2215,22.9078],[87.2441,22.8976],[87.2557,22.9002],[87.2593,22.9042],[87.2642,22.9041],[87.2675,22.9069],[87.2678,22.9043],[87.2709,22.9036],[87.2761,22.9094],[87.285,22.9121],[87.2884,22.9241],[87.3037,22.9271],[87.3139,22.9341],[87.3173,22.9447],[87.3286,22.9448],[87.3323,22.9484],[87.3452,22.9495],[87.3574,22.9544],[87.3611,22.9534],[87.3666,22.9455],[87.386,22.9435],[87.3888,22.9407],[87.3962,22.9397],[87.3971,22.934],[87.4101,22.9348],[87.4178,22.9324],[87.4206,22.9306],[87.4201,22.9262],[87.4235,22.9242],[87.4492,22.9204],[87.4568,22.9123],[87.4754,22.9113],[87.4893,22.9197],[87.4988,22.9225],[87.4994,22.9264],[87.5113,22.9255],[87.5095,22.9244],[87.5126,22.9216],[87.5175,22.9249],[87.5176,22.931],[87.5328,22.9302],[87.5359,22.9244],[87.5411,22.9217],[87.5518,22.9184],[87.5596,22.9205],[87.5593,22.9188],[87.5656,22.9188],[87.5658,22.9165],[87.5719,22.9152],[87.5709,22.9097],[87.5747,22.9113],[87.576,22.9085],[87.5808,22.9096],[87.5797,22.9079],[87.5827,22.9059],[87.5858,22.8948],[87.6007,22.898],[87.6014,22.8908],[87.6109,22.8904],[87.6131,22.8879],[87.62,22.8938],[87.6264,22.8945],[87.6272,22.8987],[87.6311,22.8987],[87.6282,22.9027],[87.62,22.9029],[87.6204,22.9119],[87.6324,22.9189],[87.6404,22.9184],[87.6521,22.9492],[87.6492,22.9501],[87.6492,22.9664],[87.641,22.9668],[87.6422,22.9744],[87.6398,22.9749],[87.6428,22.9787],[87.6384,22.9813],[87.6404,22.9854],[87.6476,22.9892],[87.6677,22.9863],[87.6756,22.9927],[87.6919,22.9925],[87.6963,22.9988],[87.6954,23.0101],[87.6982,23.0182],[87.6927,23.02],[87.6873,23.0186],[87.6851,23.0216],[87.6864,23.0254],[87.7011,23.0267],[87.7042,23.0177],[87.712,23.0102],[87.7194,23.0176],[87.7211,23.0282],[87.737,23.0278],[87.7416,23.0311],[87.7385,23.0325],[87.7433,23.049],[87.7417,23.0492],[87.7417,23.0554],[87.7521,23.0636],[87.7504,23.065],[87.753,23.0688],[87.7618,23.0721],[87.7645,23.0756],[87.7623,23.0817],[87.7522,23.0831],[87.755,23.0904],[87.754,23.0976],[87.7511,23.1013],[87.7428,23.1028],[87.7425,23.1055],[87.7474,23.1069],[87.7461,23.1119],[87.7324,23.1212],[87.732,23.1311],[87.7304,23.1314],[87.7286,23.1248],[87.7317,23.119],[87.7292,23.1183],[87.7279,23.1211],[87.7246,23.1162],[87.7177,23.1183],[87.7155,23.1223],[87.7043,23.1239],[87.6931,23.1288],[87.6881,23.1291],[87.6847,23.1223],[87.6826,23.1233],[87.6897,23.1454],[87.6848,23.1456],[87.6793,23.1501],[87.6763,23.1581],[87.6724,23.1604],[87.6691,23.1594],[87.6607,23.1651],[87.6591,23.1673],[87.6607,23.1708],[87.6633,23.171],[87.6666,23.1662],[87.6684,23.1698],[87.6611,23.1737],[87.6602,23.1846],[87.6543,23.1871],[87.6571,23.1888],[87.6525,23.1895],[87.6541,23.1942],[87.6455,23.1967],[87.6492,23.2102],[87.6465,23.213],[87.6469,23.2177],[87.655,23.2208],[87.654,23.2238],[87.6566,23.2225],[87.6579,23.2249],[87.6525,23.227],[87.653,23.2411],[87.6358,23.2404],[87.6268,23.2434],[87.6207,23.25],[87.5996,23.2579],[87.5939,23.2697],[87.5638,23.2952],[87.5571,23.3126],[87.538,23.3218],[87.5234,23.3372],[87.5003,23.3488],[87.4491,23.4029],[87.4118,23.4268],[87.3822,23.4373],[87.3621,23.4502],[87.342,23.4672],[87.3026,23.4836],[87.2778,23.4995],[87.2674,23.5106],[87.2486,23.5226],[87.2451,23.5279],[87.2087,23.5576],[87.1862,23.5656],[87.1603,23.5636],[87.1197,23.5777],[87.0871,23.5979],[87.0717,23.6018],[87.0584,23.6134],[87.0341,23.6175],[87.0144,23.6324],[87.0074,23.6332],[87.001,23.6296],[86.9997,23.632],[86.9927,23.6331],[86.976,23.6269],[86.9571,23.6335],[86.922,23.6298],[86.908,23.6325],[86.9023,23.6394]]]},"properties":{"dtname":"Bankura","stname":"WEST BENGAL","stcode11":"19","dtcode11":"339","year_stat":"2011_c","Shape_Length":556354.2750850491,"Shape_Area":8187903558.673634,"OBJECTID":437,"test":0,"Dist_LGD":305,"State_LGD":19}},{"type":"Feature","id":446,"geometry":{"type":"Polygon","coordinates":[[[88.811,23.2559],[88.8059,23.2374],[88.8111,23.221],[88.8073,23.219],[88.7895,23.2181],[88.7878,23.222],[88.7839,23.2223],[88.7786,23.2204],[88.7739,23.2243],[88.7728,23.2287],[88.7729,23.2306],[88.7759,23.2305],[88.7751,23.2341],[88.7775,23.2357],[88.7672,23.2454],[88.7595,23.2454],[88.759,23.2415],[88.7518,23.2396],[88.7526,23.2343],[88.7359,23.2349],[88.7307,23.239],[88.7232,23.2396],[88.7202,23.2388],[88.7201,23.2337],[88.7127,23.2377],[88.7076,23.2323],[88.7107,23.223],[88.7018,23.2145],[88.7136,23.2152],[88.7171,23.2121],[88.7178,23.2104],[88.7139,23.2086],[88.7158,23.2059],[88.7153,23.1905],[88.7193,23.1872],[88.7187,23.1838],[88.7147,23.1832],[88.7135,23.1763],[88.7148,23.1752],[88.7167,23.1806],[88.7159,23.1751],[88.7175,23.1747],[88.7122,23.1741],[88.7097,23.171],[88.7115,23.1664],[88.6995,23.1688],[88.6968,23.1657],[88.6969,23.1577],[88.6939,23.1575],[88.6952,23.1516],[88.7045,23.1359],[88.693,23.1186],[88.6959,23.1163],[88.6947,23.1103],[88.6886,23.1073],[88.6835,23.1084],[88.6858,23.1056],[88.6825,23.0983],[88.674,23.0942],[88.6777,23.0923],[88.6818,23.0783],[88.6839,23.0776],[88.6827,23.076],[88.6847,23.0761],[88.6835,23.0689],[88.6873,23.0667],[88.6934,23.0671],[88.6965,23.0643],[88.6888,23.0561],[88.6855,23.0565],[88.6866,23.0528],[88.6826,23.0524],[88.685,23.0479],[88.6829,23.0488],[88.6811,23.0435],[88.6829,23.0399],[88.6866,23.0388],[88.6844,23.0366],[88.6884,23.0256],[88.68,23.0141],[88.6754,23.0158],[88.6773,23.0106],[88.6758,23.007],[88.679,23.0066],[88.678,22.9992],[88.667,22.9929],[88.6621,22.9829],[88.665,22.9606],[88.6639,22.9492],[88.6786,22.9438],[88.675,22.9404],[88.6686,22.9434],[88.666,22.9408],[88.6562,22.9388],[88.6581,22.9355],[88.661,22.9354],[88.6612,22.9324],[88.6598,22.9271],[88.6548,22.9247],[88.6543,22.9198],[88.6574,22.9101],[88.6631,22.9056],[88.6688,22.8917],[88.658,22.8758],[88.6526,22.8864],[88.6452,22.8843],[88.6459,22.8862],[88.6438,22.8861],[88.6436,22.8808],[88.627,22.8819],[88.626,22.8851],[88.6223,22.8855],[88.6187,22.8977],[88.613,22.9028],[88.6114,22.9075],[88.6031,22.9056],[88.6017,22.9093],[88.5881,22.9116],[88.5821,22.9088],[88.5787,22.9154],[88.5727,22.9124],[88.5657,22.9139],[88.5633,22.9229],[88.5597,22.9197],[88.5555,22.9226],[88.5474,22.9219],[88.5359,22.9307],[88.5333,22.9285],[88.5278,22.9346],[88.5252,22.9329],[88.5134,22.9338],[88.5108,22.9359],[88.5144,22.9404],[88.5053,22.9466],[88.4916,22.9374],[88.4827,22.9352],[88.4713,22.936],[88.4722,22.945],[88.4655,22.9433],[88.4625,22.9462],[88.464,22.9501],[88.4515,22.949],[88.4224,22.9574],[88.4177,22.957],[88.4137,22.9521],[88.4142,22.9424],[88.4062,22.9426],[88.3976,22.9199],[88.3988,22.9114],[88.4033,22.905],[88.4037,22.8879],[88.3947,22.8771],[88.3831,22.8694],[88.3846,22.8673],[88.3761,22.8635],[88.3712,22.8575],[88.3712,22.8488],[88.3789,22.8344],[88.3776,22.8305],[88.3732,22.8271],[88.3628,22.8291],[88.3566,22.8255],[88.353,22.796],[88.349,22.7908],[88.3301,22.7813],[88.3309,22.7744],[88.3362,22.7661],[88.3589,22.7494],[88.3637,22.743],[88.3575,22.7185],[88.3625,22.6948],[88.3516,22.6703],[88.3493,22.6573],[88.3508,22.6504],[88.3571,22.6328],[88.3712,22.6329],[88.3915,22.6291],[88.3911,22.597],[88.3985,22.5874],[88.4088,22.5616],[88.4466,22.522],[88.4532,22.5185],[88.4598,22.5201],[88.4625,22.5293],[88.4639,22.5545],[88.4672,22.5586],[88.4643,22.5656],[88.4676,22.5741],[88.4706,22.5735],[88.4722,22.5771],[88.4745,22.576],[88.4731,22.5738],[88.476,22.5685],[88.4818,22.5674],[88.485,22.56],[88.4931,22.5586],[88.4935,22.5551],[88.5036,22.5548],[88.5094,22.5586],[88.5106,22.5521],[88.5213,22.5503],[88.5243,22.5528],[88.5215,22.5618],[88.539,22.5743],[88.5382,22.5802],[88.5413,22.5801],[88.5458,22.5853],[88.5473,22.5931],[88.5549,22.5928],[88.549,22.5952],[88.5482,22.6016],[88.5435,22.6063],[88.5467,22.6057],[88.5472,22.6103],[88.5509,22.6082],[88.5501,22.6066],[88.5532,22.6066],[88.5548,22.619],[88.5615,22.6187],[88.5592,22.6207],[88.5604,22.6242],[88.5738,22.6194],[88.5798,22.6128],[88.5888,22.6158],[88.5933,22.6129],[88.5905,22.5973],[88.5983,22.5964],[88.6008,22.5945],[88.5999,22.5923],[88.6096,22.5917],[88.6127,22.5817],[88.6228,22.5812],[88.6223,22.5793],[88.6266,22.5757],[88.6233,22.5617],[88.6251,22.5617],[88.6259,22.5576],[88.6298,22.5571],[88.629,22.5485],[88.6363,22.5433],[88.6453,22.528],[88.6486,22.5258],[88.6522,22.5273],[88.6506,22.5171],[88.6567,22.5149],[88.6552,22.5105],[88.6569,22.5049],[88.6523,22.5038],[88.6497,22.4952],[88.6654,22.4927],[88.6856,22.4731],[88.6871,22.4663],[88.6934,22.4618],[88.7032,22.4601],[88.7065,22.4562],[88.7073,22.4492],[88.7023,22.4436],[88.7032,22.434],[88.716,22.4276],[88.722,22.4277],[88.7335,22.4207],[88.7332,22.4112],[88.7425,22.4029],[88.7504,22.3988],[88.7518,22.4024],[88.755,22.3985],[88.7508,22.3917],[88.7558,22.392],[88.7595,22.3969],[88.7668,22.3933],[88.7687,22.3903],[88.7626,22.3849],[88.7661,22.3801],[88.7738,22.3881],[88.7734,22.383],[88.7694,22.3772],[88.7718,22.3711],[88.7794,22.3713],[88.7839,22.3667],[88.7893,22.3699],[88.7977,22.3699],[88.8009,22.3739],[88.8079,22.3746],[88.8219,22.3713],[88.8202,22.3655],[88.8224,22.3613],[88.8177,22.36],[88.8043,22.329],[88.8117,22.3179],[88.8043,22.2973],[88.8052,22.2845],[88.8122,22.2855],[88.8159,22.2831],[88.8174,22.2768],[88.8151,22.2768],[88.8153,22.2628],[88.8282,22.265],[88.8382,22.2753],[88.8419,22.2752],[88.8506,22.2875],[88.8573,22.2796],[88.8638,22.2769],[88.8642,22.2724],[88.8765,22.2758],[88.8818,22.2684],[88.8884,22.266],[88.8899,22.2596],[88.8948,22.2559],[88.8956,22.2523],[88.9062,22.2517],[88.9065,22.2636],[88.9121,22.2729],[88.9226,22.2599],[88.9282,22.2649],[88.9347,22.2647],[88.9358,22.2547],[88.9502,22.2493],[88.9548,22.2443],[88.962,22.2153],[88.9701,22.2005],[89.0009,22.2037],[89.0183,22.1988],[89.0238,22.1873],[89.019,22.1645],[89.0303,22.1498],[89.0537,22.1348],[89.057,22.1196],[89.0931,22.1463],[89.0956,22.1604],[89.0931,22.1628],[89.0882,22.1617],[89.0793,22.152],[89.0712,22.1565],[89.0681,22.17],[89.0687,22.1938],[89.0651,22.2071],[89.0602,22.2146],[89.0452,22.2254],[89.0415,22.2306],[89.0332,22.2593],[89.0291,22.2622],[89.0167,22.2545],[89.0128,22.2556],[89.0211,22.2684],[88.9993,22.2823],[88.9951,22.2874],[88.9953,22.293],[88.9996,22.2967],[89.0115,22.2979],[89.0228,22.2944],[89.0251,22.2985],[88.9997,22.3247],[88.9898,22.3228],[88.9847,22.3264],[88.9884,22.3487],[88.9865,22.3578],[88.9906,22.3662],[88.9855,22.3705],[88.9841,22.3776],[88.9912,22.3866],[88.9918,22.3911],[88.9786,22.4025],[88.9727,22.4112],[89.0006,22.4294],[88.99,22.4437],[88.9967,22.4689],[88.9811,22.4853],[88.9743,22.4975],[88.9726,22.5152],[88.9622,22.5474],[88.9584,22.5526],[88.9474,22.5558],[88.944,22.5605],[88.9454,22.5711],[88.9398,22.579],[88.9389,22.5873],[88.9443,22.5975],[88.9561,22.6079],[88.9594,22.6141],[88.9361,22.6266],[88.9261,22.6498],[88.9288,22.6503],[88.9296,22.6537],[88.9332,22.652],[88.9355,22.6555],[88.9337,22.657],[88.9366,22.659],[88.9417,22.6594],[88.9448,22.6639],[88.9479,22.6783],[88.9547,22.6858],[88.962,22.6854],[88.9606,22.6873],[88.9626,22.6933],[88.9548,22.7052],[88.9486,22.7061],[88.9281,22.7178],[88.9257,22.7275],[88.9165,22.7345],[88.9167,22.7444],[88.9221,22.753],[88.9182,22.7557],[88.9137,22.7551],[88.9123,22.7578],[88.9195,22.7705],[88.9262,22.7699],[88.9247,22.7796],[88.9298,22.78],[88.9295,22.7831],[88.9364,22.782],[88.9364,22.7904],[88.9389,22.7929],[88.944,22.7901],[88.9502,22.7975],[88.9592,22.7968],[88.9607,22.807],[88.9564,22.8086],[88.9562,22.8115],[88.9642,22.8197],[88.9695,22.844],[88.9588,22.8561],[88.9591,22.8601],[88.9537,22.864],[88.95,22.8768],[88.9459,22.8802],[88.9425,22.8797],[88.94,22.8747],[88.9277,22.872],[88.9234,22.8792],[88.9179,22.8764],[88.9154,22.8799],[88.9129,22.8779],[88.9095,22.879],[88.912,22.8805],[88.9057,22.8851],[88.9079,22.8859],[88.9058,22.8882],[88.9078,22.8933],[88.8968,22.897],[88.9016,22.905],[88.8966,22.9102],[88.8988,22.9107],[88.8974,22.9131],[88.9074,22.9141],[88.9097,22.9178],[88.9063,22.9227],[88.8913,22.9279],[88.888,22.9332],[88.8938,22.9383],[88.8943,22.9531],[88.8795,22.9549],[88.8753,22.9489],[88.8688,22.9521],[88.86,22.9436],[88.8558,22.9597],[88.8576,22.9679],[88.8717,22.9782],[88.8671,22.9831],[88.8652,22.9899],[88.8665,23.0002],[88.8616,23.0035],[88.8514,23.003],[88.8461,23.0094],[88.856,23.0058],[88.8567,23.0078],[88.8697,23.0068],[88.8763,23.0029],[88.8794,23.006],[88.8794,23.0102],[88.8733,23.0114],[88.8709,23.017],[88.8767,23.0264],[88.8778,23.0242],[88.88,23.0257],[88.8793,23.0318],[88.8834,23.0407],[88.8743,23.045],[88.8732,23.066],[88.8678,23.0674],[88.8675,23.0725],[88.8605,23.0774],[88.8646,23.0772],[88.863,23.079],[88.8655,23.08],[88.8653,23.0853],[88.8699,23.0856],[88.8701,23.0884],[88.8739,23.0897],[88.8714,23.0971],[88.8661,23.1003],[88.8834,23.1046],[88.881,23.1085],[88.8822,23.1101],[88.8909,23.1078],[88.8962,23.1122],[88.8991,23.112],[88.9097,23.1294],[88.9168,23.1289],[88.9209,23.1429],[88.9225,23.1443],[88.9298,23.1419],[88.9315,23.1555],[88.9271,23.1619],[88.9335,23.1612],[88.9327,23.1678],[88.9386,23.1763],[88.9429,23.1756],[88.9456,23.1799],[88.9562,23.1819],[88.9584,23.1895],[88.9643,23.1927],[88.9747,23.1914],[88.9753,23.1811],[88.9796,23.1819],[88.9774,23.1866],[88.9807,23.1918],[88.9795,23.1933],[88.9867,23.2023],[88.9854,23.207],[88.9799,23.2091],[88.9791,23.2126],[88.9831,23.2156],[88.9909,23.2124],[88.9944,23.2142],[88.9884,23.2149],[88.9823,23.2214],[88.9793,23.2148],[88.9802,23.2217],[88.9749,23.2235],[88.9778,23.2138],[88.9698,23.2219],[88.9631,23.2141],[88.9421,23.2057],[88.9286,23.2112],[88.9266,23.2172],[88.9225,23.2155],[88.9222,23.2178],[88.9169,23.2188],[88.9206,23.2164],[88.9171,23.2119],[88.9141,23.213],[88.9144,23.2281],[88.9116,23.2336],[88.9062,23.2357],[88.8989,23.2312],[88.8861,23.2309],[88.8855,23.2262],[88.8844,23.2291],[88.8743,23.2334],[88.8616,23.2337],[88.8607,23.2316],[88.8549,23.2358],[88.8498,23.2302],[88.8452,23.2301],[88.8367,23.2427],[88.8301,23.2354],[88.8232,23.2329],[88.8221,23.2366],[88.8279,23.245],[88.815,23.2506],[88.811,23.2559]]]},"properties":{"dtname":"North Twenty Four Pargan*","stname":"WEST BENGAL","stcode11":"19","dtcode11":"337","year_stat":"2011_c","Shape_Length":638073.5021971078,"Shape_Area":4734497048.273193,"OBJECTID":446,"test":0,"Dist_LGD":303,"State_LGD":19}},{"type":"Feature","id":448,"geometry":{"type":"Polygon","coordinates":[[[88.459,23.2233],[88.4143,23.2104],[88.4085,23.1958],[88.4027,23.1889],[88.3975,23.1881],[88.3826,23.196],[88.3848,23.1943],[88.3816,23.1908],[88.3834,23.1855],[88.3817,23.1807],[88.3741,23.1769],[88.3671,23.177],[88.3688,23.1671],[88.3754,23.163],[88.3623,23.1524],[88.3649,23.1501],[88.3626,23.1492],[88.3637,23.1419],[88.3668,23.1391],[88.3617,23.1355],[88.3619,23.1186],[88.3602,23.1177],[88.3469,23.117],[88.3472,23.1217],[88.3428,23.1304],[88.3301,23.1277],[88.3214,23.1328],[88.317,23.1254],[88.3103,23.1279],[88.2982,23.1253],[88.2965,23.1299],[88.2897,23.1303],[88.286,23.1268],[88.2818,23.1291],[88.2695,23.1272],[88.255,23.1364],[88.2541,23.1462],[88.252,23.1489],[88.2483,23.1477],[88.2497,23.1507],[88.2464,23.1449],[88.2415,23.1554],[88.239,23.1562],[88.2333,23.1529],[88.2325,23.1563],[88.2357,23.1552],[88.2358,23.1582],[88.2269,23.1575],[88.2219,23.1515],[88.2168,23.1582],[88.212,23.1562],[88.204,23.1595],[88.1947,23.1572],[88.1887,23.1599],[88.1788,23.1537],[88.1694,23.1556],[88.1645,23.1407],[88.1617,23.141],[88.1598,23.1367],[88.1538,23.1327],[88.1536,23.1255],[88.1631,23.1245],[88.1575,23.0973],[88.1549,23.0967],[88.1466,23.0775],[88.1424,23.0737],[88.1332,23.0767],[88.1324,23.0701],[88.1216,23.064],[88.1158,23.0522],[88.0993,23.0544],[88.1001,23.0517],[88.0968,23.0467],[88.0907,23.0474],[88.0879,23.043],[88.0802,23.0463],[88.078,23.0444],[88.0722,23.0478],[88.0676,23.0479],[88.0661,23.045],[88.0643,23.0489],[88.06,23.0441],[88.0561,23.0445],[88.0535,23.042],[88.0515,23.0428],[88.0532,23.0461],[88.0512,23.0465],[88.0478,23.0382],[88.0471,23.0213],[88.0364,23.0131],[88.0386,23.0078],[88.0469,23.0025],[88.05,22.9897],[88.043,22.9895],[88.0419,22.9852],[88.0358,22.9884],[88.0375,22.985],[88.0328,22.9796],[88.0288,22.9798],[88.0258,22.9868],[88.0205,22.9876],[88.0206,22.976],[88.0115,22.9815],[88.007,22.9814],[88.0036,22.9703],[88.0102,22.9645],[88.009,22.9621],[87.9962,22.9579],[87.9889,22.9578],[87.9876,22.9653],[87.9818,22.9671],[87.9774,22.9625],[87.9713,22.9646],[87.9655,22.9634],[87.9593,22.9528],[87.9537,22.9536],[87.9525,22.958],[87.9489,22.9588],[87.9451,22.9556],[87.94,22.9429],[87.9327,22.9441],[87.9328,22.9471],[87.9185,22.944],[87.9125,22.945],[87.9114,22.9416],[87.8929,22.9373],[87.8933,22.9339],[87.8899,22.9342],[87.8867,22.9388],[87.89,22.9494],[87.8931,22.9495],[87.8902,22.9506],[87.8919,22.9585],[87.8858,22.962],[87.8737,22.9558],[87.8725,22.9411],[87.8641,22.9423],[87.8628,22.9394],[87.8605,22.9396],[87.8601,22.943],[87.8575,22.9421],[87.8595,22.939],[87.8581,22.9382],[87.8535,22.9424],[87.8415,22.9398],[87.8388,22.9357],[87.8334,22.9374],[87.8334,22.9422],[87.829,22.9421],[87.8279,22.9497],[87.8198,22.9576],[87.817,22.9552],[87.8196,22.9522],[87.8136,22.9513],[87.8142,22.9455],[87.8036,22.9478],[87.8041,22.9528],[87.8012,22.9526],[87.8006,22.95],[87.7965,22.9506],[87.7928,22.9563],[87.7958,22.965],[87.7888,22.9646],[87.7858,22.9699],[87.7779,22.9661],[87.7732,22.9676],[87.7622,22.9614],[87.747,22.9619],[87.7406,22.9676],[87.7391,22.9833],[87.7234,23.0012],[87.7057,23.016],[87.7024,23.0254],[87.6997,23.0272],[87.6864,23.0254],[87.6851,23.0216],[87.6873,23.0186],[87.6927,23.02],[87.6982,23.0182],[87.6954,23.0101],[87.6967,23.0006],[87.6948,22.9948],[87.6911,22.9922],[87.6756,22.9927],[87.6677,22.9863],[87.6476,22.9892],[87.6422,22.9873],[87.6384,22.9813],[87.6428,22.9787],[87.6398,22.9749],[87.6422,22.9744],[87.641,22.9668],[87.6492,22.9664],[87.6492,22.9501],[87.6521,22.9492],[87.6404,22.9184],[87.6324,22.9189],[87.6204,22.9119],[87.62,22.9029],[87.6282,22.9027],[87.6311,22.8987],[87.6272,22.8987],[87.6264,22.8945],[87.62,22.8938],[87.6131,22.8879],[87.6109,22.8904],[87.6014,22.8908],[87.6007,22.898],[87.5858,22.8948],[87.5827,22.9059],[87.5797,22.9079],[87.581,22.9095],[87.576,22.9085],[87.5747,22.9113],[87.5709,22.9097],[87.5719,22.9152],[87.5658,22.9165],[87.5661,22.9186],[87.5593,22.9188],[87.5596,22.9205],[87.5518,22.9184],[87.5359,22.9244],[87.5328,22.9302],[87.5229,22.9306],[87.5226,22.9171],[87.5048,22.918],[87.5068,22.9153],[87.5053,22.9051],[87.511,22.9029],[87.5109,22.8972],[87.5272,22.8976],[87.5274,22.8941],[87.5233,22.8941],[87.5229,22.8902],[87.5325,22.8818],[87.528,22.871],[87.5196,22.8715],[87.5156,22.8661],[87.5261,22.8635],[87.5322,22.8662],[87.5436,22.8639],[87.5566,22.8667],[87.5593,22.8601],[87.5672,22.8561],[87.5698,22.85],[87.5763,22.8488],[87.5801,22.8445],[87.5864,22.8447],[87.589,22.8414],[87.5985,22.8432],[87.605,22.8495],[87.6129,22.8506],[87.623,22.8443],[87.6222,22.84],[87.6257,22.8379],[87.6228,22.8321],[87.6296,22.821],[87.6281,22.8196],[87.6303,22.8118],[87.6379,22.8094],[87.643,22.8039],[87.649,22.8046],[87.651,22.8014],[87.6645,22.8072],[87.6659,22.8048],[87.6692,22.8063],[87.6693,22.8044],[87.6756,22.8062],[87.6791,22.8003],[87.683,22.8021],[87.6843,22.7931],[87.6824,22.7938],[87.677,22.782],[87.686,22.775],[87.6936,22.7801],[87.7028,22.7778],[87.7054,22.7848],[87.7172,22.7856],[87.7184,22.7883],[87.7267,22.7872],[87.7259,22.7744],[87.7348,22.774],[87.7346,22.7767],[87.7409,22.7775],[87.7399,22.7726],[87.744,22.7692],[87.744,22.761],[87.7406,22.7555],[87.7404,22.7477],[87.7437,22.7426],[87.7405,22.7372],[87.7483,22.7349],[87.7551,22.7246],[87.7605,22.7227],[87.7641,22.7067],[87.7586,22.6986],[87.7592,22.6962],[87.7635,22.6966],[87.7638,22.6882],[87.773,22.6838],[87.7714,22.6816],[87.7766,22.6712],[87.7846,22.6607],[87.7881,22.6593],[87.7902,22.6531],[87.797,22.6511],[87.8025,22.634],[87.8048,22.6322],[87.8105,22.6352],[87.8124,22.6338],[87.813,22.6146],[87.818,22.6131],[87.8229,22.6155],[87.8247,22.6071],[87.8451,22.6016],[87.8525,22.5941],[87.8587,22.6047],[87.8639,22.6075],[87.8751,22.6056],[87.8778,22.6028],[87.8831,22.6081],[87.8892,22.6079],[87.8932,22.6135],[87.9006,22.6169],[87.8995,22.6251],[87.9017,22.6292],[87.9125,22.6265],[87.9201,22.6276],[87.9213,22.6295],[87.918,22.6301],[87.92,22.634],[87.9285,22.6306],[87.9383,22.6306],[87.9284,22.6499],[87.9291,22.6697],[87.9226,22.6867],[87.927,22.689],[87.9298,22.6972],[87.9376,22.697],[87.9439,22.7157],[87.9447,22.7338],[87.9489,22.738],[87.9466,22.7512],[87.9495,22.7715],[87.9613,22.7743],[87.9608,22.772],[87.965,22.7714],[87.9722,22.7744],[87.974,22.7794],[87.9778,22.778],[87.9806,22.7814],[87.9828,22.7784],[87.9878,22.7807],[87.9908,22.7755],[87.9982,22.7447],[87.9878,22.7321],[87.9966,22.7141],[87.9926,22.7043],[88.0014,22.6968],[88.0064,22.6957],[88.0068,22.6896],[88.01,22.6867],[88.022,22.6875],[88.0253,22.691],[88.0276,22.6874],[88.0425,22.6851],[88.0485,22.6808],[88.0476,22.6887],[88.0518,22.6924],[88.0524,22.6961],[88.0545,22.6988],[88.062,22.6991],[88.06,22.7025],[88.0637,22.7036],[88.0602,22.7101],[88.0633,22.7133],[88.0669,22.7087],[88.0656,22.7028],[88.073,22.6978],[88.0694,22.6907],[88.0664,22.6903],[88.0665,22.6866],[88.0698,22.6884],[88.0751,22.6866],[88.0772,22.69],[88.0801,22.6871],[88.085,22.6916],[88.0911,22.6901],[88.101,22.6934],[88.1048,22.7016],[88.1,22.705],[88.1022,22.7062],[88.1034,22.7037],[88.1111,22.7056],[88.1112,22.7075],[88.1135,22.7067],[88.1103,22.7032],[88.1111,22.7],[88.1125,22.7027],[88.1159,22.6981],[88.1187,22.6995],[88.1207,22.6978],[88.1221,22.6859],[88.1324,22.6854],[88.1351,22.6781],[88.1357,22.683],[88.1395,22.681],[88.1422,22.6833],[88.1489,22.6753],[88.1514,22.6808],[88.1503,22.6863],[88.1551,22.6869],[88.1564,22.6897],[88.1589,22.6833],[88.1692,22.6812],[88.1732,22.685],[88.173,22.6896],[88.1754,22.681],[88.1703,22.6757],[88.1723,22.667],[88.1758,22.6639],[88.1741,22.6617],[88.1753,22.6542],[88.1793,22.6517],[88.1822,22.6576],[88.1766,22.66],[88.1767,22.6632],[88.1803,22.6638],[88.1828,22.6705],[88.1955,22.6672],[88.1969,22.6625],[88.2034,22.6697],[88.2198,22.6712],[88.2235,22.6684],[88.2229,22.6718],[88.2325,22.6708],[88.2327,22.6758],[88.2372,22.6737],[88.2382,22.6769],[88.2421,22.6773],[88.2407,22.6711],[88.2484,22.6689],[88.2543,22.6712],[88.2594,22.6702],[88.2611,22.6631],[88.2664,22.6605],[88.2676,22.6626],[88.272,22.6622],[88.2796,22.6577],[88.279,22.6641],[88.2885,22.6653],[88.3079,22.6616],[88.3097,22.6664],[88.3155,22.6653],[88.3181,22.6708],[88.3252,22.6639],[88.3344,22.663],[88.3424,22.6594],[88.3446,22.656],[88.35,22.6551],[88.3521,22.6721],[88.3625,22.6948],[88.3575,22.7185],[88.3637,22.743],[88.3589,22.7494],[88.3362,22.7661],[88.3309,22.7744],[88.3301,22.7813],[88.349,22.7908],[88.353,22.796],[88.3566,22.8255],[88.3628,22.8291],[88.3732,22.8271],[88.3776,22.8305],[88.3783,22.837],[88.3712,22.8488],[88.3721,22.8597],[88.3846,22.8673],[88.3831,22.8694],[88.3947,22.8771],[88.4037,22.8879],[88.4033,22.905],[88.3988,22.9114],[88.3976,22.9199],[88.4062,22.9426],[88.4039,22.9708],[88.4063,22.9724],[88.4107,22.9915],[88.4159,22.9987],[88.43,23.0082],[88.4331,23.0144],[88.4341,23.0302],[88.4058,22.989],[88.4044,22.9912],[88.4206,23.019],[88.4496,23.0555],[88.4784,23.0449],[88.4889,23.0445],[88.4911,23.0474],[88.4946,23.0475],[88.4892,23.0521],[88.4635,23.0597],[88.4597,23.0635],[88.4595,23.0676],[88.4671,23.082],[88.4974,23.0982],[88.5021,23.1055],[88.4871,23.1217],[88.4635,23.1301],[88.4635,23.1283],[88.4521,23.1312],[88.436,23.1423],[88.4332,23.1481],[88.4343,23.1518],[88.4397,23.1557],[88.4455,23.1564],[88.4459,23.154],[88.4549,23.1552],[88.4581,23.16],[88.4616,23.1825],[88.47,23.2049],[88.4655,23.2173],[88.459,23.2233]]]},"properties":{"dtname":"Hooghly","stname":"WEST BENGAL","stcode11":"19","dtcode11":"338","year_stat":"2011_c","Shape_Length":558737.294323686,"Shape_Area":3714098918.782628,"OBJECTID":448,"test":0,"Dist_LGD":312,"State_LGD":19}},{"type":"Feature","id":458,"geometry":{"type":"Polygon","coordinates":[[[87.3574,22.9544],[87.3452,22.9495],[87.3323,22.9484],[87.3286,22.9448],[87.3173,22.9447],[87.3139,22.9341],[87.3037,22.9271],[87.2884,22.9241],[87.285,22.9121],[87.2761,22.9094],[87.2709,22.9036],[87.2678,22.9043],[87.2675,22.9069],[87.2642,22.9041],[87.2593,22.9042],[87.2557,22.9002],[87.2441,22.8976],[87.2215,22.9078],[87.2113,22.894],[87.203,22.8948],[87.1929,22.8879],[87.1862,22.8885],[87.1817,22.8917],[87.1701,22.8894],[87.1617,22.8743],[87.1542,22.8692],[87.1426,22.854],[87.1283,22.8441],[87.0934,22.8443],[87.0786,22.8464],[87.0718,22.8507],[87.0636,22.8505],[87.0598,22.8441],[87.0606,22.8322],[87.0586,22.8268],[87.0536,22.8226],[87.0564,22.8204],[87.058,22.8093],[87.065,22.8035],[87.0644,22.793],[87.0713,22.7856],[87.0774,22.7829],[87.0836,22.7645],[87.0834,22.7483],[87.0885,22.7389],[87.0792,22.7313],[87.0763,22.7258],[87.0898,22.7185],[87.0897,22.709],[87.0959,22.7002],[87.0987,22.6998],[87.0994,22.6943],[87.1159,22.6937],[87.1193,22.6868],[87.1239,22.6847],[87.1146,22.6704],[87.0958,22.6616],[87.0974,22.6522],[87.0884,22.6343],[87.1017,22.6097],[87.1002,22.6007],[87.0918,22.59],[87.0926,22.5842],[87.1025,22.5735],[87.1018,22.5644],[87.1061,22.5581],[87.1062,22.551],[87.1148,22.5435],[87.1116,22.5364],[87.1058,22.5341],[87.0933,22.5207],[87.0923,22.5117],[87.0889,22.5095],[87.0869,22.5028],[87.0904,22.4943],[87.0894,22.4857],[87.0822,22.4758],[87.0822,22.4716],[87.0878,22.466],[87.1033,22.466],[87.1118,22.4631],[87.1162,22.4581],[87.1186,22.4462],[87.1124,22.4385],[87.1023,22.4322],[87.1042,22.4293],[87.1147,22.4281],[87.1138,22.4246],[87.1185,22.4248],[87.1183,22.4271],[87.1442,22.42],[87.1625,22.4251],[87.1655,22.4224],[87.1658,22.4175],[87.1763,22.4124],[87.1732,22.3972],[87.181,22.3968],[87.1912,22.4004],[87.2092,22.412],[87.23,22.4131],[87.24,22.4102],[87.2434,22.4167],[87.2523,22.4137],[87.25,22.4088],[87.2545,22.4084],[87.2583,22.4022],[87.2552,22.3988],[87.2447,22.3984],[87.2445,22.3919],[87.2398,22.388],[87.2228,22.3844],[87.2201,22.3807],[87.2119,22.3818],[87.2079,22.3777],[87.2039,22.3785],[87.2037,22.3758],[87.1878,22.375],[87.181,22.3704],[87.1651,22.3387],[87.1555,22.3424],[87.1556,22.3291],[87.1616,22.3261],[87.1648,22.3296],[87.1688,22.3285],[87.174,22.3252],[87.1729,22.3215],[87.1881,22.3166],[87.1956,22.3053],[87.2046,22.3043],[87.2023,22.2959],[87.1904,22.2813],[87.2013,22.2725],[87.2109,22.2709],[87.2162,22.2672],[87.2203,22.2557],[87.2285,22.2475],[87.2271,22.2396],[87.2216,22.2344],[87.2198,22.2288],[87.2056,22.2377],[87.2003,22.2335],[87.1935,22.2345],[87.1902,22.2399],[87.1821,22.2356],[87.1763,22.2379],[87.1769,22.2244],[87.1737,22.2117],[87.1747,22.205],[87.1795,22.2032],[87.1822,22.1911],[87.1789,22.1868],[87.1747,22.1907],[87.1711,22.1907],[87.1723,22.1804],[87.1765,22.1814],[87.1793,22.1783],[87.1775,22.1755],[87.1713,22.1742],[87.1725,22.1696],[87.1696,22.1605],[87.1653,22.1572],[87.1725,22.1576],[87.1843,22.1541],[87.1851,22.1466],[87.1776,22.1401],[87.1692,22.1401],[87.1658,22.1423],[87.167,22.1454],[87.1628,22.1514],[87.1584,22.1438],[87.1495,22.1438],[87.1496,22.1396],[87.1368,22.1264],[87.1397,22.1216],[87.1369,22.1122],[87.1419,22.1047],[87.1371,22.0979],[87.1347,22.0888],[87.1527,22.0852],[87.1616,22.0768],[87.1734,22.0578],[87.1942,22.0383],[87.1906,22.0343],[87.1964,22.0366],[87.2055,22.0248],[87.2148,22.0076],[87.2193,21.9855],[87.2322,21.9801],[87.2435,21.9644],[87.2392,21.956],[87.2361,21.9564],[87.236,21.9436],[87.2551,21.9267],[87.2552,21.9225],[87.2516,21.9177],[87.2416,21.9118],[87.2386,21.9018],[87.2515,21.8751],[87.2466,21.8613],[87.2488,21.8538],[87.2601,21.8489],[87.2583,21.845],[87.2653,21.8389],[87.265,21.8303],[87.2707,21.8278],[87.2688,21.8235],[87.2639,21.8234],[87.2639,21.8189],[87.2747,21.8172],[87.2757,21.8113],[87.2739,21.8099],[87.2765,21.8052],[87.2825,21.8045],[87.2826,21.8028],[87.2885,21.8059],[87.2913,21.8108],[87.298,21.8108],[87.2992,21.8009],[87.3097,21.7993],[87.3106,21.7923],[87.318,21.7963],[87.32,21.7905],[87.3295,21.7903],[87.3324,21.7937],[87.3356,21.7935],[87.3378,21.7837],[87.3473,21.7921],[87.3554,21.7911],[87.3553,21.7864],[87.3588,21.7817],[87.3711,21.7781],[87.3725,21.7733],[87.3693,21.7646],[87.3738,21.7642],[87.374,21.772],[87.3857,21.7758],[87.3941,21.7751],[87.3917,21.7708],[87.395,21.7702],[87.3959,21.7661],[87.4015,21.7666],[87.4044,21.7705],[87.4198,21.7681],[87.4263,21.7704],[87.4318,21.768],[87.4402,21.7685],[87.4419,21.7734],[87.4394,21.776],[87.4384,21.7907],[87.4359,21.7932],[87.4286,21.793],[87.4256,21.797],[87.4318,21.8044],[87.4365,21.804],[87.4369,21.8139],[87.4388,21.814],[87.4406,21.8207],[87.4456,21.8233],[87.4415,21.8327],[87.4413,21.8399],[87.4554,21.8475],[87.4566,21.8541],[87.4545,21.8602],[87.4563,21.8605],[87.4567,21.8669],[87.4542,21.8746],[87.4497,21.8763],[87.4486,21.8925],[87.4554,21.8904],[87.4587,21.897],[87.4685,21.8964],[87.4763,21.8992],[87.4768,21.9078],[87.4838,21.9192],[87.4831,21.9279],[87.4809,21.9291],[87.4819,21.939],[87.4953,21.9375],[87.4994,21.951],[87.5123,21.9489],[87.5128,21.9525],[87.51,21.9529],[87.5075,21.9578],[87.4857,21.9579],[87.4813,21.9798],[87.4788,21.9802],[87.4831,21.9845],[87.4826,21.9905],[87.4785,21.9912],[87.4783,22.0023],[87.4598,22.0069],[87.4648,22.0261],[87.4711,22.0286],[87.471,22.0317],[87.4769,22.0376],[87.4854,22.0314],[87.4889,22.042],[87.4892,22.0448],[87.4785,22.0467],[87.4791,22.0583],[87.4866,22.0627],[87.4764,22.0666],[87.4745,22.0739],[87.4806,22.0802],[87.4902,22.0851],[87.4915,22.0903],[87.494,22.0915],[87.5089,22.0877],[87.5313,22.0892],[87.5378,22.0819],[87.5433,22.0848],[87.5546,22.0831],[87.5615,22.0934],[87.566,22.0954],[87.5755,22.0932],[87.5825,22.095],[87.5866,22.0826],[87.5912,22.0838],[87.5925,22.0885],[87.6032,22.0902],[87.6078,22.0886],[87.6104,22.0935],[87.6207,22.0928],[87.6232,22.1032],[87.6262,22.1016],[87.6383,22.1043],[87.6738,22.1038],[87.6775,22.1112],[87.6917,22.1224],[87.7016,22.1259],[87.7048,22.1531],[87.7127,22.1688],[87.7083,22.1773],[87.7096,22.1812],[87.7127,22.1807],[87.7147,22.1881],[87.7199,22.1817],[87.7292,22.1905],[87.7288,22.203],[87.7118,22.205],[87.7133,22.2143],[87.698,22.218],[87.7006,22.2437],[87.7048,22.2653],[87.7077,22.269],[87.7063,22.2803],[87.7192,22.3133],[87.7235,22.3191],[87.6986,22.329],[87.6903,22.327],[87.687,22.3237],[87.6753,22.3242],[87.6722,22.3296],[87.6708,22.3266],[87.6674,22.3272],[87.6658,22.3236],[87.664,22.3239],[87.6651,22.3301],[87.6577,22.3312],[87.6538,22.3272],[87.6478,22.326],[87.6502,22.3329],[87.6453,22.3324],[87.6449,22.3641],[87.651,22.3774],[87.6551,22.3986],[87.6585,22.4013],[87.6588,22.4088],[87.6563,22.411],[87.6566,22.4183],[87.653,22.4213],[87.6527,22.4267],[87.6459,22.4328],[87.6511,22.4425],[87.6515,22.4498],[87.6567,22.4533],[87.6594,22.4625],[87.6709,22.4622],[87.6737,22.4658],[87.6744,22.4838],[87.6884,22.4905],[87.6904,22.5069],[87.6923,22.5079],[87.6985,22.5042],[87.7095,22.4898],[87.7386,22.4878],[87.7415,22.4853],[87.7409,22.4819],[87.7458,22.479],[87.745,22.4756],[87.7603,22.4732],[87.7768,22.4782],[87.784,22.4849],[87.7921,22.4791],[87.7985,22.4833],[87.8046,22.4918],[87.8143,22.4962],[87.8154,22.4998],[87.8281,22.5006],[87.8319,22.5048],[87.8456,22.5103],[87.8458,22.5123],[87.8833,22.5095],[87.8866,22.5185],[87.8935,22.5194],[87.8864,22.5286],[87.8641,22.5336],[87.8626,22.5403],[87.8547,22.5452],[87.8519,22.5526],[87.8452,22.5564],[87.8491,22.5627],[87.8478,22.5731],[87.8502,22.5814],[87.857,22.585],[87.8534,22.5957],[87.8525,22.5941],[87.8434,22.6024],[87.8247,22.6071],[87.8229,22.6155],[87.818,22.6131],[87.813,22.6146],[87.8124,22.6338],[87.8105,22.6352],[87.8048,22.6322],[87.8025,22.634],[87.797,22.6511],[87.7902,22.6531],[87.7881,22.6593],[87.7846,22.6607],[87.7766,22.6712],[87.7714,22.6816],[87.773,22.6838],[87.7638,22.6882],[87.7635,22.6966],[87.7592,22.6962],[87.7586,22.6986],[87.7641,22.7067],[87.7605,22.7227],[87.7551,22.7246],[87.7483,22.7349],[87.7405,22.7372],[87.7437,22.7426],[87.7404,22.7477],[87.7406,22.7555],[87.744,22.761],[87.744,22.7692],[87.7399,22.7726],[87.7409,22.7775],[87.7346,22.7767],[87.7348,22.774],[87.7259,22.7744],[87.7267,22.7872],[87.7184,22.7883],[87.7172,22.7856],[87.7054,22.7848],[87.7028,22.7778],[87.6936,22.7801],[87.686,22.775],[87.677,22.782],[87.6824,22.7938],[87.6843,22.7931],[87.683,22.8021],[87.6791,22.8003],[87.6756,22.8062],[87.6693,22.8044],[87.6692,22.8063],[87.6659,22.8048],[87.6645,22.8072],[87.651,22.8014],[87.649,22.8046],[87.643,22.8039],[87.6379,22.8094],[87.6303,22.8118],[87.6281,22.8196],[87.6296,22.821],[87.6228,22.8321],[87.6257,22.8379],[87.6222,22.84],[87.623,22.8443],[87.6129,22.8506],[87.605,22.8495],[87.5985,22.8432],[87.589,22.8414],[87.5864,22.8447],[87.5801,22.8445],[87.5763,22.8488],[87.5698,22.85],[87.5672,22.8561],[87.5593,22.8601],[87.5566,22.8667],[87.5436,22.8639],[87.5322,22.8662],[87.5261,22.8635],[87.5156,22.8661],[87.5196,22.8715],[87.528,22.871],[87.5325,22.8818],[87.5229,22.8902],[87.5233,22.8941],[87.5274,22.8941],[87.5272,22.8976],[87.5109,22.8972],[87.511,22.9029],[87.5053,22.9051],[87.5068,22.9153],[87.5048,22.918],[87.5226,22.9171],[87.5229,22.9306],[87.5169,22.9305],[87.5175,22.9249],[87.5126,22.9216],[87.5095,22.9244],[87.5113,22.9255],[87.4994,22.9264],[87.4988,22.9225],[87.4893,22.9197],[87.4754,22.9113],[87.4568,22.9123],[87.4492,22.9204],[87.4235,22.9242],[87.4201,22.9262],[87.4206,22.9306],[87.4178,22.9324],[87.4101,22.9348],[87.3971,22.934],[87.3962,22.9397],[87.3888,22.9407],[87.386,22.9435],[87.3666,22.9455],[87.3611,22.9534],[87.3574,22.9544]]]},"properties":{"dtname":"Medinipur West","stname":"WEST BENGAL","stcode11":"19","dtcode11":"344","year_stat":"2011_c","Shape_Length":617700.1772995169,"Shape_Area":7377312702.456314,"OBJECTID":458,"test":0,"Dist_LGD":318,"State_LGD":19}},{"type":"Feature","id":463,"geometry":{"type":"Polygon","coordinates":[[[87.9811,22.7814],[87.9778,22.778],[87.974,22.7794],[87.9722,22.7744],[87.965,22.7714],[87.9608,22.772],[87.9613,22.7743],[87.9495,22.7715],[87.9466,22.7512],[87.9489,22.738],[87.9447,22.7338],[87.9439,22.7157],[87.9376,22.697],[87.9298,22.6972],[87.927,22.689],[87.9226,22.6867],[87.9291,22.6697],[87.9284,22.6499],[87.9383,22.6306],[87.9285,22.6306],[87.92,22.634],[87.918,22.6301],[87.9213,22.6295],[87.9201,22.6276],[87.9125,22.6265],[87.9017,22.6292],[87.8995,22.6251],[87.9006,22.6169],[87.8932,22.6135],[87.8892,22.6079],[87.8831,22.6081],[87.8778,22.6028],[87.8751,22.6056],[87.8649,22.6076],[87.8592,22.6052],[87.8534,22.5957],[87.857,22.585],[87.8502,22.5814],[87.8478,22.5731],[87.8491,22.5627],[87.8448,22.5581],[87.8519,22.5526],[87.8547,22.5452],[87.8626,22.5403],[87.8641,22.5336],[87.8864,22.5286],[87.8935,22.5194],[87.8942,22.5143],[87.8883,22.5066],[87.8848,22.4942],[87.8866,22.4908],[87.8987,22.4831],[87.9024,22.4729],[87.9015,22.4683],[87.8943,22.4622],[87.8868,22.4596],[87.8774,22.452],[87.8797,22.4427],[87.8965,22.4279],[87.9247,22.4275],[87.9366,22.4217],[87.9397,22.3892],[87.9498,22.354],[87.9477,22.3261],[87.9506,22.3125],[87.9476,22.2952],[87.9523,22.2771],[87.9681,22.26],[87.9768,22.258],[87.9996,22.2465],[88.0054,22.2425],[88.0172,22.2268],[88.0345,22.219],[88.0461,22.2236],[88.0581,22.2341],[88.0649,22.2423],[88.0677,22.2557],[88.0804,22.2573],[88.0846,22.2778],[88.0954,22.2975],[88.0975,22.3104],[88.0964,22.3488],[88.0901,22.3587],[88.0903,22.3633],[88.1017,22.3799],[88.1337,22.3998],[88.1408,22.4071],[88.1419,22.4203],[88.1188,22.4538],[88.1181,22.4641],[88.1214,22.4701],[88.142,22.4787],[88.1568,22.4787],[88.1693,22.482],[88.1937,22.5058],[88.2085,22.5161],[88.2397,22.5225],[88.2425,22.5307],[88.2337,22.5452],[88.2343,22.5545],[88.2384,22.5612],[88.2468,22.5631],[88.2562,22.562],[88.2723,22.5559],[88.3047,22.5485],[88.3208,22.552],[88.3228,22.5539],[88.3215,22.5553],[88.3429,22.5791],[88.3466,22.5919],[88.3573,22.6087],[88.3617,22.6229],[88.3593,22.6276],[88.3603,22.6315],[88.3571,22.6328],[88.3545,22.6384],[88.35,22.6551],[88.3446,22.656],[88.3424,22.6594],[88.3344,22.663],[88.3252,22.6639],[88.3181,22.6708],[88.3155,22.6653],[88.3097,22.6664],[88.3079,22.6616],[88.2885,22.6653],[88.279,22.6641],[88.2807,22.6576],[88.272,22.6622],[88.2676,22.6626],[88.2664,22.6605],[88.2611,22.6631],[88.2594,22.6702],[88.2543,22.6712],[88.2484,22.6689],[88.2407,22.6711],[88.2421,22.6773],[88.2382,22.6769],[88.2372,22.6737],[88.2327,22.6758],[88.2325,22.6708],[88.2229,22.6718],[88.2235,22.6684],[88.2198,22.6712],[88.2034,22.6697],[88.1969,22.6625],[88.1955,22.6672],[88.1828,22.6705],[88.1803,22.6638],[88.1767,22.6632],[88.1766,22.66],[88.1822,22.6576],[88.1793,22.6517],[88.1753,22.6542],[88.1741,22.6617],[88.1758,22.6639],[88.1723,22.667],[88.1703,22.6757],[88.1754,22.681],[88.173,22.6896],[88.1732,22.685],[88.1692,22.6812],[88.1589,22.6833],[88.1564,22.6897],[88.1551,22.6869],[88.1503,22.6863],[88.1514,22.6808],[88.1489,22.6753],[88.1422,22.6833],[88.1395,22.681],[88.1357,22.683],[88.1351,22.6781],[88.1324,22.6854],[88.1221,22.6859],[88.1207,22.6978],[88.1187,22.6995],[88.1159,22.6981],[88.1125,22.7027],[88.1111,22.7],[88.1103,22.7032],[88.1135,22.7067],[88.1112,22.7075],[88.1111,22.7056],[88.1034,22.7037],[88.1022,22.7062],[88.1,22.705],[88.1048,22.7016],[88.101,22.6934],[88.0911,22.6901],[88.085,22.6916],[88.0801,22.6871],[88.0772,22.69],[88.0751,22.6866],[88.0698,22.6884],[88.0665,22.6866],[88.0664,22.6903],[88.0694,22.6907],[88.073,22.6978],[88.0656,22.7028],[88.0669,22.7087],[88.0633,22.7133],[88.0602,22.7101],[88.0637,22.7036],[88.06,22.7025],[88.062,22.6991],[88.0545,22.6988],[88.0524,22.6961],[88.0518,22.6924],[88.0476,22.6887],[88.0485,22.6808],[88.0425,22.6851],[88.0276,22.6874],[88.0253,22.691],[88.022,22.6875],[88.01,22.6867],[88.0068,22.6896],[88.0064,22.6957],[88.0014,22.6968],[87.9926,22.7043],[87.9966,22.7141],[87.9878,22.7321],[87.9982,22.7447],[87.9908,22.7755],[87.9878,22.7807],[87.9828,22.7784],[87.9811,22.7814]]]},"properties":{"dtname":"Howrah","stname":"WEST BENGAL","stcode11":"19","dtcode11":"341","year_stat":"2011_c","Shape_Length":276714.1484439565,"Shape_Area":1706318209.8878567,"OBJECTID":463,"test":0,"Dist_LGD":313,"State_LGD":19}},{"type":"Feature","id":467,"geometry":{"type":"Polygon","coordinates":[[[88.3718,22.6328],[88.3603,22.6315],[88.3612,22.6191],[88.3573,22.6087],[88.3483,22.5959],[88.3429,22.5791],[88.3215,22.5553],[88.3228,22.5539],[88.3208,22.552],[88.3047,22.5485],[88.2468,22.5631],[88.2384,22.5612],[88.2358,22.5581],[88.2337,22.5452],[88.2467,22.5459],[88.2519,22.5418],[88.2525,22.5437],[88.258,22.542],[88.2556,22.537],[88.26,22.534],[88.2753,22.5428],[88.276,22.5408],[88.2904,22.5374],[88.2917,22.5346],[88.2887,22.5268],[88.2916,22.5169],[88.2983,22.5175],[88.3033,22.5137],[88.3143,22.5131],[88.3168,22.5097],[88.3199,22.5096],[88.3211,22.5122],[88.3268,22.5111],[88.3397,22.5032],[88.3453,22.5031],[88.3456,22.5084],[88.3675,22.5115],[88.3713,22.5158],[88.373,22.5342],[88.3788,22.5332],[88.3865,22.5378],[88.3875,22.5468],[88.3916,22.5477],[88.3933,22.5545],[88.398,22.5558],[88.3963,22.5599],[88.4143,22.5568],[88.4088,22.5616],[88.3985,22.5874],[88.3911,22.597],[88.3915,22.6291],[88.3718,22.6328]]]},"properties":{"dtname":"Kolkata","stname":"WEST BENGAL","stcode11":"19","dtcode11":"342","year_stat":"2011_c","Shape_Length":69716.43405477292,"Shape_Area":116181139.84238505,"OBJECTID":467,"test":0,"Dist_LGD":315,"State_LGD":19}},{"type":"Feature","id":470,"geometry":{"type":"Polygon","coordinates":[[[88.0148,22.2026],[88.0161,22.2077],[88.0015,22.2159],[87.9905,22.2255],[87.996,22.2318],[87.9949,22.2447],[87.9981,22.2466],[87.9768,22.258],[87.9681,22.26],[87.9523,22.2771],[87.9476,22.2952],[87.9506,22.3125],[87.9477,22.3261],[87.9498,22.354],[87.9397,22.3892],[87.9366,22.4217],[87.9247,22.4275],[87.8965,22.4279],[87.8831,22.4388],[87.8772,22.4482],[87.8804,22.4548],[87.9015,22.4683],[87.9024,22.4729],[87.8987,22.4831],[87.8866,22.4908],[87.8848,22.4942],[87.8883,22.5066],[87.8942,22.5143],[87.8935,22.5194],[87.8866,22.5185],[87.8833,22.5095],[87.8458,22.5123],[87.8456,22.5103],[87.8319,22.5048],[87.8281,22.5006],[87.8154,22.4998],[87.8143,22.4962],[87.8046,22.4918],[87.7985,22.4833],[87.7921,22.4791],[87.784,22.4849],[87.7768,22.4782],[87.7603,22.4732],[87.745,22.4756],[87.7458,22.479],[87.7409,22.4819],[87.7415,22.4853],[87.7386,22.4878],[87.7095,22.4898],[87.6985,22.5042],[87.6926,22.5079],[87.6904,22.5069],[87.6884,22.4905],[87.6744,22.4838],[87.6737,22.4658],[87.6709,22.4622],[87.6594,22.4625],[87.6567,22.4533],[87.6515,22.4498],[87.6509,22.442],[87.6468,22.4365],[87.646,22.432],[87.6527,22.4267],[87.653,22.4213],[87.6566,22.4183],[87.6563,22.411],[87.6588,22.4088],[87.6585,22.4013],[87.6551,22.3986],[87.651,22.3774],[87.6449,22.3641],[87.6445,22.3412],[87.6453,22.3324],[87.6503,22.3324],[87.6478,22.326],[87.6538,22.3272],[87.6577,22.3312],[87.6651,22.3301],[87.664,22.3239],[87.6658,22.3236],[87.6674,22.3272],[87.6708,22.3266],[87.6722,22.3296],[87.6753,22.3242],[87.687,22.3237],[87.6903,22.327],[87.6986,22.329],[87.7238,22.3186],[87.7192,22.3133],[87.7063,22.2803],[87.7077,22.269],[87.7048,22.2653],[87.7006,22.2437],[87.698,22.218],[87.7133,22.2143],[87.7118,22.205],[87.7288,22.203],[87.7292,22.1905],[87.7199,22.1817],[87.7147,22.1881],[87.7127,22.1807],[87.7096,22.1812],[87.7083,22.1773],[87.7127,22.1688],[87.7048,22.1531],[87.7016,22.1259],[87.6917,22.1224],[87.6775,22.1112],[87.6738,22.1038],[87.6383,22.1043],[87.6262,22.1016],[87.6232,22.1032],[87.6207,22.0928],[87.6104,22.0935],[87.6078,22.0886],[87.6032,22.0902],[87.5925,22.0885],[87.5912,22.0838],[87.5878,22.0828],[87.5825,22.095],[87.5755,22.0932],[87.566,22.0954],[87.5615,22.0934],[87.5546,22.0831],[87.5433,22.0848],[87.5378,22.0819],[87.5313,22.0892],[87.5089,22.0877],[87.4921,22.0907],[87.4912,22.0859],[87.4806,22.0802],[87.4745,22.0739],[87.4764,22.0666],[87.4866,22.0627],[87.4797,22.0593],[87.4775,22.052],[87.4785,22.0467],[87.4892,22.0448],[87.4856,22.0317],[87.4778,22.0376],[87.4744,22.0354],[87.4744,22.033],[87.4707,22.0312],[87.4711,22.0286],[87.4637,22.0242],[87.4622,22.0132],[87.4595,22.0092],[87.4611,22.0054],[87.4783,22.0023],[87.4785,21.9912],[87.4826,21.9905],[87.4831,21.9845],[87.4788,21.9802],[87.4813,21.9798],[87.4857,21.9579],[87.5032,21.959],[87.5128,21.9525],[87.5117,21.9486],[87.4989,21.9508],[87.4986,21.9441],[87.4953,21.9375],[87.4819,21.939],[87.4809,21.9291],[87.4831,21.9279],[87.4838,21.9192],[87.4768,21.9078],[87.4763,21.8992],[87.4685,21.8964],[87.4587,21.897],[87.4554,21.8904],[87.4486,21.8925],[87.4497,21.8763],[87.4542,21.8746],[87.4567,21.8669],[87.4563,21.8605],[87.4545,21.8602],[87.4566,21.8541],[87.4554,21.8475],[87.4413,21.8399],[87.4415,21.8327],[87.4456,21.8233],[87.4406,21.8207],[87.4388,21.814],[87.4369,21.8139],[87.4365,21.804],[87.4318,21.8044],[87.4256,21.797],[87.4286,21.793],[87.4359,21.7932],[87.4384,21.7907],[87.4394,21.776],[87.4419,21.7734],[87.4399,21.7707],[87.4448,21.7672],[87.4434,21.7583],[87.4472,21.7465],[87.4451,21.743],[87.4501,21.7431],[87.4542,21.7399],[87.4537,21.7378],[87.4453,21.7387],[87.4443,21.734],[87.4692,21.7322],[87.4668,21.7273],[87.464,21.7288],[87.4636,21.7262],[87.4669,21.7187],[87.4735,21.7131],[87.4706,21.7052],[87.4732,21.698],[87.4714,21.6959],[87.4719,21.6837],[87.4668,21.6785],[87.4683,21.6641],[87.4623,21.6628],[87.4618,21.6511],[87.4729,21.6517],[87.4722,21.6477],[87.4768,21.6466],[87.4755,21.644],[87.4796,21.6391],[87.4806,21.6331],[87.4857,21.6309],[87.4832,21.6214],[87.4862,21.6098],[87.5415,21.621],[87.5514,21.6252],[87.5614,21.6362],[87.5609,21.6287],[87.5634,21.628],[87.6281,21.6443],[87.6329,21.6476],[87.6385,21.6626],[87.6424,21.6601],[87.6494,21.6609],[87.6483,21.6487],[87.6512,21.6473],[87.6738,21.6505],[87.6944,21.6582],[87.7416,21.6813],[87.746,21.6849],[87.744,21.6899],[87.7465,21.694],[87.7555,21.697],[87.7603,21.6949],[87.7756,21.6947],[87.7895,21.6996],[87.8064,21.7089],[87.8494,21.7405],[87.8659,21.7576],[87.8695,21.7646],[87.8791,21.7727],[87.882,21.785],[87.8803,21.7953],[87.8703,21.811],[87.8738,21.812],[87.8796,21.8089],[87.8856,21.7976],[87.8973,21.7934],[87.9488,21.8242],[87.9553,21.8303],[87.9629,21.8451],[87.9866,21.8707],[87.9953,21.8895],[87.9974,21.9031],[88.0122,21.9272],[88.0198,21.9569],[88.0338,21.9794],[88.0485,21.9974],[88.0438,22.0125],[88.0358,22.015],[88.0343,22.0195],[88.0265,22.0273],[88.0135,22.0614],[88.0091,22.0656],[87.9953,22.0703],[87.9929,22.0757],[88.0129,22.0763],[88.0196,22.0719],[88.039,22.0345],[88.0549,22.0212],[88.0601,22.0179],[88.0644,22.0182],[88.0978,22.0283],[88.1402,22.0623],[88.1607,22.072],[88.1867,22.1046],[88.1862,22.1171],[88.177,22.1235],[88.1662,22.1391],[88.1662,22.1475],[88.1699,22.1502],[88.1605,22.1609],[88.159,22.1582],[88.16,22.1615],[88.1533,22.1682],[88.1521,22.1668],[88.1524,22.1689],[88.1362,22.1854],[88.1012,22.1915],[88.0729,22.1847],[88.0599,22.1905],[88.0538,22.1984],[88.0433,22.2051],[88.0331,22.2068],[88.0148,22.2026]]]},"properties":{"dtname":"Purba Medinipur","stname":"WEST BENGAL","stcode11":"19","dtcode11":"345","year_stat":"2011_c","Shape_Length":442117.0559312255,"Shape_Area":4637089445.326129,"OBJECTID":470,"test":0,"Dist_LGD":317,"State_LGD":19}},{"type":"Feature","id":570,"geometry":{"type":"Polygon","coordinates":[[[89.3748,26.8541],[89.3697,26.8573],[89.3249,26.8374],[89.3157,26.8436],[89.3074,26.8376],[89.2972,26.835],[89.2769,26.8242],[89.2753,26.8204],[89.2701,26.8225],[89.2591,26.8087],[89.256,26.8078],[89.2251,26.8136],[89.1874,26.8069],[89.169,26.8148],[89.1289,26.8065],[89.118,26.8195],[89.1071,26.8236],[89.0939,26.8394],[89.09,26.841],[89.087,26.8322],[89.0877,26.823],[89.0885,26.8185],[89.0932,26.818],[89.0929,26.8138],[89.0915,26.81],[89.0838,26.8037],[89.0864,26.7896],[89.0737,26.7754],[89.0691,26.761],[89.0754,26.7489],[89.0722,26.7454],[89.0684,26.7221],[89.0663,26.7195],[89.067,26.7002],[89.0612,26.6947],[89.064,26.6907],[89.0599,26.6896],[89.0618,26.6869],[89.0577,26.6849],[89.0559,26.6769],[89.0532,26.6763],[89.0564,26.6704],[89.0552,26.6628],[89.0444,26.6518],[89.0425,26.6315],[89.0442,26.631],[89.0429,26.6283],[89.0468,26.6258],[89.0446,26.6239],[89.049,26.6156],[89.0453,26.6132],[89.0511,26.6142],[89.0587,26.6104],[89.0565,26.6075],[89.0589,26.6067],[89.0602,26.6017],[89.0671,26.6006],[89.0675,26.5966],[89.0735,26.6026],[89.0698,26.6025],[89.0744,26.6038],[89.0774,26.6011],[89.074,26.5986],[89.0746,26.595],[89.0777,26.5952],[89.0789,26.5984],[89.0823,26.5956],[89.0862,26.5983],[89.0937,26.5922],[89.0964,26.5957],[89.0991,26.5953],[89.098,26.5896],[89.1033,26.5931],[89.1059,26.5915],[89.1035,26.5839],[89.0961,26.5788],[89.0963,26.5737],[89.0922,26.5676],[89.0936,26.5651],[89.1019,26.5636],[89.0982,26.5585],[89.1064,26.5475],[89.1027,26.542],[89.1036,26.539],[89.107,26.5378],[89.1159,26.5418],[89.1111,26.5386],[89.1152,26.5324],[89.1134,26.5286],[89.1152,26.5259],[89.1196,26.5226],[89.1477,26.5182],[89.1761,26.5015],[89.1844,26.5049],[89.1891,26.5103],[89.2247,26.5022],[89.2422,26.4911],[89.2714,26.4873],[89.2914,26.4879],[89.3028,26.4814],[89.3072,26.4848],[89.3157,26.4852],[89.3239,26.4928],[89.34,26.4859],[89.3546,26.4945],[89.3616,26.4893],[89.3752,26.4728],[89.3915,26.4626],[89.4075,26.4706],[89.4194,26.4674],[89.4347,26.4674],[89.4399,26.4738],[89.4478,26.4747],[89.4511,26.4877],[89.4663,26.4863],[89.4785,26.4794],[89.4923,26.4777],[89.4889,26.4753],[89.4904,26.4701],[89.4986,26.4695],[89.5015,26.4649],[89.5081,26.4744],[89.5111,26.474],[89.5116,26.4702],[89.5172,26.4683],[89.5239,26.4737],[89.528,26.468],[89.5343,26.4692],[89.5324,26.4603],[89.5394,26.4582],[89.5345,26.4519],[89.5414,26.451],[89.543,26.4487],[89.5363,26.4451],[89.5368,26.4424],[89.5448,26.4445],[89.5453,26.4381],[89.5495,26.4372],[89.5498,26.4303],[89.5566,26.4302],[89.5541,26.4255],[89.5494,26.4268],[89.5471,26.4252],[89.5536,26.4219],[89.5542,26.4192],[89.5461,26.4162],[89.5558,26.4151],[89.5537,26.4106],[89.5613,26.4106],[89.5699,26.4188],[89.5674,26.4193],[89.5693,26.4205],[89.567,26.4234],[89.5626,26.423],[89.5616,26.4285],[89.5709,26.4257],[89.5818,26.4299],[89.6013,26.4097],[89.6167,26.3991],[89.619,26.4002],[89.6182,26.4032],[89.6237,26.4041],[89.6223,26.4056],[89.6257,26.4134],[89.6212,26.4183],[89.6227,26.423],[89.6248,26.4234],[89.6274,26.42],[89.6351,26.4203],[89.6355,26.4222],[89.6449,26.4243],[89.6481,26.4231],[89.6495,26.4251],[89.6476,26.4265],[89.653,26.4277],[89.6601,26.4353],[89.6558,26.4353],[89.6586,26.4405],[89.6597,26.4387],[89.6659,26.4407],[89.6752,26.4393],[89.6771,26.438],[89.6751,26.434],[89.6856,26.4344],[89.6919,26.4323],[89.6912,26.4275],[89.6972,26.4276],[89.7101,26.4328],[89.7109,26.4361],[89.7239,26.4364],[89.7283,26.4453],[89.7326,26.4432],[89.7381,26.4463],[89.7425,26.4409],[89.7472,26.4402],[89.7482,26.4488],[89.7446,26.4565],[89.748,26.4583],[89.7492,26.4649],[89.7695,26.4653],[89.8239,26.4598],[89.8275,26.4615],[89.8284,26.467],[89.8251,26.4698],[89.8213,26.4689],[89.8216,26.4709],[89.8457,26.4701],[89.8543,26.466],[89.8597,26.4663],[89.8593,26.4557],[89.8517,26.4572],[89.8477,26.4518],[89.8478,26.4484],[89.8516,26.4486],[89.8532,26.4455],[89.8277,26.4485],[89.8301,26.4408],[89.8288,26.4394],[89.8227,26.4418],[89.8205,26.4342],[89.8351,26.4318],[89.8308,26.4287],[89.8296,26.4238],[89.8257,26.422],[89.8366,26.4126],[89.8563,26.413],[89.8478,26.4229],[89.8554,26.4282],[89.8537,26.4341],[89.8571,26.441],[89.8688,26.4522],[89.8672,26.4573],[89.8695,26.4639],[89.868,26.4679],[89.861,26.4692],[89.8577,26.4841],[89.8503,26.4889],[89.854,26.4996],[89.851,26.5208],[89.8595,26.5326],[89.8571,26.5421],[89.8624,26.5538],[89.8576,26.576],[89.8742,26.584],[89.8663,26.5892],[89.8655,26.592],[89.8699,26.6023],[89.8695,26.614],[89.8549,26.6151],[89.8498,26.6231],[89.8497,26.6281],[89.8572,26.6338],[89.8664,26.6456],[89.8593,26.6554],[89.8629,26.6648],[89.8616,26.6714],[89.8633,26.6813],[89.8511,26.6985],[89.7993,26.7083],[89.7638,26.6988],[89.7592,26.7009],[89.7523,26.7125],[89.7485,26.714],[89.75,26.7237],[89.7435,26.7325],[89.7344,26.7257],[89.7291,26.7259],[89.715,26.7202],[89.7075,26.7266],[89.6981,26.7286],[89.6909,26.7338],[89.6773,26.7309],[89.6658,26.7368],[89.6627,26.7357],[89.6617,26.7292],[89.6498,26.7156],[89.6427,26.7147],[89.6406,26.718],[89.6279,26.7225],[89.6201,26.7157],[89.6087,26.7275],[89.6152,26.7375],[89.6326,26.746],[89.6363,26.7506],[89.6338,26.7602],[89.6377,26.7622],[89.6402,26.7673],[89.6432,26.7674],[89.6399,26.7773],[89.6249,26.7823],[89.6106,26.7778],[89.6023,26.7858],[89.5895,26.7871],[89.5864,26.7901],[89.5579,26.7975],[89.5477,26.8131],[89.5361,26.8079],[89.502,26.8106],[89.4871,26.7992],[89.4545,26.7979],[89.4399,26.8124],[89.4379,26.8257],[89.4287,26.8353],[89.4137,26.8304],[89.4054,26.8348],[89.3822,26.8364],[89.3748,26.8541]]]},"properties":{"dtname":"Alipurduar","stname":"WEST BENGAL","stcode11":"19","dtcode11":"774","year_stat":"2014_c","Shape_Length":374951.2041853731,"Shape_Area":3455633177.979491,"OBJECTID":570,"test":0,"Dist_LGD":664,"State_LGD":19}},{"type":"Feature","id":571,"geometry":{"type":"Polygon","coordinates":[[[86.9163,23.8827],[86.8935,23.8771],[86.8813,23.8631],[86.8826,23.8597],[86.8888,23.8586],[86.8886,23.8436],[86.8945,23.835],[86.8941,23.8254],[86.8898,23.8197],[86.8859,23.8204],[86.886,23.826],[86.8803,23.8293],[86.8806,23.8336],[86.8783,23.8358],[86.8799,23.8453],[86.8747,23.8476],[86.8633,23.8445],[86.864,23.8407],[86.8612,23.8345],[86.855,23.8302],[86.8524,23.825],[86.8385,23.8241],[86.8401,23.8227],[86.8374,23.82],[86.8267,23.8142],[86.814,23.8184],[86.8123,23.8249],[86.8161,23.8257],[86.815,23.8302],[86.8099,23.8353],[86.8058,23.8376],[86.8004,23.8339],[86.7995,23.8315],[86.8038,23.8301],[86.8103,23.8219],[86.8041,23.8015],[86.8089,23.7986],[86.8257,23.7776],[86.8285,23.7599],[86.8266,23.7506],[86.8117,23.7451],[86.8079,23.7235],[86.799,23.7047],[86.7991,23.6999],[86.8255,23.6856],[86.8468,23.684],[86.8573,23.6759],[86.8594,23.6682],[86.865,23.6613],[86.8934,23.6532],[86.9073,23.6331],[86.9129,23.6305],[86.9571,23.6335],[86.976,23.6269],[86.9927,23.6331],[86.9997,23.632],[87.001,23.6296],[87.0074,23.6332],[87.0144,23.6324],[87.0341,23.6175],[87.0584,23.6134],[87.0717,23.6018],[87.0871,23.5979],[87.1197,23.5777],[87.1603,23.5636],[87.1862,23.5656],[87.2087,23.5576],[87.2451,23.5279],[87.2486,23.5226],[87.2674,23.5106],[87.2778,23.4995],[87.3026,23.4836],[87.342,23.4672],[87.3621,23.4502],[87.3822,23.4373],[87.4118,23.4268],[87.4491,23.4029],[87.4468,23.4071],[87.4406,23.4102],[87.4422,23.4207],[87.4373,23.4179],[87.4342,23.4212],[87.4443,23.4313],[87.4483,23.4263],[87.4444,23.4224],[87.4454,23.4187],[87.4531,23.4199],[87.4497,23.4218],[87.4539,23.4259],[87.4599,23.4253],[87.4627,23.4213],[87.4623,23.426],[87.4587,23.4279],[87.4634,23.4311],[87.4642,23.4362],[87.4701,23.4404],[87.4682,23.4465],[87.4727,23.4528],[87.4671,23.4604],[87.4684,23.4632],[87.4641,23.4668],[87.4666,23.4781],[87.4569,23.4827],[87.45,23.481],[87.4639,23.4977],[87.4632,23.5158],[87.4726,23.5236],[87.4663,23.5273],[87.466,23.5314],[87.4717,23.5291],[87.472,23.5267],[87.4761,23.527],[87.4794,23.5362],[87.4848,23.5387],[87.4875,23.5368],[87.4904,23.5381],[87.4885,23.5399],[87.4885,23.5489],[87.484,23.5525],[87.4986,23.5651],[87.4973,23.5695],[87.5002,23.569],[87.5023,23.5723],[87.499,23.5763],[87.5106,23.5797],[87.5154,23.587],[87.5218,23.5844],[87.5261,23.5895],[87.5314,23.6012],[87.5304,23.6048],[87.535,23.6073],[87.5284,23.6143],[87.5272,23.6186],[87.5182,23.6196],[87.5052,23.6054],[87.4945,23.6018],[87.4865,23.6035],[87.4805,23.6114],[87.4733,23.6142],[87.4465,23.6145],[87.4347,23.6362],[87.4258,23.6458],[87.4193,23.6469],[87.4109,23.6549],[87.4101,23.6603],[87.4173,23.6742],[87.409,23.6869],[87.391,23.6973],[87.3694,23.7001],[87.3612,23.708],[87.36,23.7171],[87.3527,23.7227],[87.3432,23.7236],[87.332,23.7179],[87.3202,23.7201],[87.3135,23.7248],[87.3057,23.7222],[87.2946,23.7271],[87.287,23.7258],[87.2784,23.7289],[87.2776,23.7346],[87.2698,23.7476],[87.2637,23.7492],[87.2455,23.7479],[87.2375,23.7424],[87.224,23.7379],[87.2087,23.7501],[87.1898,23.7475],[87.174,23.7486],[87.1646,23.7516],[87.1534,23.7493],[87.1289,23.7607],[87.1272,23.7669],[87.1115,23.7749],[87.1061,23.7814],[87.1061,23.7891],[87.0972,23.7933],[87.0895,23.8031],[87.0874,23.8102],[87.082,23.8096],[87.0743,23.8148],[87.0535,23.8227],[87.0379,23.8392],[87.0259,23.8434],[87.0108,23.8525],[86.9863,23.8596],[86.973,23.8691],[86.9642,23.8638],[86.9627,23.8494],[86.9555,23.8461],[86.9469,23.8461],[86.9357,23.8522],[86.9329,23.8568],[86.9325,23.8685],[86.9163,23.8827]]]},"properties":{"dtname":"Paschim Bardhaman","stname":"WEST BENGAL","stcode11":"19","dtcode11":"777","year_stat":"2017_c","Shape_Length":283153.8906354053,"Shape_Area":1923795980.3636875,"OBJECTID":571,"test":0,"Dist_LGD":704,"State_LGD":19}},{"type":"Feature","id":572,"geometry":{"type":"Polygon","coordinates":[[[88.5971,27.1883],[88.589,27.1893],[88.5852,27.1852],[88.5829,27.1883],[88.555,27.1841],[88.5479,27.181],[88.5413,27.1818],[88.537,27.177],[88.5318,27.1763],[88.5304,27.1709],[88.5256,27.1703],[88.5253,27.1682],[88.5334,27.1633],[88.5266,27.1565],[88.5305,27.1542],[88.5299,27.148],[88.517,27.1458],[88.5141,27.1398],[88.4969,27.1295],[88.4981,27.124],[88.4963,27.1222],[88.4861,27.1239],[88.4839,27.1184],[88.4752,27.1208],[88.4662,27.1122],[88.4643,27.1007],[88.4597,27.0955],[88.4587,27.0897],[88.4452,27.0825],[88.432,27.0802],[88.4265,27.0651],[88.4193,27.0679],[88.4147,27.0458],[88.419,27.0396],[88.4179,27.0308],[88.413,27.0256],[88.4206,27.0152],[88.4221,27.0095],[88.4136,27.009],[88.4027,26.997],[88.3905,26.9881],[88.4069,26.9826],[88.4121,26.9851],[88.4182,26.9818],[88.4187,26.9649],[88.4169,26.962],[88.4233,26.9597],[88.4238,26.9565],[88.4366,26.9622],[88.4389,26.9607],[88.4404,26.9523],[88.4461,26.9454],[88.4431,26.9382],[88.4542,26.9349],[88.455,26.9264],[88.4635,26.9211],[88.466,26.9158],[88.4754,26.913],[88.4723,26.9092],[88.4759,26.8968],[88.4771,26.881],[88.5061,26.8641],[88.5115,26.8629],[88.5337,26.8699],[88.5463,26.8784],[88.5561,26.8781],[88.5731,26.8886],[88.5851,26.8852],[88.591,26.8874],[88.6027,26.8798],[88.6064,26.8887],[88.6128,26.8933],[88.6204,26.9052],[88.6346,26.9057],[88.6358,26.9302],[88.6475,26.9432],[88.6499,26.9522],[88.6554,26.9585],[88.6545,26.9641],[88.6587,26.9671],[88.6599,26.9601],[88.6683,26.9455],[88.6577,26.9269],[88.6631,26.9252],[88.7593,26.9256],[88.7558,26.9638],[88.7592,26.9672],[88.7653,26.9681],[88.7718,26.9743],[88.7824,26.9773],[88.7893,26.9912],[88.8118,26.9899],[88.8207,26.9853],[88.8283,26.9844],[88.8464,26.9732],[88.8528,26.9658],[88.8679,26.965],[88.8694,26.9823],[88.867,26.9958],[88.8717,27.0135],[88.8718,27.0267],[88.8768,27.0374],[88.8726,27.0426],[88.8755,27.065],[88.8718,27.069],[88.871,27.09],[88.8661,27.1092],[88.8461,27.1083],[88.8372,27.1147],[88.8299,27.1155],[88.8247,27.12],[88.8144,27.1224],[88.7981,27.1393],[88.7782,27.1345],[88.7449,27.1423],[88.7346,27.1348],[88.7244,27.1354],[88.7165,27.1415],[88.7163,27.1539],[88.7066,27.1664],[88.7,27.1679],[88.6883,27.1751],[88.6747,27.176],[88.6588,27.1606],[88.6529,27.1599],[88.6474,27.1627],[88.6351,27.1636],[88.6323,27.1715],[88.6266,27.1736],[88.6224,27.1793],[88.6163,27.1817],[88.6069,27.1811],[88.5981,27.1847],[88.5971,27.1883]]]},"properties":{"dtname":"Kalimpong","stname":"WEST BENGAL","stcode11":"19","dtcode11":"775","year_stat":"2017_c","Shape_Length":193866.07512993863,"Shape_Area":1372158396.570591,"OBJECTID":572,"test":0,"Dist_LGD":702,"State_LGD":19}},{"type":"Feature","id":573,"geometry":{"type":"Polygon","coordinates":[[[86.6106,22.7987],[86.5984,22.7972],[86.6041,22.789],[86.6006,22.7777],[86.5945,22.7693],[86.5931,22.7627],[86.568,22.7288],[86.5585,22.7111],[86.5843,22.6917],[86.6015,22.6879],[86.6106,22.6805],[86.6197,22.6783],[86.6275,22.6681],[86.635,22.6656],[86.6406,22.6596],[86.6409,22.6557],[86.6376,22.6514],[86.638,22.626],[86.6331,22.611],[86.6376,22.6101],[86.6385,22.5985],[86.656,22.5915],[86.6527,22.5825],[86.6585,22.5757],[86.6783,22.5751],[86.6837,22.579],[86.7082,22.583],[86.7305,22.5776],[86.7575,22.5786],[86.7658,22.5757],[86.7667,22.5677],[86.7716,22.5649],[86.7709,22.5613],[86.7669,22.5588],[86.7686,22.5542],[86.7752,22.5489],[86.7888,22.5488],[86.79,22.5411],[86.7867,22.5381],[86.7885,22.5316],[86.7865,22.5269],[86.7929,22.524],[86.7947,22.5143],[86.7922,22.514],[86.7925,22.5117],[86.8022,22.5023],[86.794,22.4959],[86.8008,22.4879],[86.793,22.4775],[86.7853,22.4803],[86.7689,22.4797],[86.7507,22.4825],[86.7472,22.4752],[86.7517,22.4621],[86.7511,22.4558],[86.7635,22.4472],[86.7595,22.4447],[86.7647,22.4266],[86.813,22.4191],[86.8312,22.4112],[86.8455,22.3999],[86.8467,22.3948],[86.8411,22.3822],[86.8431,22.373],[86.8317,22.3471],[86.8311,22.3323],[86.8332,22.3245],[86.842,22.3179],[86.8681,22.307],[86.872,22.3072],[86.8766,22.3006],[86.8881,22.2973],[86.8903,22.277],[86.8901,22.2739],[86.8874,22.2736],[86.8867,22.2574],[86.8651,22.261],[86.8589,22.2583],[86.8512,22.2654],[86.8431,22.2619],[86.8391,22.2649],[86.8301,22.2635],[86.824,22.2668],[86.8198,22.2537],[86.8168,22.2538],[86.8163,22.2624],[86.8134,22.2675],[86.8096,22.2507],[86.803,22.2444],[86.797,22.2478],[86.799,22.2496],[86.8011,22.2656],[86.7922,22.2663],[86.796,22.2473],[86.7943,22.2434],[86.7991,22.2382],[86.8034,22.2431],[86.8125,22.2412],[86.8022,22.2179],[86.7917,22.2222],[86.7852,22.2152],[86.7782,22.2181],[86.7847,22.2309],[86.7928,22.2246],[86.7951,22.2279],[86.7879,22.2317],[86.79,22.2354],[86.7816,22.2371],[86.7777,22.2368],[86.7745,22.2323],[86.7774,22.2247],[86.776,22.2181],[86.7707,22.2206],[86.7629,22.2139],[86.7531,22.2111],[86.7447,22.2159],[86.727,22.2168],[86.7214,22.2014],[86.7228,22.1899],[86.7183,22.1859],[86.7179,22.1816],[86.7212,22.1729],[86.7197,22.1651],[86.7218,22.1468],[86.7302,22.1461],[86.7386,22.1493],[86.7702,22.1492],[86.7888,22.1532],[86.7906,22.1575],[86.7948,22.1572],[86.8044,22.1503],[86.8059,22.1355],[86.8019,22.1305],[86.814,22.1259],[86.8089,22.1192],[86.8202,22.1155],[86.8283,22.1178],[86.8367,22.1035],[86.8378,22.0977],[86.8464,22.0962],[86.8493,22.1002],[86.8516,22.0991],[86.8519,22.1029],[86.907,22.0918],[86.9375,22.09],[86.9465,22.0856],[86.9601,22.0879],[86.965,22.0859],[86.9713,22.0789],[86.9716,22.0732],[86.9926,22.055],[87.0097,22.0473],[87.0166,22.0473],[87.0202,22.0418],[87.0282,22.0379],[87.0234,22.0206],[87.032,21.9957],[87.0309,21.9855],[87.0217,21.9732],[87.0136,21.9511],[87.0094,21.9476],[87.0056,21.9264],[87.0027,21.9248],[87.0042,21.9209],[87.0019,21.913],[87.0054,21.9107],[87.0101,21.9006],[87.0254,21.8901],[87.0286,21.8794],[87.0273,21.8759],[87.0377,21.8681],[87.0574,21.866],[87.0575,21.8676],[87.0736,21.8674],[87.0813,21.8644],[87.087,21.8668],[87.0986,21.8658],[87.0958,21.8821],[87.0994,21.8915],[87.0907,21.8996],[87.0964,21.914],[87.1026,21.9162],[87.1084,21.925],[87.1135,21.9241],[87.1228,21.9271],[87.1373,21.9236],[87.1429,21.9249],[87.1538,21.9344],[87.1615,21.9356],[87.1632,21.9396],[87.1611,21.9534],[87.1651,21.9587],[87.1626,21.9679],[87.1682,21.9723],[87.1701,21.9794],[87.1742,21.9779],[87.1773,21.9699],[87.1968,21.9594],[87.2041,21.963],[87.2078,21.9619],[87.2113,21.9662],[87.2248,21.9575],[87.2275,21.959],[87.2392,21.956],[87.2434,21.9641],[87.2322,21.9801],[87.2193,21.9855],[87.2148,22.0076],[87.1972,22.0359],[87.1906,22.0343],[87.1942,22.0383],[87.1734,22.0578],[87.1568,22.0816],[87.1527,22.0852],[87.1346,22.0897],[87.1419,22.1047],[87.1369,22.1122],[87.1397,22.1216],[87.1368,22.1264],[87.1496,22.1396],[87.1495,22.1438],[87.1584,22.1438],[87.1628,22.1514],[87.167,22.1454],[87.1658,22.1423],[87.1692,22.1401],[87.1776,22.1401],[87.1851,22.1466],[87.1843,22.1541],[87.1725,22.1576],[87.1653,22.1572],[87.1696,22.1605],[87.1725,22.1696],[87.1713,22.1742],[87.1775,22.1755],[87.1793,22.1783],[87.1765,22.1814],[87.1723,22.1804],[87.1711,22.1907],[87.1747,22.1907],[87.1789,22.1868],[87.1822,22.1911],[87.1795,22.2032],[87.1747,22.205],[87.1737,22.2117],[87.1769,22.2244],[87.1763,22.2379],[87.1821,22.2356],[87.1902,22.2399],[87.1935,22.2345],[87.2003,22.2335],[87.2056,22.2377],[87.2198,22.2288],[87.2216,22.2344],[87.2271,22.2396],[87.2285,22.2475],[87.2203,22.2557],[87.2162,22.2672],[87.2109,22.2709],[87.2013,22.2725],[87.1904,22.2813],[87.2023,22.2959],[87.2046,22.3043],[87.1956,22.3053],[87.1881,22.3166],[87.1729,22.3215],[87.174,22.3252],[87.1688,22.3285],[87.1648,22.3296],[87.1616,22.3261],[87.1556,22.3291],[87.1555,22.3424],[87.1651,22.3387],[87.181,22.3704],[87.1878,22.375],[87.2037,22.3758],[87.2039,22.3785],[87.2079,22.3777],[87.2119,22.3818],[87.2201,22.3807],[87.2228,22.3844],[87.2398,22.388],[87.2445,22.3919],[87.2447,22.3984],[87.2552,22.3988],[87.2583,22.4022],[87.2545,22.4084],[87.25,22.4088],[87.2523,22.4137],[87.2434,22.4167],[87.24,22.4102],[87.23,22.4131],[87.2092,22.412],[87.1912,22.4004],[87.181,22.3968],[87.1732,22.3972],[87.1763,22.4124],[87.1658,22.4175],[87.1655,22.4224],[87.1625,22.4251],[87.1442,22.42],[87.1183,22.4271],[87.1185,22.4248],[87.1138,22.4246],[87.1147,22.4281],[87.1042,22.4293],[87.1023,22.4322],[87.1124,22.4385],[87.1186,22.4462],[87.1162,22.4581],[87.1118,22.4631],[87.1033,22.466],[87.0878,22.466],[87.0822,22.4716],[87.0822,22.4758],[87.0894,22.4857],[87.0904,22.4943],[87.0869,22.5028],[87.0889,22.5095],[87.0923,22.5117],[87.0933,22.5207],[87.1058,22.5341],[87.1116,22.5364],[87.1148,22.5435],[87.1062,22.551],[87.1061,22.5581],[87.1018,22.5644],[87.1025,22.5735],[87.0926,22.5842],[87.0918,22.59],[87.1002,22.6007],[87.1017,22.6097],[87.0884,22.6343],[87.0974,22.6522],[87.0958,22.6616],[87.1146,22.6704],[87.1239,22.6847],[87.1193,22.6868],[87.1159,22.6937],[87.0994,22.6943],[87.0987,22.6998],[87.0959,22.7002],[87.0897,22.709],[87.0898,22.7185],[87.0813,22.7216],[87.0721,22.7302],[87.0518,22.7276],[87.0379,22.7191],[87.0361,22.7088],[87.0329,22.7077],[87.0305,22.7017],[87.0212,22.7016],[87.0205,22.6965],[87.0148,22.693],[87.0184,22.687],[87.0174,22.6692],[87.0212,22.6679],[87.0151,22.65],[87.007,22.6508],[87.0054,22.6489],[87.0016,22.6538],[87.0015,22.6581],[86.9974,22.658],[86.9914,22.6621],[86.9853,22.6709],[86.9733,22.6733],[86.9677,22.669],[86.9636,22.6707],[86.9621,22.6756],[86.9573,22.6668],[86.948,22.6695],[86.9455,22.6517],[86.9537,22.6416],[86.9525,22.6368],[86.9343,22.6344],[86.9229,22.6288],[86.9218,22.6317],[86.9163,22.627],[86.9122,22.6351],[86.9033,22.6362],[86.9037,22.6398],[86.8944,22.6512],[86.8593,22.6675],[86.8449,22.6853],[86.8404,22.6834],[86.8381,22.6872],[86.8137,22.6989],[86.8037,22.7088],[86.7884,22.7101],[86.7731,22.7187],[86.768,22.7283],[86.7474,22.7374],[86.7419,22.7376],[86.7309,22.7435],[86.7173,22.7448],[86.7016,22.7576],[86.6954,22.7682],[86.677,22.7675],[86.672,22.7693],[86.6567,22.7873],[86.6318,22.7964],[86.6106,22.7987]]]},"properties":{"dtname":"Jhargram","stname":"WEST BENGAL","stcode11":"19","dtcode11":"776","year_stat":"2017_c","Shape_Length":537526.2009244707,"Shape_Area":3637798116.1051726,"OBJECTID":573,"test":0,"Dist_LGD":703,"State_LGD":19}},{"type":"Feature","id":575,"geometry":{"type":"MultiPolygon","coordinates":[[[[89.4955,25.9347],[89.4941,25.9365],[89.4874,25.9307],[89.4893,25.9288],[89.4955,25.9347]]],[[[89.5086,25.9472],[89.5022,25.9597],[89.4946,25.9547],[89.5086,25.9472]]],[[[89.5986,25.9514],[89.5971,25.9591],[89.5861,25.9624],[89.5803,25.9543],[89.5669,25.9522],[89.5647,25.9481],[89.5675,25.9464],[89.5712,25.9488],[89.5745,25.9478],[89.573,25.9386],[89.5766,25.9325],[89.5866,25.9464],[89.5898,25.9404],[89.5882,25.9354],[89.6045,25.9426],[89.6067,25.951],[89.6001,25.9484],[89.5986,25.9514]]],[[[89.6174,26.1246],[89.6187,26.1267],[89.6152,26.1275],[89.6159,26.1229],[89.6174,26.1246]]],[[[89.6114,26.1282],[89.6096,26.1311],[89.6056,26.1306],[89.6114,26.1282]]],[[[89.6234,26.1514],[89.6234,26.1537],[89.6207,26.1542],[89.6225,26.1482],[89.6252,26.1484],[89.6234,26.1514]]],[[[88.9757,26.1937],[88.9758,26.1965],[88.9729,26.1984],[88.9724,26.1957],[88.9757,26.1937]]],[[[88.9503,26.2019],[88.9507,26.2021],[88.9511,26.2024],[88.9511,26.2028],[88.951,26.2031],[88.9506,26.2033],[88.9497,26.2034],[88.9491,26.2034],[88.9488,26.2032],[88.9486,26.2029],[88.9486,26.2025],[88.9489,26.2022],[88.9494,26.2018],[88.9503,26.2019]]],[[[89.6651,26.1686],[89.661,26.1702],[89.6604,26.1681],[89.6642,26.1659],[89.6651,26.1686]]],[[[88.9614,26.2014],[88.9622,26.2049],[88.9577,26.2048],[88.9614,26.2014]]],[[[88.9651,26.2145],[88.9647,26.2148],[88.964,26.2148],[88.9629,26.2148],[88.9613,26.2146],[88.9604,26.2147],[88.9594,26.2147],[88.9581,26.2147],[88.9571,26.2147],[88.9562,26.2147],[88.955,26.2142],[88.9543,26.2138],[88.9542,26.2134],[88.9544,26.2131],[88.9549,26.2131],[88.9558,26.2133],[88.9564,26.213],[88.9586,26.2127],[88.9592,26.2126],[88.9599,26.2127],[88.961,26.213],[88.962,26.2132],[88.9635,26.2136],[88.9648,26.2136],[88.9654,26.2139],[88.9653,26.2142],[88.9651,26.2145]]],[[[89.0553,26.2428],[89.0553,26.2433],[89.0554,26.2438],[89.0548,26.2439],[89.0542,26.2439],[89.0541,26.2429],[89.0546,26.2428],[89.0553,26.2428]]],[[[89.0572,26.2429],[89.0574,26.243],[89.0576,26.2432],[89.0576,26.2434],[89.0576,26.2436],[89.0576,26.2438],[89.0572,26.2439],[89.0568,26.2439],[89.0566,26.2438],[89.0564,26.2437],[89.0564,26.2435],[89.0565,26.2432],[89.0568,26.2429],[89.0569,26.2429],[89.0572,26.2429]]],[[[89.0857,26.2494],[89.0743,26.2504],[89.0742,26.2483],[89.0856,26.2475],[89.0857,26.2494]]],[[[89.0735,26.2788],[89.0735,26.2814],[89.0697,26.2829],[89.0711,26.2781],[89.0735,26.2788]]],[[[89.0803,26.2926],[89.0756,26.296],[89.0765,26.2925],[89.0803,26.2926]]],[[[89.0136,26.301],[89.0139,26.3012],[89.0141,26.3014],[89.014,26.3021],[89.0138,26.3027],[89.0133,26.3028],[89.0131,26.3028],[89.0128,26.3026],[89.0127,26.3021],[89.0126,26.3015],[89.0129,26.301],[89.0136,26.301]]],[[[89.0597,26.3042],[89.0552,26.3056],[89.0539,26.3006],[89.0593,26.2983],[89.0591,26.2951],[89.0688,26.298],[89.0679,26.3045],[89.0597,26.3042]]],[[[89.0694,26.3052],[89.0702,26.3083],[89.0685,26.3081],[89.0694,26.3052]]],[[[89.0537,26.3099],[89.0502,26.3101],[89.048,26.3062],[89.053,26.3062],[89.0537,26.3099]]],[[[89.0683,26.309],[89.0647,26.3129],[89.0648,26.3091],[89.0683,26.309]]],[[[89.0212,26.3167],[89.0164,26.3165],[89.0172,26.311],[89.022,26.3143],[89.0212,26.3167]]],[[[89.0011,26.3171],[88.9979,26.3224],[88.9974,26.3184],[89.0011,26.3171]]],[[[89.034,26.318],[89.0362,26.3189],[89.0353,26.3209],[89.0273,26.3189],[89.034,26.318]]],[[[89.0748,26.3234],[89.07,26.3259],[89.0677,26.322],[89.0642,26.3221],[89.0635,26.3246],[89.057,26.3253],[89.0549,26.3223],[89.0634,26.3197],[89.0698,26.3132],[89.0707,26.3167],[89.0733,26.3147],[89.0754,26.3181],[89.0794,26.3183],[89.0784,26.3243],[89.0748,26.3234]]],[[[89.0081,26.3245],[89.009,26.3279],[89.0057,26.3298],[89.0057,26.3247],[89.0081,26.3245]]],[[[89.0084,26.34],[89.0054,26.3385],[89.0064,26.3364],[89.0085,26.3386],[89.0115,26.3376],[89.0103,26.3312],[89.018,26.3332],[89.0128,26.3395],[89.0084,26.34]]],[[[88.9966,26.3445],[88.9923,26.3454],[88.9904,26.3431],[88.9976,26.3415],[88.9984,26.3445],[88.9966,26.3445]]],[[[88.986,26.3568],[88.9806,26.3548],[88.9861,26.3548],[88.986,26.3568]]],[[[89.0761,26.3657],[89.076,26.3677],[89.0745,26.3669],[89.0761,26.3657]]],[[[88.9323,26.3761],[88.9287,26.3775],[88.9259,26.3743],[88.9213,26.3736],[88.932,26.3664],[88.9354,26.3688],[88.9319,26.3722],[88.9307,26.3753],[88.9323,26.3761]]],[[[89.0527,26.3723],[89.0516,26.3726],[89.0516,26.3712],[89.0518,26.3682],[89.053,26.3681],[89.0527,26.3723]]],[[[89.0501,26.3727],[89.0479,26.3763],[89.0477,26.373],[89.0501,26.3727]]],[[[89.0543,26.3728],[89.0548,26.3729],[89.0549,26.3732],[89.0545,26.3761],[89.0539,26.3782],[89.0532,26.3781],[89.0529,26.3779],[89.0532,26.3753],[89.0534,26.3735],[89.0537,26.3728],[89.0543,26.3728]]],[[[89.0799,26.389],[89.08,26.3892],[89.0798,26.3896],[89.0787,26.3897],[89.0783,26.3897],[89.0782,26.3894],[89.0782,26.3892],[89.0788,26.3889],[89.0789,26.3887],[89.0794,26.3887],[89.0799,26.389]]],[[[88.9846,26.3909],[88.9857,26.394],[88.9832,26.3958],[88.9819,26.392],[88.9846,26.3909]]],[[[89.0165,26.4055],[89.0174,26.4087],[89.0148,26.4091],[89.0119,26.4052],[89.0165,26.4055]]],[[[88.9676,26.4088],[88.9685,26.4126],[88.9655,26.4144],[88.9646,26.4108],[88.9676,26.4088]]],[[[88.9907,26.406],[88.992,26.4124],[88.9863,26.4137],[88.9858,26.41],[88.9907,26.406]]],[[[88.9849,26.4138],[88.98,26.4189],[88.9739,26.4119],[88.9713,26.4122],[88.9749,26.4098],[88.9749,26.4057],[88.9825,26.403],[88.9801,26.4092],[88.9844,26.4101],[88.9849,26.4138]]],[[[88.9696,26.4207],[88.9655,26.4216],[88.9661,26.418],[88.9735,26.418],[88.9696,26.4207]]],[[[88.9506,26.412],[88.9512,26.4168],[88.955,26.4171],[88.9567,26.4222],[88.9499,26.4268],[88.9479,26.4126],[88.9433,26.4069],[88.9495,26.4011],[88.954,26.4019],[88.9546,26.4051],[88.9517,26.4072],[88.955,26.4072],[88.9506,26.412]]],[[[88.9677,26.4292],[88.9684,26.4336],[88.965,26.4317],[88.9677,26.4292]]],[[[88.9775,26.444],[88.9761,26.4422],[88.9779,26.4409],[88.9775,26.444]]],[[[89.0739,26.5337],[89.0753,26.5365],[89.0732,26.5381],[89.0566,26.5375],[89.0519,26.5342],[89.0432,26.5347],[89.0457,26.5267],[89.0324,26.5162],[89.0223,26.5155],[88.9992,26.5285],[88.9819,26.5301],[88.9621,26.5388],[88.9608,26.5313],[88.9638,26.5243],[88.9607,26.5198],[88.9555,26.5199],[88.9531,26.5109],[88.9472,26.5014],[88.9378,26.5024],[88.9328,26.5004],[88.9364,26.4932],[88.9347,26.4774],[88.9373,26.474],[88.9367,26.4707],[88.9303,26.4647],[88.9218,26.4639],[88.9188,26.4682],[88.9021,26.4727],[88.8993,26.4706],[88.8993,26.4679],[88.9032,26.4657],[88.9041,26.4602],[88.9084,26.4585],[88.9143,26.461],[88.9231,26.4606],[88.9276,26.4545],[88.9224,26.4529],[88.9203,26.4477],[88.9143,26.4437],[88.8992,26.4426],[88.8965,26.4394],[88.882,26.4401],[88.8815,26.4299],[88.8739,26.4051],[88.8645,26.3984],[88.8604,26.3915],[88.8506,26.3913],[88.8477,26.3875],[88.8335,26.3842],[88.8296,26.3809],[88.8169,26.3791],[88.8132,26.3816],[88.8107,26.3794],[88.8059,26.3809],[88.7988,26.3774],[88.7881,26.3882],[88.7875,26.3927],[88.7841,26.3928],[88.7816,26.3983],[88.7735,26.3985],[88.7727,26.3955],[88.7695,26.3955],[88.7553,26.3742],[88.7547,26.3675],[88.7525,26.3666],[88.7474,26.3527],[88.7528,26.3407],[88.752,26.3373],[88.7603,26.3314],[88.7551,26.3166],[88.7602,26.3007],[88.7644,26.2992],[88.7772,26.3042],[88.7828,26.3038],[88.7934,26.3103],[88.8191,26.2946],[88.8131,26.2886],[88.8099,26.277],[88.8151,26.269],[88.8148,26.2652],[88.8122,26.2648],[88.8129,26.2557],[88.8233,26.2534],[88.8242,26.2488],[88.8297,26.25],[88.8277,26.2401],[88.8386,26.2382],[88.839,26.232],[88.8427,26.2308],[88.852,26.2353],[88.8597,26.2317],[88.8783,26.2334],[88.8781,26.2422],[88.8725,26.2398],[88.8724,26.2442],[88.8685,26.2449],[88.8682,26.2489],[88.8614,26.2521],[88.8612,26.2635],[88.8646,26.2688],[88.8613,26.2727],[88.8662,26.2748],[88.8671,26.2806],[88.8758,26.2868],[88.8982,26.2888],[88.9172,26.2883],[88.9195,26.2847],[88.9264,26.2842],[88.935,26.2674],[88.9404,26.2631],[88.9528,26.2419],[88.9559,26.2426],[88.9568,26.2404],[88.9663,26.2388],[88.9787,26.2445],[88.969,26.2503],[88.9677,26.254],[88.9537,26.2567],[88.9535,26.265],[88.9663,26.2614],[88.9734,26.2544],[88.9749,26.2562],[88.9756,26.2512],[88.9825,26.2447],[89.016,26.2446],[89.0183,26.2419],[89.0215,26.2448],[89.0228,26.242],[89.0274,26.2441],[89.0275,26.2476],[89.0341,26.2458],[89.0356,26.2423],[89.0375,26.2457],[89.046,26.2408],[89.051,26.2415],[89.048,26.2458],[89.0513,26.2554],[89.0546,26.2577],[89.0624,26.2538],[89.0629,26.256],[89.0602,26.2569],[89.0632,26.2602],[89.061,26.2643],[89.0627,26.2707],[89.0593,26.2765],[89.054,26.2773],[89.0623,26.2787],[89.0628,26.2818],[89.0576,26.2863],[89.0609,26.29],[89.0591,26.2938],[89.0531,26.2921],[89.0524,26.2963],[89.0468,26.2961],[89.0453,26.2912],[89.0414,26.29],[89.0463,26.2895],[89.0448,26.285],[89.0469,26.2828],[89.0478,26.2886],[89.0504,26.2886],[89.0481,26.2799],[89.0432,26.2801],[89.0451,26.2754],[89.0382,26.2778],[89.0403,26.2811],[89.0373,26.2826],[89.0409,26.2862],[89.0376,26.2833],[89.0317,26.2858],[89.0276,26.2829],[89.0248,26.2884],[89.0213,26.2879],[89.0197,26.29],[89.0233,26.2937],[89.0208,26.2978],[89.0266,26.3057],[89.0215,26.3092],[89.0142,26.3004],[89.0197,26.2952],[89.0185,26.2899],[89.0121,26.2931],[89.013,26.2983],[89.0105,26.2987],[89.0119,26.3004],[89.0074,26.3047],[89.0059,26.3028],[89.0043,26.3039],[89.0046,26.2981],[89.001,26.2955],[89.0001,26.2909],[88.9957,26.2904],[88.9959,26.2998],[88.997,26.297],[88.9976,26.2999],[88.9949,26.2996],[88.9951,26.2956],[88.9942,26.2997],[88.9849,26.3007],[88.9827,26.3101],[88.9856,26.3148],[88.985,26.3185],[88.9969,26.3139],[88.9915,26.3226],[88.9972,26.3224],[89.0009,26.3304],[88.992,26.3331],[88.9908,26.3358],[88.9891,26.3327],[88.9854,26.3331],[88.9816,26.3412],[88.9866,26.3417],[88.9859,26.3402],[88.9887,26.3398],[88.987,26.3382],[88.99,26.3386],[88.9869,26.3428],[88.9864,26.3491],[88.9776,26.3469],[88.9748,26.3512],[88.9697,26.3498],[88.9667,26.352],[88.9649,26.3491],[88.9612,26.3525],[88.959,26.3483],[88.9624,26.3458],[88.9633,26.3383],[88.9592,26.3364],[88.9603,26.3304],[88.9559,26.3304],[88.9553,26.3337],[88.9523,26.3333],[88.9521,26.3433],[88.9561,26.3416],[88.9589,26.344],[88.9529,26.3465],[88.9524,26.3442],[88.9462,26.3443],[88.9463,26.3465],[88.9498,26.3488],[88.9488,26.3527],[88.9583,26.3581],[88.9585,26.3619],[88.9547,26.362],[88.9534,26.3662],[88.9502,26.3665],[88.9473,26.3608],[88.9478,26.3562],[88.9368,26.3569],[88.9272,26.365],[88.9223,26.3636],[88.9193,26.3597],[88.9177,26.3608],[88.9215,26.3628],[88.92,26.3663],[88.9142,26.3655],[88.9118,26.3664],[88.9128,26.3687],[88.9109,26.3683],[88.9122,26.3738],[88.9201,26.3748],[88.9194,26.3771],[88.9213,26.3774],[88.9091,26.3803],[88.9097,26.3825],[88.9164,26.385],[88.9183,26.4004],[88.9174,26.4034],[88.91,26.401],[88.9087,26.4039],[88.9062,26.4037],[88.9049,26.4089],[88.9067,26.407],[88.9126,26.4091],[88.9264,26.4069],[88.9314,26.4145],[88.9291,26.417],[88.9254,26.4166],[88.9229,26.4237],[88.9316,26.4249],[88.9329,26.4278],[88.9259,26.428],[88.9262,26.4324],[88.9346,26.4318],[88.9383,26.4285],[88.938,26.426],[88.9449,26.426],[88.9429,26.4285],[88.9457,26.4294],[88.9458,26.4336],[88.9513,26.434],[88.947,26.4396],[88.9491,26.4401],[88.9492,26.4434],[88.9468,26.4436],[88.9461,26.4482],[88.9519,26.4486],[88.9524,26.4524],[88.9605,26.4485],[88.9651,26.4522],[88.9597,26.4526],[88.9555,26.4601],[88.965,26.4582],[88.9663,26.4516],[88.975,26.4502],[88.9762,26.4465],[88.9793,26.45],[88.9785,26.4465],[88.9833,26.4469],[88.9808,26.4434],[88.9843,26.4419],[88.983,26.4385],[88.9785,26.4365],[88.9802,26.432],[88.9831,26.4313],[88.9806,26.4257],[88.9836,26.4246],[88.9829,26.4213],[88.9927,26.4193],[88.994,26.4131],[88.9985,26.4141],[88.9953,26.417],[88.996,26.4201],[88.9931,26.4206],[88.9939,26.4233],[88.9983,26.4204],[89.0059,26.4215],[89.0051,26.4169],[89.0074,26.4129],[89.0181,26.4153],[89.022,26.4137],[89.0233,26.4084],[89.019,26.4061],[89.0193,26.4041],[89.0227,26.404],[89.0243,26.408],[89.03,26.4071],[89.0319,26.3996],[89.0346,26.3995],[89.034,26.3953],[89.0375,26.395],[89.0379,26.3997],[89.0407,26.4004],[89.054,26.3988],[89.0579,26.3954],[89.059,26.399],[89.0614,26.3983],[89.0629,26.401],[89.063,26.3969],[89.0673,26.4001],[89.0682,26.3978],[89.0713,26.3986],[89.0748,26.3962],[89.0738,26.3912],[89.0755,26.396],[89.0845,26.3984],[89.0878,26.3969],[89.0853,26.3937],[89.0809,26.393],[89.0813,26.3902],[89.0921,26.3938],[89.0963,26.3907],[89.091,26.3881],[89.0885,26.3659],[89.0799,26.367],[89.0798,26.363],[89.0858,26.3641],[89.09,26.3607],[89.0983,26.3593],[89.0934,26.3531],[89.0958,26.3541],[89.0979,26.3498],[89.0979,26.3401],[89.1013,26.3368],[89.0963,26.3341],[89.0953,26.33],[89.0911,26.3297],[89.0879,26.3235],[89.0841,26.3243],[89.0835,26.3224],[89.09,26.3225],[89.092,26.3205],[89.0967,26.3295],[89.0992,26.3287],[89.0986,26.3242],[89.1006,26.3235],[89.1035,26.3231],[89.1057,26.3267],[89.1101,26.3254],[89.1127,26.3185],[89.1233,26.3223],[89.1286,26.3224],[89.1296,26.3206],[89.1244,26.3207],[89.1283,26.3189],[89.1364,26.3203],[89.1352,26.3138],[89.1296,26.3134],[89.1326,26.3129],[89.1306,26.3097],[89.1261,26.3166],[89.1169,26.3145],[89.1176,26.3087],[89.1211,26.3096],[89.1257,26.3043],[89.1306,26.3054],[89.1313,26.3009],[89.1289,26.3034],[89.1274,26.3017],[89.1287,26.2988],[89.1325,26.3002],[89.1317,26.2975],[89.1282,26.298],[89.1243,26.2939],[89.1254,26.291],[89.1208,26.287],[89.117,26.2913],[89.1165,26.297],[89.1137,26.2983],[89.1142,26.3037],[89.1089,26.3045],[89.1082,26.3133],[89.1047,26.316],[89.1001,26.3051],[89.1074,26.3],[89.1033,26.2949],[89.107,26.2919],[89.1025,26.2889],[89.1025,26.2817],[89.1,26.2798],[89.1027,26.2783],[89.1032,26.2813],[89.106,26.2814],[89.1052,26.2748],[89.1086,26.2758],[89.1091,26.2726],[89.1252,26.2637],[89.1198,26.2527],[89.1301,26.249],[89.132,26.2398],[89.1358,26.2412],[89.134,26.2377],[89.1393,26.2382],[89.1409,26.236],[89.1402,26.226],[89.1439,26.2217],[89.1422,26.2214],[89.1418,26.2161],[89.1496,26.2092],[89.1441,26.2036],[89.144,26.2006],[89.1394,26.1985],[89.1402,26.1952],[89.1385,26.1891],[89.1357,26.1876],[89.1367,26.1837],[89.1347,26.1806],[89.137,26.18],[89.1375,26.1765],[89.1415,26.176],[89.141,26.1694],[89.1492,26.1702],[89.1534,26.1641],[89.1573,26.1632],[89.155,26.1595],[89.1486,26.1583],[89.1552,26.1387],[89.1598,26.1395],[89.1595,26.1362],[89.1617,26.1375],[89.1606,26.1351],[89.1629,26.1355],[89.1621,26.1334],[89.1668,26.1322],[89.1668,26.1303],[89.1765,26.1318],[89.1796,26.128],[89.1854,26.1291],[89.1851,26.1268],[89.1893,26.1273],[89.1894,26.1246],[89.1922,26.1238],[89.1964,26.1257],[89.1951,26.1271],[89.1991,26.1266],[89.2033,26.1295],[89.2064,26.1266],[89.2096,26.1273],[89.2113,26.1244],[89.2171,26.1273],[89.2197,26.1266],[89.2189,26.1244],[89.2231,26.1256],[89.2272,26.1222],[89.2296,26.124],[89.2297,26.1161],[89.2319,26.1171],[89.2332,26.1131],[89.2424,26.1135],[89.2396,26.1108],[89.2415,26.1105],[89.2405,26.1078],[89.2423,26.1092],[89.2419,26.1056],[89.2452,26.1067],[89.2488,26.104],[89.248,26.1021],[89.252,26.1018],[89.2504,26.0949],[89.2519,26.0919],[89.2547,26.0939],[89.2563,26.0921],[89.2627,26.0944],[89.2656,26.0929],[89.2657,26.0882],[89.2614,26.0863],[89.2548,26.0752],[89.2562,26.0715],[89.2545,26.0645],[89.2698,26.0604],[89.2707,26.0622],[89.2764,26.0616],[89.2761,26.0643],[89.2802,26.0666],[89.2826,26.0646],[89.2794,26.0489],[89.2967,26.0456],[89.3004,26.0508],[89.3001,26.0479],[89.3065,26.0468],[89.3102,26.0417],[89.317,26.0391],[89.3159,26.0376],[89.3194,26.0396],[89.3239,26.0382],[89.3282,26.0335],[89.3262,26.0327],[89.3289,26.0319],[89.329,26.0284],[89.331,26.0272],[89.3321,26.0296],[89.3387,26.0239],[89.3347,26.0202],[89.3375,26.0223],[89.3392,26.0183],[89.3375,26.0182],[89.341,26.0155],[89.3494,26.0162],[89.3444,26.0133],[89.3491,26.0104],[89.3549,26.0116],[89.3544,26.0091],[89.36,26.0078],[89.3667,26.0103],[89.371,26.0088],[89.3715,26.0117],[89.3736,26.0117],[89.3758,26.009],[89.383,26.0107],[89.3935,26.008],[89.3946,26.013],[89.3896,26.0219],[89.4033,26.0274],[89.4038,26.0304],[89.4066,26.0315],[89.4049,26.0338],[89.4075,26.0362],[89.4064,26.0409],[89.419,26.0418],[89.4244,26.0442],[89.4238,26.0469],[89.4324,26.0386],[89.434,26.0308],[89.4276,26.0206],[89.4272,26.0135],[89.4336,26.01],[89.4475,26.0079],[89.4627,25.9981],[89.4805,25.9962],[89.4912,26.0058],[89.5065,26.0014],[89.5191,26.0085],[89.522,26.005],[89.5296,26.0057],[89.5373,26.0019],[89.5393,26.0055],[89.5338,26.0053],[89.5409,26.0058],[89.545,26.0004],[89.5491,26.0001],[89.549,25.9975],[89.539,25.9942],[89.5389,25.9901],[89.5361,25.9891],[89.537,25.9851],[89.5425,25.9828],[89.539,25.9729],[89.5428,25.9682],[89.5553,25.9646],[89.5586,25.9647],[89.5587,25.9693],[89.5636,25.9705],[89.5662,25.9795],[89.5693,25.9784],[89.5699,25.967],[89.5788,25.9687],[89.5778,25.9776],[89.5837,25.9786],[89.5862,25.9752],[89.5877,25.9809],[89.5841,25.9895],[89.5874,25.9939],[89.5833,26.0018],[89.5806,26.0024],[89.5807,26.0069],[89.5786,26.0069],[89.5812,26.0094],[89.5785,26.0263],[89.5834,26.0242],[89.5853,26.0262],[89.583,26.0327],[89.5872,26.0357],[89.5868,26.0384],[89.5892,26.0389],[89.5926,26.0352],[89.5977,26.0379],[89.5977,26.0404],[89.5936,26.0412],[89.592,26.045],[89.5996,26.0445],[89.613,26.0529],[89.6129,26.0568],[89.6075,26.0579],[89.6052,26.0639],[89.6081,26.0648],[89.6106,26.0598],[89.6178,26.0603],[89.6159,26.0561],[89.6205,26.0535],[89.6279,26.0578],[89.628,26.0612],[89.6309,26.063],[89.6359,26.0608],[89.6435,26.0632],[89.6489,26.0616],[89.6499,26.0635],[89.6483,26.0683],[89.6371,26.0749],[89.6337,26.0801],[89.6335,26.0836],[89.6394,26.0903],[89.6332,26.0941],[89.6319,26.0973],[89.6361,26.0994],[89.6322,26.1013],[89.6295,26.1067],[89.6236,26.1073],[89.6233,26.1024],[89.6202,26.0993],[89.616,26.1034],[89.6137,26.1028],[89.6169,26.0945],[89.61,26.0959],[89.6083,26.0881],[89.6048,26.0939],[89.5972,26.097],[89.5936,26.1015],[89.5961,26.1036],[89.5999,26.1028],[89.6005,26.1069],[89.5953,26.1073],[89.6007,26.1084],[89.5977,26.1097],[89.5976,26.1123],[89.6029,26.111],[89.605,26.1058],[89.6097,26.108],[89.6155,26.1063],[89.6278,26.1139],[89.6301,26.1177],[89.6291,26.1245],[89.6254,26.128],[89.6197,26.1192],[89.6156,26.1212],[89.6119,26.1272],[89.6078,26.1186],[89.6043,26.1168],[89.601,26.123],[89.6056,26.122],[89.6074,26.1245],[89.604,26.1282],[89.6044,26.1246],[89.6025,26.1244],[89.604,26.1249],[89.5963,26.1349],[89.5983,26.1371],[89.5953,26.1397],[89.5979,26.1539],[89.5911,26.1575],[89.5996,26.1609],[89.6044,26.1559],[89.6044,26.159],[89.6075,26.1583],[89.6068,26.1542],[89.6087,26.1534],[89.6114,26.1573],[89.6081,26.1578],[89.6095,26.1612],[89.6131,26.1619],[89.6132,26.166],[89.6194,26.1676],[89.6109,26.1685],[89.6107,26.1744],[89.6153,26.173],[89.6151,26.1758],[89.6081,26.1764],[89.6074,26.1793],[89.6101,26.1803],[89.6092,26.1785],[89.615,26.1764],[89.6146,26.1786],[89.6236,26.1791],[89.6232,26.1742],[89.6213,26.1735],[89.6246,26.1712],[89.6258,26.1767],[89.6324,26.1807],[89.6372,26.1768],[89.6319,26.1718],[89.6377,26.1719],[89.6382,26.1666],[89.6459,26.1642],[89.6491,26.1642],[89.65,26.1697],[89.655,26.1701],[89.6544,26.1725],[89.6586,26.1761],[89.6553,26.1813],[89.6497,26.1795],[89.6435,26.1828],[89.6402,26.1821],[89.639,26.1787],[89.6275,26.1838],[89.6275,26.1895],[89.6328,26.1904],[89.6283,26.192],[89.6301,26.1959],[89.634,26.1957],[89.635,26.1902],[89.6419,26.1852],[89.6472,26.1851],[89.6454,26.1884],[89.6499,26.1902],[89.6394,26.1994],[89.6374,26.2102],[89.6321,26.2094],[89.6379,26.2167],[89.6345,26.2174],[89.6342,26.2293],[89.646,26.2253],[89.6503,26.2209],[89.6607,26.2189],[89.6647,26.221],[89.6718,26.2197],[89.6723,26.2289],[89.6786,26.2383],[89.6818,26.2276],[89.6856,26.2307],[89.6854,26.2263],[89.6874,26.2263],[89.6837,26.2228],[89.6893,26.221],[89.684,26.22],[89.6788,26.2237],[89.6793,26.2148],[89.6835,26.2084],[89.6917,26.2132],[89.6913,26.2113],[89.6855,26.2066],[89.6804,26.2099],[89.6751,26.2082],[89.6727,26.2007],[89.6753,26.1979],[89.6862,26.1977],[89.6819,26.193],[89.687,26.1813],[89.6939,26.1752],[89.7022,26.1735],[89.6978,26.1693],[89.684,26.1693],[89.6807,26.1654],[89.6833,26.1619],[89.6972,26.1581],[89.7013,26.1515],[89.71,26.1559],[89.7137,26.1681],[89.7167,26.1675],[89.7174,26.1646],[89.7285,26.167],[89.7288,26.1734],[89.7367,26.172],[89.7326,26.1771],[89.726,26.1773],[89.7098,26.1719],[89.7035,26.1774],[89.7032,26.1827],[89.6986,26.1908],[89.7062,26.1871],[89.7132,26.1872],[89.7205,26.1952],[89.7175,26.2011],[89.7117,26.2023],[89.7176,26.2057],[89.7274,26.2053],[89.734,26.21],[89.7323,26.2152],[89.7256,26.2176],[89.7094,26.2115],[89.7039,26.2133],[89.7005,26.2179],[89.7012,26.2195],[89.7042,26.2168],[89.7107,26.2176],[89.7135,26.2209],[89.7142,26.2297],[89.726,26.2323],[89.7321,26.2367],[89.7319,26.2397],[89.7181,26.2449],[89.717,26.2569],[89.7047,26.2561],[89.7023,26.2594],[89.7071,26.2705],[89.7145,26.2698],[89.7125,26.2618],[89.7197,26.2574],[89.7343,26.2596],[89.7339,26.2668],[89.7383,26.2698],[89.7325,26.2805],[89.7177,26.2956],[89.7198,26.307],[89.7231,26.3091],[89.7254,26.3073],[89.7217,26.2999],[89.7268,26.2944],[89.7377,26.2928],[89.7447,26.2969],[89.7487,26.2908],[89.7572,26.2888],[89.76,26.2916],[89.7535,26.3031],[89.7505,26.3214],[89.7554,26.3233],[89.7595,26.3165],[89.7632,26.3166],[89.7692,26.3246],[89.7826,26.3327],[89.7791,26.3462],[89.781,26.3528],[89.7915,26.3598],[89.8015,26.3617],[89.8107,26.3714],[89.8204,26.373],[89.8195,26.3683],[89.8111,26.3604],[89.8147,26.3539],[89.8203,26.3527],[89.8241,26.3558],[89.8201,26.3641],[89.8273,26.3711],[89.8241,26.3778],[89.8249,26.3816],[89.8306,26.3854],[89.8412,26.3794],[89.843,26.3844],[89.8466,26.3863],[89.8564,26.3843],[89.8552,26.3966],[89.8462,26.4048],[89.8428,26.3951],[89.838,26.3914],[89.8309,26.3914],[89.828,26.3946],[89.8289,26.4041],[89.8346,26.4145],[89.8257,26.422],[89.8296,26.4238],[89.8308,26.4287],[89.8351,26.4318],[89.8205,26.4342],[89.8227,26.4418],[89.8288,26.4394],[89.8301,26.4408],[89.8277,26.4485],[89.8532,26.4455],[89.8516,26.4486],[89.8478,26.4484],[89.8477,26.4518],[89.8517,26.4572],[89.8593,26.4557],[89.8597,26.4663],[89.8543,26.466],[89.8457,26.4701],[89.8216,26.4709],[89.8213,26.4689],[89.8251,26.4698],[89.8284,26.467],[89.8275,26.4615],[89.8239,26.4598],[89.7695,26.4653],[89.7492,26.4649],[89.748,26.4583],[89.7446,26.4565],[89.7482,26.4488],[89.7472,26.4402],[89.7425,26.4409],[89.7381,26.4463],[89.7326,26.4432],[89.7283,26.4453],[89.7239,26.4364],[89.7109,26.4361],[89.7101,26.4328],[89.6972,26.4276],[89.6912,26.4275],[89.6919,26.4323],[89.6856,26.4344],[89.6751,26.434],[89.6771,26.438],[89.6752,26.4393],[89.6659,26.4407],[89.6597,26.4387],[89.6586,26.4405],[89.6558,26.4353],[89.6601,26.4353],[89.653,26.4277],[89.6476,26.4265],[89.6495,26.4251],[89.6481,26.4231],[89.6449,26.4243],[89.6355,26.4222],[89.6351,26.4203],[89.6274,26.42],[89.6248,26.4234],[89.6227,26.423],[89.6212,26.4183],[89.6257,26.4134],[89.6223,26.4056],[89.6237,26.4041],[89.6182,26.4032],[89.619,26.4002],[89.6167,26.3991],[89.6013,26.4097],[89.5818,26.4299],[89.5709,26.4257],[89.5616,26.4285],[89.5626,26.423],[89.567,26.4234],[89.5693,26.4205],[89.5674,26.4193],[89.5699,26.4188],[89.5613,26.4106],[89.5537,26.4106],[89.5558,26.4151],[89.5461,26.4162],[89.5542,26.4192],[89.5536,26.4219],[89.5471,26.4252],[89.5494,26.4268],[89.5541,26.4255],[89.5566,26.4302],[89.5498,26.4303],[89.5495,26.4372],[89.5453,26.4381],[89.5448,26.4445],[89.5368,26.4424],[89.5363,26.4451],[89.543,26.4487],[89.5414,26.451],[89.5345,26.4519],[89.5394,26.4582],[89.5324,26.4603],[89.5343,26.4692],[89.528,26.468],[89.5239,26.4737],[89.5172,26.4683],[89.5116,26.4702],[89.5111,26.474],[89.5081,26.4744],[89.5015,26.4649],[89.4986,26.4695],[89.4904,26.4701],[89.4889,26.4753],[89.4923,26.4777],[89.4785,26.4794],[89.4663,26.4863],[89.4511,26.4877],[89.4478,26.4747],[89.4399,26.4738],[89.4347,26.4674],[89.4194,26.4674],[89.4075,26.4706],[89.3915,26.4626],[89.3752,26.4728],[89.3616,26.4893],[89.3546,26.4945],[89.34,26.4859],[89.3239,26.4928],[89.3157,26.4852],[89.3072,26.4848],[89.3028,26.4814],[89.2914,26.4879],[89.2714,26.4873],[89.2422,26.4911],[89.2247,26.5022],[89.1891,26.5103],[89.1844,26.5049],[89.1761,26.5015],[89.1477,26.5182],[89.09,26.525],[89.0788,26.5274],[89.0786,26.5325],[89.0739,26.5337]]]]},"properties":{"dtname":"Cooch Behar","stname":"WEST BENGAL","stcode11":"19","dtcode11":"329","year_stat":"2011_c","Shape_Length":1047306.931066792,"Shape_Area":4225581632.1937985,"OBJECTID":575,"test":0,"Dist_LGD":308,"State_LGD":19}},{"type":"Feature","id":576,"geometry":{"type":"MultiPolygon","coordinates":[[[[88.2743,26.3308],[88.2749,26.331],[88.2753,26.3313],[88.2755,26.3317],[88.2756,26.332],[88.2757,26.3324],[88.2756,26.3326],[88.2745,26.332],[88.2742,26.3308],[88.2742,26.3308],[88.2743,26.3308]]],[[[88.322,26.4976],[88.3108,26.4993],[88.3058,26.4951],[88.3058,26.4905],[88.3003,26.488],[88.2959,26.4919],[88.2914,26.4918],[88.285,26.4809],[88.2635,26.4863],[88.2628,26.482],[88.2545,26.4731],[88.253,26.4642],[88.2479,26.465],[88.2403,26.4587],[88.2409,26.4522],[88.2456,26.4465],[88.2466,26.4386],[88.2507,26.4362],[88.2509,26.4331],[88.2631,26.4293],[88.263,26.4228],[88.2734,26.4187],[88.2614,26.4199],[88.2544,26.4095],[88.2469,26.4054],[88.2442,26.3985],[88.2373,26.3962],[88.2341,26.3918],[88.24,26.3837],[88.2383,26.3809],[88.2446,26.3758],[88.2535,26.3739],[88.2627,26.3778],[88.2652,26.3812],[88.2683,26.3778],[88.2833,26.378],[88.2827,26.3691],[88.2874,26.358],[88.2909,26.3562],[88.2962,26.3593],[88.2961,26.353],[88.3005,26.3507],[88.2976,26.3476],[88.2924,26.3499],[88.291,26.3477],[88.2855,26.3475],[88.2847,26.3414],[88.2873,26.3395],[88.2854,26.3296],[88.2764,26.3256],[88.2749,26.3298],[88.2704,26.3285],[88.2649,26.3349],[88.2628,26.331],[88.2532,26.3344],[88.2498,26.3309],[88.252,26.3285],[88.2491,26.3266],[88.2541,26.3258],[88.2492,26.3204],[88.2503,26.3114],[88.2448,26.3094],[88.241,26.3006],[88.2356,26.303],[88.2311,26.3012],[88.2321,26.2925],[88.2277,26.2849],[88.2167,26.28],[88.2136,26.2741],[88.2051,26.2776],[88.1998,26.2699],[88.1857,26.2709],[88.18,26.2567],[88.1766,26.2541],[88.1702,26.2562],[88.1645,26.2529],[88.1576,26.256],[88.1551,26.2508],[88.146,26.2502],[88.1427,26.2432],[88.1385,26.2406],[88.1383,26.2327],[88.1432,26.2306],[88.1419,26.2264],[88.1298,26.2248],[88.1267,26.228],[88.1258,26.2259],[88.1164,26.2238],[88.1178,26.2192],[88.1122,26.2171],[88.113,26.2151],[88.1062,26.2137],[88.1021,26.2058],[88.0927,26.2029],[88.0903,26.1918],[88.0785,26.187],[88.077,26.1845],[88.0787,26.1807],[88.0732,26.1752],[88.0689,26.1748],[88.0687,26.1776],[88.0667,26.1775],[88.0585,26.1708],[88.0572,26.173],[88.0503,26.1725],[88.0492,26.177],[88.0348,26.1792],[88.0318,26.1758],[88.0322,26.1705],[88.0278,26.1706],[88.0199,26.1608],[88.0148,26.1589],[88.0092,26.1604],[88.0091,26.1569],[88.0141,26.151],[88.0105,26.1454],[88.0058,26.1468],[87.9983,26.1397],[87.9925,26.1511],[87.9865,26.1471],[87.9855,26.1426],[87.9751,26.1431],[87.9739,26.1406],[87.9806,26.139],[87.9795,26.1306],[87.9819,26.1274],[87.9794,26.1247],[87.9753,26.1257],[87.9778,26.1235],[87.9689,26.1193],[87.9713,26.1165],[87.9854,26.1175],[87.9881,26.1126],[87.9866,26.1064],[87.9888,26.1052],[87.9844,26.1018],[87.9691,26.0988],[87.9642,26.095],[87.9706,26.0935],[87.971,26.0897],[87.981,26.0848],[87.9846,26.0802],[87.9823,26.0727],[87.973,26.0756],[87.965,26.0731],[87.9598,26.0759],[87.9581,26.0733],[87.9536,26.0753],[87.9513,26.0706],[87.9556,26.0699],[87.9536,26.0659],[87.951,26.0664],[87.9488,26.0601],[87.9351,26.0642],[87.9366,26.0692],[87.9299,26.0715],[87.931,26.0823],[87.9266,26.0839],[87.919,26.0766],[87.9137,26.0781],[87.911,26.074],[87.9064,26.0744],[87.9012,26.0649],[87.8973,26.0669],[87.8936,26.064],[87.8903,26.0589],[87.8929,26.0527],[87.8853,26.0447],[87.8862,26.0434],[87.8797,26.0393],[87.8733,26.0414],[87.8647,26.0344],[87.8554,26.0351],[87.8536,26.0304],[87.8568,26.0247],[87.8537,26.0159],[87.8515,26.0155],[87.8548,26.014],[87.8545,26.0111],[87.8511,25.9981],[87.847,25.9942],[87.8457,25.9822],[87.8486,25.9768],[87.8464,25.9743],[87.8481,25.9696],[87.8466,25.9636],[87.8374,25.96],[87.8389,25.9541],[87.8345,25.9463],[87.8407,25.9406],[87.8372,25.9362],[87.8373,25.9337],[87.8396,25.9339],[87.8344,25.9303],[87.8209,25.9362],[87.8108,25.928],[87.8109,25.9203],[87.8146,25.9161],[87.81,25.9158],[87.8098,25.912],[87.8154,25.9091],[87.8178,25.9093],[87.8187,25.9124],[87.8255,25.9111],[87.8223,25.8997],[87.8296,25.8927],[87.8243,25.8871],[87.8296,25.8716],[87.8496,25.8694],[87.8578,25.8648],[87.8679,25.8683],[87.8721,25.8655],[87.8747,25.8682],[87.8758,25.8605],[87.883,25.8594],[87.8923,25.8658],[87.9022,25.8611],[87.9015,25.8574],[87.9059,25.8575],[87.9126,25.8525],[87.9157,25.8534],[87.9042,25.8429],[87.9093,25.8402],[87.9031,25.8407],[87.9058,25.8371],[87.8987,25.838],[87.9034,25.8331],[87.8977,25.8369],[87.8953,25.8341],[87.8934,25.8365],[87.8892,25.8298],[87.8955,25.8272],[87.8981,25.8321],[87.9057,25.8306],[87.9038,25.8272],[87.8996,25.8265],[87.9003,25.8232],[87.9177,25.8162],[87.9161,25.8114],[87.9108,25.815],[87.9086,25.8151],[87.908,25.8117],[87.9042,25.8136],[87.9001,25.8071],[87.9071,25.8072],[87.9103,25.8037],[87.9053,25.8026],[87.9074,25.7855],[87.9099,25.7809],[87.9087,25.7795],[87.9061,25.7821],[87.903,25.7761],[87.9044,25.7725],[87.9096,25.77],[87.9085,25.7744],[87.9258,25.777],[87.9369,25.7685],[87.9351,25.7734],[87.942,25.7743],[87.9424,25.7706],[87.9451,25.7699],[87.9456,25.7603],[87.9504,25.7583],[87.9472,25.7512],[87.9502,25.7532],[87.9514,25.7469],[87.9561,25.7455],[87.9585,25.7411],[87.9683,25.7343],[87.9679,25.7261],[87.9839,25.7206],[87.9864,25.7255],[87.9926,25.7264],[87.9938,25.7236],[88.0006,25.7229],[88.0022,25.7161],[88.0127,25.7108],[88.0215,25.7103],[88.0187,25.6996],[88.021,25.6964],[88.0323,25.7043],[88.0441,25.7003],[88.0488,25.7027],[88.0553,25.6915],[88.0545,25.6866],[88.0487,25.682],[88.0512,25.6654],[88.047,25.6612],[88.0504,25.6536],[88.046,25.655],[88.0444,25.6519],[88.038,25.6537],[88.036,25.6488],[88.0453,25.6423],[88.0552,25.6448],[88.0478,25.6388],[88.0397,25.6393],[88.0344,25.6306],[88.0351,25.6257],[88.0428,25.6185],[88.0427,25.6159],[88.0379,25.6156],[88.0437,25.6104],[88.0309,25.6073],[88.0329,25.6041],[88.0396,25.6038],[88.0397,25.6009],[88.0332,25.5996],[88.0266,25.6032],[88.0216,25.5962],[88.0245,25.5826],[88.0344,25.5828],[88.0352,25.5811],[88.0312,25.5761],[88.0209,25.5705],[88.0316,25.5665],[88.0362,25.5751],[88.0402,25.5737],[88.0287,25.5614],[88.0314,25.5541],[88.0365,25.5507],[88.0408,25.553],[88.0522,25.5492],[88.0542,25.5412],[88.0624,25.5365],[88.065,25.532],[88.0597,25.5264],[88.0694,25.5261],[88.0654,25.5232],[88.0718,25.5146],[88.0665,25.5096],[88.0684,25.5074],[88.0769,25.5074],[88.0729,25.5065],[88.0717,25.4949],[88.0736,25.4755],[88.0784,25.4695],[88.08,25.4519],[88.0889,25.4447],[88.0968,25.4435],[88.0959,25.4353],[88.0991,25.4315],[88.1129,25.4352],[88.1116,25.4325],[88.1047,25.4326],[88.1035,25.4299],[88.095,25.4269],[88.0933,25.4216],[88.097,25.4169],[88.1094,25.4175],[88.1,25.4113],[88.1013,25.4047],[88.1067,25.4029],[88.1109,25.4071],[88.1155,25.4071],[88.1054,25.4016],[88.109,25.3944],[88.1076,25.3917],[88.0982,25.3882],[88.0977,25.3833],[88.1182,25.3705],[88.1173,25.3642],[88.1226,25.3652],[88.1211,25.3534],[88.1148,25.3484],[88.1192,25.342],[88.108,25.3265],[88.1086,25.3207],[88.1115,25.3195],[88.114,25.3133],[88.1184,25.3126],[88.1185,25.3098],[88.1238,25.3094],[88.1239,25.3001],[88.1263,25.2982],[88.1249,25.2934],[88.1107,25.295],[88.1022,25.2896],[88.1092,25.2852],[88.1044,25.2775],[88.0992,25.2752],[88.1214,25.2714],[88.1203,25.2675],[88.1254,25.2657],[88.1228,25.2563],[88.1268,25.2536],[88.1252,25.2486],[88.127,25.243],[88.1284,25.2505],[88.1351,25.2563],[88.1415,25.256],[88.1432,25.2638],[88.1503,25.2722],[88.1489,25.2747],[88.1397,25.277],[88.1442,25.2864],[88.1454,25.2972],[88.1571,25.2991],[88.1607,25.3042],[88.1639,25.3006],[88.1784,25.2958],[88.1816,25.2892],[88.1866,25.2862],[88.187,25.2817],[88.1904,25.2802],[88.1934,25.2906],[88.1963,25.2907],[88.2148,25.3133],[88.2381,25.3059],[88.2354,25.3038],[88.2347,25.2957],[88.2364,25.2952],[88.2519,25.2944],[88.2526,25.2965],[88.2624,25.2972],[88.2688,25.3024],[88.2664,25.3022],[88.2695,25.3086],[88.2672,25.3087],[88.2683,25.3105],[88.2611,25.3119],[88.2569,25.3176],[88.2499,25.3184],[88.2455,25.316],[88.2278,25.3197],[88.2266,25.3232],[88.2165,25.3277],[88.2164,25.3324],[88.2041,25.3331],[88.2018,25.3296],[88.1811,25.3309],[88.1719,25.3239],[88.1679,25.3258],[88.1673,25.3285],[88.1742,25.3356],[88.1781,25.3446],[88.1747,25.3484],[88.1755,25.3523],[88.1703,25.3571],[88.169,25.3651],[88.1634,25.369],[88.1842,25.3689],[88.1833,25.3713],[88.1863,25.3759],[88.1775,25.379],[88.1798,25.3838],[88.1729,25.3853],[88.1744,25.3943],[88.1682,25.401],[88.1692,25.405],[88.1645,25.4073],[88.169,25.4088],[88.1719,25.4154],[88.1683,25.4168],[88.1661,25.4266],[88.1717,25.4294],[88.1956,25.4257],[88.1987,25.43],[88.2081,25.4299],[88.2104,25.4343],[88.2149,25.4348],[88.2177,25.4412],[88.2392,25.4394],[88.2448,25.4324],[88.2623,25.434],[88.2647,25.4402],[88.2606,25.4487],[88.2646,25.4573],[88.2624,25.4624],[88.2644,25.4646],[88.2616,25.4718],[88.2544,25.4777],[88.255,25.4827],[88.2576,25.4859],[88.2701,25.4875],[88.2781,25.4915],[88.2866,25.5025],[88.2889,25.5144],[88.3229,25.5349],[88.3254,25.5406],[88.3186,25.5426],[88.3255,25.5593],[88.331,25.5584],[88.3352,25.5542],[88.3347,25.5595],[88.3453,25.5582],[88.3482,25.561],[88.3489,25.5669],[88.3592,25.5666],[88.3618,25.578],[88.3655,25.5788],[88.3682,25.5921],[88.3734,25.5905],[88.3775,25.596],[88.3911,25.5956],[88.3922,25.5994],[88.3989,25.6006],[88.3973,25.6073],[88.4086,25.6075],[88.41,25.6054],[88.4197,25.6043],[88.4207,25.5988],[88.4138,25.5984],[88.4134,25.5937],[88.4235,25.5874],[88.4256,25.5908],[88.4274,25.5873],[88.4334,25.5865],[88.4462,25.5892],[88.4484,25.592],[88.4444,25.5964],[88.4502,25.6048],[88.446,25.615],[88.4493,25.6183],[88.4492,25.6223],[88.4565,25.6282],[88.4573,25.6401],[88.455,25.6449],[88.4567,25.6528],[88.4546,25.664],[88.4255,25.6696],[88.4214,25.6698],[88.4189,25.6674],[88.4023,25.6718],[88.4058,25.6826],[88.4043,25.6845],[88.3915,25.6834],[88.3894,25.688],[88.3916,25.6928],[88.3813,25.6966],[88.3722,25.6963],[88.3719,25.7071],[88.3699,25.709],[88.3731,25.7089],[88.3742,25.7162],[88.3702,25.7152],[88.3639,25.7196],[88.3566,25.7209],[88.3586,25.7277],[88.3444,25.7289],[88.337,25.7377],[88.3281,25.7393],[88.3263,25.7371],[88.3211,25.7372],[88.3186,25.7421],[88.3208,25.7445],[88.3155,25.7468],[88.3164,25.7527],[88.2996,25.7605],[88.2981,25.7646],[88.289,25.7678],[88.2908,25.7738],[88.2785,25.7743],[88.2674,25.7821],[88.2716,25.7911],[88.2751,25.7929],[88.2719,25.7936],[88.2694,25.8082],[88.2614,25.8137],[88.2562,25.8118],[88.2488,25.8134],[88.2468,25.8066],[88.2441,25.8099],[88.24,25.8105],[88.2302,25.803],[88.2323,25.7982],[88.2304,25.7968],[88.2265,25.7989],[88.2232,25.7967],[88.2162,25.8008],[88.2163,25.7988],[88.2115,25.7971],[88.2109,25.7934],[88.2134,25.7932],[88.2098,25.7921],[88.2099,25.7877],[88.1998,25.7906],[88.1997,25.7944],[88.1932,25.8025],[88.1845,25.8024],[88.18,25.7966],[88.181,25.794],[88.1769,25.7941],[88.1734,25.787],[88.1652,25.7894],[88.1601,25.7876],[88.1594,25.7826],[88.1513,25.776],[88.1478,25.7768],[88.1482,25.7823],[88.1454,25.7802],[88.1427,25.7819],[88.1455,25.7895],[88.1444,25.7942],[88.1379,25.798],[88.1151,25.7988],[88.1202,25.8125],[88.1082,25.8163],[88.1112,25.8222],[88.1015,25.8294],[88.1067,25.8341],[88.1081,25.8386],[88.102,25.841],[88.1011,25.8448],[88.1073,25.8461],[88.1127,25.8535],[88.1094,25.8614],[88.1102,25.8677],[88.1054,25.8684],[88.1046,25.863],[88.1021,25.8618],[88.1012,25.8718],[88.0936,25.8739],[88.1025,25.89],[88.0984,25.8948],[88.0951,25.8938],[88.0895,25.8968],[88.092,25.8994],[88.0902,25.9057],[88.0932,25.9059],[88.0945,25.9089],[88.0912,25.9137],[88.0865,25.9135],[88.0931,25.9302],[88.0998,25.9343],[88.1106,25.9324],[88.1112,25.9432],[88.1176,25.943],[88.1212,25.9481],[88.1139,25.9587],[88.1152,25.9628],[88.1238,25.9659],[88.1193,25.9715],[88.1271,25.9766],[88.1283,25.9808],[88.1263,25.9818],[88.1309,25.9892],[88.1289,25.991],[88.1293,25.9972],[88.1345,25.9982],[88.1346,26.0002],[88.1389,25.9965],[88.1439,26.0029],[88.1395,26.0139],[88.1465,26.0141],[88.1484,26.0183],[88.1556,26.0208],[88.1766,26.0214],[88.1822,26.0267],[88.18,26.0304],[88.1713,26.0319],[88.1703,26.0369],[88.1741,26.0401],[88.1683,26.0446],[88.1722,26.0496],[88.1783,26.0464],[88.1746,26.0581],[88.1788,26.0582],[88.1852,26.0642],[88.1803,26.0684],[88.182,26.0735],[88.1732,26.0758],[88.1687,26.08],[88.1684,26.0835],[88.1627,26.0769],[88.1578,26.0797],[88.1585,26.0833],[88.165,26.0873],[88.1643,26.0897],[88.1609,26.0889],[88.1584,26.0984],[88.1626,26.1004],[88.1644,26.1088],[88.1723,26.111],[88.1732,26.1187],[88.1783,26.1241],[88.1735,26.1295],[88.1794,26.1388],[88.176,26.1431],[88.1787,26.1496],[88.1903,26.1554],[88.195,26.1523],[88.1958,26.1548],[88.1919,26.1552],[88.1909,26.1577],[88.1965,26.1642],[88.2007,26.1598],[88.205,26.1593],[88.2154,26.1632],[88.2153,26.166],[88.2115,26.1681],[88.2143,26.171],[88.2169,26.1707],[88.2173,26.1672],[88.2269,26.1695],[88.2257,26.1737],[88.2304,26.1729],[88.2335,26.1771],[88.2365,26.1771],[88.2321,26.1825],[88.2405,26.1867],[88.242,26.1899],[88.2444,26.1878],[88.2477,26.1911],[88.2513,26.1853],[88.2533,26.1854],[88.253,26.1892],[88.2587,26.1872],[88.2627,26.1896],[88.2686,26.1873],[88.275,26.188],[88.2787,26.1959],[88.2836,26.195],[88.2823,26.1975],[88.289,26.1999],[88.2904,26.2026],[88.2932,26.2024],[88.2926,26.1995],[88.2968,26.2013],[88.2994,26.1978],[88.3006,26.2018],[88.3039,26.2002],[88.3076,26.2046],[88.3168,26.206],[88.3198,26.2034],[88.3257,26.2058],[88.3236,26.2101],[88.3306,26.2134],[88.3303,26.2168],[88.3508,26.2215],[88.3499,26.2265],[88.353,26.2269],[88.3517,26.2311],[88.3564,26.2345],[88.3544,26.2386],[88.3592,26.2422],[88.3542,26.2465],[88.351,26.2454],[88.3494,26.2485],[88.353,26.2478],[88.3471,26.2536],[88.3508,26.267],[88.3465,26.2678],[88.3489,26.2717],[88.3472,26.2736],[88.3508,26.2754],[88.348,26.278],[88.3485,26.2822],[88.3521,26.2824],[88.3528,26.2874],[88.354,26.286],[88.3572,26.2882],[88.3622,26.2948],[88.3616,26.2982],[88.3674,26.2999],[88.3685,26.3045],[88.374,26.307],[88.3762,26.3051],[88.3841,26.314],[88.4021,26.3178],[88.4149,26.3165],[88.4148,26.3254],[88.4065,26.3243],[88.4072,26.328],[88.4028,26.33],[88.4115,26.3377],[88.422,26.3348],[88.4349,26.3357],[88.4376,26.3402],[88.4356,26.3431],[88.4376,26.3426],[88.4451,26.365],[88.4494,26.3661],[88.4511,26.3709],[88.4554,26.3724],[88.4564,26.3772],[88.4583,26.3738],[88.4566,26.3719],[88.4595,26.3695],[88.4565,26.3653],[88.4624,26.3577],[88.4756,26.3579],[88.4794,26.3511],[88.4838,26.3495],[88.4912,26.3525],[88.4885,26.3604],[88.4961,26.3593],[88.5019,26.3605],[88.5047,26.3638],[88.5071,26.3627],[88.5046,26.351],[88.5025,26.3508],[88.5038,26.3489],[88.5093,26.351],[88.5089,26.3532],[88.5174,26.3519],[88.5168,26.3569],[88.5221,26.3607],[88.5212,26.3631],[88.516,26.3626],[88.5145,26.3653],[88.521,26.3675],[88.5239,26.3752],[88.5157,26.3713],[88.5119,26.3773],[88.5143,26.3868],[88.5179,26.3907],[88.511,26.3884],[88.5039,26.4],[88.5087,26.4014],[88.5086,26.4068],[88.506,26.4079],[88.5018,26.4043],[88.4994,26.409],[88.4953,26.4104],[88.5016,26.4186],[88.494,26.4187],[88.4932,26.4223],[88.4975,26.4267],[88.4888,26.4311],[88.4945,26.4333],[88.4957,26.4375],[88.4906,26.4408],[88.4902,26.4448],[88.486,26.4459],[88.4858,26.4511],[88.4787,26.4527],[88.4845,26.4611],[88.4585,26.467],[88.4361,26.4663],[88.4317,26.47],[88.4326,26.4732],[88.4297,26.4713],[88.4267,26.4741],[88.4218,26.4731],[88.4195,26.4685],[88.4215,26.4663],[88.4185,26.4665],[88.4177,26.4697],[88.4146,26.4698],[88.4091,26.4756],[88.4078,26.4798],[88.4043,26.481],[88.4029,26.4869],[88.3987,26.4821],[88.3875,26.4796],[88.3851,26.4838],[88.3752,26.4847],[88.3728,26.4892],[88.3606,26.4848],[88.364,26.4724],[88.3598,26.4664],[88.3583,26.457],[88.3608,26.4552],[88.3545,26.4484],[88.3506,26.4486],[88.3534,26.4512],[88.3477,26.4626],[88.3487,26.4662],[88.3465,26.4661],[88.3464,26.4687],[88.3401,26.4694],[88.3408,26.4783],[88.3334,26.4789],[88.3337,26.482],[88.3315,26.4828],[88.3311,26.4922],[88.3333,26.4973],[88.322,26.4976]]]]},"properties":{"dtname":"Uttar Dinajpur","stname":"WEST BENGAL","stcode11":"19","dtcode11":"330","year_stat":"2011_c","Shape_Length":804887.7428237967,"Shape_Area":3848813613.2059393,"OBJECTID":576,"test":0,"Dist_LGD":311,"State_LGD":19}}]}