ward,year,NDVI,NDBI,LST,rainfall
1,2016,-0.03414204762272005,0.1523712983952341,34.656413249979096,778.0975234508514
2,2016,0.21777341250266827,0.027778696144963273,38.418154076307914,778.0975234508514
3,2016,0.318012675007354,0.004094510412986254,38.30190483905459,827.5122110432593
4,2016,0.305221985998917,0.0030847156663975,38.626080636512384,843.4580484496222
5,2016,0.1776720449373474,0.03197288837051453,38.27614427930985,831.6871212005615
6,2016,0.2878635120229402,-0.011757231341335536,37.805812894049005,844.6591634750366
7,2016,0.34998521392400705,-0.0400224060304583,38.20153189353679,846.6404521130025
8,2016,0.07041098623622935,0.08038375707279141,38.53498536691411,844.6591634750366
9,2016,0.06610399685887822,0.08912794522466949,38.32071929510016,841.0558183987935
10,2016,0.2376210873678009,0.052655323525862045,39.983808865132204,845.3796320706607
11,2016,0.01717800758473381,0.0948251510746694,37.098734179651146,847.5410378575325
12,2016,0.19156373196065166,0.07979032771577597,40.08367907393684,847.5410378575325
13,2016,0.1865729263142835,0.07882022091477581,40.86058973551654,847.5410378575325
14,2016,-0.04194275628994946,0.09464539253147009,36.60600682892223,847.5410378575325
127,2016,0.28839058882957563,0.02971342642819379,40.474391189854764,872.6881410564696
128,2016,0.25983256354710416,0.04407045841119147,39.76053093112763,866.7451084852219
129,2016,0.26351499705133463,0.04070918001218928,41.14884992299083,866.7451084852219
130,2016,0.17544122571082346,0.08587247773781513,42.11892419716846,866.7451084852219
131,2016,0.3266609745689411,0.0011258651654228473,41.036076231493375,866.7451084852219
132,2016,0.350312634138458,-0.013534034832089587,40.75529799025818,866.7451084852219
133,2016,0.29556117579210944,0.017676293402963297,42.022852732071414,876.9955206559255
134,2016,0.3050120492520233,0.015085767873345233,41.42647262912993,911.1635612249374
135,2016,0.24666821941373354,0.05158709580535838,41.752543727075796,911.1635612249374
136,2016,0.30514524336045656,0.016765158299887395,41.90722530308191,911.1635612249374
137,2016,0.27849091546839794,0.031025413141815852,40.493890228233745,866.7451084852219
138,2016,0.23597106640216964,0.054378718085442,40.45124676105216,866.7451084852219
139,2016,0.24360051988240738,0.05400678598742369,41.63727722240739,866.7451084852219
140,2016,0.21021724862052016,0.0855764954638739,41.66125935146015,911.1635612249374
141,2016,0.25073576094620287,0.04968817061511899,41.85544061115634,911.1635612249374
142,2016,0.18057951614070708,0.09630596913670927,41.037730857125915,895.2998281036105
143,2016,0.34132616028451607,0.007865388479563824,40.156775779606036,880.6489671797586
144,2016,0.2926641110868058,0.03246685545311305,40.73261118819603,866.7451084852219
145,2016,0.25077596150049697,0.04025372277789036,41.25761455601203,869.0039986932978
146,2016,0.2167414406044701,0.07159901445072575,42.36159423071849,866.7451084852219
147,2016,0.2983635600542253,0.027965257275919673,41.04967903116668,866.7451084852219
148,2016,0.17487940882364633,0.0911891783728965,40.628443881901845,866.7451084852219
149,2016,0.35590329912526875,-0.017913663799977098,39.0737841328266,866.7451084852219
150,2016,0.13596019015160057,0.09134092532845531,39.94972910708481,866.7451084852219
151,2016,0.28511154288791635,0.05292225964926599,40.79387721992043,866.7451084852219
152,2016,0.30581361774229826,0.021653519464339036,39.6434999541692,866.7451084852219
153,2016,0.205245524347907,0.04327338656480868,39.42933415940975,866.7451084852219
154,2016,0.27759517573709575,0.046933964636206714,41.258771568737366,866.7451084852219
155,2016,0.2639108214793576,0.0383464278422826,40.439670577228206,866.7451084852219
156,2016,0.29883580701259127,0.03399662293755296,41.148026172370756,866.7451084852219
157,2016,0.4388509412633986,-0.023045305878274146,38.41547712666928,866.7451084852219
158,2016,0.4552931266710339,-0.04222038369319938,38.05699178737921,866.7451084852219
159,2016,0.3093478059199437,0.03987510727692136,42.69490214416075,866.7451084852219
160,2016,0.1960649794506476,0.07766155500389757,42.900120209945115,866.7451084852219
161,2016,0.2287003849534084,0.059250524467838475,41.67193064477089,866.7451084852219
162,2016,0.2858599945640952,0.018502621828570626,41.06724155461479,866.7451084852219
163,2016,0.2092605243590204,0.07315497358143745,40.65294421538665,866.7451084852219
164,2016,0.24960262140634845,0.03832960711612307,40.65595858366298,866.7451084852219
165,2016,0.2832546655507582,0.014106182641573223,38.38463645706503,859.1911382079126
166,2016,0.37194681971966165,-0.017199479843986537,38.65693936639863,836.5292273759842
167,2016,0.3070744978291444,-0.0013503239826662995,38.614974614289004,828.9752570986748
170,2016,0.3311269298016199,0.007929040848462887,40.56793783160295,866.7451084852219
171,2016,0.4359774056969928,-0.04881156549987823,38.44338251553942,911.1635612249374
172,2016,0.43278106808375977,-0.05812734896299173,37.308519797917064,911.1635612249374
173,2016,0.2972901652247852,-0.04831813278416109,36.427024387284725,892.5766155379158
174,2016,0.57108036814585,-0.13212144288953528,35.88695118900084,900.7992555856706
175,2016,0.3224163406191542,-0.04141304061813328,36.02006488038706,911.1635612249374
176,2016,0.47456903088418145,-0.11136227964234595,35.74866219079273,888.6534193894443
177,2016,0.23342012176042456,0.05386243017900024,38.308097493034495,864.774507543315
178,2016,0.25179309539654543,0.035633446495118896,40.482533904104784,837.911036349833
179,2016,0.26926940686028583,0.014036562779734757,40.47419856423199,875.6633045315742
180,2016,0.34137428162348377,-0.021916477710854417,36.729407362220606,911.1635612249374
181,2016,0.35464959212370417,-0.024730243456327416,38.50617239952581,894.7633150305066
182,2016,0.30912055743041905,-0.011210722272656919,37.77753390255471,878.1885481211874
168,2016,0.2750607031242631,0.01983167920548057,38.74517688129603,821.4212868213654
169,2016,0.26244250118711027,0.033115916651914275,37.95103809916154,821.4212868213654
183,2016,0.2687002388028901,0.02332020445838111,38.534129137259335,859.3269850677914
184,2016,0.33307020384151925,-0.020724122349956135,37.12840931052567,860.4489088058472
185,2016,0.2629472389884342,0.02002787370075863,40.8513575969485,860.4489088058472
186,2016,0.2882785607842271,0.013539846948621332,38.19697655666231,860.4489088058472
187,2016,0.29896221055410666,0.014950428870294566,35.19543337674622,821.4212868213654
188,2016,0.2556872505659936,0.0244359278777068,39.54438492459318,821.4212868213654
189,2016,0.46143501964720707,-0.12922735976705962,37.64820334257537,834.5494729855965
190,2016,0.3557048383067457,0.029371448259806216,39.698602072319076,812.4438779844958
191,2016,0.358104201628544,0.005066094137863538,39.040484790212346,814.9826383590698
192,2016,0.3239530937694203,-0.018371470024310426,39.20681516520844,860.4489088058472
193,2016,0.25819387459186,0.01801207823005861,39.270238393485165,858.1580155364104
194,2016,0.2965791170961277,-0.004111705756628631,37.56223434971004,826.8491408541088
195,2016,0.3143126118991991,-0.010543201178272102,37.264782217504404,796.3038972616196
196,2016,0.38500363619708805,-0.0544625998086176,37.82316341195285,802.8271187745919
197,2016,0.33332811591389766,-0.027594063048253313,36.687817873426695,799.5523739742196
198,2016,0.37697740521825096,-0.003948514492502914,38.376586367245864,777.5543128591775
199,2016,0.37734115513154326,-0.04164545053552558,38.06542733889476,765.3479204773903
200,2016,0.374775213798772,-0.006283632674493031,37.2287079534248,774.4191727623154
15,2016,0.3325983101709284,0.0019513529405922817,36.17845106616926,786.9130905171236
16,2016,0.3545835571250534,0.03021475046494063,37.48979138610177,845.3134083041867
17,2016,0.40017877912512184,0.03839758259419075,39.09973499520609,848.5952018657152
18,2016,0.3785121744610092,-0.016869714794748192,38.154281571348484,846.1177612543107
19,2016,0.36799785585760847,0.0005105470436648491,38.53037187255895,847.8680785894394
20,2016,0.4110825087417751,-0.05742625865245673,36.86943552130757,847.8680785894394
21,2016,0.2592074278774032,0.02133209844166641,39.56960887915041,845.0967428088189
22,2016,0.3728444581761782,0.005572395884380465,39.296527030552966,852.8624606891112
23,2016,0.3571658828489923,0.039487511373491956,39.83749257896713,862.1565118006298
24,2016,0.32901224120169564,0.01252863159165893,39.01944039561871,873.9945483207703
25,2016,0.2771374717667908,0.028128665106706818,37.50072695068485,873.9945483207703
26,2016,0.1973684692265872,0.06720332168824154,37.00216016739434,867.5873792290687
27,2016,0.4198509377034729,-0.02357595823213182,37.52439210765113,854.5116540061103
28,2016,0.5191813640610529,-0.09518032660557031,35.79078503714969,856.501173916985
29,2016,0.3894842364217607,-0.03845775255428744,36.785102400253685,854.6969889890063
30,2016,0.366085661954902,-0.009044264913166098,38.27517881699775,858.739383816719
31,2016,0.3667478994239996,-0.003714293348378527,39.88531756344598,858.739383816719
32,2016,0.2446702896803964,0.04838388537274599,38.07103027538563,873.9945483207703
33,2016,0.3551785595855451,-0.010435816674713775,39.870653699393536,858.739383816719
34,2016,0.32350236434710394,0.0025688414151294756,38.40609206646802,858.739383816719
35,2016,0.23294672582615175,0.05216572613701146,40.09043903888764,858.739383816719
36,2016,0.25094477559082207,0.04538230785461468,40.309810296147944,858.739383816719
37,2016,0.31444370679565165,0.002761041057677336,38.732073349708074,851.6131636608732
38,2016,0.290915465630941,0.020485368070506185,39.91373450458424,847.5410378575325
39,2016,0.20454234164219798,0.06275228860115042,41.1653130145161,847.5410378575325
40,2016,0.2175114648706436,0.06204965440185951,40.818435147199395,847.5410378575325
41,2016,0.20232404379954674,0.056929458810834964,40.64583446113302,847.5410378575325
42,2016,0.198859740704149,0.08992070512205347,41.22484670258978,847.5410378575325
43,2016,0.19899463648675134,0.07247862765630418,40.70979187393037,847.5410378575325
44,2016,0.21914346560866907,0.06655979219745457,40.552344362725,858.739383816719
45,2016,0.2817692387024084,0.029391168304634712,40.49197258234983,890.3520867586136
46,2016,0.29155678269271706,0.02043943736520389,40.51810505696117,854.4809209058681
47,2016,0.24432187684395323,0.039355890273511135,39.75315558665519,851.5998315016429
48,2016,0.1427095161490647,0.12978702196544986,40.52982594761907,857.6880219678084
49,2016,0.20877770141940116,0.08780748904195,40.04212185848824,851.0200038381985
50,2016,0.17633491587085146,0.073082543553312,40.2871241771092,855.1512759402393
51,2016,0.16671749978878442,0.11332013178603205,39.79807341378434,859.7174187898636
52,2016,0.2548652988683382,0.04926589386007363,39.42740788611015,859.7174187898636
53,2016,0.32873200952300086,0.004416225523246669,39.8951432980856,859.7174187898636
54,2016,0.14924393630563554,0.10878005640099396,39.89640946066027,859.7174187898636
55,2016,0.1814824706692619,0.11695112247931064,39.66624937104045,859.7174187898636
56,2016,0.16464631017713796,0.11947673918245559,39.413711798792555,859.7174187898636
57,2016,0.1269604388489405,0.13813214708691227,39.612731188360954,859.7174187898636
58,2016,0.29026941553771046,0.029261362044560795,39.69448184911836,876.0218911262659
59,2016,0.26334102673979487,0.03675304947448009,40.028835422267434,863.4828191655023
60,2016,0.17112330268204926,0.08237675413293907,38.59737128566588,859.9407899985879
61,2016,0.3488007217763162,-0.010941241544264242,40.19325512327939,901.4890176228114
62,2016,0.19883687790170515,0.07969434394912008,40.79297568826904,859.7174187898636
63,2016,0.2523655951326541,0.06393222938994286,41.77915350987657,872.896320104599
64,2016,0.2782726721818467,0.024965010138794055,38.81196259137716,869.0735275130118
65,2016,0.2685178376063017,0.03696000900206949,40.55406498673955,880.7170572206378
66,2016,0.30044824854205604,0.015646405777484194,39.01327235744351,872.6861645263784
67,2016,0.26369704348075107,0.03309385829724286,40.37593348137804,898.2552624940872
68,2016,0.24158085979747063,0.05496981214470767,40.35004192707733,858.739383816719
69,2016,0.35041211381850207,-0.0010729122223410862,39.78533497841715,885.9065504074097
70,2016,0.2818012506497147,0.035485416920733905,40.610987890638775,898.2552624940872
71,2016,0.33157666117957807,0.02056767748839029,39.96941884615541,898.2552624940872
72,2016,0.3174595296704982,0.01418087479011183,40.15785001624283,867.4249875307083
73,2016,0.24113011065085665,0.06450697424994238,41.215141892400354,893.9732798602846
74,2016,0.28533694387126474,0.033874038248665826,39.7338447348392,898.2552624940872
75,2016,0.16772338519371122,0.10478763500185977,41.49133454414181,898.2552624940872
76,2016,0.17151347476100917,0.10781567215272798,41.31905144847341,898.2552624940872
77,2016,0.2467290442248,0.05680153398777246,40.402745694441435,865.222825033324
78,2016,0.17133563778752814,0.10062488722796842,40.84496284721818,898.2552624940872
79,2016,0.3260345618140385,0.017297337182504157,40.6508809251995,873.9945483207703
80,2016,0.27105314689108767,0.04345128850704979,41.413781970641224,873.9945483207703
81,2016,0.2680352256420719,0.05040403268447689,41.33543142703375,873.9945483207703
82,2016,0.31807596170842717,-0.0070888047886151434,39.94745790552074,873.9945483207703
83,2016,0.248998438574386,-0.08959479680502509,37.07374039232294,876.5296358520335
84,2016,0.31723802288895037,0.014575977810463272,42.12831648846976,885.9456752538681
85,2016,0.22446787537074012,-0.0383401445160327,39.05201602382485,885.9456752538681
86,2016,0.3100730356757489,0.032453580189516974,42.491323990745656,885.9456752538681
87,2016,0.20113381997304697,0.07907910486995055,42.695171662647915,885.9456752538681
88,2016,0.24808661665716855,0.04074919708369195,41.14498482718365,885.9456752538681
89,2016,0.31989941083149814,0.006325279218252696,42.395891610177074,885.9456752538681
90,2016,0.28711829005245476,0.026162406399237177,42.07151228715376,885.9456752538681
91,2016,0.2903082532260576,0.03286119576973251,42.569523871691466,885.9456752538681
92,2016,0.25162784145896194,0.04684025440717848,43.04984346608497,885.9456752538681
93,2016,0.259664384822456,0.047549887026436616,42.20310620722129,885.9456752538681
94,2016,0.2881947476215362,0.02826716660603342,39.10160801845165,883.9538207650185
95,2016,0.3009898738723655,0.019223094528841744,40.040487108068824,885.9456752538681
96,2016,0.4514251914756539,-0.04292638908623559,38.99098666644031,896.2036646207174
97,2016,0.20807414333320717,0.0764878345492414,40.1575499020494,898.2552624940872
98,2016,0.4367752704480716,-0.041435464441763506,37.82321795594866,898.2552624940872
99,2016,0.3821581477681145,-0.03729890823956052,40.82138041160478,885.9456752538681
100,2016,0.3422864798690849,-0.007128746460331897,39.63136169637833,885.9456752538681
101,2016,0.3228078899379547,0.00046600730077789624,39.731349980412496,894.4085164815187
102,2016,0.33719258539537983,-0.0013931246918036705,39.87020583466566,898.2552624940872
103,2016,0.3286995867430577,-0.0073807045973287,39.11846203981951,898.2552624940872
104,2016,0.23509373455840535,0.057452252355024935,40.794599173054024,898.2552624940872
105,2016,0.22672430312941844,0.05892416783832981,40.670260587893964,875.6069085322894
106,2016,0.24521289844426603,0.05106571456433271,40.800610454412336,900.3332640666229
107,2016,0.3332189071654155,0.002824800213205769,39.438126252472934,898.2552624940872
108,2016,0.21648167123547615,0.0677824458721983,41.87182991912075,875.628799033165
109,2016,0.23013429715619926,0.065055617141773,41.28643000769918,911.1635612249374
110,2016,0.40184132988682186,-0.04050047504571453,39.30371447322781,911.1635612249374
111,2016,0.341610733291998,-0.019007705734234947,39.835959223988084,911.1635612249374
112,2016,0.29090555927950723,0.029833567080359585,41.44483390375514,907.1255200667815
113,2016,0.3062482141514796,0.004617722769129174,40.21653652901722,911.1635612249374
114,2016,0.24516658108085276,0.04703648485026793,40.918692156452764,872.896320104599
115,2016,0.226535031731383,0.08650408341212833,41.32011958414203,888.2032165527343
116,2016,0.19335015671783004,0.0889731743963145,41.701060728791596,872.896320104599
117,2016,0.313254104981423,-0.0025237934015830336,41.54653198865069,911.1635612249374
118,2016,0.36244196093965125,-0.03071808527286451,40.11528653114567,911.1635612249374
119,2016,0.3169920443711639,0.009254560187600428,40.23227512330524,890.9044335729935
120,2016,0.3106946809924179,0.033503622401404504,41.14367569455699,872.896320104599
121,2016,0.3325506132273307,-0.007351568306953975,39.627897224147354,872.896320104599
122,2016,0.39616362565582847,-0.060277447613751756,38.6635935400755,911.1635612249374
123,2016,0.3519696299292509,-0.02858061217623437,38.728965072622685,911.1635612249374
124,2016,0.24351250521237697,0.057598439430988496,39.059120774953996,872.896320104599
125,2016,0.2837451397034162,0.015124551002811334,40.23909896058043,872.896320104599
126,2016,0.3062982410320675,-0.006596318318119213,38.474531653479175,881.7272219016003
1,2017,-0.09211834521315293,0.14965726452738132,35.93051538410886,1419.5098050832748
2,2017,0.2504576767063051,-0.0022553029309070587,37.75179064105166,1419.5098050832748
3,2017,0.2898666782989221,0.020602100557743436,37.51471468117297,1492.358361240091
4,2017,0.28039001248952583,0.011750867344379913,38.1730607386516,1505.324773967266
5,2017,0.13640766353101028,0.027243664680899057,38.55745545479761,1495.753203845024
6,2017,0.271420995098829,-0.003294142150899891,37.73635171657909,1506.3014647960663
7,2017,0.3506836311937352,-0.05338302945264922,38.11826579092966,1556.6710996702316
8,2017,0.07215527419864604,0.029672472580451536,36.864456439756125,1506.3014647960663
9,2017,0.06294153556824546,-0.006637820632638917,36.41683232680093,1503.3713923096657
10,2017,0.20631541658101618,0.05886303660034438,38.230690889403796,1524.617695659399
11,2017,0.015566697974469615,-0.03667975545987091,35.58037285151881,1579.5663882493973
12,2017,0.17951713522631005,0.07459337713370778,38.59086745798881,1579.5663882493973
13,2017,0.17902889913620765,0.07221260967719,39.494288030918156,1579.5663882493973
14,2017,-0.056314353663066516,-0.03001773184451126,34.51851109690145,1579.5663882493973
127,2017,0.2625017339010035,0.043818585428865006,39.05872583943582,1668.8726206421854
128,2017,0.23232334547937658,0.05592137127244371,38.41107525249391,1668.1942249536514
129,2017,0.23137023756959021,0.05436703520393101,38.078194654011405,1668.1942249536514
130,2017,0.1736721879529429,0.09310512783152293,38.698237249949536,1668.1942249536514
131,2017,0.28491894753425673,0.033106747445460626,38.603921443995276,1668.1942249536514
132,2017,0.29334812748328487,0.015685295859414722,38.44590951240309,1668.1942249536514
133,2017,0.24159704972813872,0.03826338264279802,39.04260722606914,1679.5518541886258
134,2017,0.25011139528003573,0.03282227544229751,38.80380697366283,1717.4106183052063
135,2017,0.21810120857034906,0.07119534509836645,39.26428948163323,1717.4106183052063
136,2017,0.26270402591368475,0.037204457239402945,39.60871965148111,1717.4106183052063
137,2017,0.2564307578819517,0.0473269370351106,38.72087306330871,1668.1942249536514
138,2017,0.21205479499469043,0.05683293784863984,39.05478914596943,1668.1942249536514
139,2017,0.22497887985875203,0.056252831092053444,39.99572603137566,1668.1942249536514
140,2017,0.1974202223541481,0.08532906701667547,39.40826660542356,1717.4106183052063
141,2017,0.21488416787338488,0.059258761416063996,39.24979711905788,1717.4106183052063
142,2017,0.17972166091292888,0.0912186801664057,40.37114400216424,1699.8333349653653
143,2017,0.2842443274491175,0.025343024655954886,36.01495041674839,1669.7813469623698
144,2017,0.2565157378262158,0.052522545565528975,36.505938645310366,1668.1942249536514
145,2017,0.24757159645184285,0.046641841096338725,37.644758435024926,1668.4520767085692
146,2017,0.19606202974438022,0.06176907274881105,36.04132255653603,1668.1942249536514
147,2017,0.23879732745765336,0.05644727693336039,36.558803686128265,1668.1942249536514
148,2017,0.1653504239378216,0.08072049774185089,37.24436226424489,1668.1942249536514
149,2017,0.29294035260874607,0.0069486956176175035,35.936567867097175,1668.1942249536514
150,2017,0.1656681079392821,0.014892584861596269,36.67626551862602,1668.1942249536514
151,2017,0.22311105903714137,0.0774231023386934,36.866598346175685,1668.1942249536514
152,2017,0.25817279000991833,0.03763299315629886,36.20295665036519,1668.1942249536514
153,2017,0.2030266751199126,0.011818427662152034,35.17389421842029,1668.1942249536514
154,2017,0.23619986849702834,0.04463784099174802,35.645655433756815,1668.1942249536514
155,2017,0.2384051634411396,0.046460980882245366,36.28935178468821,1668.1942249536514
156,2017,0.24667227197944264,0.05809912579078376,34.53592095410466,1668.1942249536514
157,2017,0.3728302398595114,0.011244206291464102,34.036283322874226,1668.1942249536514
158,2017,0.4261706337300949,-0.013139088940215343,37.61414863190778,1668.1942249536514
159,2017,0.26350240823186616,0.08090397797325334,39.58361100738282,1668.1942249536514
160,2017,0.2004838267069917,0.07494946112048119,40.99723246620669,1668.1942249536514
161,2017,0.20731145247524824,0.06629300931819233,39.78476329928896,1668.1942249536514
162,2017,0.24474576690985728,0.0474373530532934,40.23955351070792,1668.1942249536514
163,2017,0.19501245343315246,0.0699239449301903,39.26577051380737,1668.1942249536514
164,2017,0.20292806539303165,0.05043677287643225,39.13993839673298,1668.1942249536514
165,2017,0.23588565799183026,0.029926879859934537,39.12688022539788,1654.050725956758
166,2017,0.2903172913477705,0.005255683855990144,37.23822514262904,1611.620228966077
167,2017,0.2389487152346686,0.021039612360335233,38.180274869378195,1597.4767299691835
170,2017,0.30909110410295193,0.02678824707449568,39.035438090961236,1668.1942249536514
171,2017,0.3938885144536249,-0.0141403107999692,38.23051493216603,1717.4106183052063
172,2017,0.38399928901294145,-0.020962733855519663,37.15053113126799,1717.4106183052063
173,2017,0.2858600545274315,-0.07750279715206618,34.943687404359565,1678.611464187077
174,2017,0.5431549414928306,-0.08003108599762977,36.46079960478965,1705.9267931898437
175,2017,0.29818944888099985,-0.02134408391612805,36.2976411119167,1717.4106183052063
176,2017,0.44188229801855444,-0.09841227268021467,35.94122819634297,1670.4220233524545
177,2017,0.20754331405973686,0.049917951238161645,38.372197634294444,1664.5046165196793
178,2017,0.2321061480988836,0.04479307181616821,39.78134133372851,1609.7542430236936
179,2017,0.23926141353514654,0.03448258871972377,38.748068409984256,1672.3607440948488
180,2017,0.3074356575496372,0.0043629930421629146,37.6728435283478,1717.4106183052063
181,2017,0.3096361305524156,0.005376395297765139,38.53407308758539,1683.176070553916
182,2017,0.25922022384403176,0.01565129273722054,37.39376524354353,1664.991898616155
168,2017,0.24470292020725065,0.03165308732373109,38.643948097243424,1583.33323097229
169,2017,0.25056050384697753,0.01677094930289942,39.100703910135735,1583.33323097229
183,2017,0.24091821145111164,0.03507543606639744,38.31704351753883,1649.2654502745027
184,2017,0.2879518283820336,0.009862219980029518,38.46128529570933,1653.0536551475525
185,2017,0.23127553066923387,0.03604420404226105,38.297396501405984,1653.0536551475525
186,2017,0.26732819315385103,0.02073682466832286,38.94506983102456,1653.0536551475525
187,2017,0.23819990374944858,-0.014755820530062795,39.19463836610011,1583.33323097229
188,2017,0.25064215434031895,0.004937158445751119,39.55051383025844,1583.33323097229
189,2017,0.4639564624631548,-0.15719745273474073,37.21953673161863,1610.8610424481592
190,2017,0.39969691700691584,-0.017907551649163484,37.49409354155481,1577.561194777489
191,2017,0.36132608821930196,-0.014398147805058263,38.09025400992712,1580.8227212429047
192,2017,0.28667023262547325,0.005487155265955871,37.928484807558924,1653.0536551475525
193,2017,0.24012077038788746,0.02339726974096957,38.64555589628732,1649.75413406321
194,2017,0.2921049139090439,-0.005513624667451618,37.17274307248469,1604.66067924386
195,2017,0.2785285767291696,-0.01973660018211118,36.62036876705107,1560.6670647859573
196,2017,0.3554115743265986,-0.03550075939676426,36.67049256675483,1570.0623112634075
197,2017,0.3207936752886629,-0.05281762152167512,36.01972167115577,1564.172396343687
198,2017,0.3864405023291299,-0.02882442782819847,35.81271715240722,1555.1653640568254
199,2017,0.34018078545193947,-0.01979909689302067,35.45471232022009,1552.8186219930649
200,2017,0.38859416443429134,-0.049304625325776355,35.08334143246812,1552.7944159055057
15,2017,0.3395684511024323,-0.028692779285591587,37.253820616006735,1440.5736088355382
16,2017,0.3548179480357297,0.03427771912494196,38.44125310199156,1521.0524498687207
17,2017,0.3876212029831468,0.04580498745686337,40.18104998119201,1581.8257477897055
18,2017,0.3667279968546666,-0.025939243680255412,38.6740682821247,1539.187860087915
19,2017,0.3371243319194786,0.022269506921797525,40.80538156069906,1578.6515344381332
20,2017,0.3607722333277832,-0.05568799470195605,38.93782774665515,1578.6515344381332
21,2017,0.26251750765951903,-0.01833330893533202,38.3987622280176,1516.167383383621
22,2017,0.3458437467057605,0.03547295303865939,41.41771849673883,1600.4542120044882
23,2017,0.3257949027120947,0.06646388540728627,43.52840141455223,1613.411539060729
24,2017,0.2707102150590826,0.04549099532634523,41.21010089330602,1633.2259752750397
25,2017,0.21719673506451131,0.03319101664222348,41.30922692898775,1633.2259752750397
26,2017,0.19572397264570282,0.009928966973344675,39.675378591703314,1629.4979282832144
27,2017,0.3469354823964044,0.05281302887483742,40.832775043987155,1606.5781746175555
28,2017,0.44663176528424137,-0.021487447506485274,39.598871110843206,1614.9412326392007
29,2017,0.39576046756763705,-0.02452090135116875,40.144780691581985,1607.9816735982895
30,2017,0.32092360217936183,0.025230854426689864,39.86082904087981,1624.3496729135513
31,2017,0.30734769975313114,0.03494874529821669,40.073366944276174,1624.3496729135513
32,2017,0.19860285972805433,0.07550181055469286,38.33132462567592,1633.2259752750397
33,2017,0.2979213680367402,0.027502688258788655,41.474911730292995,1624.3496729135513
34,2017,0.28804258117945,0.03001711057023223,40.59341459746566,1624.3496729135513
35,2017,0.2157577658765878,0.05563472504241138,40.905441248870055,1624.3496729135513
36,2017,0.22574573245327953,0.05607226109006662,40.90101213809949,1624.3496729135513
37,2017,0.2918548355912948,-0.010869834802651518,39.10752103197581,1595.8512190363622
38,2017,0.29850895528740934,0.006583496473077614,39.44625827226402,1579.5663882493973
39,2017,0.20748524650245578,0.06197250139433851,40.191503565840286,1579.5663882493973
40,2017,0.21275888502523274,0.055430618546879175,40.028661382352524,1579.5663882493973
41,2017,0.20024426098412318,0.05352772008543576,39.118041956423895,1579.5663882493973
42,2017,0.19788747043322244,0.08174295522479026,39.979617265585645,1579.5663882493973
43,2017,0.20633505535833058,0.06677399236671247,40.053833604410734,1579.5663882493973
44,2017,0.20365246405708579,0.07226349803696061,40.919479842507286,1624.3496729135513
45,2017,0.25970423482506083,0.03841470285075848,39.78182396124476,1670.766887307167
46,2017,0.24417070461128035,0.03706246749375489,39.51022548903717,1596.9790800611179
47,2017,0.21994549076070435,0.042395506428621256,39.278025512371656,1587.5254370768866
48,2017,0.1560503076507083,0.107842395075515,39.21147938392859,1599.4640103181205
49,2017,0.19886748895600673,0.08203019059166716,40.207641876534254,1586.388430101531
50,2017,0.16553941207092995,0.07496777176810122,40.61118452292406,1594.4896048009398
51,2017,0.1715861134285784,0.09250829343453645,38.98408472402341,1603.443534731865
52,2017,0.24426105660894973,0.0488115348396499,39.38297563845094,1603.443534731865
53,2017,0.2952387647267743,0.026453491661420955,38.841653369750496,1603.443534731865
54,2017,0.15340268458557424,0.09751788005159588,38.9180047040881,1603.443534731865
55,2017,0.17949994797457783,0.109243036002852,38.78306330415581,1603.443534731865
56,2017,0.16513661899515333,0.10560843945170183,39.105246573273924,1603.443534731865
57,2017,0.13469544700836825,0.11905194555412435,39.42395364816525,1603.443534731865
58,2017,0.2584478441884791,0.040171891644200125,39.044268281848915,1636.83600465151
59,2017,0.24483296450910022,0.04119652546215813,38.92145692603102,1613.1825267757686
60,2017,0.1586557038383685,0.05240247464128701,37.61421723098603,1604.0212715480286
61,2017,0.30718367155947496,0.011710443467601729,38.99934450885023,1692.0664272563797
62,2017,0.1933424345514099,0.07267821640689692,39.55872404295404,1603.443534731865
63,2017,0.2338272265071753,0.06459442948585062,39.33498763995931,1637.5300068855286
64,2017,0.21208347776844758,0.0549447651612254,40.01755089108869,1630.362651932624
65,2017,0.20043830817721156,0.05736001925134398,39.58380992859507,1654.1284694224596
66,2017,0.2462328441063818,0.04330369359940128,39.64041508887558,1644.8278557342642
67,2017,0.22805334223151627,0.04985723613343662,40.05722139684963,1682.371190905571
68,2017,0.2167521377383637,0.06850886406496924,41.03073533423209,1624.3496729135513
69,2017,0.2978688602723621,0.03995416939275923,40.37837703720821,1664.2394665330648
70,2017,0.2358737589010423,0.053758472570895055,40.37857175051445,1682.371190905571
71,2017,0.29724470458751384,0.031292020880478125,40.457350478619,1682.371190905571
72,2017,0.2914330530226836,0.04283920815159177,39.01745256523091,1619.2290659666062
73,2017,0.220927048852897,0.08527529653397216,40.0075386414077,1673.6014513307146
74,2017,0.25474301039874764,0.04196971461356055,39.800209727885914,1682.371190905571
75,2017,0.17427852642650532,0.1001295622315761,40.68175032432838,1682.371190905571
76,2017,0.16689872198587813,0.09774846209785677,39.440888558529366,1682.371190905571
77,2017,0.23183604093054588,0.04017940994838851,38.65201822497017,1614.7189141852514
78,2017,0.1695053770296252,0.08563141262084878,39.70529735014255,1682.371190905571
79,2017,0.2743247347933134,0.03958022833597385,39.70225643069598,1633.2259752750397
80,2017,0.23081621622717566,0.05290796216763407,39.23028550009076,1633.2259752750397
81,2017,0.23623846692256836,0.05517989331212153,39.243219832571775,1633.2259752750397
82,2017,0.23873183184938768,0.014015671254750502,39.62038128340385,1633.2259752750397
83,2017,0.18416450907060214,-0.10433756760474,37.307988398301,1641.1083973104305
84,2017,0.22165669288792114,0.035893758952213584,39.91064269102254,1670.3859648704529
85,2017,0.19316017294127671,-0.05705591840112148,37.92270647300798,1670.3859648704529
86,2017,0.23469789973126964,0.05628506502952743,40.21850236996887,1670.3859648704529
87,2017,0.15987422230286477,0.08571339689616789,40.25472544759434,1670.3859648704529
88,2017,0.1855481276049102,0.06050468784557504,40.051956221921166,1670.3859648704529
89,2017,0.2123017185010116,0.04175915259583126,39.69980346971854,1670.3859648704529
90,2017,0.2257334939614702,0.04081871488131718,38.96685939426316,1670.3859648704529
91,2017,0.21327692873628465,0.05573426550220495,38.432257561163865,1670.3859648704529
92,2017,0.19020021782103266,0.060240403636960774,38.96992029882299,1670.3859648704529
93,2017,0.2290094625286445,0.05023844105905285,39.83408613847188,1670.3859648704529
94,2017,0.2216922123595967,0.0387612474814964,40.262720258161316,1664.1926332712173
95,2017,0.2421648815163074,0.035511523121721525,40.44090215386237,1670.3859648704529
96,2017,0.3687662020508455,-0.007787757357646992,39.31178696567976,1680.3736532330515
97,2017,0.2032179925785585,0.07079219803504935,40.151281007620504,1682.371190905571
98,2017,0.4058688248010075,-0.021008693534273447,38.98644614249017,1682.371190905571
99,2017,0.30804408057782406,-0.003285607901895333,39.445699504173,1670.3859648704529
100,2017,0.2869931690429459,0.023281364378927437,40.4292072848346,1670.3859648704529
101,2017,0.2791110101024335,0.011729273631920905,40.08873603878153,1678.6258077695966
102,2017,0.29849982847497847,0.030110661068930806,39.51605801222745,1682.371190905571
103,2017,0.27971588154681293,0.020446651631324083,39.53100931670627,1682.371190905571
104,2017,0.21212212598978342,0.05626450947416031,39.93576446482896,1682.371190905571
105,2017,0.20461637292249332,0.06548642490482362,40.9363891126028,1669.2057972229445
106,2017,0.21407469890010128,0.06693008111083187,40.36445441406873,1691.3086722539022
107,2017,0.2889941551117682,0.020127792229572665,39.21837195155222,1682.371190905571
108,2017,0.2043437728989588,0.08006827883214908,39.62296642324281,1678.0375036239623
109,2017,0.1972281652119175,0.06516911320353123,40.19548375169149,1717.4106183052063
110,2017,0.3487332555315346,-0.0065575248498882565,38.98261385768662,1717.4106183052063
111,2017,0.30202243504467835,0.0019022870380582472,38.70022997778171,1717.4106183052063
112,2017,0.24548825280683803,0.04297643094373725,39.43801991523584,1712.9364007277923
113,2017,0.26957581706896494,0.023290895762630912,39.707806939988146,1717.4106183052063
114,2017,0.22888243993308058,0.053233114092962754,38.622886681037365,1637.5300068855286
115,2017,0.21420924114788095,0.08162410901268108,38.87447947499579,1669.4822514533994
116,2017,0.18260125540782254,0.09090121400126694,38.35225789568766,1637.5300068855286
117,2017,0.2743941419440366,0.018745282280671058,39.493505427407136,1717.4106183052063
118,2017,0.31952334246135244,-0.009798920622481095,38.77038706605323,1717.4106183052063
119,2017,0.27992811831511233,0.022480528694405255,37.895187937073594,1675.12088284773
120,2017,0.26593832240030657,0.05142566721776726,38.02707201755276,1637.5300068855286
121,2017,0.2812836887902025,0.01848330576939207,37.824944885354036,1637.5300068855286
122,2017,0.3395948744325243,-0.02696553456089262,37.47056784065547,1717.4106183052063
123,2017,0.3061389018923679,-0.004030013746205365,37.12919672861299,1717.4106183052063
124,2017,0.2327303890275228,0.050701253479707276,37.294505505357854,1637.5300068855286
125,2017,0.24725335354018338,0.0332156092953571,37.96371226804222,1637.5300068855286
126,2017,0.2526417157511758,0.02637506217164175,36.941467057840626,1655.9639941362234
1,2018,0.03453405983587103,-0.00026872703224044265,36.85685534668403,1129.9958471203172
2,2018,0.2657921630271369,-0.04574212201189739,38.26296149472702,1129.9958471203172
3,2018,0.38692795595744034,-0.0786791691822889,37.33698978165708,1197.9133005407684
4,2018,0.32152824054323687,-0.021905777350252068,38.9413977144697,1189.29701767924
5,2018,0.14973819484716036,-0.0037765996093503877,37.88366776406972,1195.657401027932
6,2018,0.27974505075121175,-0.011218897739201464,40.18915450372263,1188.64799897019
7,2018,0.364924972495004,-0.05782200472552776,38.41599818730212,1218.673602172156
8,2018,0.06320976296651158,0.03407088186298356,37.87605521633109,1188.64799897019
9,2018,0.05730316006896755,0.034013649251007944,36.95447288061186,1190.5950550973405
10,2018,0.22936961435814246,0.05861168778936107,38.94946231904541,1199.5664001345413
11,2018,-0.028111677394953877,0.030677937245156165,35.24622821930004,1232.321603627595
12,2018,0.19301377165421654,0.07360513205261018,39.18585889771371,1232.321603627595
13,2018,0.1930483494374401,0.07695043613992754,39.534303185163346,1232.321603627595
14,2018,-0.07036245716880198,-0.007043838999390141,34.89343759646752,1232.321603627595
127,2018,0.2748099053697358,0.02472010912708289,39.354125154704086,1290.913893974788
128,2018,0.25437409580559456,0.04125973655374215,39.211447640865785,1285.516072229244
129,2018,0.25290797950524885,0.028328165157573186,39.51315261543057,1285.516072229244
130,2018,0.18374934973367343,0.07289995245676495,39.66401872409673,1285.516072229244
131,2018,0.2937353124718046,0.014735994134496175,37.681785830155505,1285.516072229244
132,2018,0.31696703402490045,-0.004463224646291926,38.40559746867554,1285.516072229244
133,2018,0.2589415933773185,0.03365042335770246,38.97924966998633,1299.4085621816075
134,2018,0.24505102925867558,0.03956500301285425,38.319766132233326,1345.71686202282
135,2018,0.22042469513872326,0.06337270606599679,39.90559868228881,1345.71686202282
136,2018,0.24174571633067762,0.04137370640045294,39.48484838256535,1345.71686202282
137,2018,0.26842530286457633,0.02976930014656741,38.07235846552068,1285.516072229244
138,2018,0.20807897113228374,0.06105982078578911,37.06878654514893,1285.516072229244
139,2018,0.20118011441579567,0.06320735441270814,38.26491931575346,1285.516072229244
140,2018,0.20562497451625686,0.07659230117126956,39.45092942454849,1345.71686202282
141,2018,0.20742238686350287,0.059134207068852127,39.774693103935604,1345.71686202282
142,2018,0.17023569011345716,0.08806213817713357,39.03386268776356,1324.2165799536858
143,2018,0.2902862630349038,0.025926227835525516,39.797417453540135,1298.1443979044955
144,2018,0.2570397773293648,0.03946851895403755,40.54440200788313,1285.516072229244
145,2018,0.2256008611139375,0.0471982312348072,41.05628478617768,1287.5677329832063
146,2018,0.21524089690269266,0.060615966068529085,41.30106397072536,1285.516072229244
147,2018,0.251411126159977,0.056433687998087546,40.53902115392942,1285.516072229244
148,2018,0.17090374700583116,0.07284630769056842,39.76044234098572,1285.516072229244
149,2018,0.30797286093196374,-0.005557275749377254,37.98561250970627,1285.516072229244
150,2018,0.16467101563109737,0.04664023351059363,40.83782924741698,1285.516072229244
151,2018,0.2483092635573286,0.06183523820591743,40.1583653152501,1285.516072229244
152,2018,0.2574761476915783,0.028971538336369944,38.712677061932105,1285.516072229244
153,2018,0.19875426909198027,0.02210275387077973,39.789953342502706,1285.516072229244
154,2018,0.2635094921270032,0.05083842666352514,40.91186029929853,1285.516072229244
155,2018,0.22704262762942956,0.050058639246001166,38.91488933850069,1285.516072229244
156,2018,0.26624178595765885,0.0473848886448715,40.565243620059135,1285.516072229244
157,2018,0.40311263987206386,-0.034552454566836685,38.73452654635353,1285.516072229244
158,2018,0.4308487555032274,-0.04029826012180007,38.7217747052305,1285.516072229244
159,2018,0.2749071072688697,0.07126402714767897,42.40456682881923,1285.516072229244
160,2018,0.1825107990610686,0.061769857514434166,39.777996506651014,1285.516072229244
161,2018,0.20262961090512516,0.06463848302284793,41.43954126117793,1285.516072229244
162,2018,0.23584891640072628,0.03953470141226206,41.409153545698246,1285.516072229244
163,2018,0.1889537903579474,0.06856221613170385,41.93414560895809,1285.516072229244
164,2018,0.19725380950404411,0.04257606955202657,39.70030240398239,1285.516072229244
165,2018,0.22224750264196924,0.042778169110250834,39.96765747867144,1268.58531487284
166,2018,0.3079766147742611,0.003035817401553872,38.825532166508395,1217.7930428036275
167,2018,0.23395434267008228,0.03321649605429384,39.06750391603628,1200.8622854472235
170,2018,0.28661641065523424,0.025152265484070676,39.21018912606814,1285.516072229244
171,2018,0.4121648671216971,-0.03440549961490803,38.370648669570535,1345.71686202282
172,2018,0.4093879905727274,-0.044812155277343536,37.37136848413641,1345.71686202282
173,2018,0.3428263933246755,-0.0988891015234758,35.383240927287645,1315.2550103340536
174,2018,0.5507411327231122,-0.11409156984532118,35.41474042573902,1331.6700110709858
175,2018,0.32535875019371885,-0.045071984233645,36.61977852930774,1345.71686202282
176,2018,0.47929305413230117,-0.12912959534321553,35.96215727191081,1308.825346136771
177,2018,0.2385016695449866,0.006630298680003561,38.03420233474005,1281.0993529188777
178,2018,0.2502479442859126,0.028175331434323162,38.783342005129064,1215.0082083935883
179,2018,0.26542832385812587,0.01828097939383886,39.50782020253717,1282.917299259732
180,2018,0.3181618749295536,0.00023389915080622702,38.909417084138774,1345.71686202282
181,2018,0.3298951629715567,-0.020451369154159058,39.34738957313062,1318.8387575915556
182,2018,0.28691045229057405,-0.00548450818148766,38.70553165206407,1288.499037340839
168,2018,0.22243949805916066,0.040612784838669994,40.35146865795956,1183.9315280908195
169,2018,0.2550248305929917,0.008331415187447889,39.56893508548928,1183.9315280908195
183,2018,0.2593042603160193,0.023156885500037513,39.47952892253818,1254.2056687021025
184,2018,0.325752202736743,-0.019171737058801475,38.23823606249699,1256.0032009326942
185,2018,0.24828036360937922,0.023388526624931433,38.0241731621496,1256.0032009326942
186,2018,0.28608249794061164,0.00893002500829619,37.972700604142695,1256.0032009326942
187,2018,0.29271316555129867,-0.026452020757155317,37.41865783159661,1183.9315280908195
188,2018,0.27021986118367947,-0.003508186744093917,39.30128918488984,1183.9315280908195
189,2018,0.4666869304764475,-0.17253577064110065,37.282414414328315,1224.3092329539938
190,2018,0.3668095434562217,-0.0018148062793399136,39.813318617716924,1216.0605702219025
191,2018,0.3814622765638479,-0.03434387917555178,38.620222777720876,1224.477463876959
192,2018,0.3153788105936479,-0.023843223521478985,37.33434783201261,1256.0032009326942
193,2018,0.2576018619387593,0.021969469712491786,38.203107159433166,1254.1392422216124
194,2018,0.29589317573355617,-0.0058956905089167025,37.15760773139511,1228.6651398368247
195,2018,0.2922225932661302,-0.012807658568529457,36.78909797841371,1203.8123570223977
196,2018,0.36921325477371614,-0.07658114014653863,36.66805123887021,1209.1199004709024
197,2018,0.3257623091164694,-0.05594462836264537,36.98901925857021,1207.406288649278
198,2018,0.40724510781762147,-0.06912820898826687,37.49425088525125,1184.962699399396
199,2018,0.3936782264585127,-0.08821380449652005,37.03576352720073,1173.5536811465295
200,2018,0.40958079421473237,-0.0625294350051657,37.364026581954555,1180.7974346831072
15,2018,0.35982060158991414,-0.04452444349023964,37.09020283743044,1151.838920684128
16,2018,0.39603151214982873,-0.027368660257219377,38.55988337000003,1197.6756202829006
17,2018,0.42653503340055376,0.005952646080062087,37.75304625362553,1231.5421595957866
18,2018,0.4256291147469691,-0.07472649594728344,37.51922966416894,1208.7745140180075
19,2018,0.3478869065029157,0.011055890853946152,38.2351180272171,1232.9263320753887
20,2018,0.38638671650823586,-0.0865835139861497,35.11066674113606,1232.9263320753887
21,2018,0.2848936843308562,-0.010344961882929049,38.33242160677503,1194.6859534845353
22,2018,0.3552044052764348,0.02020338905116318,38.96502933172699,1223.4188847407481
23,2018,0.3337987957315663,0.03274549089799637,40.272675765161694,1259.3881059831865
24,2018,0.28953379121310924,0.025011805245803896,39.443196196721,1298.7701614728876
25,2018,0.25468679667320204,-0.015998771835446637,38.95136175147152,1298.7701614728876
26,2018,0.19291531592106115,-0.002076226785659026,38.79037726578606,1294.9123483313513
27,2018,0.3451825720173422,0.035660936400350944,39.186684574247415,1267.5510076388205
28,2018,0.4570552431036753,-0.07509697991969765,35.602792756233264,1277.9198944385648
29,2018,0.4321230554692786,-0.07781044552511468,36.00114500815825,1268.8168534160102
30,2018,0.31843332399977264,0.006882632142184675,38.17030525940592,1289.584892088277
31,2018,0.29882852853438774,0.01745734106281881,39.40339259551864,1289.584892088277
32,2018,0.19605101327146834,0.06742735680970423,38.948781908665524,1298.7701614728876
33,2018,0.27601738709441637,0.025752245378068608,38.36818901448338,1289.584892088277
34,2018,0.28711223619808685,0.00910393715830129,38.751141666833085,1289.584892088277
35,2018,0.22826914080350968,0.042959128084844506,39.50972981116125,1289.584892088277
36,2018,0.2598917397213659,0.040328739377620014,39.89875287140306,1289.584892088277
37,2018,0.35524361367986557,-0.0458688514336186,38.923631627715174,1253.1446176132977
38,2018,0.3096183698725629,0.006599122058347134,39.053642958962676,1232.321603627595
39,2018,0.23070638933148122,0.04619768196804291,40.01185357255113,1232.321603627595
40,2018,0.22394988415177466,0.06474718188481712,39.3373849231523,1232.321603627595
41,2018,0.2031948015233355,0.06011395606876206,39.10312647760574,1232.321603627595
42,2018,0.1973083371792653,0.09796604355148705,38.99641356366687,1232.321603627595
43,2018,0.21931470619975682,0.06608331165915787,39.504697187117806,1232.321603627595
44,2018,0.2350641856274516,0.05209839981238318,39.96589482947053,1289.584892088277
45,2018,0.27620505457141475,0.031576919469603275,40.96853052692414,1340.1684088407296
46,2018,0.2693454682370195,0.03692376469811179,41.383608546113734,1257.9890109579596
47,2018,0.22627636947477062,0.05154012505199497,39.63565359118862,1245.2204243637957
48,2018,0.15149984243740983,0.13155227223619323,38.43407411214289,1264.5686554680965
49,2018,0.20141838337270102,0.09755942161787702,38.47608530886166,1243.3777356871956
50,2018,0.18962672400539293,0.055401713607735714,38.85049255078886,1256.5068925079713
51,2018,0.1690187967761826,0.11791442942644738,38.32991260148037,1271.018065836197
52,2018,0.2536077631630115,0.044058060013402255,38.91039350517714,1271.018065836197
53,2018,0.3202958652678059,0.008206305901069966,40.289895150600906,1271.018065836197
54,2018,0.15388244045267208,0.11952530641974464,39.226493148585476,1271.018065836197
55,2018,0.18561631220945624,0.11884746753247083,38.880854734934594,1271.018065836197
56,2018,0.17136020330387813,0.12173226649679639,38.90491189233592,1271.018065836197
57,2018,0.13250910087542264,0.1407560355413862,38.92477360790261,1271.018065836197
58,2018,0.27908859954004495,0.034830271111698154,38.126006805652594,1305.6241598407778
59,2018,0.26196271931609505,0.03632543041291159,38.464520806205776,1274.4418427448654
60,2018,0.18196995025323962,0.030688408796987657,37.54847225101825,1271.2211712460332
61,2018,0.3267220107020588,0.0028607863427371405,38.16036950806476,1347.3581993769544
62,2018,0.20528119121379473,0.08227987653124273,39.57090938771285,1271.018065836197
63,2018,0.23203912819002767,0.0684600246121681,39.4958588273883,1283.0012850165367
64,2018,0.2139545718815201,0.06168053384075775,38.10496054812727,1295.8071713488196
65,2018,0.21067321997959748,0.050480671363693205,39.06432308448376,1301.1242392532208
66,2018,0.2306828033213694,0.05652458570787077,38.16623997263605,1311.901149479065
67,2018,0.2220773618644925,0.06196471146409528,38.66605530719656,1352.8142880288428
68,2018,0.19429965307712577,0.08163841817961298,39.18514177897809,1289.584892088277
69,2018,0.3348312594876314,0.005473841424498247,39.07942095118539,1333.055101797416
70,2018,0.25700526239115495,0.037501425174933704,40.35660178243886,1352.8142880288428
71,2018,0.32415384486970483,0.014152292588279939,40.55453443982946,1352.8142880288428
72,2018,0.33424345942599964,0.0037012054087257394,40.24758315559304,1287.3773102747261
73,2018,0.1926224154909802,0.08138062862499457,41.12127492918638,1343.7258188963265
74,2018,0.2670852830933687,0.037941596103808366,38.48080043522018,1352.8142880288428
75,2018,0.1890002951772761,0.09672395363843875,41.285545507910456,1352.8142880288428
76,2018,0.18058701917355616,0.08897783896051692,40.08409488704059,1352.8142880288428
77,2018,0.25786943555716746,0.04417582035398663,39.9444191193877,1282.7032404351462
78,2018,0.19053922341238477,0.09524310178743442,39.86447474201292,1352.8142880288428
79,2018,0.2850511742260986,0.03974195079391344,39.616043451224904,1298.7701614728876
80,2018,0.2453485301449518,0.06341641722137639,40.223254141695605,1298.7701614728876
81,2018,0.23922971939947016,0.06453464249520462,39.95683661388017,1298.7701614728876
82,2018,0.2785215188749081,0.001970830426872718,39.704121976335834,1298.7701614728876
83,2018,0.2365738758953986,-0.09678079823864204,38.16671092108564,1299.6578945078954
84,2018,0.24374282698280042,0.03585941158245179,40.60606922794472,1302.9551886379245
85,2018,0.23748648049097465,-0.03129190466885703,38.74949445373048,1302.9551886379245
86,2018,0.2718528946281752,0.04093085242371438,42.23937074984186,1302.9551886379245
87,2018,0.15633088427734834,0.08483291059849064,40.60342384104972,1302.9551886379245
88,2018,0.18334722937491793,0.06621847506370908,39.99679909484839,1302.9551886379245
89,2018,0.22413562446074065,0.04502044673378407,39.46950130576761,1302.9551886379245
90,2018,0.21330130853134016,0.03420591300812703,39.4092542506228,1302.9551886379245
91,2018,0.23465633099345137,0.05476346460272289,40.323991371065986,1302.9551886379245
92,2018,0.1930113688071614,0.06625480760543617,39.62774257907325,1302.9551886379245
93,2018,0.21157439024072608,0.06587194663336735,39.65821468857403,1302.9551886379245
94,2018,0.23634740167731513,0.04944043013192718,39.76819124451618,1302.2576841104185
95,2018,0.22888714328180004,0.05037107732593934,40.017693667700996,1302.9551886379245
96,2018,0.3958358972610745,-0.026597848729982453,38.46405280162699,1344.5044381303564
97,2018,0.20831351532834755,0.07613457819535527,38.953220238645194,1352.8142880288428
98,2018,0.44177208882322483,-0.042887965911761285,37.63323463068888,1352.8142880288428
99,2018,0.2724764621284228,0.004593383661797353,38.4034069492761,1302.9551886379245
100,2018,0.28369796671803993,0.01967373547764345,38.46015396225274,1302.9551886379245
101,2018,0.28137101645877616,0.0037200444573862613,38.53365416155212,1337.2333194691807
102,2018,0.3097446578740993,0.010077925023879237,38.870949859763776,1352.8142880288428
103,2018,0.2921158245269031,0.01047643331217078,38.949993863268766,1352.8142880288428
104,2018,0.2490590743575893,0.04931339431431723,39.902397504098445,1352.8142880288428
105,2018,0.22807539651836384,0.048550835091564715,39.489149504074526,1293.5648951870967
106,2018,0.2375598620087797,0.05524417364980993,38.26585485139241,1342.9598339668485
107,2018,0.3069668816209921,0.015079018351992383,38.69192819417974,1352.8142880288428
108,2018,0.20695079611249423,0.05098961817842475,38.07856911884909,1297.5562301879593
109,2018,0.22615542720708698,0.054639770846368146,37.20551659430506,1345.71686202282
110,2018,0.3529365838308136,-0.011751911957443378,37.658210037541245,1345.71686202282
111,2018,0.3177680516774493,-0.011380592790331516,37.50198201791662,1345.71686202282
112,2018,0.254548625477617,0.040750181398535236,37.01570322096082,1340.2440629506766
113,2018,0.2639628734434628,0.0270855414686364,38.329860658228775,1345.71686202282
114,2018,0.23233575376267548,0.04437084259465281,38.87794868053978,1283.0012850165367
115,2018,0.23381027860574988,0.07808136157083276,38.94219868081036,1308.08751581905
116,2018,0.18880282588689984,0.08234495234216682,38.46151249164289,1283.0012850165367
117,2018,0.2593728214025284,0.02388932540891603,38.347679627359035,1345.71686202282
118,2018,0.335345838993459,-0.0240931755725741,37.326874399819985,1345.71686202282
119,2018,0.29733759027248885,0.020626426664055265,37.18481050074551,1312.5144977253758
120,2018,0.2834785526186409,0.04166339031414241,38.566759313682944,1283.0012850165367
121,2018,0.30929660440764417,0.003074291084281694,38.19225752857255,1283.0012850165367
122,2018,0.36188117549401055,-0.05250530747853428,36.81801436305081,1345.71686202282
123,2018,0.3333293116824954,-0.019185973008353095,36.736670584561956,1345.71686202282
124,2018,0.24096879311923208,0.044749876855394416,37.97590334481834,1283.0012850165367
125,2018,0.2504012867080218,0.029398935333336196,38.95169316908359,1283.0012850165367
126,2018,0.2716252038473876,0.005399028673581503,37.50293938889003,1297.4741104795253
1,2019,0.06783486656489823,-0.001360440942303574,37.33980720568497,1057.5097097892726
2,2019,0.22166591371084118,-0.018074787442740964,38.976197814204475,1057.5097097892726
3,2019,0.3001573999398649,0.006162719396846358,39.17482646872107,1121.5279689558333
4,2019,0.2541501198108536,0.02281679261320915,40.57186733212501,1112.5324664932393
5,2019,0.1208288994262246,0.041132756685989445,39.85874454486427,1119.172782856536
6,2019,0.2164949133558719,0.027531904786910266,40.13962046959197,1111.854883190862
7,2019,0.27207420772332236,0.001059837875742938,39.35743538699876,1119.5275721951818
8,2019,0.0627303918836968,0.07195015800325696,39.17643177543359,1111.854883190862
9,2019,0.05945512146795145,0.06195894376543752,38.579821040393185,1113.8876330979936
10,2019,0.16285743338728031,0.09436122950478569,40.509388970532754,1114.6449519197056
11,2019,0.025223861408052283,0.04427166635056419,37.20830090431029,1123.0151581062364
12,2019,0.13874097485298775,0.10301419942899587,40.43195424314317,1123.0151581062364
13,2019,0.1392249582935758,0.10737550896591393,41.63019671530309,1123.0151581062364
14,2019,-0.011588189153762255,0.023510626932534525,36.82967895557223,1123.0151581062364
127,2019,0.22116052987796844,0.06063408899194141,42.29718414422333,1242.3679359553826
128,2019,0.20479373407048168,0.07074816211382198,41.15027963519942,1253.3558994660846
129,2019,0.20318893744348132,0.06442760903163237,41.59325800122331,1253.3558994660846
130,2019,0.1546510481405132,0.09104047006723037,41.613984255344384,1253.3558994660846
131,2019,0.26671067199954707,0.025587267210158943,41.89456758914257,1253.3558994660846
132,2019,0.27256519795048645,0.019164690853731105,42.04529904040981,1253.3558994660846
133,2019,0.21742980250276922,0.05318442520437806,42.62494800435143,1265.0735670722747
134,2019,0.2277969760455255,0.04383414322495188,41.29905923315547,1304.1324590929082
135,2019,0.19052140500376705,0.07599614628313532,42.96011343614628,1304.1324590929082
136,2019,0.22309812749089233,0.04857903984548984,40.27708811226998,1304.1324590929082
137,2019,0.23666764929203377,0.048716158511911155,42.0480505687041,1253.3558994660846
138,2019,0.19820765527936418,0.06084712094805821,41.91006491455649,1253.3558994660846
139,2019,0.19850825213526646,0.06810153889944576,42.65267268473834,1253.3558994660846
140,2019,0.17641317770031067,0.09496538158336078,43.12927406299111,1304.1324590929082
141,2019,0.20435274495029826,0.06832549386794673,41.272829771583744,1304.1324590929082
142,2019,0.16900880963966528,0.09650414897034783,42.0064414180583,1285.9979735119
143,2019,0.26183106881103513,0.03945728168666676,41.56307356253924,1227.6493110935671
144,2019,0.24481727502132217,0.04888690675491247,41.67400408107413,1253.3558994660846
145,2019,0.19374229749083557,0.0751961973749636,42.75137713006601,1249.1794789461799
146,2019,0.1920997186384623,0.07381312849824835,41.285869588673144,1253.3558994660846
147,2019,0.23082084287550397,0.060941658136812786,41.21015913955171,1253.3558994660846
148,2019,0.1514219329980045,0.09667819612073726,41.61539535123557,1253.3558994660846
149,2019,0.26004043187053116,0.04123252799085684,40.59337866293209,1253.3558994660846
150,2019,0.19097684110666338,0.05810851753532645,39.756999440053164,1253.3558994660846
151,2019,0.18845528859554295,0.0924033580103766,41.87161632279981,1253.3558994660846
152,2019,0.22605481807869496,0.06473223538495035,41.20125644377142,1253.3558994660846
153,2019,0.22317003868401533,0.05132344048474143,40.22011366281225,1253.3558994660846
154,2019,0.20671071766431182,0.08044811842829429,42.8131978940341,1253.3558994660846
155,2019,0.2131514048299823,0.06437604481256297,43.12900045946557,1253.3558994660846
156,2019,0.239279990710533,0.06077174479263438,41.75321750168943,1253.3558994660846
157,2019,0.3444447681654645,0.029899618306039637,39.406068640379054,1253.3558994660846
158,2019,0.36047666423120667,0.00821604037626745,40.14153888047392,1253.3558994660846
159,2019,0.2351045531523106,0.10192086732201999,42.65750321687525,1253.3558994660846
160,2019,0.17058940935542555,0.08801951636940804,39.90814175815713,1253.3558994660846
161,2019,0.1887662199470632,0.07968615499605691,41.623844126130294,1253.3558994660846
162,2019,0.20461867137680034,0.059626378444694296,44.002265257938184,1253.3558994660846
163,2019,0.16944766685779653,0.08689480664426392,42.93426425879427,1253.3558994660846
164,2019,0.18072420538821052,0.07314728090481758,43.24228126435874,1253.3558994660846
165,2019,0.19976722710032727,0.060312285398192125,40.534907290177266,1240.294278561933
166,2019,0.2620218286013541,0.03805710507609344,42.75178255011124,1201.1094158494782
167,2019,0.21187795920506958,0.04982894004006831,40.49794154650928,1188.0477949453266
170,2019,0.2549421770911372,0.04475362811514893,40.90868749794656,1253.3558994660846
171,2019,0.3310281860742861,0.00998289602874407,38.10573795969732,1304.1324590929082
172,2019,0.31836833851944524,0.0038949072041690146,37.127323479983495,1304.1324590929082
173,2019,0.286208331773933,-0.06860027893283599,36.59013769553711,1271.6174100138708
174,2019,0.4265721297097214,-0.004170594700951669,37.090737839081804,1292.2845951799827
175,2019,0.2656254517079393,-0.01879958668242421,36.06188479222087,1304.1324590929082
176,2019,0.3602070180643171,-0.033965098023055,35.5338012898508,1264.7543719729667
177,2019,0.21147709136672058,0.042405491383967236,39.330653747525204,1249.9485200997842
178,2019,0.20500658541370043,0.06563784119131151,41.562411646414276,1201.8118537753392
179,2019,0.20807370584210264,0.06271171884505553,40.23211858537977,1278.5140657094662
180,2019,0.26847515236568037,0.027739113435027583,37.328909170453066,1304.1324590929082
181,2019,0.2432304301328675,0.05014350552174941,38.474845429821976,1275.4427099055222
182,2019,0.23017332618795844,0.039048573594213674,38.88581550669959,1271.4669672632524
168,2019,0.20526706604315093,0.0615413607262294,41.02090742735538,1174.9861740411752
169,2019,0.20966990196867352,0.05619202648928273,41.37509829112717,1174.9861740411752
183,2019,0.21315031296448209,0.05903496427270161,39.08647867744204,1265.2252354960012
184,2019,0.24651068288110328,0.02845199134295688,38.518858454220435,1267.5347542594197
185,2019,0.20633772421751825,0.058592741933429,39.99474395633884,1267.5347542594197
186,2019,0.23172745604807568,0.048229691079462185,38.657251990884056,1267.5347542594197
187,2019,0.22132175869647064,0.05194722876297647,37.68880858450996,1174.9861740411752
188,2019,0.21082796410751248,0.04638593333763169,41.290577198150196,1174.9861740411752
189,2019,0.39833483927985036,-0.11309250736914098,37.59387581912032,1232.162802472949
190,2019,0.2831458009095159,0.07403367326690771,40.647494433187404,1223.5096567511373
191,2019,0.2936754385299087,0.03588877215939601,41.08901426739101,1225.9603403929746
192,2019,0.26147596322935635,0.030062131369751922,38.07742263597047,1267.5347542594197
193,2019,0.2159666784986831,0.05336388487651345,38.51576408778175,1266.767652702194
194,2019,0.24168768170311225,0.0337975255653067,37.08551403439211,1256.2839314201071
195,2019,0.26087114925016464,0.017010698833397533,36.873783051635534,1246.0559106570959
196,2019,0.3055023580816738,0.003101260071065895,37.91307174401788,1248.2401998369933
197,2019,0.2674458560787421,-0.005379131744549984,37.735763014913516,1242.5610288720313
198,2019,0.3226337630458373,0.018650429036633984,38.738156177949506,1207.9049051610914
199,2019,0.328275142314782,-0.0006061109364479671,39.26247356585726,1188.3759390118373
200,2019,0.31085009393788604,0.030245406102424058,38.538547683080175,1195.2889787935708
15,2019,0.28753237492613454,0.01992113052842468,40.76154455231346,1088.6856684906757
16,2019,0.28896379671086825,0.050621991652963994,41.896834426949155,1125.9703538821802
17,2019,0.35591156980299776,0.0461677825995835,41.90424906626101,1177.561020961148
18,2019,0.31012393626227513,0.00598217691292874,41.70636165945643,1143.3244390611171
19,2019,0.2874734430075425,0.050178875643875374,41.72063961526794,1181.0879061054231
20,2019,0.25852418032721375,-0.003055389932548326,40.150866509996256,1181.0879061054231
21,2019,0.2068306310800292,0.03825425452342633,41.0267843505118,1121.2957499519387
22,2019,0.30145285844950165,0.05358399582941057,38.44569849953863,1156.8628364275744
23,2019,0.27276417871581793,0.08566336564085093,40.94350343626867,1185.2703448104821
24,2019,0.2580105517210502,0.05751751304905711,42.452188817371685,1212.644185093394
25,2019,0.2210430688971661,0.029384896940629512,41.80222341441676,1212.644185093394
26,2019,0.17128570246210237,0.034915977750959816,41.438290557491484,1202.1244954066865
27,2019,0.3007353267752087,0.05261564998780209,42.21339750101405,1185.065872027466
28,2019,0.3689608608918823,-0.0049107771089405795,40.981762047147534,1186.2571345495749
29,2019,0.31705950877511924,0.028450139959525528,40.06247072683911,1169.3922286029785
30,2019,0.24363713168508766,0.06145480109439421,42.10381212723531,1187.5973048869475
31,2019,0.24590621786194686,0.06155873708707237,42.99170765493255,1187.5973048869475
32,2019,0.1919990286741438,0.07744071879893062,44.292771435727914,1212.644185093394
33,2019,0.24484974411094898,0.05490345274589831,42.148450647360335,1187.5973048869475
34,2019,0.23675630437351733,0.05445868124500852,41.30371359841646,1187.5973048869475
35,2019,0.18521305567966512,0.07895698079611461,41.53514976779665,1187.5973048869475
36,2019,0.19581903612462773,0.07376088786087784,40.98786604031889,1187.5973048869475
37,2019,0.2556927265261916,0.017963921072036083,39.374658001004015,1146.4995751174042
38,2019,0.2377274785148857,0.0554410838189558,40.46347355533532,1123.0151581062364
39,2019,0.16398239560926267,0.09351924705214526,42.522395693717364,1123.0151581062364
40,2019,0.1760398256864936,0.08768197893814446,41.04678064892979,1123.0151581062364
41,2019,0.16501365917367297,0.079715808178479,39.97588701035441,1123.0151581062364
42,2019,0.1451160048747861,0.11665685465419272,40.09926428338435,1123.0151581062364
43,2019,0.15078289690173904,0.10347720533884805,42.29644535906025,1123.0151581062364
44,2019,0.17694606144044223,0.08524216789853811,40.301303310555156,1187.5973048869475
45,2019,0.21499053067899118,0.06160351103456475,40.65100470652666,1212.5404478322305
46,2019,0.21154677472087657,0.06586581335084997,41.44812240855816,1161.80577354463
47,2019,0.173251561796109,0.08007446954240972,40.32981960042832,1145.4366975528562
48,2019,0.1153523155039752,0.13923908614897007,38.548403982261924,1179.0690067227863
49,2019,0.14496144446332343,0.11870327967758047,40.0576375063641,1142.2336204890535
50,2019,0.12676168830782744,0.10509140968066241,41.08404910720876,1165.0555445686489
51,2019,0.12726580866829357,0.13394625639417843,38.368332439318294,1190.2797764460963
52,2019,0.18438437615684658,0.08185223401933141,39.55229156496836,1190.2797764460963
53,2019,0.22749581217177733,0.05364907504823125,39.20796033266844,1190.2797764460963
54,2019,0.11802561496236068,0.13105164844266812,39.459164998189024,1190.2797764460963
55,2019,0.13613722862024816,0.13807744870334987,40.19847491452439,1190.2797764460963
56,2019,0.12519960360823865,0.14022743555145525,40.01373403798218,1190.2797764460963
57,2019,0.10049554736535826,0.1458409429092407,40.45036599602003,1190.2797764460963
58,2019,0.219198553258851,0.06409554652964115,38.403559458065544,1202.335969844058
59,2019,0.19898050081912516,0.06838461939827671,38.87664192110779,1203.6826148869281
60,2019,0.14063984953259984,0.07135326524741108,38.52809172139997,1191.0748600824168
61,2019,0.25067435405086697,0.03893187026020547,38.202311410939295,1248.242869215734
62,2019,0.1458545136787281,0.09854821273613308,38.53609550751278,1190.2797764460963
63,2019,0.17049994049316486,0.09029307531555762,39.36222660247067,1237.1897109890076
64,2019,0.2018948992956716,0.06905205173300662,44.035150685070114,1204.5645463171209
65,2019,0.1976708513858418,0.07676100326866418,44.368197792126224,1215.5760138172377
66,2019,0.22385176555411967,0.055924606258469275,41.43362667893656,1198.6016326569254
67,2019,0.20902532888487962,0.07083993512752779,41.165878047952454,1218.776233568551
68,2019,0.18898644331911765,0.08343881960133831,42.57307126865237,1187.5973048869475
69,2019,0.25936554334219836,0.050225844114985,41.26935857453583,1209.0328183555498
70,2019,0.19461847183763722,0.07134027242575884,40.61362754536294,1218.776233568551
71,2019,0.24755674426298666,0.060787998106950764,41.22990241370723,1218.776233568551
72,2019,0.25292975541145846,0.05128764428116796,39.27322952429735,1195.9790678705874
73,2019,0.14038614958367365,0.10326650669509498,39.15400515874701,1215.609960554945
74,2019,0.21814639156757096,0.06690185032190238,40.42933410349242,1218.776233568551
75,2019,0.15005850887834515,0.10905726317837806,39.421403088544785,1218.776233568551
76,2019,0.1410636666765511,0.10200846899828776,38.62724325765783,1218.776233568551
77,2019,0.19451206103300653,0.07511865445422657,39.212518899044866,1194.3506988921613
78,2019,0.14638361031746622,0.11475506089630973,38.99669238819355,1218.776233568551
79,2019,0.2637323284798889,0.04740722604319135,40.87205488550884,1212.644185093394
80,2019,0.22453623128556188,0.06308601879299379,41.22948857120036,1212.644185093394
81,2019,0.22567980264712673,0.06130067690841516,41.544602782016746,1212.644185093394
82,2019,0.2573375860219371,0.05807209211379948,41.159648450699805,1212.644185093394
83,2019,0.2613736758688524,-0.008453191816858769,42.15397772349587,1213.749790538076
84,2019,0.2288220521396472,0.059984825090585225,44.10668539231003,1217.856325046894
85,2019,0.20127397523386098,-0.0039825394319466445,39.322376858109756,1217.856325046894
86,2019,0.23164984846313508,0.06671851506237812,42.47618408483529,1217.856325046894
87,2019,0.15645439218733467,0.09605387766121032,42.10319499381596,1217.856325046894
88,2019,0.19405210342564966,0.06400146914679777,43.89715419178416,1217.856325046894
89,2019,0.22752927656776664,0.044980918207941534,41.0182518613138,1217.856325046894
90,2019,0.20618896154963576,0.0586630637021195,42.5749307527178,1217.856325046894
91,2019,0.21748300705608786,0.06701437506767959,40.25813011150262,1217.856325046894
92,2019,0.19732433475100034,0.06710819396997893,40.42758915527126,1217.856325046894
93,2019,0.19561172619689285,0.07499248915445184,40.193682610161446,1217.856325046894
94,2019,0.2091899314502277,0.07625280293736422,45.154242878967764,1216.9876350546442
95,2019,0.21881761228740296,0.058225044619116414,43.438390521254824,1217.856325046894
96,2019,0.326836013361294,0.02073889282331924,41.90887706350484,1218.622915481608
97,2019,0.18372328588072412,0.09009802952125792,42.559457260849435,1218.776233568551
98,2019,0.33540080254887156,0.02216069431835161,39.618075476365426,1218.776233568551
99,2019,0.281852660105256,0.004398272500625359,41.09642301223824,1217.856325046894
100,2019,0.25267275294942426,0.03788081209483289,40.68136752424955,1217.856325046894
101,2019,0.24835428128381729,0.02957290811776684,39.79801900208318,1218.4887621555333
102,2019,0.2564890455696065,0.034251137121634696,39.82607670653851,1218.776233568551
103,2019,0.25354691226842563,0.02777448591058737,40.19271195880241,1218.776233568551
104,2019,0.20057888796371498,0.07275828966634765,39.512479263137806,1218.776233568551
105,2019,0.18028308832955986,0.07918412884121284,40.51259989837642,1236.9714805033811
106,2019,0.18838375058657028,0.07386415859092926,40.60038329607596,1244.8981631880986
107,2019,0.25795533361897705,0.041137460472223296,40.175238898143085,1218.776233568551
108,2019,0.18071444294650268,0.08152738787084388,41.343882343276796,1263.5112113914493
109,2019,0.1830649360271271,0.08101939345563874,40.581494729051876,1304.1324590929082
110,2019,0.29457263924298316,0.012356422774503087,39.63339996099194,1304.1324590929082
111,2019,0.2447375641787212,0.0289920663814376,39.004999586303555,1304.1324590929082
112,2019,0.2237308030432252,0.05830214846544265,41.25170800446578,1299.5164082177425
113,2019,0.23923215723562716,0.03795780067050565,39.78966472781551,1304.1324590929082
114,2019,0.17938716392082674,0.08371893688256864,39.97634111917052,1237.1897109890076
115,2019,0.18449108290051758,0.10493146505654934,40.227258961736126,1263.9668102305677
116,2019,0.14917005543083864,0.11032934248009027,39.35519943226896,1237.1897109890076
117,2019,0.24136988404379242,0.03184850731266373,38.83517024090936,1304.1324590929082
118,2019,0.27184739641761047,0.016123304447549502,39.37332108933611,1304.1324590929082
119,2019,0.24245150186279985,0.04789079782892133,39.25754066279856,1268.692180684961
120,2019,0.22650411809478188,0.07744208525356365,39.529682804683574,1237.1897109890076
121,2019,0.24830325988229698,0.0473470322892385,39.09488101344844,1237.1897109890076
122,2019,0.2908650760891306,-0.013997361066912252,38.09786762337682,1304.1324590929082
123,2019,0.2762229487022408,0.013281398704159932,38.26699844716996,1304.1324590929082
124,2019,0.19524189273130965,0.07229465306397831,39.560948555550155,1237.1897109890076
125,2019,0.20247712696522877,0.06790030845201053,40.441816422938075,1237.1897109890076
126,2019,0.22599687714788244,0.03926754943976287,38.854718781353,1252.6380374745231
1,2020,0.06802691555377215,-0.021272468885393615,38.01622399789799,1582.3397676392924
2,2020,0.2790092343886529,-0.05260063328561122,39.929372166714074,1582.3397676392924
3,2020,0.3634409919914509,-0.05073641405483551,39.75234876933037,1681.7380414323734
4,2020,0.29530068249669417,-0.0066809151607276854,41.77958099487947,1702.6363012287895
5,2020,0.14532146794887582,0.018946601983250117,40.7149235017594,1687.2095858154353
6,2020,0.24910726963241883,-0.0066663688009891454,41.81544621950755,1704.2104558628052
7,2020,0.3117251119287388,-0.03831468359589299,41.169676879091845,1736.4252690308788
8,2020,0.0826345285023307,0.05292560208912004,39.41406499888406,1704.2104558628052
9,2020,0.08106525783048622,0.050310914588431684,38.95695646353044,1699.487991960758
10,2020,0.1944682359830721,0.07800072926183368,42.395030818690266,1715.9249333784683
11,2020,0.024900148778679267,0.02592165004426834,37.45957333345817,1751.0683659254573
12,2020,0.1653837978247606,0.09189761158813856,42.24364100675194,1751.0683659254573
13,2020,0.16192884142535582,0.10009483161109084,43.44670644770686,1751.0683659254573
14,2020,-0.019086182248283824,0.008029089461152182,37.38134269803311,1751.0683659254573
127,2020,0.25828005721260744,0.029571762314094613,42.29066599883288,1910.5465224240952
128,2020,0.2370634527341409,0.051432337121834516,41.822166939026296,1906.9024728045479
129,2020,0.24248469152925284,0.04251945289278049,41.63152186969941,1906.9024728045479
130,2020,0.1841537669590018,0.08042360468819477,43.021094192947466,1906.9024728045479
131,2020,0.30263176917053447,0.004607121912173752,40.92993920251644,1906.9024728045479
132,2020,0.304685811714672,-0.00412428764448657,41.10254054852008,1906.9024728045479
133,2020,0.23853512356965031,0.03536805235884085,40.344999430053925,1930.571541320651
134,2020,0.2506431812308503,0.026522664613465714,39.68298366203954,2009.468436374329
135,2020,0.20859354974577093,0.061203789383260085,40.82540270935387,2009.468436374329
136,2020,0.24918101042799906,0.02123796554129135,37.67900317268143,2009.468436374329
137,2020,0.2670780344418211,0.0274644625580429,42.08122730398851,1906.9024728045479
138,2020,0.23487987791282144,0.044403807999514974,42.677004787600445,1906.9024728045479
139,2020,0.22082948285756535,0.05683882733151373,42.28490134221966,1906.9024728045479
140,2020,0.19879740676376725,0.07574252202771027,42.22931506740443,2009.468436374329
141,2020,0.2332540065081413,0.04335347801912957,40.77330161978956,2009.468436374329
142,2020,0.18826667314747178,0.08052904229581484,41.15598581865548,1972.8377350994074
143,2020,0.3199518836484978,-0.0006798114112104638,43.689078694045186,1915.4278090497487
144,2020,0.28726407755846645,0.01757109020371004,43.14699071877549,1906.9024728045479
145,2020,0.24016180950607097,0.048907635431031396,43.35080661279129,1908.2875414382218
146,2020,0.23055449066536252,0.05489440623317594,44.32111640511583,1906.9024728045479
147,2020,0.2704828905006838,0.03587100978213378,43.829285986062104,1906.9024728045479
148,2020,0.18824864127747737,0.08186278536492919,44.27072047858672,1906.9024728045479
149,2020,0.3065679556515967,0.006891691104523963,41.53792247756035,1906.9024728045479
150,2020,0.19436498345533174,0.010606507382591916,42.381995469308016,1906.9024728045479
151,2020,0.22278945038963688,0.0546514237684309,44.29112466892948,1906.9024728045479
152,2020,0.2665324367278448,0.03563992833549139,42.04686491604508,1906.9024728045479
153,2020,0.28120819270434316,-0.009300955599349384,42.2285025857609,1906.9024728045479
154,2020,0.25327241383601184,0.056442678611800114,45.0276526601225,1906.9024728045479
155,2020,0.2566036135635875,0.039845133462676756,42.524751580549776,1906.9024728045479
156,2020,0.27158918274476607,0.03239791203324181,43.4636929132825,1906.9024728045479
157,2020,0.42817771839613344,-0.037836974204794295,41.78665445270153,1906.9024728045479
158,2020,0.4478877546623549,-0.05247394623728113,41.330000423687885,1906.9024728045479
159,2020,0.26310339511566044,0.07493575867899589,45.371907502038766,1906.9024728045479
160,2020,0.20542558761432053,0.06418779196219092,40.915305807858275,1906.9024728045479
161,2020,0.21153482285236355,0.06690053925349886,41.43531259603496,1906.9024728045479
162,2020,0.24765195687506053,0.029263328343157414,43.33403766530064,1906.9024728045479
163,2020,0.18383114775505552,0.0758008585331245,42.75780070127133,1906.9024728045479
164,2020,0.2123035939639597,0.05560395070466035,43.38725973463285,1906.9024728045479
165,2020,0.229004637213468,0.038591534471881746,41.96836432653258,1889.2134018641802
166,2020,0.31472246413674065,0.002348144252994384,41.390118657831316,1836.1461890430774
167,2020,0.23836770583286807,0.03399185072306331,42.421327825588655,1818.4571181027097
170,2020,0.29517074575988317,0.012384027362399934,41.761998289662785,1906.9024728045479
171,2020,0.3858365682812359,-0.04442697773262642,39.13736373073893,2009.468436374329
172,2020,0.38210167094872893,-0.05077926267252529,38.85251918877133,2009.468436374329
173,2020,0.3150571000505299,-0.09466149146722856,36.51899437239972,1931.544296446366
174,2020,0.49929069544686644,-0.0875976760898429,37.379380659903966,1985.536378208047
175,2020,0.2856538647991512,-0.04178258941370483,38.583888884262855,2009.468436374329
176,2020,0.417926922778713,-0.08069468013265288,37.24140431630634,1915.0966406138202
177,2020,0.23673875848480722,0.020377548786515848,41.67869125224136,1902.2879325592346
178,2020,0.23005591049018076,0.042563685880948894,40.8175613241573,1840.0305534771626
179,2020,0.2481006754839289,0.027060379992927652,40.51310418510098,1936.6435918056006
180,2020,0.2993716653412906,-0.0012792783085362302,40.24940808863292,2009.468436374329
181,2020,0.2857928510452439,0.020429088385211874,39.805182966558576,1940.7118423202442
182,2020,0.2522916914501069,0.024108768454666262,39.70260019129356,1930.0382796231384
168,2020,0.231130204272866,0.047221283531885525,42.250084040635215,1800.768047162342
169,2020,0.22761563877838986,0.034812850331081946,40.92852288047118,1800.768047162342
183,2020,0.23743128318420106,0.03741526279238851,40.897562384154234,1902.2374018042822
184,2020,0.28794235966248943,-0.009254228866435428,40.766682442370424,1905.4329441332884
185,2020,0.22834174396733004,0.04187719712643708,40.84092417202146,1905.4329441332884
186,2020,0.2549396923741267,0.02442407729891927,40.730699580157975,1905.4329441332884
187,2020,0.24444950078086755,0.0006892706167364736,40.32885728699898,1800.768047162342
188,2020,0.23142152952820402,0.02759615876200555,40.490508149338496,1800.768047162342
189,2020,0.42291214907571717,-0.14012194982015294,37.997738650847786,1849.1827436782692
190,2020,0.3177528456581306,0.017786410174197177,38.878970086772085,1810.7866315622693
191,2020,0.33059888633098355,-0.0010373352753219067,38.51555593905065,1814.3631167780864
192,2020,0.29472064446552443,0.0029368196936430577,39.682300124667925,1905.4329441332884
193,2020,0.241624568820302,0.037703168147761625,41.09956485639328,1901.7803299487286
194,2020,0.26596319467483837,0.015952839577189,40.624762339404846,1851.861269426414
195,2020,0.28865732776198444,-0.010012799388992953,40.73728639365368,1803.1597469656185
196,2020,0.3379069555868055,-0.031069054489498666,38.20189561823549,1813.5604110843647
197,2020,0.2986263755988105,-0.04540735735844113,38.045904335866354,1805.1081591069174
198,2020,0.35442979046175854,-0.025940606050594842,38.44190615370946,1777.948987740925
199,2020,0.3601212301748561,-0.037195690187521835,37.68922854379484,1760.0456539065738
200,2020,0.36127302640819847,-0.01847174826311384,39.02536182650125,1775.4847631987743
15,2020,0.34297149489468587,-0.03448287808031936,38.96643794308269,1637.6834915330703
16,2020,0.3429651220574501,0.0033961981664531516,40.052925241059356,1730.967795232736
17,2020,0.4439885838025064,-0.05092168362309922,39.040894809948526,1837.564382271273
18,2020,0.3682782772114696,-0.05572803625512754,40.18583249795967,1763.8642644148151
19,2020,0.3558643172348163,-0.02809800959548385,39.72553405717948,1835.4488346772268
20,2020,0.2945774240159646,-0.048668905138530026,38.70504533573956,1835.4488346772268
21,2020,0.24634485198713799,-0.0024209703316999016,41.77207898639735,1722.1065984284082
22,2020,0.36788517187017694,-0.02025798832845085,40.521983680126375,1849.9798686565323
23,2020,0.340876059563361,0.0065571903785028,42.27649854244381,1854.63872784599
24,2020,0.3020819737967958,0.0029021007117705335,41.550766885644094,1863.2558729522862
25,2020,0.2689793711881852,-0.03356961818918697,41.36936519503609,1863.2558729522862
26,2020,0.2110042480771402,-0.011716345431405244,41.80916862852726,1870.664158107629
27,2020,0.343467185323692,0.006010583397313069,43.06297975909086,1863.2212756216113
28,2020,0.41420531452271026,-0.05494990882471579,40.384075334896174,1871.5381563322292
29,2020,0.3692485612876434,-0.043275318265729563,39.81585282244889,1841.3560420341198
30,2020,0.28704387723661845,0.017204197275857733,43.23182905807338,1880.894647131674
31,2020,0.29585046754285793,0.021509025338254686,42.69058743576919,1880.894647131674
32,2020,0.2143162171367598,0.06126431831966421,43.39274137779896,1863.2558729522862
33,2020,0.2776814311798609,0.020294718612270002,41.720042082662324,1880.894647131674
34,2020,0.2640163833565332,0.03553833700082659,42.19701363960183,1880.894647131674
35,2020,0.2119163027898083,0.059250007246361834,41.985807285005905,1880.894647131674
36,2020,0.21821570274607816,0.055968381590684506,42.03465308727044,1880.894647131674
37,2020,0.2807607977105642,-0.004947805233176555,41.57746655376616,1798.277922727718
38,2020,0.28332293347999976,0.0155462481042633,42.32215628581819,1751.0683659254573
39,2020,0.18817439065456873,0.07873377448855245,42.82124092173341,1751.0683659254573
40,2020,0.2118470370489053,0.07344672465715422,42.432350561201496,1751.0683659254573
41,2020,0.1923036561077453,0.06399206848064011,42.3657231862184,1751.0683659254573
42,2020,0.169867869866871,0.11220708735964317,42.18209359269572,1751.0683659254573
43,2020,0.18345266055409276,0.08619603001367325,42.539274369699065,1751.0683659254573
44,2020,0.19620322919173383,0.07917330120214607,42.51801503330009,1880.894647131674
45,2020,0.24576973042864664,0.03915060728505192,41.365549036382895,1961.8836552728199
46,2020,0.24646329595665453,0.04361920548781865,42.71677098645779,1803.7858099769605
47,2020,0.205754429361971,0.06639469985105295,42.19758457999394,1775.9321503391643
48,2020,0.1358603725804148,0.13645870314753833,42.236242247023824,1813.227826959725
49,2020,0.1645919209204058,0.1124514135810331,41.87759559905571,1772.3801811372061
50,2020,0.15943185800541482,0.08038979222147649,42.28038004412036,1797.6879617011582
51,2020,0.14855089737560379,0.12622421665222439,42.25201377735453,1825.6597191665787
52,2020,0.2092184366752487,0.06318260567825211,42.0346721808208,1825.6597191665787
53,2020,0.25789776170834594,0.032350121296647,42.389104465450835,1825.6597191665787
54,2020,0.1325513368404093,0.1250465022286881,43.30054823446287,1825.6597191665787
55,2020,0.15696462386648963,0.1264601431033807,43.04661684837099,1825.6597191665787
56,2020,0.14574711459196316,0.13191406947378784,43.28608528725891,1825.6597191665787
57,2020,0.11473921342395914,0.1369456155273327,42.01015694218752,1825.6597191665787
58,2020,0.2525933279522331,0.04299929620584553,40.25257216636751,1891.8590679956865
59,2020,0.23264548278068015,0.04097759530642099,40.98673400751334,1832.3387661422605
60,2020,0.17132475754480317,0.03781630338613684,39.89435418921738,1826.0559338176784
61,2020,0.2820807196399894,0.013997882479267068,39.93151225771662,1986.3060538267027
62,2020,0.16918209462882136,0.0876125626270151,41.54292021691545,1825.6597191665787
63,2020,0.19592004236133556,0.0771733971150142,42.06182420437296,1849.0363835814642
64,2020,0.23593760123806423,0.04796574928202308,43.19733928915919,1868.9458001069274
65,2020,0.23584550323690565,0.05087491249831314,42.96652442939263,1894.4294447739378
66,2020,0.2517614666007671,0.036791095316429,40.80802709976639,1916.6250918998267
67,2020,0.24197860555984585,0.05306570074872229,42.261579740547006,1982.1309073081065
68,2020,0.2152383560190849,0.06530849419092144,41.01691844137707,1880.894647131674
69,2020,0.29193662315010677,0.023968401772199832,41.6803373486801,1950.4945760029716
70,2020,0.22462429050562555,0.05120286326557284,42.13199345861208,1982.1309073081065
71,2020,0.28331347210336577,0.02610799748504428,42.165046992193545,1982.1309073081065
72,2020,0.284642737621682,0.028676541733646622,41.58505634142741,1856.9539567948843
73,2020,0.1609868385164935,0.0840223842971809,42.216001885565525,1964.7452197368257
74,2020,0.2467538135026715,0.03939337623826926,41.58004845698767,1982.1309073081065
75,2020,0.16982110553691263,0.09491675136860046,42.14043424742538,1982.1309073081065
76,2020,0.15893589106571848,0.08847783111241787,42.00488021352813,1982.1309073081065
77,2020,0.2228012196939664,0.05452908847425116,41.040082735219194,1848.0127460439398
78,2020,0.16841566642817335,0.09937940621861201,40.92208009417595,1982.1309073081065
79,2020,0.30262810826867187,-3.0284525500800555e-05,39.45947570332199,1863.2558729522862
80,2020,0.2692548602125256,0.031029128059461616,40.98929383006958,1863.2558729522862
81,2020,0.26518728228802146,0.033301212186652385,41.83358130362952,1863.2558729522862
82,2020,0.3157242632483901,-0.011849711167773735,42.55739802151566,1863.2558729522862
83,2020,0.3164766897755211,-0.08853893969319618,40.89363045417369,1875.0115633362088
84,2020,0.283522795814317,0.021241576326014627,43.796478249294424,1918.6755561907776
85,2020,0.23621711299156317,-0.032783527789292284,40.21560104245507,1918.6755561907776
86,2020,0.2940410362589581,0.021543708778145786,44.12068908553535,1918.6755561907776
87,2020,0.19922177114623094,0.07740368269478204,44.666998199409726,1918.6755561907776
88,2020,0.22559594246614778,0.04405825183521937,43.55508275729609,1918.6755561907776
89,2020,0.2654408794928787,0.015902618816329622,44.436448509321814,1918.6755561907776
90,2020,0.24854771519437358,0.025300369029335443,43.02943050894589,1918.6755561907776
91,2020,0.2709979436824547,0.03273898264505112,45.21530335205774,1918.6755561907776
92,2020,0.24064137977614022,0.03898354252466408,44.14195258658487,1918.6755561907776
93,2020,0.2370029621758343,0.04665656434440118,43.04778916185759,1918.6755561907776
94,2020,0.25253630762604984,0.04538381999146497,42.51337238606455,1909.4389423176958
95,2020,0.26414277971110317,0.031012019483226905,41.49647484794128,1918.6755561907776
96,2020,0.3876001334454399,-0.016541084744922663,41.17338545564518,1971.5550154552184
97,2020,0.21056091668720958,0.07498529415030222,40.84694304153007,1982.1309073081065
98,2020,0.3921598495243327,-0.03372862702650726,39.73221470481459,1982.1309073081065
99,2020,0.3183034878311479,-0.027203992601515643,40.985669447075985,1918.6755561907776
100,2020,0.2946726618215567,0.006944199183088562,39.529778372484806,1918.6755561907776
101,2020,0.28380362349692145,0.0015428612152775393,39.080311082258426,1962.3011100839412
102,2020,0.2917258954217094,-0.0024135919424258757,38.864199226342684,1982.1309073081065
103,2020,0.2845362302339085,0.0001433207381054119,39.97352585886405,1982.1309073081065
104,2020,0.22522065655621423,0.05171169145957952,40.972566742286126,1982.1309073081065
105,2020,0.20497549169882823,0.06832532301725765,42.62387550014181,1912.336203598192
106,2020,0.21165943982885732,0.06084550736713115,41.73555254330924,1980.7800930027397
107,2020,0.2971288997254844,0.009020316999910148,41.64146281438513,1982.1309073081065
108,2020,0.2050065408749301,0.06527797024950999,40.839209720701696,1927.4156655185043
109,2020,0.20319772132632605,0.07237524421762286,40.623867324019585,2009.468436374329
110,2020,0.3328510843639777,-0.02246104621639974,39.83988978280453,2009.468436374329
111,2020,0.2789189473113575,-0.0004525738713795107,39.60666568208175,2009.468436374329
112,2020,0.2502432536104362,0.0396385658397146,40.41099711488311,2000.1442578679853
113,2020,0.2653112212332351,0.016749861943370525,39.554670904860835,2009.468436374329
114,2020,0.2095101470211187,0.060165456982559096,41.96309875090549,1849.0363835814642
115,2020,0.20784715294061085,0.08959273583432001,41.24969505120857,1913.2092046986104
116,2020,0.1655534232261969,0.0981532860724418,41.32540443851308,1849.0363835814642
117,2020,0.26978766181469543,0.004041942244441471,38.452653772939385,2009.468436374329
118,2020,0.29523643706569386,-0.004730993256980473,37.64528226578652,2009.468436374329
119,2020,0.2627078733146893,0.03494543645312807,39.40054157634503,1924.533820189871
120,2020,0.25122507853655424,0.0617254564854983,39.339529316570264,1849.0363835814642
121,2020,0.2701808920358338,0.025299473674966717,39.07416049514938,1849.0363835814642
122,2020,0.3317670805805297,-0.05101527846032404,38.840240792096786,2009.468436374329
123,2020,0.2955584477866232,0.0015334754620367676,38.32061772012791,2009.468436374329
124,2020,0.2132902930886021,0.06125329148535447,38.32220845705359,1849.0363835814642
125,2020,0.23100954566762746,0.04188321546289785,39.415888792313254,1849.0363835814642
126,2020,0.24520155005039773,0.027081189133957552,38.32528985775234,1886.0591649952023
1,2021,0.07535951202157631,-0.01927968947775339,35.392430445083924,1549.9905807971954
2,2021,0.23760961962278113,-0.04149078413517482,36.63839771245544,1549.9905807971954
3,2021,0.3458070696532018,-0.052066692093520404,36.45419223171549,1724.2869608792766
4,2021,0.282610601617575,-0.0014192534571441308,37.67476046156994,1747.9858573509587
5,2021,0.1491076269924302,0.0110777017753313,37.40721869159449,1730.4917628645899
6,2021,0.2429215453940187,-0.01233237386238888,36.52839574138362,1749.7709690332413
7,2021,0.30692188973408535,-0.03915441696136771,36.45430487365619,1804.4082984998822
8,2021,0.09196915470561372,0.04989549039250776,35.55433088938331,1749.7709690332413
9,2021,0.08181923239523006,0.035729659364598966,34.74890714362689,1744.415633986394
10,2021,0.18862510739317942,0.08322921123642418,36.25665813770111,1769.6390888392925
11,2021,0.02793001450757791,0.0009670980086427228,33.482802872258176,1829.2434482574463
12,2021,0.15972586931280094,0.09506460215433049,37.00433592758127,1829.2434482574463
13,2021,0.16656519617461993,0.09379665674867697,38.17334329056154,1829.2434482574463
14,2021,-0.01531015442584831,-0.014095082606499623,33.673239598010895,1829.2434482574463
127,2021,0.2518727339821911,0.031090168634808884,37.724941658170465,2042.7961108507147
128,2021,0.21055959481010192,0.06778202078024598,37.168703449956666,2066.4731273651123
129,2021,0.22618785567871225,0.05153717422862629,37.533981538175496,2066.4731273651123
130,2021,0.1768019002400065,0.08548423872696038,37.89417680684999,2066.4731273651123
131,2021,0.2753520741893798,0.021501556844429587,36.468845150335675,2066.4731273651123
132,2021,0.282200808936575,0.009680460301936028,36.61779235026362,2066.4731273651123
133,2021,0.22845185599773205,0.05260452782000079,36.84356853501718,2068.9050813546546
134,2021,0.2416536609676183,0.04323876317749491,36.280039262689684,2077.0115946531296
135,2021,0.2087792852233457,0.0677421057641528,36.462739416151194,2077.0115946531296
136,2021,0.24948716517065955,0.031929773952720196,36.034845847140524,2077.0115946531296
137,2021,0.2393709277470274,0.049737205149211795,36.16866059378726,2066.4731273651123
138,2021,0.22040697083428706,0.0529871028537529,36.0995792806527,2066.4731273651123
139,2021,0.20922881714805333,0.06159053576736714,37.47383394768402,2066.4731273651123
140,2021,0.19370590828518852,0.0888265275958871,36.64075266576635,2077.0115946531296
141,2021,0.22747116229557765,0.06390533780157868,36.09095721801681,2077.0115946531296
142,2021,0.18426174822222308,0.0897983456517034,36.97228268407184,2073.2478563359805
143,2021,0.2963053291004251,0.007524857922911684,35.21464178343787,2011.080213397741
144,2021,0.2752005404860192,0.01697798926047547,35.432872616461076,2066.4731273651123
145,2021,0.2294964415197516,0.05425045068020815,37.46916781502134,2057.4737183732145
146,2021,0.21412027637818717,0.06485562105170307,37.5145133518679,2066.4731273651123
147,2021,0.24655115006295403,0.04961997078004155,36.835369757288724,2066.4731273651123
148,2021,0.1678419036823498,0.0902213004166983,37.67422951059915,2066.4731273651123
149,2021,0.2693034897219367,0.030459864879797093,36.24610589702948,2066.4731273651123
150,2021,0.19424423048497086,0.03365878354549455,36.34612611166852,2066.4731273651123
151,2021,0.22485733860365348,0.06759638216079902,37.24518419236505,2066.4731273651123
152,2021,0.23930071461698285,0.055815217805105094,36.49391904990275,2066.4731273651123
153,2021,0.26690175747863354,-0.010790986761527012,35.217552194683115,2066.4731273651123
154,2021,0.2458849776017733,0.056312544752609356,36.36439020436365,2066.4731273651123
155,2021,0.24228981570827537,0.05381032037455739,35.846358674250844,2066.4731273651123
156,2021,0.26202739469976755,0.04856000399679102,36.08840073571811,2066.4731273651123
157,2021,0.417554262941272,-0.03177179420470707,34.940268419465895,2066.4731273651123
158,2021,0.4362769882574562,-0.0524423837718775,34.524392468085054,2066.4731273651123
159,2021,0.2935843372289041,0.05405181432266899,37.589778675601906,2066.4731273651123
160,2021,0.2088338453813375,0.06679086399494284,38.07978892400274,2066.4731273651123
161,2021,0.20796410310172014,0.07317587513085207,37.158372951160594,2066.4731273651123
162,2021,0.23511760493238856,0.04201739480247338,36.887307007969454,2066.4731273651123
163,2021,0.18203094861519736,0.08666742685822838,37.17451306373528,2066.4731273651123
164,2021,0.20870537773176923,0.06149169838234875,35.64452686923449,2066.4731273651123
165,2021,0.21419560491565529,0.05823979609247814,35.776980173595504,2044.4308022856712
166,2021,0.33433873547246873,-0.0003426046027435722,34.54952721525809,1978.303827047348
167,2021,0.23323346114901186,0.03819241718581372,35.261626271001965,1956.261501967907
170,2021,0.2877012717084331,0.015060716725237356,36.51180311908136,2066.4731273651123
171,2021,0.3956519091976058,-0.03935677714479391,34.63091898565949,2077.0115946531296
172,2021,0.3933664350186123,-0.04131407231785585,34.45887476712135,2077.0115946531296
173,2021,0.310506047039767,-0.10696338393485873,33.60510328876947,2028.42089038917
174,2021,0.5110995113778168,-0.0947137422729809,33.51148981499023,2074.552618952592
175,2021,0.28126611069918944,-0.03007852582159601,34.57404178381715,2077.0115946531296
176,2021,0.4238387695179397,-0.08961059198371948,33.75821919892153,2018.1647209770538
177,2021,0.21750092335643562,0.040210567288693724,36.15017008472414,2060.722955605258
178,2021,0.22217521167079124,0.058458698848016966,36.49507232406253,1967.0564058125021
179,2021,0.2463829154169478,0.03881450892101489,37.00009761203704,2052.3467159628867
180,2021,0.29880114339597325,0.011500691012424303,36.694528545814045,2077.0115946531296
181,2021,0.2929579039882929,0.020630767561016332,35.99311502563581,2034.1374438319885
182,2021,0.2503342827750303,0.025165697452586233,36.45368641777482,2038.26247923904
168,2021,0.20840234189855047,0.06313747676384182,36.05135065626975,1934.2191768884659
169,2021,0.21607368539202093,0.05172349884824619,36.22737759678631,1934.2191768884659
183,2021,0.2293175098176689,0.048421685283612854,37.76628311701859,2038.4374455544685
184,2021,0.28364795707653156,0.0008262390975954123,36.93293805087297,2041.7760536670685
185,2021,0.22408727117166843,0.049729404140816835,37.82836190555483,2041.7760536670685
186,2021,0.24222943358677682,0.0392542462030032,37.215883466632114,2041.7760536670685
187,2021,0.21692180044355397,0.0038347953953071236,36.360845513741324,1934.2191768884659
188,2021,0.23319099759845532,0.031086783922536155,36.85969303077319,1934.2191768884659
189,2021,0.4117624062092424,-0.12198423709601698,35.56786365352989,1988.5642908760187
190,2021,0.3486760526785538,-0.0057322825159364914,35.43154323368244,1967.0459620812364
191,2021,0.3460388033801239,-0.009199062737091836,35.99372006572293,1981.2093291282654
192,2021,0.28999114690354194,0.007453337585212428,36.52412171857381,2041.7760536670685
193,2021,0.24052017220623892,0.04085408325643822,38.39660363674126,2037.865373798779
194,2021,0.2652846867427072,0.015467634616580118,36.902218540502915,1984.4194155988241
195,2021,0.29127662191393155,-0.009347027342918179,36.20374515408829,1932.2770173549652
196,2021,0.3378709880404005,-0.035528411620578564,35.910937699642005,1943.4125125731452
197,2021,0.31159567798017107,-0.04816351307351809,35.40603187296642,1940.786984619887
198,2021,0.3502750103472369,-0.019386536209129907,35.629373625701035,1903.3620292949674
199,2021,0.3646122187357529,-0.0388079522657387,36.587512501763406,1881.835041999817
200,2021,0.37283060968412673,-0.04257741245425691,35.13184054185827,1901.7025513890421
15,2021,0.3424713680038033,-0.05731001584388235,35.098939556801355,1675.4074250956378
16,2021,0.3451933575205519,-0.024201615406917763,34.929123806864425,1782.0149608190777
17,2021,0.42517067380406354,-0.04820723739733742,34.638324852697984,1906.0123801021016
18,2021,0.36298015297000313,-0.05470586487332798,34.62730925025208,1821.6569247462533
19,2021,0.34846600663812805,-0.0249210423715627,34.799225650068806,1907.9200716018677
20,2021,0.31810849848458034,-0.041336851575923976,34.960781215443895,1907.9200716018677
21,2021,0.23879252068063367,0.006377412963566323,36.789658929381766,1771.3367557471447
22,2021,0.34983526533364573,-0.017022020585993704,36.40488771761415,1894.816736047918
23,2021,0.3442198090060301,0.004567809190155236,36.77689882928947,1922.3499132096765
24,2021,0.2876136419031702,0.007725681194147732,36.62802805362976,1951.1959120035172
25,2021,0.2695970329556556,-0.02685572092883559,35.91417770747411,1951.1959120035172
26,2021,0.21648969169432408,-0.0211060987579753,35.778458086267754,1954.5527298003435
27,2021,0.3443879028054529,0.006206196779471155,35.63480662830853,1939.250677213073
28,2021,0.40690735762832475,-0.050091787576765114,34.95498501996821,1948.633104561883
29,2021,0.37828637304959567,-0.06297360939125951,34.82626224295373,1919.0880694253879
30,2021,0.29057990896730923,0.0214161233271292,36.34465303271105,1959.1883353292942
31,2021,0.30928663861003497,0.01512458103449973,38.029358301607786,1959.1883353292942
32,2021,0.20394847994198959,0.05447453634131254,36.944186485420296,1951.1959120035172
33,2021,0.26587400331025945,0.02393153597721002,37.167359211418315,1959.1883353292942
34,2021,0.24440197087762172,0.04423116310058167,37.38062920522244,1959.1883353292942
35,2021,0.20706873167771997,0.07055926128957517,37.14135765625683,1959.1883353292942
36,2021,0.20722279495942456,0.06848667630464214,37.86010000054849,1959.1883353292942
37,2021,0.2809203861491012,-0.011602445092676784,36.94493002142803,1876.4961344653912
38,2021,0.27842586819691284,0.016667559285093607,37.52620885238531,1829.2434482574463
39,2021,0.2011425230915235,0.073155773583857,38.29395680166495,1829.2434482574463
40,2021,0.20280022363790526,0.0794739882882352,38.35251386902713,1829.2434482574463
41,2021,0.183223002486189,0.0702474418914379,38.06687460909215,1829.2434482574463
42,2021,0.16285501857579932,0.11294447101846826,38.629700879223094,1829.2434482574463
43,2021,0.17642886188197787,0.09149424778540104,38.66181519392647,1829.2434482574463
44,2021,0.18283769804105832,0.09275731212554496,37.57129206588148,1959.1883353292942
45,2021,0.23415699489220104,0.05140469331463888,37.58396344256857,2012.8110374271869
46,2021,0.2703155232885577,0.02564733983717191,38.25726308770213,1871.6529814861715
47,2021,0.20786033713531804,0.06520225900262579,37.87100171134879,1845.8450898975134
48,2021,0.1340317681216436,0.1373764807223362,38.43165261571431,1870.7475523576143
49,2021,0.1571050427717807,0.11955701443678014,38.058953310796646,1843.4734268060752
50,2021,0.1597637325031487,0.08698662677184606,38.758808964494534,1860.371526332572
51,2021,0.1454911796344549,0.13548454037541924,37.898386117323014,1879.0483731776476
52,2021,0.21637980874341478,0.06779623512734184,38.36006417159277,1879.0483731776476
53,2021,0.2600746965015916,0.033891216488969825,38.01979444869431,1879.0483731776476
54,2021,0.13408113136594063,0.12895626438827396,38.37909206682723,1879.0483731776476
55,2021,0.15751277763150823,0.1335539938924403,38.23360157407255,1879.0483731776476
56,2021,0.1419617784993578,0.13577572393043313,38.65770338809564,1879.0483731776476
57,2021,0.11655476683248664,0.1466286822082698,38.96945142321939,1879.0483731776476
58,2021,0.24739153435750508,0.05256241425939743,38.12356571683298,1941.311901543576
59,2021,0.23985703308837938,0.04320998908340022,38.05015944971001,1907.02652638512
60,2021,0.18988568796400973,0.02953559051335381,36.87176737462629,1880.708094130633
61,2021,0.2737729556963037,0.022194559723211132,37.9368118708745,2039.1017299959703
62,2021,0.16892977591859198,0.08626734297763823,38.55069645352302,1879.0483731776476
63,2021,0.18935636690304783,0.07650298958500584,38.875090649413295,1976.971909403801
64,2021,0.2118174009716319,0.059562157958524174,36.943124984870174,1953.7741130763484
65,2021,0.20886455332997672,0.06244163544020665,36.28652205499184,1973.010921401903
66,2021,0.23276569294790317,0.04509835680080872,35.5213489754413,1982.8454097842468
67,2021,0.23215934474694908,0.054418539555212815,36.24092018351194,2026.2167129516602
68,2021,0.19855721407998417,0.0807599830294904,36.64953963870772,1959.1883353292942
69,2021,0.2936963957974361,0.03029260547313293,36.6777077701321,2005.2703449446706
70,2021,0.22523316118002126,0.0558114693485224,37.739101164134304,2026.2167129516602
71,2021,0.279732475404168,0.04094062685294026,38.20161853780412,2026.2167129516602
72,2021,0.2963569716859237,0.02694100128998439,38.09285345673271,1908.48204113245
73,2021,0.1636895851823978,0.08762049520512259,39.02536422232713,2009.864675198992
74,2021,0.23435716894352623,0.05658132545048554,37.08509779173269,2026.2167129516602
75,2021,0.16147158110560622,0.10200634580730629,38.343225778115674,2026.2167129516602
76,2021,0.1524802859631996,0.09346407614863388,39.09626572859273,2026.2167129516602
77,2021,0.22917538406476706,0.0590003692605365,38.72211999043835,1900.0724217167924
78,2021,0.16395011207368107,0.1034578467754534,38.81965408770736,2026.2167129516602
79,2021,0.2743773042846383,0.014667760387011357,36.020709364846944,1951.1959120035172
80,2021,0.24044303126821193,0.047275386981898405,36.87027408364203,1951.1959120035172
81,2021,0.24247645429612144,0.04778438083634457,37.93185539321904,1951.1959120035172
82,2021,0.29803689732054145,-0.013489754032717712,36.26891593958174,1951.1959120035172
83,2021,0.2992973091125277,-0.09111286345321475,34.44439554221397,1959.4224475342219
84,2021,0.26252071580023884,0.03273188231776375,38.83556100020323,1989.978150933981
85,2021,0.19460158274399494,-0.016816814709700985,37.82385671144651,1989.978150933981
86,2021,0.2704790595867483,0.0323419424198186,39.22108532132765,1989.978150933981
87,2021,0.18236612297627564,0.0817525582187441,36.4106790506432,1989.978150933981
88,2021,0.20566140008866804,0.05615825091455732,35.135979037442496,1989.978150933981
89,2021,0.25979729000526997,0.01779747339195942,36.42479519894637,1989.978150933981
90,2021,0.23646637292102643,0.034759482634011074,35.99069979416739,1989.978150933981
91,2021,0.24751484204948584,0.03934642585572517,36.823632351731646,1989.978150933981
92,2021,0.22136249380192785,0.043023159218975406,36.632235915851744,1989.978150933981
93,2021,0.21773863810298116,0.05334060839247609,36.84431261171943,1989.978150933981
94,2021,0.2299575008125445,0.050798762833847405,35.5892907343226,1983.5144444455702
95,2021,0.2442717928535309,0.0348914807762833,36.15591745790865,1989.978150933981
96,2021,0.3910665221222965,-0.01929258221650881,36.55512319298695,2020.1769526153803
97,2021,0.20551800930839703,0.08239788199654377,36.84843708336735,2026.2167129516602
98,2021,0.40832895096791966,-0.03801276450539429,35.54502888448629,2026.2167129516602
99,2021,0.29899077477225255,-0.013525677515527143,36.09768711858311,1989.978150933981
100,2021,0.28586884939479307,0.012153317812114246,37.04951218745544,1989.978150933981
101,2021,0.2790895628837652,0.012127553771517053,36.48414003811107,2014.8921623211354
102,2021,0.28142163205849463,0.017032767268636142,36.83611679581606,2026.2167129516602
103,2021,0.2719130637702541,0.01727591893143393,37.1284819003074,2026.2167129516602
104,2021,0.2146427152855414,0.06227810530169367,37.53594827255505,2026.2167129516602
105,2021,0.20005069265856829,0.06811055293301568,38.072637899170154,2031.167753627667
106,2021,0.20471208971820412,0.06159983711972733,37.39937696471973,2036.2707439340077
107,2021,0.2935542600913208,0.015456247711486435,37.34128712186356,2026.2167129516602
108,2021,0.19598146102826694,0.07757904470225531,38.12406346228604,2068.580820822716
109,2021,0.2030597076649955,0.08065126782445359,37.51138231338854,2077.0115946531296
110,2021,0.33077857633082935,-0.008770244503988814,36.04745572087888,2077.0115946531296
111,2021,0.2781417545882402,0.007959404706749728,37.06895419723484,2077.0115946531296
112,2021,0.2478244937582703,0.04891688775115326,36.85660137647972,2076.053552172401
113,2021,0.2665715508037447,0.028113907183399768,36.21629200897916,2077.0115946531296
114,2021,0.21105927084679574,0.06264470455234263,38.838040179488814,1976.971909403801
115,2021,0.2131552592923239,0.09290197677464164,38.59746431665669,2016.9877835035325
116,2021,0.1748440496088131,0.09980736770366816,38.90988765897227,1976.971909403801
117,2021,0.2623771736496414,0.022507324231261696,35.978552728978435,2077.0115946531296
118,2021,0.2934475451505413,0.0034804130600921733,35.96724970810909,2077.0115946531296
119,2021,0.2613964181071098,0.041163784951326485,37.19072970876238,2024.0494083446617
120,2021,0.24953488734838145,0.06948052139480314,38.374975335485246,1976.971909403801
121,2021,0.26647975765258974,0.03435884101689068,37.21941928896013,1976.971909403801
122,2021,0.3269838203953276,-0.037468054049898246,34.87212915334251,2077.0115946531296
123,2021,0.28438213676820323,0.014173817596308282,35.771359471673826,2077.0115946531296
124,2021,0.21321498529147073,0.06717081734143499,37.104152602836216,1976.971909403801
125,2021,0.23137124910096354,0.04886514812422836,37.688586125956704,1976.971909403801
126,2021,0.23403790283414622,0.04129627840280508,36.21720856224006,2000.0579906151845
1,2022,0.06445634313674185,0.02931780891808537,36.24620249185318,1465.0807430744171
2,2022,0.25586029531237225,-0.03756881260427635,38.39579452498862,1465.0807430744171
3,2022,0.3723620482173418,-0.050776764030343854,36.54745723744806,1530.4504443078206
4,2022,0.30508442469120656,-0.0035982003311887415,35.06925847435317,1561.892656266689
5,2022,0.17204628009581965,0.020741488102802224,34.861124471020034,1538.6825870752334
6,2022,0.2660828816163474,-0.009887312309135768,36.33907485114365,1564.2610306739807
7,2022,0.33371556588604195,-0.03482928668815581,35.2416951830583,1572.7872246801853
8,2022,0.10361238512213337,0.0677091338636149,34.043402558116284,1564.2610306739807
9,2022,0.09696752246890569,0.06020394485166338,35.6659040031034,1557.1559074521065
10,2022,0.20903793272646234,0.06939635230089618,37.03318339399037,1567.3614648580551
11,2022,0.04642296594750458,0.03396928791088318,33.94128165008522,1576.6627674102783
12,2022,0.16523826287244278,0.08206271980643608,35.430208867107496,1576.6627674102783
13,2022,0.17551538612169498,0.08121371182369627,36.277317784011174,1576.6627674102783
14,2022,0.0035325982294929226,0.008433700490678335,32.53455059173577,1576.6627674102783
127,2022,0.26421902995091634,0.038870558894341746,36.08074305085465,1664.2404576738677
128,2022,0.2253231052041645,0.059251768532635654,35.991176118167154,1651.4882934093475
129,2022,0.24140471436299735,0.047050265507806006,34.66441196072472,1651.4882934093475
130,2022,0.18140345454490203,0.08322331371639116,36.66930525728948,1651.4882934093475
131,2022,0.30340511538777853,0.010929463084356512,33.679069487564185,1651.4882934093475
132,2022,0.30657372363112373,0.009243596196161274,36.64544683404469,1651.4882934093475
133,2022,0.24039020690731308,0.044814502884603695,38.5715505463723,1675.7975506232335
134,2022,0.26048075366382706,0.031097478100284084,39.15316746983319,1756.8284080028534
135,2022,0.21548816706254895,0.06415760164766883,37.41961027736452,1756.8284080028534
136,2022,0.26501369260022967,0.03402633078873264,35.658441224406246,1756.8284080028534
137,2022,0.25341485883561155,0.045904007915764204,35.769895103768754,1651.4882934093475
138,2022,0.23487091323953005,0.05138544761750241,35.15655379595189,1651.4882934093475
139,2022,0.22410518958005723,0.04984889536169348,35.95169387957971,1651.4882934093475
140,2022,0.20004349418303133,0.07463903788836794,37.7509958410943,1756.8284080028534
141,2022,0.23710191449359494,0.06146887997541651,36.39837542013861,1756.8284080028534
142,2022,0.18499701366725366,0.08547194204245513,36.24967276492456,1719.2069385051725
143,2022,0.2993557523440888,0.01587774802131963,35.48368232097564,1681.3222692218321
144,2022,0.2957518571889019,0.024770716455831444,37.64172099129397,1651.4882934093475
145,2022,0.23539096987505895,0.06012028541804655,36.65845572476952,1656.33526987188
146,2022,0.22317764843453225,0.0645668427551765,36.21470437064792,1651.4882934093475
147,2022,0.25333336515826693,0.05407105500918776,36.452125851717206,1651.4882934093475
148,2022,0.17361915477293405,0.09173128894050667,37.39715165281919,1651.4882934093475
149,2022,0.27881218409962644,0.025702415583907876,35.50915484120684,1651.4882934093475
150,2022,0.18397699926574496,0.05976435294249979,35.409727201751565,1651.4882934093475
151,2022,0.23618775007364962,0.052985318854144814,33.937945004348805,1651.4882934093475
152,2022,0.26372549515205684,0.03898371444327671,34.57995131870492,1651.4882934093475
153,2022,0.273967610451007,0.005392684541382557,33.84068949687489,1651.4882934093475
154,2022,0.24776753080270913,0.05130580388304036,36.09017379988197,1651.4882934093475
155,2022,0.25660124335060663,0.03867922770177982,36.029962518568645,1651.4882934093475
156,2022,0.2660603471576802,0.039148078149687515,36.89209960399671,1651.4882934093475
157,2022,0.41825732221675777,-0.025076570607530834,35.138686871456684,1651.4882934093475
158,2022,0.45619669071374197,-0.05634705488032932,34.41174871605732,1651.4882934093475
159,2022,0.28677187114017033,0.06691971672038498,38.056301491465724,1651.4882934093475
160,2022,0.2122907774679171,0.061362879544416875,38.89313471837108,1651.4882934093475
161,2022,0.2163763488001964,0.06839599150576779,37.91402131782098,1651.4882934093475
162,2022,0.2513462362181178,0.0208645457267376,37.29335362408076,1651.4882934093475
163,2022,0.17496570877884532,0.08124744371609408,40.243050598086526,1651.4882934093475
164,2022,0.20699469816439983,0.04750329369231083,35.376448958739445,1651.4882934093475
165,2022,0.22191628857173032,0.04151327164285237,38.004256289260795,1634.0061735312142
166,2022,0.3479090260003163,-0.006188594853073705,35.66707924999471,1581.559813896815
167,2022,0.23201531437666192,0.030677673579130666,36.88666542334678,1564.0776940186818
170,2022,0.30603015441378334,0.010537566741899314,35.93391008352059,1651.4882934093475
171,2022,0.4129635651281439,-0.0318592603815479,33.54711907954346,1756.8284080028534
172,2022,0.4210004733347763,-0.043986749008787476,33.01375862970962,1756.8284080028534
173,2022,0.3036666101910906,-0.05070220935507433,31.910932362474366,1689.1382293939587
174,2022,0.5429559421408634,-0.09615297672398894,32.86478446422659,1732.2490479310354
175,2022,0.27934675415049853,0.001168591129495177,32.883490034141545,1756.8284080028534
176,2022,0.4461704727081363,-0.09192862660445751,31.62486073982192,1674.8506830439846
177,2022,0.20121980686450855,0.06626094593803238,35.94429301777985,1646.9277403976607
178,2022,0.2282930733590671,0.0579770757056766,37.999742893891266,1583.9931940212846
179,2022,0.2418219932381328,0.03619842307172451,37.84231746570557,1660.7678960680962
180,2022,0.30541376405353726,0.012012785125650459,33.507710076889786,1756.8284080028534
181,2022,0.3077354495447381,0.003691244174947593,34.306917830642526,1697.1017798185349
182,2022,0.26297330448553774,0.0176731664093571,34.756797010389654,1660.1722528868252
168,2022,0.2202090199937199,0.04281781368736332,34.69941342312477,1546.5955741405487
169,2022,0.22397524906322439,0.04465118498203004,36.82344673058316,1546.5955741405487
183,2022,0.2392242441597145,0.04399043565867186,35.34335371004322,1615.4134977879348
184,2022,0.2898874621046978,0.020302569767542772,35.23904977940545,1619.5991052389145
185,2022,0.22840589509155307,0.04765613242030472,35.87170193333213,1619.5991052389145
186,2022,0.24537369525027342,0.041204191430774556,36.30652386514732,1619.5991052389145
187,2022,0.21910466767411324,0.048391868441284264,39.46225447689324,1546.5955741405487
188,2022,0.2373919901405359,0.03086455386090961,40.982754509410874,1546.5955741405487
189,2022,0.43195674042731297,-0.11879345597823027,36.886065644443256,1567.1254840616523
190,2022,0.3627490975060892,0.005311394141365721,38.32509956240152,1512.3940164902633
191,2022,0.3284699809237801,0.005412303393842684,40.11346508730175,1510.5004941821098
192,2022,0.28956097802100184,0.004387222740524192,35.24589517963162,1619.5991052389145
193,2022,0.25540229364853173,0.04219797065066872,35.545342089774785,1615.2265324550015
194,2022,0.2837277666967819,0.017363832138519296,34.20784461664788,1555.4680377415248
195,2022,0.30887402521705826,-0.001276937087749077,34.76958116313661,1497.1670672893524
196,2022,0.3543881371211456,-0.03650115737675845,35.09607640841127,1509.6177830130366
197,2022,0.33921027918364627,-0.04051420078370799,35.11316168045907,1499.485924140267
198,2022,0.37626280477552715,-0.030185161902303085,34.85813416965373,1495.9495570182798
199,2022,0.3940974365749333,-0.05689330035771457,34.667035860327736,1495.1114130020142
200,2022,0.4057049317183792,-0.04695259349266115,33.41865405742184,1495.799455431443
15,2022,0.36321238744237094,-0.03920785566974127,37.737145129662544,1488.7403059204419
16,2022,0.369334257841346,-0.03223677990386721,37.45002710101705,1585.7644751152945
17,2022,0.43217815928774406,-0.02771721397485662,39.88859276088697,1668.9390382512527
18,2022,0.37794075310972475,-0.048572667610759006,38.28257139142252,1612.2016102725809
19,2022,0.35851419889163716,-0.013987276083203187,38.226646022446054,1669.7303057909012
20,2022,0.3668119508160362,-0.04919798864720187,37.10454628477283,1669.7303057909012
21,2022,0.26520999223568603,0.018179455020277104,37.621425550996115,1578.643204553561
22,2022,0.3536306439599094,-0.0008795246168428597,37.91828830522198,1664.2953368316998
23,2022,0.36164329934107736,0.01704792055614568,39.32790456119042,1664.4447896842446
24,2022,0.30228102465765205,0.013939526848451725,40.24226772551869,1663.4048191308975
25,2022,0.2752592752287149,0.01113122616049412,39.47140847916808,1663.4048191308975
26,2022,0.22383582784871192,0.009703720586647322,37.61178735573137,1680.8926076030727
27,2022,0.33318935143134537,0.028638422343061014,37.4477325501942,1691.3099254767099
28,2022,0.43956543398677156,-0.05015696105999614,35.26415217124348,1697.7722714788772
29,2022,0.40826387650502316,-0.06688124067400873,34.59249861471117,1666.8195893764498
30,2022,0.3149112145432753,0.011076670765717668,37.782991792321,1705.0424107313156
31,2022,0.33784655603915226,0.019445024242963082,40.918681538783424,1705.0424107313156
32,2022,0.20117852027393957,0.0684392657932353,40.81916434694109,1663.4048191308975
33,2022,0.30283007303470766,0.01992635871917424,39.318562619044044,1705.0424107313156
34,2022,0.2526056185848517,0.04451137946013525,38.34499981364386,1705.0424107313156
35,2022,0.2229124894190672,0.06663011858176723,37.52271847938919,1705.0424107313156
36,2022,0.22583459106041565,0.07016234373670435,36.59907796709184,1705.0424107313156
37,2022,0.3197932149913763,-0.011619189917947807,34.900586232999785,1623.3462740724735
38,2022,0.3037398229058605,0.01113871944263972,35.29123812866854,1576.6627674102783
39,2022,0.22249782872633778,0.06003146857706816,36.564945353273906,1576.6627674102783
40,2022,0.2212811627680179,0.06834870146979403,35.93925271198935,1576.6627674102783
41,2022,0.20858123602194859,0.06955238559669717,35.66665723936709,1576.6627674102783
42,2022,0.17829750281653878,0.10746802937800469,35.78161330519131,1576.6627674102783
43,2022,0.202515418778768,0.07730297897937742,36.706840354679066,1576.6627674102783
44,2022,0.1964610662976484,0.07790395850618276,37.52197263805473,1705.0424107313156
45,2022,0.2628780023527371,0.04284128089259184,36.21435308151896,1750.121231722832
46,2022,0.33157495202767356,0.006369734833443596,35.59715068671455,1612.3301698664825
47,2022,0.23477157358610734,0.053763507711545644,35.5509263458432,1588.0794035991032
48,2022,0.1366922068780683,0.130924321853551,37.068892403333344,1605.204357882341
49,2022,0.17045584519610374,0.10537173812212665,36.40690036823326,1586.4484555721283
50,2022,0.1798643577150998,0.07573426754705836,36.56671207936222,1598.0689602643251
51,2022,0.14921725200942096,0.1198608799195423,36.88966300017602,1610.9126759767532
52,2022,0.25284352466115495,0.050262629805289026,36.94467090838031,1610.9126759767532
53,2022,0.3036168027025025,0.019733504243247383,35.71522958424957,1610.9126759767532
54,2022,0.13597620040332584,0.12239162450392578,35.95855895710933,1610.9126759767532
55,2022,0.17028540129232814,0.12125530756186818,36.70493920643878,1610.9126759767532
56,2022,0.15203132812180575,0.1271880731707114,37.37995239013172,1610.9126759767532
57,2022,0.12065894690374886,0.14178727686495277,36.54221452973237,1610.9126759767532
58,2022,0.28088849546761924,0.03687985750842884,34.411176977672575,1674.576555628043
59,2022,0.2772242288960469,0.02773006517114562,34.61766273745655,1612.7851330041885
60,2022,0.20351034933068243,0.03409058283016813,35.03833515087077,1611.0237539360078
61,2022,0.3065831072837702,0.00916781402087153,33.71220063561945,1754.387238732406
62,2022,0.19058444040613085,0.07806179708928546,34.85146210727585,1610.9126759767532
63,2022,0.21669450435585175,0.07527437879899104,34.17637822327074,1617.4662755727768
64,2022,0.23018634898513068,0.0516436813612733,42.07480893995787,1676.836300292323
65,2022,0.21092284743423537,0.06024188759304422,41.60771910501548,1679.8763796240091
66,2022,0.23586624152421098,0.038754649071261756,39.12395103338431,1724.9301258746316
67,2022,0.22808140560334178,0.05237713811296711,39.69279238903215,1761.3909369707108
68,2022,0.21614960358482121,0.06300409045091702,40.66036648800601,1705.0424107313156
69,2022,0.31981009680444156,0.020982041029856038,38.35444015029967,1743.7820225208998
70,2022,0.24167105918756948,0.054817537684369796,38.16620441469205,1761.3909369707108
71,2022,0.313967178522645,0.030952901057673576,37.49167423309964,1761.3909369707108
72,2022,0.3384369441648718,0.02520568831756161,36.069771509276734,1641.0083281755446
73,2022,0.17694140801678573,0.08860116616053754,35.95393256278278,1744.6711301936043
74,2022,0.24957047702566754,0.050644702368862045,35.47200496387872,1761.3909369707108
75,2022,0.1708916195009321,0.10834953408532498,35.75784419022387,1761.3909369707108
76,2022,0.17518886141969575,0.08284573709891797,35.047228068965545,1761.3909369707108
77,2022,0.2666922647856636,0.054404759425311755,35.28943606473479,1632.4095704044614
78,2022,0.17629456202100388,0.09353476012001707,35.543259094878614,1761.3909369707108
79,2022,0.28318896358577245,0.015287039521375468,35.56481526771422,1663.4048191308975
80,2022,0.23408956556013077,0.05468543178438813,37.53593325518355,1663.4048191308975
81,2022,0.2466533859358177,0.055613093231165596,37.52580223688297,1663.4048191308975
82,2022,0.3065663324903796,-0.004472892634528878,38.33962650869636,1663.4048191308975
83,2022,0.3260382815880264,-0.05669323349136883,37.30743491616953,1669.6163166905897
84,2022,0.28107375168340276,0.036201616388192165,38.99681318713148,1692.6875933408737
85,2022,0.20855884084952506,0.011444514895531261,36.12360058873048,1692.6875933408737
86,2022,0.28101197178811943,0.04044211563717963,37.13889248690652,1692.6875933408737
87,2022,0.18862320669586596,0.07892304865568611,40.6573377175651,1692.6875933408737
88,2022,0.21707210940966912,0.03955911984434562,41.05127747825299,1692.6875933408737
89,2022,0.27542228230310734,0.015599224432785865,41.147661024804,1692.6875933408737
90,2022,0.26249406239624556,0.024573123997762375,36.86584334620087,1692.6875933408737
91,2022,0.26845229349388755,0.03871717008878252,36.957326244125895,1692.6875933408737
92,2022,0.23822155082300647,0.04160771431870559,35.02444873175358,1692.6875933408737
93,2022,0.21955571672865978,0.056888175622818976,35.591772131043534,1692.6875933408737
94,2022,0.25504730652879365,0.040969261509283504,41.498151083967805,1687.8071309725442
95,2022,0.2619115457989312,0.02953660023696854,40.65082027533672,1692.6875933408737
96,2022,0.4345821989831686,-0.02563794394541973,40.04139933074303,1749.9403796990714
97,2022,0.2037194086175218,0.07980470010132884,42.09096685330067,1761.3909369707108
98,2022,0.4523099046839339,-0.05620839870221369,37.34621658898678,1761.3909369707108
99,2022,0.32329806501491565,-0.02538023083153104,37.625644505937636,1692.6875933408737
100,2022,0.3068631597335672,0.006372529784043082,37.36619515456115,1692.6875933408737
101,2022,0.3023333573874626,-0.004173530652157291,37.76770877468176,1739.921142086387
102,2022,0.3029471005048549,4.531138335881135e-05,38.85430176576116,1761.3909369707108
103,2022,0.2940377224178769,0.007629632203394811,35.66033619601595,1761.3909369707108
104,2022,0.2429772056327401,0.051894693916643614,35.61509528093111,1761.3909369707108
105,2022,0.20106776557351838,0.06871440944329273,36.89448142281089,1670.5033549162058
106,2022,0.21880254843865796,0.05606117369163336,37.045541905479226,1749.4173367298567
107,2022,0.3218330339243224,0.006456986185770017,36.643222090631504,1761.3909369707108
108,2022,0.19782080861953216,0.07391662595213731,35.19014500303421,1672.5563163280488
109,2022,0.20214153723948006,0.061917103418736595,35.59192770105683,1756.8284080028534
110,2022,0.36452586533193937,-0.025974091058331136,33.90551699500163,1756.8284080028534
111,2022,0.29721343138853384,0.0010582617782658214,34.40207824132593,1756.8284080028534
112,2022,0.2653782053976283,0.04321015923679395,37.35549764826908,1747.2520339488983
113,2022,0.2793912295391353,0.031337406229238196,34.138122880367256,1756.8284080028534
114,2022,0.226465310776056,0.05167919970494117,35.39899334340829,1617.4662755727768
115,2022,0.2197998577860267,0.08589167023612734,34.03843960780932,1673.2111285448075
116,2022,0.1904584143212338,0.08815527128075915,34.94139719013985,1617.4662755727768
117,2022,0.2757090627155616,0.02438128573872346,34.251587579722155,1756.8284080028534
118,2022,0.3155259316268444,-0.0002942239631124471,33.41625929613486,1756.8284080028534
119,2022,0.28487610632079785,0.030533760752842275,33.67917740790111,1683.0484555398716
120,2022,0.28755633495077587,0.04710981829087396,34.61236175790238,1617.4662755727768
121,2022,0.29223156781078025,0.018839985033227508,34.18985776802473,1617.4662755727768
122,2022,0.3583191703593149,-0.03193643438867106,33.586356180171585,1756.8284080028534
123,2022,0.3107392753770798,0.0031045748287664454,33.7675393407496,1756.8284080028534
124,2022,0.22700353551911429,0.05770071346026479,34.3629022648036,1617.4662755727768
125,2022,0.2545934965293309,0.02503505775024748,35.29666851233267,1617.4662755727768
126,2022,0.24798050979019048,0.02097643698215129,34.07911526516677,1649.6267676720252
1,2023,0.04194289147759571,0.04719651027352179,34.536596481261014,1675.1742695569992
2,2023,0.3118113099408568,-0.05050389331735132,36.50348585799421,1675.1742695569992
3,2023,0.41247801867860445,-0.0699024628769118,36.26576356751575,1766.5144829297888
4,2023,0.3094817667590355,-0.006083780457769423,38.319550990957495,1747.997489604685
5,2023,0.17724834036822956,0.004543546907185802,38.23688867297347,1761.6663974046708
6,2023,0.2875909268714178,-0.01133936334145338,37.80925122372655,1746.6027030944824
7,2023,0.3505090134514417,-0.04258759251216073,38.45388584176072,1810.793853931129
8,2023,0.1008005205969805,0.06894940504740815,36.992365691974065,1746.6027030944824
9,2023,0.08713699717428537,0.06679655336627538,36.836551316440904,1750.7870626250901
10,2023,0.2276813714180908,0.05562265012771529,37.935287858609904,1769.944939762354
11,2023,0.004897599700688437,0.06447123853788994,35.369816424965734,1839.9716497659683
12,2023,0.17484177744703244,0.06581746235472044,37.82526475770761,1839.9716497659683
13,2023,0.18796009802532423,0.07124366320063706,38.79788337753453,1839.9716497659683
14,2023,-0.03657799238161297,0.04239878978562196,35.20504872909907,1839.9716497659683
127,2023,0.2790984297702652,0.020311394020967558,39.88241388103498,1869.2329344266939
128,2023,0.2248363254321117,0.05079439305492756,38.36796610218332,1868.6563875675201
129,2023,0.24831051562130807,0.03284463457741193,39.0654109496558,1868.6563875675201
130,2023,0.1895691556709018,0.0764326776509006,38.93658479587418,1868.6563875675201
131,2023,0.30936963752515484,-0.0005611400011987963,39.550422819592036,1868.6563875675201
132,2023,0.3112439446346483,-0.004651338053784606,39.65765152127613,1868.6563875675201
133,2023,0.24841730051319294,0.026698827537274906,40.085446920185355,1896.0103244552247
134,2023,0.2692759773554045,0.020290754497732103,39.01423317915247,1987.190114080906
135,2023,0.21322335132222378,0.055870798728799236,40.91719054794935,1987.190114080906
136,2023,0.267522532188504,0.02000598731085675,39.395376609248224,1987.190114080906
137,2023,0.25500241871320845,0.02938246610442515,39.084344558192655,1868.6563875675201
138,2023,0.24147805443414475,0.041299553203623766,38.64659261088466,1868.6563875675201
139,2023,0.23358061754321105,0.04377673888903834,38.63907987785846,1868.6563875675201
140,2023,0.20411836613228462,0.07038806645583637,41.13539404537247,1987.190114080906
141,2023,0.24707848309631142,0.04462340783358179,39.41359851032011,1987.190114080906
142,2023,0.2016581607531243,0.0731350153233214,40.157692478153976,1944.8566403261254
143,2023,0.32246080157450147,-0.011810799728569405,39.22003640739927,1870.0052319436238
144,2023,0.3038688084229436,0.01163246744463702,39.75363075919868,1868.6563875675201
145,2023,0.267687282091373,0.030178330432910166,40.3037592181788,1868.8755275501926
146,2023,0.24220177733600398,0.05036888489458688,39.60472290728372,1868.6563875675201
147,2023,0.2707451138164491,0.026091876051624167,38.95894668049506,1868.6563875675201
148,2023,0.18165473071311544,0.07792134938058602,37.751215542881305,1868.6563875675201
149,2023,0.31636499317805383,-0.011875211795993417,36.378765928300034,1868.6563875675201
150,2023,0.19784768219517032,0.05108552059091103,37.68053462977859,1868.6563875675201
151,2023,0.27460067762234525,0.02888921232089178,38.01415096474582,1868.6563875675201
152,2023,0.26349386718736784,0.0361333388656661,37.37009027844179,1868.6563875675201
153,2023,0.1799275847482076,0.04490413610228312,37.5399454690729,1868.6563875675201
154,2023,0.24781673218168576,0.04330541803459377,38.749331451640145,1868.6563875675201
155,2023,0.25654165840510096,0.030740047049938567,39.1141730286435,1868.6563875675201
156,2023,0.2710335876991761,0.02512717753184205,39.07618385543535,1868.6563875675201
157,2023,0.4550616714333938,-0.058575337662806634,37.7526772062003,1868.6563875675201
158,2023,0.4614537214664935,-0.06463518861053237,36.48749861653922,1868.6563875675201
159,2023,0.34089962316801664,0.026193759617179763,40.45842307165941,1868.6563875675201
160,2023,0.21057671025642727,0.0575367778349064,38.28125371258829,1868.6563875675201
161,2023,0.22918368561387037,0.048515800897033244,37.540248748671694,1868.6563875675201
162,2023,0.25652303395799536,0.018063184401690864,37.08738424989906,1868.6563875675201
163,2023,0.17777855762783182,0.06944618800083832,37.181899983833574,1868.6563875675201
164,2023,0.20739041482709644,0.04267306222019876,36.89551685576798,1868.6563875675201
165,2023,0.22276043455255073,0.03622412723740083,36.34006179816152,1838.0080231825514
166,2023,0.3494560950477448,-0.019432537381947244,37.119898529169035,1746.062930027644
167,2023,0.23451270236161342,0.018695221164562587,36.86755994913583,1715.414565642675
170,2023,0.3276430727706657,-0.006571966936754076,38.46160612417376,1868.6563875675201
171,2023,0.442953100649293,-0.0658950672173441,37.3773511764322,1987.190114080906
172,2023,0.44257828206454297,-0.0762667174099981,35.24691201437675,1987.190114080906
173,2023,0.33926317555453517,-0.08113407937472006,34.13340838762034,1957.2292634963987
174,2023,0.5897741002442791,-0.1408642672202354,33.8260469747005,1959.532244561116
175,2023,0.30616422166472057,-0.0325851096989012,34.62481115987212,1987.190114080906
176,2023,0.45536357977826747,-0.1009289396362342,33.48081469029075,1950.9053469370392
177,2023,0.22542674387987477,0.02481569187457062,35.973086223066346,1860.6611620757892
178,2023,0.24308363763397647,0.03183551553091517,37.02487567470563,1745.7230375707147
179,2023,0.25859350050529256,0.011608883700915716,37.277946392121194,1906.0933334410192
180,2023,0.3256841191641783,-0.008537317956710012,36.08306255901854,1987.190114080906
181,2023,0.3288925788351463,-0.015146561320115918,35.598845623844724,1960.7540694475174
182,2023,0.281113787941267,-0.005931712287038308,35.82803995626043,1911.229555490944
168,2023,0.22231074177607682,0.040187399584208125,36.32493861113826,1684.7662012577057
169,2023,0.22662590568598456,0.030021803480766367,36.0102535049362,1684.7662012577057
183,2023,0.24722513027513862,0.030002933565593262,36.633270208941234,1867.6107378579952
184,2023,0.3144756752679939,0.002056489123116126,36.72804896221457,1871.337570309639
185,2023,0.22820003845960043,0.03528273799018747,36.63172671246383,1871.337570309639
186,2023,0.24891086190363787,0.024656713761634412,36.714080100368065,1871.337570309639
187,2023,0.2261870008962989,0.03864865779620875,35.381692324361644,1684.7662012577057
188,2023,0.2300150960216319,0.02810304485271692,36.81489709639026,1684.7662012577057
189,2023,0.47990547013489454,-0.1432120463117482,35.384011655694266,1771.415177033893
190,2023,0.4142104291554043,-0.03655169588639066,36.02400958912801,1698.570558509406
191,2023,0.3533579931237487,-0.03239674198521468,36.457593776666364,1699.4768409132957
192,2023,0.2986701923762355,-0.011166347601593898,36.169967811441204,1871.337570309639
193,2023,0.25835598735188237,0.03191321273457026,37.302165929365245,1865.36652614602
194,2023,0.291957463573719,-0.00444921275545745,36.36985530166288,1783.762255909897
195,2023,0.2802455065686299,0.0021858172329086065,36.38619823249474,1704.1483337283134
196,2023,0.35661098599665386,-0.046094979191201264,35.7469235230331,1721.150628973872
197,2023,0.35058130317242253,-0.053964454580323215,36.01616118468585,1703.335900195267
198,2023,0.3936836195605269,-0.0508834790873619,35.888066174860356,1647.9223251628875
199,2023,0.3955546463612934,-0.0678213602008524,35.620738349625,1616.991338968277
200,2023,0.43022612872719745,-0.06616875761891447,35.69310093811416,1631.8549718449385
15,2023,0.39879961488257215,-0.06778539311940628,37.75729698452145,1674.8600609203181
16,2023,0.4057967573296644,-0.05083184990596539,39.99678039347461,1763.9080422364393
17,2023,0.4623577873718431,-0.05305429784647489,38.11762221727631,1823.1965269200941
18,2023,0.41379407602345963,-0.07910758600114229,38.45586406891291,1785.1838704455984
19,2023,0.38673570828465603,-0.03856778594792556,39.05272540951937,1831.4812712669373
20,2023,0.29085453228845953,-0.024949362567598117,36.6727612824767,1831.4812712669373
21,2023,0.2798157846051658,-3.888477615270383e-06,38.6829175465264,1758.1770532998169
22,2023,0.3799837574497402,-0.01784673751646845,37.95925671842,1774.5759565613487
23,2023,0.37357405196181,0.009557038194235753,39.53302805193856,1826.749805080039
24,2023,0.3104362450919267,0.002097640063979327,38.2292308179368,1874.2561370134354
25,2023,0.2681645665612133,0.00900793982850605,39.242026358290346,1874.2561370134354
26,2023,0.2284815584073785,0.007318025135558465,39.87576109189911,1897.7775934886931
27,2023,0.3512694073482851,-0.011816962568231342,40.71586156212138,1891.8458084331617
28,2023,0.4518695790188514,-0.08057314144716354,38.75017587340831,1909.9228890818708
29,2023,0.42233055903631134,-0.07608810128875781,38.68773757766695,1896.6557685678658
30,2023,0.3190499775998294,0.0019438241229396227,40.53484616945662,1930.2596048116684
31,2023,0.35224785742161274,-0.004867721802039365,42.33416618464055,1930.2596048116684
32,2023,0.21702493229192893,0.04957771230030435,38.813501491780784,1874.2561370134354
33,2023,0.320622820103884,-0.004250768145065066,42.496671943602756,1930.2596048116684
34,2023,0.270017195282378,0.022282809894442156,40.80900826297214,1930.2596048116684
35,2023,0.2390839739138716,0.051389081505109624,40.9340821752401,1930.2596048116684
36,2023,0.2366422214652479,0.05279318177766174,39.46068912216838,1930.2596048116684
37,2023,0.33679729895172433,-0.026403984607842237,40.23687901346347,1872.8036334189503
38,2023,0.3177041487512298,0.008356149376998303,38.62136032800008,1839.9716497659683
39,2023,0.2457329958172577,0.03916622565647213,38.7207609740594,1839.9716497659683
40,2023,0.2425312690182352,0.05650149042540245,38.525631222981076,1839.9716497659683
41,2023,0.22629047325996485,0.06151291895480894,38.984174917482456,1839.9716497659683
42,2023,0.18185805040734726,0.09730116403108022,38.11009600919953,1839.9716497659683
43,2023,0.23026581209782543,0.05846083646669695,38.54652116238363,1839.9716497659683
44,2023,0.20264132750245334,0.07173406329880265,41.70236422223373,1930.2596048116684
45,2023,0.2774851837298187,0.032295591192950855,39.411162503617156,1998.8140993833542
46,2023,0.36247264979497373,-0.013589050292493215,39.100361449989926,1900.687114606301
47,2023,0.2544189524809436,0.0399592779237974,38.64999097433118,1876.5056276321413
48,2023,0.14959164231567984,0.11835919736040264,37.66656386464288,1931.3065944314003
49,2023,0.19017157645781751,0.08492664353221467,37.28519561727624,1871.2864879369736
50,2023,0.19882607032060468,0.05551440177798893,37.334738489008565,1908.4728582650423
51,2023,0.16009528401663767,0.11356930032533834,37.092332325298855,1949.5735833644867
52,2023,0.2771603659755291,0.03203195601233819,37.23385824636675,1949.5735833644867
53,2023,0.31671897668074894,0.00746709872404039,38.06404877533473,1949.5735833644867
54,2023,0.14752642573719113,0.11241278910682492,38.22533874272901,1949.5735833644867
55,2023,0.1745607934097469,0.11076568406134486,37.4388107698276,1949.5735833644867
56,2023,0.15375475476770942,0.11376752021951503,36.84951887302675,1949.5735833644867
57,2023,0.12598448668643283,0.13637966461104437,38.24867011596906,1949.5735833644867
58,2023,0.29136045759089557,0.021780198217829443,38.16687809481728,1977.6570655290896
59,2023,0.3065658800796832,0.011315473780561348,37.55801813328789,1942.6971338135854
60,2023,0.21600882626730009,0.031470666789482064,36.07451854698247,1949.165658391128
61,2023,0.32644118204830264,-0.00746364984330985,37.53436244179761,2003.309679129294
62,2023,0.20242771770351867,0.07050589525784215,39.42351244815269,1949.5735833644867
63,2023,0.23594516139945626,0.06282404990822725,38.21586157407145,1925.5060099363327
64,2023,0.23420729375456353,0.04454877148449664,40.68987444668379,1892.3217717870589
65,2023,0.22130937987309235,0.049316561943269895,40.785643724595175,1872.15404099226
66,2023,0.23513756890611742,0.035160557795022855,41.487557728962614,1960.5042347697647
67,2023,0.23327426734155637,0.045588555167613135,41.88695286459352,2015.9527230262756
68,2023,0.22220659825958236,0.056364036175504464,41.72767106763768,1930.2596048116684
69,2023,0.3386501317158975,-0.000965873480697384,41.022187264965865,1989.173623584211
70,2023,0.24882005239142596,0.040925301496542235,41.78875835230842,2015.9527230262756
71,2023,0.3451276150016874,0.0010004940277794987,42.539140570498645,2015.9527230262756
72,2023,0.36392972700320825,0.005437306475610979,39.639968870093576,1962.8494112968447
73,2023,0.18539901444756474,0.07463827302029771,41.28025613043942,2008.5772630638548
74,2023,0.26787652273578416,0.03040202702386027,40.18169102914145,2015.9527230262756
75,2023,0.18385626893712423,0.09353300633375755,42.94928193494403,2015.9527230262756
76,2023,0.1897384461427311,0.07618302513516585,41.168063347477606,2015.9527230262756
77,2023,0.28519803253610987,0.0344923912094693,39.50751468201947,1959.0563176018852
78,2023,0.1877118077791391,0.08341338196861521,40.307490027618776,2015.9527230262756
79,2023,0.29343744697411106,0.01401315913177402,36.2707337560285,1874.2561370134354
80,2023,0.24189333398061236,0.037842254747092845,36.80149148130232,1874.2561370134354
81,2023,0.2595286324338181,0.03599375105734505,37.77766493278058,1874.2561370134354
82,2023,0.3125189481934508,-0.017032515230215026,36.864252821133846,1874.2561370134354
83,2023,0.24726971081104945,-0.046807628364178136,37.35747966901776,1873.4634274027567
84,2023,0.291234902598187,0.02950570176973102,39.304590192533965,1870.5190774202347
85,2023,0.18160908549902466,0.008458933651688615,36.36872560627986,1870.5190774202347
86,2023,0.2947579300557429,0.02842150292843647,39.77704849783599,1870.5190774202347
87,2023,0.1952434221804899,0.07429141967141453,40.28043800228875,1870.5190774202347
88,2023,0.22665931323861438,0.03934729233580673,38.83630203838373,1870.5190774202347
89,2023,0.2823383689433613,0.008331342699411878,41.42317504198549,1870.5190774202347
90,2023,0.26858175976447585,0.015088881458897075,39.01687167486104,1870.5190774202347
91,2023,0.281365571319177,0.027781466823383987,38.11779754928249,1870.5190774202347
92,2023,0.24957580417573805,0.029300533781095386,39.69375635147219,1870.5190774202347
93,2023,0.22898272952775528,0.0450258072265953,40.88758099577231,1870.5190774202347
94,2023,0.26258701255600997,0.03882990405387876,42.57269059900001,1871.1419206857681
95,2023,0.26919230129102284,0.02525900587386385,40.71792982089591,1870.5190774202347
96,2023,0.4501889432379582,-0.0463785998364649,40.16626532730808,1991.7137820919354
97,2023,0.20820369229669142,0.06785168236655352,42.295047358339495,2015.9527230262756
98,2023,0.46167064459853313,-0.07678342676843346,40.05766691812861,2015.9527230262756
99,2023,0.33235662151365386,-0.03496869408278801,38.3897618613935,1870.5190774202347
100,2023,0.31601018704197437,-0.0014606299340961502,39.61742283772097,1870.5190774202347
101,2023,0.31826258899222826,-0.011115579188934023,40.277699627497924,1970.5047087743876
102,2023,0.3175368347682609,-0.014262522389901892,40.06587969365216,2015.9527230262756
103,2023,0.30767097592308795,-0.009878398569666224,40.115472741258706,2015.9527230262756
104,2023,0.25515758820857243,0.04147235865030289,40.07175760080468,2015.9527230262756
105,2023,0.21048901291122057,0.05728252959254382,41.35252492175113,1869.5160905764653
106,2023,0.22064901289158026,0.05218784272001898,42.52087175504523,1984.7282824883096
107,2023,0.33913018338603834,-0.012501407912534896,39.24300792544491,2015.9527230262756
108,2023,0.20272793431361402,0.06559729900368093,41.79475185685057,1892.3631328701972
109,2023,0.20869956156981126,0.06255506757979097,38.98983039984529,1987.190114080906
110,2023,0.3862077425693132,-0.04573682995621203,39.64839497681425,1987.190114080906
111,2023,0.31657240335052655,-0.018376313452912536,37.22625179249464,1987.190114080906
112,2023,0.2771457697710823,0.03038020792529779,38.45321610468624,1976.4143207615073
113,2023,0.2924571916233977,0.01011768531709557,40.13373239401683,1987.190114080906
114,2023,0.2236880642020509,0.047919101514878916,38.489223893279664,1925.5060099363327
115,2023,0.23095563370310923,0.07080706227000036,37.99968153930558,1950.1796515941621
116,2023,0.20105236558611622,0.07547440059270519,38.232170784396956,1925.5060099363327
117,2023,0.2821382096962027,0.004050974114120305,39.709245991808494,1987.190114080906
118,2023,0.3285002855512872,-0.021684280808613787,37.0697333894826,1987.190114080906
119,2023,0.2938585605004214,0.01713171443293775,36.622771604907165,1954.5338236514258
120,2023,0.3066013598247244,0.03379621796425171,37.60911645869804,1925.5060099363327
121,2023,0.2996353154881048,0.009923721398006275,36.91317904538062,1925.5060099363327
122,2023,0.3710850345897075,-0.05305735349907837,36.6809532997049,1987.190114080906
123,2023,0.31227881853186196,-0.007800402768673085,36.4106128216187,1987.190114080906
124,2023,0.23167983322793334,0.05154234495531876,36.67382183073766,1925.5060099363327
125,2023,0.2621964940545688,0.015259417205442334,37.36515720948903,1925.5060099363327
126,2023,0.26186226247088734,0.0078084593842856365,36.62024738501791,1939.740803200465
1,2024,0.0602198987150608,0.0025423572257772735,36.910371466576485,1536.4593022308982
2,2024,0.2716527545625459,-0.03941882563639816,38.225145071058115,1536.4593022308982
3,2024,0.37487040185064147,-0.043106580175364215,36.373425248458176,1607.1737687789237
4,2024,0.2738072959067232,0.016260453994455994,38.31454254019467,1619.9710079596841
5,2024,0.17096131940959963,0.009344700551887285,38.50490978829296,1610.5243186735227
6,2024,0.2478488688217443,0.02255494132282393,38.731552607056926,1620.9349558460272
7,2024,0.31826120280238096,-0.03035217598157577,38.59546765552439,1648.227200740061
8,2024,0.10866791121926574,0.05473354934242122,38.399965156763024,1620.9349558460272
9,2024,0.09961841096828228,0.044287064383176596,37.81663621337803,1618.0431121869983
10,2024,0.21185409676756808,0.06741882158820912,38.55898367688954,1630.8594085347668
11,2024,0.036828336250442864,0.005642605607461479,36.0678905648956,1660.6327666009856
12,2024,0.17516966670334144,0.07225103646486973,39.01599496990528,1660.6327666009856
13,2024,0.17885356722378126,0.08209831558589811,39.38728994019806,1660.6327666009856
14,2024,0.008495221321351117,-0.02104769819634015,35.27835568505791,1660.6327666009856
127,2024,0.2429386780093372,0.032713406107459646,40.969739797475775,1723.8885123359617
128,2024,0.20259828562310764,0.050707534750818475,40.845161224047565,1726.588234031573
129,2024,0.2205569643260355,0.033489333951189824,40.33247966360998,1726.588234031573
130,2024,0.17480808528900152,0.0676564141706691,42.139600961465504,1726.588234031573
131,2024,0.274598964346061,0.004049460599786966,39.6924007158398,1726.588234031573
132,2024,0.27947198408618895,0.0001251240562167997,40.17740303228755,1726.588234031573
133,2024,0.23002232359523497,0.023690489493399948,40.7337168876022,1743.3914779421805
134,2024,0.24568863182351316,0.014026352139695313,40.21139869883526,1799.4022909775376
135,2024,0.1983778194695541,0.05390934116143021,40.18543546884142,1799.4022909775376
136,2024,0.24211165314709007,0.01477087488382688,39.75737966693938,1799.4022909775376
137,2024,0.23428380762337955,0.0310233716177786,39.70174367684128,1726.588234031573
138,2024,0.2312369284819381,0.03376017421785862,38.0037873076114,1726.588234031573
139,2024,0.2151423591982915,0.037670739787000855,41.01914713035556,1726.588234031573
140,2024,0.19831035017018891,0.06669477925556228,41.75356194511372,1799.4022909775376
141,2024,0.22797660834815964,0.044299243543318725,40.903324902905304,1799.4022909775376
142,2024,0.19125637704060106,0.06897436528173473,41.398541455354504,1773.3972706396933
143,2024,0.2853871268340301,0.003122645494096024,39.24021431994252,1720.2721742556334
144,2024,0.27003231687831164,0.023632493515175424,40.35148734123832,1726.588234031573
145,2024,0.22183625612656796,0.048169592931844314,41.489264928671986,1725.562095468535
146,2024,0.22065842327309118,0.055898683832181086,42.851922987627546,1726.588234031573
147,2024,0.23632038592788288,0.04118358060281312,41.888053305139735,1726.588234031573
148,2024,0.17030683330993368,0.07086098933605195,42.30105979345557,1726.588234031573
149,2024,0.27850978596489084,-0.0016507306297477587,40.231923834230706,1726.588234031573
150,2024,0.22263533292843438,0.01353945932045592,41.14461685173277,1726.588234031573
151,2024,0.2166222937935882,0.06944590888757847,41.42002594607331,1726.588234031573
152,2024,0.2356408099505451,0.03457646008185187,40.98397460442247,1726.588234031573
153,2024,0.19447156585306977,0.022475944192565985,39.88240511811795,1726.588234031573
154,2024,0.21264474234985298,0.05065633755275623,41.37014468610622,1726.588234031573
155,2024,0.23165184196301494,0.036132775461011846,40.59858114415054,1726.588234031573
156,2024,0.24704208856209112,0.03395807688881103,41.15276838396123,1726.588234031573
157,2024,0.37343366359308644,-0.004315952075547772,39.23684739756287,1726.588234031573
158,2024,0.35919219857212076,-0.013049910893049627,38.462718287246986,1726.588234031573
159,2024,0.2635957145526361,0.0843201779831407,42.75864246102736,1726.588234031573
160,2024,0.19536830363295585,0.05824557841861251,40.831997664292494,1726.588234031573
161,2024,0.20813004747640526,0.05379152241885803,40.41805425046842,1726.588234031573
162,2024,0.22987782763761053,0.02766252577729101,41.09280524349436,1726.588234031573
163,2024,0.16766229527447266,0.0680716764977094,40.867770281494124,1726.588234031573
164,2024,0.1905939849806233,0.038685266340045696,40.33530597457961,1726.588234031573
165,2024,0.2023185632290214,0.04249578515423688,40.75574501934507,1715.498600626675
166,2024,0.2794072030712,0.01882342690939702,39.76045615587985,1682.2297004119803
167,2024,0.21323903766910327,0.025224013581021096,40.099050450183725,1671.140067007082
170,2024,0.28113117566734697,0.015767361172586064,40.0747608333864,1726.588234031573
171,2024,0.4018795919119178,-0.0544253039260978,38.064449843332774,1799.4022909775376
172,2024,0.40988315172608736,-0.06798185219432538,36.81147590174114,1799.4022909775376
173,2024,0.3259032433588881,-0.09311376188690913,35.51413573747789,1748.941439962654
174,2024,0.5244367739831443,-0.11219178256601496,36.05307794310984,1782.4123443568128
175,2024,0.29143558895677635,-0.045596697391489575,36.67582746103692,1799.4022909775376
176,2024,0.42156824747940097,-0.09030825446624362,35.20132572965255,1738.2905336930767
177,2024,0.2043076904611042,0.019054718244738564,39.948262442437674,1723.695286186817
178,2024,0.2191239485060915,0.03253673473583118,40.624912927687944,1685.0002964407904
179,2024,0.23752062371601856,0.015275769303254496,40.680812832227794,1739.6253939811143
180,2024,0.3018146013264345,-0.004924638090225512,37.95719831527667,1799.4022909775376
181,2024,0.30801476487492546,-0.013591590368757848,37.526263518312966,1754.8780106702877
182,2024,0.26879840336817334,-0.005817773396361132,37.89257379357617,1734.2666325351045
168,2024,0.20553056792762409,0.037785771761450676,41.675592319951456,1660.050433602184
169,2024,0.19872980311689545,0.03179108159576793,40.70152946993871,1660.050433602184
183,2024,0.2263325155438319,0.027414498476346933,39.216452482504536,1710.375209525773
184,2024,0.27901421288761225,0.003134443332317368,40.007683487317436,1714.0067238397896
185,2024,0.21478088902818376,0.03260098206187079,40.13493339333717,1714.0067238397896
186,2024,0.23008683807913025,0.021510048844622265,39.86520044995647,1714.0067238397896
187,2024,0.19714541131255497,0.027088315046634132,39.99102637325642,1660.050433602184
188,2024,0.2104378131498436,0.026583672370051433,41.102357244742805,1660.050433602184
189,2024,0.40772044345306574,-0.08921837239658702,38.9946465597673,1684.9979857901305
190,2024,0.3313867978891238,0.006382382245143484,40.965409281097266,1666.6348289102318
191,2024,0.30170730357036674,-0.0038718175298926892,40.15594377510636,1670.0561382360756
192,2024,0.2736966975375675,-0.003142282087060988,39.29316513385824,1714.0067238397896
193,2024,0.23374270967622518,0.0328041572023485,39.65259289893685,1711.9828832911858
194,2024,0.2760858642271223,-0.002222930928949665,39.06491377789768,1684.3237291269359
195,2024,0.28082279460565357,-0.018872904270679024,38.60102896345127,1657.339188478887
196,2024,0.33789176218045586,-0.04124694670182277,39.05972315350311,1663.1019886850806
197,2024,0.3303210527117493,-0.048520982780072566,39.04611568531135,1659.55083191492
198,2024,0.36488482826099145,-0.04552073335949605,38.969876533824284,1622.3254980049887
199,2024,0.38732087510450386,-0.06539988298522445,38.500589769285114,1598.4933494287543
200,2024,0.39912549756404425,-0.05986906496707802,39.236817563223966,1617.6897493427077
15,2024,0.3456017582185455,-0.025461158982749577,37.786399815677775,1558.5286009316578
16,2024,0.34652658525118774,-0.006629236034867549,38.767409244194944,1645.8670915101104
17,2024,0.36116919614673815,0.018379096086054435,38.85107723231413,1737.2864641132978
18,2024,0.330581669496076,-0.022891878745522332,39.460352918328844,1676.5195873049133
19,2024,0.30326175468008415,0.017984185821236887,39.72456700562493,1743.221145055577
20,2024,0.23370763448623905,-0.004273475116146282,39.607631478047736,1743.221145055577
21,2024,0.24739265488780618,0.011675332350421652,40.419630169678925,1637.6103452836928
22,2024,0.3086984626790989,0.03148026223790116,38.12849335841679,1702.4576799974982
23,2024,0.300795846509359,0.05404080701014232,40.026556215503405,1728.162792945706
24,2024,0.27595180724734764,0.020106719577222206,39.21791246950785,1748.729150296067
25,2024,0.251505022805882,0.005401956319518238,39.88320061007176,1748.729150296067
26,2024,0.2152525275718803,0.059765663262477495,39.70992771391816,1763.611104283545
27,2024,0.3008327682075635,0.019415049264871854,39.61729151044608,1768.2407850123657
28,2024,0.3998312451822699,-0.04942046802382105,37.8494112627821,1775.7332975127943
29,2024,0.37280866005296526,-0.04946542110959765,37.71421920902076,1746.7505512171795
30,2024,0.2898392992248972,0.01067826346142182,40.53012467969632,1784.1623740757768
31,2024,0.29524833583417875,0.01633932094970493,40.638709785074994,1784.1623740757768
32,2024,0.20057512793047658,0.0518914993319033,40.12203660821926,1748.729150296067
33,2024,0.28123357340276456,0.0081848161858182,39.84619261804,1784.1623740757768
34,2024,0.24887857520330192,0.030685502266392828,40.241445757529256,1784.1623740757768
35,2024,0.2241835611814214,0.050218966510540745,39.79957621727367,1784.1623740757768
36,2024,0.21687024957437184,0.04773670611366312,40.16398315364796,1784.1623740757768
37,2024,0.298887654439719,-0.0046733036559897245,38.370872753052254,1705.552623864546
38,2024,0.28453407537445036,0.015988016402144905,38.86589432590152,1660.6327666009856
39,2024,0.21490154824728852,0.05413009836418091,38.995777804214356,1660.6327666009856
40,2024,0.22652128136311653,0.06201233950889489,39.29667217934989,1660.6327666009856
41,2024,0.2181810303921163,0.04823269545590801,38.93446003666686,1660.6327666009856
42,2024,0.17612267019600503,0.09418529959927703,39.71365838218363,1660.6327666009856
43,2024,0.21357256118383533,0.0643204712266751,39.58785783538273,1660.6327666009856
44,2024,0.19680767436403188,0.07174003582291433,39.34494881491255,1784.1623740757768
45,2024,0.24638899539801398,0.03178055226101385,39.51945058656468,1784.5186894126784
46,2024,0.32949303268802743,-0.006803957371899832,37.69982490461153,1701.982860807634
47,2024,0.23723599979626164,0.035650714304131796,38.110505226151886,1677.2422276363325
48,2024,0.1558810382852845,0.11614436015166361,39.05896300714288,1702.1564191893524
49,2024,0.18510886924964762,0.08654313047365861,39.20055224453246,1674.8694474884253
50,2024,0.1810137374840119,0.05554487913161499,39.32167808895751,1691.7755060422605
51,2024,0.16170615178097406,0.10832059270788265,39.09991981899513,1710.4611497070255
52,2024,0.2594329383390963,0.039613971520944466,38.395661000314846,1710.4611497070255
53,2024,0.3040364795462518,0.0012551070976985622,38.242670872362396,1710.4611497070255
54,2024,0.15094039879652316,0.10758889346782465,39.265084957540935,1710.4611497070255
55,2024,0.1801850448622825,0.10671185626549912,39.122224907413816,1710.4611497070255
56,2024,0.1542820861335969,0.11493842800530664,39.48065864162887,1710.4611497070255
57,2024,0.12516570517922712,0.13560330207416083,40.002023285813856,1710.4611497070255
58,2024,0.2654621309732951,0.020912196455712535,39.041117776545825,1741.8308729354358
59,2024,0.2669291879963429,0.027320228420260582,39.00288603264089,1706.1900508175763
60,2024,0.19132607506692859,0.02984556930241977,37.77683491206822,1710.2077794339225
61,2024,0.29113918005921463,0.0024623468703411705,37.710745867732804,1787.243432845706
62,2024,0.17384714421393435,0.07475154426419199,39.14034580207859,1710.4611497070255
63,2024,0.20888743169628196,0.06362670979625754,39.09583039416708,1695.5123035939541
64,2024,0.21175961424348194,0.04550354750547362,38.55967512742505,1760.15922248307
65,2024,0.20406784476565756,0.048076812122879634,39.257006363738924,1731.3686598927648
66,2024,0.20979732928365524,0.03437950894541798,38.798223728032085,1784.3195720185277
67,2024,0.21004414630812918,0.04413497307783651,39.51409672768838,1784.607768246904
68,2024,0.2079544842602316,0.04767788113188082,38.79976384441774,1784.1623740757768
69,2024,0.30654146683544997,0.008690962450418217,37.91665108551869,1784.4685825684267
70,2024,0.2247947203314852,0.044421550450660395,39.660780451643056,1784.607768246904
71,2024,0.29636747701842686,0.01644379151189999,38.899894829586664,1784.607768246904
72,2024,0.33265189256583616,0.010674083585310365,38.37453100302286,1725.2904734150013
73,2024,0.17148589084634072,0.0726942049459982,40.63881305458915,1776.3692550758064
74,2024,0.24993091612281407,0.027006277124640345,37.82843594347563,1784.607768246904
75,2024,0.17095917132168623,0.07965776513506531,40.0212875425933,1784.607768246904
76,2024,0.18044384942259548,0.06550964317918187,39.487153488775434,1784.607768246904
77,2024,0.2389492700148303,0.04726791013566398,39.60743031106261,1721.0535237841511
78,2024,0.17896736586836723,0.07127229635556508,39.55481034929855,1784.607768246904
79,2024,0.26902160820749094,0.012897119271988226,39.944900122588976,1748.729150296067
80,2024,0.22201121136855562,0.03831441259530063,40.56729881509549,1748.729150296067
81,2024,0.23991900499022953,0.03758949437262293,41.14723556832573,1748.729150296067
82,2024,0.2841979688965322,-0.010933301391399034,38.815212662801,1748.729150296067
83,2024,0.2393321851979148,-0.05124905699914538,37.64738309226136,1742.1824333763034
84,2024,0.24980105824179472,0.0390314465446086,41.27144969537513,1717.8660562457517
85,2024,0.1736434743390911,-0.01084940277494971,38.912461884644664,1717.8660562457517
86,2024,0.2543398072881652,0.04032840892934067,41.71210260492695,1717.8660562457517
87,2024,0.1822467442339084,0.069422461675153,39.88075656273006,1717.8660562457517
88,2024,0.21732132824693445,0.0362405709092091,40.072939315156376,1717.8660562457517
89,2024,0.25508594288595915,0.008600841841811329,38.43236129827295,1717.8660562457517
90,2024,0.24578261850843466,0.009951442289763687,38.89183804629582,1717.8660562457517
91,2024,0.2497013480368913,0.03544161653243398,40.01460821872535,1717.8660562457517
92,2024,0.22160936626424832,0.036614652827752746,39.489283432729174,1717.8660562457517
93,2024,0.20265008318503888,0.04733198388803267,39.330921365819215,1717.8660562457517
94,2024,0.2395741709910369,0.03214366896942718,39.73973819177421,1723.0099052541375
95,2024,0.2480645369620276,0.024956164514795626,39.081021660608144,1717.8660562457517
96,2024,0.4007220448823193,-0.028785569140215433,38.461026605521006,1773.4841495800454
97,2024,0.20215922671492348,0.05937986952488575,39.977885673318056,1784.607768246904
98,2024,0.403615240699109,-0.036235777442086566,38.063383612742165,1784.607768246904
99,2024,0.30343841236056696,-0.03340576111768627,38.666145765773685,1717.8660562457517
100,2024,0.2881923103669282,0.0014462265957333605,39.864415882465195,1717.8660562457517
101,2024,0.29497811593416434,-0.011689077253572164,39.795401051619855,1763.750983246544
102,2024,0.3023667027784985,-0.01550704837537937,39.34523910475958,1784.607768246904
103,2024,0.2742343811869049,-0.004877256960340788,38.63171971848364,1784.607768246904
104,2024,0.231684409479875,0.033407247728729314,38.38113076022481,1784.607768246904
105,2024,0.18810041034226335,0.05549065125219846,41.151626240994325,1722.56261351504
106,2024,0.20748798789169315,0.04493520545619994,40.42119581238701,1778.891973394614
107,2024,0.29919470445576063,-0.005313691680220413,38.203220556610745,1784.607768246904
108,2024,0.1915868695653301,0.057473297244156944,41.29609082951181,1741.151045420766
109,2024,0.1967700353922677,0.05227961174986605,41.08941403582411,1799.4022909775376
110,2024,0.33964703696000415,-0.04028296447198372,38.03803108684009,1799.4022909775376
111,2024,0.2933723830259678,-0.017094752828566297,37.68498819904107,1799.4022909775376
112,2024,0.24728181591135173,0.029698738956542417,41.2931845018417,1792.7828312551771
113,2024,0.25733542345928895,0.005324999740037362,38.64575955049896,1799.4022909775376
114,2024,0.21001841264140034,0.049460861287473054,39.42702748751933,1695.5123035939541
115,2024,0.2097131790491876,0.07549974300518073,39.195370285878155,1737.0682985473873
116,2024,0.19280649058914015,0.07347133240981456,40.01260389002648,1695.5123035939541
117,2024,0.25485590654561346,-0.003978415747710309,38.48131821899893,1799.4022909775376
118,2024,0.3017515804975517,-0.02184581331541517,38.12632797032836,1799.4022909775376
119,2024,0.2627029558585019,0.01596117010503109,38.60052414894333,1744.4017094215228
120,2024,0.2760296300279842,0.04438881159314346,39.396756370868026,1695.5123035939541
121,2024,0.26519211170261914,0.011925797002281689,38.87301268243077,1695.5123035939541
122,2024,0.34520372780663344,-0.057696199370492744,37.80847687332877,1799.4022909775376
123,2024,0.27978763811487706,-0.012124729629460644,38.08168806860023,1799.4022909775376
124,2024,0.21673403183345308,0.04672462907504439,38.56086172650343,1695.5123035939541
125,2024,0.24230336587738802,0.025869905752390558,39.407316585037506,1695.5123035939541
126,2024,0.23600894694809557,0.017946594737868485,38.17745949500878,1719.486916067089
