{"type":"FeatureCollection","features":[{"type":"Feature","geometry":{"type":"Polygon","coordinates":[[[76.9458,28.6332],[76.9487,28.632],[76.9475,28.6113],[76.9517,28.6083],[76.9652,28.6091],[76.9781,28.6117],[76.9802,28.6135],[76.9754,28.6168],[76.9618,28.6372],[76.9639,28.6372],[76.9638,28.6387],[76.967,28.6388],[76.9671,28.6435],[76.9637,28.644],[76.9709,28.6576],[76.963,28.6605],[76.9514,28.6692],[76.9347,28.6668],[76.9318,28.6596],[76.9254,28.65],[76.9393,28.6358],[76.9458,28.6332]]]},"properties":{"objectid":292101,"statename":"Delhi","statecode":"7","districtname":"South Delhi","districtcode":"98","ulbname":"Municipal Corporation Of Delhi","ulbcode":"800441","wardname":"Gopal Nagar (41S)","wardcode":"145","id":" ","remark":"Ok","st_area(shape)":0.0017013055521588499,"st_perimeter(shape)":0.20807675989811794}},{"type":"Feature","geometry":{"type":"Polygon","coordinates":[[[76.9752,28.6113],[76.9652,28.6091],[76.9517,28.6083],[76.9475,28.6113],[76.9487,28.632],[76.9458,28.6332],[76.9439,28.6271],[76.9351,28.6174],[76.9276,28.6227],[76.9218,28.6298],[76.9176,28.6314],[76.9138,28.6314],[76.909,28.627],[76.9067,28.6231],[76.893,28.6311],[76.8894,28.6315],[76.887,28.6298],[76.8809,28.6138],[76.8768,28.6069],[76.8724,28.6023],[76.867,28.5869],[76.8631,28.5845],[76.85,28.5844],[76.8404,28.5819],[76.8396,28.5732],[76.8417,28.5715],[76.8429,28.5567],[76.846,28.5505],[76.8622,28.5456],[76.8652,28.5435],[76.8681,28.5353],[76.8719,28.5338],[76.875,28.5308],[76.8748,28.5341],[76.8765,28.536],[76.8763,28.5378],[76.8796,28.5401],[76.883,28.5385],[76.883,28.5404],[76.8847,28.5408],[76.8857,28.5435],[76.8859,28.5475],[76.8923,28.548],[76.8922,28.549],[76.902,28.5473],[76.9032,28.5507],[76.9048,28.5508],[76.9048,28.5555],[76.9028,28.5557],[76.9027,28.5579],[76.9224,28.5557],[76.9306,28.565],[76.9452,28.5656],[76.9462,28.5668],[76.9467,28.5736],[76.9435,28.5738],[76.9433,28.5757],[76.9379,28.5753],[76.9392,28.5791],[76.9338,28.582],[76.9347,28.5839],[76.9336,28.5851],[76.936,28.5852],[76.9396,28.5879],[76.9449,28.5873],[76.945,28.5887],[76.9471,28.5889],[76.9472,28.5909],[76.9482,28.5909],[76.9491,28.5957],[76.9553,28.5922],[76.9553,28.5911],[76.9608,28.591],[76.9715,28.6039],[76.9752,28.6113]]]},"properties":{"objectid":292102,"statename":"Delhi","statecode":"7","districtname":"South Delhi","districtcode":"98","ulbname":"Municipal Corporation Of Delhi","ulbcode":"800441","wardname":"Isapur (45S)","wardcode":"149","id":" ","remark":"Ok","st_area(shape)":0.006742944966702592,"st_perimeter(shape)":0.4863189105246943}},{"type":"Feature","geometry":{"type":"Polygon","coordinates":[[[77.1088,28.5342],[77.11,28.5314],[77.1158,28.5296],[77.1177,28.5261],[77.1201,28.5261],[77.1228,28.5232],[77.132,28.5243],[77.1339,28.5222],[77.1346,28.5239],[77.1423,28.5236],[77.1446,28.5301],[77.1433,28.5302],[77.1436,28.5329],[77.145,28.5319],[77.1485,28.5367],[77.1455,28.5385],[77.1466,28.5401],[77.1425,28.5419],[77.1416,28.5411],[77.1396,28.544],[77.1361,28.5455],[77.1366,28.5537],[77.1343,28.5544],[77.1344,28.552],[77.1314,28.5531],[77.1201,28.5445],[77.1158,28.538],[77.1088,28.5342]]]},"properties":{"objectid":292103,"statename":"Delhi","statecode":"7","districtname":"South Delhi","districtcode":"98","ulbname":"Municipal Corporation Of Delhi","ulbcode":"800441","wardname":"Mahipalpur (50S)","wardcode":"154","id":" ","remark":"Ok","st_area(shape)":0.000688059803168171,"st_perimeter(shape)":0.12972403109992242}},{"type":"Feature","geometry":{"type":"Polygon","coordinates":[[[77.0423,28.5262],[77.0467,28.5314],[77.0456,28.5352],[77.0491,28.5342],[77.0668,28.5548],[77.0761,28.5532],[77.0774,28.5568],[77.0714,28.5602],[77.084,28.5752],[77.0746,28.5792],[77.067,28.5843],[77.0657,28.5864],[77.0578,28.5773],[77.0665,28.5714],[77.0672,28.5658],[77.064,28.5587],[77.0632,28.5592],[77.0583,28.5537],[77.0509,28.5584],[77.0474,28.5592],[77.0469,28.5572],[77.0392,28.5605],[77.0398,28.5666],[77.0295,28.5677],[77.0211,28.5556],[77.0159,28.5517],[77.0132,28.547],[77.0079,28.5415],[77.0175,28.5396],[77.0181,28.5377],[77.0243,28.5333],[77.0321,28.5318],[77.0423,28.5262]]]},"properties":{"objectid":292104,"statename":"Delhi","statecode":"7","districtname":"South Delhi","districtcode":"98","ulbname":"Municipal Corporation Of Delhi","ulbcode":"800441","wardname":"Dwarka - C (47S)","wardcode":"151","id":" ","remark":"Ok","st_area(shape)":0.001604849450047384,"st_perimeter(shape)":0.26217465983464433}},{"type":"Feature","geometry":{"type":"Polygon","coordinates":[[[77.0876,28.5872],[77.0841,28.5878],[77.0811,28.5925],[77.0723,28.5947],[77.0657,28.5864],[77.067,28.5843],[77.0746,28.5792],[77.0773,28.5788],[77.0781,28.5868],[77.0819,28.5864],[77.09,28.5821],[77.0916,28.5839],[77.0876,28.5872]]]},"properties":{"objectid":292105,"statename":"Delhi","statecode":"7","districtname":"South Delhi","districtcode":"98","ulbname":"Municipal Corporation Of Delhi","ulbcode":"800441","wardname":"Palam (54S)","wardcode":"158","id":" ","remark":"Ok","st_area(shape)":0.0001826919633431051,"st_perimeter(shape)":0.07234191768873276}},{"type":"Feature","geometry":{"type":"Polygon","coordinates":[[[77.1761,28.5412],[77.171,28.5303],[77.1706,28.5291],[77.1718,28.5281],[77.1697,28.5264],[77.1676,28.5218],[77.1619,28.5195],[77.1643,28.5176],[77.1624,28.5161],[77.1648,28.5139],[77.1672,28.5157],[77.1661,28.517],[77.169,28.5185],[77.1734,28.5163],[77.1712,28.5102],[77.1768,28.5077],[77.1778,28.5093],[77.1842,28.5117],[77.1877,28.5155],[77.1894,28.5185],[77.1903,28.5268],[77.1849,28.5299],[77.1854,28.5324],[77.1775,28.5358],[77.1761,28.5412]]]},"properties":{"objectid":292106,"statename":"Delhi","statecode":"7","districtname":"South Delhi","districtcode":"98","ulbname":"Municipal Corporation Of Delhi","ulbcode":"800441","wardname":"Mehrauli (68S)","wardcode":"172","id":" ","remark":"Ok","st_area(shape)":0.0004677448105941346,"st_perimeter(shape)":0.11418764360176113}},{"type":"Feature","geometry":{"type":"Polygon","coordinates":[[[77.0931,28.5148],[77.1061,28.5327],[77.1158,28.538],[77.1201,28.5445],[77.1251,28.5478],[77.1221,28.5525],[77.1135,28.5516],[77.111,28.5531],[77.0933,28.5568],[77.0875,28.5552],[77.0855,28.5573],[77.0849,28.5603],[77.0836,28.5597],[77.0817,28.5628],[77.0818,28.5656],[77.0777,28.5677],[77.0714,28.5602],[77.0774,28.5568],[77.0761,28.5532],[77.0668,28.5548],[77.0491,28.5342],[77.0456,28.5352],[77.0467,28.5314],[77.0423,28.5262],[77.0445,28.5233],[77.0486,28.5212],[77.0473,28.5172],[77.0597,28.5129],[77.0668,28.5127],[77.0795,28.5307],[77.0849,28.5316],[77.0874,28.5298],[77.0809,28.5184],[77.0931,28.5148]]]},"properties":{"objectid":292107,"statename":"Delhi","statecode":"7","districtname":"South Delhi","districtcode":"98","ulbname":"Municipal Corporation Of Delhi","ulbcode":"800441","wardname":"Bijwasan (48S)","wardcode":"152","id":" ","remark":"Ok","st_area(shape)":0.002223967386027074,"st_perimeter(shape)":0.2709034391741192}},{"type":"Feature","geometry":{"type":"Polygon","coordinates":[[[77.1892,28.5277],[77.1959,28.5331],[77.2063,28.5557],[77.2074,28.5626],[77.2054,28.5637],[77.2009,28.5625],[77.1993,28.5698],[77.1935,28.5672],[77.1895,28.5686],[77.1886,28.562],[77.1848,28.5519],[77.182,28.5472],[77.1799,28.5479],[77.1761,28.5412],[77.1775,28.5358],[77.1854,28.5324],[77.1849,28.5299],[77.1892,28.5277]]]},"properties":{"objectid":292108,"statename":"Delhi","statecode":"7","districtname":"South Delhi","districtcode":"98","ulbname":"Municipal Corporation Of Delhi","ulbcode":"800441","wardname":"Safdarjung Enclave (61S)","wardcode":"165","id":" ","remark":"Ok","st_area(shape)":0.0007068242663574729,"st_perimeter(shape)":0.1211537319386514}},{"type":"Feature","geometry":{"type":"Polygon","coordinates":[[[77.0723,28.5947],[77.0811,28.5925],[77.0807,28.5959],[77.083,28.6043],[77.0814,28.6067],[77.0832,28.6107],[77.0705,28.6033],[77.0723,28.5947]]]},"properties":{"objectid":292109,"statename":"Delhi","statecode":"7","districtname":"South Delhi","districtcode":"98","ulbname":"Municipal Corporation Of Delhi","ulbcode":"800441","wardname":"Mahavir Enclave (52S)","wardcode":"156","id":" ","remark":"Ok","st_area(shape)":0.00013808103657128538,"st_perimeter(shape)":0.05351254534605497}},{"type":"Feature","geometry":{"type":"Polygon","coordinates":[[[77.2399,28.5917],[77.2398,28.5906],[77.2442,28.5871],[77.2456,28.5791],[77.2505,28.5791],[77.2535,28.5805],[77.2544,28.5839],[77.2532,28.5845],[77.2531,28.5959],[77.2491,28.6083],[77.2488,28.6123],[77.2508,28.613],[77.247,28.6257],[77.2469,28.6456],[77.2451,28.6507],[77.2391,28.6499],[77.2402,28.6484],[77.2413,28.6264],[77.2398,28.6114],[77.2414,28.5974],[77.2446,28.5935],[77.2399,28.5917]]]},"properties":{"objectid":292110,"statename":"Delhi","statecode":"7","districtname":"South Delhi","districtcode":"98","ulbname":"Municipal Corporation Of Delhi","ulbcode":"800441","wardname":"Dariyaganj (55S)","wardcode":"159","id":" ","remark":"Ok","st_area(shape)":0.0005861041241597021,"st_perimeter(shape)":0.1693706514659015}},{"type":"Feature","geometry":{"type":"Polygon","coordinates":[[[77.2456,28.5791],[77.2432,28.5791],[77.2432,28.5763],[77.2414,28.5763],[77.2415,28.5728],[77.239,28.5728],[77.2383,28.5744],[77.2362,28.5707],[77.2463,28.5665],[77.2469,28.5676],[77.2475,28.5661],[77.2521,28.5662],[77.2542,28.5695],[77.2584,28.5725],[77.2527,28.5799],[77.2456,28.5791]]]},"properties":{"objectid":292111,"statename":"Delhi","statecode":"7","districtname":"South Delhi","districtcode":"98","ulbname":"Municipal Corporation Of Delhi","ulbcode":"800441","wardname":"Lajpat Nagar (57S)","wardcode":"161","id":" ","remark":"Ok","st_area(shape)":0.00018626903398846696,"st_perimeter(shape)":0.06502429832549618}},{"type":"Feature","geometry":{"type":"Polygon","coordinates":[[[77.1212,28.4964],[77.1262,28.4967],[77.1292,28.5006],[77.1297,28.507],[77.1374,28.5037],[77.1438,28.4975],[77.1455,28.4987],[77.1459,28.4948],[77.1478,28.4947],[77.1479,28.4932],[77.172,28.5038],[77.1768,28.5077],[77.1712,28.5102],[77.1734,28.5163],[77.169,28.5185],[77.1661,28.517],[77.1672,28.5157],[77.1648,28.5139],[77.1624,28.5161],[77.1645,28.5171],[77.1619,28.5195],[77.1676,28.5218],[77.1692,28.525],[77.1485,28.5367],[77.145,28.5319],[77.1436,28.5329],[77.1433,28.5302],[77.1446,28.5301],[77.1423,28.5236],[77.1346,28.5239],[77.1339,28.5222],[77.132,28.5243],[77.1228,28.5232],[77.1201,28.5261],[77.1177,28.5261],[77.1158,28.5296],[77.11,28.5314],[77.1088,28.5342],[77.1061,28.5327],[77.0931,28.5148],[77.1006,28.5114],[77.0976,28.5067],[77.0988,28.5058],[77.115,28.4978],[77.1212,28.4964]]]},"properties":{"objectid":292112,"statename":"Delhi","statecode":"7","districtname":"South Delhi","districtcode":"98","ulbname":"Municipal Corporation Of Delhi","ulbcode":"800441","wardname":"Vasant Kunj (69S)","wardcode":"173","id":" ","remark":"Ok","st_area(shape)":0.002060758421086366,"st_perimeter(shape)":0.27274502287641544}},{"type":"Feature","geometry":{"type":"Polygon","coordinates":[[[77.1692,28.525],[77.1718,28.5281],[77.1706,28.5291],[77.173,28.5364],[77.1799,28.5479],[77.182,28.5472],[77.1839,28.5506],[77.1786,28.5539],[77.173,28.55],[77.1663,28.5536],[77.1659,28.5529],[77.1647,28.5545],[77.1625,28.5516],[77.1639,28.5501],[77.1553,28.5384],[77.15,28.542],[77.1508,28.544],[77.148,28.5464],[77.1455,28.5463],[77.1455,28.5407],[77.1466,28.5401],[77.1455,28.5385],[77.1692,28.525]]]},"properties":{"objectid":292113,"statename":"Delhi","statecode":"7","districtname":"South Delhi","districtcode":"98","ulbname":"Municipal Corporation Of Delhi","ulbcode":"800441","wardname":"Lado Sarai (67S)","wardcode":"171","id":" ","remark":"Ok","st_area(shape)":0.0005012926532054248,"st_perimeter(shape)":0.12931518804436692}},{"type":"Feature","geometry":{"type":"Polygon","coordinates":[[[77.1302,28.4421],[77.1326,28.4394],[77.1403,28.4373],[77.1483,28.438],[77.1522,28.4355],[77.1523,28.4343],[77.1626,28.4295],[77.1663,28.4258],[77.1659,28.4149],[77.1694,28.4127],[77.172,28.4069],[77.1743,28.4057],[77.1843,28.4111],[77.1903,28.408],[77.1921,28.409],[77.2021,28.4089],[77.2162,28.4121],[77.2168,28.4108],[77.229,28.4149],[77.2386,28.4216],[77.2489,28.4247],[77.2513,28.4309],[77.248,28.4328],[77.2493,28.4382],[77.2484,28.4467],[77.2465,28.45],[77.2423,28.451],[77.2403,28.4539],[77.2341,28.4541],[77.2322,28.4578],[77.2322,28.4535],[77.2298,28.4503],[77.2211,28.4516],[77.219,28.4536],[77.1862,28.4638],[77.187,28.4716],[77.1678,28.4752],[77.1668,28.4701],[77.168,28.4678],[77.1658,28.4635],[77.168,28.4617],[77.1647,28.4534],[77.1629,28.4523],[77.1632,28.4508],[77.1616,28.45],[77.1547,28.4517],[77.1499,28.4498],[77.1462,28.4515],[77.146,28.4552],[77.1429,28.4494],[77.1415,28.4492],[77.1409,28.4507],[77.1352,28.4488],[77.135,28.4462],[77.1302,28.446],[77.1302,28.4421]]]},"properties":{"objectid":292114,"statename":"Delhi","statecode":"7","districtname":"South Delhi","districtcode":"98","ulbname":"Municipal Corporation Of Delhi","ulbcode":"800441","wardname":"Bhati (72S)","wardcode":"176","id":" ","remark":"Ok","st_area(shape)":0.004424863010137673,"st_perimeter(shape)":0.3566869963360231}},{"type":"Feature","geometry":{"type":"Polygon","coordinates":[[[77.2379,28.5174],[77.2382,28.513],[77.2344,28.513],[77.2354,28.5116],[77.2338,28.5082],[77.2362,28.5046],[77.2419,28.5066],[77.244,28.5122],[77.2424,28.5124],[77.2425,28.5157],[77.2447,28.517],[77.2406,28.5202],[77.2379,28.5174]]]},"properties":{"objectid":292115,"statename":"Delhi","statecode":"7","districtname":"South Delhi","districtcode":"98","ulbname":"Municipal Corporation Of Delhi","ulbcode":"800441","wardname":"Tigri (75S)","wardcode":"179","id":" ","remark":"Ok","st_area(shape)":9.217465260928381e-05,"st_perimeter(shape)":0.049053055773673485}},{"type":"Feature","geometry":{"type":"Polygon","coordinates":[[[77.1945,28.5123],[77.1954,28.5172],[77.201,28.5209],[77.2078,28.5192],[77.2074,28.5177],[77.2148,28.5162],[77.216,28.5255],[77.2218,28.5271],[77.2209,28.5308],[77.2062,28.5278],[77.1949,28.5318],[77.1892,28.5277],[77.1903,28.5268],[77.1894,28.5185],[77.1856,28.513],[77.1915,28.5101],[77.1945,28.5123]]]},"properties":{"objectid":292116,"statename":"Delhi","statecode":"7","districtname":"South Delhi","districtcode":"98","ulbname":"Municipal Corporation Of Delhi","ulbcode":"800441","wardname":"Lado Sarai","wardcode":"67","id":" ","remark":"Ok","st_area(shape)":0.0003557117724194673,"st_perimeter(shape)":0.10927202919607527}},{"type":"Feature","geometry":{"type":"Polygon","coordinates":[[[77.1302,28.4421],[77.1302,28.446],[77.135,28.4462],[77.1352,28.4488],[77.1409,28.4507],[77.1415,28.4492],[77.1429,28.4494],[77.146,28.4552],[77.1462,28.4515],[77.1499,28.4498],[77.1547,28.4517],[77.1616,28.45],[77.1632,28.4508],[77.1629,28.4523],[77.1647,28.4534],[77.168,28.4617],[77.1658,28.4635],[77.1681,28.4691],[77.1668,28.4701],[77.1678,28.4752],[77.1587,28.4769],[77.1568,28.4731],[77.1436,28.476],[77.144,28.4824],[77.1478,28.4947],[77.1459,28.4948],[77.1455,28.4987],[77.1438,28.4975],[77.1374,28.5037],[77.1297,28.507],[77.1292,28.5006],[77.1262,28.4967],[77.1212,28.4964],[77.1186,28.4866],[77.1159,28.4831],[77.1132,28.4709],[77.1117,28.4709],[77.1174,28.4632],[77.1224,28.4586],[77.1242,28.4457],[77.1302,28.4421]]]},"properties":{"objectid":292117,"statename":"Delhi","statecode":"7","districtname":"South Delhi","districtcode":"98","ulbname":"Municipal Corporation Of Delhi","ulbcode":"800441","wardname":"Aya Nagar (73S)","wardcode":"177","id":" ","remark":"Ok","st_area(shape)":0.001946292254395293,"st_perimeter(shape)":0.23281645792359612}},{"type":"Feature","geometry":{"type":"Polygon","coordinates":[[[77.238,28.4885],[77.2393,28.4929],[77.2412,28.4932],[77.2417,28.4967],[77.2437,28.4969],[77.2438,28.4986],[77.2326,28.4992],[77.2321,28.4888],[77.2333,28.4873],[77.238,28.4885]]]},"properties":{"objectid":292118,"statename":"Delhi","statecode":"7","districtname":"South Delhi","districtcode":"98","ulbname":"Municipal Corporation Of Delhi","ulbcode":"800441","wardname":"Sangam Vihar-A (77S)","wardcode":"181","id":" ","remark":"Ok","st_area(shape)":9.020029556611161e-05,"st_perimeter(shape)":0.043446396907797405}},{"type":"Feature","geometry":{"type":"Polygon","coordinates":[[[77.2379,28.5174],[77.2348,28.5185],[77.235,28.5196],[77.2254,28.5207],[77.2258,28.528],[77.216,28.5255],[77.2154,28.5181],[77.2369,28.5146],[77.2379,28.5174]]]},"properties":{"objectid":292119,"statename":"Delhi","statecode":"7","districtname":"South Delhi","districtcode":"98","ulbname":"Municipal Corporation Of Delhi","ulbcode":"800441","wardname":"Pushp Vihar (80S)","wardcode":"184","id":" ","remark":"Ok","st_area(shape)":0.00014557681575976574,"st_perimeter(shape)":0.06631802578049777}},{"type":"Feature","geometry":{"type":"Polygon","coordinates":[[[77.2222,28.4996],[77.2111,28.4981],[77.2099,28.4947],[77.2176,28.4883],[77.2219,28.4878],[77.2181,28.4841],[77.2163,28.4842],[77.2127,28.4807],[77.2113,28.4816],[77.2074,28.4788],[77.2073,28.4778],[77.2148,28.4783],[77.2193,28.4733],[77.2277,28.476],[77.2251,28.4839],[77.23,28.4873],[77.2328,28.4857],[77.2333,28.4873],[77.2321,28.4888],[77.2326,28.4992],[77.2222,28.4996]]]},"properties":{"objectid":292120,"statename":"Delhi","statecode":"7","districtname":"South Delhi","districtcode":"98","ulbname":"Municipal Corporation Of Delhi","ulbcode":"800441","wardname":"Sangam Vihar-B (78S)","wardcode":"182","id":" ","remark":"Ok","st_area(shape)":0.00037613401427081383,"st_perimeter(shape)":0.11651113563466502}},{"type":"Feature","geometry":{"type":"Polygon","coordinates":[[[77.244,28.5122],[77.2572,28.5113],[77.259,28.5122],[77.2546,28.5147],[77.2622,28.522],[77.2644,28.5215],[77.2637,28.5252],[77.2607,28.5255],[77.2612,28.5272],[77.2579,28.5286],[77.256,28.5237],[77.2545,28.5244],[77.2497,28.5199],[77.2425,28.5157],[77.2424,28.5124],[77.244,28.5122]]]},"properties":{"objectid":292121,"statename":"Delhi","statecode":"7","districtname":"South Delhi","districtcode":"98","ulbname":"Municipal Corporation Of Delhi","ulbcode":"800441","wardname":"Tughlakabad Extn.(82S)","wardcode":"186","id":" ","remark":"Ok","st_area(shape)":0.00016681599154122492,"st_perimeter(shape)":0.07401553681311192}},{"type":"Feature","geometry":{"type":"Polygon","coordinates":[[[77.2148,28.5162],[77.2121,28.5097],[77.2122,28.5064],[77.2142,28.5063],[77.2144,28.5092],[77.219,28.5081],[77.2196,28.5047],[77.2214,28.5046],[77.2226,28.5022],[77.2251,28.5019],[77.2318,28.5044],[77.232,28.5061],[77.2352,28.506],[77.2338,28.5082],[77.2354,28.5116],[77.2344,28.513],[77.2382,28.513],[77.2379,28.5165],[77.2369,28.5146],[77.2154,28.5181],[77.2144,28.5178],[77.2148,28.5162]]]},"properties":{"objectid":292122,"statename":"Delhi","statecode":"7","districtname":"South Delhi","districtcode":"98","ulbname":"Municipal Corporation Of Delhi","ulbcode":"800441","wardname":"Khanpur (81S)","wardcode":"185","id":" ","remark":"Ok","st_area(shape)":0.0002528657320293093,"st_perimeter(shape)":0.0879891901431092}},{"type":"Feature","geometry":{"type":"Polygon","coordinates":[[[77.246,28.4996],[77.2488,28.4995],[77.2588,28.4917],[77.2666,28.491],[77.2707,28.5],[77.2728,28.5006],[77.2751,28.5061],[77.2644,28.5093],[77.2599,28.512],[77.2494,28.5119],[77.2493,28.5053],[77.246,28.4996]]]},"properties":{"objectid":292123,"statename":"Delhi","statecode":"7","districtname":"South Delhi","districtcode":"98","ulbname":"Municipal Corporation Of Delhi","ulbcode":"800441","wardname":"Sangam Vihar-C (83S)","wardcode":"187","id":" ","remark":"Ok","st_area(shape)":0.0003904779526344698,"st_perimeter(shape)":0.08299571830399156}},{"type":"Feature","geometry":{"type":"Polygon","coordinates":[[[77.0779,28.6177],[77.0797,28.6203],[77.0826,28.6216],[77.0879,28.622],[77.0878,28.6237],[77.082,28.6312],[77.0673,28.6256],[77.0699,28.6215],[77.0779,28.6177]]]},"properties":{"objectid":292584,"statename":"Delhi","statecode":"7","districtname":"South Delhi","districtcode":"98","ulbname":"Municipal Corporation Of Delhi","ulbcode":"800441","wardname":"Janakpuri West (15S)","wardcode":"119","id":" ","remark":"Ok","st_area(shape)":0.00015089893266543837,"st_perimeter(shape)":0.052365449797554885}},{"type":"Feature","geometry":{"type":"Polygon","coordinates":[[[77.221,28.5612],[77.223,28.5623],[77.229,28.5746],[77.2213,28.5775],[77.2222,28.5793],[77.2116,28.58],[77.2094,28.5732],[77.2146,28.5733],[77.2185,28.5757],[77.2189,28.574],[77.2153,28.5667],[77.2198,28.5643],[77.2212,28.5656],[77.222,28.5647],[77.2201,28.5616],[77.221,28.5612]]]},"properties":{"objectid":292585,"statename":"Delhi","statecode":"7","districtname":"South Delhi","districtcode":"98","ulbname":"Municipal Corporation Of Delhi","ulbcode":"800441","wardname":"Kotla Mubarakpur (60S)\r\n\r\n","wardcode":"164","id":" ","remark":"Ok","st_area(shape)":0.00017034378453322673,"st_perimeter(shape)":0.07914901663215085}},{"type":"Feature","geometry":{"type":"Polygon","coordinates":[[[77.2972,28.5145],[77.3007,28.5053],[77.3003,28.5017],[77.3043,28.4903],[77.3058,28.4906],[77.3098,28.4943],[77.3107,28.5116],[77.3038,28.5162],[77.2972,28.5145]]]},"properties":{"objectid":292586,"statename":"Delhi","statecode":"7","districtname":"South Delhi","districtcode":"98","ulbname":"Municipal Corporation Of Delhi","ulbcode":"800441","wardname":"Badarpur (95S)","wardcode":"199","id":" ","remark":"Ok","st_area(shape)":0.00022447748916241817,"st_perimeter(shape)":0.06545355924051954}},{"type":"Feature","geometry":{"type":"Polygon","coordinates":[[[77.246,28.4996],[77.2493,28.5053],[77.2494,28.5119],[77.244,28.5122],[77.2419,28.5066],[77.2438,28.4986],[77.2437,28.4969],[77.2417,28.4967],[77.2412,28.4932],[77.2441,28.4901],[77.2461,28.4921],[77.2444,28.4929],[77.246,28.4996]]]},"properties":{"objectid":292587,"statename":"Delhi","statecode":"7","districtname":"South Delhi","districtcode":"98","ulbname":"Municipal Corporation Of Delhi","ulbcode":"800441","wardname":"Sangam Vihar-E (85S)","wardcode":"189","id":" ","remark":"Ok","st_area(shape)":9.851811002213963e-05,"st_perimeter(shape)":0.05673557929575366}},{"type":"Feature","geometry":{"type":"Polygon","coordinates":[[[77.2836,28.535],[77.2795,28.5424],[77.2834,28.5444],[77.2798,28.5488],[77.2769,28.5477],[77.2749,28.5499],[77.268,28.5456],[77.2703,28.5453],[77.273,28.5417],[77.2666,28.5387],[77.2678,28.5347],[77.2765,28.522],[77.2839,28.5234],[77.2823,28.533],[77.2836,28.535]]]},"properties":{"objectid":292588,"statename":"Delhi","statecode":"7","districtname":"South Delhi","districtcode":"98","ulbname":"Municipal Corporation Of Delhi","ulbcode":"800441","wardname":"Harkesh Nagar (92S)","wardcode":"196","id":" ","remark":"Ok","st_area(shape)":0.00030199916634849217,"st_perimeter(shape)":0.08916438104621814}},{"type":"Feature","geometry":{"type":"Polygon","coordinates":[[[77.3149,28.5004],[77.3317,28.5002],[77.3272,28.5046],[77.3281,28.5095],[77.322,28.5102],[77.3177,28.5127],[77.3126,28.5112],[77.3149,28.5004]]]},"properties":{"objectid":292589,"statename":"Delhi","statecode":"7","districtname":"South Delhi","districtcode":"98","ulbname":"Municipal Corporation Of Delhi","ulbcode":"800441","wardname":"Hari Nagar (97S)\r\n","wardcode":"201","id":" ","remark":"Ok","st_area(shape)":0.0001527949813772266,"st_perimeter(shape)":0.05615309269298413}},{"type":"Feature","geometry":{"type":"Polygon","coordinates":[[[77.2612,28.5272],[77.2634,28.5264],[77.2618,28.5302],[77.2627,28.5323],[77.2678,28.5308],[77.2697,28.5282],[77.2714,28.529],[77.2678,28.5347],[77.2608,28.5363],[77.2579,28.5286],[77.2612,28.5272]]]},"properties":{"objectid":292590,"statename":"Delhi","statecode":"7","districtname":"South Delhi","districtcode":"98","ulbname":"Municipal Corporation Of Delhi","ulbcode":"800441","wardname":"Govind Puri (91S)","wardcode":"195","id":" ","remark":"Ok","st_area(shape)":5.565078235938292e-05,"st_perimeter(shape)":0.04659598180209779}},{"type":"Feature","geometry":{"type":"Polygon","coordinates":[[[77.082,28.6312],[77.0878,28.6237],[77.0879,28.622],[77.0902,28.6218],[77.0946,28.6226],[77.0946,28.6294],[77.0966,28.6295],[77.0966,28.6311],[77.0989,28.631],[77.0993,28.6276],[77.1004,28.6275],[77.1073,28.6147],[77.1112,28.618],[77.111,28.6289],[77.1051,28.6298],[77.1041,28.6289],[77.1033,28.6344],[77.0979,28.6344],[77.0963,28.6368],[77.082,28.6312]]]},"properties":{"objectid":292591,"statename":"Delhi","statecode":"7","districtname":"South Delhi","districtcode":"98","ulbname":"Municipal Corporation Of Delhi","ulbcode":"800441","wardname":"Pratap Nagar (11S)\r\n","wardcode":"115","id":" ","remark":"Ok","st_area(shape)":0.0002709040528855596,"st_perimeter(shape)":0.10492286481254867}},{"type":"Feature","geometry":{"type":"Polygon","coordinates":[[[77.0712,28.649],[77.0737,28.6465],[77.0723,28.645],[77.0741,28.6446],[77.0739,28.6403],[77.0763,28.6404],[77.0764,28.6385],[77.0815,28.6382],[77.0828,28.6415],[77.087,28.6389],[77.0895,28.6425],[77.0846,28.646],[77.0852,28.649],[77.0871,28.652],[77.095,28.652],[77.0985,28.6532],[77.0975,28.6547],[77.0997,28.6555],[77.0993,28.6607],[77.0914,28.6549],[77.0804,28.6561],[77.0712,28.649]]]},"properties":{"objectid":292592,"statename":"Delhi","statecode":"7","districtname":"South Delhi","districtcode":"98","ulbname":"Municipal Corporation Of Delhi","ulbcode":"800441","wardname":"Keshopur (12S)","wardcode":"116","id":" ","remark":"Ok","st_area(shape)":0.0002628888132468941,"st_perimeter(shape)":0.10220340943330958}},{"type":"Feature","geometry":{"type":"Polygon","coordinates":[[[77.099,28.6093],[77.0989,28.6107],[77.1021,28.61],[77.1027,28.6118],[77.1038,28.6112],[77.1073,28.6147],[77.1014,28.625],[77.0927,28.622],[77.0826,28.6216],[77.0797,28.6203],[77.0779,28.6177],[77.0972,28.609],[77.099,28.6093]]]},"properties":{"objectid":292593,"statename":"Delhi","statecode":"7","districtname":"South Delhi","districtcode":"98","ulbname":"Municipal Corporation Of Delhi","ulbcode":"800441","wardname":"Janakpuri South (16S)","wardcode":"120","id":" ","remark":"Ok","st_area(shape)":0.00026291465610229543,"st_perimeter(shape)":0.07338018030562958}},{"type":"Feature","geometry":{"type":"Polygon","coordinates":[[[77.2127,28.5541],[77.2147,28.5528],[77.2221,28.5553],[77.2282,28.5537],[77.2313,28.5606],[77.2393,28.5579],[77.246,28.5603],[77.2469,28.5588],[77.2487,28.5588],[77.2499,28.5555],[77.2527,28.5556],[77.2569,28.5589],[77.2536,28.5569],[77.2521,28.5587],[77.2532,28.5598],[77.2518,28.5622],[77.2553,28.562],[77.2521,28.5662],[77.2404,28.5649],[77.2309,28.5658],[77.2253,28.5679],[77.2221,28.5613],[77.2127,28.5541]]]},"properties":{"objectid":292594,"statename":"Delhi","statecode":"7","districtname":"South Delhi","districtcode":"98","ulbname":"Municipal Corporation Of Delhi","ulbcode":"800441","wardname":"Andrews Ganj (59S)","wardcode":"163","id":" ","remark":"Ok","st_area(shape)":0.0002828697976234802,"st_perimeter(shape)":0.12268964866813858}},{"type":"Feature","geometry":{"type":"Polygon","coordinates":[[[77.0607,28.6146],[77.0679,28.6148],[77.0688,28.6183],[77.0618,28.619],[77.058,28.6173],[77.058,28.6195],[77.057,28.6195],[77.0572,28.6176],[77.0527,28.6174],[77.0531,28.6156],[77.0506,28.6148],[77.0565,28.6127],[77.0606,28.6132],[77.0607,28.6146]]]},"properties":{"objectid":292595,"statename":"Delhi","statecode":"7","districtname":"South Delhi","districtcode":"98","ulbname":"Municipal Corporation Of Delhi","ulbcode":"800441","wardname":"Uttam Nagar (28S)","wardcode":"132","id":" ","remark":"Ok","st_area(shape)":7.111760378365367e-05,"st_perimeter(shape)":0.05029513206016111}},{"type":"Feature","geometry":{"type":"Polygon","coordinates":[[[77.2569,28.5589],[77.2527,28.5556],[77.2499,28.5555],[77.2487,28.5588],[77.2469,28.5588],[77.246,28.5603],[77.2393,28.5579],[77.2313,28.5606],[77.2282,28.5537],[77.2221,28.5553],[77.2147,28.5528],[77.2127,28.5541],[77.2091,28.5432],[77.2321,28.5415],[77.2396,28.542],[77.2504,28.5461],[77.2488,28.5495],[77.2557,28.5521],[77.2583,28.5517],[77.2561,28.5538],[77.2594,28.5554],[77.2608,28.5577],[77.2594,28.5572],[77.2569,28.5589]]]},"properties":{"objectid":292596,"statename":"Delhi","statecode":"7","districtname":"South Delhi","districtcode":"98","ulbname":"Municipal Corporation Of Delhi","ulbcode":"800441","wardname":"Greater Kailash (86S)","wardcode":"190","id":" ","remark":"Ok","st_area(shape)":0.000602582517155255,"st_perimeter(shape)":0.13808173345660374}},{"type":"Feature","geometry":{"type":"Polygon","coordinates":[[[77.2458,28.5444],[77.2374,28.5414],[77.2321,28.5415],[77.232,28.5331],[77.2351,28.5329],[77.2359,28.5314],[77.2458,28.5268],[77.2518,28.522],[77.2545,28.5244],[77.256,28.5237],[77.2594,28.5325],[77.2567,28.5347],[77.2584,28.5351],[77.2575,28.5368],[77.2469,28.5426],[77.2458,28.5444]]]},"properties":{"objectid":292597,"statename":"Delhi","statecode":"7","districtname":"South Delhi","districtcode":"98","ulbname":"Municipal Corporation Of Delhi","ulbcode":"800441","wardname":"Chitaranjan Park (87S)","wardcode":"191","id":" ","remark":"Ok","st_area(shape)":0.00036023553106353113,"st_perimeter(shape)":0.0836802121060609}},{"type":"Feature","geometry":{"type":"Polygon","coordinates":[[[77.2781,28.5574],[77.2756,28.56],[77.2734,28.5591],[77.2633,28.5758],[77.2553,28.5705],[77.2521,28.5662],[77.2552,28.5629],[77.2553,28.562],[77.2518,28.5622],[77.2536,28.5569],[77.2564,28.5592],[77.2594,28.5572],[77.2621,28.5592],[77.2657,28.555],[77.2685,28.5471],[77.2749,28.5499],[77.2769,28.5477],[77.2798,28.5488],[77.2834,28.5444],[77.2848,28.5485],[77.2838,28.5504],[77.2811,28.5494],[77.279,28.5549],[77.2802,28.5559],[77.2781,28.5574]]]},"properties":{"objectid":292598,"statename":"Delhi","statecode":"7","districtname":"South Delhi","districtcode":"98","ulbname":"Municipal Corporation Of Delhi","ulbcode":"800441","wardname":"Sriniwas Puri (89S)","wardcode":"193","id":" ","remark":"Ok","st_area(shape)":0.0004020076142853253,"st_perimeter(shape)":0.12061636108353627}},{"type":"Feature","geometry":{"type":"Polygon","coordinates":[[[77.2608,28.5577],[77.2594,28.5554],[77.2561,28.5538],[77.2583,28.5517],[77.2557,28.5521],[77.2488,28.5495],[77.2504,28.5461],[77.2458,28.5444],[77.2469,28.5426],[77.2575,28.5368],[77.2584,28.5351],[77.2567,28.5347],[77.2594,28.5325],[77.2608,28.5363],[77.2672,28.5341],[77.2666,28.5387],[77.273,28.5417],[77.2703,28.5453],[77.2681,28.545],[77.2698,28.5463],[77.2666,28.5502],[77.265,28.5562],[77.2621,28.5592],[77.2608,28.5577]]]},"properties":{"objectid":292599,"statename":"Delhi","statecode":"7","districtname":"South Delhi","districtcode":"98","ulbname":"Municipal Corporation Of Delhi","ulbcode":"800441","wardname":"Kalka Ji (90S)","wardcode":"194","id":" ","remark":"Ok","st_area(shape)":0.0003462621231043552,"st_perimeter(shape)":0.10057960334154512}},{"type":"Feature","geometry":{"type":"Polygon","coordinates":[[[77.1663,28.5536],[77.173,28.55],[77.1786,28.5539],[77.1839,28.5506],[77.1886,28.562],[77.1897,28.5696],[77.1847,28.5701],[77.181,28.565],[77.173,28.5578],[77.1713,28.5595],[77.1665,28.5551],[77.1663,28.5536]]]},"properties":{"objectid":292600,"statename":"Delhi","statecode":"7","districtname":"South Delhi","districtcode":"98","ulbname":"Municipal Corporation Of Delhi","ulbcode":"800441","wardname":"Munirka (66S)","wardcode":"170","id":" ","remark":"Ok","st_area(shape)":0.00022561486371890595,"st_perimeter(shape)":0.07355786373905573}},{"type":"Feature","geometry":{"type":"Polygon","coordinates":[[[77.1678,28.4752],[77.1777,28.4732],[77.1802,28.4773],[77.1804,28.485],[77.1849,28.4849],[77.1866,28.4876],[77.1845,28.4945],[77.185,28.496],[77.1884,28.4957],[77.1916,28.5023],[77.1911,28.5039],[77.1933,28.5047],[77.1931,28.5093],[77.1945,28.5123],[77.1915,28.5101],[77.1856,28.513],[77.1778,28.5093],[77.172,28.5038],[77.1465,28.4926],[77.1436,28.476],[77.1568,28.4731],[77.1587,28.4769],[77.1678,28.4752]]]},"properties":{"objectid":292601,"statename":"Delhi","statecode":"7","districtname":"South Delhi","districtcode":"98","ulbname":"Municipal Corporation Of Delhi","ulbcode":"800441","wardname":"Chhatarpur (70S)\r\n","wardcode":"174","id":" ","remark":"Ok","st_area(shape)":0.0011215254787977525,"st_perimeter(shape)":0.1629907965134062}},{"type":"Feature","geometry":{"type":"Polygon","coordinates":[[[77.0961,28.599],[77.0967,28.5998],[77.095,28.6006],[77.0979,28.6041],[77.0996,28.6031],[77.1014,28.6061],[77.1044,28.6065],[77.1006,28.6082],[77.0941,28.6084],[77.0961,28.607],[77.0923,28.6018],[77.0925,28.6002],[77.0961,28.599]]]},"properties":{"objectid":292602,"statename":"Delhi","statecode":"7","districtname":"South Delhi","districtcode":"98","ulbname":"Municipal Corporation Of Delhi","ulbcode":"800441","wardname":"Sagarpur-West (31S)","wardcode":"135","id":" ","remark":"Ok","st_area(shape)":4.730873888649966e-05,"st_perimeter(shape)":0.041428171698376676}},{"type":"Feature","geometry":{"type":"Polygon","coordinates":[[[77.0374,28.6192],[77.0378,28.6176],[77.0359,28.6176],[77.0366,28.6138],[77.0423,28.6139],[77.0444,28.6127],[77.0441,28.6088],[77.0517,28.6075],[77.0549,28.605],[77.0555,28.613],[77.0531,28.6131],[77.0531,28.6147],[77.0506,28.6148],[77.0531,28.6156],[77.0527,28.6174],[77.0477,28.6176],[77.0476,28.6155],[77.0449,28.6154],[77.0449,28.6177],[77.0434,28.6177],[77.0434,28.6192],[77.0374,28.6192]]]},"properties":{"objectid":292603,"statename":"Delhi","statecode":"7","districtname":"South Delhi","districtcode":"98","ulbname":"Municipal Corporation Of Delhi","ulbcode":"800441","wardname":"Matiala (37S)","wardcode":"141","id":" ","remark":"Ok","st_area(shape)":0.00013559120756123324,"st_perimeter(shape)":0.07530526674909434}},{"type":"Feature","geometry":{"type":"Polygon","coordinates":[[[77.2406,28.5202],[77.2447,28.517],[77.2518,28.522],[77.2458,28.5268],[77.2359,28.5314],[77.2351,28.5329],[77.232,28.5331],[77.2299,28.524],[77.2358,28.523],[77.2377,28.5242],[77.2406,28.5202]]]},"properties":{"objectid":292604,"statename":"Delhi","statecode":"7","districtname":"South Delhi","districtcode":"98","ulbname":"Municipal Corporation Of Delhi","ulbcode":"800441","wardname":"Dakshin  Puri (74S)","wardcode":"178","id":" ","remark":"Ok","st_area(shape)":0.00015165670901707033,"st_perimeter(shape)":0.061907549688962636}},{"type":"Feature","geometry":{"type":"Polygon","coordinates":[[[77.2142,28.5063],[77.2142,28.5052],[77.2162,28.5051],[77.22,28.5006],[77.2236,28.499],[77.2438,28.4986],[77.2419,28.5066],[77.2362,28.5046],[77.2352,28.506],[77.232,28.5061],[77.2318,28.5044],[77.2251,28.5019],[77.2226,28.5022],[77.2214,28.5046],[77.2196,28.5047],[77.219,28.5081],[77.2144,28.5092],[77.2142,28.5063]]]},"properties":{"objectid":292605,"statename":"Delhi","statecode":"7","districtname":"South Delhi","districtcode":"98","ulbname":"Municipal Corporation Of Delhi","ulbcode":"800441","wardname":"Devli (76S)","wardcode":"180","id":" ","remark":"Ok","st_area(shape)":0.0001495725840270051,"st_perimeter(shape)":0.08368878955539405}},{"type":"Feature","geometry":{"type":"Polygon","coordinates":[[[77.084,28.5752],[77.09,28.5821],[77.0819,28.5864],[77.0781,28.5868],[77.0773,28.5788],[77.084,28.5752]]]},"properties":{"objectid":292606,"statename":"Delhi","statecode":"7","districtname":"South Delhi","districtcode":"98","ulbname":"Municipal Corporation Of Delhi","ulbcode":"800441","wardname":"Raj Nagar (46S)","wardcode":"150","id":" ","remark":"Ok","st_area(shape)":8.928987124314991e-05,"st_perimeter(shape)":0.03795181817790828}},{"type":"Feature","geometry":{"type":"Polygon","coordinates":[[[77.0809,28.5184],[77.0874,28.5298],[77.0849,28.5316],[77.0795,28.5307],[77.072,28.5208],[77.0809,28.5184]]]},"properties":{"objectid":292607,"statename":"Delhi","statecode":"7","districtname":"South Delhi","districtcode":"98","ulbname":"Municipal Corporation Of Delhi","ulbcode":"800441","wardname":"Kapashera (49S)\r\n","wardcode":"153","id":" ","remark":"Ok","st_area(shape)":0.00011093993504296923,"st_perimeter(shape)":0.04367322336670199}},{"type":"Feature","geometry":{"type":"Polygon","coordinates":[[[77.0295,28.5677],[77.0398,28.5666],[77.0392,28.5605],[77.0469,28.5572],[77.0474,28.5592],[77.0509,28.5584],[77.0583,28.5537],[77.0632,28.5592],[77.064,28.5587],[77.0673,28.5682],[77.0665,28.5714],[77.0578,28.5773],[77.0723,28.5947],[77.0635,28.5983],[77.0575,28.5915],[77.0502,28.5966],[77.0399,28.5851],[77.0408,28.5847],[77.039,28.5799],[77.0338,28.5718],[77.0295,28.5677]]]},"properties":{"objectid":292608,"statename":"Delhi","statecode":"7","districtname":"South Delhi","districtcode":"98","ulbname":"Municipal Corporation Of Delhi","ulbcode":"800441","wardname":"Dwarka - B (38S)","wardcode":"142","id":" ","remark":"Ok","st_area(shape)":0.0009822527262505192,"st_perimeter(shape)":0.15962708645779564}},{"type":"Feature","geometry":{"type":"Polygon","coordinates":[[[77.0553,28.6218],[77.0647,28.6239],[77.0686,28.6261],[77.067,28.6293],[77.0655,28.6293],[77.0598,28.6396],[77.0584,28.6387],[77.0573,28.6396],[77.0571,28.6458],[77.0532,28.6497],[77.0528,28.6376],[77.0544,28.6327],[77.0516,28.6287],[77.0528,28.6266],[77.0567,28.6272],[77.0567,28.623],[77.0553,28.6218]]]},"properties":{"objectid":292609,"statename":"Delhi","statecode":"7","districtname":"South Delhi","districtcode":"98","ulbname":"Municipal Corporation Of Delhi","ulbcode":"800441","wardname":"Hastsal (21S)","wardcode":"125","id":" ","remark":"Ok","st_area(shape)":0.00020390396434754593,"st_perimeter(shape)":0.08484867686841595}},{"type":"Feature","geometry":{"type":"Polygon","coordinates":[[[77.2857,28.5626],[77.2849,28.5619],[77.2879,28.562],[77.2867,28.5597],[77.2903,28.5588],[77.303,28.5347],[77.3105,28.5459],[77.3086,28.5475],[77.3067,28.5469],[77.3009,28.5512],[77.296,28.5597],[77.2964,28.5627],[77.2946,28.5681],[77.291,28.5681],[77.2857,28.5626]]]},"properties":{"objectid":292610,"statename":"Delhi","statecode":"7","districtname":"South Delhi","districtcode":"98","ulbname":"Municipal Corporation Of Delhi","ulbcode":"800441","wardname":"Abu Fazal Enclave (102S)","wardcode":"206","id":" ","remark":"Ok","st_area(shape)":0.000245780601405482,"st_perimeter(shape)":0.09604543499504498}},{"type":"Feature","geometry":{"type":"Polygon","coordinates":[[[77.0723,28.5947],[77.0705,28.6033],[77.0663,28.6007],[77.0655,28.6048],[77.0636,28.6048],[77.0626,28.6096],[77.0605,28.6095],[77.0606,28.6132],[77.0555,28.613],[77.0549,28.605],[77.0533,28.6059],[77.0529,28.6049],[77.061,28.6003],[77.0617,28.6018],[77.0636,28.6014],[77.0635,28.6001],[77.0618,28.5994],[77.0723,28.5947]]]},"properties":{"objectid":292611,"statename":"Delhi","statecode":"7","districtname":"South Delhi","districtcode":"98","ulbname":"Municipal Corporation Of Delhi","ulbcode":"800441","wardname":"Madhu Vihar (51S)","wardcode":"155","id":" ","remark":"Ok","st_area(shape)":0.00013659440560551567,"st_perimeter(shape)":0.07648576986555088}},{"type":"Feature","geometry":{"type":"Polygon","coordinates":[[[77.0522,28.6505],[77.0467,28.6514],[77.0398,28.6508],[77.0333,28.6473],[77.0342,28.6467],[77.0316,28.6444],[77.0404,28.6391],[77.0397,28.6378],[77.0435,28.6377],[77.0436,28.6417],[77.0472,28.6422],[77.0528,28.6376],[77.0532,28.6497],[77.0522,28.6505]]]},"properties":{"objectid":292612,"statename":"Delhi","statecode":"7","districtname":"South Delhi","districtcode":"98","ulbname":"Municipal Corporation Of Delhi","ulbcode":"800441","wardname":"Sainik Enclave (23S)","wardcode":"127","id":" ","remark":"Ok","st_area(shape)":0.00020344756843868565,"st_perimeter(shape)":0.06867767827441566}},{"type":"Feature","geometry":{"type":"Polygon","coordinates":[[[77.0316,28.6444],[77.0342,28.6467],[77.0303,28.6511],[77.0078,28.6384],[77.0116,28.6378],[77.0115,28.6311],[77.0102,28.631],[77.0101,28.6283],[77.0053,28.6277],[77.0043,28.6251],[77.0066,28.6243],[77.0164,28.6272],[77.0215,28.6265],[77.0218,28.629],[77.0255,28.6344],[77.0259,28.6404],[77.0316,28.6444]]]},"properties":{"objectid":292613,"statename":"Delhi","statecode":"7","districtname":"South Delhi","districtcode":"98","ulbname":"Municipal Corporation Of Delhi","ulbcode":"800441","wardname":"Bapraula (24S)","wardcode":"128","id":" ","remark":"Ok","st_area(shape)":0.0003134668083282499,"st_perimeter(shape)":0.0982550557591276}},{"type":"Feature","geometry":{"type":"Polygon","coordinates":[[[77.032,28.6314],[77.032,28.6298],[77.0355,28.6288],[77.0353,28.6259],[77.0368,28.6259],[77.037,28.6285],[77.0394,28.6275],[77.0393,28.6258],[77.0451,28.626],[77.0439,28.6303],[77.0469,28.6311],[77.0471,28.6339],[77.0445,28.634],[77.045,28.6377],[77.0397,28.6378],[77.0396,28.6313],[77.032,28.6314]]]},"properties":{"objectid":292614,"statename":"Delhi","statecode":"7","districtname":"South Delhi","districtcode":"98","ulbname":"Municipal Corporation Of Delhi","ulbcode":"800441","wardname":"Mohan Garden-North (26S)","wardcode":"130","id":" ","remark":"Ok","st_area(shape)":8.922787330500945e-05,"st_perimeter(shape)":0.06040819508742185}},{"type":"Feature","geometry":{"type":"Polygon","coordinates":[[[77.2253,28.5679],[77.2336,28.5655],[77.2503,28.5656],[77.2362,28.5707],[77.2383,28.5744],[77.239,28.5728],[77.2415,28.5728],[77.2414,28.5763],[77.2432,28.5763],[77.2432,28.5791],[77.2456,28.5791],[77.2442,28.5871],[77.2398,28.5906],[77.24,28.5927],[77.2237,28.5905],[77.225,28.5797],[77.2222,28.5793],[77.2213,28.5775],[77.229,28.5746],[77.2253,28.5679]]]},"properties":{"objectid":292615,"statename":"Delhi","statecode":"7","districtname":"South Delhi","districtcode":"98","ulbname":"Municipal Corporation Of Delhi","ulbcode":"800441","wardname":"Kasturba Nagar (58S)","wardcode":"162","id":" ","remark":"Ok","st_area(shape)":0.0004595160222271797,"st_perimeter(shape)":0.12716875852808476}},{"type":"Feature","geometry":{"type":"Polygon","coordinates":[[[77.2118,28.541],[77.212,28.5389],[77.206,28.5331],[77.2051,28.5328],[77.2043,28.5348],[77.1974,28.536],[77.1949,28.5318],[77.2062,28.5278],[77.2223,28.5311],[77.2221,28.5324],[77.2191,28.5328],[77.2182,28.5314],[77.2145,28.531],[77.2144,28.5345],[77.218,28.5361],[77.2164,28.5391],[77.2145,28.5384],[77.2118,28.541]]]},"properties":{"objectid":292616,"statename":"Delhi","statecode":"7","districtname":"South Delhi","districtcode":"98","ulbname":"Municipal Corporation Of Delhi","ulbcode":"800441","wardname":"Malviya Nagar (63S)","wardcode":"167","id":" ","remark":"Ok","st_area(shape)":0.00015600855719478948,"st_perimeter(shape)":0.08191985216018456}},{"type":"Feature","geometry":{"type":"Polygon","coordinates":[[[77.0994,28.6547],[77.0975,28.6547],[77.0985,28.6532],[77.0976,28.6526],[77.0941,28.6519],[77.094,28.6487],[77.0964,28.6465],[77.104,28.6436],[77.1043,28.6467],[77.1014,28.6543],[77.0994,28.6547]]]},"properties":{"objectid":292617,"statename":"Delhi","statecode":"7","districtname":"South Delhi","districtcode":"98","ulbname":"Municipal Corporation Of Delhi","ulbcode":"800441","wardname":"Vishnu Garden (7S)","wardcode":"111","id":" ","remark":"Ok","st_area(shape)":6.918151599951136e-05,"st_perimeter(shape)":0.037032728686221116}},{"type":"Feature","geometry":{"type":"Polygon","coordinates":[[[77.1761,28.5786],[77.162,28.5722],[77.1684,28.5623],[77.173,28.5578],[77.181,28.565],[77.1847,28.5701],[77.1804,28.572],[77.1761,28.5786]]]},"properties":{"objectid":292618,"statename":"Delhi","statecode":"7","districtname":"South Delhi","districtcode":"98","ulbname":"Municipal Corporation Of Delhi","ulbcode":"800441","wardname":"R K Puram (65S)","wardcode":"169","id":" ","remark":"Ok","st_area(shape)":0.00024074631474606275,"st_perimeter(shape)":0.06340713199452011}},{"type":"Feature","geometry":{"type":"Polygon","coordinates":[[[77.0636,28.6079],[77.0658,28.6062],[77.0737,28.6078],[77.0729,28.6107],[77.0765,28.6108],[77.0766,28.6137],[77.0756,28.6153],[77.0607,28.6146],[77.0605,28.6095],[77.0626,28.6096],[77.0636,28.6079]]]},"properties":{"objectid":292619,"statename":"Delhi","statecode":"7","districtname":"South Delhi","districtcode":"98","ulbname":"Municipal Corporation Of Delhi","ulbcode":"800441","wardname":"Bindapur (29S)","wardcode":"133","id":" ","remark":"Ok","st_area(shape)":0.00010706705601001893,"st_perimeter(shape)":0.048093461180888544}},{"type":"Feature","geometry":{"type":"Polygon","coordinates":[[[77.0832,28.6107],[77.0816,28.6055],[77.0902,28.6005],[77.0925,28.6002],[77.0923,28.6018],[77.0961,28.607],[77.0941,28.6084],[77.1021,28.6079],[77.1087,28.604],[77.1099,28.6054],[77.1004,28.6093],[77.0972,28.609],[77.0869,28.6136],[77.0832,28.6107]]]},"properties":{"objectid":292620,"statename":"Delhi","statecode":"7","districtname":"South Delhi","districtcode":"98","ulbname":"Municipal Corporation Of Delhi","ulbcode":"800441","wardname":"Dabri (30S)","wardcode":"134","id":" ","remark":"Ok","st_area(shape)":0.0001384240931914668,"st_perimeter(shape)":0.07624967235074999}},{"type":"Feature","geometry":{"type":"Polygon","coordinates":[[[77.0153,28.5986],[77.0104,28.5925],[77.0122,28.5913],[77.0183,28.5914],[77.0173,28.5849],[77.0374,28.5789],[77.039,28.5799],[77.0408,28.5847],[77.0399,28.5851],[77.0502,28.5966],[77.0575,28.5915],[77.0635,28.5983],[77.0618,28.5994],[77.0635,28.6001],[77.0636,28.6014],[77.0617,28.6018],[77.061,28.6003],[77.0529,28.6049],[77.0517,28.6075],[77.0441,28.6088],[77.0444,28.6127],[77.0423,28.6139],[77.0338,28.6139],[77.0355,28.6063],[77.0277,28.5971],[77.0246,28.5984],[77.0153,28.5986]]]},"properties":{"objectid":292621,"statename":"Delhi","statecode":"7","districtname":"South Delhi","districtcode":"98","ulbname":"Municipal Corporation Of Delhi","ulbcode":"800441","wardname":"Dwarka - A(36S)","wardcode":"140","id":" ","remark":"Ok","st_area(shape)":0.0008227717272723232,"st_perimeter(shape)":0.16601313337829815}},{"type":"Feature","geometry":{"type":"Polygon","coordinates":[[[77.2379,28.5174],[77.2406,28.521],[77.2377,28.5242],[77.2358,28.523],[77.2299,28.524],[77.232,28.5331],[77.2209,28.5308],[77.2218,28.5271],[77.2258,28.528],[77.2254,28.5207],[77.235,28.5196],[77.2348,28.5185],[77.2379,28.5174]]]},"properties":{"objectid":292622,"statename":"Delhi","statecode":"7","districtname":"South Delhi","districtcode":"98","ulbname":"Municipal Corporation Of Delhi","ulbcode":"800441","wardname":"Madangir (79S)","wardcode":"183","id":" ","remark":"Ok","st_area(shape)":0.0001225492503289682,"st_perimeter(shape)":0.06816249007242786}},{"type":"Feature","geometry":{"type":"Polygon","coordinates":[[[77.246,28.4996],[77.2444,28.4929],[77.2461,28.4921],[77.2447,28.4901],[77.2412,28.4932],[77.2393,28.4929],[77.238,28.4885],[77.2403,28.4891],[77.2452,28.4802],[77.2641,28.4861],[77.2666,28.491],[77.2588,28.4917],[77.2488,28.4995],[77.246,28.4996]]]},"properties":{"objectid":292623,"statename":"Delhi","statecode":"7","districtname":"South Delhi","districtcode":"98","ulbname":"Municipal Corporation Of Delhi","ulbcode":"800441","wardname":"Sangam Vihar-D (84S)","wardcode":"188","id":" ","remark":"Ok","st_area(shape)":0.0002730250561865241,"st_perimeter(shape)":0.08554827805189154}},{"type":"Feature","geometry":{"type":"Polygon","coordinates":[[[77.0705,28.6033],[77.0869,28.6136],[77.0828,28.6154],[77.0804,28.6136],[77.0766,28.6137],[77.0765,28.6108],[77.0729,28.6107],[77.0737,28.6078],[77.0658,28.6062],[77.0636,28.6079],[77.0636,28.6048],[77.0655,28.6048],[77.0663,28.6007],[77.0705,28.6033]]]},"properties":{"objectid":292624,"statename":"Delhi","statecode":"7","districtname":"South Delhi","districtcode":"98","ulbname":"Municipal Corporation Of Delhi","ulbcode":"800441","wardname":"Sitapuri (17S)","wardcode":"121","id":" ","remark":"Ok","st_area(shape)":9.477519683117584e-05,"st_perimeter(shape)":0.06757090807881491}},{"type":"Feature","geometry":{"type":"Polygon","coordinates":[[[77.3177,28.5127],[77.322,28.5102],[77.3281,28.5095],[77.3272,28.5046],[77.3325,28.4995],[77.3355,28.5054],[77.3452,28.5142],[77.3472,28.5202],[77.3394,28.522],[77.3383,28.5207],[77.3307,28.5195],[77.3332,28.5161],[77.3211,28.5169],[77.3185,28.515],[77.3177,28.5127]]]},"properties":{"objectid":292625,"statename":"Delhi","statecode":"7","districtname":"South Delhi","districtcode":"98","ulbname":"Municipal Corporation Of Delhi","ulbcode":"800441","wardname":"Jaitpur (98S)","wardcode":"202","id":" ","remark":" ","st_area(shape)":0.000300910559163217,"st_perimeter(shape)":0.09002714684670989}},{"type":"Feature","geometry":{"type":"Polygon","coordinates":[[[77.0876,28.5872],[77.0916,28.5839],[77.1027,28.5969],[77.1013,28.5979],[77.0997,28.5964],[77.0962,28.598],[77.0945,28.5953],[77.0912,28.5963],[77.0894,28.5938],[77.0889,28.5882],[77.0876,28.5882],[77.0876,28.5872]]]},"properties":{"objectid":292626,"statename":"Delhi","statecode":"7","districtname":"South Delhi","districtcode":"98","ulbname":"Municipal Corporation Of Delhi","ulbcode":"800441","wardname":"Sadh Nagar (53S)","wardcode":"157","id":" ","remark":"Ok","st_area(shape)":9.836559167055308e-05,"st_perimeter(shape)":0.048493204878052296}},{"type":"Feature","geometry":{"type":"Polygon","coordinates":[[[77.3149,28.5004],[77.3126,28.5112],[77.3107,28.5116],[77.3098,28.4943],[77.3043,28.49],[77.3086,28.4888],[77.314,28.4842],[77.3163,28.4866],[77.3149,28.5004]]]},"properties":{"objectid":292627,"statename":"Delhi","statecode":"7","districtname":"South Delhi","districtcode":"98","ulbname":"Municipal Corporation Of Delhi","ulbcode":"800441","wardname":"Molarband (96S)","wardcode":"200","id":" ","remark":"Ok","st_area(shape)":0.0001353134237892409,"st_perimeter(shape)":0.0669103779659345}},{"type":"Feature","geometry":{"type":"Polygon","coordinates":[[[77.0826,28.5901],[77.0864,28.59],[77.0849,28.5893],[77.0849,28.5875],[77.0876,28.5872],[77.0876,28.5882],[77.0889,28.5882],[77.0899,28.5951],[77.0928,28.5965],[77.0945,28.5953],[77.0962,28.598],[77.0982,28.5972],[77.083,28.6043],[77.0807,28.5959],[77.0816,28.5905],[77.0826,28.5901]]]},"properties":{"objectid":292628,"statename":"Delhi","statecode":"7","districtname":"South Delhi","districtcode":"98","ulbname":"Municipal Corporation Of Delhi","ulbcode":"800441","wardname":"Manglapuri (33S)\r\n","wardcode":"137","id":" ","remark":"Ok","st_area(shape)":0.0001350272209337189,"st_perimeter(shape)":0.06413931274411429}},{"type":"Feature","geometry":{"type":"Polygon","coordinates":[[[77.2628,28.6515],[77.2448,28.6512],[77.2469,28.6456],[77.247,28.6257],[77.2508,28.613],[77.2488,28.6123],[77.2491,28.6083],[77.2531,28.5959],[77.2532,28.5845],[77.2544,28.5839],[77.2527,28.5799],[77.2584,28.5725],[77.268,28.5792],[77.264,28.583],[77.2772,28.5855],[77.2772,28.5884],[77.2719,28.5911],[77.2672,28.5953],[77.2685,28.5906],[77.2646,28.5906],[77.254,28.6089],[77.2531,28.6183],[77.2511,28.622],[77.2527,28.6303],[77.2611,28.64],[77.2631,28.6457],[77.2628,28.6515]]]},"properties":{"objectid":292629,"statename":"Delhi","statecode":"7","districtname":"South Delhi","districtcode":"98","ulbname":"Municipal Corporation Of Delhi","ulbcode":"800441","wardname":"Siddhartha Nagar (56S)","wardcode":"160","id":" ","remark":"Ok","st_area(shape)":0.0007731100227752017,"st_perimeter(shape)":0.22680188378582594}},{"type":"Feature","geometry":{"type":"Polygon","coordinates":[[[77.1123,28.6679],[77.1119,28.6654],[77.1153,28.665],[77.1151,28.6635],[77.1167,28.6633],[77.1186,28.6765],[77.1139,28.6771],[77.1123,28.6679]]]},"properties":{"objectid":292630,"statename":"Delhi","statecode":"7","districtname":"South Delhi","districtcode":"98","ulbname":"Municipal Corporation Of Delhi","ulbcode":"800441","wardname":"Madipur (1S)","wardcode":"105","id":" ","remark":" ","st_area(shape)":6.218846665845767e-05,"st_perimeter(shape)":0.03662334479249342}},{"type":"Feature","geometry":{"type":"Polygon","coordinates":[[[77.1123,28.6531],[77.1153,28.6539],[77.1133,28.6577],[77.1192,28.6604],[77.1215,28.6598],[77.1181,28.662],[77.1088,28.6607],[77.1094,28.6525],[77.1123,28.6531]]]},"properties":{"objectid":292631,"statename":"Delhi","statecode":"7","districtname":"South Delhi","districtcode":"98","ulbname":"Municipal Corporation Of Delhi","ulbcode":"800441","wardname":"Raghubir Nagar (4S)","wardcode":"108","id":" ","remark":"Ok","st_area(shape)":5.859903007323245e-05,"st_perimeter(shape)":0.04233447570474486}},{"type":"Feature","geometry":{"type":"Polygon","coordinates":[[[77.2639,28.6569],[77.2618,28.6557],[77.264,28.6515],[77.267,28.6516],[77.2685,28.6492],[77.2714,28.6501],[77.2701,28.6527],[77.2807,28.6571],[77.2902,28.6525],[77.2926,28.653],[77.2915,28.6561],[77.2852,28.6642],[77.2726,28.6589],[77.2715,28.659],[77.271,28.6615],[77.2639,28.6569]]]},"properties":{"objectid":292632,"statename":"Delhi","statecode":"7","districtname":"South Delhi","districtcode":"98","ulbname":"Municipal Corporation Of Delhi","ulbcode":"800441","wardname":"Krishna Nagar, (21E)","wardcode":"229","id":" ","remark":"I Hereby Declare That The Ward Boundary Provided Is True To The Best Of My Knowledge.","st_area(shape)":0.00018501608532198928,"st_perimeter(shape)":0.0861001082758145}},{"type":"Feature","geometry":{"type":"Polygon","coordinates":[[[77.2999,28.6757],[77.3033,28.6757],[77.3032,28.6777],[77.3076,28.6778],[77.3245,28.6869],[77.3226,28.6897],[77.3149,28.6843],[77.3134,28.6864],[77.3187,28.6893],[77.3149,28.6942],[77.3081,28.69],[77.3015,28.6895],[77.2999,28.6757]]]},"properties":{"objectid":292633,"statename":"Delhi","statecode":"7","districtname":"South Delhi","districtcode":"98","ulbname":"Municipal Corporation Of Delhi","ulbcode":"800441","wardname":"Dilshad Garden, (35E)","wardcode":"243","id":" ","remark":"I Hereby Declare That The Ward Boundary Provided Is True To The Best Of My Knowledge.","st_area(shape)":0.00020647513799877296,"st_perimeter(shape)":0.08537511420297188}},{"type":"Feature","geometry":{"type":"Polygon","coordinates":[[[77.2803,28.6728],[77.2755,28.6722],[77.2752,28.6735],[77.2707,28.6728],[77.2656,28.6737],[77.2644,28.6724],[77.2663,28.6692],[77.2632,28.6678],[77.2646,28.6651],[77.2653,28.6656],[77.2643,28.6609],[77.2688,28.6592],[77.271,28.6615],[77.2715,28.659],[77.2726,28.6589],[77.2812,28.6619],[77.2799,28.6638],[77.2708,28.6635],[77.2723,28.6647],[77.272,28.6704],[77.2805,28.6719],[77.2803,28.6728]]]},"properties":{"objectid":292634,"statename":"Delhi","statecode":"7","districtname":"South Delhi","districtcode":"98","ulbname":"Municipal Corporation Of Delhi","ulbcode":"800441","wardname":"Geeta Colony, (24E)","wardcode":"232","id":" ","remark":"I Hereby Declare That The Ward Boundary Provided Is True To The Best Of My Knowledge.","st_area(shape)":0.00014066979797714755,"st_perimeter(shape)":0.08780123395616575}},{"type":"Feature","geometry":{"type":"Polygon","coordinates":[[[77.3018,28.6996],[77.3018,28.694],[77.3037,28.694],[77.3052,28.6897],[77.3081,28.69],[77.3149,28.6942],[77.3155,28.6975],[77.3018,28.6996]]]},"properties":{"objectid":292635,"statename":"Delhi","statecode":"7","districtname":"South Delhi","districtcode":"98","ulbname":"Municipal Corporation Of Delhi","ulbcode":"800441","wardname":"Nand Nagari (32E)","wardcode":"240","id":" ","remark":"I Hereby Declare That The Ward Boundary Provided Is True To The Best Of My Knowledge.","st_area(shape)":9.086965304076334e-05,"st_perimeter(shape)":0.041914556018046334}},{"type":"Feature","geometry":{"type":"Polygon","coordinates":[[[77.3197,28.6935],[77.322,28.6917],[77.3255,28.6949],[77.3228,28.6987],[77.3155,28.6975],[77.3149,28.6942],[77.3165,28.6922],[77.3197,28.6935]]]},"properties":{"objectid":292636,"statename":"Delhi","statecode":"7","districtname":"South Delhi","districtcode":"98","ulbname":"Municipal Corporation Of Delhi","ulbcode":"800441","wardname":"Sunder Nagri (33 E)","wardcode":"241","id":" ","remark":"I Hereby Declare That The Ward Boundary Provided Is True To The Best Of My Knowledge.","st_area(shape)":4.842924629447095e-05,"st_perimeter(shape)":0.030161957039087223}},{"type":"Feature","geometry":{"type":"Polygon","coordinates":[[[77.2996,28.6999],[77.2916,28.701],[77.292,28.6893],[77.2993,28.6895],[77.3017,28.695],[77.3018,28.6996],[77.2996,28.6999]]]},"properties":{"objectid":292637,"statename":"Delhi","statecode":"7","districtname":"South Delhi","districtcode":"98","ulbname":"Municipal Corporation Of Delhi","ulbcode":"800441","wardname":"Ashok Nagar (36E)","wardcode":"244","id":" ","remark":"I Hereby Declare That The Ward Boundary Provided Is True To The Best Of My Knowledge.","st_area(shape)":0.00010142708009448216,"st_perimeter(shape)":0.04007746837622706}},{"type":"Feature","geometry":{"type":"Polygon","coordinates":[[[77.2803,28.6728],[77.2805,28.6719],[77.299,28.674],[77.2999,28.6757],[77.2933,28.6766],[77.2993,28.6895],[77.292,28.6893],[77.2916,28.6807],[77.288,28.6823],[77.2889,28.6833],[77.2871,28.6828],[77.2863,28.6848],[77.2835,28.6838],[77.2906,28.6753],[77.2803,28.6728]]]},"properties":{"objectid":292638,"statename":"Delhi","statecode":"7","districtname":"South Delhi","districtcode":"98","ulbname":"Municipal Corporation Of Delhi","ulbcode":"800441","wardname":"Rohtash Nagar (38E)","wardcode":"246","id":" ","remark":"I Hereby Declare That The Ward Boundary Provided Is True To The Best Of My Knowledge.","st_area(shape)":0.00012214522873687543,"st_perimeter(shape)":0.0975606363821328}},{"type":"Feature","geometry":{"type":"Polygon","coordinates":[[[77.3231,28.6763],[77.3243,28.6782],[77.3299,28.679],[77.3316,28.6813],[77.3289,28.6865],[77.326,28.6849],[77.3245,28.6869],[77.3193,28.6841],[77.3212,28.6812],[77.3202,28.6807],[77.322,28.6763],[77.3231,28.6763]]]},"properties":{"objectid":292639,"statename":"Delhi","statecode":"7","districtname":"South Delhi","districtcode":"98","ulbname":"Municipal Corporation Of Delhi","ulbcode":"800441","wardname":"Dilshad Colony, (28E)","wardcode":"236","id":" ","remark":"I Hereby Declare That The Ward Boundary Provided Is True To The Best Of My Knowledge.","st_area(shape)":7.784042534185581e-05,"st_perimeter(shape)":0.03967369478395872}},{"type":"Feature","geometry":{"type":"Polygon","coordinates":[[[77.3155,28.6662],[77.3199,28.6679],[77.3227,28.6675],[77.3231,28.6763],[77.322,28.6763],[77.3202,28.6807],[77.3212,28.6812],[77.3193,28.6841],[77.3076,28.6778],[77.3032,28.6777],[77.3033,28.6757],[77.2999,28.6757],[77.2975,28.6732],[77.3032,28.6732],[77.3033,28.6714],[77.3066,28.6715],[77.3068,28.6697],[77.3143,28.6697],[77.3155,28.6662]]]},"properties":{"objectid":292640,"statename":"Delhi","statecode":"7","districtname":"South Delhi","districtcode":"98","ulbname":"Municipal Corporation Of Delhi","ulbcode":"800441","wardname":"Vivek Vihar (29E)","wardcode":"237","id":" ","remark":"I Hereby Declare That The Ward Boundary Provided Is True To The Best Of My Knowledge.","st_area(shape)":0.00022825553974625232,"st_perimeter(shape)":0.07805422551740877}},{"type":"Feature","geometry":{"type":"Polygon","coordinates":[[[77.2681,28.6828],[77.2659,28.6767],[77.2722,28.6768],[77.2746,28.6814],[77.2681,28.6828]]]},"properties":{"objectid":292641,"statename":"Delhi","statecode":"7","districtname":"South Delhi","districtcode":"98","ulbname":"Municipal Corporation Of Delhi","ulbcode":"800441","wardname":"Maujpur (40E)","wardcode":"248","id":" ","remark":"I Hereby Declare That The Ward Boundary Provided Is True To The Best Of My Knowledge.","st_area(shape)":3.628899047481454e-05,"st_perimeter(shape)":0.025342214634010315}},{"type":"Feature","geometry":{"type":"Polygon","coordinates":[[[77.236,28.6715],[77.2448,28.6744],[77.2586,28.6722],[77.2609,28.6804],[77.266,28.6795],[77.2658,28.6767],[77.2694,28.6863],[77.2654,28.6874],[77.2617,28.6834],[77.2629,28.6816],[77.2572,28.6829],[77.2564,28.6843],[77.2321,28.6856],[77.236,28.6715]]]},"properties":{"objectid":292642,"statename":"Delhi","statecode":"7","districtname":"South Delhi","districtcode":"98","ulbname":"Municipal Corporation Of Delhi","ulbcode":"800441","wardname":"Maujpur (40E)","wardcode":"43","id":" ","remark":"I Hereby Declare That The Ward Boundary Provided Is True To The Best Of My Knowledge.","st_area(shape)":0.000339487709718228,"st_perimeter(shape)":0.11281436798954501}},{"type":"Feature","geometry":{"type":"Polygon","coordinates":[[[77.2584,28.683],[77.2629,28.6816],[77.2617,28.6834],[77.2654,28.6874],[77.2613,28.687],[77.2593,28.6897],[77.2601,28.6912],[77.2584,28.6925],[77.2576,28.6908],[77.2561,28.6918],[77.2558,28.6906],[77.2543,28.6911],[77.2543,28.6867],[77.2316,28.6884],[77.2321,28.6856],[77.2564,28.6843],[77.2584,28.683]]]},"properties":{"objectid":292643,"statename":"Delhi","statecode":"7","districtname":"South Delhi","districtcode":"98","ulbname":"Municipal Corporation Of Delhi","ulbcode":"800441","wardname":"Maujpur (40E)","wardcode":"47","id":" ","remark":"I Hereby Declare That The Ward Boundary Provided Is True To The Best Of My Knowledge.","st_area(shape)":0.00012090704978027666,"st_perimeter(shape)":0.09465159318101765}},{"type":"Feature","geometry":{"type":"Polygon","coordinates":[[[77.2852,28.7016],[77.2792,28.6909],[77.292,28.6893],[77.2916,28.701],[77.2852,28.7016]]]},"properties":{"objectid":292644,"statename":"Delhi","statecode":"7","districtname":"South Delhi","districtcode":"98","ulbname":"Municipal Corporation Of Delhi","ulbcode":"800441","wardname":"Maujpur (40E)","wardcode":"49","id":" ","remark":"I Hereby Declare That The Ward Boundary Provided Is True To The Best Of My Knowledge.","st_area(shape)":0.00011867347042244149,"st_perimeter(shape)":0.04350347935117393}},{"type":"Feature","geometry":{"type":"Polygon","coordinates":[[[77.2866,28.724],[77.2767,28.7349],[77.2724,28.7303],[77.2806,28.7165],[77.2866,28.724]]]},"properties":{"objectid":292645,"statename":"Delhi","statecode":"7","districtname":"South Delhi","districtcode":"98","ulbname":"Municipal Corporation Of Delhi","ulbcode":"800441","wardname":"Shiv Vihar (56E)\r\n","wardcode":"264","id":" ","remark":"\t I Hereby Declare That The Ward Boundary Provided Is True To The Best Of My Knowledge.","st_area(shape)":0.00012299198066140945,"st_perimeter(shape)":0.04705945044827112}},{"type":"Feature","geometry":{"type":"Polygon","coordinates":[[[77.3155,28.6975],[77.3228,28.6987],[77.3248,28.7021],[77.3241,28.7076],[77.326,28.7111],[77.3296,28.7127],[77.3222,28.7117],[77.318,28.7133],[77.3158,28.7125],[77.31,28.7076],[77.3046,28.6992],[77.3155,28.6975]]]},"properties":{"objectid":292646,"statename":"Delhi","statecode":"7","districtname":"South Delhi","districtcode":"98","ulbname":"Municipal Corporation Of Delhi","ulbcode":"800441","wardname":"Harsh Vihar (55E)","wardcode":"263","id":" ","remark":" ","st_area(shape)":0.00022084317177458983,"st_perimeter(shape)":0.06847357633904791}},{"type":"Feature","geometry":{"type":"Polygon","coordinates":[[[77.2572,28.7123],[77.2614,28.7114],[77.263,28.713],[77.2687,28.7252],[77.2597,28.7294],[77.2595,28.7348],[77.2554,28.7341],[77.255,28.7325],[77.2486,28.7281],[77.2479,28.7258],[77.2513,28.7201],[77.2536,28.7125],[77.2562,28.7108],[77.2572,28.7123]]]},"properties":{"objectid":292647,"statename":"Delhi","statecode":"7","districtname":"South Delhi","districtcode":"98","ulbname":"Municipal Corporation Of Delhi","ulbcode":"800441","wardname":"Sadatpur (62E)","wardcode":"270","id":" ","remark":"\t I Hereby Declare That The Ward Boundary Provided Is True To The Best Of My Knowledge.","st_area(shape)":0.00028431226305725127,"st_perimeter(shape)":0.07376318866830683}},{"type":"Feature","geometry":{"type":"Polygon","coordinates":[[[77.3144,28.7111],[77.3156,28.7124],[77.3049,28.7124],[77.2996,28.7096],[77.2962,28.7023],[77.3,28.7015],[77.2996,28.6999],[77.3046,28.6992],[77.31,28.7076],[77.3144,28.7111]]]},"properties":{"objectid":292648,"statename":"Delhi","statecode":"7","districtname":"South Delhi","districtcode":"98","ulbname":"Municipal Corporation Of Delhi","ulbcode":"800441","wardname":"Saboli (54E)","wardcode":"262","id":" ","remark":"\t I Hereby Declare That The Ward Boundary Provided Is True To The Best Of My Knowledge.","st_area(shape)":0.00013161285520317425,"st_perimeter(shape)":0.053713332766974625}},{"type":"Feature","geometry":{"type":"Polygon","coordinates":[[[77.2813,28.6434],[77.279,28.6456],[77.2792,28.6484],[77.2765,28.6552],[77.2701,28.6527],[77.2714,28.6501],[77.2685,28.6492],[77.267,28.6516],[77.264,28.6515],[77.265,28.6474],[77.2642,28.643],[77.2813,28.6434]]]},"properties":{"objectid":292649,"statename":"Delhi","statecode":"7","districtname":"South Delhi","districtcode":"98","ulbname":"Municipal Corporation Of Delhi","ulbcode":"800441","wardname":"Geeta Colony, (24E)","wardcode":"24","id":" ","remark":"I Hereby Declare That The Ward Boundary Provided Is True To The Best Of My Knowledge.","st_area(shape)":0.00013370807877949154,"st_perimeter(shape)":0.05866446817560176}},{"type":"Feature","geometry":{"type":"Polygon","coordinates":[[[77.2896,28.6454],[77.2963,28.6469],[77.2926,28.653],[77.2902,28.6525],[77.2821,28.6559],[77.2822,28.6512],[77.2842,28.6512],[77.2841,28.6468],[77.2883,28.6467],[77.2896,28.6454]]]},"properties":{"objectid":292650,"statename":"Delhi","statecode":"7","districtname":"South Delhi","districtcode":"98","ulbname":"Municipal Corporation Of Delhi","ulbcode":"800441","wardname":"Anarkali,  (22E)","wardcode":"230","id":" ","remark":"I Hereby Declare That The Ward Boundary Provided Is True To The Best Of My Knowledge.","st_area(shape)":8.191490621180921e-05,"st_perimeter(shape)":0.04409579863985186}},{"type":"Feature","geometry":{"type":"Polygon","coordinates":[[[77.2814,28.6433],[77.291,28.644],[77.2883,28.6467],[77.2841,28.6468],[77.2842,28.6512],[77.2822,28.6512],[77.2821,28.6559],[77.2807,28.6571],[77.2773,28.6565],[77.2761,28.6559],[77.2792,28.6486],[77.279,28.6458],[77.2814,28.6433]]]},"properties":{"objectid":292651,"statename":"Delhi","statecode":"7","districtname":"South Delhi","districtcode":"98","ulbname":"Municipal Corporation Of Delhi","ulbcode":"800441","wardname":"Ghondli, (23E)\r\n","wardcode":"231","id":" ","remark":"I Hereby Declare That The Ward Boundary Provided Is True To The Best Of My Knowledge.","st_area(shape)":8.21004708844174e-05,"st_perimeter(shape)":0.050755020159142974}},{"type":"Feature","geometry":{"type":"Polygon","coordinates":[[[77.236,28.6715],[77.2416,28.6645],[77.2558,28.6608],[77.2619,28.6557],[77.2678,28.6593],[77.2643,28.6609],[77.2653,28.6656],[77.2646,28.6651],[77.2633,28.6687],[77.2663,28.6692],[77.2654,28.6704],[77.2452,28.6744],[77.236,28.6715]]]},"properties":{"objectid":292652,"statename":"Delhi","statecode":"7","districtname":"South Delhi","districtcode":"98","ulbname":"Municipal Corporation Of Delhi","ulbcode":"800441","wardname":"Shastri Nagar, (25E)","wardcode":"233","id":" ","remark":"I Hereby Declare That The Ward Boundary Provided Is True To The Best Of My Knowledge.","st_area(shape)":0.0003065556853399045,"st_perimeter(shape)":0.09069875233140492}},{"type":"Feature","geometry":{"type":"Polygon","coordinates":[[[77.2722,28.6688],[77.2723,28.6647],[77.2708,28.6635],[77.2799,28.6638],[77.2812,28.6619],[77.2852,28.6642],[77.2813,28.6688],[77.2805,28.6719],[77.272,28.6704],[77.2722,28.6688]]]},"properties":{"objectid":292653,"statename":"Delhi","statecode":"7","districtname":"South Delhi","districtcode":"98","ulbname":"Municipal Corporation Of Delhi","ulbcode":"800441","wardname":"Geeta Colony, (24E)","wardcode":"26","id":" ","remark":"I Hereby Declare That The Ward Boundary Provided Is True To The Best Of My Knowledge.","st_area(shape)":8.557729485802469e-05,"st_perimeter(shape)":0.04207593275006723}},{"type":"Feature","geometry":{"type":"Polygon","coordinates":[[[77.3141,28.6691],[77.3068,28.6697],[77.3066,28.6715],[77.3033,28.6714],[77.3032,28.6732],[77.2909,28.6729],[77.2921,28.6695],[77.2952,28.6695],[77.2958,28.6676],[77.3021,28.6705],[77.3033,28.67],[77.3033,28.6667],[77.3151,28.6653],[77.3141,28.6691]]]},"properties":{"objectid":292654,"statename":"Delhi","statecode":"7","districtname":"South Delhi","districtcode":"98","ulbname":"Municipal Corporation Of Delhi","ulbcode":"800441","wardname":"Jhilmil (30E)","wardcode":"238","id":" ","remark":"I Hereby Declare That The Ward Boundary Provided Is True To The Best Of My Knowledge.","st_area(shape)":8.888214254977712e-05,"st_perimeter(shape)":0.06495770927631601}},{"type":"Feature","geometry":{"type":"Polygon","coordinates":[[[77.2808,28.6702],[77.2862,28.663],[77.2958,28.6676],[77.2952,28.6695],[77.2921,28.6695],[77.2909,28.6729],[77.2805,28.6719],[77.2808,28.6702]]]},"properties":{"objectid":292655,"statename":"Delhi","statecode":"7","districtname":"South Delhi","districtcode":"98","ulbname":"Municipal Corporation Of Delhi","ulbcode":"800441","wardname":"Shahdara (31E)","wardcode":"239","id":" ","remark":"I Hereby Declare That The Ward Boundary Provided Is True To The Best Of My Knowledge.","st_area(shape)":9.124713142122404e-05,"st_perimeter(shape)":0.04146187163524508}},{"type":"Feature","geometry":{"type":"MultiPolygon","coordinates":[[[[77.2336,28.7717],[77.237,28.7727],[77.2382,28.7668],[77.23,28.761],[77.231,28.7561],[77.2289,28.7419],[77.2346,28.732],[77.2459,28.7306],[77.2433,28.7189],[77.2518,28.7182],[77.2479,28.7258],[77.2486,28.7281],[77.255,28.7325],[77.2554,28.7341],[77.2595,28.7348],[77.2551,28.7386],[77.254,28.7439],[77.2559,28.7446],[77.2587,28.7498],[77.2585,28.752],[77.2556,28.7541],[77.2556,28.7554],[77.2495,28.7545],[77.2369,28.7598],[77.2324,28.7598],[77.2382,28.7668],[77.237,28.7727],[77.2336,28.7717]]],[[[77.2336,28.7717],[77.2307,28.7708],[77.2295,28.7721],[77.2297,28.7748],[77.2315,28.7775],[77.2361,28.7784],[77.2365,28.7808],[77.228,28.7808],[77.2236,28.7785],[77.2172,28.781],[77.2113,28.7815],[77.2117,28.7785],[77.2223,28.7724],[77.2268,28.7717],[77.2271,28.7703],[77.2336,28.7717]]]]},"properties":{"objectid":292656,"statename":"Delhi","statecode":"7","districtname":"South Delhi","districtcode":"98","ulbname":"Municipal Corporation Of Delhi","ulbcode":"800441","wardname":"Sonia Vihar (60E)","wardcode":"268","id":" ","remark":"\t I Hereby Declare That The Ward Boundary Provided Is True To The Best Of My Knowledge.","st_area(shape)":0.0008795901001318644,"st_perimeter(shape)":0.2496820225976027}},{"type":"Feature","geometry":{"type":"Polygon","coordinates":[[[77.3165,28.6922],[77.3187,28.6893],[77.3134,28.6864],[77.3149,28.6843],[77.3226,28.6897],[77.326,28.6849],[77.3289,28.6865],[77.3319,28.6828],[77.3299,28.69],[77.3255,28.6949],[77.322,28.6917],[77.3197,28.6935],[77.3165,28.6922]]]},"properties":{"objectid":292657,"statename":"Delhi","statecode":"7","districtname":"South Delhi","districtcode":"98","ulbname":"Municipal Corporation Of Delhi","ulbcode":"800441","wardname":"New Seemapuri (34E)","wardcode":"242","id":" ","remark":"I Hereby Declare That The Ward Boundary Provided Is True To The Best Of My Knowledge.","st_area(shape)":8.905881712091374e-05,"st_perimeter(shape)":0.06187067538170597}},{"type":"Feature","geometry":{"type":"Polygon","coordinates":[[[77.3021,28.694],[77.3014,28.6949],[77.2977,28.6851],[77.2938,28.6791],[77.2933,28.6759],[77.2999,28.6757],[77.301,28.6785],[77.3015,28.6895],[77.3052,28.6897],[77.3037,28.694],[77.3021,28.694]]]},"properties":{"objectid":292658,"statename":"Delhi","statecode":"7","districtname":"South Delhi","districtcode":"98","ulbname":"Municipal Corporation Of Delhi","ulbcode":"800441","wardname":"Ram Nagar, (37E)","wardcode":"245","id":" ","remark":"I Hereby Declare That The Ward Boundary Provided Is True To The Best Of My Knowledge.","st_area(shape)":8.820060417929439e-05,"st_perimeter(shape)":0.05478635562685948}},{"type":"Feature","geometry":{"type":"Polygon","coordinates":[[[77.2721,28.6767],[77.2728,28.6747],[77.2751,28.6742],[77.2755,28.6722],[77.2906,28.6753],[77.2846,28.6827],[77.283,28.6808],[77.2792,28.6815],[77.278,28.679],[77.2731,28.6786],[77.2721,28.6767]]]},"properties":{"objectid":292659,"statename":"Delhi","statecode":"7","districtname":"South Delhi","districtcode":"98","ulbname":"Municipal Corporation Of Delhi","ulbcode":"800441","wardname":"Welcome Colony (39E)","wardcode":"247","id":" ","remark":"I Hereby Declare That The Ward Boundary Provided Is True To The Best Of My Knowledge.","st_area(shape)":0.00011015662969733287,"st_perimeter(shape)":0.05200429112800072}},{"type":"Feature","geometry":{"type":"Polygon","coordinates":[[[77.1344,28.6535],[77.1378,28.6584],[77.1338,28.6604],[77.1335,28.6586],[77.1319,28.6579],[77.1325,28.6592],[77.1302,28.6613],[77.1246,28.6589],[77.1192,28.6604],[77.1133,28.6577],[77.1153,28.6539],[77.1123,28.6531],[77.117,28.6464],[77.1275,28.6516],[77.1344,28.6535]]]},"properties":{"objectid":292660,"statename":"Delhi","statecode":"7","districtname":"South Delhi","districtcode":"98","ulbname":"Municipal Corporation Of Delhi","ulbcode":"800441","wardname":"Raja Garden (3S)","wardcode":"107","id":" ","remark":"Ok","st_area(shape)":0.00020424951405606157,"st_perimeter(shape)":0.07435128430449814}},{"type":"Feature","geometry":{"type":"Polygon","coordinates":[[[77.2805,28.6933],[77.2763,28.6947],[77.275,28.6942],[77.2754,28.6935],[77.2728,28.694],[77.272,28.6897],[77.2699,28.6902],[77.2681,28.6828],[77.2745,28.6814],[77.2805,28.6933]]]},"properties":{"objectid":292661,"statename":"Delhi","statecode":"7","districtname":"South Delhi","districtcode":"98","ulbname":"Municipal Corporation Of Delhi","ulbcode":"800441","wardname":"Maujpur (40E)","wardcode":"40","id":" ","remark":"I Hereby Declare That The Ward Boundary Provided Is True To The Best Of My Knowledge.","st_area(shape)":9.142207793634433e-05,"st_perimeter(shape)":0.04585092759653089}},{"type":"Feature","geometry":{"type":"Polygon","coordinates":[[[77.2655,28.6771],[77.266,28.6795],[77.2609,28.6804],[77.2586,28.6722],[77.2634,28.67],[77.2651,28.6705],[77.2644,28.6724],[77.2667,28.674],[77.2707,28.6728],[77.2752,28.6735],[77.2728,28.6747],[77.272,28.677],[77.2655,28.6771]]]},"properties":{"objectid":292662,"statename":"Delhi","statecode":"7","districtname":"South Delhi","districtcode":"98","ulbname":"Municipal Corporation Of Delhi","ulbcode":"800441","wardname":"Maujpur (40E)","wardcode":"42","id":" ","remark":"I Hereby Declare That The Ward Boundary Provided Is True To The Best Of My Knowledge.","st_area(shape)":7.959797640406228e-05,"st_perimeter(shape)":0.052334661345023986}},{"type":"Feature","geometry":{"type":"Polygon","coordinates":[[[77.2502,28.6867],[77.2544,28.6868],[77.2544,28.6912],[77.2559,28.6907],[77.2561,28.6918],[77.2577,28.6909],[77.2584,28.6925],[77.2641,28.6901],[77.2643,28.6913],[77.2607,28.6922],[77.2613,28.6948],[77.2625,28.6948],[77.2616,28.6967],[77.2624,28.6982],[77.2608,28.6994],[77.2588,28.6973],[77.2578,28.6979],[77.2622,28.7035],[77.2328,28.7116],[77.2316,28.6884],[77.2502,28.6867]]]},"properties":{"objectid":292663,"statename":"Delhi","statecode":"7","districtname":"South Delhi","districtcode":"98","ulbname":"Municipal Corporation Of Delhi","ulbcode":"800441","wardname":"Maujpur (40E)","wardcode":"44","id":" ","remark":"I Hereby Declare That The Ward Boundary Provided Is True To The Best Of My Knowledge.","st_area(shape)":0.0005593262122508048,"st_perimeter(shape)":0.12375541059077771}},{"type":"Feature","geometry":{"type":"Polygon","coordinates":[[[77.2814,28.702],[77.2622,28.7035],[77.2578,28.6978],[77.2588,28.6973],[77.2608,28.6993],[77.2624,28.6982],[77.2616,28.6967],[77.2625,28.6948],[77.2654,28.6942],[77.2673,28.6986],[77.2725,28.6965],[77.2753,28.6965],[77.2769,28.6981],[77.2825,28.6976],[77.2852,28.7016],[77.2814,28.702]]]},"properties":{"objectid":292664,"statename":"Delhi","statecode":"7","districtname":"South Delhi","districtcode":"98","ulbname":"Municipal Corporation Of Delhi","ulbcode":"800441","wardname":"Maujpur (40E)","wardcode":"45","id":" ","remark":"I Hereby Declare That The Ward Boundary Provided Is True To The Best Of My Knowledge.","st_area(shape)":0.00013577676728095627,"st_perimeter(shape)":0.07568089781748845}},{"type":"Feature","geometry":{"type":"Polygon","coordinates":[[[77.2625,28.6948],[77.2613,28.6948],[77.2607,28.6922],[77.2643,28.6913],[77.2641,28.6901],[77.2601,28.6912],[77.2593,28.6897],[77.26,28.6882],[77.2614,28.687],[77.2641,28.6878],[77.2694,28.6863],[77.271,28.6909],[77.2699,28.6902],[77.2654,28.6921],[77.2668,28.6946],[77.2625,28.6948]]]},"properties":{"objectid":292665,"statename":"Delhi","statecode":"7","districtname":"South Delhi","districtcode":"98","ulbname":"Municipal Corporation Of Delhi","ulbcode":"800441","wardname":"Maujpur (40E)","wardcode":"46","id":" ","remark":"I Hereby Declare That The Ward Boundary Provided Is True To The Best Of My Knowledge.","st_area(shape)":5.465419809851878e-05,"st_perimeter(shape)":0.050344964161723495}},{"type":"Feature","geometry":{"type":"Polygon","coordinates":[[[77.2825,28.6976],[77.2769,28.6981],[77.2753,28.6965],[77.2714,28.6966],[77.2673,28.6987],[77.2655,28.6962],[77.2671,28.6942],[77.2654,28.6921],[77.2699,28.6902],[77.271,28.6909],[77.272,28.6897],[77.2728,28.694],[77.2755,28.6935],[77.275,28.6942],[77.2763,28.6947],[77.2805,28.6933],[77.2825,28.6976]]]},"properties":{"objectid":292666,"statename":"Delhi","statecode":"7","districtname":"South Delhi","districtcode":"98","ulbname":"Municipal Corporation Of Delhi","ulbcode":"800441","wardname":"Maujpur (40E)","wardcode":"48","id":" ","remark":"I Hereby Declare That The Ward Boundary Provided Is True To The Best Of My Knowledge.","st_area(shape)":7.25524703274952e-05,"st_perimeter(shape)":0.06031485873379813}},{"type":"Feature","geometry":{"type":"Polygon","coordinates":[[[77.2791,28.6908],[77.2784,28.6893],[77.2835,28.6838],[77.2863,28.6848],[77.2871,28.6828],[77.2889,28.6833],[77.288,28.6823],[77.2924,28.681],[77.292,28.6893],[77.2791,28.6908]]]},"properties":{"objectid":292667,"statename":"Delhi","statecode":"7","districtname":"South Delhi","districtcode":"98","ulbname":"Municipal Corporation Of Delhi","ulbcode":"800441","wardname":"Maujpur (40E)","wardcode":"50","id":" ","remark":"I Hereby Declare That The Ward Boundary Provided Is True To The Best Of My Knowledge.","st_area(shape)":7.546294662197848e-05,"st_perimeter(shape)":0.047250981594365984}},{"type":"Feature","geometry":{"type":"Polygon","coordinates":[[[77.2891,28.7073],[77.2856,28.7147],[77.2885,28.7172],[77.29,28.7222],[77.2866,28.724],[77.2805,28.7164],[77.2788,28.7186],[77.2772,28.7109],[77.2807,28.7088],[77.2867,28.7097],[77.2882,28.7081],[77.2873,28.7044],[77.2891,28.7073]]]},"properties":{"objectid":292668,"statename":"Delhi","statecode":"7","districtname":"South Delhi","districtcode":"98","ulbname":"Municipal Corporation Of Delhi","ulbcode":"800441","wardname":"Joharipur (52E)\r\n\r\n","wardcode":"260","id":" ","remark":"I Hereby Declare That The Ward Boundary Provided Is True To The Best Of My Knowledge.","st_area(shape)":9.991569092841588e-05,"st_perimeter(shape)":0.06321067816278243}},{"type":"Feature","geometry":{"type":"Polygon","coordinates":[[[77.2916,28.701],[77.2996,28.6999],[77.3,28.7015],[77.2962,28.7023],[77.2969,28.704],[77.2891,28.7073],[77.2873,28.7044],[77.2882,28.7081],[77.2866,28.7097],[77.2766,28.7081],[77.2742,28.7027],[77.2916,28.701]]]},"properties":{"objectid":292669,"statename":"Delhi","statecode":"7","districtname":"South Delhi","districtcode":"98","ulbname":"Municipal Corporation Of Delhi","ulbcode":"800441","wardname":"Gokal Pur (53E)","wardcode":"261","id":" ","remark":"I Hereby Declare That The Ward Boundary Provided Is True To The Best Of My Knowledge.","st_area(shape)":0.0001333327997475293,"st_perimeter(shape)":0.06798628209099208}},{"type":"Feature","geometry":{"type":"Polygon","coordinates":[[[77.2785,28.6799],[77.2792,28.6815],[77.283,28.6808],[77.2846,28.6827],[77.2784,28.6893],[77.2731,28.6786],[77.2765,28.6783],[77.2785,28.6799]]]},"properties":{"objectid":292670,"statename":"Delhi","statecode":"7","districtname":"South Delhi","districtcode":"98","ulbname":"Municipal Corporation Of Delhi","ulbcode":"800441","wardname":"Janta Colony (51E)","wardcode":"259","id":" ","remark":"I Hereby Declare That The Ward Boundary Provided Is True To The Best Of My Knowledge.","st_area(shape)":5.717450378865491e-05,"st_perimeter(shape)":0.038178837684591495}},{"type":"Feature","geometry":{"type":"Polygon","coordinates":[[[77.1974,28.7361],[77.1981,28.7285],[77.2162,28.7222],[77.2169,28.7237],[77.2129,28.727],[77.2167,28.7269],[77.2184,28.7292],[77.2191,28.7338],[77.2257,28.7301],[77.2291,28.7201],[77.2316,28.72],[77.2335,28.718],[77.235,28.7274],[77.2339,28.7317],[77.2306,28.7354],[77.2294,28.7388],[77.2273,28.7399],[77.229,28.7472],[77.2216,28.7495],[77.2213,28.7467],[77.217,28.7456],[77.2135,28.7462],[77.2124,28.7492],[77.2065,28.7493],[77.2068,28.7416],[77.1979,28.7419],[77.1974,28.7361]]]},"properties":{"objectid":292671,"statename":"Delhi","statecode":"7","districtname":"South Delhi","districtcode":"98","ulbname":"Municipal Corporation Of Delhi","ulbcode":"800441","wardname":"Jharoda(8N)","wardcode":"8","id":" ","remark":"I Hereby Declare That The Ward Boundary Provided Is True To The Best Of My Knowledge.","st_area(shape)":0.0006585123909999074,"st_perimeter(shape)":0.15483590920006526}},{"type":"Feature","geometry":{"type":"Polygon","coordinates":[[[77.1266,28.7579],[77.1131,28.7727],[77.0907,28.8324],[77.0837,28.8329],[77.0838,28.8354],[77.0789,28.8354],[77.0663,28.8217],[77.0612,28.8181],[77.0723,28.808],[77.0596,28.7956],[77.0678,28.7893],[77.0632,28.7843],[77.0706,28.7805],[77.0737,28.7771],[77.0743,28.7714],[77.0788,28.7667],[77.077,28.7623],[77.0778,28.7596],[77.0814,28.7609],[77.0829,28.7629],[77.0879,28.7643],[77.0903,28.7629],[77.0951,28.7708],[77.104,28.7659],[77.1191,28.7531],[77.1266,28.7579]]]},"properties":{"objectid":292672,"statename":"Delhi","statecode":"7","districtname":"South Delhi","districtcode":"98","ulbname":"Municipal Corporation Of Delhi","ulbcode":"800441","wardname":"Holambi Khurd (4N)\r\nHolambi Khurd (4N)\r\nHolambi Khurd (4N)\r\n","wardcode":"4","id":" ","remark":"I Hereby Declare That The Ward Boundary Provided Is True To The Best Of My Knowledge.","st_area(shape)":0.0024967792885277297,"st_perimeter(shape)":0.27504967900490496}},{"type":"Feature","geometry":{"type":"Polygon","coordinates":[[[77.1501,28.7893],[77.1481,28.789],[77.1494,28.7816],[77.1481,28.7817],[77.148,28.78],[77.1459,28.7806],[77.1369,28.7783],[77.1299,28.7754],[77.1296,28.7721],[77.1362,28.7742],[77.1367,28.7733],[77.1341,28.7712],[77.134,28.7666],[77.1449,28.7665],[77.146,28.7632],[77.1478,28.7632],[77.1483,28.7655],[77.1511,28.7664],[77.1549,28.7644],[77.1558,28.7626],[77.1575,28.7633],[77.1695,28.7604],[77.1702,28.7563],[77.186,28.7583],[77.1849,28.7625],[77.1796,28.7707],[77.1802,28.7854],[77.1711,28.7844],[77.1729,28.7896],[77.1742,28.7899],[77.1718,28.7938],[77.1658,28.7937],[77.1648,28.7967],[77.1627,28.7968],[77.1594,28.7926],[77.1598,28.7914],[77.1569,28.7913],[77.1541,28.7891],[77.1501,28.7893]]]},"properties":{"objectid":292673,"statename":"Delhi","statecode":"7","districtname":"South Delhi","districtcode":"98","ulbname":"Municipal Corporation Of Delhi","ulbcode":"800441","wardname":"Kadipur (6N)","wardcode":"6","id":" ","remark":"I Hereby Declare That The Ward Boundary Provided Is True To The Best Of My Knowledge.","st_area(shape)":0.001165374638907773,"st_perimeter(shape)":0.20145064187465814}},{"type":"Feature","geometry":{"type":"Polygon","coordinates":[[[77.1785,28.7072],[77.1765,28.7063],[77.1765,28.7038],[77.1817,28.6983],[77.1898,28.6821],[77.1964,28.6842],[77.1785,28.7072]]]},"properties":{"objectid":292674,"statename":"Delhi","statecode":"7","districtname":"South Delhi","districtcode":"98","ulbname":"Municipal Corporation Of Delhi","ulbcode":"800441","wardname":"Sangam Park (76N)","wardcode":"76","id":" ","remark":"I Hereby Declare That The Ward Boundary Provided Is True To The Best Of My Knowledge.","st_area(shape)":0.00012828123650001854,"st_perimeter(shape)":0.06894138525535415}},{"type":"Feature","geometry":{"type":"Polygon","coordinates":[[[77.229,28.7472],[77.2294,28.7598],[77.232,28.7649],[77.231,28.7672],[77.2262,28.7698],[77.2261,28.7712],[77.222,28.7719],[77.2109,28.7782],[77.2065,28.7822],[77.2052,28.7869],[77.2009,28.785],[77.1993,28.7824],[77.1947,28.7862],[77.1934,28.7906],[77.1889,28.7862],[77.1802,28.7854],[77.1796,28.7707],[77.1849,28.7625],[77.1878,28.7517],[77.1975,28.7525],[77.1983,28.7554],[77.2031,28.7553],[77.2066,28.7536],[77.2065,28.7493],[77.2126,28.7491],[77.214,28.7459],[77.2213,28.7467],[77.2216,28.7495],[77.229,28.7472]]]},"properties":{"objectid":292675,"statename":"Delhi","statecode":"7","districtname":"South Delhi","districtcode":"98","ulbname":"Municipal Corporation Of Delhi","ulbcode":"800441","wardname":"Burari (7N)","wardcode":"7","id":" ","remark":"I Hereby Declare That The Ward Boundary Provided Is True To The Best Of My Knowledge.","st_area(shape)":0.0014264419765000235,"st_perimeter(shape)":0.18400026977401676}},{"type":"Feature","geometry":{"type":"Polygon","coordinates":[[[77.1964,28.7445],[77.191,28.7432],[77.186,28.7583],[77.1691,28.7562],[77.1692,28.7524],[77.17,28.7502],[77.1715,28.7498],[77.1711,28.7467],[77.169,28.7442],[77.1725,28.7426],[77.1756,28.7465],[77.1762,28.7408],[77.1783,28.738],[77.1832,28.7362],[77.1879,28.7386],[77.1915,28.7359],[77.1909,28.7303],[77.1981,28.7285],[77.198,28.7445],[77.1964,28.7445]]]},"properties":{"objectid":292676,"statename":"Delhi","statecode":"7","districtname":"South Delhi","districtcode":"98","ulbname":"Municipal Corporation Of Delhi","ulbcode":"800441","wardname":"Sant Nagar (10N)","wardcode":"10","id":" ","remark":"I Hereby Declare That The Ward Boundary Provided Is True To The Best Of My Knowledge.","st_area(shape)":0.0004400579765000256,"st_perimeter(shape)":0.12183350986347112}},{"type":"Feature","geometry":{"type":"Polygon","coordinates":[[[77.1772,28.7091],[77.1806,28.7097],[77.1833,28.7125],[77.2001,28.7073],[77.2007,28.7137],[77.2042,28.7137],[77.2041,28.7153],[77.2157,28.7154],[77.2154,28.7185],[77.2177,28.7189],[77.2186,28.7173],[77.2212,28.7168],[77.2224,28.7199],[77.2014,28.7277],[77.1832,28.7322],[77.1817,28.7169],[77.1783,28.7204],[77.1732,28.717],[77.1738,28.7161],[77.1719,28.7148],[77.1772,28.7091]]]},"properties":{"objectid":292677,"statename":"Delhi","statecode":"7","districtname":"South Delhi","districtcode":"98","ulbname":"Municipal Corporation Of Delhi","ulbcode":"800441","wardname":"Dhirpur(18N)","wardcode":"18","id":" ","remark":"I Hereby Declare That The Ward Boundary Provided Is True To The Best Of My Knowledge.","st_area(shape)":0.0006119423485000581,"st_perimeter(shape)":0.1446983113521519}},{"type":"Feature","geometry":{"type":"Polygon","coordinates":[[[77.1234,28.7614],[77.1288,28.7555],[77.1331,28.7564],[77.1383,28.7526],[77.1401,28.7545],[77.1468,28.7542],[77.1477,28.752],[77.1499,28.7521],[77.1627,28.7559],[77.1702,28.7563],[77.1695,28.7604],[77.1575,28.7633],[77.1558,28.7626],[77.1549,28.7644],[77.1511,28.7664],[77.1483,28.7655],[77.1478,28.7632],[77.146,28.7632],[77.1449,28.7665],[77.134,28.7666],[77.134,28.7682],[77.127,28.7657],[77.1254,28.7637],[77.1261,28.7613],[77.1234,28.7614]]]},"properties":{"objectid":292678,"statename":"Delhi","statecode":"7","districtname":"South Delhi","districtcode":"98","ulbname":"Municipal Corporation Of Delhi","ulbcode":"800441","wardname":"Saroop Nagar(19N)","wardcode":"19","id":" ","remark":"I Hereby Declare That The Ward Boundary Provided Is True To The Best Of My Knowledge.","st_area(shape)":0.0004380703785001081,"st_perimeter(shape)":0.12227130937981044}},{"type":"Feature","geometry":{"type":"Polygon","coordinates":[[[77.1805,28.7329],[77.1729,28.7272],[77.1756,28.7236],[77.168,28.7194],[77.1652,28.7226],[77.1616,28.7202],[77.1765,28.7038],[77.1766,28.7063],[77.1785,28.7072],[77.1719,28.7148],[77.1738,28.7161],[77.1732,28.717],[77.1783,28.7204],[77.1819,28.7172],[77.1832,28.7322],[77.1805,28.7329]]]},"properties":{"objectid":292679,"statename":"Delhi","statecode":"7","districtname":"South Delhi","districtcode":"98","ulbname":"Municipal Corporation Of Delhi","ulbcode":"800441","wardname":"Adarsh Nagar(17N)","wardcode":"17","id":" ","remark":"I Hereby Declare That The Ward Boundary Provided Is True To The Best Of My Knowledge.","st_area(shape)":0.0002159739785000304,"st_perimeter(shape)":0.1049246881619479}},{"type":"Feature","geometry":{"type":"Polygon","coordinates":[[[77.1539,28.7533],[77.1499,28.7521],[77.1559,28.7349],[77.1619,28.7376],[77.1673,28.7375],[77.1725,28.7426],[77.169,28.7442],[77.1711,28.7467],[77.1715,28.7498],[77.17,28.7502],[77.1692,28.7524],[77.1691,28.7562],[77.1627,28.7559],[77.1539,28.7533]]]},"properties":{"objectid":292680,"statename":"Delhi","statecode":"7","districtname":"South Delhi","districtcode":"98","ulbname":"Municipal Corporation Of Delhi","ulbcode":"800441","wardname":"Swami Sharda Nand Colony(20N)","wardcode":"20","id":" ","remark":"I Hereby Declare That The Ward Boundary Provided Is True To The Best Of My Knowledge.","st_area(shape)":0.0003217134989999989,"st_perimeter(shape)":0.07803252060215626}},{"type":"Feature","geometry":{"type":"Polygon","coordinates":[[[77.1745,28.7281],[77.1805,28.7329],[77.1909,28.7303],[77.1915,28.7359],[77.1877,28.7386],[77.1832,28.7362],[77.1783,28.738],[77.1765,28.7399],[77.1751,28.7464],[77.1673,28.7375],[77.1748,28.735],[77.1713,28.7323],[77.1745,28.7281]]]},"properties":{"objectid":292681,"statename":"Delhi","statecode":"7","districtname":"South Delhi","districtcode":"98","ulbname":"Municipal Corporation Of Delhi","ulbcode":"800441","wardname":"Mukundpur (11N)","wardcode":"11","id":" ","remark":"I Hereby Declare That The Ward Boundary Provided Is True To The Best Of My Knowledge.","st_area(shape)":0.00016726494999997428,"st_perimeter(shape)":0.08089652360261584}},{"type":"Feature","geometry":{"type":"Polygon","coordinates":[[[77.1728,28.7272],[77.1697,28.7254],[77.1666,28.7296],[77.1635,28.7278],[77.1572,28.7357],[77.1509,28.7316],[77.1616,28.7202],[77.1652,28.7226],[77.168,28.7194],[77.1756,28.7236],[77.1728,28.7272]]]},"properties":{"objectid":292682,"statename":"Delhi","statecode":"7","districtname":"South Delhi","districtcode":"98","ulbname":"Municipal Corporation Of Delhi","ulbcode":"800441","wardname":"Sarai Pipal Thala(16N)","wardcode":"16","id":" ","remark":"I Hereby Declare That The Ward Boundary Provided Is True To The Best Of My Knowledge.","st_area(shape)":0.00016203236750010573,"st_perimeter(shape)":0.07000586601400124}},{"type":"Feature","geometry":{"type":"Polygon","coordinates":[[[77.1745,28.7281],[77.1713,28.7323],[77.1748,28.735],[77.1721,28.736],[77.1674,28.7337],[77.1693,28.7312],[77.1666,28.7296],[77.1697,28.7254],[77.1745,28.7281]]]},"properties":{"objectid":292683,"statename":"Delhi","statecode":"7","districtname":"South Delhi","districtcode":"98","ulbname":"Municipal Corporation Of Delhi","ulbcode":"800441","wardname":"Jahangir Puri(21N)","wardcode":"21","id":" ","remark":"I Hereby Declare That The Ward Boundary Provided Is True To The Best Of My Knowledge.","st_area(shape)":4.5548344500070206e-05,"st_perimeter(shape)":0.037139732899120405}},{"type":"Feature","geometry":{"type":"Polygon","coordinates":[[[77.0327,28.7124],[77.031,28.7042],[77.0375,28.6996],[77.0359,28.6977],[77.0303,28.6978],[77.0309,28.6934],[77.0324,28.6933],[77.031,28.6929],[77.0311,28.6888],[77.047,28.6874],[77.0453,28.6942],[77.0411,28.6972],[77.0436,28.7001],[77.0455,28.7002],[77.0458,28.703],[77.0442,28.7031],[77.0403,28.7074],[77.0402,28.711],[77.0327,28.7124]]]},"properties":{"objectid":292684,"statename":"Delhi","statecode":"7","districtname":"South Delhi","districtcode":"98","ulbname":"Municipal Corporation Of Delhi","ulbcode":"800441","wardname":"Mubarak Pur Dabas(44N)","wardcode":"44","id":" ","remark":"I Hereby Declare That The Ward Boundary Provided Is True To The Best Of My Knowledge.","st_area(shape)":0.0002590509969998718,"st_perimeter(shape)":0.09908927910518074}},{"type":"Feature","geometry":{"type":"Polygon","coordinates":[[[77.1288,28.7555],[77.1436,28.7395],[77.1387,28.7339],[77.1405,28.7309],[77.1458,28.7282],[77.1559,28.7349],[77.1497,28.7528],[77.1477,28.752],[77.1468,28.7542],[77.1401,28.7545],[77.1383,28.7526],[77.1331,28.7564],[77.1288,28.7555]]]},"properties":{"objectid":292685,"statename":"Delhi","statecode":"7","districtname":"South Delhi","districtcode":"98","ulbname":"Municipal Corporation Of Delhi","ulbcode":"800441","wardname":"Samaypur Badli (23N)","wardcode":"23","id":" ","remark":"I Hereby Declare That The Ward Boundary Provided Is True To The Best Of My Knowledge.","st_area(shape)":0.000342262407500243,"st_perimeter(shape)":0.0973869344009989}},{"type":"Feature","geometry":{"type":"Polygon","coordinates":[[[77.1022,28.7121],[77.1031,28.7115],[77.1053,28.7141],[77.1037,28.7152],[77.1083,28.7206],[77.0989,28.7269],[77.097,28.7203],[77.0948,28.7225],[77.0884,28.7237],[77.083,28.7177],[77.078,28.7212],[77.0769,28.7159],[77.0816,28.7157],[77.0815,28.7125],[77.1002,28.7183],[77.101,28.7151],[77.1032,28.7141],[77.1022,28.7121]]]},"properties":{"objectid":292686,"statename":"Delhi","statecode":"7","districtname":"South Delhi","districtcode":"98","ulbname":"Municipal Corporation Of Delhi","ulbcode":"800441","wardname":"Rithala(28N)","wardcode":"28","id":" ","remark":"I Hereby Declare That The Ward Boundary Provided Is True To The Best Of My Knowledge.","st_area(shape)":0.00019704061200022477,"st_perimeter(shape)":0.10277317393998188}},{"type":"Feature","geometry":{"type":"MultiPolygon","coordinates":[[[[77.1285,28.7444],[77.104,28.7659],[77.0951,28.7708],[77.0903,28.7629],[77.0879,28.7643],[77.0838,28.7632],[77.078,28.7594],[77.077,28.7623],[77.0788,28.7667],[77.0743,28.7714],[77.0737,28.7771],[77.0696,28.7812],[77.0667,28.7763],[77.0627,28.7762],[77.0587,28.7786],[77.0444,28.7788],[77.0279,28.7812],[77.0236,28.783],[77.0167,28.7696],[77.0153,28.755],[77.0231,28.7516],[77.039,28.7481],[77.05,28.7432],[77.0629,28.7436],[77.0629,28.7473],[77.0821,28.7385],[77.0883,28.7482],[77.1042,28.7455],[77.1041,28.7421],[77.1089,28.7394],[77.1124,28.7394],[77.1148,28.7428],[77.1195,28.746],[77.1226,28.7439],[77.1285,28.7444]]],[[[77.1285,28.7443],[77.1291,28.7434],[77.1291,28.7434],[77.1285,28.7443],[77.1285,28.7443]]],[[[77.1285,28.7444],[77.1285,28.7444],[77.1285,28.7443],[77.1285,28.7444]]]]},"properties":{"objectid":292687,"statename":"Delhi","statecode":"7","districtname":"South Delhi","districtcode":"98","ulbname":"Municipal Corporation Of Delhi","ulbcode":"800441","wardname":"Pooth Khurd(31N)","wardcode":"31","id":" ","remark":"I Hereby Declare That The Ward Boundary Provided Is True To The Best Of My Knowledge.","st_area(shape)":0.0028006229976307146,"st_perimeter(shape)":0.32303938863975284}},{"type":"Feature","geometry":{"type":"MultiPolygon","coordinates":[[[[77.059,28.7246],[77.057,28.7253],[77.0571,28.7276],[77.0583,28.7276],[77.0601,28.7342],[77.0622,28.7347],[77.0633,28.7366],[77.0524,28.7367],[77.0525,28.7394],[77.0496,28.7394],[77.0488,28.7323],[77.0527,28.7266],[77.0377,28.7314],[77.013,28.735],[77.0076,28.7377],[77.002,28.7291],[77.0046,28.7235],[77.0033,28.7136],[76.9984,28.6972],[76.9939,28.6929],[76.9946,28.6854],[77.03,28.6823],[77.0467,28.6822],[77.0469,28.6874],[77.0311,28.6888],[77.031,28.6929],[77.0324,28.6933],[77.0309,28.6934],[77.0303,28.6978],[77.0359,28.6977],[77.0375,28.6996],[77.031,28.7042],[77.033,28.712],[77.031,28.7125],[77.0316,28.719],[77.0295,28.7191],[77.0288,28.7215],[77.0442,28.7185],[77.0488,28.7152],[77.0536,28.718],[77.0549,28.7172],[77.0536,28.718],[77.059,28.7246]]],[[[77.0592,28.7246],[77.0594,28.7245],[77.0595,28.7244],[77.0595,28.7244],[77.0592,28.7246]]],[[[77.059,28.7246],[77.0592,28.7246],[77.0591,28.7246],[77.059,28.7246]]]]},"properties":{"objectid":292688,"statename":"Delhi","statecode":"7","districtname":"South Delhi","districtcode":"98","ulbname":"Municipal Corporation Of Delhi","ulbcode":"800441","wardname":"Rani Khera(36N)","wardcode":"36","id":" ","remark":"I Hereby Declare That The Ward Boundary Provided Is True To The Best Of My Knowledge.","st_area(shape)":0.0020584893464501825,"st_perimeter(shape)":0.32588758708863885}},{"type":"Feature","geometry":{"type":"Polygon","coordinates":[[[77.0442,28.7004],[77.0411,28.6972],[77.0458,28.6933],[77.052,28.6978],[77.0574,28.7052],[77.0576,28.7089],[77.0612,28.7129],[77.0536,28.718],[77.0488,28.7152],[77.0442,28.7185],[77.0288,28.7215],[77.0295,28.7191],[77.0316,28.719],[77.031,28.7125],[77.0402,28.711],[77.0403,28.7074],[77.0442,28.7031],[77.0458,28.703],[77.0455,28.7002],[77.0442,28.7004]]]},"properties":{"objectid":292689,"statename":"Delhi","statecode":"7","districtname":"South Delhi","districtcode":"98","ulbname":"Municipal Corporation Of Delhi","ulbcode":"800441","wardname":"Nithari(40N)","wardcode":"40","id":" ","remark":"I Hereby Declare That The Ward Boundary Provided Is True To The Best Of My Knowledge.","st_area(shape)":0.0004013565335000487,"st_perimeter(shape)":0.11285480136163298}},{"type":"Feature","geometry":{"type":"Polygon","coordinates":[[[77.0572,28.6865],[77.0625,28.6861],[77.0622,28.6876],[77.0646,28.6875],[77.0646,28.6892],[77.0626,28.6904],[77.0676,28.6959],[77.0702,28.695],[77.0723,28.7015],[77.0643,28.7052],[77.0596,28.6993],[77.0554,28.7026],[77.0529,28.6991],[77.0602,28.6945],[77.0514,28.687],[77.0572,28.6865]]]},"properties":{"objectid":292690,"statename":"Delhi","statecode":"7","districtname":"South Delhi","districtcode":"98","ulbname":"Municipal Corporation Of Delhi","ulbcode":"800441","wardname":"Kirari Suleman Nagar(42N)","wardcode":"42","id":" ","remark":"I Hereby Declare That The Ward Boundary Provided Is True To The Best Of My Knowledge.","st_area(shape)":0.00018936825696220337,"st_perimeter(shape)":0.08603389373090257}},{"type":"Feature","geometry":{"type":"Polygon","coordinates":[[[77.0632,28.677],[77.0766,28.6748],[77.0765,28.6761],[77.0802,28.6756],[77.0803,28.6741],[77.0839,28.674],[77.0849,28.6805],[77.0762,28.6815],[77.0766,28.6849],[77.0626,28.686],[77.0639,28.6822],[77.0677,28.6822],[77.0632,28.677]]]},"properties":{"objectid":292691,"statename":"Delhi","statecode":"7","districtname":"South Delhi","districtcode":"98","ulbname":"Municipal Corporation Of Delhi","ulbcode":"800441","wardname":"Nangloi Jat(49N)","wardcode":"49","id":" ","remark":"I Hereby Declare That The Ward Boundary Provided Is True To The Best Of My Knowledge.","st_area(shape)":0.0001589165795001229,"st_perimeter(shape)":0.07333877616479278}},{"type":"Feature","geometry":{"type":"Polygon","coordinates":[[[77.0634,28.6902],[77.0646,28.6875],[77.067,28.688],[77.0673,28.6856],[77.0697,28.6855],[77.0737,28.6958],[77.071,28.6967],[77.0702,28.695],[77.0676,28.6959],[77.0626,28.6904],[77.0634,28.6902]]]},"properties":{"objectid":292692,"statename":"Delhi","statecode":"7","districtname":"South Delhi","districtcode":"98","ulbname":"Municipal Corporation Of Delhi","ulbcode":"800441","wardname":"Sultanpuri-C(48N)","wardcode":"48","id":" ","remark":"I Hereby Declare That The Ward Boundary Provided Is True To The Best Of My Knowledge.","st_area(shape)":6.368960000001355e-05,"st_perimeter(shape)":0.04089808317009579}},{"type":"Feature","geometry":{"type":"Polygon","coordinates":[[[77.0565,28.6617],[77.0653,28.6606],[77.0687,28.6644],[77.0738,28.6634],[77.078,28.6651],[77.0782,28.6688],[77.0724,28.6689],[77.0665,28.6669],[77.0666,28.6705],[77.058,28.671],[77.053,28.6646],[77.0565,28.6617]]]},"properties":{"objectid":292693,"statename":"Delhi","statecode":"7","districtname":"South Delhi","districtcode":"98","ulbname":"Municipal Corporation Of Delhi","ulbcode":"800441","wardname":"Nihal Vihar(51N)","wardcode":"51","id":" ","remark":"I Hereby Declare That The Ward Boundary Provided Is True To The Best Of My Knowledge.","st_area(shape)":0.0001606527331882699,"st_perimeter(shape)":0.06657766531644659}},{"type":"Feature","geometry":{"type":"Polygon","coordinates":[[[77.0632,28.677],[77.0621,28.6777],[77.0587,28.6762],[77.0612,28.6747],[77.058,28.671],[77.0666,28.6705],[77.0665,28.6669],[77.0724,28.6689],[77.0782,28.6688],[77.0768,28.6749],[77.0632,28.677]]]},"properties":{"objectid":292694,"statename":"Delhi","statecode":"7","districtname":"South Delhi","districtcode":"98","ulbname":"Municipal Corporation Of Delhi","ulbcode":"800441","wardname":"Lakshmi Park(52N)","wardcode":"52","id":" ","remark":"I Hereby Declare That The Ward Boundary Provided Is True To The Best Of My Knowledge.","st_area(shape)":0.0001232743624998711,"st_perimeter(shape)":0.06064301796847524}},{"type":"Feature","geometry":{"type":"Polygon","coordinates":[[[77.1164,28.7141],[77.1099,28.7068],[77.1179,28.7013],[77.1188,28.698],[77.1311,28.7039],[77.1164,28.7141]]]},"properties":{"objectid":292695,"statename":"Delhi","statecode":"7","districtname":"South Delhi","districtcode":"98","ulbname":"Municipal Corporation Of Delhi","ulbcode":"800441","wardname":"Rohini-H (59N)","wardcode":"59","id":" ","remark":"I Hereby Declare That The Ward Boundary Provided Is True To The Best Of My Knowledge.","st_area(shape)":0.00016373906000003466,"st_perimeter(shape)":0.05500276242681757}},{"type":"Feature","geometry":{"type":"Polygon","coordinates":[[[77.1164,28.7141],[77.1247,28.7084],[77.131,28.7156],[77.1256,28.7194],[77.1299,28.7242],[77.1282,28.7253],[77.13,28.7272],[77.1244,28.731],[77.1228,28.7292],[77.1271,28.7261],[77.1164,28.7141]]]},"properties":{"objectid":292696,"statename":"Delhi","statecode":"7","districtname":"South Delhi","districtcode":"98","ulbname":"Municipal Corporation Of Delhi","ulbcode":"800441","wardname":"Rohini-I (60N)","wardcode":"60","id":" ","remark":"I Hereby Declare That The Ward Boundary Provided Is True To The Best Of My Knowledge.","st_area(shape)":0.0001336741140001261,"st_perimeter(shape)":0.06821274217752767}},{"type":"Feature","geometry":{"type":"Polygon","coordinates":[[[77.1533,28.6931],[77.157,28.6991],[77.1503,28.7096],[77.1451,28.7047],[77.1372,28.711],[77.1311,28.7039],[77.1398,28.6982],[77.1533,28.6931]]]},"properties":{"objectid":292697,"statename":"Delhi","statecode":"7","districtname":"South Delhi","districtcode":"98","ulbname":"Municipal Corporation Of Delhi","ulbcode":"800441","wardname":"Pitampura (64N)","wardcode":"64","id":" ","remark":"I Hereby Declare That The Ward Boundary Provided Is True To The Best Of My Knowledge.","st_area(shape)":0.0002443262809998891,"st_perimeter(shape)":0.07272399227611998}},{"type":"Feature","geometry":{"type":"Polygon","coordinates":[[[77.1318,28.6837],[77.1369,28.6834],[77.1426,28.6857],[77.1425,28.6893],[77.1446,28.6889],[77.1467,28.6953],[77.1382,28.699],[77.1311,28.7039],[77.1262,28.7008],[77.1297,28.6977],[77.1306,28.6919],[77.1355,28.6902],[77.1354,28.687],[77.133,28.6877],[77.1305,28.6838],[77.1318,28.6837]]]},"properties":{"objectid":292698,"statename":"Delhi","statecode":"7","districtname":"South Delhi","districtcode":"98","ulbname":"Municipal Corporation Of Delhi","ulbcode":"800441","wardname":"Kohat Enclave (68N)","wardcode":"68","id":" ","remark":"I Hereby Declare That The Ward Boundary Provided Is True To The Best Of My Knowledge.","st_area(shape)":0.00020967140850004887,"st_perimeter(shape)":0.07591027113737658}},{"type":"Feature","geometry":{"type":"Polygon","coordinates":[[[77.1262,28.7008],[77.0979,28.6915],[77.0962,28.6888],[77.0929,28.6692],[77.102,28.6686],[77.1049,28.6782],[77.1013,28.6787],[77.1015,28.6828],[77.1152,28.6819],[77.1162,28.6836],[77.1181,28.6834],[77.1149,28.6851],[77.1159,28.6877],[77.1213,28.6868],[77.1205,28.6904],[77.1305,28.6915],[77.1297,28.6977],[77.1262,28.7008]]]},"properties":{"objectid":292699,"statename":"Delhi","statecode":"7","districtname":"South Delhi","districtcode":"98","ulbname":"Municipal Corporation Of Delhi","ulbcode":"800441","wardname":"Saraswati Vihar (65N)","wardcode":"65","id":" ","remark":"I Hereby Declare That The Ward Boundary Provided Is True To The Best Of My Knowledge.","st_area(shape)":0.0004911638385001894,"st_perimeter(shape)":0.13639584373067493}},{"type":"Feature","geometry":{"type":"Polygon","coordinates":[[[77.229,28.6678],[77.2271,28.6688],[77.2351,28.6712],[77.2307,28.6866],[77.2309,28.7039],[77.2292,28.7042],[77.2251,28.7006],[77.2221,28.6928],[77.2161,28.6862],[77.2165,28.6843],[77.2139,28.6773],[77.2109,28.6768],[77.2103,28.6751],[77.2121,28.6743],[77.2082,28.6644],[77.2212,28.6626],[77.2217,28.6648],[77.2296,28.6663],[77.229,28.6678]]]},"properties":{"objectid":292700,"statename":"Delhi","statecode":"7","districtname":"South Delhi","districtcode":"98","ulbname":"Municipal Corporation Of Delhi","ulbcode":"800441","wardname":"Civil Lines (83N)","wardcode":"83","id":" ","remark":"I Hereby Declare That The Ward Boundary Provided Is True To The Best Of My Knowledge.","st_area(shape)":0.0005740915276790417,"st_perimeter(shape)":0.1268669972096263}},{"type":"Feature","geometry":{"type":"Polygon","coordinates":[[[77.1996,28.6868],[77.1985,28.6895],[77.2013,28.6911],[77.2028,28.6953],[77.2041,28.6949],[77.2047,28.6988],[77.1952,28.7023],[77.1955,28.7095],[77.1833,28.7125],[77.1777,28.7084],[77.1964,28.6842],[77.1996,28.6868]]]},"properties":{"objectid":292701,"statename":"Delhi","statecode":"7","districtname":"South Delhi","districtcode":"98","ulbname":"Municipal Corporation Of Delhi","ulbcode":"800441","wardname":"Model Town (77N)","wardcode":"77","id":" ","remark":"I Hereby Declare That The Ward Boundary Provided Is True To The Best Of My Knowledge.","st_area(shape)":0.00032809880222693606,"st_perimeter(shape)":0.09173105865877824}},{"type":"Feature","geometry":{"type":"Polygon","coordinates":[[[77.2039,28.6652],[77.2061,28.666],[77.1933,28.6711],[77.1922,28.6684],[77.1834,28.6699],[77.1808,28.6644],[77.1934,28.6613],[77.2039,28.6652]]]},"properties":{"objectid":292702,"statename":"Delhi","statecode":"7","districtname":"South Delhi","districtcode":"98","ulbname":"Municipal Corporation Of Delhi","ulbcode":"800441","wardname":"Kishan Ganj (81N)","wardcode":"81","id":" ","remark":"I Hereby Declare That The Ward Boundary Provided Is True To The Best Of My Knowledge.","st_area(shape)":0.0001461109200000454,"st_perimeter(shape)":0.05978752132810617}},{"type":"Feature","geometry":{"type":"Polygon","coordinates":[[[77.1969,28.6457],[77.214,28.6362],[77.2185,28.6419],[77.2179,28.6456],[77.2115,28.6472],[77.2101,28.6473],[77.2097,28.6458],[77.203,28.6471],[77.1888,28.6549],[77.1865,28.6518],[77.1969,28.6457]]]},"properties":{"objectid":292703,"statename":"Delhi","statecode":"7","districtname":"South Delhi","districtcode":"98","ulbname":"Municipal Corporation Of Delhi","ulbcode":"800441","wardname":"Pahar Ganj (93N)","wardcode":"93","id":" ","remark":"I Hereby Declare That The Ward Boundary Provided Is True To The Best Of My Knowledge.","st_area(shape)":0.00017498106950011218,"st_perimeter(shape)":0.07998442832899627}},{"type":"Feature","geometry":{"type":"Polygon","coordinates":[[[77.2724,28.7303],[77.2712,28.7256],[77.2694,28.7265],[77.2648,28.7171],[77.2706,28.7138],[77.2724,28.7161],[77.2779,28.7149],[77.2788,28.7186],[77.2806,28.7165],[77.2724,28.7303]]]},"properties":{"objectid":292704,"statename":"Delhi","statecode":"7","districtname":"South Delhi","districtcode":"98","ulbname":"Municipal Corporation Of Delhi","ulbcode":"800441","wardname":"Karawal Nagar-East (57E)","wardcode":"265","id":" ","remark":"\t I Hereby Declare That The Ward Boundary Provided Is True To The Best Of My Knowledge.","st_area(shape)":0.00012419053934508667,"st_perimeter(shape)":0.05587494139386268}},{"type":"Feature","geometry":{"type":"Polygon","coordinates":[[[77.3086,28.6051],[77.3025,28.6033],[77.2966,28.6051],[77.2987,28.6007],[77.296,28.5994],[77.2967,28.598],[77.2948,28.5972],[77.2965,28.5938],[77.2993,28.5946],[77.3012,28.593],[77.3097,28.6024],[77.3086,28.6051]]]},"properties":{"objectid":292705,"statename":"Delhi","statecode":"7","districtname":"South Delhi","districtcode":"98","ulbname":"Municipal Corporation Of Delhi","ulbcode":"800441","wardname":"Trilokpuri West, (03E)","wardcode":"211","id":" ","remark":"\t I Hereby Declare That The Ward Boundary Provided Is True To The Best Of My Knowledge.","st_area(shape)":9.849532081756517e-05,"st_perimeter(shape)":0.04908946996904147}},{"type":"Feature","geometry":{"type":"Polygon","coordinates":[[[77.3037,28.5856],[77.3133,28.5974],[77.3079,28.6009],[77.299,28.5905],[77.3009,28.5892],[77.3001,28.5862],[77.3037,28.5856]]]},"properties":{"objectid":292706,"statename":"Delhi","statecode":"7","districtname":"South Delhi","districtcode":"98","ulbname":"Municipal Corporation Of Delhi","ulbcode":"800441","wardname":"New Ashok Nagar, (04E)","wardcode":"212","id":" ","remark":"\t I Hereby Declare That The Ward Boundary Provided Is True To The Best Of My Knowledge.","st_area(shape)":0.00010272426117075362,"st_perimeter(shape)":0.045085673939649934}},{"type":"Feature","geometry":{"type":"Polygon","coordinates":[[[77.3098,28.6167],[77.3114,28.6127],[77.3177,28.6138],[77.3207,28.6158],[77.3201,28.6181],[77.3183,28.6176],[77.317,28.6212],[77.3159,28.6211],[77.316,28.6187],[77.314,28.6203],[77.3127,28.6195],[77.3134,28.6178],[77.3098,28.6167]]]},"properties":{"objectid":292707,"statename":"Delhi","statecode":"7","districtname":"South Delhi","districtcode":"98","ulbname":"Municipal Corporation Of Delhi","ulbcode":"800441","wardname":"Kalyanpuri, (08E)","wardcode":"216","id":" ","remark":"\t I Hereby Declare That The Ward Boundary Provided Is True To The Best Of My Knowledge.","st_area(shape)":5.132835392128505e-05,"st_perimeter(shape)":0.037841809408929936}},{"type":"Feature","geometry":{"type":"Polygon","coordinates":[[[77.2708,28.707],[77.2736,28.7075],[77.2719,28.7119],[77.2648,28.7171],[77.2619,28.7119],[77.2624,28.7082],[77.2641,28.7059],[77.2708,28.707]]]},"properties":{"objectid":292708,"statename":"Delhi","statecode":"7","districtname":"South Delhi","districtcode":"98","ulbname":"Municipal Corporation Of Delhi","ulbcode":"800441","wardname":"Nehru Vihar (59E)","wardcode":"267","id":" ","remark":"\t I Hereby Declare That The Ward Boundary Provided Is True To The Best Of My Knowledge.","st_area(shape)":8.37228690049519e-05,"st_perimeter(shape)":0.03743105573841013}},{"type":"Feature","geometry":{"type":"Polygon","coordinates":[[[77.2706,28.7138],[77.2736,28.7075],[77.2708,28.707],[77.2698,28.703],[77.2742,28.7027],[77.2766,28.7081],[77.2807,28.7094],[77.2772,28.7109],[77.2779,28.7149],[77.2724,28.7161],[77.2706,28.7138]]]},"properties":{"objectid":292709,"statename":"Delhi","statecode":"7","districtname":"South Delhi","districtcode":"98","ulbname":"Municipal Corporation Of Delhi","ulbcode":"800441","wardname":"Mustafabad (58E)","wardcode":"266","id":" ","remark":"\t I Hereby Declare That The Ward Boundary Provided Is True To The Best Of My Knowledge.","st_area(shape)":7.00283741666025e-05,"st_perimeter(shape)":0.04816341053233369}},{"type":"Feature","geometry":{"type":"Polygon","coordinates":[[[77.2626,28.7281],[77.2687,28.7252],[77.2695,28.7265],[77.2712,28.7256],[77.272,28.7298],[77.2767,28.7349],[77.2739,28.7356],[77.2603,28.7339],[77.2597,28.7294],[77.2626,28.7281]]]},"properties":{"objectid":292710,"statename":"Delhi","statecode":"7","districtname":"South Delhi","districtcode":"98","ulbname":"Municipal Corporation Of Delhi","ulbcode":"800441","wardname":"Karawal Nagar-West (61E)\r\n","wardcode":"269","id":" ","remark":"\t I Hereby Declare That The Ward Boundary Provided Is True To The Best Of My Knowledge.","st_area(shape)":9.866147213626045e-05,"st_perimeter(shape)":0.046186193275240185}},{"type":"Feature","geometry":{"type":"Polygon","coordinates":[[[77.257,28.7108],[77.2561,28.7047],[77.2698,28.703],[77.2708,28.707],[77.2641,28.7059],[77.262,28.7088],[77.2619,28.7119],[77.2573,28.7125],[77.257,28.7108]]]},"properties":{"objectid":292711,"statename":"Delhi","statecode":"7","districtname":"South Delhi","districtcode":"98","ulbname":"Municipal Corporation Of Delhi","ulbcode":"800441","wardname":"Khajoori Khas (63E)","wardcode":"271","id":" ","remark":"\t I Hereby Declare That The Ward Boundary Provided Is True To The Best Of My Knowledge.","st_area(shape)":7.125969598733835e-05,"st_perimeter(shape)":0.04476571730869992}},{"type":"Feature","geometry":{"type":"Polygon","coordinates":[[[77.1545,28.6538],[77.1571,28.6522],[77.1619,28.6543],[77.168,28.6598],[77.1631,28.6601],[77.1606,28.6581],[77.1596,28.6586],[77.1545,28.6538]]]},"properties":{"objectid":292712,"statename":"Delhi","statecode":"7","districtname":"South Delhi","districtcode":"98","ulbname":"Municipal Corporation Of Delhi","ulbcode":"800441","wardname":"Baljit Nagar (97N)","wardcode":"97","id":" ","remark":"I Hereby Declare That The Ward Boundary Provided Is True To The Best Of My Knowledge.","st_area(shape)":4.334212050001816e-05,"st_perimeter(shape)":0.03550586805561884}},{"type":"Feature","geometry":{"type":"Polygon","coordinates":[[[77.1617,28.6542],[77.1534,28.65],[77.1601,28.6445],[77.1653,28.6432],[77.1667,28.6445],[77.1736,28.6409],[77.1742,28.6421],[77.164,28.6481],[77.1665,28.6513],[77.1617,28.6542]]]},"properties":{"objectid":292713,"statename":"Delhi","statecode":"7","districtname":"South Delhi","districtcode":"98","ulbname":"Municipal Corporation Of Delhi","ulbcode":"800441","wardname":"Ranjit Nagar (96N)","wardcode":"96","id":" ","remark":"I Hereby Declare That The Ward Boundary Provided Is True To The Best Of My Knowledge.","st_area(shape)":9.743432699997826e-05,"st_perimeter(shape)":0.05698300092611477}},{"type":"Feature","geometry":{"type":"Polygon","coordinates":[[[77.1758,28.6497],[77.1741,28.65],[77.1732,28.6531],[77.1786,28.6547],[77.182,28.6576],[77.184,28.6615],[77.1812,28.6633],[77.1812,28.6604],[77.1793,28.6586],[77.1772,28.6593],[77.1771,28.6575],[77.17,28.6596],[77.1648,28.6523],[77.1665,28.6513],[77.164,28.6481],[77.1743,28.642],[77.1809,28.6428],[77.1826,28.6486],[77.1783,28.6506],[77.1774,28.6489],[77.1758,28.6497]]]},"properties":{"objectid":292714,"statename":"Delhi","statecode":"7","districtname":"South Delhi","districtcode":"98","ulbname":"Municipal Corporation Of Delhi","ulbcode":"800441","wardname":"East Patel Nagar (95N)","wardcode":"95","id":" ","remark":"I Hereby Declare That The Ward Boundary Provided Is True To The Best Of My Knowledge.","st_area(shape)":0.00020290071999992955,"st_perimeter(shape)":0.09408598975666124}},{"type":"Feature","geometry":{"type":"Polygon","coordinates":[[[77.1677,28.6562],[77.17,28.6596],[77.1689,28.6599],[77.1704,28.663],[77.1692,28.6664],[77.158,28.6614],[77.1524,28.6551],[77.1545,28.6538],[77.1592,28.6583],[77.1631,28.6601],[77.168,28.6598],[77.1617,28.6542],[77.1648,28.6523],[77.1677,28.6562]]]},"properties":{"objectid":292715,"statename":"Delhi","statecode":"7","districtname":"South Delhi","districtcode":"98","ulbname":"Municipal Corporation Of Delhi","ulbcode":"800441","wardname":"West Patel Nagar (98N)","wardcode":"98","id":" ","remark":"I Hereby Declare That The Ward Boundary Provided Is True To The Best Of My Knowledge.","st_area(shape)":9.966281550003144e-05,"st_perimeter(shape)":0.07270304072764452}},{"type":"Feature","geometry":{"type":"Polygon","coordinates":[[[77.1669,28.6654],[77.1674,28.6675],[77.1729,28.6669],[77.1593,28.6721],[77.1575,28.6712],[77.1401,28.6738],[77.1365,28.6683],[77.1428,28.6608],[77.1524,28.6551],[77.1578,28.6613],[77.1669,28.6654]]]},"properties":{"objectid":292716,"statename":"Delhi","statecode":"7","districtname":"South Delhi","districtcode":"98","ulbname":"Municipal Corporation Of Delhi","ulbcode":"800441","wardname":"Karampura (99N)","wardcode":"99","id":" ","remark":"I Hereby Declare That The Ward Boundary Provided Is True To The Best Of My Knowledge.","st_area(shape)":0.0003304706370000856,"st_perimeter(shape)":0.08828901098811927}},{"type":"Feature","geometry":{"type":"Polygon","coordinates":[[[77.1693,28.6031],[77.1747,28.6117],[77.1768,28.6198],[77.1848,28.6267],[77.1893,28.6341],[77.1747,28.6414],[77.1737,28.6335],[77.1706,28.6309],[77.1669,28.63],[77.1602,28.6232],[77.1584,28.623],[77.1556,28.6241],[77.1502,28.6298],[77.1471,28.6353],[77.1463,28.6393],[77.1447,28.6406],[77.1423,28.6376],[77.1445,28.6361],[77.144,28.6334],[77.1422,28.633],[77.1444,28.6239],[77.1457,28.6248],[77.1489,28.6226],[77.151,28.6249],[77.1533,28.6245],[77.157,28.6209],[77.1563,28.6201],[77.1625,28.6156],[77.1638,28.6042],[77.1693,28.6031]]]},"properties":{"objectid":292717,"statename":"Delhi","statecode":"7","districtname":"South Delhi","districtcode":"98","ulbname":"Municipal Corporation Of Delhi","ulbcode":"800441","wardname":"Inder Puri (103N)","wardcode":"103","id":" ","remark":"I Hereby Declare That The Ward Boundary Provided Is True To The Best Of My Knowledge.","st_area(shape)":0.0006203571209998848,"st_perimeter(shape)":0.16988191600234082}},{"type":"Feature","geometry":{"type":"Polygon","coordinates":[[[77.2052,28.7869],[77.2047,28.7901],[77.1989,28.7979],[77.1968,28.7983],[77.2001,28.8126],[77.2013,28.8132],[77.2187,28.8087],[77.2189,28.8167],[77.2238,28.8246],[77.2209,28.8335],[77.2181,28.836],[77.2152,28.8416],[77.2117,28.8562],[77.2097,28.8575],[77.2071,28.8568],[77.2064,28.8578],[77.1976,28.859],[77.1828,28.8573],[77.1751,28.8579],[77.1732,28.857],[77.1723,28.8498],[77.1696,28.8502],[77.1661,28.8489],[77.1572,28.839],[77.1583,28.837],[77.1571,28.8365],[77.1422,28.8388],[77.142,28.8478],[77.1451,28.8534],[77.142,28.8556],[77.1422,28.8582],[77.1411,28.8583],[77.14,28.8616],[77.1321,28.8629],[77.1252,28.8594],[77.1277,28.8406],[77.1308,28.8287],[77.1365,28.811],[77.1415,28.8059],[77.1432,28.8024],[77.144,28.7935],[77.141,28.7871],[77.142,28.7794],[77.148,28.78],[77.1481,28.7817],[77.1494,28.7816],[77.1481,28.789],[77.1541,28.7891],[77.1569,28.7913],[77.1598,28.7914],[77.1594,28.7926],[77.1627,28.7968],[77.1648,28.7967],[77.1658,28.7937],[77.171,28.7943],[77.1723,28.7932],[77.1742,28.7899],[77.1729,28.7896],[77.1711,28.7844],[77.1889,28.7862],[77.1934,28.7905],[77.1947,28.7862],[77.1994,28.7824],[77.2009,28.785],[77.2052,28.7869]]]},"properties":{"objectid":292718,"statename":"Delhi","statecode":"7","districtname":"South Delhi","districtcode":"98","ulbname":"Municipal Corporation Of Delhi","ulbcode":"800441","wardname":"Bakhtawarpur (2N)","wardcode":"2","id":" ","remark":"I Hereby Declare That The Ward Boundary Provided Is True To The Best Of My Knowledge.","st_area(shape)":0.005059248010897924,"st_perimeter(shape)":0.43022337111538345}},{"type":"Feature","geometry":{"type":"Polygon","coordinates":[[[77.2209,28.6922],[77.2222,28.6929],[77.2251,28.7006],[77.2277,28.7036],[77.2309,28.7041],[77.2314,28.712],[77.2334,28.7181],[77.2316,28.72],[77.2291,28.7201],[77.2257,28.7301],[77.2191,28.7338],[77.2184,28.7292],[77.2167,28.7269],[77.2129,28.727],[77.2169,28.7237],[77.2162,28.7222],[77.2256,28.7178],[77.2272,28.7094],[77.2181,28.7081],[77.2091,28.6972],[77.2209,28.6922]]]},"properties":{"objectid":292719,"statename":"Delhi","statecode":"7","districtname":"South Delhi","districtcode":"98","ulbname":"Municipal Corporation Of Delhi","ulbcode":"800441","wardname":"Timarpur(12N)","wardcode":"12","id":" ","remark":"I Hereby Declare That The Ward Boundary Provided Is True To The Best Of My Knowledge.","st_area(shape)":0.00038890518227675385,"st_perimeter(shape)":0.13149065935737603}},{"type":"Feature","geometry":{"type":"MultiPolygon","coordinates":[[[[77.0776,28.6652],[77.0733,28.6633],[77.0687,28.6644],[77.0653,28.6606],[77.0626,28.6606],[77.062,28.6616],[77.0554,28.6612],[77.053,28.6569],[77.0529,28.6528],[77.0509,28.6528],[77.0507,28.651],[77.0567,28.6464],[77.0579,28.639],[77.0643,28.6429],[77.0761,28.6538],[77.0807,28.6562],[77.0776,28.6652]]],[[[77.0516,28.6788],[77.0511,28.6774],[77.0466,28.6778],[77.0462,28.6709],[77.0462,28.6687],[77.0489,28.6687],[77.0516,28.6664],[77.0504,28.6642],[77.0517,28.6635],[77.0566,28.6694],[77.0568,28.6736],[77.0562,28.6772],[77.0516,28.6788]]]]},"properties":{"objectid":292720,"statename":"Delhi","statecode":"7","districtname":"South Delhi","districtcode":"98","ulbname":"Municipal Corporation Of Delhi","ulbcode":"800441","wardname":"Nilothi(38N)","wardcode":"38","id":" ","remark":"I Hereby Declare That The Area Boundary Provided Is True To The Best Of My Knowledge.","st_area(shape)":0.0005253082669643147,"st_perimeter(shape)":0.1445320033727875}},{"type":"Feature","geometry":{"type":"Polygon","coordinates":[[[76.9599,28.765],[76.9663,28.7639],[76.9678,28.7612],[76.9814,28.761],[76.9815,28.7627],[76.9828,28.7626],[76.9828,28.7616],[76.9926,28.7593],[76.9945,28.7583],[76.9933,28.7549],[76.9947,28.751],[77.0033,28.7463],[77.005,28.7462],[77.0058,28.7476],[77.0124,28.7463],[77.0149,28.7525],[77.0169,28.7703],[77.0244,28.7864],[77.0288,28.7905],[77.0301,28.7968],[77.0315,28.7979],[77.0351,28.7976],[77.0354,28.8001],[77.0469,28.8056],[77.0282,28.8228],[77.0234,28.8309],[77.0208,28.839],[77.0104,28.8404],[76.9991,28.838],[76.9949,28.8392],[76.9922,28.8382],[76.9872,28.8336],[76.9858,28.8285],[76.98,28.8211],[76.9762,28.8223],[76.9728,28.8264],[76.9672,28.8276],[76.964,28.8228],[76.9651,28.8201],[76.9623,28.815],[76.959,28.815],[76.9511,28.818],[76.9492,28.8159],[76.9459,28.8101],[76.9466,28.8069],[76.9428,28.7991],[76.9469,28.7981],[76.9545,28.791],[76.9509,28.784],[76.9502,28.7773],[76.9556,28.7698],[76.9562,28.7669],[76.9599,28.765]]]},"properties":{"objectid":292721,"statename":"Delhi","statecode":"7","districtname":"South Delhi","districtcode":"98","ulbname":"Municipal Corporation Of Delhi","ulbcode":"800441","wardname":"Nangal Thakran(29N)","wardcode":"29","id":" ","remark":"I Hereby Declare That The Ward Boundary Provided Is True To The Best Of My Knowledge.","st_area(shape)":0.005604593476885184,"st_perimeter(shape)":0.3518063633755455}},{"type":"Feature","geometry":{"type":"Polygon","coordinates":[[[77.0478,28.6873],[77.0469,28.6874],[77.0467,28.6822],[77.03,28.6823],[76.9946,28.6854],[76.9938,28.6919],[76.964,28.6943],[76.9582,28.684],[76.9563,28.671],[76.9537,28.667],[76.963,28.6605],[76.97,28.6588],[76.9733,28.6564],[76.9771,28.6565],[76.9849,28.6495],[76.9906,28.6493],[76.9905,28.6532],[76.9927,28.6563],[76.9962,28.6537],[77.0048,28.6674],[77.0071,28.6738],[77.0203,28.6724],[77.0306,28.6673],[77.0347,28.6636],[77.0464,28.6714],[77.0466,28.6778],[77.0511,28.6774],[77.0528,28.6821],[77.057,28.6819],[77.0566,28.6843],[77.058,28.6863],[77.0478,28.6873]]]},"properties":{"objectid":292722,"statename":"Delhi","statecode":"7","districtname":"South Delhi","districtcode":"98","ulbname":"Municipal Corporation Of Delhi","ulbcode":"800441","wardname":"Mundka(39N)","wardcode":"39","id":" ","remark":"I Hereby Declare That The Ward Boundary Provided Is True To The Best Of My Knowledge.","st_area(shape)":0.0022279530745894383,"st_perimeter(shape)":0.2861739559494661}},{"type":"Feature","geometry":{"type":"Polygon","coordinates":[[[77.1667,28.6445],[77.1653,28.6432],[77.1599,28.6446],[77.1534,28.65],[77.1571,28.6522],[77.1524,28.6551],[77.1489,28.6511],[77.1519,28.6492],[77.1447,28.6406],[77.1463,28.6393],[77.1471,28.6353],[77.1502,28.6298],[77.1558,28.624],[77.16,28.6231],[77.1669,28.63],[77.1706,28.6309],[77.1737,28.6335],[77.1747,28.6414],[77.1893,28.6341],[77.1939,28.639],[77.1973,28.6455],[77.1888,28.6505],[77.187,28.648],[77.1834,28.6499],[77.1814,28.6469],[77.1809,28.6428],[77.1742,28.6421],[77.1736,28.6409],[77.1667,28.6445]]]},"properties":{"objectid":292723,"statename":"Delhi","statecode":"7","districtname":"South Delhi","districtcode":"98","ulbname":"Municipal Corporation Of Delhi","ulbcode":"800441","wardname":"Rajinder Nagar (102N)","wardcode":"102","id":" ","remark":"I Hereby Declare That The Ward Boundary Provided Is True To The Best Of My Knowledge.","st_area(shape)":0.0006915610497361881,"st_perimeter(shape)":0.1684480224473535}},{"type":"Feature","geometry":{"type":"Polygon","coordinates":[[[77.1203,28.7646],[77.1234,28.7614],[77.1261,28.7613],[77.1254,28.7637],[77.127,28.7657],[77.134,28.7682],[77.1341,28.7712],[77.1367,28.7733],[77.1362,28.7742],[77.1296,28.7721],[77.1307,28.7764],[77.142,28.7794],[77.141,28.7871],[77.144,28.7935],[77.1433,28.8019],[77.1419,28.8054],[77.1361,28.8122],[77.1289,28.835],[77.1248,28.8576],[77.1207,28.8582],[77.1206,28.8595],[77.111,28.8682],[77.1081,28.8681],[77.1042,28.8655],[77.1011,28.8655],[77.1021,28.8651],[77.1042,28.8575],[77.0979,28.8575],[77.0978,28.8504],[77.1029,28.8385],[77.0924,28.8354],[77.0932,28.8333],[77.0907,28.8324],[77.113,28.773],[77.1203,28.7646]]]},"properties":{"objectid":292724,"statename":"Delhi","statecode":"7","districtname":"South Delhi","districtcode":"98","ulbname":"Municipal Corporation Of Delhi","ulbcode":"800441","wardname":"Alipur (3N)\r\n","wardcode":"3","id":" ","remark":"I Hereby Declare That The Ward Boundary Provided Is True To The Best Of My Knowledge.","st_area(shape)":0.003138496676149142,"st_perimeter(shape)":0.29803618545681076}},{"type":"Feature","geometry":{"type":"Polygon","coordinates":[[[76.964,28.6943],[76.9938,28.6919],[76.9982,28.6967],[77.0001,28.7012],[77.0046,28.7228],[77.002,28.7291],[77.0076,28.7377],[77.013,28.735],[77.0377,28.7314],[77.0527,28.7266],[77.0489,28.7319],[77.0502,28.7432],[77.0348,28.7496],[77.0231,28.7515],[77.0164,28.7552],[77.0153,28.755],[77.0124,28.7463],[77.0085,28.7476],[77.0033,28.7463],[76.9947,28.751],[76.9933,28.7549],[76.9945,28.7583],[76.9929,28.7592],[76.9828,28.7616],[76.9828,28.7626],[76.9815,28.7627],[76.9814,28.761],[76.9678,28.7612],[76.9663,28.7639],[76.9562,28.7669],[76.9508,28.7625],[76.9451,28.7543],[76.9516,28.7503],[76.9595,28.7431],[76.9566,28.7383],[76.9605,28.7321],[76.9597,28.7278],[76.9488,28.713],[76.9683,28.6999],[76.964,28.6943]]]},"properties":{"objectid":292725,"statename":"Delhi","statecode":"7","districtname":"South Delhi","districtcode":"98","ulbname":"Municipal Corporation Of Delhi","ulbcode":"800441","wardname":"Kanjhawala(35N)","wardcode":"35","id":" ","remark":"I Hereby Declare That The Ward Boundary Provided Is True To The Best Of My Knowledge.","st_area(shape)":0.0038307156087571703,"st_perimeter(shape)":0.37175208351060224}},{"type":"Feature","geometry":{"type":"Polygon","coordinates":[[[77.0405,28.8316],[77.0208,28.839],[77.0234,28.8309],[77.0282,28.8229],[77.0469,28.8056],[77.0354,28.8001],[77.0351,28.7976],[77.0305,28.7974],[77.0288,28.7905],[77.0244,28.7864],[77.0236,28.783],[77.03,28.7809],[77.0444,28.7788],[77.0587,28.7786],[77.0627,28.7762],[77.0667,28.7763],[77.0763,28.7968],[77.077,28.8025],[77.074,28.8152],[77.0674,28.8228],[77.0602,28.8172],[77.0579,28.8193],[77.0553,28.8193],[77.053,28.8234],[77.0416,28.8283],[77.0405,28.8316]]]},"properties":{"objectid":292726,"statename":"Delhi","statecode":"7","districtname":"South Delhi","districtcode":"98","ulbname":"Municipal Corporation Of Delhi","ulbcode":"800441","wardname":"Bawana(30N)","wardcode":"30","id":" ","remark":"I Hereby Declare That The Ward Boundary Provided Is True To The Best Of My Knowledge.","st_area(shape)":0.001967491840395606,"st_perimeter(shape)":0.23710608825339127}},{"type":"Feature","geometry":{"type":"Polygon","coordinates":[[[77.1021,28.864],[77.1011,28.8655],[77.1042,28.8655],[77.1078,28.8681],[77.111,28.8682],[77.1097,28.8698],[77.0929,28.8716],[77.0872,28.8755],[77.0862,28.8813],[77.0828,28.883],[77.0782,28.877],[77.0797,28.8721],[77.0762,28.8688],[77.0907,28.8324],[77.0932,28.8333],[77.0924,28.8354],[77.1029,28.8385],[77.0978,28.8504],[77.0979,28.8575],[77.1042,28.8575],[77.1021,28.864]]]},"properties":{"objectid":292727,"statename":"Delhi","statecode":"7","districtname":"South Delhi","districtcode":"98","ulbname":"Municipal Corporation Of Delhi","ulbcode":"800441","wardname":"Narela(1N)\r\n","wardcode":"1","id":" ","remark":"I Hereby Declare That The Ward Boundary Provided Is True To The Best Of My Knowledge.","st_area(shape)":0.0007535455247886262,"st_perimeter(shape)":0.15618608676137816}},{"type":"Feature","geometry":{"type":"Polygon","coordinates":[[[77.0647,28.8205],[77.0789,28.8354],[77.0838,28.8354],[77.0837,28.8329],[77.0907,28.8324],[77.0762,28.8688],[77.0746,28.8671],[77.0721,28.8685],[77.0696,28.8668],[77.0614,28.8707],[77.054,28.8612],[77.0514,28.8544],[77.0455,28.8463],[77.0453,28.8406],[77.0424,28.8378],[77.0431,28.8344],[77.0405,28.8316],[77.0416,28.8283],[77.053,28.8234],[77.0553,28.8193],[77.0579,28.8193],[77.0602,28.8172],[77.0647,28.8205]]]},"properties":{"objectid":292728,"statename":"Delhi","statecode":"7","districtname":"South Delhi","districtcode":"98","ulbname":"Municipal Corporation Of Delhi","ulbcode":"800441","wardname":"Bankner(5N)","wardcode":"5","id":" ","remark":"I Hereby Declare That The Ward Boundary Provided Is True To The Best Of My Knowledge.","st_area(shape)":0.0015301738536125104,"st_perimeter(shape)":0.1733084557071967}},{"type":"Feature","geometry":{"type":"Polygon","coordinates":[[[77.2031,28.7552],[77.1983,28.7554],[77.1975,28.7525],[77.1878,28.7517],[77.191,28.7432],[77.1933,28.7445],[77.198,28.7445],[77.1979,28.7419],[77.2068,28.7416],[77.2066,28.7536],[77.2031,28.7552]]]},"properties":{"objectid":292729,"statename":"Delhi","statecode":"7","districtname":"South Delhi","districtcode":"98","ulbname":"Municipal Corporation Of Delhi","ulbcode":"800441","wardname":"Kamalpur (9N)","wardcode":"9","id":" ","remark":"I Hereby Declare That The Ward Boundary Provided Is True To The Best Of My Knowledge.","st_area(shape)":0.0001822936280000391,"st_perimeter(shape)":0.0649234542563444}},{"type":"Feature","geometry":{"type":"Polygon","coordinates":[[[77.2116,28.6795],[77.2026,28.6764],[77.2005,28.6713],[77.209,28.6668],[77.2121,28.6743],[77.2105,28.6759],[77.2114,28.6774],[77.2139,28.6772],[77.2151,28.6804],[77.2116,28.6795]]]},"properties":{"objectid":292730,"statename":"Delhi","statecode":"7","districtname":"South Delhi","districtcode":"98","ulbname":"Municipal Corporation Of Delhi","ulbcode":"800441","wardname":"Malka Ganj(13N)","wardcode":"13","id":" ","remark":"I Hereby Declare That The Ward Boundary Provided Is True To The Best Of My Knowledge.","st_area(shape)":9.108390949998926e-05,"st_perimeter(shape)":0.04870732262513034}},{"type":"Feature","geometry":{"type":"Polygon","coordinates":[[[77.2148,28.6805],[77.2165,28.6842],[77.2161,28.6861],[77.2209,28.6922],[77.2091,28.6972],[77.2148,28.7035],[77.2119,28.7059],[77.2094,28.7048],[77.2078,28.7064],[77.2047,28.7064],[77.2046,28.7072],[77.2078,28.7076],[77.2069,28.7103],[77.2045,28.7101],[77.2042,28.7137],[77.2007,28.7137],[77.2001,28.7073],[77.1955,28.7095],[77.1952,28.7023],[77.2047,28.6988],[77.2041,28.6949],[77.2028,28.6953],[77.2013,28.6911],[77.1982,28.6882],[77.1996,28.6868],[77.2017,28.6888],[77.204,28.6878],[77.203,28.6845],[77.2086,28.6801],[77.208,28.6782],[77.2148,28.6805]]]},"properties":{"objectid":292731,"statename":"Delhi","statecode":"7","districtname":"South Delhi","districtcode":"98","ulbname":"Municipal Corporation Of Delhi","ulbcode":"800441","wardname":"G.T.B. Nagar  (14N)","wardcode":"14","id":" ","remark":"I Hereby Declare That The Ward Boundary Provided Is True To The Best Of My Knowledge.","st_area(shape)":0.0004072187404995849,"st_perimeter(shape)":0.14011017422887959}},{"type":"Feature","geometry":{"type":"Polygon","coordinates":[[[77.2155,28.7185],[77.2157,28.7154],[77.204,28.7153],[77.2045,28.7101],[77.2069,28.7103],[77.2069,28.7083],[77.2078,28.7083],[77.2047,28.7064],[77.2078,28.7064],[77.2094,28.7048],[77.2119,28.7059],[77.2148,28.7035],[77.2186,28.7084],[77.2272,28.7094],[77.225,28.7184],[77.2224,28.7199],[77.2209,28.7168],[77.2186,28.7173],[77.2177,28.7189],[77.2155,28.7185]]]},"properties":{"objectid":292732,"statename":"Delhi","statecode":"7","districtname":"South Delhi","districtcode":"98","ulbname":"Municipal Corporation Of Delhi","ulbcode":"800441","wardname":"Mukherjee Nagar(15N)","wardcode":"15","id":" ","remark":"I Hereby Declare That The Ward Boundary Provided Is True To The Best Of My Knowledge.","st_area(shape)":0.0002118149115001042,"st_perimeter(shape)":0.08277132747115087}},{"type":"Feature","geometry":{"type":"Polygon","coordinates":[[[77.1691,28.7314],[77.1674,28.7337],[77.1721,28.736],[77.164,28.7378],[77.1572,28.7357],[77.1635,28.7278],[77.1691,28.7314]]]},"properties":{"objectid":292733,"statename":"Delhi","statecode":"7","districtname":"South Delhi","districtcode":"98","ulbname":"Municipal Corporation Of Delhi","ulbcode":"800441","wardname":"Bhalswa(22N)","wardcode":"22","id":" ","remark":"I Hereby Declare That The Ward Boundary Provided Is True To The Best Of My Knowledge.","st_area(shape)":7.810967399999825e-05,"st_perimeter(shape)":0.04250383151229666}},{"type":"Feature","geometry":{"type":"Polygon","coordinates":[[[77.1297,28.737],[77.1317,28.7392],[77.1285,28.7444],[77.1226,28.7439],[77.1195,28.746],[77.1148,28.7428],[77.1124,28.7394],[77.1244,28.731],[77.1297,28.737]]]},"properties":{"objectid":292734,"statename":"Delhi","statecode":"7","districtname":"South Delhi","districtcode":"98","ulbname":"Municipal Corporation Of Delhi","ulbcode":"800441","wardname":"Rohini-A(24N)","wardcode":"24","id":" ","remark":"I Hereby Declare That The Ward Boundary Provided Is True To The Best Of My Knowledge.","st_area(shape)":0.0001615059334998439,"st_perimeter(shape)":0.05575276802306489}},{"type":"Feature","geometry":{"type":"Polygon","coordinates":[[[77.1124,28.7394],[77.1057,28.7389],[77.102,28.7371],[77.0995,28.7332],[77.0989,28.7269],[77.1083,28.7206],[77.1037,28.7152],[77.1053,28.7141],[77.1031,28.7115],[77.1099,28.7068],[77.1271,28.7261],[77.1228,28.7292],[77.1244,28.731],[77.1124,28.7394]]]},"properties":{"objectid":292735,"statename":"Delhi","statecode":"7","districtname":"South Delhi","districtcode":"98","ulbname":"Municipal Corporation Of Delhi","ulbcode":"800441","wardname":"Rohini-B (25N)","wardcode":"25","id":" ","remark":"I Hereby Declare That The Ward Boundary Provided Is True To The Best Of My Knowledge.","st_area(shape)":0.0005207481929781396,"st_perimeter(shape)":0.10340408891680825}},{"type":"Feature","geometry":{"type":"Polygon","coordinates":[[[77.1009,28.7153],[77.1002,28.7183],[77.0947,28.7166],[77.0932,28.7146],[77.094,28.7111],[77.0884,28.7035],[77.0966,28.6986],[77.1015,28.7047],[77.0994,28.7062],[77.1032,28.7141],[77.1009,28.7153]]]},"properties":{"objectid":292736,"statename":"Delhi","statecode":"7","districtname":"South Delhi","districtcode":"98","ulbname":"Municipal Corporation Of Delhi","ulbcode":"800441","wardname":"Vijay Vihar(26N)","wardcode":"26","id":" ","remark":"I Hereby Declare That The Ward Boundary Provided Is True To The Best Of My Knowledge.","st_area(shape)":0.00015057129550008407,"st_perimeter(shape)":0.05810310834104679}},{"type":"Feature","geometry":{"type":"Polygon","coordinates":[[[77.082,28.7134],[77.0816,28.7157],[77.0769,28.7159],[77.0769,28.7142],[77.0806,28.7125],[77.0814,28.7093],[77.0884,28.7035],[77.094,28.7111],[77.0932,28.7146],[77.0947,28.7166],[77.0815,28.7125],[77.082,28.7134]]]},"properties":{"objectid":292737,"statename":"Delhi","statecode":"7","districtname":"South Delhi","districtcode":"98","ulbname":"Municipal Corporation Of Delhi","ulbcode":"800441","wardname":"Budh Vihar(27N)","wardcode":"27","id":" ","remark":"I Hereby Declare That The Ward Boundary Provided Is True To The Best Of My Knowledge.","st_area(shape)":0.00011241413099083717,"st_perimeter(shape)":0.05738442620428534}},{"type":"Feature","geometry":{"type":"Polygon","coordinates":[[[77.0821,28.7384],[77.0876,28.7345],[77.0811,28.7272],[77.0875,28.7228],[77.0884,28.7237],[77.0934,28.7231],[77.097,28.7203],[77.1007,28.7356],[77.1042,28.7384],[77.1089,28.7394],[77.1041,28.7421],[77.1042,28.7455],[77.0883,28.7482],[77.0821,28.7384]]]},"properties":{"objectid":292738,"statename":"Delhi","statecode":"7","districtname":"South Delhi","districtcode":"98","ulbname":"Municipal Corporation Of Delhi","ulbcode":"800441","wardname":"Rohini-C(32N)","wardcode":"32","id":" ","remark":"I Hereby Declare That The Ward Boundary Provided Is True To The Best Of My Knowledge.","st_area(shape)":0.0004091138358934947,"st_perimeter(shape)":0.10292948060482911}},{"type":"Feature","geometry":{"type":"Polygon","coordinates":[[[77.0496,28.7394],[77.0525,28.7394],[77.0524,28.7367],[77.0633,28.7366],[77.0622,28.7347],[77.0601,28.7342],[77.057,28.7253],[77.0684,28.7195],[77.0741,28.7259],[77.0821,28.7385],[77.0629,28.7473],[77.0629,28.7436],[77.0505,28.7438],[77.0496,28.7394]]]},"properties":{"objectid":292739,"statename":"Delhi","statecode":"7","districtname":"South Delhi","districtcode":"98","ulbname":"Municipal Corporation Of Delhi","ulbcode":"800441","wardname":"Begumpur (33N)","wardcode":"33","id":" ","remark":"I Hereby Declare That The Ward Boundary Provided Is True To The Best Of My Knowledge.","st_area(shape)":0.00044516711300022333,"st_perimeter(shape)":0.11178147948700623}},{"type":"Feature","geometry":{"type":"Polygon","coordinates":[[[77.0876,28.7228],[77.0811,28.7272],[77.0876,28.7345],[77.082,28.7384],[77.0741,28.7259],[77.0684,28.7195],[77.059,28.7246],[77.0536,28.718],[77.0751,28.7037],[77.088,28.7033],[77.0813,28.7094],[77.0804,28.7127],[77.0769,28.7142],[77.0769,28.7159],[77.078,28.7212],[77.0831,28.7177],[77.0876,28.7228]]]},"properties":{"objectid":292740,"statename":"Delhi","statecode":"7","districtname":"South Delhi","districtcode":"98","ulbname":"Municipal Corporation Of Delhi","ulbcode":"800441","wardname":"Rohini-D(34N)","wardcode":"34","id":" ","remark":"I Hereby Declare That The Ward Boundary Provided Is True To The Best Of My Knowledge.","st_area(shape)":0.00048813707682595557,"st_perimeter(shape)":0.14401725215301475}},{"type":"Feature","geometry":{"type":"Polygon","coordinates":[[[77.0567,28.6699],[77.0612,28.6747],[77.0587,28.6762],[77.0621,28.6777],[77.0632,28.677],[77.0674,28.6815],[77.0639,28.6822],[77.0625,28.6854],[77.0673,28.6856],[77.067,28.688],[77.0622,28.6876],[77.0625,28.6861],[77.058,28.6864],[77.0566,28.6843],[77.057,28.6819],[77.0524,28.6814],[77.0516,28.6788],[77.0567,28.6765],[77.0567,28.6699]]]},"properties":{"objectid":292741,"statename":"Delhi","statecode":"7","districtname":"South Delhi","districtcode":"98","ulbname":"Municipal Corporation Of Delhi","ulbcode":"800441","wardname":"Nangloi(37 N)","wardcode":"37","id":" ","remark":"I Hereby Declare That The Ward Boundary Provided Is True To The Best Of My Knowledge.","st_area(shape)":0.00011687108485189416,"st_perimeter(shape)":0.07817135229536513}},{"type":"Feature","geometry":{"type":"Polygon","coordinates":[[[77.0585,28.7002],[77.0596,28.6993],[77.0642,28.7052],[77.0717,28.7017],[77.071,28.7038],[77.0723,28.7052],[77.0612,28.7129],[77.0576,28.7089],[77.0574,28.7052],[77.0554,28.7026],[77.0585,28.7002]]]},"properties":{"objectid":292742,"statename":"Delhi","statecode":"7","districtname":"South Delhi","districtcode":"98","ulbname":"Municipal Corporation Of Delhi","ulbcode":"800441","wardname":"Aman Vihar(41N)","wardcode":"41","id":" ","remark":"I Hereby Declare That The Ward Boundary Provided Is True To The Best Of My Knowledge.","st_area(shape)":0.0001026512804999469,"st_perimeter(shape)":0.052689518169867444}},{"type":"Feature","geometry":{"type":"Polygon","coordinates":[[[77.0475,28.6945],[77.0455,28.6928],[77.047,28.6874],[77.0514,28.687],[77.0602,28.6945],[77.0529,28.6991],[77.0475,28.6945]]]},"properties":{"objectid":292743,"statename":"Delhi","statecode":"7","districtname":"South Delhi","districtcode":"98","ulbname":"Municipal Corporation Of Delhi","ulbcode":"800441","wardname":"Prem Nagar(43N)","wardcode":"43","id":" ","remark":"I Hereby Declare That The Ward Boundary Provided Is True To The Best Of My Knowledge.","st_area(shape)":0.00010105888299991919,"st_perimeter(shape)":0.04045552041299293}},{"type":"Feature","geometry":{"type":"Polygon","coordinates":[[[77.0749,28.7007],[77.0819,28.6972],[77.088,28.7033],[77.0751,28.7037],[77.0723,28.7052],[77.071,28.7038],[77.0717,28.7017],[77.0749,28.7007]]]},"properties":{"objectid":292744,"statename":"Delhi","statecode":"7","districtname":"South Delhi","districtcode":"98","ulbname":"Municipal Corporation Of Delhi","ulbcode":"800441","wardname":"Sultanpuri-A(45 N)","wardcode":"45","id":" ","remark":"I Hereby Declare That The Ward Boundary Provided Is True To The Best Of My Knowledge.","st_area(shape)":6.328984300019752e-05,"st_perimeter(shape)":0.04198098092347059}},{"type":"Feature","geometry":{"type":"Polygon","coordinates":[[[77.0831,28.6981],[77.0845,28.6968],[77.0916,28.6966],[77.0929,28.7006],[77.0883,28.7035],[77.0831,28.6981]]]},"properties":{"objectid":292745,"statename":"Delhi","statecode":"7","districtname":"South Delhi","districtcode":"98","ulbname":"Municipal Corporation Of Delhi","ulbcode":"800441","wardname":"Mangolpuri-D(46 N)","wardcode":"46","id":" ","remark":"I Hereby Declare That The Ward Boundary Provided Is True To The Best Of My Knowledge.","st_area(shape)":4.1116985628956046e-05,"st_perimeter(shape)":0.02670752226690053}},{"type":"Feature","geometry":{"type":"Polygon","coordinates":[[[77.0697,28.6855],[77.0768,28.6849],[77.0768,28.6867],[77.0798,28.689],[77.0781,28.6891],[77.0777,28.6924],[77.0794,28.6965],[77.0818,28.6974],[77.0723,28.7015],[77.071,28.6967],[77.0737,28.6958],[77.0697,28.6855]]]},"properties":{"objectid":292746,"statename":"Delhi","statecode":"7","districtname":"South Delhi","districtcode":"98","ulbname":"Municipal Corporation Of Delhi","ulbcode":"800441","wardname":"Sultanpuri-B(47N)","wardcode":"47","id":" ","remark":"I Hereby Declare That The Ward Boundary Provided Is True To The Best Of My Knowledge.","st_area(shape)":0.00010869275900003866,"st_perimeter(shape)":0.057268196193517105}},{"type":"Feature","geometry":{"type":"Polygon","coordinates":[[[77.0781,28.6662],[77.0807,28.6562],[77.089,28.6547],[77.0912,28.6589],[77.0953,28.6833],[77.0766,28.6849],[77.0762,28.6815],[77.0849,28.6805],[77.0839,28.674],[77.0803,28.6741],[77.0805,28.6756],[77.0765,28.6761],[77.0781,28.6662]]]},"properties":{"objectid":292747,"statename":"Delhi","statecode":"7","districtname":"South Delhi","districtcode":"98","ulbname":"Municipal Corporation Of Delhi","ulbcode":"800441","wardname":"Peera Garhi(50 N)","wardcode":"50","id":" ","remark":"I Hereby Declare That The Ward Boundary Provided Is True To The Best Of My Knowledge.","st_area(shape)":0.00038040237450004177,"st_perimeter(shape)":0.10536148461438968}},{"type":"Feature","geometry":{"type":"Polygon","coordinates":[[[77.106,28.6968],[77.1076,28.6966],[77.1082,28.6951],[77.1188,28.698],[77.1179,28.7013],[77.1022,28.7121],[77.0994,28.7062],[77.1015,28.7047],[77.0966,28.6986],[77.0984,28.6975],[77.0991,28.6985],[77.1032,28.6985],[77.106,28.6968]]]},"properties":{"objectid":292748,"statename":"Delhi","statecode":"7","districtname":"South Delhi","districtcode":"98","ulbname":"Municipal Corporation Of Delhi","ulbcode":"800441","wardname":"Rohini-E(53 N)","wardcode":"53","id":" ","remark":"I Hereby Declare That The Ward Boundary Provided Is True To The Best Of My Knowledge.","st_area(shape)":0.00018999298349976746,"st_perimeter(shape)":0.06606059280930772}},{"type":"Feature","geometry":{"type":"Polygon","coordinates":[[[77.0953,28.6833],[77.0974,28.691],[77.1082,28.6951],[77.1076,28.6966],[77.1032,28.6985],[77.0991,28.6985],[77.0984,28.6975],[77.0929,28.7006],[77.0916,28.6966],[77.0955,28.6965],[77.0954,28.693],[77.0917,28.6931],[77.0915,28.6836],[77.0953,28.6833]]]},"properties":{"objectid":292749,"statename":"Delhi","statecode":"7","districtname":"South Delhi","districtcode":"98","ulbname":"Municipal Corporation Of Delhi","ulbcode":"800441","wardname":"Mangolpuri-A(54N)","wardcode":"54","id":" ","remark":"I Hereby Declare That The Ward Boundary Provided Is True To The Best Of My Knowledge.","st_area(shape)":0.00011572730250006395,"st_perimeter(shape)":0.06888280306938759}},{"type":"Feature","geometry":{"type":"Polygon","coordinates":[[[77.0819,28.6972],[77.0794,28.6965],[77.0777,28.6924],[77.0781,28.6891],[77.0798,28.689],[77.0768,28.6867],[77.0768,28.6849],[77.0915,28.6836],[77.0917,28.6924],[77.0819,28.6926],[77.0819,28.6972]]]},"properties":{"objectid":292750,"statename":"Delhi","statecode":"7","districtname":"South Delhi","districtcode":"98","ulbname":"Municipal Corporation Of Delhi","ulbcode":"800441","wardname":"Mangolpuri-B(55N)","wardcode":"55","id":" ","remark":" ","st_area(shape)":0.00012685753149997776,"st_perimeter(shape)":0.05683544101293373}},{"type":"Feature","geometry":{"type":"Polygon","coordinates":[[[77.0819,28.6972],[77.0819,28.6926],[77.0954,28.693],[77.0955,28.6965],[77.0845,28.6968],[77.083,28.698],[77.0819,28.6972]]]},"properties":{"objectid":292751,"statename":"Delhi","statecode":"7","districtname":"South Delhi","districtcode":"98","ulbname":"Municipal Corporation Of Delhi","ulbcode":"800441","wardname":"Mangolpuri-C(56N)","wardcode":"56","id":" ","remark":" ","st_area(shape)":5.584545599982254e-05,"st_perimeter(shape)":0.03721310843599261}},{"type":"Feature","geometry":{"type":"Polygon","coordinates":[[[77.1297,28.737],[77.1244,28.731],[77.1301,28.7271],[77.1375,28.7303],[77.1416,28.7239],[77.1458,28.7282],[77.1405,28.7309],[77.1387,28.734],[77.1436,28.7395],[77.1268,28.7577],[77.1191,28.7531],[77.1285,28.7444],[77.1317,28.7392],[77.1297,28.737]]]},"properties":{"objectid":292752,"statename":"Delhi","statecode":"7","districtname":"South Delhi","districtcode":"98","ulbname":"Municipal Corporation Of Delhi","ulbcode":"800441","wardname":"Rohini-F (57N)","wardcode":"57","id":" ","remark":"I Hereby Declare That The Ward Boundary Provided Is True To The Best Of My Knowledge.","st_area(shape)":0.0003444376979999719,"st_perimeter(shape)":0.11153329018326212}},{"type":"Feature","geometry":{"type":"Polygon","coordinates":[[[77.1248,28.7085],[77.1311,28.7039],[77.1381,28.7123],[77.1416,28.7239],[77.1375,28.7303],[77.13,28.7272],[77.1282,28.7253],[77.1299,28.7242],[77.1256,28.7194],[77.131,28.7156],[77.1248,28.7085]]]},"properties":{"objectid":292753,"statename":"Delhi","statecode":"7","districtname":"South Delhi","districtcode":"98","ulbname":"Municipal Corporation Of Delhi","ulbcode":"800441","wardname":"Rohini-G (58N)","wardcode":"58","id":" ","remark":"I Hereby Declare That The Ward Boundary Provided Is True To The Best Of My Knowledge.","st_area(shape)":0.00024643641949999366,"st_perimeter(shape)":0.07443281179829912}},{"type":"Feature","geometry":{"type":"Polygon","coordinates":[[[77.1481,28.7078],[77.1503,28.7096],[77.1457,28.7172],[77.1483,28.7173],[77.1508,28.7217],[77.1522,28.7203],[77.1534,28.7221],[77.1529,28.724],[77.1559,28.7262],[77.1509,28.7316],[77.1422,28.7249],[77.1372,28.711],[77.1451,28.7047],[77.1481,28.7078]]]},"properties":{"objectid":292754,"statename":"Delhi","statecode":"7","districtname":"South Delhi","districtcode":"98","ulbname":"Municipal Corporation Of Delhi","ulbcode":"800441","wardname":"Haiderpur (61N)","wardcode":"61","id":" ","remark":"I Hereby Declare That The Ward Boundary Provided Is True To The Best Of My Knowledge.","st_area(shape)":0.00023024175649993895,"st_perimeter(shape)":0.08122613425347144}},{"type":"Feature","geometry":{"type":"Polygon","coordinates":[[[77.1622,28.7172],[77.1651,28.7164],[77.1559,28.7262],[77.1529,28.724],[77.1534,28.7221],[77.1522,28.7203],[77.1508,28.7217],[77.1483,28.7173],[77.1457,28.7172],[77.1506,28.7093],[77.1579,28.7139],[77.1603,28.7107],[77.1615,28.7113],[77.1604,28.712],[77.1606,28.7135],[77.1624,28.7141],[77.1622,28.7172]]]},"properties":{"objectid":292755,"statename":"Delhi","statecode":"7","districtname":"South Delhi","districtcode":"98","ulbname":"Municipal Corporation Of Delhi","ulbcode":"800441","wardname":"Shalimar Bagh -North (62N)","wardcode":"62","id":" ","remark":"I Hereby Declare That The Ward Boundary Provided Is True To The Best Of My Knowledge.","st_area(shape)":0.00015781458349996096,"st_perimeter(shape)":0.07230567888010873}},{"type":"Feature","geometry":{"type":"Polygon","coordinates":[[[77.1563,28.7004],[77.157,28.6991],[77.1701,28.704],[77.1735,28.7072],[77.1628,28.7177],[77.1619,28.7166],[77.1624,28.7141],[77.1606,28.7135],[77.1615,28.7113],[77.1603,28.7107],[77.1579,28.7139],[77.1506,28.7093],[77.1563,28.7004]]]},"properties":{"objectid":292756,"statename":"Delhi","statecode":"7","districtname":"South Delhi","districtcode":"98","ulbname":"Municipal Corporation Of Delhi","ulbcode":"800441","wardname":"Shalimar Bagh -South (63N)","wardcode":"63","id":" ","remark":"I Hereby Declare That The Ward Boundary Provided Is True To The Best Of My Knowledge.","st_area(shape)":0.0002203342189997115,"st_perimeter(shape)":0.07200543077513746}},{"type":"Feature","geometry":{"type":"Polygon","coordinates":[[[77.1344,28.6906],[77.1306,28.6919],[77.1205,28.6904],[77.1213,28.6868],[77.1159,28.6877],[77.115,28.6865],[77.1149,28.6851],[77.1181,28.6834],[77.1162,28.6836],[77.114,28.6817],[77.1015,28.6828],[77.1013,28.6787],[77.1401,28.6738],[77.1417,28.6789],[77.1326,28.6801],[77.133,28.6836],[77.1305,28.6838],[77.133,28.6877],[77.1354,28.687],[77.1355,28.6902],[77.1344,28.6906]]]},"properties":{"objectid":292757,"statename":"Delhi","statecode":"7","districtname":"South Delhi","districtcode":"98","ulbname":"Municipal Corporation Of Delhi","ulbcode":"800441","wardname":"Rani Bagh (66N)","wardcode":"66","id":" ","remark":"I Hereby Declare That The Ward Boundary Provided Is True To The Best Of My Knowledge.","st_area(shape)":0.00035691675563157753,"st_perimeter(shape)":0.12510194586388018}},{"type":"Feature","geometry":{"type":"Polygon","coordinates":[[[77.1164,28.6619],[77.1153,28.665],[77.1119,28.6654],[77.1139,28.6771],[77.1049,28.6782],[77.102,28.6686],[77.0929,28.6692],[77.0912,28.6589],[77.089,28.6547],[77.0936,28.6561],[77.0993,28.6607],[77.1106,28.6606],[77.1164,28.6619]]]},"properties":{"objectid":292758,"statename":"Delhi","statecode":"7","districtname":"South Delhi","districtcode":"98","ulbname":"Municipal Corporation Of Delhi","ulbcode":"800441","wardname":"Paschim Vihar (67N)","wardcode":"67","id":" ","remark":"I Hereby Declare That The Ward Boundary Provided Is True To The Best Of My Knowledge.","st_area(shape)":0.0002905126774537781,"st_perimeter(shape)":0.09326632897920216}},{"type":"Feature","geometry":{"type":"Polygon","coordinates":[[[77.1437,28.6856],[77.1464,28.6833],[77.1518,28.6869],[77.154,28.6929],[77.1467,28.6953],[77.1446,28.6889],[77.1425,28.6893],[77.1426,28.6857],[77.1437,28.6856]]]},"properties":{"objectid":292759,"statename":"Delhi","statecode":"7","districtname":"South Delhi","districtcode":"98","ulbname":"Municipal Corporation Of Delhi","ulbcode":"800441","wardname":"Shakur Pur (69N)","wardcode":"69","id":" ","remark":"I Hereby Declare That The Ward Boundary Provided Is True To The Best Of My Knowledge.","st_area(shape)":8.035946949999106e-05,"st_perimeter(shape)":0.038108184287466866}},{"type":"Feature","geometry":{"type":"Polygon","coordinates":[[[77.1401,28.6738],[77.1575,28.6712],[77.1593,28.6721],[77.1549,28.6739],[77.1545,28.69],[77.1532,28.6903],[77.1522,28.6873],[77.1464,28.6833],[77.1428,28.6857],[77.1369,28.6834],[77.1329,28.6836],[77.1326,28.6801],[77.1417,28.6789],[77.1401,28.6738]]]},"properties":{"objectid":292760,"statename":"Delhi","statecode":"7","districtname":"South Delhi","districtcode":"98","ulbname":"Municipal Corporation Of Delhi","ulbcode":"800441","wardname":"Ram Pura (70N)","wardcode":"70","id":" ","remark":"I Hereby Declare That The Ward Boundary Provided Is True To The Best Of My Knowledge.","st_area(shape)":0.00022405453249993635,"st_perimeter(shape)":0.08563050692015162}},{"type":"Feature","geometry":{"type":"Polygon","coordinates":[[[77.1641,28.6836],[77.1605,28.6819],[77.1605,28.6801],[77.1592,28.6793],[77.1547,28.6815],[77.1549,28.6739],[77.1593,28.6721],[77.1682,28.676],[77.1641,28.6836]]]},"properties":{"objectid":292761,"statename":"Delhi","statecode":"7","districtname":"South Delhi","districtcode":"98","ulbname":"Municipal Corporation Of Delhi","ulbcode":"800441","wardname":"Tri Nagar (71N)","wardcode":"71","id":" ","remark":"I Hereby Declare That The Ward Boundary Provided Is True To The Best Of My Knowledge.","st_area(shape)":9.734502950009781e-05,"st_perimeter(shape)":0.045018622979871525}},{"type":"Feature","geometry":{"type":"Polygon","coordinates":[[[77.157,28.6991],[77.1634,28.6862],[77.1661,28.6867],[77.1688,28.6877],[77.1675,28.6903],[77.1718,28.6925],[77.1729,28.6915],[77.1744,28.6924],[77.1692,28.6978],[77.1747,28.7001],[77.1755,28.705],[77.1735,28.7072],[77.1711,28.7044],[77.157,28.6991]]]},"properties":{"objectid":292762,"statename":"Delhi","statecode":"7","districtname":"South Delhi","districtcode":"98","ulbname":"Municipal Corporation Of Delhi","ulbcode":"800441","wardname":"Wazir Pur (72N)","wardcode":"72","id":" ","remark":"I Hereby Declare That The Ward Boundary Provided Is True To The Best Of My Knowledge.","st_area(shape)":0.00019370104100012588,"st_perimeter(shape)":0.07300408954612563}},{"type":"Feature","geometry":{"type":"Polygon","coordinates":[[[77.1831,28.6957],[77.1755,28.705],[77.1747,28.7001],[77.1692,28.6978],[77.1765,28.691],[77.1745,28.6881],[77.1762,28.6874],[77.1735,28.6834],[77.1784,28.6806],[77.1835,28.6801],[77.1898,28.6821],[77.1831,28.6957]]]},"properties":{"objectid":292763,"statename":"Delhi","statecode":"7","districtname":"South Delhi","districtcode":"98","ulbname":"Municipal Corporation Of Delhi","ulbcode":"800441","wardname":"Sawan Park (73N)","wardcode":"73","id":" ","remark":"I Hereby Declare That The Ward Boundary Provided Is True To The Best Of My Knowledge.","st_area(shape)":0.00023600796499985896,"st_perimeter(shape)":0.07696140765629417}},{"type":"Feature","geometry":{"type":"Polygon","coordinates":[[[77.1682,28.676],[77.1835,28.6801],[77.1784,28.6806],[77.1735,28.6834],[77.1762,28.6874],[77.1745,28.6881],[77.1644,28.6838],[77.1682,28.676]]]},"properties":{"objectid":292764,"statename":"Delhi","statecode":"7","districtname":"South Delhi","districtcode":"98","ulbname":"Municipal Corporation Of Delhi","ulbcode":"800441","wardname":"Nimri Colony (74N)","wardcode":"74","id":" ","remark":"I Hereby Declare That The Ward Boundary Provided Is True To The Best Of My Knowledge.","st_area(shape)":9.804153299997661e-05,"st_perimeter(shape)":0.05409579820022991}},{"type":"Feature","geometry":{"type":"Polygon","coordinates":[[[77.1745,28.6881],[77.1765,28.691],[77.1718,28.6925],[77.1675,28.6903],[77.1688,28.6877],[77.1634,28.6862],[77.157,28.6991],[77.1532,28.6903],[77.1545,28.69],[77.1547,28.6815],[77.1592,28.6793],[77.1605,28.6801],[77.1605,28.6819],[77.1745,28.6881]]]},"properties":{"objectid":292765,"statename":"Delhi","statecode":"7","districtname":"South Delhi","districtcode":"98","ulbname":"Municipal Corporation Of Delhi","ulbcode":"800441","wardname":"Ashok Vihar (75N)","wardcode":"75","id":" ","remark":"I Hereby Declare That The Ward Boundary Provided Is True To The Best Of My Knowledge.","st_area(shape)":0.0001684952064999797,"st_perimeter(shape)":0.08342123562796398}},{"type":"Feature","geometry":{"type":"MultiPolygon","coordinates":[[[[77.1834,28.6699],[77.1875,28.6737],[77.1828,28.6799],[77.1682,28.676],[77.17,28.673],[77.1834,28.6699]]],[[[77.1933,28.6711],[77.1937,28.674],[77.189,28.6756],[77.1875,28.6736],[77.1874,28.6712],[77.1914,28.6692],[77.1924,28.6689],[77.1933,28.6711]]]]},"properties":{"objectid":292766,"statename":"Delhi","statecode":"7","districtname":"South Delhi","districtcode":"98","ulbname":"Municipal Corporation Of Delhi","ulbcode":"800441","wardname":"Shastri Nagar (79N)","wardcode":"79","id":" ","remark":"I Hereby Declare That The Ward Boundary Provided Is True To The Best Of My Knowledge.","st_area(shape)":0.00014626803449988831,"st_perimeter(shape)":0.06834388428267538}},{"type":"Feature","geometry":{"type":"Polygon","coordinates":[[[77.2345,28.6538],[77.2366,28.6533],[77.2391,28.6499],[77.2448,28.6512],[77.2628,28.6515],[77.2612,28.6552],[77.2552,28.66],[77.2399,28.664],[77.2358,28.6687],[77.2351,28.6712],[77.2271,28.6688],[77.2296,28.6663],[77.2217,28.6648],[77.2212,28.6626],[77.2156,28.6638],[77.2172,28.6577],[77.2275,28.6565],[77.2295,28.6518],[77.2318,28.6525],[77.2329,28.6548],[77.2345,28.6538]]]},"properties":{"objectid":292767,"statename":"Delhi","statecode":"7","districtname":"South Delhi","districtcode":"98","ulbname":"Municipal Corporation Of Delhi","ulbcode":"800441","wardname":"Chandni Chowk (84N)","wardcode":"84","id":" ","remark":"I Hereby Declare That The Ward Boundary Provided Is True To The Best Of My Knowledge.","st_area(shape)":0.0004850084085900421,"st_perimeter(shape)":0.12912422687181377}},{"type":"Feature","geometry":{"type":"Polygon","coordinates":[[[77.2389,28.643],[77.2405,28.6426],[77.2402,28.6484],[77.2366,28.6533],[77.2338,28.6536],[77.2329,28.6548],[77.2304,28.6505],[77.2335,28.6498],[77.2341,28.6467],[77.2389,28.643]]]},"properties":{"objectid":292768,"statename":"Delhi","statecode":"7","districtname":"South Delhi","districtcode":"98","ulbname":"Municipal Corporation Of Delhi","ulbcode":"800441","wardname":"Jama Masjid (85N)","wardcode":"85","id":" ","remark":"I Hereby Declare That The Ward Boundary Provided Is True To The Best Of My Knowledge.","st_area(shape)":5.8064236483321286e-05,"st_perimeter(shape)":0.038348312156821614}},{"type":"Feature","geometry":{"type":"Polygon","coordinates":[[[77.2315,28.645],[77.2244,28.6515],[77.2213,28.6502],[77.2236,28.6452],[77.2248,28.6458],[77.2324,28.6422],[77.2315,28.645]]]},"properties":{"objectid":292769,"statename":"Delhi","statecode":"7","districtname":"South Delhi","districtcode":"98","ulbname":"Municipal Corporation Of Delhi","ulbcode":"800441","wardname":"Ajmeri Gate (86N)","wardcode":"86","id":" ","remark":"I Hereby Declare That The Ward Boundary Provided Is True To The Best Of My Knowledge.","st_area(shape)":4.23761690000184e-05,"st_perimeter(shape)":0.034778678689903836}},{"type":"Feature","geometry":{"type":"Polygon","coordinates":[[[77.2267,28.6492],[77.2312,28.6457],[77.2326,28.6421],[77.2355,28.643],[77.2363,28.6449],[77.2324,28.6506],[77.2267,28.6492]]]},"properties":{"objectid":292770,"statename":"Delhi","statecode":"7","districtname":"South Delhi","districtcode":"98","ulbname":"Municipal Corporation Of Delhi","ulbcode":"800441","wardname":"Bazar Sita Ram (87N)","wardcode":"87","id":" ","remark":"I Hereby Declare That The Ward Boundary Provided Is True To The Best Of My Knowledge.","st_area(shape)":3.628803500004815e-05,"st_perimeter(shape)":0.03008607833839573}},{"type":"Feature","geometry":{"type":"Polygon","coordinates":[[[77.2043,28.6611],[77.2031,28.6589],[77.2051,28.6508],[77.2072,28.6522],[77.2101,28.6503],[77.2111,28.6537],[77.2168,28.6542],[77.2167,28.6577],[77.2127,28.6585],[77.2117,28.6571],[77.208,28.6588],[77.2085,28.6598],[77.2043,28.6611]]]},"properties":{"objectid":292771,"statename":"Delhi","statecode":"7","districtname":"South Delhi","districtcode":"98","ulbname":"Municipal Corporation Of Delhi","ulbcode":"800441","wardname":"Quresh Nagar (89N)","wardcode":"89","id":" ","remark":"I Hereby Declare That The Ward Boundary Provided Is True To The Best Of My Knowledge.","st_area(shape)":7.815743549995876e-05,"st_perimeter(shape)":0.047101075453367884}},{"type":"Feature","geometry":{"type":"Polygon","coordinates":[[[77.2101,28.6503],[77.2101,28.6473],[77.218,28.6456],[77.2186,28.6444],[77.2168,28.6542],[77.2111,28.6537],[77.2101,28.6503]]]},"properties":{"objectid":292772,"statename":"Delhi","statecode":"7","districtname":"South Delhi","districtcode":"98","ulbname":"Municipal Corporation Of Delhi","ulbcode":"800441","wardname":"Ram Nagar (91N)","wardcode":"91","id":" ","remark":"I Hereby Declare That The Ward Boundary Provided Is True To The Best Of My Knowledge.","st_area(shape)":5.783810949990554e-05,"st_perimeter(shape)":0.03306644277436788}},{"type":"Feature","geometry":{"type":"Polygon","coordinates":[[[77.2101,28.6473],[77.2089,28.6518],[77.2065,28.6522],[77.2051,28.6508],[77.203,28.6591],[77.2054,28.6625],[77.1915,28.6614],[77.1808,28.6644],[77.1806,28.6635],[77.184,28.6615],[77.1825,28.6584],[77.2027,28.6473],[77.2097,28.6458],[77.2101,28.6473]]]},"properties":{"objectid":292773,"statename":"Delhi","statecode":"7","districtname":"South Delhi","districtcode":"98","ulbname":"Municipal Corporation Of Delhi","ulbcode":"800441","wardname":"Karol Bagh (92N)","wardcode":"92","id":" ","remark":"I Hereby Declare That The Ward Boundary Provided Is True To The Best Of My Knowledge.","st_area(shape)":0.0002424872119999631,"st_perimeter(shape)":0.08894762771907049}},{"type":"Feature","geometry":{"type":"Polygon","coordinates":[[[77.1841,28.6496],[77.187,28.648],[77.1888,28.6505],[77.1865,28.6518],[77.1888,28.6549],[77.1825,28.6584],[77.1786,28.6547],[77.1732,28.6531],[77.1741,28.65],[77.1761,28.6489],[77.1774,28.6489],[77.1783,28.6506],[77.1826,28.6486],[77.1841,28.6496]]]},"properties":{"objectid":292774,"statename":"Delhi","statecode":"7","districtname":"South Delhi","districtcode":"98","ulbname":"Municipal Corporation Of Delhi","ulbcode":"800441","wardname":"Dev Nagar (94N)","wardcode":"94","id":" ","remark":"I Hereby Declare That The Ward Boundary Provided Is True To The Best Of My Knowledge.","st_area(shape)":8.969023850003815e-05,"st_perimeter(shape)":0.049342752996117824}},{"type":"Feature","geometry":{"type":"Polygon","coordinates":[[[77.1305,28.6616],[77.1325,28.6592],[77.1319,28.6579],[77.1335,28.6586],[77.1338,28.6604],[77.1378,28.6584],[77.1344,28.6535],[77.1422,28.6476],[77.1399,28.6459],[77.1422,28.6434],[77.1524,28.6551],[77.1428,28.6608],[77.138,28.6673],[77.1305,28.6616]]]},"properties":{"objectid":292775,"statename":"Delhi","statecode":"7","districtname":"South Delhi","districtcode":"98","ulbname":"Municipal Corporation Of Delhi","ulbcode":"800441","wardname":"Moti Nagar (100N)","wardcode":"100","id":" ","remark":"I Hereby Declare That The Ward Boundary Provided Is True To The Best Of My Knowledge.","st_area(shape)":0.00021433676069634747,"st_perimeter(shape)":0.08133349174439992}},{"type":"Feature","geometry":{"type":"Polygon","coordinates":[[[77.1251,28.6502],[77.1323,28.6315],[77.1422,28.6434],[77.1399,28.6459],[77.1422,28.6476],[77.1345,28.6535],[77.1251,28.6502]]]},"properties":{"objectid":292776,"statename":"Delhi","statecode":"7","districtname":"South Delhi","districtcode":"98","ulbname":"Municipal Corporation Of Delhi","ulbcode":"800441","wardname":"Ramesh Nagar (101N)","wardcode":"101","id":" ","remark":"I Hereby Declare That The Ward Boundary Provided Is True To The Best Of My Knowledge.","st_area(shape)":0.000206446720868712,"st_perimeter(shape)":0.06368978990536249}},{"type":"Feature","geometry":{"type":"Polygon","coordinates":[[[77.3074,28.6128],[77.2931,28.614],[77.2966,28.61],[77.2951,28.6094],[77.2966,28.6052],[77.3025,28.6033],[77.3086,28.6051],[77.3069,28.6092],[77.3087,28.61],[77.3074,28.6128]]]},"properties":{"objectid":292777,"statename":"Delhi","statecode":"7","districtname":"South Delhi","districtcode":"98","ulbname":"Municipal Corporation Of Delhi","ulbcode":"800441","wardname":"Mayur Vihar Ph-I, (01E)","wardcode":"209","id":" ","remark":"\t I Hereby Declare That The Ward Boundary Provided Is True To The Best Of My Knowledge.","st_area(shape)":0.00011050329313579545,"st_perimeter(shape)":0.04848413372262514}},{"type":"Feature","geometry":{"type":"Polygon","coordinates":[[[77.1099,28.6054],[77.1222,28.6198],[77.1177,28.6226],[77.1236,28.6298],[77.1222,28.6308],[77.1115,28.6319],[77.1112,28.618],[77.1038,28.6112],[77.1027,28.6118],[77.1021,28.61],[77.0989,28.6107],[77.099,28.6093],[77.1099,28.6054]]]},"properties":{"objectid":292778,"statename":"Delhi","statecode":"7","districtname":"South Delhi","districtcode":"98","ulbname":"Municipal Corporation Of Delhi","ulbcode":"800441","wardname":"Nangal Raya (10S)","wardcode":"114","id":" ","remark":"Ok","st_area(shape)":0.0002484339572100919,"st_perimeter(shape)":0.09040675666968576}},{"type":"Feature","geometry":{"type":"Polygon","coordinates":[[[77.0623,28.6346],[77.0686,28.6261],[77.0919,28.6351],[77.0828,28.6415],[77.0809,28.6336],[77.0783,28.6338],[77.0785,28.636],[77.0769,28.6361],[77.0765,28.633],[77.0739,28.6315],[77.0661,28.6328],[77.0654,28.6354],[77.0623,28.6346]]]},"properties":{"objectid":292779,"statename":"Delhi","statecode":"7","districtname":"South Delhi","districtcode":"98","ulbname":"Municipal Corporation Of Delhi","ulbcode":"800441","wardname":"Mahavir Nagar (14S)","wardcode":"118","id":" ","remark":"Ok","st_area(shape)":0.00014183598710390086,"st_perimeter(shape)":0.08317424832886296}},{"type":"Feature","geometry":{"type":"Polygon","coordinates":[[[77.1078,28.6416],[77.1047,28.6403],[77.1038,28.6416],[77.0982,28.6405],[77.0918,28.6442],[77.0901,28.6461],[77.0912,28.6519],[77.0871,28.652],[77.0852,28.649],[77.0846,28.646],[77.0895,28.6425],[77.087,28.6389],[77.0919,28.6351],[77.0963,28.6368],[77.0979,28.6344],[77.1049,28.6345],[77.1058,28.6374],[77.1077,28.6375],[77.1078,28.6416]]]},"properties":{"objectid":292780,"statename":"Delhi","statecode":"7","districtname":"South Delhi","districtcode":"98","ulbname":"Municipal Corporation Of Delhi","ulbcode":"800441","wardname":"Tilak Nagar (13S)","wardcode":"117","id":" ","remark":"Ok","st_area(shape)":0.00016717249606122554,"st_perimeter(shape)":0.07823133094371676}},{"type":"Feature","geometry":{"type":"Polygon","coordinates":[[[77.2118,28.541],[77.2091,28.5432],[77.2109,28.5512],[77.221,28.5612],[77.2201,28.5616],[77.222,28.5647],[77.2212,28.5656],[77.2198,28.5643],[77.2153,28.5667],[77.2091,28.5604],[77.2074,28.5617],[77.206,28.555],[77.1974,28.536],[77.2043,28.5348],[77.2051,28.5328],[77.206,28.5331],[77.212,28.5389],[77.2118,28.541]]]},"properties":{"objectid":292781,"statename":"Delhi","statecode":"7","districtname":"South Delhi","districtcode":"98","ulbname":"Municipal Corporation Of Delhi","ulbcode":"800441","wardname":"Hauz Khas (62S)","wardcode":"166","id":" ","remark":"Ok","st_area(shape)":0.0002878376502621495,"st_perimeter(shape)":0.10097919461855488}},{"type":"Feature","geometry":{"type":"Polygon","coordinates":[[[76.9709,28.6576],[76.9637,28.644],[76.9671,28.6435],[76.967,28.6388],[76.9638,28.6387],[76.9639,28.6372],[76.9618,28.6372],[76.9725,28.6211],[76.9775,28.6211],[76.9779,28.619],[76.9838,28.617],[76.9825,28.6155],[76.9858,28.6128],[76.9996,28.6135],[77.0078,28.6161],[76.9991,28.6173],[76.9992,28.6182],[76.9935,28.6193],[76.9916,28.6216],[76.9978,28.6282],[77.0009,28.6292],[77.0043,28.6251],[77.0053,28.6277],[77.0101,28.6283],[77.0102,28.631],[77.0115,28.6311],[77.0116,28.6378],[77.0078,28.6384],[77.004,28.6351],[77.0004,28.6403],[76.9975,28.6383],[76.9999,28.6352],[76.998,28.6342],[76.997,28.6363],[76.9914,28.6402],[76.9888,28.6448],[76.9907,28.6469],[76.9906,28.6493],[76.9849,28.6495],[76.9771,28.6565],[76.9709,28.6576]]]},"properties":{"objectid":292782,"statename":"Delhi","statecode":"7","districtname":"South Delhi","districtcode":"98","ulbname":"Municipal Corporation Of Delhi","ulbcode":"800441","wardname":"Dichaon Kalan (42S)","wardcode":"146","id":" ","remark":" ","st_area(shape)":0.001151465486770857,"st_perimeter(shape)":0.2174959208537708}},{"type":"Feature","geometry":{"type":"Polygon","coordinates":[[[77.1027,28.5969],[77.1087,28.604],[77.1044,28.6065],[77.1014,28.6061],[77.0996,28.6031],[77.0979,28.6041],[77.095,28.6006],[77.0997,28.5964],[77.1013,28.5979],[77.1027,28.5969]]]},"properties":{"objectid":292783,"statename":"Delhi","statecode":"7","districtname":"South Delhi","districtcode":"98","ulbname":"Municipal Corporation Of Delhi","ulbcode":"800441","wardname":"Sagarpur-East (32S)","wardcode":"136","id":" ","remark":"Ok","st_area(shape)":7.512300134409152e-05,"st_perimeter(shape)":0.03862632661048493}},{"type":"Feature","geometry":{"type":"Polygon","coordinates":[[[77.3018,28.5384],[77.3006,28.5379],[77.3,28.5389],[77.2991,28.5386],[77.2998,28.5376],[77.2956,28.5372],[77.2993,28.5321],[77.3018,28.5309],[77.2957,28.5303],[77.2949,28.5313],[77.2897,28.5277],[77.2925,28.5246],[77.2972,28.5145],[77.3038,28.5162],[77.3126,28.5112],[77.3106,28.5179],[77.3059,28.5255],[77.3018,28.5384]]]},"properties":{"objectid":292784,"statename":"Delhi","statecode":"7","districtname":"South Delhi","districtcode":"98","ulbname":"Municipal Corporation Of Delhi","ulbcode":"800441","wardname":"Madanpur Khadar East (103S)","wardcode":"207","id":" ","remark":"Ok","st_area(shape)":0.0002674219154159228,"st_perimeter(shape)":0.0951641875078352}},{"type":"Feature","geometry":{"type":"Polygon","coordinates":[[[77.3404,28.6121],[77.3418,28.6215],[77.3339,28.6274],[77.3255,28.6183],[77.3269,28.6174],[77.3262,28.6144],[77.3354,28.6107],[77.3325,28.607],[77.3335,28.6057],[77.3404,28.6121]]]},"properties":{"objectid":292785,"statename":"Delhi","statecode":"7","districtname":"South Delhi","districtcode":"98","ulbname":"Municipal Corporation Of Delhi","ulbcode":"800441","wardname":"Gharoli, (06E)","wardcode":"214","id":" ","remark":"I Hereby Declare That The Ward Boundary Provided Is True To The Best Of My Knowledge.","st_area(shape)":0.000193608631217029,"st_perimeter(shape)":0.06380934029599011}},{"type":"Feature","geometry":{"type":"Polygon","coordinates":[[[77.3169,28.6213],[77.3184,28.6176],[77.3201,28.6181],[77.3205,28.6148],[77.3079,28.6009],[77.3129,28.5974],[77.3255,28.5993],[77.3299,28.6033],[77.3216,28.6109],[77.3229,28.613],[77.3218,28.6139],[77.3342,28.6275],[77.3298,28.6313],[77.3172,28.6273],[77.3191,28.6228],[77.3169,28.6213]],[[77.3201,28.6181],[77.3201,28.6181],[77.3201,28.6181],[77.3201,28.6181]]]},"properties":{"objectid":292786,"statename":"Delhi","statecode":"7","districtname":"South Delhi","districtcode":"98","ulbname":"Municipal Corporation Of Delhi","ulbcode":"800441","wardname":"Dallupura, (05E)","wardcode":"213","id":" ","remark":"I Hereby Declare That The Ward Boundary Provided Is True To The Best Of My Knowledge.","st_area(shape)":0.00035010154372503853,"st_perimeter(shape)":0.11567168046786629}},{"type":"Feature","geometry":{"type":"Polygon","coordinates":[[[77.3097,28.6024],[77.3205,28.6148],[77.3193,28.6156],[77.3159,28.6133],[77.3074,28.6128],[77.3087,28.61],[77.3069,28.6092],[77.3097,28.6024]]]},"properties":{"objectid":292787,"statename":"Delhi","statecode":"7","districtname":"South Delhi","districtcode":"98","ulbname":"Municipal Corporation Of Delhi","ulbcode":"800441","wardname":"Trilokpuri East, (02E)","wardcode":"210","id":" ","remark":"I Hereby Declare That The Ward Boundary Provided Is True To The Best Of My Knowledge.","st_area(shape)":6.825986483098016e-05,"st_perimeter(shape)":0.043286469724960336}},{"type":"Feature","geometry":{"type":"Polygon","coordinates":[[[77.2953,28.627],[77.2984,28.6265],[77.3018,28.6278],[77.2979,28.6319],[77.2995,28.6332],[77.2967,28.6359],[77.2892,28.63],[77.2903,28.6282],[77.2937,28.6296],[77.2953,28.627]]]},"properties":{"objectid":292788,"statename":"Delhi","statecode":"7","districtname":"South Delhi","districtcode":"98","ulbname":"Municipal Corporation Of Delhi","ulbcode":"800441","wardname":"Mandawali, (09E)","wardcode":"217","id":" ","remark":"I Hereby Declare That The Ward Boundary Provided Is True To The Best Of My Knowledge.","st_area(shape)":5.845701558722124e-05,"st_perimeter(shape)":0.03819475637275597}},{"type":"Feature","geometry":{"type":"Polygon","coordinates":[[[77.3255,28.6183],[77.3218,28.6139],[77.3231,28.613],[77.3216,28.6109],[77.3299,28.6034],[77.3271,28.6005],[77.3396,28.6046],[77.3416,28.6095],[77.3412,28.6133],[77.3335,28.6057],[77.3325,28.607],[77.3354,28.6107],[77.3262,28.6144],[77.3269,28.6174],[77.3255,28.6183]]]},"properties":{"objectid":292789,"statename":"Delhi","statecode":"7","districtname":"South Delhi","districtcode":"98","ulbname":"Municipal Corporation Of Delhi","ulbcode":"800441","wardname":"Kondli, (07E)","wardcode":"215","id":" ","remark":"I Hereby Declare That The Ward Boundary Provided Is True To The Best Of My Knowledge.","st_area(shape)":0.0001470823254220022,"st_perimeter(shape)":0.08067787377480874}},{"type":"Feature","geometry":{"type":"Polygon","coordinates":[[[77.3019,28.6221],[77.3017,28.6248],[77.3049,28.6257],[77.3008,28.6273],[77.2953,28.627],[77.2946,28.6245],[77.2911,28.6241],[77.2853,28.6206],[77.2876,28.6171],[77.3019,28.6221]]]},"properties":{"objectid":292790,"statename":"Delhi","statecode":"7","districtname":"South Delhi","districtcode":"98","ulbname":"Municipal Corporation Of Delhi","ulbcode":"800441","wardname":"Vinod Nagar, (10E)","wardcode":"218","id":" ","remark":"I Hereby Declare That The Ward Boundary Provided Is True To The Best Of My Knowledge.","st_area(shape)":8.513513575235195e-05,"st_perimeter(shape)":0.05098783479213305}},{"type":"Feature","geometry":{"type":"Polygon","coordinates":[[[77.3098,28.6167],[77.3134,28.6178],[77.3127,28.6195],[77.314,28.6203],[77.316,28.6187],[77.3159,28.6211],[77.3187,28.6216],[77.3171,28.6272],[77.2876,28.6171],[77.2891,28.6147],[77.2977,28.6129],[77.3113,28.6129],[77.3098,28.6167]]]},"properties":{"objectid":292791,"statename":"Delhi","statecode":"7","districtname":"South Delhi","districtcode":"98","ulbname":"Municipal Corporation Of Delhi","ulbcode":"800441","wardname":"Mayur Vihar Phase-Ii, (11E)","wardcode":"219","id":" ","remark":"I Hereby Declare That The Ward Boundary Provided Is True To The Best Of My Knowledge.","st_area(shape)":0.00022808893503469365,"st_perimeter(shape)":0.08377577188658311}},{"type":"Feature","geometry":{"type":"Polygon","coordinates":[[[77.2718,28.6384],[77.2695,28.6389],[77.269,28.6434],[77.2642,28.643],[77.2546,28.6281],[77.2733,28.6282],[77.2802,28.6323],[77.2791,28.6336],[77.2743,28.6342],[77.2752,28.6367],[77.2743,28.6388],[77.2718,28.6384]]]},"properties":{"objectid":292792,"statename":"Delhi","statecode":"7","districtname":"South Delhi","districtcode":"98","ulbname":"Municipal Corporation Of Delhi","ulbcode":"800441","wardname":"Kishan Kunj, (13E)","wardcode":"221","id":" ","remark":"I Hereby Declare That The Ward Boundary Provided Is True To The Best Of My Knowledge.","st_area(shape)":0.00022061892557580248,"st_perimeter(shape)":0.07436724093029996}},{"type":"Feature","geometry":{"type":"Polygon","coordinates":[[[77.2813,28.6434],[77.269,28.6436],[77.2696,28.6389],[77.2743,28.6388],[77.2752,28.6367],[77.2743,28.6342],[77.2791,28.6336],[77.2802,28.6323],[77.2768,28.63],[77.2786,28.6281],[77.283,28.6342],[77.2859,28.636],[77.2813,28.6434]]]},"properties":{"objectid":292793,"statename":"Delhi","statecode":"7","districtname":"South Delhi","districtcode":"98","ulbname":"Municipal Corporation Of Delhi","ulbcode":"800441","wardname":"Laxmi Nagar, (14E)","wardcode":"222","id":" ","remark":"I Hereby Declare That The Ward Boundary Provided Is True To The Best Of My Knowledge.","st_area(shape)":0.00012369856230503188,"st_perimeter(shape)":0.06426103415241435}},{"type":"Feature","geometry":{"type":"Polygon","coordinates":[[[77.2624,28.6008],[77.2654,28.5965],[77.2739,28.6025],[77.2772,28.6009],[77.2801,28.5986],[77.2814,28.5895],[77.2788,28.5878],[77.2787,28.5856],[77.2852,28.5874],[77.2892,28.5852],[77.2925,28.5808],[77.2928,28.5777],[77.2985,28.5719],[77.2994,28.578],[77.2979,28.5802],[77.3037,28.5856],[77.3001,28.5862],[77.3009,28.5892],[77.299,28.5905],[77.3012,28.593],[77.2993,28.5946],[77.2964,28.5938],[77.2948,28.5972],[77.2967,28.598],[77.296,28.5994],[77.2987,28.6007],[77.2951,28.6094],[77.2966,28.61],[77.2931,28.614],[77.2891,28.6147],[77.2876,28.6172],[77.2849,28.6155],[77.2865,28.6131],[77.2831,28.6137],[77.2774,28.6078],[77.2624,28.6008]]]},"properties":{"objectid":292794,"statename":"Delhi","statecode":"7","districtname":"South Delhi","districtcode":"98","ulbname":"Municipal Corporation Of Delhi","ulbcode":"800441","wardname":"Patpar Ganj, (12E)","wardcode":"220","id":" ","remark":"I Hereby Declare That The Ward Boundary Provided Is True To The Best Of My Knowledge.","st_area(shape)":0.0006532697200967547,"st_perimeter(shape)":0.17148488813169474}},{"type":"Feature","geometry":{"type":"Polygon","coordinates":[[[77.2848,28.6213],[77.2796,28.619],[77.2779,28.6213],[77.2702,28.6168],[77.2561,28.6139],[77.2586,28.6053],[77.2621,28.6007],[77.2774,28.6078],[77.2831,28.6137],[77.2865,28.6131],[77.2849,28.6155],[77.2876,28.6172],[77.2853,28.6206],[77.2919,28.6245],[77.2946,28.6245],[77.2953,28.627],[77.2941,28.6293],[77.2903,28.6282],[77.2892,28.63],[77.2861,28.6276],[77.2848,28.6213]]]},"properties":{"objectid":292795,"statename":"Delhi","statecode":"7","districtname":"South Delhi","districtcode":"98","ulbname":"Municipal Corporation Of Delhi","ulbcode":"800441","wardname":"Pandav Nagar, (16E)","wardcode":"224","id":" ","remark":"I Hereby Declare That The Ward Boundary Provided Is True To The Best Of My Knowledge.","st_area(shape)":0.0003839102332888661,"st_perimeter(shape)":0.12203580259843128}},{"type":"Feature","geometry":{"type":"Polygon","coordinates":[[[77.2852,28.6223],[77.2858,28.636],[77.283,28.6342],[77.2786,28.6281],[77.2768,28.63],[77.273,28.6281],[77.2546,28.6281],[77.2542,28.622],[77.2561,28.6139],[77.2702,28.6168],[77.2779,28.6213],[77.2796,28.619],[77.2852,28.6223]]]},"properties":{"objectid":292796,"statename":"Delhi","statecode":"7","districtname":"South Delhi","districtcode":"98","ulbname":"Municipal Corporation Of Delhi","ulbcode":"800441","wardname":"Shakarpur, (15E)","wardcode":"223","id":" ","remark":"I Hereby Declare That The Ward Boundary Provided Is True To The Best Of My Knowledge.","st_area(shape)":0.0003696096398781251,"st_perimeter(shape)":0.09770129328231941}},{"type":"Feature","geometry":{"type":"Polygon","coordinates":[[[77.2962,28.647],[77.2988,28.6441],[77.3027,28.6473],[77.2985,28.6515],[77.2979,28.6539],[77.3016,28.6555],[77.3035,28.6585],[77.3033,28.67],[77.3021,28.6705],[77.2862,28.663],[77.2915,28.6561],[77.2935,28.6502],[77.2962,28.647]]]},"properties":{"objectid":292797,"statename":"Delhi","statecode":"7","districtname":"South Delhi","districtcode":"98","ulbname":"Municipal Corporation Of Delhi","ulbcode":"800441","wardname":"Vishwas Nagar, (17E)","wardcode":"225","id":" ","remark":"I Hereby Declare That The Ward Boundary Provided Is True To The Best Of My Knowledge.","st_area(shape)":0.00024012251765335868,"st_perimeter(shape)":0.07577968721018087}},{"type":"Feature","geometry":{"type":"Polygon","coordinates":[[[77.2814,28.6433],[77.2859,28.636],[77.2861,28.6276],[77.2967,28.6359],[77.2995,28.6332],[77.3052,28.6351],[77.3059,28.6363],[77.3025,28.6405],[77.3122,28.648],[77.3066,28.6486],[77.3055,28.6504],[77.2988,28.6441],[77.2962,28.6468],[77.2913,28.6463],[77.29,28.645],[77.2908,28.6438],[77.2814,28.6433]]]},"properties":{"objectid":292798,"statename":"Delhi","statecode":"7","districtname":"South Delhi","districtcode":"98","ulbname":"Municipal Corporation Of Delhi","ulbcode":"800441","wardname":"Preet Vihar, (20E)","wardcode":"228","id":" ","remark":"I Hereby Declare That The Ward Boundary Provided Is True To The Best Of My Knowledge.","st_area(shape)":0.0002809553158132158,"st_perimeter(shape)":0.09982621513794397}},{"type":"Feature","geometry":{"type":"Polygon","coordinates":[[[77.3227,28.6675],[77.3186,28.6675],[77.3151,28.6653],[77.3033,28.6667],[77.3035,28.6585],[77.3016,28.6555],[77.2979,28.6539],[77.2985,28.6515],[77.3027,28.6473],[77.3055,28.6505],[77.3066,28.6486],[77.3122,28.648],[77.3193,28.6537],[77.3203,28.6637],[77.3227,28.6675]]]},"properties":{"objectid":292799,"statename":"Delhi","statecode":"7","districtname":"South Delhi","districtcode":"98","ulbname":"Municipal Corporation Of Delhi","ulbcode":"800441","wardname":"Anand Vihar (18E)","wardcode":"226","id":" ","remark":"I Hereby Declare That The Ward Boundary Provided Is True To The Best Of My Knowledge.","st_area(shape)":0.0003085508375021399,"st_perimeter(shape)":0.08160605882429584}},{"type":"Feature","geometry":{"type":"Polygon","coordinates":[[[77.3171,28.6272],[77.3298,28.6313],[77.3234,28.6339],[77.3155,28.6413],[77.3193,28.6537],[77.3025,28.6405],[77.3059,28.6363],[77.3053,28.6352],[77.3007,28.6341],[77.2979,28.6319],[77.3018,28.6278],[77.3008,28.6273],[77.3049,28.6257],[77.3017,28.6248],[77.3019,28.6221],[77.3171,28.6272]]]},"properties":{"objectid":292800,"statename":"Delhi","statecode":"7","districtname":"South Delhi","districtcode":"98","ulbname":"Municipal Corporation Of Delhi","ulbcode":"800441","wardname":"I.P. Extension, (19E)","wardcode":"227","id":" ","remark":"I Hereby Declare That The Ward Boundary Provided Is True To The Best Of My Knowledge.","st_area(shape)":0.0003958017303211536,"st_perimeter(shape)":0.11627661760954307}},{"type":"Feature","geometry":{"type":"Polygon","coordinates":[[[77.1834,28.6699],[77.1922,28.6684],[77.1916,28.6697],[77.1874,28.6712],[77.189,28.6756],[77.1938,28.6739],[77.1933,28.6711],[77.1965,28.6695],[77.1996,28.6696],[77.2026,28.6764],[77.208,28.6782],[77.2086,28.6801],[77.203,28.6845],[77.204,28.6878],[77.2017,28.6887],[77.1967,28.6844],[77.1828,28.6798],[77.1875,28.6737],[77.1834,28.6699]]]},"properties":{"objectid":292801,"statename":"Delhi","statecode":"7","districtname":"South Delhi","districtcode":"98","ulbname":"Municipal Corporation Of Delhi","ulbcode":"800441","wardname":"Kamla Nagar (78N)","wardcode":"78","id":" ","remark":"I Hereby Declare That The Ward Boundary Provided Is True To The Best Of My Knowledge.","st_area(shape)":0.0002460790015001946,"st_perimeter(shape)":0.10219553138496924}},{"type":"Feature","geometry":{"type":"Polygon","coordinates":[[[77.2027,28.6647],[77.1981,28.6627],[77.2054,28.6626],[77.2043,28.6611],[77.2085,28.6598],[77.208,28.6588],[77.2117,28.6571],[77.2127,28.6585],[77.2172,28.6577],[77.2156,28.6633],[77.2082,28.6644],[77.209,28.6668],[77.2005,28.6713],[77.1991,28.6692],[77.2061,28.666],[77.2027,28.6647]]]},"properties":{"objectid":292802,"statename":"Delhi","statecode":"7","districtname":"South Delhi","districtcode":"98","ulbname":"Municipal Corporation Of Delhi","ulbcode":"800441","wardname":"Sadar Bazar (80N)","wardcode":"80","id":" ","remark":"I Hereby Declare That The Ward Boundary Provided Is True To The Best Of My Knowledge.","st_area(shape)":0.00010072164300011106,"st_perimeter(shape)":0.07387410340593908}},{"type":"Feature","geometry":{"type":"Polygon","coordinates":[[[77.1597,28.672],[77.1729,28.6669],[77.1674,28.6675],[77.1667,28.6656],[77.1692,28.6664],[77.1704,28.663],[77.169,28.6599],[77.1763,28.6574],[77.1772,28.6593],[77.1793,28.6586],[77.1812,28.6604],[77.1807,28.6641],[77.1834,28.6699],[77.17,28.673],[77.1682,28.676],[77.1597,28.672]]]},"properties":{"objectid":292803,"statename":"Delhi","statecode":"7","districtname":"South Delhi","districtcode":"98","ulbname":"Municipal Corporation Of Delhi","ulbcode":"800441","wardname":"Anand Parbat (82N)","wardcode":"82","id":" ","remark":"I Hereby Declare That The Ward Boundary Provided Is True To The Best Of My Knowledge.","st_area(shape)":0.00018932457943060283,"st_perimeter(shape)":0.0881103930620556}},{"type":"Feature","geometry":{"type":"Polygon","coordinates":[[[77.2216,28.6449],[77.2207,28.6447],[77.2218,28.6377],[77.2235,28.6352],[77.2413,28.6264],[77.2405,28.6426],[77.2363,28.6449],[77.2344,28.6419],[77.2283,28.6434],[77.2248,28.6458],[77.2216,28.6449]]]},"properties":{"objectid":292804,"statename":"Delhi","statecode":"7","districtname":"South Delhi","districtcode":"98","ulbname":"Municipal Corporation Of Delhi","ulbcode":"800441","wardname":"Delhi Gate (88N)","wardcode":"88","id":" ","remark":"I Hereby Declare That The Ward Boundary Provided Is True To The Best Of My Knowledge.","st_area(shape)":0.00024024401662512725,"st_perimeter(shape)":0.0721567665947423}},{"type":"Feature","geometry":{"type":"Polygon","coordinates":[[[77.218,28.6576],[77.2167,28.6577],[77.2163,28.6563],[77.2186,28.6444],[77.2236,28.6452],[77.2213,28.6502],[77.2224,28.65],[77.2228,28.6514],[77.2244,28.6515],[77.2267,28.6492],[77.231,28.6509],[77.2312,28.6525],[77.2295,28.6518],[77.2275,28.6565],[77.218,28.6576]]]},"properties":{"objectid":292805,"statename":"Delhi","statecode":"7","districtname":"South Delhi","districtcode":"98","ulbname":"Municipal Corporation Of Delhi","ulbcode":"800441","wardname":"Ballimaran (90N)","wardcode":"90","id":" ","remark":"I Hereby Declare That The Ward Boundary Provided Is True To The Best Of My Knowledge.","st_area(shape)":0.00010286835549977623,"st_perimeter(shape)":0.05997549674974223}},{"type":"Feature","geometry":{"type":"Polygon","coordinates":[[[77.1323,28.6315],[77.1363,28.6209],[77.1364,28.6171],[77.141,28.6175],[77.1444,28.6234],[77.1422,28.633],[77.144,28.6334],[77.1445,28.6361],[77.1423,28.6376],[77.1519,28.6492],[77.1489,28.6511],[77.1323,28.6315]]]},"properties":{"objectid":292806,"statename":"Delhi","statecode":"7","districtname":"South Delhi","districtcode":"98","ulbname":"Municipal Corporation Of Delhi","ulbcode":"800441","wardname":"Naraina (104N)","wardcode":"104","id":" ","remark":"I Hereby Declare That The Ward Boundary Provided Is True To The Best Of My Knowledge.","st_area(shape)":0.00022855731900000873,"st_perimeter(shape)":0.08987811172815781}},{"type":"Feature","geometry":{"type":"Polygon","coordinates":[[[77.2561,28.7114],[77.2536,28.7125],[77.2518,28.7182],[77.2433,28.7189],[77.2459,28.7306],[77.2346,28.732],[77.2359,28.7218],[77.2328,28.7116],[77.2561,28.7047],[77.257,28.7108],[77.2561,28.7114]]]},"properties":{"objectid":292807,"statename":"Delhi","statecode":"7","districtname":"South Delhi","districtcode":"98","ulbname":"Municipal Corporation Of Delhi","ulbcode":"800441","wardname":"Sri Ram Colony (64E)","wardcode":"272","id":" ","remark":" ","st_area(shape)":0.00033524434438350636,"st_perimeter(shape)":0.0946652462311543}},{"type":"Feature","geometry":{"type":"Polygon","coordinates":[[[77.1761,28.5786],[77.1675,28.5921],[77.1645,28.5886],[77.1607,28.5888],[77.1582,28.5769],[77.151,28.5656],[77.1508,28.5629],[77.1478,28.561],[77.1449,28.556],[77.1498,28.5535],[77.1472,28.5476],[77.1478,28.5458],[77.1508,28.544],[77.15,28.542],[77.1553,28.5384],[77.1639,28.5501],[77.1625,28.5516],[77.1637,28.5535],[77.1647,28.5545],[77.1659,28.5529],[77.1665,28.5551],[77.1713,28.5595],[77.162,28.5722],[77.1761,28.5786]]]},"properties":{"objectid":292808,"statename":"Delhi","statecode":"7","districtname":"South Delhi","districtcode":"98","ulbname":"Municipal Corporation Of Delhi","ulbcode":"800441","wardname":"Vasant Vihar (64S)","wardcode":"168","id":" ","remark":"Ok","st_area(shape)":0.0006956349843246917,"st_perimeter(shape)":0.15264551167997847}},{"type":"Feature","geometry":{"type":"Polygon","coordinates":[[[77.1164,28.6619],[77.1235,28.659],[77.1288,28.6604],[77.138,28.6673],[77.1366,28.6683],[77.1401,28.6738],[77.1186,28.6765],[77.1164,28.6619]]]},"properties":{"objectid":292809,"statename":"Delhi","statecode":"7","districtname":"South Delhi","districtcode":"98","ulbname":"Municipal Corporation Of Delhi","ulbcode":"800441","wardname":"Punjabi Bagh (2S)","wardcode":"106","id":" ","remark":"Ok","st_area(shape)":0.0002789682784899786,"st_perimeter(shape)":0.06987147597317632}},{"type":"Feature","geometry":{"type":"Polygon","coordinates":[[[77.1251,28.6502],[77.117,28.6464],[77.1123,28.6531],[77.1101,28.6526],[77.1098,28.6496],[77.1081,28.6482],[77.1088,28.6472],[77.1061,28.6453],[77.1082,28.6408],[77.1112,28.6392],[77.114,28.6392],[77.1184,28.6369],[77.1203,28.6378],[77.1279,28.6375],[77.1298,28.6383],[77.1251,28.6502]]]},"properties":{"objectid":292810,"statename":"Delhi","statecode":"7","districtname":"South Delhi","districtcode":"98","ulbname":"Municipal Corporation Of Delhi","ulbcode":"800441","wardname":"Rajouri Garden (5S)\r\nRajouri Garden (5S)\r\n","wardcode":"109","id":" ","remark":"Ok","st_area(shape)":0.00022004636651402662,"st_perimeter(shape)":0.0706614221080437}},{"type":"Feature","geometry":{"type":"Polygon","coordinates":[[[77.1777,28.4732],[77.187,28.4716],[77.1862,28.4638],[77.1887,28.4625],[77.219,28.4536],[77.2211,28.4516],[77.2298,28.4503],[77.2322,28.4535],[77.2352,28.4718],[77.2452,28.4802],[77.2403,28.4891],[77.2333,28.4873],[77.2328,28.4857],[77.23,28.4873],[77.2251,28.4839],[77.2277,28.476],[77.2193,28.4733],[77.2148,28.4783],[77.2073,28.4778],[77.2113,28.4816],[77.2127,28.4807],[77.2163,28.4842],[77.2181,28.4841],[77.2219,28.4878],[77.2176,28.4883],[77.2099,28.4947],[77.2111,28.4981],[77.2222,28.4996],[77.2185,28.5019],[77.2175,28.504],[77.2162,28.504],[77.2162,28.5051],[77.2122,28.5064],[77.2121,28.5097],[77.2148,28.5162],[77.2074,28.5177],[77.2078,28.5192],[77.201,28.5209],[77.1954,28.5172],[77.1946,28.5113],[77.1931,28.5093],[77.1933,28.5047],[77.1911,28.5039],[77.1916,28.5023],[77.1884,28.4957],[77.185,28.496],[77.1866,28.4876],[77.1849,28.4849],[77.1804,28.485],[77.1802,28.4773],[77.1777,28.4732]]]},"properties":{"objectid":292811,"statename":"Delhi","statecode":"7","districtname":"South Delhi","districtcode":"98","ulbname":"Municipal Corporation Of Delhi","ulbcode":"800441","wardname":"Said Ul Ajaib (71S)","wardcode":"175","id":" ","remark":" ","st_area(shape)":0.0022557279331873506,"st_perimeter(shape)":0.3188730701223924}},{"type":"Feature","geometry":{"type":"Polygon","coordinates":[[[77.3126,28.5112],[77.3177,28.5127],[77.3185,28.515],[77.3211,28.5169],[77.3332,28.5161],[77.3307,28.5195],[77.3373,28.5205],[77.3163,28.5428],[77.3115,28.5452],[77.3102,28.5435],[77.3091,28.5442],[77.303,28.5347],[77.3059,28.5255],[77.3106,28.5179],[77.3126,28.5112]]]},"properties":{"objectid":292812,"statename":"Delhi","statecode":"7","districtname":"South Delhi","districtcode":"98","ulbname":"Municipal Corporation Of Delhi","ulbcode":"800441","wardname":"Madanpur Khadar West (104S)","wardcode":"208","id":" ","remark":"Ok","st_area(shape)":0.0006016881986430209,"st_perimeter(shape)":0.11119137829586255}},{"type":"Feature","geometry":{"type":"Polygon","coordinates":[[[77.1078,28.6416],[77.1051,28.6475],[77.1052,28.651],[77.1023,28.6507],[77.1043,28.6467],[77.104,28.6436],[77.0964,28.6465],[77.094,28.6487],[77.0941,28.6519],[77.0912,28.6519],[77.0901,28.6461],[77.0918,28.6442],[77.0982,28.6405],[77.1038,28.6416],[77.1047,28.6403],[77.1078,28.6416]]]},"properties":{"objectid":292813,"statename":"Delhi","statecode":"7","districtname":"South Delhi","districtcode":"98","ulbname":"Municipal Corporation Of Delhi","ulbcode":"800441","wardname":"Tagore Garden (6S)\r\nTagore Garden (6S)\r\n","wardcode":"110","id":" ","remark":"Ok","st_area(shape)":9.172879482079668e-05,"st_perimeter(shape)":0.0647598141864752}},{"type":"Feature","geometry":{"type":"Polygon","coordinates":[[[77.0993,28.6607],[77.0994,28.6547],[77.1014,28.6543],[77.1023,28.6507],[77.1052,28.651],[77.1061,28.6453],[77.1088,28.6472],[77.1081,28.6482],[77.1098,28.6496],[77.1088,28.6607],[77.0993,28.6607]]]},"properties":{"objectid":292814,"statename":"Delhi","statecode":"7","districtname":"South Delhi","districtcode":"98","ulbname":"Municipal Corporation Of Delhi","ulbcode":"800441","wardname":"Khyala (8S)","wardcode":"112","id":" ","remark":"Ok","st_area(shape)":0.00010826948303976222,"st_perimeter(shape)":0.04999972152567286}},{"type":"Feature","geometry":{"type":"Polygon","coordinates":[[[77.2869,28.5323],[77.2897,28.5277],[77.2949,28.5313],[77.2957,28.5303],[77.3004,28.5302],[77.3018,28.5309],[77.2993,28.5321],[77.2956,28.5372],[77.2998,28.5376],[77.2991,28.5386],[77.3,28.5389],[77.3006,28.5379],[77.3018,28.5384],[77.2935,28.5512],[77.2903,28.5588],[77.2867,28.5597],[77.2879,28.562],[77.2782,28.5609],[77.278,28.566],[77.2742,28.5709],[77.2698,28.5729],[77.2673,28.5715],[77.2661,28.572],[77.2734,28.5591],[77.2756,28.56],[77.2775,28.557],[77.2816,28.5548],[77.2804,28.5547],[77.2823,28.5499],[77.2838,28.5504],[77.2848,28.5485],[77.2834,28.5444],[77.2803,28.5427],[77.2869,28.5323]]]},"properties":{"objectid":292815,"statename":"Delhi","statecode":"7","districtname":"South Delhi","districtcode":"98","ulbname":"Municipal Corporation Of Delhi","ulbcode":"800441","wardname":"Sarita Vihar (101S)","wardcode":"205","id":" ","remark":"Ok","st_area(shape)":0.0004965619007967293,"st_perimeter(shape)":0.1565760576152547}},{"type":"Feature","geometry":{"type":"Polygon","coordinates":[[[77.2661,28.572],[77.2673,28.5715],[77.2698,28.5729],[77.2742,28.5709],[77.278,28.566],[77.2782,28.5609],[77.2849,28.5619],[77.2909,28.5676],[77.29,28.569],[77.2911,28.5704],[77.2882,28.5733],[77.2783,28.5716],[77.2736,28.5745],[77.2708,28.5786],[77.268,28.5792],[77.2633,28.5758],[77.2661,28.572]]]},"properties":{"objectid":292816,"statename":"Delhi","statecode":"7","districtname":"South Delhi","districtcode":"98","ulbname":"Municipal Corporation Of Delhi","ulbcode":"800441","wardname":"Zakir Nagar (100S)","wardcode":"204","id":" ","remark":"Ok","st_area(shape)":0.00018898484536765156,"st_perimeter(shape)":0.07917201246620209}},{"type":"Feature","geometry":{"type":"Polygon","coordinates":[[[77.0527,28.6174],[77.0572,28.6176],[77.057,28.6195],[77.058,28.6195],[77.058,28.6173],[77.0618,28.619],[77.0672,28.6187],[77.0688,28.6183],[77.0688,28.6154],[77.0756,28.6153],[77.0756,28.614],[77.0777,28.6135],[77.0804,28.6136],[77.0828,28.6154],[77.0699,28.6215],[77.0673,28.6256],[77.0647,28.6239],[77.0528,28.6212],[77.0527,28.6174]]]},"properties":{"objectid":292817,"statename":"Delhi","statecode":"7","districtname":"South Delhi","districtcode":"98","ulbname":"Municipal Corporation Of Delhi","ulbcode":"800441","wardname":"Milap Nagar (18S)","wardcode":"122","id":" ","remark":"Ok","st_area(shape)":0.00013730629932231765,"st_perimeter(shape)":0.07872046453773181}},{"type":"Feature","geometry":{"type":"Polygon","coordinates":[[[77.0742,28.6403],[77.0741,28.6446],[77.0723,28.645],[77.0737,28.6465],[77.0712,28.649],[77.0598,28.6396],[77.0623,28.6346],[77.0654,28.6354],[77.0661,28.6328],[77.0686,28.6327],[77.0686,28.6318],[77.0739,28.6315],[77.0765,28.633],[77.0769,28.6361],[77.0785,28.636],[77.0783,28.6338],[77.0809,28.6336],[77.0815,28.6382],[77.0764,28.6385],[77.0763,28.6404],[77.0742,28.6403]]]},"properties":{"objectid":292818,"statename":"Delhi","statecode":"7","districtname":"South Delhi","districtcode":"98","ulbname":"Municipal Corporation Of Delhi","ulbcode":"800441","wardname":"Vikaspuri (20S)","wardcode":"124","id":" ","remark":"Ok","st_area(shape)":0.00019084707022018878,"st_perimeter(shape)":0.07361721303231882}},{"type":"Feature","geometry":{"type":"Polygon","coordinates":[[[77.3149,28.5004],[77.3163,28.4866],[77.3261,28.4905],[77.3325,28.4995],[77.3149,28.5004]]]},"properties":{"objectid":292819,"statename":"Delhi","statecode":"7","districtname":"South Delhi","districtcode":"98","ulbname":"Municipal Corporation Of Delhi","ulbcode":"800441","wardname":"Om Vihar (99S)","wardcode":"203","id":" ","remark":"Ok","st_area(shape)":0.0001564958400765323,"st_perimeter(shape)":0.053509318959782094}},{"type":"Feature","geometry":{"type":"Polygon","coordinates":[[[77.0509,28.6523],[77.0529,28.6528],[77.053,28.6571],[77.0565,28.6622],[77.053,28.6646],[77.0506,28.6639],[77.0516,28.6664],[77.0489,28.6687],[77.0462,28.6687],[77.0464,28.6714],[77.0347,28.6636],[77.0306,28.6673],[77.0203,28.6724],[77.0071,28.6738],[77.0048,28.6674],[76.9962,28.6537],[76.9927,28.6563],[76.9905,28.6532],[76.9907,28.6469],[76.9888,28.6448],[76.9914,28.6402],[76.9991,28.6341],[76.9999,28.6352],[76.9975,28.6383],[77.0004,28.6403],[77.004,28.6351],[77.0114,28.6408],[77.0303,28.6511],[77.0333,28.6473],[77.0398,28.6508],[77.0507,28.651],[77.0509,28.6523]]]},"properties":{"objectid":292820,"statename":"Delhi","statecode":"7","districtname":"South Delhi","districtcode":"98","ulbname":"Municipal Corporation Of Delhi","ulbcode":"800441","wardname":"Ranhola (19S)","wardcode":"123","id":" ","remark":"Ok","st_area(shape)":0.0013918125782331542,"st_perimeter(shape)":0.20849135593829046}},{"type":"Feature","geometry":{"type":"Polygon","coordinates":[[[77.0528,28.6376],[77.0472,28.6422],[77.0436,28.6417],[77.0435,28.6377],[77.045,28.6377],[77.0445,28.634],[77.0471,28.6339],[77.0478,28.6289],[77.0516,28.6287],[77.0542,28.6312],[77.0541,28.6354],[77.0528,28.6376]]]},"properties":{"objectid":292821,"statename":"Delhi","statecode":"7","districtname":"South Delhi","districtcode":"98","ulbname":"Municipal Corporation Of Delhi","ulbcode":"800441","wardname":"Vikas Nagar (22S)","wardcode":"126","id":" ","remark":"Ok","st_area(shape)":9.338111726000975e-05,"st_perimeter(shape)":0.04496160429952604}},{"type":"Feature","geometry":{"type":"Polygon","coordinates":[[[77.2836,28.535],[77.292,28.5188],[77.2956,28.508],[77.2882,28.5069],[77.2807,28.5099],[77.2777,28.505],[77.2751,28.5061],[77.2728,28.5006],[77.2707,28.5],[77.2641,28.4861],[77.269,28.4869],[77.2719,28.4911],[77.2766,28.4939],[77.2879,28.4968],[77.2951,28.4965],[77.3012,28.4946],[77.301,28.4903],[77.3043,28.49],[77.3003,28.5017],[77.3007,28.5053],[77.295,28.5194],[77.2853,28.5355],[77.2836,28.535]]]},"properties":{"objectid":292822,"statename":"Delhi","statecode":"7","districtname":"South Delhi","districtcode":"98","ulbname":"Municipal Corporation Of Delhi","ulbcode":"800441","wardname":"Pul Pehladpur (94S)","wardcode":"198","id":" ","remark":"Ok","st_area(shape)":0.000493207501769614,"st_perimeter(shape)":0.17980040493798904}},{"type":"Feature","geometry":{"type":"Polygon","coordinates":[[[77.2836,28.535],[77.2823,28.533],[77.2839,28.5234],[77.2765,28.522],[77.2714,28.529],[77.2697,28.5282],[77.2678,28.5308],[77.2627,28.5323],[77.2618,28.5302],[77.2634,28.5264],[77.2612,28.5272],[77.2607,28.5255],[77.2637,28.5252],[77.2644,28.5215],[77.2622,28.522],[77.2546,28.5147],[77.2644,28.5093],[77.2777,28.505],[77.2807,28.5099],[77.2882,28.5069],[77.2956,28.508],[77.292,28.5188],[77.2836,28.535]]]},"properties":{"objectid":292823,"statename":"Delhi","statecode":"7","districtname":"South Delhi","districtcode":"98","ulbname":"Municipal Corporation Of Delhi","ulbcode":"800441","wardname":"Tughlakabad (93S)","wardcode":"197","id":" ","remark":"Ok","st_area(shape)":0.0006331931917464986,"st_perimeter(shape)":0.1487107565471658}},{"type":"Feature","geometry":{"type":"Polygon","coordinates":[[[77.1222,28.6198],[77.1323,28.6316],[77.1298,28.6383],[77.1184,28.6369],[77.1082,28.6408],[77.1077,28.6375],[77.1058,28.6374],[77.1056,28.6352],[77.1033,28.6344],[77.1041,28.6289],[77.1051,28.6298],[77.111,28.6289],[77.1115,28.6319],[77.1222,28.6308],[77.1236,28.6298],[77.1177,28.6226],[77.1222,28.6198]]]},"properties":{"objectid":292824,"statename":"Delhi","statecode":"7","districtname":"South Delhi","districtcode":"98","ulbname":"Municipal Corporation Of Delhi","ulbcode":"800441","wardname":"Subhash Nagar (9S)\r\n","wardcode":"113","id":" ","remark":"Ok","st_area(shape)":0.00027612529794158823,"st_perimeter(shape)":0.10047965758079766}},{"type":"Feature","geometry":{"type":"Polygon","coordinates":[[[77.2321,28.5415],[77.2091,28.5432],[77.2145,28.5384],[77.2173,28.5383],[77.218,28.5361],[77.2144,28.5345],[77.2145,28.531],[77.2182,28.5314],[77.2191,28.5328],[77.2221,28.5324],[77.2223,28.5311],[77.232,28.5331],[77.2321,28.5415]]]},"properties":{"objectid":292825,"statename":"Delhi","statecode":"7","districtname":"South Delhi","districtcode":"98","ulbname":"Municipal Corporation Of Delhi","ulbcode":"800441","wardname":"Chirag Delhi (88S)","wardcode":"192","id":" ","remark":"Ok","st_area(shape)":0.00018511461334782463,"st_perimeter(shape)":0.07277593400423635}},{"type":"Feature","geometry":{"type":"Polygon","coordinates":[[[77.0153,28.5986],[77.0246,28.5984],[77.0277,28.5971],[77.0355,28.6063],[77.0314,28.619],[77.022,28.6206],[77.016,28.6119],[77.012,28.609],[77.0105,28.605],[77.0153,28.6],[77.0153,28.5986]]]},"properties":{"objectid":292826,"statename":"Delhi","statecode":"7","districtname":"South Delhi","districtcode":"98","ulbname":"Municipal Corporation Of Delhi","ulbcode":"800441","wardname":"Kakraula (35S)","wardcode":"139","id":" ","remark":"Ok","st_area(shape)":0.00038506600057243255,"st_perimeter(shape)":0.0766849094828613}},{"type":"Feature","geometry":{"type":"Polygon","coordinates":[[[76.9621,28.5919],[76.9693,28.5865],[76.9729,28.5903],[76.9788,28.5928],[76.9799,28.595],[76.9835,28.5949],[76.9836,28.5987],[76.9896,28.5983],[76.9856,28.6077],[76.9856,28.6138],[76.9825,28.6155],[76.9838,28.617],[76.9779,28.619],[76.9775,28.6211],[76.973,28.6216],[76.9754,28.6168],[76.9802,28.6135],[76.9787,28.6119],[76.9752,28.6113],[76.9715,28.6039],[76.9621,28.5919]]]},"properties":{"objectid":292827,"statename":"Delhi","statecode":"7","districtname":"South Delhi","districtcode":"98","ulbname":"Municipal Corporation Of Delhi","ulbcode":"800441","wardname":"Najafgarh (43S)","wardcode":"147","id":" ","remark":"Ok","st_area(shape)":0.0004051883140343451,"st_perimeter(shape)":0.11534318461665106}},{"type":"Feature","geometry":{"type":"Polygon","coordinates":[[[76.99,28.5974],[77.0004,28.5972],[76.9981,28.5992],[76.9986,28.6032],[77.0037,28.601],[77.0141,28.601],[77.0108,28.6043],[77.0104,28.6064],[77.0169,28.6137],[77.0105,28.6114],[77.0043,28.6131],[77.0036,28.6146],[76.9942,28.6127],[76.9858,28.6128],[76.9856,28.6077],[76.99,28.5974]]]},"properties":{"objectid":292828,"statename":"Delhi","statecode":"7","districtname":"South Delhi","districtcode":"98","ulbname":"Municipal Corporation Of Delhi","ulbcode":"800441","wardname":"Roshanpura (44S)","wardcode":"148","id":" ","remark":"Ok","st_area(shape)":0.0003370824915887562,"st_perimeter(shape)":0.10370932684863432}},{"type":"Feature","geometry":{"type":"Polygon","coordinates":[[[77.032,28.6314],[77.032,28.6328],[77.0255,28.6344],[77.0218,28.629],[77.022,28.6206],[77.0314,28.619],[77.0391,28.6214],[77.0394,28.6275],[77.037,28.6285],[77.0368,28.6259],[77.0353,28.6259],[77.0355,28.6288],[77.032,28.6298],[77.032,28.6314]]]},"properties":{"objectid":292829,"statename":"Delhi","statecode":"7","districtname":"South Delhi","districtcode":"98","ulbname":"Municipal Corporation Of Delhi","ulbcode":"800441","wardname":"Mohan Garden-South (25S)","wardcode":"129","id":" ","remark":"Ok","st_area(shape)":0.00019428127424592524,"st_perimeter(shape)":0.06246110783941259}},{"type":"Feature","geometry":{"type":"Polygon","coordinates":[[[77.0366,28.6138],[77.0359,28.6176],[77.0378,28.6176],[77.0374,28.6199],[77.0553,28.6218],[77.0567,28.623],[77.0567,28.6272],[77.0528,28.6266],[77.0516,28.6287],[77.048,28.6252],[77.0413,28.6266],[77.0393,28.6258],[77.0391,28.6214],[77.0314,28.619],[77.0331,28.6138],[77.0366,28.6138]]]},"properties":{"objectid":292830,"statename":"Delhi","statecode":"7","districtname":"South Delhi","districtcode":"98","ulbname":"Municipal Corporation Of Delhi","ulbcode":"800441","wardname":"Nawada (27S)","wardcode":"131","id":" ","remark":"Ok","st_area(shape)":0.00012665532170635826,"st_perimeter(shape)":0.07669711853113043}},{"type":"Feature","geometry":{"type":"MultiPolygon","coordinates":[[[[77.0043,28.6251],[77.0009,28.6292],[76.9978,28.6282],[76.9916,28.6216],[76.9935,28.6193],[76.9992,28.6182],[76.9991,28.6173],[77.0078,28.6161],[77.0036,28.6146],[77.0038,28.6137],[77.0105,28.6114],[77.0156,28.6125],[77.0215,28.6189],[77.0222,28.6264],[77.0164,28.6272],[77.0066,28.6243],[77.0043,28.6251]]],[[[77.0141,28.601],[77.0037,28.601],[76.9986,28.6032],[76.9981,28.5992],[77.0004,28.5972],[76.99,28.5974],[76.9934,28.5909],[77.0004,28.5916],[77.0129,28.5864],[77.0172,28.5864],[77.0183,28.5914],[77.0122,28.5913],[77.0104,28.5925],[77.0115,28.5949],[77.015,28.5975],[77.0153,28.6],[77.0141,28.601]]]]},"properties":{"objectid":292831,"statename":"Delhi","statecode":"7","districtname":"South Delhi","districtcode":"98","ulbname":"Municipal Corporation Of Delhi","ulbcode":"800441","wardname":"Nangli Sakrawati (34S)","wardcode":"138","id":" ","remark":"Ok","st_area(shape)":0.000555860425863509,"st_perimeter(shape)":0.18470827831968578}},{"type":"Feature","geometry":{"type":"Polygon","coordinates":[[[76.9934,28.5909],[76.9973,28.573],[76.9896,28.5546],[76.9868,28.552],[76.9905,28.5482],[77.0109,28.5449],[77.0159,28.5517],[77.0211,28.5556],[77.0296,28.5685],[77.0338,28.5718],[77.0374,28.5789],[77.0338,28.5808],[77.0186,28.5843],[77.0172,28.5864],[77.0129,28.5864],[77.0004,28.5916],[76.9934,28.5909]]]},"properties":{"objectid":292832,"statename":"Delhi","statecode":"7","districtname":"South Delhi","districtcode":"98","ulbname":"Municipal Corporation Of Delhi","ulbcode":"800441","wardname":"Chhawla (39S)","wardcode":"143","id":" ","remark":"Ok","st_area(shape)":0.0013548448439187144,"st_perimeter(shape)":0.16116056043731317}},{"type":"Feature","geometry":{"type":"Polygon","coordinates":[[[76.9934,28.5909],[76.9896,28.5983],[76.9836,28.5987],[76.9835,28.5949],[76.9799,28.595],[76.9788,28.5928],[76.9729,28.5903],[76.9693,28.5865],[76.9636,28.5914],[76.9553,28.5911],[76.9553,28.5922],[76.9491,28.5957],[76.9482,28.5909],[76.9472,28.5909],[76.9471,28.5889],[76.945,28.5887],[76.9449,28.5873],[76.9396,28.5879],[76.936,28.5852],[76.9336,28.5851],[76.9347,28.5839],[76.9338,28.582],[76.9392,28.5791],[76.9379,28.5753],[76.9433,28.5757],[76.9435,28.5738],[76.9467,28.5736],[76.9462,28.5668],[76.9452,28.5656],[76.9306,28.565],[76.9224,28.5557],[76.9027,28.5579],[76.9028,28.5557],[76.9048,28.5555],[76.9048,28.5508],[76.9032,28.5507],[76.902,28.5473],[76.8922,28.549],[76.8923,28.548],[76.8859,28.5475],[76.8857,28.5435],[76.8847,28.5408],[76.883,28.5404],[76.883,28.5385],[76.8796,28.5401],[76.8763,28.5378],[76.8765,28.536],[76.8748,28.5341],[76.875,28.5308],[76.8735,28.5309],[76.8747,28.5281],[76.877,28.5249],[76.8878,28.5207],[76.8824,28.5107],[76.881,28.5053],[76.886,28.5016],[76.891,28.5014],[76.8977,28.5088],[76.9023,28.5096],[76.908,28.5144],[76.9169,28.5108],[76.9208,28.5076],[76.9273,28.511],[76.9346,28.51],[76.943,28.505],[76.9529,28.5052],[76.9754,28.5187],[76.978,28.522],[76.9826,28.5177],[76.9903,28.5139],[76.9951,28.5177],[76.9963,28.5204],[77.0105,28.5158],[77.0163,28.5212],[77.0159,28.5222],[77.0058,28.5272],[76.9999,28.5318],[76.9998,28.5337],[77.0015,28.5345],[77.0043,28.5404],[77.0067,28.542],[77.0079,28.5415],[77.0109,28.5449],[76.9905,28.5482],[76.9868,28.552],[76.9896,28.5546],[76.9973,28.573],[76.9934,28.5909]]]},"properties":{"objectid":292833,"statename":"Delhi","statecode":"7","districtname":"South Delhi","districtcode":"98","ulbname":"Municipal Corporation Of Delhi","ulbcode":"800441","wardname":"Ghuman Hera (40S)","wardcode":"144","id":" ","remark":"Ok","st_area(shape)":0.007403842154861624,"st_perimeter(shape)":0.536645154736228}}]}