{"type":"FeatureCollection","crs":{"type":"name","properties":{"name":"EPSG:4326"}},"features":[{"type":"Feature","id":1,"geometry":{"type":"Polygon","coordinates":[[[96.0943,29.4548],[96.0821,29.4617],[96.0571,29.4568],[96.0039,29.4104],[95.9886,29.4052],[95.9585,29.381],[95.8823,29.39],[95.8497,29.3571],[95.8417,29.3522],[95.8282,29.3542],[95.7979,29.3348],[95.7925,29.3364],[95.7846,29.3549],[95.7791,29.3549],[95.7469,29.3276],[95.7449,29.3147],[95.7285,29.3009],[95.7166,29.2968],[95.7033,29.2989],[95.6845,29.2757],[95.6443,29.2545],[95.6394,29.2483],[95.6326,29.2475],[95.6065,29.261],[95.6001,29.2604],[95.589,29.2409],[95.5871,29.2164],[95.5391,29.2125],[95.5466,29.179],[95.5479,29.1269],[95.5047,29.1414],[95.4975,29.1387],[95.4869,29.0745],[95.4659,29.0528],[95.4553,29.0352],[95.4484,29.0342],[95.4304,29.0395],[95.4226,29.0394],[95.4111,29.0324],[95.3857,29.0363],[95.3466,29.0445],[95.304,29.0614],[95.2678,29.0561],[95.2514,29.0671],[95.2521,29.1085],[95.1981,29.1063],[95.1233,29.1151],[95.1151,29.12],[95.1,29.1427],[95.0414,29.1514],[94.9993,29.1721],[94.9885,29.1727],[95.02,29.142],[95.0274,29.1326],[95.0245,29.1296],[94.9968,29.14],[94.9695,29.1589],[94.9207,29.1615],[94.8738,29.1836],[94.8486,29.1823],[94.8,29.1639],[94.7949,29.1691],[94.7949,29.1797],[94.8,29.2094],[94.793,29.2256],[94.7796,29.2406],[94.7135,29.3041],[94.6798,29.3276],[94.6441,29.3468],[94.6308,29.3485],[94.6262,29.3455],[94.6216,29.3126],[94.6079,29.2968],[94.5803,29.2806],[94.5764,29.275],[94.5746,29.2503],[94.5603,29.2286],[94.5355,29.2184],[94.4969,29.2164],[94.4337,29.2267],[94.4164,29.2125],[94.3748,29.19],[94.3701,29.1661],[94.3594,29.1523],[94.2902,29.148],[94.2601,29.1166],[94.2171,29.0838],[94.1775,29.0202],[94.1752,28.9914],[94.1605,28.9737],[94.1573,28.9543],[94.0686,28.8956],[94.0461,28.8734],[94.0321,28.853],[94.0169,28.8507],[93.997,28.8409],[94.002,28.8193],[93.9875,28.8062],[93.9872,28.7978],[94.0035,28.7837],[94.0033,28.7749],[93.9704,28.7508],[93.9673,28.7226],[93.9587,28.704],[93.9278,28.6711],[93.9213,28.6697],[93.9059,28.676],[93.8671,28.7031],[93.8459,28.7068],[93.8207,28.6943],[93.7872,28.6708],[93.7771,28.668],[93.7335,28.6888],[93.7016,28.6795],[93.6875,28.6789],[93.6221,28.6573],[93.5359,28.6585],[93.5266,28.6609],[93.5206,28.6735],[93.5114,28.6795],[93.4933,28.6837],[93.4814,28.6747],[93.4764,28.6533],[93.4689,28.6518],[93.459,28.6681],[93.4479,28.6758],[93.4141,28.6526],[93.3531,28.6386],[93.3392,28.6399],[93.3299,28.608],[93.3021,28.5993],[93.2997,28.5918],[93.3074,28.566],[93.291,28.5431],[93.2779,28.5045],[93.2373,28.4824],[93.2095,28.4519],[93.1846,28.4396],[93.183,28.4324],[93.2277,28.4079],[93.2334,28.4002],[93.2241,28.3775],[93.2211,28.361],[93.2245,28.3405],[93.2207,28.3332],[93.2086,28.3227],[93.1955,28.3175],[93.1567,28.318],[93.1266,28.3263],[93.0972,28.3066],[93.0739,28.3088],[93.0481,28.302],[93.0255,28.3028],[93.0355,28.2627],[93.0021,28.2303],[92.9917,28.234],[92.9878,28.2509],[92.9664,28.2614],[92.9148,28.2346],[92.9071,28.2148],[92.897,28.2042],[92.8298,28.1711],[92.8231,28.1735],[92.818,28.2012],[92.8015,28.2019],[92.7849,28.1834],[92.7384,28.1512],[92.6889,28.1254],[92.682,28.1176],[92.6629,28.0673],[92.6647,28.0624],[92.683,28.0582],[92.6971,28.0479],[92.741,27.9889],[92.7153,27.9487],[92.6706,27.8996],[92.6065,27.877],[92.5621,27.8205],[92.5453,27.8169],[92.5166,27.8397],[92.5028,27.841],[92.4564,27.8028],[92.4453,27.8003],[92.4154,27.8226],[92.4084,27.8217],[92.3845,27.8151],[92.3814,27.7946],[92.3519,27.7902],[92.3176,27.7778],[92.309,27.7788],[92.2864,27.8072],[92.2658,27.8576],[92.2481,27.8632],[92.2123,27.8587],[92.158,27.8368],[92.0572,27.7589],[92.0396,27.757],[91.9858,27.7698],[91.9677,27.7512],[91.9575,27.7505],[91.947,27.7285],[91.9207,27.7149],[91.9103,27.7261],[91.8806,27.7217],[91.8724,27.7343],[91.8625,27.7368],[91.8473,27.7755],[91.8356,27.7798],[91.8301,27.8075],[91.8264,27.8103],[91.8175,27.8033],[91.8127,27.8029],[91.8063,27.8088],[91.7604,27.8012],[91.7119,27.8133],[91.6965,27.8221],[91.6718,27.8567],[91.6644,27.8583],[91.6443,27.8542],[91.6241,27.8577],[91.6099,27.854],[91.5966,27.8621],[91.587,27.8563],[91.5797,27.8621],[91.5723,27.8608],[91.567,27.8528],[91.5613,27.8518],[91.5551,27.8586],[91.5465,27.8556],[91.5679,27.8154],[91.5754,27.8127],[91.5866,27.8188],[91.6013,27.8209],[91.6305,27.8008],[91.6335,27.7716],[91.6419,27.7652],[91.6423,27.758],[91.6319,27.747],[91.626,27.7059],[91.6123,27.6929],[91.5986,27.6925],[91.6007,27.6865],[91.594,27.6832],[91.5919,27.6718],[91.569,27.6524],[91.5599,27.6334],[91.5653,27.6199],[91.5782,27.6082],[91.5789,27.5995],[91.5641,27.5841],[91.5688,27.5749],[91.5835,27.5622],[91.5964,27.5394],[91.6074,27.5436],[91.6112,27.5415],[91.6224,27.5132],[91.6459,27.4988],[91.6492,27.4846],[91.655,27.4828],[91.6854,27.5022],[91.6919,27.5026],[91.7124,27.491],[91.7155,27.4734],[91.7217,27.4701],[91.7515,27.474],[91.7754,27.4643],[91.811,27.4723],[91.8301,27.4687],[91.8507,27.4823],[91.8646,27.4818],[91.8738,27.4725],[91.8925,27.4729],[91.9,27.4679],[91.9242,27.471],[91.9408,27.4603],[91.9561,27.4611],[91.9668,27.4664],[91.9805,27.4646],[91.9981,27.477],[92.0126,27.4814],[92.0201,27.4793],[92.0205,27.4472],[92.0252,27.4412],[92.04,27.4361],[92.0452,27.4249],[92.0433,27.4124],[92.0557,27.3996],[92.0472,27.3788],[92.0475,27.3679],[92.0495,27.3578],[92.0613,27.3448],[92.0599,27.3267],[92.079,27.3098],[92.1036,27.3009],[92.1215,27.287],[92.1199,27.2753],[92.1025,27.2685],[92.071,27.2768],[92.0406,27.2661],[92.0409,27.2613],[92.0667,27.2444],[92.0705,27.2231],[92.0581,27.2025],[92.0571,27.189],[92.0261,27.1712],[92.0251,27.1537],[92.0372,27.1378],[92.0229,27.1143],[92.0285,27.078],[92.0369,27.0696],[92.0344,27.0642],[92.0425,27.0597],[92.0455,27.0513],[92.0646,27.0516],[92.0772,27.0392],[92.0803,27.0199],[92.1038,27.007],[92.1026,26.9823],[92.1045,26.977],[92.1136,26.975],[92.1178,26.9595],[92.1123,26.9486],[92.1174,26.9317],[92.1082,26.8931],[92.114,26.8939],[92.12,26.8891],[92.1947,26.8901],[92.2551,26.9097],[92.276,26.9021],[92.3029,26.9072],[92.3026,26.9227],[92.3631,26.9346],[92.367,26.9288],[92.3983,26.9248],[92.4119,26.9429],[92.4257,26.9411],[92.4474,26.9589],[92.4968,26.9635],[92.5541,26.9575],[92.5833,26.9596],[92.6447,26.9868],[92.6724,27.0317],[92.7228,27.0183],[92.7632,27.0274],[92.7934,27.0229],[92.8388,27.0049],[92.8865,26.9998],[92.9183,26.9824],[92.9171,26.963],[92.9818,26.9361],[93.0218,26.9135],[93.0626,26.9224],[93.0882,26.9145],[93.1073,26.9259],[93.2467,26.9513],[93.3226,26.9601],[93.3804,26.9593],[93.4487,26.9509],[93.4624,26.938],[93.4706,26.9367],[93.4862,26.9424],[93.489,26.9363],[93.5247,26.9486],[93.5596,26.9528],[93.5866,26.9506],[93.6146,26.9604],[93.66,26.9671],[93.6936,26.9891],[93.7233,27.0209],[93.7673,27.0395],[93.7666,27.053],[93.7718,27.0542],[93.7708,27.0621],[93.7782,27.049],[93.7811,27.0656],[93.7837,27.0516],[93.7893,27.0507],[93.7938,27.0546],[93.7943,27.062],[93.7951,27.0571],[93.8001,27.058],[93.7937,27.0724],[93.8033,27.0582],[93.8113,27.059],[93.8107,27.0676],[93.8149,27.0616],[93.8219,27.0679],[93.8291,27.0669],[93.8356,27.0744],[93.8331,27.0817],[93.8377,27.0855],[93.8314,27.0869],[93.8266,27.0971],[93.825,27.1165],[93.8199,27.1228],[93.8094,27.1234],[93.8124,27.131],[93.8031,27.1329],[93.7968,27.129],[93.7947,27.1361],[93.8053,27.1372],[93.8059,27.1489],[93.8253,27.1686],[93.8386,27.1724],[93.8641,27.1962],[93.8993,27.2392],[93.9912,27.3284],[94.022,27.3463],[94.0302,27.3458],[94.0597,27.3616],[94.0895,27.4071],[94.1049,27.4141],[94.1178,27.4298],[94.1593,27.4617],[94.1566,27.475],[94.1761,27.4822],[94.1892,27.4925],[94.2006,27.495],[94.209,27.4926],[94.2207,27.5054],[94.2682,27.5209],[94.2574,27.5371],[94.2586,27.5556],[94.2466,27.5696],[94.2347,27.5693],[94.2249,27.5742],[94.2228,27.5883],[94.2266,27.5978],[94.2133,27.6003],[94.2094,27.6052],[94.2095,27.609],[94.2173,27.6074],[94.2227,27.6115],[94.2375,27.6328],[94.2514,27.6377],[94.2616,27.636],[94.267,27.6274],[94.2542,27.6143],[94.2724,27.603],[94.2773,27.5895],[94.2882,27.5894],[94.2898,27.5963],[94.2982,27.602],[94.3092,27.5909],[94.3227,27.5887],[94.3242,27.5847],[94.3328,27.587],[94.3369,27.5793],[94.3448,27.5822],[94.3506,27.5772],[94.3639,27.5744],[94.3923,27.5891],[94.4015,27.5851],[94.4184,27.5976],[94.4316,27.6004],[94.4333,27.5885],[94.4513,27.5719],[94.4617,27.5553],[94.4777,27.5762],[94.4989,27.5723],[94.5024,27.5775],[94.5214,27.5846],[94.5219,27.5915],[94.5359,27.5926],[94.5445,27.6011],[94.574,27.6039],[94.5875,27.6186],[94.5999,27.6183],[94.6028,27.6213],[94.6065,27.6187],[94.6234,27.6279],[94.6331,27.6243],[94.6466,27.6382],[94.6626,27.6454],[94.6826,27.646],[94.6878,27.6652],[94.709,27.6567],[94.7159,27.6576],[94.7251,27.6691],[94.7413,27.66],[94.7542,27.6606],[94.7691,27.6796],[94.7786,27.6798],[94.789,27.6853],[94.7936,27.6953],[94.8207,27.6922],[94.8409,27.7007],[94.8478,27.7057],[94.8523,27.7277],[95.249,27.8502],[95.3087,27.8681],[95.3795,27.8393],[95.5147,27.8796],[95.5145,27.8765],[95.534,27.8982],[95.5399,27.8966],[95.5442,27.8999],[95.5446,27.9109],[95.5635,27.9194],[95.5685,27.936],[95.5759,27.9398],[95.586,27.9368],[95.6052,27.9547],[95.8238,27.9716],[95.9717,27.9625],[95.9482,27.9372],[95.9492,27.9313],[95.9547,27.9313],[95.9485,27.9245],[95.9526,27.9202],[95.9426,27.9108],[95.9381,27.9126],[95.9354,27.9076],[95.941,27.9057],[95.9297,27.9028],[95.9377,27.8983],[95.9284,27.8952],[95.9262,27.899],[95.9259,27.8954],[95.9191,27.8951],[95.9236,27.8882],[95.9154,27.8895],[95.9167,27.8851],[95.925,27.8818],[95.9155,27.8839],[95.9106,27.8703],[95.9072,27.8705],[95.9065,27.8661],[95.9016,27.8686],[95.9048,27.8622],[95.8947,27.8621],[95.8953,27.8575],[95.8902,27.8601],[95.8836,27.8462],[95.8703,27.8328],[95.8377,27.8242],[95.838,27.8103],[95.8166,27.8028],[95.8003,27.7738],[95.7759,27.7537],[95.7793,27.7338],[95.7655,27.7265],[95.7541,27.7258],[95.7522,27.721],[95.7653,27.7147],[95.7628,27.7091],[95.7679,27.7022],[95.7637,27.6939],[95.7678,27.6871],[95.7828,27.6873],[95.7904,27.6802],[95.775,27.6744],[95.7703,27.6578],[95.7742,27.6509],[95.7957,27.6418],[95.7959,27.638],[95.7882,27.6349],[95.7894,27.6264],[95.7784,27.6241],[95.7799,27.6167],[95.7903,27.6118],[95.7906,27.5997],[95.8157,27.5988],[95.8184,27.5955],[95.8118,27.5833],[95.8142,27.5743],[95.8234,27.5746],[95.8333,27.5601],[95.8412,27.5621],[95.8607,27.5432],[95.8736,27.5471],[95.8766,27.5444],[95.8757,27.5125],[95.8868,27.4972],[95.8742,27.4933],[95.8706,27.4667],[95.8532,27.457],[95.8567,27.445],[95.8467,27.4387],[95.8422,27.4278],[95.8444,27.4217],[95.8601,27.4081],[95.8624,27.4116],[95.857,27.42],[95.8708,27.4264],[95.8756,27.4349],[95.8831,27.4354],[95.8839,27.4141],[95.8882,27.4091],[95.8856,27.3982],[95.8986,27.413],[95.9079,27.4344],[95.9412,27.4374],[95.9474,27.4331],[95.9451,27.4267],[95.9547,27.4197],[95.9602,27.4291],[95.9645,27.4181],[95.9654,27.4271],[95.9693,27.428],[95.9753,27.4195],[95.9701,27.415],[95.974,27.4115],[95.9832,27.4119],[95.9845,27.4045],[95.99,27.4025],[95.9981,27.388],[96.0178,27.3695],[96.0177,27.365],[95.9891,27.3566],[95.9868,27.3457],[95.9715,27.3366],[95.9652,27.328],[95.9755,27.3246],[95.9627,27.3232],[95.9609,27.3165],[95.955,27.3178],[95.9599,27.311],[95.9071,27.2891],[95.906,27.2823],[95.8971,27.2823],[95.9043,27.274],[95.8935,27.2677],[95.8923,27.2554],[95.8693,27.2601],[95.8563,27.2712],[95.8537,27.2793],[95.8592,27.2873],[95.8153,27.2786],[95.8051,27.273],[95.8054,27.2759],[95.7994,27.2766],[95.8008,27.2844],[95.7878,27.2787],[95.7795,27.2698],[95.742,27.2668],[95.7346,27.2605],[95.727,27.2597],[95.7201,27.2496],[95.7119,27.2529],[95.7014,27.2487],[95.6923,27.2533],[95.6814,27.2518],[95.6322,27.2298],[95.6189,27.2326],[95.6037,27.2243],[95.5875,27.223],[95.5745,27.2345],[95.5746,27.2437],[95.5534,27.249],[95.545,27.2601],[95.5351,27.2617],[95.5344,27.2647],[95.5302,27.2614],[95.5298,27.2646],[95.517,27.2576],[95.5091,27.2621],[95.5046,27.2495],[95.4842,27.2413],[95.4723,27.219],[95.4575,27.2089],[95.4558,27.2026],[95.4665,27.1817],[95.4594,27.1758],[95.4654,27.1665],[95.4532,27.1574],[95.4621,27.1498],[95.4532,27.1295],[95.4443,27.1353],[95.4446,27.1289],[95.4395,27.126],[95.4206,27.1259],[95.3984,27.1088],[95.3845,27.1056],[95.3829,27.0983],[95.3746,27.0928],[95.37,27.0946],[95.3711,27.1009],[95.3637,27.1026],[95.3688,27.1077],[95.3547,27.104],[95.2917,27.0666],[95.2762,27.0523],[95.277,27.0425],[95.26,27.0356],[95.2589,27.0304],[95.2463,27.0239],[95.2321,27.0428],[95.2302,27.0358],[95.2234,27.0362],[95.2111,27.0287],[95.2046,27.0378],[95.1966,27.0371],[95.197,26.9968],[95.1905,26.9929],[95.1915,26.9849],[95.2024,26.982],[95.2016,26.9739],[95.2113,26.9663],[95.202,26.9581],[95.209,26.9525],[95.2067,26.942],[95.2122,26.9301],[95.23,26.9226],[95.2324,26.916],[95.2288,26.9083],[95.2322,26.9028],[95.2267,26.8948],[95.2281,26.8808],[95.2087,26.8823],[95.1995,26.871],[95.186,26.8657],[95.1809,26.856],[95.187,26.8478],[95.2029,26.8464],[95.197,26.8361],[95.1973,26.8226],[95.2047,26.8047],[95.212,26.7995],[95.2083,26.7951],[95.2148,26.7901],[95.2425,26.7825],[95.2288,26.7753],[95.2311,26.7651],[95.2165,26.7556],[95.2149,26.7482],[95.2194,26.7458],[95.2099,26.729],[95.2221,26.7224],[95.227,26.7161],[95.2258,26.7103],[95.2328,26.7058],[95.2302,26.694],[95.2339,26.6825],[95.2492,26.6839],[95.2573,26.6761],[95.2596,26.6554],[95.2743,26.6588],[95.3034,26.6508],[95.3137,26.6627],[95.3262,26.6645],[95.3351,26.6736],[95.3445,26.6753],[95.3602,26.6709],[95.374,26.684],[95.3945,26.6849],[95.4033,26.6944],[95.418,26.6935],[95.4306,26.7],[95.4322,26.7152],[95.4454,26.7249],[95.4593,26.7429],[95.4739,26.7404],[95.4824,26.7465],[95.4846,26.7584],[95.5047,26.7925],[95.5065,26.8081],[95.5224,26.8135],[95.5246,26.8227],[95.5361,26.827],[95.5432,26.8354],[95.5566,26.8326],[95.5696,26.8163],[95.5858,26.8171],[95.6007,26.8111],[95.608,26.8132],[95.6266,26.8428],[95.6291,26.8579],[95.6263,26.8619],[95.6342,26.8684],[95.6315,26.8737],[95.6439,26.8761],[95.6461,26.8845],[95.6672,26.9029],[95.6945,26.8921],[95.7058,26.8806],[95.7231,26.8815],[95.7345,26.894],[95.745,26.8963],[95.7506,26.909],[95.7465,26.9155],[95.7479,26.9261],[95.7598,26.9367],[95.7552,26.954],[95.7684,26.977],[95.7812,26.9777],[95.7834,26.9901],[95.7961,26.9981],[95.802,27.0065],[95.8023,27.0151],[95.831,27.0075],[95.8426,27.0142],[95.8702,27.0131],[95.8755,27.0149],[95.879,27.0227],[95.894,27.0258],[95.904,27.0391],[95.9101,27.0366],[95.9457,27.0514],[95.9674,27.0985],[95.9847,27.1124],[95.9988,27.1354],[96.0101,27.1423],[96.0226,27.18],[96.054,27.1959],[96.064,27.2058],[96.0772,27.2082],[96.0899,27.2232],[96.099,27.2241],[96.1119,27.2317],[96.1203,27.2315],[96.1551,27.2484],[96.1853,27.2492],[96.1939,27.2615],[96.2095,27.2614],[96.2286,27.2788],[96.2454,27.2766],[96.248,27.2728],[96.2555,27.2747],[96.2714,27.2714],[96.2742,27.2834],[96.3074,27.2942],[96.3402,27.2849],[96.3459,27.2854],[96.3522,27.2949],[96.3669,27.2868],[96.3692,27.29],[96.3748,27.285],[96.3862,27.2847],[96.4026,27.2932],[96.4077,27.2878],[96.4214,27.3014],[96.4358,27.3024],[96.4406,27.3063],[96.4509,27.3012],[96.4625,27.3061],[96.4882,27.2962],[96.4902,27.3025],[96.5076,27.299],[96.5176,27.2855],[96.5236,27.2863],[96.5315,27.2963],[96.5413,27.3002],[96.5425,27.3089],[96.5511,27.3136],[96.5509,27.3183],[96.5643,27.3186],[96.5885,27.3357],[96.5962,27.3336],[96.5912,27.348],[96.6005,27.3549],[96.6057,27.3658],[96.6257,27.3664],[96.647,27.3594],[96.6603,27.3644],[96.6725,27.3577],[96.6756,27.3614],[96.6977,27.3577],[96.7023,27.36],[96.7042,27.3723],[96.7295,27.3594],[96.7452,27.3584],[96.7513,27.3526],[96.7668,27.3574],[96.7893,27.3458],[96.7967,27.3458],[96.8222,27.3091],[96.8355,27.3027],[96.8481,27.2904],[96.8501,27.2782],[96.8469,27.2716],[96.8628,27.2597],[96.8843,27.2602],[96.8879,27.2478],[96.8815,27.2398],[96.8878,27.2355],[96.8856,27.2269],[96.8601,27.2107],[96.8547,27.2108],[96.8582,27.204],[96.8568,27.1925],[96.8742,27.1806],[96.9013,27.1686],[96.9313,27.1616],[96.9559,27.1642],[96.9653,27.158],[96.9842,27.1544],[96.9929,27.1402],[97.0087,27.1402],[97.0272,27.1295],[97.0306,27.1314],[97.0362,27.1242],[97.0339,27.1185],[97.062,27.0992],[97.0634,27.0918],[97.0709,27.0898],[97.0766,27.0992],[97.088,27.0953],[97.0968,27.0968],[97.0948,27.104],[97.1004,27.109],[97.1054,27.1046],[97.1191,27.1043],[97.125,27.0958],[97.1382,27.0915],[97.1481,27.1074],[97.1495,27.1176],[97.1616,27.1232],[97.1657,27.1351],[97.1628,27.1431],[97.151,27.1493],[97.147,27.1653],[97.1363,27.1655],[97.1246,27.1747],[97.1219,27.1904],[97.0905,27.2136],[97.0925,27.2256],[97.0882,27.2388],[97.0549,27.2654],[97.0547,27.2752],[97.0405,27.2822],[97.0281,27.3085],[97.0243,27.3062],[97.0149,27.313],[97.0087,27.3105],[96.9984,27.3188],[96.9902,27.3441],[96.981,27.3458],[96.9786,27.3564],[96.9621,27.3729],[96.9676,27.3812],[96.9604,27.3946],[96.9605,27.404],[96.9347,27.4153],[96.9324,27.4314],[96.9164,27.4464],[96.9034,27.4528],[96.9105,27.4867],[96.926,27.508],[96.9353,27.5083],[96.9277,27.5121],[96.9265,27.527],[96.9196,27.5367],[96.9067,27.5443],[96.9084,27.5794],[96.8902,27.5794],[96.8898,27.6059],[96.8929,27.6159],[96.9035,27.6138],[96.9126,27.6288],[96.9214,27.6329],[96.9304,27.6455],[96.9351,27.6617],[96.9663,27.6626],[96.9696,27.6678],[96.9773,27.6637],[96.983,27.6665],[96.9854,27.6859],[97.0084,27.7103],[97.0091,27.7173],[97.0181,27.7278],[97.0193,27.7395],[97.0315,27.7429],[97.0315,27.7495],[97.0403,27.7481],[97.0475,27.7393],[97.0615,27.7486],[97.0719,27.7387],[97.0877,27.7342],[97.0976,27.7505],[97.1009,27.7667],[97.0946,27.7801],[97.0986,27.785],[97.1204,27.79],[97.1301,27.798],[97.1335,27.8066],[97.1565,27.8141],[97.1651,27.8209],[97.164,27.8277],[97.1832,27.8374],[97.1988,27.8559],[97.2527,27.901],[97.3049,27.9213],[97.3201,27.9031],[97.3173,27.8807],[97.3396,27.8852],[97.3609,27.8762],[97.3851,27.8874],[97.3747,27.9091],[97.3838,27.9177],[97.3718,27.9356],[97.3744,27.9775],[97.3875,28.0033],[97.4079,28.0064],[97.4115,28.0154],[97.3949,28.0255],[97.3735,28.0306],[97.3644,28.044],[97.3704,28.0541],[97.37,28.0618],[97.3282,28.057],[97.3083,28.0617],[97.3043,28.0689],[97.3068,28.0851],[97.3357,28.1114],[97.3367,28.1164],[97.3214,28.1402],[97.3275,28.1549],[97.3604,28.1884],[97.3688,28.1924],[97.389,28.1831],[97.3972,28.1854],[97.3973,28.1924],[97.3715,28.2176],[97.3483,28.2264],[97.3244,28.2431],[97.31,28.2441],[97.3033,28.2563],[97.2791,28.2687],[97.2652,28.2707],[97.2384,28.2677],[97.2313,28.2734],[97.2214,28.2926],[97.1898,28.2871],[97.1711,28.2919],[97.1493,28.327],[97.1234,28.3493],[97.1103,28.352],[97.0901,28.3629],[97.0636,28.3528],[97.0493,28.3513],[97.0202,28.3195],[96.994,28.3095],[96.9845,28.3155],[96.9716,28.3171],[96.9504,28.3334],[96.9235,28.3386],[96.9176,28.357],[96.8964,28.3796],[96.8603,28.3721],[96.85,28.3621],[96.8094,28.362],[96.7722,28.3681],[96.7611,28.3983],[96.7491,28.4159],[96.7321,28.425],[96.7043,28.4318],[96.6796,28.4456],[96.6628,28.4603],[96.5969,28.4609],[96.5779,28.4578],[96.5085,28.413],[96.495,28.4183],[96.4783,28.4194],[96.4566,28.414],[96.4303,28.3865],[96.4211,28.3457],[96.3976,28.3393],[96.3904,28.3575],[96.3783,28.3589],[96.3693,28.3893],[96.3183,28.3812],[96.3031,28.3998],[96.2623,28.4086],[96.34,28.4652],[96.3655,28.4747],[96.3715,28.4822],[96.3652,28.5],[96.3231,28.5257],[96.3244,28.5294],[96.3336,28.5339],[96.3534,28.556],[96.3696,28.5595],[96.4053,28.5593],[96.3997,28.5897],[96.4062,28.5898],[96.4213,28.5804],[96.4268,28.5825],[96.4432,28.6013],[96.4929,28.6335],[96.494,28.6391],[96.4695,28.6801],[96.4717,28.6837],[96.4895,28.684],[96.5213,28.7045],[96.5589,28.7073],[96.5849,28.717],[96.6126,28.7552],[96.6151,28.7741],[96.603,28.8],[96.5751,28.8262],[96.5369,28.88],[96.5382,28.917],[96.5233,28.9441],[96.5185,28.9672],[96.4929,28.9586],[96.4872,28.9616],[96.4772,28.9904],[96.5251,29.0758],[96.4771,29.0567],[96.4588,29.0424],[96.4357,29.0342],[96.3467,29.029],[96.3215,29.0095],[96.2937,28.9954],[96.2556,28.9559],[96.2482,28.9395],[96.228,28.926],[96.1746,28.9009],[96.1664,28.9026],[96.1629,28.9188],[96.1452,28.9343],[96.1541,28.9433],[96.1552,28.9524],[96.1805,28.9654],[96.1849,28.985],[96.1507,29.0503],[96.1149,29.0748],[96.1699,29.0848],[96.186,29.0918],[96.2007,29.1031],[96.2179,29.1353],[96.2282,29.1436],[96.2493,29.1474],[96.2607,29.1574],[96.3467,29.1681],[96.3589,29.1787],[96.3719,29.2152],[96.3882,29.2309],[96.3934,29.2538],[96.3757,29.2811],[96.3638,29.283],[96.346,29.2647],[96.3133,29.2565],[96.2936,29.2332],[96.2442,29.2326],[96.2349,29.241],[96.227,29.2574],[96.2109,29.2725],[96.2041,29.2913],[96.184,29.307],[96.1868,29.3424],[96.1764,29.3625],[96.159,29.3811],[96.1512,29.3973],[96.1145,29.4257],[96.0943,29.4548]]]},"properties":{"STNAME":"ARUNACHAL PRADESH","STCODE11":"12","STNAME_SH":"Arunachal Pradesh","Shape_Length":2937126.7029260146,"Shape_Area":105781735368.52295,"OBJECTID_1":1,"OBJECTID":1,"State_LGD":12,"Shape_Leng":2937126.70293,"MaxSimpTol":300,"MinSimpTol":300}},{"type":"Feature","id":2,"geometry":{"type":"Polygon","coordinates":[[[95.9717,27.9625],[95.8238,27.9716],[95.6052,27.9547],[95.586,27.9368],[95.5759,27.9398],[95.5685,27.936],[95.5635,27.9194],[95.5446,27.9109],[95.5442,27.8999],[95.5399,27.8966],[95.534,27.8982],[95.5145,27.8765],[95.5147,27.8796],[95.3795,27.8393],[95.3087,27.8681],[95.249,27.8502],[94.8523,27.7277],[94.8478,27.7057],[94.8409,27.7007],[94.8207,27.6922],[94.7936,27.6953],[94.789,27.6853],[94.7786,27.6798],[94.7691,27.6796],[94.7542,27.6606],[94.7413,27.66],[94.7251,27.6691],[94.7159,27.6576],[94.709,27.6567],[94.6878,27.6652],[94.6826,27.646],[94.6626,27.6454],[94.6466,27.6382],[94.6331,27.6243],[94.6234,27.6279],[94.6065,27.6187],[94.6028,27.6213],[94.5999,27.6183],[94.5875,27.6186],[94.574,27.6039],[94.5445,27.6011],[94.5359,27.5926],[94.5219,27.5915],[94.5214,27.5846],[94.5024,27.5775],[94.4989,27.5723],[94.4777,27.5762],[94.4617,27.5553],[94.4513,27.5719],[94.4333,27.5885],[94.4316,27.6004],[94.4184,27.5976],[94.4015,27.5851],[94.3923,27.5891],[94.3639,27.5744],[94.3506,27.5772],[94.3448,27.5822],[94.3369,27.5793],[94.3328,27.587],[94.3242,27.5847],[94.3227,27.5887],[94.3092,27.5909],[94.2982,27.602],[94.2898,27.5963],[94.2882,27.5894],[94.2773,27.5895],[94.2724,27.603],[94.2542,27.6143],[94.267,27.6274],[94.2616,27.636],[94.2514,27.6377],[94.2375,27.6328],[94.2227,27.6115],[94.2173,27.6074],[94.2095,27.609],[94.2094,27.6052],[94.2133,27.6003],[94.2266,27.5978],[94.2228,27.5883],[94.2249,27.5742],[94.2347,27.5693],[94.2466,27.5696],[94.2586,27.5556],[94.2574,27.5371],[94.2682,27.5209],[94.2207,27.5054],[94.209,27.4926],[94.2006,27.495],[94.1892,27.4925],[94.1761,27.4822],[94.1566,27.475],[94.1593,27.4617],[94.1178,27.4298],[94.1049,27.4141],[94.0895,27.4071],[94.0597,27.3616],[94.0302,27.3458],[94.022,27.3463],[93.9912,27.3284],[93.8993,27.2392],[93.8641,27.1962],[93.8386,27.1724],[93.8253,27.1686],[93.8059,27.1489],[93.8053,27.1372],[93.7947,27.1361],[93.7968,27.129],[93.8031,27.1329],[93.8124,27.131],[93.8094,27.1234],[93.8199,27.1228],[93.825,27.1165],[93.8266,27.0971],[93.8314,27.0869],[93.8377,27.0855],[93.8331,27.0817],[93.8356,27.0744],[93.8291,27.0669],[93.8219,27.0679],[93.8149,27.0616],[93.8107,27.0676],[93.8113,27.059],[93.8033,27.0582],[93.7937,27.0724],[93.8001,27.058],[93.7951,27.0571],[93.7943,27.062],[93.7938,27.0546],[93.7893,27.0507],[93.7837,27.0516],[93.7811,27.0656],[93.7782,27.049],[93.7708,27.0621],[93.7718,27.0542],[93.7666,27.053],[93.7673,27.0395],[93.7233,27.0209],[93.6936,26.9891],[93.66,26.9671],[93.6146,26.9604],[93.5866,26.9506],[93.5596,26.9528],[93.5247,26.9486],[93.489,26.9363],[93.4862,26.9424],[93.4706,26.9367],[93.4624,26.938],[93.4487,26.9509],[93.3804,26.9593],[93.3226,26.9601],[93.2467,26.9513],[93.1073,26.9259],[93.0882,26.9145],[93.0626,26.9224],[93.0218,26.9135],[92.9818,26.9361],[92.9171,26.963],[92.9183,26.9824],[92.8865,26.9998],[92.8388,27.0049],[92.7934,27.0229],[92.7632,27.0274],[92.7228,27.0183],[92.6724,27.0317],[92.6447,26.9868],[92.5833,26.9596],[92.5541,26.9575],[92.4968,26.9635],[92.4474,26.9589],[92.4257,26.9411],[92.4119,26.9429],[92.3983,26.9248],[92.367,26.9288],[92.3631,26.9346],[92.3026,26.9227],[92.3029,26.9072],[92.276,26.9021],[92.2551,26.9097],[92.1947,26.8901],[92.12,26.8891],[92.114,26.8939],[92.1017,26.8814],[92.1024,26.8673],[92.0562,26.8467],[91.9836,26.8579],[91.9643,26.8821],[91.893,26.9187],[91.8594,26.9132],[91.8242,26.8639],[91.7207,26.8119],[91.7048,26.813],[91.6901,26.8068],[91.6259,26.821],[91.593,26.8052],[91.4952,26.7912],[91.4493,26.8107],[91.4081,26.84],[91.3762,26.7954],[91.3373,26.7806],[91.2967,26.7872],[91.2775,26.8003],[91.2368,26.812],[91.1463,26.8111],[91.0976,26.8221],[91.0541,26.7808],[90.9917,26.7908],[90.9571,26.7817],[90.9563,26.7878],[90.8169,26.7763],[90.7422,26.7751],[90.717,26.7684],[90.6931,26.7708],[90.6758,26.7844],[90.6464,26.7768],[90.6342,26.7941],[90.5843,26.804],[90.5464,26.8168],[90.4181,26.9044],[90.3567,26.901],[90.3474,26.8885],[90.3479,26.8753],[90.3006,26.8485],[90.2482,26.8595],[90.2308,26.8588],[90.2012,26.8354],[90.1877,26.8071],[90.1947,26.7737],[90.14,26.7538],[90.0492,26.7304],[90.0081,26.7323],[89.9667,26.7235],[89.8976,26.7243],[89.8624,26.737],[89.8588,26.7349],[89.8639,26.7308],[89.8652,26.7047],[89.8518,26.6972],[89.8633,26.6813],[89.8593,26.6554],[89.8664,26.6456],[89.8497,26.6281],[89.8498,26.6231],[89.8549,26.6151],[89.8695,26.614],[89.8655,26.592],[89.8742,26.584],[89.8576,26.576],[89.8624,26.5538],[89.8571,26.5421],[89.8595,26.5326],[89.851,26.5208],[89.854,26.4996],[89.8498,26.4909],[89.8577,26.4841],[89.861,26.4692],[89.868,26.4679],[89.869,26.4537],[89.8571,26.441],[89.8554,26.4282],[89.8478,26.4229],[89.8563,26.413],[89.8345,26.4139],[89.828,26.3946],[89.838,26.3914],[89.8462,26.4048],[89.8552,26.3966],[89.8564,26.3843],[89.8466,26.3863],[89.8412,26.3794],[89.8306,26.3854],[89.8249,26.3816],[89.8273,26.3711],[89.8201,26.3641],[89.8241,26.3558],[89.8203,26.3527],[89.8147,26.3539],[89.8111,26.3604],[89.8204,26.373],[89.8107,26.3714],[89.8015,26.3617],[89.781,26.3528],[89.7826,26.3327],[89.7632,26.3166],[89.7554,26.3233],[89.7505,26.3214],[89.7535,26.3031],[89.76,26.2916],[89.7572,26.2888],[89.7487,26.2908],[89.7447,26.2969],[89.7377,26.2928],[89.7268,26.2944],[89.7217,26.2999],[89.7254,26.3073],[89.7198,26.307],[89.7177,26.2956],[89.7383,26.2698],[89.7339,26.2668],[89.7343,26.2596],[89.7197,26.2574],[89.7125,26.2618],[89.7145,26.2698],[89.7071,26.2705],[89.7023,26.2594],[89.7047,26.2561],[89.717,26.2569],[89.7181,26.2449],[89.7321,26.2367],[89.7142,26.2297],[89.7107,26.2176],[89.7005,26.2179],[89.7094,26.2115],[89.7256,26.2176],[89.7323,26.2152],[89.734,26.21],[89.7117,26.2023],[89.7175,26.2011],[89.7205,26.1952],[89.7132,26.1872],[89.6986,26.1908],[89.7098,26.1719],[89.7326,26.1771],[89.7367,26.172],[89.7288,26.1734],[89.7285,26.167],[89.7196,26.1659],[89.7222,26.1561],[89.7472,26.158],[89.754,26.1396],[89.7634,26.1369],[89.7666,26.1293],[89.7553,26.114],[89.7567,26.1083],[89.7643,26.11],[89.77,26.1047],[89.779,26.1082],[89.7844,26.1054],[89.7818,26.0832],[89.7891,26.0892],[89.7946,26.0887],[89.79,26.0755],[89.7967,26.0767],[89.7986,26.0596],[89.7854,26.0571],[89.7889,26.0489],[89.7737,26.0385],[89.7766,26.0351],[89.7798,26.0405],[89.7887,26.0402],[89.7907,26.0345],[89.7934,26.0424],[89.8018,26.0405],[89.794,26.0226],[89.788,26.019],[89.7965,26.0231],[89.8055,26.0441],[89.8087,26.0438],[89.8192,26.0257],[89.8154,26.0186],[89.822,26.0098],[89.8204,25.9974],[89.815,25.998],[89.8205,25.9873],[89.836,25.9824],[89.8309,26.0019],[89.831,26.0102],[89.8363,26.0127],[89.8474,26.0013],[89.8504,25.9901],[89.8729,25.9773],[89.8574,25.9688],[89.8419,25.9704],[89.8387,25.966],[89.8428,25.9645],[89.8493,25.9492],[89.8294,25.955],[89.8253,25.9459],[89.8421,25.9442],[89.8391,25.9412],[89.8446,25.94],[89.8761,25.9469],[89.8872,25.9451],[89.8783,25.9242],[89.8607,25.9076],[89.8333,25.8712],[89.8352,25.8403],[89.8168,25.8149],[89.8275,25.8081],[89.8407,25.7651],[89.8393,25.7551],[89.8271,25.7406],[89.8278,25.7296],[89.835,25.7159],[89.8494,25.7151],[89.8521,25.7084],[89.8471,25.6943],[89.8634,25.6658],[89.8709,25.6627],[89.8812,25.6294],[89.8823,25.6173],[89.8733,25.588],[89.8758,25.581],[89.8672,25.562],[89.8661,25.5461],[89.8514,25.5389],[89.8602,25.5174],[89.8481,25.4787],[89.8513,25.4664],[89.8716,25.4774],[89.8766,25.4956],[89.8728,25.5075],[89.8859,25.508],[89.8806,25.5168],[89.8834,25.5192],[89.8733,25.517],[89.8679,25.5243],[89.868,25.53],[89.8788,25.5378],[89.8749,25.5438],[89.8783,25.5504],[89.8986,25.5606],[89.9368,25.5645],[89.9604,25.5745],[89.9721,25.5736],[89.9834,25.5913],[90.0029,25.5855],[90.0109,25.6016],[90.0168,25.602],[90.0202,25.6076],[90.0041,25.6203],[90.0069,25.6234],[90.0041,25.6268],[89.9988,25.6225],[89.9831,25.6269],[89.9791,25.6389],[89.9504,25.6557],[89.9474,25.6711],[89.9429,25.6723],[89.9444,25.6793],[89.9362,25.6898],[89.9235,25.6946],[89.9186,25.7052],[89.8991,25.7265],[89.8947,25.7451],[89.8996,25.7472],[89.926,25.7385],[89.9375,25.7455],[89.9352,25.7546],[89.942,25.7559],[89.9547,25.7673],[89.9553,25.7779],[89.9593,25.78],[89.9543,25.7881],[89.9584,25.8014],[89.9545,25.804],[89.9558,25.8113],[89.9485,25.8152],[89.9482,25.8256],[89.9576,25.8292],[89.9541,25.8214],[89.9619,25.8203],[89.9676,25.8226],[89.9639,25.8331],[89.971,25.8265],[89.9777,25.828],[89.9814,25.8356],[90.0035,25.8393],[89.9989,25.8429],[90.0006,25.8463],[90.0091,25.8459],[90.0223,25.8602],[90.0228,25.8701],[90.0056,25.8786],[90.0193,25.8922],[90.0252,25.8958],[90.0336,25.8945],[90.0424,25.8878],[90.0413,25.8942],[90.0476,25.8999],[90.0554,25.9007],[90.0555,25.9058],[90.0624,25.9103],[90.0605,25.9136],[90.067,25.9131],[90.0705,25.9185],[90.0758,25.915],[90.0862,25.9196],[90.0854,25.9256],[90.094,25.9279],[90.0921,25.9382],[90.0979,25.9375],[90.101,25.9433],[90.1066,25.9424],[90.1075,25.9492],[90.1162,25.957],[90.1205,25.9579],[90.1197,25.9542],[90.1317,25.9588],[90.1405,25.9574],[90.151,25.9668],[90.1584,25.9572],[90.1769,25.959],[90.1868,25.9442],[90.1924,25.9553],[90.2028,25.961],[90.2099,25.9598],[90.2114,25.9527],[90.2705,25.9604],[90.3247,25.9735],[90.3315,25.9877],[90.3403,25.9884],[90.3497,26.0042],[90.3721,26.0114],[90.3997,26.0126],[90.4154,25.9989],[90.4168,25.9916],[90.4251,25.9889],[90.4761,26.0097],[90.5025,25.9916],[90.5349,25.9497],[90.5341,25.9391],[90.5206,25.9261],[90.5085,25.9016],[90.5149,25.8962],[90.5381,25.9138],[90.5491,25.9155],[90.5437,25.9237],[90.5524,25.9228],[90.5767,25.9368],[90.5797,25.9514],[90.5878,25.9582],[90.5996,25.9552],[90.6048,25.9472],[90.6241,25.9393],[90.6062,25.9167],[90.6135,25.8994],[90.6218,25.8979],[90.6307,25.9064],[90.6261,25.9134],[90.6316,25.9199],[90.6726,25.9347],[90.6883,25.949],[90.7138,25.9518],[90.7175,25.955],[90.7244,25.9469],[90.7428,25.9581],[90.7444,25.9552],[90.748,25.9568],[90.7477,25.9484],[90.7403,25.9395],[90.7466,25.9282],[90.7527,25.9344],[90.7541,25.9295],[90.7469,25.9249],[90.7477,25.919],[90.7389,25.9163],[90.7452,25.9119],[90.7605,25.922],[90.7566,25.9111],[90.7663,25.9077],[90.7811,25.9114],[90.7844,25.9252],[90.7963,25.9406],[90.8091,25.9475],[90.809,25.9525],[90.8243,25.9455],[90.8258,25.9488],[90.8328,25.946],[90.8361,25.9485],[90.8354,25.9367],[90.8443,25.9461],[90.8748,25.9426],[90.8716,25.9477],[90.8766,25.9495],[90.881,25.9429],[90.8804,25.9506],[90.8845,25.9504],[90.89,25.9382],[90.8974,25.9376],[90.8944,25.9313],[90.9052,25.929],[90.9168,25.9142],[90.9194,25.9153],[90.9142,25.9258],[90.9173,25.9445],[90.9338,25.9399],[90.9399,25.9474],[90.9474,25.9482],[90.9461,25.9411],[90.957,25.9351],[90.9666,25.9142],[90.9688,25.8853],[90.976,25.8898],[91.0105,25.8843],[91.0252,25.8889],[91.0305,25.8859],[91.0278,25.8694],[91.014,25.857],[91.0152,25.8485],[91.0013,25.8252],[91.0059,25.8205],[91.0224,25.8239],[91.0482,25.8493],[91.0671,25.8467],[91.0784,25.8528],[91.0718,25.8389],[91.0593,25.8368],[91.0577,25.8319],[91.0488,25.8294],[91.0621,25.8209],[91.0771,25.829],[91.1203,25.833],[91.1294,25.8427],[91.136,25.8427],[91.1475,25.8506],[91.1802,25.8441],[91.1958,25.8615],[91.1975,25.8496],[91.2036,25.8433],[91.1862,25.8185],[91.1904,25.8115],[91.1782,25.7774],[91.1892,25.764],[91.1904,25.7479],[91.21,25.7256],[91.2224,25.7227],[91.2745,25.7505],[91.2886,25.7656],[91.3222,25.8216],[91.3342,25.8332],[91.3353,25.8406],[91.344,25.8372],[91.3466,25.8401],[91.3658,25.8401],[91.3728,25.8468],[91.4224,25.8546],[91.4451,25.8398],[91.463,25.8571],[91.4778,25.8574],[91.4836,25.8643],[91.4973,25.8612],[91.5136,25.8641],[91.5223,25.8729],[91.5304,25.8713],[91.5304,25.8817],[91.5351,25.884],[91.5265,25.8912],[91.5212,25.8752],[91.5131,25.8658],[91.4816,25.8679],[91.4749,25.8703],[91.4747,25.8741],[91.4783,25.8876],[91.4839,25.8931],[91.4918,25.8959],[91.5038,25.8913],[91.4987,25.8961],[91.5048,25.9079],[91.5369,25.9313],[91.5365,25.9359],[91.5046,25.9115],[91.5028,25.9266],[91.5137,25.933],[91.5151,25.9413],[91.5197,25.94],[91.518,25.9598],[91.5355,25.9624],[91.5383,25.9715],[91.5512,25.9767],[91.5516,25.9851],[91.5605,26.001],[91.565,26.0021],[91.5636,26.0076],[91.5721,26.0155],[91.5707,26.0258],[91.5798,26.0333],[91.5886,26.0297],[91.5975,26.0182],[91.6195,26.0261],[91.631,26.0221],[91.6348,26.0122],[91.6281,26.0008],[91.6302,25.9902],[91.626,25.9868],[91.6282,25.9762],[91.6406,25.9639],[91.6343,25.9606],[91.6297,25.9433],[91.6118,25.9451],[91.6094,25.9375],[91.6364,25.9214],[91.6514,25.9064],[91.6633,25.9079],[91.6705,25.9042],[91.6788,25.9163],[91.688,25.9203],[91.7023,25.9414],[91.7134,25.9441],[91.72,25.9537],[91.723,26.0352],[91.7253,26.0463],[91.7336,26.0493],[91.7368,26.0563],[91.731,26.059],[91.7627,26.0724],[91.7772,26.0894],[91.7858,26.0841],[91.7913,26.0853],[91.8003,26.1001],[91.8029,26.0954],[91.8055,26.0992],[91.809,26.0979],[91.8253,26.1195],[91.8657,26.1005],[91.8791,26.0981],[91.8672,26.0421],[91.8747,26.0431],[91.873,26.0389],[91.883,26.0262],[91.8887,26.028],[91.9146,26.0206],[91.9147,26.0141],[91.9097,26.0128],[91.9132,26.0095],[91.9097,26.0089],[91.9141,26.0073],[91.9143,25.9989],[91.9189,25.9979],[91.9282,26.0025],[91.9311,26.0125],[91.9471,26.0133],[91.9731,26.0222],[91.9789,26.0276],[91.9835,26.0259],[91.989,26.0386],[92.004,26.0357],[92.0061,26.0387],[92.0305,26.0397],[92.0514,26.0329],[92.0667,26.0352],[92.0972,26.0493],[92.1087,26.0508],[92.1213,26.044],[92.1325,26.0443],[92.1341,26.0525],[92.1693,26.0777],[92.1787,26.0783],[92.176,26.0703],[92.1873,26.0694],[92.1871,26.0667],[92.2205,26.0704],[92.2415,26.0619],[92.2688,26.0683],[92.2748,26.0657],[92.2639,26.0575],[92.27,26.0476],[92.2689,26.0429],[92.261,26.0417],[92.2634,26.0332],[92.2437,26.0216],[92.2444,26.0183],[92.2338,26.0092],[92.2118,26.0046],[92.2091,25.998],[92.2038,26.0013],[92.1975,25.9947],[92.1985,25.9883],[92.1808,25.9851],[92.1786,25.9775],[92.1641,25.9704],[92.164,25.9579],[92.1524,25.9444],[92.1524,25.9397],[92.1601,25.9354],[92.1608,25.9282],[92.1547,25.9111],[92.1755,25.9075],[92.186,25.9167],[92.1894,25.9147],[92.1944,25.9186],[92.194,25.9118],[92.2022,25.9064],[92.2172,25.9116],[92.2255,25.9093],[92.2149,25.8954],[92.1989,25.8891],[92.1875,25.8773],[92.1772,25.8728],[92.1774,25.8516],[92.1725,25.85],[92.1697,25.839],[92.1619,25.8356],[92.1612,25.8207],[92.1569,25.8217],[92.151,25.8167],[92.1463,25.7842],[92.1526,25.7781],[92.1477,25.773],[92.1626,25.741],[92.1544,25.7251],[92.1481,25.7254],[92.1442,25.7169],[92.1476,25.7096],[92.1547,25.7063],[92.1605,25.6842],[92.1561,25.6723],[92.1701,25.6672],[92.1733,25.6742],[92.208,25.6957],[92.225,25.7162],[92.2316,25.716],[92.2344,25.7077],[92.2473,25.7132],[92.2643,25.7092],[92.2771,25.7156],[92.2929,25.7166],[92.3113,25.728],[92.3169,25.7225],[92.3334,25.7242],[92.3457,25.7293],[92.3532,25.7399],[92.3642,25.7375],[92.3689,25.7474],[92.3737,25.7505],[92.3786,25.7485],[92.3839,25.7546],[92.3817,25.7421],[92.3878,25.7442],[92.3976,25.7406],[92.4065,25.7447],[92.4142,25.7416],[92.409,25.7339],[92.4116,25.7301],[92.4311,25.7323],[92.4329,25.7271],[92.4442,25.7198],[92.4476,25.7091],[92.4378,25.7059],[92.4406,25.6917],[92.4702,25.6752],[92.4971,25.6245],[92.506,25.6215],[92.5055,25.6164],[92.515,25.6184],[92.5163,25.6152],[92.5333,25.615],[92.5391,25.6117],[92.5541,25.6149],[92.5554,25.6019],[92.5521,25.6026],[92.5565,25.5966],[92.5566,25.5711],[92.5724,25.5574],[92.5823,25.5577],[92.584,25.5506],[92.5947,25.5517],[92.6018,25.562],[92.622,25.5653],[92.6416,25.5886],[92.6529,25.591],[92.6614,25.5723],[92.6574,25.5699],[92.6567,25.5609],[92.6453,25.5558],[92.6428,25.5349],[92.6201,25.5162],[92.5736,25.4906],[92.5643,25.4737],[92.5646,25.4656],[92.5687,25.4638],[92.5803,25.4722],[92.584,25.4657],[92.5918,25.4705],[92.5985,25.4682],[92.5975,25.4508],[92.6045,25.4477],[92.6065,25.4133],[92.6185,25.4231],[92.6275,25.4221],[92.6256,25.435],[92.6358,25.4274],[92.6395,25.4177],[92.6535,25.4336],[92.6518,25.4193],[92.6616,25.4065],[92.6674,25.4149],[92.6734,25.4141],[92.6777,25.4071],[92.6927,25.3978],[92.6982,25.3864],[92.7098,25.3846],[92.7179,25.3727],[92.7237,25.3789],[92.7379,25.3794],[92.7323,25.369],[92.7463,25.3584],[92.7498,25.3442],[92.761,25.3336],[92.7698,25.3383],[92.7817,25.3333],[92.7868,25.3145],[92.7812,25.3051],[92.7924,25.2827],[92.7874,25.2742],[92.7685,25.2682],[92.7777,25.2583],[92.7749,25.2521],[92.7664,25.2522],[92.7618,25.2466],[92.7716,25.2301],[92.7819,25.2303],[92.8027,25.2171],[92.7949,25.2099],[92.786,25.2094],[92.7761,25.1997],[92.7428,25.2068],[92.7371,25.2006],[92.716,25.1959],[92.7025,25.1885],[92.6938,25.1793],[92.6771,25.1826],[92.6679,25.1742],[92.6634,25.1768],[92.6583,25.172],[92.6557,25.1551],[92.6386,25.1478],[92.6282,25.1382],[92.6288,25.1263],[92.6213,25.1151],[92.6088,25.1227],[92.5949,25.1223],[92.588,25.1289],[92.5605,25.1304],[92.5553,25.1271],[92.5248,25.1353],[92.5215,25.1391],[92.523,25.1261],[92.5393,25.0992],[92.5199,25.106],[92.5088,25.1043],[92.4969,25.1096],[92.4809,25.1087],[92.4773,25.1003],[92.4793,25.0867],[92.474,25.0821],[92.4753,25.0779],[92.4705,25.0765],[92.4719,25.0674],[92.4636,25.055],[92.4601,25.0574],[92.4569,25.0542],[92.457,25.0468],[92.4623,25.0482],[92.4642,25.0375],[92.4424,25.0453],[92.4382,25.044],[92.4381,25.0347],[92.4321,25.0352],[92.4292,25.0292],[92.4252,25.0297],[92.4248,25.012],[92.4159,24.9901],[92.4219,24.9884],[92.4184,24.9665],[92.4474,24.964],[92.4586,24.9705],[92.4671,24.964],[92.4657,24.9569],[92.4496,24.9501],[92.4491,24.9389],[92.4872,24.9471],[92.4839,24.9286],[92.4945,24.916],[92.4928,24.9062],[92.4967,24.9022],[92.491,24.8916],[92.4924,24.8743],[92.4791,24.8725],[92.4758,24.8675],[92.4615,24.8733],[92.4446,24.872],[92.4385,24.8561],[92.4255,24.8527],[92.4063,24.8591],[92.4002,24.8487],[92.3857,24.8518],[92.375,24.8736],[92.3632,24.8723],[92.3486,24.8911],[92.3447,24.8894],[92.3443,24.8801],[92.3395,24.8782],[92.3287,24.8883],[92.3264,24.8969],[92.3159,24.8952],[92.3073,24.9015],[92.3066,24.9092],[92.3001,24.9154],[92.2867,24.9124],[92.2821,24.9061],[92.2486,24.9091],[92.2336,24.9006],[92.2356,24.8928],[92.2471,24.885],[92.246,24.8675],[92.238,24.8685],[92.2347,24.8616],[92.2395,24.8577],[92.2414,24.8421],[92.2533,24.8381],[92.2489,24.8297],[92.2529,24.8323],[92.273,24.8276],[92.2762,24.8156],[92.2734,24.7994],[92.2889,24.7848],[92.2799,24.7664],[92.2889,24.7609],[92.279,24.7457],[92.2959,24.7366],[92.2544,24.6781],[92.257,24.6735],[92.247,24.6549],[92.2498,24.6491],[92.2435,24.6163],[92.2352,24.5979],[92.2312,24.547],[92.2117,24.5045],[92.2298,24.5024],[92.2365,24.4888],[92.2298,24.4817],[92.23,24.4517],[92.2367,24.4446],[92.2466,24.442],[92.2567,24.3993],[92.2598,24.3585],[92.2401,24.3264],[92.2374,24.3093],[92.2188,24.2857],[92.2097,24.2483],[92.1923,24.2433],[92.2199,24.2343],[92.2248,24.2411],[92.2369,24.2403],[92.2656,24.2509],[92.4224,24.255],[92.4188,24.1928],[92.4356,24.1794],[92.4363,24.1531],[92.4427,24.1546],[92.449,24.1441],[92.4505,24.1472],[92.4566,24.1445],[92.4642,24.1363],[92.4745,24.1437],[92.4786,24.1421],[92.4805,24.1455],[92.4769,24.1475],[92.4836,24.1631],[92.5014,24.1605],[92.5061,24.1642],[92.5032,24.1679],[92.5113,24.1655],[92.5068,24.17],[92.5143,24.1696],[92.5099,24.1726],[92.5154,24.179],[92.5239,24.1715],[92.5341,24.1802],[92.531,24.1852],[92.547,24.2203],[92.5508,24.2473],[92.572,24.252],[92.6059,24.2486],[92.6122,24.2536],[92.6247,24.3342],[92.6356,24.3368],[92.6386,24.3345],[92.6362,24.3314],[92.6403,24.3337],[92.6386,24.3285],[92.6457,24.3279],[92.6461,24.331],[92.6516,24.3312],[92.6613,24.3483],[92.6642,24.3462],[92.6655,24.3497],[92.6688,24.3462],[92.6771,24.3503],[92.6847,24.3466],[92.6837,24.3506],[92.6897,24.3537],[92.6947,24.3655],[92.6927,24.3686],[92.7035,24.3755],[92.7128,24.4113],[92.7507,24.4922],[92.7521,24.5063],[92.7629,24.5212],[92.7966,24.4329],[92.8012,24.4298],[92.7993,24.4192],[92.8067,24.419],[92.8123,24.4094],[92.8188,24.4102],[92.8201,24.4038],[92.8298,24.4004],[92.823,24.3866],[92.8293,24.3738],[92.8357,24.3786],[92.8433,24.378],[92.8461,24.3861],[92.8608,24.3986],[92.8732,24.395],[92.8836,24.4025],[92.8885,24.3984],[92.8914,24.4006],[92.8929,24.3928],[92.9028,24.3912],[92.9092,24.413],[92.9311,24.3931],[92.9392,24.4008],[92.9511,24.4031],[92.9578,24.392],[92.9736,24.4084],[92.9942,24.399],[93.0139,24.4171],[93.0161,24.4088],[93.0245,24.4069],[93.0398,24.4119],[93.043,24.4166],[93.0328,24.4289],[93.0356,24.4599],[93.0455,24.4634],[93.0463,24.4737],[93.0325,24.4954],[93.0427,24.5049],[93.0371,24.5095],[93.0386,24.513],[93.05,24.5195],[93.0471,24.5287],[93.0499,24.5443],[93.0569,24.5545],[93.0645,24.5469],[93.0707,24.5582],[93.0582,24.5742],[93.0756,24.5752],[93.0843,24.5712],[93.0931,24.5816],[93.1043,24.5825],[93.0935,24.5918],[93.0802,24.5902],[93.071,24.6007],[93.0841,24.6137],[93.0756,24.6246],[93.0786,24.629],[93.0872,24.6298],[93.0831,24.6499],[93.0953,24.6529],[93.0964,24.6644],[93.1041,24.6743],[93.1018,24.6808],[93.09,24.6773],[93.0912,24.6881],[93.0734,24.7079],[93.0773,24.7131],[93.0865,24.7096],[93.0931,24.719],[93.0906,24.7252],[93.0958,24.7243],[93.097,24.7321],[93.1077,24.7415],[93.1026,24.7469],[93.0998,24.7433],[93.0981,24.7545],[93.1035,24.7673],[93.1004,24.7795],[93.1051,24.7812],[93.1047,24.7914],[93.1113,24.8007],[93.1093,24.8116],[93.1213,24.8193],[93.1188,24.8078],[93.1269,24.8089],[93.1317,24.8053],[93.1347,24.8107],[93.1385,24.8101],[93.1346,24.8082],[93.1416,24.7974],[93.1511,24.7948],[93.1494,24.7875],[93.1706,24.802],[93.176,24.794],[93.1798,24.8032],[93.191,24.8041],[93.1969,24.8115],[93.19,24.8187],[93.1958,24.831],[93.1915,24.8345],[93.1977,24.8343],[93.2005,24.8381],[93.196,24.8368],[93.1922,24.8429],[93.2014,24.8422],[93.2012,24.8486],[93.1947,24.854],[93.1995,24.8552],[93.204,24.8512],[93.2214,24.8696],[93.2203,24.8736],[93.2263,24.8729],[93.2214,24.8816],[93.2327,24.8848],[93.2259,24.892],[93.232,24.892],[93.2295,24.8979],[93.2384,24.8988],[93.2407,24.9035],[93.2351,24.9115],[93.244,24.9107],[93.2487,24.9149],[93.2459,24.9253],[93.2384,24.9258],[93.245,24.9355],[93.237,24.9326],[93.2367,24.9373],[93.2512,24.9407],[93.2453,24.9509],[93.2629,24.9614],[93.2608,24.9716],[93.2495,24.9732],[93.2519,24.9772],[93.2491,24.9776],[93.2569,24.9962],[93.2527,24.999],[93.2597,25.0017],[93.2569,25.0048],[93.2522,25.001],[93.2504,25.0044],[93.2488,24.999],[93.2443,24.9982],[93.2417,25.004],[93.2476,25.015],[93.2438,25.0184],[93.2538,25.0207],[93.2513,25.0272],[93.2598,25.0351],[93.2595,25.0413],[93.266,25.0439],[93.2622,25.046],[93.2641,25.0495],[93.28,25.0511],[93.2834,25.0451],[93.2913,25.0487],[93.2936,25.0464],[93.2987,25.052],[93.2999,25.0461],[93.3007,25.056],[93.3055,25.0575],[93.3023,25.0634],[93.306,25.0717],[93.3218,25.0909],[93.3321,25.0933],[93.3366,25.1117],[93.3412,25.1137],[93.3411,25.1232],[93.3452,25.1236],[93.3417,25.1265],[93.3452,25.1304],[93.3423,25.1376],[93.3474,25.1389],[93.3458,25.1699],[93.3566,25.192],[93.3655,25.1982],[93.3688,25.2111],[93.3737,25.2119],[93.3755,25.2202],[93.3817,25.223],[93.3845,25.2315],[93.381,25.2397],[93.4011,25.2607],[93.4158,25.2644],[93.4204,25.2776],[93.4274,25.2833],[93.4553,25.2936],[93.4704,25.3052],[93.4539,25.3249],[93.4564,25.3355],[93.4483,25.3407],[93.4515,25.3541],[93.4587,25.3608],[93.4649,25.3608],[93.4736,25.3801],[93.4596,25.4033],[93.4622,25.418],[93.4581,25.4311],[93.4394,25.4411],[93.4363,25.4483],[93.4155,25.4451],[93.4024,25.4509],[93.3972,25.4604],[93.3902,25.4605],[93.3844,25.4693],[93.3913,25.4823],[93.3845,25.4852],[93.3854,25.4905],[93.3773,25.4931],[93.3766,25.4976],[93.3674,25.4993],[93.3691,25.5036],[93.3642,25.5039],[93.3615,25.5124],[93.3568,25.5138],[93.3502,25.5321],[93.3349,25.5345],[93.3363,25.5388],[93.3269,25.5466],[93.3432,25.5601],[93.3521,25.5601],[93.3586,25.5547],[93.364,25.5613],[93.3624,25.5661],[93.3753,25.5732],[93.3742,25.5772],[93.3797,25.5767],[93.3815,25.5821],[93.3783,25.5827],[93.3857,25.5872],[93.3855,25.5929],[93.3892,25.5912],[93.3923,25.596],[93.3987,25.5961],[93.4028,25.6023],[93.4014,25.6112],[93.4109,25.6137],[93.4136,25.6211],[93.4215,25.6183],[93.4199,25.6248],[93.4245,25.6256],[93.4273,25.6326],[93.4336,25.6295],[93.4443,25.6397],[93.4466,25.6347],[93.4495,25.6396],[93.4608,25.6324],[93.4572,25.6412],[93.4641,25.6447],[93.4719,25.6425],[93.4687,25.6444],[93.4767,25.6479],[93.4816,25.6446],[93.4813,25.6513],[93.4851,25.6484],[93.4879,25.6544],[93.4965,25.6546],[93.5097,25.6686],[93.5073,25.6726],[93.5183,25.6795],[93.5126,25.6847],[93.5224,25.6977],[93.5274,25.6913],[93.5362,25.7019],[93.5411,25.6989],[93.5479,25.7118],[93.5395,25.7227],[93.5424,25.731],[93.5493,25.7294],[93.5495,25.7328],[93.5552,25.7337],[93.5542,25.7379],[93.5614,25.7379],[93.5662,25.7549],[93.5731,25.7542],[93.5678,25.7585],[93.5777,25.7546],[93.5854,25.7581],[93.5822,25.7606],[93.5858,25.7662],[93.5916,25.7626],[93.5984,25.7689],[93.6026,25.7652],[93.6049,25.775],[93.6173,25.7761],[93.6184,25.7838],[93.6267,25.7897],[93.6246,25.8027],[93.6328,25.8029],[93.633,25.8115],[93.6385,25.8099],[93.6381,25.8157],[93.6434,25.8159],[93.646,25.8225],[93.6682,25.8219],[93.6675,25.8261],[93.6711,25.8241],[93.6785,25.8285],[93.6805,25.8384],[93.6901,25.8408],[93.6856,25.8438],[93.6882,25.846],[93.6913,25.8439],[93.701,25.8497],[93.7008,25.8434],[93.7077,25.8479],[93.7142,25.8446],[93.702,25.8516],[93.6814,25.9045],[93.6939,25.9118],[93.7008,25.9108],[93.7065,25.9189],[93.7135,25.9169],[93.7361,25.9229],[93.7394,25.9319],[93.7512,25.9329],[93.745,25.9424],[93.7503,25.941],[93.7528,25.9468],[93.7584,25.9456],[93.7586,25.9527],[93.7641,25.9545],[93.7641,25.9509],[93.7679,25.9511],[93.7635,25.9595],[93.7699,25.9614],[93.7654,25.9699],[93.7771,25.9683],[93.775,25.9615],[93.7872,25.9467],[93.7845,25.944],[93.7898,25.934],[93.7864,25.9322],[93.7909,25.9263],[93.7886,25.917],[93.7942,25.9128],[93.7919,25.9067],[93.7956,25.9066],[93.7953,25.8925],[93.7841,25.8844],[93.7851,25.8701],[93.7897,25.8679],[93.7843,25.8585],[93.7784,25.857],[93.781,25.8541],[93.7774,25.8499],[93.7874,25.8159],[93.7954,25.809],[93.8163,25.8227],[93.8211,25.8388],[93.8396,25.8567],[93.8522,25.8583],[93.8691,25.851],[93.876,25.8426],[93.8817,25.8434],[93.8899,25.8587],[93.8959,25.858],[93.9019,25.8709],[93.9159,25.8838],[93.9339,25.8853],[93.9379,25.8964],[93.961,25.9013],[93.9786,25.9168],[93.9779,25.9282],[93.9699,25.9369],[93.9686,25.9574],[93.9541,25.9694],[93.9591,25.9944],[93.9529,26.0031],[93.9604,26.0155],[93.9624,26.0366],[93.9703,26.0404],[93.9707,26.0465],[93.9873,26.0669],[93.9814,26.0813],[93.9886,26.0864],[93.9894,26.0976],[93.9978,26.1097],[93.9867,26.114],[93.9938,26.1188],[93.9977,26.1289],[93.9888,26.1283],[93.9871,26.1312],[94.0021,26.1345],[94.0035,26.1443],[93.9944,26.1484],[94.0036,26.1602],[94.001,26.1724],[94.0077,26.1826],[94.0153,26.1841],[94.0217,26.1939],[94.0319,26.1976],[94.0364,26.2262],[94.0476,26.2495],[94.0678,26.2571],[94.0745,26.2645],[94.0746,26.2837],[94.084,26.2834],[94.0842,26.2891],[94.0977,26.3021],[94.0996,26.314],[94.105,26.32],[94.1216,26.3179],[94.1149,26.3241],[94.1158,26.3298],[94.1283,26.3305],[94.1386,26.3364],[94.145,26.3307],[94.1745,26.3406],[94.1775,26.3465],[94.1686,26.351],[94.1619,26.3473],[94.1601,26.3544],[94.171,26.3629],[94.1775,26.3821],[94.1718,26.4159],[94.1756,26.4245],[94.1716,26.4299],[94.1851,26.4585],[94.2026,26.4692],[94.2074,26.4866],[94.2365,26.5062],[94.2562,26.5413],[94.2847,26.5612],[94.2812,26.5487],[94.2861,26.5426],[94.2809,26.5352],[94.2897,26.4798],[94.2998,26.4637],[94.3165,26.4584],[94.3184,26.4654],[94.3238,26.4656],[94.3195,26.4743],[94.3264,26.4755],[94.3254,26.482],[94.3394,26.4806],[94.3446,26.4889],[94.3468,26.4861],[94.3492,26.4912],[94.3528,26.4902],[94.3466,26.4922],[94.3529,26.4994],[94.3477,26.5046],[94.3721,26.5061],[94.3746,26.5085],[94.3712,26.5145],[94.3762,26.5139],[94.3733,26.5172],[94.376,26.5219],[94.3851,26.5259],[94.3854,26.5306],[94.3957,26.5274],[94.3952,26.5337],[94.4008,26.5343],[94.3977,26.5387],[94.4026,26.5414],[94.3965,26.5428],[94.4061,26.5441],[94.4011,26.5484],[94.4062,26.5493],[94.4019,26.5548],[94.4064,26.5559],[94.4033,26.5584],[94.4072,26.5604],[94.404,26.5615],[94.4058,26.568],[94.4133,26.5773],[94.4076,26.5917],[94.4018,26.5937],[94.4055,26.6057],[94.4028,26.6107],[94.4355,26.6221],[94.4512,26.6364],[94.4551,26.6356],[94.4535,26.632],[94.4654,26.6332],[94.4597,26.6369],[94.4531,26.6526],[94.4584,26.6536],[94.4602,26.6617],[94.485,26.668],[94.4926,26.666],[94.509,26.6803],[94.5082,26.6854],[94.5132,26.6802],[94.5175,26.682],[94.5206,26.6993],[94.5241,26.6959],[94.5392,26.7063],[94.5478,26.7064],[94.5502,26.7018],[94.5623,26.7052],[94.5593,26.6865],[94.5664,26.6837],[94.5715,26.6867],[94.5674,26.6876],[94.5678,26.693],[94.5772,26.7008],[94.5938,26.6973],[94.5933,26.7151],[94.5972,26.7169],[94.6032,26.7124],[94.6014,26.7192],[94.591,26.7207],[94.597,26.7347],[94.6095,26.737],[94.608,26.7289],[94.6206,26.7232],[94.6202,26.7122],[94.6923,26.732],[94.7071,26.7464],[94.7368,26.7638],[94.7401,26.7761],[94.7483,26.7728],[94.7517,26.7663],[94.7582,26.7661],[94.7701,26.7891],[94.7886,26.7957],[94.7911,26.7998],[94.8026,26.8014],[94.8031,26.8063],[94.7957,26.8102],[94.7952,26.8145],[94.8037,26.8138],[94.8064,26.8185],[94.8144,26.8196],[94.8131,26.8337],[94.821,26.8418],[94.8174,26.8476],[94.8345,26.8604],[94.8364,26.8689],[94.8431,26.8686],[94.85,26.8747],[94.8735,26.9176],[94.8905,26.9296],[94.9143,26.9369],[94.9221,26.9458],[94.9308,26.9327],[94.9554,26.9402],[94.9611,26.9372],[94.9671,26.9236],[94.9764,26.9214],[94.9825,26.9131],[94.9899,26.9143],[94.9912,26.9209],[95.0167,26.9212],[95.034,26.9357],[95.0952,26.9576],[95.106,26.9656],[95.1119,26.9808],[95.1501,26.9993],[95.193,27.036],[95.1946,27.0313],[95.1966,27.0371],[95.2046,27.0378],[95.2111,27.0287],[95.2234,27.0362],[95.2302,27.0358],[95.2321,27.0428],[95.2463,27.0239],[95.2589,27.0304],[95.26,27.0356],[95.277,27.0425],[95.2762,27.0523],[95.2917,27.0666],[95.3547,27.104],[95.3688,27.1077],[95.3637,27.1026],[95.3711,27.1009],[95.37,27.0946],[95.3746,27.0928],[95.3829,27.0983],[95.3845,27.1056],[95.3984,27.1088],[95.4206,27.1259],[95.4395,27.126],[95.4446,27.1289],[95.4443,27.1353],[95.4532,27.1295],[95.4621,27.1498],[95.4532,27.1574],[95.4654,27.1665],[95.4594,27.1758],[95.4665,27.1817],[95.4558,27.2026],[95.4575,27.2089],[95.4723,27.219],[95.4842,27.2413],[95.5046,27.2495],[95.5091,27.2621],[95.517,27.2576],[95.5298,27.2646],[95.5302,27.2614],[95.5344,27.2647],[95.5351,27.2617],[95.545,27.2601],[95.5534,27.249],[95.5746,27.2437],[95.5745,27.2345],[95.5875,27.223],[95.6037,27.2243],[95.6189,27.2326],[95.6322,27.2298],[95.6814,27.2518],[95.6923,27.2533],[95.7014,27.2487],[95.7119,27.2529],[95.7201,27.2496],[95.727,27.2597],[95.7346,27.2605],[95.742,27.2668],[95.7795,27.2698],[95.7878,27.2787],[95.8008,27.2844],[95.7994,27.2766],[95.8054,27.2759],[95.8051,27.273],[95.8153,27.2786],[95.8592,27.2873],[95.8537,27.2793],[95.8563,27.2712],[95.8693,27.2601],[95.8923,27.2554],[95.8935,27.2677],[95.9043,27.274],[95.8971,27.2823],[95.906,27.2823],[95.9071,27.2891],[95.9599,27.311],[95.955,27.3178],[95.9609,27.3165],[95.9627,27.3232],[95.9755,27.3246],[95.9652,27.328],[95.9715,27.3366],[95.9868,27.3457],[95.9891,27.3566],[96.0177,27.365],[96.0178,27.3695],[95.9981,27.388],[95.99,27.4025],[95.9845,27.4045],[95.9832,27.4119],[95.974,27.4115],[95.9701,27.415],[95.9753,27.4195],[95.9693,27.428],[95.9654,27.4271],[95.9645,27.4181],[95.9602,27.4291],[95.9547,27.4197],[95.9451,27.4267],[95.9474,27.4331],[95.9412,27.4374],[95.9079,27.4344],[95.8986,27.413],[95.8856,27.3982],[95.8882,27.4091],[95.8839,27.4141],[95.8831,27.4354],[95.8756,27.4349],[95.8708,27.4264],[95.857,27.42],[95.8624,27.4116],[95.8601,27.4081],[95.8444,27.4217],[95.8422,27.4278],[95.8467,27.4387],[95.8567,27.445],[95.8532,27.457],[95.8706,27.4667],[95.8742,27.4933],[95.8868,27.4972],[95.8757,27.5125],[95.8766,27.5444],[95.8736,27.5471],[95.8607,27.5432],[95.8412,27.5621],[95.8333,27.5601],[95.8234,27.5746],[95.8142,27.5743],[95.8118,27.5833],[95.8184,27.5955],[95.8157,27.5988],[95.7906,27.5997],[95.7903,27.6118],[95.7799,27.6167],[95.7784,27.6241],[95.7894,27.6264],[95.7882,27.6349],[95.7959,27.638],[95.7957,27.6418],[95.7742,27.6509],[95.7703,27.6578],[95.775,27.6744],[95.7904,27.6802],[95.7828,27.6873],[95.7678,27.6871],[95.7637,27.6939],[95.7679,27.7022],[95.7628,27.7091],[95.7653,27.7147],[95.7522,27.721],[95.7541,27.7258],[95.7655,27.7265],[95.7793,27.7338],[95.7759,27.7537],[95.8003,27.7738],[95.8166,27.8028],[95.838,27.8103],[95.8377,27.8242],[95.8703,27.8328],[95.8836,27.8462],[95.8902,27.8601],[95.8953,27.8575],[95.8947,27.8621],[95.9048,27.8622],[95.9016,27.8686],[95.9065,27.8661],[95.9072,27.8705],[95.9106,27.8703],[95.9155,27.8839],[95.925,27.8818],[95.9167,27.8851],[95.9154,27.8895],[95.9236,27.8882],[95.9191,27.8951],[95.9259,27.8954],[95.9262,27.899],[95.9284,27.8952],[95.9377,27.8983],[95.9297,27.9028],[95.941,27.9057],[95.9354,27.9076],[95.9381,27.9126],[95.9426,27.9108],[95.9526,27.9202],[95.9485,27.9245],[95.9547,27.9313],[95.9492,27.9313],[95.9482,27.9372],[95.9717,27.9625]]]},"properties":{"STNAME":"ASSAM","STCODE11":"18","STNAME_SH":"Assam","Shape_Length":3409653.587169017,"Shape_Area":98168754005.69067,"OBJECTID_1":2,"OBJECTID":2,"State_LGD":18,"Shape_Leng":3409653.58717,"MaxSimpTol":300,"MinSimpTol":300}},{"type":"Feature","id":3,"geometry":{"type":"Polygon","coordinates":[[[76.7828,30.7892],[76.7715,30.7953],[76.7517,30.7843],[76.7522,30.7803],[76.7436,30.7762],[76.7439,30.7697],[76.7117,30.7617],[76.7052,30.7561],[76.7067,30.7405],[76.7142,30.741],[76.7212,30.73],[76.7311,30.7236],[76.73,30.7069],[76.7391,30.7058],[76.7393,30.6929],[76.7471,30.6956],[76.7477,30.6876],[76.7524,30.6845],[76.764,30.6864],[76.7766,30.6704],[76.79,30.6756],[76.7963,30.6677],[76.8003,30.6703],[76.8031,30.6664],[76.8319,30.6833],[76.8251,30.6883],[76.8441,30.7083],[76.8494,30.7183],[76.8436,30.7193],[76.8494,30.7234],[76.8475,30.7315],[76.8372,30.7335],[76.8315,30.7396],[76.8368,30.7427],[76.8334,30.7466],[76.8381,30.7549],[76.8265,30.7635],[76.82,30.7611],[76.815,30.753],[76.805,30.7653],[76.8191,30.7729],[76.8185,30.778],[76.8132,30.7802],[76.7913,30.7675],[76.7901,30.7708],[76.7826,30.7708],[76.7793,30.778],[76.787,30.7796],[76.7828,30.7892]]]},"properties":{"STNAME":"CHANDIGARH","STCODE11":"04","STNAME_SH":"Chandigarh","Shape_Length":65711.23175859984,"Shape_Area":156198147.40130788,"OBJECTID_1":3,"OBJECTID":3,"State_LGD":4,"Shape_Leng":65711.2317586,"MaxSimpTol":300,"MinSimpTol":300}},{"type":"Feature","id":4,"geometry":{"type":"Polygon","coordinates":[[[83.3299,24.1017],[83.3215,24.106],[83.3148,24.091],[83.2947,24.0717],[83.2821,24.0498],[83.2835,24.0324],[83.2791,24.0183],[83.2728,24.0182],[83.2636,24.0093],[83.2519,24.0149],[83.2426,24.0116],[83.2424,23.9972],[83.2337,23.9961],[83.2305,23.9888],[83.2236,23.9867],[83.2269,23.9779],[83.2186,23.969],[83.2231,23.9582],[83.2155,23.9455],[83.216,23.9379],[83.2038,23.9287],[83.2079,23.9214],[83.1984,23.9141],[83.1898,23.9174],[83.1712,23.9078],[83.1595,23.9074],[83.1415,23.8849],[83.0819,23.8705],[83.0621,23.874],[83.0525,23.8795],[83.0187,23.8795],[83.0013,23.8768],[82.9972,23.8726],[82.9479,23.8714],[82.9366,23.8771],[82.9272,23.8923],[82.9052,23.8979],[82.8847,23.9089],[82.8652,23.9264],[82.8611,23.9389],[82.837,23.9568],[82.8276,23.9622],[82.8017,23.9617],[82.7983,23.9508],[82.781,23.9384],[82.7544,23.9342],[82.7561,23.9251],[82.7524,23.9198],[82.6989,23.925],[82.6889,23.9207],[82.6844,23.9104],[82.6711,23.9058],[82.6616,23.9077],[82.651,23.8895],[82.6684,23.8718],[82.6645,23.8626],[82.6602,23.8629],[82.6604,23.8552],[82.6468,23.8592],[82.6471,23.8488],[82.6381,23.848],[82.6353,23.8377],[82.6075,23.8333],[82.5886,23.8215],[82.5777,23.8243],[82.5647,23.8208],[82.5542,23.8262],[82.5331,23.8222],[82.5484,23.8086],[82.5515,23.7907],[82.5381,23.7943],[82.5234,23.7837],[82.4974,23.7849],[82.4889,23.79],[82.479,23.806],[82.4658,23.8121],[82.4504,23.8125],[82.4373,23.8038],[82.3935,23.7999],[82.3906,23.8052],[82.3739,23.812],[82.3611,23.8109],[82.3497,23.8045],[82.3394,23.8087],[82.3346,23.8026],[82.3148,23.8127],[82.3031,23.8127],[82.3021,23.8084],[82.2961,23.808],[82.2816,23.817],[82.2606,23.8213],[82.2433,23.8086],[82.2318,23.8054],[82.227,23.8083],[82.2255,23.8201],[82.2063,23.8274],[82.2081,23.835],[82.2153,23.8411],[82.2095,23.8528],[82.1808,23.8363],[82.1785,23.8217],[82.1714,23.8183],[82.1618,23.8216],[82.1436,23.8164],[82.1215,23.823],[82.1148,23.8179],[82.0936,23.8166],[82.0527,23.8195],[82.0478,23.8251],[82.0384,23.8269],[82.0442,23.8417],[82.0199,23.8494],[82.0075,23.8618],[81.986,23.862],[81.9772,23.8563],[81.9603,23.8556],[81.9578,23.8523],[81.9461,23.8588],[81.9469,23.8619],[81.9385,23.8624],[81.9396,23.8678],[81.9289,23.8708],[81.9204,23.8706],[81.9061,23.8461],[81.8881,23.8356],[81.8677,23.8342],[81.8631,23.8245],[81.8382,23.8211],[81.8369,23.8162],[81.8291,23.8151],[81.8228,23.8078],[81.815,23.8065],[81.8087,23.8135],[81.7959,23.8149],[81.7911,23.8094],[81.7731,23.8164],[81.7373,23.8392],[81.7255,23.8399],[81.732,23.8567],[81.7202,23.8622],[81.7075,23.8612],[81.7097,23.8713],[81.7038,23.876],[81.7073,23.8824],[81.7026,23.8862],[81.6904,23.8848],[81.6875,23.9065],[81.6723,23.9134],[81.6686,23.925],[81.6624,23.9243],[81.6578,23.9164],[81.6322,23.9059],[81.609,23.9032],[81.6116,23.8923],[81.6042,23.8818],[81.6222,23.8703],[81.6142,23.8617],[81.6049,23.8615],[81.6032,23.8537],[81.6122,23.8432],[81.6132,23.8345],[81.6358,23.8345],[81.6413,23.8148],[81.6466,23.8115],[81.6514,23.7991],[81.6446,23.7702],[81.6818,23.7533],[81.6867,23.7475],[81.6785,23.7394],[81.6895,23.7238],[81.6959,23.7214],[81.6841,23.691],[81.6555,23.682],[81.6552,23.6632],[81.6445,23.6572],[81.6146,23.6629],[81.6203,23.6515],[81.6142,23.6225],[81.6065,23.6139],[81.612,23.5953],[81.5968,23.5924],[81.5897,23.5961],[81.5767,23.5854],[81.584,23.5536],[81.6103,23.5551],[81.6163,23.5308],[81.6114,23.5126],[81.6217,23.5006],[81.627,23.4821],[81.6394,23.4784],[81.6442,23.4819],[81.6623,23.514],[81.6589,23.529],[81.6681,23.533],[81.6903,23.5284],[81.6996,23.522],[81.7154,23.5408],[81.7225,23.5433],[81.7252,23.5569],[81.7466,23.5698],[81.7548,23.5656],[81.7582,23.5499],[81.8091,23.5494],[81.817,23.5409],[81.8207,23.5153],[81.8364,23.5109],[81.8637,23.5176],[81.8756,23.5127],[81.9044,23.5296],[81.9079,23.5354],[81.9233,23.5327],[81.9423,23.5057],[81.9478,23.5011],[81.9577,23.5004],[81.955,23.4672],[81.9647,23.4657],[81.9804,23.4471],[81.9778,23.442],[81.9839,23.4293],[81.9767,23.4238],[81.9853,23.4145],[81.9997,23.4216],[82.0095,23.412],[82.0255,23.4249],[82.0327,23.41],[82.0238,23.4087],[82.0291,23.4002],[82.0211,23.3918],[82.0219,23.3874],[82.0323,23.3825],[82.0368,23.3888],[82.0445,23.3801],[82.056,23.3768],[82.064,23.393],[82.0711,23.3912],[82.0915,23.3983],[82.0935,23.3929],[82.1034,23.3983],[82.1137,23.3842],[82.1101,23.3632],[82.1171,23.3555],[82.1237,23.3538],[82.1457,23.3612],[82.1621,23.3429],[82.1637,23.3347],[82.1939,23.3239],[82.1994,23.3135],[82.1948,23.3086],[82.1973,23.3007],[82.1922,23.2885],[82.1934,23.278],[82.1743,23.2687],[82.1673,23.2462],[82.1605,23.2471],[82.1534,23.231],[82.1448,23.2274],[82.1537,23.2092],[82.147,23.1957],[82.1486,23.191],[82.143,23.1869],[82.1435,23.1793],[82.1489,23.1758],[82.1442,23.1654],[82.1603,23.1615],[82.1613,23.1432],[82.1396,23.132],[82.1358,23.1241],[82.1372,23.112],[82.1258,23.104],[82.1111,23.1094],[82.0768,23.1134],[82.0701,23.1182],[82.0548,23.1073],[82.0493,23.0947],[82.0348,23.0804],[82.0212,23.0803],[82.0183,23.0843],[82.0082,23.0793],[81.9911,23.0866],[81.9813,23.0802],[81.9679,23.0808],[81.9635,23.0759],[81.9422,23.079],[81.9468,23.0691],[81.9374,23.0619],[81.9295,23.0617],[81.929,23.0499],[81.9215,23.0408],[81.9505,22.983],[81.9462,22.974],[81.9463,22.9568],[81.9189,22.9466],[81.8782,22.9098],[81.8691,22.9174],[81.8661,22.9158],[81.8695,22.8945],[81.8616,22.8893],[81.8421,22.8878],[81.8339,22.8809],[81.8176,22.8823],[81.7757,22.8745],[81.7765,22.8517],[81.7613,22.8303],[81.7694,22.8278],[81.7818,22.811],[81.7836,22.7792],[81.7944,22.7665],[81.7793,22.7509],[81.7696,22.747],[81.7681,22.7355],[81.7548,22.7334],[81.7523,22.7267],[81.7716,22.6764],[81.7685,22.6643],[81.7546,22.6464],[81.7466,22.6483],[81.752,22.6544],[81.743,22.6726],[81.7286,22.6765],[81.7227,22.6571],[81.7131,22.6481],[81.6989,22.6448],[81.6833,22.6469],[81.6624,22.6268],[81.6609,22.6193],[81.6527,22.6186],[81.6472,22.6133],[81.6494,22.589],[81.6455,22.5845],[81.6518,22.5809],[81.6578,22.5845],[81.6555,22.5758],[81.6599,22.5695],[81.6428,22.5597],[81.6362,22.5601],[81.6352,22.5653],[81.629,22.5634],[81.624,22.5559],[81.6287,22.5444],[81.6219,22.538],[81.6,22.5353],[81.5918,22.5452],[81.5862,22.5439],[81.5695,22.5508],[81.5628,22.5475],[81.5627,22.5424],[81.563,22.534],[81.57,22.5323],[81.5625,22.5335],[81.5461,22.5276],[81.5327,22.5386],[81.5222,22.539],[81.5182,22.5198],[81.5105,22.522],[81.5093,22.5261],[81.4966,22.5195],[81.4974,22.5117],[81.4894,22.5032],[81.4847,22.4879],[81.4728,22.4938],[81.4588,22.4895],[81.4526,22.4958],[81.4426,22.4944],[81.4511,22.4866],[81.4425,22.4792],[81.4464,22.4762],[81.4509,22.4786],[81.4466,22.4698],[81.4589,22.4693],[81.4474,22.4659],[81.441,22.4718],[81.4392,22.4822],[81.4278,22.4798],[81.4228,22.4701],[81.4287,22.4569],[81.4229,22.4477],[81.4067,22.441],[81.3964,22.4401],[81.39,22.4523],[81.3915,22.4777],[81.3841,22.4898],[81.3862,22.4986],[81.382,22.5098],[81.3706,22.5149],[81.3543,22.5113],[81.3506,22.5176],[81.3265,22.5262],[81.3176,22.5143],[81.3209,22.4953],[81.3181,22.4939],[81.3228,22.4892],[81.3205,22.486],[81.3152,22.4878],[81.3137,22.4829],[81.3073,22.4819],[81.2813,22.503],[81.2733,22.4932],[81.2621,22.4933],[81.2619,22.4722],[81.2483,22.4588],[81.2322,22.4522],[81.2077,22.4566],[81.2002,22.4628],[81.1999,22.4852],[81.1956,22.4906],[81.1727,22.4879],[81.1551,22.4549],[81.127,22.4493],[81.1112,22.4376],[81.1037,22.3834],[81.1131,22.3533],[81.1212,22.3426],[81.1135,22.3242],[81.1189,22.3092],[81.1187,22.2913],[81.1018,22.2783],[81.0915,22.249],[81.0795,22.2394],[81.0726,22.2484],[81.0501,22.2446],[81.0379,22.2339],[81.0236,22.2293],[81.0195,22.2212],[81.0316,22.1997],[81.0307,22.1874],[81.0224,22.1895],[81.0166,22.1856],[81.0267,22.1664],[81.0222,22.1578],[81.0219,22.1328],[81.0005,22.1314],[80.9946,22.1355],[80.978,22.1226],[80.981,22.1102],[80.9843,22.1146],[80.9905,22.1136],[81.0113,22.0956],[81.0014,22.0835],[81.0091,22.0709],[81.0053,22.0616],[80.9949,22.0586],[80.9944,22.0493],[80.9835,22.0486],[80.9805,22.0547],[80.97,22.0574],[80.9718,22.085],[80.957,22.1104],[80.9476,22.1183],[80.9219,22.12],[80.9079,22.1096],[80.8968,22.0644],[80.889,22.0571],[80.8827,22.0591],[80.8858,22.0496],[80.8758,22.0386],[80.8759,22.0135],[80.8638,21.9917],[80.8567,21.9649],[80.8475,21.9558],[80.8383,21.958],[80.8357,21.9544],[80.8256,21.9584],[80.8288,21.9479],[80.8328,21.95],[80.8333,21.9453],[80.8363,21.9495],[80.8458,21.9423],[80.8414,21.9412],[80.8458,21.9397],[80.8478,21.9313],[80.832,21.9082],[80.8355,21.9066],[80.8318,21.8904],[80.8439,21.8807],[80.8447,21.8746],[80.8501,21.8762],[80.853,21.8727],[80.8422,21.8649],[80.8525,21.8542],[80.8392,21.8482],[80.8414,21.8405],[80.8383,21.8372],[80.8447,21.8293],[80.8372,21.8088],[80.8386,21.8003],[80.8318,21.7949],[80.8255,21.7833],[80.8277,21.776],[80.8231,21.7746],[80.8241,21.7701],[80.8167,21.7618],[80.8197,21.748],[80.8093,21.7485],[80.7854,21.7403],[80.7857,21.7472],[80.7782,21.7548],[80.7561,21.7622],[80.7409,21.7446],[80.7321,21.7137],[80.7261,21.7137],[80.7351,21.7039],[80.7341,21.6945],[80.716,21.6748],[80.7192,21.6685],[80.7144,21.6616],[80.7193,21.6454],[80.7268,21.6456],[80.7309,21.6174],[80.7234,21.6141],[80.725,21.6096],[80.717,21.603],[80.7154,21.5903],[80.7186,21.5875],[80.7154,21.5851],[80.7255,21.5801],[80.7289,21.5726],[80.72,21.555],[80.7408,21.5392],[80.7305,21.5156],[80.7332,21.5007],[80.7276,21.4962],[80.7372,21.481],[80.7374,21.4713],[80.7349,21.4599],[80.7244,21.4452],[80.7057,21.4309],[80.7065,21.4116],[80.6999,21.4046],[80.6991,21.391],[80.6903,21.3721],[80.6802,21.3649],[80.6778,21.3488],[80.6716,21.3458],[80.6711,21.3383],[80.66,21.3341],[80.6816,21.3135],[80.6796,21.2988],[80.67,21.2911],[80.6613,21.291],[80.6591,21.2819],[80.6497,21.2747],[80.6439,21.2514],[80.6231,21.24],[80.6148,21.2272],[80.5876,21.222],[80.5779,21.2174],[80.5698,21.2057],[80.5595,21.202],[80.5415,21.201],[80.5296,21.2052],[80.5178,21.1927],[80.515,21.1829],[80.5026,21.1852],[80.4786,21.1706],[80.4643,21.1749],[80.4588,21.15],[80.4447,21.1219],[80.4582,21.1138],[80.4478,21.1123],[80.4392,21.0965],[80.4463,21.084],[80.4497,21.0691],[80.4472,21.0632],[80.4539,21.053],[80.4527,21.0387],[80.4495,21.0302],[80.4401,21.028],[80.4392,21.0217],[80.4242,21.0096],[80.4438,20.9939],[80.4454,20.9705],[80.4637,20.9291],[80.5191,20.9298],[80.5461,20.9349],[80.5418,20.9238],[80.5561,20.8891],[80.5551,20.8465],[80.5618,20.8243],[80.5492,20.7959],[80.5517,20.764],[80.5627,20.7474],[80.56,20.7261],[80.5652,20.7105],[80.5818,20.6973],[80.5875,20.6859],[80.5801,20.6728],[80.557,20.6701],[80.5449,20.6602],[80.52,20.6565],[80.4893,20.6333],[80.481,20.6184],[80.5022,20.5952],[80.5044,20.5834],[80.5209,20.5805],[80.5388,20.585],[80.5578,20.5944],[80.5644,20.6036],[80.5808,20.6084],[80.6014,20.6088],[80.6123,20.6005],[80.6319,20.5983],[80.6174,20.5856],[80.6256,20.578],[80.621,20.57],[80.6266,20.5637],[80.6243,20.5557],[80.6184,20.5552],[80.6153,20.5498],[80.6213,20.5327],[80.6173,20.515],[80.6196,20.5045],[80.6147,20.4924],[80.6126,20.4618],[80.6022,20.4498],[80.6136,20.4349],[80.6001,20.4179],[80.5915,20.393],[80.594,20.3858],[80.6107,20.3751],[80.6151,20.3517],[80.6261,20.3361],[80.6247,20.3281],[80.6105,20.3183],[80.5881,20.3178],[80.5592,20.3084],[80.5496,20.3088],[80.5435,20.2934],[80.5188,20.266],[80.4985,20.2748],[80.4808,20.275],[80.4617,20.2686],[80.4516,20.2581],[80.3953,20.2449],[80.3952,20.2369],[80.4048,20.2186],[80.4222,20.2058],[80.421,20.196],[80.4007,20.1896],[80.3966,20.1738],[80.3885,20.1651],[80.4018,20.1473],[80.4336,20.1353],[80.4554,20.138],[80.4547,20.1453],[80.4601,20.151],[80.4851,20.1439],[80.5056,20.1445],[80.5124,20.1359],[80.5307,20.1317],[80.5521,20.118],[80.5519,20.1092],[80.544,20.0955],[80.5568,20.0717],[80.5493,20.0551],[80.551,20.0415],[80.5426,20.0106],[80.5499,20.0006],[80.5496,19.9858],[80.5377,19.9737],[80.5389,19.9518],[80.5317,19.9484],[80.5299,19.9393],[80.5057,19.9282],[80.4888,19.9305],[80.4808,19.9342],[80.4732,19.9508],[80.466,19.9481],[80.4522,19.9575],[80.432,19.9415],[80.4113,19.9384],[80.4126,19.9245],[80.408,19.9126],[80.4139,19.9073],[80.4498,19.8963],[80.4529,19.9044],[80.4686,19.9076],[80.4914,19.902],[80.4996,19.8909],[80.5058,19.8705],[80.4863,19.8635],[80.4787,19.8392],[80.4719,19.8354],[80.4691,19.8269],[80.4407,19.8102],[80.4297,19.807],[80.4215,19.8133],[80.4021,19.8167],[80.4077,19.8059],[80.4017,19.7961],[80.4049,19.7937],[80.4242,19.7992],[80.4493,19.7898],[80.4643,19.7958],[80.468,19.7887],[80.4811,19.7808],[80.4827,19.7726],[80.489,19.7703],[80.4915,19.7784],[80.485,19.8023],[80.4757,19.8035],[80.4689,19.8103],[80.4806,19.8275],[80.5202,19.8317],[80.5463,19.8183],[80.5476,19.7948],[80.5426,19.7798],[80.5526,19.7654],[80.5715,19.7591],[80.5821,19.7507],[80.5865,19.7412],[80.6111,19.7382],[80.6268,19.7258],[80.6401,19.7253],[80.6543,19.7084],[80.6764,19.6994],[80.6797,19.6835],[80.6766,19.6525],[80.6629,19.6236],[80.6654,19.6117],[80.6703,19.6092],[80.7147,19.6166],[80.7331,19.6062],[80.7409,19.6061],[80.7698,19.5866],[80.7674,19.5748],[80.7755,19.5624],[80.7898,19.5604],[80.8165,19.5712],[80.836,19.5664],[80.8441,19.5385],[80.8567,19.523],[80.8736,19.5188],[80.8841,19.5263],[80.8954,19.5197],[80.8934,19.5024],[80.8984,19.4818],[80.8943,19.4673],[80.8746,19.4452],[80.8423,19.4469],[80.8134,19.4336],[80.8096,19.4202],[80.8118,19.4072],[80.828,19.3801],[80.8505,19.3692],[80.853,19.3639],[80.8463,19.3554],[80.8104,19.3367],[80.8053,19.3271],[80.7752,19.3144],[80.757,19.2896],[80.7384,19.2853],[80.7266,19.287],[80.7108,19.2816],[80.6898,19.2868],[80.6934,19.3146],[80.68,19.3302],[80.6542,19.3227],[80.6316,19.307],[80.6127,19.3094],[80.6078,19.326],[80.59,19.3518],[80.5882,19.3703],[80.5918,19.3759],[80.5811,19.3977],[80.5732,19.4023],[80.5626,19.399],[80.5443,19.3837],[80.5204,19.3476],[80.4825,19.338],[80.4574,19.2882],[80.4548,19.2748],[80.4461,19.264],[80.43,19.2539],[80.3939,19.2448],[80.3866,19.2328],[80.3841,19.2157],[80.3945,19.1962],[80.394,19.1876],[80.3878,19.1803],[80.3481,19.16],[80.3479,19.1522],[80.3408,19.146],[80.3333,19.1454],[80.3276,19.1349],[80.3397,19.0999],[80.328,19.0949],[80.3297,19.0699],[80.2974,19.0488],[80.3052,19.0272],[80.3031,19.022],[80.2733,18.993],[80.2709,18.9384],[80.3273,18.8797],[80.3495,18.848],[80.3545,18.8266],[80.3504,18.8149],[80.323,18.799],[80.314,18.8],[80.2999,18.7945],[80.2884,18.7738],[80.276,18.7661],[80.2499,18.7691],[80.2452,18.7655],[80.2443,18.7563],[80.2593,18.743],[80.2729,18.723],[80.2821,18.7184],[80.3003,18.6912],[80.3172,18.6431],[80.326,18.6363],[80.3327,18.6143],[80.3458,18.5955],[80.3549,18.596],[80.3661,18.6091],[80.3742,18.6116],[80.388,18.5957],[80.3941,18.6057],[80.4185,18.6113],[80.4209,18.616],[80.4261,18.6138],[80.4546,18.6303],[80.464,18.6249],[80.487,18.6319],[80.5016,18.6216],[80.5147,18.6194],[80.5345,18.5884],[80.5564,18.5798],[80.5715,18.5646],[80.5998,18.5531],[80.6184,18.5276],[80.6376,18.5226],[80.6409,18.5113],[80.637,18.5048],[80.6553,18.4759],[80.6861,18.4582],[80.688,18.4474],[80.7016,18.4446],[80.7054,18.4397],[80.6983,18.4377],[80.699,18.4214],[80.7183,18.4097],[80.7229,18.4152],[80.7348,18.4129],[80.732,18.401],[80.7196,18.3911],[80.7294,18.3788],[80.7269,18.3693],[80.7315,18.3548],[80.7476,18.33],[80.749,18.3083],[80.7577,18.302],[80.7595,18.2899],[80.7693,18.2875],[80.7803,18.2664],[80.7941,18.2593],[80.7917,18.2509],[80.7768,18.2462],[80.7372,18.2221],[80.7368,18.1772],[80.7449,18.1703],[80.7991,18.1715],[80.8133,18.1836],[80.8175,18.1925],[80.8241,18.1944],[80.8236,18.2395],[80.8367,18.2423],[80.8434,18.2358],[80.8659,18.2335],[80.8726,18.214],[80.871,18.2082],[80.8529,18.2054],[80.8585,18.1898],[80.8602,18.1512],[80.8667,18.1403],[80.8911,18.1394],[80.9142,18.1445],[80.9516,18.167],[80.9577,18.1769],[80.979,18.1788],[80.9787,18.1542],[80.9555,18.1324],[80.9493,18.0862],[80.9697,18.0478],[80.9643,18.0415],[80.9796,18.0067],[80.988,17.9435],[80.9984,17.9168],[80.9942,17.8807],[80.9964,17.8491],[81.0082,17.7983],[81.0177,17.7914],[81.0466,17.7824],[81.0733,17.7865],[81.1024,17.8161],[81.1279,17.827],[81.1661,17.8577],[81.1993,17.847],[81.2156,17.8346],[81.2654,17.8111],[81.3052,17.81],[81.326,17.8152],[81.3545,17.8133],[81.3778,17.8053],[81.3873,17.7955],[81.3933,17.7947],[81.3928,17.8162],[81.3961,17.82],[81.3918,17.8155],[81.3884,17.8254],[81.4033,17.8497],[81.3943,17.8693],[81.3993,17.8919],[81.4037,17.896],[81.4115,17.8952],[81.4353,17.8808],[81.4446,17.8858],[81.4528,17.9076],[81.4491,17.932],[81.4598,17.953],[81.4721,17.9605],[81.4829,17.9768],[81.4776,17.9884],[81.483,18.0259],[81.4808,18.0514],[81.5133,18.1],[81.5134,18.1395],[81.5258,18.1534],[81.5239,18.1654],[81.507,18.1862],[81.5155,18.2133],[81.5304,18.2403],[81.5255,18.2581],[81.5373,18.2694],[81.5517,18.2698],[81.5643,18.2752],[81.5976,18.3089],[81.6165,18.3074],[81.6513,18.3216],[81.6622,18.3213],[81.6496,18.3369],[81.6591,18.3466],[81.7503,18.3536],[81.7695,18.4189],[81.8547,18.4903],[81.857,18.5075],[81.8682,18.5249],[81.8797,18.5253],[81.8892,18.5382],[81.8979,18.5351],[81.9092,18.5379],[81.9014,18.5486],[81.909,18.553],[81.9057,18.5631],[81.9107,18.5707],[81.9208,18.5727],[81.9297,18.5662],[81.9506,18.5701],[81.9529,18.5828],[81.9636,18.5905],[81.9608,18.5966],[81.9369,18.6056],[81.9277,18.62],[81.9087,18.6281],[81.8947,18.6292],[81.8988,18.6353],[81.894,18.6423],[81.8981,18.6544],[81.8938,18.6575],[81.9009,18.6614],[81.9217,18.6429],[81.9489,18.6437],[81.9551,18.6642],[81.9691,18.6734],[81.9607,18.6887],[81.971,18.6987],[81.9947,18.7047],[82.0058,18.7147],[82.0088,18.7126],[82.0167,18.7195],[82.0309,18.7238],[82.0536,18.7236],[82.0628,18.7191],[82.0674,18.7265],[82.085,18.7186],[82.0935,18.7468],[82.0887,18.7602],[82.0916,18.7658],[82.0978,18.7639],[82.1208,18.7698],[82.1334,18.7654],[82.1335,18.7805],[82.1406,18.7785],[82.1573,18.7855],[82.1602,18.7953],[82.1654,18.7987],[82.1565,18.8044],[82.1661,18.8141],[82.1603,18.8199],[82.1689,18.836],[82.1675,18.8524],[82.1602,18.8614],[82.1673,18.8736],[82.1604,18.8789],[82.1767,18.8873],[82.1761,18.9027],[82.1811,18.907],[82.1925,18.9075],[82.2183,18.9225],[82.2369,18.9143],[82.246,18.9191],[82.2327,19.018],[82.2022,19.0667],[82.2184,19.0973],[82.2141,19.0999],[82.2049,19.0972],[82.2073,19.1023],[82.203,19.1081],[82.209,19.1205],[82.2058,19.1242],[82.1974,19.1217],[82.1825,19.1313],[82.174,19.1182],[82.1661,19.1327],[82.1757,19.1387],[82.1698,19.1453],[82.1715,19.1502],[82.1809,19.1508],[82.1696,19.161],[82.1749,19.1629],[82.1781,19.156],[82.1861,19.1664],[82.176,19.1721],[82.182,19.1742],[82.1751,19.1818],[82.1805,19.191],[82.1675,19.1951],[82.1617,19.2023],[82.1688,19.213],[82.1578,19.2275],[82.1584,19.2652],[82.1659,19.2877],[82.1767,19.2995],[82.1812,19.3234],[82.1941,19.326],[82.188,19.3289],[82.186,19.3374],[82.1779,19.3401],[82.1786,19.3434],[82.1488,19.3528],[82.1471,19.3654],[82.1532,19.377],[82.1719,19.3726],[82.1788,19.3791],[82.1843,19.4005],[82.1824,19.4095],[82.1893,19.4154],[82.1894,19.4276],[82.1862,19.4267],[82.1782,19.4366],[82.1715,19.4372],[82.1261,19.4291],[82.1135,19.4483],[82.1134,19.4601],[82.1028,19.4661],[82.1073,19.4751],[82.1079,19.4943],[82.098,19.499],[82.1002,19.5166],[82.076,19.5236],[82.0654,19.5106],[82.029,19.5077],[82.0373,19.5283],[82.0472,19.5334],[82.0507,19.5488],[82.0449,19.5598],[82.0498,19.574],[82.0399,19.5977],[82.0506,19.6081],[82.0506,19.6168],[82.059,19.6282],[82.0519,19.6466],[82.0553,19.6657],[82.0447,19.7089],[82.051,19.7191],[82.0504,19.7459],[82.0636,19.759],[82.0605,19.7667],[82.0655,19.7907],[82.0602,19.7964],[82.053,19.7923],[82.0487,19.797],[82.0096,19.8045],[81.9954,19.7969],[81.9859,19.8011],[81.9654,19.8369],[81.9681,19.8599],[81.8997,19.8872],[81.8696,19.9026],[81.8531,19.9185],[81.8568,19.9476],[81.845,19.9519],[81.8453,19.9596],[81.8553,19.9723],[81.8606,20.0035],[81.8665,20.0111],[81.865,20.0267],[81.876,20.0521],[81.8819,20.0444],[81.8953,20.0483],[81.9161,20.072],[81.926,20.0917],[81.9371,20.1024],[81.9464,20.1052],[81.9759,20.0817],[81.9953,20.0536],[82.0057,20.0556],[82.0177,20.049],[82.0215,20.0238],[82.0325,20.0158],[82.04,20.0226],[82.038,20.0302],[82.0481,20.0349],[82.0635,20.0546],[82.0705,20.057],[82.0854,20.0508],[82.0894,20.0391],[82.1023,20.0401],[82.1032,20.0311],[82.1268,20.0148],[82.1398,20.0188],[82.1535,20.0076],[82.1712,20.0056],[82.1842,19.9842],[82.21,19.9863],[82.2166,19.9974],[82.2375,20.0035],[82.2692,19.9753],[82.2753,19.9507],[82.3012,19.9047],[82.3041,19.8892],[82.3263,19.8616],[82.3326,19.8442],[82.3453,19.8359],[82.3621,19.8525],[82.3608,19.8628],[82.3739,19.8604],[82.3949,19.888],[82.4186,19.8999],[82.418,19.9041],[82.4371,19.905],[82.446,19.9102],[82.4642,19.9009],[82.4723,19.9016],[82.4729,19.9071],[82.4973,19.9042],[82.5049,19.8997],[82.5055,19.8899],[82.5191,19.891],[82.531,19.8784],[82.5349,19.8869],[82.5484,19.8757],[82.5559,19.8807],[82.5612,19.8743],[82.573,19.8776],[82.5832,19.8694],[82.5961,19.873],[82.6034,19.867],[82.5969,19.8552],[82.5877,19.8487],[82.5886,19.8434],[82.5839,19.8436],[82.5758,19.8334],[82.576,19.8289],[82.5794,19.8303],[82.576,19.8082],[82.5847,19.8024],[82.5818,19.7832],[82.5918,19.7759],[82.6022,19.7812],[82.6038,19.7884],[82.6269,19.7936],[82.6366,19.813],[82.647,19.8189],[82.6521,19.8322],[82.6932,19.8304],[82.7073,19.8351],[82.7127,19.844],[82.7114,19.8507],[82.7181,19.8536],[82.7246,19.8756],[82.714,19.8778],[82.7071,19.9126],[82.7127,19.9185],[82.7131,19.9385],[82.7202,19.9481],[82.7147,19.9577],[82.7181,19.9888],[82.7154,19.9947],[82.653,20.0043],[82.6437,20.0021],[82.6425,20.0051],[82.6343,20.0033],[82.6221,19.9907],[82.5967,19.99],[82.5783,20.0051],[82.5511,20.0162],[82.5341,20.0137],[82.5101,20.0166],[82.4947,20.0228],[82.4795,20.0366],[82.471,20.0343],[82.4616,20.0403],[82.4489,20.0391],[82.3992,20.0566],[82.3968,20.0674],[82.4024,20.0795],[82.4024,20.0945],[82.3986,20.1222],[82.3867,20.1449],[82.3951,20.1511],[82.3909,20.1622],[82.4125,20.18],[82.4144,20.1978],[82.4217,20.2043],[82.4234,20.2193],[82.4151,20.2268],[82.4107,20.2422],[82.4113,20.2455],[82.4221,20.2475],[82.4113,20.2643],[82.4161,20.2722],[82.433,20.282],[82.4379,20.2934],[82.4299,20.3012],[82.4314,20.3129],[82.422,20.3227],[82.4098,20.3263],[82.4003,20.3408],[82.4212,20.3928],[82.4166,20.4076],[82.432,20.4167],[82.4296,20.4279],[82.438,20.4342],[82.4344,20.4442],[82.4256,20.4454],[82.4271,20.4689],[82.4186,20.4803],[82.4095,20.4618],[82.397,20.4582],[82.3978,20.4727],[82.392,20.4785],[82.3883,20.4956],[82.3896,20.5169],[82.3583,20.5281],[82.3489,20.5458],[82.3366,20.5537],[82.3321,20.5621],[82.3333,20.5687],[82.3433,20.5714],[82.3507,20.5814],[82.3441,20.5931],[82.3469,20.6025],[82.3625,20.6103],[82.3643,20.6221],[82.3765,20.6324],[82.3685,20.6496],[82.3688,20.6595],[82.3742,20.6672],[82.3552,20.693],[82.3498,20.7063],[82.3549,20.7184],[82.3456,20.7316],[82.3535,20.7358],[82.3426,20.7665],[82.347,20.7964],[82.3421,20.8046],[82.3395,20.8469],[82.3508,20.8895],[82.3647,20.8873],[82.3604,20.8726],[82.3655,20.8694],[82.3768,20.8667],[82.3906,20.8741],[82.3965,20.8688],[82.4064,20.8689],[82.4138,20.8496],[82.4109,20.8435],[82.4209,20.8303],[82.4403,20.8344],[82.4553,20.8264],[82.4654,20.8278],[82.4697,20.8339],[82.4654,20.8432],[82.482,20.8501],[82.4876,20.8604],[82.4869,20.869],[82.4918,20.8776],[82.4881,20.9087],[82.5021,20.9186],[82.5169,20.9205],[82.5266,20.932],[82.544,20.9354],[82.5601,20.9467],[82.5724,20.9711],[82.6087,21.0089],[82.6136,21.0228],[82.6293,21.0385],[82.6118,21.0737],[82.614,21.0778],[82.6307,21.0777],[82.6374,21.0931],[82.65,21.1064],[82.6398,21.1153],[82.6528,21.1295],[82.6374,21.1446],[82.6405,21.1548],[82.6641,21.1549],[82.6931,21.1656],[82.6996,21.1583],[82.7108,21.1608],[82.7213,21.1576],[82.7211,21.1659],[82.7407,21.1635],[82.7559,21.1669],[82.7795,21.1535],[82.7857,21.1448],[82.7938,21.1427],[82.8004,21.1558],[82.8288,21.1656],[82.851,21.1685],[82.853,21.1594],[82.8659,21.1633],[82.8718,21.1574],[82.8765,21.1635],[82.8823,21.1483],[82.9022,21.1669],[82.9151,21.1619],[82.9322,21.1632],[82.9378,21.1697],[82.9401,21.1608],[82.9478,21.1617],[82.9439,21.1778],[82.965,21.1932],[82.9657,21.1752],[82.9754,21.1821],[82.9882,21.1827],[82.9807,21.1699],[83.0034,21.1682],[82.9859,21.1509],[82.9904,21.1398],[83.0047,21.1369],[83.0161,21.1462],[83.0231,21.1365],[83.0349,21.1365],[83.0339,21.1318],[83.0388,21.1316],[83.0454,21.1239],[83.0524,21.1262],[83.0779,21.1119],[83.1143,21.1125],[83.1314,21.1058],[83.167,21.1387],[83.1781,21.1352],[83.1922,21.1391],[83.1982,21.1453],[83.1986,21.1642],[83.2047,21.1656],[83.203,21.1775],[83.2147,21.1947],[83.2106,21.2049],[83.2172,21.2132],[83.2177,21.2259],[83.2223,21.2286],[83.2173,21.2551],[83.222,21.266],[83.2297,21.2723],[83.2381,21.2695],[83.2507,21.2823],[83.2679,21.2775],[83.271,21.2724],[83.2787,21.2892],[83.2764,21.3022],[83.2622,21.3077],[83.2576,21.3186],[83.2666,21.3308],[83.2581,21.3362],[83.2688,21.3458],[83.2747,21.3642],[83.2742,21.3773],[83.2688,21.3785],[83.2842,21.3802],[83.3115,21.3708],[83.3231,21.3623],[83.379,21.3445],[83.3856,21.3462],[83.392,21.3425],[83.4069,21.352],[83.4075,21.3609],[83.3967,21.3672],[83.4002,21.3753],[83.3987,21.4052],[83.3754,21.4283],[83.3714,21.4354],[83.3731,21.443],[83.354,21.448],[83.3464,21.4711],[83.3467,21.4897],[83.338,21.502],[83.35,21.5131],[83.3603,21.5428],[83.3727,21.558],[83.3651,21.576],[83.3698,21.6004],[83.3805,21.609],[83.3827,21.6202],[83.3893,21.6175],[83.3926,21.6272],[83.4152,21.6407],[83.4277,21.6434],[83.4432,21.6555],[83.4509,21.6507],[83.4445,21.6392],[83.4441,21.6239],[83.4526,21.6223],[83.4524,21.6128],[83.4562,21.6099],[83.466,21.6094],[83.4737,21.6324],[83.4897,21.6314],[83.4921,21.6381],[83.4868,21.6433],[83.4495,21.6566],[83.4303,21.6751],[83.4181,21.6799],[83.4322,21.6999],[83.453,21.6945],[83.4608,21.6976],[83.4624,21.7082],[83.4827,21.7302],[83.4866,21.7443],[83.4907,21.7445],[83.4763,21.7517],[83.4819,21.7659],[83.4689,21.7873],[83.485,21.7933],[83.4933,21.8182],[83.524,21.7986],[83.5424,21.7984],[83.5441,21.8049],[83.5388,21.8122],[83.5415,21.8212],[83.5311,21.8268],[83.5321,21.8316],[83.5518,21.8409],[83.5765,21.8314],[83.5778,21.8378],[83.5909,21.8512],[83.5743,21.875],[83.5761,21.883],[83.5808,21.8839],[83.5778,21.8895],[83.5873,21.8958],[83.5862,21.9027],[83.5988,21.9054],[83.6057,21.9141],[83.5905,21.9296],[83.5568,21.9353],[83.5617,21.948],[83.5422,21.962],[83.5379,21.9693],[83.5434,21.9943],[83.5556,22.007],[83.5403,22.0197],[83.5365,22.0283],[83.5371,22.0445],[83.5439,22.0569],[83.5484,22.0591],[83.5539,22.0529],[83.5819,22.0545],[83.5868,22.0487],[83.6066,22.0666],[83.5634,22.0951],[83.564,22.1052],[83.6078,22.1537],[83.6135,22.1776],[83.6274,22.2037],[83.6496,22.2233],[83.6554,22.22],[83.6659,22.2327],[83.7041,22.2467],[83.7132,22.2427],[83.7579,22.2403],[83.7598,22.2512],[83.7757,22.2573],[83.7768,22.2698],[83.7924,22.2764],[83.795,22.2859],[83.8265,22.2928],[83.8216,22.3128],[83.8301,22.3236],[83.8511,22.3265],[83.8536,22.3375],[83.8642,22.3433],[83.8794,22.3353],[83.8905,22.3365],[83.9015,22.3393],[83.9063,22.3509],[83.9234,22.3584],[83.9328,22.3539],[83.9428,22.3547],[83.9541,22.3622],[83.971,22.359],[83.9968,22.3719],[84.0104,22.3715],[84.0065,22.3822],[84.0135,22.3974],[84.0304,22.42],[84.0305,22.4266],[84.0474,22.4382],[84.0474,22.4692],[84.0267,22.4753],[84.0176,22.4892],[83.9801,22.5023],[83.9746,22.5121],[83.981,22.516],[83.9818,22.5228],[84.0028,22.5322],[84.0091,22.5261],[84.012,22.5274],[84.0028,22.546],[84.007,22.551],[84.0095,22.5731],[84.0232,22.5858],[84.0244,22.5919],[84.0527,22.5959],[84.084,22.6382],[84.0948,22.6352],[84.1107,22.6408],[84.1524,22.6369],[84.1632,22.6455],[84.188,22.6553],[84.2002,22.6665],[84.2203,22.6673],[84.2334,22.6808],[84.2381,22.6919],[84.2329,22.7004],[84.2318,22.7419],[84.2555,22.7602],[84.2598,22.7677],[84.276,22.7692],[84.2855,22.7639],[84.2893,22.7663],[84.2911,22.7834],[84.2979,22.7943],[84.3079,22.8012],[84.3151,22.8007],[84.3253,22.835],[84.3217,22.8378],[84.323,22.8481],[84.3336,22.8606],[84.3483,22.8606],[84.3528,22.8654],[84.3604,22.8612],[84.3725,22.8653],[84.3732,22.8723],[84.3806,22.8772],[84.3831,22.8935],[84.3752,22.9046],[84.3937,22.9206],[84.3958,22.9392],[84.3837,22.9527],[84.3822,22.9685],[84.3741,22.9791],[84.365,22.9743],[84.3281,22.982],[84.3076,22.9675],[84.2841,22.9634],[84.2787,22.967],[84.274,22.9812],[84.2803,22.9896],[84.2774,22.993],[84.2535,22.9723],[84.2425,22.9834],[84.2192,22.9788],[84.2168,22.9892],[84.2004,23.0062],[84.2016,23.0211],[84.1858,23.0271],[84.1808,23.0262],[84.1754,23.0099],[84.1793,23.0011],[84.1751,22.9967],[84.1783,22.9799],[84.1718,22.9704],[84.1495,22.9654],[84.1469,22.9905],[84.1254,23.037],[84.1263,23.0583],[84.1339,23.069],[84.1334,23.0831],[84.1268,23.0893],[84.1154,23.0901],[84.1059,23.1049],[84.0935,23.1125],[84.0666,23.1105],[84.0583,23.1262],[84.0374,23.1399],[84.0324,23.1605],[84.0429,23.1827],[84.0552,23.192],[84.0633,23.2061],[84.0558,23.2201],[84.059,23.236],[84.0537,23.2474],[84.0641,23.2743],[84.0625,23.2885],[84.0675,23.2942],[84.0616,23.3074],[84.0747,23.3333],[84.0538,23.3526],[84.0524,23.3673],[84.0472,23.3706],[84.051,23.3746],[84.0231,23.378],[84.0153,23.3688],[84.0117,23.3537],[84.0057,23.3539],[83.9746,23.3629],[83.9634,23.3774],[83.9623,23.3854],[83.9801,23.4127],[83.9817,23.4223],[83.971,23.467],[83.9762,23.4759],[83.998,23.4863],[84.0008,23.497],[84.0146,23.5036],[84.0174,23.5227],[84.028,23.5457],[84.0243,23.5556],[84.0295,23.5665],[84.03,23.6],[84.0167,23.6085],[84.0077,23.6223],[84.0166,23.6344],[83.9806,23.6337],[83.9804,23.6249],[83.9477,23.6268],[83.9319,23.6205],[83.933,23.6008],[83.9391,23.5904],[83.9377,23.569],[83.9188,23.5764],[83.9085,23.5763],[83.8994,23.5825],[83.888,23.5788],[83.8258,23.5908],[83.8153,23.5963],[83.8072,23.5875],[83.8006,23.6021],[83.7753,23.609],[83.7725,23.611],[83.7751,23.622],[83.7594,23.6261],[83.7519,23.6387],[83.7611,23.6515],[83.7388,23.6668],[83.7228,23.6859],[83.7421,23.7039],[83.746,23.7195],[83.7394,23.7344],[83.7377,23.7605],[83.7216,23.7715],[83.7226,23.7866],[83.7126,23.8007],[83.7051,23.8039],[83.7053,23.8208],[83.6915,23.8265],[83.6828,23.8194],[83.6743,23.8272],[83.6645,23.8277],[83.6685,23.8367],[83.6665,23.8443],[83.6595,23.8493],[83.6434,23.847],[83.6181,23.8555],[83.6103,23.854],[83.5897,23.8634],[83.5712,23.8622],[83.5695,23.8691],[83.5835,23.8778],[83.5857,23.8865],[83.5763,23.893],[83.5591,23.893],[83.5534,23.8981],[83.5469,23.9144],[83.5474,23.9376],[83.5265,23.9606],[83.5153,23.9807],[83.5138,23.9964],[83.5239,24.0114],[83.5157,24.0272],[83.4792,24.0409],[83.4515,24.0428],[83.4373,24.0588],[83.4379,24.0751],[83.4316,24.086],[83.4066,24.0805],[83.4009,24.0922],[83.3878,24.1],[83.3642,24.1033],[83.3485,24.0962],[83.3299,24.1017]]]},"properties":{"STNAME":"CHHATTISGARH","STCODE11":"22","STNAME_SH":"Chhattisgarh","Shape_Length":3449517.9067467735,"Shape_Area":156539760078.6077,"OBJECTID_1":4,"OBJECTID":4,"State_LGD":22,"Shape_Leng":3449517.90675,"MaxSimpTol":300,"MinSimpTol":300}},{"type":"Feature","id":5,"geometry":{"type":"Polygon","coordinates":[[[77.0875,28.8755],[77.0824,28.8838],[77.0746,28.8675],[77.061,28.8711],[77.04,28.8318],[77.0233,28.8394],[76.9948,28.8395],[76.9802,28.8215],[76.9671,28.8281],[76.9617,28.8149],[76.9508,28.8183],[76.9421,28.7985],[76.9538,28.7909],[76.9498,28.7771],[76.9559,28.7674],[76.9446,28.7541],[76.9586,28.743],[76.9559,28.7382],[76.96,28.7327],[76.9482,28.7128],[76.9678,28.6996],[76.958,28.6846],[76.9534,28.6673],[76.9488,28.6698],[76.935,28.6675],[76.925,28.6499],[76.9452,28.633],[76.9437,28.6282],[76.9345,28.6183],[76.9201,28.6315],[76.9142,28.6323],[76.9063,28.6238],[76.8878,28.6316],[76.8643,28.5858],[76.8396,28.5825],[76.8425,28.5561],[76.8465,28.5495],[76.8647,28.5433],[76.877,28.5244],[76.8871,28.5206],[76.8796,28.5047],[76.8839,28.5007],[76.8914,28.5008],[76.908,28.5137],[76.9206,28.507],[76.9275,28.5104],[76.9488,28.504],[76.9781,28.5213],[76.9904,28.5135],[76.9966,28.5197],[77.0103,28.5147],[77.017,28.5209],[77.0005,28.5321],[77.0066,28.5413],[77.0319,28.5313],[77.0484,28.5209],[77.0466,28.5166],[77.0599,28.5123],[77.0673,28.5121],[77.0722,28.5202],[77.0947,28.5138],[77.0986,28.5115],[77.0981,28.5048],[77.1207,28.4963],[77.1109,28.4713],[77.1218,28.4585],[77.1238,28.4454],[77.1623,28.429],[77.1659,28.4257],[77.1652,28.4143],[77.1744,28.4047],[77.1844,28.4104],[77.1905,28.4072],[77.2166,28.4097],[77.2493,28.4242],[77.2526,28.4329],[77.2488,28.4329],[77.2466,28.4527],[77.2425,28.4562],[77.2344,28.4547],[77.2329,28.4579],[77.2356,28.4711],[77.2433,28.4788],[77.2903,28.4966],[77.3006,28.4942],[77.3008,28.4899],[77.3141,28.4836],[77.3268,28.4901],[77.3454,28.5133],[77.3474,28.5206],[77.3345,28.525],[77.3209,28.5409],[77.3038,28.5525],[77.2971,28.566],[77.2984,28.5802],[77.3134,28.5966],[77.3368,28.6018],[77.3424,28.6089],[77.3426,28.622],[77.3163,28.6412],[77.3236,28.6767],[77.3329,28.682],[77.3233,28.6986],[77.3254,28.7089],[77.3311,28.7131],[77.3062,28.7133],[77.2986,28.7098],[77.2968,28.7045],[77.2915,28.7062],[77.2862,28.7146],[77.2908,28.7224],[77.2764,28.7355],[77.2608,28.7342],[77.2552,28.7398],[77.2592,28.75],[77.2564,28.7562],[77.2488,28.7553],[77.2355,28.7609],[77.2359,28.7708],[77.2219,28.7774],[77.2341,28.7837],[77.2133,28.7855],[77.2026,28.7932],[77.1994,28.7981],[77.2015,28.8124],[77.2189,28.8083],[77.2244,28.8254],[77.2166,28.8415],[77.2173,28.8514],[77.2098,28.8579],[77.1754,28.8584],[77.1721,28.8499],[77.1659,28.8491],[77.1577,28.8367],[77.1438,28.8383],[77.1417,28.8447],[77.1453,28.8537],[77.1403,28.8621],[77.1322,28.8636],[77.1209,28.8583],[77.1098,28.8701],[77.0875,28.8755]]]},"properties":{"STNAME":"DELHI","STCODE11":"07","STNAME_SH":"Delhi","Shape_Length":260992.2247097131,"Shape_Area":1932518619.1408992,"OBJECTID_1":5,"OBJECTID":5,"State_LGD":7,"Shape_Leng":260992.22471,"MaxSimpTol":300,"MinSimpTol":300}},{"type":"Feature","id":6,"geometry":{"type":"Polygon","coordinates":[[[73.8565,15.8008],[73.8467,15.7864],[73.8517,15.7808],[73.8433,15.7811],[73.8378,15.7671],[73.8298,15.7645],[73.8308,15.7526],[73.8231,15.7399],[73.809,15.7425],[73.8008,15.7351],[73.79,15.7349],[73.7849,15.7254],[73.7637,15.7335],[73.7425,15.7356],[73.7283,15.7198],[73.7112,15.7258],[73.6943,15.7228],[73.6926,15.7277],[73.6859,15.7297],[73.6754,15.727],[73.6802,15.7254],[73.6797,15.7209],[73.6902,15.7221],[73.6942,15.7013],[73.6994,15.6993],[73.6981,15.6925],[73.702,15.6906],[73.723,15.6308],[73.7343,15.6161],[73.7375,15.6171],[73.7399,15.6068],[73.7317,15.6078],[73.7319,15.5906],[73.7416,15.5643],[73.749,15.5625],[73.755,15.5464],[73.7662,15.4947],[73.7758,15.4906],[73.7874,15.4941],[73.7826,15.498],[73.7916,15.5005],[73.8147,15.4917],[73.8097,15.4871],[73.8027,15.4616],[73.7879,15.4625],[73.8031,15.4504],[73.8042,15.4547],[73.8127,15.456],[73.8408,15.4481],[73.8494,15.4523],[73.8604,15.4418],[73.8626,15.4293],[73.8818,15.431],[73.8806,15.4351],[73.8972,15.4186],[73.9076,15.4179],[73.9106,15.4251],[73.9184,15.4259],[73.9275,15.4356],[73.9354,15.4372],[73.9361,15.4317],[73.9261,15.4225],[73.9257,15.4162],[73.9398,15.4086],[73.9159,15.404],[73.9067,15.409],[73.9071,15.4046],[73.9032,15.4035],[73.8922,15.4087],[73.8832,15.3989],[73.8749,15.3965],[73.8662,15.4023],[73.8587,15.3977],[73.8542,15.4011],[73.8466,15.3982],[73.8403,15.4105],[73.826,15.403],[73.8172,15.4105],[73.8161,15.4033],[73.8055,15.3992],[73.7949,15.4144],[73.783,15.4115],[73.7915,15.3943],[73.806,15.3939],[73.8082,15.3771],[73.8333,15.3703],[73.8417,15.3603],[73.8623,15.3666],[73.8599,15.3701],[73.8707,15.3712],[73.8793,15.3634],[73.9023,15.3117],[73.9496,15.1448],[73.936,15.1339],[73.9409,15.1206],[73.9354,15.1121],[73.918,15.1081],[73.925,15.1057],[73.9269,15.0969],[73.9123,15.0852],[73.9255,15.0865],[73.9311,15.0842],[73.9318,15.0791],[73.9546,15.0737],[73.967,15.0659],[73.9744,15.0508],[73.9819,15.0549],[73.9901,15.0341],[73.9853,15.0265],[73.9889,15.0204],[73.9928,15.0181],[73.9972,15.0217],[74.0129,15.0105],[74.0213,15.0115],[74.0273,15.0056],[74.0241,15.0026],[74.0301,15.0011],[74.028,14.9983],[74.0349,14.9972],[74.0393,14.9849],[74.0353,14.9836],[74.0404,14.9824],[74.0499,14.9592],[74.048,14.9504],[74.0433,14.9476],[74.0475,14.9346],[74.044,14.9175],[74.0565,14.9149],[74.0667,14.9073],[74.081,14.9106],[74.0857,14.9006],[74.1015,14.9155],[74.1046,14.9126],[74.1144,14.918],[74.1198,14.9166],[74.1241,14.925],[74.14,14.9229],[74.162,14.9118],[74.166,14.9186],[74.1542,14.9433],[74.1634,14.9582],[74.1793,14.9567],[74.1796,14.9505],[74.1946,14.9396],[74.1915,14.9327],[74.2014,14.9254],[74.2135,14.9473],[74.2296,14.9502],[74.2365,14.9665],[74.2524,14.9588],[74.2552,14.9701],[74.2589,14.9697],[74.2644,14.9786],[74.2522,14.9927],[74.2535,14.9979],[74.2679,15.0017],[74.2665,15.0068],[74.2835,15.0236],[74.2833,15.0315],[74.2966,15.0412],[74.2896,15.0649],[74.2808,15.0689],[74.2797,15.0881],[74.2727,15.0975],[74.2849,15.1139],[74.2851,15.1487],[74.2955,15.1509],[74.3174,15.1838],[74.3094,15.1979],[74.3101,15.2063],[74.2999,15.22],[74.3017,15.2244],[74.2916,15.2339],[74.2596,15.2411],[74.2514,15.2586],[74.2609,15.2599],[74.2762,15.2832],[74.2816,15.2801],[74.2932,15.2842],[74.2943,15.2888],[74.3078,15.283],[74.3262,15.2834],[74.3365,15.295],[74.3245,15.3099],[74.3171,15.3292],[74.3219,15.3436],[74.3163,15.3628],[74.3233,15.3677],[74.2988,15.382],[74.2831,15.383],[74.2759,15.3916],[74.2784,15.4057],[74.2688,15.4191],[74.277,15.4352],[74.2755,15.4492],[74.251,15.4916],[74.255,15.5028],[74.2763,15.5146],[74.2827,15.5314],[74.278,15.5461],[74.2632,15.564],[74.2584,15.5617],[74.2453,15.5666],[74.2488,15.5803],[74.2603,15.5927],[74.2644,15.6155],[74.2538,15.6268],[74.2483,15.6229],[74.2442,15.6261],[74.2505,15.6573],[74.2449,15.6582],[74.2364,15.6686],[74.2285,15.6645],[74.2238,15.669],[74.215,15.6626],[74.222,15.6555],[74.2052,15.6511],[74.2018,15.6564],[74.2041,15.6637],[74.1869,15.6675],[74.1862,15.6743],[74.1909,15.679],[74.182,15.6822],[74.1672,15.6718],[74.1645,15.6535],[74.1356,15.6484],[74.1184,15.652],[74.1131,15.646],[74.0948,15.6417],[74.0787,15.6308],[74.031,15.6227],[74.0265,15.6098],[74.0211,15.6061],[73.9908,15.6115],[73.9789,15.627],[73.9676,15.6302],[73.9614,15.6415],[73.9678,15.66],[73.9628,15.6733],[73.9639,15.691],[73.9593,15.6992],[73.9437,15.6985],[73.9486,15.702],[73.9473,15.7095],[73.9518,15.7163],[73.943,15.7254],[73.9387,15.7427],[73.9069,15.7483],[73.8991,15.7448],[73.8752,15.7507],[73.8721,15.7587],[73.8796,15.7741],[73.8657,15.7847],[73.8673,15.7965],[73.8565,15.8008]]]},"properties":{"STNAME":"GOA","STCODE11":"30","STNAME_SH":"Goa","Shape_Length":433305.02679897257,"Shape_Area":3921761525.371904,"OBJECTID_1":6,"OBJECTID":6,"State_LGD":30,"Shape_Leng":433305.026799,"MaxSimpTol":300,"MinSimpTol":300}},{"type":"Feature","id":7,"geometry":{"type":"Polygon","coordinates":[[[76.8293,30.9167],[76.8224,30.9286],[76.7981,30.9153],[76.7868,30.9134],[76.7767,30.9043],[76.7843,30.8779],[76.8146,30.8525],[76.814,30.843],[76.8232,30.8445],[76.8467,30.834],[76.8488,30.8142],[76.8453,30.8072],[76.857,30.7948],[76.8507,30.7912],[76.8543,30.7873],[76.8418,30.7745],[76.8381,30.7549],[76.8334,30.7466],[76.8368,30.7427],[76.8315,30.7396],[76.8372,30.7335],[76.8475,30.7315],[76.8494,30.7234],[76.8436,30.7193],[76.8494,30.7183],[76.8441,30.7083],[76.8251,30.6883],[76.8319,30.6833],[76.8292,30.681],[76.8325,30.6632],[76.8458,30.6687],[76.8468,30.6567],[76.8592,30.6611],[76.8764,30.6806],[76.8712,30.6422],[76.8851,30.6453],[76.8964,30.6359],[76.8928,30.6311],[76.8955,30.629],[76.9028,30.6244],[76.9101,30.6262],[76.9135,30.6115],[76.926,30.6101],[76.9223,30.6056],[76.9271,30.6037],[76.9202,30.5933],[76.9096,30.5919],[76.9198,30.5852],[76.9151,30.5822],[76.9177,30.5761],[76.9089,30.5648],[76.9175,30.5592],[76.9161,30.5537],[76.9049,30.543],[76.8865,30.5499],[76.896,30.5382],[76.9125,30.534],[76.9156,30.5258],[76.932,30.5222],[76.9286,30.5076],[76.9311,30.5009],[76.9189,30.4895],[76.9108,30.4943],[76.8989,30.4888],[76.8969,30.4811],[76.911,30.4709],[76.9123,30.4658],[76.899,30.4465],[76.8952,30.446],[76.896,30.4395],[76.8906,30.441],[76.8864,30.4297],[76.8949,30.4273],[76.8974,30.4342],[76.9065,30.4358],[76.8986,30.4258],[76.9073,30.4251],[76.9097,30.4295],[76.9147,30.4251],[76.9112,30.4192],[76.918,30.4065],[76.9112,30.3999],[76.9319,30.4005],[76.9394,30.3948],[76.9358,30.3847],[76.9211,30.3747],[76.9156,30.3653],[76.8965,30.3597],[76.8903,30.3695],[76.8979,30.3821],[76.8862,30.3941],[76.8808,30.3939],[76.8833,30.4087],[76.8561,30.4177],[76.851,30.4353],[76.8468,30.4381],[76.8234,30.4116],[76.8111,30.4164],[76.8039,30.4126],[76.7951,30.4187],[76.7896,30.415],[76.7773,30.4248],[76.7876,30.4335],[76.7772,30.4413],[76.7688,30.4308],[76.741,30.4263],[76.735,30.4191],[76.7401,30.4121],[76.738,30.4084],[76.7282,30.4004],[76.7145,30.4025],[76.7128,30.3903],[76.7195,30.3788],[76.7296,30.3823],[76.7312,30.3797],[76.7189,30.3666],[76.7199,30.3634],[76.7257,30.3619],[76.7375,30.3705],[76.7454,30.3679],[76.7488,30.361],[76.7461,30.3496],[76.7385,30.3464],[76.7326,30.3484],[76.7274,30.3411],[76.7297,30.3389],[76.7223,30.3333],[76.7164,30.3361],[76.711,30.3258],[76.7,30.3281],[76.6956,30.3216],[76.6886,30.3273],[76.681,30.3183],[76.686,30.3146],[76.6819,30.3113],[76.677,30.3079],[76.6705,30.3115],[76.6388,30.2844],[76.6354,30.2896],[76.6234,30.2646],[76.6144,30.2726],[76.6087,30.2679],[76.6011,30.2704],[76.5929,30.2618],[76.5838,30.2703],[76.5751,30.2619],[76.5719,30.2653],[76.5567,30.2625],[76.562,30.2415],[76.5556,30.2268],[76.5455,30.2252],[76.548,30.2225],[76.5627,30.2258],[76.5719,30.2363],[76.5918,30.246],[76.5906,30.2535],[76.5961,30.2557],[76.6036,30.2492],[76.5962,30.2374],[76.6,30.2346],[76.6035,30.2378],[76.6274,30.2241],[76.6158,30.2091],[76.6218,30.2051],[76.6388,30.2062],[76.6533,30.2011],[76.6498,30.1911],[76.6561,30.1852],[76.6508,30.176],[76.6359,30.1686],[76.6287,30.1794],[76.645,30.1888],[76.6363,30.1966],[76.6142,30.2045],[76.5999,30.1847],[76.6224,30.1676],[76.6333,30.167],[76.6422,30.1497],[76.6235,30.1402],[76.5993,30.1125],[76.5763,30.1101],[76.5536,30.12],[76.5554,30.1249],[76.5456,30.1249],[76.5488,30.1213],[76.5395,30.1082],[76.5457,30.1059],[76.5485,30.1117],[76.5557,30.1107],[76.5752,30.1006],[76.5605,30.0934],[76.5564,30.0826],[76.5481,30.0808],[76.5462,30.0759],[76.538,30.0747],[76.5298,30.0785],[76.5119,30.072],[76.5139,30.0837],[76.5045,30.0939],[76.4625,30.1011],[76.4563,30.1155],[76.46,30.1295],[76.4405,30.1315],[76.4375,30.1363],[76.4397,30.1437],[76.4286,30.1506],[76.4365,30.156],[76.4406,30.1659],[76.4304,30.178],[76.4343,30.1831],[76.4227,30.1923],[76.4064,30.1904],[76.403,30.1821],[76.3872,30.1706],[76.3935,30.167],[76.395,30.158],[76.4101,30.1451],[76.3912,30.1351],[76.4,30.1167],[76.3889,30.1133],[76.3622,30.1202],[76.3607,30.1226],[76.3669,30.1242],[76.3593,30.1398],[76.3505,30.1469],[76.3469,30.1428],[76.3339,30.142],[76.3335,30.1382],[76.342,30.1264],[76.3602,30.1202],[76.3441,30.1009],[76.3217,30.0951],[76.2966,30.1144],[76.2853,30.1062],[76.2752,30.1146],[76.2678,30.1145],[76.2537,30.1216],[76.2557,30.1261],[76.2468,30.1308],[76.2427,30.1292],[76.2433,30.1324],[76.2322,30.1401],[76.2346,30.145],[76.2184,30.1478],[76.2144,30.156],[76.2076,30.1566],[76.2072,30.1446],[76.2246,30.1271],[76.2166,30.1242],[76.2204,30.1155],[76.2167,30.1101],[76.2235,30.1119],[76.2381,30.1054],[76.2535,30.089],[76.2263,30.0594],[76.2285,30.0535],[76.2222,30.0492],[76.2225,30.0369],[76.2137,30.0317],[76.2132,30.0227],[76.2329,30.016],[76.2262,30.0088],[76.21,30.0052],[76.2114,29.9955],[76.2065,29.9935],[76.2107,29.9882],[76.208,29.9861],[76.2029,29.9897],[76.2019,29.9871],[76.2057,29.9743],[76.1953,29.9659],[76.1971,29.9623],[76.193,29.9622],[76.1906,29.9552],[76.1938,29.952],[76.1799,29.9453],[76.1781,29.9334],[76.1719,29.9263],[76.1878,29.9207],[76.1856,29.8925],[76.1934,29.8857],[76.1995,29.8884],[76.2013,29.8837],[76.2095,29.8858],[76.2108,29.8913],[76.2174,29.8841],[76.2294,29.8857],[76.2467,29.876],[76.2438,29.8524],[76.2324,29.8537],[76.2222,29.8488],[76.2205,29.8379],[76.212,29.843],[76.1978,29.8448],[76.1848,29.8228],[76.1737,29.8179],[76.1455,29.8191],[76.1239,29.7909],[76.1196,29.7923],[76.12,29.8009],[76.1051,29.8119],[76.0981,29.8106],[76.085,29.8008],[76.0826,29.7812],[76.0768,29.7749],[76.0725,29.7786],[76.0602,29.7647],[76.0568,29.7654],[76.0434,29.7427],[76.0324,29.7464],[76.0307,29.7547],[76.0261,29.7562],[76.0167,29.7432],[75.9949,29.7393],[75.9844,29.7271],[75.9548,29.732],[75.9387,29.7307],[75.9151,29.7429],[75.9152,29.7472],[75.9063,29.754],[75.8988,29.7463],[75.8859,29.7454],[75.8813,29.7511],[75.8702,29.7493],[75.8667,29.7666],[75.8514,29.7727],[75.8529,29.7781],[75.837,29.7943],[75.8377,29.813],[75.8303,29.8118],[75.8259,29.8153],[75.8214,29.807],[75.8056,29.8048],[75.7888,29.8111],[75.7788,29.8224],[75.7561,29.805],[75.7378,29.814],[75.7206,29.8136],[75.7179,29.803],[75.7141,29.8019],[75.7127,29.7927],[75.7166,29.7887],[75.7101,29.7804],[75.7123,29.7741],[75.7046,29.7636],[75.7092,29.7565],[75.7064,29.7532],[75.6913,29.7559],[75.6771,29.7766],[75.6424,29.7751],[75.6351,29.7723],[75.6345,29.7553],[75.6298,29.7499],[75.6167,29.7443],[75.6052,29.752],[75.5899,29.7475],[75.58,29.7394],[75.5721,29.7433],[75.5621,29.7702],[75.5379,29.7733],[75.523,29.7584],[75.5232,29.7692],[75.5186,29.7758],[75.5027,29.7779],[75.4595,29.8075],[75.4528,29.8019],[75.4582,29.7948],[75.4539,29.782],[75.4475,29.7838],[75.4383,29.78],[75.4274,29.7709],[75.4214,29.7751],[75.4063,29.7613],[75.4048,29.739],[75.3964,29.7395],[75.3954,29.7336],[75.3882,29.7299],[75.3934,29.722],[75.3892,29.7161],[75.3922,29.7133],[75.373,29.7133],[75.3708,29.7045],[75.359,29.7055],[75.3586,29.6998],[75.3457,29.696],[75.3601,29.6626],[75.3581,29.6608],[75.3486,29.6666],[75.341,29.6753],[75.3337,29.6735],[75.3166,29.6306],[75.3073,29.6248],[75.2957,29.625],[75.2897,29.6078],[75.3034,29.6026],[75.3056,29.5957],[75.3199,29.5874],[75.3113,29.5802],[75.3094,29.5608],[75.2983,29.5586],[75.2811,29.5615],[75.2804,29.554],[75.2732,29.55],[75.2445,29.5467],[75.2353,29.5421],[75.2384,29.5589],[75.2319,29.5748],[75.2217,29.5803],[75.2354,29.6031],[75.2067,29.6219],[75.1968,29.6193],[75.183,29.6284],[75.1876,29.6518],[75.1746,29.6556],[75.1675,29.6702],[75.1839,29.6733],[75.1881,29.6813],[75.1988,29.68],[75.2068,29.6875],[75.2076,29.7016],[75.1978,29.7033],[75.2006,29.7265],[75.2103,29.7388],[75.2263,29.7289],[75.2381,29.74],[75.2416,29.7546],[75.2366,29.757],[75.2247,29.7799],[75.2263,29.7892],[75.2163,29.7877],[75.2085,29.7932],[75.2097,29.8174],[75.214,29.824],[75.2106,29.8324],[75.1915,29.8413],[75.1759,29.8281],[75.164,29.8241],[75.1591,29.8013],[75.1669,29.7852],[75.151,29.7755],[75.1405,29.7856],[75.1351,29.8073],[75.1182,29.8027],[75.1007,29.8068],[75.1015,29.8216],[75.1189,29.832],[75.1114,29.8419],[75.1031,29.8418],[75.0901,29.854],[75.0897,29.8586],[75.1068,29.868],[75.1147,29.8787],[75.1104,29.9019],[75.0987,29.9128],[75.0869,29.9154],[75.0753,29.8964],[75.0744,29.8823],[75.0699,29.8771],[75.0561,29.8781],[75.0469,29.8851],[75.0329,29.8798],[75.0225,29.8663],[74.9909,29.8677],[74.9771,29.8884],[74.9788,29.8942],[74.9537,29.9014],[74.9482,29.9068],[74.9267,29.9503],[74.9228,29.952],[74.9129,29.9433],[74.8973,29.9394],[74.9032,29.9522],[74.888,29.9671],[74.8757,29.9575],[74.8647,29.9601],[74.8554,29.9564],[74.8385,29.9711],[74.821,29.9709],[74.8263,29.9772],[74.8243,29.9857],[74.8124,29.9923],[74.806,29.992],[74.7794,29.972],[74.763,29.9732],[74.7533,29.9678],[74.7403,29.9684],[74.7314,29.9615],[74.7067,29.9706],[74.7066,29.9769],[74.6936,29.9669],[74.682,29.9433],[74.6516,29.9265],[74.6467,29.9114],[74.6542,29.9056],[74.6292,29.905],[74.5967,29.9123],[74.5824,29.9243],[74.559,29.9271],[74.5608,29.9293],[74.5317,29.9492],[74.51,29.9082],[74.522,29.9022],[74.5436,29.9014],[74.561,29.8696],[74.5391,29.8406],[74.5079,29.833],[74.4851,29.815],[74.4737,29.7871],[74.4738,29.7683],[74.4804,29.7435],[74.534,29.7404],[74.5464,29.753],[74.5625,29.7556],[74.5774,29.754],[74.5759,29.7483],[74.5873,29.7669],[74.6009,29.7659],[74.6032,29.758],[74.6161,29.7522],[74.6095,29.7432],[74.6098,29.7218],[74.6001,29.6991],[74.6012,29.6904],[74.5854,29.6545],[74.5913,29.6395],[74.5893,29.6318],[74.5815,29.6272],[74.5749,29.5643],[74.5899,29.5479],[74.6118,29.5385],[74.6149,29.5311],[74.623,29.531],[74.6219,29.5222],[74.601,29.5011],[74.5846,29.4585],[74.5732,29.4651],[74.5433,29.4679],[74.5367,29.4596],[74.5346,29.4477],[74.5366,29.4245],[74.5664,29.4205],[74.5779,29.3885],[74.6029,29.3649],[74.6073,29.3562],[74.5992,29.3275],[74.6545,29.3329],[74.6521,29.3513],[74.6582,29.372],[74.6909,29.3659],[74.7194,29.37],[74.7392,29.3541],[74.7622,29.3544],[74.7875,29.3614],[74.8203,29.3972],[74.8448,29.3997],[74.8505,29.4036],[74.8714,29.3949],[74.8776,29.3835],[74.9003,29.3848],[74.9168,29.3713],[74.9383,29.362],[74.9399,29.34],[74.9545,29.3327],[74.9609,29.3203],[74.9484,29.3015],[74.9611,29.2806],[74.9832,29.2806],[74.9986,29.2707],[75.0199,29.2863],[75.05,29.2862],[75.0604,29.2761],[75.0612,29.2641],[75.0732,29.2478],[75.0755,29.2297],[75.1196,29.2229],[75.1244,29.2399],[75.1378,29.2387],[75.1628,29.244],[75.1743,29.2512],[75.1686,29.2589],[75.188,29.2683],[75.1957,29.2634],[75.2101,29.2347],[75.2384,29.2302],[75.2448,29.2501],[75.2841,29.2489],[75.2883,29.2734],[75.3067,29.2746],[75.3229,29.2895],[75.335,29.2869],[75.3415,29.2812],[75.3387,29.252],[75.3281,29.2353],[75.3498,29.2238],[75.3559,29.223],[75.36,29.2272],[75.3623,29.2444],[75.3789,29.2569],[75.3932,29.2613],[75.4054,29.2605],[75.4105,29.2557],[75.412,29.2428],[75.3968,29.2175],[75.4085,29.2132],[75.4144,29.1843],[75.4067,29.1697],[75.3813,29.1689],[75.3787,29.1422],[75.3711,29.1416],[75.3715,29.1381],[75.3844,29.1295],[75.4021,29.1279],[75.4058,29.1198],[75.3939,29.1101],[75.3921,29.102],[75.3969,29.0976],[75.391,29.0854],[75.3947,29.0759],[75.3912,29.0627],[75.4418,29.0575],[75.4432,29.048],[75.4519,29.0392],[75.4429,29.0231],[75.4457,29.0083],[75.4586,29.0142],[75.4726,29.0143],[75.5051,29.0118],[75.5218,29.0039],[75.5274,28.971],[75.51,28.9539],[75.5115,28.9421],[75.4986,28.934],[75.4772,28.9347],[75.4734,28.9234],[75.4965,28.8963],[75.4984,28.849],[75.5054,28.8511],[75.5078,28.8392],[75.5153,28.8398],[75.5155,28.8342],[75.5202,28.834],[75.5194,28.8129],[75.5088,28.8027],[75.5115,28.7935],[75.5063,28.7922],[75.5081,28.7886],[75.5034,28.7824],[75.5108,28.781],[75.5139,28.7733],[75.5176,28.7738],[75.5303,28.7474],[75.543,28.7504],[75.5304,28.7383],[75.5399,28.7249],[75.5389,28.6948],[75.545,28.6831],[75.5412,28.6605],[75.5451,28.6594],[75.5495,28.6415],[75.5548,28.6438],[75.5607,28.6359],[75.5615,28.6132],[75.5862,28.6132],[75.5911,28.6056],[75.6217,28.6021],[75.6257,28.5658],[75.6335,28.5444],[75.6537,28.5366],[75.6658,28.536],[75.6709,28.5314],[75.6709,28.5173],[75.6842,28.511],[75.69,28.4999],[75.702,28.4918],[75.729,28.4907],[75.7309,28.4862],[75.7395,28.4848],[75.7356,28.4688],[75.7883,28.4536],[75.7921,28.4446],[75.7885,28.4336],[75.7808,28.4329],[75.7798,28.4275],[75.7697,28.4228],[75.7667,28.4142],[75.7768,28.4004],[75.7885,28.4042],[75.7945,28.3996],[75.7995,28.4072],[75.8069,28.4091],[75.806,28.4059],[75.8098,28.4058],[75.819,28.4098],[75.8221,28.403],[75.8328,28.4054],[75.8395,28.3944],[75.864,28.389],[75.864,28.3852],[75.8755,28.3872],[75.8904,28.3831],[75.8963,28.3901],[75.9006,28.3718],[75.9182,28.372],[75.9167,28.3674],[75.9295,28.3591],[75.9285,28.3431],[75.932,28.3429],[75.933,28.3366],[75.955,28.3338],[75.9523,28.3292],[75.9568,28.3267],[75.9578,28.3138],[75.9725,28.3186],[75.978,28.3019],[75.9862,28.2931],[76.0263,28.275],[76.013,28.246],[76.0161,28.237],[76.0278,28.2326],[76.0378,28.2227],[76.056,28.2203],[76.0474,28.1981],[76.0719,28.1943],[76.0762,28.1685],[76.0954,28.1509],[76.0929,28.14],[76.0747,28.1371],[76.0654,28.1415],[76.0706,28.1651],[76.0318,28.1679],[76.0168,28.1501],[76.0075,28.1531],[76.0006,28.1332],[76.0044,28.132],[75.999,28.1228],[75.9767,28.1247],[75.9674,28.1138],[75.9617,28.1148],[75.9456,28.1072],[75.9386,28.0879],[75.9646,28.0805],[75.9723,28.0833],[75.9834,28.0813],[75.9883,28.0663],[75.9749,28.051],[75.9844,28.0471],[75.9929,28.0463],[75.9988,28.0571],[76.0077,28.0589],[76.0232,28.086],[76.0408,28.074],[76.0254,28.0542],[76.0083,28.0584],[76.0078,28.0557],[76.0171,28.0527],[76.0164,28.0305],[75.9977,28.033],[75.9946,28.0385],[75.9935,28.0352],[75.9769,28.0314],[75.9727,28.0236],[75.9711,28.0161],[75.9955,28.0069],[75.9899,27.9947],[75.9776,28.0002],[75.9667,28.0],[75.9658,27.9836],[75.9859,27.9786],[75.9899,27.9823],[76.0,27.9776],[75.982,27.9653],[75.9779,27.9544],[75.983,27.951],[75.9727,27.9327],[75.9579,27.9359],[75.9517,27.9477],[75.9391,27.9406],[75.9324,27.9301],[75.9397,27.9228],[75.9345,27.9186],[75.9383,27.9141],[75.9681,27.9144],[75.9875,27.9042],[75.9753,27.8937],[75.9844,27.8826],[75.9776,27.8738],[75.9794,27.8654],[75.9725,27.8606],[75.9714,27.852],[76.0046,27.8344],[76.0095,27.8415],[76.0362,27.8374],[76.0409,27.8413],[76.0481,27.835],[76.0606,27.8483],[76.0749,27.8438],[76.0857,27.8447],[76.0889,27.8605],[76.1144,27.8509],[76.1233,27.851],[76.1354,27.8393],[76.1323,27.8245],[76.1537,27.8197],[76.1531,27.8154],[76.1694,27.8079],[76.175,27.7981],[76.1826,27.7986],[76.1996,27.8216],[76.2093,27.8163],[76.2173,27.8168],[76.2254,27.8335],[76.2089,27.84],[76.2122,27.8464],[76.1938,27.8595],[76.1944,27.8774],[76.2003,27.8782],[76.2015,27.8925],[76.1682,27.9034],[76.1686,27.9153],[76.1739,27.9298],[76.177,27.9297],[76.1824,27.9519],[76.1807,27.9571],[76.1866,27.9655],[76.1635,27.9734],[76.1669,27.983],[76.1578,27.989],[76.1769,28.0215],[76.1968,28.0155],[76.2033,28.028],[76.2147,28.0266],[76.2166,28.0355],[76.2037,28.0377],[76.2018,28.0293],[76.1895,28.0344],[76.1779,28.0456],[76.1804,28.0545],[76.1888,28.0532],[76.1895,28.0565],[76.2022,28.0583],[76.2193,28.0492],[76.238,28.0497],[76.2429,28.0644],[76.261,28.0675],[76.2838,28.057],[76.2842,28.0515],[76.2936,28.0492],[76.2922,28.0259],[76.299,28.0227],[76.3189,28.0155],[76.323,28.0215],[76.3287,28.0188],[76.3423,28.0306],[76.3556,28.0707],[76.3434,28.0702],[76.333,28.0768],[76.3289,28.0877],[76.3188,28.0888],[76.3014,28.0979],[76.3093,28.1082],[76.3366,28.1026],[76.3599,28.1249],[76.3331,28.1336],[76.3299,28.1428],[76.321,28.1486],[76.3152,28.1504],[76.3111,28.1455],[76.2976,28.1491],[76.3046,28.1593],[76.2807,28.1655],[76.2824,28.1713],[76.2896,28.1703],[76.2923,28.1792],[76.3052,28.1759],[76.3088,28.1789],[76.3322,28.1701],[76.3452,28.1694],[76.3578,28.1611],[76.3542,28.155],[76.3582,28.1549],[76.3566,28.1437],[76.3663,28.1368],[76.3807,28.1334],[76.3836,28.1368],[76.3907,28.1348],[76.3997,28.1451],[76.4316,28.1411],[76.4363,28.1488],[76.4588,28.1476],[76.4651,28.1517],[76.4757,28.1486],[76.472,28.1351],[76.4812,28.1287],[76.4919,28.1299],[76.4871,28.1199],[76.5018,28.1189],[76.4993,28.0997],[76.4789,28.1006],[76.4761,28.1081],[76.4637,28.109],[76.4578,28.1062],[76.4478,28.089],[76.4672,28.079],[76.4789,28.0777],[76.5015,28.0601],[76.4968,28.0538],[76.4894,28.0528],[76.4615,28.0587],[76.4547,28.0423],[76.4974,28.0433],[76.5026,28.0314],[76.5101,28.0297],[76.5293,28.0404],[76.5438,28.0342],[76.5393,28.0232],[76.5454,28.0073],[76.5369,28.0004],[76.5427,27.9995],[76.5411,27.9848],[76.5359,27.9795],[76.5381,27.9677],[76.5481,27.9639],[76.5605,27.9659],[76.5634,27.9782],[76.5793,27.979],[76.5826,27.9918],[76.5888,27.998],[76.6007,27.9996],[76.6051,28.004],[76.6407,28.0023],[76.6681,28.0138],[76.663,28.0299],[76.6544,28.0347],[76.6586,28.0469],[76.6516,28.0616],[76.6572,28.0893],[76.6873,28.0877],[76.685,28.0916],[76.6982,28.112],[76.703,28.1076],[76.7157,28.1278],[76.7435,28.121],[76.7624,28.1427],[76.7764,28.1441],[76.7838,28.1509],[76.7948,28.1484],[76.8006,28.1624],[76.795,28.1694],[76.7925,28.1842],[76.7975,28.1918],[76.8062,28.1866],[76.8122,28.1909],[76.8048,28.1973],[76.8084,28.2109],[76.8312,28.2092],[76.8382,28.22],[76.8485,28.2216],[76.8749,28.2178],[76.8735,28.2055],[76.9068,28.2003],[76.8986,28.1934],[76.8922,28.1933],[76.8925,28.1836],[76.9024,28.1811],[76.9065,28.1719],[76.9197,28.1669],[76.932,28.1531],[76.9509,28.1499],[76.9481,28.1422],[76.9705,28.1384],[76.9538,28.0626],[76.9396,28.043],[76.9308,27.9936],[76.9335,27.982],[76.9379,27.983],[76.9307,27.9533],[76.9315,27.9226],[76.9516,27.9183],[76.9506,27.8959],[76.9376,27.8965],[76.9423,27.8429],[76.9357,27.8291],[76.9142,27.8334],[76.91,27.8152],[76.919,27.8044],[76.9115,27.7964],[76.9133,27.7889],[76.9061,27.7881],[76.9008,27.7649],[76.9014,27.744],[76.8996,27.7367],[76.8967,27.7381],[76.8924,27.7335],[76.8942,27.7179],[76.9111,27.7149],[76.9244,27.6999],[76.9203,27.6957],[76.9161,27.6981],[76.9083,27.6937],[76.8896,27.7008],[76.89,27.6957],[76.9059,27.6863],[76.8983,27.6775],[76.9106,27.668],[76.9064,27.6617],[76.9118,27.658],[76.9105,27.6547],[76.9155,27.6526],[76.9257,27.6613],[76.9328,27.6562],[76.9431,27.6738],[76.9791,27.6536],[76.9822,27.6792],[77.0001,27.737],[77.0115,27.7318],[77.0198,27.7458],[77.0339,27.7452],[77.0365,27.7486],[77.0451,27.7433],[77.0487,27.7315],[77.0596,27.7265],[77.0857,27.7381],[77.0782,27.7512],[77.0801,27.7575],[77.0762,27.7664],[77.0721,27.7645],[77.0696,27.7675],[77.0595,27.7609],[77.0558,27.7634],[77.0561,27.7712],[77.0358,27.7816],[77.0344,27.7781],[77.0266,27.7793],[77.0387,27.811],[77.0458,27.8158],[77.0448,27.8218],[77.0639,27.8121],[77.0746,27.8144],[77.0811,27.8047],[77.1085,27.7863],[77.1228,27.7935],[77.1345,27.7869],[77.1319,27.7785],[77.1352,27.7759],[77.1436,27.7864],[77.1575,27.7865],[77.1615,27.8033],[77.1566,27.8104],[77.16,27.8175],[77.1672,27.8138],[77.1798,27.818],[77.1896,27.8098],[77.1854,27.8032],[77.1789,27.8052],[77.1691,27.7918],[77.177,27.7863],[77.1986,27.7997],[77.1913,27.8099],[77.2021,27.8246],[77.2133,27.8085],[77.2106,27.802],[77.2224,27.7967],[77.2266,27.7994],[77.2326,27.7974],[77.2382,27.7931],[77.2338,27.7879],[77.2427,27.7849],[77.2481,27.792],[77.2524,27.7907],[77.2687,27.815],[77.2837,27.8011],[77.2986,27.8152],[77.2965,27.8252],[77.3125,27.828],[77.3207,27.8254],[77.3353,27.8338],[77.332,27.8375],[77.3351,27.8474],[77.3483,27.8556],[77.3609,27.8508],[77.377,27.8589],[77.4104,27.8518],[77.4218,27.8544],[77.4093,27.8742],[77.4201,27.8905],[77.4283,27.8909],[77.45,27.8712],[77.4609,27.8762],[77.4733,27.8845],[77.4787,27.8945],[77.4805,27.9151],[77.4771,27.9164],[77.4796,27.9217],[77.4753,27.9293],[77.4922,27.9385],[77.5018,27.9254],[77.5166,27.9333],[77.5294,27.9255],[77.5459,27.9582],[77.5441,27.9624],[77.5189,27.9624],[77.5194,27.9752],[77.5378,27.9792],[77.5424,27.9893],[77.5281,27.9979],[77.5213,28.0142],[77.5084,28.0228],[77.5127,28.0319],[77.4836,28.0405],[77.5012,28.0585],[77.4743,28.0875],[77.4826,28.1072],[77.4898,28.1056],[77.4922,28.0951],[77.4994,28.0946],[77.4984,28.1089],[77.5124,28.1249],[77.5091,28.1303],[77.4938,28.1329],[77.4913,28.1366],[77.5043,28.1456],[77.5021,28.1612],[77.5112,28.1669],[77.5223,28.1612],[77.537,28.1657],[77.5496,28.1798],[77.5436,28.1913],[77.5306,28.1859],[77.5156,28.1929],[77.5062,28.1815],[77.4985,28.1846],[77.4973,28.206],[77.5059,28.2096],[77.5175,28.2046],[77.5233,28.196],[77.5304,28.1987],[77.5352,28.2103],[77.5214,28.2202],[77.5213,28.2245],[77.5504,28.2424],[77.5446,28.2489],[77.5188,28.2425],[77.5083,28.2468],[77.5095,28.2495],[77.5012,28.2521],[77.4989,28.247],[77.4927,28.252],[77.4908,28.2713],[77.5034,28.2801],[77.4985,28.2856],[77.5029,28.2891],[77.5071,28.3057],[77.4849,28.3257],[77.4717,28.3281],[77.4712,28.3348],[77.4963,28.3492],[77.5052,28.3627],[77.5001,28.3657],[77.5048,28.37],[77.4912,28.3852],[77.4734,28.397],[77.4802,28.3988],[77.4838,28.4081],[77.4776,28.4191],[77.4635,28.4152],[77.4625,28.4244],[77.4355,28.431],[77.4392,28.4351],[77.4334,28.4549],[77.419,28.4523],[77.4001,28.4557],[77.4081,28.4672],[77.3919,28.4721],[77.3873,28.468],[77.3805,28.4703],[77.3701,28.4857],[77.3717,28.4985],[77.3581,28.5019],[77.3525,28.4996],[77.3454,28.5133],[77.3268,28.4901],[77.3141,28.4836],[77.3008,28.4899],[77.3006,28.4942],[77.2903,28.4966],[77.2433,28.4788],[77.2356,28.4711],[77.2329,28.4579],[77.2344,28.4547],[77.2425,28.4562],[77.2466,28.4527],[77.2488,28.4329],[77.2526,28.4329],[77.2493,28.4242],[77.2166,28.4097],[77.1905,28.4072],[77.1844,28.4104],[77.1744,28.4047],[77.1652,28.4143],[77.1659,28.4257],[77.1623,28.429],[77.1238,28.4454],[77.1218,28.4585],[77.1109,28.4713],[77.1207,28.4963],[77.0981,28.5048],[77.0986,28.5115],[77.0947,28.5138],[77.0722,28.5202],[77.0673,28.5121],[77.0599,28.5123],[77.0466,28.5166],[77.0484,28.5209],[77.0319,28.5313],[77.0066,28.5413],[77.0005,28.5321],[77.017,28.5209],[77.0103,28.5147],[76.9966,28.5197],[76.9904,28.5135],[76.9781,28.5213],[76.9488,28.504],[76.9275,28.5104],[76.9206,28.507],[76.908,28.5137],[76.8914,28.5008],[76.8839,28.5007],[76.8796,28.5047],[76.8871,28.5206],[76.877,28.5244],[76.8647,28.5433],[76.8465,28.5495],[76.8425,28.5561],[76.8396,28.5825],[76.8643,28.5858],[76.8878,28.6316],[76.9063,28.6238],[76.9142,28.6323],[76.9201,28.6315],[76.9345,28.6183],[76.9437,28.6282],[76.9452,28.633],[76.925,28.6499],[76.935,28.6675],[76.9488,28.6698],[76.9534,28.6673],[76.958,28.6846],[76.9678,28.6996],[76.9482,28.7128],[76.96,28.7327],[76.9559,28.7382],[76.9586,28.743],[76.9446,28.7541],[76.9559,28.7674],[76.9498,28.7771],[76.9538,28.7909],[76.9421,28.7985],[76.9508,28.8183],[76.9617,28.8149],[76.9671,28.8281],[76.9802,28.8215],[76.9948,28.8395],[77.0233,28.8394],[77.04,28.8318],[77.0578,28.8678],[77.061,28.8711],[77.0746,28.8675],[77.0824,28.8838],[77.0875,28.8755],[77.1098,28.8701],[77.1209,28.8583],[77.1322,28.8636],[77.1403,28.8621],[77.1453,28.8537],[77.1417,28.8447],[77.1438,28.8383],[77.1577,28.8367],[77.1659,28.8491],[77.1721,28.8499],[77.1754,28.8584],[77.2098,28.8579],[77.2077,28.8621],[77.1893,28.868],[77.1921,28.8758],[77.1893,28.8809],[77.206,28.8884],[77.2205,28.8788],[77.2281,28.8812],[77.2329,28.9187],[77.2134,28.9332],[77.2028,28.9333],[77.1967,28.9377],[77.1928,28.9589],[77.2001,28.9713],[77.2023,28.9872],[77.191,29.006],[77.1931,29.0132],[77.1891,29.0277],[77.1851,29.0315],[77.1777,29.0297],[77.167,29.0338],[77.1721,29.0465],[77.1638,29.0795],[77.1467,29.0806],[77.134,29.096],[77.1389,29.108],[77.1461,29.1106],[77.1491,29.1177],[77.1474,29.1336],[77.1359,29.142],[77.1362,29.1496],[77.1429,29.1563],[77.1471,29.1805],[77.1402,29.1922],[77.1433,29.1944],[77.1422,29.2041],[77.1314,29.2175],[77.1335,29.2235],[77.15,29.2328],[77.1494,29.25],[77.1389,29.2679],[77.1506,29.2947],[77.1583,29.3029],[77.1605,29.3134],[77.1565,29.3228],[77.1611,29.3324],[77.1517,29.3411],[77.1295,29.3426],[77.1244,29.3515],[77.1289,29.3571],[77.1233,29.3704],[77.127,29.3758],[77.1426,29.3775],[77.1574,29.3874],[77.1535,29.3907],[77.1474,29.3879],[77.1332,29.4009],[77.1331,29.4188],[77.1484,29.4341],[77.1445,29.4454],[77.1339,29.4476],[77.1232,29.4554],[77.1227,29.4689],[77.1333,29.4831],[77.113,29.5066],[77.1036,29.5073],[77.0964,29.5195],[77.1083,29.5479],[77.1219,29.552],[77.1268,29.5595],[77.121,29.5665],[77.105,29.5722],[77.0958,29.5825],[77.0839,29.5873],[77.0881,29.5941],[77.1095,29.5975],[77.113,29.6107],[77.1038,29.6141],[77.1016,29.6199],[77.1062,29.6324],[77.1148,29.6383],[77.1188,29.6355],[77.1315,29.6419],[77.141,29.655],[77.1381,29.6667],[77.1465,29.6723],[77.1424,29.6805],[77.1565,29.6926],[77.1495,29.7095],[77.1342,29.7185],[77.1336,29.7285],[77.1391,29.7323],[77.1391,29.7382],[77.1225,29.7513],[77.1198,29.7601],[77.1253,29.7695],[77.1466,29.7719],[77.1514,29.7882],[77.1643,29.7918],[77.1726,29.8017],[77.1725,29.8078],[77.1792,29.8127],[77.1782,29.8458],[77.1869,29.8579],[77.1973,29.8588],[77.202,29.8689],[77.2001,29.8895],[77.1883,29.8941],[77.1858,29.9076],[77.1899,29.9133],[77.2175,29.9235],[77.2367,29.9553],[77.2446,29.9609],[77.2469,29.9767],[77.2611,29.9821],[77.276,29.9961],[77.2823,30.0295],[77.2762,30.0398],[77.303,30.0554],[77.3343,30.0538],[77.3452,30.0694],[77.3626,30.0764],[77.3788,30.0914],[77.3883,30.0879],[77.3914,30.0908],[77.4051,30.0891],[77.4226,30.1035],[77.4093,30.1051],[77.4025,30.1117],[77.4131,30.1138],[77.4235,30.1309],[77.4183,30.135],[77.428,30.1628],[77.4348,30.164],[77.4358,30.1608],[77.4495,30.1658],[77.4558,30.1628],[77.4688,30.1802],[77.4772,30.1824],[77.5046,30.2253],[77.5306,30.2526],[77.5382,30.2786],[77.5835,30.3074],[77.5867,30.3148],[77.5783,30.3299],[77.5919,30.355],[77.6017,30.3616],[77.6043,30.3685],[77.5915,30.3727],[77.5856,30.3796],[77.581,30.3777],[77.5505,30.3951],[77.5517,30.399],[77.5323,30.4205],[77.5293,30.4366],[77.5232,30.4435],[77.5185,30.4433],[77.5065,30.4275],[77.5025,30.4047],[77.4946,30.4048],[77.4894,30.4106],[77.4705,30.4003],[77.452,30.4001],[77.4432,30.3954],[77.4365,30.4032],[77.4214,30.4033],[77.4223,30.4097],[77.4429,30.4174],[77.4516,30.432],[77.4589,30.4329],[77.4588,30.4419],[77.4634,30.4478],[77.4565,30.4557],[77.4341,30.4311],[77.4161,30.4239],[77.4085,30.4088],[77.4047,30.4086],[77.3979,30.4162],[77.4073,30.4272],[77.3908,30.43],[77.3871,30.4401],[77.3674,30.4403],[77.3643,30.4327],[77.3637,30.4413],[77.3542,30.4582],[77.3339,30.4553],[77.3208,30.4458],[77.3205,30.4489],[77.3054,30.4535],[77.2955,30.4666],[77.2905,30.4629],[77.2768,30.4642],[77.2765,30.4748],[77.2689,30.4813],[77.2434,30.4756],[77.2265,30.4805],[77.2107,30.4648],[77.2068,30.5058],[77.1957,30.5226],[77.169,30.5361],[77.1447,30.5391],[77.1353,30.5455],[77.1228,30.5633],[77.1381,30.5708],[77.1396,30.5794],[77.1475,30.5782],[77.1723,30.6013],[77.1694,30.605],[77.1713,30.6277],[77.1769,30.637],[77.1675,30.6425],[77.1634,30.6509],[77.1688,30.6698],[77.1609,30.6803],[77.1672,30.684],[77.1612,30.691],[77.1422,30.6995],[77.1288,30.7108],[77.1243,30.7218],[77.1138,30.7181],[77.114,30.7281],[77.0958,30.7388],[77.0793,30.7406],[77.0696,30.7377],[77.0493,30.7493],[77.0505,30.7457],[77.0437,30.7463],[77.0478,30.738],[77.0297,30.7337],[77.0205,30.7401],[77.0239,30.747],[77.0207,30.752],[77.0163,30.7502],[77.0186,30.7653],[77.0011,30.77],[77.0186,30.7801],[77.0181,30.7863],[77.013,30.7887],[77.0122,30.8099],[77.0025,30.8064],[76.9985,30.8119],[76.9812,30.8143],[76.9683,30.8254],[76.9615,30.8206],[76.9586,30.8251],[76.9505,30.8138],[76.9426,30.8175],[76.9489,30.8245],[76.944,30.8377],[76.9512,30.8506],[76.9442,30.8551],[76.9364,30.8746],[76.9284,30.8715],[76.9174,30.8835],[76.9168,30.9008],[76.9086,30.8942],[76.8949,30.8905],[76.8953,30.887],[76.8759,30.881],[76.8783,30.8758],[76.8696,30.8732],[76.8511,30.89],[76.841,30.8917],[76.8264,30.9132],[76.8293,30.9167]]]},"properties":{"STNAME":"HARYANA","STCODE11":"06","STNAME_SH":"Haryana","Shape_Length":2786069.9652156294,"Shape_Area":58211653271.361084,"OBJECTID_1":7,"OBJECTID":7,"State_LGD":6,"Shape_Leng":2786069.96522,"MaxSimpTol":300,"MinSimpTol":300}},{"type":"Feature","id":8,"geometry":{"type":"Polygon","coordinates":[[[76.7993,33.2561],[76.7755,33.2536],[76.7712,33.2496],[76.7797,33.2371],[76.7761,33.2207],[76.7582,33.1959],[76.7502,33.1918],[76.7469,33.1792],[76.7349,33.1777],[76.7266,33.1825],[76.7151,33.1815],[76.7069,33.1742],[76.6707,33.172],[76.6614,33.1645],[76.6463,33.1623],[76.6185,33.1744],[76.6177,33.1876],[76.6054,33.1905],[76.6026,33.2063],[76.5674,33.2103],[76.5534,33.199],[76.5432,33.2008],[76.5161,33.1965],[76.4868,33.1795],[76.4725,33.183],[76.4419,33.1809],[76.4265,33.1883],[76.4101,33.1865],[76.3827,33.1661],[76.3745,33.1542],[76.351,33.1444],[76.3322,33.1281],[76.3112,33.1204],[76.2918,33.1032],[76.2943,33.0995],[76.2885,33.0776],[76.296,33.0606],[76.2819,33.0518],[76.2784,33.0378],[76.2608,33.0348],[76.2474,33.0216],[76.2259,33.0237],[76.2177,33.0174],[76.2074,33.0167],[76.1867,33.0213],[76.1661,33.007],[76.1415,33.01],[76.1123,33.0063],[76.1115,32.9879],[76.0993,32.9661],[76.0874,32.9626],[76.0881,32.9562],[76.0734,32.9529],[76.0663,32.942],[76.0438,32.9368],[76.0321,32.9167],[76.014,32.9098],[76.0072,32.9026],[75.9858,32.8962],[75.9807,32.8875],[75.9539,32.8734],[75.9332,32.8911],[75.9245,32.9062],[75.9089,32.9139],[75.8938,32.9156],[75.878,32.9251],[75.8423,32.9293],[75.8243,32.9086],[75.8185,32.8954],[75.8013,32.8857],[75.8113,32.8778],[75.8157,32.8616],[75.8215,32.86],[75.8235,32.8539],[75.8344,32.8463],[75.8449,32.8446],[75.8507,32.8363],[75.8567,32.8358],[75.8702,32.8214],[75.8695,32.8144],[75.8838,32.8122],[75.8888,32.8032],[75.8907,32.7828],[75.9246,32.7483],[75.9221,32.7297],[75.9104,32.7179],[75.9011,32.6986],[75.9024,32.6753],[75.8893,32.6532],[75.8966,32.6497],[75.909,32.6593],[75.9185,32.654],[75.9183,32.6446],[75.9268,32.6437],[75.9367,32.6479],[75.929,32.6383],[75.9301,32.6315],[75.9242,32.6368],[75.9186,32.6332],[75.9159,32.613],[75.9091,32.6086],[75.902,32.5928],[75.8872,32.5908],[75.8809,32.5865],[75.8808,32.5707],[75.8691,32.5635],[75.8761,32.5505],[75.8578,32.5379],[75.857,32.5291],[75.8413,32.5236],[75.8413,32.5151],[75.8339,32.5154],[75.8344,32.5118],[75.8438,32.5091],[75.8472,32.4971],[75.8576,32.4839],[75.8766,32.4724],[75.8909,32.4572],[75.9018,32.4528],[75.9079,32.4365],[75.9206,32.4291],[75.918,32.4144],[75.9365,32.3974],[75.9347,32.3934],[75.9233,32.3913],[75.9217,32.3965],[75.9161,32.397],[75.8938,32.3933],[75.8735,32.3955],[75.8565,32.3848],[75.8474,32.3739],[75.8441,32.3558],[75.8347,32.357],[75.827,32.3505],[75.8112,32.3486],[75.8079,32.3411],[75.8152,32.3304],[75.7978,32.3246],[75.7815,32.3091],[75.7706,32.2887],[75.7448,32.2769],[75.7133,32.2726],[75.6653,32.2534],[75.6385,32.252],[75.6179,32.2367],[75.6366,32.2314],[75.6388,32.2219],[75.6265,32.2155],[75.6242,32.1903],[75.6371,32.1872],[75.6374,32.1927],[75.6557,32.1971],[75.6632,32.1916],[75.6567,32.1835],[75.6589,32.1774],[75.6672,32.1776],[75.6639,32.1624],[75.6731,32.1588],[75.6613,32.1369],[75.6255,32.1182],[75.6265,32.1063],[75.6203,32.0979],[75.6109,32.0932],[75.6008,32.0931],[75.5942,32.079],[75.5948,32.0699],[75.6017,32.0658],[75.6204,32.0726],[75.6313,32.0745],[75.6366,32.0714],[75.6582,32.0777],[75.6746,32.0706],[75.6783,32.0634],[75.6983,32.058],[75.708,32.0495],[75.7107,32.0415],[75.7234,32.033],[75.7424,32.0394],[75.7508,32.0377],[75.7797,32.0047],[75.7996,31.9938],[75.8217,31.984],[75.851,31.9822],[75.8569,31.9739],[75.883,31.969],[75.8826,31.9659],[75.9104,31.9502],[75.9155,31.9311],[75.9612,31.8549],[75.9712,31.8285],[75.9865,31.818],[75.9865,31.8123],[75.9785,31.813],[75.9673,31.8238],[75.9475,31.813],[75.9367,31.8155],[75.953,31.7896],[75.9531,31.7833],[75.9602,31.7812],[75.9751,31.7438],[75.9726,31.7386],[75.9784,31.7337],[76.0001,31.6876],[76.0089,31.6534],[76.0184,31.6489],[76.021,31.6406],[76.0177,31.6322],[76.0461,31.6033],[76.0551,31.6057],[76.056,31.5855],[76.072,31.5696],[76.0815,31.5521],[76.0985,31.5365],[76.1065,31.5099],[76.1131,31.4999],[76.1208,31.4976],[76.117,31.4831],[76.1307,31.4711],[76.1354,31.4589],[76.1331,31.452],[76.139,31.4488],[76.1457,31.4339],[76.1567,31.4305],[76.1625,31.4213],[76.1601,31.4148],[76.1686,31.4097],[76.1685,31.3963],[76.1477,31.3796],[76.1469,31.359],[76.159,31.3437],[76.1788,31.3405],[76.1798,31.3066],[76.191,31.3],[76.2139,31.2995],[76.2395,31.3085],[76.2689,31.3131],[76.2707,31.303],[76.2757,31.3006],[76.3112,31.3195],[76.3226,31.3217],[76.313,31.3301],[76.3076,31.3427],[76.3341,31.3494],[76.3377,31.3403],[76.3439,31.3406],[76.3472,31.3469],[76.3544,31.345],[76.3424,31.3548],[76.3417,31.3782],[76.3296,31.3786],[76.3311,31.4012],[76.3422,31.4009],[76.3428,31.3983],[76.3466,31.4024],[76.3485,31.3978],[76.3678,31.4039],[76.3723,31.409],[76.3702,31.4288],[76.3752,31.437],[76.3899,31.4166],[76.388,31.4091],[76.3969,31.4074],[76.4033,31.3969],[76.4038,31.3923],[76.3984,31.3934],[76.3926,31.3895],[76.4042,31.3779],[76.4185,31.3501],[76.424,31.3491],[76.4317,31.3269],[76.4638,31.3015],[76.4585,31.2954],[76.441,31.2876],[76.4397,31.279],[76.4428,31.2772],[76.4593,31.2857],[76.4795,31.3083],[76.4861,31.304],[76.4916,31.2885],[76.4972,31.286],[76.4973,31.2705],[76.5039,31.2669],[76.5213,31.2803],[76.5274,31.2772],[76.5305,31.2711],[76.5238,31.2582],[76.5314,31.2564],[76.5393,31.2611],[76.5377,31.2706],[76.5429,31.2825],[76.5513,31.2788],[76.5436,31.259],[76.5492,31.2528],[76.5528,31.2552],[76.56,31.2528],[76.5751,31.2703],[76.5835,31.2762],[76.5877,31.2743],[76.5926,31.2651],[76.6121,31.2479],[76.6098,31.2436],[76.5984,31.2396],[76.5952,31.2268],[76.5886,31.2228],[76.5932,31.2117],[76.6141,31.2179],[76.6277,31.2266],[76.6418,31.2227],[76.6345,31.2179],[76.6454,31.2091],[76.6178,31.1929],[76.6112,31.1823],[76.6,31.1785],[76.6017,31.1758],[76.6077,31.1779],[76.609,31.1733],[76.6031,31.165],[76.6018,31.1532],[76.6124,31.1482],[76.602,31.1238],[76.6134,31.1223],[76.617,31.1162],[76.6361,31.1164],[76.6386,31.1081],[76.6257,31.0914],[76.6231,31.0796],[76.618,31.0782],[76.6226,31.055],[76.611,31.0459],[76.617,31.0299],[76.6291,31.0235],[76.6247,30.9988],[76.6338,30.9959],[76.638,30.9903],[76.6658,30.9808],[76.6732,30.9688],[76.7096,30.9698],[76.7168,30.9599],[76.7223,30.9611],[76.7372,30.9496],[76.7399,30.9355],[76.766,30.9209],[76.7714,30.9071],[76.7767,30.9043],[76.7868,30.9134],[76.7981,30.9153],[76.8224,30.9286],[76.8293,30.9167],[76.8264,30.9132],[76.841,30.8917],[76.8511,30.89],[76.8696,30.8732],[76.8783,30.8758],[76.8759,30.881],[76.8953,30.887],[76.8949,30.8905],[76.9086,30.8942],[76.9168,30.9008],[76.9174,30.8835],[76.9284,30.8715],[76.9364,30.8746],[76.9442,30.8551],[76.9512,30.8506],[76.944,30.8377],[76.9489,30.8245],[76.9426,30.8175],[76.9505,30.8138],[76.9586,30.8251],[76.9615,30.8206],[76.9683,30.8254],[76.9812,30.8143],[76.9985,30.8119],[77.0025,30.8064],[77.0122,30.8099],[77.013,30.7887],[77.0181,30.7863],[77.0186,30.7801],[77.0011,30.77],[77.0186,30.7653],[77.0163,30.7502],[77.0207,30.752],[77.0239,30.747],[77.0205,30.7401],[77.0297,30.7337],[77.0478,30.738],[77.0437,30.7463],[77.0505,30.7457],[77.0493,30.7493],[77.0696,30.7377],[77.0793,30.7406],[77.0958,30.7388],[77.114,30.7281],[77.1138,30.7181],[77.1243,30.7218],[77.1288,30.7108],[77.1422,30.6995],[77.1612,30.691],[77.1672,30.684],[77.1609,30.6803],[77.1688,30.6698],[77.1634,30.6509],[77.1675,30.6425],[77.1769,30.637],[77.1713,30.6277],[77.1694,30.605],[77.1723,30.6013],[77.1475,30.5782],[77.1396,30.5794],[77.1381,30.5708],[77.1228,30.5633],[77.1353,30.5455],[77.1447,30.5391],[77.169,30.5361],[77.1957,30.5226],[77.2068,30.5058],[77.2107,30.4648],[77.2265,30.4805],[77.2434,30.4756],[77.2689,30.4813],[77.2765,30.4748],[77.2768,30.4642],[77.2905,30.4629],[77.2955,30.4666],[77.3054,30.4535],[77.3205,30.4489],[77.3208,30.4458],[77.3339,30.4553],[77.3542,30.4582],[77.3637,30.4413],[77.3643,30.4327],[77.3674,30.4403],[77.3871,30.4401],[77.3908,30.43],[77.4073,30.4272],[77.3979,30.4162],[77.4047,30.4086],[77.4085,30.4088],[77.4161,30.4239],[77.4341,30.4311],[77.4565,30.4557],[77.4634,30.4478],[77.4588,30.4419],[77.4589,30.4329],[77.4516,30.432],[77.4429,30.4174],[77.4223,30.4097],[77.4214,30.4033],[77.4365,30.4032],[77.4432,30.3954],[77.452,30.4001],[77.4705,30.4003],[77.4894,30.4106],[77.4946,30.4048],[77.5025,30.4047],[77.5065,30.4275],[77.5185,30.4433],[77.5232,30.4435],[77.5293,30.4366],[77.5323,30.4205],[77.5517,30.399],[77.5505,30.3951],[77.581,30.3777],[77.5856,30.3796],[77.576,30.3974],[77.5731,30.4124],[77.5946,30.4267],[77.6227,30.4347],[77.6433,30.4319],[77.6524,30.4481],[77.6708,30.4443],[77.6902,30.4481],[77.721,30.4731],[77.7394,30.4761],[77.7822,30.5003],[77.7999,30.5011],[77.8185,30.5081],[77.8198,30.5241],[77.8278,30.5311],[77.8178,30.5611],[77.8064,30.5546],[77.7996,30.5577],[77.7941,30.5533],[77.7836,30.5599],[77.774,30.5579],[77.7566,30.5857],[77.7429,30.5939],[77.7461,30.604],[77.7519,30.6018],[77.7556,30.6048],[77.7643,30.596],[77.7717,30.597],[77.7711,30.6164],[77.7802,30.6129],[77.7962,30.6137],[77.7861,30.6245],[77.7906,30.6341],[77.7812,30.6467],[77.7921,30.6602],[77.7812,30.66],[77.7725,30.6692],[77.7474,30.6799],[77.7469,30.6945],[77.7526,30.6967],[77.7504,30.7002],[77.7558,30.707],[77.7456,30.7139],[77.7467,30.7198],[77.7366,30.7242],[77.7332,30.7354],[77.7283,30.7342],[77.7215,30.7417],[77.7088,30.7398],[77.705,30.7428],[77.7024,30.7463],[77.7089,30.7526],[77.7038,30.7652],[77.7213,30.7759],[77.7319,30.7919],[77.7329,30.8011],[77.7456,30.8132],[77.7484,30.8217],[77.7613,30.8261],[77.7577,30.8352],[77.744,30.8467],[77.7572,30.8601],[77.7582,30.8769],[77.7632,30.8805],[77.7734,30.8776],[77.7792,30.8604],[77.8057,30.8533],[77.8036,30.8651],[77.7988,30.8681],[77.8014,30.8934],[77.8153,30.9045],[77.8109,30.9167],[77.8133,30.9219],[77.7918,30.9218],[77.7826,30.9168],[77.7628,30.9182],[77.7639,30.9305],[77.7527,30.9339],[77.749,30.9535],[77.7541,30.9645],[77.7724,30.9744],[77.7937,30.9688],[77.814,30.9539],[77.8243,30.9506],[77.8376,30.9532],[77.8322,30.9597],[77.8242,30.9572],[77.8144,30.9619],[77.8242,30.9885],[77.8318,30.9941],[77.822,31.0044],[77.825,31.0099],[77.8099,31.0111],[77.8075,31.0163],[77.807,31.0268],[77.8114,31.0317],[77.8298,31.0288],[77.8216,31.0468],[77.816,31.0501],[77.8168,31.0568],[77.8113,31.0592],[77.8229,31.0587],[77.8243,31.0555],[77.838,31.0727],[77.8512,31.0734],[77.8637,31.094],[77.8605,31.1017],[77.8638,31.1086],[77.8907,31.1218],[77.889,31.1331],[77.9004,31.1423],[77.8987,31.1503],[77.9086,31.1541],[77.9248,31.1505],[77.9432,31.1613],[77.9515,31.1614],[77.9589,31.171],[77.9673,31.1734],[77.9847,31.157],[78.0008,31.162],[78.0144,31.1579],[78.0206,31.1516],[78.0303,31.151],[78.0297,31.1642],[78.041,31.173],[78.0426,31.1786],[78.0659,31.1872],[78.1036,31.1855],[78.1286,31.2009],[78.1334,31.2084],[78.1477,31.2107],[78.1581,31.219],[78.1602,31.2256],[78.187,31.2271],[78.1995,31.2173],[78.2124,31.2196],[78.2203,31.234],[78.2469,31.2305],[78.2507,31.2334],[78.2495,31.2401],[78.2605,31.2398],[78.2829,31.2663],[78.2919,31.26],[78.3063,31.26],[78.3111,31.2832],[78.3319,31.2777],[78.3399,31.2828],[78.352,31.2807],[78.3703,31.2864],[78.3835,31.2826],[78.3863,31.2715],[78.3962,31.2754],[78.3977,31.2663],[78.4072,31.2563],[78.4028,31.248],[78.4069,31.2423],[78.4142,31.2397],[78.4259,31.2443],[78.4342,31.2547],[78.4436,31.2444],[78.4557,31.2411],[78.4798,31.2139],[78.4837,31.199],[78.5076,31.196],[78.5516,31.2],[78.5681,31.2192],[78.5782,31.2253],[78.5968,31.2252],[78.6093,31.2293],[78.6226,31.2242],[78.626,31.218],[78.647,31.2148],[78.6491,31.2023],[78.66,31.1912],[78.658,31.1851],[78.6719,31.197],[78.6868,31.1978],[78.7034,31.1891],[78.7652,31.1858],[78.8099,31.1984],[78.8174,31.1897],[78.8105,31.1803],[78.8107,31.172],[78.8249,31.1636],[78.823,31.1578],[78.8312,31.1407],[78.8381,31.1384],[78.848,31.1252],[78.8652,31.1201],[78.8854,31.0988],[78.9086,31.0989],[78.9127,31.1077],[78.9206,31.1108],[78.9259,31.1095],[78.9322,31.1008],[78.9507,31.0981],[78.973,31.1082],[79.0022,31.1125],[79.0089,31.11],[78.9996,31.1348],[78.9876,31.1434],[78.9905,31.1614],[78.9859,31.1739],[78.9575,31.1867],[78.9583,31.1905],[78.9438,31.2066],[78.9477,31.2169],[78.9311,31.2161],[78.926,31.2202],[78.9161,31.2487],[78.8861,31.2686],[78.876,31.3032],[78.8617,31.3162],[78.8514,31.3103],[78.8557,31.2959],[78.8342,31.2949],[78.8166,31.2998],[78.8118,31.3073],[78.7916,31.3046],[78.7782,31.3126],[78.7771,31.3205],[78.7693,31.3245],[78.7679,31.3289],[78.7738,31.333],[78.764,31.3423],[78.769,31.3503],[78.7496,31.3662],[78.7575,31.3737],[78.7528,31.3854],[78.7607,31.4007],[78.7688,31.4056],[78.7825,31.4282],[78.796,31.4366],[78.7977,31.4435],[78.7787,31.4514],[78.7692,31.4721],[78.7587,31.4825],[78.726,31.4831],[78.7274,31.4899],[78.7205,31.5073],[78.7349,31.5361],[78.7441,31.5412],[78.7572,31.5423],[78.7613,31.5491],[78.7755,31.5437],[78.7798,31.5558],[78.8029,31.5658],[78.8068,31.5774],[78.8209,31.5788],[78.831,31.594],[78.8412,31.5964],[78.8469,31.608],[78.8408,31.623],[78.8299,31.6247],[78.8192,31.6375],[78.8098,31.6384],[78.8017,31.648],[78.7985,31.6823],[78.764,31.6746],[78.7504,31.6814],[78.754,31.6953],[78.7451,31.7052],[78.7431,31.7177],[78.7343,31.7236],[78.7296,31.7328],[78.7258,31.7583],[78.7053,31.776],[78.7074,31.7853],[78.7027,31.8074],[78.7181,31.8237],[78.7424,31.8352],[78.745,31.8395],[78.7453,31.8547],[78.7415,31.861],[78.7498,31.8737],[78.741,31.8852],[78.7477,31.8924],[78.7416,31.9013],[78.7713,31.929],[78.7657,31.9545],[78.7696,31.9618],[78.7814,31.9654],[78.7737,31.9742],[78.7756,31.9875],[78.7811,31.9935],[78.7683,31.998],[78.7659,32.0028],[78.7378,32.0012],[78.7333,32.0058],[78.7337,32.0131],[78.7247,32.02],[78.722,32.0397],[78.7126,32.046],[78.7056,32.0666],[78.6902,32.0713],[78.682,32.0804],[78.6849,32.0863],[78.672,32.0853],[78.6633,32.1026],[78.655,32.1076],[78.6216,32.113],[78.6128,32.1176],[78.605,32.1411],[78.5898,32.1542],[78.5928,32.1607],[78.6043,32.1671],[78.6093,32.178],[78.6061,32.1933],[78.6107,32.2071],[78.6085,32.2143],[78.5551,32.2457],[78.5296,32.2452],[78.4985,32.2389],[78.4548,32.2422],[78.4819,32.2798],[78.4765,32.3331],[78.4799,32.3481],[78.5076,32.3692],[78.5136,32.3911],[78.5348,32.4144],[78.5186,32.4221],[78.4941,32.4218],[78.4822,32.4411],[78.4542,32.4524],[78.4534,32.4671],[78.4648,32.4852],[78.4612,32.4939],[78.4478,32.5063],[78.4253,32.5081],[78.4176,32.5142],[78.4152,32.5225],[78.3986,32.5257],[78.3264,32.472],[78.2946,32.5041],[78.3153,32.5254],[78.3128,32.5737],[78.348,32.5811],[78.4052,32.6194],[78.3923,32.6258],[78.3873,32.6344],[78.3796,32.6683],[78.3841,32.6958],[78.3944,32.7156],[78.3878,32.73],[78.3877,32.7569],[78.3657,32.7535],[78.3566,32.7577],[78.3332,32.7498],[78.3305,32.7454],[78.3042,32.7342],[78.3146,32.7212],[78.3122,32.7092],[78.2892,32.6993],[78.2756,32.6993],[78.253,32.6911],[78.2459,32.6718],[78.2324,32.6717],[78.2195,32.6647],[78.204,32.6671],[78.1754,32.681],[78.158,32.684],[78.1427,32.6818],[78.1477,32.6716],[78.1475,32.6543],[78.1275,32.6521],[78.1208,32.6605],[78.1106,32.6626],[78.0926,32.6477],[78.0989,32.6304],[78.0872,32.6244],[78.0742,32.6308],[78.0611,32.6263],[78.0468,32.645],[78.0254,32.6273],[78.029,32.6234],[78.0158,32.6198],[78.0118,32.625],[77.9941,32.6281],[77.9845,32.6417],[77.9701,32.6467],[77.9706,32.6552],[77.9462,32.6617],[77.9344,32.6812],[77.9185,32.6907],[77.9246,32.7168],[77.9343,32.7259],[77.9263,32.7348],[77.9306,32.7369],[77.9343,32.756],[77.9258,32.772],[77.9038,32.7718],[77.8841,32.7877],[77.8879,32.7987],[77.8809,32.8043],[77.8786,32.8191],[77.8693,32.827],[77.8391,32.8421],[77.8324,32.8363],[77.8261,32.8363],[77.816,32.8484],[77.792,32.8558],[77.7809,32.8656],[77.7893,32.8906],[77.8064,32.8953],[77.8109,32.9068],[77.766,32.9414],[77.7635,32.9492],[77.751,32.9546],[77.7407,32.969],[77.7307,32.9745],[77.7196,32.9687],[77.7131,32.9826],[77.6972,32.9795],[77.6977,32.9828],[77.6895,32.9879],[77.6825,32.9887],[77.6821,32.9755],[77.674,32.9673],[77.6737,32.9609],[77.6558,32.9589],[77.6429,32.9465],[77.6023,32.9428],[77.5957,32.9273],[77.5763,32.9141],[77.5638,32.9124],[77.5392,32.8868],[77.5127,32.8775],[77.5014,32.8856],[77.469,32.8584],[77.4521,32.8642],[77.4448,32.8797],[77.4285,32.8755],[77.4136,32.884],[77.4053,32.8832],[77.396,32.8774],[77.3879,32.8637],[77.3744,32.8547],[77.38,32.8451],[77.3735,32.8239],[77.3521,32.8157],[77.3388,32.8168],[77.336,32.8249],[77.3271,32.8315],[77.3287,32.8429],[77.3225,32.8512],[77.3012,32.8498],[77.274,32.8738],[77.2626,32.864],[77.2544,32.8639],[77.2518,32.8706],[77.2436,32.8729],[77.237,32.8809],[77.2434,32.8926],[77.1988,32.9091],[77.1883,32.9288],[77.1785,32.9228],[77.1702,32.9108],[77.1571,32.9117],[77.1642,32.9189],[77.1613,32.9316],[77.1639,32.937],[77.1594,32.9386],[77.1609,32.953],[77.1491,32.9561],[77.1497,32.9781],[77.1161,32.9848],[77.1109,32.9752],[77.0955,32.9711],[77.0861,32.9723],[77.0799,32.9834],[77.0715,32.9845],[77.049,32.999],[77.0401,32.9982],[77.033,32.9904],[77.0103,32.9891],[76.9925,33.0018],[76.9716,33.0005],[76.9609,33.0091],[76.9602,33.0154],[76.9507,33.0185],[76.9416,33.0284],[76.933,33.0285],[76.9111,33.076],[76.9056,33.0788],[76.9092,33.0941],[76.8977,33.099],[76.8852,33.1216],[76.8704,33.1135],[76.8553,33.1143],[76.8493,33.1202],[76.8523,33.1268],[76.8429,33.1305],[76.8444,33.1376],[76.8307,33.1424],[76.817,33.1598],[76.8136,33.1773],[76.8225,33.1843],[76.8175,33.1941],[76.8344,33.2049],[76.8319,33.2126],[76.8256,33.2153],[76.8323,33.2296],[76.8447,33.2424],[76.8432,33.2469],[76.8309,33.2493],[76.821,33.236],[76.8071,33.245],[76.7993,33.2561]]]},"properties":{"STNAME":"HIMACHAL PRADESH","STCODE11":"02","STNAME_SH":"Himachal Pradesh","Shape_Length":1904854.626079188,"Shape_Area":77561573772.46729,"OBJECTID_1":8,"OBJECTID":8,"State_LGD":2,"Shape_Leng":1904854.62608,"MaxSimpTol":300,"MinSimpTol":300}},{"type":"Feature","id":9,"geometry":{"type":"Polygon","coordinates":[[[87.5918,25.342],[87.584,25.3495],[87.5828,25.3435],[87.5746,25.3409],[87.5711,25.3334],[87.5519,25.3327],[87.543,25.2811],[87.5321,25.2804],[87.517,25.2933],[87.5017,25.2923],[87.4935,25.3038],[87.4915,25.2976],[87.4874,25.2973],[87.4906,25.2799],[87.4987,25.2764],[87.4963,25.2706],[87.5009,25.2667],[87.5006,25.2599],[87.4828,25.2518],[87.4733,25.2383],[87.4781,25.1944],[87.4633,25.1949],[87.4231,25.214],[87.4123,25.2151],[87.4013,25.2272],[87.3836,25.2244],[87.3719,25.2063],[87.3602,25.2119],[87.3345,25.2162],[87.3335,25.2227],[87.3275,25.2236],[87.3157,25.1806],[87.3146,25.1695],[87.3194,25.1653],[87.3121,25.1488],[87.3051,25.1429],[87.307,25.1364],[87.2965,25.1137],[87.2955,25.0886],[87.2699,25.094],[87.2632,25.1033],[87.2497,25.1055],[87.2413,25.1169],[87.235,25.107],[87.2442,25.1007],[87.2371,25.0892],[87.2127,25.0912],[87.2112,25.0807],[87.2068,25.0823],[87.2004,25.0782],[87.1926,25.0662],[87.1811,25.0658],[87.172,25.0476],[87.1665,25.0466],[87.1677,25.041],[87.1623,25.0333],[87.1458,25.0193],[87.1544,24.978],[87.1462,24.9417],[87.1544,24.9324],[87.145,24.9192],[87.1503,24.9032],[87.157,24.8998],[87.1567,24.881],[87.1412,24.8646],[87.144,24.8613],[87.1324,24.8625],[87.1181,24.8516],[87.1094,24.8517],[87.112,24.8476],[87.1047,24.8468],[87.0913,24.8235],[87.0769,24.8238],[87.0745,24.8177],[87.0741,24.8084],[87.0957,24.8028],[87.0927,24.7917],[87.0787,24.7776],[87.0843,24.7562],[87.0781,24.7525],[87.0798,24.7485],[87.0698,24.745],[87.0811,24.7292],[87.068,24.7034],[87.0693,24.6933],[87.0619,24.6888],[87.054,24.6694],[87.0524,24.6411],[87.0463,24.63],[87.0511,24.6086],[87.0381,24.6173],[87.0359,24.6129],[87.023,24.6157],[87.0241,24.6242],[87.02,24.6297],[87.0107,24.6312],[87.0069,24.623],[86.9962,24.6199],[86.9784,24.6401],[86.953,24.6313],[86.9582,24.649],[86.9398,24.6526],[86.9396,24.6437],[86.9455,24.6358],[86.9332,24.6312],[86.92,24.6024],[86.9087,24.5957],[86.9085,24.585],[86.9137,24.5767],[86.9099,24.5714],[86.9177,24.5609],[86.9164,24.5452],[86.9048,24.5505],[86.9007,24.559],[86.8876,24.5618],[86.8884,24.5669],[86.8813,24.5742],[86.8611,24.5664],[86.8631,24.5627],[86.8568,24.5547],[86.8408,24.5628],[86.8436,24.5749],[86.8351,24.5762],[86.8318,24.5728],[86.8222,24.5756],[86.8113,24.5689],[86.8021,24.5703],[86.8033,24.5784],[86.8098,24.5817],[86.8061,24.5938],[86.8109,24.5992],[86.8049,24.6001],[86.787,24.6165],[86.7534,24.618],[86.7485,24.6062],[86.7499,24.5954],[86.7356,24.5844],[86.735,24.5796],[86.7216,24.5832],[86.6971,24.5735],[86.6921,24.5769],[86.6882,24.5716],[86.6833,24.5734],[86.6694,24.5662],[86.6521,24.5702],[86.6463,24.5805],[86.6316,24.585],[86.6249,24.5901],[86.6242,24.6],[86.6106,24.5994],[86.615,24.6088],[86.6034,24.6082],[86.6032,24.602],[86.5977,24.6007],[86.5889,24.589],[86.5893,24.5796],[86.5805,24.5667],[86.559,24.5648],[86.563,24.5533],[86.5526,24.5444],[86.5524,24.5361],[86.5426,24.5434],[86.5343,24.5407],[86.5277,24.5442],[86.5167,24.5354],[86.5153,24.5253],[86.4997,24.5099],[86.5025,24.493],[86.4991,24.489],[86.4928,24.4908],[86.4922,24.4782],[86.4835,24.4677],[86.4954,24.4561],[86.4966,24.4433],[86.4912,24.428],[86.4837,24.435],[86.4772,24.4345],[86.481,24.428],[86.4771,24.4246],[86.4678,24.4252],[86.472,24.3935],[86.467,24.3809],[86.4453,24.3679],[86.4327,24.3802],[86.4279,24.3772],[86.413,24.3803],[86.4051,24.3878],[86.4104,24.3926],[86.402,24.408],[86.3774,24.4308],[86.3651,24.4255],[86.3583,24.4291],[86.3491,24.4466],[86.3172,24.4416],[86.3134,24.4472],[86.2943,24.4514],[86.2988,24.4608],[86.2761,24.4659],[86.2819,24.4791],[86.2894,24.4788],[86.2936,24.4831],[86.2996,24.5005],[86.3092,24.5112],[86.3052,24.5279],[86.2972,24.5333],[86.3078,24.5476],[86.3006,24.5609],[86.3066,24.5721],[86.3171,24.577],[86.3154,24.5807],[86.3228,24.5869],[86.3085,24.5885],[86.3092,24.5839],[86.3025,24.5833],[86.2848,24.588],[86.2699,24.5854],[86.2743,24.577],[86.2633,24.5842],[86.2592,24.5782],[86.2541,24.5874],[86.243,24.5877],[86.24,24.5995],[86.215,24.6139],[86.2169,24.5998],[86.2136,24.5943],[86.1888,24.5835],[86.1669,24.5838],[86.1506,24.5925],[86.1501,24.6017],[86.1409,24.6053],[86.1324,24.6034],[86.1293,24.6105],[86.1246,24.6113],[86.1184,24.6243],[86.1214,24.6354],[86.1154,24.6437],[86.1244,24.6546],[86.1248,24.6719],[86.1313,24.6756],[86.1285,24.6987],[86.108,24.7263],[86.1071,24.735],[86.0942,24.7449],[86.0664,24.7519],[86.0369,24.7407],[86.0345,24.746],[86.0424,24.7472],[86.0567,24.7606],[86.0587,24.7713],[86.0553,24.7797],[86.0375,24.7766],[86.0247,24.7667],[86.0084,24.7633],[85.9965,24.7532],[85.9804,24.7487],[85.9702,24.733],[85.9453,24.733],[85.9196,24.7448],[85.8866,24.7839],[85.8897,24.7927],[85.8673,24.8047],[85.855,24.8084],[85.8247,24.8085],[85.8132,24.8026],[85.8095,24.7942],[85.7804,24.7989],[85.7781,24.7965],[85.7622,24.8129],[85.7367,24.8208],[85.7306,24.8126],[85.7293,24.7986],[85.7236,24.7971],[85.7224,24.786],[85.7075,24.7796],[85.7096,24.7671],[85.7048,24.767],[85.7039,24.7611],[85.7089,24.7453],[85.7053,24.7364],[85.7072,24.7245],[85.6814,24.6916],[85.649,24.6846],[85.6667,24.6611],[85.6624,24.6502],[85.6761,24.6165],[85.674,24.5979],[85.6775,24.591],[85.668,24.579],[85.6512,24.5745],[85.6273,24.5819],[85.6152,24.5808],[85.6018,24.5957],[85.5938,24.5945],[85.5806,24.6008],[85.5661,24.587],[85.5673,24.5768],[85.5719,24.5743],[85.5717,24.5617],[85.5617,24.5584],[85.5607,24.5527],[85.5564,24.5581],[85.5409,24.5623],[85.5457,24.5488],[85.5417,24.5319],[85.5238,24.521],[85.5182,24.5262],[85.5078,24.5253],[85.5094,24.5372],[85.4978,24.5466],[85.4779,24.5465],[85.4606,24.5365],[85.4366,24.534],[85.4345,24.528],[85.4134,24.5411],[85.3875,24.5498],[85.3846,24.5555],[85.3708,24.5553],[85.3975,24.5448],[85.3917,24.5299],[85.3216,24.5198],[85.2882,24.5231],[85.2821,24.5203],[85.2805,24.5138],[85.2856,24.5023],[85.2826,24.4916],[85.2496,24.4908],[85.2413,24.4822],[85.2399,24.4738],[85.2316,24.4721],[85.2261,24.4633],[85.2083,24.4666],[85.2011,24.4606],[85.1615,24.4607],[85.1526,24.4552],[85.1547,24.4459],[85.1638,24.4444],[85.1739,24.4206],[85.1655,24.4194],[85.1637,24.4131],[85.1232,24.402],[85.1172,24.3915],[85.1031,24.3851],[85.1039,24.3773],[85.0888,24.3723],[85.0727,24.3808],[85.0801,24.3928],[85.0761,24.3946],[85.0773,24.3985],[85.0817,24.3985],[85.0795,24.4335],[85.0673,24.4228],[85.0618,24.4074],[85.045,24.409],[85.041,24.4153],[85.0282,24.4154],[84.984,24.3875],[84.9747,24.3747],[84.954,24.3715],[84.9367,24.3799],[84.9039,24.3722],[84.9007,24.3765],[84.9092,24.3837],[84.9043,24.3954],[84.8925,24.4052],[84.8914,24.4145],[84.882,24.4246],[84.8875,24.432],[84.8846,24.441],[84.8874,24.4632],[84.8752,24.4672],[84.8709,24.4582],[84.864,24.4571],[84.8536,24.4665],[84.8488,24.4544],[84.8398,24.4524],[84.8369,24.4589],[84.8407,24.4691],[84.8327,24.4702],[84.8388,24.5127],[84.8257,24.5253],[84.8084,24.5219],[84.8022,24.5306],[84.7893,24.5181],[84.7861,24.5036],[84.7552,24.4999],[84.7283,24.4697],[84.7103,24.4709],[84.7026,24.4627],[84.6864,24.4567],[84.6791,24.4357],[84.6713,24.43],[84.6762,24.4254],[84.6736,24.4101],[84.6683,24.4096],[84.6703,24.4049],[84.6653,24.391],[84.6465,24.4031],[84.6422,24.3989],[84.6307,24.405],[84.6146,24.3987],[84.5949,24.4048],[84.5859,24.4002],[84.5879,24.4081],[84.583,24.4129],[84.5675,24.4092],[84.5615,24.3963],[84.5742,24.389],[84.5723,24.3828],[84.5539,24.3729],[84.5468,24.3771],[84.5278,24.3765],[84.5351,24.3637],[84.5247,24.3506],[84.5317,24.3387],[84.5224,24.3319],[84.5163,24.3173],[84.5097,24.3156],[84.5069,24.2978],[84.5016,24.2882],[84.4962,24.2863],[84.4917,24.2863],[84.4896,24.293],[84.4964,24.2996],[84.4914,24.3036],[84.4848,24.3023],[84.4853,24.3066],[84.4888,24.3147],[84.5073,24.3246],[84.505,24.3314],[84.4837,24.3129],[84.4669,24.3172],[84.4659,24.3316],[84.46,24.3374],[84.452,24.3375],[84.4501,24.3326],[84.4244,24.3298],[84.4249,24.349],[84.4308,24.3566],[84.4006,24.3646],[84.4066,24.3748],[84.3939,24.3733],[84.3879,24.3887],[84.3735,24.3835],[84.342,24.3933],[84.3446,24.3993],[84.3331,24.4044],[84.3305,24.4104],[84.3343,24.4205],[84.3226,24.4179],[84.3205,24.4211],[84.3245,24.4275],[84.3356,24.4249],[84.3356,24.4314],[84.3248,24.4389],[84.3216,24.4461],[84.2974,24.449],[84.2913,24.4662],[84.3028,24.48],[84.3274,24.4873],[84.3275,24.5003],[84.3221,24.5081],[84.3221,24.5166],[84.3122,24.523],[84.3107,24.5355],[84.3,24.5454],[84.2972,24.5605],[84.2705,24.5601],[84.2736,24.5505],[84.2797,24.5472],[84.259,24.5342],[84.2569,24.5269],[84.2475,24.5288],[84.2496,24.5357],[84.243,24.5377],[84.2423,24.542],[84.2358,24.539],[84.2356,24.5502],[84.2203,24.547],[84.2198,24.5368],[84.2148,24.5326],[84.21,24.5336],[84.2095,24.541],[84.2011,24.5443],[84.1999,24.5547],[84.1883,24.5533],[84.1841,24.5451],[84.1728,24.5451],[84.1778,24.5263],[84.1856,24.5221],[84.1782,24.5052],[84.1564,24.5109],[84.1526,24.5158],[84.1646,24.5288],[84.1632,24.5335],[84.1456,24.5375],[84.1346,24.5242],[84.1407,24.5005],[84.1257,24.4924],[84.1248,24.4809],[84.1083,24.4775],[84.1,24.4854],[84.0984,24.4926],[84.09,24.4979],[84.0917,24.5052],[84.0855,24.5062],[84.0878,24.5133],[84.0844,24.5142],[84.0931,24.5344],[84.0853,24.5352],[84.0776,24.5416],[84.0731,24.5674],[84.0638,24.5703],[84.0636,24.5737],[84.0586,24.5723],[84.0649,24.5816],[84.0619,24.5868],[84.0506,24.5869],[84.0572,24.5927],[84.0473,24.6044],[84.0521,24.6104],[84.0447,24.6117],[84.0424,24.6189],[84.037,24.6167],[84.0387,24.6202],[84.0328,24.6202],[84.0339,24.63],[84.025,24.6288],[84.0233,24.6318],[84.0272,24.6337],[84.0084,24.6428],[83.998,24.6383],[83.9748,24.5914],[83.9368,24.5497],[83.8727,24.5322],[83.8618,24.537],[83.8169,24.5292],[83.8015,24.5299],[83.7546,24.5094],[83.7186,24.5034],[83.6878,24.5138],[83.596,24.5126],[83.552,24.5233],[83.5033,24.5254],[83.4017,24.5035],[83.3965,24.496],[83.3982,24.4854],[83.3909,24.4736],[83.3855,24.4513],[83.3941,24.4347],[83.4049,24.436],[83.4051,24.4048],[83.419,24.4062],[83.4344,24.4008],[83.4335,24.3933],[83.4495,24.3771],[83.4486,24.3701],[83.4573,24.3646],[83.4452,24.3589],[83.4335,24.3388],[83.4114,24.3399],[83.3921,24.3248],[83.3878,24.3162],[83.38,24.3131],[83.3862,24.2988],[83.4015,24.2956],[83.4072,24.2888],[83.4091,24.2663],[83.4003,24.2564],[83.3977,24.2439],[83.3853,24.2391],[83.3787,24.2304],[83.3846,24.2206],[83.3787,24.2113],[83.3821,24.1953],[83.362,24.1564],[83.3541,24.1249],[83.3449,24.1109],[83.3299,24.1017],[83.3485,24.0962],[83.3642,24.1033],[83.3878,24.1],[83.4009,24.0922],[83.4066,24.0805],[83.4316,24.086],[83.4379,24.0751],[83.4373,24.0588],[83.4515,24.0428],[83.4792,24.0409],[83.5157,24.0272],[83.5239,24.0114],[83.5138,23.9964],[83.5153,23.9807],[83.5265,23.9606],[83.5474,23.9376],[83.5469,23.9144],[83.5534,23.8981],[83.5591,23.893],[83.5763,23.893],[83.5857,23.8865],[83.5835,23.8778],[83.5695,23.8691],[83.5712,23.8622],[83.5897,23.8634],[83.6103,23.854],[83.6181,23.8555],[83.6434,23.847],[83.6595,23.8493],[83.6665,23.8443],[83.6685,23.8367],[83.6645,23.8277],[83.6743,23.8272],[83.6828,23.8194],[83.6915,23.8265],[83.7053,23.8208],[83.7051,23.8039],[83.7126,23.8007],[83.7226,23.7866],[83.7216,23.7715],[83.7377,23.7605],[83.7394,23.7344],[83.746,23.7195],[83.7421,23.7039],[83.7228,23.6859],[83.7388,23.6668],[83.7611,23.6515],[83.7519,23.6387],[83.7594,23.6261],[83.7751,23.622],[83.7725,23.611],[83.7753,23.609],[83.8006,23.6021],[83.8072,23.5875],[83.8153,23.5963],[83.8258,23.5908],[83.888,23.5788],[83.8994,23.5825],[83.9085,23.5763],[83.9188,23.5764],[83.9377,23.569],[83.9391,23.5904],[83.933,23.6008],[83.9319,23.6205],[83.9477,23.6268],[83.9804,23.6249],[83.9806,23.6337],[84.0166,23.6344],[84.0077,23.6223],[84.0167,23.6085],[84.03,23.6],[84.0295,23.5665],[84.0243,23.5556],[84.028,23.5457],[84.0174,23.5227],[84.0146,23.5036],[84.0008,23.497],[83.998,23.4863],[83.9762,23.4759],[83.971,23.467],[83.9817,23.4223],[83.9801,23.4127],[83.9623,23.3854],[83.9634,23.3774],[83.9746,23.3629],[84.0057,23.3539],[84.0117,23.3537],[84.0153,23.3688],[84.0231,23.378],[84.051,23.3746],[84.0472,23.3706],[84.0524,23.3673],[84.0538,23.3526],[84.0747,23.3333],[84.0616,23.3074],[84.0675,23.2942],[84.0625,23.2885],[84.0641,23.2743],[84.0537,23.2474],[84.059,23.236],[84.0558,23.2201],[84.0633,23.2061],[84.0552,23.192],[84.0429,23.1827],[84.0324,23.1605],[84.0374,23.1399],[84.0583,23.1262],[84.0666,23.1105],[84.0935,23.1125],[84.1059,23.1049],[84.1154,23.0901],[84.1268,23.0893],[84.1334,23.0831],[84.1339,23.069],[84.1263,23.0583],[84.1254,23.037],[84.1469,22.9905],[84.1495,22.9654],[84.1718,22.9704],[84.1783,22.9799],[84.1751,22.9967],[84.1793,23.0011],[84.1754,23.0099],[84.1808,23.0262],[84.1858,23.0271],[84.2016,23.0211],[84.2004,23.0062],[84.2168,22.9892],[84.2192,22.9788],[84.2425,22.9834],[84.2535,22.9723],[84.2774,22.993],[84.2803,22.9896],[84.274,22.9812],[84.2787,22.967],[84.2841,22.9634],[84.3076,22.9675],[84.3281,22.982],[84.365,22.9743],[84.3741,22.9791],[84.3822,22.9685],[84.3837,22.9527],[84.3958,22.9392],[84.3937,22.9206],[84.3752,22.9046],[84.3831,22.8935],[84.3806,22.8772],[84.3732,22.8723],[84.3725,22.8653],[84.3604,22.8612],[84.3528,22.8654],[84.3483,22.8606],[84.3336,22.8606],[84.323,22.8481],[84.3217,22.8378],[84.3253,22.835],[84.3151,22.8007],[84.3079,22.8012],[84.2979,22.7943],[84.2911,22.7834],[84.2893,22.7663],[84.2855,22.7639],[84.276,22.7692],[84.2598,22.7677],[84.2555,22.7602],[84.2318,22.7419],[84.2329,22.7004],[84.2381,22.6919],[84.2334,22.6808],[84.2203,22.6673],[84.2002,22.6665],[84.188,22.6553],[84.1632,22.6455],[84.1524,22.6369],[84.1107,22.6408],[84.0948,22.6352],[84.084,22.6382],[84.0527,22.5959],[84.0244,22.5919],[84.0232,22.5858],[84.0095,22.5731],[84.007,22.551],[84.0028,22.546],[84.012,22.5274],[84.0091,22.5261],[84.0257,22.5257],[84.0367,22.5159],[84.0494,22.517],[84.0532,22.5129],[84.0599,22.5164],[84.0653,22.5076],[84.0756,22.5062],[84.0711,22.502],[84.081,22.4941],[84.1081,22.4837],[84.1065,22.4806],[84.1117,22.4771],[84.1271,22.479],[84.1408,22.4739],[84.1436,22.4629],[84.139,22.4477],[84.1411,22.4256],[84.1563,22.4077],[84.185,22.3902],[84.1968,22.3781],[84.2504,22.379],[84.269,22.3545],[84.2902,22.3468],[84.2915,22.3429],[84.3658,22.3481],[84.3697,22.3539],[84.4005,22.3464],[84.4163,22.3528],[84.4294,22.3525],[84.4344,22.3604],[84.4289,22.3649],[84.431,22.373],[84.4503,22.3825],[84.4613,22.379],[84.4852,22.3893],[84.4758,22.401],[84.4747,22.408],[84.4802,22.4133],[84.5084,22.4211],[84.5246,22.4199],[84.5353,22.427],[84.5449,22.4258],[84.5476,22.4217],[84.5685,22.4281],[84.5943,22.43],[84.598,22.4348],[84.6028,22.4288],[84.6288,22.4345],[84.6666,22.4195],[84.6717,22.4227],[84.6988,22.4164],[84.7499,22.4189],[84.759,22.4467],[84.7937,22.4464],[84.8102,22.4533],[84.8176,22.4371],[84.8369,22.4315],[84.8433,22.4367],[84.8708,22.4399],[84.8801,22.4489],[84.8893,22.4282],[84.8862,22.4201],[84.915,22.4256],[84.926,22.435],[84.9215,22.444],[84.9389,22.4461],[84.9426,22.453],[84.9543,22.4587],[84.9591,22.4535],[84.959,22.445],[84.9625,22.4498],[85.017,22.4712],[85.0348,22.4739],[85.0383,22.484],[85.0423,22.4796],[85.057,22.4862],[85.0672,22.4843],[85.0777,22.4775],[85.0738,22.4657],[85.0769,22.4637],[85.0597,22.4486],[85.067,22.4407],[85.0678,22.428],[85.0817,22.4171],[85.0803,22.4096],[85.0878,22.3876],[85.0765,22.3561],[85.0832,22.3453],[85.0956,22.3447],[85.0893,22.3196],[85.092,22.316],[85.1063,22.3214],[85.118,22.3176],[85.1141,22.3104],[85.117,22.2944],[85.0995,22.2935],[85.071,22.2746],[85.0782,22.2573],[85.0706,22.2482],[85.0724,22.2373],[85.0593,22.2058],[85.0497,22.1946],[85.0543,22.1837],[85.0298,22.1624],[85.0345,22.1444],[85.0284,22.1222],[84.9846,22.0955],[84.9844,22.0859],[84.9907,22.081],[85.0006,22.083],[85.012,22.0907],[85.0214,22.1072],[85.0405,22.1157],[85.0706,22.1132],[85.0847,22.1066],[85.0985,22.1059],[85.1009,22.0939],[85.112,22.0869],[85.1127,22.079],[85.1219,22.0708],[85.1444,22.0795],[85.1548,22.0785],[85.1607,22.0747],[85.1678,22.0534],[85.174,22.0516],[85.1676,22.0691],[85.1747,22.074],[85.181,22.0728],[85.1872,22.0582],[85.2143,22.0494],[85.2195,22.0395],[85.2173,22.0335],[85.2216,22.0181],[85.2367,22.0094],[85.2519,22.0271],[85.2751,22.0823],[85.3096,22.1179],[85.3188,22.1208],[85.3235,22.1276],[85.3435,22.1274],[85.3462,22.1303],[85.366,22.1227],[85.364,22.1403],[85.3603,22.1435],[85.3661,22.1589],[85.3713,22.161],[85.3869,22.1558],[85.3978,22.1632],[85.4233,22.158],[85.464,22.1391],[85.492,22.1203],[85.5171,22.1149],[85.5419,22.1011],[85.5451,22.0897],[85.5626,22.0953],[85.5684,22.0881],[85.5737,22.0904],[85.5994,22.0783],[85.609,22.0791],[85.6134,22.0863],[85.6156,22.0808],[85.6271,22.0813],[85.6398,22.0867],[85.6449,22.0947],[85.6538,22.0947],[85.6596,22.0831],[85.6807,22.0621],[85.6794,22.0561],[85.6852,22.0545],[85.6916,22.0623],[85.7101,22.0588],[85.7493,22.0736],[85.7673,22.0928],[85.799,22.1043],[85.7998,22.1094],[85.8098,22.1158],[85.8229,22.1064],[85.8153,22.095],[85.8352,22.093],[85.8383,22.0795],[85.8182,22.0735],[85.7956,22.0807],[85.7772,22.0556],[85.7854,22.0398],[85.7833,22.0315],[85.769,22.0224],[85.7615,22.0108],[85.766,21.9949],[85.784,21.9844],[85.8055,21.9886],[85.8179,21.9853],[85.8257,21.9751],[85.8497,21.9832],[85.8839,21.9794],[85.8967,21.9838],[85.9083,21.9708],[85.9142,21.9794],[85.9122,21.9895],[85.9181,22.0094],[85.9308,22.0233],[85.9436,22.0204],[86.0092,22.1158],[85.9967,22.1324],[86.0313,22.19],[86.0183,22.2053],[86.0028,22.2138],[85.9738,22.2471],[85.9897,22.2544],[85.9883,22.267],[86.0069,22.2799],[86.0171,22.2973],[86.0487,22.308],[86.0433,22.3121],[86.0314,22.3072],[86.0157,22.3124],[86.0143,22.3218],[86.029,22.3343],[86.0121,22.3406],[86.0055,22.3349],[85.998,22.3416],[86.024,22.3643],[86.0236,22.3757],[86.0269,22.3741],[86.0299,22.3798],[86.027,22.3951],[86.021,22.402],[86.0181,22.4257],[86.0137,22.4294],[86.0026,22.4263],[85.9864,22.4351],[85.9675,22.4513],[85.9698,22.4607],[85.9571,22.4648],[85.9626,22.4728],[85.9627,22.4851],[85.9723,22.4917],[85.9734,22.5058],[85.9845,22.5151],[86.0041,22.5138],[86.023,22.5275],[86.0285,22.524],[86.0338,22.5345],[86.024,22.5446],[86.0454,22.5675],[86.0691,22.5559],[86.104,22.5009],[86.1185,22.4867],[86.1323,22.4874],[86.1519,22.4803],[86.1705,22.4814],[86.2003,22.4718],[86.2079,22.4735],[86.2258,22.453],[86.2693,22.4423],[86.2834,22.4478],[86.2941,22.4268],[86.3051,22.4209],[86.3083,22.409],[86.3226,22.3968],[86.3229,22.3848],[86.3519,22.3636],[86.3595,22.3488],[86.379,22.3408],[86.4105,22.32],[86.4297,22.3166],[86.4327,22.3065],[86.4417,22.3026],[86.4445,22.3058],[86.4468,22.3277],[86.4638,22.3251],[86.4646,22.3291],[86.4707,22.3298],[86.4714,22.3358],[86.4857,22.3373],[86.4872,22.3477],[86.4969,22.3472],[86.5043,22.3429],[86.5101,22.3272],[86.5292,22.3227],[86.53,22.3144],[86.5255,22.314],[86.5344,22.3011],[86.5407,22.3082],[86.5549,22.2984],[86.5688,22.3014],[86.5768,22.2956],[86.5769,22.3012],[86.5848,22.3006],[86.5956,22.2776],[86.6128,22.2825],[86.6288,22.2706],[86.6386,22.2717],[86.642,22.2646],[86.6466,22.2677],[86.6567,22.2498],[86.6524,22.2431],[86.656,22.2358],[86.6707,22.2422],[86.6829,22.2233],[86.7021,22.2202],[86.709,22.2227],[86.727,22.2168],[86.7447,22.2159],[86.7531,22.2111],[86.7707,22.2206],[86.776,22.2181],[86.7745,22.2323],[86.7816,22.2371],[86.79,22.2354],[86.7879,22.2317],[86.7951,22.2279],[86.7928,22.2246],[86.7847,22.2309],[86.7782,22.2181],[86.7852,22.2152],[86.7917,22.2222],[86.8022,22.2179],[86.8125,22.2412],[86.8034,22.2431],[86.7991,22.2382],[86.7943,22.2434],[86.7922,22.2663],[86.8011,22.2656],[86.797,22.2478],[86.803,22.2444],[86.8096,22.2507],[86.8134,22.2675],[86.8168,22.2538],[86.824,22.2668],[86.8431,22.2619],[86.8512,22.2654],[86.8589,22.2583],[86.8651,22.261],[86.8867,22.2574],[86.8903,22.277],[86.8881,22.2973],[86.8332,22.3245],[86.8317,22.3471],[86.8431,22.373],[86.8411,22.3822],[86.8455,22.3999],[86.813,22.4191],[86.7647,22.4266],[86.7595,22.4447],[86.7635,22.4472],[86.7511,22.4558],[86.7472,22.4752],[86.7507,22.4825],[86.793,22.4775],[86.8009,22.4884],[86.794,22.4959],[86.8022,22.5023],[86.7925,22.5117],[86.7929,22.524],[86.7865,22.5269],[86.7893,22.5477],[86.7752,22.5489],[86.7667,22.5561],[86.7716,22.5649],[86.7667,22.5677],[86.7658,22.5757],[86.751,22.5792],[86.7305,22.5776],[86.7101,22.5831],[86.6783,22.5751],[86.6585,22.5757],[86.6527,22.5825],[86.656,22.5915],[86.6385,22.5985],[86.6376,22.6101],[86.6331,22.611],[86.6414,22.6577],[86.635,22.6656],[86.6284,22.6673],[86.6193,22.6785],[86.5713,22.6999],[86.548,22.7209],[86.514,22.7185],[86.5106,22.7048],[86.4936,22.7266],[86.4822,22.7294],[86.4695,22.7541],[86.4601,22.7634],[86.4514,22.7635],[86.4442,22.7717],[86.4325,22.775],[86.4194,22.791],[86.4251,22.8],[86.4224,22.8108],[86.4387,22.8313],[86.4329,22.8533],[86.4348,22.8607],[86.4509,22.8624],[86.4557,22.8805],[86.4533,22.8861],[86.4673,22.9009],[86.4529,22.9036],[86.4358,22.9259],[86.4628,22.937],[86.465,22.9449],[86.4766,22.9519],[86.489,22.9377],[86.4953,22.9476],[86.5007,22.9455],[86.5029,22.9515],[86.5116,22.9471],[86.5255,22.9473],[86.5311,22.9543],[86.5315,22.9648],[86.5448,22.966],[86.5492,22.9784],[86.5476,22.9887],[86.5286,22.9805],[86.524,22.9768],[86.5264,22.9728],[86.5189,22.9706],[86.5075,22.9729],[86.5133,22.9776],[86.5025,22.9876],[86.5014,22.9947],[86.4468,22.9881],[86.4424,22.9932],[86.4191,23.0006],[86.4157,22.9909],[86.3939,22.981],[86.3858,22.996],[86.3768,22.9985],[86.3543,22.9995],[86.3548,22.9942],[86.3441,22.9978],[86.3379,22.9906],[86.3261,22.9949],[86.304,23.0101],[86.3046,23.0168],[86.2984,23.0109],[86.2932,23.0139],[86.2782,23.0092],[86.265,23.0002],[86.223,22.9948],[86.2065,23.0004],[86.2075,23.0082],[86.1855,23.0052],[86.1789,23.0217],[86.1698,23.0231],[86.1674,23.0332],[86.1623,23.0289],[86.1575,23.0305],[86.1576,23.048],[86.1416,23.0573],[86.1461,23.0753],[86.1365,23.0772],[86.1327,23.0841],[86.1258,23.0871],[86.0981,23.0854],[86.0903,23.0896],[86.0895,23.0952],[86.075,23.0946],[86.0492,23.1061],[86.0548,23.1239],[86.0437,23.1449],[86.0237,23.1445],[86.0176,23.1553],[86.0128,23.1483],[86.0026,23.149],[85.9581,23.1609],[85.9511,23.1521],[85.9287,23.1515],[85.9218,23.1451],[85.9098,23.1536],[85.8942,23.1553],[85.8817,23.1693],[85.8825,23.1984],[85.8643,23.222],[85.8368,23.2202],[85.838,23.247],[85.8235,23.2595],[85.8197,23.2685],[85.8383,23.3061],[85.8472,23.3093],[85.8515,23.3173],[85.8686,23.3304],[85.8657,23.3414],[85.8836,23.3504],[85.8749,23.3606],[85.8745,23.3768],[85.8781,23.3819],[85.8698,23.3889],[85.8883,23.3972],[85.8999,23.3936],[85.9026,23.3985],[85.8984,23.4058],[85.8861,23.405],[85.8914,23.4102],[85.8804,23.4218],[85.8872,23.4254],[85.8845,23.43],[85.8636,23.4316],[85.8631,23.4625],[85.8759,23.4807],[85.8867,23.4848],[85.8858,23.4822],[85.9091,23.4843],[85.9331,23.4733],[85.9503,23.4709],[85.9619,23.4768],[85.9773,23.4767],[86.0091,23.4845],[86.0541,23.4869],[86.0587,23.4945],[86.0388,23.4979],[86.0397,23.5149],[86.0337,23.518],[86.0237,23.5374],[86.0282,23.5428],[86.0168,23.5475],[86.0186,23.5597],[86.0247,23.5618],[86.0315,23.5731],[86.0398,23.575],[86.042,23.5862],[86.0518,23.5863],[86.0652,23.5792],[86.0777,23.5792],[86.0725,23.5694],[86.081,23.5657],[86.0944,23.5631],[86.0988,23.5667],[86.1201,23.5662],[86.1261,23.5698],[86.1306,23.567],[86.1271,23.5655],[86.1313,23.5589],[86.1365,23.5623],[86.1396,23.5592],[86.1434,23.5635],[86.1586,23.5595],[86.1516,23.5481],[86.1578,23.5413],[86.1571,23.5342],[86.148,23.5197],[86.1605,23.5083],[86.1583,23.4925],[86.1505,23.483],[86.1546,23.4768],[86.1489,23.4744],[86.1485,23.4654],[86.1771,23.4698],[86.1823,23.4674],[86.1803,23.4609],[86.1874,23.4578],[86.1885,23.4612],[86.1926,23.4601],[86.198,23.4533],[86.2059,23.4544],[86.207,23.4503],[86.2288,23.4434],[86.2329,23.4623],[86.246,23.4597],[86.2474,23.4564],[86.2357,23.444],[86.2304,23.431],[86.2348,23.4213],[86.246,23.4231],[86.2475,23.4117],[86.2593,23.4133],[86.261,23.4178],[86.2524,23.4272],[86.2641,23.4308],[86.2719,23.4276],[86.2886,23.4295],[86.2902,23.4182],[86.3101,23.4118],[86.3171,23.4162],[86.3177,23.4268],[86.3108,23.4264],[86.3057,23.4351],[86.3338,23.4473],[86.3367,23.4404],[86.3489,23.4404],[86.3498,23.4516],[86.36,23.4522],[86.3569,23.4609],[86.3636,23.4715],[86.3793,23.4738],[86.3785,23.4853],[86.3658,23.4803],[86.3617,23.4853],[86.3644,23.5016],[86.3754,23.5091],[86.3646,23.522],[86.3678,23.5276],[86.3651,23.5311],[86.3681,23.5408],[86.3885,23.5602],[86.3878,23.5741],[86.3974,23.5787],[86.4137,23.576],[86.4209,23.5897],[86.4356,23.5981],[86.4472,23.598],[86.4464,23.6175],[86.4549,23.6192],[86.4618,23.6298],[86.4906,23.6377],[86.5288,23.6299],[86.5745,23.6476],[86.5991,23.6657],[86.5983,23.6739],[86.6294,23.6759],[86.6598,23.6867],[86.6826,23.6884],[86.713,23.6986],[86.7396,23.6945],[86.7479,23.679],[86.7712,23.6809],[86.7993,23.689],[86.8048,23.6965],[86.7991,23.6999],[86.799,23.7047],[86.8079,23.7235],[86.8117,23.7451],[86.8283,23.7533],[86.826,23.7769],[86.8041,23.8015],[86.8103,23.8219],[86.7993,23.8317],[86.8054,23.8375],[86.8147,23.8309],[86.814,23.8184],[86.8267,23.8142],[86.8385,23.8241],[86.8524,23.825],[86.8612,23.8345],[86.8633,23.8445],[86.8747,23.8476],[86.8799,23.8453],[86.8803,23.8293],[86.8898,23.8197],[86.8945,23.835],[86.8886,23.8436],[86.8888,23.8586],[86.8813,23.8631],[86.8935,23.8771],[86.9157,23.8832],[86.9325,23.8685],[86.9357,23.8522],[86.9469,23.8461],[86.9627,23.8494],[86.9642,23.8638],[86.9739,23.8689],[86.9863,23.8596],[87.0379,23.8392],[87.0535,23.8227],[87.082,23.8096],[87.0867,23.8089],[87.0916,23.8155],[87.1031,23.8044],[87.1149,23.808],[87.1187,23.8039],[87.1121,23.8048],[87.1106,23.7999],[87.1225,23.7962],[87.1402,23.805],[87.1496,23.7967],[87.1673,23.8251],[87.159,23.8314],[87.154,23.8293],[87.1394,23.8482],[87.13,23.8536],[87.1294,23.8689],[87.1649,23.8651],[87.1809,23.8529],[87.1878,23.8595],[87.1967,23.8579],[87.1876,23.8486],[87.1894,23.8424],[87.1971,23.8501],[87.2032,23.8478],[87.2058,23.8565],[87.2144,23.8508],[87.2204,23.8533],[87.221,23.8604],[87.2339,23.8565],[87.2377,23.8548],[87.2304,23.8457],[87.2235,23.8457],[87.2174,23.8299],[87.2283,23.8254],[87.2407,23.8258],[87.2558,23.8439],[87.2441,23.8572],[87.2486,23.8686],[87.241,23.8704],[87.2462,23.9088],[87.2518,23.9128],[87.2578,23.9085],[87.2586,23.9026],[87.2527,23.8997],[87.2578,23.8981],[87.262,23.8839],[87.259,23.8817],[87.2695,23.8744],[87.2953,23.9021],[87.2846,23.9219],[87.2846,23.9382],[87.2912,23.9434],[87.2929,23.9591],[87.2624,23.9673],[87.2619,23.9813],[87.2665,23.982],[87.2679,23.9891],[87.2628,24.0036],[87.2526,23.9968],[87.2477,23.9987],[87.2409,24.0119],[87.2456,24.0159],[87.2337,24.0245],[87.2344,24.0325],[87.2454,24.0451],[87.2882,24.0285],[87.2916,24.0331],[87.337,24.034],[87.3395,24.0261],[87.3361,24.0258],[87.3362,24.0209],[87.3265,24.0177],[87.3191,24.0079],[87.3292,23.9987],[87.3514,23.9985],[87.3606,24.0128],[87.3804,24.004],[87.4273,23.9929],[87.429,23.9868],[87.4395,23.9818],[87.4497,23.9888],[87.46,23.9842],[87.4607,23.9964],[87.4451,24.002],[87.4438,24.0068],[87.4491,24.0082],[87.4486,24.0113],[87.4382,24.009],[87.4379,24.013],[87.4599,24.0188],[87.4613,24.013],[87.4727,24.016],[87.4763,24.012],[87.4906,24.0178],[87.4971,24.0254],[87.5024,24.0247],[87.5019,24.0287],[87.512,24.0361],[87.51,24.0475],[87.4933,24.0541],[87.4973,24.0634],[87.4905,24.0709],[87.4927,24.077],[87.5009,24.0728],[87.5111,24.0829],[87.4896,24.0903],[87.5003,24.1017],[87.4955,24.1124],[87.4975,24.1179],[87.511,24.1108],[87.5212,24.113],[87.5235,24.1055],[87.5319,24.1073],[87.534,24.0972],[87.543,24.0858],[87.5542,24.0883],[87.5588,24.0814],[87.5721,24.0895],[87.5809,24.0876],[87.5747,24.0993],[87.5744,24.1119],[87.5833,24.1141],[87.5852,24.1242],[87.602,24.1268],[87.6102,24.1324],[87.5782,24.1554],[87.5758,24.161],[87.58,24.1592],[87.5852,24.1639],[87.5887,24.1603],[87.606,24.1604],[87.6081,24.166],[87.6307,24.1642],[87.6419,24.1528],[87.6532,24.1585],[87.6644,24.1574],[87.6667,24.1532],[87.6755,24.1513],[87.6728,24.1419],[87.6844,24.1429],[87.688,24.1512],[87.6951,24.1492],[87.7021,24.1745],[87.6984,24.1873],[87.6769,24.1946],[87.6744,24.2076],[87.6558,24.2076],[87.6384,24.2147],[87.6462,24.2302],[87.6359,24.2418],[87.6415,24.2473],[87.6388,24.2548],[87.6469,24.252],[87.6583,24.236],[87.6624,24.2379],[87.6621,24.2453],[87.6847,24.2463],[87.6911,24.2586],[87.7001,24.2628],[87.706,24.2604],[87.7132,24.2939],[87.7301,24.2885],[87.7465,24.2985],[87.7547,24.3098],[87.7615,24.3083],[87.7631,24.3215],[87.7707,24.3224],[87.7694,24.3282],[87.7628,24.3304],[87.7645,24.3398],[87.787,24.3637],[87.7932,24.3822],[87.8013,24.3832],[87.7942,24.3997],[87.8097,24.4054],[87.8123,24.4142],[87.8064,24.4201],[87.7999,24.4091],[87.7996,24.4122],[87.7887,24.415],[87.7895,24.4204],[87.7956,24.422],[87.7949,24.4365],[87.804,24.4412],[87.8002,24.4461],[87.8034,24.4543],[87.8198,24.4543],[87.8192,24.4574],[87.8238,24.4584],[87.8226,24.471],[87.8107,24.4771],[87.8165,24.4897],[87.827,24.4885],[87.8283,24.4986],[87.824,24.5002],[87.8227,24.4946],[87.8115,24.4922],[87.8122,24.4989],[87.8164,24.5006],[87.8098,24.5142],[87.8044,24.5111],[87.8063,24.5006],[87.8011,24.4935],[87.7942,24.5013],[87.8034,24.5057],[87.8028,24.5093],[87.798,24.5092],[87.8037,24.518],[87.7991,24.5258],[87.7994,24.5438],[87.8054,24.5425],[87.8088,24.5475],[87.8026,24.562],[87.7914,24.5721],[87.7781,24.5742],[87.7706,24.5708],[87.7717,24.5837],[87.792,24.584],[87.8123,24.5788],[87.8268,24.569],[87.827,24.5582],[87.841,24.5588],[87.852,24.5539],[87.8522,24.5607],[87.8653,24.5568],[87.8688,24.5643],[87.8919,24.5656],[87.8925,24.5814],[87.9008,24.5862],[87.9088,24.5858],[87.9135,24.5968],[87.9115,24.6103],[87.8913,24.6115],[87.8919,24.6064],[87.8752,24.6138],[87.8778,24.6182],[87.8914,24.6134],[87.9057,24.6148],[87.9058,24.6314],[87.9142,24.6371],[87.9115,24.6546],[87.9157,24.6564],[87.9171,24.6658],[87.8919,24.6742],[87.8886,24.6792],[87.8984,24.6872],[87.9026,24.7056],[87.8995,24.7055],[87.9031,24.7138],[87.9071,24.7136],[87.9078,24.7213],[87.8901,24.7249],[87.8827,24.7413],[87.8787,24.7418],[87.8746,24.7326],[87.8427,24.7403],[87.8293,24.7533],[87.819,24.7539],[87.8177,24.7609],[87.8228,24.7701],[87.8298,24.7696],[87.8321,24.7866],[87.8361,24.7899],[87.8409,24.7892],[87.8413,24.7836],[87.8396,24.7767],[87.836,24.7777],[87.8366,24.7659],[87.8434,24.7694],[87.8543,24.7618],[87.861,24.7664],[87.8622,24.7729],[87.8686,24.7743],[87.8686,24.789],[87.873,24.795],[87.8785,24.7904],[87.8816,24.799],[87.8803,24.805],[87.8748,24.8068],[87.8754,24.8173],[87.87,24.8262],[87.8774,24.8213],[87.8832,24.8288],[87.8828,24.8225],[87.8854,24.8269],[87.8862,24.8229],[87.891,24.826],[87.9003,24.823],[87.9016,24.8275],[87.8967,24.8297],[87.8997,24.8444],[87.8908,24.8552],[87.8967,24.8571],[87.9153,24.883],[87.9524,24.9081],[87.961,24.9219],[87.9623,24.9378],[87.9575,24.9711],[87.9399,24.9914],[87.9228,25.0006],[87.9056,25.0036],[87.8767,25.0344],[87.7957,25.0873],[87.8016,25.1043],[87.8007,25.1178],[87.7792,25.1436],[87.7817,25.1769],[87.7728,25.2072],[87.7787,25.2505],[87.7114,25.2577],[87.7113,25.2747],[87.6933,25.2847],[87.6997,25.2974],[87.6953,25.3001],[87.6984,25.304],[87.685,25.3061],[87.6845,25.3097],[87.692,25.3116],[87.6737,25.3129],[87.6754,25.3069],[87.6643,25.3114],[87.6635,25.3079],[87.6549,25.3076],[87.6364,25.3136],[87.6305,25.3197],[87.6272,25.3116],[87.6179,25.3181],[87.6104,25.3133],[87.5923,25.3224],[87.5935,25.3253],[87.5839,25.3319],[87.5918,25.342]]]},"properties":{"STNAME":"JHARKHAND","STCODE11":"20","STNAME_SH":"Jharkhand","Shape_Length":3154498.778058596,"Shape_Area":95648781165.5192,"OBJECTID_1":9,"OBJECTID":9,"State_LGD":20,"Shape_Leng":3154498.77806,"MaxSimpTol":300,"MinSimpTol":300}},{"type":"Feature","id":10,"geometry":{"type":"Polygon","coordinates":[[[77.3265,18.4588],[77.3199,18.458],[77.3169,18.4422],[77.2791,18.4298],[77.2733,18.423],[77.2657,18.4223],[77.2594,18.4133],[77.2418,18.4126],[77.2337,18.3882],[77.2395,18.3786],[77.2485,18.376],[77.2464,18.3708],[77.2259,18.3652],[77.2201,18.3493],[77.2296,18.3482],[77.2191,18.3257],[77.2118,18.3163],[77.2017,18.3222],[77.1988,18.3154],[77.203,18.2977],[77.2099,18.295],[77.2131,18.2803],[77.1975,18.2766],[77.1883,18.2847],[77.1749,18.2849],[77.1698,18.2609],[77.1592,18.2558],[77.1518,18.238],[77.1487,18.239],[77.1516,18.217],[77.1428,18.217],[77.1402,18.2077],[77.1113,18.2042],[77.0977,18.1967],[77.1164,18.171],[77.1116,18.1558],[77.0995,18.1582],[77.0849,18.1508],[77.064,18.1506],[77.0533,18.1594],[77.052,18.1732],[77.0332,18.182],[77.0318,18.1774],[77.0231,18.1756],[77.0234,18.1585],[77.0012,18.1609],[76.9907,18.19],[76.9785,18.192],[76.9775,18.1889],[76.952,18.1881],[76.9424,18.1564],[76.9315,18.1596],[76.924,18.1466],[76.9319,18.1335],[76.9203,18.1251],[76.9206,18.1182],[76.9543,18.1105],[76.9664,18.0982],[76.963,18.0896],[76.9453,18.0832],[76.9517,18.061],[76.945,18.0484],[76.9527,18.0439],[76.9524,18.0402],[76.9144,18.0354],[76.9124,18.0173],[76.9057,18.0097],[76.9068,17.9966],[76.9132,17.9969],[76.9137,17.9932],[76.9145,17.9616],[76.9207,17.9416],[76.919,17.916],[76.9013,17.9172],[76.8942,17.8998],[76.884,17.899],[76.8843,17.8943],[76.8527,17.9007],[76.8398,17.8994],[76.832,17.8953],[76.8313,17.8856],[76.8103,17.887],[76.8067,17.8706],[76.7751,17.8777],[76.7682,17.9011],[76.74,17.8997],[76.7385,17.8567],[76.7516,17.8581],[76.7676,17.8521],[76.7905,17.8263],[76.7829,17.8179],[76.7788,17.8005],[76.7666,17.7985],[76.7621,17.787],[76.7426,17.7842],[76.7444,17.7803],[76.7407,17.7795],[76.721,17.7881],[76.7141,17.7809],[76.712,17.7733],[76.7211,17.7695],[76.7188,17.7515],[76.7249,17.7511],[76.7283,17.7376],[76.6997,17.7272],[76.7044,17.723],[76.7037,17.7156],[76.7014,17.7091],[76.6926,17.7067],[76.6909,17.681],[76.675,17.69],[76.6642,17.6876],[76.6557,17.7179],[76.6528,17.7221],[76.6333,17.7282],[76.6282,17.7506],[76.6319,17.7546],[76.6154,17.7704],[76.6054,17.7586],[76.6005,17.7257],[76.5935,17.7224],[76.5883,17.7081],[76.5821,17.7057],[76.5704,17.7054],[76.564,17.7508],[76.5728,17.7605],[76.5613,17.7646],[76.5233,17.7598],[76.5274,17.7378],[76.524,17.7152],[76.5007,17.7184],[76.4873,17.7148],[76.4845,17.6785],[76.4898,17.6605],[76.4529,17.6558],[76.4545,17.6498],[76.4419,17.6493],[76.4451,17.641],[76.4355,17.6463],[76.4293,17.645],[76.4197,17.6037],[76.3818,17.6022],[76.3777,17.5979],[76.3501,17.5941],[76.3313,17.5974],[76.3332,17.565],[76.3408,17.5425],[76.3628,17.5374],[76.3673,17.5195],[76.3647,17.515],[76.3466,17.5126],[76.3434,17.5007],[76.3458,17.4925],[76.3747,17.4957],[76.3756,17.4902],[76.3504,17.4742],[76.3307,17.4702],[76.3333,17.4339],[76.3716,17.4364],[76.3711,17.4134],[76.3635,17.3777],[76.4092,17.3714],[76.4122,17.3511],[76.3967,17.3471],[76.3832,17.3145],[76.3541,17.3143],[76.3454,17.3545],[76.3144,17.3484],[76.3121,17.346],[76.3189,17.3381],[76.3177,17.3324],[76.2764,17.3346],[76.2721,17.3606],[76.2671,17.3635],[76.2508,17.3604],[76.2505,17.3697],[76.2446,17.3715],[76.2421,17.3788],[76.2286,17.3758],[76.2295,17.3652],[76.1965,17.3637],[76.1704,17.3526],[76.1766,17.3246],[76.1793,17.3186],[76.1833,17.3194],[76.1764,17.3008],[76.1651,17.3033],[76.1627,17.3452],[76.1411,17.3535],[76.119,17.3705],[76.0998,17.3647],[76.0894,17.3531],[76.0935,17.3494],[76.0876,17.3365],[76.0792,17.3316],[76.0722,17.3353],[76.0606,17.3553],[76.0286,17.3511],[76.0144,17.3535],[75.9983,17.338],[75.9688,17.3365],[75.9309,17.3226],[75.9101,17.3445],[75.8946,17.3508],[75.8906,17.3565],[75.8953,17.3782],[75.8941,17.4012],[75.8843,17.418],[75.8766,17.4161],[75.8753,17.3981],[75.8609,17.3856],[75.8565,17.3894],[75.8512,17.4105],[75.8303,17.4218],[75.8215,17.4212],[75.8136,17.3957],[75.8137,17.3728],[75.8062,17.368],[75.793,17.3697],[75.7803,17.3756],[75.7721,17.3857],[75.7659,17.4053],[75.7532,17.4071],[75.7337,17.4201],[75.7125,17.4079],[75.6908,17.4095],[75.6836,17.4169],[75.6759,17.4559],[75.6589,17.4581],[75.6489,17.4703],[75.6331,17.4772],[75.6277,17.4628],[75.6217,17.4592],[75.6134,17.4247],[75.6067,17.4204],[75.6136,17.3919],[75.6062,17.3945],[75.5937,17.3873],[75.5742,17.3833],[75.5809,17.3512],[75.6101,17.345],[75.6122,17.3251],[75.6038,17.3055],[75.6225,17.2951],[75.6303,17.2808],[75.6279,17.2743],[75.6542,17.2738],[75.6578,17.2632],[75.662,17.2146],[75.6427,17.1977],[75.64,17.1889],[75.6285,17.1887],[75.6254,17.174],[75.6283,17.1627],[75.6496,17.1344],[75.6504,17.1157],[75.6724,17.116],[75.6734,17.0912],[75.6788,17.0772],[75.6768,17.0654],[75.6605,17.0645],[75.6504,17.0573],[75.6411,17.0376],[75.6501,17.0322],[75.6698,17.0382],[75.6661,16.9798],[75.6771,16.969],[75.6704,16.9621],[75.6555,16.9615],[75.6448,16.9541],[75.6383,16.9578],[75.634,16.9703],[75.6079,16.971],[75.607,17.0046],[75.5732,17.0096],[75.5673,17.0091],[75.5677,16.9658],[75.5392,16.9655],[75.5294,16.9694],[75.5097,16.9503],[75.4891,16.9444],[75.4892,16.9591],[75.4833,16.976],[75.4663,16.9813],[75.4656,16.9884],[75.4417,16.9822],[75.4279,16.9665],[75.3922,16.9801],[75.3686,16.972],[75.3501,16.9578],[75.2797,16.9566],[75.2795,16.9233],[75.283,16.9097],[75.29,16.904],[75.2821,16.8803],[75.2648,16.8628],[75.2377,16.8679],[75.2277,16.8432],[75.2143,16.8417],[75.1819,16.8434],[75.1891,16.8753],[75.1766,16.8677],[75.1556,16.8686],[75.1366,16.8745],[75.1325,16.8894],[75.1349,16.8947],[75.1204,16.9025],[75.1176,16.9135],[75.0964,16.9138],[75.0894,16.9516],[75.0744,16.95],[75.0621,16.9415],[75.0446,16.9417],[75.0253,16.928],[75.0267,16.9441],[75.0046,16.9463],[74.993,16.9521],[74.9644,16.9476],[74.9676,16.9416],[74.9602,16.9373],[74.9646,16.9268],[74.9505,16.933],[74.9477,16.9394],[74.9318,16.9448],[74.9232,16.9393],[74.9219,16.9299],[74.9343,16.9242],[74.9327,16.9189],[74.9444,16.9108],[74.9549,16.9102],[74.9555,16.9052],[74.9637,16.9097],[74.9604,16.881],[74.9445,16.8827],[74.936,16.8792],[74.9353,16.8711],[74.9256,16.872],[74.9266,16.8635],[74.9016,16.8626],[74.9104,16.8351],[74.9109,16.7896],[74.9195,16.7725],[74.8694,16.7741],[74.8658,16.7634],[74.8499,16.7728],[74.8446,16.7618],[74.7988,16.7537],[74.7958,16.7478],[74.772,16.7507],[74.7528,16.7309],[74.7322,16.7183],[74.6911,16.7155],[74.6878,16.7086],[74.6895,16.6865],[74.6809,16.6859],[74.6812,16.6809],[74.6889,16.6816],[74.6896,16.677],[74.6791,16.6731],[74.6796,16.6662],[74.6652,16.6657],[74.6536,16.6388],[74.6591,16.6317],[74.6699,16.6294],[74.6877,16.6179],[74.6871,16.6068],[74.6739,16.6092],[74.6601,16.6029],[74.6401,16.6105],[74.6334,16.6004],[74.6359,16.5839],[74.6287,16.5777],[74.6189,16.5841],[74.6172,16.5759],[74.6096,16.5696],[74.599,16.5643],[74.588,16.5661],[74.5847,16.5591],[74.5747,16.559],[74.5739,16.5539],[74.5686,16.5539],[74.5549,16.5645],[74.5561,16.5736],[74.567,16.5854],[74.5589,16.5947],[74.5436,16.5953],[74.5446,16.6355],[74.4891,16.6302],[74.4768,16.6445],[74.4718,16.6641],[74.4688,16.6638],[74.4565,16.6551],[74.4584,16.6487],[74.4549,16.6473],[74.4659,16.6247],[74.4668,16.6068],[74.4355,16.6011],[74.4264,16.5957],[74.4222,16.5845],[74.3967,16.5833],[74.393,16.5649],[74.387,16.5599],[74.3872,16.5362],[74.3799,16.5286],[74.358,16.5384],[74.3563,16.5598],[74.3552,16.5551],[74.3458,16.555],[74.3398,16.5478],[74.3253,16.5563],[74.3158,16.5545],[74.3152,16.5046],[74.3062,16.5037],[74.3017,16.529],[74.2917,16.5339],[74.2832,16.5246],[74.2812,16.5411],[74.2706,16.548],[74.2642,16.5398],[74.2698,16.5222],[74.2762,16.5213],[74.2781,16.5045],[74.2475,16.4969],[74.2609,16.4801],[74.2745,16.4856],[74.2797,16.5048],[74.291,16.5049],[74.2894,16.463],[74.2971,16.4645],[74.3125,16.4532],[74.3327,16.4548],[74.3298,16.4472],[74.3363,16.4457],[74.3328,16.4369],[74.3368,16.4288],[74.3289,16.4191],[74.3351,16.4014],[74.3449,16.4055],[74.3638,16.4051],[74.363,16.3955],[74.3537,16.3819],[74.3535,16.3664],[74.3474,16.3683],[74.336,16.3938],[74.3276,16.3915],[74.3249,16.3783],[74.3173,16.381],[74.3248,16.3599],[74.3177,16.3531],[74.3271,16.3425],[74.3154,16.3401],[74.3226,16.3344],[74.3167,16.3266],[74.3288,16.3238],[74.3314,16.3207],[74.3252,16.3137],[74.3333,16.3135],[74.332,16.3053],[74.336,16.3071],[74.3426,16.298],[74.3421,16.2912],[74.3348,16.2896],[74.328,16.2933],[74.3259,16.2856],[74.3209,16.2845],[74.325,16.2718],[74.3342,16.2688],[74.3334,16.276],[74.3385,16.2714],[74.3434,16.2731],[74.3439,16.2781],[74.3505,16.2754],[74.3538,16.2828],[74.3432,16.2904],[74.3457,16.2938],[74.3594,16.2906],[74.3731,16.2616],[74.3807,16.262],[74.3827,16.2774],[74.4145,16.2827],[74.4177,16.258],[74.4359,16.2588],[74.4356,16.2512],[74.4549,16.2534],[74.4562,16.2439],[74.4687,16.2402],[74.4806,16.2501],[74.4904,16.2349],[74.4953,16.2349],[74.5032,16.2254],[74.4959,16.2152],[74.5013,16.2055],[74.5078,16.2031],[74.5071,16.1916],[74.4939,16.1865],[74.4884,16.1573],[74.4799,16.1471],[74.4852,16.1423],[74.4912,16.1115],[74.483,16.0901],[74.4728,16.0906],[74.4588,16.1038],[74.4277,16.112],[74.41,16.1021],[74.407,16.0935],[74.3901,16.0895],[74.3909,16.0805],[74.3837,16.0829],[74.3818,16.0793],[74.3723,16.0782],[74.3716,16.0683],[74.3614,16.0539],[74.3774,16.0551],[74.3691,16.0392],[74.3811,16.0355],[74.4022,16.0461],[74.4056,16.0519],[74.4298,16.0592],[74.4429,16.0528],[74.4502,16.054],[74.4572,16.0482],[74.4623,16.0499],[74.4633,16.0429],[74.4566,16.0411],[74.4631,16.038],[74.4448,16.0031],[74.444,15.9864],[74.4379,15.9799],[74.4309,15.9566],[74.3869,15.905],[74.3935,15.9001],[74.3968,15.8804],[74.3929,15.8784],[74.4064,15.8645],[74.4062,15.8554],[74.3976,15.8512],[74.3882,15.8543],[74.387,15.8597],[74.3829,15.8601],[74.3768,15.8824],[74.3662,15.8913],[74.3687,15.8944],[74.3648,15.8939],[74.3633,15.8749],[74.3383,15.8549],[74.3451,15.8505],[74.3832,15.8491],[74.3811,15.8354],[74.38,15.8383],[74.3775,15.8323],[74.3708,15.8306],[74.3604,15.8169],[74.3704,15.8107],[74.3719,15.7973],[74.3676,15.7858],[74.3457,15.7646],[74.3231,15.7727],[74.3187,15.7584],[74.3098,15.7549],[74.308,15.7485],[74.2858,15.7416],[74.2684,15.7548],[74.2541,15.7452],[74.2383,15.7441],[74.2266,15.7627],[74.2346,15.7786],[74.2336,15.787],[74.2275,15.7884],[74.2132,15.7801],[74.209,15.7813],[74.2015,15.7586],[74.1896,15.7522],[74.1616,15.7513],[74.151,15.7358],[74.1419,15.7344],[74.1308,15.7234],[74.1222,15.7208],[74.1322,15.7024],[74.1258,15.681],[74.1089,15.6727],[74.0882,15.6725],[74.0943,15.6631],[74.1184,15.652],[74.1356,15.6484],[74.1645,15.6535],[74.1672,15.6718],[74.182,15.6822],[74.1909,15.679],[74.1862,15.6743],[74.1869,15.6675],[74.2041,15.6637],[74.2018,15.6564],[74.2052,15.6511],[74.222,15.6555],[74.215,15.6626],[74.2238,15.669],[74.2285,15.6645],[74.2364,15.6686],[74.2449,15.6582],[74.2505,15.6573],[74.2442,15.6261],[74.2483,15.6229],[74.2538,15.6268],[74.2644,15.6155],[74.2603,15.5927],[74.2488,15.5803],[74.2453,15.5666],[74.2584,15.5617],[74.2632,15.564],[74.278,15.5461],[74.2827,15.5314],[74.2763,15.5146],[74.255,15.5028],[74.251,15.4916],[74.2755,15.4492],[74.277,15.4352],[74.2688,15.4191],[74.2784,15.4057],[74.2759,15.3916],[74.2831,15.383],[74.2988,15.382],[74.3233,15.3677],[74.3163,15.3628],[74.3219,15.3436],[74.3171,15.3292],[74.3245,15.3099],[74.3365,15.295],[74.3262,15.2834],[74.3078,15.283],[74.2943,15.2888],[74.2932,15.2842],[74.2816,15.2801],[74.2762,15.2832],[74.2609,15.2599],[74.2514,15.2586],[74.2596,15.2411],[74.2916,15.2339],[74.3017,15.2244],[74.2999,15.22],[74.3101,15.2063],[74.3094,15.1979],[74.3174,15.1838],[74.2955,15.1509],[74.2851,15.1487],[74.2849,15.1139],[74.2727,15.0975],[74.2797,15.0881],[74.2808,15.0689],[74.2896,15.0649],[74.2966,15.0412],[74.2833,15.0315],[74.2835,15.0236],[74.2665,15.0068],[74.2679,15.0017],[74.2535,14.9979],[74.2522,14.9927],[74.2644,14.9786],[74.2589,14.9697],[74.2552,14.9701],[74.2524,14.9588],[74.2365,14.9665],[74.2296,14.9502],[74.2135,14.9473],[74.2014,14.9254],[74.1915,14.9327],[74.1946,14.9396],[74.1796,14.9505],[74.1793,14.9567],[74.1634,14.9582],[74.1542,14.9433],[74.166,14.9186],[74.162,14.9118],[74.14,14.9229],[74.1241,14.925],[74.1198,14.9166],[74.1144,14.918],[74.1046,14.9126],[74.1015,14.9155],[74.0857,14.9006],[74.0959,14.8983],[74.0997,14.8816],[74.1105,14.8626],[74.1118,14.8498],[74.1251,14.8407],[74.1246,14.8055],[74.1131,14.7969],[74.1133,14.8051],[74.1021,14.8076],[74.093,14.8042],[74.1028,14.7937],[74.1096,14.7925],[74.1102,14.7853],[74.1181,14.7859],[74.1213,14.7804],[74.1191,14.7747],[74.1249,14.7751],[74.1291,14.781],[74.1413,14.7794],[74.1574,14.76],[74.1505,14.7516],[74.1521,14.7473],[74.1572,14.7449],[74.1616,14.752],[74.1776,14.7505],[74.1931,14.7345],[74.192,14.7266],[74.2045,14.7186],[74.2083,14.7179],[74.2026,14.7328],[74.2049,14.7369],[74.2104,14.7333],[74.2277,14.7375],[74.2267,14.748],[74.2343,14.7482],[74.25,14.7395],[74.2631,14.7192],[74.2653,14.7117],[74.2567,14.7077],[74.2723,14.7002],[74.2828,14.6751],[74.2756,14.6664],[74.2809,14.661],[74.2804,14.6493],[74.2857,14.6457],[74.2863,14.6346],[74.2818,14.6272],[74.2714,14.6305],[74.27,14.6272],[74.2734,14.6273],[74.2804,14.6102],[74.2932,14.5969],[74.3147,14.546],[74.3108,14.5368],[74.3163,14.5278],[74.3099,14.5213],[74.3258,14.5199],[74.3266,14.5155],[74.3368,14.5191],[74.3401,14.514],[74.343,14.5163],[74.3554,14.5089],[74.3545,14.5022],[74.3597,14.5016],[74.3637,14.4943],[74.3837,14.4396],[74.3803,14.4314],[74.3847,14.4288],[74.3824,14.4211],[74.3945,14.4185],[74.4134,14.3162],[74.4229,14.2887],[74.4259,14.2886],[74.442,14.2322],[74.4454,14.2312],[74.4415,14.2242],[74.4494,14.216],[74.4536,14.2],[74.4639,14.2007],[74.4695,14.1882],[74.48,14.1449],[74.4772,14.1403],[74.4878,14.1062],[74.4858,14.0947],[74.5005,14.0457],[74.5012,14.0233],[74.5151,13.9869],[74.5175,13.9846],[74.517,13.9917],[74.5319,13.9653],[74.5392,13.9651],[74.5492,13.9483],[74.5574,13.9519],[74.561,13.9459],[74.5694,13.9492],[74.5791,13.9265],[74.5882,13.916],[74.5963,13.8849],[74.6101,13.8669],[74.6456,13.6831],[74.6697,13.6348],[74.6895,13.4646],[74.6953,13.4561],[74.6917,13.4556],[74.6972,13.4045],[74.6957,13.3733],[74.7034,13.3755],[74.6958,13.3712],[74.6978,13.3473],[74.7104,13.3319],[74.7167,13.3142],[74.7199,13.2855],[74.7751,13.0841],[74.8236,12.8468],[74.829,12.8462],[74.8468,12.7953],[74.8648,12.7604],[74.8823,12.7541],[74.933,12.7806],[74.9582,12.7847],[74.96,12.779],[74.9644,12.7817],[74.9684,12.7764],[74.9873,12.783],[74.9921,12.7883],[74.9891,12.7955],[74.9983,12.786],[75.0032,12.7917],[75.0034,12.778],[75.0095,12.7676],[74.9866,12.7437],[74.9837,12.7452],[74.9825,12.7385],[74.9865,12.733],[74.9924,12.7387],[75.0112,12.728],[75.0002,12.7208],[75.001,12.7155],[75.0153,12.7134],[75.0188,12.7202],[75.0265,12.7184],[75.0339,12.7226],[75.0503,12.7195],[75.0535,12.7084],[75.0494,12.7056],[75.0548,12.6947],[75.0527,12.691],[75.0478,12.6953],[75.0431,12.6939],[75.0397,12.6866],[75.0466,12.6668],[75.0538,12.6693],[75.0576,12.6651],[75.0599,12.6709],[75.0693,12.6639],[75.0732,12.6709],[75.0853,12.6739],[75.085,12.6946],[75.0802,12.7003],[75.0852,12.7053],[75.1055,12.6981],[75.1107,12.6831],[75.1154,12.6828],[75.1117,12.6808],[75.1249,12.6805],[75.1331,12.6746],[75.1525,12.6823],[75.1501,12.6739],[75.1605,12.6716],[75.15,12.6513],[75.1377,12.6447],[75.1436,12.6418],[75.1541,12.6239],[75.1611,12.621],[75.1703,12.6215],[75.1822,12.6317],[75.2017,12.629],[75.1985,12.6133],[75.2059,12.6093],[75.2092,12.6015],[75.2009,12.5946],[75.2003,12.589],[75.2087,12.5923],[75.2118,12.5794],[75.217,12.5776],[75.2203,12.5682],[75.2375,12.5684],[75.2388,12.58],[75.2496,12.5837],[75.2653,12.6048],[75.2663,12.6159],[75.2755,12.6198],[75.2888,12.6117],[75.2907,12.6032],[75.3011,12.6067],[75.3113,12.591],[75.3262,12.5937],[75.3256,12.5827],[75.3146,12.5738],[75.2897,12.5839],[75.2839,12.5708],[75.2721,12.5702],[75.2692,12.5597],[75.2731,12.5369],[75.2801,12.5242],[75.303,12.5227],[75.3042,12.5033],[75.3138,12.502],[75.3145,12.4975],[75.3322,12.4996],[75.3366,12.4891],[75.3353,12.4783],[75.3407,12.4704],[75.3363,12.4642],[75.3601,12.465],[75.3722,12.477],[75.3678,12.4918],[75.3783,12.496],[75.3819,12.5021],[75.3916,12.4997],[75.3979,12.5038],[75.4027,12.4981],[75.4114,12.5019],[75.4174,12.4985],[75.425,12.4696],[75.4157,12.466],[75.4133,12.4586],[75.3934,12.4514],[75.3863,12.4584],[75.3656,12.4568],[75.3715,12.4378],[75.3659,12.412],[75.3725,12.4003],[75.3779,12.3983],[75.3797,12.3921],[75.3923,12.3899],[75.3992,12.381],[75.4135,12.3801],[75.4219,12.3727],[75.4196,12.357],[75.4104,12.3473],[75.4203,12.3191],[75.4322,12.3095],[75.4137,12.2924],[75.4154,12.2882],[75.4257,12.2868],[75.4358,12.2946],[75.4653,12.2894],[75.4749,12.2961],[75.4849,12.29],[75.4939,12.2729],[75.5054,12.2708],[75.5116,12.2531],[75.5196,12.2458],[75.5211,12.2353],[75.5281,12.2309],[75.5268,12.225],[75.5398,12.2157],[75.5319,12.2058],[75.5326,12.2005],[75.5399,12.2017],[75.5414,12.1964],[75.5524,12.1921],[75.5598,12.1756],[75.5699,12.1718],[75.577,12.1569],[75.5831,12.1583],[75.5925,12.147],[75.5952,12.1534],[75.6106,12.1518],[75.6195,12.1557],[75.6359,12.1485],[75.6384,12.1381],[75.6432,12.138],[75.6489,12.1086],[75.6526,12.1092],[75.6616,12.0985],[75.6768,12.0974],[75.6872,12.1103],[75.7033,12.1083],[75.7021,12.0924],[75.7179,12.0857],[75.7147,12.0705],[75.7277,12.0726],[75.7361,12.079],[75.7471,12.0783],[75.7536,12.0854],[75.786,12.0849],[75.8027,12.0795],[75.7984,12.0564],[75.794,12.0558],[75.8011,12.037],[75.8108,12.0288],[75.81,12.0229],[75.8228,12.0129],[75.8204,12.0027],[75.8249,12.0028],[75.8295,11.9846],[75.8469,11.9821],[75.8542,11.9637],[75.8701,11.952],[75.8862,11.9511],[75.8968,11.9448],[75.9135,11.9462],[75.9307,11.9391],[75.9564,11.942],[75.9764,11.9338],[76.0032,11.9315],[76.0133,11.9418],[76.0222,11.9441],[76.0335,11.9403],[76.0701,11.9672],[76.0897,11.9675],[76.1125,11.9788],[76.1128,11.8585],[76.1181,11.857],[76.12,11.8504],[76.1323,11.854],[76.1461,11.8671],[76.156,11.8702],[76.1648,11.8676],[76.1904,11.8713],[76.2075,11.8616],[76.2129,11.8421],[76.2097,11.8275],[76.2237,11.8083],[76.2456,11.803],[76.2802,11.8124],[76.2883,11.7952],[76.3077,11.7849],[76.3184,11.7514],[76.3291,11.7484],[76.3397,11.7391],[76.3525,11.7384],[76.3628,11.7484],[76.377,11.7446],[76.3913,11.7548],[76.3986,11.7509],[76.414,11.7602],[76.4105,11.7422],[76.4181,11.7427],[76.4274,11.7261],[76.414,11.7113],[76.4085,11.7151],[76.4034,11.7078],[76.4089,11.7065],[76.4124,11.6951],[76.4084,11.6898],[76.413,11.6861],[76.4159,11.6729],[76.4313,11.6665],[76.4582,11.6645],[76.4826,11.6862],[76.4816,11.6926],[76.4935,11.6931],[76.5116,11.7051],[76.5372,11.6909],[76.5505,11.6743],[76.5539,11.6458],[76.5614,11.6328],[76.5599,11.6226],[76.5752,11.6193],[76.5767,11.6146],[76.5922,11.6188],[76.5976,11.6108],[76.6139,11.6077],[76.6304,11.6139],[76.747,11.6139],[76.7569,11.6186],[76.8175,11.6048],[76.8228,11.6082],[76.8469,11.5946],[76.8564,11.5994],[76.8581,11.6141],[76.8505,11.6161],[76.8521,11.6218],[76.8427,11.6272],[76.8451,11.6343],[76.8346,11.6396],[76.8379,11.6421],[76.835,11.6555],[76.8418,11.6622],[76.8527,11.6925],[76.8637,11.7055],[76.8626,11.7111],[76.8883,11.7338],[76.8962,11.7599],[76.8966,11.7766],[76.908,11.7954],[76.9423,11.7881],[76.9539,11.7922],[76.9699,11.777],[76.9836,11.8018],[76.9821,11.8116],[76.9935,11.8093],[77.0129,11.8147],[77.014,11.8063],[77.0168,11.8108],[77.0298,11.8048],[77.0326,11.796],[77.0387,11.794],[77.0288,11.7748],[77.0351,11.7699],[77.0464,11.7877],[77.0629,11.7905],[77.0697,11.7822],[77.0564,11.7699],[77.0827,11.7399],[77.0802,11.7361],[77.105,11.7329],[77.1177,11.7212],[77.1175,11.7319],[77.1085,11.7527],[77.1124,11.757],[77.1107,11.7736],[77.138,11.7728],[77.147,11.782],[77.182,11.7864],[77.1892,11.7926],[77.2386,11.7948],[77.2496,11.8043],[77.2498,11.8131],[77.2879,11.8005],[77.2938,11.8091],[77.3351,11.7713],[77.3604,11.7796],[77.3648,11.7905],[77.3702,11.7868],[77.3944,11.7877],[77.4222,11.7725],[77.4226,11.7618],[77.4272,11.761],[77.4338,11.7782],[77.4422,11.7834],[77.4405,11.7889],[77.4498,11.7961],[77.454,11.8203],[77.4666,11.8472],[77.4599,11.8636],[77.4658,11.8743],[77.4604,11.8813],[77.4639,11.8941],[77.4616,11.9001],[77.4735,11.8993],[77.4772,11.8906],[77.4806,11.8935],[77.4862,11.8875],[77.483,11.8997],[77.4905,11.9086],[77.4941,11.9434],[77.5379,11.9325],[77.5425,11.9383],[77.5581,11.9417],[77.5753,11.9366],[77.5935,11.9403],[77.6034,11.9378],[77.6069,11.9421],[77.6394,11.9481],[77.652,11.9549],[77.6573,11.9499],[77.6756,11.9521],[77.6747,11.966],[77.7089,12.0361],[77.7275,12.0621],[77.7557,12.0798],[77.7677,12.1067],[77.7767,12.1137],[77.7738,12.1206],[77.7498,12.1385],[77.7452,12.1594],[77.7277,12.1816],[77.7023,12.1842],[77.6652,12.1983],[77.64,12.1965],[77.6298,12.2023],[77.6209,12.1999],[77.6107,12.2062],[77.5967,12.1993],[77.5738,12.2009],[77.5653,12.1964],[77.5459,12.2047],[77.5187,12.1945],[77.4927,12.1974],[77.4864,12.2039],[77.472,12.208],[77.4826,12.2295],[77.4785,12.2401],[77.4711,12.2436],[77.479,12.2713],[77.4876,12.2806],[77.5,12.2826],[77.5142,12.2754],[77.5272,12.2788],[77.5328,12.2915],[77.5513,12.2913],[77.5579,12.3058],[77.566,12.3063],[77.5786,12.3357],[77.5915,12.3402],[77.6008,12.3585],[77.613,12.3612],[77.6168,12.3683],[77.6233,12.4123],[77.6296,12.4184],[77.6261,12.4308],[77.6272,12.4585],[77.6331,12.4705],[77.6346,12.4877],[77.6261,12.4964],[77.6074,12.4752],[77.5837,12.4789],[77.615,12.5042],[77.6163,12.5092],[77.6124,12.515],[77.5872,12.5148],[77.5864,12.5458],[77.5803,12.5516],[77.5793,12.5731],[77.5914,12.5921],[77.591,12.6153],[77.6062,12.629],[77.5961,12.6503],[77.5989,12.6672],[77.6599,12.6839],[77.6764,12.6795],[77.6786,12.6604],[77.7042,12.6615],[77.711,12.6672],[77.7116,12.6832],[77.7227,12.6797],[77.7246,12.6712],[77.7399,12.673],[77.741,12.6858],[77.7349,12.6921],[77.7374,12.6978],[77.7617,12.6976],[77.7657,12.7138],[77.7695,12.7126],[77.7744,12.7243],[77.7611,12.7275],[77.7633,12.7369],[77.7835,12.7413],[77.7934,12.7495],[77.7943,12.7578],[77.7788,12.7678],[77.7985,12.7952],[77.8085,12.7968],[77.7997,12.8053],[77.8021,12.8171],[77.8099,12.8156],[77.8099,12.8316],[77.7959,12.8346],[77.7924,12.8422],[77.7991,12.8516],[77.8079,12.8477],[77.8155,12.8558],[77.8324,12.8621],[77.836,12.8704],[77.8509,12.8662],[77.8575,12.8695],[77.8759,12.8669],[77.8903,12.8697],[77.8949,12.8786],[77.9084,12.8789],[77.9087,12.8849],[77.9219,12.8848],[77.9293,12.891],[77.9361,12.8837],[77.9271,12.8816],[77.9277,12.875],[77.9418,12.8717],[77.9356,12.8628],[77.9228,12.8556],[77.9242,12.8512],[77.9172,12.8389],[77.9205,12.8282],[77.9265,12.8303],[77.9343,12.8231],[77.9407,12.8234],[77.9466,12.8388],[77.9406,12.8453],[77.94,12.8532],[77.9436,12.8579],[77.9523,12.8572],[77.9528,12.8502],[77.9653,12.8482],[77.9643,12.8329],[77.9804,12.8351],[77.9793,12.8271],[77.9898,12.8216],[77.9885,12.8082],[78.0097,12.8058],[78.0153,12.8138],[78.0039,12.8256],[78.0183,12.8311],[78.0191,12.844],[78.0243,12.8418],[78.029,12.8452],[78.0238,12.8566],[78.0306,12.8581],[78.0307,12.8525],[78.0504,12.8488],[78.0533,12.8539],[78.059,12.8512],[78.0602,12.8439],[78.0765,12.8397],[78.0738,12.8306],[78.0862,12.832],[78.0901,12.8174],[78.125,12.7982],[78.1342,12.782],[78.1451,12.781],[78.1676,12.7701],[78.1774,12.776],[78.1889,12.772],[78.1951,12.7739],[78.2309,12.7607],[78.239,12.7684],[78.2456,12.7883],[78.2523,12.829],[78.2522,12.8606],[78.2652,12.8621],[78.2684,12.8677],[78.2821,12.8594],[78.3124,12.8586],[78.3136,12.8765],[78.331,12.8756],[78.3371,12.8824],[78.3345,12.8893],[78.3292,12.8846],[78.3203,12.8873],[78.3235,12.9018],[78.3397,12.9032],[78.344,12.9085],[78.3419,12.9119],[78.3466,12.9141],[78.349,12.929],[78.3538,12.9303],[78.3497,12.9358],[78.3559,12.9408],[78.3887,12.9069],[78.3964,12.9074],[78.3986,12.9174],[78.4122,12.9033],[78.4286,12.9021],[78.4337,12.9046],[78.4349,12.9119],[78.4456,12.9118],[78.4472,12.8923],[78.4641,12.8778],[78.4647,12.8668],[78.4694,12.8897],[78.4667,12.9055],[78.4445,12.9197],[78.438,12.9291],[78.4282,12.9321],[78.4188,12.9218],[78.4111,12.9453],[78.4204,12.9478],[78.4192,12.9587],[78.4291,12.9575],[78.4379,12.964],[78.4327,12.9678],[78.4353,12.9811],[78.4674,12.9751],[78.4748,12.9915],[78.4677,12.9986],[78.4682,13.0047],[78.4636,13.0054],[78.4622,13.0433],[78.4731,13.043],[78.4785,13.0546],[78.4873,13.0524],[78.498,13.0612],[78.5142,13.0619],[78.5151,13.07],[78.5086,13.0791],[78.5094,13.0915],[78.516,13.0966],[78.5234,13.0947],[78.5245,13.1012],[78.5385,13.1058],[78.5185,13.1199],[78.517,13.1316],[78.5233,13.1305],[78.5312,13.1414],[78.5446,13.142],[78.5483,13.1486],[78.5414,13.1558],[78.5501,13.1642],[78.5682,13.1618],[78.5734,13.1689],[78.5797,13.1674],[78.576,13.1867],[78.5673,13.1933],[78.5497,13.1897],[78.55,13.2002],[78.5678,13.2016],[78.5711,13.2121],[78.5794,13.2157],[78.5664,13.2209],[78.5701,13.2471],[78.5853,13.2622],[78.5873,13.2807],[78.5786,13.2804],[78.5775,13.2953],[78.5695,13.3093],[78.5655,13.312],[78.5632,13.3094],[78.5648,13.2948],[78.5564,13.2839],[78.5393,13.2879],[78.5322,13.267],[78.5219,13.273],[78.5199,13.2828],[78.5133,13.2853],[78.514,13.2906],[78.5048,13.2914],[78.4988,13.2996],[78.4793,13.3013],[78.4834,13.3212],[78.4769,13.3227],[78.4666,13.3152],[78.4442,13.3082],[78.4404,13.3285],[78.4279,13.3313],[78.4217,13.3283],[78.4189,13.3206],[78.4011,13.3155],[78.3871,13.3318],[78.3771,13.332],[78.3782,13.3372],[78.383,13.3436],[78.3877,13.3428],[78.3849,13.3349],[78.4035,13.3361],[78.4073,13.3376],[78.4084,13.3457],[78.3932,13.3508],[78.3948,13.3544],[78.3776,13.3632],[78.3658,13.3587],[78.3817,13.397],[78.3756,13.4374],[78.379,13.4401],[78.3708,13.4696],[78.3788,13.4821],[78.3744,13.5091],[78.3833,13.5156],[78.3824,13.5251],[78.3942,13.5411],[78.3938,13.5523],[78.4067,13.5769],[78.4018,13.5786],[78.4022,13.5873],[78.3852,13.5922],[78.3506,13.5869],[78.3262,13.5949],[78.2719,13.5882],[78.2595,13.5825],[78.2437,13.5976],[78.236,13.5993],[78.2327,13.5869],[78.2196,13.5933],[78.2029,13.5688],[78.193,13.5649],[78.1902,13.5902],[78.2033,13.6066],[78.2042,13.6285],[78.1682,13.6329],[78.1676,13.6559],[78.1339,13.6595],[78.1256,13.6559],[78.1143,13.6574],[78.1022,13.6511],[78.0989,13.6428],[78.0871,13.6431],[78.0897,13.6591],[78.0785,13.6673],[78.077,13.6734],[78.0657,13.6762],[78.0736,13.6878],[78.0691,13.6978],[78.0924,13.6912],[78.1132,13.6928],[78.1208,13.7157],[78.1043,13.7366],[78.0915,13.7423],[78.0999,13.7585],[78.1138,13.7635],[78.1264,13.7864],[78.1227,13.7988],[78.1137,13.8075],[78.1254,13.8316],[78.1236,13.8454],[78.1165,13.8519],[78.1148,13.8629],[78.0899,13.8647],[78.0819,13.8613],[78.079,13.8812],[78.0489,13.8961],[78.0508,13.876],[78.0462,13.8622],[78.0212,13.8639],[78.0116,13.872],[78.0005,13.873],[77.9921,13.8689],[77.9761,13.8295],[77.953,13.8274],[77.9562,13.836],[77.9491,13.8865],[77.9522,13.8903],[77.9844,13.8976],[77.9866,13.903],[77.9831,13.9049],[77.9802,13.9279],[77.9875,13.9555],[77.972,13.9602],[77.9619,13.955],[77.9589,13.9389],[77.9462,13.9354],[77.9268,13.9054],[77.9154,13.9079],[77.8958,13.9204],[77.8989,13.9307],[77.8957,13.9411],[77.8388,13.9359],[77.8266,13.9448],[77.8148,13.932],[77.8135,13.9147],[77.8162,13.903],[77.832,13.8957],[77.8355,13.881],[77.8273,13.8745],[77.8371,13.8698],[77.8202,13.8632],[77.812,13.849],[77.793,13.849],[77.7823,13.8441],[77.7891,13.8305],[77.7888,13.8232],[77.7815,13.8183],[77.7635,13.8173],[77.7479,13.8104],[77.7407,13.8125],[77.7293,13.8023],[77.7193,13.8003],[77.7222,13.7689],[77.7174,13.7411],[77.7151,13.7438],[77.7085,13.7411],[77.7033,13.7698],[77.6952,13.7707],[77.6717,13.7605],[77.6799,13.7724],[77.6801,13.7868],[77.6513,13.7841],[77.6211,13.7685],[77.6188,13.755],[77.6296,13.7542],[77.6422,13.7468],[77.6414,13.742],[77.6277,13.7346],[77.6136,13.752],[77.6,13.7508],[77.5868,13.7335],[77.5717,13.7382],[77.5606,13.7224],[77.5493,13.7407],[77.5474,13.7529],[77.5412,13.756],[77.5273,13.7539],[77.522,13.7446],[77.5366,13.7306],[77.5344,13.707],[77.5252,13.691],[77.5124,13.6973],[77.5142,13.7133],[77.485,13.7148],[77.4921,13.6899],[77.4553,13.6823],[77.4501,13.7109],[77.4651,13.7109],[77.4646,13.7342],[77.4706,13.7581],[77.4651,13.7587],[77.4614,13.7884],[77.4565,13.7888],[77.4646,13.8061],[77.4453,13.8111],[77.437,13.7967],[77.4226,13.7991],[77.4287,13.8068],[77.4164,13.8088],[77.4325,13.8433],[77.3819,13.8394],[77.3769,13.8507],[77.3624,13.8543],[77.3368,13.8328],[77.3254,13.8333],[77.3215,13.856],[77.3115,13.8666],[77.3106,13.8629],[77.2949,13.8574],[77.2883,13.8475],[77.2803,13.8511],[77.2567,13.8466],[77.2591,13.8632],[77.2464,13.868],[77.2483,13.9013],[77.2365,13.9011],[77.2356,13.9042],[77.2307,13.9034],[77.2199,13.8678],[77.2154,13.868],[77.217,13.8838],[77.2131,13.8862],[77.2004,13.8631],[77.1814,13.8699],[77.1857,13.8762],[77.1908,13.9119],[77.1847,13.9252],[77.1699,13.9207],[77.1619,13.9067],[77.1621,13.8991],[77.1688,13.8896],[77.1714,13.8712],[77.1686,13.8645],[77.1476,13.8685],[77.136,13.8566],[77.1282,13.8565],[77.1322,13.8462],[77.156,13.8444],[77.1537,13.8342],[77.1687,13.8297],[77.1677,13.8213],[77.1595,13.8169],[77.1626,13.8087],[77.1575,13.8061],[77.1785,13.7827],[77.1731,13.7621],[77.1511,13.7662],[77.1409,13.7651],[77.1368,13.7583],[77.106,13.7678],[77.0904,13.7672],[77.0838,13.7567],[77.0856,13.7425],[77.0647,13.7439],[77.0575,13.753],[77.058,13.7603],[77.0441,13.7709],[77.0434,13.7778],[77.0245,13.7793],[77.0165,13.7386],[76.9985,13.7456],[76.9852,13.7908],[76.9917,13.8027],[76.9897,13.813],[76.9764,13.8174],[76.978,13.8269],[76.9889,13.8353],[76.9922,13.849],[77.0065,13.8521],[77.0142,13.8604],[77.0132,13.8716],[77.0185,13.8726],[77.0163,13.8844],[77.023,13.9026],[77.0473,13.9066],[77.0417,13.9335],[77.0244,13.94],[77.0142,13.9549],[76.9938,13.9626],[76.9995,13.9904],[76.9654,14.0115],[76.95,14.0151],[76.9435,14.0298],[76.935,14.0328],[76.9311,14.0302],[76.9324,14.054],[76.9717,14.0581],[76.9776,14.0713],[76.9735,14.0836],[76.9594,14.0917],[76.9484,14.0921],[76.9535,14.0997],[76.9457,14.1183],[76.925,14.1371],[76.9176,14.1289],[76.9129,14.1289],[76.8859,14.1383],[76.8905,14.1429],[76.8945,14.1678],[76.9198,14.1645],[76.9219,14.1695],[76.9424,14.1734],[76.9427,14.1954],[76.9476,14.1982],[76.9606,14.1818],[76.9838,14.1789],[77.0055,14.184],[77.0233,14.1767],[77.026,14.1748],[77.0204,14.1572],[77.0202,14.1313],[77.0259,14.13],[77.0262,14.1251],[77.0218,14.1233],[77.0241,14.1126],[77.0147,14.1],[77.0298,14.0882],[77.0278,14.0622],[77.0349,14.0561],[77.0761,14.0533],[77.0753,14.0435],[77.0789,14.0427],[77.1274,14.0471],[77.1318,14.044],[77.1404,14.018],[77.1411,14.0039],[77.1492,14.0012],[77.1728,14.0011],[77.171,14.012],[77.174,14.013],[77.2047,14.0083],[77.2198,14.0136],[77.2454,14.012],[77.2704,14.0345],[77.2788,14.0325],[77.275,14.0113],[77.2983,14.0216],[77.3066,14.032],[77.3222,14.03],[77.3227,14.023],[77.3369,14.0045],[77.3362,13.9954],[77.3611,13.9909],[77.3495,13.9582],[77.3713,13.9528],[77.3478,13.916],[77.3529,13.9139],[77.3576,13.9034],[77.398,13.9066],[77.4,13.8883],[77.4205,13.8994],[77.435,13.915],[77.4349,13.9197],[77.4159,13.9242],[77.4121,13.9456],[77.4354,13.9476],[77.4379,13.9756],[77.434,13.9802],[77.4277,13.9797],[77.4259,13.9862],[77.3957,13.9838],[77.3816,13.9763],[77.3797,13.9899],[77.3902,14.0167],[77.3323,14.0307],[77.3405,14.0602],[77.3606,14.0626],[77.3637,14.073],[77.3756,14.0794],[77.3813,14.0979],[77.3888,14.0995],[77.4009,14.1188],[77.3974,14.1255],[77.3906,14.1267],[77.3617,14.1154],[77.3475,14.1037],[77.3514,14.13],[77.3789,14.1359],[77.3851,14.1533],[77.3949,14.1608],[77.3937,14.1743],[77.4204,14.177],[77.4303,14.1709],[77.4671,14.1721],[77.4681,14.1649],[77.5035,14.1572],[77.5171,14.1844],[77.5047,14.194],[77.5033,14.2106],[77.4945,14.2243],[77.4959,14.232],[77.4928,14.231],[77.5039,14.2638],[77.4983,14.2789],[77.4871,14.2818],[77.4818,14.2916],[77.4597,14.2805],[77.4503,14.2807],[77.4452,14.2953],[77.4462,14.3175],[77.4315,14.3129],[77.4284,14.3287],[77.4078,14.3376],[77.3928,14.3359],[77.379,14.3228],[77.3771,14.3048],[77.3888,14.2809],[77.3874,14.2709],[77.3958,14.2662],[77.4054,14.2667],[77.4088,14.2599],[77.4097,14.232],[77.4177,14.2259],[77.4194,14.2117],[77.4141,14.2048],[77.392,14.1989],[77.3832,14.2075],[77.3842,14.221],[77.3792,14.2265],[77.3595,14.234],[77.3638,14.2759],[77.2835,14.2828],[77.2888,14.3055],[77.2866,14.3401],[77.2586,14.331],[77.2473,14.3178],[77.2382,14.3174],[77.2287,14.3212],[77.1974,14.3212],[77.1787,14.3355],[77.1693,14.3355],[77.1669,14.3421],[77.1574,14.3421],[77.1357,14.3369],[77.1363,14.3231],[77.1306,14.3069],[77.1157,14.2925],[77.1155,14.2743],[77.1102,14.2682],[77.1112,14.2616],[77.1205,14.263],[77.1153,14.2546],[77.1167,14.2264],[77.1078,14.2199],[77.0812,14.2142],[77.0759,14.2234],[77.0618,14.2295],[77.0577,14.2438],[77.0525,14.2455],[77.0361,14.2468],[77.0057,14.2358],[76.9856,14.2474],[76.952,14.2419],[76.9401,14.2446],[76.9358,14.2594],[76.9249,14.2738],[76.9282,14.2793],[76.9371,14.2804],[76.9567,14.2944],[76.9457,14.3132],[76.9272,14.3146],[76.9034,14.3227],[76.8848,14.3476],[76.8848,14.3957],[76.8987,14.398],[76.9158,14.4207],[76.9428,14.3998],[76.9478,14.4132],[76.9448,14.4509],[76.9599,14.4506],[76.9717,14.4682],[76.9748,14.4854],[76.9007,14.4892],[76.8865,14.4836],[76.8843,14.4771],[76.868,14.4741],[76.8556,14.5096],[76.8355,14.5213],[76.831,14.5304],[76.8235,14.5269],[76.8063,14.5311],[76.8028,14.5422],[76.7914,14.5547],[76.7819,14.5965],[76.7803,14.5931],[76.765,14.6022],[76.7753,14.681],[76.7862,14.6958],[76.7865,14.7085],[76.803,14.7419],[76.7896,14.7601],[76.7827,14.786],[76.8177,14.7876],[76.8191,14.7931],[76.8368,14.7908],[76.8374,14.8106],[76.854,14.8095],[76.8546,14.8181],[76.846,14.8221],[76.8455,14.8341],[76.8418,14.8366],[76.8541,14.8433],[76.8572,14.8691],[76.8539,14.8692],[76.8525,14.887],[76.8455,14.8893],[76.8474,14.896],[76.8639,14.8956],[76.8696,14.9377],[76.8675,14.9699],[76.842,14.9664],[76.8341,14.9565],[76.8285,14.9565],[76.8183,14.9695],[76.7963,14.9692],[76.7666,14.9756],[76.7606,14.9899],[76.7751,14.9931],[76.7788,15.0046],[76.7871,15.008],[76.7902,15.0207],[76.7736,15.0592],[76.7753,15.0723],[76.7799,15.0761],[76.7767,15.0784],[76.7822,15.0774],[76.7861,15.0878],[76.7924,15.0876],[76.8003,15.0959],[76.8238,15.08],[76.836,15.0793],[76.8609,15.0598],[76.8659,15.0597],[76.8772,15.0302],[76.895,15.0371],[76.9072,15.0325],[76.9184,15.0356],[76.9222,15.0313],[76.9496,15.0304],[76.9659,15.0181],[76.9852,15.0152],[76.9861,15.0265],[77.0041,15.0339],[77.0496,15.0331],[77.0505,15.0245],[77.0441,15.0099],[77.069,15.0048],[77.0825,15.0061],[77.0848,15.0307],[77.0909,15.0294],[77.0937,15.0362],[77.113,15.0341],[77.1282,15.0723],[77.1301,15.1008],[77.1421,15.1046],[77.1564,15.123],[77.1573,15.1405],[77.1378,15.1436],[77.1354,15.1498],[77.1408,15.1586],[77.1629,15.1574],[77.1692,15.1714],[77.162,15.2011],[77.1477,15.2239],[77.1251,15.227],[77.1264,15.2405],[77.1362,15.241],[77.1438,15.2572],[77.1677,15.2585],[77.167,15.2686],[77.1472,15.2729],[77.152,15.2757],[77.1516,15.2925],[77.1184,15.2949],[77.117,15.3258],[77.1126,15.3275],[77.1131,15.3337],[77.0744,15.3259],[77.0638,15.328],[77.0649,15.3436],[77.0448,15.3557],[77.0419,15.3619],[77.0473,15.39],[77.0293,15.4044],[77.0352,15.4232],[77.032,15.4356],[77.0108,15.4488],[76.9973,15.478],[76.9771,15.4898],[76.974,15.4983],[76.9746,15.5105],[77.0148,15.5019],[77.0301,15.5027],[77.0313,15.5441],[77.0263,15.5818],[77.0329,15.605],[77.0305,15.6345],[77.0718,15.6467],[77.0832,15.6592],[77.1014,15.6485],[77.1063,15.6375],[77.1215,15.6311],[77.1289,15.6659],[77.1202,15.6676],[77.1214,15.6711],[77.1093,15.6815],[77.0787,15.6952],[77.0874,15.7155],[77.0789,15.7163],[77.0797,15.7275],[77.0491,15.7303],[77.0494,15.7401],[77.046,15.7404],[77.048,15.7562],[77.0543,15.7562],[77.0565,15.7628],[77.0511,15.7645],[77.0523,15.7699],[77.057,15.7687],[77.061,15.7863],[77.0672,15.7878],[77.0672,15.8027],[77.0638,15.8032],[77.0655,15.8274],[77.0426,15.8289],[77.0407,15.8328],[77.0359,15.8296],[77.0252,15.8375],[77.0337,15.8589],[77.0559,15.8816],[77.0711,15.9088],[77.0846,15.9187],[77.1057,15.93],[77.1374,15.9382],[77.1523,15.9491],[77.1741,15.9508],[77.1853,15.9568],[77.2355,15.9572],[77.2489,15.9646],[77.2847,15.9538],[77.3011,15.958],[77.3241,15.9502],[77.3613,15.9494],[77.3801,15.9398],[77.3977,15.9445],[77.4163,15.9424],[77.4296,15.9491],[77.466,15.9345],[77.4988,15.9332],[77.5135,15.9268],[77.5198,15.9669],[77.5096,15.9804],[77.5141,16.0081],[77.5044,16.0114],[77.494,16.037],[77.4995,16.0537],[77.4965,16.0551],[77.4995,16.061],[77.5026,16.0588],[77.5069,16.0797],[77.4937,16.0864],[77.501,16.1062],[77.5133,16.108],[77.5003,16.1206],[77.4898,16.1196],[77.4907,16.1596],[77.4862,16.163],[77.4914,16.1846],[77.4995,16.1986],[77.5012,16.2217],[77.515,16.222],[77.5157,16.2278],[77.5132,16.2309],[77.4924,16.2293],[77.4901,16.2552],[77.5024,16.2631],[77.5048,16.2758],[77.5219,16.278],[77.5369,16.2668],[77.5451,16.2917],[77.5632,16.3017],[77.5689,16.3036],[77.582,16.2914],[77.5977,16.2928],[77.592,16.3022],[77.5954,16.3181],[77.5881,16.3334],[77.5954,16.3422],[77.5727,16.341],[77.5388,16.3582],[77.5234,16.3759],[77.5144,16.375],[77.4897,16.385],[77.441,16.3808],[77.421,16.3662],[77.4017,16.3713],[77.3781,16.3856],[77.3491,16.3839],[77.3335,16.3954],[77.314,16.398],[77.288,16.4087],[77.269,16.4305],[77.2621,16.4519],[77.2359,16.4727],[77.2457,16.4774],[77.265,16.4725],[77.294,16.4767],[77.2987,16.4962],[77.3203,16.4922],[77.3296,16.4859],[77.3515,16.4911],[77.369,16.4887],[77.3701,16.5046],[77.3778,16.5137],[77.4022,16.5215],[77.4169,16.5173],[77.4192,16.5224],[77.4191,16.5489],[77.4038,16.5512],[77.3975,16.5648],[77.3927,16.564],[77.3929,16.57],[77.4238,16.5689],[77.4397,16.5872],[77.4623,16.5855],[77.4623,16.5977],[77.4674,16.5989],[77.4678,16.6098],[77.4582,16.6107],[77.4537,16.6168],[77.4761,16.6501],[77.4624,16.6543],[77.4447,16.6392],[77.4344,16.6414],[77.4386,16.6453],[77.4298,16.6562],[77.419,16.6585],[77.4189,16.6686],[77.4426,16.6699],[77.4478,16.6793],[77.4639,16.6763],[77.4698,16.687],[77.4741,16.7166],[77.4638,16.7192],[77.4578,16.716],[77.4472,16.7207],[77.4385,16.7117],[77.4328,16.7173],[77.4277,16.7166],[77.4261,16.7229],[77.431,16.7231],[77.427,16.7289],[77.4432,16.7625],[77.4379,16.7747],[77.4395,16.7891],[77.4672,16.7805],[77.4745,16.7813],[77.4765,16.7884],[77.4734,16.7892],[77.4743,16.8023],[77.4657,16.8059],[77.4633,16.8222],[77.4571,16.8302],[77.4641,16.8506],[77.4604,16.8848],[77.4559,16.8853],[77.458,16.9095],[77.4541,16.9139],[77.4592,16.9173],[77.4666,16.9151],[77.4695,16.9192],[77.4694,16.9281],[77.4642,16.9299],[77.4683,16.9396],[77.4653,16.9566],[77.4722,16.9572],[77.4814,16.9704],[77.4796,16.996],[77.4866,17.0032],[77.5022,17.0094],[77.5026,17.0141],[77.495,17.0271],[77.4967,17.0427],[77.4881,17.0472],[77.4899,17.0505],[77.48,17.0688],[77.481,17.0792],[77.4673,17.0863],[77.4629,17.0941],[77.4637,17.11],[77.4592,17.1091],[77.4458,17.118],[77.436,17.115],[77.4067,17.1245],[77.4039,17.1329],[77.378,17.1399],[77.3782,17.1527],[77.3669,17.1544],[77.3638,17.1588],[77.3627,17.1645],[77.3719,17.1811],[77.3723,17.1956],[77.3818,17.1977],[77.3939,17.1944],[77.3965,17.2075],[77.4038,17.2099],[77.402,17.2141],[77.3888,17.2153],[77.3802,17.2225],[77.4083,17.2412],[77.4205,17.2376],[77.4264,17.2565],[77.4586,17.279],[77.4549,17.2872],[77.438,17.2919],[77.4561,17.3312],[77.4571,17.3474],[77.4511,17.3594],[77.4536,17.374],[77.4791,17.3707],[77.4745,17.3615],[77.4839,17.355],[77.4882,17.3587],[77.5158,17.3604],[77.5298,17.3707],[77.5332,17.3805],[77.5263,17.3819],[77.5243,17.388],[77.5379,17.4061],[77.5142,17.4142],[77.513,17.4309],[77.5373,17.4438],[77.5759,17.4307],[77.5762,17.4562],[77.603,17.4442],[77.6143,17.446],[77.6153,17.4729],[77.6383,17.4735],[77.6448,17.4776],[77.6479,17.4961],[77.6572,17.5066],[77.6524,17.4827],[77.6891,17.4767],[77.688,17.4894],[77.6926,17.4989],[77.6888,17.5109],[77.6755,17.5086],[77.6687,17.5116],[77.662,17.5228],[77.628,17.5236],[77.6121,17.5348],[77.5969,17.5343],[77.5938,17.5645],[77.5891,17.5647],[77.5881,17.56],[77.5506,17.5517],[77.5375,17.5754],[77.5284,17.5754],[77.5069,17.5423],[77.5001,17.5467],[77.5005,17.5562],[77.4941,17.5684],[77.4781,17.5668],[77.4619,17.5808],[77.4432,17.584],[77.4448,17.6094],[77.4488,17.6093],[77.4558,17.6325],[77.4483,17.6511],[77.4549,17.6745],[77.4525,17.6947],[77.4675,17.703],[77.4842,17.7056],[77.4849,17.7091],[77.4923,17.7081],[77.4971,17.7155],[77.5092,17.7163],[77.5221,17.726],[77.546,17.7268],[77.5487,17.7358],[77.5567,17.7374],[77.5686,17.7489],[77.5692,17.7665],[77.5549,17.764],[77.5376,17.7799],[77.5344,17.7776],[77.5066,17.786],[77.515,17.8054],[77.5291,17.8129],[77.5283,17.8279],[77.5467,17.8285],[77.549,17.8194],[77.5541,17.8201],[77.5607,17.8386],[77.5675,17.8454],[77.5649,17.8512],[77.5694,17.8516],[77.57,17.8676],[77.5764,17.8754],[77.5991,17.8731],[77.6004,17.8806],[77.586,17.8938],[77.5861,17.9078],[77.6191,17.9041],[77.622,17.9296],[77.6187,17.9395],[77.623,17.9455],[77.6326,17.9467],[77.6329,17.9558],[77.6246,17.9596],[77.6331,17.9674],[77.6373,17.9523],[77.6495,17.95],[77.6496,17.9591],[77.6558,17.9683],[77.6483,17.9803],[77.6521,17.9939],[77.649,17.9989],[77.6278,17.9968],[77.6197,18.0065],[77.6075,18.0099],[77.606,18.0202],[77.5896,18.0117],[77.5806,18.0316],[77.5538,18.0358],[77.5484,18.0652],[77.5575,18.0637],[77.566,18.0767],[77.597,18.0868],[77.6011,18.1031],[77.5946,18.1314],[77.5969,18.1559],[77.5814,18.1623],[77.5707,18.1922],[77.5635,18.1961],[77.5656,18.2042],[77.5749,18.2016],[77.5854,18.2198],[77.5718,18.244],[77.582,18.2596],[77.5945,18.2648],[77.6055,18.2813],[77.5819,18.2854],[77.5726,18.2933],[77.5622,18.2848],[77.536,18.2968],[77.5238,18.3082],[77.5127,18.3096],[77.5089,18.3043],[77.5116,18.282],[77.4987,18.2767],[77.4927,18.2672],[77.4814,18.2724],[77.4758,18.2647],[77.4651,18.2625],[77.4476,18.27],[77.4459,18.2838],[77.4404,18.2826],[77.4366,18.2932],[77.4377,18.3103],[77.4284,18.3124],[77.409,18.3015],[77.3852,18.3093],[77.3658,18.3071],[77.3568,18.3202],[77.3717,18.3252],[77.3757,18.332],[77.381,18.331],[77.3825,18.3422],[77.395,18.3415],[77.3944,18.3474],[77.4002,18.3474],[77.3949,18.3684],[77.4099,18.3774],[77.4141,18.3931],[77.4002,18.402],[77.3729,18.4011],[77.3684,18.4125],[77.3707,18.4188],[77.3673,18.4187],[77.3622,18.4299],[77.3657,18.4516],[77.3535,18.4477],[77.3453,18.4336],[77.3357,18.4423],[77.3361,18.4501],[77.327,18.4517],[77.3265,18.4588]]]},"properties":{"STNAME":"KARNATAKA","STCODE11":"29","STNAME_SH":"Karnataka","Shape_Length":4583107.838506888,"Shape_Area":206392433738.64615,"OBJECTID_1":10,"OBJECTID":10,"State_LGD":29,"Shape_Leng":4583107.83851,"MaxSimpTol":300,"MinSimpTol":300}},{"type":"Feature","id":11,"geometry":{"type":"Polygon","coordinates":[[[94.5964,25.683],[94.5718,25.6918],[94.5605,25.6831],[94.5633,25.6747],[94.5563,25.6723],[94.5435,25.65],[94.5393,25.6506],[94.534,25.6419],[94.5293,25.6425],[94.5293,25.6373],[94.5207,25.6388],[94.5182,25.6297],[94.5069,25.6239],[94.5052,25.6136],[94.4954,25.6131],[94.4925,25.6085],[94.4871,25.6142],[94.4688,25.6141],[94.4452,25.5968],[94.4452,25.5916],[94.438,25.5925],[94.425,25.5865],[94.4191,25.5699],[94.4225,25.5533],[94.4166,25.5366],[94.4107,25.5384],[94.3853,25.5325],[94.3551,25.5122],[94.3216,25.5029],[94.2846,25.5079],[94.274,25.4995],[94.2552,25.5006],[94.2498,25.4943],[94.24,25.4959],[94.2186,25.4916],[94.2084,25.496],[94.2086,25.5038],[94.2005,25.5151],[94.1866,25.524],[94.192,25.5487],[94.1781,25.5506],[94.1768,25.5466],[94.1649,25.5413],[94.1562,25.5511],[94.1404,25.5194],[94.1081,25.5219],[94.1035,25.5263],[94.0846,25.5304],[94.0942,25.5373],[94.0848,25.5547],[94.0757,25.5583],[94.0673,25.5523],[94.0481,25.5756],[94.043,25.5767],[94.0382,25.5701],[94.0368,25.579],[94.0298,25.5773],[94.0217,25.5902],[94.0128,25.5926],[94.0023,25.5864],[94.0107,25.5736],[94.0073,25.5672],[93.9831,25.5683],[93.9604,25.5507],[93.9395,25.5583],[93.8887,25.5651],[93.8614,25.5532],[93.8414,25.5561],[93.8344,25.5606],[93.8276,25.5527],[93.821,25.5532],[93.8165,25.5403],[93.8048,25.5415],[93.7799,25.5337],[93.7703,25.5337],[93.7649,25.5385],[93.7664,25.5182],[93.7615,25.5169],[93.758,25.5077],[93.7613,25.4958],[93.7665,25.4935],[93.7875,25.5032],[93.8002,25.4968],[93.81,25.4838],[93.805,25.4633],[93.7865,25.4461],[93.7833,25.4331],[93.7727,25.4262],[93.7741,25.4197],[93.768,25.42],[93.7422,25.404],[93.7347,25.3943],[93.7359,25.3852],[93.7158,25.3718],[93.7093,25.3572],[93.6968,25.3561],[93.6866,25.3601],[93.6872,25.3456],[93.6829,25.3412],[93.6816,25.3289],[93.6647,25.3257],[93.6676,25.3108],[93.6582,25.304],[93.6605,25.2988],[93.6449,25.276],[93.646,25.2664],[93.6372,25.2637],[93.6227,25.2314],[93.6089,25.2131],[93.6109,25.2049],[93.6052,25.199],[93.5984,25.2018],[93.5954,25.1986],[93.5933,25.2035],[93.5879,25.2011],[93.5914,25.2081],[93.5841,25.2218],[93.5691,25.2263],[93.5628,25.241],[93.556,25.246],[93.5438,25.2479],[93.5351,25.2436],[93.521,25.2474],[93.5013,25.2424],[93.5062,25.2693],[93.4898,25.2748],[93.4812,25.2699],[93.472,25.2713],[93.472,25.3035],[93.4539,25.3249],[93.4704,25.3052],[93.4553,25.2936],[93.4274,25.2833],[93.4204,25.2776],[93.4158,25.2644],[93.4011,25.2607],[93.381,25.2397],[93.3845,25.2315],[93.3817,25.223],[93.3755,25.2202],[93.3737,25.2119],[93.3688,25.2111],[93.3655,25.1982],[93.3566,25.192],[93.3458,25.1699],[93.3474,25.1389],[93.3423,25.1376],[93.3452,25.1304],[93.3417,25.1265],[93.3452,25.1236],[93.3411,25.1232],[93.3412,25.1137],[93.3366,25.1117],[93.3321,25.0933],[93.3218,25.0909],[93.306,25.0717],[93.3023,25.0634],[93.3055,25.0575],[93.3007,25.056],[93.2999,25.0461],[93.2987,25.052],[93.2936,25.0464],[93.2913,25.0487],[93.2834,25.0451],[93.28,25.0511],[93.2641,25.0495],[93.2622,25.046],[93.266,25.0439],[93.2595,25.0413],[93.2598,25.0351],[93.2513,25.0272],[93.2538,25.0207],[93.2438,25.0184],[93.2476,25.015],[93.2417,25.004],[93.2443,24.9982],[93.2488,24.999],[93.2504,25.0044],[93.2522,25.001],[93.2569,25.0048],[93.2597,25.0017],[93.2527,24.999],[93.2569,24.9962],[93.2491,24.9776],[93.2519,24.9772],[93.2495,24.9732],[93.2608,24.9716],[93.2629,24.9614],[93.2453,24.9509],[93.2512,24.9407],[93.2367,24.9373],[93.237,24.9326],[93.245,24.9355],[93.2384,24.9258],[93.2459,24.9253],[93.2487,24.9149],[93.244,24.9107],[93.2351,24.9115],[93.2407,24.9035],[93.2384,24.8988],[93.2295,24.8979],[93.232,24.892],[93.2259,24.892],[93.2327,24.8848],[93.2214,24.8816],[93.2263,24.8729],[93.2203,24.8736],[93.2214,24.8696],[93.204,24.8512],[93.1995,24.8552],[93.1947,24.854],[93.2012,24.8486],[93.2014,24.8422],[93.1922,24.8429],[93.196,24.8368],[93.2005,24.8381],[93.1977,24.8343],[93.1915,24.8345],[93.1958,24.831],[93.19,24.8187],[93.1969,24.8115],[93.191,24.8041],[93.1798,24.8032],[93.176,24.794],[93.1706,24.802],[93.1494,24.7875],[93.1511,24.7948],[93.1416,24.7974],[93.1346,24.8082],[93.1385,24.8101],[93.1347,24.8107],[93.1317,24.8053],[93.1269,24.8089],[93.1188,24.8078],[93.1213,24.8193],[93.1093,24.8116],[93.1113,24.8007],[93.1047,24.7914],[93.1051,24.7812],[93.1004,24.7795],[93.1035,24.7673],[93.0981,24.7545],[93.0998,24.7433],[93.1026,24.7469],[93.1077,24.7415],[93.097,24.7321],[93.0958,24.7243],[93.0906,24.7252],[93.0931,24.719],[93.0865,24.7096],[93.0773,24.7131],[93.0734,24.7079],[93.0912,24.6881],[93.09,24.6773],[93.1018,24.6808],[93.1041,24.6743],[93.0964,24.6644],[93.0953,24.6529],[93.0831,24.6499],[93.0872,24.6298],[93.0786,24.629],[93.0756,24.6246],[93.0841,24.6137],[93.071,24.6007],[93.0802,24.5902],[93.0935,24.5918],[93.1043,24.5825],[93.0931,24.5816],[93.0843,24.5712],[93.0756,24.5752],[93.0582,24.5742],[93.0707,24.5582],[93.0645,24.5469],[93.0569,24.5545],[93.0499,24.5443],[93.0471,24.5287],[93.05,24.5195],[93.0386,24.513],[93.0371,24.5095],[93.0427,24.5049],[93.0325,24.4954],[93.0463,24.4737],[93.0455,24.4634],[93.0356,24.4599],[93.0328,24.4289],[93.043,24.4166],[93.0398,24.4119],[93.0245,24.4069],[93.0161,24.4088],[93.0139,24.4171],[93.0087,24.4118],[93.0091,24.4066],[93.0249,24.3914],[93.0184,24.3835],[93.0215,24.3733],[93.0177,24.3499],[93.0403,24.3414],[93.0231,24.3022],[93.0068,24.2826],[93.0122,24.271],[93.0042,24.2576],[93.0093,24.2434],[93.024,24.2338],[93.016,24.2248],[93.0219,24.2179],[93.0149,24.2],[92.9992,24.1963],[93.0077,24.1821],[93.0031,24.1738],[93.006,24.1618],[92.9883,24.1494],[92.9906,24.1371],[92.9835,24.1255],[92.9749,24.1255],[92.971,24.1211],[92.9728,24.1126],[92.991,24.1156],[93.0096,24.1068],[93.0128,24.1014],[93.0269,24.1008],[93.0467,24.09],[93.0606,24.0919],[93.0784,24.1018],[93.0877,24.0814],[93.0976,24.0731],[93.0994,24.0432],[93.1038,24.0497],[93.126,24.0622],[93.1405,24.0879],[93.151,24.084],[93.1612,24.0733],[93.1659,24.0737],[93.1628,24.0599],[93.1675,24.0514],[93.1874,24.0538],[93.2097,24.0482],[93.2204,24.0613],[93.2203,24.0834],[93.2503,24.0802],[93.261,24.0702],[93.2631,24.0583],[93.2508,24.033],[93.2552,24.028],[93.2531,24.0213],[93.2822,24.043],[93.2864,24.0526],[93.2938,24.0489],[93.3177,24.0532],[93.3262,24.0485],[93.3384,24.0618],[93.3343,24.0745],[93.3307,24.0732],[93.3284,24.0773],[93.3309,24.0855],[93.3364,24.0906],[93.3451,24.0915],[93.3474,24.0876],[93.3541,24.0909],[93.3428,24.0974],[93.3425,24.1029],[93.3488,24.1049],[93.3484,24.0991],[93.3544,24.099],[93.3584,24.0911],[93.3723,24.0909],[93.3898,24.0828],[93.4012,24.084],[93.4216,24.0641],[93.429,24.0332],[93.4379,24.0169],[93.453,24.0132],[93.4527,23.9996],[93.4609,23.9987],[93.4634,23.994],[93.4605,23.9807],[93.4634,23.9736],[93.4896,23.9515],[93.4959,23.9532],[93.5055,23.9424],[93.515,23.9428],[93.525,23.9561],[93.5302,23.9543],[93.5398,23.961],[93.5503,23.9595],[93.5595,23.982],[93.5709,23.9776],[93.5736,23.967],[93.5853,23.9602],[93.5919,23.9607],[93.5992,23.9726],[93.6085,23.9719],[93.612,23.9972],[93.6167,24.0071],[93.6238,24.0114],[93.6524,24.0097],[93.6564,24.002],[93.6904,24.0091],[93.7233,23.9975],[93.7401,24.0026],[93.7412,23.9972],[93.7448,24.0036],[93.7543,24.0055],[93.7615,23.9996],[93.772,23.969],[93.7853,23.9615],[93.7979,23.9473],[93.7995,23.9327],[93.8078,23.9268],[93.8196,23.9236],[93.8399,23.9323],[93.8591,23.9321],[93.8719,23.9413],[93.8828,23.9417],[93.8934,23.9529],[93.9441,23.9463],[93.9604,23.9284],[93.9752,23.9247],[93.9803,23.9289],[93.9887,23.9286],[93.9982,23.9218],[94.0167,23.9269],[94.0252,23.9156],[94.0405,23.9107],[94.0412,23.9007],[94.049,23.8872],[94.0681,23.89],[94.0817,23.8821],[94.086,23.8874],[94.0961,23.8892],[94.0982,23.8831],[94.1025,23.8833],[94.0993,23.8806],[94.1049,23.8754],[94.1031,23.8701],[94.1131,23.863],[94.1094,23.8548],[94.1161,23.8524],[94.1107,23.8493],[94.1135,23.8433],[94.1171,23.8438],[94.1171,23.838],[94.1261,23.8335],[94.1439,23.8358],[94.1448,23.8498],[94.1566,23.8482],[94.1697,23.9284],[94.1769,23.9259],[94.1898,23.9336],[94.1884,23.9597],[94.2373,24.0354],[94.2278,24.0569],[94.2296,24.0597],[94.2393,24.0529],[94.2545,24.0825],[94.2516,24.1264],[94.2597,24.1653],[94.2764,24.1734],[94.2915,24.233],[94.3066,24.2414],[94.3216,24.2763],[94.3217,24.3289],[94.3505,24.3351],[94.3785,24.3797],[94.361,24.3945],[94.3948,24.4095],[94.4083,24.4399],[94.3968,24.4546],[94.3983,24.4823],[94.426,24.4817],[94.4545,24.566],[94.473,24.5714],[94.4966,24.5904],[94.5256,24.6263],[94.5449,24.6688],[94.5472,24.6867],[94.5408,24.7014],[94.5452,24.7105],[94.5567,24.7122],[94.5648,24.7054],[94.5708,24.7059],[94.5676,24.7159],[94.5759,24.7252],[94.58,24.7239],[94.5787,24.7087],[94.5852,24.7047],[94.605,24.7159],[94.6119,24.7378],[94.6289,24.7582],[94.6179,24.7806],[94.6296,24.8054],[94.6318,24.8396],[94.6499,24.8552],[94.6483,24.8608],[94.6569,24.8713],[94.6732,24.8754],[94.6809,24.8864],[94.6876,24.8893],[94.7018,24.9296],[94.7102,24.929],[94.7136,24.935],[94.6966,24.9602],[94.6963,24.9683],[94.7071,24.9871],[94.727,25.0],[94.7275,25.01],[94.7441,25.037],[94.7446,25.0601],[94.7377,25.0656],[94.7447,25.0801],[94.74,25.0922],[94.7411,25.1036],[94.7363,25.1101],[94.7409,25.1266],[94.7365,25.1351],[94.7146,25.1381],[94.7024,25.1455],[94.6975,25.1549],[94.6895,25.1576],[94.6801,25.1489],[94.6642,25.1628],[94.6483,25.1683],[94.6401,25.1661],[94.62,25.1868],[94.606,25.1814],[94.6033,25.1868],[94.5921,25.1923],[94.5889,25.2032],[94.5756,25.2139],[94.5858,25.2291],[94.5895,25.2554],[94.5851,25.2668],[94.6062,25.3065],[94.6074,25.3161],[94.6187,25.3298],[94.6224,25.3458],[94.6344,25.3557],[94.6347,25.3952],[94.6491,25.4058],[94.6603,25.4057],[94.6731,25.4244],[94.6712,25.4423],[94.6755,25.4456],[94.6557,25.4497],[94.6459,25.4569],[94.6373,25.4558],[94.616,25.4625],[94.5768,25.4957],[94.5539,25.5026],[94.5532,25.5103],[94.5601,25.5214],[94.5545,25.5285],[94.5619,25.5337],[94.5578,25.5393],[94.5666,25.548],[94.5559,25.5547],[94.5643,25.5634],[94.5584,25.5658],[94.561,25.5731],[94.5509,25.5795],[94.5583,25.5831],[94.5596,25.5978],[94.5662,25.5972],[94.5652,25.6032],[94.5719,25.6053],[94.5758,25.6234],[94.5836,25.6342],[94.5934,25.6356],[94.5891,25.6403],[94.5734,25.6375],[94.5721,25.6412],[94.5759,25.6437],[94.5734,25.6478],[94.5801,25.6505],[94.576,25.6553],[94.5836,25.6563],[94.5784,25.6617],[94.5864,25.6638],[94.5804,25.6688],[94.5851,25.6703],[94.5897,25.6815],[94.5964,25.683]]]},"properties":{"STNAME":"MANIPUR","STCODE11":"14","STNAME_SH":"Manipur","Shape_Length":996284.3893458324,"Shape_Area":27180700632.99105,"OBJECTID_1":11,"OBJECTID":11,"State_LGD":14,"Shape_Leng":996284.389346,"MaxSimpTol":300,"MinSimpTol":300}},{"type":"Feature","id":12,"geometry":{"type":"Polygon","coordinates":[[[91.8657,26.1005],[91.8253,26.1195],[91.809,26.0979],[91.8055,26.0992],[91.8029,26.0954],[91.8003,26.1001],[91.7913,26.0853],[91.7858,26.0841],[91.7772,26.0894],[91.7627,26.0724],[91.731,26.059],[91.7368,26.0563],[91.7336,26.0493],[91.7253,26.0463],[91.723,26.0352],[91.72,25.9537],[91.7134,25.9441],[91.7023,25.9414],[91.688,25.9203],[91.6788,25.9163],[91.6705,25.9042],[91.6633,25.9079],[91.6514,25.9064],[91.6364,25.9214],[91.6094,25.9375],[91.6118,25.9451],[91.6297,25.9433],[91.6343,25.9606],[91.6406,25.9639],[91.6282,25.9762],[91.626,25.9868],[91.6302,25.9902],[91.6281,26.0008],[91.6348,26.0122],[91.631,26.0221],[91.6195,26.0261],[91.5975,26.0182],[91.5886,26.0297],[91.5798,26.0333],[91.5707,26.0258],[91.5721,26.0155],[91.5636,26.0076],[91.565,26.0021],[91.5605,26.001],[91.5516,25.9851],[91.5512,25.9767],[91.5383,25.9715],[91.5355,25.9624],[91.518,25.9598],[91.5197,25.94],[91.5151,25.9413],[91.5137,25.933],[91.5028,25.9266],[91.5046,25.9115],[91.5365,25.9359],[91.5369,25.9313],[91.5048,25.9079],[91.4987,25.8961],[91.5038,25.8913],[91.4918,25.8959],[91.4839,25.8931],[91.4783,25.8876],[91.4747,25.8741],[91.4749,25.8703],[91.4816,25.8679],[91.5131,25.8658],[91.5212,25.8752],[91.5265,25.8912],[91.5351,25.884],[91.5304,25.8817],[91.5304,25.8713],[91.5223,25.8729],[91.5136,25.8641],[91.4973,25.8612],[91.4836,25.8643],[91.4778,25.8574],[91.463,25.8571],[91.4451,25.8398],[91.4224,25.8546],[91.3728,25.8468],[91.3658,25.8401],[91.3466,25.8401],[91.344,25.8372],[91.3353,25.8406],[91.3342,25.8332],[91.3222,25.8216],[91.2886,25.7656],[91.2745,25.7505],[91.2224,25.7227],[91.21,25.7256],[91.1904,25.7479],[91.1892,25.764],[91.1782,25.7774],[91.1904,25.8115],[91.1862,25.8185],[91.2036,25.8433],[91.1975,25.8496],[91.1958,25.8615],[91.1802,25.8441],[91.1475,25.8506],[91.136,25.8427],[91.1294,25.8427],[91.1203,25.833],[91.0771,25.829],[91.0621,25.8209],[91.0488,25.8294],[91.0577,25.8319],[91.0593,25.8368],[91.0718,25.8389],[91.0784,25.8528],[91.0671,25.8467],[91.0482,25.8493],[91.0224,25.8239],[91.0059,25.8205],[91.0013,25.8252],[91.0152,25.8485],[91.014,25.857],[91.0278,25.8694],[91.0305,25.8859],[91.0252,25.8889],[91.0105,25.8843],[90.976,25.8898],[90.9688,25.8853],[90.9666,25.9142],[90.957,25.9351],[90.9461,25.9411],[90.9474,25.9482],[90.9399,25.9474],[90.9338,25.9399],[90.9173,25.9445],[90.9142,25.9258],[90.9194,25.9153],[90.9168,25.9142],[90.9052,25.929],[90.8944,25.9313],[90.8974,25.9376],[90.89,25.9382],[90.8845,25.9504],[90.8804,25.9506],[90.881,25.9429],[90.8766,25.9495],[90.8716,25.9477],[90.8748,25.9426],[90.8443,25.9461],[90.8354,25.9367],[90.8361,25.9485],[90.8328,25.946],[90.8258,25.9488],[90.8243,25.9455],[90.809,25.9525],[90.8091,25.9475],[90.7963,25.9406],[90.7844,25.9252],[90.7811,25.9114],[90.7663,25.9077],[90.7566,25.9111],[90.7605,25.922],[90.7452,25.9119],[90.7389,25.9163],[90.7477,25.919],[90.7469,25.9249],[90.7541,25.9295],[90.7527,25.9344],[90.7466,25.9282],[90.7403,25.9395],[90.7477,25.9484],[90.748,25.9568],[90.7444,25.9552],[90.7428,25.9581],[90.7244,25.9469],[90.7175,25.955],[90.7138,25.9518],[90.6883,25.949],[90.6726,25.9347],[90.6316,25.9199],[90.6261,25.9134],[90.6307,25.9064],[90.6218,25.8979],[90.6135,25.8994],[90.6062,25.9167],[90.6241,25.9393],[90.6048,25.9472],[90.5996,25.9552],[90.5878,25.9582],[90.5797,25.9514],[90.5767,25.9368],[90.5524,25.9228],[90.5437,25.9237],[90.5491,25.9155],[90.5381,25.9138],[90.5149,25.8962],[90.5085,25.9016],[90.5206,25.9261],[90.5341,25.9391],[90.5349,25.9497],[90.5025,25.9916],[90.4761,26.0097],[90.4251,25.9889],[90.4168,25.9916],[90.4154,25.9989],[90.3997,26.0126],[90.3721,26.0114],[90.3497,26.0042],[90.3403,25.9884],[90.3315,25.9877],[90.3247,25.9735],[90.2705,25.9604],[90.2114,25.9527],[90.2099,25.9598],[90.2028,25.961],[90.1924,25.9553],[90.1868,25.9442],[90.1769,25.959],[90.1584,25.9572],[90.151,25.9668],[90.1405,25.9574],[90.1317,25.9588],[90.1197,25.9542],[90.1205,25.9579],[90.1162,25.957],[90.1075,25.9492],[90.1066,25.9424],[90.101,25.9433],[90.0979,25.9375],[90.0921,25.9382],[90.094,25.9279],[90.0854,25.9256],[90.0862,25.9196],[90.0758,25.915],[90.0705,25.9185],[90.067,25.9131],[90.0605,25.9136],[90.0624,25.9103],[90.0555,25.9058],[90.0554,25.9007],[90.0476,25.8999],[90.0413,25.8942],[90.0424,25.8878],[90.0336,25.8945],[90.0252,25.8958],[90.0056,25.8786],[90.0228,25.8701],[90.0223,25.8602],[90.0091,25.8459],[90.0006,25.8463],[89.9989,25.8429],[90.0035,25.8393],[89.9814,25.8356],[89.9777,25.828],[89.971,25.8265],[89.9639,25.8331],[89.9676,25.8226],[89.9619,25.8203],[89.9541,25.8214],[89.9576,25.8292],[89.9482,25.8256],[89.9485,25.8152],[89.9558,25.8113],[89.9545,25.804],[89.9584,25.8014],[89.9543,25.7881],[89.9593,25.78],[89.9553,25.7779],[89.9547,25.7673],[89.942,25.7559],[89.9352,25.7546],[89.9375,25.7455],[89.926,25.7385],[89.8996,25.7472],[89.8947,25.7451],[89.8991,25.7265],[89.9186,25.7052],[89.9235,25.6946],[89.9362,25.6898],[89.9444,25.6793],[89.9429,25.6723],[89.9474,25.6711],[89.9504,25.6557],[89.9791,25.6389],[89.9831,25.6269],[89.9988,25.6225],[90.0041,25.6268],[90.0069,25.6234],[90.0041,25.6203],[90.0202,25.6076],[90.0168,25.602],[90.0109,25.6016],[90.0029,25.5855],[89.9834,25.5913],[89.9721,25.5736],[89.9604,25.5745],[89.9368,25.5645],[89.8986,25.5606],[89.8783,25.5504],[89.8749,25.5438],[89.8788,25.5378],[89.868,25.53],[89.8679,25.5243],[89.8733,25.517],[89.8834,25.5192],[89.8806,25.5168],[89.8859,25.508],[89.8728,25.5075],[89.8766,25.4956],[89.8716,25.4774],[89.8544,25.4674],[89.8342,25.4349],[89.8261,25.4038],[89.8158,25.3886],[89.814,25.3699],[89.8203,25.3475],[89.8401,25.3185],[89.8349,25.296],[89.8746,25.2873],[89.9081,25.3078],[89.9293,25.2996],[89.9722,25.301],[89.9809,25.2853],[90.0096,25.2719],[90.0599,25.256],[90.0779,25.2403],[90.0941,25.238],[90.1124,25.2242],[90.1692,25.2217],[90.2145,25.2032],[90.2336,25.2038],[90.2603,25.1955],[90.2754,25.198],[90.2965,25.1882],[90.3317,25.1917],[90.3521,25.1742],[90.3774,25.1618],[90.4094,25.1561],[90.4251,25.1476],[90.4446,25.1438],[90.4528,25.1507],[90.4725,25.1542],[90.5104,25.1685],[90.6363,25.1732],[90.6369,25.1783],[90.6498,25.1815],[90.6551,25.1932],[90.6749,25.1675],[90.6799,25.17],[90.6935,25.1598],[90.7207,25.1648],[90.7373,25.1537],[90.7414,25.1652],[90.7605,25.1652],[90.7801,25.1838],[90.7901,25.1824],[90.8088,25.1674],[90.8195,25.1635],[90.8694,25.1597],[90.8868,25.1665],[90.9085,25.1621],[90.9655,25.1714],[91.0638,25.1922],[91.0815,25.2019],[91.1347,25.193],[91.1588,25.1972],[91.1739,25.1949],[91.1932,25.1998],[91.2521,25.1975],[91.2646,25.2068],[91.2857,25.1973],[91.2915,25.1869],[91.3209,25.185],[91.3267,25.1828],[91.3277,25.1774],[91.3384,25.1737],[91.3453,25.1725],[91.3565,25.1773],[91.3763,25.1672],[91.3881,25.1703],[91.4039,25.1661],[91.4139,25.1725],[91.4393,25.1522],[91.4668,25.1495],[91.4709,25.1361],[91.4775,25.1351],[91.4931,25.1347],[91.5078,25.1451],[91.5475,25.149],[91.5744,25.1635],[91.5796,25.1702],[91.6029,25.1737],[91.6082,25.1723],[91.6015,25.1666],[91.6009,25.147],[91.605,25.1431],[91.6186,25.1466],[91.624,25.1436],[91.6281,25.1308],[91.642,25.1243],[91.6506,25.1309],[91.6608,25.1294],[91.6718,25.1372],[91.6941,25.1404],[91.7048,25.1568],[91.7161,25.1574],[91.744,25.1486],[91.7476,25.1539],[91.7438,25.1671],[91.7466,25.1717],[91.7719,25.1671],[91.8064,25.1694],[91.8411,25.1787],[91.8716,25.1751],[91.9133,25.1828],[91.9471,25.1833],[91.9832,25.1716],[92.0021,25.1876],[92.0108,25.1891],[92.0261,25.1835],[92.0465,25.1823],[92.0621,25.1879],[92.0814,25.1839],[92.1224,25.1659],[92.1345,25.1568],[92.1355,25.1433],[92.1759,25.1233],[92.1897,25.1223],[92.1842,25.1332],[92.1876,25.136],[92.1996,25.1254],[92.2192,25.1217],[92.2247,25.1185],[92.2226,25.1151],[92.2092,25.1117],[92.2293,25.0972],[92.2972,25.0721],[92.3084,25.0719],[92.3236,25.081],[92.3334,25.0825],[92.3409,25.0781],[92.3448,25.0506],[92.3648,25.0495],[92.3696,25.0452],[92.3892,25.042],[92.4016,25.0336],[92.4152,25.0345],[92.4292,25.0292],[92.4321,25.0352],[92.4381,25.0347],[92.4382,25.044],[92.4424,25.0453],[92.4642,25.0375],[92.4623,25.0482],[92.457,25.0468],[92.4569,25.0542],[92.4601,25.0574],[92.4636,25.055],[92.4719,25.0674],[92.4705,25.0765],[92.4753,25.0779],[92.474,25.0821],[92.4793,25.0867],[92.4773,25.1003],[92.4809,25.1087],[92.4969,25.1096],[92.5088,25.1043],[92.5199,25.106],[92.5393,25.0992],[92.523,25.1261],[92.5215,25.1391],[92.5248,25.1353],[92.5553,25.1271],[92.5605,25.1304],[92.588,25.1289],[92.5949,25.1223],[92.6088,25.1227],[92.6213,25.1151],[92.6288,25.1263],[92.6282,25.1382],[92.6386,25.1478],[92.6557,25.1551],[92.6583,25.172],[92.6634,25.1768],[92.6679,25.1742],[92.6771,25.1826],[92.6938,25.1793],[92.7025,25.1885],[92.716,25.1959],[92.7371,25.2006],[92.7428,25.2068],[92.7761,25.1997],[92.786,25.2094],[92.7949,25.2099],[92.8027,25.2171],[92.7819,25.2303],[92.7716,25.2301],[92.7618,25.2466],[92.7664,25.2522],[92.7749,25.2521],[92.7777,25.2583],[92.7685,25.2682],[92.7874,25.2742],[92.7924,25.2827],[92.7812,25.3051],[92.7868,25.3145],[92.7817,25.3333],[92.7698,25.3383],[92.761,25.3336],[92.7498,25.3442],[92.7463,25.3584],[92.7323,25.369],[92.7379,25.3794],[92.7237,25.3789],[92.7179,25.3727],[92.7098,25.3846],[92.6982,25.3864],[92.6927,25.3978],[92.6777,25.4071],[92.6734,25.4141],[92.6674,25.4149],[92.6616,25.4065],[92.6518,25.4193],[92.6535,25.4336],[92.6395,25.4177],[92.6358,25.4274],[92.6256,25.435],[92.6275,25.4221],[92.6185,25.4231],[92.6065,25.4133],[92.6045,25.4477],[92.5975,25.4508],[92.5985,25.4682],[92.5918,25.4705],[92.584,25.4657],[92.5803,25.4722],[92.5687,25.4638],[92.5646,25.4656],[92.5643,25.4737],[92.5736,25.4906],[92.6201,25.5162],[92.6428,25.5349],[92.6453,25.5558],[92.6567,25.5609],[92.6574,25.5699],[92.6614,25.5723],[92.6529,25.591],[92.6416,25.5886],[92.622,25.5653],[92.6018,25.562],[92.5947,25.5517],[92.584,25.5506],[92.5823,25.5577],[92.5724,25.5574],[92.5566,25.5711],[92.5565,25.5966],[92.5521,25.6026],[92.5554,25.6019],[92.5541,25.6149],[92.5391,25.6117],[92.5333,25.615],[92.5163,25.6152],[92.515,25.6184],[92.5055,25.6164],[92.506,25.6215],[92.4971,25.6245],[92.4702,25.6752],[92.4406,25.6917],[92.4378,25.7059],[92.4476,25.7091],[92.4442,25.7198],[92.4329,25.7271],[92.4311,25.7323],[92.4116,25.7301],[92.409,25.7339],[92.4142,25.7416],[92.4065,25.7447],[92.3976,25.7406],[92.3878,25.7442],[92.3817,25.7421],[92.3839,25.7546],[92.3786,25.7485],[92.3737,25.7505],[92.3689,25.7474],[92.3642,25.7375],[92.3532,25.7399],[92.3457,25.7293],[92.3334,25.7242],[92.3169,25.7225],[92.3113,25.728],[92.2929,25.7166],[92.2771,25.7156],[92.2643,25.7092],[92.2473,25.7132],[92.2344,25.7077],[92.2316,25.716],[92.225,25.7162],[92.208,25.6957],[92.1733,25.6742],[92.1701,25.6672],[92.1561,25.6723],[92.1605,25.6842],[92.1547,25.7063],[92.1476,25.7096],[92.1442,25.7169],[92.1481,25.7254],[92.1544,25.7251],[92.1626,25.741],[92.1477,25.773],[92.1526,25.7781],[92.1463,25.7842],[92.151,25.8167],[92.1569,25.8217],[92.1612,25.8207],[92.1619,25.8356],[92.1697,25.839],[92.1725,25.85],[92.1774,25.8516],[92.1772,25.8728],[92.1875,25.8773],[92.1989,25.8891],[92.2149,25.8954],[92.2255,25.9093],[92.2172,25.9116],[92.2022,25.9064],[92.194,25.9118],[92.1944,25.9186],[92.1894,25.9147],[92.186,25.9167],[92.1755,25.9075],[92.1547,25.9111],[92.1608,25.9282],[92.1601,25.9354],[92.1524,25.9397],[92.1524,25.9444],[92.164,25.9579],[92.1641,25.9704],[92.1786,25.9775],[92.1808,25.9851],[92.1985,25.9883],[92.1975,25.9947],[92.2038,26.0013],[92.2091,25.998],[92.2118,26.0046],[92.2338,26.0092],[92.2444,26.0183],[92.2437,26.0216],[92.2634,26.0332],[92.261,26.0417],[92.2689,26.0429],[92.27,26.0476],[92.2639,26.0575],[92.2748,26.0657],[92.2688,26.0683],[92.2415,26.0619],[92.2205,26.0704],[92.1871,26.0667],[92.1873,26.0694],[92.176,26.0703],[92.1787,26.0783],[92.1693,26.0777],[92.1341,26.0525],[92.1325,26.0443],[92.1213,26.044],[92.1087,26.0508],[92.0972,26.0493],[92.0667,26.0352],[92.0514,26.0329],[92.0305,26.0397],[92.0061,26.0387],[92.004,26.0357],[91.989,26.0386],[91.9835,26.0259],[91.9789,26.0276],[91.9731,26.0222],[91.9471,26.0133],[91.9311,26.0125],[91.9282,26.0025],[91.9189,25.9979],[91.9143,25.9989],[91.9141,26.0073],[91.9097,26.0089],[91.9132,26.0095],[91.9097,26.0128],[91.9147,26.0141],[91.9146,26.0206],[91.8887,26.028],[91.883,26.0262],[91.873,26.0389],[91.8747,26.0431],[91.8672,26.0421],[91.8791,26.0981],[91.8657,26.1005]]]},"properties":{"STNAME":"MEGHALAYA","STCODE11":"17","STNAME_SH":"Meghalaya","Shape_Length":1276185.3000769776,"Shape_Area":27649509239.446938,"OBJECTID_1":12,"OBJECTID":12,"State_LGD":17,"Shape_Leng":1276185.30008,"MaxSimpTol":300,"MinSimpTol":300}},{"type":"Feature","id":13,"geometry":{"type":"Polygon","coordinates":[[[92.7966,24.4329],[92.7629,24.5212],[92.7521,24.5063],[92.7507,24.4922],[92.7128,24.4113],[92.7035,24.3755],[92.6927,24.3686],[92.6947,24.3655],[92.6897,24.3537],[92.6837,24.3506],[92.6847,24.3466],[92.6771,24.3503],[92.6688,24.3462],[92.6655,24.3497],[92.6642,24.3462],[92.6613,24.3483],[92.6516,24.3312],[92.6461,24.331],[92.6457,24.3279],[92.6386,24.3285],[92.6403,24.3337],[92.6362,24.3314],[92.6386,24.3345],[92.6356,24.3368],[92.6247,24.3342],[92.6122,24.2536],[92.6059,24.2486],[92.572,24.252],[92.5508,24.2473],[92.547,24.2203],[92.531,24.1852],[92.5341,24.1802],[92.5239,24.1715],[92.5154,24.179],[92.5099,24.1726],[92.5143,24.1696],[92.5068,24.17],[92.5113,24.1655],[92.5032,24.1679],[92.5061,24.1642],[92.5014,24.1605],[92.4836,24.1631],[92.4769,24.1475],[92.4805,24.1455],[92.4786,24.1421],[92.4745,24.1437],[92.4642,24.1363],[92.4566,24.1445],[92.4505,24.1472],[92.449,24.1441],[92.4427,24.1546],[92.4363,24.1531],[92.4356,24.1794],[92.4188,24.1928],[92.4224,24.255],[92.2923,24.2505],[92.2973,24.2316],[92.3103,24.2214],[92.3162,24.2119],[92.3146,24.2065],[92.3214,24.2038],[92.319,24.198],[92.3261,24.197],[92.3218,24.1947],[92.3263,24.1915],[92.3225,24.1881],[92.332,24.1797],[92.3264,24.1778],[92.3238,24.1713],[92.3316,24.1519],[92.3306,24.1398],[92.3245,24.1395],[92.327,24.1171],[92.3242,24.1152],[92.3278,24.112],[92.3225,24.1045],[92.3276,24.1016],[92.3241,24.0794],[92.3192,24.0783],[92.3212,24.0728],[92.3165,24.0701],[92.3198,24.0638],[92.3175,24.0551],[92.3121,24.0522],[92.3163,24.0457],[92.3119,24.0386],[92.3156,24.035],[92.312,24.0325],[92.3197,24.0245],[92.3139,24.0213],[92.3261,23.9979],[92.32,23.9791],[92.3103,23.9724],[92.3079,23.9607],[92.3089,23.9313],[92.3162,23.9282],[92.3192,23.9158],[92.3251,23.9142],[92.3111,23.8802],[92.3149,23.8606],[92.3076,23.857],[92.2896,23.8683],[92.285,23.8673],[92.2686,23.8423],[92.2822,23.8147],[92.257,23.8129],[92.2672,23.7687],[92.2654,23.7251],[92.2727,23.719],[92.2798,23.719],[92.2787,23.7101],[92.2897,23.7016],[92.2917,23.6819],[92.2729,23.6423],[92.2823,23.6382],[92.2771,23.6323],[92.2788,23.6251],[92.281,23.6308],[92.2958,23.6223],[92.288,23.6184],[92.2873,23.5963],[92.2895,23.5987],[92.2966,23.5886],[92.3012,23.5931],[92.3083,23.5784],[92.3065,23.5642],[92.3131,23.5558],[92.3096,23.5554],[92.3064,23.5361],[92.3174,23.5277],[92.313,23.5161],[92.3184,23.5166],[92.3155,23.5131],[92.32,23.5119],[92.3207,23.4964],[92.3176,23.494],[92.3218,23.4914],[92.3159,23.4865],[92.3262,23.4782],[92.3174,23.4713],[92.3312,23.4658],[92.3308,23.4598],[92.3258,23.4584],[92.3299,23.4541],[92.3333,23.456],[92.327,23.4492],[92.3338,23.4288],[92.3352,23.4336],[92.3461,23.4337],[92.3474,23.4134],[92.3569,23.4107],[92.3549,23.4011],[92.3524,23.4052],[92.353,23.3926],[92.354,23.3891],[92.3582,23.3899],[92.3519,23.3814],[92.3644,23.3799],[92.3563,23.3712],[92.3626,23.3667],[92.3697,23.374],[92.3687,23.3673],[92.3778,23.3623],[92.3754,23.3573],[92.3795,23.3519],[92.3639,23.3232],[92.3676,23.3176],[92.367,23.3235],[92.371,23.3186],[92.3758,23.3204],[92.3756,23.3136],[92.3855,23.3065],[92.3809,23.2857],[92.3881,23.2815],[92.3938,23.2652],[92.388,23.266],[92.3887,23.26],[92.3979,23.256],[92.3951,23.2487],[92.4035,23.2409],[92.4005,23.2364],[92.3463,23.2367],[92.3542,23.2201],[92.3534,23.1862],[92.3613,23.182],[92.3545,23.1788],[92.3643,23.157],[92.36,23.1532],[92.3569,23.1345],[92.3676,23.1269],[92.3577,23.103],[92.3627,23.0974],[92.3696,23.0965],[92.372,23.0873],[92.3797,23.0865],[92.3802,23.081],[92.3856,23.0778],[92.3825,23.0726],[92.3918,23.0574],[92.3874,23.0398],[92.382,23.0337],[92.3844,23.0285],[92.3795,23.0121],[92.3843,23.0097],[92.3814,23.0],[92.3839,22.9818],[92.3791,22.9811],[92.3799,22.9756],[92.3742,22.9711],[92.3767,22.9593],[92.3728,22.9582],[92.3776,22.9541],[92.3774,22.9482],[92.3724,22.9402],[92.3754,22.937],[92.3711,22.9361],[92.3762,22.934],[92.3762,22.9291],[92.3964,22.9298],[92.4009,22.9121],[92.4045,22.9177],[92.4137,22.9134],[92.4194,22.9185],[92.4199,22.9093],[92.4337,22.8859],[92.4455,22.8966],[92.4499,22.8931],[92.4484,22.8762],[92.4601,22.8706],[92.4548,22.8694],[92.4527,22.8621],[92.4612,22.8613],[92.4641,22.8543],[92.4566,22.8514],[92.4627,22.8418],[92.4528,22.8425],[92.4616,22.8303],[92.4545,22.8192],[92.4588,22.8188],[92.4612,22.8078],[92.4653,22.8099],[92.4651,22.803],[92.4718,22.7966],[92.4693,22.7825],[92.4727,22.7829],[92.4758,22.7716],[92.4735,22.7599],[92.4825,22.747],[92.4939,22.7463],[92.5002,22.7432],[92.4972,22.7401],[92.5055,22.7393],[92.5085,22.7327],[92.5124,22.7334],[92.5102,22.7292],[92.5178,22.7172],[92.5138,22.709],[92.5227,22.6748],[92.529,22.6659],[92.5283,22.6599],[92.5237,22.6583],[92.5271,22.6518],[92.5247,22.6411],[92.5262,22.6344],[92.5322,22.6331],[92.5272,22.6217],[92.5347,22.6114],[92.5339,22.6084],[92.5295,22.6097],[92.5298,22.6044],[92.5388,22.5896],[92.5325,22.5878],[92.5383,22.5862],[92.5379,22.5764],[92.5329,22.572],[92.5272,22.5728],[92.5281,22.5654],[92.522,22.5597],[92.5305,22.5537],[92.5322,22.5444],[92.5369,22.545],[92.5398,22.5408],[92.5431,22.5139],[92.5465,22.5168],[92.5512,22.5131],[92.5463,22.5105],[92.5507,22.5097],[92.5491,22.5015],[92.5435,22.4993],[92.5509,22.4979],[92.5437,22.4907],[92.547,22.4888],[92.5469,22.4624],[92.5557,22.4296],[92.5514,22.4277],[92.5564,22.4243],[92.5513,22.4231],[92.5524,22.4097],[92.5572,22.4092],[92.5545,22.4058],[92.5601,22.4016],[92.5564,22.399],[92.56,22.3959],[92.5593,22.382],[92.5719,22.3582],[92.5741,22.332],[92.5809,22.3218],[92.5779,22.311],[92.5837,22.3041],[92.5807,22.3028],[92.5837,22.2846],[92.5804,22.2735],[92.5911,22.249],[92.5878,22.2156],[92.5944,22.2039],[92.5941,22.1813],[92.5958,22.1752],[92.6074,22.1721],[92.6086,22.1647],[92.6105,22.1382],[92.6054,22.1239],[92.5937,22.1259],[92.5891,22.1317],[92.5926,22.1386],[92.5781,22.1438],[92.5751,22.138],[92.5636,22.1338],[92.5621,22.1282],[92.5748,22.1153],[92.5918,22.0654],[92.6019,22.0609],[92.5988,22.0421],[92.5922,22.0389],[92.5993,22.0288],[92.5976,22.0093],[92.6124,21.9913],[92.611,21.9837],[92.6036,21.9821],[92.6032,21.9771],[92.6075,21.9746],[92.6346,21.9835],[92.6518,22.0163],[92.67,22.0096],[92.6796,22.0115],[92.6854,22.0417],[92.6816,22.1035],[92.6878,22.1038],[92.6903,22.0723],[92.6915,22.1341],[92.6968,22.1417],[92.6947,22.1535],[92.6995,22.155],[92.7129,22.1473],[92.727,22.1491],[92.7351,22.1342],[92.7533,22.1248],[92.76,22.1258],[92.771,22.1095],[92.7901,22.1054],[92.7978,22.0939],[92.8039,22.0983],[92.81,22.0963],[92.8178,22.0869],[92.8183,22.0752],[92.8365,22.0722],[92.8409,22.0595],[92.852,22.0667],[92.8579,22.0676],[92.8625,22.0629],[92.8641,22.025],[92.8797,22.0223],[92.8784,22.0151],[92.8913,22.0115],[92.8989,21.9801],[92.8993,21.9569],[92.9062,21.9414],[92.912,21.9518],[92.9155,21.9798],[92.9216,21.9933],[92.9295,21.9962],[92.935,22.0061],[92.9343,22.0106],[92.9285,22.0087],[92.9266,22.0154],[92.9398,22.0141],[92.9512,22.03],[92.9599,22.0262],[92.9643,22.0112],[92.978,21.9982],[92.9814,21.9807],[93.0008,21.9784],[93.0034,21.9825],[93.0044,22.0171],[92.9945,22.0314],[92.9975,22.0361],[92.9941,22.0422],[93.0018,22.058],[93.0018,22.0676],[93.0069,22.0714],[93.0053,22.0805],[93.0119,22.0889],[93.0045,22.1047],[93.0473,22.0987],[93.0592,22.1012],[93.0567,22.122],[93.0446,22.1379],[93.0391,22.1392],[93.0436,22.1432],[93.0366,22.1448],[93.0488,22.1694],[93.0378,22.1954],[93.0424,22.196],[93.0458,22.203],[93.0572,22.2017],[93.0627,22.2078],[93.0885,22.1968],[93.1109,22.2043],[93.1236,22.174],[93.1507,22.1763],[93.1612,22.1965],[93.1483,22.2118],[93.1519,22.2173],[93.1473,22.2294],[93.1394,22.2355],[93.1433,22.2386],[93.1417,22.2457],[93.1474,22.2497],[93.1537,22.2474],[93.1628,22.2502],[93.1771,22.246],[93.1992,22.2559],[93.202,22.2641],[93.1937,22.2882],[93.1992,22.2941],[93.1898,22.3005],[93.1954,22.3016],[93.1906,22.3091],[93.1957,22.3144],[93.1891,22.3231],[93.1966,22.329],[93.1857,22.3399],[93.1881,22.3652],[93.1834,22.3737],[93.1898,22.3826],[93.1818,22.3949],[93.1874,22.4032],[93.1817,22.4176],[93.1852,22.4277],[93.1632,22.4512],[93.1389,22.4542],[93.1312,22.4679],[93.1349,22.4921],[93.1237,22.5085],[93.1284,22.5236],[93.1064,22.5269],[93.1123,22.533],[93.1091,22.5367],[93.1119,22.5578],[93.1236,22.5681],[93.1262,22.576],[93.1384,22.5837],[93.1402,22.5927],[93.1337,22.6144],[93.1272,22.6177],[93.1283,22.624],[93.1077,22.6369],[93.1096,22.6558],[93.1013,22.6612],[93.0954,22.6723],[93.0945,22.6806],[93.102,22.6831],[93.0966,22.6869],[93.0987,22.6943],[93.0909,22.7048],[93.1071,22.7509],[93.0997,22.7642],[93.0942,22.8062],[93.1103,22.8189],[93.1031,22.8241],[93.1118,22.8283],[93.1095,22.8332],[93.1177,22.8425],[93.1171,22.8638],[93.126,22.871],[93.1339,22.8922],[93.1289,22.9018],[93.131,22.907],[93.1397,22.9142],[93.1497,22.9084],[93.1642,22.9115],[93.1477,22.9257],[93.145,22.946],[93.1377,22.951],[93.141,22.9584],[93.1354,22.9708],[93.1433,22.9756],[93.1386,22.9819],[93.1403,22.9897],[93.1321,22.991],[93.1253,23.0026],[93.1197,23.0024],[93.1278,23.031],[93.1265,23.044],[93.1349,23.0482],[93.1364,23.0608],[93.1405,23.0533],[93.1512,23.054],[93.1552,23.0435],[93.1606,23.0482],[93.1686,23.0466],[93.1846,23.0595],[93.1879,23.0523],[93.2013,23.0547],[93.2023,23.0502],[93.2099,23.0479],[93.212,23.0373],[93.217,23.0344],[93.2148,23.0269],[93.2292,23.0199],[93.2288,23.0116],[93.2413,23.0067],[93.27,23.0113],[93.2753,23.0042],[93.2832,23.0087],[93.2936,23.0067],[93.3053,23.0207],[93.3132,23.0191],[93.3133,23.027],[93.3196,23.0288],[93.3201,23.0371],[93.3274,23.0399],[93.3268,23.0476],[93.3334,23.0496],[93.3341,23.0595],[93.343,23.0588],[93.34,23.0676],[93.3514,23.0705],[93.3438,23.0755],[93.3385,23.0742],[93.3456,23.0881],[93.3441,23.0926],[93.3498,23.0917],[93.3534,23.0967],[93.3577,23.1093],[93.3553,23.1166],[93.3626,23.1154],[93.3656,23.1218],[93.3769,23.1268],[93.3766,23.1327],[93.3853,23.1347],[93.3856,23.1445],[93.3778,23.1409],[93.3675,23.1442],[93.3721,23.1703],[93.3681,23.1754],[93.3804,23.1869],[93.3764,23.1906],[93.3798,23.1997],[93.3747,23.2045],[93.3794,23.215],[93.388,23.2165],[93.3802,23.2252],[93.3759,23.2479],[93.3689,23.2501],[93.3735,23.2607],[93.3653,23.2687],[93.3688,23.276],[93.3621,23.2799],[93.3696,23.2871],[93.3646,23.3059],[93.3713,23.3094],[93.3633,23.3129],[93.3711,23.3136],[93.3664,23.3215],[93.3725,23.3294],[93.362,23.3367],[93.3554,23.3526],[93.3702,23.3589],[93.3814,23.3581],[93.3838,23.362],[93.3877,23.3595],[93.3911,23.3697],[93.3864,23.3744],[93.3929,23.3752],[93.396,23.3829],[93.4014,23.3842],[93.3881,23.4205],[93.3906,23.4421],[93.3877,23.4455],[93.3898,23.4504],[93.3946,23.4479],[93.3921,23.4579],[93.3991,23.472],[93.3925,23.4787],[93.3958,23.4839],[93.3948,23.5038],[93.3981,23.5109],[93.4037,23.5118],[93.4038,23.5169],[93.4087,23.5174],[93.4183,23.5401],[93.4088,23.5571],[93.4133,23.5601],[93.4097,23.5643],[93.4145,23.5711],[93.4217,23.5711],[93.4229,23.5851],[93.428,23.5882],[93.4198,23.612],[93.4192,23.6233],[93.4241,23.6294],[93.4168,23.6375],[93.4159,23.647],[93.4355,23.6782],[93.4362,23.6867],[93.4253,23.6891],[93.4193,23.7017],[93.4073,23.7072],[93.4061,23.7149],[93.4122,23.7174],[93.4109,23.7293],[93.4058,23.7334],[93.4038,23.7451],[93.3949,23.7494],[93.3916,23.7571],[93.4038,23.8064],[93.3988,23.8153],[93.3903,23.8177],[93.3928,23.8233],[93.3887,23.8255],[93.3903,23.8339],[93.3849,23.8482],[93.3888,23.8653],[93.3846,23.8758],[93.3915,23.9144],[93.3952,23.9157],[93.3922,23.9182],[93.3939,23.9288],[93.3811,23.9346],[93.3694,23.9299],[93.3596,23.9409],[93.3612,23.9447],[93.351,23.9419],[93.3547,23.9434],[93.3488,23.9483],[93.3538,23.9516],[93.3513,23.9614],[93.3411,23.9694],[93.343,23.9749],[93.3366,23.9758],[93.3394,23.9803],[93.333,23.9789],[93.3343,23.985],[93.3287,23.985],[93.3372,23.9897],[93.3298,24.0207],[93.3389,24.0219],[93.3315,24.0304],[93.326,24.0297],[93.3379,24.0404],[93.3279,24.0422],[93.3262,24.0485],[93.3177,24.0532],[93.2938,24.0489],[93.2864,24.0526],[93.2822,24.043],[93.2531,24.0213],[93.2552,24.028],[93.2508,24.033],[93.2631,24.0583],[93.261,24.0702],[93.2503,24.0802],[93.2203,24.0834],[93.2204,24.0613],[93.2097,24.0482],[93.1874,24.0538],[93.1675,24.0514],[93.1628,24.0599],[93.1659,24.0737],[93.1612,24.0733],[93.151,24.084],[93.1405,24.0879],[93.126,24.0622],[93.1038,24.0497],[93.0994,24.0432],[93.0976,24.0731],[93.0877,24.0814],[93.0784,24.1018],[93.0606,24.0919],[93.0467,24.09],[93.0269,24.1008],[93.0128,24.1014],[93.0096,24.1068],[92.991,24.1156],[92.9728,24.1126],[92.971,24.1211],[92.9749,24.1255],[92.9835,24.1255],[92.9906,24.1371],[92.9883,24.1494],[93.006,24.1618],[93.0031,24.1738],[93.0077,24.1821],[92.9992,24.1963],[93.0149,24.2],[93.0219,24.2179],[93.016,24.2248],[93.024,24.2338],[93.0093,24.2434],[93.0042,24.2576],[93.0122,24.271],[93.0068,24.2826],[93.0231,24.3022],[93.0403,24.3414],[93.0177,24.3499],[93.0215,24.3733],[93.0184,24.3835],[93.0249,24.3914],[93.0091,24.4066],[93.0087,24.4118],[92.9942,24.399],[92.9736,24.4084],[92.9578,24.392],[92.9511,24.4031],[92.9392,24.4008],[92.9311,24.3931],[92.9092,24.413],[92.9028,24.3912],[92.8929,24.3928],[92.8914,24.4006],[92.8885,24.3984],[92.8836,24.4025],[92.8732,24.395],[92.8608,24.3986],[92.8461,24.3861],[92.8433,24.378],[92.8357,24.3786],[92.8293,24.3738],[92.823,24.3866],[92.8298,24.4004],[92.8201,24.4038],[92.8188,24.4102],[92.8123,24.4094],[92.8067,24.419],[92.7993,24.4192],[92.8012,24.4298],[92.7966,24.4329]]]},"properties":{"STNAME":"MIZORAM","STCODE11":"15","STNAME_SH":"Mizoram","Shape_Length":1154948.2085024423,"Shape_Area":25128260698.185257,"OBJECTID_1":13,"OBJECTID":13,"State_LGD":15,"Shape_Leng":1154948.2085,"MaxSimpTol":300,"MinSimpTol":300}},{"type":"Feature","id":14,"geometry":{"type":"Polygon","coordinates":[[[95.1946,27.0313],[95.193,27.036],[95.1501,26.9993],[95.1119,26.9808],[95.106,26.9656],[95.0952,26.9576],[95.034,26.9357],[95.0167,26.9212],[94.9912,26.9209],[94.9899,26.9143],[94.9825,26.9131],[94.9764,26.9214],[94.9671,26.9236],[94.9611,26.9372],[94.9554,26.9402],[94.9308,26.9327],[94.9221,26.9458],[94.9143,26.9369],[94.8905,26.9296],[94.8735,26.9176],[94.85,26.8747],[94.8431,26.8686],[94.8364,26.8689],[94.8345,26.8604],[94.8174,26.8476],[94.821,26.8418],[94.8131,26.8337],[94.8144,26.8196],[94.8064,26.8185],[94.8037,26.8138],[94.7952,26.8145],[94.7957,26.8102],[94.8031,26.8063],[94.8026,26.8014],[94.7911,26.7998],[94.7886,26.7957],[94.7701,26.7891],[94.7582,26.7661],[94.7517,26.7663],[94.7483,26.7728],[94.7401,26.7761],[94.7368,26.7638],[94.7071,26.7464],[94.6923,26.732],[94.6202,26.7122],[94.6206,26.7232],[94.608,26.7289],[94.6095,26.737],[94.597,26.7347],[94.591,26.7207],[94.6014,26.7192],[94.6032,26.7124],[94.5972,26.7169],[94.5933,26.7151],[94.5938,26.6973],[94.5772,26.7008],[94.5678,26.693],[94.5674,26.6876],[94.5715,26.6867],[94.5664,26.6837],[94.5593,26.6865],[94.5623,26.7052],[94.5502,26.7018],[94.5478,26.7064],[94.5392,26.7063],[94.5241,26.6959],[94.5206,26.6993],[94.5175,26.682],[94.5132,26.6802],[94.5082,26.6854],[94.509,26.6803],[94.4926,26.666],[94.485,26.668],[94.4602,26.6617],[94.4584,26.6536],[94.4531,26.6526],[94.4597,26.6369],[94.4654,26.6332],[94.4535,26.632],[94.4551,26.6356],[94.4512,26.6364],[94.4355,26.6221],[94.4028,26.6107],[94.4055,26.6057],[94.4018,26.5937],[94.4076,26.5917],[94.4133,26.5773],[94.4058,26.568],[94.404,26.5615],[94.4072,26.5604],[94.4033,26.5584],[94.4064,26.5559],[94.4019,26.5548],[94.4062,26.5493],[94.4011,26.5484],[94.4061,26.5441],[94.3965,26.5428],[94.4026,26.5414],[94.3977,26.5387],[94.4008,26.5343],[94.3952,26.5337],[94.3957,26.5274],[94.3854,26.5306],[94.3851,26.5259],[94.376,26.5219],[94.3733,26.5172],[94.3762,26.5139],[94.3712,26.5145],[94.3746,26.5085],[94.3721,26.5061],[94.3477,26.5046],[94.3529,26.4994],[94.3466,26.4922],[94.3528,26.4902],[94.3492,26.4912],[94.3468,26.4861],[94.3446,26.4889],[94.3394,26.4806],[94.3254,26.482],[94.3264,26.4755],[94.3195,26.4743],[94.3238,26.4656],[94.3184,26.4654],[94.3165,26.4584],[94.2998,26.4637],[94.2897,26.4798],[94.2809,26.5352],[94.2861,26.5426],[94.2812,26.5487],[94.2847,26.5612],[94.2562,26.5413],[94.2365,26.5062],[94.2074,26.4866],[94.2026,26.4692],[94.1851,26.4585],[94.1716,26.4299],[94.1756,26.4245],[94.1718,26.4159],[94.1775,26.3821],[94.171,26.3629],[94.1601,26.3544],[94.1619,26.3473],[94.1686,26.351],[94.1775,26.3465],[94.1745,26.3406],[94.145,26.3307],[94.1386,26.3364],[94.1283,26.3305],[94.1158,26.3298],[94.1149,26.3241],[94.1216,26.3179],[94.105,26.32],[94.0996,26.314],[94.0977,26.3021],[94.0842,26.2891],[94.084,26.2834],[94.0746,26.2837],[94.0745,26.2645],[94.0678,26.2571],[94.0476,26.2495],[94.0364,26.2262],[94.0319,26.1976],[94.0217,26.1939],[94.0153,26.1841],[94.0077,26.1826],[94.001,26.1724],[94.0036,26.1602],[93.9944,26.1484],[94.0035,26.1443],[94.0021,26.1345],[93.9871,26.1312],[93.9888,26.1283],[93.9977,26.1289],[93.9938,26.1188],[93.9867,26.114],[93.9978,26.1097],[93.9894,26.0976],[93.9886,26.0864],[93.9814,26.0813],[93.9873,26.0669],[93.9707,26.0465],[93.9703,26.0404],[93.9624,26.0366],[93.9604,26.0155],[93.9529,26.0031],[93.9591,25.9944],[93.9541,25.9694],[93.9686,25.9574],[93.9699,25.9369],[93.9779,25.9282],[93.9786,25.9168],[93.961,25.9013],[93.9379,25.8964],[93.9339,25.8853],[93.9159,25.8838],[93.9019,25.8709],[93.8959,25.858],[93.8899,25.8587],[93.8817,25.8434],[93.876,25.8426],[93.8691,25.851],[93.8522,25.8583],[93.8396,25.8567],[93.8211,25.8388],[93.8163,25.8227],[93.7954,25.809],[93.7874,25.8159],[93.7774,25.8499],[93.781,25.8541],[93.7784,25.857],[93.7843,25.8585],[93.7897,25.8679],[93.7851,25.8701],[93.7841,25.8844],[93.7953,25.8925],[93.7956,25.9066],[93.7919,25.9067],[93.7942,25.9128],[93.7886,25.917],[93.7909,25.9263],[93.7864,25.9322],[93.7898,25.934],[93.7845,25.944],[93.7872,25.9467],[93.775,25.9615],[93.7771,25.9683],[93.7654,25.9699],[93.7699,25.9614],[93.7635,25.9595],[93.7679,25.9511],[93.7641,25.9509],[93.7641,25.9545],[93.7586,25.9527],[93.7584,25.9456],[93.7528,25.9468],[93.7503,25.941],[93.745,25.9424],[93.7512,25.9329],[93.7394,25.9319],[93.7361,25.9229],[93.7135,25.9169],[93.7065,25.9189],[93.7008,25.9108],[93.6939,25.9118],[93.6814,25.9045],[93.702,25.8516],[93.7142,25.8446],[93.7077,25.8479],[93.7008,25.8434],[93.701,25.8497],[93.6913,25.8439],[93.6882,25.846],[93.6856,25.8438],[93.6901,25.8408],[93.6805,25.8384],[93.6785,25.8285],[93.6711,25.8241],[93.6675,25.8261],[93.6682,25.8219],[93.646,25.8225],[93.6434,25.8159],[93.6381,25.8157],[93.6385,25.8099],[93.633,25.8115],[93.6328,25.8029],[93.6246,25.8027],[93.6267,25.7897],[93.6184,25.7838],[93.6173,25.7761],[93.6049,25.775],[93.6026,25.7652],[93.5984,25.7689],[93.5916,25.7626],[93.5858,25.7662],[93.5822,25.7606],[93.5854,25.7581],[93.5777,25.7546],[93.5678,25.7585],[93.5731,25.7542],[93.5662,25.7549],[93.5614,25.7379],[93.5542,25.7379],[93.5552,25.7337],[93.5495,25.7328],[93.5493,25.7294],[93.5424,25.731],[93.5395,25.7227],[93.5479,25.7118],[93.5411,25.6989],[93.5362,25.7019],[93.5274,25.6913],[93.5224,25.6977],[93.5126,25.6847],[93.5183,25.6795],[93.5073,25.6726],[93.5097,25.6686],[93.4965,25.6546],[93.4879,25.6544],[93.4851,25.6484],[93.4813,25.6513],[93.4816,25.6446],[93.4767,25.6479],[93.4687,25.6444],[93.4719,25.6425],[93.4641,25.6447],[93.4572,25.6412],[93.4608,25.6324],[93.4495,25.6396],[93.4466,25.6347],[93.4443,25.6397],[93.4336,25.6295],[93.4273,25.6326],[93.4245,25.6256],[93.4199,25.6248],[93.4215,25.6183],[93.4136,25.6211],[93.4109,25.6137],[93.4014,25.6112],[93.4028,25.6023],[93.3987,25.5961],[93.3923,25.596],[93.3892,25.5912],[93.3855,25.5929],[93.3857,25.5872],[93.3783,25.5827],[93.3815,25.5821],[93.3797,25.5767],[93.3742,25.5772],[93.3753,25.5732],[93.3624,25.5661],[93.364,25.5613],[93.3586,25.5547],[93.3521,25.5601],[93.3432,25.5601],[93.3269,25.5466],[93.3363,25.5388],[93.3349,25.5345],[93.3502,25.5321],[93.3568,25.5138],[93.3615,25.5124],[93.3642,25.5039],[93.3691,25.5036],[93.3674,25.4993],[93.3766,25.4976],[93.3773,25.4931],[93.3854,25.4905],[93.3845,25.4852],[93.3913,25.4823],[93.3844,25.4693],[93.3902,25.4605],[93.3972,25.4604],[93.4024,25.4509],[93.4155,25.4451],[93.4363,25.4483],[93.4394,25.4411],[93.4581,25.4311],[93.4622,25.418],[93.4596,25.4033],[93.4736,25.3801],[93.4649,25.3608],[93.4587,25.3608],[93.4515,25.3541],[93.4483,25.3407],[93.4564,25.3355],[93.4539,25.3249],[93.472,25.3035],[93.472,25.2713],[93.4812,25.2699],[93.4898,25.2748],[93.5062,25.2693],[93.5013,25.2424],[93.521,25.2474],[93.5351,25.2436],[93.5438,25.2479],[93.556,25.246],[93.5628,25.241],[93.5691,25.2263],[93.5841,25.2218],[93.5914,25.2081],[93.5879,25.2011],[93.5933,25.2035],[93.5954,25.1986],[93.5984,25.2018],[93.6052,25.199],[93.6109,25.2049],[93.6089,25.2131],[93.6227,25.2314],[93.6372,25.2637],[93.646,25.2664],[93.6449,25.276],[93.6605,25.2988],[93.6582,25.304],[93.6676,25.3108],[93.6647,25.3257],[93.6816,25.3289],[93.6829,25.3412],[93.6872,25.3456],[93.6866,25.3601],[93.6968,25.3561],[93.7093,25.3572],[93.7158,25.3718],[93.7359,25.3852],[93.7347,25.3943],[93.7422,25.404],[93.768,25.42],[93.7741,25.4197],[93.7727,25.4262],[93.7833,25.4331],[93.7865,25.4461],[93.805,25.4633],[93.81,25.4838],[93.8002,25.4968],[93.7875,25.5032],[93.7665,25.4935],[93.7613,25.4958],[93.758,25.5077],[93.7615,25.5169],[93.7664,25.5182],[93.7649,25.5385],[93.7703,25.5337],[93.7799,25.5337],[93.8048,25.5415],[93.8165,25.5403],[93.821,25.5532],[93.8276,25.5527],[93.8344,25.5606],[93.8414,25.5561],[93.8614,25.5532],[93.8887,25.5651],[93.9395,25.5583],[93.9604,25.5507],[93.9831,25.5683],[94.0073,25.5672],[94.0107,25.5736],[94.0023,25.5864],[94.0128,25.5926],[94.0217,25.5902],[94.0298,25.5773],[94.0368,25.579],[94.0382,25.5701],[94.043,25.5767],[94.0481,25.5756],[94.0673,25.5523],[94.0757,25.5583],[94.0848,25.5547],[94.0942,25.5373],[94.0846,25.5304],[94.1035,25.5263],[94.1081,25.5219],[94.1404,25.5194],[94.1562,25.5511],[94.1649,25.5413],[94.1768,25.5466],[94.1781,25.5506],[94.192,25.5487],[94.1866,25.524],[94.2005,25.5151],[94.2086,25.5038],[94.2084,25.496],[94.2186,25.4916],[94.24,25.4959],[94.2498,25.4943],[94.2552,25.5006],[94.274,25.4995],[94.2846,25.5079],[94.3216,25.5029],[94.3551,25.5122],[94.3853,25.5325],[94.4107,25.5384],[94.4166,25.5366],[94.4225,25.5533],[94.4191,25.5699],[94.425,25.5865],[94.438,25.5925],[94.4452,25.5916],[94.4452,25.5968],[94.4688,25.6141],[94.4871,25.6142],[94.4925,25.6085],[94.4954,25.6131],[94.5052,25.6136],[94.5069,25.6239],[94.5182,25.6297],[94.5207,25.6388],[94.5293,25.6373],[94.5293,25.6425],[94.534,25.6419],[94.5393,25.6506],[94.5435,25.65],[94.5563,25.6723],[94.5633,25.6747],[94.5605,25.6831],[94.5718,25.6918],[94.5964,25.683],[94.5897,25.6815],[94.5851,25.6703],[94.5804,25.6688],[94.5864,25.6638],[94.5784,25.6617],[94.5836,25.6563],[94.576,25.6553],[94.5801,25.6505],[94.5734,25.6478],[94.5759,25.6437],[94.5721,25.6412],[94.5734,25.6375],[94.5891,25.6403],[94.5934,25.6356],[94.5836,25.6342],[94.5758,25.6234],[94.5719,25.6053],[94.5652,25.6032],[94.5662,25.5972],[94.5596,25.5978],[94.5583,25.5831],[94.5509,25.5795],[94.561,25.5731],[94.5584,25.5658],[94.5643,25.5634],[94.5559,25.5547],[94.5666,25.548],[94.5578,25.5393],[94.5619,25.5337],[94.5545,25.5285],[94.5601,25.5214],[94.5532,25.5103],[94.5539,25.5026],[94.5768,25.4957],[94.616,25.4625],[94.6373,25.4558],[94.6459,25.4569],[94.6557,25.4497],[94.6755,25.4456],[94.6834,25.4662],[94.6923,25.4654],[94.7102,25.4714],[94.7181,25.4692],[94.7442,25.4812],[94.7517,25.4938],[94.7573,25.4915],[94.762,25.4821],[94.781,25.4804],[94.789,25.4895],[94.8055,25.4918],[94.812,25.5115],[94.8248,25.5238],[94.8253,25.5424],[94.8469,25.5622],[94.8982,25.5656],[94.891,25.5783],[94.8814,25.585],[94.8819,25.5908],[94.8929,25.5976],[94.9001,25.5969],[94.9148,25.6075],[94.9226,25.6454],[94.9355,25.6668],[94.9702,25.6886],[94.9889,25.707],[94.9921,25.7199],[95.0034,25.7286],[95.0228,25.7315],[95.0283,25.7381],[95.0408,25.7423],[95.0487,25.7598],[95.044,25.7737],[95.0498,25.8009],[95.0329,25.8143],[95.0293,25.8403],[95.0227,25.8452],[95.018,25.8601],[95.0089,25.8669],[95.0101,25.8752],[95.019,25.881],[95.0116,25.898],[95.0284,25.914],[95.031,25.9313],[95.0355,25.927],[95.0438,25.9269],[95.0477,25.9345],[95.0582,25.9406],[95.0731,25.9418],[95.0834,25.9504],[95.0892,25.9506],[95.1031,25.9687],[95.1132,25.9741],[95.1167,25.985],[95.1258,25.9862],[95.1452,26.0146],[95.1589,26.0248],[95.164,26.0488],[95.1857,26.0733],[95.1647,26.0925],[95.1506,26.0866],[95.142,26.0946],[95.1303,26.0948],[95.1177,26.1012],[95.1156,26.1129],[95.1264,26.1292],[95.1189,26.1408],[95.1236,26.1453],[95.1189,26.1483],[95.1171,26.1587],[95.1266,26.1781],[95.1219,26.1849],[95.1425,26.2116],[95.1222,26.2236],[95.1145,26.2327],[95.1272,26.2537],[95.1194,26.2649],[95.1282,26.2932],[95.1281,26.3017],[95.1223,26.3072],[95.1259,26.3234],[95.1228,26.3307],[95.1282,26.3396],[95.1211,26.3496],[95.1322,26.3777],[95.1253,26.388],[95.1202,26.3866],[95.1074,26.3956],[95.0998,26.394],[95.0965,26.4007],[95.104,26.4206],[95.0844,26.4473],[95.0726,26.4477],[95.0661,26.4416],[95.0617,26.4499],[95.0729,26.4725],[95.0829,26.4796],[95.0863,26.488],[95.0965,26.4934],[95.1,26.5059],[95.1141,26.5184],[95.113,26.5354],[95.1072,26.5415],[95.1228,26.5517],[95.1253,26.5577],[95.1393,26.5561],[95.141,26.5667],[95.1543,26.5828],[95.1467,26.5932],[95.1491,26.616],[95.1635,26.6215],[95.1666,26.6341],[95.181,26.643],[95.1928,26.6412],[95.2085,26.6478],[95.2339,26.6825],[95.2302,26.694],[95.2328,26.7058],[95.2258,26.7103],[95.227,26.7161],[95.2221,26.7224],[95.2099,26.729],[95.2194,26.7458],[95.2149,26.7482],[95.2165,26.7556],[95.2311,26.7651],[95.2288,26.7753],[95.2425,26.7825],[95.2148,26.7901],[95.2083,26.7951],[95.212,26.7995],[95.2047,26.8047],[95.1973,26.8226],[95.197,26.8361],[95.2029,26.8464],[95.187,26.8478],[95.1809,26.856],[95.186,26.8657],[95.1995,26.871],[95.2087,26.8823],[95.2281,26.8808],[95.2267,26.8948],[95.2322,26.9028],[95.2288,26.9083],[95.2324,26.916],[95.23,26.9226],[95.2122,26.9301],[95.2067,26.942],[95.209,26.9525],[95.202,26.9581],[95.2113,26.9663],[95.2016,26.9739],[95.2024,26.982],[95.1915,26.9849],[95.1905,26.9929],[95.197,26.9968],[95.1946,27.0313]]]},"properties":{"STNAME":"NAGALAND","STCODE11":"13","STNAME_SH":"Nagaland","Shape_Length":1075385.6062693507,"Shape_Area":20628189320.759487,"OBJECTID_1":14,"OBJECTID":14,"State_LGD":13,"Shape_Leng":1075385.60627,"MaxSimpTol":300,"MinSimpTol":300}},{"type":"Feature","id":15,"geometry":{"type":"Polygon","coordinates":[[[75.8438,32.5091],[75.8344,32.5118],[75.8332,32.5043],[75.826,32.5039],[75.8205,32.4923],[75.8009,32.4854],[75.7768,32.465],[75.7589,32.4605],[75.7525,32.4553],[75.7285,32.4527],[75.7296,32.439],[75.7351,32.439],[75.7437,32.432],[75.7373,32.4296],[75.7284,32.4325],[75.7319,32.4229],[75.7225,32.4055],[75.7114,32.411],[75.687,32.3905],[75.679,32.3897],[75.6741,32.3936],[75.6477,32.3875],[75.6311,32.3795],[75.5967,32.3777],[75.5598,32.3571],[75.5395,32.3362],[75.5371,32.326],[75.5422,32.3219],[75.5429,32.3079],[75.5334,32.2777],[75.5209,32.277],[75.5093,32.2838],[75.5034,32.2917],[75.5121,32.3079],[75.4821,32.3204],[75.4858,32.3242],[75.4802,32.3343],[75.4946,32.341],[75.4891,32.346],[75.4785,32.339],[75.4686,32.339],[75.4716,32.3338],[75.466,32.33],[75.4675,32.3256],[75.4483,32.3265],[75.441,32.3184],[75.431,32.3159],[75.419,32.32],[75.4108,32.3289],[75.3995,32.3307],[75.3938,32.3276],[75.3752,32.3378],[75.3633,32.3335],[75.3493,32.345],[75.3414,32.3461],[75.3383,32.3412],[75.3413,32.3381],[75.3366,32.3373],[75.3317,32.3269],[75.3373,32.322],[75.3302,32.3136],[75.3347,32.3114],[75.321,32.2974],[75.3502,32.2901],[75.3438,32.279],[75.3718,32.2797],[75.3815,32.269],[75.374,32.2659],[75.3704,32.2582],[75.3703,32.2424],[75.3742,32.2414],[75.3725,32.226],[75.3577,32.2182],[75.3313,32.2197],[75.3163,32.2082],[75.3202,32.2043],[75.3102,32.1948],[75.3184,32.1877],[75.3162,32.181],[75.3224,32.1797],[75.3067,32.1692],[75.2994,32.1535],[75.2854,32.1518],[75.2773,32.1371],[75.2834,32.132],[75.2793,32.1181],[75.2627,32.1122],[75.2663,32.1075],[75.2612,32.1016],[75.2478,32.1009],[75.2402,32.0911],[75.2313,32.0916],[75.2354,32.1035],[75.2269,32.1068],[75.2237,32.0982],[75.2177,32.1034],[75.2203,32.1077],[75.2156,32.1212],[75.2026,32.1202],[75.2057,32.1026],[75.2041,32.0967],[75.1979,32.0986],[75.1983,32.0828],[75.189,32.0824],[75.1792,32.0764],[75.1741,32.0677],[75.1576,32.0819],[75.1228,32.0815],[75.1208,32.0755],[75.1066,32.0697],[75.1089,32.0648],[75.1048,32.0587],[75.091,32.0719],[75.0915,32.0659],[75.0839,32.0601],[75.0729,32.0598],[75.0686,32.0672],[75.0641,32.0656],[75.068,32.0624],[75.0619,32.0553],[75.0506,32.0527],[75.0406,32.0426],[75.0339,32.0507],[75.0215,32.0486],[75.0123,32.0357],[75.0048,32.0376],[75.0029,32.0436],[74.9828,32.0402],[74.9717,32.0426],[74.9779,32.0472],[74.9739,32.0535],[74.9339,32.0656],[74.9247,32.0663],[74.9046,32.0503],[74.8913,32.0551],[74.8794,32.0538],[74.8687,32.0419],[74.8799,32.0319],[74.8688,32.022],[74.8654,32.0304],[74.8626,32.0296],[74.8655,32.0232],[74.8483,32.0205],[74.8532,32.0135],[74.8468,32.0084],[74.8389,32.0085],[74.8289,31.9992],[74.8312,31.9809],[74.8189,31.9587],[74.8059,31.963],[74.8022,31.9579],[74.7816,31.9558],[74.7685,31.9477],[74.7553,31.9558],[74.7561,31.9438],[74.743,31.9397],[74.7343,31.9454],[74.7309,31.941],[74.7196,31.9415],[74.7139,31.9322],[74.719,31.9238],[74.7065,31.9212],[74.6973,31.9266],[74.6771,31.9262],[74.6742,31.9186],[74.6666,31.9226],[74.6683,31.918],[74.6602,31.9135],[74.6577,31.9018],[74.6545,31.8995],[74.651,31.9022],[74.6366,31.884],[74.6297,31.882],[74.6078,31.89],[74.61,31.8783],[74.6066,31.8685],[74.5978,31.868],[74.5906,31.8486],[74.5834,31.8519],[74.5721,31.839],[74.5731,31.8161],[74.5578,31.8048],[74.5671,31.7964],[74.5555,31.7914],[74.5513,31.779],[74.5568,31.7704],[74.5548,31.7669],[74.5617,31.7631],[74.5594,31.7579],[74.5472,31.7494],[74.5321,31.7482],[74.5139,31.74],[74.5039,31.7403],[74.5029,31.7284],[74.4882,31.7204],[74.4866,31.7151],[74.4992,31.7094],[74.5033,31.7026],[74.5019,31.6956],[74.5242,31.687],[74.535,31.6776],[74.5288,31.6664],[74.5402,31.6599],[74.5374,31.6532],[74.5391,31.6482],[74.5466,31.6455],[74.5462,31.6332],[74.5554,31.6079],[74.5754,31.6039],[74.5789,31.5997],[74.5748,31.5978],[74.5809,31.5943],[74.5809,31.5873],[74.592,31.5741],[74.6109,31.567],[74.6158,31.569],[74.6066,31.5624],[74.616,31.5575],[74.6187,31.5516],[74.6143,31.5511],[74.6128,31.5273],[74.6038,31.524],[74.5959,31.526],[74.5841,31.5208],[74.5802,31.5111],[74.584,31.5068],[74.5801,31.507],[74.5872,31.5042],[74.5812,31.4989],[74.5753,31.5009],[74.5874,31.4961],[74.5935,31.4961],[74.5947,31.5015],[74.6097,31.4998],[74.6222,31.482],[74.625,31.4859],[74.6366,31.4848],[74.6315,31.4813],[74.6295,31.4842],[74.6277,31.4769],[74.6363,31.4777],[74.6522,31.4572],[74.6513,31.452],[74.6431,31.4501],[74.6386,31.4442],[74.6546,31.4259],[74.6482,31.4238],[74.6435,31.4161],[74.6336,31.4187],[74.6313,31.4256],[74.6223,31.4302],[74.6193,31.4199],[74.6089,31.4237],[74.6011,31.42],[74.6025,31.4157],[74.5964,31.4163],[74.587,31.3977],[74.5834,31.3791],[74.5516,31.3644],[74.5531,31.3564],[74.5458,31.3408],[74.5487,31.3349],[74.5367,31.3302],[74.5348,31.3135],[74.5263,31.3125],[74.5342,31.305],[74.542,31.3038],[74.521,31.2721],[74.5327,31.2497],[74.5171,31.2285],[74.5246,31.2202],[74.526,31.2119],[74.5195,31.1842],[74.5106,31.1811],[74.5107,31.1579],[74.5152,31.1512],[74.5103,31.132],[74.5484,31.1221],[74.5505,31.0883],[74.5605,31.0827],[74.5713,31.0813],[74.5737,31.0858],[74.5887,31.0876],[74.5891,31.0925],[74.5912,31.0886],[74.6007,31.088],[74.5993,31.093],[74.6096,31.0976],[74.6099,31.1117],[74.5965,31.1273],[74.6032,31.1337],[74.6308,31.1327],[74.6364,31.1182],[74.6591,31.1341],[74.6664,31.1244],[74.6891,31.128],[74.6898,31.1183],[74.6981,31.1125],[74.6972,31.1026],[74.7024,31.0917],[74.6907,31.0815],[74.6957,31.0743],[74.6665,31.0521],[74.6131,31.0448],[74.5969,31.0376],[74.5903,31.05],[74.5744,31.0568],[74.5704,31.0529],[74.5682,31.0548],[74.5614,31.0487],[74.5588,31.0374],[74.548,31.0325],[74.5425,31.0172],[74.5396,31.0088],[74.5464,30.9924],[74.5162,30.9794],[74.5041,30.9649],[74.498,30.9644],[74.4919,30.9744],[74.4814,30.9707],[74.4798,30.9742],[74.4569,30.9642],[74.4664,30.9568],[74.4516,30.9558],[74.4552,30.9513],[74.442,30.9517],[74.4395,30.9421],[74.4164,30.9403],[74.4137,30.9296],[74.4288,30.9311],[74.4235,30.9208],[74.4103,30.9235],[74.4111,30.9196],[74.4244,30.9158],[74.4228,30.9078],[74.3973,30.9094],[74.383,30.8953],[74.3659,30.8929],[74.3609,30.8737],[74.3822,30.8604],[74.3646,30.8573],[74.3685,30.8518],[74.3634,30.8472],[74.3551,30.8484],[74.3482,30.855],[74.3388,30.8526],[74.3406,30.849],[74.3325,30.851],[74.3204,30.8466],[74.3198,30.8273],[74.2993,30.8046],[74.2948,30.7945],[74.3068,30.7892],[74.3018,30.7794],[74.2897,30.7751],[74.2743,30.7734],[74.2648,30.777],[74.2609,30.7745],[74.2736,30.7534],[74.2743,30.7441],[74.2862,30.735],[74.2814,30.7308],[74.2748,30.7372],[74.2713,30.7322],[74.2684,30.7344],[74.2671,30.7263],[74.2609,30.7231],[74.2326,30.7245],[74.2272,30.7188],[74.2192,30.6935],[74.1934,30.6652],[74.1816,30.6613],[74.1693,30.6486],[74.1632,30.6484],[74.1491,30.6316],[74.1377,30.6274],[74.1274,30.6347],[74.1267,30.624],[74.1211,30.6225],[74.1179,30.6078],[74.105,30.6192],[74.0959,30.6114],[74.1019,30.6109],[74.1013,30.6032],[74.0952,30.6011],[74.0963,30.5873],[74.1019,30.5791],[74.0735,30.5546],[74.0799,30.5483],[74.0909,30.5494],[74.0723,30.5229],[74.0573,30.5186],[74.0501,30.5371],[74.0392,30.5426],[74.038,30.5317],[74.031,30.5269],[74.0238,30.526],[74.0119,30.5336],[74.0109,30.5211],[74.0199,30.5141],[73.9927,30.5142],[73.982,30.504],[73.9637,30.4848],[73.9697,30.4752],[73.9641,30.4564],[73.9501,30.46],[73.9458,30.4682],[73.9477,30.4839],[73.9346,30.4901],[73.9318,30.4672],[73.928,30.4658],[73.9376,30.4521],[73.9373,30.445],[73.9265,30.4389],[73.9497,30.437],[73.9738,30.4439],[73.9644,30.4242],[73.9492,30.4173],[73.9363,30.4018],[73.9216,30.3976],[73.9139,30.3825],[73.9005,30.3727],[73.8841,30.367],[73.8798,30.3598],[73.9026,30.3491],[73.9309,30.3201],[73.9565,30.2761],[73.9639,30.2572],[73.9726,30.1981],[73.968,30.1437],[73.9707,30.1251],[73.9751,30.12],[73.9676,30.1189],[73.9522,30.104],[73.9299,30.0685],[73.904,30.05],[73.8863,30.0121],[73.8862,29.9961],[73.8957,29.9813],[73.8947,29.9738],[74.1017,29.9671],[74.5272,29.9428],[74.5317,29.9492],[74.5608,29.9293],[74.559,29.9271],[74.5824,29.9243],[74.5967,29.9123],[74.6292,29.905],[74.6542,29.9056],[74.6467,29.9114],[74.6516,29.9265],[74.682,29.9433],[74.6936,29.9669],[74.7066,29.9769],[74.7067,29.9706],[74.7314,29.9615],[74.7403,29.9684],[74.7533,29.9678],[74.763,29.9732],[74.7794,29.972],[74.806,29.992],[74.8124,29.9923],[74.8243,29.9857],[74.8263,29.9772],[74.821,29.9709],[74.8385,29.9711],[74.8554,29.9564],[74.8647,29.9601],[74.8757,29.9575],[74.888,29.9671],[74.9032,29.9522],[74.8973,29.9394],[74.9129,29.9433],[74.9228,29.952],[74.9267,29.9503],[74.9482,29.9068],[74.9537,29.9014],[74.9788,29.8942],[74.9771,29.8884],[74.9909,29.8677],[75.0225,29.8663],[75.0329,29.8798],[75.0469,29.8851],[75.0561,29.8781],[75.0699,29.8771],[75.0744,29.8823],[75.0753,29.8964],[75.0869,29.9154],[75.0987,29.9128],[75.1104,29.9019],[75.1147,29.8787],[75.1068,29.868],[75.0897,29.8586],[75.0901,29.854],[75.1031,29.8418],[75.1114,29.8419],[75.1189,29.832],[75.1015,29.8216],[75.1007,29.8068],[75.1182,29.8027],[75.1351,29.8073],[75.1405,29.7856],[75.151,29.7755],[75.1555,29.7769],[75.1669,29.7852],[75.1591,29.8013],[75.164,29.8241],[75.1759,29.8281],[75.1915,29.8413],[75.2106,29.8324],[75.214,29.824],[75.2097,29.8174],[75.2085,29.7932],[75.2163,29.7877],[75.2263,29.7892],[75.2247,29.7799],[75.2366,29.757],[75.2416,29.7546],[75.2381,29.74],[75.2263,29.7289],[75.2103,29.7388],[75.2006,29.7265],[75.1978,29.7033],[75.2076,29.7016],[75.2068,29.6875],[75.1988,29.68],[75.1881,29.6813],[75.1839,29.6733],[75.1675,29.6702],[75.1746,29.6556],[75.1876,29.6518],[75.183,29.6284],[75.1968,29.6193],[75.2067,29.6219],[75.2354,29.6031],[75.2217,29.5803],[75.2319,29.5748],[75.2384,29.5589],[75.2353,29.5421],[75.2445,29.5467],[75.2732,29.55],[75.2804,29.554],[75.2811,29.5615],[75.2983,29.5586],[75.3094,29.5608],[75.3113,29.5802],[75.3199,29.5874],[75.3056,29.5957],[75.3034,29.6026],[75.2897,29.6078],[75.2957,29.625],[75.3073,29.6248],[75.3166,29.6306],[75.3337,29.6735],[75.341,29.6753],[75.3486,29.6666],[75.3581,29.6608],[75.3601,29.6626],[75.3457,29.696],[75.3586,29.6998],[75.359,29.7055],[75.3708,29.7045],[75.373,29.7133],[75.3922,29.7133],[75.3892,29.7161],[75.3934,29.722],[75.3882,29.7299],[75.3954,29.7336],[75.3964,29.7395],[75.4048,29.739],[75.4063,29.7613],[75.4214,29.7751],[75.4274,29.7709],[75.4383,29.78],[75.4475,29.7838],[75.4539,29.782],[75.4582,29.7948],[75.4528,29.8019],[75.4595,29.8075],[75.5027,29.7779],[75.5186,29.7758],[75.5232,29.7692],[75.523,29.7584],[75.5379,29.7733],[75.5621,29.7702],[75.5721,29.7433],[75.58,29.7394],[75.5899,29.7475],[75.6052,29.752],[75.6167,29.7443],[75.6298,29.7499],[75.6345,29.7553],[75.6351,29.7723],[75.6424,29.7751],[75.6771,29.7766],[75.6913,29.7559],[75.7064,29.7532],[75.7092,29.7565],[75.7046,29.7636],[75.7123,29.7741],[75.7101,29.7804],[75.7166,29.7887],[75.7127,29.7927],[75.7141,29.8019],[75.7179,29.803],[75.7206,29.8136],[75.7378,29.814],[75.7561,29.805],[75.7788,29.8224],[75.7888,29.8111],[75.8056,29.8048],[75.8214,29.807],[75.8259,29.8153],[75.8303,29.8118],[75.8377,29.813],[75.837,29.7943],[75.8529,29.7781],[75.8514,29.7727],[75.8667,29.7666],[75.8702,29.7493],[75.8813,29.7511],[75.8859,29.7454],[75.8988,29.7463],[75.9063,29.754],[75.9152,29.7472],[75.9151,29.7429],[75.9387,29.7307],[75.9548,29.732],[75.9844,29.7271],[75.9949,29.7393],[76.0167,29.7432],[76.0261,29.7562],[76.0307,29.7547],[76.0324,29.7464],[76.0434,29.7427],[76.0568,29.7654],[76.0602,29.7647],[76.0725,29.7786],[76.0768,29.7749],[76.0826,29.7812],[76.085,29.8008],[76.0981,29.8106],[76.1051,29.8119],[76.12,29.8009],[76.1196,29.7923],[76.1239,29.7909],[76.1455,29.8191],[76.1737,29.8179],[76.1848,29.8228],[76.1978,29.8448],[76.212,29.843],[76.2205,29.8379],[76.2222,29.8488],[76.2324,29.8537],[76.2438,29.8524],[76.2467,29.876],[76.2294,29.8857],[76.2174,29.8841],[76.2108,29.8913],[76.2095,29.8858],[76.2013,29.8837],[76.1995,29.8884],[76.1934,29.8857],[76.1856,29.8925],[76.1878,29.9207],[76.1719,29.9263],[76.1781,29.9334],[76.1799,29.9453],[76.1938,29.952],[76.1906,29.9552],[76.193,29.9622],[76.1971,29.9623],[76.1953,29.9659],[76.2057,29.9743],[76.2019,29.9871],[76.2029,29.9897],[76.208,29.9861],[76.2107,29.9882],[76.2065,29.9935],[76.2114,29.9955],[76.21,30.0052],[76.2262,30.0088],[76.2329,30.016],[76.2132,30.0227],[76.2137,30.0317],[76.2225,30.0369],[76.2222,30.0492],[76.2285,30.0535],[76.2263,30.0594],[76.2535,30.089],[76.2381,30.1054],[76.2235,30.1119],[76.2167,30.1101],[76.2204,30.1155],[76.2166,30.1242],[76.2246,30.1271],[76.2072,30.1446],[76.2076,30.1566],[76.2144,30.156],[76.2184,30.1478],[76.2346,30.145],[76.2322,30.1401],[76.2433,30.1324],[76.2427,30.1292],[76.2468,30.1308],[76.2557,30.1261],[76.2537,30.1216],[76.2678,30.1145],[76.2752,30.1146],[76.2853,30.1062],[76.2966,30.1144],[76.3217,30.0951],[76.3441,30.1009],[76.3602,30.1202],[76.342,30.1264],[76.3335,30.1382],[76.3339,30.142],[76.3469,30.1428],[76.3505,30.1469],[76.3593,30.1398],[76.3669,30.1242],[76.3607,30.1226],[76.3622,30.1202],[76.3889,30.1133],[76.4,30.1167],[76.3912,30.1351],[76.4101,30.1451],[76.395,30.158],[76.3935,30.167],[76.3872,30.1706],[76.403,30.1821],[76.4064,30.1904],[76.4227,30.1923],[76.4343,30.1831],[76.4304,30.178],[76.4406,30.1659],[76.4365,30.156],[76.4286,30.1506],[76.4397,30.1437],[76.4375,30.1363],[76.4405,30.1315],[76.46,30.1295],[76.4563,30.1155],[76.4625,30.1011],[76.5045,30.0939],[76.5139,30.0837],[76.5119,30.072],[76.5298,30.0785],[76.538,30.0747],[76.5462,30.0759],[76.5481,30.0808],[76.5564,30.0826],[76.5605,30.0934],[76.5752,30.1006],[76.5557,30.1107],[76.5485,30.1117],[76.5457,30.1059],[76.5395,30.1082],[76.5488,30.1213],[76.5456,30.1249],[76.5554,30.1249],[76.5536,30.12],[76.5763,30.1101],[76.5993,30.1125],[76.6235,30.1402],[76.6422,30.1497],[76.6333,30.167],[76.6224,30.1676],[76.5999,30.1847],[76.6142,30.2045],[76.6363,30.1966],[76.645,30.1888],[76.6287,30.1794],[76.6359,30.1686],[76.6508,30.176],[76.6561,30.1852],[76.6498,30.1911],[76.6533,30.2011],[76.6388,30.2062],[76.6218,30.2051],[76.6158,30.2091],[76.6274,30.2241],[76.6035,30.2378],[76.6,30.2346],[76.5962,30.2374],[76.6036,30.2492],[76.5961,30.2557],[76.5906,30.2535],[76.5918,30.246],[76.5719,30.2363],[76.5627,30.2258],[76.548,30.2225],[76.5455,30.2252],[76.5556,30.2268],[76.562,30.2415],[76.5567,30.2625],[76.5719,30.2653],[76.5751,30.2619],[76.5838,30.2703],[76.5929,30.2618],[76.6011,30.2704],[76.6087,30.2679],[76.6144,30.2726],[76.6234,30.2646],[76.6354,30.2896],[76.6388,30.2844],[76.6705,30.3115],[76.677,30.3079],[76.6819,30.3113],[76.686,30.3146],[76.681,30.3183],[76.6886,30.3273],[76.6956,30.3216],[76.7,30.3281],[76.711,30.3258],[76.7164,30.3361],[76.7223,30.3333],[76.7297,30.3389],[76.7274,30.3411],[76.7326,30.3484],[76.7385,30.3464],[76.7461,30.3496],[76.7488,30.361],[76.7454,30.3679],[76.7375,30.3705],[76.7257,30.3619],[76.7199,30.3634],[76.7189,30.3666],[76.7312,30.3797],[76.7296,30.3823],[76.7195,30.3788],[76.7128,30.3903],[76.7145,30.4025],[76.7282,30.4004],[76.738,30.4084],[76.7401,30.4121],[76.735,30.4191],[76.741,30.4263],[76.7688,30.4308],[76.7772,30.4413],[76.7876,30.4335],[76.7773,30.4248],[76.7896,30.415],[76.7951,30.4187],[76.8039,30.4126],[76.8111,30.4164],[76.8234,30.4116],[76.8468,30.4381],[76.851,30.4353],[76.8561,30.4177],[76.8833,30.4087],[76.8808,30.3939],[76.8862,30.3941],[76.8979,30.3821],[76.8903,30.3695],[76.8965,30.3597],[76.9156,30.3653],[76.9211,30.3747],[76.9358,30.3847],[76.9394,30.3948],[76.9319,30.4005],[76.9112,30.3999],[76.918,30.4065],[76.9112,30.4192],[76.9147,30.4251],[76.9097,30.4295],[76.9073,30.4251],[76.8986,30.4258],[76.9065,30.4358],[76.8974,30.4342],[76.8949,30.4273],[76.8864,30.4297],[76.8906,30.441],[76.896,30.4395],[76.8952,30.446],[76.899,30.4465],[76.9123,30.4658],[76.911,30.4709],[76.8969,30.4811],[76.8989,30.4888],[76.9108,30.4943],[76.9189,30.4895],[76.9311,30.5009],[76.9286,30.5076],[76.932,30.5222],[76.9156,30.5258],[76.9125,30.534],[76.896,30.5382],[76.8865,30.5499],[76.9049,30.543],[76.9161,30.5537],[76.9175,30.5592],[76.9089,30.5648],[76.9177,30.5761],[76.9151,30.5822],[76.9198,30.5852],[76.9096,30.5919],[76.9202,30.5933],[76.9271,30.6037],[76.9223,30.6056],[76.926,30.6101],[76.9135,30.6115],[76.9101,30.6262],[76.9028,30.6244],[76.8955,30.629],[76.8928,30.6311],[76.8964,30.6359],[76.8851,30.6453],[76.8712,30.6422],[76.8764,30.6806],[76.8592,30.6611],[76.8468,30.6567],[76.8458,30.6687],[76.8325,30.6632],[76.8292,30.681],[76.8031,30.6664],[76.8003,30.6703],[76.7963,30.6677],[76.79,30.6756],[76.7766,30.6704],[76.764,30.6864],[76.7524,30.6845],[76.7477,30.6876],[76.7471,30.6956],[76.7393,30.6929],[76.7391,30.7058],[76.73,30.7069],[76.7311,30.7236],[76.7212,30.73],[76.7142,30.741],[76.7067,30.7405],[76.7052,30.7561],[76.7117,30.7617],[76.7439,30.7697],[76.7436,30.7762],[76.7522,30.7803],[76.7517,30.7843],[76.7715,30.7953],[76.7828,30.7892],[76.787,30.7796],[76.7793,30.778],[76.7826,30.7708],[76.7901,30.7708],[76.7913,30.7675],[76.8132,30.7802],[76.8185,30.778],[76.8191,30.7729],[76.805,30.7653],[76.815,30.753],[76.82,30.7611],[76.8265,30.7635],[76.8381,30.7549],[76.8418,30.7745],[76.8543,30.7873],[76.8507,30.7912],[76.857,30.7948],[76.8453,30.8072],[76.8488,30.8142],[76.8467,30.834],[76.8232,30.8445],[76.814,30.843],[76.8146,30.8525],[76.7843,30.8779],[76.7767,30.9043],[76.7714,30.9071],[76.766,30.9209],[76.7399,30.9355],[76.7372,30.9496],[76.7223,30.9611],[76.7168,30.9599],[76.7096,30.9698],[76.6732,30.9688],[76.6658,30.9808],[76.638,30.9903],[76.6338,30.9959],[76.6247,30.9988],[76.6291,31.0235],[76.617,31.0299],[76.611,31.0459],[76.6226,31.055],[76.618,31.0782],[76.6231,31.0796],[76.6257,31.0914],[76.6386,31.1081],[76.6361,31.1164],[76.617,31.1162],[76.6134,31.1223],[76.602,31.1238],[76.6124,31.1482],[76.6018,31.1532],[76.6031,31.165],[76.609,31.1733],[76.6077,31.1779],[76.6017,31.1758],[76.6,31.1785],[76.6112,31.1823],[76.6178,31.1929],[76.6454,31.2091],[76.6345,31.2179],[76.6418,31.2227],[76.6277,31.2266],[76.6141,31.2179],[76.5932,31.2117],[76.5886,31.2228],[76.5952,31.2268],[76.5984,31.2396],[76.6098,31.2436],[76.6121,31.2479],[76.5926,31.2651],[76.5877,31.2743],[76.5835,31.2762],[76.5751,31.2703],[76.56,31.2528],[76.5528,31.2552],[76.5492,31.2528],[76.5436,31.259],[76.5513,31.2788],[76.5429,31.2825],[76.5377,31.2706],[76.5393,31.2611],[76.5314,31.2564],[76.5238,31.2582],[76.5305,31.2711],[76.5274,31.2772],[76.5213,31.2803],[76.5039,31.2669],[76.4973,31.2705],[76.4972,31.286],[76.4916,31.2885],[76.4861,31.304],[76.4795,31.3083],[76.4593,31.2857],[76.4428,31.2772],[76.4397,31.279],[76.441,31.2876],[76.4585,31.2954],[76.4638,31.3015],[76.4317,31.3269],[76.424,31.3491],[76.4185,31.3501],[76.4042,31.3779],[76.3926,31.3895],[76.3984,31.3934],[76.4038,31.3923],[76.4033,31.3969],[76.3969,31.4074],[76.388,31.4091],[76.3899,31.4166],[76.3752,31.437],[76.3702,31.4288],[76.3723,31.409],[76.3678,31.4039],[76.3485,31.3978],[76.3466,31.4024],[76.3428,31.3983],[76.3422,31.4009],[76.3311,31.4012],[76.3296,31.3786],[76.3417,31.3782],[76.3424,31.3548],[76.3544,31.345],[76.3472,31.3469],[76.3439,31.3406],[76.3377,31.3403],[76.3341,31.3494],[76.3076,31.3427],[76.313,31.3301],[76.3226,31.3217],[76.3112,31.3195],[76.2757,31.3006],[76.2707,31.303],[76.2689,31.3131],[76.2395,31.3085],[76.2139,31.2995],[76.191,31.3],[76.1798,31.3066],[76.1788,31.3405],[76.159,31.3437],[76.1469,31.359],[76.1477,31.3796],[76.1685,31.3963],[76.1686,31.4097],[76.1601,31.4148],[76.1625,31.4213],[76.1567,31.4305],[76.1457,31.4339],[76.139,31.4488],[76.1331,31.452],[76.1354,31.4589],[76.1307,31.4711],[76.117,31.4831],[76.1208,31.4976],[76.1131,31.4999],[76.1065,31.5099],[76.0985,31.5365],[76.0815,31.5521],[76.072,31.5696],[76.056,31.5855],[76.0551,31.6057],[76.0461,31.6033],[76.0177,31.6322],[76.021,31.6406],[76.0184,31.6489],[76.0089,31.6534],[76.0001,31.6876],[75.9784,31.7337],[75.9726,31.7386],[75.9751,31.7438],[75.9602,31.7812],[75.9531,31.7833],[75.953,31.7896],[75.9367,31.8155],[75.9475,31.813],[75.9673,31.8238],[75.9785,31.813],[75.9865,31.8123],[75.9865,31.818],[75.9712,31.8285],[75.9612,31.8549],[75.9155,31.9311],[75.9104,31.9502],[75.8826,31.9659],[75.883,31.969],[75.8569,31.9739],[75.851,31.9822],[75.8217,31.984],[75.7996,31.9938],[75.7797,32.0047],[75.7508,32.0377],[75.7424,32.0394],[75.7234,32.033],[75.7107,32.0415],[75.708,32.0495],[75.6983,32.058],[75.6783,32.0634],[75.6746,32.0706],[75.6582,32.0777],[75.6366,32.0714],[75.6313,32.0745],[75.6204,32.0726],[75.6017,32.0658],[75.5948,32.0699],[75.5942,32.079],[75.6008,32.0931],[75.6109,32.0932],[75.6203,32.0979],[75.6265,32.1063],[75.6255,32.1182],[75.6613,32.1369],[75.6731,32.1588],[75.6639,32.1624],[75.6672,32.1776],[75.6589,32.1774],[75.6567,32.1835],[75.6632,32.1916],[75.6557,32.1971],[75.6374,32.1927],[75.6371,32.1872],[75.6242,32.1903],[75.6265,32.2155],[75.6388,32.2219],[75.6366,32.2314],[75.6179,32.2367],[75.6385,32.252],[75.6653,32.2534],[75.7133,32.2726],[75.7448,32.2769],[75.7706,32.2887],[75.7815,32.3091],[75.7978,32.3246],[75.8152,32.3304],[75.8079,32.3411],[75.8112,32.3486],[75.827,32.3505],[75.8347,32.357],[75.8441,32.3558],[75.8474,32.3739],[75.8565,32.3848],[75.8735,32.3955],[75.8938,32.3933],[75.9161,32.397],[75.9217,32.3965],[75.9233,32.3913],[75.9347,32.3934],[75.9365,32.3974],[75.918,32.4144],[75.9206,32.4291],[75.9079,32.4365],[75.9018,32.4528],[75.8909,32.4572],[75.8766,32.4724],[75.8576,32.4839],[75.8472,32.4971],[75.8438,32.5091]]]},"properties":{"STNAME":"PUNJAB","STCODE11":"03","STNAME_SH":"Punjab","Shape_Length":2109547.336202703,"Shape_Area":68536515071.26769,"OBJECTID_1":15,"OBJECTID":15,"State_LGD":3,"Shape_Leng":2109547.3362,"MaxSimpTol":300,"MinSimpTol":300}},{"type":"Feature","id":16,"geometry":{"type":"Polygon","coordinates":[[[73.9751,30.12],[73.9707,30.1251],[73.968,30.1437],[73.9726,30.1981],[73.8265,30.0912],[73.8062,30.0677],[73.5971,30.0189],[73.397,29.9459],[73.2824,29.572],[73.0845,29.2358],[73.0043,29.1529],[72.9452,29.0277],[72.7325,28.9476],[72.4793,28.8122],[72.4037,28.7832],[72.3922,28.7719],[72.2993,28.6695],[72.2061,28.3941],[72.1322,28.3129],[72.0164,28.2276],[71.9961,28.208],[71.9277,28.1216],[71.8983,27.9615],[71.875,27.9558],[71.666,27.8778],[71.3826,27.8725],[71.2051,27.8353],[70.9824,27.7422],[70.9628,27.7293],[70.951,27.7288],[70.9058,27.7095],[70.8716,27.7056],[70.7591,27.7212],[70.7395,27.7419],[70.7321,27.7604],[70.684,27.8282],[70.6771,27.9218],[70.5983,27.9931],[70.5892,28.0104],[70.554,28.0263],[70.5054,28.037],[70.4391,28.0202],[70.3719,28.0118],[70.2958,27.9359],[70.2258,27.9008],[70.1974,27.8667],[70.1322,27.8056],[70.0257,27.5629],[69.9335,27.4978],[69.8906,27.4333],[69.8629,27.4022],[69.783,27.3425],[69.76,27.3211],[69.7021,27.2839],[69.6446,27.2252],[69.5869,27.1835],[69.5131,27.01],[69.4975,26.8669],[69.4842,26.8049],[69.5101,26.7436],[69.7195,26.6548],[69.7917,26.5983],[69.8223,26.5892],[69.8859,26.5788],[69.9344,26.5815],[70.056,26.6006],[70.1172,26.587],[70.174,26.5514],[70.1842,26.4848],[70.1767,26.424],[70.1851,26.3743],[70.1634,26.295],[70.1749,26.2514],[70.168,26.2182],[70.1409,26.156],[70.0832,26.0834],[70.0995,25.9383],[70.1741,25.8285],[70.1969,25.8156],[70.2222,25.7932],[70.2467,25.7623],[70.2684,25.7138],[70.3582,25.6803],[70.3867,25.6739],[70.4482,25.682],[70.5299,25.6836],[70.6085,25.7151],[70.647,25.7128],[70.6598,25.7022],[70.6737,25.676],[70.6669,25.5314],[70.6782,25.5257],[70.6711,25.4611],[70.6717,25.4204],[70.6645,25.3971],[70.7365,25.3326],[70.7513,25.2779],[70.8882,25.1483],[70.9157,25.0107],[70.9374,24.9388],[71.0263,24.8091],[71.0652,24.7176],[71.112,24.6757],[71.2876,24.6158],[71.2987,24.6239],[71.3137,24.648],[71.3478,24.661],[71.3586,24.6309],[71.3774,24.6259],[71.3828,24.6336],[71.3912,24.6312],[71.3984,24.6406],[71.4226,24.6477],[71.4272,24.6555],[71.4477,24.6683],[71.4618,24.6663],[71.4786,24.6797],[71.5027,24.6828],[71.5135,24.6794],[71.529,24.6851],[71.5419,24.6761],[71.5734,24.6839],[71.5904,24.6673],[71.6079,24.677],[71.6196,24.6674],[71.6243,24.6697],[71.6296,24.6604],[71.6388,24.6594],[71.6439,24.6438],[71.6554,24.6391],[71.7079,24.6617],[71.7365,24.6602],[71.7624,24.6685],[71.7727,24.6757],[71.7915,24.6772],[71.803,24.6715],[71.8104,24.6559],[71.8025,24.631],[71.8059,24.6266],[71.8161,24.6202],[71.8378,24.6212],[71.8522,24.6092],[71.8556,24.622],[71.8654,24.6306],[71.8576,24.6511],[71.8578,24.6664],[71.8718,24.6816],[71.885,24.6774],[71.8882,24.672],[71.9075,24.6774],[71.9186,24.672],[71.9203,24.664],[71.9117,24.6584],[71.9155,24.6494],[71.9255,24.6359],[71.9387,24.6364],[71.9399,24.6337],[71.9462,24.641],[71.9643,24.6457],[71.9774,24.6568],[71.9882,24.6574],[71.9828,24.6724],[71.9838,24.6858],[71.9938,24.6949],[72.0011,24.6948],[72.0014,24.6883],[72.0125,24.6905],[72.0426,24.7043],[72.0485,24.7105],[72.0613,24.712],[72.0852,24.7063],[72.0928,24.6818],[72.0862,24.6775],[72.0898,24.6586],[72.1088,24.6465],[72.115,24.6483],[72.1246,24.6385],[72.1503,24.6436],[72.1603,24.6352],[72.1648,24.6212],[72.192,24.6199],[72.1966,24.6146],[72.1947,24.6229],[72.2167,24.6268],[72.2304,24.6405],[72.2547,24.6248],[72.2708,24.6375],[72.2737,24.6283],[72.2892,24.6194],[72.2971,24.6247],[72.305,24.6174],[72.3202,24.6177],[72.3355,24.6332],[72.3474,24.6284],[72.3435,24.6216],[72.3445,24.6107],[72.3361,24.5986],[72.3137,24.5938],[72.2974,24.6089],[72.29,24.6036],[72.2761,24.6073],[72.2644,24.6044],[72.2643,24.5999],[72.2464,24.5855],[72.2648,24.5602],[72.2751,24.5653],[72.2857,24.5651],[72.2893,24.5479],[72.2948,24.5467],[72.329,24.5523],[72.3269,24.5579],[72.3309,24.5692],[72.3414,24.563],[72.3537,24.5637],[72.3584,24.5508],[72.3701,24.5436],[72.3681,24.5373],[72.3797,24.5123],[72.3886,24.5076],[72.4163,24.5211],[72.4242,24.5165],[72.4414,24.515],[72.4429,24.5039],[72.4302,24.4801],[72.4338,24.46],[72.4515,24.442],[72.4584,24.4248],[72.4573,24.4147],[72.5004,24.4169],[72.4932,24.459],[72.5044,24.4583],[72.5048,24.4715],[72.5145,24.4839],[72.5201,24.5003],[72.5335,24.5037],[72.539,24.5195],[72.576,24.4788],[72.6563,24.4621],[72.6834,24.4638],[72.6875,24.4525],[72.6798,24.4428],[72.6892,24.4116],[72.7243,24.3675],[72.7309,24.3642],[72.7714,24.3681],[72.8058,24.3628],[72.8148,24.3701],[72.8498,24.3719],[72.8912,24.3569],[72.9107,24.3371],[72.9192,24.3443],[72.9377,24.3482],[72.9751,24.3687],[72.9776,24.3767],[72.9744,24.3827],[72.9544,24.3912],[72.9493,24.3981],[72.9667,24.4108],[72.981,24.434],[72.9731,24.4422],[72.9746,24.4491],[72.9678,24.4506],[72.9911,24.4778],[73.001,24.4835],[73.0067,24.4753],[73.0032,24.4667],[73.0317,24.4672],[73.0346,24.4641],[73.0487,24.4692],[73.0479,24.4746],[73.0567,24.478],[73.0602,24.4839],[73.0724,24.4871],[73.0737,24.4933],[73.0872,24.498],[73.0959,24.49],[73.0911,24.475],[73.1018,24.4707],[73.1033,24.4557],[73.0984,24.4479],[73.1028,24.4329],[73.0765,24.3965],[73.0875,24.3865],[73.1,24.3903],[73.1023,24.3817],[73.1053,24.3825],[73.1117,24.3735],[73.1328,24.367],[73.152,24.3543],[73.1707,24.3557],[73.1985,24.3768],[73.2193,24.3638],[73.2063,24.3512],[73.1986,24.3318],[73.1878,24.3339],[73.1817,24.3432],[73.1764,24.3378],[73.1736,24.3085],[73.1692,24.3002],[73.1409,24.311],[73.1354,24.3083],[73.1255,24.2733],[73.1076,24.2642],[73.0954,24.2493],[73.0934,24.2379],[73.0879,24.2337],[73.0971,24.231],[73.0922,24.2232],[73.0785,24.2193],[73.0793,24.205],[73.0675,24.1946],[73.0766,24.1791],[73.0992,24.1594],[73.1034,24.1437],[73.1104,24.1422],[73.1252,24.1248],[73.1375,24.1225],[73.1535,24.1127],[73.1589,24.0982],[73.2139,24.0776],[73.2024,24.0509],[73.1932,24.0409],[73.2089,24.0338],[73.2108,24.0288],[73.2294,24.022],[73.2298,24.0156],[73.2366,24.0123],[73.2428,24.0022],[73.2493,24.0031],[73.2653,24.0202],[73.2824,24.0192],[73.2967,24.0439],[73.3167,24.0535],[73.3253,24.0773],[73.3215,24.0972],[73.3263,24.1096],[73.333,24.1086],[73.3384,24.0987],[73.3471,24.1067],[73.362,24.1046],[73.3609,24.0812],[73.3863,24.0646],[73.4047,24.041],[73.4009,24.0321],[73.408,24.008],[73.4038,23.9932],[73.3986,23.99],[73.415,23.9857],[73.4133,23.9391],[73.4208,23.9307],[73.4201,23.9248],[73.409,23.9215],[73.4065,23.9164],[73.3952,23.9189],[73.3875,23.9158],[73.3791,23.9048],[73.3777,23.8961],[73.371,23.8911],[73.368,23.8782],[73.3611,23.8726],[73.3539,23.8528],[73.3677,23.8394],[73.3651,23.8237],[73.3679,23.8141],[73.3587,23.7956],[73.3519,23.7913],[73.3634,23.7821],[73.3715,23.7704],[73.3708,23.7652],[73.3828,23.7682],[73.3863,23.7766],[73.4003,23.785],[73.418,23.7767],[73.4164,23.7702],[73.4244,23.7616],[73.4478,23.7528],[73.4492,23.7347],[73.4568,23.7334],[73.4714,23.7196],[73.4735,23.7051],[73.4907,23.7068],[73.5074,23.703],[73.5039,23.6566],[73.4966,23.6491],[73.5088,23.6443],[73.4938,23.6323],[73.5038,23.6243],[73.5035,23.6182],[73.5231,23.6068],[73.5727,23.6537],[73.6155,23.652],[73.6407,23.6281],[73.6557,23.6212],[73.6449,23.604],[73.6434,23.5943],[73.6476,23.5745],[73.6442,23.5722],[73.6497,23.568],[73.6366,23.5645],[73.6331,23.5286],[73.6505,23.5185],[73.6564,23.5074],[73.6496,23.4964],[73.6407,23.4963],[73.6403,23.4826],[73.6272,23.4485],[73.636,23.449],[73.6475,23.4364],[73.6739,23.454],[73.6974,23.4566],[73.7069,23.4456],[73.7051,23.4381],[73.7117,23.4354],[73.7081,23.4222],[73.7208,23.4101],[73.7288,23.4231],[73.7509,23.4419],[73.7558,23.4542],[73.7677,23.4528],[73.7723,23.4377],[73.7766,23.4377],[73.779,23.4312],[73.7863,23.4301],[73.8035,23.4377],[73.8186,23.4384],[73.8287,23.4476],[73.8332,23.4358],[73.8303,23.4262],[73.8636,23.3894],[73.8618,23.3835],[73.8692,23.3818],[73.8678,23.378],[73.873,23.3794],[73.8743,23.3636],[73.8873,23.3572],[73.8927,23.3482],[73.8919,23.334],[73.9357,23.3396],[73.9394,23.3443],[73.938,23.3679],[73.9624,23.3808],[73.975,23.3721],[73.9803,23.3628],[73.9795,23.3553],[73.9842,23.3527],[73.982,23.3378],[74.0287,23.3316],[74.0248,23.321],[74.0331,23.3059],[74.0449,23.3087],[74.0382,23.2934],[74.0718,23.2988],[74.0922,23.298],[74.1069,23.2937],[74.1156,23.2743],[74.1388,23.266],[74.1363,23.2452],[74.1408,23.2229],[74.1348,23.2165],[74.1363,23.2109],[74.1256,23.2042],[74.1228,23.1845],[74.1278,23.176],[74.1474,23.1729],[74.1555,23.1563],[74.1728,23.1557],[74.1812,23.1516],[74.1854,23.1568],[74.183,23.1663],[74.1886,23.1781],[74.1958,23.1805],[74.2029,23.1902],[74.2337,23.1796],[74.2471,23.1844],[74.2529,23.172],[74.2727,23.1596],[74.2801,23.1318],[74.293,23.1172],[74.2832,23.0991],[74.2844,23.0932],[74.3145,23.077],[74.3244,23.0614],[74.3415,23.0679],[74.356,23.0799],[74.3564,23.0887],[74.3861,23.1115],[74.4055,23.1123],[74.423,23.1041],[74.4322,23.105],[74.441,23.0907],[74.4542,23.0883],[74.4641,23.0817],[74.4894,23.0875],[74.5058,23.0851],[74.5106,23.0947],[74.528,23.0976],[74.5448,23.109],[74.5464,23.114],[74.5394,23.1293],[74.5767,23.1342],[74.5849,23.1396],[74.5965,23.1379],[74.6066,23.1426],[74.6184,23.1505],[74.6249,23.1617],[74.6493,23.1752],[74.6714,23.2001],[74.6818,23.1939],[74.7085,23.1942],[74.715,23.1907],[74.7255,23.2012],[74.7415,23.2084],[74.7444,23.2119],[74.7404,23.2176],[74.7487,23.2235],[74.7471,23.2267],[74.7411,23.2265],[74.7264,23.215],[74.7173,23.2157],[74.7155,23.2192],[74.7021,23.2145],[74.6918,23.2192],[74.6914,23.2256],[74.7151,23.2367],[74.713,23.2504],[74.6984,23.2574],[74.6998,23.2684],[74.6936,23.2653],[74.6768,23.2739],[74.6489,23.256],[74.6389,23.2554],[74.6269,23.2588],[74.6249,23.2738],[74.6094,23.2823],[74.5987,23.2769],[74.5851,23.2769],[74.5734,23.2897],[74.5744,23.2951],[74.564,23.2936],[74.5583,23.2797],[74.5467,23.277],[74.5394,23.2998],[74.5343,23.3006],[74.5279,23.3108],[74.5311,23.3131],[74.5299,23.3207],[74.515,23.3157],[74.5142,23.3282],[74.5351,23.3308],[74.5397,23.3348],[74.5398,23.3619],[74.5467,23.3649],[74.5576,23.3618],[74.5591,23.3712],[74.5689,23.3763],[74.5665,23.386],[74.5731,23.3964],[74.5724,23.4206],[74.5819,23.4216],[74.5873,23.4266],[74.5942,23.424],[74.5992,23.4288],[74.5991,23.4367],[74.6101,23.4518],[74.6041,23.4575],[74.613,23.4622],[74.6323,23.4616],[74.6331,23.4698],[74.6388,23.4638],[74.6519,23.4624],[74.66,23.4684],[74.6659,23.4828],[74.6787,23.4834],[74.6823,23.488],[74.6803,23.4949],[74.6867,23.4947],[74.7009,23.5042],[74.7184,23.5038],[74.7272,23.4954],[74.736,23.511],[74.7334,23.5217],[74.7617,23.5212],[74.7729,23.544],[74.7941,23.5509],[74.8029,23.5325],[74.8107,23.5411],[74.8224,23.5409],[74.8293,23.5507],[74.8473,23.5521],[74.8534,23.5707],[74.8734,23.577],[74.87,23.5918],[74.8801,23.5953],[74.8822,23.6061],[74.8937,23.6093],[74.9018,23.6177],[74.9027,23.6247],[74.9149,23.6181],[74.9365,23.6286],[74.9361,23.6397],[74.928,23.6422],[74.9218,23.6664],[74.908,23.6712],[74.8997,23.6822],[74.9216,23.6948],[74.9202,23.7194],[74.9245,23.7185],[74.9288,23.7282],[74.9363,23.7296],[74.9299,23.7403],[74.9301,23.75],[74.9243,23.7563],[74.9342,23.758],[74.9404,23.7647],[74.9243,23.7966],[74.9037,23.7942],[74.9114,23.8259],[74.9088,23.8356],[74.9138,23.8424],[74.9037,23.8527],[74.9025,23.8732],[74.9082,23.8819],[74.911,23.9081],[74.9208,23.9193],[74.9161,23.9309],[74.928,23.9392],[74.9311,23.9575],[74.946,23.962],[74.9589,23.972],[74.9654,24.0067],[74.9824,24.0257],[74.9739,24.0398],[74.9603,24.0393],[74.9602,24.046],[74.9393,24.0538],[74.9404,24.0698],[74.9207,24.0776],[74.918,24.0978],[74.9033,24.1092],[74.9081,24.121],[74.9011,24.1257],[74.9019,24.1388],[74.896,24.1577],[74.8795,24.1737],[74.8906,24.1879],[74.899,24.1906],[74.9102,24.2101],[74.898,24.2142],[74.8968,24.2271],[74.8867,24.2297],[74.8678,24.243],[74.8503,24.2364],[74.8113,24.2442],[74.7748,24.2386],[74.7543,24.2421],[74.7471,24.2534],[74.7813,24.2891],[74.7809,24.3385],[74.8019,24.3587],[74.8073,24.3808],[74.8215,24.3795],[74.8252,24.4],[74.841,24.409],[74.8488,24.4215],[74.8552,24.4243],[74.8542,24.4445],[74.8344,24.4431],[74.8301,24.4351],[74.8137,24.4367],[74.8221,24.4531],[74.8151,24.4686],[74.8063,24.4673],[74.7869,24.4722],[74.7767,24.4603],[74.7649,24.4667],[74.7444,24.4685],[74.7437,24.4741],[74.7317,24.4807],[74.7275,24.4888],[74.7087,24.4864],[74.7167,24.5067],[74.7247,24.5131],[74.7447,24.5134],[74.7442,24.5322],[74.7558,24.5346],[74.7537,24.5538],[74.7435,24.5714],[74.7527,24.5751],[74.7528,24.5796],[74.7671,24.5784],[74.7865,24.5858],[74.7796,24.6153],[74.7913,24.6206],[74.7914,24.6313],[74.803,24.634],[74.8062,24.6484],[74.8136,24.6495],[74.8142,24.6659],[74.7903,24.665],[74.7901,24.6599],[74.7836,24.6575],[74.7718,24.6614],[74.7837,24.6916],[74.7837,24.7019],[74.7872,24.7037],[74.7794,24.7314],[74.7839,24.7278],[74.8041,24.7352],[74.7999,24.7791],[74.809,24.7807],[74.8176,24.7454],[74.83,24.7279],[74.8362,24.7064],[74.8434,24.6985],[74.8478,24.6992],[74.8497,24.6886],[74.8546,24.6886],[74.8516,24.6787],[74.8528,24.6852],[74.8601,24.6832],[74.8582,24.6755],[74.865,24.6714],[74.8684,24.6591],[74.8753,24.6529],[74.8716,24.6527],[74.8729,24.6465],[74.876,24.6432],[74.8802,24.645],[74.8888,24.6336],[74.8944,24.6443],[74.9017,24.6328],[74.9052,24.6411],[74.9137,24.6368],[74.9291,24.6356],[74.9407,24.6408],[74.9433,24.6378],[74.9422,24.6474],[74.9509,24.6475],[74.9578,24.6615],[74.9614,24.6564],[74.9599,24.6661],[74.9641,24.6711],[74.9601,24.6787],[74.9757,24.679],[75.0016,24.6863],[75.0,24.6922],[74.9923,24.6934],[74.9924,24.7317],[75.0163,24.7319],[75.007,24.7715],[75.001,24.7746],[74.9845,24.7684],[74.9815,24.7636],[74.9725,24.7635],[74.9691,24.7703],[74.9488,24.7717],[74.9352,24.7783],[74.9146,24.769],[74.9105,24.7701],[74.907,24.7816],[74.895,24.7827],[74.8801,24.7901],[74.8798,24.7973],[74.8609,24.7985],[74.861,24.779],[74.8493,24.7759],[74.838,24.7973],[74.861,24.8045],[74.8591,24.8384],[74.8506,24.851],[74.8407,24.8852],[74.8314,24.8862],[74.8258,24.9007],[74.8266,24.9338],[74.8341,24.9437],[74.8336,24.9596],[74.8431,24.969],[74.8592,24.9627],[74.8698,24.9249],[74.8797,24.9299],[74.8812,24.9372],[74.8884,24.9374],[74.8921,24.9297],[74.9028,24.9299],[74.9164,24.9071],[74.9106,24.8939],[74.924,24.8779],[74.9273,24.8797],[74.932,24.8753],[74.9325,24.8812],[74.9532,24.8805],[74.9482,24.8645],[74.9585,24.8581],[74.9815,24.8584],[74.9855,24.8534],[74.994,24.8531],[75.0087,24.8564],[75.034,24.8446],[75.0518,24.8532],[75.0599,24.8635],[75.0553,24.8718],[75.0657,24.8681],[75.0765,24.8806],[75.0884,24.8788],[75.0874,24.8708],[75.1168,24.8779],[75.1192,24.8824],[75.1145,24.8933],[75.1174,24.8955],[75.1135,24.9006],[75.1195,24.91],[75.1166,24.911],[75.1136,24.9668],[75.1296,24.9692],[75.1415,24.9783],[75.1302,24.9796],[75.1322,24.9836],[75.1419,24.9899],[75.152,24.9892],[75.1592,25.0015],[75.1665,25.0028],[75.1617,25.0182],[75.1523,25.0207],[75.1552,25.0372],[75.1654,25.0399],[75.1658,25.0476],[75.17,25.0489],[75.1982,25.033],[75.2057,25.0389],[75.2259,25.0336],[75.2301,25.037],[75.2503,25.0355],[75.2676,25.0425],[75.2835,25.038],[75.3002,25.0419],[75.3343,25.0411],[75.35,25.0335],[75.3445,25.0295],[75.3514,25.0195],[75.3383,25.0186],[75.3211,25.0105],[75.3119,24.9957],[75.3141,24.979],[75.3278,24.9706],[75.3316,24.9578],[75.3371,24.9553],[75.321,24.9127],[75.3184,24.8941],[75.3127,24.8851],[75.3153,24.8944],[75.3116,24.9075],[75.3009,24.9236],[75.305,24.9284],[75.2901,24.9376],[75.2889,24.9514],[75.2819,24.953],[75.2852,24.9657],[75.2611,24.9634],[75.2578,24.9532],[75.2666,24.9508],[75.2728,24.936],[75.2795,24.9345],[75.2773,24.9249],[75.2879,24.9235],[75.2943,24.9089],[75.2845,24.908],[75.2773,24.8992],[75.2726,24.9041],[75.267,24.899],[75.2634,24.8748],[75.2744,24.8747],[75.2902,24.8662],[75.2946,24.8576],[75.3092,24.856],[75.3182,24.8604],[75.3266,24.8748],[75.3736,24.8677],[75.4018,24.8826],[75.4203,24.8862],[75.4259,24.884],[75.4257,24.8688],[75.42,24.8635],[75.418,24.8534],[75.4049,24.8456],[75.3464,24.8219],[75.3287,24.819],[75.3111,24.8009],[75.2978,24.8071],[75.2906,24.8334],[75.2784,24.84],[75.2498,24.8455],[75.2405,24.8458],[75.2369,24.8422],[75.2242,24.844],[75.2253,24.8341],[75.2491,24.83],[75.2541,24.8242],[75.2524,24.813],[75.2442,24.8046],[75.2156,24.8025],[75.2073,24.7921],[75.2075,24.7817],[75.2017,24.7713],[75.1928,24.7737],[75.1905,24.7539],[75.1844,24.7484],[75.1879,24.7435],[75.1975,24.7433],[75.2194,24.7025],[75.2284,24.7176],[75.2502,24.7134],[75.2647,24.7175],[75.2846,24.7089],[75.3492,24.7008],[75.371,24.6923],[75.4554,24.6806],[75.4899,24.687],[75.509,24.7012],[75.5339,24.7123],[75.5496,24.703],[75.5757,24.708],[75.5751,24.7124],[75.5831,24.7133],[75.6108,24.681],[75.646,24.6851],[75.6577,24.6934],[75.6832,24.7241],[75.7568,24.7615],[75.7698,24.7584],[75.7847,24.7617],[75.8022,24.7564],[75.8363,24.7278],[75.8339,24.6891],[75.8252,24.6675],[75.8388,24.6687],[75.8482,24.6632],[75.8491,24.6474],[75.8413,24.638],[75.8467,24.6309],[75.845,24.627],[75.8375,24.6207],[75.8284,24.6203],[75.8252,24.613],[75.8328,24.6051],[75.8367,24.6061],[75.8328,24.5955],[75.8355,24.5949],[75.8417,24.607],[75.8492,24.6108],[75.8715,24.6065],[75.8724,24.5899],[75.8786,24.5834],[75.9147,24.5723],[75.9123,24.5613],[75.9061,24.5627],[75.9039,24.5484],[75.9233,24.5351],[75.9206,24.5214],[75.9079,24.5126],[75.9016,24.5185],[75.8907,24.5186],[75.8881,24.5077],[75.9031,24.5044],[75.9039,24.497],[75.9116,24.4918],[75.9054,24.4725],[75.9092,24.455],[75.9026,24.4539],[75.9004,24.4422],[75.8758,24.4305],[75.8753,24.4265],[75.8388,24.4141],[75.8248,24.4273],[75.8098,24.4339],[75.8138,24.4618],[75.7894,24.4716],[75.7853,24.468],[75.7861,24.4532],[75.7734,24.4497],[75.774,24.4416],[75.7668,24.4344],[75.7476,24.4242],[75.7559,24.4206],[75.7553,24.4065],[75.7428,24.3977],[75.7315,24.3987],[75.7278,24.3905],[75.7295,24.3777],[75.7379,24.3823],[75.7401,24.3769],[75.7375,24.3535],[75.7432,24.3516],[75.7432,24.34],[75.7399,24.3321],[75.756,24.3211],[75.7664,24.2981],[75.7857,24.2965],[75.8019,24.3024],[75.8108,24.2958],[75.8118,24.2853],[75.8184,24.2806],[75.8117,24.2751],[75.8116,24.2577],[75.8192,24.2569],[75.813,24.2504],[75.8144,24.2443],[75.8181,24.2387],[75.8303,24.2334],[75.8154,24.2255],[75.8094,24.2294],[75.8076,24.2179],[75.7955,24.2147],[75.7926,24.21],[75.7765,24.2083],[75.7712,24.1892],[75.774,24.1807],[75.7639,24.1745],[75.7593,24.1561],[75.751,24.1434],[75.7704,24.1154],[75.777,24.119],[75.7826,24.1159],[75.7842,24.1069],[75.7909,24.1053],[75.7877,24.0986],[75.7929,24.0918],[75.8056,24.0996],[75.8166,24.0854],[75.835,24.0917],[75.8368,24.057],[75.7829,24.0433],[75.7831,24.0218],[75.7753,24.017],[75.7735,24.0076],[75.7626,24.0099],[75.7685,24.0009],[75.7655,23.9927],[75.7423,23.9927],[75.7413,23.977],[75.7307,23.9767],[75.7295,23.9702],[75.7175,23.9669],[75.7018,23.9665],[75.6988,23.988],[75.687,23.9887],[75.6877,24.0053],[75.6782,24.0073],[75.6746,24.0173],[75.6709,24.018],[75.6399,23.998],[75.616,23.9968],[75.6072,23.9926],[75.604,23.9955],[75.5957,23.99],[75.5955,23.9945],[75.5817,23.9912],[75.5796,23.9983],[75.5757,23.9941],[75.5674,24.0067],[75.5394,24.009],[75.5211,24.0246],[75.5036,24.0048],[75.4739,23.982],[75.4689,23.9744],[75.4602,23.9323],[75.4622,23.9145],[75.4915,23.9069],[75.4999,23.8997],[75.5051,23.8878],[75.5229,23.8841],[75.5643,23.8564],[75.5661,23.8441],[75.5767,23.8423],[75.5795,23.8349],[75.5748,23.8285],[75.5616,23.8322],[75.5592,23.8186],[75.5664,23.8095],[75.5809,23.8122],[75.5891,23.8096],[75.5835,23.7947],[75.608,23.7971],[75.6148,23.801],[75.6273,23.7955],[75.6544,23.7983],[75.6598,23.7842],[75.6755,23.7819],[75.6869,23.7553],[75.693,23.776],[75.7018,23.7864],[75.6902,23.8134],[75.6927,23.8165],[75.7071,23.8113],[75.7216,23.8119],[75.7209,23.8186],[75.7265,23.8205],[75.7192,23.8412],[75.726,23.8421],[75.7366,23.8565],[75.7352,23.8622],[75.7275,23.859],[75.711,23.8625],[75.709,23.8691],[75.7017,23.8728],[75.706,23.8993],[75.7158,23.8934],[75.7194,23.8974],[75.7276,23.8937],[75.7353,23.8985],[75.7401,23.8894],[75.7528,23.8872],[75.7646,23.8753],[75.7618,23.8659],[75.7656,23.8506],[75.7821,23.8488],[75.792,23.8586],[75.7938,23.867],[75.8181,23.8681],[75.8329,23.8799],[75.8408,23.8746],[75.8448,23.8762],[75.8447,23.8839],[75.8532,23.8875],[75.8706,23.8904],[75.8767,23.8853],[75.8768,23.88],[75.8862,23.879],[75.8949,23.8893],[75.9052,23.8892],[75.9238,23.8986],[75.9375,23.8966],[75.945,23.9093],[75.953,23.9118],[75.9553,23.9208],[75.9814,23.9289],[75.98,23.9359],[75.9874,23.9409],[75.9839,23.9512],[75.9849,23.9737],[75.9673,23.9912],[75.9635,24.0187],[75.9783,24.0265],[75.9987,24.0207],[76.0094,24.0244],[76.0213,24.0347],[76.023,24.0487],[76.0303,24.0517],[76.0314,24.0579],[76.0421,24.0659],[76.0551,24.0652],[76.0728,24.0766],[76.076,24.0709],[76.1005,24.087],[76.1213,24.0845],[76.1271,24.088],[76.1205,24.1082],[76.131,24.1167],[76.1224,24.1378],[76.1244,24.1591],[76.1137,24.1638],[76.1174,24.1941],[76.1447,24.2225],[76.1483,24.2316],[76.1431,24.2558],[76.1391,24.2563],[76.1413,24.2673],[76.1367,24.2709],[76.1433,24.283],[76.1625,24.2847],[76.1646,24.2946],[76.1686,24.2967],[76.1647,24.307],[76.1742,24.3073],[76.1854,24.3293],[76.2047,24.3009],[76.1946,24.2731],[76.2021,24.2688],[76.2064,24.2289],[76.2032,24.2205],[76.2125,24.2098],[76.2248,24.2165],[76.2399,24.2188],[76.2812,24.2068],[76.2856,24.2096],[76.2873,24.2299],[76.311,24.2377],[76.3218,24.2454],[76.3576,24.2397],[76.3584,24.2356],[76.3819,24.2212],[76.4019,24.2155],[76.4126,24.2003],[76.4208,24.2085],[76.4164,24.211],[76.4164,24.2207],[76.4304,24.2213],[76.4521,24.2091],[76.4629,24.2233],[76.4705,24.2259],[76.4806,24.2079],[76.5048,24.2031],[76.5135,24.1655],[76.5276,24.157],[76.5506,24.163],[76.5699,24.178],[76.5713,24.1746],[76.5768,24.1778],[76.5744,24.1868],[76.5641,24.1912],[76.5704,24.2092],[76.5817,24.2115],[76.595,24.2228],[76.5848,24.2437],[76.5957,24.2441],[76.6112,24.2383],[76.6164,24.2578],[76.629,24.2603],[76.6336,24.2577],[76.6434,24.2693],[76.6665,24.2624],[76.6954,24.2843],[76.7022,24.2414],[76.6901,24.23],[76.676,24.1909],[76.6865,24.1858],[76.6989,24.1684],[76.7193,24.1589],[76.726,24.1613],[76.7262,24.1685],[76.7564,24.1691],[76.7609,24.165],[76.76,24.1603],[76.7698,24.1609],[76.7907,24.1238],[76.802,24.1165],[76.8122,24.1229],[76.8334,24.1222],[76.8546,24.1357],[76.8794,24.1356],[76.879,24.1305],[76.9008,24.1272],[76.9098,24.1527],[76.9086,24.1604],[76.916,24.1736],[76.9161,24.1877],[76.9355,24.1839],[76.9471,24.201],[76.946,24.206],[76.9224,24.2116],[76.9228,24.2253],[76.9155,24.2293],[76.9123,24.2379],[76.9047,24.2369],[76.8889,24.2448],[76.8876,24.252],[76.8796,24.2556],[76.88,24.2608],[76.8631,24.2731],[76.8566,24.3044],[76.8415,24.3225],[76.8324,24.3581],[76.8518,24.3707],[76.8454,24.3754],[76.851,24.383],[76.8451,24.4006],[76.8375,24.4085],[76.8504,24.4234],[76.8409,24.4425],[76.8439,24.4502],[76.8518,24.4503],[76.8533,24.4669],[76.8479,24.4736],[76.8465,24.4864],[76.8354,24.4889],[76.8366,24.4931],[76.8282,24.5031],[76.8283,24.5131],[76.8163,24.5244],[76.8164,24.5336],[76.8383,24.5458],[76.8629,24.5496],[76.8767,24.539],[76.8727,24.5277],[76.8841,24.5215],[76.9017,24.5458],[76.9176,24.5434],[76.9218,24.5206],[76.9155,24.5018],[76.9184,24.4807],[76.926,24.4742],[76.9386,24.4723],[76.9431,24.4651],[76.9508,24.4657],[76.9509,24.4618],[76.9553,24.4644],[76.9778,24.4612],[76.9835,24.4728],[77.0089,24.4769],[77.0088,24.4821],[77.0139,24.4839],[77.0116,24.4922],[77.029,24.4961],[77.0293,24.5168],[77.0356,24.521],[77.0369,24.5281],[77.0422,24.525],[77.0547,24.5264],[77.0713,24.5724],[77.0653,24.5939],[77.0688,24.609],[77.0651,24.6438],[77.0432,24.6804],[77.0414,24.7001],[77.0307,24.7122],[77.0119,24.7125],[76.9989,24.7178],[76.9964,24.7321],[76.9741,24.7361],[76.9635,24.7565],[76.9544,24.7595],[76.9467,24.7588],[76.9306,24.7433],[76.9069,24.7315],[76.8906,24.7469],[76.8561,24.7425],[76.8494,24.7478],[76.8464,24.77],[76.8026,24.8093],[76.8,24.8247],[76.8152,24.8284],[76.8244,24.8362],[76.8977,24.8386],[76.9296,24.8482],[76.9496,24.8694],[76.9336,24.8743],[76.9325,24.8814],[76.9222,24.8801],[76.9125,24.8882],[76.9174,24.9044],[76.9219,24.9067],[76.9201,24.9166],[76.9097,24.921],[76.8902,24.9194],[76.8895,24.9338],[76.8773,24.942],[76.8619,24.9614],[76.8679,24.9835],[76.8569,25.0025],[76.8753,25.0073],[76.8762,25.0415],[76.9455,25.0467],[76.9619,25.0563],[76.9679,25.0508],[76.9748,25.0664],[77.0003,25.0748],[77.0243,25.066],[77.0399,25.0679],[77.0431,25.0634],[77.0627,25.0635],[77.0853,25.0551],[77.0955,25.0655],[77.1228,25.0669],[77.1337,25.0853],[77.148,25.0953],[77.1498,25.0866],[77.1669,25.0849],[77.1714,25.0979],[77.1683,25.1028],[77.1746,25.1117],[77.1851,25.108],[77.2055,25.1138],[77.2149,25.1091],[77.2387,25.1068],[77.2695,25.116],[77.2741,25.1108],[77.2887,25.1064],[77.2983,25.0864],[77.3112,25.0797],[77.3145,25.0845],[77.3409,25.0957],[77.3576,25.0937],[77.3758,25.1048],[77.376,25.1105],[77.3931,25.1194],[77.4025,25.1093],[77.4066,25.1117],[77.4022,25.1206],[77.3907,25.1231],[77.3962,25.1378],[77.3932,25.1595],[77.4001,25.1661],[77.4003,25.1839],[77.417,25.186],[77.422,25.1832],[77.4265,25.188],[77.4184,25.1983],[77.4115,25.2239],[77.3942,25.2298],[77.3823,25.2456],[77.371,25.2459],[77.3663,25.26],[77.3552,25.2635],[77.3543,25.2734],[77.3627,25.2789],[77.3741,25.2745],[77.381,25.2924],[77.3814,25.3057],[77.3763,25.3181],[77.3674,25.3286],[77.3533,25.3205],[77.3422,25.3217],[77.3497,25.3289],[77.3616,25.359],[77.3667,25.3606],[77.3599,25.3691],[77.3515,25.3701],[77.3509,25.3853],[77.3577,25.3988],[77.3677,25.4019],[77.3709,25.4084],[77.3603,25.4192],[77.3492,25.4162],[77.3316,25.4272],[77.3141,25.4314],[77.2912,25.4227],[77.2673,25.3958],[77.2508,25.3877],[77.2487,25.3807],[77.2342,25.3789],[77.2279,25.3685],[77.23,25.3599],[77.2243,25.3354],[77.229,25.338],[77.2344,25.3337],[77.2256,25.3302],[77.2232,25.3188],[77.215,25.3198],[77.2198,25.3254],[77.2174,25.3296],[77.2056,25.3265],[77.2115,25.3094],[77.2092,25.3062],[77.1795,25.3116],[77.1648,25.3083],[77.1439,25.3207],[77.1344,25.3211],[77.1252,25.3305],[77.0835,25.3367],[77.07,25.3187],[77.0573,25.316],[77.0457,25.3194],[77.0314,25.2945],[76.9736,25.3003],[76.9598,25.2967],[76.9578,25.2843],[76.9431,25.2821],[76.9233,25.2854],[76.9295,25.3029],[76.8991,25.3242],[76.8812,25.3242],[76.8572,25.3327],[76.7777,25.3155],[76.7293,25.3285],[76.7005,25.3515],[76.6695,25.3491],[76.6604,25.3654],[76.6566,25.3612],[76.6545,25.3666],[76.6497,25.3664],[76.6402,25.3835],[76.6234,25.3767],[76.6094,25.3904],[76.5985,25.3923],[76.5985,25.4047],[76.5876,25.4318],[76.5814,25.4372],[76.5683,25.44],[76.5558,25.4526],[76.5554,25.483],[76.5408,25.5003],[76.5371,25.5112],[76.5164,25.5276],[76.52,25.5473],[76.5056,25.5796],[76.5138,25.6028],[76.5109,25.6283],[76.4969,25.6426],[76.5041,25.6709],[76.4792,25.6844],[76.4726,25.6984],[76.4731,25.7092],[76.5005,25.7281],[76.5222,25.7283],[76.5234,25.7399],[76.5172,25.7535],[76.5154,25.7759],[76.5207,25.7925],[76.5301,25.8114],[76.5559,25.8336],[76.5823,25.8702],[76.5914,25.8755],[76.6152,25.868],[76.6215,25.8692],[76.6318,25.9],[76.6419,25.9079],[76.6725,25.91],[76.7065,25.9001],[76.7157,25.9007],[76.7328,25.9063],[76.7581,25.9225],[76.7467,25.9344],[76.7487,25.9409],[76.7795,25.9386],[76.791,25.9431],[76.8082,25.9667],[76.8078,25.9727],[76.8022,25.976],[76.8071,25.99],[76.8269,26.0075],[76.84,26.0261],[76.8567,26.0349],[76.8669,26.0329],[76.8853,26.048],[76.8978,26.0744],[76.9011,26.0932],[76.9481,26.1028],[76.9777,26.125],[76.999,26.1301],[77.0064,26.1512],[77.0314,26.1725],[77.0555,26.1798],[77.0821,26.1792],[77.0984,26.1843],[77.1122,26.2024],[77.1163,26.2203],[77.1351,26.2334],[77.1668,26.2326],[77.1754,26.2391],[77.2039,26.23],[77.2518,26.2598],[77.2702,26.2671],[77.3109,26.3045],[77.3167,26.3118],[77.3176,26.3174],[77.3144,26.3183],[77.3209,26.3334],[77.3305,26.3439],[77.3352,26.3415],[77.3425,26.3522],[77.3556,26.355],[77.3742,26.3657],[77.3904,26.3565],[77.4104,26.3631],[77.4443,26.3616],[77.4485,26.3678],[77.4353,26.3934],[77.4376,26.4034],[77.4613,26.4041],[77.4858,26.4108],[77.5235,26.4073],[77.5384,26.4113],[77.5466,26.4165],[77.5587,26.4353],[77.5729,26.4369],[77.5886,26.4464],[77.6135,26.4527],[77.6333,26.4787],[77.6755,26.503],[77.6829,26.5046],[77.6915,26.4996],[77.7104,26.4983],[77.7263,26.5021],[77.7447,26.5382],[77.7551,26.5389],[77.7834,26.5521],[77.8119,26.5472],[77.8236,26.5504],[77.8325,26.5615],[77.8358,26.5771],[77.8273,26.596],[77.8358,26.6063],[77.8472,26.6119],[77.8946,26.6152],[77.8976,26.6537],[77.9036,26.659],[77.9536,26.6592],[77.9832,26.6736],[78.0006,26.6949],[78.0553,26.6839],[78.0744,26.6706],[78.0897,26.6745],[78.0957,26.6812],[78.0921,26.7149],[78.0959,26.7278],[78.1014,26.7371],[78.1235,26.747],[78.1202,26.7552],[78.1027,26.764],[78.1015,26.7797],[78.1068,26.7908],[78.1165,26.7966],[78.1258,26.7966],[78.1551,26.7841],[78.1836,26.7838],[78.1868,26.7951],[78.1676,26.8143],[78.1692,26.8215],[78.1778,26.8258],[78.2022,26.8217],[78.223,26.8306],[78.2186,26.8345],[78.2202,26.8438],[78.2127,26.8461],[78.197,26.8822],[78.2026,26.8817],[78.2086,26.8689],[78.2326,26.8743],[78.2371,26.889],[78.2437,26.8887],[78.2591,26.8967],[78.2723,26.9192],[78.255,26.9353],[78.2546,26.9258],[78.2479,26.9287],[78.2386,26.9266],[78.2374,26.936],[78.2313,26.9366],[78.225,26.9463],[78.2101,26.9312],[78.1977,26.9409],[78.1813,26.9408],[78.172,26.9482],[78.1565,26.9432],[78.1445,26.9499],[78.1186,26.947],[78.1118,26.9398],[78.1137,26.936],[78.1228,26.9345],[78.1218,26.9226],[78.1052,26.9268],[78.1016,26.917],[78.1124,26.9036],[78.1112,26.8959],[78.1002,26.9049],[78.0944,26.9033],[78.0987,26.8966],[78.096,26.8938],[78.0669,26.9114],[78.0641,26.9065],[78.0488,26.9101],[78.0502,26.8758],[78.056,26.8684],[78.0447,26.87],[78.032,26.8518],[78.0265,26.8495],[78.021,26.8575],[78.0355,26.8708],[78.0242,26.8726],[78.0302,26.886],[78.0234,26.891],[78.0213,26.9003],[78.0146,26.9029],[78.0022,26.9029],[77.9872,26.8893],[77.9723,26.8961],[77.9713,26.9059],[77.9484,26.8936],[77.9397,26.9068],[77.9258,26.9098],[77.9156,26.9074],[77.9156,26.9142],[77.9064,26.9178],[77.9035,26.9146],[77.9088,26.9064],[77.9089,26.8906],[77.9043,26.8833],[77.8965,26.884],[77.8925,26.8902],[77.8845,26.891],[77.8776,26.9024],[77.869,26.9016],[77.8677,26.9063],[77.8578,26.9063],[77.8502,26.9128],[77.8418,26.9126],[77.8364,26.9168],[77.8319,26.9143],[77.8102,26.9242],[77.7982,26.916],[77.793,26.9171],[77.7795,26.9269],[77.7805,26.9299],[77.7606,26.9326],[77.7532,26.9169],[77.7457,26.921],[77.7324,26.9201],[77.7249,26.9104],[77.7176,26.8973],[77.727,26.8902],[77.7226,26.8743],[77.7065,26.8768],[77.6976,26.8674],[77.6943,26.874],[77.6866,26.8752],[77.6764,26.8685],[77.6747,26.8575],[77.6298,26.8415],[77.6204,26.8428],[77.6182,26.832],[77.6103,26.8286],[77.6076,26.8278],[77.6084,26.8391],[77.5924,26.8279],[77.578,26.8272],[77.5745,26.8209],[77.5576,26.8176],[77.542,26.8224],[77.5257,26.8189],[77.517,26.8258],[77.5207,26.8415],[77.5012,26.8444],[77.5007,26.817],[77.4875,26.7881],[77.4889,26.779],[77.5026,26.7687],[77.4852,26.748],[77.4546,26.7419],[77.4562,26.7497],[77.4704,26.7646],[77.4669,26.7737],[77.4534,26.7779],[77.4418,26.7686],[77.4327,26.7678],[77.4371,26.7843],[77.4283,26.7932],[77.4291,26.8016],[77.4082,26.8167],[77.3979,26.8304],[77.4213,26.8398],[77.4297,26.8471],[77.4273,26.8641],[77.4381,26.8631],[77.4484,26.8753],[77.459,26.8728],[77.4603,26.8858],[77.4902,26.9005],[77.5534,26.92],[77.5832,26.9242],[77.5922,26.9403],[77.6021,26.9333],[77.6229,26.9498],[77.6609,26.9712],[77.6638,26.9643],[77.6722,26.96],[77.6769,26.9656],[77.6762,26.9732],[77.6995,26.9751],[77.7224,26.9878],[77.7295,26.983],[77.7435,26.9832],[77.7475,26.9896],[77.7457,26.995],[77.7533,26.9927],[77.7586,26.997],[77.752,26.9978],[77.7503,27.0019],[77.7614,27.0],[77.763,27.0068],[77.7569,27.0101],[77.7595,27.018],[77.7495,27.0212],[77.751,27.029],[77.7377,27.0298],[77.7293,27.0075],[77.7301,26.9939],[77.7119,26.9971],[77.7053,27.0038],[77.7057,27.0145],[77.6896,27.0267],[77.6931,27.0409],[77.6798,27.0471],[77.6656,27.0173],[77.6422,27.0257],[77.63,27.0102],[77.6285,27.0187],[77.6235,27.022],[77.6018,27.0225],[77.596,27.0266],[77.5968,27.0327],[77.5792,27.0382],[77.5632,27.0294],[77.5671,27.0469],[77.5729,27.0488],[77.5753,27.0564],[77.5728,27.0645],[77.5772,27.0683],[77.5717,27.0719],[77.5589,27.072],[77.5536,27.076],[77.5447,27.0719],[77.5416,27.0626],[77.5193,27.0666],[77.5264,27.0846],[77.5226,27.0892],[77.5076,27.0889],[77.5054,27.0923],[77.5177,27.1025],[77.5204,27.1044],[77.5376,27.0983],[77.5399,27.1062],[77.5433,27.1042],[77.5503,27.1113],[77.5625,27.1102],[77.5812,27.1192],[77.5978,27.118],[77.6045,27.1242],[77.599,27.1434],[77.6055,27.1436],[77.6137,27.1506],[77.61,27.1629],[77.62,27.1735],[77.6379,27.1638],[77.649,27.1703],[77.6584,27.1701],[77.673,27.182],[77.6811,27.1944],[77.6656,27.209],[77.6467,27.2102],[77.6451,27.2169],[77.6525,27.2261],[77.6528,27.2348],[77.6429,27.2349],[77.6455,27.2433],[77.6332,27.2581],[77.6273,27.2595],[77.6212,27.2552],[77.6164,27.2578],[77.6132,27.2658],[77.6218,27.275],[77.6147,27.2789],[77.6168,27.2865],[77.5987,27.2972],[77.6219,27.313],[77.6227,27.3362],[77.6164,27.3404],[77.6125,27.3319],[77.6013,27.3343],[77.5912,27.3305],[77.5838,27.3213],[77.5788,27.3227],[77.577,27.3279],[77.5479,27.3369],[77.5456,27.3496],[77.5295,27.3517],[77.5161,27.3625],[77.5072,27.3771],[77.4846,27.3835],[77.4727,27.3771],[77.4702,27.3835],[77.44,27.3903],[77.4381,27.4089],[77.4211,27.422],[77.4267,27.4451],[77.4362,27.4465],[77.4378,27.4563],[77.4261,27.4629],[77.4257,27.4669],[77.4222,27.4613],[77.4158,27.4726],[77.4015,27.4765],[77.401,27.4973],[77.3906,27.5047],[77.3874,27.5129],[77.3828,27.5157],[77.374,27.5119],[77.3573,27.5166],[77.34,27.5266],[77.34,27.5389],[77.346,27.5387],[77.3492,27.5432],[77.3381,27.5497],[77.3373,27.5698],[77.3453,27.5724],[77.3502,27.5834],[77.3582,27.589],[77.3441,27.5971],[77.3345,27.5913],[77.3171,27.6068],[77.3526,27.6512],[77.3448,27.6609],[77.3457,27.6734],[77.341,27.6768],[77.3445,27.6812],[77.3384,27.6984],[77.3411,27.7034],[77.3302,27.7091],[77.3097,27.7066],[77.3039,27.7108],[77.303,27.7259],[77.3194,27.7335],[77.308,27.7528],[77.3117,27.758],[77.3078,27.7664],[77.3127,27.774],[77.3104,27.7881],[77.3008,27.7954],[77.2858,27.7962],[77.2687,27.815],[77.2524,27.7907],[77.2481,27.792],[77.2427,27.7849],[77.2367,27.7854],[77.2338,27.7879],[77.2382,27.7931],[77.2326,27.7974],[77.2266,27.7994],[77.2224,27.7967],[77.2106,27.802],[77.2133,27.8085],[77.2021,27.8246],[77.1913,27.8099],[77.1986,27.7997],[77.177,27.7863],[77.1691,27.7918],[77.1789,27.8052],[77.1854,27.8032],[77.1896,27.8098],[77.1798,27.818],[77.1672,27.8138],[77.16,27.8175],[77.1566,27.8104],[77.1615,27.8033],[77.1575,27.7865],[77.1436,27.7864],[77.1352,27.7759],[77.1319,27.7785],[77.1345,27.7869],[77.1228,27.7935],[77.1085,27.7863],[77.0811,27.8047],[77.0746,27.8144],[77.0639,27.8121],[77.0448,27.8218],[77.0458,27.8158],[77.0387,27.811],[77.0266,27.7793],[77.0344,27.7781],[77.0358,27.7816],[77.0561,27.7712],[77.0558,27.7634],[77.0595,27.7609],[77.0696,27.7675],[77.0721,27.7645],[77.0762,27.7664],[77.0801,27.7575],[77.0782,27.7512],[77.0857,27.7381],[77.0596,27.7265],[77.0487,27.7315],[77.0451,27.7433],[77.0365,27.7486],[77.0339,27.7452],[77.0198,27.7458],[77.0115,27.7318],[77.0001,27.737],[76.9822,27.6792],[76.9791,27.6536],[76.9431,27.6738],[76.9328,27.6562],[76.9257,27.6613],[76.9155,27.6526],[76.9105,27.6547],[76.9118,27.658],[76.9064,27.6617],[76.9106,27.668],[76.8983,27.6775],[76.9059,27.6863],[76.89,27.6957],[76.8896,27.7008],[76.9083,27.6937],[76.9161,27.6981],[76.9203,27.6957],[76.9244,27.6999],[76.9111,27.7149],[76.8942,27.7179],[76.8924,27.7335],[76.8967,27.7381],[76.8996,27.7367],[76.9014,27.744],[76.9008,27.7649],[76.9061,27.7881],[76.9133,27.7889],[76.9115,27.7964],[76.919,27.8044],[76.91,27.8152],[76.9142,27.8334],[76.9357,27.8291],[76.9423,27.8429],[76.9376,27.8965],[76.9506,27.8959],[76.9516,27.9183],[76.9315,27.9226],[76.9307,27.9533],[76.9379,27.983],[76.9335,27.982],[76.9308,27.9936],[76.9396,28.043],[76.9538,28.0626],[76.9705,28.1384],[76.9481,28.1422],[76.9509,28.1499],[76.932,28.1531],[76.9197,28.1669],[76.9065,28.1719],[76.9024,28.1811],[76.8925,28.1836],[76.8922,28.1933],[76.8986,28.1934],[76.9068,28.2003],[76.8735,28.2055],[76.8749,28.2178],[76.8485,28.2216],[76.8382,28.22],[76.8312,28.2092],[76.8084,28.2109],[76.8048,28.1973],[76.8122,28.1909],[76.8062,28.1866],[76.7975,28.1918],[76.7925,28.1842],[76.795,28.1694],[76.8006,28.1624],[76.7948,28.1484],[76.7838,28.1509],[76.7764,28.1441],[76.7624,28.1427],[76.7435,28.121],[76.7157,28.1278],[76.703,28.1076],[76.6982,28.112],[76.685,28.0916],[76.6873,28.0877],[76.6572,28.0893],[76.6516,28.0616],[76.6586,28.0469],[76.6544,28.0347],[76.663,28.0299],[76.6681,28.0138],[76.6407,28.0023],[76.6051,28.004],[76.6007,27.9996],[76.5888,27.998],[76.5826,27.9918],[76.5793,27.979],[76.5634,27.9782],[76.5605,27.9659],[76.5481,27.9639],[76.5381,27.9677],[76.5359,27.9795],[76.5411,27.9848],[76.5427,27.9995],[76.5369,28.0004],[76.5454,28.0073],[76.5393,28.0232],[76.5438,28.0342],[76.5293,28.0404],[76.5101,28.0297],[76.5026,28.0314],[76.4974,28.0433],[76.4547,28.0423],[76.4615,28.0587],[76.4894,28.0528],[76.4968,28.0538],[76.5015,28.0601],[76.4789,28.0777],[76.4672,28.079],[76.4478,28.089],[76.4578,28.1062],[76.4637,28.109],[76.4761,28.1081],[76.4789,28.1006],[76.4993,28.0997],[76.5018,28.1189],[76.4871,28.1199],[76.4919,28.1299],[76.4812,28.1287],[76.472,28.1351],[76.4757,28.1486],[76.4651,28.1517],[76.4588,28.1476],[76.4363,28.1488],[76.4316,28.1411],[76.3997,28.1451],[76.3907,28.1348],[76.3836,28.1368],[76.3807,28.1334],[76.3663,28.1368],[76.3566,28.1437],[76.3582,28.1549],[76.3542,28.155],[76.3578,28.1611],[76.3452,28.1694],[76.3322,28.1701],[76.3088,28.1789],[76.3052,28.1759],[76.2923,28.1792],[76.2896,28.1703],[76.2824,28.1713],[76.2807,28.1655],[76.3046,28.1593],[76.2976,28.1491],[76.3111,28.1455],[76.3152,28.1504],[76.321,28.1486],[76.3299,28.1428],[76.3331,28.1336],[76.3599,28.1249],[76.3366,28.1026],[76.3093,28.1082],[76.3014,28.0979],[76.3188,28.0888],[76.3289,28.0877],[76.333,28.0768],[76.3434,28.0702],[76.3556,28.0707],[76.3423,28.0306],[76.3287,28.0188],[76.323,28.0215],[76.3189,28.0155],[76.299,28.0227],[76.2922,28.0259],[76.2936,28.0492],[76.2842,28.0515],[76.2838,28.057],[76.261,28.0675],[76.2429,28.0644],[76.238,28.0497],[76.2193,28.0492],[76.2022,28.0583],[76.1895,28.0565],[76.1888,28.0532],[76.1804,28.0545],[76.1779,28.0456],[76.1895,28.0344],[76.2018,28.0293],[76.2037,28.0377],[76.2166,28.0355],[76.2147,28.0266],[76.2033,28.028],[76.1968,28.0155],[76.1769,28.0215],[76.1578,27.989],[76.1669,27.983],[76.1635,27.9734],[76.1866,27.9655],[76.1807,27.9571],[76.1824,27.9519],[76.177,27.9297],[76.1739,27.9298],[76.1686,27.9153],[76.1682,27.9034],[76.2015,27.8925],[76.2003,27.8782],[76.1944,27.8774],[76.1938,27.8595],[76.2122,27.8464],[76.2089,27.84],[76.2254,27.8335],[76.2173,27.8168],[76.2093,27.8163],[76.1996,27.8216],[76.1826,27.7986],[76.175,27.7981],[76.1694,27.8079],[76.1531,27.8154],[76.1537,27.8197],[76.1323,27.8245],[76.1354,27.8393],[76.1233,27.851],[76.1144,27.8509],[76.0889,27.8605],[76.0857,27.8447],[76.0749,27.8438],[76.0606,27.8483],[76.0481,27.835],[76.0409,27.8413],[76.0362,27.8374],[76.0095,27.8415],[76.0046,27.8344],[75.9714,27.852],[75.9725,27.8606],[75.9794,27.8654],[75.9776,27.8738],[75.9844,27.8826],[75.9753,27.8937],[75.9875,27.9042],[75.9681,27.9144],[75.9383,27.9141],[75.9345,27.9186],[75.9397,27.9228],[75.9324,27.9301],[75.9391,27.9406],[75.9517,27.9477],[75.9579,27.9359],[75.9727,27.9327],[75.983,27.951],[75.9779,27.9544],[75.982,27.9653],[76.0,27.9776],[75.9899,27.9823],[75.9859,27.9786],[75.9658,27.9836],[75.9667,28.0],[75.9776,28.0002],[75.9899,27.9947],[75.9955,28.0069],[75.9711,28.0161],[75.9727,28.0236],[75.9769,28.0314],[75.9935,28.0352],[75.9946,28.0385],[75.9977,28.033],[76.0164,28.0305],[76.0171,28.0527],[76.0078,28.0557],[76.0083,28.0584],[76.0254,28.0542],[76.0408,28.074],[76.0232,28.086],[76.0077,28.0589],[75.9988,28.0571],[75.9929,28.0463],[75.9844,28.0471],[75.9749,28.051],[75.9883,28.0663],[75.9834,28.0813],[75.9723,28.0833],[75.9646,28.0805],[75.9386,28.0879],[75.9456,28.1072],[75.9617,28.1148],[75.9674,28.1138],[75.9767,28.1247],[75.999,28.1228],[76.0044,28.132],[76.0006,28.1332],[76.0075,28.1531],[76.0168,28.1501],[76.0318,28.1679],[76.0706,28.1651],[76.0654,28.1415],[76.0747,28.1371],[76.0929,28.14],[76.0954,28.1509],[76.0762,28.1685],[76.0719,28.1943],[76.0474,28.1981],[76.056,28.2203],[76.0378,28.2227],[76.0278,28.2326],[76.0161,28.237],[76.013,28.246],[76.0263,28.275],[75.9862,28.2931],[75.978,28.3019],[75.9725,28.3186],[75.9578,28.3138],[75.9568,28.3267],[75.9523,28.3292],[75.955,28.3338],[75.933,28.3366],[75.932,28.3429],[75.9285,28.3431],[75.9295,28.3591],[75.9167,28.3674],[75.9182,28.372],[75.9006,28.3718],[75.8963,28.3901],[75.8904,28.3831],[75.8755,28.3872],[75.864,28.3852],[75.864,28.389],[75.8395,28.3944],[75.8328,28.4054],[75.8221,28.403],[75.819,28.4098],[75.8098,28.4058],[75.806,28.4059],[75.8069,28.4091],[75.7995,28.4072],[75.7945,28.3996],[75.7885,28.4042],[75.7768,28.4004],[75.7667,28.4142],[75.7697,28.4228],[75.7798,28.4275],[75.7808,28.4329],[75.7885,28.4336],[75.7921,28.4446],[75.7883,28.4536],[75.7356,28.4688],[75.7395,28.4848],[75.7309,28.4862],[75.729,28.4907],[75.702,28.4918],[75.69,28.4999],[75.6842,28.511],[75.6709,28.5173],[75.6709,28.5314],[75.6658,28.536],[75.6537,28.5366],[75.6335,28.5444],[75.6257,28.5658],[75.6217,28.6021],[75.5911,28.6056],[75.5862,28.6132],[75.5615,28.6132],[75.5607,28.6359],[75.5548,28.6438],[75.5495,28.6415],[75.5451,28.6594],[75.5412,28.6605],[75.545,28.6831],[75.5389,28.6948],[75.5399,28.7249],[75.5304,28.7383],[75.543,28.7504],[75.5303,28.7474],[75.5176,28.7738],[75.5139,28.7733],[75.5108,28.781],[75.5034,28.7824],[75.5081,28.7886],[75.5063,28.7922],[75.5115,28.7935],[75.5088,28.8027],[75.5194,28.8129],[75.5202,28.834],[75.5155,28.8342],[75.5153,28.8398],[75.5078,28.8392],[75.5054,28.8511],[75.4984,28.849],[75.4965,28.8963],[75.4734,28.9234],[75.4772,28.9347],[75.4986,28.934],[75.5115,28.9421],[75.51,28.9539],[75.5274,28.971],[75.5218,29.0039],[75.5051,29.0118],[75.4726,29.0143],[75.4586,29.0142],[75.4457,29.0083],[75.4429,29.0231],[75.4519,29.0392],[75.4432,29.048],[75.4418,29.0575],[75.3912,29.0627],[75.3947,29.0759],[75.391,29.0854],[75.3969,29.0976],[75.3921,29.102],[75.3939,29.1101],[75.4058,29.1198],[75.4021,29.1279],[75.3844,29.1295],[75.3715,29.1381],[75.3711,29.1416],[75.3787,29.1422],[75.3813,29.1689],[75.4067,29.1697],[75.4144,29.1843],[75.4085,29.2132],[75.3968,29.2175],[75.412,29.2428],[75.4105,29.2557],[75.4054,29.2605],[75.3932,29.2613],[75.3789,29.2569],[75.3623,29.2444],[75.36,29.2272],[75.3559,29.223],[75.3498,29.2238],[75.3281,29.2353],[75.3387,29.252],[75.3415,29.2812],[75.335,29.2869],[75.3229,29.2895],[75.3067,29.2746],[75.2883,29.2734],[75.2841,29.2489],[75.2448,29.2501],[75.2384,29.2302],[75.2101,29.2347],[75.1957,29.2634],[75.188,29.2683],[75.1686,29.2589],[75.1743,29.2512],[75.1628,29.244],[75.1378,29.2387],[75.1244,29.2399],[75.1196,29.2229],[75.0755,29.2297],[75.0732,29.2478],[75.0612,29.2641],[75.0604,29.2761],[75.05,29.2862],[75.0199,29.2863],[74.9986,29.2707],[74.9832,29.2806],[74.9611,29.2806],[74.9484,29.3015],[74.9609,29.3203],[74.9545,29.3327],[74.9399,29.34],[74.9383,29.362],[74.9168,29.3713],[74.9003,29.3848],[74.8776,29.3835],[74.8714,29.3949],[74.8505,29.4036],[74.8448,29.3997],[74.8203,29.3972],[74.7875,29.3614],[74.7622,29.3544],[74.7392,29.3541],[74.7194,29.37],[74.6909,29.3659],[74.6582,29.372],[74.6521,29.3513],[74.6545,29.3329],[74.5992,29.3275],[74.6073,29.3562],[74.6029,29.3649],[74.5779,29.3885],[74.5664,29.4205],[74.5366,29.4245],[74.5346,29.4477],[74.5367,29.4596],[74.5433,29.4679],[74.5732,29.4651],[74.5846,29.4585],[74.601,29.5011],[74.6219,29.5222],[74.623,29.531],[74.6149,29.5311],[74.6118,29.5385],[74.5899,29.5479],[74.5749,29.5643],[74.5815,29.6272],[74.5893,29.6318],[74.5913,29.6395],[74.5854,29.6545],[74.6012,29.6904],[74.6001,29.6991],[74.6098,29.7218],[74.6095,29.7432],[74.6161,29.7522],[74.6032,29.758],[74.6009,29.7659],[74.5873,29.7669],[74.5759,29.7483],[74.5774,29.754],[74.5625,29.7556],[74.5464,29.753],[74.534,29.7404],[74.4804,29.7435],[74.4738,29.7683],[74.4737,29.7871],[74.4851,29.815],[74.5079,29.833],[74.5391,29.8406],[74.561,29.8696],[74.5436,29.9014],[74.522,29.9022],[74.51,29.9082],[74.5272,29.9428],[74.1017,29.9671],[73.8947,29.9738],[73.8957,29.9813],[73.8862,29.9961],[73.8863,30.0121],[73.904,30.05],[73.9299,30.0685],[73.9522,30.104],[73.9676,30.1189],[73.9751,30.12]]]},"properties":{"STNAME":"RAJASTHAN","STCODE11":"08","STNAME_SH":"Rajasthan","Shape_Length":5874266.042096818,"Shape_Area":429937013892.7992,"OBJECTID_1":16,"OBJECTID":16,"State_LGD":8,"Shape_Leng":5874266.0421,"MaxSimpTol":300,"MinSimpTol":300}},{"type":"Feature","id":17,"geometry":{"type":"Polygon","coordinates":[[[88.6329,28.1212],[88.61,28.1289],[88.6091,28.1223],[88.6178,28.118],[88.6195,28.0981],[88.6054,28.0977],[88.6026,28.0892],[88.591,28.0892],[88.5837,28.0834],[88.5664,28.0904],[88.5525,28.0815],[88.5563,28.0735],[88.5489,28.0475],[88.5509,28.0376],[88.5428,28.0331],[88.5325,28.0334],[88.5275,28.0377],[88.5235,28.035],[88.5197,28.0437],[88.5097,28.0413],[88.4954,28.0539],[88.4878,28.0445],[88.4797,28.0418],[88.4676,28.0167],[88.4308,28.008],[88.4246,28.0014],[88.4151,27.9992],[88.4107,27.9832],[88.4028,27.9825],[88.3987,27.9779],[88.3876,27.9792],[88.3768,27.9898],[88.3525,27.9899],[88.3366,27.9839],[88.3304,27.973],[88.3182,27.9787],[88.3086,27.9672],[88.2864,27.9663],[88.2756,27.9547],[88.2662,27.9572],[88.2612,27.9471],[88.2512,27.9422],[88.2375,27.9712],[88.2246,27.9604],[88.2124,27.9647],[88.2072,27.9613],[88.2052,27.9417],[88.1852,27.9435],[88.1636,27.958],[88.1537,27.9577],[88.1449,27.9643],[88.1291,27.9495],[88.1377,27.937],[88.1192,27.9168],[88.1233,27.9069],[88.1394,27.8893],[88.1347,27.8817],[88.1648,27.8692],[88.1807,27.8573],[88.1958,27.8543],[88.1976,27.8452],[88.2029,27.8415],[88.2027,27.8365],[88.1933,27.8323],[88.1888,27.8242],[88.1731,27.8203],[88.1855,27.8105],[88.1882,27.8001],[88.1981,27.7907],[88.1818,27.7757],[88.1833,27.7661],[88.1773,27.7584],[88.1782,27.7465],[88.1699,27.7408],[88.1588,27.7405],[88.1564,27.7363],[88.1549,27.717],[88.1474,27.7027],[88.1541,27.6906],[88.1462,27.6783],[88.1432,27.6626],[88.1194,27.6439],[88.1197,27.6272],[88.1137,27.6097],[88.0831,27.5888],[88.0751,27.572],[88.0798,27.5642],[88.0692,27.5562],[88.0689,27.5466],[88.0591,27.5363],[88.0661,27.5285],[88.058,27.5199],[88.0609,27.5118],[88.0443,27.4965],[88.045,27.4782],[88.0672,27.4576],[88.0652,27.4529],[88.0717,27.4455],[88.0682,27.4387],[88.0753,27.4327],[88.0741,27.4253],[88.0575,27.418],[88.0478,27.4053],[88.0423,27.371],[88.049,27.3604],[88.059,27.3551],[88.0684,27.3351],[88.053,27.324],[88.0413,27.3033],[88.0448,27.293],[88.0328,27.2853],[88.0316,27.2504],[88.0203,27.235],[88.0135,27.2179],[88.0148,27.2117],[88.0324,27.2211],[88.065,27.2133],[88.0798,27.1995],[88.0736,27.1911],[88.0744,27.1856],[88.0782,27.1726],[88.0866,27.1646],[88.0884,27.1447],[88.0962,27.1334],[88.1337,27.1218],[88.1373,27.1159],[88.1536,27.1098],[88.1625,27.1136],[88.1721,27.1272],[88.1817,27.1325],[88.2156,27.1316],[88.2322,27.1185],[88.2787,27.1305],[88.2952,27.1259],[88.302,27.1289],[88.3166,27.1256],[88.3244,27.1055],[88.3419,27.1097],[88.3566,27.0953],[88.3819,27.0944],[88.4306,27.0794],[88.4587,27.0897],[88.4662,27.1122],[88.4752,27.1208],[88.4839,27.1184],[88.4861,27.1239],[88.4963,27.1222],[88.4969,27.1295],[88.5141,27.1398],[88.517,27.1458],[88.5299,27.148],[88.5305,27.1542],[88.5266,27.1565],[88.5334,27.1633],[88.5256,27.1703],[88.5413,27.1818],[88.5829,27.1883],[88.5852,27.1852],[88.5958,27.1893],[88.6069,27.1811],[88.6224,27.1793],[88.6323,27.1715],[88.6351,27.1636],[88.6552,27.1596],[88.6724,27.1748],[88.6822,27.1768],[88.7066,27.1664],[88.7163,27.1539],[88.7165,27.1415],[88.7244,27.1354],[88.7346,27.1348],[88.7613,27.1524],[88.7578,27.1648],[88.7666,27.1783],[88.7877,27.1817],[88.7913,27.1858],[88.7899,27.1937],[88.8039,27.2186],[88.8033,27.248],[88.8275,27.257],[88.8318,27.2625],[88.8659,27.2649],[88.8791,27.2612],[88.9001,27.2744],[88.9036,27.2728],[88.9134,27.2902],[88.9085,27.3034],[88.9198,27.3273],[88.9154,27.3307],[88.9056,27.3287],[88.895,27.3321],[88.884,27.3424],[88.8809,27.3603],[88.8629,27.3696],[88.861,27.387],[88.8458,27.3851],[88.838,27.3793],[88.8305,27.3901],[88.8232,27.3907],[88.8193,27.4007],[88.8062,27.4068],[88.8089,27.4237],[88.8011,27.4226],[88.7952,27.4291],[88.7917,27.4385],[88.7963,27.4478],[88.7825,27.4499],[88.7843,27.4588],[88.7769,27.4687],[88.7836,27.4749],[88.7805,27.4814],[88.7863,27.4883],[88.7832,27.501],[88.7926,27.5291],[88.7773,27.5325],[88.7729,27.5407],[88.7737,27.554],[88.7638,27.5648],[88.7698,27.5712],[88.7814,27.5699],[88.791,27.575],[88.7882,27.585],[88.8045,27.5944],[88.8092,27.6025],[88.806,27.6087],[88.8116,27.6185],[88.8046,27.6237],[88.8152,27.6462],[88.8274,27.6441],[88.8482,27.6678],[88.8419,27.6827],[88.8474,27.6941],[88.8379,27.7059],[88.8398,27.7113],[88.8563,27.7167],[88.8567,27.7313],[88.8652,27.7425],[88.8611,27.754],[88.8562,27.7533],[88.8536,27.7651],[88.855,27.7835],[88.8619,27.7979],[88.8556,27.8159],[88.8807,27.8296],[88.8818,27.851],[88.888,27.8571],[88.8796,27.8675],[88.8782,27.8782],[88.883,27.8907],[88.872,27.8992],[88.8704,27.9159],[88.8605,27.9277],[88.837,27.9292],[88.8433,27.9539],[88.844,27.9926],[88.8381,28.0003],[88.8362,28.015],[88.8125,28.0234],[88.7929,28.0488],[88.7773,28.0543],[88.7723,28.0647],[88.7561,28.0761],[88.7235,28.0743],[88.686,28.078],[88.6783,28.0715],[88.672,28.0723],[88.6666,28.0761],[88.6638,28.088],[88.6462,28.0987],[88.6329,28.1212]]]},"properties":{"STNAME":"SIKKIM","STCODE11":"11","STNAME_SH":"Sikkim","Shape_Length":501580.17145150737,"Shape_Area":9077726165.623001,"OBJECTID_1":17,"OBJECTID":17,"State_LGD":11,"Shape_Leng":501580.171452,"MaxSimpTol":300,"MinSimpTol":300}},{"type":"Feature","id":18,"geometry":{"type":"Polygon","coordinates":[[[92.1689,24.5272],[92.1557,24.5256],[92.1594,24.5235],[92.1547,24.521],[92.1563,24.5135],[92.1523,24.5086],[92.1585,24.5076],[92.1525,24.503],[92.1497,24.491],[92.1562,24.4789],[92.1562,24.4641],[92.166,24.4459],[92.1682,24.4249],[92.1633,24.4187],[92.1537,24.4258],[92.1472,24.4217],[92.139,24.4251],[92.1333,24.4085],[92.1141,24.3941],[92.1152,24.3884],[92.1105,24.3834],[92.098,24.3782],[92.0938,24.3823],[92.0821,24.3749],[92.0403,24.3771],[92.0202,24.389],[92.0079,24.3842],[92.0008,24.3955],[91.999,24.3905],[91.9933,24.3912],[91.9883,24.3802],[91.9766,24.3871],[91.9718,24.3831],[91.9853,24.366],[91.9809,24.3604],[91.9922,24.3477],[91.9938,24.3289],[91.9846,24.3271],[91.9767,24.3319],[91.9671,24.3557],[91.9601,24.3587],[91.942,24.3459],[91.9224,24.3384],[91.9404,24.2831],[91.9423,24.2631],[91.9171,24.1722],[91.9201,24.1546],[91.9101,24.1415],[91.9178,24.131],[91.9183,24.1155],[91.9033,24.1376],[91.8819,24.1433],[91.867,24.1614],[91.8598,24.1826],[91.8369,24.1971],[91.8356,24.2012],[91.8471,24.2172],[91.8429,24.2189],[91.8461,24.2216],[91.8381,24.2208],[91.8412,24.2273],[91.8326,24.2269],[91.8271,24.215],[91.816,24.2101],[91.8032,24.2204],[91.7865,24.2224],[91.7466,24.2453],[91.746,24.2145],[91.7571,24.143],[91.7374,24.1411],[91.7339,24.1441],[91.7264,24.1412],[91.7205,24.1498],[91.7039,24.1533],[91.6993,24.1618],[91.6898,24.1584],[91.6826,24.1624],[91.6742,24.1975],[91.6632,24.2129],[91.6623,24.2319],[91.6468,24.2174],[91.6479,24.2],[91.6564,24.1855],[91.6517,24.1753],[91.6416,24.1782],[91.6402,24.1553],[91.6291,24.1383],[91.6356,24.1167],[91.6283,24.101],[91.6071,24.0914],[91.5909,24.0965],[91.5875,24.0905],[91.5934,24.086],[91.581,24.0744],[91.5705,24.0794],[91.5676,24.0741],[91.5576,24.0763],[91.5397,24.0732],[91.5108,24.084],[91.4953,24.085],[91.4888,24.0972],[91.4808,24.0932],[91.4732,24.0986],[91.4631,24.0941],[91.4505,24.0994],[91.4439,24.0954],[91.4377,24.1012],[91.438,24.0938],[91.4311,24.0995],[91.4299,24.107],[91.4026,24.1099],[91.3761,24.1058],[91.3783,24.0791],[91.397,24.0472],[91.3899,24.0239],[91.3733,24.0023],[91.3789,23.9913],[91.3762,23.9875],[91.3793,23.9745],[91.3727,23.9748],[91.3605,23.9855],[91.3555,23.9858],[91.3526,23.981],[91.3396,23.9817],[91.3292,23.9919],[91.3213,23.9947],[91.3131,23.9907],[91.3004,23.9974],[91.293,23.9713],[91.2839,23.9678],[91.2802,23.9823],[91.2574,23.9427],[91.2663,23.9359],[91.2686,23.9234],[91.2558,23.919],[91.2328,23.92],[91.2415,23.9131],[91.2431,23.9035],[91.221,23.8927],[91.2195,23.8792],[91.2478,23.8298],[91.235,23.8125],[91.2279,23.7926],[91.232,23.7755],[91.2275,23.7534],[91.2208,23.7424],[91.2084,23.7521],[91.1665,23.75],[91.1568,23.7421],[91.1497,23.7133],[91.1538,23.6909],[91.1956,23.6957],[91.2068,23.6895],[91.2015,23.6847],[91.2003,23.6646],[91.2053,23.6598],[91.2137,23.66],[91.2139,23.6529],[91.2131,23.6566],[91.2055,23.6566],[91.1978,23.6476],[91.1909,23.6471],[91.1913,23.6551],[91.1706,23.6567],[91.157,23.6704],[91.1604,23.5961],[91.1763,23.5913],[91.1739,23.5844],[91.1856,23.5764],[91.194,23.5607],[91.1931,23.5448],[91.2009,23.5474],[91.208,23.5429],[91.2131,23.5474],[91.2025,23.5251],[91.202,23.514],[91.2086,23.5078],[91.2248,23.5104],[91.2221,23.4943],[91.2386,23.4984],[91.2413,23.4854],[91.2548,23.4868],[91.2606,23.4527],[91.2789,23.4332],[91.2725,23.4273],[91.2836,23.4187],[91.2835,23.3834],[91.2974,23.3822],[91.2976,23.3759],[91.2875,23.3766],[91.288,23.3683],[91.2966,23.3653],[91.2926,23.355],[91.3235,23.363],[91.3217,23.3539],[91.3138,23.3544],[91.3134,23.3408],[91.296,23.3388],[91.2884,23.3142],[91.295,23.3091],[91.3097,23.3093],[91.3136,23.3015],[91.3158,23.2899],[91.3068,23.2933],[91.299,23.2853],[91.302,23.2782],[91.3101,23.2758],[91.318,23.2531],[91.3265,23.2524],[91.3255,23.2473],[91.3186,23.2445],[91.3236,23.2377],[91.3232,23.1583],[91.333,23.153],[91.3415,23.1183],[91.3474,23.1188],[91.3469,23.1024],[91.3697,23.0705],[91.3957,23.0561],[91.4172,23.065],[91.411,23.0668],[91.4173,23.083],[91.408,23.0835],[91.406,23.097],[91.4001,23.0966],[91.4032,23.1137],[91.3968,23.1178],[91.3973,23.1304],[91.3847,23.1563],[91.3851,23.1753],[91.3818,23.1751],[91.3829,23.1847],[91.3798,23.1847],[91.3808,23.1917],[91.3854,23.1918],[91.3876,23.208],[91.3808,23.2087],[91.3919,23.2201],[91.3863,23.2276],[91.4009,23.2293],[91.3924,23.246],[91.4086,23.2477],[91.3972,23.2564],[91.3975,23.2652],[91.4112,23.2559],[91.4087,23.2853],[91.4155,23.2828],[91.4196,23.2733],[91.4153,23.2634],[91.4182,23.2556],[91.4211,23.2619],[91.4248,23.2581],[91.4312,23.2625],[91.4541,23.2605],[91.4546,23.2553],[91.4439,23.2467],[91.4456,23.2438],[91.4578,23.2461],[91.4702,23.2278],[91.4538,23.2237],[91.4504,23.2193],[91.4585,23.2135],[91.4753,23.2205],[91.4844,23.2094],[91.4823,23.1986],[91.4707,23.1965],[91.4849,23.1885],[91.4885,23.1923],[91.4922,23.189],[91.5031,23.1922],[91.501,23.1854],[91.5074,23.1838],[91.5066,23.18],[91.4917,23.1776],[91.4923,23.172],[91.4981,23.1717],[91.491,23.1578],[91.4943,23.1524],[91.5071,23.1544],[91.4946,23.1472],[91.4987,23.1426],[91.508,23.1398],[91.5152,23.1451],[91.5147,23.1387],[91.5031,23.1306],[91.5037,23.1273],[91.5175,23.1255],[91.5153,23.1177],[91.5203,23.1146],[91.5122,23.1133],[91.5112,23.1043],[91.5222,23.1041],[91.5188,23.0943],[91.5297,23.0918],[91.5299,23.0859],[91.525,23.0829],[91.534,23.0658],[91.5246,23.0615],[91.5237,23.0569],[91.5352,23.0561],[91.5304,23.0384],[91.5503,23.0385],[91.5383,23.0193],[91.5481,23.0193],[91.5423,22.9996],[91.5474,22.9944],[91.557,22.9967],[91.5585,22.9776],[91.5766,22.9656],[91.5897,22.9768],[91.5929,22.9729],[91.5981,22.9761],[91.601,22.9718],[91.606,22.9721],[91.6051,22.9662],[91.6133,22.959],[91.6047,22.9626],[91.5998,22.9546],[91.6088,22.9572],[91.6068,22.9509],[91.615,22.9521],[91.6136,22.9453],[91.6203,22.9393],[91.6254,22.9434],[91.6252,22.9619],[91.6317,22.9592],[91.6372,22.9624],[91.6413,22.9747],[91.6458,22.9766],[91.646,22.985],[91.6515,22.9762],[91.6585,22.9818],[91.6846,22.9774],[91.6955,22.9886],[91.7037,22.9883],[91.7108,22.9828],[91.713,22.9894],[91.7197,22.9874],[91.7265,22.999],[91.744,23.0069],[91.7616,23.0298],[91.7718,23.0331],[91.7689,23.0412],[91.7746,23.0384],[91.7737,23.028],[91.7799,23.0286],[91.7794,23.0367],[91.7821,23.0342],[91.7842,23.0384],[91.7743,23.0694],[91.784,23.0716],[91.7892,23.0675],[91.7894,23.0717],[91.7956,23.0673],[91.7942,23.0624],[91.8057,23.0633],[91.8061,23.0668],[91.812,23.0662],[91.8129,23.073],[91.8178,23.0728],[91.8148,23.0807],[91.8179,23.083],[91.8199,23.0799],[91.8242,23.0835],[91.8222,23.0862],[91.8352,23.0933],[91.8255,23.0992],[91.8136,23.099],[91.8177,23.1021],[91.818,23.1119],[91.8114,23.1218],[91.8151,23.1328],[91.8087,23.1345],[91.8145,23.1449],[91.8065,23.1576],[91.81,23.1651],[91.8053,23.1677],[91.8071,23.1723],[91.8032,23.1766],[91.8062,23.1798],[91.7952,23.1868],[91.7985,23.1939],[91.7894,23.2038],[91.7886,23.2077],[91.7928,23.2093],[91.7886,23.2155],[91.7918,23.2254],[91.7848,23.2322],[91.7839,23.2435],[91.7802,23.2394],[91.7769,23.2437],[91.7806,23.2471],[91.7755,23.2563],[91.7769,23.2697],[91.7666,23.2715],[91.7599,23.2828],[91.7644,23.3099],[91.7779,23.3171],[91.7831,23.3247],[91.8039,23.3321],[91.81,23.3445],[91.8244,23.3526],[91.8255,23.3633],[91.8376,23.371],[91.8364,23.3856],[91.8424,23.3889],[91.8386,23.4202],[91.8432,23.4245],[91.8382,23.4285],[91.8349,23.4421],[91.8287,23.4428],[91.8318,23.4505],[91.8238,23.4678],[91.8133,23.4688],[91.8067,23.4829],[91.7978,23.4894],[91.8016,23.5039],[91.7985,23.5062],[91.8042,23.5125],[91.8011,23.5178],[91.8224,23.4987],[91.8219,23.4944],[91.8223,23.4981],[91.8263,23.4946],[91.8286,23.4765],[91.8333,23.4806],[91.8406,23.4624],[91.8435,23.4647],[91.846,23.4583],[91.8552,23.4543],[91.8552,23.4481],[91.8659,23.4456],[91.8565,23.4323],[91.8636,23.4083],[91.8687,23.4117],[91.8676,23.4186],[91.873,23.4127],[91.8943,23.4201],[91.8981,23.426],[91.9006,23.4239],[91.9066,23.4404],[91.9145,23.4329],[91.9246,23.4365],[91.9298,23.4279],[91.9393,23.431],[91.9419,23.4271],[91.9479,23.4354],[91.9402,23.4679],[91.9516,23.4689],[91.9593,23.4782],[91.9629,23.4762],[91.9618,23.4817],[91.9734,23.4811],[91.976,23.4968],[91.9712,23.4985],[91.9735,23.504],[91.9648,23.5199],[91.961,23.5189],[91.9563,23.5264],[91.9652,23.5363],[91.9592,23.5538],[91.9559,23.6129],[91.943,23.635],[91.9476,23.6477],[91.9413,23.661],[91.9434,23.6721],[91.937,23.6893],[91.9437,23.6973],[91.9593,23.699],[91.9532,23.7044],[91.9536,23.7207],[91.9593,23.7258],[91.9584,23.7386],[91.9664,23.7378],[91.9713,23.7318],[91.9776,23.7337],[91.9835,23.7282],[91.9966,23.6964],[92.0015,23.6772],[91.9991,23.6734],[92.0046,23.6722],[92.0066,23.6654],[92.0129,23.6614],[92.0215,23.6634],[92.0206,23.6588],[92.0286,23.6578],[92.0378,23.6483],[92.0514,23.6482],[92.0595,23.6432],[92.0744,23.6464],[92.0776,23.668],[92.0869,23.6774],[92.0936,23.6743],[92.098,23.6864],[92.1027,23.6924],[92.1064,23.6909],[92.1194,23.7322],[92.135,23.7354],[92.1516,23.7276],[92.1547,23.7196],[92.1704,23.7058],[92.1866,23.7086],[92.2054,23.7056],[92.2167,23.6841],[92.2095,23.6699],[92.2106,23.6615],[92.2197,23.6518],[92.2303,23.6549],[92.2358,23.6685],[92.2361,23.685],[92.2452,23.6961],[92.239,23.713],[92.2412,23.7187],[92.254,23.7265],[92.2654,23.7251],[92.2672,23.7687],[92.257,23.8129],[92.2822,23.8147],[92.2686,23.8423],[92.285,23.8673],[92.2896,23.8683],[92.3076,23.857],[92.3149,23.8606],[92.3111,23.8802],[92.3251,23.9142],[92.3192,23.9158],[92.3162,23.9282],[92.3089,23.9313],[92.3079,23.9607],[92.3103,23.9724],[92.32,23.9791],[92.3261,23.9979],[92.3139,24.0213],[92.3197,24.0245],[92.312,24.0325],[92.3156,24.035],[92.3119,24.0386],[92.3163,24.0457],[92.3121,24.0522],[92.3175,24.0551],[92.3198,24.0638],[92.3165,24.0701],[92.3212,24.0728],[92.3192,24.0783],[92.3241,24.0794],[92.3276,24.1016],[92.3225,24.1045],[92.3278,24.112],[92.3242,24.1152],[92.327,24.1171],[92.3245,24.1395],[92.3306,24.1398],[92.3316,24.1519],[92.3238,24.1713],[92.3264,24.1778],[92.332,24.1797],[92.3225,24.1881],[92.3263,24.1915],[92.3218,24.1947],[92.3261,24.197],[92.319,24.198],[92.3214,24.2038],[92.3146,24.2065],[92.3162,24.2119],[92.3103,24.2214],[92.2973,24.2316],[92.2923,24.2505],[92.2656,24.2509],[92.2369,24.2403],[92.2248,24.2411],[92.2199,24.2343],[92.1923,24.2433],[92.2097,24.2483],[92.2188,24.2857],[92.2374,24.3093],[92.2401,24.3264],[92.2598,24.3585],[92.2567,24.3993],[92.2466,24.442],[92.2367,24.4446],[92.23,24.4517],[92.2298,24.4817],[92.2365,24.4888],[92.2298,24.5024],[92.2117,24.5045],[92.1689,24.5272]]]},"properties":{"STNAME":"TRIPURA","STCODE11":"16","STNAME_SH":"Tripura","Shape_Length":963810.9530440148,"Shape_Area":12469658003.062576,"OBJECTID_1":18,"OBJECTID":18,"State_LGD":16,"Shape_Leng":963810.953044,"MaxSimpTol":300,"MinSimpTol":300}},{"type":"Feature","id":19,"geometry":{"type":"Polygon","coordinates":[[[79.0834,31.446],[79.0716,31.4561],[79.0661,31.4471],[79.0673,31.4377],[79.0587,31.4263],[79.0505,31.4266],[79.0476,31.4225],[79.0369,31.43],[79.0158,31.4232],[79.0154,31.3878],[79.0073,31.3785],[79.0131,31.3604],[79.0182,31.3574],[79.0151,31.347],[78.9987,31.3399],[78.9852,31.3474],[78.9879,31.3557],[78.977,31.363],[78.9671,31.356],[78.9433,31.3657],[78.9382,31.3473],[78.9162,31.3214],[78.916,31.3157],[78.8964,31.3034],[78.9002,31.2951],[78.8973,31.2902],[78.882,31.2868],[78.8861,31.2686],[78.9161,31.2487],[78.926,31.2202],[78.9311,31.2161],[78.9477,31.2169],[78.9438,31.2066],[78.9583,31.1905],[78.9575,31.1867],[78.9859,31.1739],[78.9905,31.1614],[78.9876,31.1434],[78.9996,31.1348],[79.0089,31.11],[79.0022,31.1125],[78.973,31.1082],[78.9507,31.0981],[78.9322,31.1008],[78.9259,31.1095],[78.9206,31.1108],[78.9127,31.1077],[78.9086,31.0989],[78.8854,31.0988],[78.8652,31.1201],[78.848,31.1252],[78.8381,31.1384],[78.8312,31.1407],[78.823,31.1578],[78.8249,31.1636],[78.8107,31.172],[78.8105,31.1803],[78.8174,31.1897],[78.8099,31.1984],[78.7652,31.1858],[78.7034,31.1891],[78.6868,31.1978],[78.6719,31.197],[78.658,31.1851],[78.66,31.1912],[78.6491,31.2023],[78.647,31.2148],[78.626,31.218],[78.6226,31.2242],[78.6093,31.2293],[78.5968,31.2252],[78.5782,31.2253],[78.5681,31.2192],[78.5516,31.2],[78.5076,31.196],[78.4837,31.199],[78.4798,31.2139],[78.4557,31.2411],[78.4436,31.2444],[78.4342,31.2547],[78.4259,31.2443],[78.4142,31.2397],[78.4069,31.2423],[78.4028,31.248],[78.4072,31.2563],[78.3977,31.2663],[78.3962,31.2754],[78.3863,31.2715],[78.3835,31.2826],[78.3703,31.2864],[78.352,31.2807],[78.3399,31.2828],[78.3319,31.2777],[78.3111,31.2832],[78.3063,31.26],[78.2919,31.26],[78.2829,31.2663],[78.2605,31.2398],[78.2495,31.2401],[78.2507,31.2334],[78.2469,31.2305],[78.2203,31.234],[78.2124,31.2196],[78.1995,31.2173],[78.187,31.2271],[78.1602,31.2256],[78.1581,31.219],[78.1477,31.2107],[78.1334,31.2084],[78.1286,31.2009],[78.1036,31.1855],[78.0659,31.1872],[78.0426,31.1786],[78.041,31.173],[78.0297,31.1642],[78.0303,31.151],[78.0206,31.1516],[78.0144,31.1579],[78.0008,31.162],[77.9847,31.157],[77.9673,31.1734],[77.9589,31.171],[77.9515,31.1614],[77.9432,31.1613],[77.9248,31.1505],[77.9086,31.1541],[77.8987,31.1503],[77.9004,31.1423],[77.889,31.1331],[77.8907,31.1218],[77.8638,31.1086],[77.8605,31.1017],[77.8637,31.094],[77.8512,31.0734],[77.838,31.0727],[77.8243,31.0555],[77.8229,31.0587],[77.8113,31.0592],[77.8168,31.0568],[77.816,31.0501],[77.8216,31.0468],[77.8298,31.0288],[77.8114,31.0317],[77.807,31.0268],[77.8075,31.0163],[77.8099,31.0111],[77.825,31.0099],[77.822,31.0044],[77.8318,30.9941],[77.8242,30.9885],[77.8144,30.9619],[77.8242,30.9572],[77.8322,30.9597],[77.8376,30.9532],[77.8243,30.9506],[77.814,30.9539],[77.7937,30.9688],[77.7724,30.9744],[77.7541,30.9645],[77.749,30.9535],[77.7527,30.9339],[77.7639,30.9305],[77.7628,30.9182],[77.7826,30.9168],[77.7918,30.9218],[77.8133,30.9219],[77.8109,30.9167],[77.8153,30.9045],[77.8014,30.8934],[77.7988,30.8681],[77.8036,30.8651],[77.8057,30.8533],[77.7792,30.8604],[77.7734,30.8776],[77.7632,30.8805],[77.7582,30.8769],[77.7572,30.8601],[77.744,30.8467],[77.7577,30.8352],[77.7613,30.8261],[77.7484,30.8217],[77.7456,30.8132],[77.7329,30.8011],[77.7319,30.7919],[77.7213,30.7759],[77.7038,30.7652],[77.7089,30.7526],[77.7024,30.7463],[77.7088,30.7398],[77.7215,30.7417],[77.7283,30.7342],[77.7332,30.7354],[77.7366,30.7242],[77.7467,30.7198],[77.7456,30.7139],[77.7558,30.707],[77.7504,30.7002],[77.7526,30.6967],[77.7469,30.6945],[77.7474,30.6799],[77.7725,30.6692],[77.7812,30.66],[77.7921,30.6602],[77.7812,30.6467],[77.7906,30.6341],[77.7861,30.6245],[77.7962,30.6137],[77.7802,30.6129],[77.7711,30.6164],[77.7717,30.597],[77.7643,30.596],[77.7556,30.6048],[77.7519,30.6018],[77.7461,30.604],[77.7429,30.5939],[77.7566,30.5857],[77.774,30.5579],[77.7836,30.5599],[77.7941,30.5533],[77.7996,30.5577],[77.8064,30.5546],[77.8178,30.5611],[77.8278,30.5311],[77.8198,30.5241],[77.8185,30.5081],[77.7999,30.5011],[77.7822,30.5003],[77.7394,30.4761],[77.721,30.4731],[77.6902,30.4481],[77.6708,30.4443],[77.6524,30.4481],[77.6433,30.4319],[77.6227,30.4347],[77.5946,30.4267],[77.5731,30.4124],[77.576,30.3974],[77.5904,30.4063],[77.5983,30.4049],[77.6017,30.3998],[77.6029,30.403],[77.6244,30.4052],[77.631,30.3978],[77.6479,30.4047],[77.6572,30.4007],[77.6597,30.3906],[77.6765,30.3878],[77.6781,30.3757],[77.6861,30.3793],[77.6896,30.3769],[77.7098,30.3417],[77.7218,30.3303],[77.747,30.3202],[77.7611,30.3183],[77.839,30.2746],[77.8472,30.2767],[77.8465,30.2717],[77.8587,30.2715],[77.8796,30.262],[77.8857,30.267],[77.894,30.2654],[77.937,30.2492],[77.9415,30.2399],[77.9515,30.2453],[77.9617,30.2424],[77.9469,30.2341],[77.9321,30.2144],[77.9189,30.2113],[77.912,30.1826],[77.8812,30.1508],[77.8604,30.1133],[77.8494,30.1048],[77.8368,30.1036],[77.8343,30.0906],[77.828,30.086],[77.8012,30.0955],[77.7984,30.0836],[77.7711,30.0481],[77.77,30.0426],[77.7855,30.0279],[77.782,30.0187],[77.7619,30.0094],[77.7642,30.0045],[77.7554,29.9991],[77.7604,29.9952],[77.7437,29.9834],[77.746,29.9806],[77.7402,29.9753],[77.7333,29.956],[77.7484,29.9517],[77.743,29.941],[77.7305,29.9317],[77.7429,29.925],[77.7478,29.9112],[77.7365,29.9067],[77.7386,29.9033],[77.7339,29.8997],[77.7293,29.9006],[77.7318,29.8929],[77.7251,29.8904],[77.7227,29.8845],[77.716,29.8859],[77.7208,29.8762],[77.7141,29.8703],[77.7234,29.8551],[77.7419,29.8519],[77.744,29.8399],[77.7402,29.8348],[77.7557,29.8254],[77.754,29.8209],[77.759,29.8186],[77.7516,29.8107],[77.7747,29.7911],[77.7724,29.7801],[77.7778,29.775],[77.7731,29.7688],[77.7803,29.7651],[77.7693,29.7506],[77.7695,29.7454],[77.7827,29.7363],[77.7697,29.7177],[77.7787,29.7107],[77.7918,29.71],[77.8105,29.7024],[77.799,29.6862],[77.83,29.6683],[77.8557,29.6801],[77.8628,29.6895],[77.8747,29.6873],[77.8826,29.7025],[77.8909,29.6989],[77.9021,29.7012],[77.9125,29.696],[77.9201,29.6993],[77.9169,29.7056],[77.9264,29.7143],[77.9346,29.7112],[77.9381,29.7145],[77.9409,29.7109],[77.9455,29.7131],[77.953,29.7074],[77.951,29.7016],[77.9399,29.6961],[77.9509,29.6874],[77.9494,29.6799],[77.9699,29.6665],[77.9664,29.6502],[77.9794,29.6427],[77.9838,29.6437],[77.9774,29.6313],[77.9777,29.6135],[77.9602,29.6117],[77.9484,29.617],[77.9333,29.6006],[77.9403,29.5928],[77.9636,29.5813],[77.9731,29.5804],[77.9749,29.5851],[77.9869,29.5847],[77.9952,29.5958],[78.0008,29.5863],[78.0216,29.5809],[78.0152,29.5873],[78.0183,29.5983],[78.0331,29.6117],[78.0488,29.6147],[78.0575,29.6307],[78.0867,29.6251],[78.0815,29.6352],[78.1305,29.6526],[78.1376,29.6636],[78.1716,29.6916],[78.1805,29.6969],[78.196,29.6927],[78.2039,29.7373],[78.2216,29.7407],[78.2296,29.7368],[78.2402,29.7415],[78.2501,29.7343],[78.2597,29.7384],[78.2845,29.7618],[78.2927,29.7591],[78.3095,29.78],[78.3357,29.7967],[78.3927,29.7675],[78.4091,29.7634],[78.4285,29.7645],[78.454,29.746],[78.4885,29.7382],[78.514,29.7231],[78.5214,29.6935],[78.5215,29.6579],[78.5327,29.6388],[78.5804,29.5864],[78.6177,29.5581],[78.6385,29.5467],[78.6505,29.5461],[78.7063,29.5027],[78.745,29.5008],[78.7997,29.4646],[78.8106,29.4659],[78.8227,29.4598],[78.9187,29.4343],[78.9423,29.4386],[78.9402,29.4353],[78.9431,29.4348],[78.9257,29.426],[78.9118,29.3938],[78.8922,29.381],[78.8873,29.3731],[78.8777,29.375],[78.8787,29.3661],[78.8603,29.3583],[78.8519,29.3604],[78.856,29.3498],[78.8499,29.3449],[78.8402,29.346],[78.8275,29.3543],[78.8259,29.3656],[78.8303,29.3681],[78.8247,29.3672],[78.8105,29.3402],[78.7999,29.3346],[78.8047,29.3193],[78.7982,29.3191],[78.7959,29.3118],[78.7895,29.3154],[78.7954,29.3251],[78.7934,29.3282],[78.7905,29.3306],[78.7868,29.3262],[78.7775,29.3258],[78.7665,29.3375],[78.7538,29.3313],[78.7503,29.3174],[78.7407,29.3158],[78.7407,29.3205],[78.7337,29.322],[78.7345,29.303],[78.7186,29.3067],[78.7227,29.2994],[78.7345,29.2996],[78.765,29.2794],[78.7732,29.2712],[78.7702,29.2671],[78.7738,29.262],[78.7851,29.2537],[78.7898,29.255],[78.7914,29.2461],[78.8076,29.2366],[78.82,29.2321],[78.8382,29.2426],[78.8395,29.2368],[78.8495,29.2328],[78.8583,29.2419],[78.8622,29.2395],[78.8586,29.233],[78.8707,29.2273],[78.8745,29.2303],[78.8764,29.2254],[78.8717,29.2228],[78.8795,29.2189],[78.8785,29.2143],[78.8833,29.2115],[78.8752,29.2052],[78.881,29.2],[78.8855,29.2033],[78.8906,29.2012],[78.8867,29.1951],[78.8964,29.1936],[78.8997,29.1859],[78.8946,29.1858],[78.9034,29.1783],[78.9087,29.1786],[78.9017,29.1696],[78.9089,29.1639],[78.9064,29.1517],[78.9155,29.1525],[78.911,29.1445],[78.9188,29.1356],[78.9066,29.1249],[78.9269,29.1181],[78.9346,29.1297],[78.9565,29.12],[78.9642,29.1306],[78.9728,29.1269],[78.9747,29.136],[78.9823,29.1431],[78.9898,29.1396],[78.9913,29.1307],[79.0042,29.126],[79.0017,29.1223],[79.0082,29.112],[79.0142,29.1167],[79.0267,29.1125],[79.0406,29.1277],[79.0318,29.1282],[79.0273,29.1325],[79.0169,29.1308],[79.0149,29.134],[79.0211,29.1459],[79.0178,29.1539],[79.0238,29.1556],[79.0298,29.147],[79.0374,29.1449],[79.0394,29.1585],[79.0324,29.1592],[79.0291,29.1642],[79.0358,29.1695],[79.0537,29.1549],[79.0749,29.1517],[79.1119,29.128],[79.1195,29.1258],[79.1269,29.1327],[79.1535,29.1152],[79.1532,29.1016],[79.1483,29.0992],[79.1515,29.0955],[79.1421,29.082],[79.1425,29.067],[79.1619,29.049],[79.1751,29.0463],[79.1624,29.0293],[79.1653,29.0178],[79.1758,29.0158],[79.1711,29.0119],[79.1809,29.0129],[79.1859,29.0177],[79.1938,29.0156],[79.1908,29.0232],[79.1943,29.0198],[79.2036,29.0208],[79.2117,29.0276],[79.2316,29.0152],[79.251,29.0103],[79.2478,29.0034],[79.2591,28.9925],[79.3073,28.9665],[79.3127,28.969],[79.3119,28.9771],[79.3215,28.9719],[79.3647,28.9681],[79.361,28.972],[79.3621,28.9815],[79.3724,28.9875],[79.3873,28.9498],[79.3906,28.9474],[79.4075,28.9523],[79.419,28.9401],[79.4158,28.9279],[79.4279,28.9198],[79.4229,28.8936],[79.4277,28.893],[79.431,28.8869],[79.4249,28.8682],[79.4405,28.8618],[79.4516,28.8717],[79.4772,28.8646],[79.4787,28.8712],[79.4971,28.8729],[79.5099,28.8646],[79.5114,28.8673],[79.5218,28.8648],[79.533,28.8698],[79.5565,28.8993],[79.5706,28.8926],[79.5712,28.8865],[79.5776,28.8887],[79.5843,28.8792],[79.5735,28.8547],[79.5844,28.8463],[79.6039,28.8569],[79.6133,28.8529],[79.6261,28.8667],[79.6309,28.8612],[79.636,28.8669],[79.6449,28.8635],[79.6561,28.8698],[79.6657,28.8656],[79.6634,28.862],[79.6674,28.8598],[79.6819,28.8569],[79.6832,28.85],[79.692,28.8479],[79.69,28.8454],[79.7067,28.8411],[79.7096,28.8512],[79.7199,28.8457],[79.7264,28.861],[79.7365,28.8563],[79.7457,28.86],[79.7491,28.8718],[79.7593,28.8709],[79.7668,28.875],[79.7886,28.8728],[79.7998,28.8875],[79.8293,28.8845],[79.8325,28.871],[79.8357,28.875],[79.8457,28.8739],[79.8496,28.8594],[79.8406,28.8477],[79.8307,28.8553],[79.8368,28.84],[79.8309,28.8378],[79.8273,28.8417],[79.8238,28.8391],[79.8313,28.8308],[79.8372,28.8324],[79.8243,28.8073],[79.819,28.8055],[79.8165,28.817],[79.8072,28.8057],[79.808,28.801],[79.8139,28.7969],[79.8146,28.8027],[79.82,28.7962],[79.8243,28.7983],[79.8269,28.795],[79.8383,28.7976],[79.8415,28.8043],[79.8461,28.8048],[79.8455,28.8008],[79.8493,28.7997],[79.8529,28.8062],[79.8466,28.8105],[79.8529,28.8138],[79.8466,28.8175],[79.8463,28.8232],[79.8541,28.8242],[79.851,28.8286],[79.8614,28.8306],[79.8589,28.8339],[79.8632,28.8403],[79.8647,28.8378],[79.8717,28.8402],[79.8726,28.8316],[79.8785,28.8304],[79.8821,28.837],[79.8882,28.8366],[79.8939,28.8315],[79.8941,28.8205],[79.9145,28.8185],[79.9108,28.81],[79.9155,28.8043],[79.9056,28.8031],[79.8785,28.8149],[79.8696,28.8084],[79.8747,28.8024],[79.8731,28.7973],[79.8833,28.7946],[79.8843,28.7901],[79.9014,28.782],[79.9098,28.7855],[79.9178,28.7824],[79.9265,28.7901],[79.9398,28.7878],[79.9241,28.7732],[79.9326,28.7628],[79.9432,28.76],[79.9386,28.7504],[79.9465,28.7424],[79.9455,28.7306],[79.9542,28.7229],[80.0301,28.7487],[80.0523,28.7783],[80.0617,28.7833],[80.0587,28.7885],[80.0681,28.8029],[80.0592,28.8169],[80.0518,28.8204],[80.0598,28.8255],[80.0651,28.8367],[80.0589,28.9158],[80.1009,28.9868],[80.118,28.9814],[80.1269,29.0055],[80.1358,29.0074],[80.1248,29.0115],[80.1313,29.0297],[80.1259,29.0312],[80.1382,29.0601],[80.1295,29.0613],[80.1446,29.1026],[80.1615,29.1135],[80.1659,29.1258],[80.1774,29.1277],[80.1835,29.1364],[80.2014,29.1297],[80.2098,29.1207],[80.2333,29.1193],[80.2587,29.1378],[80.2713,29.1404],[80.2581,29.1659],[80.2585,29.1878],[80.2411,29.2015],[80.248,29.2209],[80.255,29.2206],[80.2588,29.2071],[80.2761,29.2071],[80.2865,29.1946],[80.2979,29.2052],[80.2908,29.2332],[80.2999,29.242],[80.2971,29.2503],[80.3051,29.2871],[80.3184,29.3014],[80.3176,29.3131],[80.3076,29.3221],[80.2937,29.3274],[80.291,29.3369],[80.2809,29.346],[80.2797,29.3578],[80.2717,29.3629],[80.272,29.3726],[80.279,29.3781],[80.2728,29.3848],[80.2751,29.3914],[80.2429,29.411],[80.2474,29.434],[80.2421,29.4427],[80.2449,29.4479],[80.2528,29.4471],[80.2559,29.4501],[80.2721,29.4486],[80.2678,29.4543],[80.2752,29.4571],[80.2806,29.4555],[80.2789,29.4499],[80.3004,29.4505],[80.2855,29.4753],[80.2928,29.4777],[80.2972,29.4882],[80.3125,29.4829],[80.3152,29.5002],[80.3292,29.5057],[80.3328,29.5116],[80.342,29.5108],[80.3578,29.5315],[80.3489,29.5412],[80.3416,29.5412],[80.3448,29.5522],[80.3607,29.5561],[80.3644,29.5638],[80.3794,29.5612],[80.3807,29.5715],[80.3904,29.5732],[80.392,29.5807],[80.4092,29.5975],[80.406,29.6127],[80.4103,29.6238],[80.42,29.6286],[80.4197,29.6403],[80.4146,29.6453],[80.4159,29.6531],[80.4102,29.6544],[80.4085,29.661],[80.3921,29.6654],[80.3855,29.676],[80.3738,29.7145],[80.3763,29.7197],[80.368,29.7237],[80.371,29.7334],[80.3661,29.7406],[80.368,29.7486],[80.3853,29.7509],[80.3891,29.7601],[80.3976,29.7587],[80.4072,29.7837],[80.4073,29.7942],[80.4132,29.7912],[80.4349,29.8047],[80.444,29.7984],[80.4643,29.8009],[80.4791,29.7947],[80.4934,29.7946],[80.4926,29.8008],[80.5071,29.8224],[80.5222,29.8269],[80.5311,29.8374],[80.5365,29.8383],[80.5389,29.8458],[80.5535,29.8493],[80.5549,29.8602],[80.5621,29.8664],[80.5583,29.8708],[80.5719,29.8913],[80.5725,29.9175],[80.5834,29.9377],[80.6019,29.957],[80.6294,29.9639],[80.6514,29.9547],[80.6753,29.9573],[80.7121,29.9898],[80.7188,30.0006],[80.7361,29.9997],[80.744,30.0045],[80.7567,30.0242],[80.7559,30.0398],[80.7618,30.0499],[80.7794,30.0571],[80.7905,30.0738],[80.8152,30.0971],[80.8225,30.1001],[80.8367,30.0982],[80.8455,30.1044],[80.841,30.1113],[80.8428,30.1153],[80.871,30.1234],[80.8769,30.1286],[80.8715,30.1603],[80.8624,30.1696],[80.88,30.1826],[80.8834,30.195],[80.9074,30.2227],[80.9197,30.2157],[80.9222,30.2076],[80.9162,30.1879],[80.9284,30.1748],[80.9524,30.1849],[80.9709,30.1867],[80.9695,30.1896],[80.9743,30.1925],[80.9952,30.1864],[81.0089,30.1946],[81.0345,30.1976],[81.0353,30.2031],[81.0445,30.2061],[81.0452,30.211],[81.0302,30.2195],[81.0309,30.2259],[81.0268,30.2273],[81.0321,30.2468],[81.0114,30.2557],[80.9996,30.2675],[80.9818,30.272],[80.9491,30.2701],[80.9355,30.2629],[80.9263,30.2684],[80.9256,30.2735],[80.9314,30.2785],[80.9144,30.2885],[80.9074,30.2975],[80.9085,30.3037],[80.8844,30.2997],[80.8734,30.3027],[80.8638,30.3141],[80.8472,30.3175],[80.8267,30.3144],[80.8181,30.3222],[80.8037,30.3235],[80.8012,30.3335],[80.7868,30.3428],[80.7867,30.3539],[80.7798,30.3554],[80.7728,30.3658],[80.7508,30.3794],[80.7486,30.3868],[80.7344,30.3999],[80.7083,30.4175],[80.6998,30.413],[80.6897,30.4143],[80.6873,30.4195],[80.6779,30.4229],[80.6771,30.4292],[80.6583,30.4425],[80.637,30.4502],[80.6239,30.4625],[80.613,30.4585],[80.6072,30.4717],[80.5655,30.4632],[80.5588,30.453],[80.5409,30.4483],[80.5284,30.4571],[80.5199,30.4709],[80.5073,30.4744],[80.4984,30.4872],[80.4895,30.4843],[80.4833,30.4896],[80.4661,30.4905],[80.4449,30.4974],[80.4292,30.5139],[80.4166,30.5179],[80.4178,30.5244],[80.4106,30.5255],[80.4004,30.5195],[80.3859,30.5181],[80.3658,30.5284],[80.3469,30.5208],[80.3225,30.5443],[80.3154,30.565],[80.2834,30.57],[80.2611,30.5686],[80.2544,30.5645],[80.2352,30.5814],[80.2221,30.579],[80.2126,30.5842],[80.2093,30.5883],[80.2174,30.6104],[80.2118,30.6183],[80.2148,30.6211],[80.2123,30.627],[80.2198,30.6344],[80.2198,30.6425],[80.2071,30.6507],[80.1934,30.6675],[80.1984,30.6866],[80.2325,30.6911],[80.2333,30.7091],[80.2487,30.7199],[80.2492,30.7443],[80.2371,30.7508],[80.236,30.7593],[80.209,30.7525],[80.1934,30.7663],[80.1993,30.7791],[80.1921,30.781],[80.1722,30.8086],[80.1555,30.8048],[80.1518,30.7891],[80.1414,30.7924],[80.1378,30.7873],[80.128,30.7866],[80.1242,30.7805],[80.1095,30.78],[80.0971,30.7924],[80.0868,30.7962],[80.0733,30.8216],[80.0551,30.8382],[80.0531,30.8444],[80.0418,30.8393],[80.0327,30.8427],[80.0095,30.8686],[79.997,30.8661],[79.9909,30.8763],[79.9687,30.8814],[79.9627,30.8888],[79.9322,30.88],[79.9107,30.9133],[79.8889,30.9183],[79.8888,30.9379],[79.8833,30.9403],[79.8823,30.9541],[79.8744,30.9673],[79.8648,30.9727],[79.8557,30.9765],[79.8172,30.9717],[79.8075,30.9802],[79.7969,30.9787],[79.7918,30.9866],[79.7754,30.9869],[79.7532,31.0064],[79.7469,31.0016],[79.7371,30.9811],[79.7319,30.9787],[79.7102,30.9767],[79.6992,30.9706],[79.6738,30.9824],[79.6654,30.9827],[79.6634,30.9656],[79.6367,30.9534],[79.6198,30.9502],[79.6011,30.9332],[79.6009,30.9393],[79.5918,30.9454],[79.5691,30.9492],[79.5643,30.9555],[79.5526,30.958],[79.539,30.9747],[79.5479,30.9896],[79.5266,30.9889],[79.5161,30.9972],[79.5201,31.0055],[79.5164,31.0118],[79.5084,31.015],[79.5069,31.0321],[79.4699,31.0355],[79.4338,31.0228],[79.4264,31.024],[79.4174,31.0445],[79.4163,31.0725],[79.4121,31.0763],[79.4143,31.0927],[79.4095,31.1084],[79.4033,31.1138],[79.389,31.1169],[79.3716,31.1135],[79.3621,31.1231],[79.3491,31.121],[79.337,31.1266],[79.3352,31.1325],[79.326,31.1312],[79.3184,31.1359],[79.3009,31.1667],[79.3053,31.1744],[79.2963,31.2176],[79.2861,31.225],[79.2789,31.2372],[79.2582,31.237],[79.2471,31.2474],[79.2219,31.2599],[79.2431,31.2751],[79.2458,31.2827],[79.2466,31.2917],[79.2259,31.3014],[79.2172,31.3124],[79.2213,31.3247],[79.2333,31.3339],[79.2116,31.3499],[79.1885,31.3527],[79.1669,31.361],[79.1666,31.3737],[79.1737,31.3837],[79.168,31.3965],[79.1536,31.4038],[79.1445,31.4139],[79.139,31.4336],[79.1157,31.4372],[79.0961,31.4517],[79.0834,31.446]]]},"properties":{"STNAME":"UTTARAKHAND","STCODE11":"05","STNAME_SH":"Uttarakhand","Shape_Length":1867917.3732969929,"Shape_Area":71686666113.72182,"OBJECTID_1":19,"OBJECTID":19,"State_LGD":5,"Shape_Leng":1867917.3733,"MaxSimpTol":300,"MinSimpTol":300}},{"type":"Feature","id":20,"geometry":{"type":"Polygon","coordinates":[[[78.3292,19.9157],[78.307,19.9143],[78.2988,19.875],[78.2853,19.8566],[78.2861,19.8479],[78.3015,19.8404],[78.3158,19.8426],[78.3364,19.8379],[78.334,19.8146],[78.3448,19.8134],[78.3575,19.8054],[78.3647,19.7812],[78.3493,19.738],[78.3413,19.7358],[78.3393,19.7242],[78.3432,19.7132],[78.3187,19.7055],[78.3118,19.691],[78.2879,19.688],[78.2762,19.6924],[78.2627,19.6651],[78.279,19.6576],[78.2809,19.6509],[78.2905,19.646],[78.2939,19.6194],[78.3056,19.6071],[78.3009,19.5791],[78.3037,19.5693],[78.2973,19.5679],[78.2936,19.559],[78.2753,19.5625],[78.2743,19.554],[78.284,19.5414],[78.2933,19.5422],[78.2904,19.5276],[78.296,19.5174],[78.2987,19.4968],[78.3092,19.4811],[78.3044,19.4561],[78.287,19.4485],[78.2705,19.4562],[78.2687,19.4485],[78.2638,19.4489],[78.2627,19.4431],[78.2465,19.4352],[78.2445,19.4288],[78.2356,19.4268],[78.22,19.433],[78.2116,19.4285],[78.1951,19.4068],[78.1762,19.4123],[78.1877,19.3946],[78.1768,19.3674],[78.1792,19.3628],[78.1721,19.3597],[78.1722,19.3493],[78.1762,19.3349],[78.1923,19.3258],[78.1902,19.3208],[78.1938,19.3149],[78.1831,19.2852],[78.1767,19.2785],[78.178,19.2539],[78.1818,19.2476],[78.1753,19.2376],[78.1584,19.2358],[78.151,19.2295],[78.1446,19.2294],[78.1171,19.2486],[78.1132,19.2444],[78.0953,19.2437],[78.0892,19.2394],[78.0824,19.2432],[78.0791,19.2548],[78.0644,19.2478],[78.0557,19.2371],[78.0416,19.2434],[78.036,19.2506],[78.0425,19.2706],[78.0148,19.279],[78.0135,19.2947],[77.9987,19.2998],[77.9849,19.3099],[77.9777,19.3227],[77.9659,19.3275],[77.9619,19.3356],[77.9451,19.3424],[77.9116,19.3163],[77.8943,19.3205],[77.8901,19.3133],[77.8635,19.3042],[77.8656,19.2838],[77.9035,19.278],[77.9076,19.2682],[77.9029,19.2565],[77.89,19.2609],[77.875,19.2588],[77.8746,19.2536],[77.8714,19.255],[77.866,19.2264],[77.8477,19.1896],[77.8605,19.1803],[77.8527,19.1668],[77.8526,19.1547],[77.8341,19.1343],[77.8416,19.1181],[77.8477,19.116],[77.8462,19.1013],[77.8504,19.0886],[77.8313,19.0861],[77.8182,19.105],[77.81,19.1047],[77.8046,19.1006],[77.8028,19.0797],[77.7968,19.0726],[77.8004,19.0511],[77.7753,19.056],[77.7648,19.0626],[77.7618,19.033],[77.7699,19.0224],[77.7754,19.0006],[77.7715,18.9792],[77.7877,18.9726],[77.7912,18.9828],[77.8218,18.9785],[77.8162,18.9575],[77.8199,18.9544],[77.8163,18.9473],[77.8193,18.9459],[77.8325,18.9416],[77.842,18.9499],[77.8586,18.9491],[77.8433,18.9087],[77.858,18.9023],[77.8732,18.9039],[77.874,18.9077],[77.8854,18.9042],[77.8916,18.8814],[77.9039,18.8812],[77.9033,18.8666],[77.9301,18.8587],[77.9294,18.8536],[77.9375,18.8516],[77.9348,18.8451],[77.9489,18.8433],[77.9486,18.8298],[77.9345,18.8223],[77.9067,18.8267],[77.882,18.8174],[77.8714,18.8182],[77.8599,18.809],[77.84,18.8048],[77.8043,18.7272],[77.8042,18.7132],[77.795,18.697],[77.7898,18.6951],[77.7873,18.6826],[77.7719,18.6891],[77.7733,18.7014],[77.7682,18.7059],[77.76,18.7068],[77.7535,18.701],[77.7493,18.6827],[77.7437,18.6816],[77.73,18.6669],[77.7357,18.661],[77.7302,18.6561],[77.7305,18.6451],[77.7457,18.6213],[77.7504,18.5892],[77.7404,18.5752],[77.7385,18.5568],[77.7233,18.5533],[77.7016,18.5552],[77.6884,18.5449],[77.6807,18.5452],[77.6559,18.5309],[77.6459,18.5388],[77.6521,18.5518],[77.6479,18.5549],[77.6396,18.5549],[77.634,18.5439],[77.6277,18.5481],[77.6293,18.5537],[77.6152,18.5508],[77.6125,18.5445],[77.6101,18.5499],[77.5964,18.5489],[77.5907,18.5267],[77.5966,18.5302],[77.6003,18.5223],[77.5971,18.5159],[77.5878,18.5129],[77.5859,18.504],[77.5944,18.4962],[77.6047,18.4964],[77.6032,18.4768],[77.5943,18.4769],[77.5923,18.4847],[77.5764,18.4868],[77.5729,18.4698],[77.5486,18.4686],[77.5508,18.4604],[77.5836,18.4562],[77.5853,18.4468],[77.5691,18.4429],[77.5642,18.4373],[77.5406,18.4447],[77.5275,18.4421],[77.5282,18.4289],[77.5567,18.4192],[77.5516,18.3889],[77.5386,18.3859],[77.5255,18.3727],[77.5202,18.3572],[77.5257,18.3421],[77.5581,18.3314],[77.5705,18.3181],[77.5714,18.3088],[77.5533,18.2981],[77.5514,18.2919],[77.5622,18.2848],[77.5726,18.2933],[77.5819,18.2854],[77.6055,18.2813],[77.5945,18.2648],[77.582,18.2596],[77.5718,18.244],[77.5854,18.2198],[77.5749,18.2016],[77.5656,18.2042],[77.5635,18.1961],[77.5707,18.1922],[77.5814,18.1623],[77.5969,18.1559],[77.5946,18.1314],[77.6011,18.1031],[77.597,18.0868],[77.566,18.0767],[77.5575,18.0637],[77.5484,18.0652],[77.5538,18.0358],[77.5806,18.0316],[77.5896,18.0117],[77.606,18.0202],[77.6075,18.0099],[77.6197,18.0065],[77.6278,17.9968],[77.649,17.9989],[77.6521,17.9939],[77.6483,17.9803],[77.6558,17.9683],[77.6496,17.9591],[77.6495,17.95],[77.6373,17.9523],[77.6331,17.9674],[77.6246,17.9596],[77.6329,17.9558],[77.6326,17.9467],[77.623,17.9455],[77.6187,17.9395],[77.622,17.9296],[77.6191,17.9041],[77.5861,17.9078],[77.586,17.8938],[77.6004,17.8806],[77.5991,17.8731],[77.5764,17.8754],[77.57,17.8676],[77.5694,17.8516],[77.5649,17.8512],[77.5675,17.8454],[77.5607,17.8386],[77.5541,17.8201],[77.549,17.8194],[77.5467,17.8285],[77.5283,17.8279],[77.5291,17.8129],[77.515,17.8054],[77.5066,17.786],[77.5344,17.7776],[77.5376,17.7799],[77.5549,17.764],[77.5692,17.7665],[77.5686,17.7489],[77.5567,17.7374],[77.5487,17.7358],[77.546,17.7268],[77.5221,17.726],[77.5092,17.7163],[77.4971,17.7155],[77.4923,17.7081],[77.4849,17.7091],[77.4842,17.7056],[77.4675,17.703],[77.4525,17.6947],[77.4549,17.6745],[77.4483,17.6511],[77.4558,17.6325],[77.4488,17.6093],[77.4448,17.6094],[77.4432,17.584],[77.4619,17.5808],[77.4781,17.5668],[77.4941,17.5684],[77.5005,17.5562],[77.5001,17.5467],[77.5069,17.5423],[77.5284,17.5754],[77.5375,17.5754],[77.5506,17.5517],[77.5881,17.56],[77.5891,17.5647],[77.5938,17.5645],[77.5969,17.5343],[77.6121,17.5348],[77.628,17.5236],[77.662,17.5228],[77.6687,17.5116],[77.6755,17.5086],[77.6888,17.5109],[77.6926,17.4989],[77.688,17.4894],[77.6891,17.4767],[77.6524,17.4827],[77.6572,17.5066],[77.6479,17.4961],[77.6448,17.4776],[77.6383,17.4735],[77.6153,17.4729],[77.6143,17.446],[77.603,17.4442],[77.5762,17.4562],[77.5759,17.4307],[77.5373,17.4438],[77.513,17.4309],[77.5142,17.4142],[77.5379,17.4061],[77.5243,17.388],[77.5263,17.3819],[77.5332,17.3805],[77.5298,17.3707],[77.5158,17.3604],[77.4882,17.3587],[77.4839,17.355],[77.4745,17.3615],[77.4791,17.3707],[77.4536,17.374],[77.4511,17.3594],[77.4571,17.3474],[77.4561,17.3312],[77.438,17.2919],[77.4549,17.2872],[77.4586,17.279],[77.4264,17.2565],[77.4205,17.2376],[77.4083,17.2412],[77.3802,17.2225],[77.3888,17.2153],[77.402,17.2141],[77.4038,17.2099],[77.3965,17.2075],[77.3939,17.1944],[77.3818,17.1977],[77.3723,17.1956],[77.3719,17.1811],[77.3627,17.1645],[77.3638,17.1588],[77.3669,17.1544],[77.3782,17.1527],[77.378,17.1399],[77.4039,17.1329],[77.4067,17.1245],[77.436,17.115],[77.4458,17.118],[77.4592,17.1091],[77.4637,17.11],[77.4629,17.0941],[77.4673,17.0863],[77.481,17.0792],[77.48,17.0688],[77.4899,17.0505],[77.4881,17.0472],[77.4967,17.0427],[77.495,17.0271],[77.5026,17.0141],[77.5022,17.0094],[77.4866,17.0032],[77.4796,16.996],[77.4814,16.9704],[77.4722,16.9572],[77.4653,16.9566],[77.4683,16.9396],[77.4642,16.9299],[77.4694,16.9281],[77.4695,16.9192],[77.4666,16.9151],[77.4592,16.9173],[77.4541,16.9139],[77.458,16.9095],[77.4559,16.8853],[77.4604,16.8848],[77.4641,16.8506],[77.4571,16.8302],[77.4633,16.8222],[77.4657,16.8059],[77.4743,16.8023],[77.4734,16.7892],[77.4765,16.7884],[77.4745,16.7813],[77.4672,16.7805],[77.4395,16.7891],[77.4379,16.7747],[77.4432,16.7625],[77.427,16.7289],[77.431,16.7231],[77.4261,16.7229],[77.4277,16.7166],[77.4328,16.7173],[77.4385,16.7117],[77.4472,16.7207],[77.4578,16.716],[77.4638,16.7192],[77.4741,16.7166],[77.4698,16.687],[77.4639,16.6763],[77.4478,16.6793],[77.4426,16.6699],[77.4189,16.6686],[77.419,16.6585],[77.4298,16.6562],[77.4386,16.6453],[77.4344,16.6414],[77.4447,16.6392],[77.4624,16.6543],[77.4761,16.6501],[77.4537,16.6168],[77.4582,16.6107],[77.4678,16.6098],[77.4674,16.5989],[77.4623,16.5977],[77.4623,16.5855],[77.4397,16.5872],[77.4238,16.5689],[77.3929,16.57],[77.3927,16.564],[77.3975,16.5648],[77.4038,16.5512],[77.4191,16.5489],[77.4192,16.5224],[77.4169,16.5173],[77.4022,16.5215],[77.3778,16.5137],[77.3701,16.5046],[77.369,16.4887],[77.3515,16.4911],[77.3296,16.4859],[77.3203,16.4922],[77.2987,16.4962],[77.294,16.4767],[77.265,16.4725],[77.2457,16.4774],[77.2359,16.4727],[77.2621,16.4519],[77.269,16.4305],[77.288,16.4087],[77.314,16.398],[77.3335,16.3954],[77.3491,16.3839],[77.3781,16.3856],[77.4017,16.3713],[77.421,16.3662],[77.441,16.3808],[77.4897,16.385],[77.5144,16.375],[77.5234,16.3759],[77.5388,16.3582],[77.5727,16.341],[77.5954,16.3422],[77.5881,16.3334],[77.5954,16.3181],[77.592,16.3022],[77.5977,16.2928],[77.582,16.2914],[77.5689,16.3036],[77.5632,16.3017],[77.5451,16.2917],[77.5369,16.2668],[77.5219,16.278],[77.5048,16.2758],[77.5024,16.2631],[77.4901,16.2552],[77.4924,16.2293],[77.5132,16.2309],[77.5157,16.2278],[77.515,16.222],[77.5012,16.2217],[77.4995,16.1986],[77.4914,16.1846],[77.4862,16.163],[77.4907,16.1596],[77.4898,16.1196],[77.5003,16.1206],[77.5133,16.108],[77.501,16.1062],[77.4937,16.0864],[77.5069,16.0797],[77.5026,16.0588],[77.4995,16.061],[77.4965,16.0551],[77.4995,16.0537],[77.494,16.037],[77.5044,16.0114],[77.5141,16.0081],[77.5096,15.9804],[77.5198,15.9669],[77.5135,15.9268],[77.549,15.9191],[77.5809,15.9185],[77.5934,15.9119],[77.6114,15.9179],[77.6365,15.8961],[77.6592,15.8855],[77.6928,15.8833],[77.7128,15.8945],[77.7241,15.8958],[77.7441,15.8861],[77.7669,15.8862],[77.7824,15.8762],[77.8036,15.8742],[77.8388,15.8851],[77.8586,15.8837],[77.8783,15.9052],[77.888,15.9061],[77.937,15.8835],[77.9754,15.8834],[78.0089,15.8618],[78.0255,15.9024],[78.031,15.903],[78.0319,15.9074],[78.045,15.9042],[78.0469,15.8749],[78.0562,15.8747],[78.0559,15.8663],[78.0716,15.8618],[78.0714,15.8504],[78.0849,15.8451],[78.0836,15.8409],[78.0988,15.836],[78.134,15.8363],[78.1301,15.8507],[78.1356,15.8547],[78.1588,15.8538],[78.1754,15.8581],[78.1767,15.8768],[78.19,15.8923],[78.1795,15.902],[78.1845,15.9098],[78.2322,15.924],[78.2517,15.9352],[78.2513,15.9768],[78.2599,15.9956],[78.2555,16.0129],[78.2609,16.0258],[78.2772,16.0243],[78.2995,16.0116],[78.3123,16.0115],[78.322,16.0171],[78.3266,16.0368],[78.3478,16.0475],[78.3655,16.0468],[78.3844,16.0646],[78.3977,16.0662],[78.4079,16.0748],[78.4345,16.0712],[78.4411,16.0745],[78.4748,16.0685],[78.5518,16.0428],[78.587,16.0635],[78.6017,16.084],[78.6273,16.0877],[78.6503,16.0788],[78.6505,16.072],[78.6812,16.0348],[78.7236,16.0201],[78.7355,16.0082],[78.753,16.0163],[78.7855,16.0212],[78.7961,16.0284],[78.8012,16.0378],[78.8194,16.0483],[78.8403,16.0782],[78.8423,16.0964],[78.8339,16.1445],[78.8525,16.1489],[78.8722,16.144],[78.8891,16.0852],[78.8956,16.0856],[78.9221,16.1043],[78.9243,16.1358],[78.9047,16.1746],[78.9054,16.1836],[78.93,16.1981],[78.9603,16.2091],[78.9857,16.2107],[79.0095,16.2402],[79.048,16.2387],[79.0721,16.2271],[79.0841,16.2302],[79.1016,16.2229],[79.1197,16.232],[79.157,16.2093],[79.1719,16.2104],[79.2166,16.2274],[79.2227,16.2419],[79.2246,16.2712],[79.2304,16.2825],[79.2343,16.3339],[79.2144,16.3494],[79.2102,16.3583],[79.2124,16.3735],[79.2077,16.3848],[79.2116,16.4474],[79.2334,16.4592],[79.2171,16.4776],[79.2149,16.4879],[79.2209,16.5144],[79.2286,16.5248],[79.2448,16.5318],[79.2569,16.5659],[79.291,16.5616],[79.3083,16.5742],[79.3401,16.5827],[79.3537,16.5793],[79.3768,16.5828],[79.4187,16.5803],[79.4331,16.5908],[79.4392,16.6129],[79.4472,16.6197],[79.4596,16.6237],[79.4834,16.6231],[79.494,16.6331],[79.5039,16.636],[79.5294,16.6307],[79.5421,16.6323],[79.5756,16.6498],[79.5989,16.6733],[79.6331,16.6605],[79.6483,16.6701],[79.6622,16.6867],[79.6816,16.6944],[79.7229,16.6903],[79.7446,16.7191],[79.774,16.7308],[79.7858,16.7302],[79.7925,16.7255],[79.7989,16.7107],[79.8173,16.6919],[79.8511,16.7059],[79.8775,16.6973],[79.8855,16.6874],[79.8937,16.6502],[79.9101,16.634],[79.9342,16.6316],[79.9631,16.6436],[79.9794,16.6654],[79.9974,16.7021],[80.0076,16.7089],[80.0301,16.7144],[80.0367,16.7277],[80.055,16.7447],[80.0539,16.7655],[80.0706,16.8017],[80.0733,16.8172],[80.0482,16.8333],[80.0469,16.8534],[80.0171,16.8543],[79.9988,16.8653],[80.0124,16.8927],[80.0174,16.915],[80.0404,16.9181],[80.0506,16.9365],[80.0482,16.9495],[80.0574,16.9641],[80.0555,16.9715],[80.0916,16.9684],[80.0952,16.9907],[80.1096,16.9873],[80.1279,16.9923],[80.1402,16.9906],[80.1534,17.007],[80.1678,17.0056],[80.1702,17.0169],[80.1873,17.02],[80.1965,17.0441],[80.2041,17.0383],[80.1996,17.0265],[80.2021,17.0171],[80.2114,17.0103],[80.2229,17.0079],[80.2262,17.0154],[80.2404,17.0022],[80.2649,16.9973],[80.2705,17.004],[80.2827,17.0077],[80.2936,16.9964],[80.2903,16.9811],[80.2935,16.9767],[80.3066,16.9738],[80.305,16.9537],[80.3165,16.9485],[80.3116,16.9167],[80.3238,16.9065],[80.3217,16.8797],[80.344,16.8744],[80.3409,16.8597],[80.3741,16.8524],[80.3734,16.8395],[80.3796,16.8411],[80.3737,16.8283],[80.3804,16.8175],[80.386,16.8163],[80.3861,16.8249],[80.3967,16.8275],[80.3997,16.8336],[80.4042,16.8321],[80.4078,16.8483],[80.3786,16.8519],[80.3828,16.8549],[80.3788,16.8616],[80.3832,16.8654],[80.4121,16.8519],[80.4277,16.8498],[80.4286,16.8382],[80.4642,16.82],[80.4645,16.7955],[80.4863,16.7912],[80.5044,16.7787],[80.5516,16.7751],[80.5702,16.7681],[80.5971,16.7923],[80.613,16.7936],[80.5944,16.8029],[80.5774,16.8234],[80.5655,16.8269],[80.5629,16.8329],[80.5701,16.8486],[80.5683,16.8694],[80.5776,16.879],[80.5959,16.8847],[80.5948,16.8989],[80.5871,16.9042],[80.6019,16.9186],[80.5841,16.9289],[80.5735,16.9414],[80.5347,16.9615],[80.5261,16.9479],[80.4992,16.9564],[80.4935,16.9275],[80.4497,16.9548],[80.3634,16.9761],[80.3879,17.0093],[80.407,17.0158],[80.4074,17.0257],[80.3958,17.0358],[80.3985,17.0526],[80.3857,17.068],[80.4038,17.082],[80.409,17.0915],[80.419,17.0923],[80.4171,17.0737],[80.4317,17.0556],[80.4386,17.0376],[80.4649,17.0301],[80.4714,17.0504],[80.4909,17.051],[80.5054,17.0685],[80.5101,17.0869],[80.504,17.0927],[80.5129,17.1093],[80.5141,17.1221],[80.5276,17.119],[80.5543,17.1336],[80.5632,17.1331],[80.58,17.1531],[80.6183,17.1285],[80.6363,17.1286],[80.6455,17.1236],[80.642,17.116],[80.6706,17.1012],[80.6681,17.095],[80.6571,17.0896],[80.6499,17.0714],[80.6538,17.0687],[80.6711,17.0701],[80.6735,17.0667],[80.6797,17.0721],[80.695,17.0742],[80.6995,17.0838],[80.7389,17.0796],[80.765,17.0667],[80.8288,17.0528],[80.8453,17.04],[80.8558,17.0466],[80.8715,17.0699],[80.8772,17.0705],[80.8676,17.0805],[80.8764,17.1056],[80.8677,17.1232],[80.8783,17.1352],[80.8794,17.1609],[80.907,17.1539],[80.924,17.1579],[80.9264,17.1835],[80.9184,17.1898],[80.9189,17.2198],[80.9413,17.2193],[80.9603,17.2041],[80.9944,17.1914],[81.0154,17.1945],[81.0313,17.1904],[81.0495,17.2071],[81.0546,17.2249],[81.0796,17.2153],[81.1094,17.2235],[81.174,17.2304],[81.1876,17.2547],[81.1782,17.2691],[81.1767,17.2877],[81.1904,17.3249],[81.2103,17.3261],[81.2336,17.3204],[81.2457,17.3258],[81.274,17.3172],[81.3011,17.3407],[81.3226,17.3746],[81.3186,17.3985],[81.3124,17.4088],[81.2685,17.4183],[81.2455,17.4331],[81.2118,17.4418],[81.2053,17.4496],[81.2027,17.434],[81.1933,17.4357],[81.1723,17.4491],[81.1755,17.4637],[81.1483,17.4637],[81.1597,17.4844],[81.1421,17.4886],[81.1449,17.4951],[81.1385,17.5163],[81.1273,17.5265],[81.0976,17.5043],[81.0801,17.5151],[81.0199,17.5201],[81.0148,17.5222],[81.0137,17.5367],[81.0028,17.5507],[80.9984,17.5647],[80.9694,17.5981],[80.9239,17.6017],[80.8931,17.6007],[80.8816,17.5963],[80.8554,17.6019],[80.8496,17.6223],[80.8615,17.6343],[80.8885,17.6318],[80.9,17.6402],[80.9111,17.6381],[80.9124,17.6579],[80.8979,17.6689],[80.905,17.6774],[80.8858,17.6813],[80.8947,17.703],[80.8855,17.7357],[80.9024,17.7462],[80.913,17.746],[80.9144,17.7505],[80.9176,17.7482],[80.9195,17.7562],[80.9279,17.7618],[80.9463,17.7602],[80.9553,17.7747],[80.9734,17.7802],[80.9842,17.7557],[80.9913,17.75],[81.0159,17.7451],[81.0406,17.7477],[81.0505,17.7341],[81.0582,17.7331],[81.1043,17.7721],[81.096,17.7745],[81.0856,17.7981],[81.0733,17.7865],[81.0466,17.7824],[81.0177,17.7914],[81.0082,17.7983],[80.9964,17.8491],[80.9942,17.8807],[80.9984,17.9168],[80.988,17.9435],[80.9796,18.0067],[80.9643,18.0415],[80.9697,18.0478],[80.9493,18.0862],[80.9555,18.1324],[80.9787,18.1542],[80.979,18.1788],[80.9577,18.1769],[80.9516,18.167],[80.9142,18.1445],[80.8911,18.1394],[80.8667,18.1403],[80.8602,18.1512],[80.8585,18.1898],[80.8529,18.2054],[80.871,18.2082],[80.8726,18.214],[80.8659,18.2335],[80.8434,18.2358],[80.8367,18.2423],[80.8236,18.2395],[80.8241,18.1944],[80.8175,18.1925],[80.8133,18.1836],[80.7991,18.1715],[80.7449,18.1703],[80.7368,18.1772],[80.7372,18.2221],[80.7768,18.2462],[80.7917,18.2509],[80.7941,18.2593],[80.7803,18.2664],[80.7693,18.2875],[80.7595,18.2899],[80.7577,18.302],[80.749,18.3083],[80.7476,18.33],[80.7315,18.3548],[80.7269,18.3693],[80.7294,18.3788],[80.7196,18.3911],[80.732,18.401],[80.7348,18.4129],[80.7229,18.4152],[80.7183,18.4097],[80.699,18.4214],[80.6983,18.4377],[80.7054,18.4397],[80.7016,18.4446],[80.688,18.4474],[80.6861,18.4582],[80.6553,18.4759],[80.637,18.5048],[80.6409,18.5113],[80.6376,18.5226],[80.6184,18.5276],[80.5998,18.5531],[80.5715,18.5646],[80.5564,18.5798],[80.5345,18.5884],[80.5147,18.6194],[80.5016,18.6216],[80.487,18.6319],[80.464,18.6249],[80.4546,18.6303],[80.4261,18.6138],[80.4209,18.616],[80.4185,18.6113],[80.3941,18.6057],[80.388,18.5957],[80.3742,18.6116],[80.3661,18.6091],[80.3549,18.596],[80.3458,18.5955],[80.3327,18.6143],[80.326,18.6363],[80.3172,18.6431],[80.3003,18.6912],[80.2821,18.7184],[80.2729,18.723],[80.2648,18.7215],[80.2485,18.7064],[80.2304,18.7018],[80.2193,18.7079],[80.2128,18.7057],[80.2004,18.6926],[80.1966,18.6808],[80.1787,18.6833],[80.1686,18.6997],[80.1577,18.701],[80.1485,18.6931],[80.14,18.693],[80.1181,18.6805],[80.0885,18.7073],[80.0746,18.7105],[80.0646,18.7233],[80.0528,18.7251],[80.0387,18.753],[80.025,18.755],[80.0186,18.7704],[80.001,18.7761],[79.9931,18.77],[79.9642,18.7739],[79.9205,18.8111],[79.914,18.8238],[79.9158,18.8299],[79.9476,18.8502],[79.9616,18.8667],[79.9536,18.9045],[79.9571,18.9429],[79.9416,18.9921],[79.9403,19.0326],[79.9371,19.0427],[79.9279,19.0493],[79.9206,19.0497],[79.8992,19.0403],[79.8711,19.041],[79.8584,19.1024],[79.8615,19.1123],[79.8738,19.1241],[79.9253,19.1516],[79.9459,19.1695],[79.9448,19.1801],[79.9255,19.2107],[79.9245,19.2257],[79.9364,19.2641],[79.9506,19.2891],[79.9659,19.3031],[79.9591,19.336],[79.968,19.3567],[79.9718,19.3816],[79.9797,19.3887],[79.9724,19.4162],[79.9476,19.4497],[79.9448,19.4698],[79.9324,19.4766],[79.9145,19.4961],[79.8646,19.5105],[79.8456,19.5328],[79.8284,19.5434],[79.8163,19.574],[79.7986,19.582],[79.7786,19.5997],[79.7431,19.6086],[79.709,19.5845],[79.6294,19.574],[79.6141,19.5597],[79.603,19.5146],[79.5962,19.5073],[79.5841,19.5091],[79.5529,19.5242],[79.5454,19.5507],[79.5399,19.5547],[79.5186,19.5431],[79.5186,19.5202],[79.4984,19.5057],[79.4826,19.5063],[79.4714,19.5002],[79.469,19.5096],[79.4333,19.5373],[79.4226,19.5381],[79.4205,19.5298],[79.4053,19.5357],[79.3857,19.5583],[79.3728,19.561],[79.3657,19.5763],[79.3185,19.5767],[79.3185,19.5677],[79.3139,19.5664],[79.3099,19.5715],[79.3069,19.5966],[79.2844,19.5955],[79.273,19.5989],[79.2511,19.6159],[79.2436,19.6167],[79.2387,19.6062],[79.2444,19.5949],[79.2531,19.5933],[79.251,19.5775],[79.2371,19.5572],[79.24,19.5353],[79.2337,19.52],[79.2212,19.521],[79.2075,19.5061],[79.2039,19.4941],[79.2069,19.4858],[79.2158,19.481],[79.2236,19.4691],[79.1903,19.459],[79.1801,19.4619],[79.1678,19.4724],[79.1614,19.4883],[79.1054,19.5224],[79.098,19.532],[79.0769,19.5324],[79.046,19.5483],[79.024,19.5418],[78.998,19.5401],[78.9978,19.5491],[78.9813,19.5608],[78.9742,19.5494],[78.9405,19.5519],[78.9377,19.5619],[78.9526,19.565],[78.9728,19.5824],[78.9718,19.59],[78.9556,19.6002],[78.9554,19.6191],[78.9619,19.6375],[78.9556,19.6558],[78.9442,19.6617],[78.9197,19.662],[78.9199,19.667],[78.9036,19.67],[78.8865,19.6625],[78.8905,19.6594],[78.8867,19.6551],[78.8519,19.6584],[78.8557,19.6867],[78.8599,19.6895],[78.8494,19.722],[78.8512,19.7361],[78.848,19.7355],[78.841,19.7619],[78.8259,19.7551],[78.8169,19.7618],[78.8022,19.7565],[78.7824,19.7784],[78.7711,19.7794],[78.7564,19.7725],[78.7401,19.7831],[78.73,19.7802],[78.7242,19.7678],[78.7192,19.7667],[78.7061,19.7723],[78.7014,19.7867],[78.6926,19.791],[78.6551,19.8002],[78.6428,19.8078],[78.619,19.81],[78.6073,19.8176],[78.5723,19.8158],[78.552,19.8241],[78.5308,19.8185],[78.515,19.8189],[78.509,19.8121],[78.5072,19.7975],[78.4903,19.7927],[78.4725,19.8173],[78.4374,19.8136],[78.423,19.8176],[78.403,19.8319],[78.386,19.8461],[78.3807,19.8804],[78.3321,19.8849],[78.3244,19.8963],[78.3339,19.9049],[78.3292,19.9157]]]},"properties":{"STNAME":"TELANGANA","STCODE11":"36","STNAME_SH":"Telangana","Shape_Length":2571619.680709131,"Shape_Area":124345090472.28934,"OBJECTID_1":20,"OBJECTID":20,"State_LGD":36,"Shape_Leng":2571619.68071,"MaxSimpTol":300,"MinSimpTol":300}},{"type":"Feature","id":21,"geometry":{"type":"MultiPolygon","coordinates":[[[[93.8997,7.0816],[93.9,7.0824],[93.8984,7.0826],[93.8997,7.0816]]],[[[93.7049,7.2214],[93.6982,7.2321],[93.6997,7.213],[93.7073,7.2083],[93.7097,7.2141],[93.7049,7.2214]]],[[[93.8372,7.2402],[93.8371,7.2452],[93.8343,7.2407],[93.8264,7.2432],[93.8274,7.2401],[93.8202,7.2372],[93.7958,7.2355],[93.7943,7.2289],[93.7985,7.2305],[93.8004,7.2219],[93.7949,7.2205],[93.8019,7.2149],[93.7968,7.2112],[93.7921,7.2145],[93.7925,7.203],[93.7819,7.215],[93.7653,7.2135],[93.774,7.2069],[93.7801,7.2085],[93.7778,7.1959],[93.7665,7.2076],[93.7685,7.2106],[93.7572,7.209],[93.7527,7.2122],[93.7548,7.2154],[93.7493,7.2156],[93.7403,7.2088],[93.7449,7.2],[93.7396,7.205],[93.7225,7.1893],[93.7076,7.1887],[93.7013,7.1935],[93.6879,7.1895],[93.6808,7.1936],[93.6748,7.1911],[93.6624,7.1775],[93.6638,7.1619],[93.6675,7.1592],[93.6657,7.1421],[93.6622,7.1386],[93.6567,7.1407],[93.6553,7.1329],[93.6451,7.1271],[93.6479,7.1141],[93.6525,7.1135],[93.6568,7.1194],[93.6647,7.1148],[93.6472,7.101],[93.6504,7.0869],[93.6568,7.0874],[93.6606,7.0831],[93.6535,7.0691],[93.6608,7.0657],[93.6566,7.0474],[93.6583,7.0413],[93.6655,7.0373],[93.6614,7.0293],[93.6674,7.0232],[93.6562,7.0068],[93.666,7.0039],[93.6733,7.0185],[93.6931,7.0141],[93.6981,7.0039],[93.697,6.9931],[93.7171,6.9923],[93.7254,6.9795],[93.7237,6.9714],[93.728,6.9607],[93.7381,6.9635],[93.7444,6.9391],[93.7434,6.9302],[93.7345,6.929],[93.7346,6.9241],[93.7442,6.9076],[93.7575,6.9164],[93.7553,6.9081],[93.7602,6.8968],[93.7696,6.891],[93.7746,6.8997],[93.7772,6.8952],[93.7696,6.8844],[93.7864,6.8792],[93.7834,6.8725],[93.7767,6.8798],[93.7643,6.8765],[93.7682,6.8703],[93.7653,6.8652],[93.7748,6.8545],[93.7804,6.8564],[93.7847,6.8509],[93.7978,6.8505],[93.7929,6.8445],[93.7821,6.8412],[93.7802,6.8295],[93.7972,6.8107],[93.8019,6.8128],[93.8025,6.821],[93.8124,6.8177],[93.8131,6.8084],[93.8028,6.8046],[93.8029,6.7963],[93.8097,6.7964],[93.812,6.7911],[93.8091,6.7889],[93.8075,6.7933],[93.8037,6.789],[93.8028,6.784],[93.8086,6.7785],[93.7998,6.7664],[93.8067,6.7596],[93.8239,6.7544],[93.8303,6.756],[93.8334,6.7695],[93.841,6.7793],[93.8403,6.8006],[93.8445,6.8164],[93.8513,6.8189],[93.8515,6.8159],[93.8627,6.8156],[93.878,6.7934],[93.8838,6.8049],[93.8915,6.8061],[93.8968,6.8144],[93.8955,6.8206],[93.904,6.8352],[93.8875,6.8459],[93.8869,6.8663],[93.8953,6.8764],[93.8898,6.8919],[93.8934,6.8973],[93.8879,6.9032],[93.8955,6.9073],[93.9032,6.9059],[93.9085,6.9127],[93.9029,6.9277],[93.9107,6.9336],[93.9142,6.949],[93.9215,6.9547],[93.9338,6.95],[93.9404,6.9544],[93.9232,6.973],[93.9223,6.9867],[93.9084,6.9929],[93.9091,7.0006],[93.9122,7.0065],[93.9228,7.0112],[93.9283,7.0002],[93.9383,6.9926],[93.9429,6.9989],[93.9406,7.0086],[93.9318,7.0125],[93.9247,7.0267],[93.9111,7.0254],[93.9072,7.0402],[93.9116,7.0497],[93.9011,7.0649],[93.8976,7.0806],[93.8883,7.0818],[93.8803,7.0902],[93.8749,7.106],[93.881,7.1245],[93.8738,7.135],[93.8762,7.1561],[93.873,7.1699],[93.866,7.1756],[93.8711,7.1862],[93.867,7.1957],[93.8695,7.2047],[93.8642,7.2051],[93.8556,7.2186],[93.8412,7.2152],[93.8356,7.2188],[93.8308,7.2289],[93.8377,7.2342],[93.8372,7.2402]]],[[[93.8345,7.2882],[93.8374,7.2917],[93.8337,7.2905],[93.8345,7.2882]]],[[[93.6199,7.3314],[93.6167,7.3312],[93.6193,7.3258],[93.6227,7.3285],[93.6199,7.3314]]],[[[93.6824,7.4014],[93.6785,7.4118],[93.671,7.4097],[93.6746,7.4005],[93.6824,7.4014]]],[[[93.7561,7.4037],[93.7546,7.406],[93.7503,7.4006],[93.7566,7.3966],[93.7592,7.4014],[93.7561,7.4037]]],[[[93.7,7.4457],[93.6924,7.4456],[93.6975,7.4213],[93.6909,7.4047],[93.6973,7.4048],[93.6968,7.4005],[93.7037,7.4032],[93.707,7.3846],[93.6995,7.3847],[93.6992,7.3881],[93.6946,7.3847],[93.7006,7.3937],[93.6859,7.3965],[93.6709,7.3893],[93.6684,7.3791],[93.6577,7.376],[93.662,7.3704],[93.6561,7.3666],[93.6594,7.3729],[93.6529,7.3838],[93.6378,7.3706],[93.6284,7.376],[93.6206,7.3733],[93.621,7.3387],[93.6312,7.3345],[93.6253,7.3336],[93.6244,7.323],[93.6087,7.3115],[93.617,7.3062],[93.6228,7.2892],[93.6174,7.2665],[93.6251,7.2619],[93.636,7.2444],[93.6568,7.2595],[93.6663,7.2854],[93.6743,7.2932],[93.6861,7.2966],[93.6951,7.3068],[93.7131,7.3122],[93.7287,7.3482],[93.7365,7.3599],[93.7431,7.3624],[93.7431,7.3773],[93.7087,7.4047],[93.7079,7.432],[93.7,7.4457]]],[[[93.6221,7.4784],[93.6224,7.4789],[93.6219,7.4791],[93.6221,7.4784]]],[[[93.6365,7.4788],[93.6325,7.4736],[93.6401,7.4727],[93.6365,7.4788]]],[[[93.6216,7.4793],[93.622,7.4823],[93.6197,7.4833],[93.6216,7.4793]]],[[[93.5307,7.5264],[93.5206,7.5273],[93.5293,7.5147],[93.534,7.5195],[93.5307,7.5264]]],[[[93.3713,8.0219],[93.3618,8.0218],[93.346,8.0092],[93.3387,8.0176],[93.3183,8.0043],[93.3122,7.9915],[93.3137,7.9772],[93.3011,7.962],[93.3101,7.9327],[93.3204,7.9255],[93.3225,7.9366],[93.3332,7.9338],[93.3309,7.9401],[93.3362,7.9468],[93.3299,7.9421],[93.3257,7.9508],[93.3498,7.9614],[93.3531,7.9592],[93.35,7.9537],[93.3534,7.934],[93.3321,7.9193],[93.3363,7.9113],[93.3352,7.9012],[93.3416,7.8932],[93.3679,7.8837],[93.382,7.893],[93.3865,7.9025],[93.4155,7.9079],[93.4322,7.8998],[93.4417,7.8857],[93.4425,7.8762],[93.451,7.8738],[93.4641,7.8943],[93.455,7.9166],[93.4523,7.9365],[93.4257,7.9569],[93.4202,7.9688],[93.4115,7.9601],[93.4015,7.9631],[93.3928,7.9737],[93.3951,7.9831],[93.3915,7.9933],[93.4001,8.0095],[93.3894,8.0175],[93.3713,8.0219]]],[[[93.5367,8.0283],[93.5338,8.0268],[93.5402,8.0227],[93.5388,8.0157],[93.5448,8.0154],[93.5402,8.0134],[93.5461,8.0076],[93.5414,8.0068],[93.5436,7.9903],[93.5302,8.0081],[93.5322,8.0165],[93.5275,8.0194],[93.5246,8.0152],[93.526,8.0226],[93.5218,8.0267],[93.5181,8.0211],[93.5217,8.0075],[93.5134,8.0001],[93.5124,7.9932],[93.5032,8.0001],[93.4968,7.9988],[93.4984,7.9864],[93.5224,7.9662],[93.5311,7.9699],[93.5269,7.966],[93.5287,7.9598],[93.5674,7.9315],[93.571,7.9409],[93.5725,7.9941],[93.5536,8.026],[93.5367,8.0283]]],[[[93.4948,8.0491],[93.493,8.0489],[93.4934,8.0474],[93.4948,8.0491]]],[[[93.5137,8.0649],[93.5135,8.0654],[93.5134,8.0651],[93.5137,8.0649]]],[[[93.5145,8.0694],[93.5146,8.0698],[93.5142,8.07],[93.5145,8.0694]]],[[[93.5133,8.0752],[93.5135,8.0762],[93.5128,8.0757],[93.5133,8.0752]]],[[[93.579,8.0955],[93.5784,8.096],[93.5785,8.0956],[93.579,8.0955]]],[[[93.5785,8.0973],[93.5785,8.0978],[93.5778,8.0975],[93.5785,8.0973]]],[[[93.5796,8.0961],[93.5796,8.0983],[93.5791,8.0971],[93.5796,8.0961]]],[[[93.4551,8.1296],[93.4549,8.1299],[93.4548,8.1296],[93.4551,8.1296]]],[[[93.4548,8.1303],[93.4548,8.1308],[93.4546,8.1305],[93.4548,8.1303]]],[[[93.4542,8.1315],[93.4544,8.1318],[93.4538,8.1317],[93.4542,8.1315]]],[[[93.4572,8.1314],[93.4572,8.1319],[93.4566,8.1317],[93.4572,8.1314]]],[[[93.4565,8.1321],[93.4562,8.1319],[93.4565,8.1319],[93.4565,8.1321]]],[[[93.4535,8.1326],[93.4537,8.1336],[93.4532,8.1328],[93.4535,8.1326]]],[[[93.4561,8.1329],[93.4563,8.1333],[93.456,8.1333],[93.4561,8.1329]]],[[[93.5701,8.1274],[93.5531,8.1201],[93.5605,8.1094],[93.5636,8.1137],[93.5587,8.1209],[93.5616,8.1232],[93.5744,8.1188],[93.5715,8.115],[93.5657,8.1165],[93.5696,8.1118],[93.5642,8.1098],[93.5666,8.1002],[93.5603,8.097],[93.5685,8.0866],[93.5729,8.0874],[93.5793,8.0645],[93.5755,8.0632],[93.5664,8.0749],[93.5639,8.0633],[93.5835,8.0401],[93.5904,8.0506],[93.5804,8.0702],[93.5808,8.0958],[93.5757,8.0905],[93.5737,8.0949],[93.5789,8.0951],[93.5723,8.0972],[93.5744,8.1029],[93.5771,8.0974],[93.5806,8.0994],[93.5779,8.1144],[93.5701,8.1274]]],[[[93.4536,8.1386],[93.4539,8.1395],[93.4524,8.1387],[93.4536,8.1386]]],[[[93.4551,8.1398],[93.4559,8.1406],[93.4544,8.1397],[93.4551,8.1398]]],[[[93.2292,8.2233],[93.2289,8.2246],[93.2285,8.224],[93.2292,8.2233]]],[[[93.5119,8.2351],[93.5096,8.2336],[93.5138,8.2302],[93.5063,8.2323],[93.4828,8.2221],[93.4799,8.1973],[93.4719,8.1936],[93.4693,8.1859],[93.4695,8.1897],[93.4653,8.1839],[93.4496,8.1802],[93.4449,8.1677],[93.4469,8.145],[93.4564,8.142],[93.4601,8.1449],[93.4638,8.1408],[93.461,8.1372],[93.4594,8.1403],[93.4606,8.1343],[93.4554,8.1386],[93.4572,8.1282],[93.4505,8.1317],[93.4539,8.1373],[93.4487,8.1356],[93.451,8.1204],[93.4578,8.1202],[93.4545,8.1169],[93.4566,8.1076],[93.4669,8.0929],[93.4715,8.0978],[93.48,8.0927],[93.4707,8.0884],[93.4755,8.0534],[93.4824,8.0526],[93.4849,8.0613],[93.4816,8.0649],[93.5024,8.0761],[93.5024,8.0873],[93.5091,8.0836],[93.5129,8.0861],[93.5141,8.0802],[93.5251,8.0817],[93.5142,8.075],[93.5155,8.0687],[93.5231,8.0733],[93.524,8.0678],[93.5281,8.0687],[93.5199,8.0683],[93.524,8.0623],[93.5154,8.0632],[93.5148,8.0585],[93.5196,8.0562],[93.517,8.0535],[93.5076,8.0472],[93.5013,8.0487],[93.5043,8.0603],[93.5016,8.0696],[93.4991,8.0582],[93.4935,8.058],[93.5,8.0524],[93.4967,8.0461],[93.5008,8.0391],[93.4955,8.039],[93.4935,8.0465],[93.4901,8.04],[93.4805,8.0477],[93.476,8.0466],[93.4774,8.0164],[93.4822,8.0024],[93.4909,7.9996],[93.4985,8.0113],[93.4954,8.0188],[93.501,8.0179],[93.4946,8.0257],[93.4975,8.0365],[93.5086,8.0375],[93.5122,8.0431],[93.5142,8.034],[93.5204,8.0524],[93.5281,8.0502],[93.5304,8.0406],[93.5396,8.0377],[93.5391,8.0442],[93.5317,8.0503],[93.5379,8.0519],[93.5391,8.0834],[93.5215,8.0977],[93.5183,8.108],[93.5147,8.1074],[93.5104,8.1272],[93.4982,8.1364],[93.5019,8.1396],[93.494,8.1421],[93.4933,8.1486],[93.488,8.145],[93.4915,8.1516],[93.4968,8.1512],[93.4969,8.1609],[93.492,8.1592],[93.4979,8.1627],[93.4951,8.1677],[93.5052,8.1751],[93.5034,8.1793],[93.5124,8.1841],[93.5115,8.1884],[93.5189,8.19],[93.5064,8.1786],[93.5123,8.1743],[93.5202,8.1865],[93.5253,8.1876],[93.5181,8.178],[93.5246,8.1792],[93.5281,8.1928],[93.5255,8.1964],[93.5313,8.1945],[93.5358,8.2033],[93.5339,8.2286],[93.5119,8.2351]]],[[[93.2292,8.2616],[93.2267,8.2657],[93.2183,8.2637],[93.2126,8.2591],[93.2105,8.2495],[93.2287,8.2247],[93.2384,8.2265],[93.2406,8.2306],[93.2391,8.2431],[93.2292,8.2616]]],[[[93.1168,8.3566],[93.1031,8.3482],[93.0957,8.3504],[93.0853,8.34],[93.0848,8.3258],[93.074,8.297],[93.0767,8.2741],[93.0909,8.2564],[93.0946,8.2441],[93.1119,8.2254],[93.1522,8.2037],[93.1629,8.2032],[93.178,8.1951],[93.1905,8.1973],[93.193,8.2182],[93.1844,8.2258],[93.1471,8.2423],[93.1165,8.2761],[93.1212,8.3125],[93.1307,8.3311],[93.1328,8.3459],[93.1214,8.3488],[93.1168,8.3566]]],[[[93.6318,8.3953],[93.6309,8.3953],[93.6327,8.3946],[93.6318,8.3953]]],[[[93.6427,8.3948],[93.6335,8.395],[93.6433,8.3897],[93.6461,8.3915],[93.6427,8.3948]]],[[[93.6245,8.3984],[93.6246,8.397],[93.6252,8.3976],[93.6245,8.3984]]],[[[93.048,8.4416],[93.0472,8.4603],[93.0329,8.4721],[93.0264,8.4509],[93.0338,8.4431],[93.048,8.4416]]],[[[93.6076,8.572],[93.603,8.578],[93.601,8.5456],[93.6123,8.527],[93.6164,8.509],[93.6143,8.4991],[93.6199,8.489],[93.6095,8.4805],[93.6145,8.4648],[93.6083,8.457],[93.6114,8.4487],[93.6075,8.4446],[93.6107,8.4374],[93.6132,8.4391],[93.6082,8.4365],[93.6122,8.4241],[93.6172,8.4382],[93.6119,8.4506],[93.6166,8.4686],[93.6221,8.4733],[93.6318,8.4684],[93.6267,8.499],[93.6217,8.5075],[93.6277,8.5132],[93.6234,8.5189],[93.6258,8.5244],[93.6119,8.5334],[93.6076,8.572]]],[[[93.5989,8.5839],[93.5966,8.5834],[93.5983,8.5808],[93.5989,8.5839]]],[[[92.7924,9.2387],[92.7728,9.2587],[92.7759,9.2444],[92.7705,9.2406],[92.7724,9.2325],[92.7635,9.2163],[92.7442,9.2138],[92.7279,9.2205],[92.7203,9.2186],[92.7159,9.1556],[92.7281,9.1267],[92.7525,9.1295],[92.7597,9.1267],[92.7669,9.1302],[92.7802,9.1216],[92.7934,9.1219],[92.8087,9.1279],[92.8141,9.1374],[92.8263,9.1401],[92.8289,9.1679],[92.8221,9.1817],[92.8184,9.2076],[92.8126,9.2191],[92.7924,9.2387]]],[[[92.5206,10.8978],[92.5119,10.8976],[92.5057,10.8901],[92.4926,10.8901],[92.481,10.8725],[92.4714,10.8717],[92.4649,10.8648],[92.4663,10.8572],[92.458,10.8625],[92.4621,10.8534],[92.4586,10.8397],[92.4637,10.8384],[92.449,10.8393],[92.4367,10.8244],[92.4274,10.8239],[92.4227,10.802],[92.409,10.7856],[92.3955,10.7799],[92.3866,10.7854],[92.385,10.792],[92.3783,10.7826],[92.3759,10.7736],[92.3822,10.7625],[92.379,10.7417],[92.3839,10.7223],[92.3808,10.7081],[92.3833,10.6712],[92.397,10.668],[92.4106,10.6456],[92.4205,10.6157],[92.4132,10.6083],[92.4098,10.5833],[92.383,10.5426],[92.3885,10.5331],[92.4045,10.5337],[92.4193,10.55],[92.4333,10.5508],[92.4535,10.544],[92.4819,10.5196],[92.499,10.5134],[92.5131,10.514],[92.5311,10.5204],[92.5341,10.5317],[92.542,10.5396],[92.543,10.5513],[92.5533,10.5583],[92.5685,10.5784],[92.5651,10.5874],[92.5415,10.5948],[92.5393,10.6109],[92.5522,10.6404],[92.5682,10.6539],[92.5821,10.6583],[92.5762,10.667],[92.5821,10.6793],[92.5788,10.6814],[92.594,10.6783],[92.597,10.6813],[92.5978,10.7047],[92.5825,10.7447],[92.5865,10.7878],[92.5725,10.8037],[92.5647,10.8055],[92.5593,10.8155],[92.5633,10.8291],[92.5566,10.8455],[92.5589,10.863],[92.5367,10.8839],[92.5301,10.8855],[92.5206,10.8978]]],[[[92.6134,10.9276],[92.6181,10.932],[92.6046,10.9375],[92.6134,10.9276]]],[[[92.2221,10.9846],[92.2109,10.9814],[92.2133,10.9758],[92.2236,10.9784],[92.2251,10.9843],[92.2221,10.9846]]],[[[92.6611,10.9821],[92.6678,10.9859],[92.666,10.9919],[92.6585,10.9898],[92.6611,10.9821]]],[[[92.7229,11.141],[92.7241,11.1439],[92.7216,11.1436],[92.7229,11.141]]],[[[92.7329,11.1455],[92.7308,11.1493],[92.7254,11.1453],[92.7289,11.142],[92.7329,11.1455]]],[[[92.6763,11.1831],[92.6741,11.1901],[92.6754,11.1776],[92.6796,11.1812],[92.6763,11.1831]]],[[[92.6913,11.2435],[92.6936,11.2529],[92.7048,11.2641],[92.7044,11.2899],[92.6921,11.2809],[92.6967,11.2624],[92.6863,11.2438],[92.6913,11.2435]]],[[[92.7229,11.3187],[92.7211,11.3337],[92.7111,11.3138],[92.7056,11.3097],[92.6953,11.31],[92.7076,11.2996],[92.7159,11.3151],[92.7229,11.3187]]],[[[92.5469,11.3937],[92.5497,11.3974],[92.5447,11.396],[92.5469,11.3937]]],[[[92.5623,11.3956],[92.5569,11.397],[92.5551,11.3916],[92.5623,11.3956]]],[[[92.6092,11.5045],[92.6144,11.5108],[92.6084,11.5075],[92.6092,11.5045]]],[[[92.6435,11.5135],[92.6444,11.5152],[92.643,11.5144],[92.6435,11.5135]]],[[[92.6389,11.5105],[92.6353,11.5173],[92.6315,11.5146],[92.6175,11.4922],[92.6101,11.459],[92.6277,11.4348],[92.6233,11.4361],[92.6216,11.4321],[92.6222,11.4054],[92.6126,11.4005],[92.5863,11.4009],[92.5915,11.3791],[92.5803,11.3689],[92.5884,11.3535],[92.5983,11.3468],[92.619,11.351],[92.6213,11.3474],[92.6269,11.3499],[92.6371,11.347],[92.6506,11.3578],[92.6637,11.3539],[92.6662,11.3616],[92.6845,11.3666],[92.6903,11.3752],[92.692,11.387],[92.6872,11.3909],[92.6763,11.3928],[92.673,11.3998],[92.6623,11.395],[92.6616,11.4021],[92.6537,11.4076],[92.6457,11.4067],[92.6728,11.418],[92.6712,11.427],[92.6828,11.427],[92.6797,11.4305],[92.6844,11.4363],[92.6744,11.4624],[92.6765,11.471],[92.6689,11.4799],[92.6678,11.4893],[92.6637,11.4911],[92.6617,11.4866],[92.6425,11.4973],[92.6444,11.5114],[92.6389,11.5105]]],[[[92.6026,11.5336],[92.6013,11.5378],[92.5995,11.5298],[92.6047,11.5219],[92.6026,11.5336]]],[[[92.5579,11.5412],[92.5542,11.5375],[92.5563,11.5333],[92.5516,11.5384],[92.5515,11.5315],[92.5603,11.5172],[92.5652,11.5175],[92.5674,11.5276],[92.5595,11.5325],[92.5579,11.5412]]],[[[92.6271,11.5432],[92.6277,11.5482],[92.6263,11.545],[92.6271,11.5432]]],[[[92.6135,11.5534],[92.611,11.5609],[92.6115,11.5403],[92.6036,11.5502],[92.6092,11.5315],[92.6113,11.5392],[92.6157,11.5362],[92.6172,11.56],[92.6135,11.5534]]],[[[92.2143,11.595],[92.2114,11.5892],[92.2039,11.5872],[92.2118,11.574],[92.2044,11.5502],[92.2115,11.5302],[92.2493,11.526],[92.2589,11.518],[92.268,11.5232],[92.2722,11.5367],[92.2657,11.5611],[92.268,11.5858],[92.2605,11.5907],[92.2403,11.5931],[92.2268,11.588],[92.2155,11.5906],[92.2195,11.595],[92.2143,11.595]]],[[[92.5648,11.5679],[92.5663,11.5707],[92.5639,11.5694],[92.5648,11.5679]]],[[[92.5749,11.5673],[92.5756,11.5709],[92.5717,11.5627],[92.5749,11.5673]]],[[[92.5915,11.564],[92.5914,11.5778],[92.5868,11.5702],[92.5862,11.5541],[92.5929,11.5503],[92.5849,11.5529],[92.5831,11.5489],[92.5871,11.534],[92.5917,11.537],[92.5944,11.5333],[92.5965,11.5492],[92.5949,11.5649],[92.5915,11.564]]],[[[92.5773,11.5826],[92.5777,11.5851],[92.576,11.5843],[92.5773,11.5826]]],[[[92.6133,11.5834],[92.6101,11.5888],[92.6008,11.5859],[92.5996,11.5676],[92.6043,11.5745],[92.6137,11.5631],[92.6175,11.5747],[92.6133,11.5834]]],[[[92.5933,11.5893],[92.5922,11.5906],[92.5921,11.5898],[92.5933,11.5893]]],[[[92.5416,11.6027],[92.5357,11.6066],[92.5312,11.5957],[92.5353,11.5872],[92.5322,11.5893],[92.531,11.5727],[92.5346,11.5659],[92.5289,11.5552],[92.538,11.5634],[92.5527,11.5622],[92.5541,11.5716],[92.5643,11.5737],[92.5588,11.5781],[92.5594,11.5846],[92.568,11.5898],[92.5622,11.593],[92.5566,11.5852],[92.5491,11.5879],[92.5435,11.5908],[92.5472,11.6002],[92.5416,11.6027]]],[[[92.6972,11.6642],[92.6921,11.6608],[92.6996,11.6594],[92.6972,11.6642]]],[[[92.7652,11.6771],[92.7652,11.6806],[92.7597,11.677],[92.761,11.6694],[92.7652,11.6771]]],[[[92.7246,11.6862],[92.726,11.6873],[92.7222,11.688],[92.7246,11.6862]]],[[[93.08,11.779],[93.0849,11.7886],[93.0781,11.7864],[93.0763,11.781],[93.08,11.779]]],[[[93.0171,11.8445],[93.0113,11.8499],[93.0145,11.8304],[93.0216,11.8306],[93.0475,11.8132],[93.0594,11.8171],[93.0703,11.8359],[93.062,11.8445],[93.0358,11.8363],[93.0171,11.8445]]],[[[92.5982,11.914],[92.5992,11.9184],[92.5945,11.9153],[92.5951,11.9064],[92.5982,11.914]]],[[[92.6033,11.9294],[92.6031,11.9363],[92.6014,11.9356],[92.6033,11.9294]]],[[[92.7188,11.9347],[92.7147,11.926],[92.7178,11.9027],[92.7235,11.91],[92.7232,11.9274],[92.7188,11.9347]]],[[[92.722,11.9516],[92.7244,11.9542],[92.7224,11.9545],[92.722,11.9516]]],[[[92.7279,11.9468],[92.7319,11.9602],[92.7252,11.9561],[92.7243,11.9419],[92.7306,11.9449],[92.7279,11.9468]]],[[[92.5954,11.9764],[92.5877,11.977],[92.5873,11.9738],[92.5951,11.9628],[92.5946,11.93],[92.5977,11.9283],[92.6079,11.9435],[92.5954,11.9764]]],[[[92.7409,11.9653],[92.7431,11.966],[92.7432,11.9678],[92.7409,11.9653]]],[[[92.7615,11.9661],[92.7517,11.9668],[92.7544,11.9662],[92.7479,11.9616],[92.742,11.9621],[92.7352,11.9522],[92.7395,11.9537],[92.7444,11.9456],[92.7593,11.9494],[92.7654,11.9553],[92.7615,11.9661]]],[[[92.5823,11.9826],[92.5809,11.9774],[92.583,11.9781],[92.5823,11.9826]]],[[[92.7246,11.9904],[92.7217,11.983],[92.7264,11.9881],[92.7246,11.9904]]],[[[92.7252,11.9956],[92.7254,11.9964],[92.7247,11.9957],[92.7252,11.9956]]],[[[92.7752,12.0164],[92.7701,12.0171],[92.7706,12.0136],[92.7752,12.0164]]],[[[92.9664,12.0413],[92.9636,12.051],[92.9592,12.0306],[92.9487,12.0139],[92.9278,12.0061],[92.9251,11.9956],[92.9328,11.9851],[92.9474,11.9856],[92.9595,11.981],[92.9727,11.9489],[92.984,11.9456],[92.9898,11.9526],[92.9943,11.952],[93.0217,11.9011],[93.0237,11.89],[93.035,11.8826],[93.0436,11.8846],[93.0506,11.8929],[93.0525,11.9036],[93.0456,11.9124],[93.0359,11.9476],[93.0269,11.952],[93.0248,11.9651],[93.0053,12.0024],[93.0076,12.0199],[92.9938,12.0387],[92.9736,12.0439],[92.9765,12.0463],[92.9729,12.0487],[92.9664,12.0413]]],[[[92.7391,12.1107],[92.7405,12.1119],[92.7403,12.1133],[92.7391,12.1107]]],[[[92.9991,12.1063],[92.9854,12.1108],[92.9711,12.1065],[92.9638,12.1117],[92.9579,12.1108],[92.9553,12.0893],[92.961,12.0865],[92.9541,12.0802],[92.9613,12.064],[92.9952,12.0419],[93.0046,12.0485],[92.9999,12.0843],[93.005,12.1038],[92.9991,12.1063]]],[[[92.9504,12.0849],[92.9496,12.0925],[92.9557,12.1018],[92.9467,12.1169],[92.9504,12.0849]]],[[[93.0559,12.1199],[93.0487,12.1168],[93.0532,12.1093],[93.0559,12.1199]]],[[[92.7539,12.1414],[92.7574,12.1464],[92.7561,12.15],[92.7539,12.1414]]],[[[93.0975,12.1345],[93.0983,12.1368],[93.0969,12.1372],[93.0975,12.1345]]],[[[93.1196,12.1488],[93.1091,12.1417],[93.1153,12.1304],[93.1228,12.1409],[93.1216,12.1452],[93.1177,12.1443],[93.1196,12.1488]]],[[[92.9871,12.1601],[92.9728,12.1526],[92.9576,12.1527],[92.952,12.1473],[92.9569,12.119],[92.9624,12.1136],[92.9637,12.1179],[92.9729,12.1147],[92.9773,12.1083],[92.9843,12.1122],[93.0027,12.1122],[92.9972,12.1295],[92.9968,12.1575],[92.9871,12.1601]]],[[[92.7622,12.1789],[92.7545,12.1811],[92.7584,12.177],[92.7583,12.1648],[92.7622,12.1789]]],[[[93.0257,12.1456],[93.026,12.1667],[93.0036,12.1399],[93.0023,12.1246],[93.0082,12.1051],[93.0059,12.0796],[93.0238,12.0718],[93.0392,12.0475],[93.0439,12.046],[93.0432,12.0513],[93.046,12.0485],[93.0504,12.0562],[93.0494,12.0602],[93.0445,12.0571],[93.0487,12.0608],[93.0459,12.0639],[93.0501,12.0612],[93.0518,12.0691],[93.0478,12.0684],[93.0503,12.0729],[93.0421,12.0762],[93.0496,12.0753],[93.05,12.0797],[93.0391,12.0846],[93.032,12.1005],[93.0225,12.0987],[93.0328,12.1013],[93.029,12.1138],[93.023,12.1138],[93.0224,12.1193],[93.0282,12.1157],[93.0332,12.1257],[93.0202,12.1436],[93.0263,12.1426],[93.0257,12.1456]]],[[[92.7288,12.1845],[92.7291,12.1895],[92.7241,12.1852],[92.7288,12.1845]]],[[[92.6815,12.2147],[92.6814,12.224],[92.6786,12.2193],[92.6815,12.2147]]],[[[92.696,12.2391],[92.6874,12.2352],[92.6827,12.2061],[92.6822,12.2127],[92.678,12.2122],[92.677,12.1978],[92.6809,12.192],[92.6777,12.1953],[92.6749,12.187],[92.6737,12.218],[92.6551,12.1803],[92.6543,12.1892],[92.6668,12.2188],[92.6645,12.2223],[92.6602,12.2151],[92.6333,12.1409],[92.6302,12.123],[92.6343,12.1205],[92.6294,12.1198],[92.6218,12.1016],[92.6185,12.0685],[92.6247,12.0597],[92.6218,12.0487],[92.6279,12.0432],[92.6202,12.0399],[92.6239,12.0283],[92.617,12.0242],[92.6124,12.0003],[92.6159,11.9931],[92.6109,11.985],[92.6095,11.9548],[92.6131,11.9516],[92.607,11.9244],[92.6131,11.9281],[92.6174,11.9467],[92.6154,11.9246],[92.6207,11.9344],[92.6217,11.9215],[92.6186,11.9151],[92.6177,11.9216],[92.6146,11.9203],[92.6118,11.9049],[92.6104,11.9148],[92.6083,11.8964],[92.6125,11.8797],[92.6105,11.8676],[92.6154,11.8626],[92.6116,11.8612],[92.6138,11.8311],[92.6113,11.8291],[92.6102,11.8435],[92.6098,11.8367],[92.6058,11.8348],[92.6007,11.8489],[92.6015,11.8601],[92.596,11.8742],[92.5986,11.8869],[92.5947,11.884],[92.5994,11.8968],[92.5968,11.8918],[92.5956,11.8961],[92.5945,11.8928],[92.5925,11.8949],[92.5945,11.8808],[92.5924,11.8759],[92.5896,11.8775],[92.595,11.8649],[92.5873,11.8667],[92.5838,11.8601],[92.5813,11.8955],[92.5703,11.8908],[92.5704,11.898],[92.5743,11.8938],[92.58,11.9014],[92.5754,11.9108],[92.5797,11.9093],[92.5799,11.9148],[92.5775,11.9174],[92.5717,11.9141],[92.5699,11.9086],[92.5667,11.9168],[92.5712,11.9265],[92.5716,11.9179],[92.5732,11.922],[92.5781,11.92],[92.5779,11.9273],[92.5716,11.9278],[92.5652,11.9402],[92.5646,11.9357],[92.5609,11.9365],[92.5645,11.9436],[92.5615,11.947],[92.5542,11.9284],[92.5541,11.9251],[92.5594,11.9309],[92.5559,11.9175],[92.5458,11.922],[92.5534,11.9244],[92.5496,11.9264],[92.5425,11.9234],[92.5351,11.9119],[92.5415,11.9031],[92.5275,11.8958],[92.5251,11.8748],[92.5293,11.8757],[92.5306,11.8866],[92.5336,11.8702],[92.5296,11.8656],[92.5239,11.871],[92.5192,11.8602],[92.5193,11.8574],[92.5218,11.8623],[92.5235,11.8554],[92.519,11.8516],[92.5171,11.8565],[92.5143,11.8484],[92.5196,11.84],[92.5224,11.8448],[92.5181,11.8349],[92.5234,11.8269],[92.523,11.8323],[92.5269,11.83],[92.5314,11.8412],[92.5328,11.8363],[92.5341,11.8419],[92.5397,11.8418],[92.5428,11.8359],[92.544,11.8492],[92.5366,11.8507],[92.5362,11.8605],[92.5433,11.8508],[92.5489,11.8577],[92.5522,11.8495],[92.5491,11.8479],[92.5524,11.833],[92.5491,11.8311],[92.5488,11.8357],[92.547,11.8331],[92.5504,11.8225],[92.5464,11.8203],[92.5522,11.8103],[92.5538,11.8153],[92.5586,11.8126],[92.5512,11.8072],[92.5513,11.7845],[92.5552,11.7737],[92.5581,11.777],[92.5624,11.772],[92.5584,11.7729],[92.5589,11.7679],[92.5513,11.7632],[92.5556,11.7598],[92.5507,11.7571],[92.5538,11.7555],[92.5511,11.7201],[92.5604,11.6948],[92.5638,11.6925],[92.5715,11.6995],[92.5732,11.7157],[92.5689,11.7252],[92.5743,11.7341],[92.5818,11.735],[92.5854,11.7306],[92.5923,11.7355],[92.5908,11.7132],[92.5949,11.7094],[92.5919,11.7028],[92.5986,11.6901],[92.5967,11.6772],[92.5906,11.6693],[92.5979,11.657],[92.6008,11.66],[92.5984,11.6513],[92.6073,11.6343],[92.6107,11.6375],[92.6167,11.6329],[92.621,11.6382],[92.6189,11.6332],[92.6306,11.6295],[92.6284,11.6508],[92.6317,11.6615],[92.6381,11.6456],[92.6349,11.6401],[92.6414,11.6425],[92.6423,11.6474],[92.6474,11.6456],[92.6425,11.6405],[92.6444,11.6257],[92.6387,11.6124],[92.6342,11.6115],[92.6301,11.6165],[92.6208,11.6112],[92.6182,11.621],[92.608,11.6209],[92.6066,11.5944],[92.619,11.5837],[92.6165,11.5626],[92.6241,11.569],[92.6266,11.5834],[92.633,11.5901],[92.634,11.58],[92.6489,11.5724],[92.6429,11.5576],[92.6473,11.5555],[92.6506,11.5589],[92.6537,11.5505],[92.6437,11.5406],[92.6461,11.5218],[92.6604,11.5148],[92.6656,11.5048],[92.6728,11.5053],[92.6741,11.5119],[92.6834,11.5122],[92.6939,11.5061],[92.6948,11.5115],[92.6993,11.5099],[92.7101,11.4782],[92.7159,11.503],[92.7255,11.5166],[92.7224,11.5324],[92.7303,11.5428],[92.733,11.5535],[92.7288,11.5594],[92.7378,11.5706],[92.7369,11.5798],[92.742,11.5846],[92.7393,11.5934],[92.7511,11.6093],[92.7511,11.6327],[92.7453,11.6429],[92.755,11.6486],[92.7554,11.6647],[92.7465,11.6688],[92.7464,11.6766],[92.7347,11.6777],[92.7318,11.6732],[92.7308,11.6807],[92.7182,11.6821],[92.7144,11.6777],[92.7154,11.6651],[92.7292,11.6615],[92.729,11.657],[92.7096,11.6523],[92.7117,11.6436],[92.7057,11.6421],[92.7004,11.6545],[92.6938,11.6529],[92.7008,11.648],[92.7012,11.6394],[92.6928,11.6388],[92.697,11.6288],[92.6937,11.6243],[92.7019,11.6168],[92.6915,11.6124],[92.6814,11.6171],[92.6729,11.6068],[92.6678,11.611],[92.6732,11.6095],[92.68,11.6206],[92.6877,11.6211],[92.6807,11.6273],[92.6733,11.6244],[92.6612,11.6538],[92.6644,11.6617],[92.6801,11.6619],[92.6778,11.6526],[92.6824,11.6507],[92.6847,11.6623],[92.691,11.6645],[92.692,11.6693],[92.6974,11.6657],[92.706,11.6698],[92.6982,11.6808],[92.7027,11.6826],[92.7013,11.6957],[92.7058,11.701],[92.7112,11.6952],[92.7124,11.7037],[92.7164,11.7055],[92.7214,11.6975],[92.7271,11.6946],[92.7298,11.699],[92.7366,11.6913],[92.7433,11.6908],[92.7413,11.7097],[92.7445,11.7142],[92.7541,11.7014],[92.7543,11.7258],[92.7646,11.7524],[92.7639,11.7674],[92.7704,11.7857],[92.7686,11.7996],[92.7804,11.8493],[92.7856,11.8542],[92.7856,11.8807],[92.7911,11.886],[92.7834,11.8876],[92.7762,11.8978],[92.7868,11.9017],[92.7818,11.9048],[92.7859,11.9255],[92.7772,11.9327],[92.7811,11.9319],[92.783,11.9362],[92.7631,11.9401],[92.7579,11.9366],[92.7649,11.9223],[92.7579,11.9344],[92.7517,11.9305],[92.7512,11.9251],[92.7494,11.9317],[92.7453,11.9323],[92.7424,11.9258],[92.7497,11.9215],[92.7427,11.9098],[92.7432,11.9188],[92.737,11.9184],[92.7325,11.9039],[92.7367,11.8989],[92.7398,11.9031],[92.7422,11.896],[92.7352,11.8958],[92.7376,11.8918],[92.7336,11.8916],[92.7296,11.897],[92.73,11.8813],[92.7354,11.8885],[92.7417,11.8817],[92.7293,11.8686],[92.7309,11.8536],[92.718,11.8321],[92.7216,11.8329],[92.7203,11.8268],[92.7113,11.8207],[92.7124,11.8342],[92.7087,11.8363],[92.7195,11.8451],[92.7231,11.8595],[92.7168,11.8689],[92.7022,11.8504],[92.7033,11.8622],[92.6979,11.8658],[92.7052,11.87],[92.7029,11.8763],[92.7104,11.8736],[92.7197,11.8778],[92.7166,11.8852],[92.7046,11.8828],[92.7065,11.8891],[92.6923,11.9011],[92.6986,11.9045],[92.7031,11.9167],[92.7042,11.9035],[92.7103,11.8991],[92.7129,11.903],[92.7087,11.9289],[92.6978,11.9312],[92.7096,11.936],[92.7105,11.9388],[92.7058,11.9387],[92.7082,11.9416],[92.715,11.9426],[92.7083,11.9477],[92.7111,11.9507],[92.7037,11.9621],[92.7161,11.9546],[92.7167,11.9612],[92.7122,11.962],[92.7073,11.9742],[92.7171,11.9713],[92.7217,11.9651],[92.7247,11.9699],[92.7309,11.9695],[92.7286,11.9757],[92.7235,11.9703],[92.7186,11.9756],[92.7226,11.979],[92.7201,11.9843],[92.7155,11.9805],[92.7108,11.9828],[92.7159,11.9851],[92.714,11.9886],[92.719,11.9883],[92.7132,11.994],[92.7257,11.9977],[92.7212,12.0059],[92.7383,11.9975],[92.7318,11.9829],[92.7344,11.9771],[92.7434,11.9836],[92.7464,11.9782],[92.7535,11.9827],[92.754,11.9883],[92.7414,11.9885],[92.7419,11.9954],[92.7683,11.9975],[92.7665,12.0116],[92.7514,12.0026],[92.7476,12.0092],[92.751,12.0154],[92.7465,12.0147],[92.749,12.0193],[92.7392,12.0184],[92.7353,12.0123],[92.7301,12.0149],[92.7362,12.0204],[92.7281,12.02],[92.7287,12.0247],[92.722,12.0262],[92.7356,12.0258],[92.737,12.0302],[92.729,12.0318],[92.7336,12.0356],[92.7251,12.0371],[92.7268,12.0448],[92.7259,12.0392],[92.7306,12.0357],[92.7362,12.0346],[92.736,12.0438],[92.7391,12.0357],[92.7442,12.0383],[92.7475,12.0259],[92.7515,12.0344],[92.7524,12.0262],[92.7604,12.0197],[92.7663,12.026],[92.7775,12.0244],[92.7761,12.0332],[92.7822,12.0484],[92.7771,12.0507],[92.7662,12.0464],[92.764,12.0519],[92.7593,12.0511],[92.7601,12.0551],[92.747,12.0554],[92.7564,12.0652],[92.7391,12.0738],[92.734,12.0835],[92.7336,12.1034],[92.7517,12.1481],[92.7562,12.1772],[92.7508,12.1809],[92.747,12.1757],[92.7357,12.1823],[92.722,12.1775],[92.7191,12.1799],[92.7112,12.1624],[92.7092,12.1438],[92.7035,12.1379],[92.705,12.1475],[92.7019,12.1472],[92.7113,12.1725],[92.7,12.1547],[92.697,12.162],[92.7088,12.1888],[92.7008,12.1871],[92.7034,12.1911],[92.7116,12.1899],[92.7064,12.1965],[92.7035,12.1928],[92.7087,12.2163],[92.7029,12.2323],[92.696,12.2391]]],[[[93.0718,12.2105],[93.065,12.2104],[93.0559,12.1938],[93.0356,12.1325],[93.0384,12.1265],[93.0444,12.129],[93.0483,12.1194],[93.0472,12.1277],[93.0528,12.1283],[93.0531,12.1235],[93.0582,12.1228],[93.0666,12.1318],[93.0642,12.1233],[93.0698,12.1252],[93.0665,12.1222],[93.0701,12.1235],[93.0708,12.1182],[93.0677,12.1144],[93.0635,12.1223],[93.0564,12.1091],[93.0676,12.0893],[93.0723,12.0927],[93.0689,12.0867],[93.074,12.0838],[93.0855,12.091],[93.0829,12.0902],[93.0837,12.1008],[93.0853,12.0953],[93.0899,12.0993],[93.0908,12.1054],[93.0883,12.0986],[93.0855,12.1038],[93.0892,12.108],[93.081,12.1073],[93.0864,12.1097],[93.0863,12.1165],[93.091,12.1167],[93.091,12.1201],[93.0824,12.1147],[93.0808,12.1217],[93.0866,12.1238],[93.083,12.1316],[93.0904,12.1355],[93.0853,12.1357],[93.0911,12.1393],[93.0867,12.1404],[93.094,12.1431],[93.0923,12.148],[93.0885,12.1455],[93.0874,12.1519],[93.0801,12.1464],[93.0776,12.1491],[93.0835,12.1513],[93.0882,12.1807],[93.0851,12.1799],[93.0876,12.1796],[93.0866,12.1743],[93.0856,12.1789],[93.0752,12.1803],[93.0654,12.1733],[93.0781,12.1853],[93.0767,12.181],[93.0854,12.1845],[93.0794,12.1863],[93.0862,12.1927],[93.0803,12.1985],[93.0741,12.1929],[93.0781,12.1995],[93.0669,12.1973],[93.0761,12.2048],[93.0718,12.2105]]],[[[92.9349,12.2242],[92.9264,12.222],[92.924,12.2153],[92.9321,12.1963],[92.9348,12.2129],[92.9316,12.2147],[92.9352,12.216],[92.9357,12.2126],[92.9386,12.216],[92.9349,12.2242]]],[[[92.7346,12.2398],[92.729,12.2428],[92.7206,12.2334],[92.7222,12.1885],[92.7289,12.1931],[92.7283,12.1979],[92.7324,12.1847],[92.7463,12.1804],[92.7526,12.1832],[92.7533,12.1885],[92.7556,12.1846],[92.7594,12.1928],[92.7625,12.1888],[92.7588,12.1881],[92.759,12.1829],[92.7628,12.1831],[92.7669,12.1992],[92.7656,12.2024],[92.7625,12.1988],[92.7606,12.2011],[92.7608,12.2288],[92.7568,12.2302],[92.7523,12.2178],[92.7536,12.2305],[92.7439,12.2281],[92.7387,12.2364],[92.7366,12.2283],[92.7437,12.2231],[92.7421,12.2049],[92.7426,12.22],[92.739,12.2232],[92.7339,12.2208],[92.7321,12.2099],[92.7293,12.2146],[92.7297,12.2317],[92.7346,12.2398]]],[[[93.019,12.2235],[93.0199,12.2244],[93.0184,12.2243],[93.019,12.2235]]],[[[92.6981,12.2437],[92.6963,12.2504],[92.6946,12.2466],[92.6981,12.2437]]],[[[93.0923,12.2186],[93.0932,12.2206],[93.093,12.2236],[93.0923,12.2186]]],[[[92.8811,12.2394],[92.8814,12.2419],[92.8803,12.2399],[92.8811,12.2394]]],[[[93.0928,12.2239],[93.0922,12.2253],[93.0899,12.2262],[93.0928,12.2239]]],[[[92.7226,12.2547],[92.7238,12.2563],[92.7212,12.2565],[92.7226,12.2547]]],[[[93.0856,12.2289],[93.0838,12.2289],[93.0816,12.2255],[93.0856,12.2289]]],[[[92.8659,12.2354],[92.8682,12.2487],[92.8638,12.2509],[92.8605,12.2428],[92.8659,12.2354]]],[[[92.8804,12.2453],[92.8811,12.2484],[92.8784,12.2508],[92.8804,12.2453]]],[[[92.8997,12.2561],[92.8966,12.2518],[92.8955,12.2561],[92.8867,12.2527],[92.8832,12.2384],[92.8785,12.2383],[92.8769,12.2493],[92.8695,12.2457],[92.8682,12.2382],[92.8783,12.2079],[92.8829,12.21],[92.882,12.2166],[92.8872,12.2177],[92.8854,12.225],[92.8898,12.2283],[92.9034,12.2227],[92.907,12.2288],[92.91,12.2203],[92.9143,12.22],[92.9107,12.2406],[92.8997,12.2561]]],[[[92.8995,12.2586],[92.8992,12.2626],[92.8983,12.2596],[92.8995,12.2586]]],[[[93.104,12.2505],[93.101,12.2612],[93.0926,12.2393],[93.0819,12.2383],[93.0827,12.2578],[93.0798,12.2622],[93.0744,12.2558],[93.0755,12.2628],[93.0619,12.2337],[93.064,12.2282],[93.0801,12.2258],[93.0866,12.2345],[93.0933,12.2365],[93.0961,12.2434],[93.0957,12.238],[93.0989,12.2465],[93.1022,12.2458],[93.0988,12.2441],[93.1017,12.243],[93.0992,12.2346],[93.0893,12.2309],[93.0936,12.2223],[93.0915,12.2141],[93.0985,12.2047],[93.1016,12.2146],[93.0984,12.2324],[93.104,12.2505]]],[[[92.7474,12.2832],[92.7479,12.289],[92.7403,12.2792],[92.739,12.2835],[92.7325,12.2467],[92.7406,12.2558],[92.7474,12.2832]]],[[[92.735,12.2808],[92.7361,12.293],[92.7337,12.2884],[92.735,12.2808]]],[[[92.7535,12.2934],[92.7526,12.2948],[92.7512,12.293],[92.7535,12.2934]]],[[[92.7662,12.2725],[92.767,12.2855],[92.761,12.2941],[92.752,12.278],[92.7636,12.2653],[92.7662,12.2725]]],[[[92.7682,12.2888],[92.7696,12.2953],[92.7657,12.2897],[92.7682,12.2888]]],[[[92.7096,12.2975],[92.7034,12.3],[92.6987,12.2746],[92.7025,12.2721],[92.6995,12.2672],[92.7032,12.2446],[92.7097,12.2298],[92.7229,12.2912],[92.7209,12.2966],[92.7096,12.2975]]],[[[92.7638,12.2968],[92.7647,12.2996],[92.7625,12.2976],[92.7638,12.2968]]],[[[93.0254,12.2745],[93.0282,12.2799],[93.0209,12.2759],[93.0254,12.2745]]],[[[92.8765,12.2943],[92.8786,12.2981],[92.8764,12.2969],[92.8765,12.2943]]],[[[92.865,12.3062],[92.8633,12.3032],[92.8652,12.304],[92.865,12.3062]]],[[[92.8102,12.3131],[92.8015,12.3115],[92.7948,12.3038],[92.7844,12.3109],[92.7705,12.3132],[92.7667,12.2974],[92.7751,12.3014],[92.777,12.2956],[92.7736,12.2937],[92.7814,12.2868],[92.7794,12.2833],[92.7874,12.2804],[92.7786,12.2835],[92.7778,12.2726],[92.7738,12.2805],[92.763,12.2627],[92.7491,12.2743],[92.7409,12.2456],[92.747,12.244],[92.7462,12.2353],[92.7495,12.2391],[92.751,12.233],[92.7598,12.2412],[92.7615,12.2333],[92.768,12.2513],[92.7748,12.2428],[92.7682,12.2353],[92.7698,12.2138],[92.7648,12.2141],[92.7683,12.2121],[92.7655,12.2074],[92.7681,12.2032],[92.7655,12.1926],[92.7699,12.1834],[92.7584,12.1597],[92.7662,12.1517],[92.7573,12.1544],[92.7593,12.1464],[92.7456,12.1244],[92.7376,12.0987],[92.739,12.0799],[92.7456,12.0746],[92.751,12.0749],[92.7541,12.0807],[92.752,12.0753],[92.7545,12.0769],[92.7603,12.094],[92.7579,12.0816],[92.7519,12.0746],[92.7593,12.0784],[92.7572,12.0717],[92.7632,12.0639],[92.771,12.0678],[92.7712,12.073],[92.7781,12.074],[92.781,12.0805],[92.7818,12.0723],[92.7855,12.0721],[92.7878,12.0799],[92.7925,12.0809],[92.7915,12.0873],[92.7959,12.086],[92.7957,12.0905],[92.8018,12.0929],[92.796,12.1014],[92.7903,12.0999],[92.7837,12.1065],[92.7925,12.1037],[92.7978,12.1085],[92.8077,12.103],[92.8147,12.1063],[92.8179,12.1142],[92.8024,12.128],[92.8036,12.1315],[92.8172,12.126],[92.8149,12.1387],[92.8207,12.1399],[92.8187,12.1459],[92.8282,12.1566],[92.8226,12.1668],[92.827,12.1635],[92.8358,12.1665],[92.8439,12.1476],[92.855,12.1588],[92.8561,12.164],[92.85,12.1656],[92.8556,12.1718],[92.8568,12.1872],[92.8524,12.1924],[92.8401,12.1855],[92.8467,12.1938],[92.8441,12.2011],[92.826,12.2034],[92.8282,12.209],[92.8326,12.2065],[92.8327,12.2151],[92.8356,12.2133],[92.8322,12.213],[92.8331,12.2057],[92.8289,12.2085],[92.8273,12.2032],[92.8443,12.2021],[92.8459,12.1978],[92.8527,12.2048],[92.8668,12.1927],[92.8745,12.1918],[92.8805,12.1921],[92.884,12.1983],[92.8698,12.213],[92.8734,12.2132],[92.8708,12.2257],[92.8574,12.2448],[92.8581,12.2495],[92.8688,12.2519],[92.8675,12.2575],[92.8608,12.2599],[92.8652,12.2611],[92.8617,12.2638],[92.8693,12.2515],[92.8745,12.2507],[92.8822,12.2578],[92.8881,12.2567],[92.8858,12.2649],[92.891,12.2666],[92.8848,12.2707],[92.8818,12.2627],[92.8802,12.2814],[92.8774,12.2843],[92.872,12.2811],[92.8765,12.2873],[92.872,12.2922],[92.8676,12.2905],[92.87,12.2949],[92.8632,12.287],[92.872,12.3019],[92.855,12.3054],[92.8541,12.2998],[92.8487,12.3022],[92.8531,12.2923],[92.852,12.2858],[92.8545,12.2886],[92.8559,12.284],[92.8535,12.2814],[92.8546,12.2881],[92.8501,12.2835],[92.8529,12.292],[92.8467,12.3038],[92.8425,12.3044],[92.8438,12.2965],[92.8423,12.2999],[92.8404,12.2976],[92.8424,12.3036],[92.8362,12.3034],[92.8319,12.2922],[92.8325,12.3009],[92.8287,12.2995],[92.8102,12.3131]]],[[[92.9343,12.3028],[92.9331,12.3111],[92.9287,12.3052],[92.9273,12.2783],[92.9221,12.2847],[92.9176,12.2826],[92.9183,12.289],[92.9122,12.2929],[92.9007,12.2884],[92.9031,12.2774],[92.9002,12.2719],[92.9064,12.2756],[92.9136,12.2737],[92.9112,12.2632],[92.9196,12.2693],[92.9216,12.259],[92.915,12.2326],[92.9183,12.234],[92.9217,12.2294],[92.9338,12.2486],[92.927,12.2522],[92.928,12.2577],[92.9411,12.2766],[92.9322,12.2886],[92.9343,12.3028]]],[[[92.9113,12.3322],[92.9106,12.3357],[92.91,12.3338],[92.9113,12.3322]]],[[[92.8577,12.335],[92.857,12.3403],[92.8548,12.3322],[92.8616,12.3213],[92.8557,12.3179],[92.858,12.3143],[92.8672,12.3139],[92.8714,12.3185],[92.8775,12.3131],[92.885,12.3229],[92.8901,12.3171],[92.8998,12.3237],[92.8964,12.3271],[92.8877,12.3255],[92.886,12.3325],[92.8707,12.3289],[92.8647,12.3331],[92.8629,12.3308],[92.8619,12.3363],[92.8577,12.335]]],[[[92.905,12.3386],[92.9051,12.3402],[92.9037,12.3411],[92.905,12.3386]]],[[[93.0719,12.3278],[93.0638,12.3257],[93.0734,12.3254],[93.0719,12.3278]]],[[[92.9145,12.3557],[92.909,12.3506],[92.9095,12.3382],[92.9169,12.3506],[92.9145,12.3557]]],[[[92.8873,12.4082],[92.8807,12.3986],[92.8722,12.4062],[92.8655,12.4016],[92.8508,12.4087],[92.8428,12.4029],[92.8437,12.3955],[92.8547,12.389],[92.8607,12.3922],[92.8583,12.3843],[92.8662,12.3778],[92.8718,12.3849],[92.8784,12.3848],[92.8837,12.3766],[92.8818,12.3887],[92.8931,12.3997],[92.8883,12.4018],[92.8873,12.4082]]],[[[92.8983,12.4098],[92.8973,12.4121],[92.8966,12.4097],[92.8983,12.4098]]],[[[92.8445,12.4151],[92.8454,12.4169],[92.8432,12.4182],[92.8445,12.4151]]],[[[92.8619,12.4127],[92.8681,12.4143],[92.8674,12.4205],[92.8576,12.4172],[92.8619,12.4127]]],[[[92.8359,12.4222],[92.8357,12.426],[92.8288,12.4262],[92.8338,12.4172],[92.8417,12.4161],[92.8398,12.423],[92.8359,12.4222]]],[[[92.9027,12.4217],[92.8984,12.4258],[92.898,12.4218],[92.9027,12.4217]]],[[[92.9543,12.4345],[92.9475,12.4286],[92.947,12.4155],[92.9363,12.4217],[92.9246,12.4043],[92.9234,12.3905],[92.9276,12.3861],[92.926,12.3889],[92.9175,12.3743],[92.9299,12.3587],[92.9419,12.3839],[92.9432,12.4043],[92.9578,12.418],[92.9543,12.4345]]],[[[92.6765,12.5408],[92.6716,12.541],[92.668,12.5336],[92.6771,12.5219],[92.684,12.5395],[92.6765,12.5408]]],[[[92.7228,12.6229],[92.7199,12.6188],[92.7233,12.6204],[92.7228,12.6229]]],[[[92.7013,12.6386],[92.7014,12.641],[92.7002,12.6396],[92.7013,12.6386]]],[[[92.7261,12.6549],[92.725,12.6557],[92.7245,12.6541],[92.7261,12.6549]]],[[[92.7128,12.6931],[92.7101,12.6957],[92.7082,12.6921],[92.7082,12.6865],[92.7119,12.687],[92.7104,12.6803],[92.715,12.6897],[92.7128,12.6931]]],[[[92.7224,12.693],[92.7197,12.6968],[92.7164,12.6859],[92.7224,12.693]]],[[[92.724,12.7362],[92.7217,12.7378],[92.7269,12.7273],[92.7287,12.7308],[92.724,12.7362]]],[[[92.6542,12.7705],[92.6552,12.7743],[92.6537,12.7717],[92.6542,12.7705]]],[[[92.7206,12.779],[92.7163,12.7883],[92.7136,12.7793],[92.7183,12.7786],[92.7164,12.7723],[92.7237,12.7622],[92.7206,12.779]]],[[[92.7072,12.8302],[92.7055,12.8185],[92.697,12.8056],[92.6991,12.803],[92.6934,12.7978],[92.7082,12.7749],[92.7121,12.7379],[92.7071,12.7318],[92.7108,12.7208],[92.7163,12.7193],[92.717,12.7565],[92.7217,12.7428],[92.7246,12.7485],[92.711,12.7773],[92.7137,12.8283],[92.7072,12.8302]]],[[[92.7259,12.8349],[92.7262,12.839],[92.7237,12.8321],[92.7259,12.8349]]],[[[92.7295,12.857],[92.7285,12.8549],[92.7305,12.8565],[92.7295,12.857]]],[[[92.7624,12.8524],[92.7597,12.8599],[92.7567,12.8459],[92.765,12.8364],[92.7624,12.8524]]],[[[92.726,12.8655],[92.7204,12.8663],[92.7175,12.8625],[92.723,12.8598],[92.7133,12.8557],[92.7118,12.8434],[92.7068,12.8373],[92.711,12.8322],[92.7197,12.8405],[92.7288,12.8619],[92.726,12.8655]]],[[[92.7797,12.8593],[92.7765,12.8642],[92.7725,12.8569],[92.7689,12.8633],[92.7673,12.8519],[92.7745,12.8416],[92.7732,12.831],[92.7833,12.8246],[92.7797,12.8593]]],[[[92.7651,12.8701],[92.7645,12.8733],[92.7599,12.8686],[92.7647,12.8556],[92.7651,12.8701]]],[[[92.7879,12.8835],[92.791,12.8913],[92.7822,12.8931],[92.7812,12.8842],[92.7879,12.8835]]],[[[92.7502,12.891],[92.7522,12.8936],[92.7493,12.8974],[92.7502,12.891]]],[[[92.8919,12.8972],[92.8913,12.8993],[92.8905,12.8975],[92.8919,12.8972]]],[[[92.7561,12.9021],[92.7539,12.9146],[92.752,12.8898],[92.7561,12.9021]]],[[[92.7669,12.9165],[92.7668,12.918],[92.7661,12.9173],[92.7669,12.9165]]],[[[92.791,12.9155],[92.7733,12.9115],[92.7777,12.9027],[92.7882,12.9049],[92.7817,12.8961],[92.7914,12.8922],[92.8001,12.8977],[92.791,12.9155]]],[[[92.8637,12.9132],[92.8627,12.9145],[92.8626,12.914],[92.8637,12.9132]]],[[[92.7642,12.9181],[92.7653,12.9265],[92.7612,12.9219],[92.7642,12.9181]]],[[[92.9097,12.9142],[92.9106,12.9167],[92.9083,12.9147],[92.9097,12.9142]]],[[[92.9378,12.9181],[92.9339,12.9205],[92.9287,12.917],[92.9337,12.9112],[92.9378,12.9181]]],[[[92.7721,12.9327],[92.7685,12.9247],[92.7716,12.9176],[92.7754,12.9276],[92.7721,12.9327]]],[[[92.7644,12.9348],[92.7589,12.9354],[92.7629,12.9258],[92.7644,12.9348]]],[[[92.9011,12.9109],[92.8966,12.9269],[92.8926,12.9167],[92.8974,12.9041],[92.8957,12.898],[92.8716,12.8928],[92.8736,12.8812],[92.8473,12.876],[92.8388,12.8773],[92.8412,12.891],[92.8293,12.8847],[92.8219,12.896],[92.8079,12.8973],[92.8059,12.8887],[92.8077,12.897],[92.8016,12.897],[92.7899,12.8895],[92.7964,12.8808],[92.7954,12.8844],[92.7913,12.88],[92.7953,12.8701],[92.7918,12.87],[92.7917,12.8646],[92.8044,12.861],[92.7924,12.8636],[92.8002,12.8569],[92.7999,12.8485],[92.7999,12.8565],[92.794,12.863],[92.7879,12.8613],[92.789,12.8494],[92.7866,12.8615],[92.7813,12.8599],[92.7808,12.841],[92.7852,12.8324],[92.7841,12.8245],[92.78,12.8238],[92.7814,12.8097],[92.787,12.8144],[92.7886,12.8288],[92.7872,12.8153],[92.8,12.8127],[92.7997,12.8047],[92.7967,12.8059],[92.799,12.8135],[92.7915,12.8109],[92.7946,12.7988],[92.7919,12.7936],[92.7942,12.7992],[92.7891,12.8148],[92.7807,12.8079],[92.7796,12.7992],[92.7864,12.7864],[92.7833,12.7759],[92.7868,12.7795],[92.7926,12.7747],[92.7856,12.7787],[92.7828,12.7634],[92.7821,12.7712],[92.7799,12.7635],[92.7834,12.7733],[92.7797,12.7768],[92.7823,12.7757],[92.7859,12.7865],[92.7789,12.7994],[92.7788,12.8247],[92.772,12.8309],[92.7725,12.8426],[92.766,12.8488],[92.7655,12.8364],[92.7619,12.8397],[92.7657,12.8191],[92.7603,12.8264],[92.7529,12.8192],[92.7631,12.8262],[92.7639,12.8332],[92.7557,12.8473],[92.7521,12.8484],[92.7427,12.8392],[92.7423,12.8208],[92.7388,12.8372],[92.7375,12.8045],[92.7303,12.8364],[92.722,12.8261],[92.72,12.7976],[92.7309,12.8018],[92.7319,12.7947],[92.7374,12.7959],[92.7388,12.7911],[92.7355,12.7928],[92.7375,12.7793],[92.7325,12.7895],[92.7354,12.7938],[92.732,12.7935],[92.7309,12.7977],[92.7245,12.798],[92.7197,12.7904],[92.7309,12.7537],[92.7294,12.7444],[92.7346,12.7381],[92.7402,12.7392],[92.7372,12.7352],[92.7399,12.7252],[92.7456,12.723],[92.7385,12.7177],[92.7386,12.7039],[92.7416,12.7011],[92.7434,12.7067],[92.7445,12.6993],[92.7435,12.702],[92.7274,12.6956],[92.7351,12.6843],[92.7318,12.675],[92.7682,12.6731],[92.7828,12.6928],[92.7844,12.7083],[92.7749,12.7174],[92.7813,12.7204],[92.7786,12.7288],[92.7816,12.734],[92.7767,12.7351],[92.7733,12.7299],[92.7761,12.7356],[92.7811,12.7353],[92.7792,12.7285],[92.7825,12.7199],[92.7766,12.7173],[92.7888,12.7042],[92.7877,12.6918],[92.7928,12.6874],[92.7895,12.6804],[92.7968,12.6753],[92.7868,12.667],[92.7929,12.663],[92.7966,12.6655],[92.7989,12.6615],[92.7927,12.6534],[92.78,12.6544],[92.7797,12.6312],[92.7858,12.6248],[92.7773,12.5909],[92.7787,12.5802],[92.7762,12.5906],[92.7841,12.6248],[92.7786,12.6299],[92.7782,12.6382],[92.7753,12.6309],[92.7693,12.6285],[92.766,12.6319],[92.7617,12.6249],[92.765,12.6323],[92.7747,12.6314],[92.7782,12.6413],[92.7781,12.6604],[92.773,12.6706],[92.7618,12.6683],[92.7521,12.6722],[92.7504,12.6665],[92.7428,12.6678],[92.7399,12.6604],[92.7326,12.6573],[92.7351,12.639],[92.7271,12.6362],[92.7237,12.6264],[92.7202,12.6263],[92.7229,12.6233],[92.7223,12.6155],[92.7197,12.619],[92.7176,12.6438],[92.714,12.6425],[92.712,12.6229],[92.7024,12.6049],[92.7017,12.613],[92.693,12.6066],[92.6856,12.6145],[92.6838,12.6092],[92.6853,12.6021],[92.702,12.6013],[92.7071,12.5942],[92.7032,12.5896],[92.708,12.5761],[92.7044,12.5653],[92.7125,12.5445],[92.7041,12.5443],[92.7002,12.516],[92.693,12.5161],[92.7006,12.5112],[92.702,12.4998],[92.708,12.4926],[92.6983,12.4684],[92.7055,12.4493],[92.7011,12.4455],[92.6977,12.4252],[92.6972,12.3893],[92.7052,12.3711],[92.6994,12.3663],[92.6991,12.3281],[92.7036,12.332],[92.7086,12.33],[92.7073,12.3165],[92.7099,12.3103],[92.7144,12.3143],[92.7192,12.3003],[92.7415,12.3021],[92.754,12.2966],[92.7639,12.3128],[92.7647,12.3223],[92.7636,12.3019],[92.7705,12.318],[92.7702,12.3339],[92.7692,12.3209],[92.7748,12.3176],[92.7762,12.3233],[92.7798,12.3233],[92.772,12.3169],[92.782,12.3191],[92.7744,12.3159],[92.7784,12.3133],[92.7922,12.3141],[92.7941,12.3065],[92.8096,12.3158],[92.8312,12.3029],[92.8368,12.3066],[92.8335,12.3087],[92.8472,12.3085],[92.8553,12.3145],[92.8546,12.3196],[92.8599,12.3193],[92.8565,12.3284],[92.8425,12.3266],[92.8316,12.3357],[92.8428,12.3302],[92.8423,12.327],[92.854,12.327],[92.8578,12.3297],[92.8545,12.3325],[92.8568,12.3406],[92.8592,12.3355],[92.8594,12.3421],[92.8476,12.3437],[92.8568,12.3454],[92.8597,12.3365],[92.8648,12.3393],[92.8635,12.336],[92.8679,12.3363],[92.8657,12.3333],[92.8712,12.3301],[92.8864,12.335],[92.873,12.3354],[92.8797,12.3349],[92.8793,12.345],[92.8987,12.3339],[92.8831,12.3572],[92.8777,12.3598],[92.8717,12.353],[92.8679,12.3619],[92.86,12.3612],[92.8559,12.3671],[92.8463,12.3654],[92.8479,12.361],[92.8444,12.3633],[92.8591,12.3704],[92.8503,12.3857],[92.8438,12.3796],[92.8464,12.3891],[92.8421,12.392],[92.8446,12.3879],[92.8398,12.3908],[92.8412,12.3855],[92.8385,12.3837],[92.8373,12.389],[92.8299,12.3785],[92.8228,12.3744],[92.8199,12.3793],[92.8298,12.3786],[92.8279,12.3816],[92.8373,12.3896],[92.8406,12.3855],[92.8387,12.3893],[92.8413,12.3916],[92.8343,12.3948],[92.8352,12.3918],[92.8292,12.3921],[92.8379,12.3941],[92.8322,12.4008],[92.8274,12.3944],[92.8217,12.3961],[92.8194,12.3893],[92.8216,12.3963],[92.8248,12.3938],[92.8288,12.397],[92.8214,12.4025],[92.8286,12.3981],[92.8323,12.402],[92.8372,12.3988],[92.8382,12.4088],[92.8236,12.4085],[92.8228,12.4134],[92.8231,12.4104],[92.8164,12.41],[92.8155,12.4166],[92.8102,12.41],[92.804,12.4114],[92.7989,12.4009],[92.8039,12.4119],[92.8108,12.4108],[92.8155,12.4172],[92.8172,12.4108],[92.8228,12.4111],[92.8224,12.4142],[92.8251,12.4097],[92.8337,12.4107],[92.8312,12.4184],[92.8258,12.4162],[92.8292,12.4199],[92.8247,12.4189],[92.8147,12.4251],[92.8207,12.4261],[92.8265,12.4193],[92.8294,12.4284],[92.8093,12.4339],[92.8048,12.4389],[92.787,12.4373],[92.7924,12.4364],[92.7933,12.4464],[92.7899,12.45],[92.7871,12.4469],[92.7888,12.4535],[92.7942,12.4542],[92.7912,12.4605],[92.7947,12.4541],[92.7889,12.4528],[92.7932,12.4476],[92.7952,12.4497],[92.798,12.4642],[92.7813,12.4695],[92.7781,12.4603],[92.7815,12.4686],[92.7716,12.4712],[92.7907,12.4693],[92.7852,12.4748],[92.7902,12.4814],[92.7864,12.4841],[92.7905,12.4809],[92.7855,12.4749],[92.7993,12.4648],[92.7956,12.4381],[92.8037,12.4413],[92.8193,12.4351],[92.81,12.4429],[92.8161,12.4449],[92.8112,12.449],[92.8175,12.4493],[92.8156,12.4548],[92.818,12.4492],[92.8119,12.4485],[92.8166,12.4448],[92.8105,12.443],[92.8213,12.4342],[92.8353,12.4309],[92.8407,12.4374],[92.8368,12.4363],[92.8286,12.4422],[92.8332,12.4387],[92.8358,12.4438],[92.8363,12.4375],[92.8415,12.4376],[92.8368,12.4309],[92.8454,12.4236],[92.851,12.4245],[92.8506,12.4292],[92.8526,12.4241],[92.8591,12.4243],[92.856,12.4343],[92.8593,12.437],[92.8581,12.4267],[92.8707,12.4215],[92.8738,12.4137],[92.8845,12.4247],[92.8845,12.4314],[92.885,12.4257],[92.8884,12.4265],[92.8854,12.4222],[92.8985,12.4171],[92.8843,12.4363],[92.8745,12.4315],[92.8723,12.434],[92.8778,12.4321],[92.8831,12.4367],[92.8625,12.4455],[92.844,12.4654],[92.8392,12.4646],[92.8436,12.4657],[92.8346,12.4803],[92.8318,12.4807],[92.834,12.4754],[92.8299,12.4719],[92.833,12.4696],[92.8304,12.4747],[92.8254,12.4722],[92.8333,12.4756],[92.8332,12.4817],[92.8406,12.4766],[92.8403,12.4716],[92.8421,12.4795],[92.8337,12.4886],[92.8244,12.4824],[92.8156,12.4869],[92.8244,12.4831],[92.8326,12.4894],[92.8353,12.4868],[92.8366,12.4914],[92.8222,12.5004],[92.8373,12.4935],[92.8354,12.5014],[92.8371,12.4872],[92.843,12.4805],[92.8429,12.4709],[92.8532,12.4575],[92.8543,12.4718],[92.8537,12.4626],[92.8565,12.4649],[92.8585,12.4601],[92.8629,12.4585],[92.859,12.4619],[92.8618,12.4649],[92.859,12.4673],[92.8622,12.4661],[92.8596,12.4619],[92.8637,12.4592],[92.8586,12.4588],[92.8555,12.4641],[92.8554,12.4569],[92.8685,12.4463],[92.8672,12.4544],[92.8717,12.4583],[92.8678,12.4542],[92.8754,12.4468],[92.8808,12.4505],[92.8759,12.4563],[92.8808,12.4521],[92.8851,12.4565],[92.8778,12.4582],[92.8799,12.4715],[92.8787,12.4671],[92.8829,12.4667],[92.8784,12.4582],[92.886,12.4567],[92.8769,12.445],[92.8834,12.4426],[92.888,12.4473],[92.8855,12.4495],[92.8957,12.4495],[92.8954,12.4545],[92.8847,12.4605],[92.8879,12.4642],[92.8853,12.46],[92.8983,12.4525],[92.8842,12.4419],[92.8905,12.437],[92.8968,12.4387],[92.8907,12.4367],[92.9078,12.4211],[92.9055,12.4075],[92.9104,12.4062],[92.9145,12.4069],[92.9178,12.4303],[92.9223,12.4353],[92.9105,12.4446],[92.9088,12.4382],[92.9079,12.4441],[92.9146,12.4446],[92.9122,12.4508],[92.9168,12.4428],[92.9303,12.4494],[92.9377,12.4482],[92.9445,12.4566],[92.943,12.461],[92.9558,12.4671],[92.9573,12.4731],[92.9502,12.4761],[92.9419,12.4673],[92.9213,12.465],[92.9147,12.4778],[92.9075,12.4674],[92.9055,12.4708],[92.9136,12.476],[92.9064,12.4776],[92.9192,12.4764],[92.9198,12.4833],[92.9175,12.4815],[92.9136,12.487],[92.9202,12.4831],[92.9194,12.4762],[92.9159,12.4739],[92.92,12.4731],[92.9208,12.4662],[92.9324,12.4677],[92.9335,12.4715],[92.9258,12.4771],[92.9312,12.478],[92.9324,12.4849],[92.9269,12.4906],[92.9361,12.4816],[92.9457,12.4998],[92.9594,12.4868],[92.9684,12.4966],[92.9493,12.5059],[92.9631,12.5137],[92.9613,12.5212],[92.9724,12.5311],[92.9737,12.5428],[92.962,12.573],[92.9591,12.5758],[92.9577,12.5715],[92.9541,12.5722],[92.958,12.5735],[92.9602,12.5839],[92.9545,12.6026],[92.9566,12.6201],[92.9537,12.6197],[92.9543,12.6104],[92.9515,12.612],[92.953,12.6002],[92.9411,12.6265],[92.9459,12.6309],[92.9561,12.6249],[92.9648,12.6939],[92.9564,12.6972],[92.9633,12.701],[92.9639,12.7084],[92.9697,12.7128],[92.965,12.712],[92.9792,12.7097],[92.9729,12.7203],[92.9655,12.7181],[92.9622,12.7268],[92.9675,12.7402],[92.9601,12.7546],[92.9509,12.7569],[92.9472,12.7622],[92.9479,12.7702],[92.9385,12.7667],[92.9261,12.7747],[92.9304,12.7761],[92.9302,12.7805],[92.9323,12.7753],[92.9334,12.7841],[92.9473,12.7933],[92.9521,12.8081],[92.9425,12.826],[92.9463,12.8371],[92.9421,12.8376],[92.9418,12.8321],[92.9321,12.8337],[92.9363,12.8203],[92.9317,12.8209],[92.9285,12.8307],[92.9251,12.8271],[92.9208,12.8304],[92.9374,12.8439],[92.9396,12.8553],[92.9258,12.8584],[92.9242,12.8839],[92.9137,12.8896],[92.9106,12.8857],[92.9057,12.8867],[92.9125,12.8999],[92.9099,12.8976],[92.9096,12.9033],[92.9208,12.9098],[92.9221,12.9155],[92.9113,12.9086],[92.9036,12.9146],[92.9011,12.9109]]],[[[92.8645,12.9311],[92.8604,12.9332],[92.858,12.9292],[92.8639,12.9179],[92.8722,12.9168],[92.8686,12.9262],[92.8721,12.9296],[92.8845,12.9241],[92.8732,12.9321],[92.8645,12.9311]]],[[[92.67,12.9479],[92.6708,12.9484],[92.6699,12.9482],[92.67,12.9479]]],[[[92.6703,12.9496],[92.6692,12.9488],[92.6717,12.9485],[92.6703,12.9496]]],[[[92.6753,12.9492],[92.6744,12.9499],[92.6719,12.949],[92.6753,12.9492]]],[[[92.667,12.9514],[92.666,12.9503],[92.6682,12.9496],[92.667,12.9514]]],[[[92.6673,12.9523],[92.6668,12.9519],[92.6679,12.9516],[92.6673,12.9523]]],[[[92.6706,12.9519],[92.6689,12.9503],[92.6706,12.9502],[92.6706,12.9519]]],[[[92.6691,12.9523],[92.6692,12.9533],[92.6686,12.9528],[92.6691,12.9523]]],[[[92.8908,12.9379],[92.8889,12.9379],[92.8877,12.9345],[92.8908,12.9379]]],[[[92.669,12.9541],[92.6684,12.9562],[92.6665,12.9533],[92.669,12.9541]]],[[[92.9623,12.9479],[92.9574,12.9491],[92.95,12.9406],[92.9691,12.9452],[92.9623,12.9479]]],[[[92.6946,12.9915],[92.6821,12.9851],[92.6795,12.9754],[92.6702,12.966],[92.6678,12.9573],[92.6713,12.9503],[92.6792,12.9487],[92.6787,12.9423],[92.6696,12.9239],[92.6699,12.9048],[92.6645,12.9026],[92.6639,12.882],[92.6503,12.8675],[92.6498,12.8601],[92.6469,12.8619],[92.6649,12.8119],[92.6643,12.7999],[92.6574,12.7955],[92.6664,12.7912],[92.6671,12.7832],[92.6742,12.8082],[92.6814,12.8094],[92.6878,12.8171],[92.6833,12.8299],[92.6743,12.8228],[92.6765,12.83],[92.6734,12.8321],[92.6779,12.8321],[92.6708,12.8378],[92.691,12.8352],[92.6998,12.8408],[92.7025,12.8532],[92.7136,12.8634],[92.7185,12.8756],[92.7077,12.8836],[92.7015,12.8778],[92.7071,12.8841],[92.7179,12.8815],[92.7204,12.8897],[92.7195,12.9201],[92.7138,12.9229],[92.7202,12.9251],[92.7212,12.9447],[92.7191,12.9476],[92.7139,12.9429],[92.7095,12.9462],[92.7133,12.9436],[92.7167,12.9507],[92.719,12.9811],[92.7121,12.9827],[92.7097,12.9782],[92.7134,12.9837],[92.7097,12.9883],[92.6946,12.9915]]],[[[93.0052,12.997],[92.9922,12.9913],[92.9844,12.9941],[92.9882,12.9849],[92.9788,12.9798],[92.9809,12.9766],[92.9716,12.9665],[92.9594,12.9788],[92.9672,12.9823],[92.9597,12.9889],[92.9509,12.9807],[92.9645,12.9692],[92.9614,12.9624],[92.953,12.9676],[92.9542,12.959],[92.9709,12.9553],[92.9745,12.9445],[92.9689,12.9443],[92.9719,12.9363],[92.9781,12.9331],[92.9813,12.9354],[92.9787,12.9484],[92.9863,12.9566],[92.9749,12.9637],[92.9694,12.9624],[93.0052,12.997]]],[[[92.9865,12.9989],[92.9876,13.0012],[92.9855,13.0003],[92.9865,12.9989]]],[[[92.9284,13.0239],[92.9212,13.0289],[92.9212,13.0218],[92.9146,13.0153],[92.9165,13.0077],[92.9243,13.0006],[92.9296,13.0026],[92.9352,12.9962],[92.9421,12.9972],[92.9388,13.0251],[92.9284,13.0239]]],[[[92.917,13.0401],[92.916,13.0483],[92.9131,13.0432],[92.917,13.0401]]],[[[92.9316,13.0496],[92.9323,13.0518],[92.931,13.0536],[92.9316,13.0496]]],[[[92.9159,13.058],[92.9147,13.0632],[92.9134,13.0611],[92.9159,13.058]]],[[[92.9138,13.0629],[92.9129,13.0674],[92.9123,13.0637],[92.9138,13.0629]]],[[[92.7279,13.091],[92.7302,13.0956],[92.728,13.0934],[92.7279,13.091]]],[[[92.7186,13.0986],[92.6952,13.0963],[92.6998,13.0712],[92.7054,13.0714],[92.7028,13.0813],[92.7186,13.0986]]],[[[92.7948,13.1687],[92.7955,13.1705],[92.7931,13.1711],[92.7948,13.1687]]],[[[93.0589,13.2225],[93.0568,13.2265],[93.0572,13.2238],[93.0589,13.2225]]],[[[93.0603,13.2249],[93.0607,13.2278],[93.0594,13.2284],[93.0603,13.2249]]],[[[93.074,13.3022],[93.0706,13.2984],[93.0772,13.3009],[93.074,13.3022]]],[[[93.0047,13.3066],[93.0076,13.321],[92.9969,13.3085],[92.9962,13.3003],[93.0022,13.3044],[93.0126,13.303],[93.0084,13.31],[93.0047,13.3066]]],[[[93.0225,13.3289],[93.0159,13.328],[93.0136,13.3088],[93.0208,13.304],[93.0225,13.3289]]],[[[92.9657,13.3328],[92.9674,13.3377],[92.9643,13.3358],[92.9657,13.3328]]],[[[93.0067,13.3357],[93.008,13.337],[93.0068,13.3369],[93.0067,13.3357]]],[[[93.0144,13.3392],[93.0129,13.339],[93.0124,13.3375],[93.0144,13.3392]]],[[[93.0183,13.3453],[93.0153,13.3427],[93.0172,13.3368],[93.0183,13.3453]]],[[[93.0763,13.3641],[93.0743,13.3661],[93.0728,13.3653],[93.0763,13.3641]]],[[[93.0806,13.3678],[93.0807,13.3695],[93.0796,13.3686],[93.0806,13.3678]]],[[[93.0783,13.3774],[93.0784,13.3766],[93.0791,13.3766],[93.0783,13.3774]]],[[[93.055,13.3789],[93.0533,13.3825],[93.0475,13.3733],[93.0361,13.3722],[93.0403,13.3655],[93.047,13.3707],[93.0494,13.3656],[93.0382,13.362],[93.0445,13.3598],[93.0407,13.3588],[93.0456,13.3483],[93.0386,13.3229],[93.0449,13.3218],[93.0591,13.3301],[93.0639,13.3043],[93.0685,13.3068],[93.0741,13.3298],[93.0885,13.3361],[93.0854,13.3436],[93.0774,13.3402],[93.0772,13.3477],[93.0694,13.3478],[93.055,13.3789]]],[[[93.061,13.3838],[93.0618,13.3866],[93.06,13.3853],[93.061,13.3838]]],[[[92.8129,13.4184],[92.8133,13.4038],[92.8176,13.4166],[92.8129,13.4184]]],[[[93.0896,13.4103],[93.0918,13.4199],[93.0861,13.416],[93.0896,13.4103]]],[[[93.0914,13.4115],[93.0942,13.4161],[93.0936,13.4198],[93.0914,13.4115]]],[[[92.8426,13.436],[92.8413,13.4424],[92.8335,13.4366],[92.8246,13.4391],[92.8197,13.4285],[92.8217,13.4214],[92.8341,13.4206],[92.8449,13.4312],[92.8426,13.436]]],[[[93.0712,13.4309],[93.066,13.4227],[93.0688,13.4133],[93.0712,13.4309]]],[[[93.0764,13.4334],[93.0758,13.433],[93.077,13.4332],[93.0764,13.4334]]],[[[93.0955,13.4379],[93.0967,13.4319],[93.1019,13.4306],[93.0955,13.4379]]],[[[92.8696,13.513],[92.8662,13.5083],[92.8688,13.5125],[92.8686,13.5038],[92.8654,13.5053],[92.8709,13.5024],[92.8696,13.513]]],[[[92.9179,13.5117],[92.9172,13.5157],[92.9132,13.5073],[92.9179,13.5117]]],[[[92.9052,13.5307],[92.9114,13.5344],[92.9062,13.5371],[92.9052,13.5307]]],[[[92.8742,13.5407],[92.8747,13.5356],[92.8768,13.5379],[92.8742,13.5407]]],[[[93.0525,13.5601],[93.0554,13.5663],[93.051,13.5645],[93.0525,13.5601]]],[[[93.0007,13.5689],[92.9998,13.5727],[92.9977,13.5703],[93.0007,13.5689]]],[[[93.0298,13.5685],[93.0266,13.5788],[93.0204,13.5687],[93.0189,13.574],[93.0153,13.5709],[93.0129,13.5393],[93.0063,13.5442],[93.0038,13.5551],[92.9891,13.5661],[92.9922,13.5707],[92.9874,13.5737],[92.9806,13.5522],[92.9836,13.5396],[92.991,13.5394],[92.9844,13.5274],[92.9722,13.5296],[92.9661,13.544],[92.9505,13.5421],[92.9505,13.5353],[92.9456,13.5317],[92.9381,13.5359],[92.9449,13.5344],[92.9428,13.5368],[92.9349,13.5387],[92.9149,13.5334],[92.9159,13.5225],[92.927,13.5215],[92.9265,13.5087],[92.9237,13.5092],[92.9331,13.4992],[92.9297,13.4954],[92.9271,13.498],[92.9264,13.4824],[92.9323,13.4815],[92.9271,13.4754],[92.9312,13.4715],[92.9208,13.4716],[92.9316,13.4812],[92.9241,13.481],[92.9271,13.4954],[92.9239,13.4994],[92.9204,13.4949],[92.9176,13.5011],[92.9045,13.4969],[92.8999,13.4783],[92.894,13.4734],[92.887,13.478],[92.8755,13.4754],[92.8745,13.4707],[92.8706,13.4724],[92.87,13.465],[92.8753,13.4602],[92.8725,13.4471],[92.8801,13.4451],[92.889,13.4238],[92.8986,13.4289],[92.8892,13.4234],[92.8862,13.4323],[92.881,13.4309],[92.8764,13.4222],[92.8696,13.4243],[92.8682,13.4169],[92.877,13.414],[92.8833,13.3993],[92.8738,13.4072],[92.874,13.4027],[92.8818,13.3965],[92.8843,13.4073],[92.8867,13.4022],[92.8958,13.4018],[92.8917,13.4047],[92.8967,13.4126],[92.892,13.4045],[92.8994,13.4033],[92.8927,13.3971],[92.8879,13.4],[92.8886,13.3955],[92.8931,13.3962],[92.8988,13.3894],[92.9034,13.3897],[92.9038,13.3947],[92.9057,13.3833],[92.915,13.3823],[92.926,13.3952],[92.9184,13.3847],[92.9237,13.3847],[92.9062,13.3826],[92.9024,13.3906],[92.8984,13.3889],[92.886,13.3985],[92.88,13.3891],[92.8824,13.3953],[92.8729,13.4023],[92.8709,13.4126],[92.8671,13.401],[92.8485,13.4116],[92.8419,13.4031],[92.8413,13.3917],[92.8519,13.3913],[92.8511,13.388],[92.8576,13.3854],[92.861,13.3905],[92.8651,13.388],[92.8693,13.391],[92.8652,13.3812],[92.851,13.3754],[92.8515,13.364],[92.8481,13.3634],[92.8519,13.3591],[92.8479,13.3636],[92.8511,13.3642],[92.8513,13.3707],[92.8416,13.3778],[92.8382,13.3744],[92.832,13.3524],[92.8337,13.3381],[92.8257,13.3286],[92.8301,13.3148],[92.8224,13.3112],[92.8328,13.3054],[92.841,13.308],[92.8416,13.3013],[92.8343,13.2942],[92.8381,13.2879],[92.8326,13.2854],[92.8235,13.2883],[92.8247,13.2802],[92.8214,13.2797],[92.8265,13.2685],[92.8304,13.2742],[92.8345,13.2725],[92.8378,13.2616],[92.8494,13.2643],[92.8515,13.2611],[92.8486,13.2424],[92.8546,13.2341],[92.8516,13.2283],[92.8558,13.2198],[92.8487,13.2086],[92.8619,13.2068],[92.8584,13.2009],[92.8636,13.1963],[92.8577,13.1962],[92.8555,13.1908],[92.8577,13.1884],[92.8605,13.192],[92.8629,13.185],[92.8602,13.1919],[92.8578,13.1878],[92.8552,13.1909],[92.857,13.1964],[92.8627,13.1966],[92.858,13.201],[92.8611,13.2065],[92.848,13.2088],[92.8549,13.2191],[92.8507,13.2287],[92.8528,13.2354],[92.8493,13.2394],[92.8429,13.2367],[92.8384,13.2438],[92.831,13.243],[92.8249,13.2251],[92.829,13.2252],[92.8288,13.2214],[92.8232,13.2168],[92.8323,13.2145],[92.8212,13.2014],[92.8217,13.1872],[92.8178,13.1845],[92.8344,13.1755],[92.8388,13.1657],[92.8373,13.1624],[92.849,13.1613],[92.837,13.1622],[92.8382,13.1655],[92.8275,13.174],[92.8268,13.1636],[92.8191,13.1623],[92.824,13.1621],[92.827,13.1675],[92.8231,13.1745],[92.8177,13.1699],[92.8144,13.1743],[92.8086,13.1535],[92.8168,13.152],[92.8202,13.1452],[92.8263,13.1507],[92.8324,13.1497],[92.8329,13.1444],[92.8379,13.1488],[92.8369,13.1455],[92.8417,13.147],[92.8452,13.1415],[92.8482,13.1504],[92.8465,13.1387],[92.8417,13.1395],[92.8385,13.135],[92.8432,13.1358],[92.8407,13.1259],[92.847,13.1184],[92.8408,13.1281],[92.8392,13.1257],[92.8338,13.1305],[92.8359,13.1244],[92.833,13.1235],[92.8287,13.1324],[92.8249,13.1287],[92.8227,13.1344],[92.8181,13.1281],[92.8094,13.1271],[92.8153,13.1152],[92.8235,13.1161],[92.8291,13.109],[92.8212,13.1119],[92.8204,13.0914],[92.8128,13.1032],[92.8066,13.0996],[92.8061,13.0803],[92.8109,13.0811],[92.8133,13.0729],[92.8184,13.0752],[92.814,13.0725],[92.811,13.0769],[92.808,13.072],[92.8088,13.076],[92.8043,13.075],[92.7974,13.0816],[92.8013,13.0858],[92.7998,13.0923],[92.7926,13.0908],[92.7965,13.0682],[92.7915,13.0535],[92.799,13.0435],[92.7922,13.0478],[92.7958,13.039],[92.7914,13.0379],[92.7943,13.0303],[92.7877,13.0197],[92.7916,13.0128],[92.8,13.01],[92.8046,13.0128],[92.8049,13.0072],[92.8111,13.0102],[92.8141,13.0076],[92.8171,13.0157],[92.8125,13.022],[92.8203,13.0123],[92.8369,13.0232],[92.8291,13.0154],[92.8257,13.0169],[92.8232,13.0107],[92.8243,13.0039],[92.8294,13.0015],[92.8224,13.0036],[92.8067,12.9991],[92.806,12.9947],[92.8169,12.9901],[92.822,12.9772],[92.8153,12.9874],[92.8113,12.9834],[92.8112,12.9719],[92.8106,12.9842],[92.8043,12.9836],[92.7991,12.9919],[92.7921,12.9806],[92.7965,12.9635],[92.7911,12.9696],[92.7896,12.9619],[92.7921,12.9507],[92.8007,12.9522],[92.7974,12.9432],[92.7998,12.9352],[92.7973,12.9301],[92.7919,12.9306],[92.7933,12.9142],[92.8007,12.9001],[92.8036,12.8985],[92.8038,12.9061],[92.8093,12.9091],[92.8041,12.9059],[92.8042,12.9003],[92.8236,12.8967],[92.826,12.893],[92.8283,12.8989],[92.8285,12.8865],[92.8406,12.8926],[92.8429,12.8899],[92.8412,12.877],[92.8725,12.8839],[92.8683,12.8899],[92.8751,12.9059],[92.8703,12.9097],[92.8647,12.9011],[92.8579,12.9014],[92.8546,12.9105],[92.8579,12.9129],[92.8472,12.9125],[92.8586,12.9177],[92.8557,12.9336],[92.8458,12.9296],[92.8427,12.9333],[92.8504,12.9305],[92.8492,12.9396],[92.8501,12.9332],[92.856,12.9355],[92.8523,12.9439],[92.8472,12.9442],[92.848,12.9522],[92.8484,12.9476],[92.8424,12.9441],[92.8403,12.9499],[92.8456,12.9514],[92.8424,12.9567],[92.8459,12.9513],[92.8421,12.9471],[92.8479,12.9481],[92.848,12.9601],[92.8515,12.9614],[92.8478,12.9558],[92.8542,12.9547],[92.8482,12.953],[92.8498,12.9458],[92.8555,12.9448],[92.8536,12.9401],[92.8587,12.9349],[92.87,12.9349],[92.8759,12.9446],[92.8722,12.9486],[92.8761,12.9602],[92.8728,12.9633],[92.88,12.968],[92.8775,12.9731],[92.8807,12.9831],[92.8852,12.9847],[92.8843,12.9926],[92.8855,12.9821],[92.8955,12.9959],[92.8972,12.9871],[92.9047,12.985],[92.9096,12.9777],[92.9052,12.976],[92.9097,12.9473],[92.914,12.9588],[92.9209,12.9628],[92.9263,12.9587],[92.9293,12.962],[92.9272,12.969],[92.9334,12.9676],[92.9368,12.9748],[92.9335,12.9795],[92.9275,12.9739],[92.9241,12.9764],[92.9296,12.9896],[92.9204,12.9836],[92.9133,12.9841],[92.9132,13.0013],[92.9082,12.9963],[92.8941,13.0112],[92.8996,13.0098],[92.9012,13.0027],[92.9025,13.0078],[92.9061,13.0044],[92.904,13.015],[92.9007,13.014],[92.9045,13.0169],[92.9019,13.022],[92.8951,13.0182],[92.9085,13.0335],[92.9144,13.0494],[92.9123,13.0548],[92.8969,13.0583],[92.8863,13.044],[92.8745,13.0485],[92.8724,13.0436],[92.8739,13.0486],[92.879,13.049],[92.8694,13.0548],[92.8665,13.0526],[92.8689,13.0468],[92.8633,13.0438],[92.8688,13.0471],[92.8661,13.0527],[92.8709,13.0557],[92.8634,13.0591],[92.8651,13.0648],[92.8599,13.0657],[92.8498,13.0635],[92.8506,13.0552],[92.8435,13.0508],[92.8442,13.0605],[92.8414,13.0601],[92.8444,13.0609],[92.8492,13.055],[92.8493,13.0639],[92.8594,13.0665],[92.846,13.0753],[92.8579,13.0715],[92.8534,13.0779],[92.8578,13.08],[92.8539,13.0778],[92.8587,13.0755],[92.8601,13.0668],[92.8663,13.0647],[92.8641,13.0597],[92.8758,13.0551],[92.8856,13.0455],[92.8949,13.0588],[92.9097,13.0626],[92.9119,13.0669],[92.9082,13.0767],[92.8996,13.0814],[92.8981,13.0936],[92.8854,13.0924],[92.891,13.1013],[92.8888,13.1073],[92.873,13.1036],[92.8886,13.1081],[92.8824,13.1265],[92.874,13.131],[92.875,13.1358],[92.8832,13.1282],[92.8893,13.1137],[92.8922,13.101],[92.887,13.0934],[92.8985,13.0958],[92.9012,13.082],[92.912,13.0801],[92.9083,13.0794],[92.9218,13.057],[92.9285,13.0727],[92.9251,13.0622],[92.9341,13.0622],[92.9336,13.0894],[92.9394,13.094],[92.938,13.1065],[92.9357,13.1047],[92.9334,13.1095],[92.939,13.1043],[92.9447,13.1224],[92.9392,13.0887],[92.9454,13.0898],[92.9347,13.0894],[92.9377,13.078],[92.9414,13.0791],[92.9371,13.0699],[92.9414,13.0647],[92.9558,13.073],[92.9527,13.0703],[92.9565,13.0658],[92.9555,13.0691],[92.9466,13.0691],[92.9398,13.0582],[92.9483,13.0516],[92.941,13.0543],[92.933,13.0466],[92.9358,13.0389],[92.9502,13.0296],[92.9536,13.0194],[92.9593,13.0158],[92.9746,13.0146],[92.967,13.0183],[92.964,13.0386],[92.9697,13.0302],[92.9818,13.0251],[92.9888,13.0261],[92.9891,13.033],[92.9941,13.0359],[93.0022,13.029],[93.0096,13.0401],[93.0081,13.0452],[93.0118,13.0447],[93.0138,13.051],[93.0195,13.0505],[93.0287,13.0671],[93.0174,13.0728],[93.0234,13.0756],[93.0243,13.0724],[93.0283,13.0815],[93.0333,13.0819],[93.0293,13.1271],[93.0359,13.1406],[93.0325,13.1629],[93.0356,13.1716],[93.0308,13.1782],[93.0442,13.2104],[93.0411,13.2232],[93.0551,13.2332],[93.0555,13.256],[93.0644,13.2724],[93.0439,13.2589],[93.0433,13.2544],[93.0382,13.2707],[93.0451,13.282],[93.0324,13.2758],[93.0382,13.2733],[93.0358,13.2632],[93.034,13.2689],[93.0268,13.2692],[93.0313,13.2735],[93.0283,13.2813],[93.0241,13.2814],[93.0236,13.2762],[93.0108,13.2769],[93.0091,13.2819],[93.0157,13.289],[93.0118,13.2957],[93.0174,13.2938],[93.02,13.2978],[93.0093,13.3007],[93.0052,13.2967],[93.0072,13.292],[93.0049,13.2973],[93.01,13.3024],[93.0023,13.304],[92.9975,13.2948],[93.0001,13.2999],[92.995,13.297],[92.9862,13.2993],[93.0,13.2884],[93.0049,13.2698],[93.0016,13.2651],[93.0006,13.2809],[92.995,13.2829],[92.9943,13.2798],[92.9992,13.2861],[92.9931,13.2918],[92.9866,13.2907],[92.9905,13.288],[92.9886,13.2859],[92.9863,13.2898],[92.98,13.2808],[92.9736,13.2821],[92.9832,13.2829],[92.9818,13.2883],[92.9906,13.2921],[92.9827,13.2991],[92.9936,13.3012],[92.9968,13.3151],[92.9887,13.3172],[92.991,13.3093],[92.9848,13.3206],[92.9642,13.3286],[92.9593,13.3281],[92.9608,13.3208],[92.9495,13.3211],[92.9484,13.3179],[92.949,13.3213],[92.9612,13.3234],[92.952,13.3272],[92.9582,13.3272],[92.9551,13.3387],[92.9579,13.3393],[92.9502,13.3458],[92.9494,13.3415],[92.949,13.3496],[92.9451,13.3512],[92.9547,13.3444],[92.9596,13.3466],[92.9615,13.3553],[92.9496,13.3618],[92.9608,13.3572],[92.9726,13.3597],[92.9674,13.3571],[92.9697,13.3476],[92.9752,13.3516],[92.9746,13.3427],[92.9845,13.3281],[92.9882,13.3301],[92.9883,13.3424],[93.0026,13.3544],[93.0315,13.3452],[93.0394,13.3519],[93.0393,13.3575],[93.0345,13.3607],[93.0241,13.3577],[93.0397,13.3688],[93.0337,13.3747],[93.0241,13.3722],[93.0166,13.3752],[93.0141,13.3714],[93.0171,13.37],[93.0139,13.3708],[93.0161,13.3755],[93.0086,13.3794],[92.9988,13.3959],[93.0097,13.3792],[93.0247,13.3733],[93.0272,13.3766],[93.0264,13.3737],[93.0376,13.3755],[93.0345,13.382],[93.0387,13.3754],[93.0433,13.3777],[93.0417,13.3821],[93.0453,13.3772],[93.0509,13.3899],[93.0674,13.3972],[93.0683,13.407],[93.0575,13.3966],[93.0603,13.421],[93.0568,13.4128],[93.0444,13.4033],[93.0428,13.4106],[93.0336,13.4176],[93.0381,13.4277],[93.0333,13.4225],[93.0254,13.4279],[93.0285,13.4283],[93.0077,13.4333],[93.0049,13.4317],[93.0079,13.426],[93.0112,13.4263],[93.0093,13.4323],[93.0124,13.4276],[93.0166,13.4291],[93.0075,13.4184],[93.0127,13.4249],[93.0074,13.4246],[92.9991,13.4361],[92.9887,13.4275],[92.9914,13.4384],[92.9924,13.4332],[92.9995,13.4367],[93.0032,13.4324],[93.0157,13.4341],[93.0136,13.4381],[93.0078,13.4371],[93.0134,13.442],[93.0168,13.432],[93.0334,13.4356],[93.0311,13.4573],[93.0171,13.4631],[93.0113,13.4534],[93.0112,13.4589],[93.0048,13.4634],[93.014,13.4555],[93.0184,13.4664],[93.0314,13.4649],[93.036,13.4806],[93.0334,13.4845],[93.0395,13.492],[93.0433,13.5291],[93.0298,13.5685]]],[[[92.9017,13.6008],[92.8896,13.5979],[92.8953,13.6003],[92.8856,13.5828],[92.8824,13.5818],[92.8861,13.5918],[92.8808,13.5818],[92.8836,13.575],[92.9021,13.5965],[92.9017,13.6008]]],[[[93.0659,13.6521],[93.0561,13.654],[93.0535,13.6506],[93.0566,13.6504],[93.0423,13.638],[93.0456,13.6214],[93.0547,13.645],[93.0659,13.6521]]],[[[93.0188,13.6711],[93.0131,13.673],[93.0073,13.6679],[93.0182,13.6691],[93.0115,13.6571],[93.0115,13.6633],[93.0039,13.6604],[93.0043,13.6637],[92.9949,13.6649],[92.9873,13.6632],[92.9856,13.6578],[92.9833,13.6633],[92.9836,13.6497],[92.9808,13.6574],[92.976,13.6538],[92.9825,13.6508],[92.9856,13.6425],[92.9872,13.6463],[92.995,13.6454],[93.0001,13.6531],[93.0121,13.6491],[93.0182,13.6324],[93.0229,13.6274],[93.0277,13.6286],[93.0308,13.6341],[93.0236,13.6488],[93.0213,13.6722],[93.0188,13.6711]]]]},"properties":{"STNAME":"ANDAMAN & NICOBAR","STCODE11":"35","STNAME_SH":"Andaman & Nicobar","Shape_Length":4249865.169011219,"Shape_Area":7613319403.637434,"OBJECTID_1":21,"OBJECTID":21,"State_LGD":35,"Shape_Leng":4249865.16901,"MaxSimpTol":300,"MinSimpTol":300}},{"type":"Feature","id":22,"geometry":{"type":"Polygon","coordinates":[[[84.1167,27.5195],[84.108,27.5216],[84.0977,27.5167],[84.099,27.5036],[84.0929,27.4904],[84.067,27.482],[84.063,27.4699],[84.0532,27.4625],[84.0575,27.4558],[84.0465,27.4459],[84.0253,27.4451],[84.0262,27.4411],[84.0163,27.4372],[84.0072,27.4434],[83.9993,27.4423],[83.9979,27.4463],[83.9824,27.44],[83.9701,27.4466],[83.9496,27.4412],[83.9441,27.4481],[83.9342,27.4499],[83.9159,27.4402],[83.8698,27.4374],[83.8563,27.4486],[83.8481,27.4488],[83.831,27.4272],[83.8395,27.4142],[83.852,27.4087],[83.857,27.3939],[83.875,27.384],[83.8837,27.3738],[83.8819,27.3651],[83.8635,27.3441],[83.8623,27.3354],[83.8368,27.3223],[83.8456,27.3152],[83.8531,27.3172],[83.8602,27.3079],[83.8715,27.3073],[83.9025,27.3263],[83.9169,27.3266],[83.9251,27.3222],[83.9341,27.3085],[83.9344,27.2996],[83.9215,27.2842],[83.9059,27.275],[83.9053,27.2574],[83.9121,27.2458],[83.9538,27.2361],[83.9702,27.224],[83.9728,27.2182],[83.9675,27.2095],[83.987,27.1976],[83.994,27.1739],[83.9788,27.1649],[83.9588,27.1363],[83.9628,27.1277],[83.9477,27.1125],[83.9468,27.0903],[83.9529,27.085],[83.9644,27.0842],[83.9784,27.0908],[83.9893,27.0909],[84.0006,27.1006],[84.0088,27.0993],[84.0165,27.1055],[84.0307,27.097],[84.025,27.0925],[84.0282,27.0852],[84.0166,27.0718],[84.0001,27.0686],[84.0056,27.0603],[84.0314,27.0457],[84.0495,27.0433],[84.0443,27.0168],[84.0374,27.0091],[84.0459,27.005],[84.0567,26.9897],[84.0458,26.9823],[84.0538,26.9753],[84.0549,26.9601],[84.0528,26.9551],[84.0322,26.9413],[84.035,26.9383],[84.0466,26.9392],[84.0433,26.9319],[84.0534,26.9297],[84.06,26.9203],[84.0524,26.9064],[84.0609,26.8957],[84.0603,26.8882],[84.067,26.8886],[84.0814,26.8774],[84.0944,26.8817],[84.0982,26.876],[84.1045,26.882],[84.1104,26.8987],[84.118,26.8877],[84.129,26.8932],[84.1313,26.8845],[84.1464,26.8855],[84.1436,26.8796],[84.1471,26.8725],[84.1404,26.8677],[84.1406,26.8527],[84.1492,26.8426],[84.1661,26.8338],[84.1818,26.8335],[84.1868,26.8417],[84.1833,26.8476],[84.1902,26.8585],[84.2062,26.8618],[84.2195,26.8717],[84.2356,26.8678],[84.2541,26.8566],[84.2618,26.8428],[84.261,26.8304],[84.2503,26.8193],[84.2569,26.8182],[84.2542,26.8125],[84.2599,26.8044],[84.2485,26.7709],[84.2326,26.7537],[84.2407,26.7388],[84.256,26.7268],[84.2663,26.7398],[84.286,26.7502],[84.3061,26.7496],[84.326,26.7142],[84.3303,26.684],[84.3503,26.678],[84.3764,26.6775],[84.4106,26.6702],[84.4099,26.6469],[84.4199,26.6269],[84.3863,26.6217],[84.3795,26.6145],[84.3544,26.6198],[84.3255,26.6115],[84.3074,26.6163],[84.3004,26.6038],[84.2859,26.6058],[84.2847,26.5996],[84.2815,26.5996],[84.2293,26.6132],[84.228,26.6175],[84.2012,26.6248],[84.1603,26.6245],[84.1567,26.627],[84.1587,26.6362],[84.1125,26.6344],[84.112,26.6307],[84.0865,26.6392],[84.0891,26.6031],[84.0607,26.5682],[84.0551,26.5584],[84.0564,26.5446],[84.0478,26.5363],[84.0245,26.5322],[84.0086,26.5217],[83.9925,26.5331],[83.9766,26.5335],[83.9718,26.5179],[83.9749,26.508],[83.9712,26.5075],[83.951,26.509],[83.9478,26.5121],[83.9528,26.5178],[83.9402,26.5253],[83.9167,26.5167],[83.9081,26.5191],[83.9069,26.5092],[83.9152,26.5029],[83.9081,26.4471],[83.9108,26.4497],[83.9463,26.4386],[83.9915,26.4323],[83.9979,26.4465],[84.0081,26.444],[84.0173,26.4476],[84.0238,26.4403],[84.0226,26.4311],[84.035,26.419],[84.0339,26.4118],[84.0412,26.413],[84.0415,26.4077],[84.0441,26.4096],[84.0501,26.4039],[84.0637,26.4009],[84.0683,26.3884],[84.0793,26.3827],[84.0843,26.3819],[84.0889,26.3869],[84.1213,26.3852],[84.1357,26.3817],[84.1377,26.3779],[84.1769,26.3707],[84.1728,26.3335],[84.1862,26.313],[84.1748,26.2925],[84.1769,26.265],[84.1617,26.2569],[84.1663,26.2411],[84.1512,26.2578],[84.1476,26.2551],[84.1207,26.2586],[84.1173,26.2401],[84.1071,26.2413],[84.1061,26.2367],[84.0912,26.2338],[84.0865,26.2187],[84.0803,26.2223],[84.0622,26.2221],[84.0381,26.2318],[84.0382,26.2371],[84.019,26.2389],[84.0123,26.232],[84.0163,26.2221],[84.0311,26.2176],[84.0259,26.2045],[84.029,26.1992],[84.0163,26.196],[84.009,26.1897],[84.0095,26.1755],[84.0338,26.1604],[84.0345,26.1513],[84.0276,26.1424],[84.0497,26.1306],[84.0489,26.1087],[84.056,26.1001],[84.0887,26.1003],[84.1039,26.0927],[84.1212,26.0766],[84.1377,26.0521],[84.1725,26.0246],[84.1701,25.9877],[84.1761,25.9966],[84.1963,25.9879],[84.2071,25.9999],[84.2393,25.9851],[84.2452,25.9807],[84.2449,25.9758],[84.2823,25.9588],[84.2969,25.9452],[84.3119,25.9438],[84.354,25.9588],[84.3874,25.9374],[84.4119,25.9308],[84.429,25.8976],[84.4276,25.8913],[84.4602,25.8896],[84.4724,25.8818],[84.4895,25.8884],[84.5109,25.8714],[84.534,25.8763],[84.5438,25.8589],[84.5337,25.8641],[84.5232,25.8601],[84.5307,25.8535],[84.5305,25.8317],[84.5484,25.8285],[84.5508,25.8407],[84.5814,25.8252],[84.6248,25.7919],[84.6236,25.771],[84.6135,25.7759],[84.6074,25.7717],[84.6062,25.7613],[84.603,25.762],[84.6295,25.7432],[84.6347,25.728],[84.6279,25.7262],[84.6119,25.731],[84.6004,25.7384],[84.5603,25.7369],[84.5645,25.7173],[84.562,25.6865],[84.5575,25.6796],[84.5512,25.6859],[84.5354,25.6905],[84.5397,25.7268],[84.5346,25.7243],[84.5291,25.6827],[84.5202,25.675],[84.5076,25.6818],[84.4992,25.6749],[84.4918,25.6761],[84.4934,25.6907],[84.4706,25.687],[84.4657,25.6913],[84.4682,25.6982],[84.4623,25.6973],[84.4621,25.7089],[84.4528,25.7091],[84.4535,25.714],[84.4442,25.7081],[84.4297,25.7111],[84.4268,25.6931],[84.4066,25.6979],[84.401,25.7079],[84.4065,25.7156],[84.3983,25.7253],[84.4,25.7288],[84.3843,25.7321],[84.3902,25.7363],[84.3938,25.7436],[84.391,25.745],[84.385,25.7469],[84.3778,25.7386],[84.3737,25.7436],[84.3751,25.7346],[84.3646,25.7419],[84.3366,25.7436],[84.3285,25.7311],[84.324,25.6704],[84.3167,25.6664],[84.3165,25.6716],[84.2987,25.6709],[84.2976,25.6765],[84.2872,25.6766],[84.2878,25.6722],[84.2998,25.6646],[84.2941,25.6602],[84.2765,25.6594],[84.2232,25.6625],[84.2058,25.6698],[84.1989,25.7022],[84.1741,25.7207],[84.1547,25.7293],[84.1488,25.7271],[84.1557,25.7239],[84.143,25.7164],[84.1298,25.7178],[84.1352,25.7241],[84.1416,25.722],[84.1398,25.7317],[84.1288,25.7237],[84.1045,25.721],[84.0892,25.7134],[84.075,25.6953],[84.0852,25.652],[84.0813,25.6365],[84.0174,25.6148],[83.9574,25.5702],[83.9212,25.552],[83.9021,25.5241],[83.8762,25.5181],[83.8742,25.5096],[83.8778,25.4993],[83.8708,25.4875],[83.8636,25.4844],[83.8561,25.4681],[83.8328,25.4576],[83.8249,25.4658],[83.8166,25.4628],[83.8128,25.4482],[83.8419,25.4469],[83.8464,25.4344],[83.833,25.4311],[83.8329,25.4357],[83.8292,25.4362],[83.8124,25.4296],[83.8016,25.4299],[83.801,25.4255],[83.8144,25.4212],[83.8079,25.4091],[83.7897,25.3968],[83.7728,25.3982],[83.769,25.3864],[83.755,25.3923],[83.7565,25.3968],[83.7663,25.3974],[83.7663,25.401],[83.7555,25.4045],[83.7451,25.4005],[83.7406,25.4107],[83.7341,25.4062],[83.7324,25.3982],[83.7175,25.3975],[83.7101,25.3861],[83.7017,25.3962],[83.6945,25.389],[83.6966,25.3825],[83.6906,25.384],[83.6821,25.3786],[83.6937,25.3697],[83.6767,25.3644],[83.6639,25.3728],[83.6671,25.3627],[83.6644,25.3619],[83.656,25.3684],[83.658,25.3596],[83.6492,25.354],[83.6528,25.3484],[83.6488,25.3393],[83.6463,25.3425],[83.6422,25.3398],[83.6337,25.3432],[83.6352,25.3359],[83.6285,25.3285],[83.6169,25.3321],[83.5963,25.3277],[83.5874,25.3218],[83.5858,25.3153],[83.5763,25.3151],[83.5737,25.3061],[83.5708,25.3072],[83.5721,25.3147],[83.5573,25.3115],[83.5399,25.3158],[83.5373,25.3098],[83.5473,25.3141],[83.5541,25.3085],[83.5384,25.3044],[83.534,25.2974],[83.5235,25.3026],[83.527,25.293],[83.5153,25.2847],[83.5089,25.2885],[83.5055,25.2811],[83.5023,25.2875],[83.4974,25.2853],[83.4974,25.2804],[83.4914,25.2799],[83.4936,25.2877],[83.4904,25.2895],[83.49,25.2841],[83.4768,25.2718],[83.4797,25.2675],[83.477,25.2615],[83.4679,25.2524],[83.4622,25.2507],[83.4501,25.2611],[83.443,25.2546],[83.4422,25.2592],[83.439,25.2579],[83.4363,25.2443],[83.4272,25.2537],[83.4267,25.2464],[83.4183,25.2506],[83.4099,25.2466],[83.4089,25.2408],[83.4136,25.2355],[83.407,25.2392],[83.4093,25.2294],[83.4028,25.2244],[83.4021,25.2091],[83.3976,25.2164],[83.3932,25.2044],[83.3862,25.2122],[83.3825,25.2107],[83.382,25.2018],[83.3663,25.1954],[83.3573,25.1997],[83.3498,25.1849],[83.3564,25.1777],[83.3513,25.157],[83.3634,25.1535],[83.3619,25.1327],[83.3682,25.1299],[83.3674,25.1253],[83.3633,25.1112],[83.3501,25.1133],[83.3473,25.0868],[83.3413,25.0816],[83.336,25.0615],[83.3428,25.0599],[83.3434,25.0509],[83.3358,25.0512],[83.3244,25.0374],[83.3252,25.026],[83.3202,25.0173],[83.3266,25.0129],[83.3342,25.0141],[83.3506,25.0088],[83.3526,24.9966],[83.3434,24.9808],[83.3432,24.9634],[83.3499,24.9632],[83.3617,24.9537],[83.364,24.9137],[83.3547,24.9055],[83.3664,24.8921],[83.3581,24.8889],[83.3696,24.8801],[83.3576,24.8706],[83.377,24.86],[83.3807,24.8477],[83.3869,24.8399],[83.3927,24.8407],[83.3969,24.8324],[83.3952,24.8263],[83.402,24.8135],[83.394,24.8051],[83.3997,24.7967],[83.3917,24.7901],[83.3931,24.783],[83.3978,24.7782],[83.4281,24.7682],[83.4281,24.763],[83.4414,24.7568],[83.4488,24.7385],[83.4583,24.7316],[83.4894,24.7365],[83.4851,24.7016],[83.4986,24.7033],[83.4989,24.6949],[83.507,24.6928],[83.5204,24.6775],[83.504,24.6663],[83.5005,24.6513],[83.5202,24.6411],[83.5298,24.643],[83.5247,24.6278],[83.5437,24.6283],[83.548,24.6233],[83.5419,24.6128],[83.5304,24.6124],[83.5235,24.6031],[83.5244,24.589],[83.5302,24.5821],[83.5301,24.5673],[83.5223,24.5477],[83.4971,24.5391],[83.5033,24.5254],[83.552,24.5233],[83.596,24.5126],[83.6878,24.5138],[83.7186,24.5034],[83.7546,24.5094],[83.8015,24.5299],[83.8169,24.5292],[83.8618,24.537],[83.8727,24.5322],[83.9368,24.5497],[83.9748,24.5914],[83.998,24.6383],[84.0084,24.6428],[84.0272,24.6337],[84.0233,24.6318],[84.025,24.6288],[84.0339,24.63],[84.0328,24.6202],[84.0387,24.6202],[84.037,24.6167],[84.0424,24.6189],[84.0447,24.6117],[84.0521,24.6104],[84.0473,24.6044],[84.0572,24.5927],[84.0506,24.5869],[84.0619,24.5868],[84.0649,24.5816],[84.0586,24.5723],[84.0636,24.5737],[84.0638,24.5703],[84.0731,24.5674],[84.0776,24.5416],[84.0853,24.5352],[84.0931,24.5344],[84.0844,24.5142],[84.0878,24.5133],[84.0855,24.5062],[84.0917,24.5052],[84.09,24.4979],[84.0984,24.4926],[84.1,24.4854],[84.1083,24.4775],[84.1248,24.4809],[84.1257,24.4924],[84.1407,24.5005],[84.1346,24.5242],[84.1456,24.5375],[84.1632,24.5335],[84.1646,24.5288],[84.1526,24.5158],[84.1564,24.5109],[84.1782,24.5052],[84.1856,24.5221],[84.1778,24.5263],[84.1728,24.5451],[84.1841,24.5451],[84.1883,24.5533],[84.1999,24.5547],[84.2011,24.5443],[84.2095,24.541],[84.21,24.5336],[84.2148,24.5326],[84.2198,24.5368],[84.2203,24.547],[84.2356,24.5502],[84.2358,24.539],[84.2423,24.542],[84.243,24.5377],[84.2496,24.5357],[84.2475,24.5288],[84.2569,24.5269],[84.259,24.5342],[84.2797,24.5472],[84.2736,24.5505],[84.2705,24.5601],[84.2972,24.5605],[84.3,24.5454],[84.3107,24.5355],[84.3122,24.523],[84.3221,24.5166],[84.3221,24.5081],[84.3275,24.5003],[84.3274,24.4873],[84.3028,24.48],[84.2913,24.4662],[84.2974,24.449],[84.3216,24.4461],[84.3248,24.4389],[84.3356,24.4314],[84.3356,24.4249],[84.3245,24.4275],[84.3205,24.4211],[84.3226,24.4179],[84.3343,24.4205],[84.3305,24.4104],[84.3331,24.4044],[84.3446,24.3993],[84.342,24.3933],[84.3735,24.3835],[84.3879,24.3887],[84.3939,24.3733],[84.4066,24.3748],[84.4006,24.3646],[84.4308,24.3566],[84.4249,24.349],[84.4244,24.3298],[84.4501,24.3326],[84.452,24.3375],[84.46,24.3374],[84.4659,24.3316],[84.4669,24.3172],[84.4837,24.3129],[84.505,24.3314],[84.5073,24.3246],[84.4888,24.3147],[84.4853,24.3066],[84.4848,24.3023],[84.4914,24.3036],[84.4964,24.2996],[84.4896,24.293],[84.4917,24.2863],[84.4962,24.2863],[84.5016,24.2882],[84.5069,24.2978],[84.5097,24.3156],[84.5163,24.3173],[84.5224,24.3319],[84.5317,24.3387],[84.5247,24.3506],[84.5351,24.3637],[84.5278,24.3765],[84.5468,24.3771],[84.5539,24.3729],[84.5723,24.3828],[84.5742,24.389],[84.5615,24.3963],[84.5675,24.4092],[84.583,24.4129],[84.5879,24.4081],[84.5859,24.4002],[84.5949,24.4048],[84.6146,24.3987],[84.6307,24.405],[84.6422,24.3989],[84.6465,24.4031],[84.6653,24.391],[84.6703,24.4049],[84.6683,24.4096],[84.6736,24.4101],[84.6762,24.4254],[84.6713,24.43],[84.6791,24.4357],[84.6864,24.4567],[84.7026,24.4627],[84.7103,24.4709],[84.7283,24.4697],[84.7552,24.4999],[84.7861,24.5036],[84.7893,24.5181],[84.8022,24.5306],[84.8084,24.5219],[84.8257,24.5253],[84.8388,24.5127],[84.8327,24.4702],[84.8407,24.4691],[84.8369,24.4589],[84.8398,24.4524],[84.8488,24.4544],[84.8536,24.4665],[84.864,24.4571],[84.8709,24.4582],[84.8752,24.4672],[84.8874,24.4632],[84.8846,24.441],[84.8875,24.432],[84.882,24.4246],[84.8914,24.4145],[84.8925,24.4052],[84.9043,24.3954],[84.9092,24.3837],[84.9007,24.3765],[84.9039,24.3722],[84.9367,24.3799],[84.954,24.3715],[84.9747,24.3747],[84.984,24.3875],[85.0282,24.4154],[85.041,24.4153],[85.045,24.409],[85.0618,24.4074],[85.0673,24.4228],[85.0795,24.4335],[85.0817,24.3985],[85.0773,24.3985],[85.0761,24.3946],[85.0801,24.3928],[85.0727,24.3808],[85.0888,24.3723],[85.1039,24.3773],[85.1031,24.3851],[85.1172,24.3915],[85.1232,24.402],[85.1637,24.4131],[85.1655,24.4194],[85.1739,24.4206],[85.1638,24.4444],[85.1547,24.4459],[85.1526,24.4552],[85.1615,24.4607],[85.2011,24.4606],[85.2083,24.4666],[85.2261,24.4633],[85.2316,24.4721],[85.2399,24.4738],[85.2413,24.4822],[85.2496,24.4908],[85.2826,24.4916],[85.2856,24.5023],[85.2805,24.5138],[85.2821,24.5203],[85.2882,24.5231],[85.3216,24.5198],[85.3917,24.5299],[85.3975,24.5448],[85.3708,24.5553],[85.3846,24.5555],[85.3875,24.5498],[85.4134,24.5411],[85.4345,24.528],[85.4366,24.534],[85.4606,24.5365],[85.4779,24.5465],[85.4978,24.5466],[85.5094,24.5372],[85.5078,24.5253],[85.5182,24.5262],[85.5238,24.521],[85.5417,24.5319],[85.5457,24.5488],[85.5409,24.5623],[85.5564,24.5581],[85.5607,24.5527],[85.5617,24.5584],[85.5717,24.5617],[85.5719,24.5743],[85.5673,24.5768],[85.5661,24.587],[85.5806,24.6008],[85.5938,24.5945],[85.6018,24.5957],[85.6152,24.5808],[85.6273,24.5819],[85.6512,24.5745],[85.668,24.579],[85.6775,24.591],[85.674,24.5979],[85.6761,24.6165],[85.6624,24.6502],[85.6667,24.6611],[85.649,24.6846],[85.6814,24.6916],[85.7072,24.7245],[85.7053,24.7364],[85.7089,24.7453],[85.7039,24.7611],[85.7048,24.767],[85.7096,24.7671],[85.7075,24.7796],[85.7224,24.786],[85.7236,24.7971],[85.7293,24.7986],[85.7306,24.8126],[85.7367,24.8208],[85.7622,24.8129],[85.7781,24.7965],[85.7804,24.7989],[85.8095,24.7942],[85.8132,24.8026],[85.8247,24.8085],[85.855,24.8084],[85.8673,24.8047],[85.8897,24.7927],[85.8866,24.7839],[85.9196,24.7448],[85.9453,24.733],[85.9702,24.733],[85.9804,24.7487],[85.9965,24.7532],[86.0084,24.7633],[86.0247,24.7667],[86.0375,24.7766],[86.0553,24.7797],[86.0587,24.7713],[86.0567,24.7606],[86.0424,24.7472],[86.0345,24.746],[86.0369,24.7407],[86.0664,24.7519],[86.0942,24.7449],[86.1071,24.735],[86.108,24.7263],[86.1285,24.6987],[86.1313,24.6756],[86.1248,24.6719],[86.1244,24.6546],[86.1154,24.6437],[86.1214,24.6354],[86.1184,24.6243],[86.1246,24.6113],[86.1293,24.6105],[86.1324,24.6034],[86.1409,24.6053],[86.1501,24.6017],[86.1506,24.5925],[86.1669,24.5838],[86.1888,24.5835],[86.2136,24.5943],[86.2169,24.5998],[86.215,24.6139],[86.24,24.5995],[86.243,24.5877],[86.2541,24.5874],[86.2592,24.5782],[86.2633,24.5842],[86.2743,24.577],[86.2699,24.5854],[86.2848,24.588],[86.3025,24.5833],[86.3092,24.5839],[86.3085,24.5885],[86.3228,24.5869],[86.3154,24.5807],[86.3171,24.577],[86.3066,24.5721],[86.3006,24.5609],[86.3078,24.5476],[86.2972,24.5333],[86.3052,24.5279],[86.3092,24.5112],[86.2996,24.5005],[86.2936,24.4831],[86.2894,24.4788],[86.2819,24.4791],[86.2761,24.4659],[86.2988,24.4608],[86.2943,24.4514],[86.3134,24.4472],[86.3172,24.4416],[86.3491,24.4466],[86.3583,24.4291],[86.3651,24.4255],[86.3774,24.4308],[86.402,24.408],[86.4104,24.3926],[86.4051,24.3878],[86.413,24.3803],[86.4279,24.3772],[86.4327,24.3802],[86.4453,24.3679],[86.467,24.3809],[86.472,24.3935],[86.4678,24.4252],[86.4771,24.4246],[86.481,24.428],[86.4772,24.4345],[86.4837,24.435],[86.4912,24.428],[86.4966,24.4433],[86.4954,24.4561],[86.4835,24.4677],[86.4922,24.4782],[86.4928,24.4908],[86.4991,24.489],[86.5025,24.493],[86.4997,24.5099],[86.5153,24.5253],[86.5167,24.5354],[86.5277,24.5442],[86.5343,24.5407],[86.5426,24.5434],[86.5524,24.5361],[86.5526,24.5444],[86.563,24.5533],[86.559,24.5648],[86.5805,24.5667],[86.5893,24.5796],[86.5889,24.589],[86.5977,24.6007],[86.6032,24.602],[86.6034,24.6082],[86.615,24.6088],[86.6106,24.5994],[86.6242,24.6],[86.6249,24.5901],[86.6316,24.585],[86.6463,24.5805],[86.6521,24.5702],[86.6694,24.5662],[86.6833,24.5734],[86.6882,24.5716],[86.6921,24.5769],[86.6971,24.5735],[86.7216,24.5832],[86.735,24.5796],[86.7356,24.5844],[86.7499,24.5954],[86.7485,24.6062],[86.7534,24.618],[86.787,24.6165],[86.8049,24.6001],[86.8109,24.5992],[86.8061,24.5938],[86.8098,24.5817],[86.8033,24.5784],[86.8021,24.5703],[86.8113,24.5689],[86.8222,24.5756],[86.8318,24.5728],[86.8351,24.5762],[86.8436,24.5749],[86.8408,24.5628],[86.8568,24.5547],[86.8631,24.5627],[86.8611,24.5664],[86.8813,24.5742],[86.8884,24.5669],[86.8876,24.5618],[86.9007,24.559],[86.9048,24.5505],[86.9164,24.5452],[86.9177,24.5609],[86.9099,24.5714],[86.9137,24.5767],[86.9085,24.585],[86.9087,24.5957],[86.92,24.6024],[86.9332,24.6312],[86.9455,24.6358],[86.9396,24.6437],[86.9398,24.6526],[86.9582,24.649],[86.953,24.6313],[86.9784,24.6401],[86.9962,24.6199],[87.0069,24.623],[87.0107,24.6312],[87.02,24.6297],[87.0241,24.6242],[87.023,24.6157],[87.0359,24.6129],[87.0381,24.6173],[87.0511,24.6086],[87.0463,24.63],[87.0524,24.6411],[87.054,24.6694],[87.0619,24.6888],[87.0693,24.6933],[87.068,24.7034],[87.0811,24.7292],[87.0698,24.745],[87.0798,24.7485],[87.0781,24.7525],[87.0843,24.7562],[87.0787,24.7776],[87.0927,24.7917],[87.0957,24.8028],[87.0741,24.8084],[87.0745,24.8177],[87.0769,24.8238],[87.0913,24.8235],[87.1047,24.8468],[87.112,24.8476],[87.1094,24.8517],[87.1181,24.8516],[87.1324,24.8625],[87.144,24.8613],[87.1412,24.8646],[87.1567,24.881],[87.157,24.8998],[87.1503,24.9032],[87.145,24.9192],[87.1544,24.9324],[87.1462,24.9417],[87.1544,24.978],[87.1458,25.0193],[87.1623,25.0333],[87.1677,25.041],[87.1665,25.0466],[87.172,25.0476],[87.1811,25.0658],[87.1926,25.0662],[87.2004,25.0782],[87.2068,25.0823],[87.2112,25.0807],[87.2127,25.0912],[87.2371,25.0892],[87.2442,25.1007],[87.235,25.107],[87.2413,25.1169],[87.2497,25.1055],[87.2632,25.1033],[87.2699,25.094],[87.2955,25.0886],[87.2965,25.1137],[87.307,25.1364],[87.3051,25.1429],[87.3121,25.1488],[87.3194,25.1653],[87.3146,25.1695],[87.3157,25.1806],[87.3275,25.2236],[87.3335,25.2227],[87.3345,25.2162],[87.3602,25.2119],[87.3719,25.2063],[87.3836,25.2244],[87.4013,25.2272],[87.4123,25.2151],[87.4231,25.214],[87.4633,25.1949],[87.4781,25.1944],[87.4733,25.2383],[87.4828,25.2518],[87.5006,25.2599],[87.5009,25.2667],[87.4963,25.2706],[87.4987,25.2764],[87.4906,25.2799],[87.4874,25.2973],[87.4915,25.2976],[87.4935,25.3038],[87.5017,25.2923],[87.517,25.2933],[87.5321,25.2804],[87.543,25.2811],[87.5519,25.3327],[87.5711,25.3334],[87.5746,25.3409],[87.5828,25.3435],[87.584,25.3495],[87.5918,25.342],[87.5839,25.3319],[87.5935,25.3253],[87.5923,25.3224],[87.6104,25.3133],[87.6179,25.3181],[87.6272,25.3116],[87.6305,25.3197],[87.6364,25.3136],[87.6549,25.3076],[87.6635,25.3079],[87.6643,25.3114],[87.6754,25.3069],[87.6737,25.3129],[87.692,25.3116],[87.6845,25.3097],[87.685,25.3061],[87.6984,25.304],[87.6953,25.3001],[87.6997,25.2974],[87.6933,25.2847],[87.7113,25.2747],[87.7114,25.2577],[87.7628,25.2656],[87.7885,25.2584],[87.8185,25.242],[87.8295,25.2492],[87.8343,25.2587],[87.8466,25.2646],[87.8452,25.2736],[87.8534,25.29],[87.8471,25.3044],[87.8276,25.3117],[87.8084,25.3276],[87.7928,25.3296],[87.7842,25.3401],[87.7895,25.3769],[87.7761,25.3769],[87.7649,25.3839],[87.7705,25.4051],[87.7666,25.4151],[87.7786,25.4104],[87.7734,25.4288],[87.7805,25.4307],[87.7852,25.4372],[87.787,25.4493],[87.8027,25.4441],[87.8143,25.435],[87.8214,25.4359],[87.8303,25.4489],[87.8306,25.4619],[87.839,25.4616],[87.8392,25.468],[87.8535,25.4672],[87.8551,25.4715],[87.8595,25.4713],[87.8643,25.4644],[87.8688,25.4695],[87.8636,25.4794],[87.8661,25.497],[87.8854,25.5093],[87.884,25.5206],[87.8968,25.5101],[87.8972,25.504],[87.9027,25.5048],[87.9085,25.5091],[87.9059,25.5123],[87.9127,25.5273],[87.9172,25.5284],[87.9157,25.5338],[87.924,25.5345],[87.9271,25.539],[87.9445,25.5345],[87.9464,25.5379],[87.9662,25.5363],[87.9741,25.5257],[87.9848,25.5256],[88.0001,25.4982],[88.0076,25.4964],[88.002,25.5144],[88.0135,25.5141],[88.0196,25.5012],[88.0306,25.4907],[88.0504,25.4856],[88.0537,25.49],[88.0653,25.4894],[88.0732,25.4837],[88.0719,25.5041],[88.077,25.5068],[88.0665,25.5096],[88.0718,25.5146],[88.0654,25.5232],[88.0694,25.5261],[88.0597,25.5264],[88.065,25.532],[88.0542,25.5412],[88.0522,25.5492],[88.0314,25.5541],[88.0287,25.5614],[88.0402,25.5737],[88.0362,25.5751],[88.0316,25.5665],[88.0209,25.5705],[88.0352,25.5811],[88.0245,25.5826],[88.0216,25.5962],[88.0266,25.6032],[88.0397,25.6009],[88.0309,25.6073],[88.0437,25.6104],[88.0379,25.6156],[88.0428,25.6185],[88.0344,25.6306],[88.0397,25.6393],[88.0478,25.6388],[88.0552,25.6448],[88.0453,25.6423],[88.036,25.6488],[88.038,25.6537],[88.0507,25.6543],[88.047,25.6612],[88.0512,25.6654],[88.0487,25.682],[88.0553,25.6915],[88.0497,25.7022],[88.0441,25.7003],[88.0323,25.7043],[88.021,25.6964],[88.0215,25.7103],[88.0022,25.7161],[88.0006,25.7229],[87.9915,25.7266],[87.9839,25.7206],[87.9679,25.7261],[87.9683,25.7343],[87.9514,25.7469],[87.9502,25.7532],[87.9472,25.7512],[87.9504,25.7583],[87.9456,25.7603],[87.942,25.7743],[87.9351,25.7734],[87.9369,25.7685],[87.9258,25.777],[87.9085,25.7744],[87.9096,25.77],[87.9044,25.7725],[87.9061,25.7821],[87.9099,25.7809],[87.9053,25.8026],[87.9103,25.8037],[87.9001,25.8071],[87.9042,25.8136],[87.908,25.8117],[87.9108,25.815],[87.9161,25.8114],[87.9177,25.8162],[87.9003,25.8232],[87.9057,25.8306],[87.8981,25.8321],[87.8955,25.8272],[87.8892,25.8298],[87.8934,25.8365],[87.9034,25.8331],[87.8987,25.838],[87.9093,25.8402],[87.9042,25.8429],[87.9157,25.8534],[87.9015,25.8574],[87.9022,25.8611],[87.8923,25.8658],[87.883,25.8594],[87.8758,25.8605],[87.8747,25.8682],[87.8578,25.8648],[87.8496,25.8694],[87.8307,25.8709],[87.8246,25.8816],[87.8296,25.8927],[87.8223,25.8997],[87.8255,25.9111],[87.8187,25.9124],[87.8154,25.9091],[87.8093,25.9127],[87.8146,25.9161],[87.8106,25.9214],[87.8143,25.9316],[87.8209,25.9362],[87.8344,25.9303],[87.8396,25.9339],[87.8372,25.9362],[87.8407,25.9406],[87.8345,25.9463],[87.8389,25.9541],[87.8374,25.96],[87.8466,25.9636],[87.8481,25.9696],[87.8457,25.9822],[87.8545,26.0111],[87.8515,26.0155],[87.8568,26.0247],[87.8554,26.0351],[87.8647,26.0344],[87.8733,26.0414],[87.8797,26.0393],[87.8862,26.0434],[87.8929,26.0527],[87.8903,26.0589],[87.8936,26.064],[87.8973,26.0669],[87.9012,26.0649],[87.9064,26.0744],[87.9137,26.0781],[87.919,26.0766],[87.9266,26.0839],[87.931,26.0823],[87.9299,26.0715],[87.9366,26.0692],[87.9351,26.0642],[87.9488,26.0601],[87.9556,26.0699],[87.9513,26.0706],[87.9536,26.0753],[87.9823,26.0727],[87.9846,26.0802],[87.981,26.0848],[87.9642,26.095],[87.9888,26.1052],[87.9854,26.1175],[87.9713,26.1165],[87.9689,26.1193],[87.9819,26.1274],[87.9806,26.139],[87.9739,26.1406],[87.9751,26.1431],[87.9855,26.1426],[87.9925,26.1511],[87.9983,26.1397],[88.0058,26.1468],[88.0105,26.1454],[88.0141,26.151],[88.0092,26.1604],[88.0199,26.1608],[88.0278,26.1706],[88.0322,26.1705],[88.0348,26.1792],[88.0492,26.177],[88.0503,26.1725],[88.0585,26.1708],[88.0667,26.1775],[88.0732,26.1752],[88.0787,26.1807],[88.0785,26.187],[88.0903,26.1918],[88.0927,26.2029],[88.1021,26.2058],[88.1062,26.2137],[88.1178,26.2192],[88.1164,26.2238],[88.1267,26.228],[88.1298,26.2248],[88.1419,26.2264],[88.1385,26.2406],[88.146,26.2502],[88.1551,26.2508],[88.1576,26.256],[88.1645,26.2529],[88.1702,26.2562],[88.1766,26.2541],[88.1857,26.2709],[88.1998,26.2699],[88.2051,26.2776],[88.2136,26.2741],[88.2167,26.28],[88.2277,26.2849],[88.2321,26.2925],[88.2311,26.3012],[88.241,26.3006],[88.2448,26.3094],[88.2503,26.3114],[88.2492,26.3204],[88.2541,26.3258],[88.2491,26.3266],[88.2532,26.3344],[88.2628,26.331],[88.2649,26.3349],[88.2782,26.3256],[88.2864,26.3318],[88.2855,26.3475],[88.3004,26.35],[88.2961,26.353],[88.2962,26.3593],[88.2874,26.358],[88.2833,26.378],[88.2683,26.3778],[88.2652,26.3812],[88.2521,26.374],[88.2383,26.3809],[88.2341,26.3918],[88.2373,26.3962],[88.2442,26.3985],[88.2614,26.4199],[88.2734,26.419],[88.263,26.4228],[88.2631,26.4293],[88.2509,26.4331],[88.242,26.4567],[88.2347,26.4599],[88.2243,26.4742],[88.2152,26.4772],[88.217,26.4809],[88.2257,26.4801],[88.2294,26.4849],[88.2276,26.492],[88.2196,26.4932],[88.2206,26.4865],[88.2139,26.4831],[88.1983,26.4848],[88.1944,26.4953],[88.1885,26.4953],[88.1826,26.5042],[88.1834,26.5096],[88.1903,26.5121],[88.1965,26.5214],[88.2083,26.5243],[88.2127,26.5327],[88.2354,26.5448],[88.2328,26.571],[88.2158,26.5733],[88.2145,26.5672],[88.2211,26.5611],[88.2204,26.5564],[88.212,26.5543],[88.2184,26.5534],[88.1892,26.5596],[88.1816,26.554],[88.179,26.5449],[88.1685,26.5535],[88.1665,26.5356],[88.1563,26.5301],[88.1503,26.5319],[88.146,26.5222],[88.1349,26.5235],[88.1202,26.5407],[88.115,26.5413],[88.1134,26.5484],[88.1054,26.5511],[88.0981,26.5475],[88.0996,26.5418],[88.1065,26.5416],[88.1033,26.5385],[88.1076,26.5337],[88.099,26.5226],[88.0985,26.5131],[88.1096,26.5025],[88.1043,26.4727],[88.0909,26.4687],[88.0992,26.4561],[88.0904,26.4411],[88.0812,26.437],[88.0788,26.4288],[88.0688,26.4221],[88.0685,26.415],[88.0487,26.4057],[88.0393,26.3938],[88.0343,26.3929],[88.0331,26.3838],[88.0284,26.3823],[88.0333,26.3806],[88.0285,26.3741],[88.0296,26.368],[88.0192,26.3638],[87.9957,26.3661],[87.9916,26.3706],[87.9918,26.3927],[87.9658,26.3975],[87.9329,26.418],[87.9261,26.4187],[87.9255,26.4286],[87.9152,26.4322],[87.9249,26.4395],[87.9241,26.4468],[87.8985,26.4492],[87.9097,26.4584],[87.9,26.4778],[87.8884,26.4868],[87.8859,26.4768],[87.8586,26.4638],[87.8587,26.4557],[87.8628,26.4527],[87.8506,26.4459],[87.8483,26.4369],[87.8284,26.4401],[87.8291,26.4504],[87.7921,26.469],[87.7907,26.4656],[87.7869,26.4675],[87.7894,26.4609],[87.782,26.4577],[87.7838,26.454],[87.7741,26.45],[87.7773,26.4484],[87.775,26.4392],[87.779,26.4362],[87.7705,26.4281],[87.7753,26.4243],[87.7703,26.4219],[87.7667,26.4109],[87.7532,26.4085],[87.7493,26.4179],[87.7391,26.4175],[87.7338,26.4076],[87.7227,26.4125],[87.7238,26.4168],[87.7128,26.4274],[87.6983,26.4283],[87.6922,26.4356],[87.6771,26.4356],[87.6775,26.4157],[87.6495,26.4059],[87.6513,26.3934],[87.6269,26.3939],[87.6121,26.3902],[87.6053,26.3809],[87.5883,26.3817],[87.5843,26.3934],[87.5526,26.4055],[87.5471,26.4182],[87.5159,26.4308],[87.4637,26.4402],[87.4426,26.4325],[87.4271,26.4221],[87.388,26.4192],[87.3757,26.4071],[87.368,26.4081],[87.3556,26.3887],[87.3526,26.372],[87.3573,26.3613],[87.3402,26.3477],[87.3166,26.3642],[87.3116,26.3718],[87.3007,26.3662],[87.2888,26.3739],[87.2655,26.3736],[87.2652,26.406],[87.2588,26.4099],[87.2353,26.4152],[87.2276,26.414],[87.2183,26.4046],[87.2105,26.4099],[87.2113,26.4138],[87.1843,26.4144],[87.1882,26.406],[87.1622,26.4045],[87.1371,26.4163],[87.0911,26.4508],[87.0792,26.5223],[87.0718,26.5407],[87.0707,26.5865],[87.0425,26.5875],[87.0375,26.5612],[87.0165,26.5318],[86.9921,26.5226],[86.9809,26.5244],[86.9764,26.5197],[86.9632,26.5243],[86.9608,26.5199],[86.9479,26.5203],[86.9447,26.5162],[86.9334,26.5154],[86.9294,26.4898],[86.8931,26.4879],[86.8896,26.482],[86.8935,26.4615],[86.8837,26.4613],[86.872,26.4542],[86.861,26.4576],[86.8564,26.4494],[86.8456,26.4487],[86.8466,26.4421],[86.8373,26.4427],[86.8335,26.4393],[86.7665,26.4588],[86.7603,26.4482],[86.7532,26.4474],[86.7442,26.4353],[86.7466,26.4286],[86.7302,26.4225],[86.72,26.4349],[86.6999,26.4378],[86.6925,26.4513],[86.6402,26.4626],[86.6372,26.4663],[86.6318,26.4647],[86.6247,26.4698],[86.628,26.4762],[86.6255,26.4806],[86.6135,26.4879],[86.5703,26.4966],[86.563,26.5019],[86.5539,26.5182],[86.5545,26.5244],[86.542,26.5383],[86.5224,26.5437],[86.5154,26.5394],[86.4972,26.5427],[86.4559,26.5678],[86.3952,26.5855],[86.3968,26.5939],[86.3408,26.6062],[86.3431,26.6173],[86.3328,26.6195],[86.3075,26.6203],[86.2935,26.6134],[86.2762,26.6181],[86.2522,26.6172],[86.243,26.6026],[86.2347,26.5984],[86.2343,26.5904],[86.2319,26.5928],[86.2179,26.5886],[86.2049,26.5966],[86.196,26.5938],[86.1958,26.6073],[86.191,26.6149],[86.1743,26.6136],[86.171,26.6168],[86.1421,26.6052],[86.1361,26.6065],[86.1405,26.617],[86.1378,26.6293],[86.1183,26.6304],[86.0732,26.6498],[86.0694,26.6575],[86.0273,26.6663],[86.0091,26.6555],[85.979,26.658],[85.9593,26.6512],[85.9536,26.6465],[85.9548,26.6304],[85.9461,26.62],[85.9472,26.6133],[85.9282,26.6162],[85.9261,26.6101],[85.9138,26.6085],[85.9004,26.6002],[85.8999,26.5959],[85.8917,26.5941],[85.8875,26.5838],[85.8803,26.5844],[85.8587,26.569],[85.8568,26.5723],[85.8499,26.5685],[85.8483,26.5768],[85.8577,26.5897],[85.8507,26.6085],[85.8308,26.6115],[85.8303,26.6015],[85.8175,26.6024],[85.8031,26.615],[85.8016,26.6243],[85.7697,26.6296],[85.7477,26.6393],[85.7323,26.6536],[85.7367,26.6642],[85.7257,26.6704],[85.7232,26.6826],[85.7266,26.7217],[85.7318,26.7309],[85.7299,26.7353],[85.7341,26.7374],[85.7287,26.7495],[85.7354,26.7781],[85.7347,26.7959],[85.7292,26.8087],[85.7216,26.8203],[85.7045,26.8322],[85.6794,26.8437],[85.6427,26.8534],[85.6352,26.8724],[85.6241,26.8737],[85.6071,26.8577],[85.5857,26.8469],[85.5846,26.8583],[85.5782,26.8568],[85.5757,26.8609],[85.566,26.8409],[85.5582,26.8442],[85.5534,26.8345],[85.5436,26.8381],[85.522,26.8165],[85.4976,26.8129],[85.4953,26.7972],[85.4794,26.8024],[85.4778,26.7933],[85.4542,26.7822],[85.4325,26.7904],[85.4257,26.7862],[85.4077,26.7917],[85.3965,26.7781],[85.3849,26.7749],[85.3749,26.7615],[85.3701,26.7587],[85.3617,26.763],[85.3547,26.7603],[85.3343,26.7417],[85.3078,26.7521],[85.2601,26.7556],[85.2407,26.7615],[85.2119,26.7579],[85.1973,26.7696],[85.1914,26.782],[85.1926,26.7908],[85.1806,26.7959],[85.1826,26.8017],[85.1767,26.8097],[85.1772,26.8156],[85.1914,26.8315],[85.1905,26.8702],[85.1398,26.871],[85.1352,26.8674],[85.1235,26.8712],[85.099,26.8712],[85.0956,26.8672],[85.086,26.8666],[85.0893,26.8597],[85.0835,26.8535],[85.0768,26.8586],[85.0775,26.855],[85.0706,26.8553],[85.0636,26.8497],[85.0628,26.858],[85.0597,26.8538],[85.0577,26.8562],[85.0576,26.8494],[85.0231,26.8552],[85.0295,26.8596],[85.0257,26.8635],[85.0311,26.8677],[85.0304,26.8753],[85.0363,26.8747],[85.038,26.8781],[85.0422,26.8747],[85.0438,26.8797],[85.0531,26.8814],[85.0492,26.8852],[85.0557,26.8813],[85.0609,26.8869],[85.0045,26.8951],[84.9978,26.9053],[85.0026,26.9039],[84.9999,26.9118],[84.9687,26.9157],[84.9685,26.9259],[84.9778,26.9377],[84.9622,26.9606],[84.9534,26.9599],[84.9294,26.9688],[84.9108,26.968],[84.8959,26.973],[84.8913,26.9728],[84.8916,26.9699],[84.8867,26.9779],[84.8586,26.9888],[84.8558,26.9864],[84.8574,26.9979],[84.8495,26.997],[84.8555,27.0083],[84.8257,27.0209],[84.8141,27.0181],[84.8119,27.0209],[84.8128,27.0157],[84.8096,27.0189],[84.8067,27.0144],[84.8112,27.0117],[84.8003,27.0011],[84.7963,27.0029],[84.7934,26.9963],[84.7865,26.9987],[84.7886,27.0094],[84.7847,27.0077],[84.7818,27.0144],[84.7739,27.0176],[84.7648,27.0133],[84.7571,27.0028],[84.7297,27.0153],[84.7214,27.0144],[84.7017,27.027],[84.6433,27.0465],[84.6461,27.0758],[84.6583,27.0801],[84.6545,27.0833],[84.6695,27.0909],[84.6634,27.0937],[84.6691,27.0977],[84.674,27.0959],[84.6753,27.1085],[84.6697,27.1095],[84.6724,27.1146],[84.6797,27.1139],[84.6752,27.1167],[84.677,27.1338],[84.6836,27.144],[84.6826,27.1561],[84.6877,27.1587],[84.6807,27.1583],[84.6805,27.1695],[84.6729,27.171],[84.6812,27.174],[84.6818,27.1795],[84.6875,27.1798],[84.6804,27.1858],[84.6808,27.2004],[84.6862,27.2068],[84.685,27.2129],[84.6914,27.2149],[84.6879,27.2159],[84.6899,27.2216],[84.6477,27.299],[84.6202,27.3393],[84.6051,27.3359],[84.566,27.3473],[84.4853,27.36],[84.4702,27.3548],[84.4581,27.3632],[84.4222,27.3715],[84.3963,27.369],[84.3771,27.3755],[84.3578,27.3748],[84.354,27.3716],[84.3247,27.3786],[84.3055,27.3883],[84.2941,27.3824],[84.288,27.3925],[84.2794,27.3947],[84.2811,27.414],[84.2766,27.4261],[84.2622,27.436],[84.2633,27.4437],[84.2585,27.451],[84.2409,27.4511],[84.2325,27.4557],[84.2217,27.4466],[84.2206,27.4408],[84.2106,27.4427],[84.2058,27.4586],[84.2113,27.4651],[84.2084,27.4687],[84.1754,27.4743],[84.1647,27.4834],[84.149,27.4862],[84.1458,27.4965],[84.1509,27.4992],[84.1518,27.5168],[84.1402,27.5178],[84.1234,27.5118],[84.1176,27.5137],[84.1167,27.5195]],[[88.2745,26.332],[88.2757,26.3324],[88.2742,26.3308],[88.2745,26.332]]]},"properties":{"STNAME":"BIHAR","STCODE11":"10","STNAME_SH":"Bihar","Shape_Length":3102533.9264477757,"Shape_Area":116476530001.3377,"OBJECTID_1":22,"OBJECTID":22,"State_LGD":10,"Shape_Leng":3102533.92645,"MaxSimpTol":300,"MinSimpTol":300}},{"type":"Feature","id":23,"geometry":{"type":"MultiPolygon","coordinates":[[[[71.152,20.7591],[71.1537,20.7601],[71.1514,20.7634],[71.152,20.7591]]],[[[71.5282,20.9046],[71.5257,20.9035],[71.5325,20.9028],[71.5282,20.9046]]],[[[71.5178,20.9123],[71.5128,20.9109],[71.51,20.9038],[71.5246,20.9048],[71.5178,20.9123]]],[[[72.3623,22.0291],[72.3431,22.023],[72.3233,22.0085],[72.2993,21.9835],[72.2925,21.9675],[72.2998,21.8827],[72.3108,21.841],[72.3226,21.8178],[72.3535,21.7973],[72.3753,21.8049],[72.3889,21.8183],[72.3908,21.855],[72.4001,21.8841],[72.4126,21.9033],[72.4379,21.9275],[72.4446,21.9634],[72.4337,21.995],[72.4129,22.0154],[72.3936,22.0257],[72.3623,22.0291]]],[[[69.3395,22.3858],[69.3234,22.3811],[69.3328,22.3726],[69.3399,22.3802],[69.3395,22.3858]]],[[[69.629,22.4587],[69.5956,22.4443],[69.59,22.4371],[69.5904,22.4305],[69.6069,22.417],[69.6366,22.4055],[69.6569,22.4268],[69.6505,22.4311],[69.6463,22.4444],[69.629,22.4587]]],[[[69.1426,22.4763],[69.1269,22.4748],[69.094,22.4607],[69.0931,22.4465],[69.0965,22.441],[69.0857,22.4318],[69.0859,22.4208],[69.0928,22.4293],[69.1084,22.4368],[69.1074,22.4591],[69.1155,22.4666],[69.1421,22.4629],[69.1448,22.4503],[69.143,22.4581],[69.1503,22.4687],[69.1426,22.4763]]],[[[69.8258,22.4906],[69.8258,22.5012],[69.8186,22.5046],[69.7982,22.4986],[69.7852,22.4894],[69.802,22.4772],[69.8096,22.4776],[69.812,22.483],[69.8171,22.4835],[69.8165,22.4874],[69.8258,22.4906]]],[[[70.0111,22.5519],[70.0021,22.5523],[69.9961,22.549],[70.0111,22.5519]]],[[[69.9708,22.5696],[69.9717,22.5867],[69.9586,22.5843],[69.9582,22.5768],[69.9483,22.5736],[69.9448,22.5678],[69.9608,22.5486],[69.9678,22.554],[69.9594,22.5585],[69.9691,22.5545],[69.9656,22.5639],[69.9683,22.5591],[69.9705,22.5608],[69.973,22.5524],[69.9622,22.548],[69.9653,22.5459],[69.978,22.549],[69.9758,22.5631],[69.9787,22.5507],[69.9812,22.5559],[69.9754,22.5464],[69.9856,22.5475],[69.9848,22.5523],[69.9893,22.5477],[69.9913,22.5535],[69.9925,22.5485],[70.0006,22.554],[69.9886,22.5577],[69.973,22.5816],[69.9794,22.5705],[69.9714,22.5772],[69.9708,22.5696]]],[[[70.0168,22.6],[69.9902,22.5968],[69.9895,22.5882],[69.9985,22.5808],[69.9935,22.5765],[69.997,22.5726],[69.9985,22.5765],[70.0001,22.5719],[69.9942,22.5738],[69.9883,22.5905],[69.9854,22.5884],[69.988,22.5732],[69.9943,22.5699],[69.9945,22.5631],[69.999,22.5627],[70.0017,22.5545],[70.0109,22.5559],[70.0387,22.5736],[70.0372,22.5882],[70.0227,22.5936],[70.0168,22.6]]],[[[68.5398,23.3473],[68.5206,23.3509],[68.4976,23.3327],[68.4999,23.3218],[68.5242,23.3109],[68.5148,23.2968],[68.5202,23.2887],[68.5276,23.2907],[68.5268,23.3102],[68.5357,23.3209],[68.5544,23.3291],[68.5524,23.3489],[68.5398,23.3473]]],[[[72.0613,24.712],[72.0485,24.7105],[72.0426,24.7043],[72.0125,24.6905],[72.0014,24.6883],[72.0011,24.6948],[71.9938,24.6949],[71.9838,24.6858],[71.9828,24.6724],[71.9882,24.6574],[71.9774,24.6568],[71.9643,24.6457],[71.9462,24.641],[71.9399,24.6337],[71.9387,24.6364],[71.9255,24.6359],[71.9155,24.6494],[71.9117,24.6584],[71.9203,24.664],[71.9186,24.672],[71.9075,24.6774],[71.8882,24.672],[71.885,24.6774],[71.8718,24.6816],[71.8578,24.6664],[71.8576,24.6511],[71.8654,24.6306],[71.8556,24.622],[71.8522,24.6092],[71.8378,24.6212],[71.8161,24.6202],[71.8059,24.6266],[71.8025,24.631],[71.8104,24.6559],[71.803,24.6715],[71.7915,24.6772],[71.7727,24.6757],[71.7624,24.6685],[71.7365,24.6602],[71.7079,24.6617],[71.6554,24.6391],[71.6439,24.6438],[71.6388,24.6594],[71.6296,24.6604],[71.6243,24.6697],[71.6196,24.6674],[71.6079,24.677],[71.5904,24.6673],[71.5734,24.6839],[71.5419,24.6761],[71.529,24.6851],[71.5135,24.6794],[71.5027,24.6828],[71.4786,24.6797],[71.4618,24.6663],[71.4477,24.6683],[71.4272,24.6555],[71.4226,24.6477],[71.3984,24.6406],[71.3912,24.6312],[71.3828,24.6336],[71.3774,24.6259],[71.3586,24.6309],[71.3478,24.661],[71.3137,24.648],[71.2987,24.6239],[71.2876,24.6158],[71.112,24.6757],[71.0966,24.6894],[71.0742,24.6623],[71.0493,24.6489],[71.0084,24.6355],[70.9863,24.5953],[70.9925,24.5638],[70.9874,24.5433],[71.0024,24.5305],[71.0046,24.5232],[70.9961,24.4746],[70.9985,24.4441],[71.0088,24.445],[71.0372,24.4324],[71.0667,24.4371],[71.103,24.4359],[71.1256,24.4202],[71.1217,24.4057],[71.1064,24.3965],[71.0841,24.3945],[71.0492,24.3563],[71.02,24.3478],[71.0032,24.3513],[70.9858,24.3654],[70.9558,24.3494],[70.9469,24.3485],[70.9241,24.3262],[70.8784,24.3017],[70.882,24.3001],[70.874,24.2946],[70.8752,24.2805],[70.8825,24.2732],[70.9088,24.2632],[70.9068,24.2592],[70.8768,24.2454],[70.8516,24.2442],[70.8365,24.2312],[70.806,24.2206],[70.7135,24.2154],[70.6947,24.2195],[70.6678,24.2193],[70.5861,24.2469],[70.5829,24.244],[70.5817,24.2481],[70.5711,24.2514],[70.5742,24.2639],[70.5847,24.2777],[70.5843,24.2901],[70.5792,24.2951],[70.5818,24.304],[70.5618,24.3537],[70.5803,24.363],[70.6026,24.4079],[70.5731,24.422],[70.5579,24.4196],[70.5487,24.4118],[70.4723,24.3887],[70.4116,24.3752],[70.3923,24.3605],[70.3685,24.3507],[70.3543,24.354],[70.3163,24.3497],[70.2667,24.3338],[70.2499,24.3242],[70.218,24.3216],[70.1661,24.3032],[70.1394,24.3027],[70.11,24.2948],[70.067,24.1991],[70.0387,24.1762],[70.0252,24.171],[69.7315,24.1709],[69.5942,24.2928],[69.5585,24.2807],[69.4914,24.2675],[69.4449,24.2801],[69.405,24.2707],[69.3749,24.269],[69.313,24.2813],[69.1938,24.2362],[69.0949,24.274],[69.0343,24.2394],[69.0236,24.2297],[69.0034,24.223],[68.9846,24.2276],[68.965,24.2763],[68.9455,24.3026],[68.9069,24.2798],[68.8802,24.2165],[68.8748,24.2123],[68.8647,24.2127],[68.8573,24.2143],[68.8476,24.2392],[68.8433,24.278],[68.8306,24.3119],[68.8262,24.3174],[68.8203,24.3124],[68.8082,24.3137],[68.7646,24.2959],[68.7693,24.2644],[68.7529,23.9712],[68.3971,23.97],[68.3904,23.9664],[68.3788,23.9843],[68.3584,23.98],[68.3388,23.9662],[68.3385,23.9366],[68.3319,23.924],[68.3233,23.921],[68.2889,23.9319],[68.2801,23.9306],[68.252,23.8964],[68.2188,23.8831],[68.2084,23.875],[68.1979,23.8356],[68.2024,23.7661],[68.1849,23.7377],[68.1722,23.696],[68.1573,23.6846],[68.1314,23.6795],[68.1246,23.685],[68.1062,23.6809],[68.097,23.6749],[68.0938,23.6668],[68.0992,23.6443],[68.1193,23.6159],[68.1419,23.6013],[68.1865,23.592],[68.2154,23.5913],[68.2309,23.5951],[68.2643,23.5857],[68.2711,23.5947],[68.2882,23.5879],[68.2993,23.5932],[68.3001,23.5828],[68.3101,23.5786],[68.3264,23.4961],[68.4161,23.4867],[68.4309,23.4942],[68.4416,23.5057],[68.4365,23.5387],[68.4461,23.5333],[68.4521,23.5375],[68.4478,23.5221],[68.4564,23.5114],[68.4804,23.5179],[68.4682,23.505],[68.4456,23.4971],[68.4183,23.4727],[68.4177,23.4682],[68.4231,23.4681],[68.4389,23.477],[68.443,23.4727],[68.4315,23.4643],[68.4133,23.46],[68.4097,23.442],[68.4062,23.4447],[68.4,23.4384],[68.3998,23.4201],[68.4195,23.4063],[68.4269,23.415],[68.4334,23.4155],[68.4498,23.4368],[68.4528,23.4319],[68.4438,23.416],[68.4426,23.4024],[68.4593,23.3915],[68.4586,23.3672],[68.4873,23.3624],[68.4872,23.3496],[68.4914,23.3542],[68.4906,23.3634],[68.5006,23.3694],[68.5128,23.3705],[68.5249,23.3614],[68.5497,23.3555],[68.5563,23.3569],[68.5666,23.3734],[68.5809,23.3709],[68.5705,23.3709],[68.5646,23.3639],[68.5592,23.3385],[68.564,23.335],[68.5876,23.3373],[68.608,23.3256],[68.6206,23.3284],[68.6105,23.3209],[68.5824,23.3232],[68.5816,23.3131],[68.5699,23.3166],[68.5761,23.3032],[68.5619,23.3137],[68.5441,23.3008],[68.5322,23.2805],[68.5382,23.2669],[68.536,23.2614],[68.5442,23.2573],[68.5401,23.2483],[68.5503,23.2491],[68.5594,23.2434],[68.5655,23.2458],[68.5657,23.2499],[68.5523,23.2631],[68.5695,23.2626],[68.5901,23.2545],[68.6013,23.2561],[68.6103,23.2663],[68.6124,23.288],[68.6231,23.2974],[68.6345,23.3005],[68.6181,23.2846],[68.6231,23.2593],[68.6287,23.2549],[68.6111,23.2444],[68.6059,23.2367],[68.5916,23.2423],[68.5818,23.2394],[68.5839,23.2237],[68.6197,23.1894],[68.6172,23.185],[68.6304,23.1785],[68.6323,23.1703],[68.6608,23.1484],[68.728,23.1073],[68.7595,23.0796],[68.8021,23.0643],[69.0055,22.9475],[69.0003,22.955],[69.003,22.9582],[69.0068,22.9507],[69.0102,22.9533],[69.015,22.9471],[69.0161,22.9506],[69.0211,22.9498],[69.0239,22.9447],[69.0041,22.9518],[69.0631,22.918],[69.0687,22.9266],[69.0689,22.9184],[69.0793,22.9211],[69.0788,22.9134],[69.0829,22.9104],[69.0787,22.913],[69.0774,22.9103],[69.0891,22.9066],[69.0851,22.905],[69.1079,22.8904],[69.1088,22.9002],[69.1114,22.8914],[69.1155,22.8947],[69.1215,22.8905],[69.1251,22.8934],[69.1177,22.891],[69.121,22.8852],[69.1271,22.8858],[69.1213,22.8816],[69.1305,22.8741],[69.175,22.8512],[69.166,22.86],[69.1717,22.861],[69.1748,22.8559],[69.1812,22.8576],[69.1868,22.8518],[69.1942,22.8517],[69.1919,22.8461],[69.1963,22.8453],[69.1959,22.8378],[69.2033,22.8415],[69.2013,22.8373],[69.2222,22.836],[69.2212,22.8387],[69.2277,22.8411],[69.2283,22.8487],[69.2313,22.8417],[69.2469,22.8384],[69.2321,22.8408],[69.2315,22.8349],[69.268,22.825],[69.2975,22.8308],[69.3047,22.8376],[69.3017,22.8332],[69.3216,22.8319],[69.3495,22.8199],[69.3813,22.8186],[69.4437,22.7799],[69.4343,22.7878],[69.4454,22.7796],[69.4718,22.7736],[69.4948,22.7797],[69.47,22.7763],[69.458,22.7865],[69.4509,22.7866],[69.4322,22.803],[69.4187,22.8079],[69.4183,22.8125],[69.4218,22.8089],[69.4246,22.8129],[69.4347,22.808],[69.4443,22.8107],[69.448,22.808],[69.449,22.8116],[69.4521,22.8081],[69.4574,22.8141],[69.4577,22.8084],[69.4587,22.8108],[69.4679,22.8031],[69.468,22.7982],[69.4774,22.7953],[69.4833,22.7989],[69.4829,22.8055],[69.4943,22.7967],[69.5047,22.7988],[69.5024,22.8092],[69.5309,22.7997],[69.5344,22.8084],[69.5371,22.8039],[69.5462,22.8087],[69.5569,22.8071],[69.5573,22.8105],[69.5673,22.8119],[69.5694,22.8157],[69.5711,22.8094],[69.576,22.8102],[69.5757,22.8175],[69.5841,22.8122],[69.5878,22.8153],[69.5886,22.8115],[69.5917,22.8142],[69.5989,22.8118],[69.6005,22.8051],[69.606,22.8028],[69.6183,22.8121],[69.6253,22.8083],[69.6343,22.8116],[69.6369,22.805],[69.6473,22.8087],[69.6475,22.796],[69.6825,22.7998],[69.6896,22.8066],[69.6916,22.8036],[69.7046,22.8043],[69.708,22.8057],[69.7057,22.809],[69.7122,22.8106],[69.7129,22.8057],[69.72,22.8087],[69.7249,22.8152],[69.732,22.8163],[69.7303,22.8208],[69.7358,22.8166],[69.7687,22.8262],[69.8007,22.8509],[69.8124,22.8498],[69.8563,22.8685],[69.8795,22.8712],[69.8777,22.874],[69.8878,22.8709],[69.8872,22.8754],[69.8907,22.8754],[69.8988,22.8711],[69.9103,22.8784],[69.912,22.8863],[69.9182,22.8858],[69.9194,22.8899],[69.9307,22.8941],[69.9271,22.8959],[69.9587,22.8985],[69.9623,22.8934],[69.9591,22.8991],[69.9996,22.9065],[69.9931,22.9114],[70.0073,22.9052],[70.0046,22.9082],[70.0091,22.9061],[70.008,22.9129],[70.0107,22.9073],[70.0143,22.9134],[70.0179,22.9103],[70.027,22.9157],[70.0532,22.9208],[70.0652,22.919],[70.0723,22.9213],[70.0708,22.9245],[70.076,22.9238],[70.0746,22.9196],[70.0803,22.9198],[70.0796,22.9267],[70.085,22.9326],[70.074,22.934],[70.0692,22.9279],[70.0717,22.9351],[70.0646,22.9307],[70.0614,22.9325],[70.0697,22.9359],[70.0625,22.9386],[70.0729,22.9432],[70.0673,22.9417],[70.064,22.9461],[70.0556,22.9378],[70.0571,22.9423],[70.0513,22.9409],[70.0592,22.9489],[70.0518,22.9441],[70.0561,22.9483],[70.041,22.9475],[70.0358,22.9529],[70.0534,22.9506],[70.063,22.955],[70.0624,22.9664],[70.0684,22.9576],[70.0905,22.9702],[70.0835,22.9777],[70.0935,22.9715],[70.1078,22.9778],[70.1188,22.9918],[70.1184,22.9968],[70.1221,22.9964],[70.133,23.0109],[70.1391,23.0263],[70.1502,23.0311],[70.1482,23.0347],[70.1591,23.0347],[70.1493,23.0368],[70.1648,23.0537],[70.1682,23.0631],[70.165,23.0672],[70.1722,23.0588],[70.169,23.065],[70.1756,23.07],[70.1831,23.0665],[70.1886,23.0737],[70.1807,23.0767],[70.1905,23.0857],[70.1849,23.0861],[70.1953,23.0951],[70.1984,23.1043],[70.209,23.1083],[70.2075,23.1153],[70.2158,23.1292],[70.2281,23.1277],[70.2246,23.1397],[70.2158,23.1418],[70.2199,23.146],[70.2376,23.1379],[70.2442,23.1489],[70.2453,23.1635],[70.2338,23.1625],[70.2337,23.1558],[70.2279,23.1601],[70.2326,23.1646],[70.2427,23.1645],[70.2382,23.1687],[70.2424,23.174],[70.2404,23.1682],[70.2581,23.1688],[70.2649,23.1617],[70.3089,23.1813],[70.3087,23.1923],[70.3012,23.1937],[70.3027,23.1995],[70.2967,23.2004],[70.2999,23.2041],[70.2941,23.2075],[70.3014,23.2047],[70.2979,23.21],[70.3022,23.2083],[70.3123,23.2154],[70.3172,23.2116],[70.3371,23.2146],[70.3357,23.2118],[70.3398,23.2105],[70.3715,23.2191],[70.3817,23.2185],[70.3851,23.2144],[70.3874,23.2179],[70.3892,23.2139],[70.4074,23.2177],[70.4175,23.2104],[70.4235,23.212],[70.4246,23.2165],[70.4259,23.2119],[70.4312,23.2154],[70.4234,23.2067],[70.4601,23.2001],[70.4613,23.1965],[70.4635,23.1991],[70.4761,23.1934],[70.4755,23.1965],[70.476,23.1902],[70.4861,23.191],[70.5052,23.1766],[70.5825,23.1776],[70.6359,23.1854],[70.6467,23.2138],[70.6667,23.2289],[70.6972,23.2114],[70.7015,23.2155],[70.7117,23.2143],[70.7179,23.1892],[70.7036,23.1727],[70.7126,23.1548],[70.6843,23.1405],[70.6888,23.1173],[70.6382,23.0815],[70.629,23.0628],[70.5965,23.061],[70.5934,23.0553],[70.6018,23.0346],[70.5872,23.0309],[70.5719,23.0375],[70.5614,23.0294],[70.5469,22.9972],[70.5414,22.9599],[70.5376,22.9651],[70.5228,22.965],[70.5121,22.9605],[70.4904,22.9672],[70.4789,22.9752],[70.4623,22.9664],[70.4324,22.9674],[70.48,22.9375],[70.5193,22.9349],[70.4967,22.9341],[70.4998,22.933],[70.4991,22.9226],[70.4967,22.9332],[70.4882,22.9343],[70.4983,22.9141],[70.4875,22.9342],[70.483,22.9354],[70.4903,22.9269],[70.4833,22.9322],[70.4836,22.9139],[70.4936,22.9035],[70.4999,22.9037],[70.494,22.8965],[70.4971,22.9007],[70.4848,22.9129],[70.4798,22.9077],[70.4804,22.8975],[70.4863,22.9012],[70.4862,22.8958],[70.4902,22.8953],[70.4907,22.8803],[70.4897,22.8953],[70.4859,22.8953],[70.4855,22.9009],[70.4805,22.8968],[70.4794,22.908],[70.4772,22.9059],[70.4728,22.8833],[70.4831,22.8788],[70.4724,22.8824],[70.4692,22.8687],[70.477,22.8631],[70.4688,22.8677],[70.4649,22.8567],[70.4689,22.8514],[70.4621,22.8402],[70.4682,22.8512],[70.4648,22.8607],[70.4528,22.8444],[70.4562,22.8358],[70.4538,22.8416],[70.4516,22.8346],[70.4533,22.8418],[70.4494,22.8435],[70.4288,22.8303],[70.4302,22.8251],[70.4282,22.8303],[70.4238,22.8291],[70.4212,22.8187],[70.4231,22.8287],[70.4148,22.8275],[70.4089,22.8226],[70.4071,22.8129],[70.4049,22.8153],[70.394,22.8082],[70.3886,22.8027],[70.3917,22.7999],[70.3829,22.795],[70.393,22.8087],[70.4038,22.8153],[70.3973,22.8133],[70.3772,22.8179],[70.3975,22.8139],[70.404,22.816],[70.407,22.821],[70.3966,22.8218],[70.4071,22.8216],[70.4103,22.8249],[70.4024,22.8279],[70.4098,22.8297],[70.3964,22.8335],[70.4093,22.83],[70.414,22.834],[70.3914,22.8395],[70.4147,22.8342],[70.4272,22.842],[70.4176,22.8401],[70.4074,22.8428],[70.4198,22.8409],[70.4114,22.8464],[70.3971,22.8457],[70.414,22.8461],[70.4094,22.8526],[70.4048,22.852],[70.4156,22.8564],[70.408,22.8625],[70.4045,22.8593],[70.4124,22.872],[70.3883,22.8497],[70.4021,22.8645],[70.395,22.8616],[70.4073,22.8674],[70.4161,22.8777],[70.4266,22.9044],[70.4202,22.9182],[70.4173,22.9015],[70.407,22.8827],[70.4035,22.88],[70.4079,22.8868],[70.3951,22.8747],[70.383,22.8715],[70.3947,22.8751],[70.4088,22.8891],[70.3919,22.8831],[70.412,22.8924],[70.4193,22.9185],[70.4113,22.9269],[70.4151,22.9134],[70.4064,22.8931],[70.4001,22.8891],[70.4061,22.8935],[70.4146,22.9131],[70.4108,22.9265],[70.4084,22.9091],[70.3918,22.8921],[70.4076,22.909],[70.4092,22.9259],[70.3975,22.9185],[70.3987,22.9039],[70.3972,22.9182],[70.3761,22.9084],[70.3278,22.8425],[70.3013,22.7983],[70.2925,22.766],[70.2659,22.7575],[70.266,22.7498],[70.2634,22.7545],[70.2488,22.747],[70.2357,22.7283],[70.2189,22.718],[70.2175,22.7124],[70.225,22.7099],[70.2189,22.7028],[70.2163,22.6898],[70.2224,22.6858],[70.2125,22.6779],[70.2231,22.6731],[70.2181,22.6653],[70.2235,22.6609],[70.2191,22.6637],[70.2199,22.659],[70.2182,22.6633],[70.2172,22.6583],[70.2094,22.6586],[70.21,22.6542],[70.1938,22.6431],[70.1932,22.639],[70.2083,22.6391],[70.1916,22.6268],[70.195,22.6207],[70.186,22.6176],[70.1903,22.6103],[70.1814,22.6096],[70.1766,22.6044],[70.1813,22.5943],[70.1747,22.5934],[70.1713,22.599],[70.1678,22.5938],[70.1573,22.5943],[70.1542,22.5846],[70.1639,22.5834],[70.1542,22.5812],[70.1557,22.5728],[70.1516,22.5703],[70.1418,22.5771],[70.1343,22.5742],[70.1253,22.5528],[70.0819,22.5533],[70.0703,22.559],[70.0571,22.5565],[70.0394,22.5664],[70.0191,22.5463],[70.0109,22.5482],[70.0001,22.5423],[70.0023,22.5472],[69.9755,22.5427],[69.9864,22.541],[69.9858,22.5335],[69.9821,22.5347],[69.9787,22.5252],[69.9875,22.53],[69.99,22.5265],[69.9838,22.525],[69.9916,22.5239],[69.9906,22.5199],[69.9824,22.5237],[69.987,22.5169],[69.9828,22.5167],[69.9824,22.5131],[69.9799,22.5165],[69.9837,22.5198],[69.9771,22.527],[69.9846,22.5413],[69.972,22.5399],[69.975,22.5316],[69.9701,22.5391],[69.9691,22.5354],[69.9681,22.5385],[69.9635,22.5365],[69.9656,22.5339],[69.9605,22.5349],[69.9588,22.5323],[69.9642,22.53],[69.9554,22.5298],[69.9626,22.5263],[69.9544,22.5295],[69.9529,22.5256],[69.9593,22.5228],[69.9524,22.5248],[69.9532,22.5294],[69.9467,22.5281],[69.9481,22.5202],[69.9568,22.5171],[69.9509,22.5167],[69.9538,22.5092],[69.9714,22.521],[69.9732,22.5146],[69.9695,22.5194],[69.9601,22.5095],[69.9704,22.5111],[69.9783,22.5057],[69.9764,22.5033],[69.9672,22.5098],[69.956,22.5067],[69.9694,22.5039],[69.9711,22.4999],[69.9642,22.5041],[69.9644,22.4998],[69.9597,22.5034],[69.9612,22.4998],[69.9575,22.5045],[69.9563,22.4998],[69.9488,22.5074],[69.9495,22.5037],[69.9439,22.4998],[69.949,22.5042],[69.9425,22.5122],[69.9362,22.5089],[69.9389,22.5001],[69.9365,22.5082],[69.9348,22.5008],[69.9323,22.5146],[69.9055,22.4981],[69.9332,22.4868],[69.9062,22.4959],[69.8896,22.4951],[69.9124,22.4674],[69.9264,22.4643],[69.9206,22.4608],[69.9133,22.4642],[69.9192,22.4563],[69.913,22.4559],[69.9136,22.4515],[69.8972,22.4791],[69.8833,22.4764],[69.8874,22.4706],[69.8997,22.469],[69.9107,22.4527],[69.8992,22.4682],[69.8869,22.4701],[69.8823,22.4763],[69.8712,22.471],[69.8644,22.4636],[69.8707,22.4277],[69.864,22.4633],[69.8448,22.472],[69.8242,22.4729],[69.8035,22.463],[69.8057,22.4481],[69.8105,22.4459],[69.808,22.4441],[69.8148,22.4338],[69.8209,22.4323],[69.81,22.4312],[69.8056,22.4235],[69.7971,22.4262],[69.794,22.4235],[69.7921,22.4308],[69.7859,22.4195],[69.7794,22.4162],[69.7868,22.4225],[69.7886,22.4344],[69.7742,22.4336],[69.7793,22.4412],[69.7655,22.4466],[69.7721,22.446],[69.7712,22.4503],[69.7814,22.4448],[69.7851,22.4586],[69.7803,22.4684],[69.7646,22.4753],[69.7511,22.4596],[69.7538,22.4165],[69.7501,22.429],[69.7397,22.432],[69.7477,22.433],[69.7431,22.4417],[69.7329,22.4427],[69.7417,22.4462],[69.7348,22.449],[69.742,22.4485],[69.7437,22.4588],[69.7345,22.47],[69.7331,22.4822],[69.7367,22.4843],[69.7307,22.4844],[69.7129,22.4745],[69.6962,22.4523],[69.6947,22.4425],[69.7055,22.4335],[69.6957,22.4127],[69.7007,22.4113],[69.7022,22.3985],[69.6943,22.3948],[69.6779,22.3971],[69.6735,22.3941],[69.6698,22.397],[69.6669,22.3929],[69.6611,22.3961],[69.6636,22.3881],[69.656,22.3754],[69.6554,22.3594],[69.6355,22.358],[69.6232,22.3647],[69.6212,22.3716],[69.6213,22.3674],[69.6169,22.3683],[69.6153,22.3645],[69.619,22.3577],[69.6174,22.3452],[69.6137,22.3448],[69.6095,22.3524],[69.6073,22.3467],[69.5977,22.346],[69.5915,22.3595],[69.583,22.361],[69.5796,22.3672],[69.5744,22.3673],[69.5671,22.3564],[69.5614,22.3557],[69.5603,22.367],[69.5405,22.377],[69.5348,22.3707],[69.5159,22.3729],[69.4995,22.3661],[69.4903,22.3525],[69.4907,22.3368],[69.4652,22.3284],[69.4559,22.3322],[69.4435,22.3304],[69.4362,22.3218],[69.423,22.316],[69.3923,22.316],[69.3792,22.321],[69.3638,22.317],[69.3518,22.3267],[69.3328,22.3276],[69.3325,22.3219],[69.336,22.3225],[69.3401,22.3125],[69.3315,22.3011],[69.3243,22.3027],[69.322,22.2918],[69.3123,22.2868],[69.2983,22.2877],[69.2955,22.2839],[69.293,22.2867],[69.2957,22.2809],[69.2922,22.2752],[69.2796,22.2697],[69.2546,22.2673],[69.2446,22.256],[69.2406,22.2582],[69.2335,22.2498],[69.2376,22.2225],[69.2219,22.2163],[69.2223,22.2118],[69.2129,22.2102],[69.2116,22.2193],[69.1953,22.2251],[69.1904,22.2435],[69.1847,22.24],[69.1901,22.2347],[69.1792,22.2279],[69.1786,22.2126],[69.1686,22.2146],[69.1672,22.2038],[69.1565,22.1951],[69.1365,22.1954],[69.1347,22.202],[69.1395,22.2108],[69.1339,22.2225],[69.1484,22.2362],[69.154,22.2485],[69.1485,22.2574],[69.156,22.2626],[69.1546,22.2693],[69.1608,22.2841],[69.1569,22.3158],[69.1693,22.3333],[69.1695,22.3424],[69.1642,22.3433],[69.1634,22.3484],[69.1755,22.3477],[69.1735,22.3517],[69.1775,22.356],[69.1691,22.354],[69.1754,22.3676],[69.181,22.3705],[69.1695,22.3685],[69.168,22.3733],[69.1814,22.3791],[69.1898,22.3885],[69.1929,22.3865],[69.1999,22.3905],[69.1971,22.3944],[69.2009,22.4012],[69.1877,22.4024],[69.1919,22.4099],[69.1967,22.4035],[69.1911,22.4138],[69.1898,22.4103],[69.1875,22.4131],[69.1948,22.4217],[69.1755,22.4227],[69.1732,22.4207],[69.1825,22.4193],[69.1636,22.4041],[69.1566,22.4058],[69.1606,22.412],[69.1512,22.4045],[69.1506,22.399],[69.1443,22.3979],[69.1455,22.4011],[69.1417,22.3979],[69.1384,22.4013],[69.1302,22.3947],[69.1274,22.3784],[69.1212,22.3754],[69.1283,22.3864],[69.128,22.3949],[69.1106,22.4098],[69.0996,22.408],[69.0984,22.4037],[69.1034,22.3987],[69.0975,22.3933],[69.0861,22.3932],[69.0819,22.388],[69.0701,22.3851],[69.065,22.3891],[69.0609,22.3831],[69.062,22.3874],[69.0576,22.3871],[69.0628,22.3907],[69.056,22.3929],[69.0534,22.3884],[69.0539,22.3967],[69.0491,22.3977],[69.0436,22.3904],[69.0397,22.3937],[69.0401,22.3884],[69.0384,22.3921],[69.0357,22.39],[69.0342,22.3943],[69.0394,22.3995],[69.0402,22.412],[69.0469,22.423],[69.0395,22.4455],[69.0517,22.4456],[69.0458,22.4432],[69.0498,22.4376],[69.066,22.4528],[69.0742,22.4539],[69.0765,22.4653],[69.0837,22.4744],[69.0788,22.4795],[69.0693,22.4782],[69.0682,22.4812],[69.0552,22.4662],[69.0073,22.4402],[68.984,22.4119],[68.9574,22.3652],[68.9587,22.3549],[68.9713,22.3538],[68.967,22.348],[68.9718,22.3456],[68.9675,22.345],[68.9591,22.3535],[68.9547,22.3345],[68.943,22.3328],[68.9367,22.3053],[68.9591,22.2571],[68.9529,22.2498],[68.9583,22.2379],[68.9652,22.2344],[68.9722,22.238],[68.9751,22.2313],[68.9825,22.2275],[68.9869,22.2353],[68.9916,22.2349],[68.9916,22.2259],[68.9882,22.2283],[68.9854,22.2253],[68.9916,22.2168],[69.0027,22.2254],[69.0006,22.2208],[69.0048,22.2205],[69.0048,22.2167],[68.9988,22.2094],[68.967,22.2343],[68.9711,22.2366],[68.9659,22.2341],[69.0548,22.1293],[69.0902,22.0968],[69.1097,22.0708],[69.2172,21.9576],[69.2768,21.9046],[69.282,21.8955],[69.2913,21.8893],[69.2964,21.892],[69.2937,21.8865],[69.316,21.8682],[69.3196,21.8717],[69.3175,21.8672],[69.3237,21.861],[69.352,21.839],[69.3718,21.8299],[69.3999,21.7967],[69.433,21.7665],[69.4775,21.7343],[69.5663,21.6513],[69.5855,21.6371],[69.6027,21.637],[69.6745,21.5628],[69.7059,21.5369],[69.7041,21.5413],[69.7221,21.5393],[69.7123,21.5324],[69.708,21.5346],[70.0018,21.2046],[70.0925,21.1132],[70.2573,20.9736],[70.3206,20.9277],[70.3474,20.9148],[70.3643,20.9015],[70.3702,20.8988],[70.3756,20.9029],[70.3927,20.8943],[70.4256,20.8631],[70.4475,20.8483],[70.4694,20.8386],[70.4734,20.8435],[70.4719,20.8414],[70.4869,20.8351],[70.4893,20.8293],[70.5421,20.8017],[70.5454,20.8051],[70.5425,20.8065],[70.5498,20.8077],[70.5418,20.8135],[70.5457,20.8165],[70.549,20.8167],[70.5467,20.8112],[70.5524,20.8078],[70.559,20.8086],[70.5619,20.815],[70.5676,20.8094],[70.575,20.8161],[70.5861,20.8134],[70.5888,20.8035],[70.5859,20.7962],[70.5608,20.8068],[70.5476,20.805],[70.5859,20.7825],[70.6098,20.7773],[70.6139,20.7714],[70.6343,20.7683],[70.6336,20.7732],[70.6433,20.7795],[70.6497,20.7801],[70.6464,20.7747],[70.655,20.776],[70.658,20.7847],[70.6546,20.7686],[70.6483,20.7626],[70.6758,20.757],[70.7039,20.7385],[70.743,20.7199],[70.7621,20.7215],[70.7839,20.7133],[70.8216,20.6922],[70.8393,20.6904],[70.8345,20.697],[70.809,20.7014],[70.8124,20.7042],[70.8055,20.709],[70.8101,20.7103],[70.8131,20.7185],[70.8162,20.7181],[70.815,20.714],[70.8305,20.7099],[70.8329,20.6978],[70.8456,20.7072],[70.8736,20.7042],[70.8722,20.7182],[70.8781,20.7284],[70.9203,20.7428],[70.9386,20.7323],[70.9605,20.7366],[70.9644,20.7295],[70.9811,20.7225],[70.9846,20.7321],[70.9994,20.7419],[71.0075,20.7374],[71.0286,20.7378],[71.05,20.7309],[71.06,20.7363],[71.0637,20.7339],[71.0798,20.7379],[71.0784,20.7501],[71.0918,20.7572],[71.1227,20.7544],[71.1489,20.7581],[71.1486,20.7713],[71.1581,20.7798],[71.2028,20.789],[71.2079,20.7924],[71.2041,20.7942],[71.2092,20.8007],[71.232,20.804],[71.2394,20.8116],[71.2924,20.8311],[71.3207,20.8469],[71.3844,20.8574],[71.3737,20.8683],[71.3813,20.8752],[71.3937,20.8752],[71.3977,20.8658],[71.4373,20.8691],[71.4495,20.882],[71.4623,20.8814],[71.4769,20.8898],[71.4819,20.901],[71.4798,20.907],[71.4987,20.9214],[71.4968,20.9246],[71.5114,20.9446],[71.5423,20.9578],[71.5569,20.9699],[71.5598,20.9679],[71.5522,20.9591],[71.5296,20.9428],[71.5505,20.9509],[71.5655,20.9493],[71.5684,20.9533],[71.5796,20.9539],[71.5791,20.9572],[71.5937,20.9613],[71.5966,20.9665],[71.6014,20.9636],[71.6116,20.9672],[71.6107,20.9756],[71.615,20.9747],[71.6172,20.968],[71.6294,20.9693],[71.6345,20.9739],[71.6291,20.9838],[71.6469,20.9953],[71.6621,20.9989],[71.6774,20.9962],[71.6848,21.0061],[71.7123,21.0194],[71.7236,21.0217],[71.7304,21.0188],[71.7359,21.0223],[71.7393,21.0177],[71.7528,21.0228],[71.7622,21.0216],[71.7644,21.0267],[71.7823,21.0317],[71.7734,21.0373],[71.7444,21.0319],[71.7535,21.0424],[71.7465,21.046],[71.7577,21.0449],[71.7563,21.0506],[71.7521,21.0514],[71.7522,21.0595],[71.7595,21.0591],[71.7583,21.0554],[71.7608,21.0586],[71.7656,21.0507],[71.7721,21.0555],[71.776,21.0384],[71.7864,21.0436],[71.7916,21.041],[71.7909,21.0365],[71.8047,21.0396],[71.8029,21.0485],[71.793,21.0476],[71.7861,21.055],[71.7962,21.0482],[71.7993,21.0576],[71.8119,21.0679],[71.8372,21.0746],[71.8219,21.0805],[71.819,21.0895],[71.8254,21.0868],[71.8233,21.0968],[71.8367,21.0959],[71.8423,21.0891],[71.8474,21.0931],[71.8429,21.0961],[71.8565,21.0969],[71.8512,21.0886],[71.8492,21.0931],[71.849,21.088],[71.8426,21.0869],[71.8392,21.0797],[71.849,21.0773],[71.8609,21.0881],[71.8789,21.09],[71.8936,21.1073],[71.8917,21.1115],[71.8965,21.1116],[71.8946,21.1089],[71.9253,21.1121],[71.9306,21.1185],[71.9288,21.1156],[71.9399,21.1147],[71.9409,21.1213],[71.9744,21.1228],[71.9713,21.1289],[71.9908,21.1423],[71.9834,21.1461],[71.9837,21.1505],[71.9786,21.1501],[71.9786,21.1569],[71.9815,21.1535],[71.9934,21.159],[71.9963,21.1721],[71.9998,21.1687],[72.0003,21.1757],[72.0095,21.1861],[72.0116,21.1822],[72.0154,21.1856],[72.0178,21.179],[72.0209,21.183],[72.0272,21.1819],[72.0264,21.1789],[72.0208,21.1769],[72.0141,21.1643],[72.0069,21.1616],[72.0083,21.1556],[72.0006,21.1515],[71.9958,21.1407],[71.9889,21.1398],[72.0038,21.14],[72.0097,21.1346],[72.0081,21.1459],[72.0172,21.1536],[72.045,21.1635],[72.0877,21.1918],[72.1124,21.1987],[72.1095,21.2099],[72.0905,21.2277],[72.0827,21.245],[72.0976,21.2634],[72.0985,21.2793],[72.1037,21.2806],[72.1115,21.2928],[72.1079,21.3024],[72.1325,21.339],[72.1677,21.3761],[72.1717,21.3873],[72.2107,21.4209],[72.2354,21.4559],[72.2531,21.498],[72.2573,21.4966],[72.269,21.5227],[72.2775,21.5683],[72.2788,21.5628],[72.2819,21.5749],[72.3047,21.6097],[72.3086,21.6251],[72.3094,21.639],[72.2983,21.6595],[72.3062,21.6642],[72.3048,21.667],[72.3017,21.6638],[72.2977,21.6671],[72.2963,21.6627],[72.2911,21.6791],[72.2801,21.6948],[72.2552,21.6935],[72.2538,21.6864],[72.2353,21.6967],[72.2257,21.6946],[72.2316,21.7069],[72.22,21.7296],[72.2188,21.7363],[72.2233,21.7379],[72.1942,21.75],[72.1966,21.7541],[72.1925,21.7557],[72.1772,21.8036],[72.1623,21.8073],[72.1919,21.8267],[72.2029,21.8189],[72.2049,21.8237],[72.2104,21.8188],[72.2201,21.8195],[72.2355,21.8119],[72.2415,21.8237],[72.2425,21.8297],[72.2042,21.891],[72.2068,21.9514],[72.212,21.9623],[72.2418,21.9757],[72.248,22.0077],[72.2404,22.0207],[72.2373,22.0391],[72.2247,22.0575],[72.2302,22.0578],[72.2295,22.0665],[72.2365,22.0638],[72.2502,22.0679],[72.2627,22.0658],[72.2695,22.0596],[72.3078,22.1456],[72.3235,22.1436],[72.3386,22.1767],[72.3342,22.1904],[72.3361,22.2029],[72.358,22.2476],[72.3621,22.2943],[72.3733,22.3158],[72.3939,22.3062],[72.4186,22.3018],[72.4212,22.2802],[72.4057,22.2673],[72.4034,22.2572],[72.4081,22.2296],[72.4273,22.2095],[72.4609,22.2565],[72.4803,22.2667],[72.4812,22.2724],[72.5003,22.2777],[72.5167,22.3056],[72.5158,22.3211],[72.5372,22.3021],[72.5566,22.2953],[72.5803,22.3011],[72.6488,22.2848],[72.6591,22.2789],[72.6748,22.2769],[72.682,22.2813],[72.687,22.2718],[72.6977,22.2751],[72.7018,22.2807],[72.7158,22.274],[72.7372,22.2753],[72.7508,22.2546],[72.7518,22.2369],[72.7558,22.2317],[72.8422,22.2821],[72.872,22.2849],[72.8925,22.2672],[72.9107,22.267],[72.9125,22.2733],[72.9068,22.2887],[72.9092,22.298],[72.9316,22.3115],[72.9454,22.3043],[72.949,22.2927],[72.943,22.2882],[72.9357,22.2912],[72.9318,22.2887],[72.9133,22.2404],[72.9018,22.2332],[72.8888,22.2307],[72.8745,22.2205],[72.8564,22.2236],[72.8443,22.2344],[72.8091,22.2236],[72.7774,22.1983],[72.7582,22.1742],[72.7444,22.1739],[72.7169,22.184],[72.7024,22.184],[72.6482,22.2156],[72.621,22.2168],[72.6052,22.213],[72.5804,22.1974],[72.5609,22.1728],[72.5437,22.1291],[72.5443,22.1068],[72.5372,22.0972],[72.5228,22.0413],[72.5168,21.9995],[72.5218,21.9924],[72.5079,21.9342],[72.5151,21.8853],[72.5218,21.8803],[72.5582,21.8789],[72.583,21.8904],[72.5825,21.9184],[72.6136,21.9449],[72.6378,21.9606],[72.656,21.9617],[72.667,21.9555],[72.6428,21.9417],[72.6318,21.9164],[72.6185,21.8254],[72.6222,21.8095],[72.5955,21.804],[72.5997,21.7922],[72.6101,21.789],[72.602,21.7897],[72.6014,21.7803],[72.5948,21.7763],[72.5782,21.7745],[72.585,21.7726],[72.5794,21.7642],[72.587,21.7636],[72.5863,21.7566],[72.5971,21.7496],[72.5794,21.7401],[72.5429,21.7336],[72.5322,21.7095],[72.5278,21.6782],[72.5527,21.6616],[72.5928,21.6761],[72.6238,21.682],[72.659,21.68],[72.6663,21.6864],[72.6929,21.6784],[72.7004,21.6831],[72.7276,21.686],[72.7532,21.6789],[72.7664,21.6684],[72.8073,21.6578],[72.8072,21.651],[72.7864,21.6426],[72.7544,21.646],[72.731,21.6373],[72.7,21.6455],[72.6749,21.6273],[72.6589,21.6266],[72.6508,21.6172],[72.6351,21.6182],[72.6255,21.5932],[72.6205,21.5941],[72.6122,21.5852],[72.6114,21.5771],[72.6168,21.5668],[72.614,21.5585],[72.6354,21.5353],[72.652,21.5382],[72.6588,21.549],[72.6645,21.5395],[72.6846,21.5442],[72.6868,21.5388],[72.6975,21.5335],[72.7366,21.5388],[72.7332,21.5346],[72.7058,21.5269],[72.6528,21.4599],[72.651,21.4534],[72.6605,21.4498],[72.6805,21.4522],[72.6939,21.4671],[72.6985,21.4647],[72.6933,21.4616],[72.6855,21.4403],[72.6726,21.4263],[72.6523,21.384],[72.6493,21.3728],[72.6541,21.3461],[72.6275,21.3412],[72.6214,21.3243],[72.6006,21.3232],[72.5976,21.3054],[72.6004,21.2898],[72.6105,21.2807],[72.6094,21.2688],[72.6199,21.2536],[72.6223,21.2425],[72.6453,21.2251],[72.6574,21.2245],[72.6522,21.2146],[72.6381,21.211],[72.6287,21.144],[72.6188,21.1141],[72.6239,21.0908],[72.6315,21.082],[72.6482,21.0752],[72.6555,21.0775],[72.665,21.0996],[72.7021,21.0956],[72.6923,21.0783],[72.6963,21.0625],[72.7281,21.0668],[72.7456,21.0606],[72.7545,21.0524],[72.7256,21.0532],[72.7214,21.0484],[72.7279,21.007],[72.7571,20.9323],[72.7651,20.9207],[72.7856,20.916],[72.8288,20.8101],[72.8396,20.8037],[72.836,20.787],[72.8426,20.7773],[72.8542,20.7148],[72.8903,20.6161],[72.8998,20.5823],[72.898,20.5744],[72.9037,20.5759],[72.8976,20.5731],[72.8872,20.5458],[72.8874,20.5327],[72.883,20.5312],[72.8845,20.5023],[72.8784,20.4951],[72.8685,20.4916],[72.8556,20.4675],[72.8881,20.4606],[72.888,20.4505],[72.8954,20.4442],[72.8878,20.4382],[72.8749,20.4455],[72.8573,20.4188],[72.8718,20.4138],[72.8933,20.4216],[72.9041,20.4149],[72.9027,20.4057],[72.8828,20.3978],[72.887,20.3854],[72.8967,20.3798],[72.8907,20.3726],[72.877,20.3697],[72.8643,20.3751],[72.8562,20.3719],[72.8443,20.3748],[72.8277,20.3665],[72.8212,20.3677],[72.81,20.3536],[72.793,20.3533],[72.7763,20.334],[72.7729,20.3032],[72.7625,20.3014],[72.7551,20.2916],[72.7528,20.2613],[72.74,20.2431],[72.7458,20.2095],[72.7497,20.2058],[72.7415,20.1845],[72.7375,20.1348],[72.7629,20.1299],[72.7752,20.1319],[72.7941,20.1227],[72.785,20.1453],[72.789,20.1491],[72.8007,20.1499],[72.8059,20.1543],[72.8154,20.1444],[72.8244,20.1421],[72.8224,20.1547],[72.8163,20.1564],[72.8197,20.1655],[72.8168,20.1727],[72.8201,20.1752],[72.816,20.1842],[72.8253,20.1888],[72.8369,20.1882],[72.8309,20.1965],[72.839,20.2089],[72.8612,20.2074],[72.8587,20.2245],[72.8705,20.2281],[72.8896,20.22],[72.8994,20.2276],[72.9637,20.2095],[72.9656,20.2248],[72.954,20.2369],[72.9309,20.2427],[72.9119,20.269],[72.917,20.2813],[72.9268,20.2859],[72.9315,20.295],[72.9369,20.2947],[72.9549,20.2843],[72.9628,20.2712],[72.9733,20.2703],[72.9819,20.2765],[72.9813,20.2898],[73.0101,20.2911],[73.0077,20.3124],[73.0172,20.3089],[73.0162,20.2936],[73.0347,20.2914],[73.0426,20.325],[73.0673,20.3294],[73.0776,20.3229],[73.0908,20.3448],[73.09,20.3584],[73.0968,20.3603],[73.1118,20.3369],[73.1014,20.3028],[73.1248,20.3039],[73.1294,20.3174],[73.1514,20.3172],[73.1589,20.3085],[73.1662,20.3094],[73.1671,20.2885],[73.1657,20.2829],[73.1582,20.2802],[73.1517,20.2905],[73.1456,20.2865],[73.1425,20.2738],[73.1316,20.2737],[73.1269,20.2594],[73.1139,20.2559],[73.0981,20.2393],[73.0979,20.2275],[73.0876,20.2251],[73.0706,20.2319],[73.0637,20.2276],[73.0491,20.2008],[73.0598,20.1939],[73.0631,20.1775],[73.0605,20.1618],[73.0738,20.1555],[73.0795,20.1732],[73.0873,20.1702],[73.0905,20.1603],[73.0997,20.1561],[73.1084,20.1578],[73.1153,20.1518],[73.1194,20.1681],[73.1287,20.1734],[73.1363,20.17],[73.1421,20.1773],[73.1335,20.1885],[73.1332,20.2057],[73.1378,20.2075],[73.1478,20.2007],[73.1525,20.2038],[73.1574,20.1983],[73.1685,20.2082],[73.1717,20.1984],[73.1791,20.1977],[73.1782,20.1926],[73.192,20.1974],[73.218,20.1858],[73.2147,20.1697],[73.2062,20.1625],[73.1899,20.1642],[73.1856,20.1558],[73.1872,20.1294],[73.1977,20.1262],[73.2033,20.1195],[73.2107,20.1205],[73.2179,20.1364],[73.2249,20.14],[73.2249,20.1236],[73.2432,20.1279],[73.2501,20.1231],[73.2547,20.127],[73.254,20.1378],[73.2649,20.1399],[73.2782,20.1487],[73.2832,20.1981],[73.2893,20.1985],[73.2995,20.2095],[73.3137,20.2024],[73.3244,20.2063],[73.3434,20.1995],[73.3466,20.2096],[73.3569,20.2129],[73.3614,20.2072],[73.3532,20.2014],[73.3654,20.1955],[73.3664,20.2039],[73.3744,20.2044],[73.3786,20.2111],[73.384,20.2115],[73.3895,20.1927],[73.3946,20.1988],[73.4064,20.1955],[73.4166,20.1982],[73.4215,20.2065],[73.4159,20.2129],[73.4183,20.2219],[73.4137,20.2248],[73.4148,20.2358],[73.4108,20.2385],[73.4177,20.2428],[73.4128,20.2444],[73.4149,20.2514],[73.4114,20.2531],[73.4162,20.2586],[73.4122,20.2654],[73.4159,20.2678],[73.4143,20.274],[73.4233,20.2747],[73.4278,20.28],[73.4139,20.3256],[73.4185,20.3304],[73.4093,20.3491],[73.4137,20.3521],[73.4127,20.3608],[73.4043,20.3858],[73.3829,20.3723],[73.3798,20.3934],[73.3879,20.3983],[73.396,20.3962],[73.3988,20.405],[73.406,20.4029],[73.4049,20.4099],[73.4124,20.4106],[73.4141,20.4161],[73.4196,20.413],[73.4186,20.4178],[73.4232,20.4221],[73.4212,20.4299],[73.4311,20.4543],[73.4355,20.4557],[73.4449,20.4747],[73.4563,20.4782],[73.4592,20.4918],[73.4677,20.4964],[73.4697,20.5198],[73.4939,20.5382],[73.4753,20.5435],[73.4791,20.5605],[73.4733,20.5846],[73.4492,20.5942],[73.431,20.5941],[73.4202,20.6272],[73.4073,20.6239],[73.4098,20.6303],[73.4069,20.6354],[73.3942,20.6407],[73.392,20.646],[73.3958,20.6526],[73.406,20.6549],[73.4131,20.6616],[73.4293,20.6634],[73.4337,20.668],[73.4322,20.6773],[73.4442,20.6812],[73.4484,20.6922],[73.4409,20.6997],[73.4496,20.7176],[73.4592,20.7168],[73.4668,20.722],[73.4747,20.7203],[73.4841,20.6915],[73.4903,20.6863],[73.4863,20.6751],[73.4822,20.6797],[73.4786,20.6766],[73.4891,20.6637],[73.4893,20.6557],[73.4957,20.6535],[73.5044,20.6708],[73.5111,20.666],[73.518,20.6676],[73.5207,20.6787],[73.533,20.673],[73.5509,20.6485],[73.5579,20.6456],[73.5694,20.6515],[73.5996,20.6368],[73.6223,20.6142],[73.6276,20.5839],[73.6451,20.5739],[73.6524,20.5645],[73.6696,20.5632],[73.6954,20.5785],[73.6997,20.5752],[73.7324,20.5743],[73.7447,20.5648],[73.7605,20.5733],[73.7636,20.5866],[73.7676,20.5868],[73.7764,20.6008],[73.7913,20.6052],[73.7985,20.5986],[73.8071,20.6083],[73.8174,20.6136],[73.8255,20.612],[73.8384,20.6205],[73.8327,20.6487],[73.8391,20.6588],[73.8307,20.675],[73.8173,20.6718],[73.8121,20.6922],[73.8256,20.7008],[73.8355,20.7021],[73.8552,20.6922],[73.8563,20.7003],[73.8627,20.7032],[73.8743,20.7296],[73.8826,20.7334],[73.8958,20.7319],[73.9049,20.7253],[73.9172,20.7249],[73.9241,20.7336],[73.9283,20.7346],[73.9302,20.7293],[73.9422,20.7423],[73.9379,20.7493],[73.9414,20.7583],[73.9319,20.7605],[73.9362,20.8009],[73.932,20.8089],[73.9441,20.8237],[73.9395,20.8344],[73.9413,20.8402],[73.9292,20.8422],[73.9236,20.8512],[73.9256,20.8883],[73.9174,20.9076],[73.888,20.9334],[73.8921,20.9556],[73.8989,20.9601],[73.9078,20.9596],[73.9011,20.9821],[73.8922,20.9793],[73.8689,20.9851],[73.8276,21.013],[73.7999,21.0386],[73.7953,21.0443],[73.8107,21.0593],[73.8076,21.0846],[73.7942,21.0714],[73.7801,21.0643],[73.76,21.0692],[73.7297,21.0822],[73.733,21.0984],[73.7436,21.115],[73.7295,21.0997],[73.7053,21.1082],[73.7029,21.1182],[73.6887,21.1006],[73.677,21.1084],[73.6517,21.1074],[73.6462,21.1211],[73.6308,21.1231],[73.6182,21.1183],[73.6117,21.1379],[73.6174,21.1425],[73.6049,21.1438],[73.5986,21.1565],[73.5783,21.1503],[73.5767,21.1565],[73.5831,21.1608],[73.5772,21.1706],[73.5936,21.1742],[73.5997,21.1816],[73.6065,21.1787],[73.6071,21.161],[73.6141,21.1557],[73.6298,21.1533],[73.6272,21.1432],[73.6431,21.1394],[73.6647,21.1471],[73.6639,21.1517],[73.6675,21.1546],[73.6821,21.1512],[73.7016,21.1536],[73.7011,21.1461],[73.7188,21.1396],[73.7316,21.1408],[73.7369,21.1531],[73.7283,21.1617],[73.7401,21.171],[73.7402,21.1675],[73.7721,21.1646],[73.7812,21.1709],[73.7848,21.1839],[73.8028,21.1748],[73.8157,21.1739],[73.8197,21.1865],[73.8257,21.187],[73.8259,21.1999],[73.8153,21.1972],[73.8106,21.2074],[73.8116,21.231],[73.8283,21.2398],[73.8227,21.2707],[73.8266,21.2676],[73.8498,21.2746],[73.8794,21.2658],[73.8972,21.2721],[73.9221,21.2895],[73.9322,21.2905],[73.9416,21.2987],[73.9422,21.3254],[73.949,21.351],[73.9439,21.3998],[73.9387,21.4048],[73.947,21.4049],[73.9518,21.3952],[73.9593,21.3953],[73.9703,21.3976],[73.9778,21.4072],[73.9767,21.4117],[73.9823,21.4078],[74.0024,21.4173],[74.0027,21.4213],[74.0235,21.4177],[74.0447,21.4191],[74.0495,21.4401],[74.0456,21.446],[74.0613,21.4618],[74.0631,21.4746],[74.0728,21.4687],[74.0755,21.4597],[74.0723,21.457],[74.0946,21.4557],[74.1007,21.4476],[74.1163,21.4523],[74.1169,21.4619],[74.1252,21.4666],[74.1338,21.4658],[74.1359,21.4561],[74.1481,21.458],[74.1475,21.4613],[74.161,21.4688],[74.1731,21.4663],[74.1823,21.4691],[74.1877,21.4581],[74.2091,21.4621],[74.2142,21.4816],[74.2344,21.4822],[74.2356,21.4675],[74.2534,21.4676],[74.2558,21.4766],[74.304,21.4879],[74.3039,21.4994],[74.3206,21.4984],[74.3208,21.529],[74.3256,21.5359],[74.3306,21.5353],[74.3264,21.5423],[74.3317,21.5439],[74.3301,21.5529],[74.322,21.5485],[74.3207,21.5517],[74.3031,21.5521],[74.3029,21.5666],[74.2949,21.569],[74.2761,21.5619],[74.2779,21.5533],[74.2684,21.5525],[74.2634,21.5398],[74.236,21.5393],[74.2363,21.5483],[74.229,21.5541],[74.2281,21.549],[74.1984,21.5321],[74.1931,21.5395],[74.1826,21.5422],[74.1751,21.5564],[74.1758,21.5687],[74.1577,21.5687],[74.154,21.5568],[74.1392,21.5553],[74.1367,21.5463],[74.1298,21.5511],[74.1198,21.5515],[74.1201,21.5562],[74.1131,21.5484],[74.1099,21.5559],[74.1047,21.5561],[74.0982,21.5557],[74.095,21.5506],[74.0793,21.5541],[74.0818,21.5487],[74.0599,21.5502],[74.0537,21.5585],[74.0541,21.5477],[74.0501,21.5478],[74.0473,21.5438],[74.0456,21.5472],[74.0432,21.5423],[74.037,21.545],[74.0379,21.5507],[74.0347,21.5459],[74.0207,21.5499],[74.0103,21.5491],[74.0052,21.5534],[74.0038,21.5454],[74.0002,21.5449],[74.0018,21.5418],[73.9982,21.5387],[73.9934,21.5418],[73.9826,21.5401],[73.974,21.5426],[73.9823,21.5218],[73.9662,21.5215],[73.9605,21.5405],[73.9546,21.5402],[73.956,21.5252],[73.9518,21.5126],[73.9456,21.5165],[73.9319,21.512],[73.926,21.5252],[73.9157,21.5191],[73.9043,21.5241],[73.9054,21.5157],[73.878,21.5043],[73.8767,21.5117],[73.8645,21.5122],[73.8664,21.507],[73.8727,21.5063],[73.8694,21.501],[73.8534,21.4973],[73.8348,21.5202],[73.8139,21.6007],[73.7977,21.6046],[73.7814,21.6185],[73.7802,21.6282],[73.7881,21.634],[73.8124,21.64],[73.8143,21.6441],[73.8248,21.6397],[73.8304,21.6423],[73.8386,21.633],[73.8496,21.6386],[73.852,21.6461],[73.8597,21.642],[73.8738,21.6472],[73.888,21.6532],[73.8944,21.6759],[73.883,21.7125],[73.8665,21.7189],[73.8241,21.761],[73.8343,21.7749],[73.8296,21.7777],[73.8289,21.786],[73.8377,21.7893],[73.8273,21.7927],[73.8264,21.7979],[73.8324,21.8015],[73.827,21.8101],[73.8079,21.8098],[73.8039,21.8196],[73.7957,21.8246],[73.8082,21.8376],[73.8167,21.8408],[73.8728,21.8417],[73.8875,21.8545],[73.9095,21.857],[73.9296,21.8644],[73.9654,21.8843],[74.0287,21.9113],[74.0501,21.9262],[74.1283,21.9497],[74.1366,21.9511],[74.1398,21.9468],[74.1443,21.9476],[74.1467,21.9528],[74.142,21.9555],[74.1476,21.9607],[74.1413,21.9638],[74.1404,21.9726],[74.1499,21.9751],[74.1506,21.9865],[74.1185,21.9989],[74.098,21.9982],[74.0994,22.0026],[74.0921,22.015],[74.0948,22.0189],[74.1147,22.0247],[74.1154,22.03],[74.1232,22.0359],[74.1402,22.0406],[74.1314,22.048],[74.1356,22.0528],[74.16,22.0589],[74.1584,22.0699],[74.1639,22.0728],[74.1645,22.0829],[74.1786,22.0855],[74.1703,22.0916],[74.1692,22.1006],[74.1537,22.1004],[74.1526,22.1059],[74.1285,22.0946],[74.1245,22.0978],[74.129,22.1208],[74.1228,22.1356],[74.1307,22.1445],[74.134,22.1605],[74.1214,22.1675],[74.1181,22.1857],[74.1217,22.1947],[74.1175,22.2064],[74.1225,22.2124],[74.1165,22.2162],[74.1129,22.2141],[74.1062,22.2202],[74.0722,22.2191],[74.0693,22.2326],[74.0872,22.2428],[74.0839,22.247],[74.0751,22.2475],[74.0745,22.2656],[74.0679,22.2652],[74.0588,22.2745],[74.0524,22.294],[74.0539,22.3039],[74.0625,22.3048],[74.0631,22.327],[74.072,22.3368],[74.0724,22.3435],[74.0649,22.3545],[74.0712,22.3613],[74.0921,22.3608],[74.0959,22.371],[74.1054,22.3717],[74.1124,22.3668],[74.1141,22.3572],[74.1255,22.3562],[74.1281,22.333],[74.1423,22.3274],[74.1542,22.3298],[74.1643,22.3244],[74.1902,22.3202],[74.1922,22.3465],[74.1942,22.3485],[74.198,22.3426],[74.2027,22.3486],[74.2037,22.3665],[74.2112,22.3599],[74.2242,22.3564],[74.2237,22.3799],[74.2433,22.3759],[74.2429,22.3824],[74.2541,22.3853],[74.2567,22.3995],[74.2705,22.3925],[74.2911,22.3939],[74.2675,22.4055],[74.2704,22.413],[74.2558,22.4289],[74.2514,22.415],[74.2476,22.4147],[74.2378,22.422],[74.244,22.4338],[74.2152,22.4413],[74.2134,22.4314],[74.2017,22.4344],[74.2029,22.4677],[74.1906,22.4759],[74.1798,22.4626],[74.1804,22.4547],[74.1854,22.4503],[74.1841,22.4415],[74.1717,22.4402],[74.1698,22.4318],[74.1605,22.4311],[74.1526,22.443],[74.1553,22.454],[74.1494,22.4556],[74.1431,22.4469],[74.1341,22.4459],[74.1254,22.4172],[74.1194,22.4188],[74.1171,22.4246],[74.1052,22.4295],[74.1052,22.4358],[74.1016,22.4354],[74.0986,22.4421],[74.0974,22.4503],[74.1037,22.4557],[74.1044,22.4646],[74.0854,22.4702],[74.0757,22.4641],[74.0766,22.4836],[74.0825,22.4846],[74.0864,22.4771],[74.0878,22.4825],[74.0829,22.5066],[74.0533,22.5086],[74.0409,22.4865],[74.0325,22.4918],[74.0297,22.5077],[74.0388,22.5156],[74.0412,22.5417],[74.0568,22.55],[74.0747,22.5513],[74.1014,22.5342],[74.1119,22.5396],[74.1331,22.5202],[74.1512,22.5213],[74.1504,22.5289],[74.1708,22.5473],[74.1894,22.5536],[74.1901,22.5594],[74.1834,22.5667],[74.1921,22.5691],[74.2008,22.5659],[74.2034,22.5691],[74.2102,22.5645],[74.2112,22.5748],[74.2216,22.5832],[74.2313,22.6118],[74.2405,22.6118],[74.2435,22.6206],[74.2534,22.6214],[74.2533,22.6342],[74.2637,22.644],[74.2659,22.6385],[74.2719,22.6391],[74.2774,22.6459],[74.2925,22.6381],[74.3154,22.6339],[74.3293,22.642],[74.3592,22.6339],[74.3791,22.6346],[74.3842,22.6462],[74.3821,22.6676],[74.395,22.6857],[74.4018,22.7315],[74.4141,22.7437],[74.416,22.754],[74.4214,22.7566],[74.4352,22.7823],[74.4378,22.7921],[74.4338,22.808],[74.4501,22.8083],[74.4648,22.8164],[74.4766,22.8555],[74.4702,22.8642],[74.4704,22.8779],[74.4638,22.8873],[74.4606,22.9079],[74.4469,22.9213],[74.4337,22.9125],[74.4333,22.9181],[74.4184,22.9173],[74.4106,22.912],[74.4136,22.9062],[74.4046,22.9036],[74.4037,22.8987],[74.3932,22.8968],[74.3779,22.9072],[74.3706,22.922],[74.3583,22.9317],[74.3577,22.9393],[74.3395,22.9528],[74.3394,22.9647],[74.3539,22.9758],[74.3655,22.9759],[74.3492,23.0073],[74.3446,23.0288],[74.3221,23.041],[74.3189,23.0588],[74.3244,23.0614],[74.3145,23.077],[74.2844,23.0932],[74.2832,23.0991],[74.293,23.1172],[74.2801,23.1318],[74.2727,23.1596],[74.2529,23.172],[74.2471,23.1844],[74.2337,23.1796],[74.2029,23.1902],[74.1958,23.1805],[74.1886,23.1781],[74.183,23.1663],[74.1854,23.1568],[74.1812,23.1516],[74.1728,23.1557],[74.1555,23.1563],[74.1474,23.1729],[74.1278,23.176],[74.1228,23.1845],[74.1256,23.2042],[74.1363,23.2109],[74.1348,23.2165],[74.1408,23.2229],[74.1363,23.2452],[74.1388,23.266],[74.1156,23.2743],[74.1069,23.2937],[74.0922,23.298],[74.0718,23.2988],[74.0382,23.2934],[74.0449,23.3087],[74.0331,23.3059],[74.0248,23.321],[74.0287,23.3316],[73.982,23.3378],[73.9842,23.3527],[73.9795,23.3553],[73.9803,23.3628],[73.975,23.3721],[73.9624,23.3808],[73.938,23.3679],[73.9394,23.3443],[73.9357,23.3396],[73.8919,23.334],[73.8927,23.3482],[73.8873,23.3572],[73.8743,23.3636],[73.873,23.3794],[73.8678,23.378],[73.8692,23.3818],[73.8618,23.3835],[73.8636,23.3894],[73.8303,23.4262],[73.8332,23.4358],[73.8287,23.4476],[73.8186,23.4384],[73.8035,23.4377],[73.7863,23.4301],[73.779,23.4312],[73.7766,23.4377],[73.7723,23.4377],[73.7677,23.4528],[73.7558,23.4542],[73.7509,23.4419],[73.7288,23.4231],[73.7208,23.4101],[73.7081,23.4222],[73.7117,23.4354],[73.7051,23.4381],[73.7069,23.4456],[73.6974,23.4566],[73.6739,23.454],[73.6475,23.4364],[73.636,23.449],[73.6272,23.4485],[73.6403,23.4826],[73.6407,23.4963],[73.6496,23.4964],[73.6564,23.5074],[73.6505,23.5185],[73.6331,23.5286],[73.6366,23.5645],[73.6497,23.568],[73.6442,23.5722],[73.6476,23.5745],[73.6434,23.5943],[73.6449,23.604],[73.6557,23.6212],[73.6407,23.6281],[73.6155,23.652],[73.5727,23.6537],[73.5231,23.6068],[73.5035,23.6182],[73.5038,23.6243],[73.4938,23.6323],[73.5088,23.6443],[73.4966,23.6491],[73.5039,23.6566],[73.5074,23.703],[73.4907,23.7068],[73.4735,23.7051],[73.4714,23.7196],[73.4568,23.7334],[73.4492,23.7347],[73.4478,23.7528],[73.4244,23.7616],[73.4164,23.7702],[73.418,23.7767],[73.4003,23.785],[73.3863,23.7766],[73.3828,23.7682],[73.3708,23.7652],[73.3715,23.7704],[73.3634,23.7821],[73.3519,23.7913],[73.3587,23.7956],[73.3679,23.8141],[73.3651,23.8237],[73.3677,23.8394],[73.3539,23.8528],[73.3611,23.8726],[73.368,23.8782],[73.371,23.8911],[73.3777,23.8961],[73.3791,23.9048],[73.3875,23.9158],[73.3952,23.9189],[73.4065,23.9164],[73.409,23.9215],[73.4201,23.9248],[73.4208,23.9307],[73.4133,23.9391],[73.415,23.9857],[73.3986,23.99],[73.4038,23.9932],[73.408,24.008],[73.4009,24.0321],[73.4047,24.041],[73.3863,24.0646],[73.3609,24.0812],[73.362,24.1046],[73.3471,24.1067],[73.3384,24.0987],[73.333,24.1086],[73.3263,24.1096],[73.3215,24.0972],[73.3253,24.0773],[73.3167,24.0535],[73.2967,24.0439],[73.2824,24.0192],[73.2653,24.0202],[73.2493,24.0031],[73.2428,24.0022],[73.2366,24.0123],[73.2298,24.0156],[73.2294,24.022],[73.2108,24.0288],[73.2089,24.0338],[73.1932,24.0409],[73.2024,24.0509],[73.2139,24.0776],[73.1589,24.0982],[73.1535,24.1127],[73.1375,24.1225],[73.1252,24.1248],[73.1104,24.1422],[73.1034,24.1437],[73.0992,24.1594],[73.0766,24.1791],[73.0675,24.1946],[73.0793,24.205],[73.0785,24.2193],[73.0922,24.2232],[73.0971,24.231],[73.0879,24.2337],[73.0934,24.2379],[73.0954,24.2493],[73.1076,24.2642],[73.1255,24.2733],[73.1354,24.3083],[73.1409,24.311],[73.1692,24.3002],[73.1736,24.3085],[73.1764,24.3378],[73.1817,24.3432],[73.1878,24.3339],[73.1986,24.3318],[73.2063,24.3512],[73.2193,24.3638],[73.1985,24.3768],[73.1707,24.3557],[73.152,24.3543],[73.1328,24.367],[73.1117,24.3735],[73.1053,24.3825],[73.1023,24.3817],[73.1,24.3903],[73.0875,24.3865],[73.0765,24.3965],[73.1028,24.4329],[73.0984,24.4479],[73.1033,24.4557],[73.1018,24.4707],[73.0911,24.475],[73.0959,24.49],[73.0872,24.498],[73.0737,24.4933],[73.0724,24.4871],[73.0602,24.4839],[73.0567,24.478],[73.0479,24.4746],[73.0487,24.4692],[73.0346,24.4641],[73.0317,24.4672],[73.0032,24.4667],[73.0067,24.4753],[73.001,24.4835],[72.9911,24.4778],[72.9678,24.4506],[72.9746,24.4491],[72.9731,24.4422],[72.981,24.434],[72.9667,24.4108],[72.9493,24.3981],[72.9544,24.3912],[72.9744,24.3827],[72.9776,24.3767],[72.9751,24.3687],[72.9377,24.3482],[72.9192,24.3443],[72.9107,24.3371],[72.8912,24.3569],[72.8498,24.3719],[72.8148,24.3701],[72.8058,24.3628],[72.7714,24.3681],[72.7309,24.3642],[72.7243,24.3675],[72.6892,24.4116],[72.6798,24.4428],[72.6875,24.4525],[72.6834,24.4638],[72.6563,24.4621],[72.576,24.4788],[72.539,24.5195],[72.5335,24.5037],[72.5201,24.5003],[72.5145,24.4839],[72.5048,24.4715],[72.5044,24.4583],[72.4932,24.459],[72.5004,24.4169],[72.4573,24.4147],[72.4584,24.4248],[72.4515,24.442],[72.4338,24.46],[72.4302,24.4801],[72.4429,24.5039],[72.4414,24.515],[72.4242,24.5165],[72.4163,24.5211],[72.3886,24.5076],[72.3797,24.5123],[72.3681,24.5373],[72.3701,24.5436],[72.3584,24.5508],[72.3537,24.5637],[72.3414,24.563],[72.3309,24.5692],[72.3269,24.5579],[72.329,24.5523],[72.2948,24.5467],[72.2893,24.5479],[72.2857,24.5651],[72.2751,24.5653],[72.2648,24.5602],[72.2464,24.5855],[72.2643,24.5999],[72.2644,24.6044],[72.2761,24.6073],[72.29,24.6036],[72.2974,24.6089],[72.3137,24.5938],[72.3361,24.5986],[72.3445,24.6107],[72.3435,24.6216],[72.3474,24.6284],[72.3355,24.6332],[72.3202,24.6177],[72.305,24.6174],[72.2971,24.6247],[72.2892,24.6194],[72.2737,24.6283],[72.2708,24.6375],[72.2547,24.6248],[72.2304,24.6405],[72.2167,24.6268],[72.1947,24.6229],[72.1966,24.6146],[72.192,24.6199],[72.1648,24.6212],[72.1603,24.6352],[72.1503,24.6436],[72.1246,24.6385],[72.115,24.6483],[72.1088,24.6465],[72.0898,24.6586],[72.0862,24.6775],[72.0928,24.6818],[72.0852,24.7063],[72.0613,24.712]],[[72.9669,20.2999],[72.9528,20.3153],[72.9617,20.3323],[72.9786,20.3319],[72.983,20.3185],[72.9743,20.3108],[72.9715,20.2971],[72.9669,20.2999]]]]},"properties":{"STNAME":"GUJARAT","STCODE11":"24","STNAME_SH":"Gujarat","Shape_Length":5513939.865498256,"Shape_Area":218637679319.5197,"OBJECTID_1":23,"OBJECTID":23,"State_LGD":24,"Shape_Leng":5513939.8655,"MaxSimpTol":300,"MinSimpTol":300}},{"type":"Feature","id":24,"geometry":{"type":"Polygon","coordinates":[[[74.9983,12.786],[74.9891,12.7955],[74.9921,12.7883],[74.9873,12.783],[74.9684,12.7764],[74.9644,12.7817],[74.96,12.779],[74.9582,12.7847],[74.933,12.7806],[74.8823,12.7541],[74.8742,12.755],[74.8696,12.7607],[74.8677,12.7514],[74.8847,12.7104],[74.8983,12.7143],[74.8915,12.7124],[74.8989,12.6983],[74.9064,12.6953],[74.8969,12.6972],[74.888,12.7077],[74.9281,12.6118],[74.9424,12.6374],[74.95,12.6363],[74.9417,12.6324],[74.9321,12.6146],[74.9395,12.5957],[74.9418,12.6075],[74.9541,12.6052],[74.9478,12.6061],[74.9403,12.5954],[74.942,12.5865],[74.9385,12.5914],[74.9537,12.551],[74.9565,12.5501],[74.9536,12.5578],[74.9599,12.5663],[74.9757,12.5711],[74.9622,12.5662],[74.9553,12.559],[74.9639,12.5295],[74.9561,12.5475],[74.9581,12.5408],[75.0147,12.4186],[75.022,12.4137],[75.0317,12.3918],[75.0418,12.3886],[75.1166,12.2096],[75.1269,12.2024],[75.149,12.1453],[75.1479,12.1364],[75.1567,12.1097],[75.2012,12.0064],[75.2212,12.0126],[75.2276,12.0235],[75.2503,12.0098],[75.2917,11.9544],[75.3037,11.9514],[75.3033,11.9427],[75.3203,11.9162],[75.3194,11.9052],[75.3253,11.905],[75.3461,11.8805],[75.3564,11.8603],[75.3679,11.8522],[75.3743,11.8527],[75.3746,11.8591],[75.3863,11.8564],[75.4249,11.8132],[75.4379,11.8056],[75.4478,11.7828],[75.4616,11.7799],[75.4539,11.7717],[75.4608,11.7658],[75.4684,11.7648],[75.4707,11.7706],[75.4762,11.7669],[75.4729,11.7646],[75.4855,11.7484],[75.4982,11.7345],[75.5086,11.732],[75.5172,11.7165],[75.5306,11.704],[75.5359,11.7099],[75.5444,11.7048],[75.5418,11.6963],[75.5366,11.6939],[75.5669,11.6294],[75.6186,11.4875],[75.618,11.4774],[75.6273,11.4734],[75.634,11.4622],[75.6475,11.4683],[75.6643,11.4626],[75.6753,11.4511],[75.6807,11.4509],[75.7157,11.3931],[75.731,11.3586],[75.7367,11.325],[75.7483,11.3184],[75.8016,11.1664],[75.8093,11.163],[75.8045,11.1565],[75.8147,11.1493],[75.8341,11.1054],[75.9153,10.7794],[76.0319,10.5175],[76.0671,10.456],[76.1005,10.3818],[76.1535,10.2091],[76.1629,10.1836],[76.1684,10.1813],[76.1675,10.1711],[76.2207,9.9989],[76.2257,9.9904],[76.2406,9.9823],[76.2377,9.9568],[76.261,9.8815],[76.284,9.7496],[76.3079,9.5418],[76.3403,9.4096],[76.5167,9.0177],[76.5356,8.9363],[76.5408,8.9393],[76.5441,8.9363],[76.5355,8.934],[76.5403,8.9323],[76.5424,8.9134],[76.5656,8.8802],[76.5729,8.8832],[76.5927,8.8745],[76.6327,8.8354],[76.6717,8.7841],[76.6993,8.7386],[76.9597,8.4216],[76.9756,8.3861],[76.9865,8.3758],[76.9916,8.3782],[76.9977,8.3749],[77.01,8.3572],[77.026,8.3501],[77.0978,8.2925],[77.103,8.3064],[77.1123,8.304],[77.1162,8.3094],[77.1221,8.3086],[77.1186,8.3203],[77.1291,8.3215],[77.1287,8.3246],[77.1482,8.3317],[77.1533,8.3269],[77.1685,8.3326],[77.1728,8.3188],[77.1803,8.3234],[77.1665,8.3425],[77.1751,8.35],[77.1739,8.3585],[77.1676,8.3634],[77.1524,8.3551],[77.1608,8.3736],[77.1594,8.3812],[77.1516,8.3811],[77.1507,8.3845],[77.1606,8.3894],[77.1677,8.3837],[77.1817,8.3961],[77.1826,8.4049],[77.1969,8.4196],[77.196,8.4289],[77.206,8.444],[77.227,8.4467],[77.2252,8.4596],[77.213,8.4704],[77.2104,8.4919],[77.2013,8.501],[77.2135,8.512],[77.2294,8.5082],[77.2387,8.496],[77.2512,8.5055],[77.2616,8.5063],[77.2746,8.5377],[77.2838,8.5469],[77.2742,8.5598],[77.2663,8.5853],[77.2464,8.6036],[77.252,8.6084],[77.2514,8.6203],[77.2346,8.627],[77.2293,8.6399],[77.2247,8.6392],[77.2142,8.6493],[77.2083,8.6638],[77.2009,8.669],[77.2079,8.6793],[77.2067,8.6845],[77.1949,8.7079],[77.1813,8.7172],[77.1772,8.725],[77.1787,8.732],[77.17,8.7419],[77.1725,8.7496],[77.177,8.7438],[77.191,8.7416],[77.1982,8.7536],[77.1969,8.7683],[77.2094,8.7649],[77.2175,8.7677],[77.213,8.7786],[77.2297,8.7847],[77.232,8.8072],[77.2423,8.8094],[77.2479,8.817],[77.2471,8.8237],[77.264,8.8421],[77.2598,8.8514],[77.2625,8.8553],[77.2573,8.8617],[77.2583,8.875],[77.2376,8.8858],[77.2385,8.8979],[77.2211,8.9041],[77.2182,8.9167],[77.2238,8.9243],[77.2213,8.9275],[77.2104,8.932],[77.2029,8.9231],[77.1927,8.9263],[77.1971,8.9355],[77.1938,8.9434],[77.1962,8.9547],[77.1855,8.9703],[77.1781,8.9692],[77.1735,8.9913],[77.1616,8.9952],[77.1568,9.0076],[77.1493,9.0097],[77.147,9.0214],[77.1609,9.0292],[77.1605,9.0357],[77.167,9.0449],[77.1828,9.0468],[77.1869,9.0428],[77.1972,9.0466],[77.1967,9.0566],[77.2088,9.0742],[77.2057,9.0845],[77.2121,9.0999],[77.2261,9.1075],[77.2281,9.1162],[77.2469,9.1239],[77.2534,9.1396],[77.2678,9.1534],[77.2682,9.1753],[77.2643,9.1862],[77.2525,9.1895],[77.2563,9.1994],[77.2707,9.2009],[77.2822,9.2169],[77.2753,9.2348],[77.2825,9.2561],[77.2827,9.2733],[77.2885,9.2743],[77.283,9.3014],[77.2995,9.311],[77.3026,9.3191],[77.2972,9.3293],[77.3009,9.3302],[77.3,9.3368],[77.3252,9.3372],[77.326,9.3467],[77.3372,9.3651],[77.3345,9.3813],[77.3413,9.3899],[77.3438,9.4022],[77.3364,9.4124],[77.3493,9.4412],[77.3659,9.4602],[77.3771,9.4529],[77.3925,9.4595],[77.3915,9.4689],[77.402,9.4777],[77.3992,9.4965],[77.4123,9.5091],[77.4003,9.518],[77.4032,9.5231],[77.4004,9.5275],[77.3851,9.5193],[77.3655,9.5352],[77.365,9.5528],[77.3528,9.5597],[77.3502,9.5672],[77.3598,9.5775],[77.3549,9.5868],[77.3574,9.5945],[77.3608,9.5979],[77.3661,9.5961],[77.3611,9.6024],[77.3545,9.6042],[77.3394,9.5734],[77.3253,9.5801],[77.3245,9.5934],[77.3299,9.5991],[77.3223,9.5984],[77.3177,9.6026],[77.3037,9.5988],[77.29,9.5888],[77.2903,9.5849],[77.2696,9.5729],[77.2583,9.5766],[77.253,9.5831],[77.2427,9.5853],[77.2342,9.5816],[77.2225,9.5929],[77.2221,9.5978],[77.2098,9.6051],[77.2089,9.6136],[77.1981,9.6145],[77.1886,9.6062],[77.1658,9.6129],[77.1691,9.6241],[77.1762,9.6296],[77.174,9.6374],[77.1811,9.6593],[77.1941,9.6706],[77.2067,9.6947],[77.2019,9.704],[77.2061,9.7176],[77.2035,9.7222],[77.2239,9.7304],[77.2202,9.7451],[77.2325,9.7691],[77.2251,9.7761],[77.2228,9.7884],[77.2361,9.7906],[77.2403,9.7975],[77.2468,9.7985],[77.2469,9.8086],[77.2413,9.8162],[77.2327,9.818],[77.2328,9.8221],[77.2219,9.8231],[77.2276,9.8387],[77.223,9.8455],[77.2373,9.852],[77.2364,9.8602],[77.2214,9.8637],[77.2125,9.8775],[77.2208,9.8851],[77.2183,9.9049],[77.2302,9.9131],[77.2363,9.936],[77.248,9.9475],[77.2466,9.952],[77.2609,9.9526],[77.2728,9.9643],[77.2726,9.9764],[77.2643,9.9873],[77.2668,9.9904],[77.261,9.9918],[77.2649,10.0043],[77.2547,10.0124],[77.2639,10.0293],[77.2316,10.0669],[77.204,10.0885],[77.2012,10.1072],[77.2075,10.1191],[77.2164,10.1164],[77.2305,10.1223],[77.2385,10.1308],[77.2445,10.1319],[77.2519,10.1256],[77.2677,10.1222],[77.2681,10.1278],[77.2749,10.1313],[77.2712,10.1424],[77.2746,10.1849],[77.2835,10.1977],[77.2829,10.2086],[77.2953,10.2185],[77.2882,10.2323],[77.2809,10.2367],[77.2695,10.237],[77.2591,10.2305],[77.2573,10.2595],[77.2636,10.2639],[77.2273,10.3166],[77.2288,10.3311],[77.2357,10.34],[77.2353,10.3529],[77.176,10.3586],[77.1202,10.318],[77.102,10.3156],[77.0957,10.3087],[77.0914,10.3151],[77.0785,10.3029],[77.066,10.2982],[77.0632,10.2917],[77.0436,10.2841],[77.0528,10.2723],[77.0484,10.2594],[77.0396,10.2529],[77.0151,10.2456],[76.9836,10.2197],[76.9707,10.229],[76.9586,10.2335],[76.9507,10.2317],[76.9396,10.2382],[76.9219,10.2316],[76.9119,10.2343],[76.9077,10.2403],[76.9026,10.2396],[76.9048,10.2472],[76.8974,10.2614],[76.8733,10.2757],[76.8732,10.2975],[76.862,10.2912],[76.8549,10.2921],[76.8521,10.2843],[76.8486,10.2845],[76.8423,10.2894],[76.8444,10.2944],[76.8403,10.2991],[76.8299,10.3032],[76.8374,10.3359],[76.836,10.3454],[76.8459,10.3568],[76.8486,10.3674],[76.8437,10.377],[76.8233,10.3946],[76.8337,10.4028],[76.8333,10.4073],[76.8243,10.4096],[76.816,10.423],[76.828,10.4497],[76.8303,10.4973],[76.8431,10.5367],[76.8353,10.5446],[76.8397,10.5636],[76.8339,10.5734],[76.8386,10.5963],[76.8324,10.5992],[76.8263,10.5961],[76.8175,10.6027],[76.8167,10.6159],[76.8101,10.6238],[76.8143,10.635],[76.8309,10.6369],[76.8596,10.6317],[76.8821,10.639],[76.8841,10.648],[76.8782,10.6744],[76.867,10.6792],[76.8706,10.6922],[76.8675,10.6943],[76.8822,10.7168],[76.8922,10.7185],[76.8882,10.7318],[76.9037,10.7618],[76.9073,10.7834],[76.9008,10.808],[76.8701,10.809],[76.864,10.818],[76.8482,10.8195],[76.8452,10.8268],[76.8533,10.8336],[76.8539,10.8397],[76.8485,10.8501],[76.832,10.8609],[76.8284,10.8726],[76.7919,10.8818],[76.7815,10.8912],[76.768,10.8878],[76.7525,10.8958],[76.7407,10.8911],[76.7149,10.9087],[76.6952,10.9103],[76.6591,10.9306],[76.6558,10.9391],[76.6647,10.9436],[76.6667,10.9684],[76.686,10.9893],[76.6891,11.0086],[76.6997,11.0267],[76.7182,11.041],[76.7418,11.0382],[76.7666,11.0292],[76.7918,11.0374],[76.8008,11.054],[76.7962,11.0559],[76.7878,11.0448],[76.7781,11.0422],[76.7465,11.0568],[76.7438,11.0731],[76.7546,11.0791],[76.7516,11.0933],[76.7478,11.0934],[76.7434,11.1026],[76.7499,11.1191],[76.7481,11.1355],[76.7345,11.1363],[76.7314,11.1317],[76.7189,11.1495],[76.712,11.1509],[76.7083,11.1467],[76.7121,11.1423],[76.7063,11.1416],[76.7002,11.1536],[76.695,11.1668],[76.698,11.1742],[76.7143,11.1877],[76.7286,11.1914],[76.7269,11.2075],[76.7345,11.2181],[76.7058,11.2404],[76.6842,11.2339],[76.6843,11.2279],[76.6764,11.2202],[76.6289,11.1943],[76.6155,11.1924],[76.6008,11.1976],[76.5338,11.1857],[76.5157,11.1946],[76.5094,11.2083],[76.4958,11.2115],[76.4723,11.2088],[76.4734,11.195],[76.4584,11.1878],[76.4516,11.1995],[76.4386,11.199],[76.4393,11.203],[76.4489,11.2056],[76.4531,11.2395],[76.4871,11.2584],[76.5217,11.2707],[76.5268,11.2886],[76.5457,11.3004],[76.5393,11.3047],[76.5373,11.3141],[76.5499,11.3311],[76.5478,11.359],[76.5082,11.3542],[76.5151,11.3598],[76.5177,11.3716],[76.4604,11.3889],[76.4156,11.4233],[76.4187,11.4419],[76.3979,11.4364],[76.3687,11.4563],[76.3422,11.4677],[76.326,11.4541],[76.3051,11.4679],[76.2948,11.4658],[76.2915,11.4699],[76.2946,11.4742],[76.2844,11.483],[76.2735,11.4771],[76.2647,11.4813],[76.2472,11.468],[76.2514,11.5024],[76.2397,11.5267],[76.2502,11.527],[76.2515,11.5369],[76.2448,11.5416],[76.2442,11.5533],[76.2341,11.5712],[76.2649,11.594],[76.2743,11.5938],[76.279,11.6009],[76.2861,11.5903],[76.296,11.5902],[76.3024,11.5713],[76.3105,11.5775],[76.3159,11.5767],[76.3212,11.5863],[76.3359,11.5958],[76.3404,11.5873],[76.3546,11.5894],[76.378,11.602],[76.3881,11.6297],[76.4066,11.6343],[76.4325,11.6314],[76.444,11.6473],[76.4364,11.6535],[76.4313,11.6665],[76.4159,11.6729],[76.413,11.6861],[76.4084,11.6898],[76.4124,11.6951],[76.4089,11.7065],[76.4034,11.7078],[76.4085,11.7151],[76.414,11.7113],[76.4274,11.7261],[76.4181,11.7427],[76.4105,11.7422],[76.414,11.7602],[76.3986,11.7509],[76.3913,11.7548],[76.377,11.7446],[76.3628,11.7484],[76.3525,11.7384],[76.3397,11.7391],[76.3291,11.7484],[76.3184,11.7514],[76.3077,11.7849],[76.2883,11.7952],[76.2802,11.8124],[76.2456,11.803],[76.2237,11.8083],[76.2097,11.8275],[76.2129,11.8421],[76.2075,11.8616],[76.1904,11.8713],[76.1648,11.8676],[76.156,11.8702],[76.1461,11.8671],[76.1323,11.854],[76.12,11.8504],[76.1181,11.857],[76.1128,11.8585],[76.1125,11.9788],[76.0897,11.9675],[76.0701,11.9672],[76.0335,11.9403],[76.0222,11.9441],[76.0133,11.9418],[76.0032,11.9315],[75.9764,11.9338],[75.9564,11.942],[75.9307,11.9391],[75.9135,11.9462],[75.8968,11.9448],[75.8862,11.9511],[75.8701,11.952],[75.8542,11.9637],[75.8469,11.9821],[75.8295,11.9846],[75.8249,12.0028],[75.8204,12.0027],[75.8228,12.0129],[75.81,12.0229],[75.8108,12.0288],[75.8011,12.037],[75.794,12.0558],[75.7984,12.0564],[75.8027,12.0795],[75.786,12.0849],[75.7536,12.0854],[75.7471,12.0783],[75.7361,12.079],[75.7277,12.0726],[75.7147,12.0705],[75.7179,12.0857],[75.7021,12.0924],[75.7033,12.1083],[75.6872,12.1103],[75.6768,12.0974],[75.6616,12.0985],[75.6526,12.1092],[75.6489,12.1086],[75.6432,12.138],[75.6384,12.1381],[75.6359,12.1485],[75.6195,12.1557],[75.6106,12.1518],[75.5952,12.1534],[75.5925,12.147],[75.5831,12.1583],[75.577,12.1569],[75.5699,12.1718],[75.5598,12.1756],[75.5524,12.1921],[75.5414,12.1964],[75.5399,12.2017],[75.5326,12.2005],[75.5319,12.2058],[75.5398,12.2157],[75.5268,12.225],[75.5281,12.2309],[75.5211,12.2353],[75.5196,12.2458],[75.5116,12.2531],[75.5054,12.2708],[75.4939,12.2729],[75.4849,12.29],[75.4749,12.2961],[75.4653,12.2894],[75.4358,12.2946],[75.4257,12.2868],[75.4154,12.2882],[75.4137,12.2924],[75.4322,12.3095],[75.4203,12.3191],[75.4104,12.3473],[75.4196,12.357],[75.4219,12.3727],[75.4135,12.3801],[75.3992,12.381],[75.3923,12.3899],[75.3797,12.3921],[75.3779,12.3983],[75.3725,12.4003],[75.3659,12.412],[75.3715,12.4378],[75.3656,12.4568],[75.3863,12.4584],[75.3934,12.4514],[75.4133,12.4586],[75.4157,12.466],[75.425,12.4696],[75.4174,12.4985],[75.4114,12.5019],[75.4027,12.4981],[75.3979,12.5038],[75.3916,12.4997],[75.3819,12.5021],[75.3783,12.496],[75.3678,12.4918],[75.3722,12.477],[75.3601,12.465],[75.3363,12.4642],[75.3407,12.4704],[75.3353,12.4783],[75.3366,12.4891],[75.3322,12.4996],[75.3145,12.4975],[75.3138,12.502],[75.3042,12.5033],[75.303,12.5227],[75.2801,12.5242],[75.2731,12.5369],[75.2692,12.5597],[75.2721,12.5702],[75.2839,12.5708],[75.2897,12.5839],[75.3146,12.5738],[75.3256,12.5827],[75.3262,12.5937],[75.3113,12.591],[75.3011,12.6067],[75.2907,12.6032],[75.2888,12.6117],[75.2755,12.6198],[75.2663,12.6159],[75.2653,12.6048],[75.2496,12.5837],[75.2388,12.58],[75.2375,12.5684],[75.2203,12.5682],[75.217,12.5776],[75.2118,12.5794],[75.2087,12.5923],[75.2003,12.589],[75.2009,12.5946],[75.2092,12.6015],[75.2059,12.6093],[75.1985,12.6133],[75.2017,12.629],[75.1822,12.6317],[75.1703,12.6215],[75.1611,12.621],[75.1541,12.6239],[75.1436,12.6418],[75.1377,12.6447],[75.15,12.6513],[75.1605,12.6716],[75.1501,12.6739],[75.1525,12.6823],[75.1331,12.6746],[75.1249,12.6805],[75.1117,12.6808],[75.1154,12.6828],[75.1107,12.6831],[75.1055,12.6981],[75.0852,12.7053],[75.0802,12.7003],[75.085,12.6946],[75.0853,12.6739],[75.0732,12.6709],[75.0693,12.6639],[75.0599,12.6709],[75.0576,12.6651],[75.0538,12.6693],[75.0466,12.6668],[75.0397,12.6866],[75.0431,12.6939],[75.0478,12.6953],[75.0527,12.691],[75.0548,12.6947],[75.0494,12.7056],[75.0535,12.7084],[75.0503,12.7195],[75.0339,12.7226],[75.0265,12.7184],[75.0188,12.7202],[75.0153,12.7134],[75.001,12.7155],[75.0002,12.7208],[75.0112,12.728],[74.9924,12.7387],[74.9865,12.733],[74.9825,12.7385],[74.9837,12.7452],[74.9866,12.7437],[75.0095,12.7676],[75.0034,12.778],[75.0032,12.7917],[74.9983,12.786]],[[75.5377,11.7626],[75.5462,11.7563],[75.5433,11.7344],[75.5558,11.7277],[75.5555,11.7217],[75.5479,11.7154],[75.5378,11.716],[75.5366,11.7194],[75.5325,11.7158],[75.5375,11.7122],[75.5312,11.7084],[75.5266,11.7261],[75.5319,11.7345],[75.5403,11.7347],[75.5416,11.7388],[75.5406,11.7486],[75.5313,11.7586],[75.5377,11.7626]]]},"properties":{"STNAME":"KERALA","STCODE11":"32","STNAME_SH":"Kerala","Shape_Length":1810253.234071322,"Shape_Area":40407361012.73363,"OBJECTID_1":24,"OBJECTID":24,"State_LGD":32,"Shape_Leng":1810253.23407,"MaxSimpTol":300,"MinSimpTol":300}},{"type":"Feature","id":25,"geometry":{"type":"MultiPolygon","coordinates":[[[[73.0105,8.2779],[73.0117,8.2763],[73.012,8.2771],[73.0105,8.2779]]],[[[73.014,8.302],[73.014,8.3023],[73.0137,8.3024],[73.014,8.302]]],[[[73.0542,8.2733],[73.066,8.285],[73.0669,8.3028],[73.0784,8.3243],[73.0687,8.3091],[73.0636,8.2939],[73.0478,8.2755],[73.0282,8.2708],[73.0178,8.2754],[73.0215,8.2685],[73.0428,8.264],[73.0542,8.2733]]],[[[73.6311,10.068],[73.6311,10.0682],[73.6308,10.068],[73.6311,10.068]]],[[[73.6304,10.0682],[73.6302,10.0679],[73.6305,10.068],[73.6304,10.0682]]],[[[73.6319,10.0682],[73.632,10.0685],[73.6316,10.0683],[73.6319,10.0682]]],[[[73.6302,10.0683],[73.6302,10.0685],[73.6299,10.0683],[73.6302,10.0683]]],[[[73.6309,10.0682],[73.6318,10.0687],[73.6305,10.0686],[73.6309,10.0682]]],[[[73.6324,10.0687],[73.6322,10.0689],[73.6321,10.0687],[73.6324,10.0687]]],[[[73.6308,10.0689],[73.6307,10.0691],[73.6304,10.0689],[73.6308,10.0689]]],[[[73.6319,10.0691],[73.6318,10.0692],[73.6314,10.069],[73.6319,10.0691]]],[[[73.6333,10.0693],[73.6331,10.07],[73.6324,10.069],[73.6333,10.0693]]],[[[73.6345,10.0715],[73.6347,10.0723],[73.6337,10.0722],[73.6345,10.0715]]],[[[73.6281,10.0737],[73.6263,10.0725],[73.628,10.0725],[73.6281,10.0737]]],[[[73.6303,10.0743],[73.6305,10.075],[73.6299,10.0745],[73.6303,10.0743]]],[[[73.6478,10.0724],[73.6513,10.102],[73.6442,10.0763],[73.6405,10.0711],[73.6351,10.0713],[73.6412,10.0572],[73.6473,10.0587],[73.6478,10.0724]]],[[[73.6526,10.1086],[73.6522,10.1095],[73.6521,10.1087],[73.6526,10.1086]]],[[[72.2842,10.0412],[72.2887,10.0456],[72.2905,10.0532],[72.2842,10.0412]]],[[[73.6604,10.1542],[73.6601,10.1292],[73.6643,10.1411],[73.6604,10.1542]]],[[[72.3375,10.1053],[72.3361,10.1075],[72.3343,10.1009],[72.3375,10.1053]]],[[[72.3323,10.1301],[72.3281,10.1387],[72.3274,10.1298],[72.3323,10.1301]]],[[[72.6442,10.5784],[72.6406,10.5793],[72.6172,10.5422],[72.6497,10.5636],[72.6509,10.5721],[72.6442,10.5784]]],[[[73.6681,10.8176],[73.6608,10.8164],[73.6599,10.811],[73.6718,10.804],[73.7018,10.8143],[73.6681,10.8176]]],[[[72.1687,10.815],[72.1649,10.813],[72.1689,10.8129],[72.1687,10.815]]],[[[72.2043,10.8786],[72.1947,10.8714],[72.1882,10.8493],[72.1701,10.8182],[72.2028,10.8694],[72.2043,10.8786]]],[[[72.2889,10.9466],[72.2847,10.9376],[72.2896,10.9357],[72.2928,10.937],[72.2896,10.9443],[72.2935,10.9461],[72.2889,10.9466]]],[[[72.3255,10.9504],[72.3171,10.9497],[72.3154,10.9436],[72.3255,10.9504]]],[[[72.3332,10.952],[72.3304,10.9515],[72.3315,10.9506],[72.3332,10.952]]],[[[72.3349,10.9552],[72.333,10.955],[72.3339,10.9531],[72.3349,10.9552]]],[[[72.3353,10.9564],[72.3342,10.9593],[72.3344,10.9564],[72.3353,10.9564]]],[[[72.7203,11.114],[72.7313,11.1257],[72.7337,11.1364],[72.7186,11.1273],[72.7167,11.1195],[72.7203,11.114]]],[[[72.7621,11.1829],[72.7903,11.2605],[72.7795,11.2426],[72.7621,11.1829]]],[[[73.0083,11.4697],[73.0118,11.4731],[73.0099,11.4875],[72.9995,11.4983],[73.0083,11.4697]]],[[[72.1904,11.5991],[72.1853,11.6017],[72.1867,11.5987],[72.1904,11.5991]]],[[[72.7122,11.6867],[72.7174,11.6947],[72.7166,11.7039],[72.7057,11.6825],[72.7122,11.6867]]]]},"properties":{"STNAME":"LAKSHADWEEP","STCODE11":"31","STNAME_SH":"Lakshadweep","Shape_Length":138029.0807425857,"Shape_Area":28091119.87630336,"OBJECTID_1":25,"OBJECTID":25,"State_LGD":31,"Shape_Leng":138029.080743,"MaxSimpTol":300,"MinSimpTol":300}},{"type":"Feature","id":26,"geometry":{"type":"Polygon","coordinates":[[[78.3615,26.8691],[78.33,26.8612],[78.3056,26.8624],[78.2835,26.8545],[78.2733,26.842],[78.2748,26.8227],[78.2681,26.8128],[78.223,26.8306],[78.2022,26.8217],[78.1778,26.8258],[78.1692,26.8215],[78.1676,26.8143],[78.1868,26.7951],[78.1836,26.7838],[78.1551,26.7841],[78.1258,26.7966],[78.1165,26.7966],[78.1068,26.7908],[78.1015,26.7797],[78.1027,26.764],[78.1202,26.7552],[78.1235,26.747],[78.1014,26.7371],[78.0959,26.7278],[78.0921,26.7149],[78.0957,26.6812],[78.0897,26.6745],[78.0744,26.6706],[78.0553,26.6839],[78.0006,26.6949],[77.9832,26.6736],[77.9536,26.6592],[77.9036,26.659],[77.8976,26.6537],[77.8946,26.6152],[77.8472,26.6119],[77.8358,26.6063],[77.8273,26.596],[77.8358,26.5771],[77.8325,26.5615],[77.8236,26.5504],[77.8119,26.5472],[77.7834,26.5521],[77.7551,26.5389],[77.7447,26.5382],[77.7263,26.5021],[77.7104,26.4983],[77.6915,26.4996],[77.6829,26.5046],[77.6755,26.503],[77.6333,26.4787],[77.6135,26.4527],[77.5886,26.4464],[77.5729,26.4369],[77.5587,26.4353],[77.5466,26.4165],[77.5384,26.4113],[77.5235,26.4073],[77.4858,26.4108],[77.4613,26.4041],[77.4376,26.4034],[77.4353,26.3934],[77.4485,26.3678],[77.4443,26.3616],[77.4104,26.3631],[77.3904,26.3565],[77.3742,26.3657],[77.3556,26.355],[77.3425,26.3522],[77.3352,26.3415],[77.3305,26.3439],[77.3209,26.3334],[77.3144,26.3183],[77.3176,26.3174],[77.3167,26.3118],[77.3109,26.3045],[77.2702,26.2671],[77.2518,26.2598],[77.2039,26.23],[77.1754,26.2391],[77.1668,26.2326],[77.1351,26.2334],[77.1163,26.2203],[77.1122,26.2024],[77.0984,26.1843],[77.0821,26.1792],[77.0555,26.1798],[77.0314,26.1725],[77.0064,26.1512],[76.999,26.1301],[76.9777,26.125],[76.9481,26.1028],[76.9011,26.0932],[76.8978,26.0744],[76.8853,26.048],[76.8669,26.0329],[76.8567,26.0349],[76.84,26.0261],[76.8269,26.0075],[76.8071,25.99],[76.8022,25.976],[76.8078,25.9727],[76.8082,25.9667],[76.791,25.9431],[76.7795,25.9386],[76.7487,25.9409],[76.7467,25.9344],[76.7581,25.9225],[76.7328,25.9063],[76.7157,25.9007],[76.7065,25.9001],[76.6725,25.91],[76.6419,25.9079],[76.6318,25.9],[76.6215,25.8692],[76.6152,25.868],[76.5914,25.8755],[76.5823,25.8702],[76.5559,25.8336],[76.5301,25.8114],[76.5207,25.7925],[76.5154,25.7759],[76.5172,25.7535],[76.5234,25.7399],[76.5222,25.7283],[76.5005,25.7281],[76.4731,25.7092],[76.4726,25.6984],[76.4792,25.6844],[76.5041,25.6709],[76.4969,25.6426],[76.5109,25.6283],[76.5138,25.6028],[76.5056,25.5796],[76.52,25.5473],[76.5164,25.5276],[76.5371,25.5112],[76.5408,25.5003],[76.5554,25.483],[76.5558,25.4526],[76.5683,25.44],[76.5814,25.4372],[76.5876,25.4318],[76.5985,25.4047],[76.5985,25.3923],[76.6094,25.3904],[76.6234,25.3767],[76.6402,25.3835],[76.6497,25.3664],[76.6545,25.3666],[76.6566,25.3612],[76.6604,25.3654],[76.6695,25.3491],[76.7005,25.3515],[76.7293,25.3285],[76.7777,25.3155],[76.8572,25.3327],[76.8812,25.3242],[76.8991,25.3242],[76.9295,25.3029],[76.9233,25.2854],[76.9431,25.2821],[76.9578,25.2843],[76.9598,25.2967],[76.9736,25.3003],[77.0314,25.2945],[77.0457,25.3194],[77.0573,25.316],[77.07,25.3187],[77.0835,25.3367],[77.1252,25.3305],[77.1344,25.3211],[77.1439,25.3207],[77.1648,25.3083],[77.1795,25.3116],[77.2092,25.3062],[77.2115,25.3094],[77.2056,25.3265],[77.2174,25.3296],[77.2198,25.3254],[77.215,25.3198],[77.2232,25.3188],[77.2256,25.3302],[77.2344,25.3337],[77.229,25.338],[77.2243,25.3354],[77.23,25.3599],[77.2279,25.3685],[77.2342,25.3789],[77.2487,25.3807],[77.2508,25.3877],[77.2673,25.3958],[77.2912,25.4227],[77.3141,25.4314],[77.3316,25.4272],[77.3492,25.4162],[77.3603,25.4192],[77.3709,25.4084],[77.3677,25.4019],[77.3577,25.3988],[77.3509,25.3853],[77.3515,25.3701],[77.3599,25.3691],[77.3667,25.3606],[77.3616,25.359],[77.3497,25.3289],[77.3422,25.3217],[77.3533,25.3205],[77.3674,25.3286],[77.3763,25.3181],[77.3814,25.3057],[77.381,25.2924],[77.3741,25.2745],[77.3627,25.2789],[77.3543,25.2734],[77.3552,25.2635],[77.3663,25.26],[77.371,25.2459],[77.3823,25.2456],[77.3942,25.2298],[77.4115,25.2239],[77.4184,25.1983],[77.4265,25.188],[77.422,25.1832],[77.417,25.186],[77.4003,25.1839],[77.4001,25.1661],[77.3932,25.1595],[77.3962,25.1378],[77.3907,25.1231],[77.4022,25.1206],[77.4066,25.1117],[77.4025,25.1093],[77.3931,25.1194],[77.376,25.1105],[77.3758,25.1048],[77.3576,25.0937],[77.3409,25.0957],[77.3145,25.0845],[77.3112,25.0797],[77.2983,25.0864],[77.2887,25.1064],[77.2741,25.1108],[77.2695,25.116],[77.2387,25.1068],[77.2149,25.1091],[77.2055,25.1138],[77.1851,25.108],[77.1746,25.1117],[77.1683,25.1028],[77.1714,25.0979],[77.1669,25.0849],[77.1498,25.0866],[77.148,25.0953],[77.1337,25.0853],[77.1228,25.0669],[77.0955,25.0655],[77.0853,25.0551],[77.0627,25.0635],[77.0431,25.0634],[77.0399,25.0679],[77.0243,25.066],[77.0003,25.0748],[76.9748,25.0664],[76.9679,25.0508],[76.9619,25.0563],[76.9455,25.0467],[76.8762,25.0415],[76.8753,25.0073],[76.8569,25.0025],[76.8679,24.9835],[76.8619,24.9614],[76.8773,24.942],[76.8895,24.9338],[76.8902,24.9194],[76.9097,24.921],[76.9201,24.9166],[76.9219,24.9067],[76.9174,24.9044],[76.9125,24.8882],[76.9222,24.8801],[76.9325,24.8814],[76.9336,24.8743],[76.9496,24.8694],[76.9296,24.8482],[76.8977,24.8386],[76.8244,24.8362],[76.8152,24.8284],[76.8,24.8247],[76.8026,24.8093],[76.8464,24.77],[76.8494,24.7478],[76.8561,24.7425],[76.8906,24.7469],[76.9069,24.7315],[76.9306,24.7433],[76.9467,24.7588],[76.9544,24.7595],[76.9635,24.7565],[76.9741,24.7361],[76.9964,24.7321],[76.9989,24.7178],[77.0119,24.7125],[77.0307,24.7122],[77.0414,24.7001],[77.0432,24.6804],[77.0651,24.6438],[77.0688,24.609],[77.0653,24.5939],[77.0713,24.5724],[77.0547,24.5264],[77.0422,24.525],[77.0369,24.5281],[77.0356,24.521],[77.0293,24.5168],[77.029,24.4961],[77.0116,24.4922],[77.0139,24.4839],[77.0088,24.4821],[77.0089,24.4769],[76.9835,24.4728],[76.9778,24.4612],[76.9553,24.4644],[76.9509,24.4618],[76.9508,24.4657],[76.9431,24.4651],[76.9386,24.4723],[76.926,24.4742],[76.9184,24.4807],[76.9155,24.5018],[76.9218,24.5206],[76.9176,24.5434],[76.9017,24.5458],[76.8841,24.5215],[76.8727,24.5277],[76.8767,24.539],[76.8629,24.5496],[76.8383,24.5458],[76.8164,24.5336],[76.8163,24.5244],[76.8283,24.5131],[76.8282,24.5031],[76.8366,24.4931],[76.8354,24.4889],[76.8465,24.4864],[76.8479,24.4736],[76.8533,24.4669],[76.8518,24.4503],[76.8439,24.4502],[76.8409,24.4425],[76.8504,24.4234],[76.8375,24.4085],[76.8451,24.4006],[76.851,24.383],[76.8454,24.3754],[76.8518,24.3707],[76.8324,24.3581],[76.8415,24.3225],[76.8566,24.3044],[76.8631,24.2731],[76.88,24.2608],[76.8796,24.2556],[76.8876,24.252],[76.8889,24.2448],[76.9047,24.2369],[76.9123,24.2379],[76.9155,24.2293],[76.9228,24.2253],[76.9224,24.2116],[76.946,24.206],[76.9471,24.201],[76.9355,24.1839],[76.9161,24.1877],[76.916,24.1736],[76.9086,24.1604],[76.9098,24.1527],[76.9008,24.1272],[76.879,24.1305],[76.8794,24.1356],[76.8546,24.1357],[76.8334,24.1222],[76.8122,24.1229],[76.802,24.1165],[76.7907,24.1238],[76.7698,24.1609],[76.76,24.1603],[76.7609,24.165],[76.7564,24.1691],[76.7262,24.1685],[76.726,24.1613],[76.7193,24.1589],[76.6989,24.1684],[76.6865,24.1858],[76.676,24.1909],[76.6901,24.23],[76.7022,24.2414],[76.6954,24.2843],[76.6665,24.2624],[76.6434,24.2693],[76.6336,24.2577],[76.629,24.2603],[76.6164,24.2578],[76.6112,24.2383],[76.5957,24.2441],[76.5848,24.2437],[76.595,24.2228],[76.5817,24.2115],[76.5704,24.2092],[76.5641,24.1912],[76.5744,24.1868],[76.5768,24.1778],[76.5713,24.1746],[76.5699,24.178],[76.5506,24.163],[76.5276,24.157],[76.5135,24.1655],[76.5048,24.2031],[76.4806,24.2079],[76.4705,24.2259],[76.4629,24.2233],[76.4521,24.2091],[76.4304,24.2213],[76.4164,24.2207],[76.4164,24.211],[76.4208,24.2085],[76.4126,24.2003],[76.4019,24.2155],[76.3819,24.2212],[76.3584,24.2356],[76.3576,24.2397],[76.3218,24.2454],[76.311,24.2377],[76.2873,24.2299],[76.2856,24.2096],[76.2812,24.2068],[76.2399,24.2188],[76.2248,24.2165],[76.2125,24.2098],[76.2032,24.2205],[76.2064,24.2289],[76.2021,24.2688],[76.1946,24.2731],[76.2047,24.3009],[76.1854,24.3293],[76.1742,24.3073],[76.1647,24.307],[76.1686,24.2967],[76.1646,24.2946],[76.1625,24.2847],[76.1433,24.283],[76.1367,24.2709],[76.1413,24.2673],[76.1391,24.2563],[76.1431,24.2558],[76.1483,24.2316],[76.1447,24.2225],[76.1174,24.1941],[76.1137,24.1638],[76.1244,24.1591],[76.1224,24.1378],[76.131,24.1167],[76.1205,24.1082],[76.1271,24.088],[76.1213,24.0845],[76.1005,24.087],[76.076,24.0709],[76.0728,24.0766],[76.0551,24.0652],[76.0421,24.0659],[76.0314,24.0579],[76.0303,24.0517],[76.023,24.0487],[76.0213,24.0347],[76.0094,24.0244],[75.9987,24.0207],[75.9783,24.0265],[75.9635,24.0187],[75.9673,23.9912],[75.9849,23.9737],[75.9839,23.9512],[75.9874,23.9409],[75.98,23.9359],[75.9814,23.9289],[75.9553,23.9208],[75.953,23.9118],[75.945,23.9093],[75.9375,23.8966],[75.9238,23.8986],[75.9052,23.8892],[75.8949,23.8893],[75.8862,23.879],[75.8768,23.88],[75.8767,23.8853],[75.8706,23.8904],[75.8532,23.8875],[75.8447,23.8839],[75.8448,23.8762],[75.8408,23.8746],[75.8329,23.8799],[75.8181,23.8681],[75.7938,23.867],[75.792,23.8586],[75.7821,23.8488],[75.7656,23.8506],[75.7618,23.8659],[75.7646,23.8753],[75.7528,23.8872],[75.7401,23.8894],[75.7353,23.8985],[75.7276,23.8937],[75.7194,23.8974],[75.7158,23.8934],[75.706,23.8993],[75.7017,23.8728],[75.709,23.8691],[75.711,23.8625],[75.7275,23.859],[75.7352,23.8622],[75.7366,23.8565],[75.726,23.8421],[75.7192,23.8412],[75.7265,23.8205],[75.7209,23.8186],[75.7216,23.8119],[75.7071,23.8113],[75.6927,23.8165],[75.6902,23.8134],[75.7018,23.7864],[75.693,23.776],[75.6869,23.7553],[75.6755,23.7819],[75.6598,23.7842],[75.6544,23.7983],[75.6273,23.7955],[75.6148,23.801],[75.608,23.7971],[75.5835,23.7947],[75.5891,23.8096],[75.5809,23.8122],[75.5664,23.8095],[75.5592,23.8186],[75.5616,23.8322],[75.5748,23.8285],[75.5795,23.8349],[75.5767,23.8423],[75.5661,23.8441],[75.5643,23.8564],[75.5229,23.8841],[75.5051,23.8878],[75.4999,23.8997],[75.4915,23.9069],[75.4622,23.9145],[75.4602,23.9323],[75.4689,23.9744],[75.4739,23.982],[75.5036,24.0048],[75.5211,24.0246],[75.5394,24.009],[75.5674,24.0067],[75.5757,23.9941],[75.5796,23.9983],[75.5817,23.9912],[75.5955,23.9945],[75.5957,23.99],[75.604,23.9955],[75.6072,23.9926],[75.616,23.9968],[75.6399,23.998],[75.6709,24.018],[75.6746,24.0173],[75.6782,24.0073],[75.6877,24.0053],[75.687,23.9887],[75.6988,23.988],[75.7018,23.9665],[75.7175,23.9669],[75.7295,23.9702],[75.7307,23.9767],[75.7413,23.977],[75.7423,23.9927],[75.7655,23.9927],[75.7685,24.0009],[75.7626,24.0099],[75.7735,24.0076],[75.7753,24.017],[75.7831,24.0218],[75.7829,24.0433],[75.8368,24.057],[75.835,24.0917],[75.8166,24.0854],[75.8056,24.0996],[75.7929,24.0918],[75.7877,24.0986],[75.7909,24.1053],[75.7842,24.1069],[75.7826,24.1159],[75.777,24.119],[75.7704,24.1154],[75.751,24.1434],[75.7593,24.1561],[75.7639,24.1745],[75.774,24.1807],[75.7712,24.1892],[75.7765,24.2083],[75.7926,24.21],[75.7955,24.2147],[75.8076,24.2179],[75.8094,24.2294],[75.8154,24.2255],[75.8303,24.2334],[75.8181,24.2387],[75.8144,24.2443],[75.813,24.2504],[75.8192,24.2569],[75.8116,24.2577],[75.8117,24.2751],[75.8184,24.2806],[75.8118,24.2853],[75.8108,24.2958],[75.8019,24.3024],[75.7857,24.2965],[75.7664,24.2981],[75.756,24.3211],[75.7399,24.3321],[75.7432,24.34],[75.7432,24.3516],[75.7375,24.3535],[75.7401,24.3769],[75.7379,24.3823],[75.7295,24.3777],[75.7278,24.3905],[75.7315,24.3987],[75.7428,24.3977],[75.7553,24.4065],[75.7559,24.4206],[75.7476,24.4242],[75.7668,24.4344],[75.774,24.4416],[75.7734,24.4497],[75.7861,24.4532],[75.7853,24.468],[75.7894,24.4716],[75.8138,24.4618],[75.8098,24.4339],[75.8248,24.4273],[75.8388,24.4141],[75.8753,24.4265],[75.8758,24.4305],[75.9004,24.4422],[75.9026,24.4539],[75.9092,24.455],[75.9054,24.4725],[75.9116,24.4918],[75.9039,24.497],[75.9031,24.5044],[75.8881,24.5077],[75.8907,24.5186],[75.9016,24.5185],[75.9079,24.5126],[75.9206,24.5214],[75.9233,24.5351],[75.9039,24.5484],[75.9061,24.5627],[75.9123,24.5613],[75.9147,24.5723],[75.8786,24.5834],[75.8724,24.5899],[75.8715,24.6065],[75.8492,24.6108],[75.8417,24.607],[75.8355,24.5949],[75.8328,24.5955],[75.8367,24.6061],[75.8328,24.6051],[75.8252,24.613],[75.8284,24.6203],[75.8375,24.6207],[75.845,24.627],[75.8467,24.6309],[75.8413,24.638],[75.8491,24.6474],[75.8482,24.6632],[75.8388,24.6687],[75.8252,24.6675],[75.8339,24.6891],[75.8363,24.7278],[75.8022,24.7564],[75.7847,24.7617],[75.7698,24.7584],[75.7568,24.7615],[75.6832,24.7241],[75.6577,24.6934],[75.646,24.6851],[75.6108,24.681],[75.5831,24.7133],[75.5751,24.7124],[75.5757,24.708],[75.5496,24.703],[75.5339,24.7123],[75.509,24.7012],[75.4899,24.687],[75.4554,24.6806],[75.371,24.6923],[75.3492,24.7008],[75.2846,24.7089],[75.2647,24.7175],[75.2502,24.7134],[75.2284,24.7176],[75.2194,24.7025],[75.1975,24.7433],[75.1879,24.7435],[75.1844,24.7484],[75.1905,24.7539],[75.1928,24.7737],[75.2017,24.7713],[75.2075,24.7817],[75.2073,24.7921],[75.2156,24.8025],[75.2442,24.8046],[75.2524,24.813],[75.2541,24.8242],[75.2491,24.83],[75.2253,24.8341],[75.2242,24.844],[75.2369,24.8422],[75.2405,24.8458],[75.2498,24.8455],[75.2784,24.84],[75.2906,24.8334],[75.2978,24.8071],[75.3111,24.8009],[75.3287,24.819],[75.3464,24.8219],[75.4049,24.8456],[75.418,24.8534],[75.42,24.8635],[75.4257,24.8688],[75.4259,24.884],[75.4203,24.8862],[75.4018,24.8826],[75.3736,24.8677],[75.3266,24.8748],[75.3182,24.8604],[75.3092,24.856],[75.2946,24.8576],[75.2902,24.8662],[75.2744,24.8747],[75.2634,24.8748],[75.267,24.899],[75.2726,24.9041],[75.2773,24.8992],[75.2845,24.908],[75.2943,24.9089],[75.2879,24.9235],[75.2773,24.9249],[75.2795,24.9345],[75.2728,24.936],[75.2666,24.9508],[75.2578,24.9532],[75.2611,24.9634],[75.2852,24.9657],[75.2819,24.953],[75.2889,24.9514],[75.2901,24.9376],[75.305,24.9284],[75.3009,24.9236],[75.3116,24.9075],[75.3153,24.8944],[75.3127,24.8851],[75.3184,24.8941],[75.321,24.9127],[75.3371,24.9553],[75.3316,24.9578],[75.3278,24.9706],[75.3141,24.979],[75.3119,24.9957],[75.3211,25.0105],[75.3383,25.0186],[75.3514,25.0195],[75.3445,25.0295],[75.35,25.0335],[75.3343,25.0411],[75.3002,25.0419],[75.2835,25.038],[75.2676,25.0425],[75.2503,25.0355],[75.2301,25.037],[75.2259,25.0336],[75.2057,25.0389],[75.1982,25.033],[75.17,25.0489],[75.1658,25.0476],[75.1654,25.0399],[75.1552,25.0372],[75.1523,25.0207],[75.1617,25.0182],[75.1665,25.0028],[75.1592,25.0015],[75.152,24.9892],[75.1419,24.9899],[75.1322,24.9836],[75.1302,24.9796],[75.1415,24.9783],[75.1296,24.9692],[75.1136,24.9668],[75.1166,24.911],[75.1195,24.91],[75.1135,24.9006],[75.1174,24.8955],[75.1145,24.8933],[75.1192,24.8824],[75.1168,24.8779],[75.0874,24.8708],[75.0884,24.8788],[75.0765,24.8806],[75.0657,24.8681],[75.0553,24.8718],[75.0599,24.8635],[75.0518,24.8532],[75.034,24.8446],[75.0087,24.8564],[74.994,24.8531],[74.9855,24.8534],[74.9815,24.8584],[74.9585,24.8581],[74.9482,24.8645],[74.9532,24.8805],[74.9325,24.8812],[74.932,24.8753],[74.9273,24.8797],[74.924,24.8779],[74.9106,24.8939],[74.9164,24.9071],[74.9028,24.9299],[74.8921,24.9297],[74.8884,24.9374],[74.8812,24.9372],[74.8797,24.9299],[74.8698,24.9249],[74.8592,24.9627],[74.8431,24.969],[74.8336,24.9596],[74.8341,24.9437],[74.8266,24.9338],[74.8258,24.9007],[74.8314,24.8862],[74.8407,24.8852],[74.8506,24.851],[74.8591,24.8384],[74.861,24.8045],[74.838,24.7973],[74.8493,24.7759],[74.861,24.779],[74.8609,24.7985],[74.8798,24.7973],[74.8801,24.7901],[74.895,24.7827],[74.907,24.7816],[74.9105,24.7701],[74.9146,24.769],[74.9352,24.7783],[74.9488,24.7717],[74.9691,24.7703],[74.9725,24.7635],[74.9815,24.7636],[74.9845,24.7684],[75.001,24.7746],[75.007,24.7715],[75.0163,24.7319],[74.9924,24.7317],[74.9923,24.6934],[75.0,24.6922],[75.0016,24.6863],[74.9757,24.679],[74.9601,24.6787],[74.9641,24.6711],[74.9599,24.6661],[74.9614,24.6564],[74.9578,24.6615],[74.9509,24.6475],[74.9422,24.6474],[74.9433,24.6378],[74.9407,24.6408],[74.9291,24.6356],[74.9137,24.6368],[74.9052,24.6411],[74.9017,24.6328],[74.8944,24.6443],[74.8888,24.6336],[74.8802,24.645],[74.876,24.6432],[74.8729,24.6465],[74.8716,24.6527],[74.8753,24.6529],[74.8684,24.6591],[74.865,24.6714],[74.8582,24.6755],[74.8601,24.6832],[74.8528,24.6852],[74.8516,24.6787],[74.8546,24.6886],[74.8497,24.6886],[74.8478,24.6992],[74.8434,24.6985],[74.8362,24.7064],[74.83,24.7279],[74.8176,24.7454],[74.809,24.7807],[74.7999,24.7791],[74.8041,24.7352],[74.7839,24.7278],[74.7794,24.7314],[74.7872,24.7037],[74.7837,24.7019],[74.7837,24.6916],[74.7718,24.6614],[74.7836,24.6575],[74.7901,24.6599],[74.7903,24.665],[74.8142,24.6659],[74.8136,24.6495],[74.8062,24.6484],[74.803,24.634],[74.7914,24.6313],[74.7913,24.6206],[74.7796,24.6153],[74.7865,24.5858],[74.7671,24.5784],[74.7528,24.5796],[74.7527,24.5751],[74.7435,24.5714],[74.7537,24.5538],[74.7558,24.5346],[74.7442,24.5322],[74.7447,24.5134],[74.7247,24.5131],[74.7167,24.5067],[74.7087,24.4864],[74.7275,24.4888],[74.7317,24.4807],[74.7437,24.4741],[74.7444,24.4685],[74.7649,24.4667],[74.7767,24.4603],[74.7869,24.4722],[74.8063,24.4673],[74.8151,24.4686],[74.8221,24.4531],[74.8137,24.4367],[74.8301,24.4351],[74.8344,24.4431],[74.8542,24.4445],[74.8552,24.4243],[74.8488,24.4215],[74.841,24.409],[74.8252,24.4],[74.8215,24.3795],[74.8073,24.3808],[74.8019,24.3587],[74.7809,24.3385],[74.7813,24.2891],[74.7471,24.2534],[74.7543,24.2421],[74.7748,24.2386],[74.8113,24.2442],[74.8503,24.2364],[74.8678,24.243],[74.8867,24.2297],[74.8968,24.2271],[74.898,24.2142],[74.9102,24.2101],[74.899,24.1906],[74.8906,24.1879],[74.8795,24.1737],[74.896,24.1577],[74.9019,24.1388],[74.9011,24.1257],[74.9081,24.121],[74.9033,24.1092],[74.918,24.0978],[74.9207,24.0776],[74.9404,24.0698],[74.9393,24.0538],[74.9602,24.046],[74.9603,24.0393],[74.9739,24.0398],[74.9824,24.0257],[74.9654,24.0067],[74.9589,23.972],[74.946,23.962],[74.9311,23.9575],[74.928,23.9392],[74.9161,23.9309],[74.9208,23.9193],[74.911,23.9081],[74.9082,23.8819],[74.9025,23.8732],[74.9037,23.8527],[74.9138,23.8424],[74.9088,23.8356],[74.9114,23.8259],[74.9037,23.7942],[74.9243,23.7966],[74.9404,23.7647],[74.9342,23.758],[74.9243,23.7563],[74.9301,23.75],[74.9299,23.7403],[74.9363,23.7296],[74.9288,23.7282],[74.9245,23.7185],[74.9202,23.7194],[74.9216,23.6948],[74.8997,23.6822],[74.908,23.6712],[74.9218,23.6664],[74.928,23.6422],[74.9361,23.6397],[74.9365,23.6286],[74.9149,23.6181],[74.9027,23.6247],[74.9018,23.6177],[74.8937,23.6093],[74.8822,23.6061],[74.8801,23.5953],[74.87,23.5918],[74.8734,23.577],[74.8534,23.5707],[74.8473,23.5521],[74.8293,23.5507],[74.8224,23.5409],[74.8107,23.5411],[74.8029,23.5325],[74.7941,23.5509],[74.7729,23.544],[74.7617,23.5212],[74.7334,23.5217],[74.736,23.511],[74.7272,23.4954],[74.7184,23.5038],[74.7009,23.5042],[74.6867,23.4947],[74.6803,23.4949],[74.6823,23.488],[74.6787,23.4834],[74.6659,23.4828],[74.66,23.4684],[74.6519,23.4624],[74.6388,23.4638],[74.6331,23.4698],[74.6323,23.4616],[74.613,23.4622],[74.6041,23.4575],[74.6101,23.4518],[74.5991,23.4367],[74.5992,23.4288],[74.5942,23.424],[74.5873,23.4266],[74.5819,23.4216],[74.5724,23.4206],[74.5731,23.3964],[74.5665,23.386],[74.5689,23.3763],[74.5591,23.3712],[74.5576,23.3618],[74.5467,23.3649],[74.5398,23.3619],[74.5397,23.3348],[74.5351,23.3308],[74.5142,23.3282],[74.515,23.3157],[74.5299,23.3207],[74.5311,23.3131],[74.5279,23.3108],[74.5343,23.3006],[74.5394,23.2998],[74.5467,23.277],[74.5583,23.2797],[74.564,23.2936],[74.5744,23.2951],[74.5734,23.2897],[74.5851,23.2769],[74.5987,23.2769],[74.6094,23.2823],[74.6249,23.2738],[74.6269,23.2588],[74.6389,23.2554],[74.6489,23.256],[74.6768,23.2739],[74.6936,23.2653],[74.6998,23.2684],[74.6984,23.2574],[74.713,23.2504],[74.7151,23.2367],[74.6914,23.2256],[74.6918,23.2192],[74.7021,23.2145],[74.7155,23.2192],[74.7173,23.2157],[74.7264,23.215],[74.7411,23.2265],[74.7471,23.2267],[74.7487,23.2235],[74.7404,23.2176],[74.7444,23.2119],[74.7415,23.2084],[74.7255,23.2012],[74.715,23.1907],[74.7085,23.1942],[74.6818,23.1939],[74.6714,23.2001],[74.6493,23.1752],[74.6249,23.1617],[74.6184,23.1505],[74.6066,23.1426],[74.5965,23.1379],[74.5849,23.1396],[74.5767,23.1342],[74.5394,23.1293],[74.5464,23.114],[74.5448,23.109],[74.528,23.0976],[74.5106,23.0947],[74.5058,23.0851],[74.4894,23.0875],[74.4641,23.0817],[74.4542,23.0883],[74.441,23.0907],[74.4322,23.105],[74.423,23.1041],[74.4055,23.1123],[74.3861,23.1115],[74.3564,23.0887],[74.356,23.0799],[74.3415,23.0679],[74.3189,23.0588],[74.3221,23.041],[74.3446,23.0288],[74.3492,23.0073],[74.3655,22.9759],[74.3539,22.9758],[74.3394,22.9647],[74.3395,22.9528],[74.3577,22.9393],[74.3583,22.9317],[74.3706,22.922],[74.3779,22.9072],[74.3932,22.8968],[74.4037,22.8987],[74.4046,22.9036],[74.4136,22.9062],[74.4106,22.912],[74.4184,22.9173],[74.4333,22.9181],[74.4337,22.9125],[74.4469,22.9213],[74.4606,22.9079],[74.4638,22.8873],[74.4704,22.8779],[74.4702,22.8642],[74.4766,22.8555],[74.4648,22.8164],[74.4501,22.8083],[74.4338,22.808],[74.4378,22.7921],[74.4352,22.7823],[74.4214,22.7566],[74.416,22.754],[74.4141,22.7437],[74.4018,22.7315],[74.395,22.6857],[74.3821,22.6676],[74.3842,22.6462],[74.3791,22.6346],[74.3592,22.6339],[74.3293,22.642],[74.3154,22.6339],[74.2925,22.6381],[74.2774,22.6459],[74.2719,22.6391],[74.2659,22.6385],[74.2637,22.644],[74.2533,22.6342],[74.2534,22.6214],[74.2435,22.6206],[74.2405,22.6118],[74.2313,22.6118],[74.2216,22.5832],[74.2112,22.5748],[74.2102,22.5645],[74.2034,22.5691],[74.2008,22.5659],[74.1921,22.5691],[74.1834,22.5667],[74.1901,22.5594],[74.1894,22.5536],[74.1708,22.5473],[74.1504,22.5289],[74.1512,22.5213],[74.1331,22.5202],[74.1119,22.5396],[74.1014,22.5342],[74.0747,22.5513],[74.0568,22.55],[74.0412,22.5417],[74.0388,22.5156],[74.0297,22.5077],[74.0325,22.4918],[74.0409,22.4865],[74.0533,22.5086],[74.0829,22.5066],[74.0878,22.4825],[74.0864,22.4771],[74.0825,22.4846],[74.0766,22.4836],[74.0757,22.4641],[74.0854,22.4702],[74.1044,22.4646],[74.1037,22.4557],[74.0974,22.4503],[74.0986,22.4421],[74.1016,22.4354],[74.1052,22.4358],[74.1052,22.4295],[74.1171,22.4246],[74.1194,22.4188],[74.1254,22.4172],[74.1341,22.4459],[74.1431,22.4469],[74.1494,22.4556],[74.1553,22.454],[74.1526,22.443],[74.1605,22.4311],[74.1698,22.4318],[74.1717,22.4402],[74.1841,22.4415],[74.1854,22.4503],[74.1804,22.4547],[74.1798,22.4626],[74.1906,22.4759],[74.2029,22.4677],[74.2017,22.4344],[74.2134,22.4314],[74.2152,22.4413],[74.244,22.4338],[74.2378,22.422],[74.2476,22.4147],[74.2514,22.415],[74.2558,22.4289],[74.2704,22.413],[74.2675,22.4055],[74.2911,22.3939],[74.2705,22.3925],[74.2567,22.3995],[74.2541,22.3853],[74.2429,22.3824],[74.2433,22.3759],[74.2237,22.3799],[74.2242,22.3564],[74.2112,22.3599],[74.2037,22.3665],[74.2027,22.3486],[74.198,22.3426],[74.1942,22.3485],[74.1922,22.3465],[74.1902,22.3202],[74.1643,22.3244],[74.1542,22.3298],[74.1423,22.3274],[74.1281,22.333],[74.1255,22.3562],[74.1141,22.3572],[74.1124,22.3668],[74.1054,22.3717],[74.0959,22.371],[74.0921,22.3608],[74.0712,22.3613],[74.0649,22.3545],[74.0724,22.3435],[74.072,22.3368],[74.0631,22.327],[74.0625,22.3048],[74.0539,22.3039],[74.0524,22.294],[74.0588,22.2745],[74.0679,22.2652],[74.0745,22.2656],[74.0751,22.2475],[74.0839,22.247],[74.0872,22.2428],[74.0693,22.2326],[74.0722,22.2191],[74.1062,22.2202],[74.1129,22.2141],[74.1165,22.2162],[74.1225,22.2124],[74.1175,22.2064],[74.1217,22.1947],[74.1181,22.1857],[74.1214,22.1675],[74.134,22.1605],[74.1307,22.1445],[74.1228,22.1356],[74.129,22.1208],[74.1245,22.0978],[74.1285,22.0946],[74.1526,22.1059],[74.1537,22.1004],[74.1692,22.1006],[74.1703,22.0916],[74.1786,22.0855],[74.1645,22.0829],[74.1639,22.0728],[74.1584,22.0699],[74.16,22.0589],[74.1356,22.0528],[74.1314,22.048],[74.1402,22.0406],[74.1232,22.0359],[74.1154,22.03],[74.1147,22.0247],[74.0948,22.0189],[74.0921,22.015],[74.0994,22.0026],[74.098,21.9982],[74.1185,21.9989],[74.1506,21.9865],[74.1499,21.9751],[74.1404,21.9726],[74.1413,21.9638],[74.1476,21.9607],[74.142,21.9555],[74.1638,21.947],[74.1789,21.9313],[74.1929,21.9258],[74.281,21.933],[74.2893,21.9398],[74.2945,21.9593],[74.3007,21.967],[74.3122,21.9734],[74.3445,21.9751],[74.3756,22.0004],[74.3842,22.0174],[74.3981,22.0228],[74.396,22.0303],[74.3866,22.0338],[74.3952,22.0338],[74.4018,22.0232],[74.4317,22.0302],[74.4435,22.0232],[74.4388,22.0208],[74.4522,22.0047],[74.4472,22.0005],[74.4422,22.003],[74.4324,21.9994],[74.4382,21.9973],[74.4415,21.99],[74.4394,21.9767],[74.4447,21.9755],[74.4445,21.9704],[74.4534,21.9619],[74.4611,21.9615],[74.4698,21.9671],[74.4691,21.9596],[74.4816,21.9592],[74.4821,21.9548],[74.4888,21.9562],[74.4905,21.9512],[74.4847,21.9458],[74.4891,21.9434],[74.4953,21.9468],[74.5,21.9394],[74.5085,21.9374],[74.5127,21.9319],[74.5093,21.9207],[74.5242,21.9112],[74.5229,21.8991],[74.5138,21.89],[74.5101,21.8292],[74.5003,21.8068],[74.4983,21.79],[74.5142,21.7656],[74.5088,21.7497],[74.5109,21.7351],[74.5054,21.7261],[74.513,21.7185],[74.5473,21.7195],[74.5576,21.7042],[74.5542,21.6813],[74.5806,21.6832],[74.5821,21.6649],[74.6642,21.6523],[74.6649,21.6473],[74.6775,21.6454],[74.6875,21.6315],[74.775,21.6153],[74.783,21.6106],[74.798,21.6098],[74.8021,21.6152],[74.8195,21.6085],[74.8289,21.6097],[74.8312,21.6181],[74.8566,21.6265],[74.8629,21.6344],[74.8655,21.6285],[74.8719,21.6318],[74.8781,21.6285],[74.8874,21.6315],[74.9018,21.6292],[74.9104,21.6145],[74.9793,21.5952],[75.0214,21.5736],[75.02,21.5686],[75.0517,21.5665],[75.0899,21.5153],[75.0887,21.5007],[75.1077,21.4622],[75.1299,21.4471],[75.18,21.4305],[75.2171,21.4086],[75.2333,21.4148],[75.2549,21.4018],[75.2644,21.4074],[75.2802,21.4072],[75.2954,21.4135],[75.3011,21.4099],[75.3002,21.3912],[75.2962,21.3897],[75.2996,21.3846],[75.3075,21.3924],[75.3161,21.3878],[75.3516,21.3906],[75.3572,21.4008],[75.3754,21.3902],[75.3824,21.3793],[75.3979,21.3796],[75.4078,21.3871],[75.4259,21.3907],[75.4401,21.3842],[75.4493,21.3901],[75.497,21.3873],[75.512,21.382],[75.5201,21.387],[75.5438,21.3685],[75.5559,21.3788],[75.5572,21.3732],[75.579,21.3764],[75.5715,21.3817],[75.5878,21.3891],[75.5992,21.3856],[75.607,21.3918],[75.6072,21.389],[75.6165,21.3881],[75.6167,21.3817],[75.6231,21.375],[75.6578,21.3787],[75.6701,21.3745],[75.7033,21.388],[75.7158,21.3879],[75.7188,21.3843],[75.7285,21.3886],[75.7512,21.3846],[75.7552,21.3793],[75.7771,21.3845],[75.8031,21.3845],[75.8131,21.3789],[75.8332,21.3766],[75.8414,21.3845],[75.8625,21.38],[75.8703,21.3911],[75.8855,21.3946],[75.9031,21.3916],[75.9105,21.3824],[75.9629,21.3896],[75.9866,21.3687],[76.0293,21.3649],[76.0478,21.349],[76.0956,21.3711],[76.1203,21.3228],[76.1284,21.2866],[76.1428,21.2857],[76.1464,21.2682],[76.151,21.2675],[76.154,21.2574],[76.157,21.2591],[76.1592,21.2553],[76.1514,21.2435],[76.1404,21.241],[76.1409,21.2276],[76.1653,21.2212],[76.1583,21.2133],[76.1631,21.2126],[76.1633,21.2065],[76.1719,21.2049],[76.1713,21.1987],[76.1662,21.1992],[76.1653,21.1903],[76.1764,21.184],[76.1716,21.1797],[76.1717,21.1665],[76.1326,21.1694],[76.1322,21.1758],[76.1287,21.1757],[76.1105,21.1668],[76.1102,21.1612],[76.1296,21.1356],[76.1354,21.1207],[76.1529,21.1078],[76.1698,21.1036],[76.1727,21.0903],[76.1666,21.0789],[76.1917,21.0866],[76.2224,21.0848],[76.259,21.0905],[76.2719,21.0888],[76.279,21.0699],[76.2984,21.0734],[76.3371,21.071],[76.3485,21.0756],[76.3762,21.073],[76.3839,21.0757],[76.3813,21.0787],[76.3895,21.0857],[76.4124,21.0883],[76.4103,21.1022],[76.4373,21.1001],[76.4404,21.1061],[76.4556,21.1076],[76.4512,21.1203],[76.4575,21.1331],[76.4738,21.1368],[76.466,21.1425],[76.4782,21.1472],[76.4801,21.182],[76.4924,21.1935],[76.5019,21.1932],[76.502,21.1873],[76.5078,21.1929],[76.5298,21.1818],[76.5669,21.1993],[76.5992,21.1906],[76.6136,21.1931],[76.6232,21.1849],[76.6369,21.2026],[76.6345,21.219],[76.6416,21.237],[76.6494,21.2446],[76.6614,21.2406],[76.6627,21.2759],[76.6525,21.2944],[76.6215,21.3322],[76.6827,21.3784],[76.7402,21.4113],[76.7387,21.4297],[76.7443,21.4398],[76.7858,21.465],[76.788,21.4781],[76.794,21.4797],[76.7956,21.4894],[76.7877,21.5011],[76.7728,21.5057],[76.7633,21.5208],[76.7893,21.5364],[76.7817,21.5516],[76.7813,21.5647],[76.7952,21.5939],[76.8329,21.589],[76.8394,21.5933],[76.8447,21.6075],[76.8545,21.6133],[76.9019,21.5969],[76.9288,21.6243],[76.9732,21.6513],[77.0052,21.6783],[77.0624,21.7071],[77.0732,21.7194],[77.0792,21.7199],[77.0866,21.7144],[77.1296,21.7222],[77.1477,21.7125],[77.1651,21.7107],[77.1695,21.7142],[77.1695,21.7221],[77.1761,21.7257],[77.1915,21.7207],[77.1882,21.7017],[77.2104,21.6896],[77.2129,21.695],[77.2189,21.6939],[77.2277,21.6994],[77.2269,21.7168],[77.26,21.714],[77.2716,21.7281],[77.2869,21.7218],[77.2911,21.7328],[77.284,21.7367],[77.2872,21.7447],[77.2799,21.7491],[77.2796,21.7541],[77.2805,21.7587],[77.2898,21.7602],[77.3243,21.7526],[77.3456,21.7577],[77.4042,21.7524],[77.4562,21.7602],[77.4791,21.77],[77.4834,21.7659],[77.478,21.7628],[77.4795,21.7541],[77.5026,21.7458],[77.5118,21.7323],[77.5255,21.7244],[77.5261,21.7115],[77.5331,21.7118],[77.5438,21.7038],[77.5506,21.6824],[77.5618,21.6657],[77.5634,21.6442],[77.5756,21.6208],[77.5726,21.6169],[77.577,21.5549],[77.582,21.5535],[77.5954,21.5594],[77.6086,21.5482],[77.6118,21.5385],[77.595,21.5266],[77.5751,21.5264],[77.5473,21.5367],[77.5204,21.5414],[77.503,21.5523],[77.4744,21.5494],[77.4546,21.5537],[77.4564,21.5462],[77.4497,21.5414],[77.4403,21.5447],[77.4256,21.5378],[77.4224,21.5169],[77.4432,21.4872],[77.4387,21.4786],[77.4417,21.4714],[77.4599,21.4664],[77.4734,21.4546],[77.4717,21.4359],[77.4876,21.4063],[77.4886,21.3742],[77.5144,21.3759],[77.5167,21.3842],[77.5232,21.3889],[77.5321,21.4191],[77.5428,21.4111],[77.5483,21.4113],[77.5477,21.4054],[77.5619,21.396],[77.5624,21.3902],[77.5564,21.3838],[77.5635,21.3691],[77.5734,21.3709],[77.5874,21.3627],[77.6077,21.3646],[77.6056,21.3908],[77.6129,21.3923],[77.6177,21.3869],[77.6431,21.3869],[77.6537,21.3912],[77.656,21.386],[77.6664,21.3841],[77.6642,21.3745],[77.6696,21.3688],[77.6918,21.3975],[77.697,21.3926],[77.6954,21.3779],[77.6974,21.3741],[77.7069,21.3754],[77.7099,21.3573],[77.7371,21.3622],[77.7501,21.3828],[77.7613,21.385],[77.764,21.3814],[77.7966,21.389],[77.8012,21.4095],[77.8225,21.4072],[77.8568,21.3885],[77.8839,21.3842],[77.8831,21.3759],[77.9411,21.3857],[77.9425,21.3965],[77.9847,21.4031],[78.0014,21.4145],[78.0298,21.4214],[78.046,21.4334],[78.0821,21.4448],[78.0988,21.4581],[78.1252,21.469],[78.1763,21.4991],[78.1746,21.5074],[78.1827,21.5112],[78.1713,21.525],[78.1756,21.5275],[78.1743,21.5466],[78.182,21.5566],[78.2234,21.5526],[78.2397,21.5625],[78.274,21.5687],[78.2603,21.5791],[78.2665,21.5917],[78.2752,21.5918],[78.2812,21.5852],[78.303,21.5837],[78.3065,21.5694],[78.3268,21.5746],[78.343,21.5886],[78.3557,21.573],[78.3633,21.5749],[78.378,21.5834],[78.3819,21.5917],[78.3727,21.6134],[78.3874,21.6148],[78.3925,21.6137],[78.3946,21.6078],[78.4069,21.6088],[78.4166,21.6011],[78.4275,21.5989],[78.4193,21.5796],[78.419,21.5706],[78.4256,21.5698],[78.4282,21.5593],[78.4245,21.5443],[78.4349,21.5339],[78.43,21.5275],[78.4387,21.5177],[78.4323,21.5143],[78.436,21.5006],[78.4445,21.5017],[78.4514,21.4965],[78.4571,21.4959],[78.4609,21.5033],[78.4754,21.5008],[78.4759,21.5057],[78.487,21.5055],[78.4949,21.517],[78.5008,21.5169],[78.5049,21.5266],[78.5118,21.5285],[78.5408,21.5235],[78.56,21.5133],[78.5702,21.5143],[78.568,21.5057],[78.5854,21.4867],[78.5951,21.4884],[78.6008,21.4852],[78.6087,21.4889],[78.6202,21.4778],[78.6284,21.4755],[78.6433,21.4854],[78.667,21.477],[78.6884,21.4819],[78.6885,21.4778],[78.7018,21.4761],[78.6999,21.4736],[78.7072,21.4736],[78.7076,21.4704],[78.7282,21.4622],[78.7337,21.4695],[78.7457,21.4702],[78.7447,21.4796],[78.7509,21.493],[78.7669,21.489],[78.7762,21.4644],[78.7802,21.4787],[78.7867,21.4792],[78.7901,21.4863],[78.7961,21.4854],[78.8003,21.4901],[78.8411,21.4869],[78.852,21.4896],[78.8559,21.4945],[78.8681,21.494],[78.8716,21.4896],[78.8909,21.4852],[78.8993,21.5005],[78.9231,21.4874],[78.9367,21.4857],[78.9442,21.5158],[78.9342,21.5232],[78.9272,21.5222],[78.9257,21.5327],[78.9296,21.5403],[78.9066,21.5532],[78.9176,21.561],[78.9316,21.5617],[78.9137,21.5709],[78.9141,21.589],[78.9433,21.5919],[78.9649,21.6049],[78.9753,21.6176],[78.9984,21.619],[79.0028,21.6063],[79.0123,21.5994],[79.0192,21.6026],[79.0634,21.6017],[79.0765,21.6054],[79.0883,21.6038],[79.0893,21.5975],[79.0936,21.598],[79.0933,21.6015],[79.1069,21.6048],[79.1002,21.6174],[79.112,21.6238],[79.1302,21.6257],[79.1382,21.6344],[79.1422,21.6299],[79.1515,21.6403],[79.1684,21.6372],[79.1627,21.6454],[79.1539,21.6464],[79.1595,21.6518],[79.155,21.66],[79.2239,21.6486],[79.224,21.6553],[79.2312,21.6568],[79.2311,21.6702],[79.2217,21.6769],[79.2208,21.6927],[79.2373,21.7132],[79.2312,21.7223],[79.2681,21.7154],[79.2779,21.7094],[79.2906,21.6925],[79.3222,21.6852],[79.3245,21.6878],[79.3542,21.6846],[79.3523,21.6778],[79.3746,21.6782],[79.3925,21.6739],[79.4004,21.6766],[79.4157,21.6912],[79.4222,21.6918],[79.4352,21.6826],[79.4495,21.6818],[79.4607,21.6873],[79.4962,21.674],[79.4962,21.6654],[79.5067,21.6455],[79.5042,21.6408],[79.5076,21.634],[79.5159,21.631],[79.517,21.6253],[79.5162,21.6204],[79.507,21.6211],[79.5037,21.6148],[79.5107,21.6056],[79.512,21.584],[79.5287,21.5793],[79.5425,21.5682],[79.5439,21.5595],[79.5375,21.5488],[79.5406,21.5427],[79.5658,21.5476],[79.5814,21.5413],[79.6185,21.5573],[79.6395,21.5527],[79.652,21.5557],[79.6583,21.5635],[79.6609,21.5769],[79.6754,21.5823],[79.6896,21.581],[79.6991,21.5929],[79.7182,21.5931],[79.7376,21.6039],[79.7543,21.5955],[79.7921,21.5866],[79.8215,21.5615],[79.8312,21.5467],[79.8512,21.5405],[79.8631,21.5308],[79.8822,21.5261],[79.8912,21.518],[79.897,21.5242],[79.9184,21.5244],[79.9222,21.5417],[79.9359,21.5561],[79.9482,21.5541],[79.9715,21.5577],[79.9887,21.5368],[79.9985,21.5334],[80.0329,21.5561],[80.0667,21.5541],[80.0902,21.5745],[80.1011,21.5899],[80.1161,21.5932],[80.1197,21.6099],[80.1546,21.6065],[80.1691,21.6221],[80.1876,21.6285],[80.1928,21.6355],[80.2099,21.6348],[80.2216,21.6209],[80.2459,21.6204],[80.2533,21.6248],[80.2703,21.6159],[80.2808,21.5963],[80.2945,21.5928],[80.2984,21.5755],[80.3177,21.5772],[80.3279,21.5713],[80.3318,21.561],[80.3393,21.5548],[80.3309,21.5511],[80.3311,21.5475],[80.3765,21.5233],[80.3849,21.4997],[80.3841,21.49],[80.3922,21.4866],[80.3905,21.4793],[80.3973,21.4715],[80.4091,21.4673],[80.4222,21.4405],[80.4047,21.4249],[80.409,21.419],[80.3961,21.408],[80.4123,21.3766],[80.4486,21.3721],[80.4497,21.3873],[80.4576,21.4027],[80.4765,21.3949],[80.4811,21.4009],[80.4842,21.3953],[80.501,21.3985],[80.5084,21.3907],[80.5172,21.3951],[80.524,21.3911],[80.5276,21.3948],[80.5318,21.3821],[80.5392,21.3827],[80.5432,21.3706],[80.5639,21.365],[80.5702,21.3575],[80.5654,21.3539],[80.5667,21.3456],[80.5728,21.3427],[80.5814,21.3469],[80.5895,21.3436],[80.5894,21.3335],[80.5978,21.3316],[80.5999,21.3268],[80.6079,21.3239],[80.6112,21.3276],[80.6214,21.3203],[80.6519,21.327],[80.66,21.3341],[80.6711,21.3383],[80.6716,21.3458],[80.6778,21.3488],[80.6802,21.3649],[80.6903,21.3721],[80.6991,21.391],[80.6999,21.4046],[80.7065,21.4116],[80.7057,21.4309],[80.7244,21.4452],[80.7349,21.4599],[80.7374,21.4713],[80.7372,21.481],[80.7276,21.4962],[80.7332,21.5007],[80.7305,21.5156],[80.7408,21.5392],[80.72,21.555],[80.7289,21.5726],[80.7255,21.5801],[80.7154,21.5851],[80.7186,21.5875],[80.7154,21.5903],[80.717,21.603],[80.725,21.6096],[80.7234,21.6141],[80.7309,21.6174],[80.7268,21.6456],[80.7193,21.6454],[80.7144,21.6616],[80.7192,21.6685],[80.716,21.6748],[80.7341,21.6945],[80.7351,21.7039],[80.7261,21.7137],[80.7321,21.7137],[80.7409,21.7446],[80.7561,21.7622],[80.7782,21.7548],[80.7857,21.7472],[80.7854,21.7403],[80.8093,21.7485],[80.8197,21.748],[80.8167,21.7618],[80.8241,21.7701],[80.8231,21.7746],[80.8277,21.776],[80.8255,21.7833],[80.8318,21.7949],[80.8386,21.8003],[80.8372,21.8088],[80.8447,21.8293],[80.8383,21.8372],[80.8414,21.8405],[80.8392,21.8482],[80.8525,21.8542],[80.8422,21.8649],[80.853,21.8727],[80.8501,21.8762],[80.8447,21.8746],[80.8439,21.8807],[80.8318,21.8904],[80.8355,21.9066],[80.832,21.9082],[80.8478,21.9313],[80.8458,21.9397],[80.8414,21.9412],[80.8458,21.9423],[80.8363,21.9495],[80.8333,21.9453],[80.8328,21.95],[80.8288,21.9479],[80.8256,21.9584],[80.8357,21.9544],[80.8383,21.958],[80.8475,21.9558],[80.8567,21.9649],[80.8638,21.9917],[80.8759,22.0135],[80.8758,22.0386],[80.8858,22.0496],[80.8827,22.0591],[80.889,22.0571],[80.8968,22.0644],[80.9079,22.1096],[80.9219,22.12],[80.9476,22.1183],[80.957,22.1104],[80.9718,22.085],[80.97,22.0574],[80.9805,22.0547],[80.9835,22.0486],[80.9944,22.0493],[80.9949,22.0586],[81.0053,22.0616],[81.0091,22.0709],[81.0014,22.0835],[81.0113,22.0956],[80.9905,22.1136],[80.9843,22.1146],[80.981,22.1102],[80.978,22.1226],[80.9946,22.1355],[81.0005,22.1314],[81.0219,22.1328],[81.0222,22.1578],[81.0267,22.1664],[81.0166,22.1856],[81.0224,22.1895],[81.0307,22.1874],[81.0316,22.1997],[81.0195,22.2212],[81.0236,22.2293],[81.0379,22.2339],[81.0501,22.2446],[81.0726,22.2484],[81.0795,22.2394],[81.0915,22.249],[81.1018,22.2783],[81.1187,22.2913],[81.1189,22.3092],[81.1135,22.3242],[81.1212,22.3426],[81.1131,22.3533],[81.1037,22.3834],[81.1112,22.4376],[81.127,22.4493],[81.1551,22.4549],[81.1727,22.4879],[81.1956,22.4906],[81.1999,22.4852],[81.2002,22.4628],[81.2077,22.4566],[81.2322,22.4522],[81.2483,22.4588],[81.2619,22.4722],[81.2621,22.4933],[81.2733,22.4932],[81.2813,22.503],[81.3073,22.4819],[81.3137,22.4829],[81.3152,22.4878],[81.3205,22.486],[81.3228,22.4892],[81.3181,22.4939],[81.3209,22.4953],[81.3176,22.5143],[81.3265,22.5262],[81.3506,22.5176],[81.3543,22.5113],[81.3706,22.5149],[81.382,22.5098],[81.3862,22.4986],[81.3841,22.4898],[81.3915,22.4777],[81.39,22.4523],[81.3964,22.4401],[81.4067,22.441],[81.4229,22.4477],[81.4287,22.4569],[81.4228,22.4701],[81.4278,22.4798],[81.4392,22.4822],[81.441,22.4718],[81.4474,22.4659],[81.4589,22.4693],[81.4466,22.4698],[81.4509,22.4786],[81.4464,22.4762],[81.4425,22.4792],[81.4511,22.4866],[81.4426,22.4944],[81.4526,22.4958],[81.4588,22.4895],[81.4728,22.4938],[81.4847,22.4879],[81.4894,22.5032],[81.4974,22.5117],[81.4966,22.5195],[81.5093,22.5261],[81.5105,22.522],[81.5182,22.5198],[81.5222,22.539],[81.5327,22.5386],[81.5461,22.5276],[81.5625,22.5335],[81.57,22.5323],[81.563,22.534],[81.5627,22.5424],[81.5628,22.5475],[81.5695,22.5508],[81.5862,22.5439],[81.5918,22.5452],[81.6,22.5353],[81.6219,22.538],[81.6287,22.5444],[81.624,22.5559],[81.629,22.5634],[81.6352,22.5653],[81.6362,22.5601],[81.6428,22.5597],[81.6599,22.5695],[81.6555,22.5758],[81.6578,22.5845],[81.6518,22.5809],[81.6455,22.5845],[81.6494,22.589],[81.6472,22.6133],[81.6527,22.6186],[81.6609,22.6193],[81.6624,22.6268],[81.6833,22.6469],[81.6989,22.6448],[81.7131,22.6481],[81.7227,22.6571],[81.7286,22.6765],[81.743,22.6726],[81.752,22.6544],[81.7466,22.6483],[81.7546,22.6464],[81.7685,22.6643],[81.7716,22.6764],[81.7523,22.7267],[81.7548,22.7334],[81.7681,22.7355],[81.7696,22.747],[81.7793,22.7509],[81.7944,22.7665],[81.7836,22.7792],[81.7818,22.811],[81.7694,22.8278],[81.7613,22.8303],[81.7765,22.8517],[81.7757,22.8745],[81.8176,22.8823],[81.8339,22.8809],[81.8421,22.8878],[81.8616,22.8893],[81.8695,22.8945],[81.8661,22.9158],[81.8691,22.9174],[81.8782,22.9098],[81.9189,22.9466],[81.9463,22.9568],[81.9462,22.974],[81.9505,22.983],[81.9215,23.0408],[81.929,23.0499],[81.9295,23.0617],[81.9374,23.0619],[81.9468,23.0691],[81.9422,23.079],[81.9635,23.0759],[81.9679,23.0808],[81.9813,23.0802],[81.9911,23.0866],[82.0082,23.0793],[82.0183,23.0843],[82.0212,23.0803],[82.0348,23.0804],[82.0493,23.0947],[82.0548,23.1073],[82.0701,23.1182],[82.0768,23.1134],[82.1111,23.1094],[82.1258,23.104],[82.1372,23.112],[82.1358,23.1241],[82.1396,23.132],[82.1613,23.1432],[82.1603,23.1615],[82.1442,23.1654],[82.1489,23.1758],[82.1435,23.1793],[82.143,23.1869],[82.1486,23.191],[82.147,23.1957],[82.1537,23.2092],[82.1448,23.2274],[82.1534,23.231],[82.1605,23.2471],[82.1673,23.2462],[82.1743,23.2687],[82.1934,23.278],[82.1922,23.2885],[82.1973,23.3007],[82.1948,23.3086],[82.1994,23.3135],[82.1939,23.3239],[82.1637,23.3347],[82.1621,23.3429],[82.1457,23.3612],[82.1237,23.3538],[82.1171,23.3555],[82.1101,23.3632],[82.1137,23.3842],[82.1034,23.3983],[82.0935,23.3929],[82.0915,23.3983],[82.0711,23.3912],[82.064,23.393],[82.056,23.3768],[82.0445,23.3801],[82.0368,23.3888],[82.0323,23.3825],[82.0219,23.3874],[82.0211,23.3918],[82.0291,23.4002],[82.0238,23.4087],[82.0327,23.41],[82.0255,23.4249],[82.0095,23.412],[81.9997,23.4216],[81.9853,23.4145],[81.9767,23.4238],[81.9839,23.4293],[81.9778,23.442],[81.9804,23.4471],[81.9647,23.4657],[81.955,23.4672],[81.9577,23.5004],[81.9478,23.5011],[81.9423,23.5057],[81.9233,23.5327],[81.9079,23.5354],[81.9044,23.5296],[81.8756,23.5127],[81.8637,23.5176],[81.8364,23.5109],[81.8207,23.5153],[81.817,23.5409],[81.8091,23.5494],[81.7582,23.5499],[81.7548,23.5656],[81.7466,23.5698],[81.7252,23.5569],[81.7225,23.5433],[81.7154,23.5408],[81.6996,23.522],[81.6903,23.5284],[81.6681,23.533],[81.6589,23.529],[81.6623,23.514],[81.6442,23.4819],[81.6394,23.4784],[81.627,23.4821],[81.6217,23.5006],[81.6114,23.5126],[81.6163,23.5308],[81.6103,23.5551],[81.584,23.5536],[81.5767,23.5854],[81.5897,23.5961],[81.5968,23.5924],[81.612,23.5953],[81.6065,23.6139],[81.6142,23.6225],[81.6203,23.6515],[81.6146,23.6629],[81.6445,23.6572],[81.6552,23.6632],[81.6555,23.682],[81.6841,23.691],[81.6959,23.7214],[81.6895,23.7238],[81.6785,23.7394],[81.6867,23.7475],[81.6818,23.7533],[81.6446,23.7702],[81.6514,23.7991],[81.6466,23.8115],[81.6413,23.8148],[81.6358,23.8345],[81.6132,23.8345],[81.6122,23.8432],[81.6032,23.8537],[81.6049,23.8615],[81.6142,23.8617],[81.6222,23.8703],[81.6042,23.8818],[81.6116,23.8923],[81.609,23.9032],[81.6322,23.9059],[81.6578,23.9164],[81.6624,23.9243],[81.6686,23.925],[81.6723,23.9134],[81.6875,23.9065],[81.6904,23.8848],[81.7026,23.8862],[81.7073,23.8824],[81.7038,23.876],[81.7097,23.8713],[81.7075,23.8612],[81.7202,23.8622],[81.732,23.8567],[81.7255,23.8399],[81.7373,23.8392],[81.7731,23.8164],[81.7911,23.8094],[81.7959,23.8149],[81.8087,23.8135],[81.815,23.8065],[81.8228,23.8078],[81.8291,23.8151],[81.8369,23.8162],[81.8382,23.8211],[81.8631,23.8245],[81.8677,23.8342],[81.8881,23.8356],[81.9061,23.8461],[81.9204,23.8706],[81.9396,23.8678],[81.9385,23.8624],[81.9469,23.8619],[81.9461,23.8588],[81.9578,23.8523],[81.9603,23.8556],[81.9772,23.8563],[81.986,23.862],[82.0075,23.8618],[82.0199,23.8494],[82.0442,23.8417],[82.0384,23.8269],[82.0478,23.8251],[82.0527,23.8195],[82.0936,23.8166],[82.1148,23.8179],[82.1215,23.823],[82.1436,23.8164],[82.1618,23.8216],[82.1714,23.8183],[82.1785,23.8217],[82.1808,23.8363],[82.2095,23.8528],[82.2153,23.8411],[82.2081,23.835],[82.2063,23.8274],[82.2255,23.8201],[82.227,23.8083],[82.2318,23.8054],[82.2433,23.8086],[82.2606,23.8213],[82.2816,23.817],[82.2961,23.808],[82.3021,23.8084],[82.3031,23.8127],[82.3148,23.8127],[82.3346,23.8026],[82.3394,23.8087],[82.3497,23.8045],[82.3611,23.8109],[82.3739,23.812],[82.3906,23.8052],[82.3935,23.7999],[82.4373,23.8038],[82.4504,23.8125],[82.4658,23.8121],[82.479,23.806],[82.4889,23.79],[82.4974,23.7849],[82.5234,23.7837],[82.5381,23.7943],[82.5515,23.7907],[82.5484,23.8086],[82.5331,23.8222],[82.5542,23.8262],[82.5647,23.8208],[82.5777,23.8243],[82.5886,23.8215],[82.6075,23.8333],[82.6353,23.8377],[82.6381,23.848],[82.6471,23.8488],[82.6468,23.8592],[82.6604,23.8552],[82.6602,23.8629],[82.6645,23.8626],[82.6684,23.8718],[82.651,23.8895],[82.6616,23.9077],[82.6711,23.9058],[82.6844,23.9104],[82.6889,23.9207],[82.6989,23.925],[82.7524,23.9198],[82.7561,23.9251],[82.7544,23.9342],[82.781,23.9384],[82.7983,23.9508],[82.8017,23.9617],[82.8103,23.9629],[82.8022,23.9793],[82.8086,23.9862],[82.8038,24.0036],[82.7884,24.008],[82.7856,24.0048],[82.7692,24.0055],[82.7506,24.0127],[82.7473,24.0269],[82.7663,24.0464],[82.7741,24.0759],[82.7679,24.0758],[82.7644,24.07],[82.76,24.0772],[82.7536,24.0769],[82.7481,24.0705],[82.7331,24.0786],[82.7139,24.0746],[82.7099,24.0848],[82.7123,24.0886],[82.7049,24.0949],[82.7071,24.0969],[82.6833,24.1093],[82.6774,24.12],[82.6705,24.12],[82.6645,24.1283],[82.6671,24.1369],[82.6742,24.1408],[82.6704,24.1471],[82.683,24.1547],[82.7003,24.1391],[82.7281,24.1356],[82.7293,24.1481],[82.7443,24.1656],[82.7347,24.2173],[82.7364,24.2229],[82.7504,24.2267],[82.7588,24.2368],[82.7556,24.2608],[82.771,24.2951],[82.7728,24.3076],[82.7655,24.3161],[82.7712,24.3284],[82.7666,24.3304],[82.7687,24.3422],[82.7733,24.3438],[82.7644,24.355],[82.7653,24.3655],[82.7697,24.3699],[82.764,24.3707],[82.7644,24.3761],[82.7551,24.3742],[82.7559,24.3698],[82.7254,24.3682],[82.7196,24.3781],[82.7134,24.3803],[82.7218,24.4136],[82.7398,24.4302],[82.7325,24.4314],[82.7351,24.4353],[82.7311,24.4377],[82.7342,24.4466],[82.7312,24.4518],[82.7364,24.4618],[82.7347,24.4706],[82.73,24.4725],[82.7401,24.482],[82.7437,24.4963],[82.7207,24.5138],[82.7206,24.5288],[82.731,24.5348],[82.7193,24.5525],[82.7221,24.5553],[82.743,24.547],[82.743,24.5517],[82.7481,24.5498],[82.7482,24.5613],[82.7681,24.5624],[82.7794,24.5719],[82.8009,24.5802],[82.8026,24.5982],[82.7654,24.5959],[82.7795,24.6141],[82.7719,24.6216],[82.7738,24.6418],[82.7539,24.6409],[82.7532,24.6368],[82.7323,24.6444],[82.7279,24.6353],[82.7227,24.6384],[82.7182,24.6349],[82.7179,24.6425],[82.7068,24.6361],[82.6982,24.647],[82.7016,24.6751],[82.671,24.697],[82.6584,24.6955],[82.6366,24.6825],[82.6074,24.6757],[82.5797,24.6588],[82.5391,24.6478],[82.5293,24.6533],[82.5235,24.6763],[82.4936,24.671],[82.4796,24.6785],[82.4688,24.674],[82.4498,24.6747],[82.4533,24.6886],[82.4391,24.7007],[82.4295,24.7027],[82.4064,24.6813],[82.4141,24.67],[82.4121,24.6601],[82.4185,24.6519],[82.418,24.6415],[82.4097,24.6354],[82.4091,24.6252],[82.4133,24.6203],[82.4109,24.6137],[82.4223,24.5994],[82.4161,24.5912],[82.4044,24.5963],[82.4019,24.5914],[82.3638,24.5976],[82.3498,24.615],[82.3388,24.6203],[82.3289,24.6177],[82.3197,24.6062],[82.3017,24.6077],[82.2985,24.605],[82.2953,24.6085],[82.3038,24.6254],[82.3002,24.6343],[82.3039,24.6439],[82.2998,24.647],[82.3035,24.6538],[82.2961,24.6614],[82.3036,24.6639],[82.303,24.6669],[82.2877,24.6663],[82.2855,24.6755],[82.2687,24.6834],[82.2628,24.6788],[82.2729,24.6746],[82.2609,24.6615],[82.2551,24.6606],[82.2565,24.6685],[82.2492,24.6714],[82.2401,24.6697],[82.239,24.6611],[82.2364,24.677],[82.2298,24.6817],[82.2354,24.6904],[82.2423,24.6948],[82.2463,24.6919],[82.2501,24.6971],[82.2453,24.7034],[82.251,24.7113],[82.2448,24.7305],[82.2554,24.7477],[82.2508,24.7699],[82.2461,24.7697],[82.2503,24.7615],[82.2456,24.7441],[82.2342,24.7606],[82.2314,24.756],[82.2265,24.7612],[82.2248,24.7579],[82.2292,24.7451],[82.2222,24.7466],[82.216,24.7545],[82.207,24.7473],[82.207,24.7432],[82.2176,24.7375],[82.2212,24.722],[82.2138,24.7343],[82.1968,24.7379],[82.1775,24.7323],[82.1975,24.7468],[82.2032,24.7581],[82.1954,24.7642],[82.2,24.7688],[82.1965,24.7781],[82.2093,24.7717],[82.2179,24.7767],[82.2092,24.7785],[82.2162,24.7942],[82.2063,24.7961],[82.1954,24.7919],[82.1843,24.7956],[82.1888,24.8058],[82.2036,24.8192],[82.1911,24.8107],[82.1782,24.8109],[82.1751,24.8009],[82.1667,24.8009],[82.1789,24.7951],[82.1678,24.7912],[82.167,24.7855],[82.1387,24.7995],[82.1319,24.7916],[82.1339,24.788],[82.1203,24.7881],[82.1156,24.7845],[82.1122,24.8005],[82.0977,24.8162],[82.0751,24.822],[82.0716,24.8192],[82.0513,24.8306],[82.0453,24.8286],[82.0313,24.8402],[82.0169,24.846],[81.9716,24.8389],[81.9653,24.8271],[81.9604,24.8368],[81.9442,24.8413],[81.9436,24.8466],[81.938,24.8497],[81.9327,24.8588],[81.9337,24.8707],[81.9079,24.8814],[81.9089,24.8858],[81.9029,24.8917],[81.9197,24.9281],[81.9104,24.9374],[81.9078,24.9704],[81.9041,24.9722],[81.9079,24.9801],[81.9015,24.9865],[81.9071,25.0062],[81.8957,25.0098],[81.9021,25.0005],[81.8913,24.9889],[81.8909,24.9958],[81.8771,24.9994],[81.8742,24.9952],[81.8668,25.0026],[81.8537,25.0026],[81.8488,25.012],[81.8352,25.0173],[81.8322,25.0123],[81.8234,25.0175],[81.8143,25.011],[81.8107,25.0129],[81.8041,25.0019],[81.7927,25.0045],[81.7803,25.0196],[81.7588,25.0269],[81.755,25.0348],[81.7458,25.0335],[81.7402,25.045],[81.7315,25.0487],[81.7237,25.05],[81.719,25.0418],[81.7214,25.0383],[81.7133,25.0361],[81.6898,25.039],[81.6936,25.0488],[81.6823,25.0612],[81.6672,25.0614],[81.6666,25.0751],[81.6524,25.0708],[81.6413,25.0568],[81.6335,25.0594],[81.6275,25.0525],[81.6117,25.0563],[81.6104,25.0613],[81.6173,25.0611],[81.6001,25.0742],[81.6158,25.0805],[81.6213,25.09],[81.6288,25.0913],[81.6287,25.0951],[81.6409,25.099],[81.6287,25.107],[81.633,25.1171],[81.6244,25.12],[81.6204,25.1158],[81.624,25.112],[81.6163,25.1077],[81.6115,25.095],[81.6083,25.096],[81.6101,25.1124],[81.5971,25.119],[81.6024,25.1271],[81.5977,25.1313],[81.6145,25.1444],[81.6233,25.1411],[81.6262,25.1608],[81.6156,25.1691],[81.612,25.1641],[81.6049,25.163],[81.5885,25.1658],[81.5955,25.1819],[81.5787,25.1908],[81.5703,25.1921],[81.556,25.1836],[81.5404,25.1859],[81.5399,25.1807],[81.5256,25.1814],[81.5186,25.1861],[81.5145,25.1837],[81.5147,25.1736],[81.5366,25.1606],[81.5299,25.1509],[81.5231,25.1482],[81.5311,25.145],[81.5273,25.1381],[81.5088,25.1478],[81.4996,25.1487],[81.4966,25.1293],[81.4852,25.1349],[81.48,25.1322],[81.4875,25.1238],[81.4842,25.116],[81.4903,25.1097],[81.5182,25.101],[81.5003,25.0964],[81.5016,25.0782],[81.4935,25.0802],[81.4912,25.0723],[81.4697,25.0794],[81.4648,25.0901],[81.4355,25.0946],[81.4073,25.1051],[81.4147,25.1081],[81.4476,25.1071],[81.4376,25.1241],[81.4383,25.1306],[81.4252,25.1328],[81.4146,25.1284],[81.4061,25.1314],[81.4142,25.121],[81.3995,25.1194],[81.3928,25.1311],[81.3821,25.1362],[81.371,25.1349],[81.3754,25.1417],[81.3689,25.1438],[81.3606,25.1605],[81.3546,25.1638],[81.3447,25.162],[81.3346,25.1693],[81.3196,25.1568],[81.3187,25.144],[81.3252,25.1366],[81.3252,25.1225],[81.3312,25.1147],[81.3214,25.1128],[81.3118,25.1377],[81.3135,25.1637],[81.289,25.1619],[81.2776,25.166],[81.2751,25.1636],[81.2817,25.1521],[81.2662,25.1396],[81.2685,25.1316],[81.2629,25.1254],[81.2649,25.1173],[81.2616,25.1102],[81.2533,25.1076],[81.2521,25.1021],[81.267,25.0845],[81.2595,25.0758],[81.2689,25.0675],[81.2621,25.0582],[81.264,25.0531],[81.2264,25.0016],[81.2208,24.9974],[81.2131,25.0],[81.209,24.9926],[81.2209,24.9776],[81.2072,24.9645],[81.2145,24.958],[81.2147,24.9485],[81.2112,24.9461],[81.2153,24.9329],[81.2206,24.9345],[81.2197,24.9286],[81.2102,24.9226],[81.2017,24.9269],[81.1929,24.9254],[81.2007,24.9318],[81.2072,24.9304],[81.1972,24.9415],[81.1888,24.9447],[81.1852,24.952],[81.1794,24.9499],[81.1722,24.9573],[81.168,24.9552],[81.1638,24.9283],[81.1586,24.9234],[81.1602,24.9136],[81.1455,24.9103],[81.1396,24.8875],[81.1225,24.8997],[81.118,24.9079],[81.1123,24.9074],[81.1034,24.9186],[81.0963,24.9212],[81.0871,24.9332],[81.0901,24.9455],[81.0848,24.9497],[81.0335,24.9526],[81.0259,24.9487],[81.0285,24.9436],[81.0244,24.9436],[81.0256,24.9401],[81.0159,24.9513],[81.0136,24.9478],[81.0289,24.9333],[81.0247,24.9331],[81.0231,24.9276],[81.0169,24.931],[81.0131,24.928],[81.0096,24.9358],[81.0045,24.9372],[80.9867,24.9233],[80.9826,24.9268],[80.9859,24.9325],[80.9741,24.9342],[80.9648,24.9301],[80.9658,24.9261],[80.9572,24.9179],[80.9589,24.9388],[80.9477,24.941],[80.9543,24.9535],[80.9467,24.9663],[80.8992,24.9486],[80.8989,24.9428],[80.9068,24.9352],[80.8926,24.9453],[80.8793,24.9396],[80.8814,24.9352],[80.874,24.9358],[80.8607,24.9286],[80.8568,24.9316],[80.8376,24.9284],[80.8358,24.9196],[80.8122,24.9225],[80.8202,24.933],[80.8083,24.9385],[80.8058,24.9436],[80.81,24.9527],[80.7923,24.9649],[80.8113,24.9702],[80.8159,24.9662],[80.824,24.9678],[80.8262,24.9765],[80.8331,24.982],[80.8456,24.9837],[80.8522,24.9887],[80.8552,25.004],[80.8366,25.0227],[80.8318,25.0329],[80.8401,25.0334],[80.8464,25.0444],[80.8555,25.0473],[80.8781,25.0655],[80.8764,25.0734],[80.8676,25.0753],[80.8796,25.0993],[80.8685,25.1157],[80.8789,25.1257],[80.8796,25.1383],[80.8887,25.1325],[80.8948,25.134],[80.8946,25.1382],[80.9129,25.1591],[80.9036,25.1596],[80.8823,25.1831],[80.8847,25.188],[80.8694,25.1745],[80.8642,25.1824],[80.8571,25.1809],[80.8442,25.1869],[80.8382,25.1806],[80.8491,25.1626],[80.8401,25.1562],[80.8365,25.1339],[80.8429,25.1124],[80.8389,25.1047],[80.8348,25.1062],[80.8299,25.1],[80.8277,25.1153],[80.8244,25.1161],[80.8267,25.1215],[80.812,25.1241],[80.8153,25.1317],[80.8083,25.1369],[80.7971,25.1366],[80.7945,25.1304],[80.7864,25.1295],[80.7782,25.1423],[80.7718,25.1324],[80.7539,25.1328],[80.742,25.1235],[80.7368,25.1354],[80.7327,25.1333],[80.7349,25.1394],[80.7304,25.1466],[80.7279,25.1377],[80.7217,25.1352],[80.7211,25.1388],[80.7184,25.1305],[80.7044,25.1284],[80.7077,25.1177],[80.7241,25.1216],[80.7274,25.1185],[80.7306,25.1129],[80.7233,25.1051],[80.7255,25.0914],[80.7348,25.0891],[80.7366,25.0949],[80.7521,25.0925],[80.7573,25.0904],[80.7571,25.082],[80.7834,25.0759],[80.7875,25.0617],[80.7762,25.0548],[80.7663,25.0528],[80.7523,25.0569],[80.7369,25.053],[80.7291,25.0672],[80.7171,25.0691],[80.7195,25.0645],[80.7123,25.0587],[80.6796,25.0486],[80.6803,25.058],[80.676,25.056],[80.6741,25.0605],[80.6838,25.0672],[80.6846,25.0771],[80.673,25.0826],[80.6617,25.0676],[80.6591,25.0835],[80.641,25.0873],[80.6404,25.0925],[80.6393,25.0872],[80.6289,25.0905],[80.6272,25.0833],[80.6075,25.0982],[80.6188,25.1002],[80.6195,25.1082],[80.6271,25.1171],[80.6323,25.1132],[80.6383,25.1167],[80.6325,25.1226],[80.6347,25.1287],[80.6289,25.1335],[80.6223,25.135],[80.6113,25.1279],[80.6127,25.1432],[80.6066,25.1504],[80.6011,25.15],[80.5968,25.1437],[80.595,25.1272],[80.6072,25.1179],[80.5976,25.114],[80.5924,25.1032],[80.5977,25.0889],[80.5924,25.0902],[80.5981,25.0793],[80.5982,25.0873],[80.6067,25.0867],[80.6132,25.0657],[80.6043,25.0691],[80.5954,25.0794],[80.5759,25.0815],[80.5684,25.0869],[80.5647,25.0705],[80.5523,25.0628],[80.5454,25.0645],[80.5403,25.0719],[80.5334,25.0702],[80.5215,25.0762],[80.5182,25.0947],[80.5049,25.0996],[80.4879,25.0967],[80.4827,25.1002],[80.4808,25.093],[80.5067,25.084],[80.5034,25.0731],[80.4964,25.073],[80.5091,25.0588],[80.501,25.0515],[80.5006,25.0416],[80.5142,25.0434],[80.5461,25.0324],[80.5475,25.0249],[80.5414,25.0167],[80.5495,25.0025],[80.5309,25.0013],[80.5176,25.0088],[80.5147,25.003],[80.4993,25.0062],[80.4926,24.9894],[80.4804,24.986],[80.4789,24.974],[80.4653,24.9758],[80.4562,24.9816],[80.4595,24.9848],[80.4559,24.9913],[80.4642,24.9952],[80.4624,25.0025],[80.4476,25.0016],[80.4448,24.9944],[80.4371,24.9945],[80.4368,25.0015],[80.4549,25.0057],[80.4525,25.0152],[80.4475,25.0142],[80.4441,25.0209],[80.4331,25.0237],[80.4545,25.0422],[80.4744,25.0305],[80.4849,25.0337],[80.4956,25.0291],[80.5019,25.0373],[80.4888,25.0435],[80.4752,25.0379],[80.4636,25.068],[80.4515,25.0622],[80.4515,25.069],[80.4464,25.0711],[80.4527,25.0747],[80.4497,25.0785],[80.4396,25.0752],[80.4331,25.0658],[80.4161,25.0732],[80.4168,25.063],[80.4087,25.0553],[80.4041,25.0617],[80.4053,25.0677],[80.4023,25.0658],[80.4007,25.0696],[80.3996,25.0644],[80.3923,25.0638],[80.388,25.0509],[80.3736,25.0559],[80.3749,25.049],[80.3705,25.0427],[80.3854,25.0418],[80.3899,25.0356],[80.3876,25.0325],[80.3833,25.0353],[80.3779,25.027],[80.387,25.024],[80.3851,25.0183],[80.3965,25.012],[80.3873,25.0043],[80.3785,25.0044],[80.3775,25.0196],[80.363,25.0236],[80.3574,25.0116],[80.352,25.0175],[80.3417,25.0135],[80.331,24.9922],[80.3207,25.0028],[80.3083,25.0059],[80.2998,25.0156],[80.2737,25.026],[80.2879,25.0381],[80.2849,25.054],[80.2906,25.0595],[80.3114,25.0442],[80.3212,25.0499],[80.3316,25.0479],[80.3368,25.0591],[80.3437,25.0534],[80.3555,25.0557],[80.356,25.0616],[80.3458,25.0649],[80.3516,25.0812],[80.3485,25.0867],[80.3566,25.0949],[80.3705,25.0997],[80.3761,25.1164],[80.3547,25.1264],[80.3546,25.1384],[80.3623,25.1444],[80.3766,25.1458],[80.3902,25.1584],[80.4199,25.1632],[80.4317,25.1776],[80.4078,25.218],[80.4108,25.2241],[80.4034,25.244],[80.3963,25.2464],[80.3887,25.2375],[80.3836,25.2373],[80.3568,25.2618],[80.3515,25.2772],[80.3255,25.2782],[80.3108,25.2864],[80.3112,25.2982],[80.3214,25.3123],[80.3189,25.3222],[80.3227,25.3321],[80.3124,25.3441],[80.3096,25.3544],[80.3113,25.3606],[80.3203,25.3661],[80.3154,25.3889],[80.2885,25.417],[80.2639,25.4241],[80.2535,25.4008],[80.2362,25.4079],[80.2209,25.3968],[80.2062,25.4045],[80.2076,25.4114],[80.2024,25.414],[80.1959,25.4019],[80.1949,25.378],[80.169,25.3769],[80.1672,25.3639],[80.1488,25.3571],[80.1311,25.3342],[80.1266,25.3403],[80.089,25.3558],[80.0727,25.3368],[80.0615,25.3403],[80.0422,25.3381],[80.0335,25.3421],[80.0185,25.3214],[80.0243,25.3118],[80.0223,25.2976],[80.0122,25.2956],[79.9987,25.2856],[79.9986,25.2776],[80.007,25.2726],[80.0048,25.2672],[79.9867,25.2674],[79.9808,25.2618],[79.9685,25.2665],[79.9532,25.2645],[79.9483,25.2687],[79.9388,25.258],[79.9366,25.2475],[79.9276,25.2496],[79.9175,25.2268],[79.9165,25.2446],[79.9075,25.2509],[79.9021,25.2408],[79.8929,25.2415],[79.8779,25.251],[79.8645,25.2364],[79.8514,25.2356],[79.8527,25.2251],[79.8686,25.2165],[79.856,25.194],[79.8651,25.188],[79.8631,25.1771],[79.8701,25.1723],[79.8665,25.1498],[79.8815,25.1421],[79.8661,25.1411],[79.8516,25.1286],[79.848,25.1105],[79.8615,25.0962],[79.845,25.094],[79.8287,25.0993],[79.824,25.1083],[79.8083,25.11],[79.7485,25.1397],[79.7356,25.1313],[79.7172,25.1288],[79.6833,25.1352],[79.6731,25.1205],[79.6495,25.1298],[79.6415,25.1269],[79.6227,25.1405],[79.6214,25.1351],[79.6001,25.1278],[79.6065,25.1524],[79.5959,25.1433],[79.5937,25.1486],[79.5815,25.1511],[79.5754,25.17],[79.5692,25.1718],[79.5685,25.1691],[79.5604,25.17],[79.5516,25.1609],[79.5418,25.1432],[79.532,25.1391],[79.5332,25.1337],[79.518,25.1268],[79.525,25.0974],[79.5054,25.0954],[79.5001,25.0835],[79.4915,25.0796],[79.4827,25.0797],[79.4725,25.0877],[79.4651,25.088],[79.4772,25.1275],[79.4715,25.1281],[79.4402,25.1014],[79.4374,25.1098],[79.4263,25.1191],[79.4196,25.1111],[79.4053,25.1062],[79.3933,25.1172],[79.3962,25.1284],[79.3876,25.1303],[79.3908,25.1412],[79.384,25.1428],[79.3903,25.1701],[79.4118,25.1826],[79.4084,25.1947],[79.4122,25.2003],[79.4404,25.1989],[79.449,25.2149],[79.4356,25.2169],[79.4328,25.2206],[79.447,25.2445],[79.4571,25.2486],[79.4625,25.2647],[79.4756,25.261],[79.4763,25.2651],[79.4931,25.2621],[79.4945,25.2669],[79.4819,25.2686],[79.4793,25.2784],[79.4672,25.2833],[79.4665,25.2797],[79.4612,25.2825],[79.4586,25.2798],[79.4629,25.2716],[79.4367,25.2547],[79.4087,25.2561],[79.4076,25.2739],[79.3946,25.2828],[79.389,25.2795],[79.3877,25.2858],[79.3686,25.2924],[79.3673,25.2811],[79.3739,25.2725],[79.3699,25.26],[79.3629,25.2617],[79.3553,25.2659],[79.3583,25.2842],[79.3361,25.2881],[79.3466,25.3051],[79.3397,25.3112],[79.3413,25.3189],[79.3522,25.3298],[79.3444,25.3323],[79.339,25.3292],[79.3269,25.3347],[79.3088,25.334],[79.2998,25.3377],[79.2957,25.3236],[79.279,25.324],[79.2705,25.3097],[79.2645,25.2689],[79.2735,25.2606],[79.2826,25.2621],[79.2938,25.2836],[79.3165,25.256],[79.3285,25.2569],[79.3352,25.2698],[79.3509,25.2639],[79.3452,25.2518],[79.3439,25.2273],[79.333,25.228],[79.3521,25.2122],[79.3385,25.198],[79.3283,25.2098],[79.3287,25.2213],[79.3247,25.2184],[79.3105,25.223],[79.307,25.2249],[79.3081,25.232],[79.2995,25.2398],[79.285,25.2459],[79.2794,25.2447],[79.2862,25.2264],[79.282,25.2099],[79.2847,25.1911],[79.2922,25.1842],[79.3015,25.2014],[79.3085,25.1982],[79.3102,25.1821],[79.3044,25.1781],[79.3232,25.1498],[79.3153,25.1471],[79.3136,25.1361],[79.307,25.1293],[79.2868,25.1314],[79.283,25.1173],[79.26,25.1252],[79.2689,25.1384],[79.2638,25.1407],[79.2665,25.1461],[79.2605,25.1532],[79.2602,25.1475],[79.2459,25.1335],[79.2433,25.1223],[79.2481,25.116],[79.2404,25.1131],[79.2274,25.1218],[79.2171,25.1107],[79.2125,25.1135],[79.2136,25.1207],[79.2038,25.1256],[79.2043,25.1399],[79.1922,25.1462],[79.1762,25.1401],[79.1746,25.1282],[79.1873,25.1264],[79.186,25.1149],[79.1779,25.1156],[79.1732,25.1081],[79.1593,25.1077],[79.1577,25.1117],[79.1439,25.1151],[79.1402,25.1089],[79.124,25.111],[79.1235,25.1154],[79.1321,25.1274],[79.116,25.1399],[79.1259,25.1613],[79.0958,25.175],[79.0906,25.1911],[79.0886,25.1846],[79.0714,25.1705],[79.0678,25.1496],[79.0508,25.1343],[79.0294,25.1406],[79.0368,25.1616],[79.0318,25.1643],[79.04,25.1712],[79.0343,25.1744],[79.0309,25.1849],[79.0523,25.2077],[79.054,25.202],[79.0485,25.1937],[79.052,25.1877],[79.0596,25.1907],[79.0643,25.1997],[79.0603,25.2013],[79.0636,25.222],[79.0335,25.2341],[79.0399,25.2429],[79.0222,25.2413],[79.0179,25.2495],[79.0256,25.2612],[79.0209,25.2646],[79.0225,25.2686],[79.0132,25.274],[78.9944,25.2732],[78.9949,25.2671],[78.9868,25.2641],[78.9748,25.2405],[78.9761,25.2367],[78.9846,25.2396],[78.9829,25.2343],[79.0012,25.2337],[79.001,25.221],[79.0074,25.212],[79.0059,25.195],[78.9928,25.1969],[78.9806,25.2055],[78.9806,25.2115],[78.9703,25.2164],[78.965,25.2172],[78.9631,25.2111],[78.9538,25.219],[78.9516,25.2128],[78.9343,25.2119],[78.9252,25.2045],[78.903,25.1704],[78.8804,25.1576],[78.8799,25.1711],[78.8743,25.1724],[78.8706,25.187],[78.8828,25.1979],[78.8906,25.2144],[78.8704,25.2264],[78.8695,25.2311],[78.8809,25.254],[78.8998,25.2431],[78.917,25.2736],[78.9292,25.2698],[78.9376,25.2597],[78.9451,25.2594],[78.9546,25.2614],[78.9539,25.2693],[78.9487,25.2742],[78.9555,25.2828],[78.9735,25.2772],[78.9799,25.279],[78.9756,25.2881],[78.9574,25.3022],[78.9606,25.3451],[78.9532,25.3405],[78.9477,25.3421],[78.9463,25.3339],[78.9279,25.3241],[78.9322,25.3359],[78.9225,25.3429],[78.9118,25.3326],[78.882,25.3436],[78.8813,25.3249],[78.8676,25.3255],[78.8627,25.3145],[78.8641,25.3102],[78.8744,25.3087],[78.8718,25.2995],[78.8799,25.2858],[78.875,25.2784],[78.8666,25.2804],[78.865,25.2647],[78.8563,25.2566],[78.8574,25.244],[78.8497,25.2288],[78.8428,25.2277],[78.8327,25.2525],[78.8229,25.2562],[78.8095,25.2705],[78.8181,25.2831],[78.8184,25.2989],[78.8286,25.3027],[78.8172,25.3067],[78.7988,25.2892],[78.7878,25.296],[78.7982,25.3139],[78.8193,25.3069],[78.8219,25.3161],[78.8344,25.3232],[78.8426,25.3365],[78.8472,25.3368],[78.8462,25.327],[78.8499,25.3349],[78.841,25.345],[78.8473,25.3505],[78.8457,25.3556],[78.8595,25.3631],[78.8718,25.3809],[78.8814,25.3823],[78.8802,25.3859],[78.9138,25.3843],[78.9178,25.3962],[78.9297,25.3959],[78.9317,25.3999],[78.936,25.3951],[78.9402,25.4004],[78.9531,25.4001],[78.9575,25.3937],[78.9421,25.3829],[78.9383,25.3748],[78.9159,25.3814],[78.9126,25.3771],[78.8991,25.3777],[78.8964,25.3741],[78.9013,25.3616],[78.9232,25.3588],[78.9269,25.3517],[78.9387,25.347],[78.9592,25.3715],[78.9752,25.3661],[78.9893,25.374],[78.9875,25.3813],[78.9699,25.3901],[78.9738,25.3979],[78.9684,25.4046],[78.9763,25.42],[78.97,25.4231],[78.9672,25.4344],[78.9509,25.4406],[78.9383,25.4222],[78.9324,25.424],[78.9326,25.4303],[78.9217,25.4324],[78.9089,25.4424],[78.9235,25.4538],[78.924,25.4595],[78.9361,25.4616],[78.9439,25.4829],[78.9267,25.4901],[78.9422,25.4921],[78.933,25.4994],[78.935,25.5053],[78.9271,25.5074],[78.92,25.5153],[78.9271,25.5248],[78.9364,25.5198],[78.9528,25.5375],[78.9475,25.5409],[78.9518,25.5488],[78.9394,25.5572],[78.9279,25.5498],[78.9234,25.5359],[78.9165,25.5455],[78.9171,25.5523],[78.9112,25.5552],[78.9056,25.5512],[78.8952,25.5553],[78.8826,25.554],[78.8743,25.5409],[78.8864,25.5324],[78.8844,25.5156],[78.8761,25.5175],[78.8665,25.512],[78.8415,25.5125],[78.835,25.5058],[78.8328,25.4995],[78.8423,25.499],[78.8401,25.4933],[78.8556,25.4884],[78.8603,25.4713],[78.8662,25.4657],[78.8607,25.445],[78.8564,25.4468],[78.8441,25.4278],[78.8316,25.4316],[78.828,25.4282],[78.8207,25.4387],[78.8258,25.4433],[78.8405,25.4417],[78.8549,25.4476],[78.8352,25.4548],[78.8409,25.4615],[78.8312,25.4611],[78.8206,25.4678],[78.8092,25.4535],[78.8063,25.4545],[78.8183,25.4717],[78.7916,25.4834],[78.7763,25.4784],[78.7679,25.4694],[78.7582,25.4755],[78.7572,25.4807],[78.7476,25.4843],[78.7449,25.4994],[78.738,25.4948],[78.7328,25.4842],[78.7321,25.4576],[78.7378,25.4494],[78.7523,25.4468],[78.7624,25.4269],[78.7707,25.4228],[78.7851,25.4358],[78.803,25.4371],[78.8214,25.4225],[78.8197,25.4199],[78.7991,25.4229],[78.7958,25.4164],[78.7878,25.4198],[78.7825,25.4157],[78.7749,25.4199],[78.7483,25.4098],[78.7452,25.4002],[78.7484,25.3916],[78.7648,25.4019],[78.768,25.4],[78.7652,25.3909],[78.7569,25.3854],[78.7737,25.3761],[78.7659,25.3692],[78.7746,25.353],[78.7548,25.3515],[78.7528,25.3459],[78.7403,25.3449],[78.7316,25.3487],[78.7267,25.3434],[78.7095,25.3513],[78.7086,25.3621],[78.7147,25.373],[78.7052,25.3733],[78.6998,25.3819],[78.6947,25.3737],[78.6601,25.384],[78.6648,25.3933],[78.6585,25.4087],[78.6657,25.4154],[78.6745,25.3998],[78.7057,25.4204],[78.7115,25.4281],[78.6891,25.4457],[78.6821,25.4335],[78.6582,25.441],[78.6562,25.437],[78.6411,25.4333],[78.6448,25.4146],[78.6352,25.4007],[78.6253,25.4017],[78.6231,25.4134],[78.6106,25.416],[78.602,25.4089],[78.5995,25.3924],[78.5914,25.3859],[78.5807,25.3864],[78.5729,25.3924],[78.5665,25.3908],[78.5619,25.3784],[78.5651,25.376],[78.5778,25.3817],[78.5872,25.3726],[78.585,25.3468],[78.5622,25.3409],[78.5524,25.356],[78.5364,25.3595],[78.5296,25.3534],[78.542,25.345],[78.5375,25.3397],[78.5399,25.3279],[78.5531,25.3197],[78.5349,25.3109],[78.533,25.3009],[78.5104,25.2953],[78.5033,25.3015],[78.5043,25.3204],[78.4983,25.3201],[78.4843,25.3009],[78.478,25.2985],[78.4776,25.2895],[78.4729,25.2855],[78.4712,25.2903],[78.4538,25.3013],[78.4403,25.2955],[78.435,25.2842],[78.4383,25.2746],[78.4505,25.2621],[78.465,25.2666],[78.5034,25.2896],[78.5125,25.2767],[78.5317,25.284],[78.5346,25.2681],[78.5569,25.266],[78.578,25.2533],[78.5681,25.2408],[78.5678,25.2308],[78.5558,25.2092],[78.5628,25.2215],[78.5702,25.2239],[78.5705,25.2052],[78.5951,25.1675],[78.6031,25.1469],[78.6057,25.1089],[78.6022,25.0949],[78.612,25.088],[78.6281,25.0862],[78.6526,25.0506],[78.6534,25.0314],[78.6457,25.0186],[78.644,24.9843],[78.64,24.9721],[78.633,24.9671],[78.6317,24.9577],[78.6361,24.9593],[78.6522,24.948],[78.6519,24.9384],[78.6634,24.9384],[78.6672,24.9138],[78.6766,24.8986],[78.6967,24.8932],[78.7109,24.8797],[78.7222,24.8817],[78.7468,24.8652],[78.7539,24.8688],[78.7622,24.86],[78.77,24.859],[78.7748,24.8497],[78.7759,24.8307],[78.7898,24.811],[78.787,24.8013],[78.7704,24.7884],[78.77,24.7581],[78.7766,24.7518],[78.7723,24.7431],[78.7733,24.7312],[78.781,24.7061],[78.7712,24.6914],[78.7636,24.6903],[78.7652,24.6809],[78.7611,24.6702],[78.7468,24.6627],[78.7439,24.6541],[78.752,24.6424],[78.7548,24.62],[78.7511,24.6172],[78.7546,24.6038],[78.752,24.6002],[78.7838,24.5886],[78.799,24.5944],[78.8032,24.6035],[78.8168,24.601],[78.8346,24.6046],[78.8433,24.6233],[78.8525,24.6247],[78.8555,24.6178],[78.8598,24.6176],[78.8662,24.6274],[78.868,24.64],[78.8832,24.6413],[78.8894,24.6296],[78.8962,24.6257],[78.9006,24.6072],[78.9126,24.6002],[78.9201,24.5748],[78.9249,24.575],[78.935,24.5608],[78.9464,24.5571],[78.9471,24.5507],[78.9532,24.5469],[78.9437,24.5345],[78.9514,24.5187],[78.9473,24.5024],[78.9715,24.4942],[78.9635,24.4835],[78.9377,24.4788],[78.9272,24.4821],[78.9371,24.491],[78.9206,24.4997],[78.9122,24.4734],[78.9142,24.4596],[78.9283,24.4602],[78.9399,24.4534],[78.9474,24.4366],[78.9858,24.4417],[78.9936,24.4227],[78.984,24.4103],[78.9698,24.3691],[78.9715,24.3476],[78.963,24.3442],[78.9412,24.3153],[78.9096,24.298],[78.9116,24.288],[78.9187,24.283],[78.9167,24.269],[78.8846,24.2505],[78.888,24.227],[78.8823,24.2175],[78.8604,24.2092],[78.8471,24.2139],[78.8265,24.1954],[78.8216,24.2043],[78.8151,24.207],[78.8142,24.1848],[78.8064,24.1784],[78.7894,24.1771],[78.7855,24.1835],[78.7811,24.206],[78.7674,24.2202],[78.7644,24.2311],[78.7682,24.2519],[78.7619,24.2595],[78.7597,24.2442],[78.7486,24.233],[78.7404,24.235],[78.7413,24.2473],[78.7343,24.2525],[78.7279,24.2482],[78.7256,24.2364],[78.7087,24.2343],[78.7031,24.2269],[78.6825,24.2382],[78.6686,24.24],[78.6602,24.2674],[78.6493,24.2716],[78.6385,24.2852],[78.6315,24.2864],[78.6257,24.2806],[78.62,24.2929],[78.6285,24.3038],[78.6191,24.3103],[78.6182,24.307],[78.6096,24.3085],[78.6036,24.3145],[78.596,24.3353],[78.5893,24.3377],[78.5843,24.3463],[78.5861,24.3537],[78.5752,24.3554],[78.5732,24.351],[78.5384,24.3679],[78.5299,24.3681],[78.5298,24.3789],[78.5186,24.3878],[78.502,24.3903],[78.4936,24.3814],[78.4744,24.3563],[78.478,24.339],[78.4439,24.3193],[78.4459,24.3159],[78.4376,24.3086],[78.4402,24.2962],[78.4311,24.284],[78.4186,24.285],[78.4136,24.2727],[78.4,24.272],[78.3884,24.2633],[78.3793,24.283],[78.3703,24.284],[78.3663,24.2911],[78.3479,24.2995],[78.3437,24.3173],[78.3291,24.3271],[78.3579,24.3676],[78.3697,24.3749],[78.3658,24.386],[78.3489,24.3874],[78.3407,24.4021],[78.3219,24.4088],[78.307,24.4231],[78.2697,24.4469],[78.2642,24.4557],[78.275,24.4739],[78.2459,24.4861],[78.246,24.5095],[78.2258,24.5201],[78.2294,24.5375],[78.2645,24.5522],[78.2648,24.5675],[78.2673,24.5759],[78.2729,24.5794],[78.278,24.6147],[78.2653,24.6314],[78.2627,24.646],[78.2767,24.663],[78.2653,24.6793],[78.2575,24.7042],[78.2261,24.7469],[78.2256,24.753],[78.235,24.7638],[78.2357,24.7717],[78.2167,24.8086],[78.1976,24.8398],[78.1733,24.8467],[78.169,24.8626],[78.1735,24.879],[78.2106,24.8948],[78.2238,24.9153],[78.266,24.941],[78.2791,24.9561],[78.2946,24.963],[78.3186,24.9908],[78.334,24.9949],[78.3474,25.0215],[78.3355,25.0666],[78.3386,25.0866],[78.3835,25.1017],[78.4068,25.1289],[78.4344,25.1201],[78.4468,25.1218],[78.4479,25.1281],[78.4274,25.1459],[78.4273,25.154],[78.4479,25.1527],[78.4583,25.1637],[78.4516,25.1689],[78.4434,25.1655],[78.4234,25.1693],[78.4247,25.1721],[78.4164,25.1764],[78.4166,25.1835],[78.3953,25.1879],[78.3913,25.2012],[78.4109,25.2127],[78.3821,25.2226],[78.3771,25.2278],[78.3785,25.2387],[78.3674,25.2368],[78.3598,25.2422],[78.3725,25.2599],[78.3605,25.2727],[78.3501,25.2773],[78.3546,25.2923],[78.334,25.2924],[78.3117,25.3033],[78.3227,25.3163],[78.3438,25.3285],[78.3375,25.3302],[78.3276,25.3526],[78.3008,25.3599],[78.3053,25.3767],[78.3079,25.3812],[78.3168,25.3787],[78.3224,25.3874],[78.3405,25.3995],[78.3431,25.42],[78.3389,25.431],[78.347,25.4353],[78.3545,25.452],[78.3602,25.4515],[78.3695,25.4383],[78.3777,25.4368],[78.395,25.4442],[78.4003,25.4635],[78.4141,25.4698],[78.4165,25.4765],[78.4278,25.4712],[78.4313,25.4736],[78.4287,25.4879],[78.4168,25.5018],[78.4188,25.509],[78.4289,25.5115],[78.4191,25.5181],[78.4194,25.5328],[78.4283,25.5504],[78.4436,25.5632],[78.4494,25.5633],[78.4466,25.5594],[78.451,25.5518],[78.4647,25.5455],[78.4698,25.5535],[78.4666,25.5534],[78.4669,25.5593],[78.4933,25.5787],[78.5241,25.5669],[78.5327,25.5717],[78.5447,25.5616],[78.5606,25.559],[78.5692,25.5646],[78.5877,25.5566],[78.5979,25.5705],[78.6117,25.5699],[78.6108,25.578],[78.6181,25.5837],[78.6308,25.5789],[78.6242,25.5674],[78.6583,25.5599],[78.6789,25.5853],[78.6951,25.5878],[78.7042,25.5979],[78.7163,25.5995],[78.7173,25.6053],[78.7246,25.6022],[78.7318,25.6063],[78.7422,25.597],[78.7662,25.6102],[78.7939,25.6124],[78.8118,25.6208],[78.8117,25.6321],[78.8199,25.6486],[78.8167,25.6763],[78.8069,25.6844],[78.8045,25.6923],[78.7956,25.6967],[78.7999,25.7051],[78.7836,25.7087],[78.7748,25.717],[78.7633,25.7199],[78.7557,25.7305],[78.7529,25.7509],[78.7588,25.7545],[78.7704,25.7489],[78.7741,25.7595],[78.7829,25.7582],[78.786,25.7692],[78.8083,25.8009],[78.8287,25.7956],[78.8328,25.8096],[78.828,25.8144],[78.8197,25.816],[78.8141,25.8071],[78.8055,25.8136],[78.8182,25.8291],[78.8437,25.8234],[78.8463,25.8126],[78.8506,25.8112],[78.8524,25.8565],[78.8646,25.8716],[78.8765,25.8759],[78.8873,25.8686],[78.8901,25.8745],[78.8919,25.8803],[78.887,25.8832],[78.895,25.8951],[78.8833,25.9092],[78.8846,25.9139],[78.8986,25.9179],[78.9097,25.9315],[78.9082,25.9345],[78.9267,25.9468],[78.939,25.9427],[78.9333,25.9482],[78.9371,25.9528],[78.9305,25.9589],[78.9376,25.9645],[78.9378,25.9738],[78.9332,25.9793],[78.9361,25.9818],[78.9435,25.9789],[78.9532,25.9891],[78.9483,25.9932],[78.9568,25.9965],[78.9466,26.0012],[78.9445,26.0063],[78.9535,26.0152],[78.9483,26.0278],[78.9697,26.0458],[78.974,26.0448],[78.9734,26.0507],[78.9802,26.0481],[78.9862,26.0537],[78.9907,26.0688],[79.0027,26.0667],[79.0121,26.0832],[79.0087,26.0932],[79.0021,26.0902],[78.9936,26.0937],[78.9756,26.1052],[78.9769,26.116],[78.9585,26.128],[78.9489,26.1287],[78.9516,26.1343],[78.9629,26.1365],[78.967,26.1501],[78.9796,26.1512],[78.9943,26.1462],[78.9985,26.15],[79.0049,26.1481],[79.0082,26.1564],[79.0045,26.1692],[78.9947,26.1729],[78.983,26.1843],[78.9937,26.1969],[78.9977,26.1985],[79.0069,26.1917],[79.0265,26.1913],[79.0201,26.1982],[79.0278,26.2033],[79.0258,26.2201],[78.9966,26.228],[78.9894,26.235],[78.9968,26.2419],[79.0037,26.2444],[79.009,26.2418],[79.0194,26.2476],[79.0307,26.2393],[79.0349,26.2253],[79.0634,26.2259],[79.0624,26.2365],[79.0709,26.2415],[79.0697,26.2457],[79.0543,26.2503],[79.0456,26.2603],[79.0557,26.2589],[79.0535,26.2627],[79.0647,26.2771],[79.077,26.2807],[79.0844,26.2797],[79.0836,26.2755],[79.0907,26.2701],[79.0965,26.2785],[79.0899,26.2878],[79.1019,26.3069],[79.1095,26.3066],[79.1186,26.3004],[79.1175,26.3052],[79.1249,26.3116],[79.1198,26.3126],[79.1155,26.3205],[79.1249,26.3224],[79.1252,26.3271],[79.1274,26.3219],[79.135,26.3248],[79.1326,26.3354],[79.1388,26.3375],[79.1284,26.3389],[79.1163,26.3498],[79.1093,26.3522],[79.1054,26.3493],[79.0982,26.3555],[79.0891,26.3547],[79.0842,26.3624],[79.0873,26.3685],[79.0964,26.3724],[79.0964,26.3831],[79.089,26.3965],[79.0952,26.4126],[79.1047,26.4064],[79.126,26.4113],[79.1243,26.4226],[79.1352,26.4401],[79.0997,26.4526],[79.0952,26.4424],[79.0872,26.4463],[79.0837,26.4417],[79.0699,26.4419],[79.062,26.4538],[79.0526,26.4537],[79.0717,26.4789],[79.0678,26.4846],[79.0681,26.4966],[79.0563,26.4951],[79.0449,26.5103],[79.0486,26.518],[79.0397,26.5151],[79.0398,26.5299],[79.0266,26.5357],[79.0283,26.5467],[79.0189,26.541],[79.0146,26.5462],[79.0077,26.5439],[79.007,26.5486],[79.0144,26.5507],[79.0063,26.5594],[79.0072,26.5655],[79.0002,26.5784],[78.9899,26.579],[78.9891,26.5956],[79.0165,26.6007],[79.0084,26.6238],[78.9936,26.641],[79.0084,26.6639],[79.0073,26.6714],[78.9933,26.6773],[78.9799,26.6758],[78.9567,26.6575],[78.9455,26.6548],[78.9426,26.6641],[78.9575,26.6828],[78.9556,26.6918],[78.9097,26.707],[78.8932,26.6975],[78.8717,26.6981],[78.8372,26.733],[78.8159,26.7624],[78.8033,26.7659],[78.7864,26.7646],[78.7719,26.7701],[78.7516,26.7869],[78.7462,26.7862],[78.7376,26.775],[78.73,26.7751],[78.7255,26.7805],[78.7293,26.7926],[78.7215,26.7964],[78.6825,26.7877],[78.6729,26.7645],[78.6615,26.7638],[78.63,26.7732],[78.6203,26.7668],[78.615,26.7538],[78.6083,26.7497],[78.5922,26.7522],[78.5762,26.7488],[78.5646,26.7616],[78.5445,26.7639],[78.521,26.7806],[78.4607,26.7876],[78.4335,26.8257],[78.3952,26.8171],[78.3793,26.842],[78.3743,26.8609],[78.3615,26.8691]],[[79.396,25.0322],[79.3845,25.0382],[79.3837,25.0427],[79.374,25.0448],[79.3753,25.0508],[79.369,25.0543],[79.362,25.0482],[79.3675,25.0461],[79.3642,25.041],[79.3561,25.0405],[79.3598,25.0534],[79.3581,25.0594],[79.3492,25.0625],[79.3511,25.0689],[79.3574,25.0683],[79.3653,25.059],[79.3798,25.0648],[79.3747,25.0677],[79.3796,25.0856],[79.3725,25.092],[79.3797,25.1012],[79.3619,25.1062],[79.3506,25.117],[79.3551,25.1245],[79.3505,25.1264],[79.3603,25.1443],[79.3742,25.1426],[79.3638,25.1256],[79.3809,25.1224],[79.3804,25.1076],[79.3869,25.1021],[79.3894,25.0918],[79.3872,25.0857],[79.405,25.0785],[79.4074,25.0648],[79.4259,25.0586],[79.422,25.0416],[79.4164,25.0411],[79.4169,25.0378],[79.4096,25.0339],[79.396,25.0322]],[[79.3654,25.1711],[79.3545,25.1759],[79.3595,25.1886],[79.3726,25.18],[79.3654,25.1711]]]},"properties":{"STNAME":"MADHYA PRADESH","STCODE11":"23","STNAME_SH":"Madhya Pradesh","Shape_Length":7656000.885672932,"Shape_Area":368608101612.64825,"OBJECTID_1":26,"OBJECTID":26,"State_LGD":23,"Shape_Leng":7656000.88567,"MaxSimpTol":300,"MinSimpTol":300}},{"type":"Feature","id":27,"geometry":{"type":"Polygon","coordinates":[[[86.8054,20.733],[86.8117,20.7527],[86.816,20.7481],[86.8262,20.7648],[86.8657,20.7838],[86.8687,20.7801],[86.8818,20.7859],[86.9042,20.7841],[86.9024,20.7912],[86.9095,20.7935],[86.9395,20.7929],[86.9564,20.7881],[86.9718,20.7939],[86.9777,20.8233],[86.9768,20.8609],[86.9513,20.8982],[86.896,21.0096],[86.8728,21.0446],[86.8519,21.0967],[86.8408,21.1578],[86.847,21.188],[86.8633,21.2226],[86.8907,21.2553],[86.945,21.3528],[86.9842,21.3896],[87.0502,21.4295],[87.063,21.4416],[87.0678,21.4629],[87.0889,21.4612],[87.1102,21.4844],[87.1478,21.5087],[87.2022,21.5312],[87.2355,21.5383],[87.359,21.5419],[87.3941,21.533],[87.3957,21.5397],[87.3736,21.557],[87.3711,21.5633],[87.3413,21.5703],[87.336,21.5771],[87.3448,21.5813],[87.382,21.5737],[87.3923,21.5654],[87.4003,21.5487],[87.4076,21.5457],[87.4141,21.5497],[87.431,21.5782],[87.4663,21.5987],[87.4842,21.6027],[87.4862,21.6098],[87.4832,21.6214],[87.4857,21.6309],[87.4806,21.6331],[87.4768,21.6466],[87.4722,21.6477],[87.4729,21.6517],[87.4618,21.6511],[87.4623,21.6628],[87.4683,21.6641],[87.4668,21.6785],[87.4719,21.6837],[87.4735,21.7131],[87.4636,21.7262],[87.4692,21.7322],[87.4443,21.734],[87.4453,21.7387],[87.4544,21.7392],[87.4451,21.743],[87.4444,21.7682],[87.4044,21.7705],[87.3959,21.7661],[87.3917,21.7708],[87.3941,21.7751],[87.3857,21.7758],[87.374,21.772],[87.3747,21.7644],[87.3693,21.7646],[87.3711,21.7781],[87.3588,21.7817],[87.3554,21.7911],[87.3473,21.7921],[87.3378,21.7837],[87.3355,21.7936],[87.32,21.7905],[87.318,21.7963],[87.3106,21.7923],[87.3097,21.7993],[87.2992,21.8009],[87.2977,21.8109],[87.2913,21.8108],[87.2836,21.8028],[87.2765,21.8052],[87.2751,21.8169],[87.2637,21.8192],[87.2707,21.8278],[87.265,21.8303],[87.2653,21.8389],[87.2583,21.845],[87.2601,21.8489],[87.2505,21.852],[87.2466,21.8613],[87.2515,21.8751],[87.2387,21.9049],[87.2552,21.926],[87.236,21.9436],[87.2359,21.9571],[87.2248,21.9575],[87.2113,21.9662],[87.2078,21.9619],[87.1962,21.9595],[87.1773,21.9699],[87.1701,21.9794],[87.1626,21.9679],[87.1651,21.9587],[87.1611,21.9534],[87.1615,21.9356],[87.1373,21.9236],[87.1228,21.9271],[87.1084,21.925],[87.0964,21.914],[87.0907,21.8996],[87.0994,21.8915],[87.0958,21.8821],[87.0986,21.8658],[87.0377,21.8681],[87.0273,21.8759],[87.0254,21.8901],[87.0101,21.9006],[87.0017,21.9139],[87.0094,21.9476],[87.0309,21.9855],[87.032,21.9957],[87.0234,22.0206],[87.0282,22.0379],[87.0166,22.0473],[86.9926,22.055],[86.9601,22.0879],[86.9465,22.0856],[86.9375,22.09],[86.907,22.0918],[86.8519,22.1029],[86.8464,22.0962],[86.8378,22.0977],[86.8283,22.1178],[86.8202,22.1155],[86.8089,22.1192],[86.814,22.1259],[86.8019,22.1305],[86.8059,22.1355],[86.8052,22.147],[86.7957,22.1569],[86.7702,22.1492],[86.7218,22.1468],[86.7179,22.1816],[86.7228,22.1899],[86.7214,22.2014],[86.727,22.2168],[86.709,22.2227],[86.7021,22.2202],[86.6829,22.2233],[86.6707,22.2422],[86.656,22.2358],[86.6524,22.2431],[86.6567,22.2498],[86.6466,22.2677],[86.642,22.2646],[86.6386,22.2717],[86.6288,22.2706],[86.6128,22.2825],[86.5956,22.2776],[86.5848,22.3006],[86.5769,22.3012],[86.5768,22.2956],[86.5688,22.3014],[86.5549,22.2984],[86.5407,22.3082],[86.5344,22.3011],[86.5255,22.314],[86.53,22.3144],[86.5292,22.3227],[86.5101,22.3272],[86.5043,22.3429],[86.4969,22.3472],[86.4872,22.3477],[86.4857,22.3373],[86.4714,22.3358],[86.4707,22.3298],[86.4646,22.3291],[86.4638,22.3251],[86.4468,22.3277],[86.4445,22.3058],[86.4417,22.3026],[86.4327,22.3065],[86.4297,22.3166],[86.4105,22.32],[86.379,22.3408],[86.3595,22.3488],[86.3519,22.3636],[86.3229,22.3848],[86.3226,22.3968],[86.3083,22.409],[86.3051,22.4209],[86.2941,22.4268],[86.2834,22.4478],[86.2693,22.4423],[86.2258,22.453],[86.2079,22.4735],[86.2003,22.4718],[86.1705,22.4814],[86.1519,22.4803],[86.1323,22.4874],[86.1185,22.4867],[86.104,22.5009],[86.0691,22.5559],[86.0454,22.5675],[86.024,22.5446],[86.0338,22.5345],[86.0285,22.524],[86.023,22.5275],[86.0041,22.5138],[85.9845,22.5151],[85.9734,22.5058],[85.9723,22.4917],[85.9627,22.4851],[85.9626,22.4728],[85.9571,22.4648],[85.9698,22.4607],[85.9675,22.4513],[85.9864,22.4351],[86.0026,22.4263],[86.0137,22.4294],[86.0181,22.4257],[86.021,22.402],[86.027,22.3951],[86.0299,22.3798],[86.0269,22.3741],[86.0236,22.3757],[86.024,22.3643],[85.998,22.3416],[86.0055,22.3349],[86.0121,22.3406],[86.029,22.3343],[86.0143,22.3218],[86.0157,22.3124],[86.0314,22.3072],[86.0433,22.3121],[86.0487,22.308],[86.0171,22.2973],[86.0069,22.2799],[85.9883,22.267],[85.9897,22.2544],[85.9738,22.2471],[86.0028,22.2138],[86.0183,22.2053],[86.0313,22.19],[85.9967,22.1324],[86.0092,22.1158],[85.9436,22.0204],[85.9308,22.0233],[85.9181,22.0094],[85.9122,21.9895],[85.9142,21.9794],[85.9083,21.9708],[85.8967,21.9838],[85.8839,21.9794],[85.8497,21.9832],[85.8257,21.9751],[85.8179,21.9853],[85.8055,21.9886],[85.784,21.9844],[85.766,21.9949],[85.7615,22.0108],[85.769,22.0224],[85.7833,22.0315],[85.7854,22.0398],[85.7772,22.0556],[85.7956,22.0807],[85.8182,22.0735],[85.8383,22.0795],[85.8352,22.093],[85.8153,22.095],[85.8229,22.1064],[85.8098,22.1158],[85.7998,22.1094],[85.799,22.1043],[85.7673,22.0928],[85.7493,22.0736],[85.7101,22.0588],[85.6916,22.0623],[85.6852,22.0545],[85.6794,22.0561],[85.6807,22.0621],[85.6596,22.0831],[85.6538,22.0947],[85.6449,22.0947],[85.6398,22.0867],[85.6271,22.0813],[85.6156,22.0808],[85.6134,22.0863],[85.609,22.0791],[85.5994,22.0783],[85.5737,22.0904],[85.5684,22.0881],[85.5626,22.0953],[85.5451,22.0897],[85.5419,22.1011],[85.5171,22.1149],[85.492,22.1203],[85.464,22.1391],[85.4233,22.158],[85.3978,22.1632],[85.3869,22.1558],[85.3713,22.161],[85.3661,22.1589],[85.3603,22.1435],[85.364,22.1403],[85.366,22.1227],[85.3462,22.1303],[85.3435,22.1274],[85.3235,22.1276],[85.3188,22.1208],[85.3096,22.1179],[85.2751,22.0823],[85.2519,22.0271],[85.2367,22.0094],[85.2216,22.0181],[85.2173,22.0335],[85.2195,22.0395],[85.2143,22.0494],[85.1872,22.0582],[85.181,22.0728],[85.1747,22.074],[85.1676,22.0691],[85.174,22.0516],[85.1678,22.0534],[85.1607,22.0747],[85.1548,22.0785],[85.1444,22.0795],[85.1219,22.0708],[85.1127,22.079],[85.112,22.0869],[85.1009,22.0939],[85.0985,22.1059],[85.0847,22.1066],[85.0706,22.1132],[85.0405,22.1157],[85.0214,22.1072],[85.012,22.0907],[85.0006,22.083],[84.9907,22.081],[84.9844,22.0859],[84.9846,22.0955],[85.0284,22.1222],[85.0345,22.1444],[85.0298,22.1624],[85.0543,22.1837],[85.0497,22.1946],[85.0593,22.2058],[85.0724,22.2373],[85.0706,22.2482],[85.0782,22.2573],[85.071,22.2746],[85.0995,22.2935],[85.117,22.2944],[85.1141,22.3104],[85.118,22.3176],[85.1063,22.3214],[85.092,22.316],[85.0893,22.3196],[85.0956,22.3447],[85.0832,22.3453],[85.0765,22.3561],[85.0878,22.3876],[85.0803,22.4096],[85.0817,22.4171],[85.0678,22.428],[85.067,22.4407],[85.0597,22.4486],[85.0769,22.4637],[85.0738,22.4657],[85.0777,22.4775],[85.0672,22.4843],[85.057,22.4862],[85.0423,22.4796],[85.0383,22.484],[85.0348,22.4739],[85.017,22.4712],[84.9625,22.4498],[84.959,22.445],[84.9591,22.4535],[84.9543,22.4587],[84.9426,22.453],[84.9389,22.4461],[84.9215,22.444],[84.926,22.435],[84.915,22.4256],[84.8862,22.4201],[84.8893,22.4282],[84.8801,22.4489],[84.8708,22.4399],[84.8433,22.4367],[84.8369,22.4315],[84.8176,22.4371],[84.8102,22.4533],[84.7937,22.4464],[84.759,22.4467],[84.7499,22.4189],[84.6988,22.4164],[84.6717,22.4227],[84.6666,22.4195],[84.6288,22.4345],[84.6028,22.4288],[84.598,22.4348],[84.5943,22.43],[84.5685,22.4281],[84.5476,22.4217],[84.5449,22.4258],[84.5353,22.427],[84.5246,22.4199],[84.5084,22.4211],[84.4802,22.4133],[84.4747,22.408],[84.4758,22.401],[84.4852,22.3893],[84.4613,22.379],[84.4503,22.3825],[84.431,22.373],[84.4289,22.3649],[84.4344,22.3604],[84.4294,22.3525],[84.4163,22.3528],[84.4005,22.3464],[84.3697,22.3539],[84.3658,22.3481],[84.2915,22.3429],[84.2902,22.3468],[84.269,22.3545],[84.2504,22.379],[84.1968,22.3781],[84.185,22.3902],[84.1563,22.4077],[84.1411,22.4256],[84.139,22.4477],[84.1436,22.4629],[84.1408,22.4739],[84.1271,22.479],[84.1117,22.4771],[84.1065,22.4806],[84.1081,22.4837],[84.081,22.4941],[84.0711,22.502],[84.0756,22.5062],[84.0653,22.5076],[84.0599,22.5164],[84.0532,22.5129],[84.0494,22.517],[84.0367,22.5159],[84.0257,22.5257],[84.0091,22.5261],[84.0028,22.5322],[83.9818,22.5228],[83.981,22.516],[83.9746,22.5121],[83.9801,22.5023],[84.0176,22.4892],[84.0267,22.4753],[84.0474,22.4692],[84.0474,22.4382],[84.0305,22.4266],[84.0304,22.42],[84.0135,22.3974],[84.0065,22.3822],[84.0104,22.3715],[83.9968,22.3719],[83.971,22.359],[83.9541,22.3622],[83.9428,22.3547],[83.9328,22.3539],[83.9234,22.3584],[83.9063,22.3509],[83.9015,22.3393],[83.8905,22.3365],[83.8794,22.3353],[83.8642,22.3433],[83.8536,22.3375],[83.8511,22.3265],[83.8301,22.3236],[83.8216,22.3128],[83.8265,22.2928],[83.795,22.2859],[83.7924,22.2764],[83.7768,22.2698],[83.7757,22.2573],[83.7598,22.2512],[83.7579,22.2403],[83.7132,22.2427],[83.7041,22.2467],[83.6659,22.2327],[83.6554,22.22],[83.6496,22.2233],[83.6274,22.2037],[83.6135,22.1776],[83.6078,22.1537],[83.564,22.1052],[83.5634,22.0951],[83.6066,22.0666],[83.5868,22.0487],[83.5819,22.0545],[83.5539,22.0529],[83.5484,22.0591],[83.5439,22.0569],[83.5371,22.0445],[83.5365,22.0283],[83.5403,22.0197],[83.5556,22.007],[83.5434,21.9943],[83.5379,21.9693],[83.5422,21.962],[83.5617,21.948],[83.5568,21.9353],[83.5905,21.9296],[83.6057,21.9141],[83.5988,21.9054],[83.5862,21.9027],[83.5873,21.8958],[83.5778,21.8895],[83.5808,21.8839],[83.5761,21.883],[83.5743,21.875],[83.5909,21.8512],[83.5778,21.8378],[83.5765,21.8314],[83.5518,21.8409],[83.5321,21.8316],[83.5311,21.8268],[83.5415,21.8212],[83.5388,21.8122],[83.5441,21.8049],[83.5424,21.7984],[83.524,21.7986],[83.4933,21.8182],[83.485,21.7933],[83.4689,21.7873],[83.4819,21.7659],[83.4763,21.7517],[83.4907,21.7445],[83.4866,21.7443],[83.4827,21.7302],[83.4624,21.7082],[83.4608,21.6976],[83.453,21.6945],[83.4322,21.6999],[83.4181,21.6799],[83.4303,21.6751],[83.4495,21.6566],[83.4868,21.6433],[83.4921,21.6381],[83.4897,21.6314],[83.4737,21.6324],[83.466,21.6094],[83.4562,21.6099],[83.4524,21.6128],[83.4526,21.6223],[83.4441,21.6239],[83.4445,21.6392],[83.4509,21.6507],[83.4432,21.6555],[83.4277,21.6434],[83.4152,21.6407],[83.3926,21.6272],[83.3893,21.6175],[83.3827,21.6202],[83.3805,21.609],[83.3698,21.6004],[83.3651,21.576],[83.3727,21.558],[83.3603,21.5428],[83.35,21.5131],[83.338,21.502],[83.3467,21.4897],[83.3464,21.4711],[83.354,21.448],[83.3731,21.443],[83.3714,21.4354],[83.3754,21.4283],[83.3987,21.4052],[83.4002,21.3753],[83.3967,21.3672],[83.4075,21.3609],[83.4069,21.352],[83.392,21.3425],[83.3856,21.3462],[83.379,21.3445],[83.3231,21.3623],[83.3115,21.3708],[83.2842,21.3802],[83.2688,21.3785],[83.2742,21.3773],[83.2747,21.3642],[83.2688,21.3458],[83.2581,21.3362],[83.2666,21.3308],[83.2576,21.3186],[83.2622,21.3077],[83.2764,21.3022],[83.2787,21.2892],[83.271,21.2724],[83.2679,21.2775],[83.2507,21.2823],[83.2381,21.2695],[83.2297,21.2723],[83.222,21.266],[83.2173,21.2551],[83.2223,21.2286],[83.2177,21.2259],[83.2172,21.2132],[83.2106,21.2049],[83.2147,21.1947],[83.203,21.1775],[83.2047,21.1656],[83.1986,21.1642],[83.1982,21.1453],[83.1922,21.1391],[83.1781,21.1352],[83.167,21.1387],[83.1314,21.1058],[83.1143,21.1125],[83.0779,21.1119],[83.0524,21.1262],[83.0454,21.1239],[83.0388,21.1316],[83.0339,21.1318],[83.0349,21.1365],[83.0231,21.1365],[83.0161,21.1462],[83.0047,21.1369],[82.9904,21.1398],[82.9859,21.1509],[83.0034,21.1682],[82.9807,21.1699],[82.9882,21.1827],[82.9754,21.1821],[82.9657,21.1752],[82.965,21.1932],[82.9439,21.1778],[82.9478,21.1617],[82.9401,21.1608],[82.9378,21.1697],[82.9322,21.1632],[82.9151,21.1619],[82.9022,21.1669],[82.8823,21.1483],[82.8765,21.1635],[82.8718,21.1574],[82.8659,21.1633],[82.853,21.1594],[82.851,21.1685],[82.8288,21.1656],[82.8004,21.1558],[82.7938,21.1427],[82.7857,21.1448],[82.7795,21.1535],[82.7559,21.1669],[82.7407,21.1635],[82.7211,21.1659],[82.7213,21.1576],[82.7108,21.1608],[82.6996,21.1583],[82.6931,21.1656],[82.6641,21.1549],[82.6405,21.1548],[82.6374,21.1446],[82.6528,21.1295],[82.6398,21.1153],[82.65,21.1064],[82.6374,21.0931],[82.6307,21.0777],[82.614,21.0778],[82.6118,21.0737],[82.6293,21.0385],[82.6136,21.0228],[82.6087,21.0089],[82.5724,20.9711],[82.5601,20.9467],[82.544,20.9354],[82.5266,20.932],[82.5169,20.9205],[82.5021,20.9186],[82.4881,20.9087],[82.4918,20.8776],[82.4869,20.869],[82.4876,20.8604],[82.482,20.8501],[82.4654,20.8432],[82.4697,20.8339],[82.4654,20.8278],[82.4553,20.8264],[82.4403,20.8344],[82.4209,20.8303],[82.4109,20.8435],[82.4138,20.8496],[82.4064,20.8689],[82.3965,20.8688],[82.3906,20.8741],[82.3768,20.8667],[82.3655,20.8694],[82.3604,20.8726],[82.3647,20.8873],[82.3508,20.8895],[82.3395,20.8469],[82.3421,20.8046],[82.347,20.7964],[82.3426,20.7665],[82.3535,20.7358],[82.3456,20.7316],[82.3549,20.7184],[82.3498,20.7063],[82.3552,20.693],[82.3742,20.6672],[82.3688,20.6595],[82.3685,20.6496],[82.3765,20.6324],[82.3643,20.6221],[82.3625,20.6103],[82.3469,20.6025],[82.3441,20.5931],[82.3507,20.5814],[82.3433,20.5714],[82.3333,20.5687],[82.3321,20.5621],[82.3366,20.5537],[82.3489,20.5458],[82.3583,20.5281],[82.3896,20.5169],[82.3883,20.4956],[82.392,20.4785],[82.3978,20.4727],[82.397,20.4582],[82.4095,20.4618],[82.4186,20.4803],[82.4271,20.4689],[82.4256,20.4454],[82.4344,20.4442],[82.438,20.4342],[82.4296,20.4279],[82.432,20.4167],[82.4166,20.4076],[82.4212,20.3928],[82.4003,20.3408],[82.4098,20.3263],[82.422,20.3227],[82.4314,20.3129],[82.4299,20.3012],[82.4379,20.2934],[82.433,20.282],[82.4161,20.2722],[82.4113,20.2643],[82.4221,20.2475],[82.4113,20.2455],[82.4107,20.2422],[82.4151,20.2268],[82.4234,20.2193],[82.4217,20.2043],[82.4144,20.1978],[82.4125,20.18],[82.3909,20.1622],[82.3951,20.1511],[82.3867,20.1449],[82.3986,20.1222],[82.4024,20.0945],[82.4024,20.0795],[82.3968,20.0674],[82.3992,20.0566],[82.4489,20.0391],[82.4616,20.0403],[82.471,20.0343],[82.4795,20.0366],[82.4947,20.0228],[82.5101,20.0166],[82.5341,20.0137],[82.5511,20.0162],[82.5783,20.0051],[82.5967,19.99],[82.6221,19.9907],[82.6343,20.0033],[82.6425,20.0051],[82.6437,20.0021],[82.653,20.0043],[82.7154,19.9947],[82.7181,19.9888],[82.7147,19.9577],[82.7202,19.9481],[82.7131,19.9385],[82.7127,19.9185],[82.7071,19.9126],[82.7074,19.9021],[82.714,19.8778],[82.7246,19.8756],[82.7181,19.8536],[82.7114,19.8507],[82.7127,19.844],[82.7073,19.8351],[82.6932,19.8304],[82.6521,19.8322],[82.647,19.8189],[82.6366,19.813],[82.6269,19.7936],[82.6038,19.7884],[82.6022,19.7812],[82.5918,19.7759],[82.5818,19.7832],[82.5847,19.8024],[82.576,19.8082],[82.5794,19.8303],[82.576,19.8289],[82.5758,19.8334],[82.5839,19.8436],[82.5886,19.8434],[82.5877,19.8487],[82.5969,19.8552],[82.6034,19.867],[82.5961,19.873],[82.5832,19.8694],[82.573,19.8776],[82.5612,19.8743],[82.5559,19.8807],[82.5484,19.8757],[82.5349,19.8869],[82.531,19.8784],[82.5191,19.891],[82.5055,19.8899],[82.5049,19.8997],[82.4973,19.9042],[82.4729,19.9071],[82.4723,19.9016],[82.4642,19.9009],[82.446,19.9102],[82.4371,19.905],[82.418,19.9041],[82.4186,19.8999],[82.3949,19.888],[82.3739,19.8604],[82.3608,19.8628],[82.3621,19.8525],[82.3453,19.8359],[82.3326,19.8442],[82.3263,19.8616],[82.3041,19.8892],[82.3012,19.9047],[82.2753,19.9507],[82.2692,19.9753],[82.2375,20.0035],[82.2166,19.9974],[82.21,19.9863],[82.1842,19.9842],[82.1712,20.0056],[82.1535,20.0076],[82.1398,20.0188],[82.1268,20.0148],[82.1032,20.0311],[82.1023,20.0401],[82.0894,20.0391],[82.0854,20.0508],[82.0705,20.057],[82.0635,20.0546],[82.0481,20.0349],[82.038,20.0302],[82.04,20.0226],[82.0325,20.0158],[82.0215,20.0238],[82.0177,20.049],[82.0057,20.0556],[81.9953,20.0536],[81.9759,20.0817],[81.9464,20.1052],[81.9371,20.1024],[81.926,20.0917],[81.9161,20.072],[81.8953,20.0483],[81.8819,20.0444],[81.876,20.0521],[81.8709,20.0442],[81.865,20.0267],[81.8665,20.0111],[81.8606,20.0035],[81.8553,19.9723],[81.8453,19.9596],[81.845,19.9519],[81.8568,19.9476],[81.8531,19.9185],[81.8696,19.9026],[81.8997,19.8872],[81.9681,19.8599],[81.9654,19.8369],[81.9859,19.8011],[81.9954,19.7969],[82.0096,19.8045],[82.0487,19.797],[82.053,19.7923],[82.0602,19.7964],[82.0655,19.7907],[82.0605,19.7667],[82.0636,19.759],[82.0504,19.7459],[82.051,19.7191],[82.0447,19.7089],[82.0553,19.6657],[82.0519,19.6466],[82.059,19.6282],[82.0506,19.6168],[82.0506,19.6081],[82.0399,19.5977],[82.0498,19.574],[82.0449,19.5598],[82.0507,19.5488],[82.0472,19.5334],[82.0373,19.5283],[82.029,19.5077],[82.0654,19.5106],[82.076,19.5236],[82.1002,19.5166],[82.098,19.499],[82.1079,19.4943],[82.1073,19.4751],[82.1028,19.4661],[82.1134,19.4601],[82.1135,19.4483],[82.1261,19.4291],[82.1715,19.4372],[82.1782,19.4366],[82.1862,19.4267],[82.1894,19.4276],[82.1893,19.4154],[82.1824,19.4095],[82.1843,19.4005],[82.1788,19.3791],[82.1719,19.3726],[82.1532,19.377],[82.1471,19.3654],[82.1488,19.3528],[82.1786,19.3434],[82.1779,19.3401],[82.186,19.3374],[82.188,19.3289],[82.1941,19.326],[82.1812,19.3234],[82.1767,19.2995],[82.1659,19.2877],[82.1584,19.2652],[82.1578,19.2275],[82.1688,19.213],[82.1617,19.2023],[82.1675,19.1951],[82.1805,19.191],[82.1751,19.1818],[82.182,19.1742],[82.176,19.1721],[82.1861,19.1664],[82.1781,19.156],[82.1749,19.1629],[82.1696,19.161],[82.1809,19.1508],[82.1715,19.1502],[82.1698,19.1453],[82.1757,19.1387],[82.1661,19.1327],[82.174,19.1182],[82.1825,19.1313],[82.1974,19.1217],[82.2058,19.1242],[82.209,19.1205],[82.203,19.1081],[82.2073,19.1023],[82.2049,19.0972],[82.2141,19.0999],[82.2184,19.0973],[82.2022,19.0667],[82.2327,19.018],[82.246,18.9191],[82.2369,18.9143],[82.2183,18.9225],[82.1925,18.9075],[82.1811,18.907],[82.1761,18.9027],[82.1767,18.8873],[82.1604,18.8789],[82.1673,18.8736],[82.1602,18.8614],[82.1675,18.8524],[82.1689,18.836],[82.1603,18.8199],[82.1661,18.8141],[82.1565,18.8044],[82.1654,18.7987],[82.1602,18.7953],[82.1573,18.7855],[82.1406,18.7785],[82.1335,18.7805],[82.1334,18.7654],[82.1208,18.7698],[82.0978,18.7639],[82.0916,18.7658],[82.0887,18.7602],[82.0935,18.7468],[82.085,18.7186],[82.0674,18.7265],[82.0628,18.7191],[82.0536,18.7236],[82.0309,18.7238],[82.0167,18.7195],[82.0088,18.7126],[82.0058,18.7147],[81.9947,18.7047],[81.971,18.6987],[81.9607,18.6887],[81.9691,18.6734],[81.9551,18.6642],[81.9489,18.6437],[81.9217,18.6429],[81.9009,18.6614],[81.8938,18.6575],[81.8981,18.6544],[81.894,18.6423],[81.8988,18.6353],[81.8947,18.6292],[81.9087,18.6281],[81.9277,18.62],[81.9369,18.6056],[81.9608,18.5966],[81.9636,18.5905],[81.9529,18.5828],[81.9506,18.5701],[81.9297,18.5662],[81.9208,18.5727],[81.9107,18.5707],[81.9057,18.5631],[81.909,18.553],[81.9014,18.5486],[81.9092,18.5379],[81.8979,18.5351],[81.8892,18.5382],[81.8797,18.5253],[81.8682,18.5249],[81.857,18.5075],[81.8547,18.4903],[81.7695,18.4189],[81.7503,18.3536],[81.6591,18.3466],[81.6496,18.3369],[81.6622,18.3213],[81.6513,18.3216],[81.6165,18.3074],[81.5976,18.3089],[81.5643,18.2752],[81.5517,18.2698],[81.5373,18.2694],[81.5255,18.2581],[81.5304,18.2403],[81.5155,18.2133],[81.507,18.1862],[81.5239,18.1654],[81.5258,18.1534],[81.5134,18.1395],[81.5133,18.1],[81.4808,18.0514],[81.483,18.0259],[81.4776,17.9884],[81.4829,17.9768],[81.4721,17.9605],[81.4598,17.953],[81.4491,17.932],[81.4528,17.9076],[81.4446,17.8858],[81.4353,17.8808],[81.4115,17.8952],[81.4037,17.896],[81.3993,17.8919],[81.3943,17.8693],[81.4033,17.8497],[81.3884,17.8254],[81.3918,17.8155],[81.3961,17.82],[81.4068,17.8209],[81.4169,17.814],[81.4358,17.8327],[81.446,17.8255],[81.4766,17.8385],[81.4923,17.8127],[81.5005,17.8175],[81.5205,17.8188],[81.5295,17.8247],[81.5635,17.8272],[81.5744,17.8388],[81.5945,17.8354],[81.6172,17.8231],[81.6231,17.8346],[81.631,17.8331],[81.6408,17.8402],[81.652,17.8561],[81.6538,17.8681],[81.6619,17.8812],[81.6716,17.8881],[81.6874,17.8865],[81.7009,17.9028],[81.7104,17.8739],[81.7259,17.8791],[81.7484,17.8926],[81.7483,17.8996],[81.7688,17.9177],[81.7879,17.926],[81.795,17.9427],[81.8082,17.9564],[81.8657,17.9685],[81.893,17.9814],[81.9035,17.9817],[81.9201,17.9963],[81.9341,17.9949],[81.9455,18.0001],[81.9622,18.001],[81.9809,18.0189],[81.9896,18.0202],[81.9926,18.0281],[82.0077,18.0308],[82.0057,18.057],[82.0307,18.07],[82.0359,18.0677],[82.0388,18.058],[82.0599,18.0562],[82.0653,18.0581],[82.075,18.0759],[82.0944,18.0682],[82.1004,18.061],[82.1189,18.065],[82.1233,18.0604],[82.1318,18.0606],[82.1355,18.0447],[82.1451,18.053],[82.1515,18.0486],[82.1672,18.0527],[82.1826,18.0295],[82.177,18.0213],[82.1859,18.0159],[82.2042,18.0194],[82.2074,18.0107],[82.2206,18.0024],[82.2356,18.0033],[82.2445,17.9937],[82.2645,17.9956],[82.2719,18.0221],[82.2599,18.0426],[82.2673,18.0459],[82.2709,18.058],[82.2818,18.0652],[82.286,18.0635],[82.2897,18.0696],[82.3027,18.0689],[82.297,18.0563],[82.3087,18.0547],[82.3065,18.0456],[82.3187,18.0457],[82.3173,18.0578],[82.3206,18.0606],[82.3283,18.0588],[82.3325,18.0521],[82.3391,18.0555],[82.3501,18.0773],[82.3457,18.0807],[82.3453,18.099],[82.3368,18.0999],[82.3341,18.1066],[82.3325,18.1276],[82.3404,18.1374],[82.3381,18.1506],[82.3616,18.1356],[82.3707,18.1489],[82.3517,18.1724],[82.3357,18.1729],[82.3138,18.1848],[82.3092,18.2048],[82.3232,18.2112],[82.3354,18.225],[82.3227,18.232],[82.3251,18.2371],[82.3348,18.2415],[82.3317,18.2537],[82.343,18.2813],[82.3572,18.2822],[82.3642,18.2784],[82.3748,18.2814],[82.3906,18.2987],[82.3934,18.3164],[82.3873,18.3292],[82.3734,18.3294],[82.3542,18.3167],[82.3473,18.3173],[82.3365,18.3274],[82.3473,18.3312],[82.3614,18.345],[82.3682,18.3592],[82.3838,18.3682],[82.3844,18.387],[82.3798,18.3904],[82.3779,18.4045],[82.3625,18.4223],[82.3803,18.4333],[82.3849,18.4458],[82.3943,18.4499],[82.4018,18.465],[82.4302,18.4877],[82.4362,18.4956],[82.4323,18.4993],[82.4417,18.5103],[82.4422,18.5146],[82.438,18.5159],[82.4535,18.5216],[82.4811,18.5494],[82.4873,18.5501],[82.4918,18.5444],[82.4796,18.5413],[82.4859,18.5333],[82.4846,18.5288],[82.5029,18.5144],[82.5189,18.5182],[82.5321,18.511],[82.527,18.5059],[82.5296,18.5013],[82.5265,18.4963],[82.5332,18.4883],[82.5278,18.4809],[82.5342,18.4778],[82.5194,18.4656],[82.5283,18.4642],[82.5273,18.4598],[82.5332,18.4587],[82.5385,18.4445],[82.5428,18.4501],[82.5407,18.4584],[82.5471,18.4538],[82.5542,18.4548],[82.5614,18.4485],[82.5506,18.4333],[82.552,18.4286],[82.5414,18.4219],[82.5471,18.4126],[82.5355,18.4062],[82.5407,18.3996],[82.5505,18.3986],[82.554,18.3944],[82.5607,18.4007],[82.5696,18.3953],[82.5758,18.3963],[82.5829,18.3876],[82.5869,18.3924],[82.5948,18.3893],[82.5992,18.38],[82.6053,18.3821],[82.606,18.3661],[82.6212,18.3597],[82.6145,18.3509],[82.602,18.3523],[82.6095,18.3344],[82.6072,18.3279],[82.5995,18.3261],[82.5932,18.3296],[82.5867,18.3186],[82.5822,18.3205],[82.5796,18.3159],[82.5834,18.3092],[82.5943,18.311],[82.5969,18.3049],[82.5935,18.2926],[82.5893,18.2905],[82.5923,18.2854],[82.5861,18.2768],[82.5951,18.2751],[82.5952,18.2655],[82.6121,18.2592],[82.636,18.2375],[82.6508,18.2508],[82.6454,18.263],[82.6406,18.2645],[82.6411,18.2723],[82.6468,18.2736],[82.6505,18.2819],[82.6421,18.2887],[82.6409,18.3028],[82.6495,18.3026],[82.6557,18.2968],[82.665,18.2988],[82.6746,18.3073],[82.6827,18.3043],[82.6928,18.313],[82.7077,18.3139],[82.7133,18.3232],[82.7232,18.3253],[82.7326,18.321],[82.7393,18.3233],[82.7366,18.3277],[82.7412,18.3307],[82.7535,18.3309],[82.758,18.3403],[82.7638,18.3373],[82.7725,18.3412],[82.7747,18.35],[82.7888,18.3639],[82.7809,18.3826],[82.7921,18.3868],[82.7897,18.3969],[82.7978,18.4075],[82.7852,18.4114],[82.7804,18.4315],[82.8014,18.45],[82.8139,18.4516],[82.8225,18.4478],[82.8235,18.4439],[82.8458,18.4338],[82.8511,18.421],[82.8547,18.4262],[82.8695,18.4192],[82.895,18.4241],[82.8977,18.4035],[82.8907,18.3905],[82.8942,18.3816],[82.9113,18.3692],[82.9204,18.3762],[82.9243,18.3689],[82.938,18.3616],[82.952,18.3623],[82.9584,18.3672],[82.9652,18.3597],[82.9687,18.3607],[82.9814,18.3672],[82.9855,18.3796],[82.991,18.3798],[82.9951,18.3863],[83.0035,18.3835],[83.0202,18.3924],[83.0413,18.3801],[83.0527,18.3807],[83.0753,18.4041],[83.0624,18.4104],[83.0556,18.4203],[83.0636,18.4239],[83.0654,18.431],[83.0585,18.4367],[83.0407,18.4252],[83.0359,18.4355],[83.0391,18.4417],[83.031,18.4489],[83.0228,18.4494],[83.0191,18.4572],[83.0532,18.4866],[83.0533,18.4966],[83.0732,18.5155],[83.0751,18.5271],[83.0916,18.5408],[83.0932,18.5476],[83.086,18.5542],[83.0712,18.5498],[83.0619,18.5421],[83.0431,18.5454],[83.0279,18.5745],[83.0382,18.5874],[83.0512,18.5891],[83.051,18.6002],[83.0238,18.5897],[83.0117,18.5953],[83.0134,18.606],[82.999,18.6086],[82.999,18.6215],[83.0178,18.6361],[83.0113,18.647],[83.0231,18.6554],[83.0562,18.6663],[83.0609,18.6846],[83.0731,18.7022],[83.0695,18.7026],[83.0709,18.7065],[83.0907,18.7245],[83.0929,18.7324],[83.0998,18.7337],[83.1105,18.7538],[83.1203,18.7584],[83.1193,18.7668],[83.1133,18.769],[83.1372,18.7863],[83.1546,18.7692],[83.176,18.7718],[83.1913,18.7541],[83.2047,18.7524],[83.2106,18.7315],[83.2161,18.7465],[83.2258,18.7562],[83.2227,18.776],[83.2414,18.7692],[83.2609,18.7707],[83.2695,18.7653],[83.2795,18.775],[83.2735,18.7836],[83.2827,18.7988],[83.307,18.8102],[83.3184,18.8055],[83.3288,18.8072],[83.3264,18.8189],[83.346,18.8278],[83.3639,18.8441],[83.3704,18.8429],[83.3775,18.8318],[83.4039,18.8433],[83.4031,18.8627],[83.4128,18.8745],[83.3951,18.8797],[83.3764,18.8979],[83.3915,18.9085],[83.3818,18.9139],[83.3751,18.909],[83.3667,18.9093],[83.3578,18.9157],[83.3517,18.9309],[83.3505,18.9445],[83.3694,18.9436],[83.3639,18.958],[83.366,18.963],[83.3509,18.9668],[83.3501,18.9433],[83.3438,18.9412],[83.3484,18.9263],[83.3321,18.9265],[83.323,18.9385],[83.3253,18.9456],[83.3363,18.948],[83.3371,18.9541],[83.3304,18.9596],[83.3328,18.9694],[83.3283,18.9671],[83.3173,18.9735],[83.3088,18.9998],[83.3253,19.0033],[83.3369,18.9979],[83.3349,19.0068],[83.341,19.019],[83.3657,19.017],[83.3647,19.007],[83.3707,19.0032],[83.3827,19.0022],[83.3987,19.0103],[83.4106,19.0015],[83.4122,19.0046],[83.4197,19.0001],[83.4156,18.99],[83.439,18.9762],[83.446,18.9657],[83.4456,18.958],[83.4599,18.9557],[83.4679,18.9702],[83.4666,18.9813],[83.4623,18.981],[83.4659,18.992],[83.4533,18.9922],[83.4481,19.0108],[83.4596,19.0133],[83.4697,19.0082],[83.4778,19.0094],[83.4814,19.0345],[83.4688,19.0438],[83.4673,19.062],[83.4604,19.0647],[83.4644,19.0808],[83.4765,19.0802],[83.4743,19.0865],[83.4653,19.0886],[83.4661,19.094],[83.4717,19.0962],[83.4835,19.0921],[83.4864,19.0874],[83.4809,19.0783],[83.4989,19.0627],[83.4999,19.0668],[83.5118,19.0701],[83.5169,19.0569],[83.5132,19.0482],[83.5194,19.0389],[83.5149,19.0283],[83.5076,19.0357],[83.4966,19.0353],[83.501,19.0205],[83.5353,19.0117],[83.5398,19.0424],[83.545,19.0446],[83.5497,19.0555],[83.5556,19.0571],[83.5471,19.0814],[83.5525,19.0875],[83.5603,19.0869],[83.5671,19.0716],[83.5617,19.0675],[83.5616,19.0609],[83.5825,19.0589],[83.5837,19.0875],[83.591,19.0936],[83.6087,19.097],[83.5959,19.1197],[83.5972,19.1311],[83.606,19.1406],[83.614,19.138],[83.6189,19.1426],[83.6255,19.1516],[83.6241,19.1636],[83.634,19.1593],[83.6378,19.153],[83.6318,19.1407],[83.6367,19.1327],[83.6551,19.1295],[83.6545,19.122],[83.6497,19.1231],[83.6472,19.1185],[83.6629,19.0988],[83.6611,19.081],[83.6747,19.0719],[83.6767,19.065],[83.6854,19.0584],[83.7002,19.0253],[83.7301,19.0218],[83.724,19.0101],[83.7104,19.007],[83.7096,19.0025],[83.7141,18.9939],[83.7331,18.9875],[83.7406,18.9499],[83.7534,18.9263],[83.7612,18.9282],[83.7674,18.9152],[83.775,18.9127],[83.7859,18.9168],[83.7825,18.9345],[83.7769,18.9376],[83.7742,18.9462],[83.7706,18.9453],[83.7677,18.9557],[83.757,18.9516],[83.7533,18.9723],[83.7459,18.975],[83.7456,18.9967],[83.7573,19.0032],[83.7608,18.9993],[83.7649,19.0073],[83.78,19.0093],[83.7759,19.0184],[83.7927,19.0189],[83.7932,19.0046],[83.8092,18.9918],[83.8219,18.9601],[83.8191,18.945],[83.8198,18.9391],[83.829,18.9304],[83.8267,18.9161],[83.8384,18.9194],[83.8459,18.9134],[83.849,18.8997],[83.8438,18.8761],[83.8461,18.8689],[83.8515,18.8594],[83.8667,18.8517],[83.8857,18.8319],[83.8912,18.8154],[83.8976,18.8253],[83.9138,18.8289],[83.9297,18.8168],[83.9356,18.8191],[83.9424,18.8153],[83.942,18.8087],[83.9482,18.8061],[83.9636,18.8156],[83.9851,18.811],[83.9919,18.8145],[84.0036,18.8096],[84.0079,18.8126],[84.0138,18.8099],[84.0135,18.818],[84.0232,18.8179],[84.0311,18.8125],[84.0365,18.8173],[84.0436,18.8138],[84.0447,18.8025],[84.06,18.799],[84.06,18.7823],[84.0681,18.7821],[84.076,18.7657],[84.0853,18.7663],[84.0897,18.7638],[84.0892,18.7585],[84.1204,18.7689],[84.1298,18.7618],[84.1356,18.7625],[84.14,18.7652],[84.1384,18.7782],[84.1566,18.7842],[84.1615,18.7902],[84.1677,18.7892],[84.1738,18.781],[84.1812,18.7832],[84.1879,18.7786],[84.1933,18.7926],[84.2161,18.7911],[84.2124,18.7964],[84.2243,18.7997],[84.2318,18.7957],[84.2347,18.7995],[84.2388,18.7981],[84.2411,18.7896],[84.2529,18.7885],[84.2577,18.784],[84.2845,18.7935],[84.2869,18.8049],[84.319,18.788],[84.3254,18.8002],[84.3425,18.803],[84.3288,18.8189],[84.3476,18.8215],[84.3501,18.8328],[84.3576,18.8325],[84.3629,18.84],[84.3451,18.8489],[84.3332,18.8603],[84.3257,18.8759],[84.3307,18.883],[84.3366,18.8895],[84.3601,18.8621],[84.3645,18.8653],[84.3723,18.8627],[84.3822,18.8754],[84.3704,18.8793],[84.3581,18.8956],[84.3798,18.8826],[84.3793,18.8877],[84.3862,18.8854],[84.3901,18.8775],[84.3964,18.8851],[84.3954,18.8919],[84.3831,18.8971],[84.3768,18.9054],[84.3835,18.9016],[84.3917,18.9056],[84.398,18.8966],[84.416,18.8985],[84.4202,18.9066],[84.4143,18.9153],[84.4169,18.919],[84.4263,18.9102],[84.429,18.9179],[84.436,18.9218],[84.4362,18.9333],[84.4256,18.9332],[84.4289,18.9373],[84.4222,18.9484],[84.4302,18.9599],[84.4288,18.97],[84.441,18.97],[84.45,18.9786],[84.4416,18.9862],[84.4412,18.9927],[84.4298,18.9957],[84.4305,19.0075],[84.42,19.0137],[84.419,19.0229],[84.4237,19.0201],[84.4225,19.0149],[84.4296,19.0144],[84.4396,19.0045],[84.4466,19.0043],[84.4585,18.9982],[84.4589,18.9944],[84.474,18.9903],[84.4808,19.0052],[84.4806,19.0175],[84.4945,19.0318],[84.5046,19.0361],[84.5143,19.0494],[84.5244,19.0472],[84.5412,19.056],[84.5545,19.0575],[84.5708,19.0746],[84.5726,19.0685],[84.5808,19.0741],[84.5809,19.0502],[84.5752,19.0414],[84.5812,19.0434],[84.5796,19.031],[84.5921,19.0232],[84.5992,19.0262],[84.6113,19.0575],[84.6186,19.057],[84.6162,19.0668],[84.6257,19.0671],[84.6289,19.0613],[84.635,19.0609],[84.6395,19.0682],[84.6518,19.0684],[84.659,19.0639],[84.661,19.0755],[84.6677,19.0753],[84.6569,19.0953],[84.6449,19.0971],[84.6347,19.0906],[84.6347,19.0868],[84.6322,19.0896],[84.6291,19.083],[84.6298,19.0875],[84.6234,19.0858],[84.6206,19.0948],[84.6234,19.1],[84.6175,19.1053],[84.6165,19.101],[84.6074,19.1017],[84.6092,19.1077],[84.6007,19.1275],[84.5934,19.1333],[84.6277,19.1276],[84.6289,19.1306],[84.6415,19.1306],[84.642,19.1346],[84.6521,19.1303],[84.6652,19.1307],[84.6688,19.1669],[84.6756,19.1677],[84.6822,19.1609],[84.7079,19.1606],[84.7128,19.1532],[84.7084,19.1474],[84.6979,19.1453],[84.704,19.1419],[84.6957,19.1273],[84.7004,19.1267],[84.7007,19.1188],[84.7499,19.0834],[84.7647,19.0773],[84.8166,19.165],[84.8641,19.2171],[84.9302,19.2762],[84.9835,19.3179],[85.0794,19.375],[85.0911,19.3874],[85.0933,19.3987],[85.1048,19.4128],[85.1016,19.4108],[85.1725,19.4674],[85.3073,19.5615],[85.3728,19.5995],[85.6791,19.7451],[85.7808,19.7815],[85.8856,19.8127],[85.9458,19.8289],[86.0577,19.8504],[86.1691,19.8819],[86.23,19.9022],[86.3072,19.9413],[86.3862,19.9545],[86.4087,19.9708],[86.4107,19.975],[86.3849,19.9593],[86.3727,19.958],[86.4087,19.9949],[86.4162,20.018],[86.4334,20.0467],[86.4324,20.0521],[86.4761,20.0974],[86.5238,20.1735],[86.5955,20.2245],[86.6564,20.2543],[86.6801,20.26],[86.6721,20.2625],[86.6692,20.2758],[86.6754,20.2752],[86.6736,20.27],[86.6796,20.2641],[86.6811,20.2711],[86.7223,20.2903],[86.7831,20.33],[86.7803,20.3364],[86.7751,20.3347],[86.7765,20.3454],[86.8098,20.375],[86.8052,20.3991],[86.7976,20.4006],[86.8044,20.3912],[86.8007,20.3872],[86.7972,20.3963],[86.7973,20.3782],[86.7917,20.3875],[86.7956,20.3895],[86.7936,20.4101],[86.8102,20.4513],[86.7967,20.4927],[86.7943,20.4939],[86.8013,20.4691],[86.7971,20.4601],[86.8023,20.444],[86.7914,20.4334],[86.7923,20.412],[86.7878,20.4049],[86.7901,20.3958],[86.7856,20.3838],[86.7826,20.3823],[86.7791,20.3917],[86.7648,20.393],[86.7438,20.3788],[86.7447,20.3911],[86.7363,20.3971],[86.7247,20.3782],[86.7196,20.3888],[86.7097,20.3963],[86.7109,20.4012],[86.7225,20.398],[86.7308,20.4114],[86.7304,20.4415],[86.7362,20.4612],[86.7233,20.4803],[86.733,20.4826],[86.7434,20.4738],[86.7491,20.4744],[86.7578,20.4944],[86.7522,20.518],[86.7559,20.5185],[86.7609,20.5059],[86.7655,20.504],[86.7753,20.5214],[86.7887,20.5341],[86.8751,20.5961],[87.0556,20.715],[87.0396,20.7422],[87.0411,20.7589],[87.0221,20.7703],[87.0146,20.7662],[86.9765,20.7719],[86.9642,20.7673],[86.9194,20.7669],[86.9023,20.7627],[86.8789,20.7739],[86.8609,20.7748],[86.8469,20.7699],[86.8284,20.7558],[86.8195,20.7322],[86.8054,20.733]]]},"properties":{"STNAME":"ODISHA","STCODE11":"21","STNAME_SH":"Odisha","Shape_Length":3709476.412434491,"Shape_Area":178356387104.31396,"OBJECTID_1":27,"OBJECTID":27,"State_LGD":21,"Shape_Leng":3709476.41243,"MaxSimpTol":300,"MinSimpTol":300}},{"type":"Feature","id":28,"geometry":{"type":"MultiPolygon","coordinates":[[[[77.3174,8.1215],[77.3173,8.1219],[77.3171,8.1216],[77.3174,8.1215]]],[[[77.3226,8.1226],[77.3225,8.122],[77.3229,8.1224],[77.3226,8.1226]]],[[[77.325,8.1231],[77.3251,8.1236],[77.3246,8.1236],[77.325,8.1231]]],[[[77.3106,8.1259],[77.3102,8.1254],[77.3108,8.125],[77.3106,8.1259]]],[[[77.324,8.1253],[77.3248,8.1266],[77.3233,8.126],[77.324,8.1253]]],[[[77.3098,8.1259],[77.3098,8.1269],[77.3051,8.129],[77.3098,8.1259]]],[[[77.3018,8.1402],[77.3018,8.1405],[77.3014,8.1406],[77.3018,8.1402]]],[[[77.3016,8.1407],[77.3016,8.141],[77.3015,8.1408],[77.3016,8.1407]]],[[[77.3011,8.1407],[77.3009,8.1411],[77.3006,8.1407],[77.3011,8.1407]]],[[[77.3017,8.1412],[77.3016,8.1415],[77.3015,8.1412],[77.3017,8.1412]]],[[[77.3014,8.1414],[77.3012,8.142],[77.3009,8.1414],[77.3014,8.1414]]],[[[77.251,8.1679],[77.2507,8.1688],[77.2503,8.1682],[77.251,8.1679]]],[[[77.2463,8.1716],[77.2433,8.1708],[77.2451,8.1697],[77.2463,8.1716]]],[[[77.2449,8.1738],[77.2447,8.1744],[77.2441,8.1742],[77.2449,8.1738]]],[[[77.2373,8.1762],[77.2356,8.1756],[77.2403,8.1745],[77.2373,8.1762]]],[[[77.2273,8.1873],[77.2271,8.1883],[77.2268,8.1875],[77.2273,8.1873]]],[[[78.1655,8.7974],[78.1655,8.7983],[78.165,8.798],[78.1655,8.7974]]],[[[78.2092,8.8339],[78.2039,8.8373],[78.2047,8.8321],[78.2092,8.8339]]],[[[78.2134,8.8345],[78.2126,8.838],[78.2081,8.8401],[78.2134,8.8345]]],[[[78.2257,8.8729],[78.2207,8.8726],[78.2265,8.8664],[78.2257,8.8729]]],[[[78.2231,8.8816],[78.2178,8.8851],[78.2185,8.8799],[78.2231,8.8816]]],[[[78.2725,8.9411],[78.2724,8.9417],[78.2722,8.9411],[78.2725,8.9411]]],[[[78.2707,8.941],[78.2668,8.9373],[78.2691,8.9368],[78.2707,8.941]]],[[[78.2506,8.9511],[78.2501,8.9514],[78.2503,8.951],[78.2506,8.9511]]],[[[78.2527,8.9563],[78.2512,8.9498],[78.2548,8.9485],[78.2527,8.9563]]],[[[78.4941,9.0858],[78.4964,9.0909],[78.4902,9.0943],[78.4866,9.0886],[78.4941,9.0858]]],[[[79.4892,9.1191],[79.4965,9.1249],[79.4918,9.1241],[79.4892,9.1191]]],[[[78.5369,9.102],[78.5389,9.1062],[78.5349,9.1026],[78.5369,9.102]]],[[[79.4888,9.1275],[79.487,9.1273],[79.4882,9.1265],[79.4888,9.1275]]],[[[79.4818,9.1303],[79.4797,9.1298],[79.4816,9.1288],[79.4818,9.1303]]],[[[78.5816,9.111],[78.5793,9.1129],[78.5706,9.1015],[78.5791,9.0999],[78.5884,9.1071],[78.5861,9.1117],[78.5816,9.111]]],[[[79.4835,9.1336],[79.4815,9.133],[79.4822,9.1319],[79.4835,9.1336]]],[[[79.4739,9.1354],[79.4728,9.1393],[79.4697,9.1395],[79.4739,9.1354]]],[[[79.468,9.1407],[79.4674,9.1435],[79.4651,9.1434],[79.468,9.1407]]],[[[79.4543,9.1438],[79.4541,9.1457],[79.4537,9.144],[79.4543,9.1438]]],[[[79.4564,9.1471],[79.4557,9.1477],[79.455,9.1472],[79.4564,9.1471]]],[[[79.4537,9.1487],[79.45,9.1481],[79.4526,9.1465],[79.4537,9.1487]]],[[[79.445,9.1512],[79.4455,9.1539],[79.4445,9.1524],[79.445,9.1512]]],[[[79.4458,9.158],[79.4435,9.1567],[79.4472,9.1528],[79.4458,9.158]]],[[[78.7549,9.1542],[78.7528,9.1534],[78.7542,9.1534],[78.7549,9.1542]]],[[[78.7319,9.1545],[78.7279,9.153],[78.7309,9.1522],[78.7319,9.1545]]],[[[78.6957,9.1508],[78.6962,9.1559],[78.6937,9.1527],[78.6957,9.1508]]],[[[78.7524,9.1558],[78.7521,9.1572],[78.7509,9.1568],[78.7524,9.1558]]],[[[78.8265,9.159],[78.8257,9.16],[78.8245,9.1596],[78.8265,9.159]]],[[[78.8203,9.1605],[78.8189,9.1603],[78.8223,9.16],[78.8203,9.1605]]],[[[78.8161,9.1599],[78.8162,9.1603],[78.8148,9.1607],[78.8161,9.1599]]],[[[78.6983,9.1581],[78.6987,9.1587],[78.6979,9.1584],[78.6983,9.1581]]],[[[78.8236,9.1662],[78.8194,9.1657],[78.8167,9.1601],[78.8236,9.1662]]],[[[78.8262,9.1665],[78.8285,9.1737],[78.8239,9.1667],[78.8262,9.1665]]],[[[78.9698,9.1823],[78.9692,9.184],[78.969,9.1826],[78.9698,9.1823]]],[[[78.9693,9.1861],[78.9665,9.1867],[78.9674,9.1826],[78.9693,9.1861]]],[[[78.9104,9.1861],[78.91,9.1866],[78.91,9.1862],[78.9104,9.1861]]],[[[78.9378,9.1827],[78.9433,9.1873],[78.9328,9.1823],[78.9251,9.1848],[78.9085,9.1815],[78.9061,9.1851],[78.8972,9.1796],[78.9378,9.1827]]],[[[78.7041,9.1841],[78.7035,9.1851],[78.7018,9.1861],[78.7041,9.1841]]],[[[79.077,9.2011],[79.0688,9.2095],[79.0567,9.1969],[79.0664,9.1994],[79.0862,9.1906],[79.0909,9.1948],[79.0832,9.2017],[79.077,9.2011]]],[[[79.1406,9.2124],[79.1414,9.2134],[79.1388,9.2125],[79.1406,9.2124]]],[[[79.1239,9.2136],[79.1226,9.2138],[79.1233,9.2135],[79.1239,9.2136]]],[[[79.1229,9.2152],[79.1294,9.2129],[79.134,9.2151],[79.1229,9.2152]]],[[[79.1551,9.2208],[79.1447,9.2249],[79.1321,9.2197],[79.1237,9.2212],[79.1237,9.2183],[79.1556,9.2178],[79.1642,9.2119],[79.1557,9.209],[79.1646,9.209],[79.1649,9.214],[79.1551,9.2208]]],[[[79.1469,9.2301],[79.1461,9.2346],[79.1442,9.2315],[79.1469,9.2301]]],[[[79.1406,9.234],[79.1394,9.2383],[79.1376,9.2359],[79.1406,9.234]]],[[[79.1602,9.2359],[79.161,9.2383],[79.1586,9.2388],[79.1602,9.2359]]],[[[79.1479,9.236],[79.1506,9.24],[79.146,9.2428],[79.1438,9.2384],[79.1479,9.236]]],[[[79.2329,9.2487],[79.2289,9.2419],[79.2378,9.2356],[79.2403,9.2424],[79.2329,9.2487]]],[[[79.1378,9.2515],[79.1373,9.2559],[79.1352,9.2536],[79.1378,9.2515]]],[[[79.2114,9.2507],[79.1914,9.257],[79.18,9.2491],[79.1749,9.2398],[79.192,9.2238],[79.2047,9.226],[79.2214,9.2406],[79.2256,9.2501],[79.2114,9.2507]]],[[[79.7814,11.9028],[79.7753,11.905],[79.7691,11.9007],[79.7728,11.9005],[79.7726,11.8759],[79.7796,11.878],[79.7806,11.8628],[79.7851,11.863],[79.7872,11.8735],[79.7923,11.8769],[79.7965,11.895],[79.7964,11.8999],[79.7879,11.8968],[79.7814,11.9028]]],[[[80.3259,13.4454],[80.301,13.4787],[80.2683,13.5645],[80.264,13.5627],[80.2418,13.4707],[80.2259,13.4851],[80.2139,13.4861],[80.2146,13.4903],[80.2106,13.4905],[80.2099,13.4863],[80.1452,13.4914],[80.1455,13.4995],[80.1392,13.5043],[80.1317,13.5015],[80.1127,13.506],[80.1082,13.4889],[80.1051,13.4934],[80.1009,13.4899],[80.103,13.487],[80.0782,13.4888],[80.0771,13.5264],[80.0886,13.535],[80.0812,13.5498],[80.0627,13.5454],[80.0569,13.5367],[80.0284,13.5388],[80.0239,13.5461],[80.0169,13.5472],[79.9997,13.5423],[80.0005,13.5257],[80.0176,13.5296],[80.0195,13.5193],[80.0272,13.5137],[80.0355,13.5183],[80.0484,13.5123],[80.0466,13.4937],[80.0159,13.498],[80.0078,13.4783],[79.984,13.4796],[79.9824,13.4705],[79.9724,13.4691],[79.9733,13.4297],[79.9566,13.4222],[79.9525,13.4259],[79.9396,13.4251],[79.9418,13.4167],[79.9345,13.4165],[79.9457,13.4078],[79.9412,13.4006],[79.9443,13.3969],[79.9614,13.3956],[79.9627,13.3914],[79.958,13.3792],[79.9539,13.3771],[79.9482,13.3833],[79.945,13.3818],[79.9494,13.3755],[79.938,13.3555],[79.9313,13.3515],[79.9253,13.3584],[79.9159,13.3599],[79.9148,13.3482],[79.8835,13.3329],[79.8829,13.3233],[79.868,13.3311],[79.8628,13.3169],[79.8535,13.3207],[79.8532,13.316],[79.8361,13.3142],[79.8089,13.3173],[79.8016,13.3005],[79.7917,13.2935],[79.7608,13.3185],[79.7567,13.2953],[79.7442,13.2886],[79.7392,13.2914],[79.7337,13.2888],[79.7306,13.283],[79.735,13.276],[79.748,13.271],[79.7612,13.2575],[79.7816,13.2516],[79.7947,13.2421],[79.7945,13.2263],[79.7931,13.2293],[79.7847,13.2279],[79.7779,13.2236],[79.7754,13.2153],[79.7739,13.2192],[79.7642,13.2191],[79.7598,13.2075],[79.75,13.208],[79.751,13.2165],[79.7373,13.2366],[79.7302,13.2326],[79.7314,13.2225],[79.7216,13.2235],[79.7184,13.2165],[79.7027,13.2224],[79.7061,13.2342],[79.714,13.2358],[79.7125,13.2447],[79.7091,13.2511],[79.7009,13.2531],[79.693,13.2433],[79.6959,13.2386],[79.6842,13.2445],[79.6783,13.2617],[79.6877,13.2667],[79.6911,13.261],[79.6957,13.2673],[79.6888,13.2709],[79.6936,13.2735],[79.6939,13.2798],[79.6812,13.288],[79.6824,13.2959],[79.6781,13.2974],[79.6742,13.2818],[79.6654,13.2787],[79.6638,13.2898],[79.6578,13.2839],[79.6518,13.2919],[79.6425,13.2902],[79.6412,13.2756],[79.6384,13.2875],[79.6332,13.2824],[79.6316,13.2697],[79.6141,13.2827],[79.6061,13.2796],[79.6087,13.2875],[79.596,13.2849],[79.5913,13.2615],[79.5792,13.2578],[79.5584,13.2727],[79.5346,13.2754],[79.5351,13.2851],[79.5412,13.2925],[79.5348,13.3014],[79.5441,13.3168],[79.5393,13.3219],[79.5418,13.3273],[79.5373,13.3387],[79.5259,13.3444],[79.5111,13.342],[79.5103,13.3346],[79.4952,13.3452],[79.4805,13.34],[79.4654,13.3388],[79.464,13.3418],[79.4562,13.3386],[79.4354,13.3517],[79.4316,13.3367],[79.421,13.3363],[79.4147,13.3301],[79.4053,13.3351],[79.3983,13.3302],[79.402,13.3174],[79.3878,13.3181],[79.3819,13.3075],[79.3886,13.3098],[79.3898,13.2975],[79.4157,13.2996],[79.42,13.2896],[79.4305,13.3003],[79.4454,13.3013],[79.4463,13.2916],[79.4347,13.2891],[79.4337,13.275],[79.4176,13.2718],[79.4084,13.2653],[79.4161,13.2604],[79.4168,13.2517],[79.4226,13.2513],[79.4185,13.243],[79.4376,13.2429],[79.4315,13.2361],[79.4398,13.2359],[79.431,13.2297],[79.44,13.2306],[79.4415,13.238],[79.4531,13.2384],[79.4538,13.217],[79.4373,13.2196],[79.4362,13.2128],[79.4438,13.2078],[79.4324,13.197],[79.4384,13.1882],[79.4101,13.1905],[79.4092,13.1941],[79.399,13.1878],[79.3921,13.1925],[79.374,13.1893],[79.3856,13.1831],[79.3877,13.1776],[79.3727,13.1789],[79.3695,13.1729],[79.3792,13.1715],[79.38,13.163],[79.3561,13.1646],[79.3611,13.1385],[79.3655,13.134],[79.3605,13.1236],[79.3452,13.1214],[79.3446,13.1368],[79.3411,13.1369],[79.3396,13.1305],[79.329,13.1306],[79.3186,13.1235],[79.3242,13.1186],[79.3119,13.1166],[79.3189,13.1135],[79.3099,13.112],[79.3072,13.1056],[79.2943,13.1096],[79.3015,13.1137],[79.2992,13.1187],[79.3124,13.1262],[79.284,13.1228],[79.2803,13.1529],[79.2745,13.1557],[79.2621,13.1491],[79.2574,13.1608],[79.2522,13.1578],[79.2539,13.1458],[79.2452,13.1383],[79.2402,13.1444],[79.2449,13.1489],[79.2421,13.1497],[79.2427,13.171],[79.2349,13.1709],[79.2256,13.1589],[79.2273,13.1556],[79.2147,13.157],[79.21,13.1485],[79.2328,13.1394],[79.2303,13.1264],[79.2384,13.1186],[79.2342,13.1147],[79.2344,13.1053],[79.2008,13.0889],[79.1983,13.0814],[79.1931,13.0823],[79.1907,13.0888],[79.1876,13.0835],[79.1806,13.0843],[79.1853,13.0797],[79.184,13.0728],[79.1908,13.0734],[79.1921,13.0675],[79.1873,13.0607],[79.18,13.0643],[79.1783,13.0592],[79.1921,13.0562],[79.1796,13.0545],[79.1804,13.0489],[79.193,13.0467],[79.1848,13.0299],[79.1822,13.0319],[79.1631,13.0203],[79.1483,13.0247],[79.1373,13.0348],[79.1145,13.0393],[79.1074,13.0383],[79.0983,13.0261],[79.0809,13.0258],[79.0628,13.0407],[79.0634,13.0531],[79.0387,13.0612],[79.0369,13.0706],[79.0095,13.0773],[79.0039,13.0846],[78.995,13.0866],[78.9723,13.0838],[78.9703,13.0748],[78.9621,13.0788],[78.9554,13.0759],[78.9492,13.084],[78.9415,13.0786],[78.9239,13.0808],[78.9217,13.0661],[78.9126,13.066],[78.9036,13.0477],[78.9175,13.0437],[78.9291,13.0458],[78.9408,13.0364],[78.9371,13.0305],[78.9291,13.0365],[78.8916,13.0331],[78.8889,13.0734],[78.8957,13.0952],[78.8916,13.0971],[78.8751,13.0969],[78.8698,13.0896],[78.8709,13.0819],[78.8611,13.0837],[78.842,13.0787],[78.8131,13.0892],[78.7976,13.0749],[78.7943,13.0666],[78.7518,13.055],[78.7403,13.064],[78.7145,13.0687],[78.7052,13.0153],[78.6562,13.0312],[78.6555,13.0153],[78.6209,12.9913],[78.6471,12.9663],[78.638,12.9648],[78.657,12.9321],[78.6522,12.9291],[78.6334,12.9318],[78.6268,12.9074],[78.6167,12.8886],[78.6131,12.868],[78.6015,12.8509],[78.6077,12.8219],[78.6004,12.8185],[78.6011,12.8037],[78.593,12.7983],[78.5925,12.7827],[78.576,12.772],[78.5765,12.7674],[78.5684,12.767],[78.5656,12.7594],[78.5615,12.7615],[78.5556,12.7558],[78.5583,12.75],[78.5632,12.7514],[78.5553,12.7393],[78.5638,12.7377],[78.5544,12.7193],[78.5616,12.7101],[78.5549,12.7076],[78.5558,12.7002],[78.5409,12.6907],[78.5349,12.6912],[78.5296,12.7103],[78.5327,12.7116],[78.535,12.7074],[78.5443,12.711],[78.5369,12.7134],[78.5375,12.717],[78.525,12.7155],[78.527,12.7215],[78.5227,12.7193],[78.5209,12.7362],[78.5167,12.7244],[78.5116,12.7268],[78.5138,12.7345],[78.5071,12.7372],[78.5052,12.743],[78.4931,12.7472],[78.4891,12.742],[78.5059,12.7226],[78.5202,12.7187],[78.52,12.7121],[78.5118,12.7077],[78.503,12.7168],[78.5019,12.7045],[78.4965,12.7033],[78.504,12.6987],[78.5029,12.692],[78.5074,12.6915],[78.5033,12.69],[78.4998,12.6762],[78.4845,12.6717],[78.4679,12.6759],[78.4705,12.6506],[78.4747,12.6477],[78.4705,12.6446],[78.4717,12.6321],[78.4649,12.6241],[78.4584,12.6297],[78.4348,12.6296],[78.427,12.6353],[78.4126,12.6269],[78.3714,12.6272],[78.3436,12.6488],[78.3322,12.6493],[78.3183,12.662],[78.301,12.6659],[78.2711,12.7051],[78.2445,12.7064],[78.2393,12.7011],[78.2377,12.6858],[78.2106,12.6861],[78.2098,12.6905],[78.1996,12.6931],[78.2099,12.7006],[78.2057,12.7065],[78.2271,12.7149],[78.2311,12.7126],[78.241,12.73],[78.2309,12.7607],[78.1951,12.7739],[78.1889,12.772],[78.1774,12.776],[78.1676,12.7701],[78.1451,12.781],[78.1342,12.782],[78.125,12.7982],[78.0901,12.8174],[78.0862,12.832],[78.0738,12.8306],[78.0765,12.8397],[78.0602,12.8439],[78.059,12.8512],[78.0533,12.8539],[78.0504,12.8488],[78.0307,12.8525],[78.0306,12.8581],[78.0238,12.8566],[78.029,12.8452],[78.0243,12.8418],[78.0191,12.844],[78.0183,12.8311],[78.0039,12.8256],[78.0153,12.8138],[78.0097,12.8058],[77.9885,12.8082],[77.9898,12.8216],[77.9793,12.8271],[77.9804,12.8351],[77.9643,12.8329],[77.9653,12.8482],[77.9528,12.8502],[77.9523,12.8572],[77.9436,12.8579],[77.94,12.8532],[77.9406,12.8453],[77.9466,12.8388],[77.9407,12.8234],[77.9343,12.8231],[77.9265,12.8303],[77.9205,12.8282],[77.9172,12.8389],[77.9242,12.8512],[77.9228,12.8556],[77.9356,12.8628],[77.9418,12.8717],[77.9277,12.875],[77.9271,12.8816],[77.9361,12.8837],[77.9293,12.891],[77.9219,12.8848],[77.9087,12.8849],[77.9084,12.8789],[77.8949,12.8786],[77.8903,12.8697],[77.8759,12.8669],[77.8575,12.8695],[77.8509,12.8662],[77.836,12.8704],[77.8324,12.8621],[77.8155,12.8558],[77.8079,12.8477],[77.7991,12.8516],[77.7924,12.8422],[77.7959,12.8346],[77.8099,12.8316],[77.8099,12.8156],[77.8021,12.8171],[77.7997,12.8053],[77.8085,12.7968],[77.7985,12.7952],[77.7788,12.7678],[77.7943,12.7578],[77.7934,12.7495],[77.7835,12.7413],[77.7633,12.7369],[77.7611,12.7275],[77.7744,12.7243],[77.7695,12.7126],[77.7657,12.7138],[77.7617,12.6976],[77.7374,12.6978],[77.7349,12.6921],[77.741,12.6858],[77.7399,12.673],[77.7246,12.6712],[77.7227,12.6797],[77.7116,12.6832],[77.711,12.6672],[77.7042,12.6615],[77.6786,12.6604],[77.6764,12.6795],[77.6599,12.6839],[77.5989,12.6672],[77.5961,12.6503],[77.6062,12.629],[77.591,12.6153],[77.5914,12.5921],[77.5793,12.5731],[77.5803,12.5516],[77.5864,12.5458],[77.5872,12.5148],[77.6124,12.515],[77.6163,12.5092],[77.615,12.5042],[77.5837,12.4789],[77.6074,12.4752],[77.6261,12.4964],[77.6346,12.4877],[77.6331,12.4705],[77.6272,12.4585],[77.6261,12.4308],[77.6296,12.4184],[77.6233,12.4123],[77.6168,12.3683],[77.613,12.3612],[77.6008,12.3585],[77.5915,12.3402],[77.5786,12.3357],[77.566,12.3063],[77.5579,12.3058],[77.5513,12.2913],[77.5328,12.2915],[77.5272,12.2788],[77.5142,12.2754],[77.5,12.2826],[77.4876,12.2806],[77.479,12.2713],[77.4711,12.2436],[77.4785,12.2401],[77.4826,12.2295],[77.472,12.208],[77.4864,12.2039],[77.4927,12.1974],[77.5187,12.1945],[77.5459,12.2047],[77.5653,12.1964],[77.5738,12.2009],[77.5967,12.1993],[77.6107,12.2062],[77.6209,12.1999],[77.6298,12.2023],[77.64,12.1965],[77.6652,12.1983],[77.7023,12.1842],[77.7277,12.1816],[77.7452,12.1594],[77.7498,12.1385],[77.7738,12.1206],[77.7767,12.1137],[77.7677,12.1067],[77.7557,12.0798],[77.7275,12.0621],[77.7089,12.0361],[77.6747,11.966],[77.6756,11.9521],[77.6573,11.9499],[77.652,11.9549],[77.6394,11.9481],[77.6069,11.9421],[77.6034,11.9378],[77.5935,11.9403],[77.5753,11.9366],[77.5581,11.9417],[77.5425,11.9383],[77.5379,11.9325],[77.4941,11.9434],[77.4905,11.9086],[77.483,11.8997],[77.4862,11.8875],[77.4806,11.8935],[77.4772,11.8906],[77.4735,11.8993],[77.4616,11.9001],[77.4639,11.8941],[77.4604,11.8813],[77.4658,11.8743],[77.4599,11.8636],[77.4666,11.8472],[77.454,11.8203],[77.4498,11.7961],[77.4405,11.7889],[77.4422,11.7834],[77.4338,11.7782],[77.4272,11.761],[77.4226,11.7618],[77.4222,11.7725],[77.3944,11.7877],[77.3702,11.7868],[77.3648,11.7905],[77.3604,11.7796],[77.3351,11.7713],[77.2938,11.8091],[77.2879,11.8005],[77.2498,11.8131],[77.2496,11.8043],[77.2386,11.7948],[77.1892,11.7926],[77.182,11.7864],[77.147,11.782],[77.138,11.7728],[77.1107,11.7736],[77.1124,11.757],[77.1085,11.7527],[77.1175,11.7319],[77.1177,11.7212],[77.105,11.7329],[77.0802,11.7361],[77.0827,11.7399],[77.0564,11.7699],[77.0697,11.7822],[77.0629,11.7905],[77.0464,11.7877],[77.0351,11.7699],[77.0288,11.7748],[77.0387,11.794],[77.0326,11.796],[77.0298,11.8048],[77.0168,11.8108],[77.014,11.8063],[77.0129,11.8147],[76.9935,11.8093],[76.9821,11.8116],[76.9836,11.8018],[76.9699,11.777],[76.9539,11.7922],[76.9423,11.7881],[76.908,11.7954],[76.8966,11.7766],[76.8962,11.7599],[76.8883,11.7338],[76.8626,11.7111],[76.8637,11.7055],[76.8527,11.6925],[76.8418,11.6622],[76.835,11.6555],[76.8379,11.6421],[76.8346,11.6396],[76.8451,11.6343],[76.8427,11.6272],[76.8521,11.6218],[76.8505,11.6161],[76.8581,11.6141],[76.8564,11.5994],[76.8469,11.5946],[76.8228,11.6082],[76.8175,11.6048],[76.7569,11.6186],[76.747,11.6139],[76.6304,11.6139],[76.6139,11.6077],[76.5976,11.6108],[76.5922,11.6188],[76.5767,11.6146],[76.5752,11.6193],[76.5599,11.6226],[76.5614,11.6328],[76.5539,11.6458],[76.5505,11.6743],[76.5372,11.6909],[76.5116,11.7051],[76.4935,11.6931],[76.4816,11.6926],[76.4826,11.6862],[76.4582,11.6645],[76.4313,11.6665],[76.4364,11.6535],[76.444,11.6473],[76.4325,11.6314],[76.4066,11.6343],[76.3881,11.6297],[76.378,11.602],[76.3546,11.5894],[76.3404,11.5873],[76.3359,11.5958],[76.3212,11.5863],[76.3159,11.5767],[76.3105,11.5775],[76.3024,11.5713],[76.296,11.5902],[76.2861,11.5903],[76.279,11.6009],[76.2743,11.5938],[76.2649,11.594],[76.2341,11.5712],[76.2442,11.5533],[76.2448,11.5416],[76.2515,11.5369],[76.2502,11.527],[76.2397,11.5267],[76.2514,11.5024],[76.2472,11.468],[76.2647,11.4813],[76.2735,11.4771],[76.2844,11.483],[76.2946,11.4742],[76.2915,11.4699],[76.2948,11.4658],[76.3051,11.4679],[76.326,11.4541],[76.3422,11.4677],[76.3687,11.4563],[76.3979,11.4364],[76.4187,11.4419],[76.4156,11.4233],[76.4604,11.3889],[76.5177,11.3716],[76.5151,11.3598],[76.5082,11.3542],[76.5478,11.359],[76.5499,11.3311],[76.5373,11.3141],[76.5393,11.3047],[76.5457,11.3004],[76.5268,11.2886],[76.5217,11.2707],[76.4871,11.2584],[76.4531,11.2395],[76.4489,11.2056],[76.4393,11.203],[76.4386,11.199],[76.4516,11.1995],[76.4584,11.1878],[76.4734,11.195],[76.4723,11.2088],[76.4958,11.2115],[76.5094,11.2083],[76.5157,11.1946],[76.5338,11.1857],[76.6008,11.1976],[76.6155,11.1924],[76.6289,11.1943],[76.6764,11.2202],[76.6843,11.2279],[76.6842,11.2339],[76.7058,11.2404],[76.7345,11.2181],[76.7269,11.2075],[76.7286,11.1914],[76.7143,11.1877],[76.698,11.1742],[76.695,11.1668],[76.7002,11.1536],[76.7063,11.1416],[76.7121,11.1423],[76.7083,11.1467],[76.712,11.1509],[76.7189,11.1495],[76.7314,11.1317],[76.7345,11.1363],[76.7481,11.1355],[76.7499,11.1191],[76.7434,11.1026],[76.7478,11.0934],[76.7516,11.0933],[76.7546,11.0791],[76.7438,11.0731],[76.7465,11.0568],[76.7781,11.0422],[76.7878,11.0448],[76.7962,11.0559],[76.8008,11.054],[76.7918,11.0374],[76.7666,11.0292],[76.7418,11.0382],[76.7182,11.041],[76.6997,11.0267],[76.6891,11.0086],[76.686,10.9893],[76.6667,10.9684],[76.6647,10.9436],[76.6558,10.9391],[76.6591,10.9306],[76.6952,10.9103],[76.7149,10.9087],[76.7407,10.8911],[76.7525,10.8958],[76.768,10.8878],[76.7815,10.8912],[76.7919,10.8818],[76.8284,10.8726],[76.832,10.8609],[76.8485,10.8501],[76.8539,10.8397],[76.8533,10.8336],[76.8452,10.8268],[76.8482,10.8195],[76.864,10.818],[76.8701,10.809],[76.9008,10.808],[76.9073,10.7834],[76.9037,10.7618],[76.8882,10.7318],[76.8922,10.7185],[76.8822,10.7168],[76.8675,10.6943],[76.8706,10.6922],[76.867,10.6792],[76.8782,10.6744],[76.8841,10.648],[76.8821,10.639],[76.8596,10.6317],[76.8309,10.6369],[76.8143,10.635],[76.8101,10.6238],[76.8167,10.6159],[76.8175,10.6027],[76.8263,10.5961],[76.8324,10.5992],[76.8386,10.5963],[76.8339,10.5734],[76.8397,10.5636],[76.8353,10.5446],[76.8431,10.5367],[76.8303,10.4973],[76.828,10.4497],[76.816,10.423],[76.8243,10.4096],[76.8333,10.4073],[76.8337,10.4028],[76.8233,10.3946],[76.8437,10.377],[76.8486,10.3674],[76.8459,10.3568],[76.836,10.3454],[76.8374,10.3359],[76.8299,10.3032],[76.8403,10.2991],[76.8444,10.2944],[76.8423,10.2894],[76.8486,10.2845],[76.8521,10.2843],[76.8549,10.2921],[76.862,10.2912],[76.8732,10.2975],[76.8733,10.2757],[76.8974,10.2614],[76.9048,10.2472],[76.9026,10.2396],[76.9077,10.2403],[76.9119,10.2343],[76.9219,10.2316],[76.9396,10.2382],[76.9507,10.2317],[76.9586,10.2335],[76.9707,10.229],[76.9836,10.2197],[77.0151,10.2456],[77.0396,10.2529],[77.0484,10.2594],[77.0528,10.2723],[77.0436,10.2841],[77.0632,10.2917],[77.066,10.2982],[77.0785,10.3029],[77.0914,10.3151],[77.0957,10.3087],[77.102,10.3156],[77.1202,10.318],[77.176,10.3586],[77.2353,10.3529],[77.2357,10.34],[77.2288,10.3311],[77.2273,10.3166],[77.2636,10.2639],[77.2573,10.2595],[77.2591,10.2305],[77.2695,10.237],[77.2809,10.2367],[77.2882,10.2323],[77.2953,10.2185],[77.2829,10.2086],[77.2835,10.1977],[77.2746,10.1849],[77.2712,10.1424],[77.2749,10.1313],[77.2681,10.1278],[77.2677,10.1222],[77.2519,10.1256],[77.2445,10.1319],[77.2385,10.1308],[77.2305,10.1223],[77.2164,10.1164],[77.2075,10.1191],[77.2012,10.1072],[77.204,10.0885],[77.2316,10.0669],[77.2639,10.0293],[77.2547,10.0124],[77.2649,10.0043],[77.261,9.9918],[77.2668,9.9904],[77.2643,9.9873],[77.2726,9.9764],[77.2728,9.9643],[77.2609,9.9526],[77.2466,9.952],[77.248,9.9475],[77.2363,9.936],[77.2302,9.9131],[77.2183,9.9049],[77.2208,9.8851],[77.2125,9.8775],[77.2214,9.8637],[77.2364,9.8602],[77.2373,9.852],[77.223,9.8455],[77.2276,9.8387],[77.2219,9.8231],[77.2328,9.8221],[77.2327,9.818],[77.2413,9.8162],[77.2469,9.8086],[77.2468,9.7985],[77.2403,9.7975],[77.2361,9.7906],[77.2228,9.7884],[77.2251,9.7761],[77.2325,9.7691],[77.2202,9.7451],[77.2239,9.7304],[77.2035,9.7222],[77.2061,9.7176],[77.2019,9.704],[77.2067,9.6947],[77.1941,9.6706],[77.1811,9.6593],[77.174,9.6374],[77.1762,9.6296],[77.1691,9.6241],[77.1658,9.6129],[77.1886,9.6062],[77.1981,9.6145],[77.2089,9.6136],[77.2098,9.6051],[77.2221,9.5978],[77.2225,9.5929],[77.2342,9.5816],[77.2427,9.5853],[77.253,9.5831],[77.2583,9.5766],[77.2696,9.5729],[77.2903,9.5849],[77.29,9.5888],[77.3037,9.5988],[77.3177,9.6026],[77.3223,9.5984],[77.3299,9.5991],[77.3245,9.5934],[77.3253,9.5801],[77.3394,9.5734],[77.3545,9.6042],[77.3611,9.6024],[77.3661,9.5961],[77.3608,9.5979],[77.3574,9.5945],[77.3549,9.5868],[77.3598,9.5775],[77.3502,9.5672],[77.3528,9.5597],[77.365,9.5528],[77.3655,9.5352],[77.3851,9.5193],[77.4004,9.5275],[77.4032,9.5231],[77.4003,9.518],[77.4123,9.5091],[77.3992,9.4965],[77.402,9.4777],[77.3915,9.4689],[77.3925,9.4595],[77.3771,9.4529],[77.3659,9.4602],[77.3493,9.4412],[77.3364,9.4124],[77.3438,9.4022],[77.3413,9.3899],[77.3345,9.3813],[77.3372,9.3651],[77.326,9.3467],[77.3252,9.3372],[77.3,9.3368],[77.3009,9.3302],[77.2972,9.3293],[77.3026,9.3191],[77.2995,9.311],[77.283,9.3014],[77.2885,9.2743],[77.2827,9.2733],[77.2825,9.2561],[77.2753,9.2348],[77.2822,9.2169],[77.2707,9.2009],[77.2563,9.1994],[77.2525,9.1895],[77.2643,9.1862],[77.2682,9.1753],[77.2678,9.1534],[77.2534,9.1396],[77.2469,9.1239],[77.2281,9.1162],[77.2261,9.1075],[77.2121,9.0999],[77.2057,9.0845],[77.2088,9.0742],[77.1967,9.0566],[77.1972,9.0466],[77.1869,9.0428],[77.1828,9.0468],[77.167,9.0449],[77.1605,9.0357],[77.1609,9.0292],[77.147,9.0214],[77.1493,9.0097],[77.1568,9.0076],[77.1616,8.9952],[77.1735,8.9913],[77.1781,8.9692],[77.1855,8.9703],[77.1962,8.9547],[77.1938,8.9434],[77.1971,8.9355],[77.1927,8.9263],[77.2029,8.9231],[77.2104,8.932],[77.2213,8.9275],[77.2238,8.9243],[77.2182,8.9167],[77.2211,8.9041],[77.2385,8.8979],[77.2376,8.8858],[77.2583,8.875],[77.2573,8.8617],[77.2625,8.8553],[77.2598,8.8514],[77.264,8.8421],[77.2471,8.8237],[77.2479,8.817],[77.2423,8.8094],[77.232,8.8072],[77.2297,8.7847],[77.213,8.7786],[77.2175,8.7677],[77.2094,8.7649],[77.1969,8.7683],[77.1982,8.7536],[77.191,8.7416],[77.177,8.7438],[77.1725,8.7496],[77.17,8.7419],[77.1787,8.732],[77.1772,8.725],[77.1813,8.7172],[77.1949,8.7079],[77.2067,8.6845],[77.2079,8.6793],[77.2009,8.669],[77.2083,8.6638],[77.2142,8.6493],[77.2247,8.6392],[77.2293,8.6399],[77.2346,8.627],[77.2514,8.6203],[77.252,8.6084],[77.2464,8.6036],[77.2663,8.5853],[77.2742,8.5598],[77.2838,8.5469],[77.2746,8.5377],[77.2616,8.5063],[77.2512,8.5055],[77.2387,8.496],[77.2294,8.5082],[77.2135,8.512],[77.2013,8.501],[77.2104,8.4919],[77.213,8.4704],[77.2252,8.4596],[77.227,8.4467],[77.206,8.444],[77.196,8.4289],[77.1969,8.4196],[77.1826,8.4049],[77.1817,8.3961],[77.1677,8.3837],[77.1606,8.3894],[77.1507,8.3845],[77.1516,8.3811],[77.1594,8.3812],[77.1608,8.3736],[77.1524,8.3551],[77.1676,8.3634],[77.1739,8.3585],[77.1751,8.35],[77.1665,8.3425],[77.1803,8.3234],[77.1728,8.3188],[77.1685,8.3326],[77.1533,8.3269],[77.1482,8.3317],[77.1287,8.3246],[77.1291,8.3215],[77.1186,8.3203],[77.1221,8.3086],[77.1162,8.3094],[77.1123,8.304],[77.103,8.3064],[77.0978,8.2925],[77.1522,8.2519],[77.1862,8.2171],[77.2237,8.1958],[77.2328,8.1803],[77.2744,8.1632],[77.2987,8.1465],[77.3037,8.1316],[77.3155,8.1221],[77.3314,8.1274],[77.439,8.0963],[77.4837,8.0903],[77.529,8.0805],[77.5309,8.0767],[77.555,8.0766],[77.5614,8.0881],[77.5712,8.0933],[77.5659,8.1015],[77.5666,8.1184],[77.5828,8.1373],[77.6045,8.1472],[77.6169,8.1446],[77.6422,8.1543],[77.7296,8.1641],[77.758,8.1453],[77.7739,8.1562],[77.7937,8.1623],[77.8005,8.1692],[77.8061,8.1828],[77.8026,8.1929],[77.8045,8.2028],[77.8326,8.2291],[77.8411,8.2517],[77.8909,8.2705],[77.9147,8.2918],[77.9491,8.3116],[77.9704,8.3346],[77.9915,8.3501],[78.0671,8.3745],[78.0584,8.3779],[78.0567,8.3846],[78.0637,8.4124],[78.0963,8.4491],[78.1258,8.4747],[78.1433,8.5017],[78.1306,8.5479],[78.1447,8.598],[78.135,8.6162],[78.1385,8.6802],[78.1518,8.6972],[78.1636,8.7239],[78.1954,8.7516],[78.1968,8.7572],[78.202,8.756],[78.2005,8.7929],[78.1978,8.7868],[78.2015,8.7771],[78.1913,8.7672],[78.198,8.7698],[78.197,8.7627],[78.1914,8.7626],[78.1874,8.7706],[78.1783,8.7722],[78.175,8.768],[78.1765,8.7726],[78.1717,8.7706],[78.173,8.7743],[78.1691,8.7632],[78.1699,8.7758],[78.1656,8.7638],[78.1643,8.7741],[78.1606,8.7747],[78.1631,8.7951],[78.1603,8.803],[78.1682,8.8159],[78.1656,8.8225],[78.1708,8.83],[78.167,8.8412],[78.1717,8.8829],[78.1823,8.8911],[78.1818,8.9027],[78.1933,8.9292],[78.1903,8.9284],[78.2192,8.9645],[78.2182,8.9684],[78.22,8.9656],[78.2462,8.9885],[78.2664,8.9977],[78.4068,9.1099],[78.4554,9.125],[78.4872,9.1275],[78.5243,9.1365],[78.556,9.1367],[78.5785,9.1304],[78.6061,9.1478],[78.6574,9.1577],[78.643,9.1692],[78.6428,9.1759],[78.6472,9.1843],[78.6641,9.1935],[78.6854,9.1953],[78.7166,9.1891],[78.7174,9.2009],[78.7326,9.2116],[78.7553,9.2156],[78.8326,9.2457],[78.8523,9.247],[78.861,9.2555],[78.8758,9.2573],[78.908,9.2497],[78.9162,9.2599],[78.9119,9.2637],[78.918,9.2616],[78.9259,9.2671],[78.9646,9.274],[78.9956,9.2734],[79.0643,9.2604],[79.0897,9.2602],[79.1271,9.27],[79.1449,9.2685],[79.1529,9.2763],[79.2086,9.2817],[79.204,9.2766],[79.203,9.2677],[79.2076,9.271],[79.2058,9.2745],[79.2147,9.2658],[79.2184,9.2701],[79.2168,9.2553],[79.2565,9.2589],[79.2999,9.2458],[79.4158,9.1765],[79.4328,9.1609],[79.4234,9.1771],[79.374,9.2149],[79.3263,9.2588],[79.3157,9.2741],[79.3146,9.2837],[79.3265,9.2929],[79.3352,9.3087],[79.3294,9.3202],[79.3108,9.3277],[79.2814,9.3126],[79.2671,9.2928],[79.2209,9.2912],[79.2097,9.2829],[79.1599,9.284],[79.1412,9.2919],[79.1305,9.2881],[79.0665,9.298],[78.9964,9.3475],[78.9361,9.4092],[78.9027,9.4635],[78.8984,9.4896],[78.9044,9.4937],[78.9144,9.493],[78.9133,9.5056],[78.9198,9.5254],[78.9268,9.5851],[78.9374,9.6081],[78.96,9.6312],[78.9593,9.6421],[78.9639,9.6406],[78.9709,9.6558],[78.9703,9.6651],[78.9803,9.6896],[79.0373,9.7629],[79.059,9.773],[79.0696,9.7931],[79.0787,9.8005],[79.0879,9.8232],[79.1189,9.8524],[79.1239,9.8652],[79.1184,9.8666],[79.1192,9.8772],[79.1289,9.8949],[79.1515,9.9161],[79.1551,9.9316],[79.1984,9.9734],[79.2161,9.9968],[79.2148,10.0001],[79.2165,9.9976],[79.2443,10.0273],[79.266,10.0393],[79.2555,10.0451],[79.252,10.0657],[79.246,10.0738],[79.2366,10.0766],[79.2285,10.0903],[79.2258,10.1011],[79.2302,10.1184],[79.2271,10.1192],[79.2356,10.128],[79.2276,10.1338],[79.2282,10.1474],[79.2368,10.1543],[79.2348,10.1571],[79.2387,10.1563],[79.2381,10.1698],[79.2441,10.186],[79.2648,10.1973],[79.2786,10.2155],[79.2772,10.2234],[79.2669,10.229],[79.2689,10.2343],[79.2968,10.2624],[79.3317,10.2858],[79.3666,10.294],[79.3769,10.3131],[79.3891,10.3174],[79.5166,10.3134],[79.5326,10.3067],[79.6363,10.2946],[79.706,10.2776],[79.7685,10.2719],[79.8586,10.2821],[79.8764,10.2954],[79.8814,10.3058],[79.8822,10.3232],[79.8687,10.3756],[79.8534,10.6267],[79.8527,10.8269],[79.831,10.8274],[79.828,10.8497],[79.821,10.8456],[79.8079,10.8557],[79.8074,10.8655],[79.8116,10.8597],[79.8248,10.8649],[79.8223,10.8743],[79.811,10.8756],[79.8112,10.8804],[79.8285,10.8838],[79.8043,10.8911],[79.7946,10.8876],[79.7903,10.8949],[79.7899,10.8904],[79.7836,10.8885],[79.7825,10.8954],[79.7938,10.8988],[79.7913,10.9049],[79.7953,10.9028],[79.7892,10.9085],[79.7773,10.909],[79.7769,10.8966],[79.7562,10.8918],[79.7635,10.8998],[79.7613,10.9018],[79.7569,10.8965],[79.7575,10.9079],[79.7629,10.9137],[79.7589,10.9167],[79.743,10.9147],[79.7426,10.9246],[79.7248,10.929],[79.7255,10.9341],[79.7292,10.934],[79.723,10.935],[79.7271,10.9378],[79.724,10.9419],[79.7373,10.9525],[79.7345,10.9575],[79.7324,10.9512],[79.7198,10.9522],[79.7192,10.9685],[79.7309,10.9705],[79.7391,10.9646],[79.7446,10.9662],[79.7463,10.9563],[79.7639,10.9598],[79.7594,10.9722],[79.7547,10.9719],[79.7528,10.9769],[79.7585,10.9835],[79.7528,10.9829],[79.7525,10.9881],[79.7473,10.9884],[79.7486,11.0032],[79.7563,11.0038],[79.7666,10.9974],[79.7865,10.9973],[79.7863,10.9897],[79.7977,10.9826],[79.804,10.9871],[79.8042,10.9977],[79.8131,10.9992],[79.8152,11.0038],[79.8206,10.9982],[79.8402,11.0021],[79.8394,10.9959],[79.8512,10.9943],[79.8544,10.9833],[79.8565,11.1714],[79.8346,11.3218],[79.8431,11.3512],[79.8321,11.3566],[79.8365,11.3583],[79.8222,11.3821],[79.8074,11.4441],[79.7785,11.5],[79.7784,11.5069],[79.7686,11.5148],[79.7572,11.5575],[79.761,11.6238],[79.7958,11.7855],[79.7844,11.7874],[79.7804,11.7812],[79.7719,11.7822],[79.7706,11.7896],[79.7658,11.7919],[79.7619,11.7908],[79.755,11.7753],[79.7261,11.7826],[79.7123,11.7916],[79.7138,11.7963],[79.7228,11.7965],[79.7245,11.8105],[79.7357,11.8094],[79.7294,11.837],[79.7381,11.837],[79.7367,11.8443],[79.7644,11.8338],[79.7678,11.8227],[79.773,11.8227],[79.7802,11.8319],[79.7957,11.8285],[79.7975,11.8246],[79.8006,11.8307],[79.7936,11.8324],[79.7982,11.8387],[79.807,11.8336],[79.8077,11.8468],[79.8006,11.8553],[79.7817,11.8558],[79.7758,11.8385],[79.7661,11.8406],[79.7621,11.8484],[79.7708,11.8614],[79.7685,11.876],[79.7574,11.8761],[79.7539,11.8502],[79.7431,11.8485],[79.7399,11.8646],[79.7211,11.8625],[79.7196,11.853],[79.7082,11.8691],[79.71,11.8892],[79.6857,11.8862],[79.685,11.881],[79.674,11.8807],[79.6738,11.8916],[79.6868,11.8889],[79.6871,11.8945],[79.6954,11.8948],[79.6962,11.9192],[79.7186,11.919],[79.7179,11.9134],[79.7066,11.9135],[79.709,11.9033],[79.7053,11.8939],[79.7111,11.8908],[79.7289,11.8903],[79.7313,11.9032],[79.7406,11.9055],[79.7175,11.929],[79.7208,11.9449],[79.7096,11.9498],[79.7111,11.9331],[79.6972,11.9418],[79.6916,11.9514],[79.6957,11.9639],[79.698,11.9604],[79.7034,11.9671],[79.715,11.9676],[79.716,11.971],[79.7093,11.9757],[79.7124,11.9865],[79.7158,11.9848],[79.7206,11.9927],[79.7334,11.9933],[79.7476,12.0078],[79.7623,12.0027],[79.7604,11.9892],[79.7481,11.9848],[79.7419,11.9777],[79.7264,11.9858],[79.7234,11.9771],[79.7245,11.9713],[79.7445,11.965],[79.7502,11.9199],[79.7562,11.9204],[79.755,11.9261],[79.7621,11.9286],[79.7599,11.9436],[79.7715,11.9439],[79.7847,11.9599],[79.805,11.9533],[79.8064,11.9681],[79.8125,11.9779],[79.8184,11.9779],[79.8288,11.9584],[79.8406,11.9558],[79.8571,12.0068],[79.8405,12.0133],[79.8498,12.0518],[79.8738,12.0426],[79.9017,12.0915],[80.046,12.3125],[80.1377,12.4106],[80.1539,12.4483],[80.1613,12.5122],[80.168,12.5351],[80.2007,12.6172],[80.2009,12.6321],[80.2547,12.7808],[80.2487,12.803],[80.2479,12.8307],[80.2606,12.9439],[80.2864,13.061],[80.3111,13.1081],[80.3038,13.1026],[80.3007,13.0912],[80.2949,13.0929],[80.2969,13.0993],[80.3017,13.0987],[80.2982,13.1018],[80.3014,13.1121],[80.3038,13.1057],[80.3055,13.1104],[80.3008,13.1213],[80.3063,13.1304],[80.2979,13.1354],[80.3134,13.1679],[80.3349,13.2379],[80.3382,13.262],[80.3447,13.2762],[80.3468,13.3134],[80.3295,13.4038],[80.3259,13.4454]],[[79.6928,12.0353],[79.7048,12.032],[79.7028,12.0111],[79.7196,11.9922],[79.6854,11.9916],[79.6808,11.9833],[79.6738,11.9951],[79.6625,11.9895],[79.6569,11.9916],[79.6614,12.0123],[79.6722,12.0097],[79.6765,12.0216],[79.6842,12.0217],[79.6928,12.0353]],[[79.7983,12.017],[79.7883,12.0192],[79.7893,12.0277],[79.8053,12.0245],[79.7983,12.017]],[[79.6384,11.9863],[79.6364,11.9778],[79.6483,11.9673],[79.6473,11.9534],[79.6422,11.9539],[79.6427,11.9421],[79.6574,11.9481],[79.6607,11.9371],[79.6693,11.9375],[79.6705,11.9298],[79.6689,11.9184],[79.656,11.9129],[79.6559,11.9079],[79.6411,11.9077],[79.6406,11.9022],[79.6321,11.9013],[79.6253,11.903],[79.6283,11.9196],[79.6184,11.9261],[79.6179,11.9361],[79.6189,11.9432],[79.6285,11.9452],[79.6275,11.9681],[79.6185,11.9699],[79.6245,11.976],[79.6244,11.9818],[79.6171,11.9896],[79.6236,11.9893],[79.6261,11.9996],[79.6188,12.0019],[79.621,12.0143],[79.6292,12.0187],[79.6264,12.0319],[79.6514,12.0223],[79.6423,11.9993],[79.6364,11.998],[79.6384,11.9863]],[[79.6865,11.9732],[79.6846,11.9534],[79.6733,11.9479],[79.6545,11.9537],[79.6538,11.9606],[79.66,11.9584],[79.6622,11.9691],[79.6767,11.9681],[79.6865,11.9732]],[[79.6175,11.8839],[79.6212,11.8906],[79.6297,11.8886],[79.6297,11.8813],[79.6345,11.881],[79.6348,11.8888],[79.6411,11.8866],[79.6405,11.8806],[79.6484,11.8803],[79.6485,11.8705],[79.6627,11.8673],[79.6578,11.8527],[79.6471,11.8502],[79.6269,11.8543],[79.6285,11.8698],[79.6191,11.8701],[79.6194,11.8627],[79.602,11.8578],[79.5993,11.8829],[79.6082,11.8769],[79.6175,11.8839]],[[79.6994,11.8743],[79.6991,11.8613],[79.696,11.8604],[79.6994,11.8743]],[[79.6473,11.8442],[79.6617,11.8393],[79.6594,11.8295],[79.6713,11.8236],[79.6712,11.8149],[79.6596,11.8128],[79.6463,11.8163],[79.641,11.8241],[79.6473,11.8442]],[[79.6926,11.8225],[79.7003,11.8217],[79.7026,11.8135],[79.692,11.8142],[79.6926,11.8225]],[[79.6793,11.8146],[79.6905,11.8085],[79.6896,11.8021],[79.6839,11.8022],[79.6813,11.7963],[79.6746,11.8036],[79.6759,11.8143],[79.6793,11.8146]],[[79.7216,10.9383],[79.7216,10.935],[79.7202,10.9361],[79.7216,10.9383]],[[79.7388,10.9205],[79.7394,10.9214],[79.7397,10.9202],[79.7388,10.9205]],[[79.8069,10.8777],[79.806,10.8797],[79.8097,10.8805],[79.8069,10.8777]]]]},"properties":{"STNAME":"TAMIL NADU","STCODE11":"33","STNAME_SH":"Tamil Nadu","Shape_Length":3413289.929362797,"Shape_Area":136046453375.51987,"OBJECTID_1":28,"OBJECTID":28,"State_LGD":33,"Shape_Leng":3413289.92936,"MaxSimpTol":300,"MinSimpTol":300}},{"type":"Feature","id":29,"geometry":{"type":"MultiPolygon","coordinates":[[[[79.3742,25.1426],[79.3603,25.1443],[79.3505,25.1264],[79.3551,25.1245],[79.3506,25.117],[79.3619,25.1062],[79.3797,25.1012],[79.3725,25.092],[79.3796,25.0856],[79.3747,25.0677],[79.3798,25.0648],[79.3653,25.059],[79.3574,25.0683],[79.3511,25.0689],[79.3492,25.0625],[79.3581,25.0594],[79.3598,25.0534],[79.3561,25.0405],[79.3642,25.041],[79.3675,25.0461],[79.362,25.0482],[79.369,25.0543],[79.3753,25.0508],[79.374,25.0448],[79.3837,25.0427],[79.3845,25.0382],[79.396,25.0322],[79.4096,25.0339],[79.4169,25.0378],[79.4164,25.0411],[79.422,25.0416],[79.4259,25.0586],[79.4074,25.0648],[79.405,25.0785],[79.3872,25.0857],[79.3894,25.0918],[79.3869,25.1021],[79.3804,25.1076],[79.3809,25.1224],[79.3638,25.1256],[79.3742,25.1426]]],[[[79.3654,25.1711],[79.3726,25.18],[79.3595,25.1886],[79.3545,25.1759],[79.3654,25.1711]]],[[[77.6017,30.3998],[77.5983,30.4049],[77.5904,30.4063],[77.576,30.3974],[77.5915,30.3727],[77.6043,30.3685],[77.6017,30.3616],[77.5919,30.355],[77.5783,30.3299],[77.5867,30.3148],[77.5835,30.3074],[77.5382,30.2786],[77.5306,30.2526],[77.5046,30.2253],[77.4772,30.1824],[77.4688,30.1802],[77.4558,30.1628],[77.4495,30.1658],[77.4358,30.1608],[77.4348,30.164],[77.428,30.1628],[77.4183,30.135],[77.4235,30.1309],[77.4131,30.1138],[77.4025,30.1117],[77.4093,30.1051],[77.4226,30.1035],[77.4051,30.0891],[77.3914,30.0908],[77.3883,30.0879],[77.3788,30.0914],[77.3626,30.0764],[77.3452,30.0694],[77.3343,30.0538],[77.303,30.0554],[77.2762,30.0398],[77.2823,30.0295],[77.276,29.9961],[77.2611,29.9821],[77.2469,29.9767],[77.2446,29.9609],[77.2367,29.9553],[77.2175,29.9235],[77.1899,29.9133],[77.1858,29.9076],[77.1883,29.8941],[77.2001,29.8895],[77.202,29.8689],[77.1973,29.8588],[77.1869,29.8579],[77.1782,29.8458],[77.1792,29.8127],[77.1725,29.8078],[77.1726,29.8017],[77.1643,29.7918],[77.1514,29.7882],[77.1466,29.7719],[77.1253,29.7695],[77.1198,29.7601],[77.1225,29.7513],[77.1391,29.7382],[77.1391,29.7323],[77.1336,29.7285],[77.1342,29.7185],[77.1495,29.7095],[77.1565,29.6926],[77.1424,29.6805],[77.1465,29.6723],[77.1381,29.6667],[77.141,29.655],[77.1315,29.6419],[77.1188,29.6355],[77.1148,29.6383],[77.1062,29.6324],[77.1016,29.6199],[77.1038,29.6141],[77.113,29.6107],[77.1095,29.5975],[77.0881,29.5941],[77.0839,29.5873],[77.0958,29.5825],[77.105,29.5722],[77.121,29.5665],[77.1268,29.5595],[77.1219,29.552],[77.1083,29.5479],[77.0964,29.5195],[77.1036,29.5073],[77.113,29.5066],[77.1333,29.4831],[77.1227,29.4689],[77.1232,29.4554],[77.1339,29.4476],[77.1445,29.4454],[77.1484,29.4341],[77.1331,29.4188],[77.1332,29.4009],[77.1474,29.3879],[77.1535,29.3907],[77.1574,29.3874],[77.1426,29.3775],[77.127,29.3758],[77.1233,29.3704],[77.1289,29.3571],[77.1244,29.3515],[77.1295,29.3426],[77.1517,29.3411],[77.1611,29.3324],[77.1565,29.3228],[77.1605,29.3134],[77.1583,29.3029],[77.1506,29.2947],[77.1389,29.2679],[77.1494,29.25],[77.15,29.2328],[77.1335,29.2235],[77.1314,29.2175],[77.1422,29.2041],[77.1433,29.1944],[77.1402,29.1922],[77.1471,29.1805],[77.1429,29.1563],[77.1362,29.1496],[77.1359,29.142],[77.1474,29.1336],[77.1491,29.1177],[77.1461,29.1106],[77.1389,29.108],[77.134,29.096],[77.1467,29.0806],[77.1638,29.0795],[77.1721,29.0465],[77.167,29.0338],[77.1777,29.0297],[77.1851,29.0315],[77.1891,29.0277],[77.1931,29.0132],[77.191,29.006],[77.2023,28.9872],[77.2001,28.9713],[77.1928,28.9589],[77.1967,28.9377],[77.2028,28.9333],[77.2134,28.9332],[77.2329,28.9187],[77.2281,28.8812],[77.2205,28.8788],[77.206,28.8884],[77.1893,28.8809],[77.1921,28.8758],[77.1893,28.868],[77.2077,28.8621],[77.2173,28.8514],[77.2166,28.8415],[77.2244,28.8254],[77.2189,28.8083],[77.2015,28.8124],[77.1994,28.7981],[77.2133,28.7855],[77.2341,28.7837],[77.2219,28.7774],[77.2359,28.7708],[77.2355,28.7609],[77.2488,28.7553],[77.2564,28.7562],[77.2592,28.75],[77.2552,28.7398],[77.2608,28.7342],[77.2764,28.7355],[77.2908,28.7224],[77.2862,28.7146],[77.2915,28.7062],[77.2968,28.7045],[77.2986,28.7098],[77.3062,28.7133],[77.3311,28.7131],[77.3254,28.7089],[77.3233,28.6986],[77.3329,28.682],[77.3236,28.6767],[77.3163,28.6412],[77.3426,28.622],[77.3424,28.6089],[77.3368,28.6018],[77.3134,28.5966],[77.2984,28.5802],[77.2971,28.566],[77.3038,28.5525],[77.3209,28.5409],[77.3345,28.525],[77.3474,28.5206],[77.3454,28.5133],[77.3525,28.4996],[77.3581,28.5019],[77.3717,28.4985],[77.3701,28.4857],[77.3805,28.4703],[77.3873,28.468],[77.3919,28.4721],[77.4081,28.4672],[77.4001,28.4557],[77.419,28.4523],[77.4334,28.4549],[77.4392,28.4351],[77.4355,28.431],[77.4625,28.4244],[77.4635,28.4152],[77.4776,28.4191],[77.4838,28.4081],[77.4802,28.3988],[77.4734,28.397],[77.4912,28.3852],[77.5048,28.37],[77.5001,28.3657],[77.5052,28.3627],[77.4963,28.3492],[77.4712,28.3348],[77.4717,28.3281],[77.4849,28.3257],[77.5071,28.3057],[77.5029,28.2891],[77.4985,28.2856],[77.5034,28.2801],[77.4908,28.2713],[77.4927,28.252],[77.4989,28.247],[77.5012,28.2521],[77.5095,28.2495],[77.5083,28.2468],[77.5188,28.2425],[77.5446,28.2489],[77.5504,28.2424],[77.5213,28.2245],[77.5214,28.2202],[77.5352,28.2103],[77.5304,28.1987],[77.5233,28.196],[77.5175,28.2046],[77.5059,28.2096],[77.4973,28.206],[77.4985,28.1846],[77.5062,28.1815],[77.5156,28.1929],[77.5306,28.1859],[77.5436,28.1913],[77.5496,28.1798],[77.537,28.1657],[77.5223,28.1612],[77.5112,28.1669],[77.5021,28.1612],[77.5043,28.1456],[77.4913,28.1366],[77.4938,28.1329],[77.5091,28.1303],[77.5124,28.1249],[77.4984,28.1089],[77.4994,28.0946],[77.4922,28.0951],[77.4898,28.1056],[77.4826,28.1072],[77.4743,28.0875],[77.5012,28.0585],[77.4836,28.0405],[77.5127,28.0319],[77.5084,28.0228],[77.5213,28.0142],[77.5281,27.9979],[77.5424,27.9893],[77.5378,27.9792],[77.5194,27.9752],[77.5189,27.9624],[77.5441,27.9624],[77.5459,27.9582],[77.5294,27.9255],[77.5166,27.9333],[77.5018,27.9254],[77.4922,27.9385],[77.4753,27.9293],[77.4796,27.9217],[77.4771,27.9164],[77.4805,27.9151],[77.4787,27.8945],[77.4733,27.8845],[77.4609,27.8762],[77.45,27.8712],[77.4283,27.8909],[77.4201,27.8905],[77.4093,27.8742],[77.4218,27.8544],[77.4104,27.8518],[77.377,27.8589],[77.3609,27.8508],[77.3483,27.8556],[77.3351,27.8474],[77.332,27.8375],[77.3353,27.8338],[77.3312,27.8311],[77.3207,27.8254],[77.3125,27.828],[77.2965,27.8252],[77.2986,27.8152],[77.2837,27.8011],[77.2858,27.7962],[77.3008,27.7954],[77.3104,27.7881],[77.3127,27.774],[77.3078,27.7664],[77.3117,27.758],[77.308,27.7528],[77.3194,27.7335],[77.303,27.7259],[77.3039,27.7108],[77.3097,27.7066],[77.3302,27.7091],[77.3411,27.7034],[77.3384,27.6984],[77.3445,27.6812],[77.341,27.6768],[77.3457,27.6734],[77.3448,27.6609],[77.3526,27.6512],[77.3171,27.6068],[77.3345,27.5913],[77.3441,27.5971],[77.3582,27.589],[77.3502,27.5834],[77.3453,27.5724],[77.3373,27.5698],[77.3381,27.5497],[77.3492,27.5432],[77.346,27.5387],[77.34,27.5389],[77.34,27.5266],[77.3573,27.5166],[77.374,27.5119],[77.3828,27.5157],[77.3874,27.5129],[77.3906,27.5047],[77.401,27.4973],[77.4015,27.4765],[77.4158,27.4726],[77.4222,27.4613],[77.4257,27.4669],[77.4261,27.4629],[77.4378,27.4563],[77.4362,27.4465],[77.4267,27.4451],[77.4211,27.422],[77.4381,27.4089],[77.44,27.3903],[77.4702,27.3835],[77.4727,27.3771],[77.4846,27.3835],[77.5072,27.3771],[77.5161,27.3625],[77.5295,27.3517],[77.5456,27.3496],[77.5479,27.3369],[77.577,27.3279],[77.5788,27.3227],[77.5838,27.3213],[77.5912,27.3305],[77.6013,27.3343],[77.6125,27.3319],[77.6164,27.3404],[77.6227,27.3362],[77.6219,27.313],[77.5987,27.2972],[77.6168,27.2865],[77.6147,27.2789],[77.6218,27.275],[77.6132,27.2658],[77.6164,27.2578],[77.6212,27.2552],[77.6273,27.2595],[77.6332,27.2581],[77.6455,27.2433],[77.6429,27.2349],[77.6528,27.2348],[77.6525,27.2261],[77.6451,27.2169],[77.6467,27.2102],[77.6656,27.209],[77.6811,27.1944],[77.673,27.182],[77.6584,27.1701],[77.649,27.1703],[77.6379,27.1638],[77.62,27.1735],[77.61,27.1629],[77.6137,27.1506],[77.6055,27.1436],[77.599,27.1434],[77.6045,27.1242],[77.5978,27.118],[77.5812,27.1192],[77.5625,27.1102],[77.5503,27.1113],[77.5433,27.1042],[77.5399,27.1062],[77.5376,27.0983],[77.5204,27.1044],[77.5177,27.1025],[77.5054,27.0923],[77.5076,27.0889],[77.5226,27.0892],[77.5264,27.0846],[77.5193,27.0666],[77.5416,27.0626],[77.5447,27.0719],[77.5536,27.076],[77.5589,27.072],[77.5717,27.0719],[77.5772,27.0683],[77.5728,27.0645],[77.5753,27.0564],[77.5729,27.0488],[77.5671,27.0469],[77.5632,27.0294],[77.5792,27.0382],[77.5968,27.0327],[77.596,27.0266],[77.6018,27.0225],[77.6235,27.022],[77.6285,27.0187],[77.63,27.0102],[77.6422,27.0257],[77.6656,27.0173],[77.6798,27.0471],[77.6931,27.0409],[77.6896,27.0267],[77.7057,27.0145],[77.7053,27.0038],[77.7119,26.9971],[77.7301,26.9939],[77.7293,27.0075],[77.7377,27.0298],[77.751,27.029],[77.7495,27.0212],[77.7595,27.018],[77.7569,27.0101],[77.763,27.0068],[77.7614,27.0],[77.7503,27.0019],[77.752,26.9978],[77.7586,26.997],[77.7533,26.9927],[77.7457,26.995],[77.7475,26.9896],[77.7435,26.9832],[77.7295,26.983],[77.7224,26.9878],[77.6995,26.9751],[77.6762,26.9732],[77.6769,26.9656],[77.6722,26.96],[77.6638,26.9643],[77.6609,26.9712],[77.6229,26.9498],[77.6021,26.9333],[77.5922,26.9403],[77.5832,26.9242],[77.5534,26.92],[77.4902,26.9005],[77.4603,26.8858],[77.459,26.8728],[77.4484,26.8753],[77.4381,26.8631],[77.4273,26.8641],[77.4297,26.8471],[77.4213,26.8398],[77.3979,26.8304],[77.4082,26.8167],[77.4291,26.8016],[77.4283,26.7932],[77.4371,26.7843],[77.4327,26.7678],[77.4418,26.7686],[77.4534,26.7779],[77.4669,26.7737],[77.4704,26.7646],[77.4562,26.7497],[77.4546,26.7419],[77.4852,26.748],[77.5026,26.7687],[77.4889,26.779],[77.4875,26.7881],[77.5007,26.817],[77.5012,26.8444],[77.5207,26.8415],[77.517,26.8258],[77.5257,26.8189],[77.542,26.8224],[77.5576,26.8176],[77.5745,26.8209],[77.578,26.8272],[77.5924,26.8279],[77.6084,26.8391],[77.6076,26.8278],[77.6103,26.8286],[77.6182,26.832],[77.6204,26.8428],[77.6298,26.8415],[77.6747,26.8575],[77.6764,26.8685],[77.6866,26.8752],[77.6943,26.874],[77.6976,26.8674],[77.7065,26.8768],[77.7226,26.8743],[77.727,26.8902],[77.7176,26.8973],[77.7249,26.9104],[77.7324,26.9201],[77.7457,26.921],[77.7532,26.9169],[77.7606,26.9326],[77.7805,26.9299],[77.7795,26.9269],[77.793,26.9171],[77.7982,26.916],[77.8102,26.9242],[77.8319,26.9143],[77.8364,26.9168],[77.8418,26.9126],[77.8502,26.9128],[77.8578,26.9063],[77.8677,26.9063],[77.869,26.9016],[77.8776,26.9024],[77.8845,26.891],[77.8925,26.8902],[77.8965,26.884],[77.9043,26.8833],[77.9089,26.8906],[77.9088,26.9064],[77.9035,26.9146],[77.9064,26.9178],[77.9156,26.9142],[77.9156,26.9074],[77.9258,26.9098],[77.9397,26.9068],[77.9484,26.8936],[77.9713,26.9059],[77.9723,26.8961],[77.9872,26.8893],[78.0022,26.9029],[78.0146,26.9029],[78.0213,26.9003],[78.0234,26.891],[78.0302,26.886],[78.0242,26.8726],[78.0355,26.8708],[78.021,26.8575],[78.0265,26.8495],[78.032,26.8518],[78.0447,26.87],[78.056,26.8684],[78.0502,26.8758],[78.0488,26.9101],[78.0641,26.9065],[78.0669,26.9114],[78.096,26.8938],[78.0987,26.8966],[78.0944,26.9033],[78.1002,26.9049],[78.1112,26.8959],[78.1124,26.9036],[78.1016,26.917],[78.1052,26.9268],[78.1218,26.9226],[78.1228,26.9345],[78.1137,26.936],[78.1118,26.9398],[78.1186,26.947],[78.1445,26.9499],[78.1565,26.9432],[78.172,26.9482],[78.1813,26.9408],[78.1977,26.9409],[78.2101,26.9312],[78.225,26.9463],[78.2313,26.9366],[78.2374,26.936],[78.2386,26.9266],[78.2479,26.9287],[78.2546,26.9258],[78.255,26.9353],[78.2723,26.9192],[78.2591,26.8967],[78.2437,26.8887],[78.2371,26.889],[78.2326,26.8743],[78.2086,26.8689],[78.2026,26.8817],[78.197,26.8822],[78.2127,26.8461],[78.2202,26.8438],[78.2186,26.8345],[78.2681,26.8128],[78.2748,26.8227],[78.2733,26.842],[78.2835,26.8545],[78.3056,26.8624],[78.33,26.8612],[78.3615,26.8691],[78.3743,26.8609],[78.3793,26.842],[78.3952,26.8171],[78.4335,26.8257],[78.4607,26.7876],[78.521,26.7806],[78.5445,26.7639],[78.5646,26.7616],[78.5762,26.7488],[78.5922,26.7522],[78.6083,26.7497],[78.615,26.7538],[78.6203,26.7668],[78.63,26.7732],[78.6615,26.7638],[78.6729,26.7645],[78.6825,26.7877],[78.7215,26.7964],[78.7293,26.7926],[78.7255,26.7805],[78.73,26.7751],[78.7376,26.775],[78.7462,26.7862],[78.7516,26.7869],[78.7719,26.7701],[78.7864,26.7646],[78.8033,26.7659],[78.8159,26.7624],[78.8372,26.733],[78.8717,26.6981],[78.8932,26.6975],[78.9097,26.707],[78.9556,26.6918],[78.9575,26.6828],[78.9426,26.6641],[78.9455,26.6548],[78.9567,26.6575],[78.9799,26.6758],[78.9933,26.6773],[79.0073,26.6714],[79.0084,26.6639],[78.9936,26.641],[79.0084,26.6238],[79.0165,26.6007],[78.9891,26.5956],[78.9899,26.579],[79.0002,26.5784],[79.0072,26.5655],[79.0063,26.5594],[79.0144,26.5507],[79.007,26.5486],[79.0077,26.5439],[79.0146,26.5462],[79.0189,26.541],[79.0283,26.5467],[79.0266,26.5357],[79.0398,26.5299],[79.0397,26.5151],[79.0486,26.518],[79.0449,26.5103],[79.0563,26.4951],[79.0681,26.4966],[79.0678,26.4846],[79.0717,26.4789],[79.0526,26.4537],[79.062,26.4538],[79.0699,26.4419],[79.0837,26.4417],[79.0872,26.4463],[79.0952,26.4424],[79.0997,26.4526],[79.1352,26.4401],[79.1243,26.4226],[79.126,26.4113],[79.1047,26.4064],[79.0952,26.4126],[79.089,26.3965],[79.0964,26.3831],[79.0964,26.3724],[79.0873,26.3685],[79.0842,26.3624],[79.0891,26.3547],[79.0982,26.3555],[79.1054,26.3493],[79.1093,26.3522],[79.1163,26.3498],[79.1284,26.3389],[79.1388,26.3375],[79.1326,26.3354],[79.135,26.3248],[79.1274,26.3219],[79.1252,26.3271],[79.1249,26.3224],[79.1155,26.3205],[79.1198,26.3126],[79.1249,26.3116],[79.1175,26.3052],[79.1186,26.3004],[79.1095,26.3066],[79.1019,26.3069],[79.0899,26.2878],[79.0965,26.2785],[79.0907,26.2701],[79.0836,26.2755],[79.0844,26.2797],[79.077,26.2807],[79.0647,26.2771],[79.0535,26.2627],[79.0557,26.2589],[79.0456,26.2603],[79.0543,26.2503],[79.0697,26.2457],[79.0709,26.2415],[79.0624,26.2365],[79.0634,26.2259],[79.0349,26.2253],[79.0307,26.2393],[79.0194,26.2476],[79.009,26.2418],[79.0037,26.2444],[78.9968,26.2419],[78.9894,26.235],[78.9966,26.228],[79.0258,26.2201],[79.0278,26.2033],[79.0201,26.1982],[79.0265,26.1913],[79.0069,26.1917],[78.9977,26.1985],[78.9937,26.1969],[78.983,26.1843],[78.9947,26.1729],[79.0045,26.1692],[79.0082,26.1564],[79.0049,26.1481],[78.9985,26.15],[78.9943,26.1462],[78.9796,26.1512],[78.967,26.1501],[78.9629,26.1365],[78.9516,26.1343],[78.9489,26.1287],[78.9585,26.128],[78.9769,26.116],[78.9756,26.1052],[78.9936,26.0937],[79.0021,26.0902],[79.0087,26.0932],[79.0121,26.0832],[79.0027,26.0667],[78.9907,26.0688],[78.9862,26.0537],[78.9802,26.0481],[78.9734,26.0507],[78.974,26.0448],[78.9697,26.0458],[78.9483,26.0278],[78.9535,26.0152],[78.9445,26.0063],[78.9466,26.0012],[78.9568,25.9965],[78.9483,25.9932],[78.9532,25.9891],[78.9435,25.9789],[78.9361,25.9818],[78.9332,25.9793],[78.9378,25.9738],[78.9376,25.9645],[78.9305,25.9589],[78.9371,25.9528],[78.9333,25.9482],[78.939,25.9427],[78.9267,25.9468],[78.9082,25.9345],[78.9097,25.9315],[78.8986,25.9179],[78.8846,25.9139],[78.8833,25.9092],[78.895,25.8951],[78.887,25.8832],[78.8919,25.8803],[78.8901,25.8745],[78.8873,25.8686],[78.8765,25.8759],[78.8646,25.8716],[78.8524,25.8565],[78.8506,25.8112],[78.8463,25.8126],[78.8437,25.8234],[78.8182,25.8291],[78.8055,25.8136],[78.8141,25.8071],[78.8197,25.816],[78.828,25.8144],[78.8328,25.8096],[78.8287,25.7956],[78.8083,25.8009],[78.786,25.7692],[78.7829,25.7582],[78.7741,25.7595],[78.7704,25.7489],[78.7588,25.7545],[78.7529,25.7509],[78.7557,25.7305],[78.7633,25.7199],[78.7748,25.717],[78.7836,25.7087],[78.7999,25.7051],[78.7956,25.6967],[78.8045,25.6923],[78.8069,25.6844],[78.8167,25.6763],[78.8199,25.6486],[78.8117,25.6321],[78.8118,25.6208],[78.7939,25.6124],[78.7662,25.6102],[78.7422,25.597],[78.7318,25.6063],[78.7246,25.6022],[78.7173,25.6053],[78.7163,25.5995],[78.7042,25.5979],[78.6951,25.5878],[78.6789,25.5853],[78.6583,25.5599],[78.6242,25.5674],[78.6308,25.5789],[78.6181,25.5837],[78.6108,25.578],[78.6117,25.5699],[78.5979,25.5705],[78.5877,25.5566],[78.5692,25.5646],[78.5606,25.559],[78.5447,25.5616],[78.5327,25.5717],[78.5241,25.5669],[78.4933,25.5787],[78.4669,25.5593],[78.4666,25.5534],[78.4698,25.5535],[78.4647,25.5455],[78.451,25.5518],[78.4466,25.5594],[78.4494,25.5633],[78.4436,25.5632],[78.4283,25.5504],[78.4194,25.5328],[78.4191,25.5181],[78.4289,25.5115],[78.4188,25.509],[78.4168,25.5018],[78.4287,25.4879],[78.4313,25.4736],[78.4278,25.4712],[78.4165,25.4765],[78.4141,25.4698],[78.4003,25.4635],[78.395,25.4442],[78.3777,25.4368],[78.3695,25.4383],[78.3602,25.4515],[78.3545,25.452],[78.347,25.4353],[78.3389,25.431],[78.3431,25.42],[78.3405,25.3995],[78.3224,25.3874],[78.3168,25.3787],[78.3079,25.3812],[78.3053,25.3767],[78.3008,25.3599],[78.3276,25.3526],[78.3375,25.3302],[78.3438,25.3285],[78.3227,25.3163],[78.3117,25.3033],[78.334,25.2924],[78.3546,25.2923],[78.3501,25.2773],[78.3605,25.2727],[78.3725,25.2599],[78.3598,25.2422],[78.3674,25.2368],[78.3785,25.2387],[78.3771,25.2278],[78.3821,25.2226],[78.4109,25.2127],[78.3913,25.2012],[78.3953,25.1879],[78.4166,25.1835],[78.4164,25.1764],[78.4247,25.1721],[78.4234,25.1693],[78.4434,25.1655],[78.4516,25.1689],[78.4583,25.1637],[78.4479,25.1527],[78.4273,25.154],[78.4274,25.1459],[78.4479,25.1281],[78.4468,25.1218],[78.4344,25.1201],[78.4068,25.1289],[78.3835,25.1017],[78.3386,25.0866],[78.3355,25.0666],[78.3474,25.0215],[78.334,24.9949],[78.3186,24.9908],[78.2946,24.963],[78.2791,24.9561],[78.266,24.941],[78.2238,24.9153],[78.2106,24.8948],[78.1735,24.879],[78.169,24.8626],[78.1733,24.8467],[78.1976,24.8398],[78.2167,24.8086],[78.2357,24.7717],[78.235,24.7638],[78.2256,24.753],[78.2261,24.7469],[78.2575,24.7042],[78.2653,24.6793],[78.2767,24.663],[78.2627,24.646],[78.2653,24.6314],[78.278,24.6147],[78.2729,24.5794],[78.2673,24.5759],[78.2648,24.5675],[78.2645,24.5522],[78.2294,24.5375],[78.2258,24.5201],[78.246,24.5095],[78.2459,24.4861],[78.275,24.4739],[78.2642,24.4557],[78.2697,24.4469],[78.307,24.4231],[78.3219,24.4088],[78.3407,24.4021],[78.3489,24.3874],[78.3658,24.386],[78.3697,24.3749],[78.3579,24.3676],[78.3291,24.3271],[78.3437,24.3173],[78.3479,24.2995],[78.3663,24.2911],[78.3703,24.284],[78.3793,24.283],[78.3884,24.2633],[78.4,24.272],[78.4136,24.2727],[78.4186,24.285],[78.4311,24.284],[78.4402,24.2962],[78.4376,24.3086],[78.4459,24.3159],[78.4439,24.3193],[78.478,24.339],[78.4744,24.3563],[78.4936,24.3814],[78.502,24.3903],[78.5186,24.3878],[78.5298,24.3789],[78.5299,24.3681],[78.5384,24.3679],[78.5732,24.351],[78.5752,24.3554],[78.5861,24.3537],[78.5843,24.3463],[78.5893,24.3377],[78.596,24.3353],[78.6036,24.3145],[78.6096,24.3085],[78.6182,24.307],[78.6191,24.3103],[78.6285,24.3038],[78.62,24.2929],[78.6257,24.2806],[78.6315,24.2864],[78.6385,24.2852],[78.6493,24.2716],[78.6602,24.2674],[78.6686,24.24],[78.6825,24.2382],[78.7031,24.2269],[78.7087,24.2343],[78.7256,24.2364],[78.7279,24.2482],[78.7343,24.2525],[78.7413,24.2473],[78.7404,24.235],[78.7486,24.233],[78.7597,24.2442],[78.7619,24.2595],[78.7682,24.2519],[78.7644,24.2311],[78.7674,24.2202],[78.7811,24.206],[78.7855,24.1835],[78.7894,24.1771],[78.8064,24.1784],[78.8142,24.1848],[78.8151,24.207],[78.8216,24.2043],[78.8265,24.1954],[78.8471,24.2139],[78.8604,24.2092],[78.8823,24.2175],[78.888,24.227],[78.8846,24.2505],[78.9167,24.269],[78.9187,24.283],[78.9116,24.288],[78.9096,24.298],[78.9412,24.3153],[78.963,24.3442],[78.9715,24.3476],[78.9698,24.3691],[78.984,24.4103],[78.9936,24.4227],[78.9858,24.4417],[78.9474,24.4366],[78.9399,24.4534],[78.9283,24.4602],[78.9142,24.4596],[78.9122,24.4734],[78.9206,24.4997],[78.9371,24.491],[78.9272,24.4821],[78.9377,24.4788],[78.9635,24.4835],[78.9715,24.4942],[78.9473,24.5024],[78.9514,24.5187],[78.9437,24.5345],[78.9532,24.5469],[78.9471,24.5507],[78.9464,24.5571],[78.935,24.5608],[78.9249,24.575],[78.9201,24.5748],[78.9126,24.6002],[78.9006,24.6072],[78.8962,24.6257],[78.8894,24.6296],[78.8832,24.6413],[78.868,24.64],[78.8662,24.6274],[78.8598,24.6176],[78.8555,24.6178],[78.8525,24.6247],[78.8433,24.6233],[78.8346,24.6046],[78.8168,24.601],[78.8032,24.6035],[78.799,24.5944],[78.7838,24.5886],[78.752,24.6002],[78.7546,24.6038],[78.7511,24.6172],[78.7548,24.62],[78.752,24.6424],[78.7439,24.6541],[78.7468,24.6627],[78.7611,24.6702],[78.7652,24.6809],[78.7636,24.6903],[78.7712,24.6914],[78.781,24.7061],[78.7733,24.7312],[78.7723,24.7431],[78.7766,24.7518],[78.77,24.7581],[78.7704,24.7884],[78.787,24.8013],[78.7898,24.811],[78.7759,24.8307],[78.7748,24.8497],[78.77,24.859],[78.7622,24.86],[78.7539,24.8688],[78.7468,24.8652],[78.7222,24.8817],[78.7109,24.8797],[78.6967,24.8932],[78.6766,24.8986],[78.6672,24.9138],[78.6634,24.9384],[78.6519,24.9384],[78.6522,24.948],[78.6361,24.9593],[78.6317,24.9577],[78.633,24.9671],[78.64,24.9721],[78.644,24.9843],[78.6457,25.0186],[78.6534,25.0314],[78.6526,25.0506],[78.6281,25.0862],[78.612,25.088],[78.6022,25.0949],[78.6057,25.1089],[78.6031,25.1469],[78.5951,25.1675],[78.5705,25.2052],[78.5702,25.2239],[78.5628,25.2215],[78.5558,25.2092],[78.5678,25.2308],[78.5681,25.2408],[78.578,25.2533],[78.5569,25.266],[78.5346,25.2681],[78.5317,25.284],[78.5125,25.2767],[78.5034,25.2896],[78.465,25.2666],[78.4505,25.2621],[78.4383,25.2746],[78.435,25.2842],[78.4403,25.2955],[78.4538,25.3013],[78.4712,25.2903],[78.4729,25.2855],[78.4776,25.2895],[78.478,25.2985],[78.4843,25.3009],[78.4983,25.3201],[78.5043,25.3204],[78.5033,25.3015],[78.5104,25.2953],[78.533,25.3009],[78.5349,25.3109],[78.5531,25.3197],[78.5399,25.3279],[78.5375,25.3397],[78.542,25.345],[78.5296,25.3534],[78.5364,25.3595],[78.5524,25.356],[78.5622,25.3409],[78.585,25.3468],[78.5872,25.3726],[78.5778,25.3817],[78.5651,25.376],[78.5619,25.3784],[78.5665,25.3908],[78.5729,25.3924],[78.5807,25.3864],[78.5914,25.3859],[78.5995,25.3924],[78.602,25.4089],[78.6106,25.416],[78.6231,25.4134],[78.6253,25.4017],[78.6352,25.4007],[78.6448,25.4146],[78.6411,25.4333],[78.6562,25.437],[78.6582,25.441],[78.6821,25.4335],[78.6891,25.4457],[78.7115,25.4281],[78.7057,25.4204],[78.6745,25.3998],[78.6657,25.4154],[78.6585,25.4087],[78.6648,25.3933],[78.6601,25.384],[78.6947,25.3737],[78.6998,25.3819],[78.7052,25.3733],[78.7147,25.373],[78.7086,25.3621],[78.7095,25.3513],[78.7267,25.3434],[78.7316,25.3487],[78.7403,25.3449],[78.7528,25.3459],[78.7548,25.3515],[78.7746,25.353],[78.7659,25.3692],[78.7737,25.3761],[78.7569,25.3854],[78.7652,25.3909],[78.768,25.4],[78.7648,25.4019],[78.7484,25.3916],[78.7452,25.4002],[78.7483,25.4098],[78.7749,25.4199],[78.7825,25.4157],[78.7878,25.4198],[78.7958,25.4164],[78.7991,25.4229],[78.8197,25.4199],[78.8214,25.4225],[78.803,25.4371],[78.7851,25.4358],[78.7707,25.4228],[78.7624,25.4269],[78.7523,25.4468],[78.7378,25.4494],[78.7321,25.4576],[78.7328,25.4842],[78.738,25.4948],[78.7449,25.4994],[78.7476,25.4843],[78.7572,25.4807],[78.7582,25.4755],[78.7679,25.4694],[78.7763,25.4784],[78.7916,25.4834],[78.8183,25.4717],[78.8063,25.4545],[78.8092,25.4535],[78.8206,25.4678],[78.8312,25.4611],[78.8409,25.4615],[78.8352,25.4548],[78.8549,25.4476],[78.8405,25.4417],[78.8258,25.4433],[78.8207,25.4387],[78.828,25.4282],[78.8316,25.4316],[78.8441,25.4278],[78.8564,25.4468],[78.8607,25.445],[78.8662,25.4657],[78.8603,25.4713],[78.8556,25.4884],[78.8401,25.4933],[78.8423,25.499],[78.8328,25.4995],[78.835,25.5058],[78.8415,25.5125],[78.8665,25.512],[78.8761,25.5175],[78.8844,25.5156],[78.8864,25.5324],[78.8743,25.5409],[78.8826,25.554],[78.8952,25.5553],[78.9056,25.5512],[78.9112,25.5552],[78.9171,25.5523],[78.9165,25.5455],[78.9234,25.5359],[78.9279,25.5498],[78.9394,25.5572],[78.9518,25.5488],[78.9475,25.5409],[78.9528,25.5375],[78.9364,25.5198],[78.9271,25.5248],[78.92,25.5153],[78.9271,25.5074],[78.935,25.5053],[78.933,25.4994],[78.9422,25.4921],[78.9267,25.4901],[78.9439,25.4829],[78.9361,25.4616],[78.924,25.4595],[78.9235,25.4538],[78.9089,25.4424],[78.9217,25.4324],[78.9326,25.4303],[78.9324,25.424],[78.9383,25.4222],[78.9509,25.4406],[78.9672,25.4344],[78.97,25.4231],[78.9763,25.42],[78.9684,25.4046],[78.9738,25.3979],[78.9699,25.3901],[78.9875,25.3813],[78.9893,25.374],[78.9752,25.3661],[78.9592,25.3715],[78.9387,25.347],[78.9269,25.3517],[78.9232,25.3588],[78.9013,25.3616],[78.8964,25.3741],[78.8991,25.3777],[78.9126,25.3771],[78.9159,25.3814],[78.9383,25.3748],[78.9421,25.3829],[78.9575,25.3937],[78.9531,25.4001],[78.9402,25.4004],[78.936,25.3951],[78.9317,25.3999],[78.9297,25.3959],[78.9178,25.3962],[78.9138,25.3843],[78.8802,25.3859],[78.8814,25.3823],[78.8718,25.3809],[78.8595,25.3631],[78.8457,25.3556],[78.8473,25.3505],[78.841,25.345],[78.8499,25.3349],[78.8462,25.327],[78.8472,25.3368],[78.8426,25.3365],[78.8344,25.3232],[78.8219,25.3161],[78.8193,25.3069],[78.7982,25.3139],[78.7878,25.296],[78.7988,25.2892],[78.8172,25.3067],[78.8286,25.3027],[78.8184,25.2989],[78.8181,25.2831],[78.8095,25.2705],[78.8229,25.2562],[78.8327,25.2525],[78.8428,25.2277],[78.8497,25.2288],[78.8574,25.244],[78.8563,25.2566],[78.865,25.2647],[78.8666,25.2804],[78.875,25.2784],[78.8799,25.2858],[78.8718,25.2995],[78.8744,25.3087],[78.8641,25.3102],[78.8627,25.3145],[78.8676,25.3255],[78.8813,25.3249],[78.882,25.3436],[78.9118,25.3326],[78.9225,25.3429],[78.9322,25.3359],[78.9279,25.3241],[78.9463,25.3339],[78.9477,25.3421],[78.9532,25.3405],[78.9606,25.3451],[78.9574,25.3022],[78.9756,25.2881],[78.9799,25.279],[78.9735,25.2772],[78.9555,25.2828],[78.9487,25.2742],[78.9539,25.2693],[78.9546,25.2614],[78.9451,25.2594],[78.9376,25.2597],[78.9292,25.2698],[78.917,25.2736],[78.8998,25.2431],[78.8809,25.254],[78.8695,25.2311],[78.8704,25.2264],[78.8906,25.2144],[78.8828,25.1979],[78.8706,25.187],[78.8743,25.1724],[78.8799,25.1711],[78.8804,25.1576],[78.903,25.1704],[78.9252,25.2045],[78.9343,25.2119],[78.9516,25.2128],[78.9538,25.219],[78.9631,25.2111],[78.965,25.2172],[78.9703,25.2164],[78.9806,25.2115],[78.9806,25.2055],[78.9928,25.1969],[79.0059,25.195],[79.0074,25.212],[79.001,25.221],[79.0012,25.2337],[78.9829,25.2343],[78.9846,25.2396],[78.9761,25.2367],[78.9748,25.2405],[78.9868,25.2641],[78.9949,25.2671],[78.9944,25.2732],[79.0132,25.274],[79.0225,25.2686],[79.0209,25.2646],[79.0256,25.2612],[79.0179,25.2495],[79.0222,25.2413],[79.0399,25.2429],[79.0335,25.2341],[79.0636,25.222],[79.0603,25.2013],[79.0643,25.1997],[79.0596,25.1907],[79.052,25.1877],[79.0485,25.1937],[79.054,25.202],[79.0523,25.2077],[79.0309,25.1849],[79.0343,25.1744],[79.04,25.1712],[79.0318,25.1643],[79.0368,25.1616],[79.0294,25.1406],[79.0508,25.1343],[79.0678,25.1496],[79.0714,25.1705],[79.0886,25.1846],[79.0906,25.1911],[79.0958,25.175],[79.1259,25.1613],[79.116,25.1399],[79.1321,25.1274],[79.1235,25.1154],[79.124,25.111],[79.131,25.1094],[79.1402,25.1089],[79.1439,25.1151],[79.1577,25.1117],[79.1593,25.1077],[79.1732,25.1081],[79.1779,25.1156],[79.186,25.1149],[79.1873,25.1264],[79.1746,25.1282],[79.1762,25.1401],[79.1922,25.1462],[79.2043,25.1399],[79.2038,25.1256],[79.2136,25.1207],[79.2125,25.1135],[79.2171,25.1107],[79.2274,25.1218],[79.2404,25.1131],[79.2481,25.116],[79.2433,25.1223],[79.2459,25.1335],[79.2602,25.1475],[79.2605,25.1532],[79.2665,25.1461],[79.2638,25.1407],[79.2689,25.1384],[79.26,25.1252],[79.2684,25.1208],[79.2729,25.1225],[79.2781,25.1175],[79.283,25.1173],[79.2868,25.1314],[79.307,25.1293],[79.3136,25.1361],[79.3153,25.1471],[79.3232,25.1498],[79.3044,25.1781],[79.3102,25.1821],[79.3085,25.1982],[79.3015,25.2014],[79.2922,25.1842],[79.2847,25.1911],[79.282,25.2099],[79.2862,25.2264],[79.2794,25.2447],[79.285,25.2459],[79.2995,25.2398],[79.3081,25.232],[79.307,25.2249],[79.3105,25.223],[79.3247,25.2184],[79.3287,25.2213],[79.3283,25.2098],[79.3385,25.198],[79.3521,25.2122],[79.333,25.228],[79.3439,25.2273],[79.3452,25.2518],[79.3509,25.2639],[79.3352,25.2698],[79.3285,25.2569],[79.3165,25.256],[79.2938,25.2836],[79.2826,25.2621],[79.2735,25.2606],[79.2645,25.2689],[79.2705,25.3097],[79.279,25.324],[79.2957,25.3236],[79.2998,25.3377],[79.3088,25.334],[79.3269,25.3347],[79.339,25.3292],[79.3444,25.3323],[79.3522,25.3298],[79.3413,25.3189],[79.3397,25.3112],[79.3466,25.3051],[79.3361,25.2881],[79.3583,25.2842],[79.3553,25.2659],[79.3629,25.2617],[79.3699,25.26],[79.3739,25.2725],[79.3673,25.2811],[79.3686,25.2924],[79.3877,25.2858],[79.389,25.2795],[79.3946,25.2828],[79.4076,25.2739],[79.4087,25.2561],[79.4367,25.2547],[79.4629,25.2716],[79.4586,25.2798],[79.4612,25.2825],[79.4665,25.2797],[79.4672,25.2833],[79.4793,25.2784],[79.4819,25.2686],[79.4945,25.2669],[79.4931,25.2621],[79.4763,25.2651],[79.4756,25.261],[79.4625,25.2647],[79.4571,25.2486],[79.447,25.2445],[79.4328,25.2206],[79.4356,25.2169],[79.449,25.2149],[79.4404,25.1989],[79.4122,25.2003],[79.4084,25.1947],[79.4118,25.1826],[79.3903,25.1701],[79.384,25.1428],[79.3908,25.1412],[79.3876,25.1303],[79.3962,25.1284],[79.3933,25.1172],[79.4053,25.1062],[79.4196,25.1111],[79.4263,25.1191],[79.4374,25.1098],[79.4402,25.1014],[79.4715,25.1281],[79.4772,25.1275],[79.4651,25.088],[79.4725,25.0877],[79.4827,25.0797],[79.4915,25.0796],[79.5001,25.0835],[79.5054,25.0954],[79.525,25.0974],[79.518,25.1268],[79.5332,25.1337],[79.532,25.1391],[79.5418,25.1432],[79.5516,25.1609],[79.5604,25.17],[79.5685,25.1691],[79.5692,25.1718],[79.5754,25.17],[79.5815,25.1511],[79.5937,25.1486],[79.5959,25.1433],[79.6065,25.1524],[79.6001,25.1278],[79.6214,25.1351],[79.6227,25.1405],[79.6415,25.1269],[79.6495,25.1298],[79.6731,25.1205],[79.6833,25.1352],[79.7172,25.1288],[79.7356,25.1313],[79.7485,25.1397],[79.8083,25.11],[79.824,25.1083],[79.8287,25.0993],[79.845,25.094],[79.8615,25.0962],[79.848,25.1105],[79.8516,25.1286],[79.8661,25.1411],[79.8815,25.1421],[79.8665,25.1498],[79.8701,25.1723],[79.8631,25.1771],[79.8651,25.188],[79.856,25.194],[79.8686,25.2165],[79.8527,25.2251],[79.8514,25.2356],[79.8645,25.2364],[79.8779,25.251],[79.8929,25.2415],[79.9021,25.2408],[79.9075,25.2509],[79.9165,25.2446],[79.9175,25.2268],[79.9276,25.2496],[79.9366,25.2475],[79.9388,25.258],[79.9483,25.2687],[79.9532,25.2645],[79.9685,25.2665],[79.9808,25.2618],[79.9867,25.2674],[80.0048,25.2672],[80.007,25.2726],[79.9986,25.2776],[79.9987,25.2856],[80.0122,25.2956],[80.0223,25.2976],[80.0243,25.3118],[80.0185,25.3214],[80.0335,25.3421],[80.0422,25.3381],[80.0615,25.3403],[80.0727,25.3368],[80.089,25.3558],[80.1266,25.3403],[80.1311,25.3342],[80.1488,25.3571],[80.1672,25.3639],[80.169,25.3769],[80.1949,25.378],[80.1959,25.4019],[80.2024,25.414],[80.2076,25.4114],[80.2062,25.4045],[80.2209,25.3968],[80.2362,25.4079],[80.2535,25.4008],[80.2639,25.4241],[80.2885,25.417],[80.3154,25.3889],[80.3203,25.3661],[80.3113,25.3606],[80.3096,25.3544],[80.3124,25.3441],[80.3227,25.3321],[80.3189,25.3222],[80.3214,25.3123],[80.3112,25.2982],[80.3108,25.2864],[80.3255,25.2782],[80.3515,25.2772],[80.3568,25.2618],[80.3836,25.2373],[80.3887,25.2375],[80.3963,25.2464],[80.4034,25.244],[80.4108,25.2241],[80.4078,25.218],[80.4317,25.1776],[80.4199,25.1632],[80.3902,25.1584],[80.3766,25.1458],[80.3623,25.1444],[80.3546,25.1384],[80.3547,25.1264],[80.3761,25.1164],[80.3705,25.0997],[80.3566,25.0949],[80.3485,25.0867],[80.3516,25.0812],[80.3458,25.0649],[80.356,25.0616],[80.3555,25.0557],[80.3437,25.0534],[80.3368,25.0591],[80.3316,25.0479],[80.3212,25.0499],[80.3114,25.0442],[80.2906,25.0595],[80.2849,25.054],[80.2879,25.0381],[80.2737,25.026],[80.2998,25.0156],[80.3083,25.0059],[80.3207,25.0028],[80.331,24.9922],[80.3417,25.0135],[80.352,25.0175],[80.3574,25.0116],[80.363,25.0236],[80.3775,25.0196],[80.3785,25.0044],[80.3873,25.0043],[80.3965,25.012],[80.3851,25.0183],[80.387,25.024],[80.3779,25.027],[80.3833,25.0353],[80.3876,25.0325],[80.3899,25.0356],[80.3854,25.0418],[80.3705,25.0427],[80.3749,25.049],[80.3736,25.0559],[80.388,25.0509],[80.3923,25.0638],[80.3996,25.0644],[80.4007,25.0696],[80.4023,25.0658],[80.4053,25.0677],[80.4041,25.0617],[80.4087,25.0553],[80.4168,25.063],[80.4161,25.0732],[80.4331,25.0658],[80.4396,25.0752],[80.4497,25.0785],[80.4527,25.0747],[80.4464,25.0711],[80.4515,25.069],[80.4515,25.0622],[80.4636,25.068],[80.4752,25.0379],[80.4888,25.0435],[80.5019,25.0373],[80.4956,25.0291],[80.4849,25.0337],[80.4744,25.0305],[80.4545,25.0422],[80.4331,25.0237],[80.4441,25.0209],[80.4475,25.0142],[80.4525,25.0152],[80.4549,25.0057],[80.4368,25.0015],[80.4371,24.9945],[80.4448,24.9944],[80.4476,25.0016],[80.4624,25.0025],[80.4642,24.9952],[80.4559,24.9913],[80.4595,24.9848],[80.4562,24.9816],[80.4653,24.9758],[80.4789,24.974],[80.4804,24.986],[80.4926,24.9894],[80.4993,25.0062],[80.5147,25.003],[80.5176,25.0088],[80.5309,25.0013],[80.5495,25.0025],[80.5414,25.0167],[80.5475,25.0249],[80.5461,25.0324],[80.5142,25.0434],[80.5006,25.0416],[80.501,25.0515],[80.5091,25.0588],[80.4964,25.073],[80.5034,25.0731],[80.5067,25.084],[80.4808,25.093],[80.4827,25.1002],[80.4879,25.0967],[80.5049,25.0996],[80.5182,25.0947],[80.5215,25.0762],[80.5334,25.0702],[80.5403,25.0719],[80.5454,25.0645],[80.5523,25.0628],[80.5647,25.0705],[80.5684,25.0869],[80.5759,25.0815],[80.5954,25.0794],[80.6043,25.0691],[80.6132,25.0657],[80.6067,25.0867],[80.5982,25.0873],[80.5981,25.0793],[80.5924,25.0902],[80.5977,25.0889],[80.5924,25.1032],[80.5976,25.114],[80.6072,25.1179],[80.595,25.1272],[80.5968,25.1437],[80.6011,25.15],[80.6066,25.1504],[80.6127,25.1432],[80.6113,25.1279],[80.6223,25.135],[80.6289,25.1335],[80.6347,25.1287],[80.6325,25.1226],[80.6383,25.1167],[80.6323,25.1132],[80.6271,25.1171],[80.6195,25.1082],[80.6188,25.1002],[80.6075,25.0982],[80.6272,25.0833],[80.6289,25.0905],[80.6393,25.0872],[80.6404,25.0925],[80.641,25.0873],[80.6591,25.0835],[80.6617,25.0676],[80.673,25.0826],[80.6846,25.0771],[80.6838,25.0672],[80.6741,25.0605],[80.676,25.056],[80.6803,25.058],[80.6796,25.0486],[80.7123,25.0587],[80.7195,25.0645],[80.7171,25.0691],[80.7291,25.0672],[80.7369,25.053],[80.7523,25.0569],[80.7663,25.0528],[80.7762,25.0548],[80.7875,25.0617],[80.7834,25.0759],[80.7571,25.082],[80.7573,25.0904],[80.7521,25.0925],[80.7366,25.0949],[80.7348,25.0891],[80.7255,25.0914],[80.7233,25.1051],[80.7306,25.1129],[80.7274,25.1185],[80.7241,25.1216],[80.7077,25.1177],[80.7044,25.1284],[80.7184,25.1305],[80.7211,25.1388],[80.7217,25.1352],[80.7279,25.1377],[80.7304,25.1466],[80.7349,25.1394],[80.7327,25.1333],[80.7368,25.1354],[80.742,25.1235],[80.7539,25.1328],[80.7718,25.1324],[80.7782,25.1423],[80.7864,25.1295],[80.7945,25.1304],[80.7971,25.1366],[80.8083,25.1369],[80.8153,25.1317],[80.812,25.1241],[80.8267,25.1215],[80.8244,25.1161],[80.8277,25.1153],[80.8299,25.1],[80.8348,25.1062],[80.8389,25.1047],[80.8429,25.1124],[80.8365,25.1339],[80.8401,25.1562],[80.8491,25.1626],[80.8382,25.1806],[80.8442,25.1869],[80.8571,25.1809],[80.8642,25.1824],[80.8694,25.1745],[80.8847,25.188],[80.8823,25.1831],[80.9036,25.1596],[80.9129,25.1591],[80.8946,25.1382],[80.8948,25.134],[80.8887,25.1325],[80.8796,25.1383],[80.8789,25.1257],[80.8685,25.1157],[80.8796,25.0993],[80.8676,25.0753],[80.8764,25.0734],[80.8781,25.0655],[80.8555,25.0473],[80.8464,25.0444],[80.8401,25.0334],[80.8318,25.0329],[80.8366,25.0227],[80.8552,25.004],[80.8522,24.9887],[80.8456,24.9837],[80.8331,24.982],[80.8262,24.9765],[80.824,24.9678],[80.8159,24.9662],[80.8113,24.9702],[80.7923,24.9649],[80.81,24.9527],[80.8058,24.9436],[80.8083,24.9385],[80.8202,24.933],[80.8122,24.9225],[80.8358,24.9196],[80.8376,24.9284],[80.8568,24.9316],[80.8607,24.9286],[80.874,24.9358],[80.8814,24.9352],[80.8793,24.9396],[80.8926,24.9453],[80.9068,24.9352],[80.8989,24.9428],[80.8992,24.9486],[80.9467,24.9663],[80.9543,24.9535],[80.9477,24.941],[80.9589,24.9388],[80.9572,24.9179],[80.9658,24.9261],[80.9648,24.9301],[80.9741,24.9342],[80.9859,24.9325],[80.9826,24.9268],[80.9867,24.9233],[81.0045,24.9372],[81.0096,24.9358],[81.0131,24.928],[81.0169,24.931],[81.0231,24.9276],[81.0247,24.9331],[81.0289,24.9333],[81.0136,24.9478],[81.0159,24.9513],[81.0256,24.9401],[81.0244,24.9436],[81.0285,24.9436],[81.0259,24.9487],[81.0335,24.9526],[81.0848,24.9497],[81.0901,24.9455],[81.0871,24.9332],[81.0963,24.9212],[81.1034,24.9186],[81.1123,24.9074],[81.118,24.9079],[81.1225,24.8997],[81.1396,24.8875],[81.1455,24.9103],[81.1602,24.9136],[81.1586,24.9234],[81.1638,24.9283],[81.168,24.9552],[81.1722,24.9573],[81.1794,24.9499],[81.1852,24.952],[81.1888,24.9447],[81.1972,24.9415],[81.2072,24.9304],[81.2007,24.9318],[81.1929,24.9254],[81.2017,24.9269],[81.2102,24.9226],[81.2197,24.9286],[81.2206,24.9345],[81.2153,24.9329],[81.2112,24.9461],[81.2147,24.9485],[81.2145,24.958],[81.2072,24.9645],[81.2209,24.9776],[81.209,24.9926],[81.2131,25.0],[81.2208,24.9974],[81.2264,25.0016],[81.264,25.0531],[81.2621,25.0582],[81.2689,25.0675],[81.2595,25.0758],[81.267,25.0845],[81.2521,25.1021],[81.2533,25.1076],[81.2616,25.1102],[81.2649,25.1173],[81.2629,25.1254],[81.2685,25.1316],[81.2662,25.1396],[81.2817,25.1521],[81.2751,25.1636],[81.2776,25.166],[81.289,25.1619],[81.3135,25.1637],[81.3118,25.1377],[81.3214,25.1128],[81.3312,25.1147],[81.3252,25.1225],[81.3252,25.1366],[81.3187,25.144],[81.3196,25.1568],[81.3346,25.1693],[81.3447,25.162],[81.3546,25.1638],[81.3606,25.1605],[81.3689,25.1438],[81.3754,25.1417],[81.371,25.1349],[81.3821,25.1362],[81.3928,25.1311],[81.3995,25.1194],[81.4142,25.121],[81.4061,25.1314],[81.4146,25.1284],[81.4252,25.1328],[81.4383,25.1306],[81.4376,25.1241],[81.4476,25.1071],[81.4147,25.1081],[81.4073,25.1051],[81.4355,25.0946],[81.4648,25.0901],[81.4697,25.0794],[81.4912,25.0723],[81.4935,25.0802],[81.5016,25.0782],[81.5003,25.0964],[81.5182,25.101],[81.4903,25.1097],[81.4842,25.116],[81.4875,25.1238],[81.48,25.1322],[81.4852,25.1349],[81.4966,25.1293],[81.4996,25.1487],[81.5088,25.1478],[81.5273,25.1381],[81.5311,25.145],[81.5231,25.1482],[81.5299,25.1509],[81.5366,25.1606],[81.5147,25.1736],[81.5145,25.1837],[81.5186,25.1861],[81.5256,25.1814],[81.5399,25.1807],[81.5404,25.1859],[81.556,25.1836],[81.5703,25.1921],[81.5787,25.1908],[81.5955,25.1819],[81.5885,25.1658],[81.6049,25.163],[81.612,25.1641],[81.6156,25.1691],[81.6262,25.1608],[81.6233,25.1411],[81.6145,25.1444],[81.5977,25.1313],[81.6024,25.1271],[81.5971,25.119],[81.6101,25.1124],[81.6083,25.096],[81.6115,25.095],[81.6163,25.1077],[81.624,25.112],[81.6204,25.1158],[81.6244,25.12],[81.633,25.1171],[81.6287,25.107],[81.6409,25.099],[81.6287,25.0951],[81.6288,25.0913],[81.6213,25.09],[81.6158,25.0805],[81.6001,25.0742],[81.6173,25.0611],[81.6104,25.0613],[81.6117,25.0563],[81.6275,25.0525],[81.6335,25.0594],[81.6413,25.0568],[81.6524,25.0708],[81.6666,25.0751],[81.6672,25.0614],[81.6823,25.0612],[81.6936,25.0488],[81.6898,25.039],[81.7133,25.0361],[81.7214,25.0383],[81.719,25.0418],[81.7237,25.05],[81.7315,25.0487],[81.7402,25.045],[81.7458,25.0335],[81.755,25.0348],[81.7588,25.0269],[81.7803,25.0196],[81.7927,25.0045],[81.8041,25.0019],[81.8107,25.0129],[81.8143,25.011],[81.8234,25.0175],[81.8322,25.0123],[81.8352,25.0173],[81.8488,25.012],[81.8537,25.0026],[81.8668,25.0026],[81.8742,24.9952],[81.8771,24.9994],[81.8909,24.9958],[81.8913,24.9889],[81.9021,25.0005],[81.8957,25.0098],[81.9071,25.0062],[81.9015,24.9865],[81.9079,24.9801],[81.9041,24.9722],[81.9078,24.9704],[81.9104,24.9374],[81.9197,24.9281],[81.9029,24.8917],[81.9089,24.8858],[81.9079,24.8814],[81.9337,24.8707],[81.9327,24.8588],[81.938,24.8497],[81.9436,24.8466],[81.9442,24.8413],[81.9604,24.8368],[81.9653,24.8271],[81.9716,24.8389],[82.0169,24.846],[82.0313,24.8402],[82.0453,24.8286],[82.0513,24.8306],[82.0716,24.8192],[82.0751,24.822],[82.0977,24.8162],[82.1122,24.8005],[82.1156,24.7845],[82.1203,24.7881],[82.1339,24.788],[82.1319,24.7916],[82.1387,24.7995],[82.167,24.7855],[82.1678,24.7912],[82.1789,24.7951],[82.1667,24.8009],[82.1751,24.8009],[82.1782,24.8109],[82.1911,24.8107],[82.2036,24.8192],[82.1888,24.8058],[82.1843,24.7956],[82.1954,24.7919],[82.2063,24.7961],[82.2162,24.7942],[82.2092,24.7785],[82.2179,24.7767],[82.2093,24.7717],[82.1965,24.7781],[82.2,24.7688],[82.1954,24.7642],[82.2032,24.7581],[82.1975,24.7468],[82.1775,24.7323],[82.1968,24.7379],[82.2138,24.7343],[82.2212,24.722],[82.2176,24.7375],[82.207,24.7432],[82.207,24.7473],[82.216,24.7545],[82.2222,24.7466],[82.2292,24.7451],[82.2248,24.7579],[82.2265,24.7612],[82.2314,24.756],[82.2342,24.7606],[82.2456,24.7441],[82.2503,24.7615],[82.2461,24.7697],[82.2508,24.7699],[82.2554,24.7477],[82.2448,24.7305],[82.251,24.7113],[82.2453,24.7034],[82.2501,24.6971],[82.2463,24.6919],[82.2423,24.6948],[82.2354,24.6904],[82.2298,24.6817],[82.2364,24.677],[82.239,24.6611],[82.2401,24.6697],[82.2492,24.6714],[82.2565,24.6685],[82.2551,24.6606],[82.2609,24.6615],[82.2729,24.6746],[82.2628,24.6788],[82.2687,24.6834],[82.2855,24.6755],[82.2877,24.6663],[82.303,24.6669],[82.3036,24.6639],[82.2961,24.6614],[82.3035,24.6538],[82.2998,24.647],[82.3039,24.6439],[82.3002,24.6343],[82.3038,24.6254],[82.2953,24.6085],[82.2985,24.605],[82.3017,24.6077],[82.3197,24.6062],[82.3289,24.6177],[82.3388,24.6203],[82.3498,24.615],[82.3638,24.5976],[82.4019,24.5914],[82.4044,24.5963],[82.4161,24.5912],[82.4223,24.5994],[82.4109,24.6137],[82.4133,24.6203],[82.4091,24.6252],[82.4097,24.6354],[82.418,24.6415],[82.4185,24.6519],[82.4121,24.6601],[82.4141,24.67],[82.4064,24.6813],[82.4295,24.7027],[82.4391,24.7007],[82.4533,24.6886],[82.4498,24.6747],[82.4688,24.674],[82.4796,24.6785],[82.4936,24.671],[82.5235,24.6763],[82.5293,24.6533],[82.5391,24.6478],[82.5797,24.6588],[82.6074,24.6757],[82.6366,24.6825],[82.6584,24.6955],[82.671,24.697],[82.7016,24.6751],[82.6982,24.647],[82.7068,24.6361],[82.7179,24.6425],[82.7182,24.6349],[82.7227,24.6384],[82.7279,24.6353],[82.7323,24.6444],[82.7532,24.6368],[82.7539,24.6409],[82.7738,24.6418],[82.7719,24.6216],[82.7795,24.6141],[82.7654,24.5959],[82.8026,24.5982],[82.8009,24.5802],[82.7794,24.5719],[82.7681,24.5624],[82.7482,24.5613],[82.7481,24.5498],[82.743,24.5517],[82.743,24.547],[82.7221,24.5553],[82.7193,24.5525],[82.731,24.5348],[82.7206,24.5288],[82.7207,24.5138],[82.7437,24.4963],[82.7401,24.482],[82.73,24.4725],[82.7347,24.4706],[82.7364,24.4618],[82.7312,24.4518],[82.7342,24.4466],[82.7311,24.4377],[82.7351,24.4353],[82.7325,24.4314],[82.7398,24.4302],[82.7218,24.4136],[82.7134,24.3803],[82.7196,24.3781],[82.7254,24.3682],[82.7559,24.3698],[82.7551,24.3742],[82.7644,24.3761],[82.764,24.3707],[82.7697,24.3699],[82.7653,24.3655],[82.7644,24.355],[82.7733,24.3438],[82.7687,24.3422],[82.7666,24.3304],[82.7712,24.3284],[82.7655,24.3161],[82.7728,24.3076],[82.771,24.2951],[82.7556,24.2608],[82.7588,24.2368],[82.7504,24.2267],[82.7364,24.2229],[82.7347,24.2173],[82.7443,24.1656],[82.7293,24.1481],[82.7281,24.1356],[82.7003,24.1391],[82.683,24.1547],[82.6704,24.1471],[82.6742,24.1408],[82.6671,24.1369],[82.6645,24.1283],[82.6705,24.12],[82.6774,24.12],[82.6833,24.1093],[82.7071,24.0969],[82.7049,24.0949],[82.7123,24.0886],[82.7099,24.0848],[82.7139,24.0746],[82.7331,24.0786],[82.7481,24.0705],[82.7536,24.0769],[82.76,24.0772],[82.7644,24.07],[82.7679,24.0758],[82.7741,24.0759],[82.7663,24.0464],[82.7473,24.0269],[82.7506,24.0127],[82.7692,24.0055],[82.7856,24.0048],[82.7884,24.008],[82.8038,24.0036],[82.8086,23.9862],[82.8022,23.9793],[82.8126,23.9599],[82.8276,23.9622],[82.837,23.9568],[82.8611,23.9389],[82.8652,23.9264],[82.8847,23.9089],[82.9052,23.8979],[82.9272,23.8923],[82.9366,23.8771],[82.9479,23.8714],[82.9972,23.8726],[83.0013,23.8768],[83.0187,23.8795],[83.0525,23.8795],[83.0621,23.874],[83.0819,23.8705],[83.1415,23.8849],[83.1595,23.9074],[83.1712,23.9078],[83.1898,23.9174],[83.1984,23.9141],[83.2079,23.9214],[83.2038,23.9287],[83.216,23.9379],[83.2155,23.9455],[83.2231,23.9582],[83.2186,23.969],[83.2269,23.9779],[83.2236,23.9867],[83.2305,23.9888],[83.2337,23.9961],[83.2424,23.9972],[83.2426,24.0116],[83.2519,24.0149],[83.2636,24.0093],[83.2728,24.0182],[83.2791,24.0183],[83.2835,24.0324],[83.2821,24.0498],[83.2947,24.0717],[83.3148,24.091],[83.3215,24.106],[83.3299,24.1017],[83.3449,24.1109],[83.3541,24.1249],[83.362,24.1564],[83.3821,24.1953],[83.3787,24.2113],[83.3846,24.2206],[83.3787,24.2304],[83.3853,24.2391],[83.3977,24.2439],[83.4003,24.2564],[83.4091,24.2663],[83.4072,24.2888],[83.4015,24.2956],[83.3862,24.2988],[83.38,24.3131],[83.3878,24.3162],[83.3921,24.3248],[83.4114,24.3399],[83.4335,24.3388],[83.4452,24.3589],[83.4573,24.3646],[83.4486,24.3701],[83.4495,24.3771],[83.4335,24.3933],[83.4344,24.4008],[83.419,24.4062],[83.4051,24.4048],[83.4049,24.436],[83.3941,24.4347],[83.3855,24.4513],[83.3909,24.4736],[83.3982,24.4854],[83.3965,24.496],[83.4017,24.5035],[83.5033,24.5254],[83.4971,24.5391],[83.5223,24.5477],[83.5301,24.5673],[83.5302,24.5821],[83.5244,24.589],[83.5235,24.6031],[83.5304,24.6124],[83.5419,24.6128],[83.548,24.6233],[83.5437,24.6283],[83.5247,24.6278],[83.5298,24.643],[83.5202,24.6411],[83.5005,24.6513],[83.504,24.6663],[83.5204,24.6775],[83.507,24.6928],[83.4989,24.6949],[83.4986,24.7033],[83.4851,24.7016],[83.4894,24.7365],[83.4583,24.7316],[83.4488,24.7385],[83.4414,24.7568],[83.4281,24.763],[83.4281,24.7682],[83.3978,24.7782],[83.3931,24.783],[83.3917,24.7901],[83.3997,24.7967],[83.394,24.8051],[83.402,24.8135],[83.3952,24.8263],[83.3969,24.8324],[83.3927,24.8407],[83.3869,24.8399],[83.3807,24.8477],[83.377,24.86],[83.3576,24.8706],[83.3696,24.8801],[83.3581,24.8889],[83.3664,24.8921],[83.3547,24.9055],[83.364,24.9137],[83.3617,24.9537],[83.3499,24.9632],[83.3432,24.9634],[83.3434,24.9808],[83.3526,24.9966],[83.3506,25.0088],[83.3342,25.0141],[83.3266,25.0129],[83.3202,25.0173],[83.3252,25.026],[83.3244,25.0374],[83.3358,25.0512],[83.3434,25.0509],[83.3428,25.0599],[83.336,25.0615],[83.3413,25.0816],[83.3473,25.0868],[83.3501,25.1133],[83.3633,25.1112],[83.3674,25.1253],[83.3682,25.1299],[83.3619,25.1327],[83.3634,25.1535],[83.3513,25.157],[83.3564,25.1777],[83.3498,25.1849],[83.3573,25.1997],[83.3663,25.1954],[83.382,25.2018],[83.3825,25.2107],[83.3862,25.2122],[83.3932,25.2044],[83.3976,25.2164],[83.4021,25.2091],[83.4028,25.2244],[83.4093,25.2294],[83.407,25.2392],[83.4136,25.2355],[83.4089,25.2408],[83.4099,25.2466],[83.4183,25.2506],[83.4267,25.2464],[83.4272,25.2537],[83.4363,25.2443],[83.439,25.2579],[83.4422,25.2592],[83.443,25.2546],[83.4501,25.2611],[83.4622,25.2507],[83.4679,25.2524],[83.477,25.2615],[83.4797,25.2675],[83.4768,25.2718],[83.49,25.2841],[83.4904,25.2895],[83.4936,25.2877],[83.4914,25.2799],[83.4974,25.2804],[83.4974,25.2853],[83.5023,25.2875],[83.5055,25.2811],[83.5089,25.2885],[83.5153,25.2847],[83.527,25.293],[83.5235,25.3026],[83.534,25.2974],[83.5384,25.3044],[83.5541,25.3085],[83.5473,25.3141],[83.5373,25.3098],[83.5399,25.3158],[83.5573,25.3115],[83.5721,25.3147],[83.5708,25.3072],[83.5737,25.3061],[83.5763,25.3151],[83.5858,25.3153],[83.5874,25.3218],[83.5963,25.3277],[83.6169,25.3321],[83.6285,25.3285],[83.6352,25.3359],[83.6337,25.3432],[83.6422,25.3398],[83.6463,25.3425],[83.6488,25.3393],[83.6528,25.3484],[83.6492,25.354],[83.658,25.3596],[83.656,25.3684],[83.6644,25.3619],[83.6671,25.3627],[83.6639,25.3728],[83.6767,25.3644],[83.6937,25.3697],[83.6821,25.3786],[83.6906,25.384],[83.6966,25.3825],[83.6945,25.389],[83.7017,25.3962],[83.7101,25.3861],[83.7175,25.3975],[83.7324,25.3982],[83.7341,25.4062],[83.7406,25.4107],[83.7451,25.4005],[83.7555,25.4045],[83.7663,25.401],[83.7663,25.3974],[83.7565,25.3968],[83.755,25.3923],[83.769,25.3864],[83.7728,25.3982],[83.7897,25.3968],[83.8079,25.4091],[83.8144,25.4212],[83.801,25.4255],[83.8016,25.4299],[83.8124,25.4296],[83.8292,25.4362],[83.8329,25.4357],[83.833,25.4311],[83.8464,25.4344],[83.8419,25.4469],[83.8128,25.4482],[83.8166,25.4628],[83.8249,25.4658],[83.8328,25.4576],[83.8561,25.4681],[83.8636,25.4844],[83.8708,25.4875],[83.8778,25.4993],[83.8742,25.5096],[83.8762,25.5181],[83.9021,25.5241],[83.9212,25.552],[83.9574,25.5702],[84.0174,25.6148],[84.0813,25.6365],[84.0852,25.652],[84.075,25.6953],[84.0892,25.7134],[84.1045,25.721],[84.1288,25.7237],[84.1398,25.7317],[84.1416,25.722],[84.1352,25.7241],[84.1298,25.7178],[84.143,25.7164],[84.1557,25.7239],[84.1488,25.7271],[84.1547,25.7293],[84.1741,25.7207],[84.1989,25.7022],[84.2058,25.6698],[84.2232,25.6625],[84.2765,25.6594],[84.2941,25.6602],[84.2998,25.6646],[84.2878,25.6722],[84.2872,25.6766],[84.2976,25.6765],[84.2987,25.6709],[84.3165,25.6716],[84.3167,25.6664],[84.324,25.6704],[84.3285,25.7311],[84.3366,25.7436],[84.3646,25.7419],[84.3751,25.7346],[84.3737,25.7436],[84.3778,25.7386],[84.385,25.7469],[84.391,25.745],[84.3938,25.7436],[84.3902,25.7363],[84.3843,25.7321],[84.4,25.7288],[84.3983,25.7253],[84.4065,25.7156],[84.401,25.7079],[84.4066,25.6979],[84.4268,25.6931],[84.4297,25.7111],[84.4442,25.7081],[84.4535,25.714],[84.4528,25.7091],[84.4621,25.7089],[84.4623,25.6973],[84.4682,25.6982],[84.4657,25.6913],[84.4706,25.687],[84.4934,25.6907],[84.4918,25.6761],[84.4992,25.6749],[84.5076,25.6818],[84.5202,25.675],[84.5291,25.6827],[84.5346,25.7243],[84.5397,25.7268],[84.5354,25.6905],[84.5512,25.6859],[84.5575,25.6796],[84.562,25.6865],[84.5645,25.7173],[84.5603,25.7369],[84.6004,25.7384],[84.6119,25.731],[84.6279,25.7262],[84.6347,25.728],[84.6295,25.7432],[84.603,25.762],[84.6062,25.7613],[84.6074,25.7717],[84.6135,25.7759],[84.6236,25.771],[84.6248,25.7919],[84.5814,25.8252],[84.5508,25.8407],[84.5484,25.8285],[84.5305,25.8317],[84.5307,25.8535],[84.5232,25.8601],[84.5337,25.8641],[84.5438,25.8589],[84.534,25.8763],[84.5109,25.8714],[84.4895,25.8884],[84.4724,25.8818],[84.4602,25.8896],[84.4276,25.8913],[84.429,25.8976],[84.4119,25.9308],[84.3874,25.9374],[84.354,25.9588],[84.3119,25.9438],[84.2969,25.9452],[84.2823,25.9588],[84.2449,25.9758],[84.2452,25.9807],[84.2393,25.9851],[84.2071,25.9999],[84.1963,25.9879],[84.1761,25.9966],[84.1701,25.9877],[84.1725,26.0246],[84.1377,26.0521],[84.1212,26.0766],[84.1039,26.0927],[84.0887,26.1003],[84.056,26.1001],[84.0489,26.1087],[84.0497,26.1306],[84.0276,26.1424],[84.0345,26.1513],[84.0338,26.1604],[84.0095,26.1755],[84.009,26.1897],[84.0163,26.196],[84.029,26.1992],[84.0259,26.2045],[84.0311,26.2176],[84.0163,26.2221],[84.0123,26.232],[84.019,26.2389],[84.0382,26.2371],[84.0381,26.2318],[84.0622,26.2221],[84.0803,26.2223],[84.0865,26.2187],[84.0912,26.2338],[84.1061,26.2367],[84.1071,26.2413],[84.1173,26.2401],[84.1207,26.2586],[84.1476,26.2551],[84.1512,26.2578],[84.1663,26.2411],[84.1617,26.2569],[84.1769,26.265],[84.1748,26.2925],[84.1862,26.313],[84.1728,26.3335],[84.1769,26.3707],[84.1377,26.3779],[84.1357,26.3817],[84.1213,26.3852],[84.0889,26.3869],[84.0843,26.3819],[84.0793,26.3827],[84.0683,26.3884],[84.0637,26.4009],[84.0501,26.4039],[84.0441,26.4096],[84.0415,26.4077],[84.0412,26.413],[84.0339,26.4118],[84.035,26.419],[84.0226,26.4311],[84.0238,26.4403],[84.0173,26.4476],[84.0081,26.444],[83.9979,26.4465],[83.9915,26.4323],[83.9463,26.4386],[83.9108,26.4497],[83.9081,26.4471],[83.9152,26.5029],[83.9069,26.5092],[83.9081,26.5191],[83.9167,26.5167],[83.9402,26.5253],[83.9528,26.5178],[83.9478,26.5121],[83.951,26.509],[83.9712,26.5075],[83.9749,26.508],[83.9718,26.5179],[83.9766,26.5335],[83.9925,26.5331],[84.0086,26.5217],[84.0245,26.5322],[84.0478,26.5363],[84.0564,26.5446],[84.0551,26.5584],[84.0607,26.5682],[84.0891,26.6031],[84.0865,26.6392],[84.112,26.6307],[84.1125,26.6344],[84.1587,26.6362],[84.1567,26.627],[84.1603,26.6245],[84.2012,26.6248],[84.228,26.6175],[84.2293,26.6132],[84.2815,26.5996],[84.2847,26.5996],[84.2859,26.6058],[84.3004,26.6038],[84.3074,26.6163],[84.3255,26.6115],[84.3544,26.6198],[84.3795,26.6145],[84.3863,26.6217],[84.4199,26.6269],[84.4099,26.6469],[84.4106,26.6702],[84.3764,26.6775],[84.3503,26.678],[84.3303,26.684],[84.326,26.7142],[84.3061,26.7496],[84.286,26.7502],[84.2663,26.7398],[84.256,26.7268],[84.2407,26.7388],[84.2326,26.7537],[84.2485,26.7709],[84.2599,26.8044],[84.2542,26.8125],[84.2569,26.8182],[84.2503,26.8193],[84.261,26.8304],[84.2618,26.8428],[84.2541,26.8566],[84.2356,26.8678],[84.2195,26.8717],[84.2062,26.8618],[84.1902,26.8585],[84.1833,26.8476],[84.1868,26.8417],[84.1818,26.8335],[84.1661,26.8338],[84.1492,26.8426],[84.1406,26.8527],[84.1404,26.8677],[84.1471,26.8725],[84.1436,26.8796],[84.1464,26.8855],[84.1313,26.8845],[84.129,26.8932],[84.118,26.8877],[84.1104,26.8987],[84.1045,26.882],[84.0982,26.876],[84.0944,26.8817],[84.0814,26.8774],[84.067,26.8886],[84.0603,26.8882],[84.0609,26.8957],[84.0524,26.9064],[84.06,26.9203],[84.0534,26.9297],[84.0433,26.9319],[84.0466,26.9392],[84.035,26.9383],[84.0322,26.9413],[84.0528,26.9551],[84.0549,26.9601],[84.0538,26.9753],[84.0458,26.9823],[84.0567,26.9897],[84.0459,27.005],[84.0374,27.0091],[84.0443,27.0168],[84.0495,27.0433],[84.0314,27.0457],[84.0056,27.0603],[84.0001,27.0686],[84.0166,27.0718],[84.0282,27.0852],[84.025,27.0925],[84.0307,27.097],[84.0165,27.1055],[84.0088,27.0993],[84.0006,27.1006],[83.9893,27.0909],[83.9784,27.0908],[83.9644,27.0842],[83.9529,27.085],[83.9468,27.0903],[83.9477,27.1125],[83.9628,27.1277],[83.9588,27.1363],[83.9788,27.1649],[83.994,27.1739],[83.9934,27.1817],[83.987,27.1976],[83.9675,27.2095],[83.9728,27.2182],[83.9702,27.224],[83.9538,27.2361],[83.9121,27.2458],[83.9053,27.2574],[83.9059,27.275],[83.9215,27.2842],[83.9344,27.2996],[83.9341,27.3085],[83.9251,27.3222],[83.9169,27.3266],[83.9025,27.3263],[83.8715,27.3073],[83.8602,27.3079],[83.8531,27.3172],[83.8456,27.3152],[83.8368,27.3223],[83.8623,27.3354],[83.8641,27.3472],[83.8308,27.3699],[83.6149,27.4693],[83.3882,27.4794],[83.393,27.4764],[83.3893,27.471],[83.3977,27.4653],[83.4025,27.4663],[83.4025,27.4568],[83.3984,27.448],[83.3853,27.4423],[83.385,27.4361],[83.4097,27.4126],[83.4029,27.401],[83.3856,27.3902],[83.3881,27.3757],[83.3841,27.3714],[83.3719,27.3694],[83.3744,27.359],[83.3594,27.3524],[83.36,27.3437],[83.352,27.3434],[83.3527,27.3408],[83.3381,27.3336],[83.3183,27.3378],[83.3176,27.3306],[83.295,27.3341],[83.273,27.3531],[83.2659,27.366],[83.2723,27.3834],[83.2402,27.4066],[83.2176,27.4175],[83.1883,27.4539],[83.1621,27.4573],[83.0349,27.4488],[82.9543,27.4682],[82.9292,27.5011],[82.8662,27.4983],[82.8328,27.5023],[82.8021,27.4964],[82.7351,27.5027],[82.7362,27.5184],[82.743,27.5156],[82.7428,27.5209],[82.7493,27.5227],[82.7463,27.5311],[82.7414,27.5326],[82.742,27.5464],[82.7372,27.5473],[82.7385,27.5519],[82.7466,27.5554],[82.7426,27.5585],[82.7538,27.5865],[82.7468,27.6004],[82.7353,27.6095],[82.7374,27.6142],[82.7334,27.6186],[82.7398,27.624],[82.7342,27.6292],[82.7394,27.6318],[82.7333,27.6341],[82.7392,27.6373],[82.7378,27.6427],[82.7341,27.6458],[82.7295,27.6428],[82.7306,27.6532],[82.7242,27.6597],[82.7186,27.6555],[82.7212,27.6614],[82.7126,27.6635],[82.718,27.6667],[82.7144,27.6746],[82.7188,27.6857],[82.7064,27.704],[82.7084,27.723],[82.7056,27.7164],[82.6995,27.722],[82.681,27.7136],[82.6662,27.7158],[82.6644,27.7225],[82.6555,27.7135],[82.6382,27.7091],[82.6274,27.7113],[82.6189,27.7022],[82.605,27.7058],[82.5938,27.6972],[82.585,27.699],[82.5408,27.6858],[82.5167,27.6913],[82.4907,27.6826],[82.4829,27.6837],[82.4735,27.6773],[82.4492,27.6797],[82.3952,27.7096],[82.3678,27.7434],[82.3037,27.7737],[82.2525,27.8111],[82.2302,27.8219],[82.2074,27.8435],[82.1533,27.8668],[82.1491,27.8582],[82.1215,27.8655],[82.1133,27.8784],[82.0911,27.8939],[82.0699,27.9233],[81.9679,27.9288],[81.9259,27.8764],[81.9254,27.8599],[81.8999,27.8536],[81.8846,27.8569],[81.8736,27.869],[81.8332,27.8977],[81.8208,27.9035],[81.8046,27.903],[81.6988,27.9877],[81.6437,27.9932],[81.6228,28.0024],[81.6172,28.0095],[81.5511,28.0472],[81.4781,28.0826],[81.4795,28.1101],[81.4839,28.1186],[81.45,28.1406],[81.4504,28.1506],[81.4451,28.1613],[81.4256,28.1712],[81.4141,28.1744],[81.3906,28.1736],[81.3752,28.1785],[81.3836,28.1671],[81.3714,28.1605],[81.37,28.1531],[81.3857,28.1527],[81.384,28.1471],[81.3654,28.1452],[81.3656,28.1411],[81.334,28.1401],[81.3165,28.1344],[81.3181,28.145],[81.3279,28.148],[81.3201,28.1601],[81.312,28.1557],[81.3016,28.1665],[81.3212,28.1686],[81.3244,28.175],[81.3183,28.1823],[81.3207,28.1972],[81.2993,28.2198],[81.2909,28.2228],[81.2327,28.2889],[81.2339,28.326],[81.2106,28.3607],[81.1231,28.3755],[81.0891,28.3858],[81.0803,28.389],[81.058,28.4139],[81.0508,28.407],[81.0361,28.4132],[81.0347,28.3992],[81.0167,28.4158],[81.0346,28.4276],[81.03,28.4386],[81.0197,28.4309],[81.0129,28.4372],[81.0172,28.4507],[80.9979,28.4521],[80.9887,28.4413],[80.9774,28.4424],[80.9786,28.434],[80.9645,28.4376],[80.9676,28.4428],[80.9643,28.4446],[80.9802,28.455],[80.9667,28.4571],[80.9638,28.4492],[80.9514,28.4473],[80.9511,28.4556],[80.9318,28.4586],[80.945,28.4663],[80.9423,28.4688],[80.932,28.4631],[80.9303,28.4575],[80.9172,28.4599],[80.9196,28.4644],[80.9139,28.4683],[80.9152,28.4576],[80.9052,28.4663],[80.9023,28.4784],[80.9016,28.4854],[80.9084,28.4979],[80.8963,28.5071],[80.8752,28.5109],[80.8615,28.5045],[80.8659,28.4894],[80.8556,28.4975],[80.8444,28.4957],[80.8298,28.5123],[80.8155,28.5207],[80.7886,28.5243],[80.7842,28.5293],[80.7893,28.5434],[80.7694,28.5501],[80.7687,28.5659],[80.7384,28.5751],[80.7385,28.5658],[80.7243,28.5754],[80.7144,28.5686],[80.6902,28.588],[80.6958,28.6039],[80.677,28.6043],[80.6795,28.6211],[80.6707,28.6281],[80.6674,28.6424],[80.6516,28.6343],[80.6413,28.6436],[80.6331,28.6378],[80.6111,28.6387],[80.6063,28.652],[80.5896,28.6471],[80.5976,28.6561],[80.5799,28.6606],[80.5904,28.6799],[80.5692,28.6881],[80.5397,28.6902],[80.5064,28.671],[80.5034,28.6644],[80.5215,28.5762],[80.5305,28.5721],[80.5231,28.5534],[80.5153,28.5525],[80.5089,28.5665],[80.4988,28.57],[80.4795,28.5875],[80.4693,28.5827],[80.4721,28.5915],[80.4591,28.6243],[80.4533,28.6241],[80.4351,28.6368],[80.4154,28.6394],[80.3776,28.6287],[80.3581,28.6405],[80.3605,28.6437],[80.3544,28.6493],[80.3256,28.6664],[80.323,28.6883],[80.3168,28.7003],[80.2996,28.7067],[80.294,28.7127],[80.2776,28.7109],[80.2567,28.729],[80.2636,28.7339],[80.2657,28.7428],[80.2543,28.7551],[80.2356,28.7579],[80.2161,28.7546],[80.1713,28.782],[80.1193,28.8276],[80.0755,28.8236],[80.0651,28.8367],[80.0598,28.8255],[80.0518,28.8204],[80.0592,28.8169],[80.0681,28.8029],[80.0587,28.7885],[80.0617,28.7833],[80.0523,28.7783],[80.0301,28.7487],[79.9542,28.7229],[79.9455,28.7306],[79.9465,28.7424],[79.9386,28.7504],[79.9432,28.76],[79.9326,28.7628],[79.9241,28.7732],[79.9398,28.7878],[79.9265,28.7901],[79.9178,28.7824],[79.9098,28.7855],[79.9014,28.782],[79.8843,28.7901],[79.8833,28.7946],[79.8731,28.7973],[79.8747,28.8024],[79.8696,28.8084],[79.8785,28.8149],[79.9056,28.8031],[79.9155,28.8043],[79.9108,28.81],[79.9145,28.8185],[79.8941,28.8205],[79.8939,28.8315],[79.8882,28.8366],[79.8821,28.837],[79.8785,28.8304],[79.8726,28.8316],[79.8717,28.8402],[79.8647,28.8378],[79.8632,28.8403],[79.8589,28.8339],[79.8614,28.8306],[79.851,28.8286],[79.8541,28.8242],[79.8463,28.8232],[79.8466,28.8175],[79.8529,28.8138],[79.8466,28.8105],[79.8529,28.8062],[79.8493,28.7997],[79.8455,28.8008],[79.8461,28.8048],[79.8415,28.8043],[79.8383,28.7976],[79.8269,28.795],[79.8243,28.7983],[79.82,28.7962],[79.8146,28.8027],[79.8139,28.7969],[79.808,28.801],[79.8072,28.8057],[79.8165,28.817],[79.819,28.8055],[79.8243,28.8073],[79.8372,28.8324],[79.8313,28.8308],[79.8238,28.8391],[79.8273,28.8417],[79.8309,28.8378],[79.8368,28.84],[79.8307,28.8553],[79.8406,28.8477],[79.8496,28.8594],[79.8457,28.8739],[79.8357,28.875],[79.8325,28.871],[79.8293,28.8845],[79.7998,28.8875],[79.7886,28.8728],[79.7668,28.875],[79.7593,28.8709],[79.7491,28.8718],[79.7457,28.86],[79.7365,28.8563],[79.7264,28.861],[79.7199,28.8457],[79.7096,28.8512],[79.7067,28.8411],[79.69,28.8454],[79.692,28.8479],[79.6832,28.85],[79.6819,28.8569],[79.6674,28.8598],[79.6634,28.862],[79.6657,28.8656],[79.6561,28.8698],[79.6449,28.8635],[79.636,28.8669],[79.6309,28.8612],[79.6261,28.8667],[79.6133,28.8529],[79.6039,28.8569],[79.5844,28.8463],[79.5735,28.8547],[79.5843,28.8792],[79.5776,28.8887],[79.5712,28.8865],[79.5706,28.8926],[79.5565,28.8993],[79.533,28.8698],[79.5218,28.8648],[79.5114,28.8673],[79.5099,28.8646],[79.4971,28.8729],[79.4787,28.8712],[79.4772,28.8646],[79.4516,28.8717],[79.4405,28.8618],[79.4249,28.8682],[79.431,28.8869],[79.4277,28.893],[79.4229,28.8936],[79.4279,28.9198],[79.4158,28.9279],[79.419,28.9401],[79.4075,28.9523],[79.3906,28.9474],[79.3873,28.9498],[79.3724,28.9875],[79.3621,28.9815],[79.361,28.972],[79.3647,28.9681],[79.3215,28.9719],[79.3119,28.9771],[79.3127,28.969],[79.3073,28.9665],[79.2591,28.9925],[79.2478,29.0034],[79.251,29.0103],[79.2316,29.0152],[79.2117,29.0276],[79.2036,29.0208],[79.1943,29.0198],[79.1908,29.0232],[79.1938,29.0156],[79.1859,29.0177],[79.1809,29.0129],[79.1711,29.0119],[79.1758,29.0158],[79.1653,29.0178],[79.1624,29.0293],[79.1751,29.0463],[79.1619,29.049],[79.1425,29.067],[79.1421,29.082],[79.1515,29.0955],[79.1483,29.0992],[79.1532,29.1016],[79.1535,29.1152],[79.1269,29.1327],[79.1195,29.1258],[79.1119,29.128],[79.0749,29.1517],[79.0537,29.1549],[79.0358,29.1695],[79.0291,29.1642],[79.0324,29.1592],[79.0394,29.1585],[79.0374,29.1449],[79.0298,29.147],[79.0238,29.1556],[79.0178,29.1539],[79.0211,29.1459],[79.0149,29.134],[79.0169,29.1308],[79.0273,29.1325],[79.0318,29.1282],[79.0406,29.1277],[79.0267,29.1125],[79.0142,29.1167],[79.0082,29.112],[79.0017,29.1223],[79.0042,29.126],[78.9913,29.1307],[78.9898,29.1396],[78.9823,29.1431],[78.9747,29.136],[78.9728,29.1269],[78.9642,29.1306],[78.9565,29.12],[78.9346,29.1297],[78.9269,29.1181],[78.9066,29.1249],[78.9188,29.1356],[78.911,29.1445],[78.9155,29.1525],[78.9064,29.1517],[78.9089,29.1639],[78.9017,29.1696],[78.9087,29.1786],[78.9034,29.1783],[78.8946,29.1858],[78.8997,29.1859],[78.8964,29.1936],[78.8867,29.1951],[78.8906,29.2012],[78.8855,29.2033],[78.881,29.2],[78.8752,29.2052],[78.8833,29.2115],[78.8785,29.2143],[78.8795,29.2189],[78.8717,29.2228],[78.8764,29.2254],[78.8745,29.2303],[78.8707,29.2273],[78.8586,29.233],[78.8622,29.2395],[78.8583,29.2419],[78.8495,29.2328],[78.8395,29.2368],[78.8382,29.2426],[78.82,29.2321],[78.8076,29.2366],[78.7914,29.2461],[78.7898,29.255],[78.7851,29.2537],[78.7738,29.262],[78.7702,29.2671],[78.7732,29.2712],[78.765,29.2794],[78.7345,29.2996],[78.7227,29.2994],[78.7186,29.3067],[78.7345,29.303],[78.7337,29.322],[78.7407,29.3205],[78.7407,29.3158],[78.7503,29.3174],[78.7538,29.3313],[78.7665,29.3375],[78.7775,29.3258],[78.7868,29.3262],[78.7905,29.3306],[78.7934,29.3282],[78.7954,29.3251],[78.7895,29.3154],[78.7959,29.3118],[78.7982,29.3191],[78.8047,29.3193],[78.7999,29.3346],[78.8105,29.3402],[78.8247,29.3672],[78.8303,29.3681],[78.8259,29.3656],[78.8275,29.3543],[78.8402,29.346],[78.8499,29.3449],[78.856,29.3498],[78.8519,29.3604],[78.8603,29.3583],[78.8787,29.3661],[78.8777,29.375],[78.8873,29.3731],[78.8922,29.381],[78.9118,29.3938],[78.9257,29.426],[78.9431,29.4348],[78.9402,29.4353],[78.9423,29.4386],[78.9187,29.4343],[78.8227,29.4598],[78.8106,29.4659],[78.7997,29.4646],[78.745,29.5008],[78.7063,29.5027],[78.6505,29.5461],[78.6385,29.5467],[78.6177,29.5581],[78.5804,29.5864],[78.5327,29.6388],[78.5215,29.6579],[78.5214,29.6935],[78.514,29.7231],[78.4885,29.7382],[78.454,29.746],[78.4285,29.7645],[78.4091,29.7634],[78.3927,29.7675],[78.3357,29.7967],[78.3095,29.78],[78.2927,29.7591],[78.2845,29.7618],[78.2597,29.7384],[78.2501,29.7343],[78.2402,29.7415],[78.2296,29.7368],[78.2216,29.7407],[78.2039,29.7373],[78.196,29.6927],[78.1805,29.6969],[78.1716,29.6916],[78.1376,29.6636],[78.1305,29.6526],[78.0815,29.6352],[78.0867,29.6251],[78.0575,29.6307],[78.0488,29.6147],[78.0331,29.6117],[78.0183,29.5983],[78.0152,29.5873],[78.0216,29.5809],[78.0008,29.5863],[77.9952,29.5958],[77.9869,29.5847],[77.9749,29.5851],[77.9731,29.5804],[77.9636,29.5813],[77.9403,29.5928],[77.9333,29.6006],[77.9484,29.617],[77.9602,29.6117],[77.9777,29.6135],[77.9774,29.6313],[77.9838,29.6437],[77.9794,29.6427],[77.9664,29.6502],[77.9699,29.6665],[77.9494,29.6799],[77.9509,29.6874],[77.9399,29.6961],[77.951,29.7016],[77.953,29.7074],[77.9455,29.7131],[77.9409,29.7109],[77.9381,29.7145],[77.9346,29.7112],[77.9264,29.7143],[77.9169,29.7056],[77.9201,29.6993],[77.9125,29.696],[77.9021,29.7012],[77.8909,29.6989],[77.8826,29.7025],[77.8747,29.6873],[77.8628,29.6895],[77.8557,29.6801],[77.83,29.6683],[77.799,29.6862],[77.8105,29.7024],[77.7918,29.71],[77.7787,29.7107],[77.7697,29.7177],[77.7827,29.7363],[77.7695,29.7454],[77.7693,29.7506],[77.7803,29.7651],[77.7731,29.7688],[77.7778,29.775],[77.7724,29.7801],[77.7747,29.7911],[77.7516,29.8107],[77.759,29.8186],[77.754,29.8209],[77.7557,29.8254],[77.7402,29.8348],[77.744,29.8399],[77.7419,29.8519],[77.7234,29.8551],[77.7141,29.8703],[77.7208,29.8762],[77.716,29.8859],[77.7227,29.8845],[77.7251,29.8904],[77.7318,29.8929],[77.7293,29.9006],[77.7339,29.8997],[77.7386,29.9033],[77.7365,29.9067],[77.7478,29.9112],[77.7429,29.925],[77.7305,29.9317],[77.743,29.941],[77.7484,29.9517],[77.7333,29.956],[77.7402,29.9753],[77.746,29.9806],[77.7437,29.9834],[77.7604,29.9952],[77.7554,29.9991],[77.7642,30.0045],[77.7619,30.0094],[77.782,30.0187],[77.7855,30.0279],[77.77,30.0426],[77.7711,30.0481],[77.7984,30.0836],[77.8012,30.0955],[77.828,30.086],[77.8343,30.0906],[77.8368,30.1036],[77.8494,30.1048],[77.8604,30.1133],[77.8812,30.1508],[77.912,30.1826],[77.9189,30.2113],[77.9321,30.2144],[77.9469,30.2341],[77.9617,30.2424],[77.9515,30.2453],[77.9415,30.2399],[77.937,30.2492],[77.894,30.2654],[77.8857,30.267],[77.8796,30.262],[77.8587,30.2715],[77.8465,30.2717],[77.8472,30.2767],[77.839,30.2746],[77.7611,30.3183],[77.747,30.3202],[77.7218,30.3303],[77.7098,30.3417],[77.6896,30.3769],[77.6861,30.3793],[77.6781,30.3757],[77.6765,30.3878],[77.6597,30.3906],[77.6572,30.4007],[77.6479,30.4047],[77.631,30.3978],[77.6244,30.4052],[77.6029,30.403],[77.6017,30.3998]]]]},"properties":{"STNAME":"UTTAR PRADESH","STCODE11":"09","STNAME_SH":"Uttar Pradesh","Shape_Length":6507259.006769181,"Shape_Area":304638874120.66943,"OBJECTID_1":29,"OBJECTID":29,"State_LGD":9,"Shape_Leng":6507259.00677,"MaxSimpTol":300,"MinSimpTol":300}},{"type":"Feature","id":30,"geometry":{"type":"MultiPolygon","coordinates":[[[[88.051,21.509],[88.0496,21.5162],[88.0449,21.5084],[88.051,21.509]]],[[[88.0612,21.5082],[88.0749,21.5171],[88.0733,21.5311],[88.0594,21.5112],[88.0612,21.5082]]],[[[88.2366,21.4869],[88.243,21.4971],[88.2428,21.505],[88.2339,21.5156],[88.2275,21.5387],[88.2156,21.5406],[88.207,21.5274],[88.2054,21.5034],[88.2276,21.4839],[88.2366,21.4869]]],[[[88.5902,21.5553],[88.5935,21.5662],[88.5855,21.5626],[88.5861,21.5551],[88.5902,21.5553]]],[[[88.3336,21.543],[88.3412,21.5576],[88.3396,21.5729],[88.3303,21.5463],[88.3336,21.543]]],[[[88.6012,21.5789],[88.6009,21.5849],[88.5949,21.5825],[88.5955,21.5778],[88.6012,21.5789]]],[[[88.0836,21.5722],[88.0827,21.5828],[88.0759,21.5882],[88.0776,21.5739],[88.0836,21.5722]]],[[[89.1304,21.5901],[89.1249,21.5915],[89.1231,21.5859],[89.1298,21.5841],[89.137,21.5884],[89.1304,21.5901]]],[[[88.0905,21.5847],[88.0834,21.5925],[88.0823,21.5871],[88.0905,21.5847]]],[[[88.3593,21.5676],[88.3534,21.5878],[88.3448,21.5931],[88.3439,21.5822],[88.3501,21.58],[88.3551,21.5676],[88.3593,21.5676]]],[[[88.0386,21.5779],[88.0279,21.5819],[88.0215,21.5938],[88.0167,21.5954],[88.016,21.5826],[87.9989,21.5483],[87.9918,21.513],[88.0012,21.5132],[88.0161,21.5321],[88.0255,21.5621],[88.0282,21.5634],[88.0369,21.5458],[88.0391,21.5654],[88.0442,21.5686],[88.0488,21.5615],[88.0494,21.5486],[88.0546,21.5505],[88.0566,21.5609],[88.0486,21.5714],[88.048,21.5811],[88.043,21.5827],[88.0386,21.5779]]],[[[88.198,21.5421],[88.2005,21.5471],[88.1895,21.5784],[88.1787,21.591],[88.1636,21.5975],[88.1614,21.5886],[88.1727,21.5534],[88.1854,21.5438],[88.198,21.5421]]],[[[88.5194,21.5864],[88.5032,21.5985],[88.4966,21.5978],[88.488,21.5803],[88.4857,21.5579],[88.4891,21.5503],[88.51,21.5325],[88.5192,21.5353],[88.5283,21.5278],[88.5434,21.5313],[88.5464,21.5366],[88.536,21.5496],[88.5321,21.562],[88.5348,21.5781],[88.5194,21.5864]]],[[[88.8378,21.605],[88.8297,21.6054],[88.827,21.5717],[88.8321,21.5708],[88.829,21.56],[88.8331,21.5535],[88.8669,21.5328],[88.8955,21.5392],[88.9044,21.5473],[88.9068,21.5561],[88.8959,21.5783],[88.8847,21.5829],[88.8813,21.5902],[88.8731,21.5945],[88.853,21.6032],[88.8378,21.605]]],[[[88.0792,21.6077],[88.0821,21.6138],[88.0774,21.6217],[88.0743,21.6133],[88.0792,21.6077]]],[[[88.3515,21.6064],[88.3503,21.622],[88.3462,21.6204],[88.3442,21.6083],[88.3457,21.604],[88.3515,21.6064]]],[[[88.7736,21.6328],[88.7757,21.6459],[88.7706,21.652],[88.7322,21.6408],[88.7303,21.6306],[88.7185,21.6358],[88.7142,21.6152],[88.7058,21.6002],[88.7121,21.5785],[88.7335,21.568],[88.7486,21.5712],[88.754,21.5641],[88.7931,21.5827],[88.7984,21.5954],[88.7851,21.5949],[88.7897,21.6046],[88.7778,21.6172],[88.7736,21.6328]]],[[[88.5846,21.6015],[88.5807,21.6123],[88.5652,21.6249],[88.5392,21.6367],[88.5278,21.6509],[88.5214,21.6516],[88.5188,21.6443],[88.5224,21.624],[88.5136,21.5988],[88.5315,21.5976],[88.532,21.5917],[88.5409,21.5883],[88.549,21.5648],[88.558,21.564],[88.5603,21.5597],[88.566,21.5631],[88.5811,21.5833],[88.5846,21.6015]]],[[[88.9608,21.6423],[88.9515,21.6739],[88.9402,21.6515],[88.9402,21.6408],[88.9693,21.6194],[88.9901,21.6197],[88.9924,21.6263],[88.9859,21.6416],[88.9608,21.6423]]],[[[88.6343,21.651],[88.6411,21.6784],[88.6332,21.675],[88.6271,21.6582],[88.6277,21.6535],[88.6343,21.651]]],[[[87.9502,21.5923],[87.9769,21.6086],[87.9901,21.623],[87.9868,21.6662],[87.9904,21.6825],[87.9859,21.687],[87.9741,21.6823],[87.9765,21.6692],[87.9631,21.6438],[87.9676,21.6332],[87.9486,21.6108],[87.9444,21.5986],[87.9447,21.5918],[87.9502,21.5923]]],[[[88.6051,21.6149],[88.6033,21.6325],[88.5821,21.6632],[88.5737,21.6887],[88.5705,21.6837],[88.5718,21.6622],[88.5608,21.6508],[88.5595,21.6413],[88.5945,21.6139],[88.6008,21.6117],[88.6051,21.6149]]],[[[87.9805,21.6919],[87.987,21.6992],[87.979,21.7025],[87.9754,21.7011],[87.9753,21.6907],[87.9805,21.6919]]],[[[87.9073,21.6867],[87.908,21.704],[87.9041,21.7013],[87.902,21.6869],[87.9036,21.6842],[87.9073,21.6867]]],[[[88.3206,21.6069],[88.3434,21.6304],[88.3493,21.6802],[88.3376,21.6978],[88.3119,21.7067],[88.309,21.7019],[88.3155,21.6797],[88.3155,21.656],[88.305,21.6211],[88.3086,21.6071],[88.3206,21.6069]]],[[[88.2057,21.6718],[88.1936,21.6842],[88.2086,21.7052],[88.2071,21.7091],[88.1819,21.6863],[88.1799,21.6713],[88.2046,21.6039],[88.2121,21.5958],[88.2124,21.617],[88.2253,21.6359],[88.2274,21.6526],[88.2251,21.666],[88.2057,21.6718]]],[[[87.9563,21.705],[87.9523,21.7118],[87.9473,21.7043],[87.9563,21.705]]],[[[88.5423,21.7012],[88.5308,21.7147],[88.5216,21.7167],[88.5207,21.7029],[88.5304,21.6561],[88.5464,21.6408],[88.5525,21.6449],[88.5568,21.6588],[88.5638,21.6631],[88.5659,21.6769],[88.5625,21.7019],[88.5423,21.7012]]],[[[88.7401,21.6577],[88.7277,21.6682],[88.7103,21.6746],[88.6996,21.6947],[88.6954,21.7171],[88.6907,21.7178],[88.6861,21.6784],[88.6929,21.6755],[88.6946,21.6692],[88.7009,21.6672],[88.7097,21.6547],[88.7159,21.657],[88.7172,21.648],[88.7262,21.6439],[88.7447,21.6506],[88.7401,21.6577]]],[[[87.9281,21.6892],[87.9405,21.713],[87.9408,21.7234],[87.9324,21.7205],[87.9232,21.7097],[87.9216,21.692],[87.9281,21.6892]]],[[[88.1835,21.6944],[88.201,21.7102],[88.2002,21.7235],[88.1829,21.706],[88.1796,21.6953],[88.1835,21.6944]]],[[[89.0067,21.6593],[89.0114,21.6641],[89.0163,21.6856],[89.0129,21.6992],[89.0046,21.703],[89.0085,21.7087],[89.0024,21.7157],[88.9755,21.724],[88.9916,21.7005],[88.9942,21.6741],[88.9912,21.6586],[89.0067,21.6593]]],[[[87.9851,21.722],[87.9884,21.7257],[87.9865,21.7302],[87.9784,21.7242],[87.9851,21.722]]],[[[87.9543,21.7313],[87.9622,21.737],[87.96,21.7399],[87.9499,21.735],[87.9475,21.7297],[87.9543,21.7313]]],[[[88.9204,21.6311],[88.9367,21.6725],[88.9369,21.7008],[88.9134,21.7154],[88.9022,21.7324],[88.882,21.7411],[88.8671,21.701],[88.8767,21.6907],[88.8916,21.6511],[88.9032,21.6453],[88.9119,21.6333],[88.9204,21.6311]]],[[[88.4063,21.7328],[88.3956,21.7422],[88.3907,21.7418],[88.3855,21.7338],[88.3706,21.7262],[88.3899,21.7259],[88.4038,21.7199],[88.4024,21.7057],[88.3827,21.6813],[88.3862,21.6322],[88.3959,21.6192],[88.3889,21.6159],[88.3862,21.6053],[88.3942,21.5895],[88.399,21.5889],[88.4074,21.5944],[88.4065,21.6075],[88.4302,21.6255],[88.4292,21.6357],[88.4095,21.6537],[88.4139,21.6675],[88.4119,21.6901],[88.4206,21.7028],[88.4134,21.7256],[88.4063,21.7328]]],[[[88.2016,21.7312],[88.2053,21.76],[88.202,21.7595],[88.1974,21.7423],[88.1981,21.7307],[88.2016,21.7312]]],[[[88.3718,21.7181],[88.3638,21.7228],[88.3595,21.7352],[88.3667,21.762],[88.3472,21.7597],[88.343,21.7537],[88.3477,21.7213],[88.3414,21.7129],[88.3419,21.7057],[88.3626,21.6866],[88.3927,21.7081],[88.3905,21.7171],[88.3718,21.7181]]],[[[88.9664,21.7407],[88.95,21.7574],[88.9272,21.7636],[88.9322,21.7404],[88.9251,21.7206],[88.9471,21.7035],[88.9524,21.6823],[88.9611,21.6693],[88.9651,21.6482],[88.9774,21.6483],[88.9902,21.6393],[88.9986,21.6118],[88.9937,21.601],[89.0201,21.5992],[89.0249,21.6058],[89.0244,21.6135],[89.014,21.652],[89.011,21.6553],[88.9985,21.6512],[88.9847,21.6593],[88.9875,21.6908],[88.9792,21.7086],[88.9659,21.723],[88.9777,21.7418],[88.9664,21.7407]]],[[[88.8375,21.7661],[88.8153,21.7529],[88.789,21.7465],[88.7916,21.7365],[88.7839,21.7326],[88.7798,21.7177],[88.768,21.7034],[88.804,21.7162],[88.8169,21.709],[88.8211,21.6672],[88.8044,21.6354],[88.8385,21.619],[88.8565,21.6417],[88.8532,21.6616],[88.8391,21.6929],[88.8393,21.7193],[88.862,21.7614],[88.8375,21.7661]]],[[[88.3845,21.7453],[88.3857,21.7603],[88.3757,21.7666],[88.3719,21.7647],[88.363,21.738],[88.3845,21.7453]]],[[[87.9427,21.7459],[87.9573,21.7565],[87.957,21.7715],[87.9451,21.7647],[87.9319,21.7444],[87.9427,21.7459]]],[[[88.3019,21.719],[88.2989,21.755],[88.2918,21.7724],[88.2884,21.7703],[88.2854,21.7347],[88.2944,21.7208],[88.3019,21.719]]],[[[87.8815,21.7453],[87.9017,21.7723],[87.8804,21.7575],[87.8764,21.7453],[87.8815,21.7453]]],[[[88.5949,21.7232],[88.614,21.733],[88.613,21.74],[88.5945,21.7487],[88.5857,21.7573],[88.5823,21.7722],[88.5758,21.7724],[88.5707,21.7638],[88.5822,21.7465],[88.5816,21.7268],[88.5949,21.7232]]],[[[88.1258,21.6736],[88.1243,21.687],[88.1351,21.6995],[88.1348,21.7065],[88.1208,21.7327],[88.1303,21.7567],[88.1234,21.7598],[88.121,21.7741],[88.1034,21.7855],[88.0915,21.7854],[88.0739,21.7771],[88.0731,21.7481],[88.0569,21.7276],[88.0532,21.7111],[88.0428,21.7067],[88.0326,21.6876],[88.0335,21.6629],[88.0411,21.659],[88.0408,21.6483],[88.0477,21.6418],[88.065,21.6358],[88.0904,21.6344],[88.1113,21.624],[88.1207,21.6238],[88.1378,21.6324],[88.1468,21.6439],[88.1368,21.6703],[88.1258,21.6736]]],[[[88.6135,21.786],[88.5959,21.785],[88.5891,21.7723],[88.5935,21.7558],[88.6192,21.7405],[88.6148,21.7249],[88.6004,21.7131],[88.609,21.7065],[88.6292,21.7354],[88.6252,21.7756],[88.6135,21.786]]],[[[88.2753,21.779],[88.2792,21.7855],[88.2677,21.7877],[88.2705,21.7801],[88.2753,21.779]]],[[[88.45,21.7914],[88.4404,21.7873],[88.4241,21.7528],[88.4275,21.7155],[88.4333,21.7006],[88.4211,21.6888],[88.4175,21.6576],[88.4384,21.6292],[88.4382,21.6185],[88.4301,21.6049],[88.4321,21.6011],[88.4386,21.6013],[88.4528,21.6111],[88.4589,21.6438],[88.4705,21.6746],[88.4514,21.7188],[88.4536,21.76],[88.458,21.7777],[88.468,21.7897],[88.4566,21.7881],[88.45,21.7914]]],[[[88.354,21.796],[88.334,21.7957],[88.3256,21.7816],[88.3143,21.7825],[88.3018,21.7774],[88.3087,21.7353],[88.3064,21.7154],[88.3143,21.7105],[88.3274,21.7072],[88.3242,21.7275],[88.3384,21.722],[88.343,21.7281],[88.3381,21.749],[88.3421,21.7609],[88.3676,21.7703],[88.3694,21.7923],[88.354,21.796]]],[[[88.1826,21.7806],[88.1818,21.7928],[88.1753,21.7989],[88.1758,21.7826],[88.1826,21.7806]]],[[[88.4243,21.7978],[88.4177,21.8077],[88.3861,21.787],[88.3818,21.7795],[88.3846,21.7698],[88.3984,21.7547],[88.4034,21.7389],[88.4202,21.7266],[88.4188,21.7662],[88.4384,21.7936],[88.4354,21.7972],[88.4243,21.7978]]],[[[88.5553,21.7615],[88.5581,21.7742],[88.5671,21.7792],[88.5677,21.7921],[88.5616,21.8034],[88.5437,21.8112],[88.5311,21.7959],[88.5198,21.7914],[88.5121,21.7798],[88.5107,21.7696],[88.5141,21.7685],[88.5073,21.7562],[88.5078,21.7472],[88.5152,21.74],[88.5199,21.7251],[88.5346,21.7295],[88.533,21.7206],[88.5487,21.7101],[88.5628,21.7086],[88.5664,21.6991],[88.5844,21.6888],[88.5906,21.6608],[88.5967,21.6576],[88.6069,21.6771],[88.607,21.685],[88.5887,21.7044],[88.5871,21.7089],[88.5921,21.7105],[88.5914,21.714],[88.5812,21.7188],[88.5673,21.7333],[88.5728,21.7475],[88.5705,21.7568],[88.5659,21.7613],[88.5553,21.7615]]],[[[89.0148,21.7781],[89.0112,21.8082],[89.0012,21.8116],[88.9958,21.8057],[88.993,21.7896],[89.0035,21.7822],[89.0028,21.7777],[88.9876,21.7818],[88.9793,21.7799],[88.9607,21.7701],[88.9561,21.7597],[88.9675,21.7468],[88.9808,21.7468],[88.977,21.7289],[89.0124,21.7141],[89.0116,21.7055],[89.018,21.7003],[89.0213,21.6881],[89.0168,21.661],[89.0322,21.659],[89.0212,21.6471],[89.0239,21.6349],[89.0314,21.6355],[89.0377,21.611],[89.0713,21.6118],[89.0766,21.6222],[89.0909,21.6331],[89.0928,21.6522],[89.0858,21.6684],[89.072,21.6756],[89.0764,21.6867],[89.0637,21.6923],[89.0743,21.7036],[89.0617,21.7212],[89.054,21.7223],[89.0502,21.7288],[89.0544,21.7368],[89.0261,21.7587],[89.0148,21.7781]]],[[[88.8208,21.764],[88.8231,21.7914],[88.8289,21.8057],[88.823,21.8225],[88.7854,21.7718],[88.7915,21.7566],[88.8091,21.7556],[88.8208,21.764]]],[[[88.4868,21.8023],[88.4986,21.8155],[88.4864,21.8355],[88.4596,21.8141],[88.4574,21.808],[88.472,21.7993],[88.4868,21.8023]]],[[[88.6079,21.7982],[88.6118,21.802],[88.6053,21.8185],[88.6145,21.8269],[88.6139,21.8308],[88.6024,21.8355],[88.6014,21.842],[88.5886,21.8487],[88.5763,21.8319],[88.5753,21.8179],[88.589,21.8017],[88.6079,21.7982]]],[[[88.5203,21.8282],[88.5262,21.8362],[88.5241,21.8452],[88.5187,21.8518],[88.5027,21.853],[88.4953,21.8423],[88.4977,21.8327],[88.5038,21.8275],[88.5203,21.8282]]],[[[88.1899,21.8338],[88.1874,21.8436],[88.1741,21.8557],[88.1802,21.8394],[88.1899,21.8338]]],[[[88.3594,21.8048],[88.35,21.8264],[88.3516,21.8539],[88.329,21.8601],[88.3157,21.8542],[88.3043,21.8306],[88.2689,21.8152],[88.2622,21.8053],[88.2631,21.7993],[88.2852,21.7899],[88.2913,21.7784],[88.2986,21.785],[88.3241,21.7848],[88.3317,21.798],[88.3382,21.8016],[88.3569,21.7973],[88.3594,21.8048]]],[[[88.8951,21.7845],[88.8796,21.8013],[88.8716,21.8519],[88.85,21.8623],[88.8449,21.8582],[88.8441,21.8114],[88.836,21.7885],[88.8665,21.7797],[88.8828,21.7524],[88.9111,21.7344],[88.9225,21.7406],[88.9232,21.7494],[88.898,21.7532],[88.8932,21.7638],[88.8951,21.7845]]],[[[88.1691,21.8622],[88.1627,21.866],[88.1636,21.8625],[88.1691,21.8622]]],[[[88.1329,21.8734],[88.124,21.8711],[88.1161,21.8536],[88.1039,21.8422],[88.0842,21.7925],[88.1115,21.7906],[88.1218,21.7829],[88.1363,21.7599],[88.1377,21.75],[88.1287,21.7383],[88.1279,21.7307],[88.1415,21.7084],[88.1422,21.6988],[88.1276,21.6809],[88.1367,21.678],[88.1491,21.6806],[88.1492,21.6926],[88.1708,21.7379],[88.1651,21.7647],[88.1659,21.8228],[88.1329,21.8734]]],[[[88.5735,21.8774],[88.5607,21.8778],[88.5569,21.8735],[88.5628,21.8601],[88.5579,21.8341],[88.5612,21.8319],[88.5737,21.8584],[88.5735,21.8774]]],[[[88.5552,21.8183],[88.5498,21.8323],[88.5575,21.8515],[88.5523,21.873],[88.5557,21.8825],[88.5471,21.8786],[88.5449,21.8526],[88.5333,21.8432],[88.5363,21.8313],[88.5487,21.8193],[88.5552,21.8183]]],[[[88.0942,21.867],[88.1037,21.8897],[88.0916,21.8937],[88.0879,21.8729],[88.0942,21.867]]],[[[88.982,21.8961],[88.9733,21.8932],[88.9762,21.8694],[88.9516,21.8456],[88.955,21.8307],[88.9707,21.8287],[88.9795,21.8179],[88.9722,21.8043],[88.9517,21.7949],[88.9514,21.7872],[88.966,21.7803],[88.9786,21.7871],[88.9949,21.8161],[89.0173,21.8182],[89.0276,21.8316],[89.0266,21.8431],[89.02,21.8503],[89.0253,21.8558],[89.0249,21.8666],[88.982,21.8961]]],[[[88.6325,21.8698],[88.6193,21.8968],[88.6022,21.8769],[88.5969,21.8585],[88.6169,21.8367],[88.6192,21.8293],[88.6139,21.8154],[88.6209,21.8021],[88.6251,21.7958],[88.641,21.789],[88.6449,21.793],[88.6439,21.8106],[88.6534,21.8685],[88.6325,21.8698]]],[[[88.573,21.8848],[88.5725,21.8969],[88.5659,21.8971],[88.5591,21.8841],[88.573,21.8848]]],[[[88.8375,21.8778],[88.8374,21.891],[88.8328,21.8971],[88.8174,21.9006],[88.8059,21.873],[88.8195,21.8744],[88.8316,21.8699],[88.8375,21.8778]]],[[[88.7773,21.8688],[88.76,21.8787],[88.7426,21.896],[88.7159,21.9045],[88.7042,21.8698],[88.6958,21.8596],[88.696,21.8542],[88.7024,21.8529],[88.6965,21.8433],[88.6975,21.8368],[88.7141,21.8136],[88.7118,21.7932],[88.7039,21.7687],[88.6911,21.7508],[88.7095,21.6948],[88.7464,21.6621],[88.7515,21.6621],[88.7532,21.6671],[88.7672,21.6661],[88.7824,21.6591],[88.7892,21.6668],[88.7892,21.6537],[88.7948,21.6528],[88.804,21.6542],[88.8086,21.6685],[88.8038,21.7028],[88.7997,21.7053],[88.7811,21.7014],[88.7606,21.6895],[88.7548,21.7121],[88.7698,21.7231],[88.7488,21.7376],[88.753,21.7627],[88.7449,21.77],[88.7451,21.776],[88.7674,21.7984],[88.7711,21.8089],[88.7723,21.7965],[88.7566,21.7735],[88.7656,21.7681],[88.7568,21.7436],[88.7681,21.7355],[88.7807,21.7378],[88.7844,21.7571],[88.7794,21.7631],[88.7799,21.7709],[88.7925,21.7901],[88.7926,21.8001],[88.8153,21.8189],[88.8167,21.8352],[88.8263,21.8611],[88.8209,21.8685],[88.7955,21.8689],[88.7899,21.865],[88.7841,21.8729],[88.7773,21.8688]]],[[[88.4897,21.8476],[88.4813,21.8794],[88.4722,21.8918],[88.4516,21.8998],[88.4438,21.907],[88.4204,21.9005],[88.4153,21.8903],[88.3996,21.8766],[88.4009,21.8626],[88.3945,21.8499],[88.3932,21.8266],[88.3989,21.8065],[88.4194,21.8136],[88.4304,21.8032],[88.4569,21.7969],[88.4461,21.8077],[88.4455,21.8131],[88.453,21.8254],[88.4653,21.8307],[88.4623,21.8449],[88.4828,21.8397],[88.4897,21.8476]]],[[[88.4848,21.8966],[88.4914,21.9036],[88.4884,21.9079],[88.4766,21.8999],[88.4848,21.8966]]],[[[88.1107,21.9009],[88.1036,21.9083],[88.0951,21.9057],[88.0993,21.8992],[88.1107,21.9009]]],[[[88.6384,21.9222],[88.6265,21.9062],[88.6263,21.8987],[88.6385,21.8768],[88.6516,21.8775],[88.6655,21.9007],[88.6674,21.9134],[88.6485,21.9219],[88.6384,21.9222]]],[[[88.7374,21.9227],[88.726,21.9292],[88.7154,21.9217],[88.727,21.9086],[88.745,21.9026],[88.7564,21.8892],[88.7759,21.8771],[88.7894,21.8831],[88.7956,21.8789],[88.81,21.8975],[88.8096,21.913],[88.8033,21.916],[88.7937,21.913],[88.7917,21.9211],[88.7626,21.9282],[88.7374,21.9227]]],[[[88.1301,21.9001],[88.1399,21.9113],[88.1415,21.9206],[88.1221,21.9328],[88.1148,21.931],[88.1118,21.9174],[88.1214,21.9006],[88.1301,21.9001]]],[[[88.9435,21.9149],[88.9153,21.933],[88.8942,21.9147],[88.8828,21.9135],[88.8506,21.9147],[88.8253,21.9305],[88.8212,21.9278],[88.8227,21.918],[88.8438,21.903],[88.8538,21.8894],[88.8607,21.8702],[88.8668,21.8692],[88.8636,21.8591],[88.8743,21.8556],[88.8828,21.8409],[88.8918,21.8353],[88.8866,21.8292],[88.8872,21.8172],[88.8916,21.8156],[88.8865,21.8063],[88.9004,21.7885],[88.9007,21.7622],[88.9084,21.7573],[88.9193,21.7684],[88.9486,21.7691],[88.9505,21.7764],[88.9425,21.7847],[88.9429,21.7976],[88.948,21.8031],[88.9655,21.8065],[88.9704,21.8142],[88.9688,21.8239],[88.9477,21.8275],[88.9428,21.8386],[88.9503,21.8561],[88.9685,21.8714],[88.9708,21.9065],[88.9592,21.9072],[88.9435,21.9149]]],[[[88.5198,21.9215],[88.5194,21.9359],[88.5153,21.9373],[88.512,21.9284],[88.5142,21.9184],[88.5198,21.9215]]],[[[88.7746,21.9448],[88.7499,21.9587],[88.7471,21.9782],[88.7331,21.9822],[88.7277,21.9799],[88.7252,21.9516],[88.7294,21.9393],[88.742,21.9318],[88.7582,21.935],[88.781,21.9317],[88.7922,21.925],[88.8026,21.9306],[88.802,21.9374],[88.7889,21.943],[88.787,21.9482],[88.7746,21.9448]]],[[[88.1009,21.9705],[88.1279,21.9933],[88.1367,22.0083],[88.1342,22.0162],[88.1194,22.0152],[88.0968,22.0003],[88.0893,21.9878],[88.0884,21.9738],[88.1009,21.9705]]],[[[89.4964,25.9353],[89.4911,25.9349],[89.4884,25.9293],[89.4964,25.9353]]],[[[89.5086,25.9472],[89.5022,25.9597],[89.4946,25.9547],[89.5086,25.9472]]],[[[89.5986,25.9514],[89.5971,25.9591],[89.5861,25.9624],[89.5803,25.9543],[89.5669,25.9522],[89.5647,25.9481],[89.5745,25.9478],[89.573,25.9386],[89.5766,25.9325],[89.5866,25.9464],[89.5882,25.9354],[89.6045,25.9426],[89.6067,25.951],[89.6001,25.9484],[89.5986,25.9514]]],[[[89.6174,26.1246],[89.6152,26.1275],[89.6159,26.1229],[89.6174,26.1246]]],[[[89.6114,26.1282],[89.6096,26.1311],[89.6056,26.1306],[89.6114,26.1282]]],[[[89.6234,26.1514],[89.6207,26.1542],[89.624,26.148],[89.6234,26.1514]]],[[[89.6651,26.1686],[89.6604,26.1681],[89.6642,26.1659],[89.6651,26.1686]]],[[[88.9757,26.1937],[88.9735,26.1986],[88.9724,26.1957],[88.9757,26.1937]]],[[[88.9503,26.2019],[88.951,26.2031],[88.9488,26.2032],[88.9503,26.2019]]],[[[88.9614,26.2014],[88.9622,26.2049],[88.9577,26.2048],[88.9614,26.2014]]],[[[88.9647,26.2148],[88.9542,26.2134],[88.9599,26.2127],[88.9647,26.2148]]],[[[89.0553,26.2428],[89.0542,26.2439],[89.0541,26.2429],[89.0553,26.2428]]],[[[89.0572,26.2429],[89.0576,26.2436],[89.0568,26.2439],[89.0572,26.2429]]],[[[89.0857,26.2494],[89.0743,26.2504],[89.0742,26.2483],[89.0857,26.2494]]],[[[89.0735,26.2788],[89.0697,26.2829],[89.0711,26.2781],[89.0735,26.2788]]],[[[89.0803,26.2926],[89.0756,26.296],[89.0765,26.2925],[89.0803,26.2926]]],[[[89.0139,26.3012],[89.0131,26.3028],[89.0126,26.3015],[89.0139,26.3012]]],[[[89.0597,26.3042],[89.0552,26.3056],[89.0539,26.3006],[89.0591,26.2951],[89.0688,26.298],[89.0679,26.3045],[89.0597,26.3042]]],[[[89.0694,26.3052],[89.0702,26.3083],[89.0685,26.3081],[89.0694,26.3052]]],[[[89.0537,26.3099],[89.0484,26.3058],[89.053,26.3062],[89.0537,26.3099]]],[[[89.0686,26.3107],[89.0647,26.3129],[89.0648,26.3091],[89.0686,26.3107]]],[[[89.0205,26.3171],[89.0164,26.3165],[89.0172,26.311],[89.0205,26.3171]]],[[[89.034,26.318],[89.0353,26.3209],[89.0273,26.3189],[89.034,26.318]]],[[[89.0011,26.3171],[88.9979,26.3224],[88.9974,26.3184],[89.0011,26.3171]]],[[[89.0748,26.3234],[89.057,26.3253],[89.0549,26.3223],[89.0698,26.3132],[89.0707,26.3167],[89.0794,26.3183],[89.0784,26.3243],[89.0748,26.3234]]],[[[89.0082,26.3257],[89.0057,26.3298],[89.0057,26.3247],[89.0082,26.3257]]],[[[88.2742,26.3308],[88.2757,26.3324],[88.2745,26.332],[88.2742,26.3308]]],[[[89.0129,26.3387],[89.0054,26.3389],[89.0115,26.3376],[89.0108,26.331],[89.018,26.3332],[89.0129,26.3387]]],[[[88.9966,26.3445],[88.9904,26.3431],[88.9976,26.3415],[88.9966,26.3445]]],[[[88.986,26.3568],[88.9806,26.3548],[88.9861,26.3548],[88.986,26.3568]]],[[[89.0761,26.3657],[89.076,26.3677],[89.0745,26.3669],[89.0761,26.3657]]],[[[89.0527,26.3723],[89.0518,26.3682],[89.053,26.3681],[89.0527,26.3723]]],[[[89.0501,26.3727],[89.0479,26.3763],[89.0477,26.373],[89.0501,26.3727]]],[[[88.9319,26.3764],[88.9212,26.3742],[88.932,26.3664],[88.9354,26.3688],[88.9319,26.3764]]],[[[89.0543,26.3728],[89.0545,26.3761],[89.0532,26.3781],[89.0543,26.3728]]],[[[89.0799,26.389],[89.0783,26.3897],[89.0789,26.3887],[89.0799,26.389]]],[[[88.9846,26.3909],[88.9832,26.3958],[88.9819,26.392],[88.9846,26.3909]]],[[[89.017,26.4061],[89.0148,26.4091],[89.0119,26.4052],[89.017,26.4061]]],[[[88.9907,26.406],[88.992,26.4124],[88.9863,26.4137],[88.9907,26.406]]],[[[88.9676,26.4088],[88.9685,26.4126],[88.9655,26.4144],[88.9676,26.4088]]],[[[88.9826,26.4161],[88.9781,26.4184],[88.9713,26.4122],[88.9749,26.4057],[88.9825,26.403],[88.9826,26.4161]]],[[[88.9696,26.4207],[88.9655,26.4216],[88.9661,26.418],[88.9735,26.418],[88.9696,26.4207]]],[[[88.955,26.4171],[88.9567,26.4222],[88.9499,26.4268],[88.9433,26.4069],[88.9495,26.4011],[88.954,26.4019],[88.9507,26.4159],[88.955,26.4171]]],[[[88.9677,26.4292],[88.9684,26.4336],[88.965,26.4317],[88.9677,26.4292]]],[[[88.9775,26.444],[88.9761,26.4422],[88.9779,26.4409],[88.9775,26.444]]],[[[88.065,27.2133],[88.0324,27.2211],[88.0148,27.2117],[88.0135,27.1797],[88.0194,27.1702],[88.0122,27.1632],[88.0089,27.141],[87.9936,27.13],[87.9917,27.1083],[87.9959,27.1033],[88.0071,27.1016],[88.0218,27.0869],[88.0176,27.0745],[88.0398,27.0354],[88.0453,27.0367],[88.0606,27.0299],[88.0799,27.0343],[88.0911,27.0062],[88.1151,26.9873],[88.1331,26.9823],[88.1231,26.9676],[88.121,26.9505],[88.1438,26.9212],[88.1384,26.8975],[88.1715,26.8667],[88.1726,26.8536],[88.1661,26.8487],[88.174,26.8329],[88.17,26.8261],[88.1798,26.8146],[88.1784,26.8002],[88.1871,26.7714],[88.1814,26.7199],[88.1669,26.6994],[88.1602,26.6368],[88.1418,26.6246],[88.1385,26.6056],[88.1301,26.6008],[88.1302,26.5733],[88.1255,26.5775],[88.124,26.572],[88.1181,26.5749],[88.1188,26.5681],[88.1128,26.5723],[88.1115,26.5645],[88.1149,26.5652],[88.1107,26.5615],[88.1138,26.5588],[88.1097,26.5566],[88.1056,26.5604],[88.1054,26.5511],[88.1134,26.5484],[88.115,26.5413],[88.1202,26.5407],[88.1349,26.5235],[88.146,26.5222],[88.1503,26.5319],[88.1563,26.5301],[88.1665,26.5356],[88.1685,26.5535],[88.179,26.5449],[88.1816,26.554],[88.1892,26.5596],[88.2184,26.5534],[88.212,26.5543],[88.2204,26.5564],[88.2211,26.5611],[88.2145,26.5672],[88.2158,26.5733],[88.2328,26.571],[88.2354,26.5448],[88.2127,26.5327],[88.2083,26.5243],[88.1965,26.5214],[88.1903,26.5121],[88.1834,26.5096],[88.1826,26.5042],[88.1885,26.4953],[88.1944,26.4953],[88.1983,26.4848],[88.2139,26.4831],[88.2206,26.4865],[88.2196,26.4932],[88.2276,26.492],[88.2294,26.4849],[88.2257,26.4801],[88.217,26.4809],[88.2152,26.4772],[88.2243,26.4742],[88.2347,26.4599],[88.242,26.4567],[88.2509,26.4331],[88.2631,26.4293],[88.263,26.4228],[88.2734,26.419],[88.2614,26.4199],[88.2442,26.3985],[88.2373,26.3962],[88.2341,26.3918],[88.2383,26.3809],[88.2521,26.374],[88.2652,26.3812],[88.2683,26.3778],[88.2833,26.378],[88.2874,26.358],[88.2962,26.3593],[88.2961,26.353],[88.3004,26.35],[88.2855,26.3475],[88.2864,26.3318],[88.2782,26.3256],[88.2649,26.3349],[88.2628,26.331],[88.2532,26.3344],[88.2491,26.3266],[88.2541,26.3258],[88.2492,26.3204],[88.2503,26.3114],[88.2448,26.3094],[88.241,26.3006],[88.2311,26.3012],[88.2321,26.2925],[88.2277,26.2849],[88.2167,26.28],[88.2136,26.2741],[88.2051,26.2776],[88.1998,26.2699],[88.1857,26.2709],[88.1766,26.2541],[88.1702,26.2562],[88.1645,26.2529],[88.1576,26.256],[88.1551,26.2508],[88.146,26.2502],[88.1385,26.2406],[88.1419,26.2264],[88.1298,26.2248],[88.1267,26.228],[88.1164,26.2238],[88.1178,26.2192],[88.1062,26.2137],[88.1021,26.2058],[88.0927,26.2029],[88.0903,26.1918],[88.0785,26.187],[88.0787,26.1807],[88.0732,26.1752],[88.0667,26.1775],[88.0585,26.1708],[88.0503,26.1725],[88.0492,26.177],[88.0348,26.1792],[88.0322,26.1705],[88.0278,26.1706],[88.0199,26.1608],[88.0092,26.1604],[88.0141,26.151],[88.0105,26.1454],[88.0058,26.1468],[87.9983,26.1397],[87.9925,26.1511],[87.9855,26.1426],[87.9751,26.1431],[87.9739,26.1406],[87.9806,26.139],[87.9819,26.1274],[87.9689,26.1193],[87.9713,26.1165],[87.9854,26.1175],[87.9888,26.1052],[87.9642,26.095],[87.981,26.0848],[87.9846,26.0802],[87.9823,26.0727],[87.9536,26.0753],[87.9513,26.0706],[87.9556,26.0699],[87.9488,26.0601],[87.9351,26.0642],[87.9366,26.0692],[87.9299,26.0715],[87.931,26.0823],[87.9266,26.0839],[87.919,26.0766],[87.9137,26.0781],[87.9064,26.0744],[87.9012,26.0649],[87.8973,26.0669],[87.8936,26.064],[87.8903,26.0589],[87.8929,26.0527],[87.8862,26.0434],[87.8797,26.0393],[87.8733,26.0414],[87.8647,26.0344],[87.8554,26.0351],[87.8568,26.0247],[87.8515,26.0155],[87.8545,26.0111],[87.8457,25.9822],[87.8481,25.9696],[87.8466,25.9636],[87.8374,25.96],[87.8389,25.9541],[87.8345,25.9463],[87.8407,25.9406],[87.8372,25.9362],[87.8396,25.9339],[87.8344,25.9303],[87.8209,25.9362],[87.8143,25.9316],[87.8106,25.9214],[87.8146,25.9161],[87.8093,25.9127],[87.8154,25.9091],[87.8187,25.9124],[87.8255,25.9111],[87.8223,25.8997],[87.8296,25.8927],[87.8246,25.8816],[87.8307,25.8709],[87.8496,25.8694],[87.8578,25.8648],[87.8747,25.8682],[87.8758,25.8605],[87.883,25.8594],[87.8923,25.8658],[87.9022,25.8611],[87.9015,25.8574],[87.9157,25.8534],[87.9042,25.8429],[87.9093,25.8402],[87.8987,25.838],[87.9034,25.8331],[87.8934,25.8365],[87.8892,25.8298],[87.8955,25.8272],[87.8981,25.8321],[87.9057,25.8306],[87.9003,25.8232],[87.9177,25.8162],[87.9161,25.8114],[87.9108,25.815],[87.908,25.8117],[87.9042,25.8136],[87.9001,25.8071],[87.9103,25.8037],[87.9053,25.8026],[87.9099,25.7809],[87.9061,25.7821],[87.9044,25.7725],[87.9096,25.77],[87.9085,25.7744],[87.9258,25.777],[87.9369,25.7685],[87.9351,25.7734],[87.942,25.7743],[87.9456,25.7603],[87.9504,25.7583],[87.9472,25.7512],[87.9502,25.7532],[87.9514,25.7469],[87.9683,25.7343],[87.9679,25.7261],[87.9839,25.7206],[87.9915,25.7266],[88.0006,25.7229],[88.0022,25.7161],[88.0215,25.7103],[88.021,25.6964],[88.0323,25.7043],[88.0441,25.7003],[88.0497,25.7022],[88.0553,25.6915],[88.0487,25.682],[88.0512,25.6654],[88.047,25.6612],[88.0507,25.6543],[88.038,25.6537],[88.036,25.6488],[88.0453,25.6423],[88.0552,25.6448],[88.0478,25.6388],[88.0397,25.6393],[88.0344,25.6306],[88.0428,25.6185],[88.0379,25.6156],[88.0437,25.6104],[88.0309,25.6073],[88.0397,25.6009],[88.0266,25.6032],[88.0216,25.5962],[88.0245,25.5826],[88.0352,25.5811],[88.0209,25.5705],[88.0316,25.5665],[88.0362,25.5751],[88.0402,25.5737],[88.0287,25.5614],[88.0314,25.5541],[88.0522,25.5492],[88.0542,25.5412],[88.065,25.532],[88.0597,25.5264],[88.0694,25.5261],[88.0654,25.5232],[88.0718,25.5146],[88.0665,25.5096],[88.077,25.5068],[88.0719,25.5041],[88.0732,25.4837],[88.0653,25.4894],[88.0537,25.49],[88.0504,25.4856],[88.0306,25.4907],[88.0196,25.5012],[88.0135,25.5141],[88.002,25.5144],[88.0076,25.4964],[88.0001,25.4982],[87.9848,25.5256],[87.9741,25.5257],[87.9662,25.5363],[87.9592,25.5387],[87.9548,25.536],[87.9464,25.5379],[87.9445,25.5345],[87.9271,25.539],[87.924,25.5345],[87.9157,25.5338],[87.9172,25.5284],[87.9127,25.5273],[87.9059,25.5123],[87.9085,25.5091],[87.9027,25.5048],[87.8972,25.504],[87.8968,25.5101],[87.884,25.5206],[87.8854,25.5093],[87.8661,25.497],[87.8636,25.4794],[87.8688,25.4695],[87.8643,25.4644],[87.8595,25.4713],[87.8551,25.4715],[87.8535,25.4672],[87.8392,25.468],[87.839,25.4616],[87.8306,25.4619],[87.8303,25.4489],[87.8214,25.4359],[87.8143,25.435],[87.8027,25.4441],[87.787,25.4493],[87.7852,25.4372],[87.7805,25.4307],[87.7734,25.4288],[87.7786,25.4104],[87.7666,25.4151],[87.7705,25.4051],[87.7649,25.3839],[87.7761,25.3769],[87.7895,25.3769],[87.7842,25.3401],[87.7928,25.3296],[87.8084,25.3276],[87.8276,25.3117],[87.8471,25.3044],[87.8534,25.29],[87.8452,25.2736],[87.8466,25.2646],[87.8343,25.2587],[87.8295,25.2492],[87.8185,25.242],[87.7885,25.2584],[87.7628,25.2656],[87.7114,25.2577],[87.7787,25.2505],[87.7728,25.2072],[87.7817,25.1769],[87.7792,25.1436],[87.8007,25.1178],[87.8016,25.1043],[87.7957,25.0873],[87.8767,25.0344],[87.9056,25.0036],[87.9228,25.0006],[87.9399,24.9914],[87.9575,24.9711],[87.9623,24.9378],[87.961,24.9219],[87.9524,24.9081],[87.9153,24.883],[87.8967,24.8571],[87.8908,24.8552],[87.8997,24.8444],[87.8967,24.8297],[87.9016,24.8275],[87.9003,24.823],[87.891,24.826],[87.8862,24.8229],[87.8854,24.8269],[87.8828,24.8225],[87.8832,24.8288],[87.8774,24.8213],[87.87,24.8262],[87.8754,24.8173],[87.8748,24.8068],[87.8803,24.805],[87.8816,24.799],[87.8785,24.7904],[87.873,24.795],[87.8686,24.789],[87.8686,24.7743],[87.8622,24.7729],[87.861,24.7664],[87.8543,24.7618],[87.8434,24.7694],[87.8366,24.7659],[87.836,24.7777],[87.8396,24.7767],[87.8413,24.7836],[87.8409,24.7892],[87.8361,24.7899],[87.8321,24.7866],[87.8298,24.7696],[87.8228,24.7701],[87.8177,24.7609],[87.819,24.7539],[87.8293,24.7533],[87.8427,24.7403],[87.8746,24.7326],[87.8787,24.7418],[87.8827,24.7413],[87.8901,24.7249],[87.9078,24.7213],[87.9071,24.7136],[87.9031,24.7138],[87.8995,24.7055],[87.9026,24.7056],[87.8984,24.6872],[87.8886,24.6792],[87.8919,24.6742],[87.9171,24.6658],[87.9157,24.6564],[87.9115,24.6546],[87.9142,24.6371],[87.9058,24.6314],[87.9057,24.6148],[87.8914,24.6134],[87.8778,24.6182],[87.8752,24.6138],[87.8919,24.6064],[87.8913,24.6115],[87.9115,24.6103],[87.9135,24.5968],[87.9088,24.5858],[87.9008,24.5862],[87.8925,24.5814],[87.8919,24.5656],[87.8688,24.5643],[87.8653,24.5568],[87.8522,24.5607],[87.852,24.5539],[87.841,24.5588],[87.827,24.5582],[87.8268,24.569],[87.8123,24.5788],[87.792,24.584],[87.7717,24.5837],[87.7706,24.5708],[87.7781,24.5742],[87.7914,24.5721],[87.8026,24.562],[87.8088,24.5475],[87.8054,24.5425],[87.7994,24.5438],[87.7991,24.5258],[87.8037,24.518],[87.798,24.5092],[87.8028,24.5093],[87.8034,24.5057],[87.7942,24.5013],[87.8011,24.4935],[87.8063,24.5006],[87.8044,24.5111],[87.8098,24.5142],[87.8164,24.5006],[87.8122,24.4989],[87.8115,24.4922],[87.8227,24.4946],[87.824,24.5002],[87.8283,24.4986],[87.827,24.4885],[87.8165,24.4897],[87.8107,24.4771],[87.8226,24.471],[87.8238,24.4584],[87.8192,24.4574],[87.8198,24.4543],[87.8034,24.4543],[87.8002,24.4461],[87.804,24.4412],[87.7949,24.4365],[87.7956,24.422],[87.7895,24.4204],[87.7887,24.415],[87.7996,24.4122],[87.7999,24.4091],[87.8064,24.4201],[87.8123,24.4142],[87.8097,24.4054],[87.7942,24.3997],[87.8013,24.3832],[87.7932,24.3822],[87.787,24.3637],[87.7645,24.3398],[87.7628,24.3304],[87.7694,24.3282],[87.7707,24.3224],[87.7631,24.3215],[87.7615,24.3083],[87.7547,24.3098],[87.7465,24.2985],[87.7301,24.2885],[87.7132,24.2939],[87.706,24.2604],[87.7001,24.2628],[87.6911,24.2586],[87.6847,24.2463],[87.6621,24.2453],[87.6624,24.2379],[87.6583,24.236],[87.6469,24.252],[87.6388,24.2548],[87.6415,24.2473],[87.6359,24.2418],[87.6462,24.2302],[87.6384,24.2147],[87.6558,24.2076],[87.6744,24.2076],[87.6769,24.1946],[87.6984,24.1873],[87.7021,24.1745],[87.6951,24.1492],[87.688,24.1512],[87.6844,24.1429],[87.6728,24.1419],[87.6755,24.1513],[87.6667,24.1532],[87.6644,24.1574],[87.6532,24.1585],[87.6419,24.1528],[87.6307,24.1642],[87.6081,24.166],[87.606,24.1604],[87.5887,24.1603],[87.5852,24.1639],[87.58,24.1592],[87.5758,24.161],[87.5782,24.1554],[87.6102,24.1324],[87.602,24.1268],[87.5852,24.1242],[87.5833,24.1141],[87.5744,24.1119],[87.5747,24.0993],[87.5809,24.0876],[87.5721,24.0895],[87.5588,24.0814],[87.5542,24.0883],[87.543,24.0858],[87.534,24.0972],[87.5319,24.1073],[87.5235,24.1055],[87.5212,24.113],[87.511,24.1108],[87.4975,24.1179],[87.4955,24.1124],[87.5003,24.1017],[87.4896,24.0903],[87.5111,24.0829],[87.5009,24.0728],[87.4927,24.077],[87.4905,24.0709],[87.4973,24.0634],[87.4933,24.0541],[87.51,24.0475],[87.512,24.0361],[87.5019,24.0287],[87.5024,24.0247],[87.4971,24.0254],[87.4906,24.0178],[87.4763,24.012],[87.4727,24.016],[87.4613,24.013],[87.4599,24.0188],[87.4379,24.013],[87.4382,24.009],[87.4486,24.0113],[87.4491,24.0082],[87.4438,24.0068],[87.4451,24.002],[87.4607,23.9964],[87.46,23.9842],[87.4497,23.9888],[87.4395,23.9818],[87.429,23.9868],[87.4273,23.9929],[87.3804,24.004],[87.3606,24.0128],[87.3514,23.9985],[87.3292,23.9987],[87.3191,24.0079],[87.3265,24.0177],[87.3362,24.0209],[87.3361,24.0258],[87.3395,24.0261],[87.337,24.034],[87.2916,24.0331],[87.2882,24.0285],[87.2454,24.0451],[87.2344,24.0325],[87.2337,24.0245],[87.2456,24.0159],[87.2409,24.0119],[87.2477,23.9987],[87.2526,23.9968],[87.2628,24.0036],[87.2679,23.9891],[87.2665,23.982],[87.2619,23.9813],[87.2624,23.9673],[87.2929,23.9591],[87.2912,23.9434],[87.2846,23.9382],[87.2846,23.9219],[87.2953,23.9021],[87.2695,23.8744],[87.259,23.8817],[87.262,23.8839],[87.2578,23.8981],[87.2527,23.8997],[87.2586,23.9026],[87.2578,23.9085],[87.2518,23.9128],[87.2462,23.9088],[87.241,23.8704],[87.2486,23.8686],[87.2441,23.8572],[87.2558,23.8439],[87.2407,23.8258],[87.2283,23.8254],[87.2174,23.8299],[87.2235,23.8457],[87.2304,23.8457],[87.2377,23.8548],[87.2339,23.8565],[87.221,23.8604],[87.2204,23.8533],[87.2144,23.8508],[87.2058,23.8565],[87.2032,23.8478],[87.1971,23.8501],[87.1894,23.8424],[87.1876,23.8486],[87.1967,23.8579],[87.1878,23.8595],[87.1809,23.8529],[87.1649,23.8651],[87.1294,23.8689],[87.13,23.8536],[87.1394,23.8482],[87.154,23.8293],[87.159,23.8314],[87.1673,23.8251],[87.1496,23.7967],[87.1402,23.805],[87.1225,23.7962],[87.1106,23.7999],[87.1121,23.8048],[87.1187,23.8039],[87.1149,23.808],[87.1031,23.8044],[87.0916,23.8155],[87.0867,23.8089],[87.082,23.8096],[87.0535,23.8227],[87.0379,23.8392],[86.9863,23.8596],[86.9739,23.8689],[86.9642,23.8638],[86.9627,23.8494],[86.9469,23.8461],[86.9357,23.8522],[86.9325,23.8685],[86.9157,23.8832],[86.8935,23.8771],[86.8813,23.8631],[86.8888,23.8586],[86.8886,23.8436],[86.8945,23.835],[86.8898,23.8197],[86.8803,23.8293],[86.8799,23.8453],[86.8747,23.8476],[86.8633,23.8445],[86.8612,23.8345],[86.8524,23.825],[86.8385,23.8241],[86.8267,23.8142],[86.814,23.8184],[86.8147,23.8309],[86.8054,23.8375],[86.7993,23.8317],[86.8103,23.8219],[86.8041,23.8015],[86.826,23.7769],[86.8283,23.7533],[86.8117,23.7451],[86.8079,23.7235],[86.799,23.7047],[86.7991,23.6999],[86.8048,23.6965],[86.7993,23.689],[86.7712,23.6809],[86.7479,23.679],[86.7396,23.6945],[86.713,23.6986],[86.6826,23.6884],[86.6598,23.6867],[86.6294,23.6759],[86.5983,23.6739],[86.5991,23.6657],[86.5745,23.6476],[86.5288,23.6299],[86.4906,23.6377],[86.4618,23.6298],[86.4549,23.6192],[86.4464,23.6175],[86.4472,23.598],[86.4356,23.5981],[86.4209,23.5897],[86.4137,23.576],[86.3974,23.5787],[86.3878,23.5741],[86.3885,23.5602],[86.3681,23.5408],[86.3651,23.5311],[86.3678,23.5276],[86.3646,23.522],[86.3754,23.5091],[86.3644,23.5016],[86.3617,23.4853],[86.3658,23.4803],[86.3785,23.4853],[86.3793,23.4738],[86.3636,23.4715],[86.3569,23.4609],[86.36,23.4522],[86.3498,23.4516],[86.3489,23.4404],[86.3367,23.4404],[86.3338,23.4473],[86.3057,23.4351],[86.3108,23.4264],[86.3177,23.4268],[86.3171,23.4162],[86.3101,23.4118],[86.2902,23.4182],[86.2886,23.4295],[86.2719,23.4276],[86.2641,23.4308],[86.2524,23.4272],[86.261,23.4178],[86.2593,23.4133],[86.2475,23.4117],[86.246,23.4231],[86.2348,23.4213],[86.2304,23.431],[86.2357,23.444],[86.2474,23.4564],[86.246,23.4597],[86.2329,23.4623],[86.2288,23.4434],[86.207,23.4503],[86.2059,23.4544],[86.198,23.4533],[86.1926,23.4601],[86.1885,23.4612],[86.1874,23.4578],[86.1803,23.4609],[86.1823,23.4674],[86.1771,23.4698],[86.1485,23.4654],[86.1489,23.4744],[86.1546,23.4768],[86.1505,23.483],[86.1583,23.4925],[86.1605,23.5083],[86.148,23.5197],[86.1571,23.5342],[86.1578,23.5413],[86.1516,23.5481],[86.1586,23.5595],[86.1434,23.5635],[86.1396,23.5592],[86.1365,23.5623],[86.1313,23.5589],[86.1271,23.5655],[86.1306,23.567],[86.1261,23.5698],[86.1201,23.5662],[86.0988,23.5667],[86.0944,23.5631],[86.081,23.5657],[86.0725,23.5694],[86.0777,23.5792],[86.0652,23.5792],[86.0518,23.5863],[86.042,23.5862],[86.0398,23.575],[86.0315,23.5731],[86.0247,23.5618],[86.0186,23.5597],[86.0168,23.5475],[86.0282,23.5428],[86.0237,23.5374],[86.0337,23.518],[86.0397,23.5149],[86.0388,23.4979],[86.0587,23.4945],[86.0541,23.4869],[86.0091,23.4845],[85.9773,23.4767],[85.9619,23.4768],[85.9503,23.4709],[85.9331,23.4733],[85.9091,23.4843],[85.8858,23.4822],[85.8867,23.4848],[85.8759,23.4807],[85.8631,23.4625],[85.8636,23.4316],[85.8845,23.43],[85.8872,23.4254],[85.8804,23.4218],[85.8914,23.4102],[85.8861,23.405],[85.8984,23.4058],[85.9026,23.3985],[85.8999,23.3936],[85.8883,23.3972],[85.8698,23.3889],[85.8781,23.3819],[85.8745,23.3768],[85.8749,23.3606],[85.8836,23.3504],[85.8657,23.3414],[85.8686,23.3304],[85.8515,23.3173],[85.8472,23.3093],[85.8383,23.3061],[85.8197,23.2685],[85.8235,23.2595],[85.838,23.247],[85.8368,23.2202],[85.8643,23.222],[85.8825,23.1984],[85.8817,23.1693],[85.8942,23.1553],[85.9098,23.1536],[85.9218,23.1451],[85.9287,23.1515],[85.9511,23.1521],[85.9581,23.1609],[86.0026,23.149],[86.0128,23.1483],[86.0176,23.1553],[86.0237,23.1445],[86.0437,23.1449],[86.0548,23.1239],[86.0492,23.1061],[86.075,23.0946],[86.0895,23.0952],[86.0903,23.0896],[86.0981,23.0854],[86.1258,23.0871],[86.1327,23.0841],[86.1365,23.0772],[86.1461,23.0753],[86.1416,23.0573],[86.1576,23.048],[86.1575,23.0305],[86.1623,23.0289],[86.1674,23.0332],[86.1698,23.0231],[86.1789,23.0217],[86.1855,23.0052],[86.2075,23.0082],[86.2065,23.0004],[86.223,22.9948],[86.265,23.0002],[86.2782,23.0092],[86.2932,23.0139],[86.2984,23.0109],[86.3046,23.0168],[86.304,23.0101],[86.3261,22.9949],[86.3379,22.9906],[86.3441,22.9978],[86.3548,22.9942],[86.3543,22.9995],[86.3768,22.9985],[86.3858,22.996],[86.3939,22.981],[86.4157,22.9909],[86.4191,23.0006],[86.4424,22.9932],[86.4468,22.9881],[86.5014,22.9947],[86.5025,22.9876],[86.5133,22.9776],[86.5075,22.9729],[86.5189,22.9706],[86.5264,22.9728],[86.524,22.9768],[86.5286,22.9805],[86.5476,22.9887],[86.5492,22.9784],[86.5448,22.966],[86.5315,22.9648],[86.5311,22.9543],[86.5255,22.9473],[86.5116,22.9471],[86.5029,22.9515],[86.5007,22.9455],[86.4953,22.9476],[86.489,22.9377],[86.4766,22.9519],[86.465,22.9449],[86.4628,22.937],[86.4358,22.9259],[86.4529,22.9036],[86.4673,22.9009],[86.4533,22.8861],[86.4557,22.8805],[86.4509,22.8624],[86.4348,22.8607],[86.4329,22.8533],[86.4387,22.8313],[86.4224,22.8108],[86.4251,22.8],[86.4194,22.791],[86.4325,22.775],[86.4442,22.7717],[86.4514,22.7635],[86.4601,22.7634],[86.4695,22.7541],[86.4822,22.7294],[86.4936,22.7266],[86.5106,22.7048],[86.514,22.7185],[86.548,22.7209],[86.5713,22.6999],[86.6193,22.6785],[86.6284,22.6673],[86.635,22.6656],[86.6414,22.6577],[86.6331,22.611],[86.6376,22.6101],[86.6385,22.5985],[86.656,22.5915],[86.6527,22.5825],[86.6585,22.5757],[86.6783,22.5751],[86.7101,22.5831],[86.7305,22.5776],[86.751,22.5792],[86.7658,22.5757],[86.7667,22.5677],[86.7716,22.5649],[86.7667,22.5561],[86.7752,22.5489],[86.7893,22.5477],[86.7865,22.5269],[86.7929,22.524],[86.7925,22.5117],[86.8022,22.5023],[86.794,22.4959],[86.8009,22.4884],[86.793,22.4775],[86.7507,22.4825],[86.7472,22.4752],[86.7511,22.4558],[86.7635,22.4472],[86.7595,22.4447],[86.7647,22.4266],[86.813,22.4191],[86.8455,22.3999],[86.8411,22.3822],[86.8431,22.373],[86.8317,22.3471],[86.8332,22.3245],[86.8881,22.2973],[86.8903,22.277],[86.8867,22.2574],[86.8651,22.261],[86.8589,22.2583],[86.8512,22.2654],[86.8431,22.2619],[86.824,22.2668],[86.8168,22.2538],[86.8134,22.2675],[86.8096,22.2507],[86.803,22.2444],[86.797,22.2478],[86.8011,22.2656],[86.7922,22.2663],[86.7943,22.2434],[86.7991,22.2382],[86.8034,22.2431],[86.8125,22.2412],[86.8022,22.2179],[86.7917,22.2222],[86.7852,22.2152],[86.7782,22.2181],[86.7847,22.2309],[86.7928,22.2246],[86.7951,22.2279],[86.7879,22.2317],[86.79,22.2354],[86.7816,22.2371],[86.7745,22.2323],[86.776,22.2181],[86.7707,22.2206],[86.7531,22.2111],[86.7447,22.2159],[86.727,22.2168],[86.7214,22.2014],[86.7228,22.1899],[86.7179,22.1816],[86.7218,22.1468],[86.7702,22.1492],[86.7957,22.1569],[86.8052,22.147],[86.8059,22.1355],[86.8019,22.1305],[86.814,22.1259],[86.8089,22.1192],[86.8202,22.1155],[86.8283,22.1178],[86.8378,22.0977],[86.8464,22.0962],[86.8519,22.1029],[86.907,22.0918],[86.9375,22.09],[86.9465,22.0856],[86.9601,22.0879],[86.9926,22.055],[87.0166,22.0473],[87.0282,22.0379],[87.0234,22.0206],[87.032,21.9957],[87.0309,21.9855],[87.0094,21.9476],[87.0017,21.9139],[87.0101,21.9006],[87.0254,21.8901],[87.0273,21.8759],[87.0377,21.8681],[87.0986,21.8658],[87.0958,21.8821],[87.0994,21.8915],[87.0907,21.8996],[87.0964,21.914],[87.1084,21.925],[87.1228,21.9271],[87.1373,21.9236],[87.1615,21.9356],[87.1611,21.9534],[87.1651,21.9587],[87.1626,21.9679],[87.1701,21.9794],[87.1773,21.9699],[87.1962,21.9595],[87.2078,21.9619],[87.2113,21.9662],[87.2248,21.9575],[87.2359,21.9571],[87.236,21.9436],[87.2552,21.926],[87.2387,21.9049],[87.2515,21.8751],[87.2466,21.8613],[87.2505,21.852],[87.2601,21.8489],[87.2583,21.845],[87.2653,21.8389],[87.265,21.8303],[87.2707,21.8278],[87.2637,21.8192],[87.2751,21.8169],[87.2765,21.8052],[87.2836,21.8028],[87.2913,21.8108],[87.2977,21.8109],[87.2992,21.8009],[87.3097,21.7993],[87.3106,21.7923],[87.318,21.7963],[87.32,21.7905],[87.3355,21.7936],[87.3378,21.7837],[87.3473,21.7921],[87.3554,21.7911],[87.3588,21.7817],[87.3711,21.7781],[87.3693,21.7646],[87.3747,21.7644],[87.374,21.772],[87.3857,21.7758],[87.3941,21.7751],[87.3917,21.7708],[87.3959,21.7661],[87.4044,21.7705],[87.4444,21.7682],[87.4451,21.743],[87.4544,21.7392],[87.4453,21.7387],[87.4443,21.734],[87.4692,21.7322],[87.4636,21.7262],[87.4735,21.7131],[87.4719,21.6837],[87.4668,21.6785],[87.4683,21.6641],[87.4623,21.6628],[87.4618,21.6511],[87.4729,21.6517],[87.4722,21.6477],[87.4768,21.6466],[87.4806,21.6331],[87.4857,21.6309],[87.4832,21.6214],[87.4862,21.6098],[87.5415,21.621],[87.5514,21.6252],[87.5614,21.6362],[87.5634,21.628],[87.6281,21.6443],[87.6385,21.6626],[87.6494,21.6609],[87.6483,21.6487],[87.6512,21.6473],[87.6738,21.6505],[87.7416,21.6813],[87.746,21.6849],[87.7465,21.694],[87.7555,21.697],[87.7756,21.6947],[87.8064,21.7089],[87.8494,21.7405],[87.8791,21.7727],[87.8803,21.7953],[87.8703,21.811],[87.8796,21.8089],[87.8912,21.794],[87.8997,21.7941],[87.9488,21.8242],[87.9866,21.8707],[87.9974,21.9031],[88.0122,21.9272],[88.0198,21.9569],[88.0485,21.9974],[88.0438,22.0125],[88.0358,22.015],[88.0265,22.0273],[88.0135,22.0614],[87.9953,22.0703],[87.9929,22.0757],[88.0129,22.0763],[88.0196,22.0719],[88.039,22.0345],[88.0601,22.0179],[88.0978,22.0283],[88.1402,22.0623],[88.1674,22.0782],[88.1867,22.1046],[88.1862,22.1171],[88.1662,22.1391],[88.1699,22.1502],[88.1362,22.1854],[88.1012,22.1915],[88.0729,22.1847],[88.0599,22.1905],[88.0433,22.2051],[88.0331,22.2068],[88.0148,22.2026],[88.0161,22.2077],[87.9905,22.2255],[87.996,22.2318],[87.9977,22.2467],[88.0218,22.2232],[88.0345,22.219],[88.0581,22.2341],[88.0649,22.2423],[88.0677,22.2557],[88.0842,22.2561],[88.0839,22.2404],[88.0668,22.2095],[88.0773,22.2083],[88.1032,22.2148],[88.132,22.2019],[88.1765,22.1915],[88.1894,22.1822],[88.2042,22.1524],[88.204,22.137],[88.2209,22.0938],[88.2223,22.0727],[88.2079,22.0265],[88.1877,21.9953],[88.1476,21.9614],[88.1457,21.9552],[88.1647,21.9435],[88.1695,21.912],[88.1641,21.8836],[88.1808,21.8568],[88.194,21.8436],[88.1998,21.8088],[88.2121,21.7831],[88.2101,21.725],[88.22,21.7022],[88.2048,21.6901],[88.2028,21.6826],[88.2299,21.6697],[88.236,21.645],[88.2203,21.6219],[88.2201,21.604],[88.2285,21.5957],[88.2357,21.5738],[88.26,21.5565],[88.2836,21.5639],[88.3028,21.5817],[88.302,21.5874],[88.288,21.6001],[88.2862,21.6105],[88.2964,21.6402],[88.293,21.6474],[88.3025,21.6699],[88.3022,21.6788],[88.2892,21.6911],[88.2757,21.7214],[88.2681,21.7281],[88.2746,21.7281],[88.2814,21.7574],[88.2559,21.801],[88.2626,21.8183],[88.2953,21.8325],[88.3038,21.843],[88.3033,21.8532],[88.2983,21.8563],[88.2539,21.8599],[88.2532,21.8713],[88.27,21.8993],[88.2664,21.9241],[88.2706,21.9521],[88.2615,21.9622],[88.2658,21.9645],[88.2726,21.96],[88.2766,21.9458],[88.2702,21.9227],[88.2749,21.8993],[88.2607,21.8649],[88.2922,21.8642],[88.3049,21.8769],[88.3083,21.8736],[88.3047,21.8616],[88.3118,21.8596],[88.3537,21.8669],[88.3636,21.8821],[88.3658,21.9053],[88.3474,21.9354],[88.3461,21.9492],[88.3526,21.9578],[88.3446,21.9611],[88.344,21.9651],[88.3469,21.9718],[88.3511,21.9714],[88.3575,21.9542],[88.3531,21.939],[88.3726,21.9061],[88.3567,21.8558],[88.3559,21.8271],[88.3633,21.8038],[88.3817,21.7951],[88.3864,21.8088],[88.379,21.8442],[88.3865,21.8496],[88.3847,21.8711],[88.3923,21.8868],[88.3826,21.8903],[88.3796,21.9003],[88.3951,21.9246],[88.3858,21.954],[88.3747,21.9663],[88.4026,21.9882],[88.3999,21.9959],[88.3871,21.9997],[88.3882,22.0042],[88.3948,22.0075],[88.4071,21.9927],[88.4068,21.9833],[88.4019,21.9776],[88.383,21.9664],[88.3934,21.9527],[88.4015,21.9224],[88.4012,21.9169],[88.3892,21.9037],[88.3911,21.8968],[88.4011,21.8911],[88.4118,21.9059],[88.4346,21.9106],[88.4449,21.9174],[88.4475,21.9276],[88.4432,21.9502],[88.4511,21.9455],[88.4602,21.9587],[88.4473,21.9708],[88.446,21.9875],[88.4615,21.9625],[88.4658,21.9617],[88.4641,21.9544],[88.4543,21.9447],[88.4605,21.9293],[88.4567,21.9039],[88.4707,21.901],[88.5052,21.9254],[88.5074,21.9388],[88.4947,21.9611],[88.4982,21.9763],[88.5146,21.9897],[88.5411,21.9883],[88.5541,22.0514],[88.5582,22.0355],[88.5505,21.9909],[88.5414,21.9819],[88.5099,21.9807],[88.5017,21.9674],[88.5219,21.9436],[88.5256,21.9252],[88.524,21.929],[88.5202,21.9148],[88.5019,21.8969],[88.5125,21.9029],[88.5256,21.9183],[88.522,21.9092],[88.5001,21.8894],[88.4963,21.879],[88.5196,21.8563],[88.532,21.8532],[88.5393,21.8593],[88.5398,21.8734],[88.5478,21.8847],[88.5434,21.9042],[88.567,21.9003],[88.5716,21.9111],[88.5761,21.9077],[88.5796,21.8919],[88.5936,21.8956],[88.6067,21.918],[88.6015,21.9384],[88.614,21.9398],[88.6025,21.9574],[88.5987,21.9823],[88.6171,22.0138],[88.6027,22.0241],[88.6019,22.0304],[88.6217,22.0229],[88.6375,22.0472],[88.6302,22.0537],[88.6288,22.08],[88.6227,22.0952],[88.6084,22.0972],[88.6076,22.1011],[88.6176,22.1074],[88.6412,22.1406],[88.6407,22.1646],[88.6576,22.1764],[88.6733,22.2041],[88.6717,22.2075],[88.6319,22.2127],[88.6398,22.2365],[88.6504,22.2487],[88.6609,22.2456],[88.6589,22.2369],[88.6404,22.2158],[88.696,22.2131],[88.7029,22.2087],[88.6839,22.2074],[88.6812,22.1932],[88.6561,22.1686],[88.6374,22.1125],[88.6422,22.0876],[88.6561,22.0711],[88.6614,22.0566],[88.6571,22.0244],[88.6331,21.994],[88.6333,21.9548],[88.6522,21.9506],[88.667,21.9534],[88.6823,21.9453],[88.6952,21.9573],[88.69,21.9742],[88.6986,21.9775],[88.7148,21.9989],[88.7383,22.0137],[88.738,22.0331],[88.6988,22.0551],[88.6876,22.0702],[88.6871,22.0774],[88.6929,22.094],[88.7217,22.1137],[88.739,22.1451],[88.7679,22.147],[88.7735,22.1407],[88.7645,22.1332],[88.7551,22.1345],[88.7485,22.1311],[88.7348,22.1039],[88.71,22.0852],[88.7034,22.0735],[88.7283,22.0567],[88.7411,22.0533],[88.7502,22.082],[88.7734,22.095],[88.7778,22.1061],[88.7834,22.1089],[88.7795,22.0893],[88.7651,22.0823],[88.7506,22.0588],[88.7731,22.0545],[88.7559,22.0474],[88.7623,22.0155],[88.7465,21.9895],[88.7502,21.9874],[88.7655,21.9981],[88.7649,21.9898],[88.7816,21.9895],[88.7862,21.9874],[88.7886,21.9774],[88.8168,21.9682],[88.805,21.966],[88.7879,21.9695],[88.7784,21.9817],[88.7585,21.9836],[88.7551,21.9818],[88.756,21.9626],[88.7635,21.9552],[88.7889,21.9552],[88.7919,21.948],[88.826,21.9414],[88.853,21.9224],[88.8651,21.9236],[88.8698,21.9317],[88.8804,21.9259],[88.9012,21.931],[88.8993,21.9442],[88.9041,21.9443],[88.9067,21.9504],[88.9069,21.971],[88.9003,21.976],[88.9066,22.0079],[88.8986,22.0151],[88.9048,22.0249],[88.9019,22.0407],[88.9062,22.0531],[88.8951,22.0508],[88.8897,22.0535],[88.8963,22.0741],[88.9187,22.092],[88.9248,22.1075],[88.9279,22.1049],[88.9259,22.0928],[88.9095,22.0769],[88.9038,22.0642],[88.9251,22.0552],[88.9123,22.028],[88.9159,21.9905],[88.9209,21.9839],[88.9289,21.9906],[88.9325,22.0035],[88.9299,22.0634],[88.9635,22.0775],[88.9745,22.0873],[88.9823,22.1097],[88.9888,22.107],[88.9753,22.071],[88.9372,22.0546],[88.9356,22.0243],[88.9461,21.9951],[88.9304,21.965],[88.9302,21.953],[88.9326,21.9426],[88.9424,21.9334],[88.9579,21.9293],[88.9637,21.9332],[88.9656,21.9411],[88.9732,21.9443],[88.972,21.9226],[89.0076,21.9028],[89.013,21.9091],[89.0144,21.9207],[89.0076,21.9328],[88.9884,21.9448],[88.9925,21.9588],[88.9985,21.9637],[89.006,21.9626],[88.9993,21.9543],[89.0003,21.9484],[89.0308,21.9284],[89.064,21.9395],[89.0689,21.9488],[89.0664,21.9687],[89.0725,22.0017],[89.0804,22.0018],[89.0746,22.028],[89.0523,22.0535],[89.0424,22.1012],[89.0509,22.1148],[89.0931,22.1463],[89.0956,22.1604],[89.0882,22.1617],[89.0793,22.152],[89.0712,22.1565],[89.0651,22.2071],[89.0415,22.2306],[89.0332,22.2593],[89.0291,22.2622],[89.0128,22.2556],[89.0211,22.2684],[88.9951,22.2874],[88.9996,22.2967],[89.0228,22.2944],[89.0251,22.2985],[88.9997,22.3247],[88.9898,22.3228],[88.9847,22.3264],[88.9865,22.3578],[88.9906,22.3662],[88.9841,22.3776],[88.9918,22.3911],[88.9727,22.4112],[89.0006,22.4294],[88.99,22.4437],[88.9967,22.4689],[88.9743,22.4975],[88.9622,22.5474],[88.944,22.5605],[88.9454,22.5711],[88.9389,22.5873],[88.9594,22.6141],[88.9361,22.6266],[88.9261,22.6498],[88.9417,22.6594],[88.9479,22.6783],[88.9547,22.6858],[88.962,22.6854],[88.9626,22.6933],[88.9548,22.7052],[88.9281,22.7178],[88.9257,22.7275],[88.9165,22.7345],[88.9221,22.753],[88.9122,22.7586],[88.9195,22.7705],[88.9262,22.7699],[88.9247,22.7796],[88.9364,22.782],[88.9389,22.7929],[88.944,22.7901],[88.9502,22.7975],[88.9592,22.7968],[88.9607,22.807],[88.9562,22.8115],[88.9642,22.8197],[88.9695,22.844],[88.9459,22.8802],[88.94,22.8747],[88.9277,22.872],[88.9234,22.8792],[88.9179,22.8764],[88.9154,22.8799],[88.9095,22.879],[88.912,22.8805],[88.9057,22.8851],[88.9078,22.8933],[88.8968,22.897],[88.9016,22.905],[88.8974,22.9131],[88.9074,22.9141],[88.9097,22.9178],[88.888,22.9332],[88.8938,22.9383],[88.8943,22.9531],[88.8795,22.9549],[88.8753,22.9489],[88.8688,22.9521],[88.86,22.9436],[88.8576,22.9679],[88.8717,22.9782],[88.8652,22.9899],[88.8665,23.0002],[88.8514,23.003],[88.8461,23.0094],[88.8763,23.0029],[88.8794,23.006],[88.8709,23.017],[88.8767,23.0264],[88.88,23.0257],[88.8834,23.0407],[88.8743,23.045],[88.8732,23.066],[88.8678,23.0674],[88.8675,23.0725],[88.8605,23.0774],[88.8646,23.0772],[88.8653,23.0853],[88.8739,23.0897],[88.8661,23.1003],[88.8834,23.1046],[88.8822,23.1101],[88.8909,23.1078],[88.8991,23.112],[88.9097,23.1294],[88.9168,23.1289],[88.9209,23.1429],[88.9298,23.1419],[88.9315,23.1555],[88.9271,23.1619],[88.9335,23.1612],[88.9327,23.1678],[88.9386,23.1763],[88.9562,23.1819],[88.9584,23.1895],[88.9643,23.1927],[88.9747,23.1914],[88.9753,23.1811],[88.9796,23.1819],[88.9795,23.1933],[88.9867,23.2023],[88.9791,23.2126],[88.9831,23.2156],[88.9944,23.2142],[88.9823,23.2214],[88.9793,23.2148],[88.9802,23.2217],[88.9749,23.2235],[88.9778,23.2138],[88.9698,23.2219],[88.9631,23.2141],[88.9421,23.2057],[88.9286,23.2112],[88.9266,23.2172],[88.9169,23.2188],[88.9206,23.2164],[88.9141,23.213],[88.9144,23.2281],[88.9062,23.2357],[88.8989,23.2312],[88.8861,23.2309],[88.8855,23.2262],[88.8743,23.2334],[88.8607,23.2316],[88.8549,23.2358],[88.8452,23.2301],[88.8367,23.2427],[88.8232,23.2329],[88.8279,23.245],[88.8108,23.2559],[88.8059,23.2374],[88.8111,23.221],[88.7895,23.2181],[88.7878,23.222],[88.7786,23.2204],[88.7739,23.2243],[88.7729,23.2306],[88.7775,23.2357],[88.7672,23.2454],[88.7595,23.2454],[88.759,23.2415],[88.7518,23.2396],[88.7186,23.2548],[88.7235,23.2722],[88.7108,23.2781],[88.7085,23.29],[88.6974,23.2915],[88.6958,23.3022],[88.7106,23.3127],[88.7064,23.3041],[88.714,23.3058],[88.7193,23.3039],[88.7187,23.2978],[88.7254,23.2992],[88.7243,23.3177],[88.7296,23.3194],[88.732,23.3074],[88.7393,23.3046],[88.7451,23.3077],[88.7493,23.3214],[88.7428,23.3278],[88.7326,23.3277],[88.7389,23.3436],[88.7318,23.3511],[88.7446,23.3484],[88.7475,23.3617],[88.7587,23.3601],[88.7655,23.3678],[88.7586,23.3746],[88.7625,23.3865],[88.7596,23.3845],[88.7535,23.3888],[88.7491,23.3999],[88.7609,23.4083],[88.754,23.4155],[88.7608,23.4261],[88.7641,23.4478],[88.773,23.4477],[88.7737,23.4437],[88.7818,23.4409],[88.7805,23.4362],[88.7847,23.444],[88.789,23.4437],[88.7882,23.4408],[88.7949,23.4429],[88.7895,23.4487],[88.792,23.4605],[88.7871,23.4685],[88.7936,23.4807],[88.8011,23.4853],[88.7943,23.4853],[88.7998,23.4965],[88.7931,23.5021],[88.7844,23.4966],[88.7865,23.5067],[88.7687,23.4911],[88.7746,23.4793],[88.7667,23.4803],[88.7608,23.4891],[88.7566,23.4864],[88.7617,23.4798],[88.7586,23.4771],[88.746,23.4823],[88.7406,23.4801],[88.7417,23.4863],[88.7296,23.4948],[88.7306,23.502],[88.7239,23.5124],[88.7141,23.5086],[88.7043,23.5174],[88.6972,23.5162],[88.6954,23.5259],[88.6914,23.5247],[88.6891,23.5307],[88.6827,23.529],[88.6859,23.5375],[88.6789,23.5453],[88.674,23.5488],[88.6643,23.5462],[88.6544,23.5564],[88.6557,23.5629],[88.6488,23.5809],[88.6511,23.585],[88.6385,23.5912],[88.6381,23.5973],[88.6463,23.6081],[88.638,23.6104],[88.6369,23.6063],[88.6289,23.6084],[88.6209,23.6023],[88.6057,23.5997],[88.6088,23.604],[88.6015,23.6062],[88.6053,23.6101],[88.5964,23.6013],[88.5799,23.6023],[88.5849,23.6156],[88.5934,23.6165],[88.5936,23.64],[88.5624,23.6364],[88.5631,23.645],[88.5581,23.6487],[88.574,23.6678],[88.5725,23.6848],[88.5673,23.6861],[88.5648,23.7124],[88.5691,23.7277],[88.5742,23.7286],[88.577,23.7346],[88.5745,23.7378],[88.5718,23.7338],[88.57,23.7471],[88.5805,23.7602],[88.5793,23.7745],[88.5688,23.7753],[88.5564,23.7835],[88.5723,23.7823],[88.5784,23.7857],[88.5832,23.7913],[88.5818,23.7965],[88.5913,23.7975],[88.5913,23.8041],[88.596,23.8048],[88.5876,23.8133],[88.5937,23.8085],[88.6023,23.8167],[88.5866,23.831],[88.5911,23.8528],[88.583,23.8549],[88.578,23.8502],[88.5753,23.8609],[88.5821,23.8623],[88.5875,23.8713],[88.5985,23.8693],[88.6075,23.8621],[88.6095,23.873],[88.6164,23.8761],[88.6237,23.8748],[88.6257,23.8648],[88.6366,23.8709],[88.6538,23.8659],[88.6543,23.8692],[88.6673,23.8697],[88.664,23.8823],[88.6819,23.8882],[88.6882,23.9014],[88.704,23.8993],[88.6992,23.9108],[88.7062,23.9161],[88.7124,23.9128],[88.7223,23.9164],[88.733,23.9111],[88.7347,23.9331],[88.7432,23.9299],[88.7385,23.9496],[88.742,23.9516],[88.7323,23.9609],[88.7383,23.9827],[88.7505,23.9851],[88.7689,23.9826],[88.7606,24.0059],[88.7453,24.0055],[88.7359,23.9954],[88.7287,23.996],[88.7311,24.0128],[88.7428,24.0352],[88.7348,24.0377],[88.7381,24.0378],[88.7393,24.046],[88.7268,24.0527],[88.7377,24.0614],[88.7339,24.0663],[88.7274,24.0643],[88.7234,24.0686],[88.7286,24.0991],[88.7193,24.1046],[88.701,24.0947],[88.7012,24.1082],[88.6944,24.112],[88.7008,24.1218],[88.7137,24.1229],[88.7468,24.1478],[88.7316,24.1743],[88.7349,24.224],[88.7413,24.254],[88.7354,24.2761],[88.7261,24.2963],[88.6835,24.3244],[88.6518,24.2995],[88.6485,24.3108],[88.6287,24.3056],[88.6232,24.3154],[88.5979,24.3111],[88.5876,24.3147],[88.5865,24.3245],[88.5672,24.3263],[88.5592,24.3081],[88.5253,24.3154],[88.4961,24.3288],[88.4793,24.3534],[88.4409,24.3718],[88.4223,24.3749],[88.4005,24.3892],[88.3825,24.3956],[88.364,24.41],[88.3349,24.4431],[88.2778,24.4594],[88.243,24.4611],[88.208,24.4763],[88.1897,24.4762],[88.1831,24.4894],[88.1331,24.5098],[88.1239,24.517],[88.1059,24.5562],[88.1105,24.5643],[88.1088,24.5776],[88.0969,24.5935],[88.0896,24.614],[88.0774,24.6312],[88.0606,24.6403],[88.0507,24.6526],[88.0539,24.6618],[88.0487,24.6708],[88.0244,24.6881],[88.0617,24.7219],[88.0706,24.7438],[88.0646,24.7512],[88.0733,24.7612],[88.0678,24.7642],[88.0681,24.7706],[88.0712,24.7733],[88.0764,24.7698],[88.088,24.7831],[88.1047,24.7798],[88.1042,24.801],[88.1107,24.8138],[88.1221,24.8231],[88.1296,24.8057],[88.1354,24.8054],[88.1314,24.8362],[88.1399,24.8342],[88.1411,24.8418],[88.1463,24.8435],[88.1405,24.85],[88.1492,24.85],[88.1493,24.8533],[88.1507,24.8497],[88.1611,24.8491],[88.1621,24.858],[88.1744,24.861],[88.1652,24.8636],[88.1584,24.8723],[88.1627,24.8781],[88.1518,24.885],[88.1569,24.8925],[88.16,24.8891],[88.1689,24.8924],[88.1619,24.8932],[88.1607,24.8973],[88.1539,24.8993],[88.1498,24.9095],[88.14,24.914],[88.1375,24.936],[88.1569,24.934],[88.1583,24.9412],[88.1621,24.9403],[88.17,24.9502],[88.175,24.9464],[88.1827,24.9529],[88.2259,24.9598],[88.2516,24.9334],[88.2632,24.9111],[88.2641,24.896],[88.2581,24.8783],[88.2661,24.8784],[88.2683,24.891],[88.2763,24.8981],[88.2776,24.8891],[88.2918,24.8903],[88.3015,24.8864],[88.2974,24.8819],[88.3023,24.8722],[88.3193,24.8846],[88.3211,24.8766],[88.3279,24.8713],[88.3458,24.8942],[88.3427,24.9001],[88.3333,24.8984],[88.3338,24.9057],[88.327,24.9052],[88.3242,24.9139],[88.3254,24.9191],[88.336,24.9188],[88.3343,24.9272],[88.3377,24.9268],[88.3401,24.9407],[88.3496,24.9452],[88.3541,24.9424],[88.3632,24.9536],[88.3664,24.9451],[88.3804,24.9397],[88.3979,24.9456],[88.4009,24.9512],[88.3985,24.9594],[88.393,24.9608],[88.3946,24.9699],[88.4058,24.9729],[88.4047,24.9794],[88.4161,24.9736],[88.412,24.9828],[88.4184,24.9827],[88.4114,24.9863],[88.4122,24.998],[88.4195,24.9995],[88.4273,25.0125],[88.425,25.0162],[88.4297,25.0119],[88.4273,25.008],[88.4366,25.007],[88.4353,25.0136],[88.4422,25.0131],[88.4374,25.016],[88.4416,25.0201],[88.4386,25.0228],[88.4526,25.0367],[88.4382,25.0434],[88.4353,25.0556],[88.4531,25.0792],[88.4476,25.083],[88.4448,25.1029],[88.4481,25.1105],[88.4423,25.1154],[88.442,25.1272],[88.4578,25.1362],[88.46,25.1444],[88.4571,25.147],[88.4608,25.1499],[88.4568,25.1538],[88.4569,25.1646],[88.4523,25.1639],[88.4494,25.1708],[88.4415,25.1741],[88.4451,25.1805],[88.4419,25.1987],[88.4634,25.1957],[88.4714,25.1983],[88.4689,25.2007],[88.4747,25.2134],[88.4973,25.2111],[88.4989,25.2037],[88.5369,25.1975],[88.5322,25.1935],[88.5341,25.1873],[88.5401,25.1885],[88.5412,25.1936],[88.5578,25.1922],[88.5549,25.1785],[88.5601,25.1751],[88.5784,25.177],[88.5918,25.1871],[88.5904,25.1927],[88.6052,25.1939],[88.6131,25.2039],[88.6317,25.2017],[88.6437,25.2063],[88.6715,25.1986],[88.6801,25.2085],[88.712,25.2075],[88.7179,25.202],[88.7334,25.1985],[88.7348,25.1841],[88.7429,25.186],[88.7507,25.1818],[88.7498,25.1763],[88.7589,25.1852],[88.7673,25.1825],[88.7703,25.1891],[88.7745,25.1785],[88.8062,25.1697],[88.8139,25.1738],[88.8187,25.1882],[88.8274,25.1913],[88.8304,25.2043],[88.837,25.2055],[88.8432,25.2134],[88.8495,25.2088],[88.8509,25.2009],[88.8652,25.1997],[88.865,25.1894],[88.8716,25.1908],[88.8742,25.1959],[88.8763,25.1784],[88.8899,25.1778],[88.8904,25.1842],[88.9031,25.1783],[88.91,25.1794],[88.9125,25.1674],[88.9206,25.1654],[88.9349,25.1802],[88.9419,25.1727],[88.9488,25.1759],[88.9496,25.1803],[88.9439,25.1825],[88.9478,25.1936],[88.9393,25.1927],[88.9348,25.1991],[88.9387,25.2108],[88.9445,25.2055],[88.9616,25.2077],[88.9521,25.229],[88.9546,25.2368],[88.9506,25.2441],[88.9561,25.2538],[88.982,25.2638],[88.9871,25.2736],[89.006,25.2683],[89.0048,25.2644],[89.0081,25.2646],[89.0082,25.3021],[89.0,25.2948],[88.9851,25.2978],[88.9821,25.3018],[88.9847,25.305],[88.9757,25.305],[88.9723,25.3],[88.9603,25.305],[88.9595,25.3001],[88.9499,25.303],[88.9393,25.2996],[88.9285,25.3036],[88.9284,25.3146],[88.9156,25.3111],[88.907,25.3256],[88.9061,25.3367],[88.8881,25.336],[88.8873,25.3254],[88.8835,25.3248],[88.8664,25.3417],[88.8685,25.3519],[88.8552,25.3545],[88.8541,25.3628],[88.8401,25.3635],[88.838,25.3803],[88.8412,25.3818],[88.8363,25.3846],[88.8405,25.3973],[88.837,25.4016],[88.8236,25.401],[88.8231,25.409],[88.8123,25.4102],[88.819,25.4175],[88.8203,25.4147],[88.8302,25.4169],[88.8288,25.426],[88.8346,25.4271],[88.8343,25.4311],[88.8321,25.4361],[88.827,25.4362],[88.826,25.4427],[88.8391,25.4583],[88.8297,25.4898],[88.8123,25.4894],[88.8083,25.5128],[88.8113,25.5234],[88.7924,25.5228],[88.7796,25.515],[88.7683,25.5248],[88.7598,25.525],[88.7601,25.5102],[88.771,25.5031],[88.765,25.4945],[88.7471,25.4928],[88.7451,25.4874],[88.7402,25.4891],[88.7441,25.4962],[88.7425,25.5047],[88.7148,25.4995],[88.7139,25.4956],[88.7128,25.5003],[88.7078,25.4999],[88.71,25.4807],[88.6986,25.4708],[88.6878,25.4757],[88.6629,25.474],[88.6602,25.4817],[88.6464,25.4777],[88.6423,25.4926],[88.6481,25.4967],[88.6406,25.4997],[88.6224,25.4973],[88.612,25.5101],[88.6068,25.5094],[88.6086,25.5164],[88.6022,25.5156],[88.5973,25.5061],[88.5913,25.5089],[88.5879,25.5065],[88.5727,25.5087],[88.5679,25.5139],[88.556,25.5138],[88.554,25.5209],[88.5486,25.5182],[88.5453,25.5087],[88.5398,25.5085],[88.5402,25.532],[88.5328,25.5317],[88.5329,25.5417],[88.5272,25.5425],[88.5233,25.5345],[88.5187,25.5375],[88.5195,25.5442],[88.5139,25.547],[88.5068,25.5448],[88.4998,25.5503],[88.4984,25.5581],[88.494,25.558],[88.4994,25.584],[88.4832,25.5866],[88.482,25.5822],[88.4792,25.5855],[88.4683,25.5829],[88.4686,25.5878],[88.4652,25.5868],[88.4666,25.5899],[88.459,25.5928],[88.4576,25.5979],[88.4454,25.5965],[88.4502,25.6048],[88.446,25.615],[88.4565,25.6282],[88.4546,25.664],[88.4023,25.6718],[88.4043,25.6845],[88.3915,25.6834],[88.3916,25.6928],[88.3722,25.6963],[88.3699,25.709],[88.3731,25.7089],[88.3742,25.7162],[88.3566,25.7209],[88.3586,25.7277],[88.3444,25.7289],[88.337,25.7377],[88.3211,25.7372],[88.3164,25.7527],[88.289,25.7678],[88.2908,25.7738],[88.2785,25.7743],[88.2674,25.7821],[88.2751,25.7929],[88.2719,25.7936],[88.2694,25.8082],[88.2614,25.8137],[88.2488,25.8134],[88.2468,25.8066],[88.24,25.8105],[88.2302,25.803],[88.2304,25.7968],[88.2162,25.8008],[88.2099,25.7877],[88.1998,25.7906],[88.1932,25.8025],[88.1845,25.8024],[88.1734,25.787],[88.1601,25.7876],[88.1513,25.776],[88.1478,25.7768],[88.1482,25.7823],[88.1427,25.7819],[88.1444,25.7942],[88.1379,25.798],[88.1151,25.7988],[88.1202,25.8125],[88.1082,25.8163],[88.1112,25.8222],[88.1015,25.8294],[88.1081,25.8386],[88.1011,25.8448],[88.1073,25.8461],[88.1127,25.8535],[88.1102,25.8677],[88.1054,25.8684],[88.1021,25.8618],[88.1012,25.8718],[88.0936,25.8739],[88.1025,25.89],[88.0895,25.8968],[88.0902,25.9057],[88.0945,25.9089],[88.0869,25.9166],[88.0931,25.9302],[88.0998,25.9343],[88.1106,25.9324],[88.1112,25.9432],[88.1176,25.943],[88.1212,25.9481],[88.1139,25.9587],[88.1238,25.9659],[88.1193,25.9715],[88.1271,25.9766],[88.1293,25.9972],[88.1346,26.0002],[88.1389,25.9965],[88.1439,26.0029],[88.1395,26.0139],[88.1465,26.0141],[88.1556,26.0208],[88.1766,26.0214],[88.1822,26.0267],[88.1713,26.0319],[88.1741,26.0401],[88.1683,26.0446],[88.1722,26.0496],[88.1783,26.0464],[88.1746,26.0581],[88.1852,26.0642],[88.1803,26.0684],[88.182,26.0735],[88.1732,26.0758],[88.1684,26.0835],[88.1627,26.0769],[88.1578,26.0797],[88.165,26.0873],[88.1609,26.0889],[88.1584,26.0984],[88.1626,26.1004],[88.1644,26.1088],[88.1723,26.111],[88.1783,26.1241],[88.1735,26.1295],[88.1795,26.1394],[88.1771,26.1479],[88.1893,26.1552],[88.195,26.1523],[88.1909,26.1577],[88.1965,26.1642],[88.205,26.1593],[88.2154,26.1632],[88.2115,26.1681],[88.2143,26.171],[88.2173,26.1672],[88.2269,26.1695],[88.2257,26.1737],[88.2365,26.1771],[88.2321,26.1825],[88.242,26.1899],[88.2444,26.1878],[88.2477,26.1911],[88.2513,26.1853],[88.253,26.1892],[88.275,26.188],[88.2787,26.1959],[88.2836,26.195],[88.2904,26.2026],[88.2994,26.1978],[88.3076,26.2046],[88.3198,26.2034],[88.3257,26.2058],[88.3236,26.2101],[88.3306,26.2134],[88.3303,26.2168],[88.3508,26.2215],[88.3517,26.2311],[88.3564,26.2345],[88.3544,26.2386],[88.3592,26.2422],[88.351,26.2454],[88.3494,26.2485],[88.353,26.2478],[88.3471,26.2536],[88.3508,26.267],[88.3465,26.2678],[88.3508,26.2754],[88.3485,26.2822],[88.3685,26.3045],[88.3762,26.3051],[88.3841,26.314],[88.4149,26.3165],[88.4148,26.3254],[88.4065,26.3243],[88.4072,26.328],[88.4028,26.33],[88.4115,26.3377],[88.4349,26.3357],[88.4451,26.365],[88.4564,26.3772],[88.4595,26.3695],[88.4565,26.3653],[88.4624,26.3577],[88.4756,26.3579],[88.4838,26.3495],[88.4912,26.3525],[88.4885,26.3604],[88.5071,26.3627],[88.5038,26.3489],[88.5089,26.3532],[88.5174,26.3519],[88.5168,26.3569],[88.5221,26.3607],[88.5145,26.3653],[88.521,26.3675],[88.5239,26.3752],[88.5157,26.3713],[88.5119,26.3773],[88.5179,26.3907],[88.511,26.3884],[88.5039,26.4],[88.5087,26.4014],[88.5086,26.4068],[88.5018,26.4043],[88.4953,26.4104],[88.5016,26.4186],[88.494,26.4187],[88.4975,26.4267],[88.4888,26.4311],[88.4957,26.4375],[88.486,26.4459],[88.4858,26.4511],[88.4787,26.4527],[88.4845,26.4611],[88.4585,26.467],[88.4361,26.4663],[88.4326,26.4732],[88.4267,26.4741],[88.4218,26.4731],[88.4215,26.4663],[88.4185,26.4665],[88.4029,26.4869],[88.3987,26.4821],[88.3875,26.4796],[88.3728,26.4892],[88.3606,26.4848],[88.364,26.4724],[88.3598,26.4664],[88.3608,26.4552],[88.3506,26.4486],[88.3534,26.4512],[88.3487,26.4662],[88.3401,26.4694],[88.3398,26.4792],[88.3334,26.4789],[88.3324,26.4981],[88.3512,26.5157],[88.3509,26.5253],[88.3574,26.5328],[88.3564,26.5444],[88.3692,26.5619],[88.3687,26.5752],[88.3765,26.5953],[88.3988,26.6038],[88.3877,26.6073],[88.3872,26.6123],[88.3966,26.6175],[88.3992,26.6263],[88.4124,26.631],[88.42,26.5675],[88.4338,26.5422],[88.441,26.5406],[88.4497,26.5317],[88.4575,26.5374],[88.4576,26.5438],[88.483,26.5392],[88.4811,26.5295],[88.4887,26.53],[88.488,26.5238],[88.4847,26.5241],[88.4887,26.5212],[88.4887,26.509],[88.5032,26.514],[88.5103,26.5088],[88.5204,26.5083],[88.5186,26.4965],[88.5234,26.4909],[88.5222,26.4857],[88.527,26.4848],[88.5243,26.4827],[88.5301,26.4783],[88.5563,26.4832],[88.5541,26.4702],[88.5612,26.4708],[88.5585,26.4656],[88.5627,26.4658],[88.56,26.4605],[88.5632,26.4591],[88.5581,26.4573],[88.5778,26.4555],[88.5904,26.4472],[88.5964,26.453],[88.5968,26.4697],[88.6207,26.4692],[88.6275,26.439],[88.622,26.4321],[88.6364,26.4265],[88.6491,26.4264],[88.6518,26.42],[88.6448,26.4154],[88.6599,26.4134],[88.6678,26.4042],[88.6781,26.4052],[88.6792,26.4087],[88.6807,26.4057],[88.6802,26.4108],[88.6853,26.4101],[88.6828,26.4045],[88.6861,26.4001],[88.6693,26.3946],[88.6777,26.3904],[88.6886,26.3934],[88.6871,26.3842],[88.6982,26.3883],[88.7012,26.3862],[88.7004,26.3831],[88.681,26.3769],[88.6932,26.3719],[88.6875,26.3611],[88.6944,26.3589],[88.6902,26.3568],[88.6918,26.3532],[88.6972,26.3528],[88.6926,26.3431],[88.7007,26.3378],[88.6996,26.33],[88.7064,26.3305],[88.7119,26.3412],[88.7245,26.3395],[88.7281,26.3462],[88.7342,26.3463],[88.7328,26.3528],[88.7358,26.3478],[88.7437,26.3466],[88.7412,26.3351],[88.7323,26.3269],[88.7469,26.3302],[88.7445,26.3204],[88.7296,26.3216],[88.7296,26.3162],[88.7183,26.31],[88.7147,26.3155],[88.6946,26.3079],[88.6895,26.3132],[88.6942,26.3239],[88.6916,26.3248],[88.6873,26.319],[88.6728,26.3145],[88.6729,26.3079],[88.6801,26.3071],[88.6753,26.3016],[88.6828,26.2909],[88.706,26.2852],[88.6919,26.2791],[88.6858,26.2815],[88.6834,26.278],[88.6797,26.2803],[88.683,26.2864],[88.6732,26.2944],[88.6685,26.2938],[88.6641,26.2835],[88.6646,26.2697],[88.6685,26.2654],[88.6646,26.258],[88.6734,26.2591],[88.678,26.2552],[88.689,26.2658],[88.6828,26.2718],[88.6845,26.2753],[88.6902,26.2712],[88.7015,26.2775],[88.7188,26.2792],[88.7174,26.2883],[88.724,26.2895],[88.7261,26.2856],[88.7282,26.2914],[88.7426,26.2878],[88.7392,26.2929],[88.7463,26.3085],[88.7552,26.3077],[88.7566,26.3112],[88.7602,26.3007],[88.7644,26.2992],[88.7934,26.3103],[88.8191,26.2946],[88.8099,26.277],[88.8151,26.269],[88.8129,26.2557],[88.8233,26.2534],[88.8242,26.2488],[88.8297,26.25],[88.8277,26.2401],[88.8386,26.2382],[88.8427,26.2308],[88.852,26.2353],[88.8597,26.2317],[88.8783,26.2334],[88.8781,26.2422],[88.8725,26.2398],[88.8682,26.2489],[88.8614,26.2521],[88.8646,26.2688],[88.8613,26.2727],[88.8758,26.2868],[88.8982,26.2888],[88.9172,26.2883],[88.9264,26.2842],[88.9568,26.2404],[88.9663,26.2388],[88.9787,26.2445],[88.9677,26.254],[88.9537,26.2567],[88.9535,26.265],[88.9749,26.2562],[88.9825,26.2447],[89.016,26.2446],[89.0183,26.2419],[89.0215,26.2448],[89.0228,26.242],[89.0275,26.2476],[89.0356,26.2423],[89.0375,26.2457],[89.051,26.2415],[89.048,26.2458],[89.0513,26.2554],[89.0629,26.256],[89.0602,26.2569],[89.0627,26.2707],[89.0593,26.2765],[89.054,26.2773],[89.0623,26.2787],[89.0576,26.2863],[89.0594,26.2935],[89.0459,26.2954],[89.0414,26.2898],[89.0463,26.2895],[89.0469,26.2828],[89.0504,26.2886],[89.0481,26.2799],[89.0432,26.2801],[89.0451,26.2754],[89.0397,26.2768],[89.0373,26.2826],[89.0409,26.2862],[89.0276,26.2829],[89.0197,26.29],[89.0266,26.3057],[89.0211,26.3092],[89.0142,26.3004],[89.0197,26.2952],[89.0185,26.2899],[89.0121,26.2931],[89.013,26.2983],[89.0074,26.3047],[89.0001,26.2909],[88.9957,26.2904],[88.9976,26.2999],[88.9951,26.2956],[88.9942,26.2997],[88.9849,26.3007],[88.9827,26.3101],[88.985,26.3185],[88.9969,26.3139],[88.9915,26.3226],[88.9972,26.3224],[89.0008,26.3306],[88.9908,26.3358],[88.9854,26.3331],[88.9816,26.3412],[88.99,26.3386],[88.9851,26.3502],[88.9776,26.3469],[88.9748,26.3512],[88.9667,26.352],[88.9649,26.3491],[88.9612,26.3525],[88.959,26.3483],[88.9633,26.3384],[88.9592,26.3364],[88.9603,26.3304],[88.9525,26.3329],[88.9521,26.3433],[88.9589,26.344],[88.9462,26.3443],[88.9488,26.3527],[88.9583,26.3581],[88.9534,26.3662],[88.9497,26.366],[88.9469,26.356],[88.9368,26.3569],[88.9272,26.365],[88.9177,26.3605],[88.9216,26.3643],[88.9118,26.3664],[88.9103,26.3705],[88.9213,26.3774],[88.9091,26.3803],[88.9164,26.385],[88.9183,26.4004],[88.9174,26.4034],[88.91,26.401],[88.9049,26.4087],[88.9264,26.4069],[88.9314,26.4145],[88.9254,26.4166],[88.9229,26.4237],[88.9329,26.4278],[88.9259,26.428],[88.9262,26.4324],[88.9449,26.426],[88.9458,26.4336],[88.9513,26.434],[88.9461,26.4482],[88.9519,26.4486],[88.9511,26.4523],[88.9605,26.4485],[88.965,26.4516],[88.9572,26.4549],[88.956,26.4605],[88.9657,26.4577],[88.9663,26.4516],[88.975,26.4502],[88.9762,26.4465],[88.9793,26.45],[88.9785,26.4465],[88.9833,26.4469],[88.983,26.4385],[88.9785,26.4365],[88.9831,26.4313],[88.9806,26.4257],[88.9829,26.4213],[88.9927,26.4193],[88.994,26.4131],[88.9985,26.4141],[88.9939,26.4233],[89.0059,26.4215],[89.0074,26.4129],[89.022,26.4137],[89.0233,26.4084],[89.0193,26.4041],[89.03,26.4071],[89.034,26.3953],[89.0407,26.4004],[89.0579,26.3954],[89.0629,26.401],[89.063,26.3969],[89.0673,26.4001],[89.0748,26.3962],[89.0745,26.3911],[89.0755,26.396],[89.0874,26.3977],[89.0813,26.3902],[89.0921,26.3938],[89.0963,26.3907],[89.091,26.3881],[89.0885,26.3659],[89.0799,26.367],[89.0798,26.363],[89.0983,26.3593],[89.0934,26.3531],[89.1013,26.3368],[89.0835,26.3224],[89.092,26.3205],[89.0967,26.3295],[89.1006,26.3235],[89.1101,26.3254],[89.1127,26.3185],[89.1233,26.3223],[89.1286,26.3224],[89.1244,26.3207],[89.1283,26.3189],[89.1364,26.3203],[89.1352,26.3138],[89.1296,26.3134],[89.1326,26.3129],[89.1306,26.3097],[89.1261,26.3166],[89.1169,26.3145],[89.1176,26.3087],[89.1306,26.3054],[89.1313,26.3009],[89.1274,26.3017],[89.1325,26.3002],[89.1208,26.287],[89.1047,26.316],[89.1001,26.3051],[89.1074,26.3],[89.1033,26.2949],[89.107,26.2919],[89.1,26.2798],[89.106,26.2814],[89.1052,26.2748],[89.1086,26.2758],[89.1252,26.2637],[89.1198,26.2527],[89.1301,26.249],[89.132,26.2398],[89.1358,26.2412],[89.134,26.2377],[89.1409,26.236],[89.1418,26.2161],[89.1496,26.2092],[89.1394,26.1985],[89.1347,26.1806],[89.1415,26.176],[89.141,26.1694],[89.1492,26.1702],[89.1573,26.1632],[89.1486,26.1583],[89.1552,26.1387],[89.1598,26.1395],[89.1668,26.1303],[89.1765,26.1318],[89.1922,26.1238],[89.2033,26.1295],[89.2113,26.1244],[89.2171,26.1273],[89.2296,26.124],[89.2297,26.1161],[89.2424,26.1135],[89.2419,26.1056],[89.252,26.1018],[89.2519,26.0919],[89.2656,26.0929],[89.2548,26.0752],[89.2545,26.0645],[89.2698,26.0604],[89.2802,26.0666],[89.2794,26.0489],[89.2967,26.0456],[89.3004,26.0508],[89.3159,26.0376],[89.3239,26.0382],[89.329,26.0284],[89.3387,26.0239],[89.3347,26.0202],[89.3375,26.0223],[89.341,26.0155],[89.3494,26.0162],[89.3444,26.0133],[89.3491,26.0104],[89.3549,26.0116],[89.36,26.0078],[89.3736,26.0117],[89.3935,26.008],[89.3896,26.0219],[89.4033,26.0274],[89.4064,26.0409],[89.419,26.0418],[89.4238,26.0469],[89.4328,26.0377],[89.434,26.0308],[89.4268,26.0151],[89.4314,26.0107],[89.4475,26.0079],[89.4627,25.9981],[89.4805,25.9962],[89.4912,26.0058],[89.5065,26.0014],[89.5191,26.0085],[89.5373,26.0019],[89.5393,26.0055],[89.5338,26.0053],[89.5409,26.0058],[89.5491,26.0001],[89.5361,25.9891],[89.5425,25.9828],[89.5404,25.97],[89.5586,25.9647],[89.567,25.9798],[89.5699,25.967],[89.5775,25.9678],[89.5774,25.9772],[89.5837,25.9786],[89.5862,25.9752],[89.5878,25.9802],[89.5841,25.9895],[89.5871,25.9952],[89.5786,26.0069],[89.5785,26.0263],[89.5853,26.0262],[89.583,26.0327],[89.5868,26.0384],[89.5926,26.0352],[89.5977,26.0379],[89.592,26.045],[89.5996,26.0445],[89.613,26.0529],[89.6048,26.0634],[89.6178,26.0603],[89.6159,26.0561],[89.6205,26.0535],[89.6309,26.063],[89.6499,26.0635],[89.6337,26.0801],[89.6394,26.0903],[89.6332,26.0941],[89.6319,26.0973],[89.6361,26.0994],[89.6295,26.1067],[89.6236,26.1073],[89.6202,26.0993],[89.6137,26.1028],[89.6169,26.0945],[89.61,26.0959],[89.6083,26.0881],[89.5936,26.1015],[89.5999,26.1028],[89.6005,26.1069],[89.5953,26.1073],[89.6007,26.1084],[89.5976,26.1123],[89.605,26.1058],[89.6155,26.1063],[89.6301,26.1177],[89.6254,26.128],[89.6197,26.1192],[89.6119,26.1272],[89.6043,26.1168],[89.601,26.123],[89.6074,26.1245],[89.604,26.1282],[89.6025,26.1244],[89.5963,26.1349],[89.5979,26.1539],[89.5911,26.1575],[89.5996,26.1609],[89.6044,26.1559],[89.6075,26.1583],[89.6087,26.1534],[89.6095,26.1612],[89.6194,26.1676],[89.6109,26.1685],[89.6107,26.1744],[89.6153,26.173],[89.6151,26.1758],[89.6074,26.1793],[89.615,26.1764],[89.6236,26.1791],[89.6213,26.1735],[89.6246,26.1712],[89.6258,26.1767],[89.6324,26.1807],[89.6372,26.1768],[89.6319,26.1718],[89.6377,26.1719],[89.6382,26.1666],[89.6459,26.1642],[89.6586,26.1761],[89.6553,26.1813],[89.6497,26.1795],[89.6435,26.1828],[89.639,26.1787],[89.6275,26.1838],[89.6275,26.1895],[89.6328,26.1904],[89.6283,26.192],[89.6301,26.1959],[89.6419,26.1852],[89.6472,26.1851],[89.6454,26.1884],[89.6499,26.1902],[89.6394,26.1994],[89.6374,26.2102],[89.6321,26.2094],[89.6379,26.2167],[89.6345,26.2174],[89.6342,26.2293],[89.6556,26.219],[89.6718,26.2197],[89.6723,26.2289],[89.6786,26.2383],[89.6818,26.2276],[89.6867,26.229],[89.6837,26.2228],[89.6893,26.2214],[89.684,26.22],[89.6788,26.2237],[89.6797,26.2136],[89.6853,26.2083],[89.6917,26.2132],[89.6855,26.2066],[89.6804,26.2099],[89.6751,26.2082],[89.6727,26.2007],[89.6862,26.1977],[89.6819,26.193],[89.687,26.1813],[89.7022,26.1735],[89.6978,26.1693],[89.684,26.1693],[89.6812,26.1633],[89.6972,26.1581],[89.7013,26.1515],[89.71,26.1559],[89.7137,26.1681],[89.7285,26.167],[89.7288,26.1734],[89.7367,26.172],[89.7326,26.1771],[89.726,26.1773],[89.7098,26.1719],[89.6986,26.1908],[89.7132,26.1872],[89.7205,26.1952],[89.7175,26.2011],[89.7117,26.2023],[89.734,26.21],[89.7323,26.2152],[89.7256,26.2176],[89.7094,26.2115],[89.7005,26.2179],[89.7107,26.2176],[89.7142,26.2297],[89.7321,26.2367],[89.7181,26.2449],[89.717,26.2569],[89.7047,26.2561],[89.7023,26.2594],[89.7071,26.2705],[89.7145,26.2698],[89.7125,26.2618],[89.7197,26.2574],[89.7343,26.2596],[89.7339,26.2668],[89.7383,26.2698],[89.7177,26.2956],[89.7198,26.307],[89.7254,26.3073],[89.7217,26.2999],[89.7268,26.2944],[89.7377,26.2928],[89.7447,26.2969],[89.7487,26.2908],[89.7572,26.2888],[89.76,26.2916],[89.7535,26.3031],[89.7505,26.3214],[89.7554,26.3233],[89.7632,26.3166],[89.7826,26.3327],[89.781,26.3528],[89.8015,26.3617],[89.8107,26.3714],[89.8204,26.373],[89.8111,26.3604],[89.8147,26.3539],[89.8203,26.3527],[89.8241,26.3558],[89.8201,26.3641],[89.8273,26.3711],[89.8249,26.3816],[89.8306,26.3854],[89.8412,26.3794],[89.8466,26.3863],[89.8564,26.3843],[89.8552,26.3966],[89.8462,26.4048],[89.838,26.3914],[89.828,26.3946],[89.8345,26.4139],[89.8563,26.413],[89.8478,26.4229],[89.8554,26.4282],[89.8571,26.441],[89.869,26.4537],[89.868,26.4679],[89.861,26.4692],[89.8577,26.4841],[89.8498,26.4909],[89.854,26.4996],[89.851,26.5208],[89.8595,26.5326],[89.8571,26.5421],[89.8624,26.5538],[89.8576,26.576],[89.8742,26.584],[89.8655,26.592],[89.8695,26.614],[89.8549,26.6151],[89.8498,26.6231],[89.8497,26.6281],[89.8664,26.6456],[89.8593,26.6554],[89.8633,26.6813],[89.8518,26.6972],[89.7993,26.7083],[89.7638,26.6988],[89.7485,26.714],[89.75,26.7237],[89.7435,26.7325],[89.7344,26.7257],[89.715,26.7202],[89.6909,26.7338],[89.6773,26.7309],[89.6658,26.7368],[89.6498,26.7156],[89.6427,26.7147],[89.6279,26.7225],[89.6201,26.7157],[89.6087,26.7275],[89.6152,26.7375],[89.6363,26.7506],[89.6338,26.7602],[89.6432,26.7674],[89.6399,26.7773],[89.6249,26.7823],[89.6106,26.7778],[89.6023,26.7858],[89.5579,26.7975],[89.5477,26.8131],[89.5361,26.8079],[89.502,26.8106],[89.4871,26.7992],[89.4545,26.7979],[89.4399,26.8124],[89.4379,26.8257],[89.4287,26.8353],[89.4137,26.8304],[89.4054,26.8348],[89.3822,26.8364],[89.3748,26.8541],[89.3697,26.8573],[89.3249,26.8374],[89.3157,26.8436],[89.2753,26.8204],[89.2701,26.8225],[89.256,26.8078],[89.2251,26.8136],[89.1874,26.8069],[89.169,26.8148],[89.1267,26.8073],[89.118,26.8195],[89.1071,26.8236],[89.0939,26.8394],[89.0981,26.8581],[89.0851,26.8688],[89.0894,26.8893],[89.0591,26.9019],[89.0441,26.9017],[89.0419,26.9165],[89.022,26.9227],[89.0164,26.9375],[88.9754,26.9128],[88.9412,26.9309],[88.9511,26.9538],[88.9483,26.967],[88.9173,26.9981],[88.896,26.9692],[88.8811,26.9572],[88.8794,26.9486],[88.8705,26.9446],[88.8726,26.9586],[88.8679,26.965],[88.867,26.9958],[88.8768,27.0374],[88.8726,27.0426],[88.8755,27.065],[88.8718,27.069],[88.8661,27.1092],[88.8461,27.1083],[88.8299,27.1155],[88.8092,27.1259],[88.7994,27.1389],[88.7782,27.1345],[88.7455,27.142],[88.7346,27.1348],[88.7244,27.1354],[88.7165,27.1415],[88.7163,27.1539],[88.7066,27.1664],[88.6822,27.1768],[88.6724,27.1748],[88.6552,27.1596],[88.6351,27.1636],[88.6323,27.1715],[88.6224,27.1793],[88.6069,27.1811],[88.5958,27.1893],[88.5852,27.1852],[88.5829,27.1883],[88.5413,27.1818],[88.5256,27.1703],[88.5334,27.1633],[88.5266,27.1565],[88.5305,27.1542],[88.5299,27.148],[88.517,27.1458],[88.5141,27.1398],[88.4969,27.1295],[88.4963,27.1222],[88.4861,27.1239],[88.4839,27.1184],[88.4752,27.1208],[88.4662,27.1122],[88.4587,27.0897],[88.4306,27.0794],[88.3819,27.0944],[88.3566,27.0953],[88.3419,27.1097],[88.3244,27.1055],[88.3166,27.1256],[88.302,27.1289],[88.2952,27.1259],[88.2787,27.1305],[88.2322,27.1185],[88.2156,27.1316],[88.1817,27.1325],[88.1721,27.1272],[88.1625,27.1136],[88.1536,27.1098],[88.1373,27.1159],[88.1337,27.1218],[88.0962,27.1334],[88.0884,27.1447],[88.0866,27.1646],[88.0782,27.1726],[88.0744,27.1856],[88.0736,27.1911],[88.0798,27.1995],[88.065,27.2133]]]]},"properties":{"STNAME":"WEST BENGAL","STCODE11":"19","STNAME_SH":"West Bengal","Shape_Length":7039218.896987812,"Shape_Area":102288826279.4521,"OBJECTID_1":30,"OBJECTID":30,"State_LGD":19,"Shape_Leng":7039218.89699,"MaxSimpTol":300,"MinSimpTol":300}},{"type":"Feature","id":31,"geometry":{"type":"MultiPolygon","coordinates":[[[[80.9287,15.7148],[80.931,15.7181],[80.9286,15.7165],[80.9287,15.7148]]],[[[80.8126,15.7302],[80.8129,15.7318],[80.8114,15.7331],[80.8126,15.7302]]],[[[80.7941,15.7535],[80.7957,15.7554],[80.794,15.7545],[80.7941,15.7535]]],[[[80.7925,15.7562],[80.7937,15.7573],[80.7935,15.7579],[80.7925,15.7562]]],[[[80.7928,15.7579],[80.7938,15.759],[80.7925,15.7582],[80.7928,15.7579]]],[[[80.794,15.7706],[80.7925,15.7704],[80.7928,15.769],[80.794,15.7706]]],[[[81.007,15.791],[81.008,15.7957],[81.0058,15.7915],[81.007,15.791]]],[[[81.0166,15.8065],[81.0052,15.8163],[81.0119,15.8087],[81.0081,15.7993],[81.0124,15.8042],[81.0193,15.7932],[81.0166,15.8065]]],[[[80.7909,15.8281],[80.7924,15.8303],[80.7896,15.8323],[80.7909,15.8281]]],[[[80.7886,15.837],[80.7891,15.8395],[80.7874,15.8428],[80.7886,15.837]]],[[[80.7861,15.8551],[80.7835,15.8547],[80.7874,15.8448],[80.7861,15.8551]]],[[[80.7775,15.8637],[80.7753,15.8634],[80.7839,15.8578],[80.7775,15.8637]]],[[[84.6756,19.1677],[84.6688,19.1669],[84.6652,19.1307],[84.6521,19.1303],[84.642,19.1346],[84.6415,19.1306],[84.6289,19.1306],[84.6277,19.1276],[84.5934,19.1333],[84.6007,19.1275],[84.6092,19.1077],[84.6074,19.1017],[84.6165,19.101],[84.6175,19.1053],[84.6234,19.1],[84.6206,19.0948],[84.6234,19.0858],[84.6298,19.0875],[84.6291,19.083],[84.6322,19.0896],[84.6347,19.0868],[84.6347,19.0906],[84.6449,19.0971],[84.6569,19.0953],[84.6677,19.0753],[84.661,19.0755],[84.659,19.0639],[84.6518,19.0684],[84.6395,19.0682],[84.635,19.0609],[84.6289,19.0613],[84.6257,19.0671],[84.6162,19.0668],[84.6186,19.057],[84.6113,19.0575],[84.5992,19.0262],[84.5921,19.0232],[84.5796,19.031],[84.5812,19.0434],[84.5752,19.0414],[84.5809,19.0502],[84.5808,19.0741],[84.5726,19.0685],[84.5708,19.0746],[84.5545,19.0575],[84.5412,19.056],[84.5244,19.0472],[84.5143,19.0494],[84.5046,19.0361],[84.4945,19.0318],[84.4806,19.0175],[84.4808,19.0052],[84.474,18.9903],[84.4589,18.9944],[84.4585,18.9982],[84.4466,19.0043],[84.4396,19.0045],[84.4296,19.0144],[84.4225,19.0149],[84.4237,19.0201],[84.419,19.0229],[84.42,19.0137],[84.4305,19.0075],[84.4298,18.9957],[84.4412,18.9927],[84.4416,18.9862],[84.45,18.9786],[84.441,18.97],[84.4288,18.97],[84.4302,18.9599],[84.4222,18.9484],[84.4289,18.9373],[84.4256,18.9332],[84.4362,18.9333],[84.436,18.9218],[84.429,18.9179],[84.4263,18.9102],[84.4169,18.919],[84.4143,18.9153],[84.4202,18.9066],[84.416,18.8985],[84.398,18.8966],[84.3917,18.9056],[84.3835,18.9016],[84.3768,18.9054],[84.3831,18.8971],[84.3954,18.8919],[84.3964,18.8851],[84.3901,18.8775],[84.3862,18.8854],[84.3793,18.8877],[84.3798,18.8826],[84.3581,18.8956],[84.3704,18.8793],[84.3822,18.8754],[84.3723,18.8627],[84.3645,18.8653],[84.3601,18.8621],[84.3366,18.8895],[84.3307,18.883],[84.3257,18.8759],[84.3332,18.8603],[84.3451,18.8489],[84.3629,18.84],[84.3576,18.8325],[84.3501,18.8328],[84.3476,18.8215],[84.3288,18.8189],[84.3425,18.803],[84.3254,18.8002],[84.319,18.788],[84.2869,18.8049],[84.2845,18.7935],[84.2577,18.784],[84.2529,18.7885],[84.2411,18.7896],[84.2388,18.7981],[84.2347,18.7995],[84.2318,18.7957],[84.2243,18.7997],[84.2124,18.7964],[84.2161,18.7911],[84.1933,18.7926],[84.1879,18.7786],[84.1812,18.7832],[84.1738,18.781],[84.1677,18.7892],[84.1615,18.7902],[84.1566,18.7842],[84.1384,18.7782],[84.14,18.7652],[84.1356,18.7625],[84.1298,18.7618],[84.1204,18.7689],[84.0892,18.7585],[84.0897,18.7638],[84.0853,18.7663],[84.076,18.7657],[84.0681,18.7821],[84.06,18.7823],[84.06,18.799],[84.0447,18.8025],[84.0436,18.8138],[84.0365,18.8173],[84.0311,18.8125],[84.0232,18.8179],[84.0135,18.818],[84.0138,18.8099],[84.0079,18.8126],[84.0036,18.8096],[83.9919,18.8145],[83.9851,18.811],[83.9636,18.8156],[83.9482,18.8061],[83.942,18.8087],[83.9424,18.8153],[83.9356,18.8191],[83.9297,18.8168],[83.9138,18.8289],[83.8976,18.8253],[83.8912,18.8154],[83.8857,18.8319],[83.8667,18.8517],[83.8515,18.8594],[83.8461,18.8689],[83.8438,18.8761],[83.849,18.8997],[83.8459,18.9134],[83.8384,18.9194],[83.8267,18.9161],[83.829,18.9304],[83.8198,18.9391],[83.8191,18.945],[83.8219,18.9601],[83.8092,18.9918],[83.7932,19.0046],[83.7927,19.0189],[83.7759,19.0184],[83.78,19.0093],[83.7649,19.0073],[83.7608,18.9993],[83.7573,19.0032],[83.7456,18.9967],[83.7459,18.975],[83.7533,18.9723],[83.757,18.9516],[83.7677,18.9557],[83.7706,18.9453],[83.7742,18.9462],[83.7769,18.9376],[83.7825,18.9345],[83.7859,18.9168],[83.775,18.9127],[83.7674,18.9152],[83.7612,18.9282],[83.7534,18.9263],[83.7406,18.9499],[83.7331,18.9875],[83.7141,18.9939],[83.7096,19.0025],[83.7104,19.007],[83.724,19.0101],[83.7301,19.0218],[83.7002,19.0253],[83.6854,19.0584],[83.6767,19.065],[83.6747,19.0719],[83.6611,19.081],[83.6629,19.0988],[83.6472,19.1185],[83.6497,19.1231],[83.6545,19.122],[83.6551,19.1295],[83.6367,19.1327],[83.6318,19.1407],[83.6378,19.153],[83.634,19.1593],[83.6241,19.1636],[83.6255,19.1516],[83.6189,19.1426],[83.614,19.138],[83.606,19.1406],[83.5972,19.1311],[83.5959,19.1197],[83.6087,19.097],[83.591,19.0936],[83.5837,19.0875],[83.5825,19.0589],[83.5616,19.0609],[83.5617,19.0675],[83.5671,19.0716],[83.5603,19.0869],[83.5525,19.0875],[83.5471,19.0814],[83.5556,19.0571],[83.5497,19.0555],[83.545,19.0446],[83.5398,19.0424],[83.5353,19.0117],[83.501,19.0205],[83.4966,19.0353],[83.5076,19.0357],[83.5149,19.0283],[83.5194,19.0389],[83.5132,19.0482],[83.5169,19.0569],[83.5118,19.0701],[83.4999,19.0668],[83.4989,19.0627],[83.4809,19.0783],[83.4864,19.0874],[83.4835,19.0921],[83.4717,19.0962],[83.4661,19.094],[83.4653,19.0886],[83.4743,19.0865],[83.4765,19.0802],[83.4644,19.0808],[83.4604,19.0647],[83.4673,19.062],[83.4688,19.0438],[83.4814,19.0345],[83.4778,19.0094],[83.4697,19.0082],[83.4596,19.0133],[83.4481,19.0108],[83.4533,18.9922],[83.4659,18.992],[83.4623,18.981],[83.4666,18.9813],[83.4679,18.9702],[83.4599,18.9557],[83.4456,18.958],[83.446,18.9657],[83.439,18.9762],[83.4156,18.99],[83.4197,19.0001],[83.4122,19.0046],[83.4106,19.0015],[83.3987,19.0103],[83.3827,19.0022],[83.3707,19.0032],[83.3647,19.007],[83.3657,19.017],[83.341,19.019],[83.3349,19.0068],[83.3369,18.9979],[83.3253,19.0033],[83.3088,18.9998],[83.3173,18.9735],[83.3283,18.9671],[83.3328,18.9694],[83.3304,18.9596],[83.3371,18.9541],[83.3363,18.948],[83.3253,18.9456],[83.323,18.9385],[83.3321,18.9265],[83.3484,18.9263],[83.3438,18.9412],[83.3501,18.9433],[83.3509,18.9668],[83.366,18.963],[83.3639,18.958],[83.3694,18.9436],[83.3505,18.9445],[83.3517,18.9309],[83.3578,18.9157],[83.3667,18.9093],[83.3751,18.909],[83.3818,18.9139],[83.3915,18.9085],[83.3764,18.8979],[83.3951,18.8797],[83.4128,18.8745],[83.4031,18.8627],[83.4039,18.8433],[83.3775,18.8318],[83.3704,18.8429],[83.3639,18.8441],[83.346,18.8278],[83.3264,18.8189],[83.3288,18.8072],[83.3184,18.8055],[83.307,18.8102],[83.2827,18.7988],[83.2735,18.7836],[83.2795,18.775],[83.2695,18.7653],[83.2609,18.7707],[83.2414,18.7692],[83.2227,18.776],[83.2258,18.7562],[83.2161,18.7465],[83.2106,18.7315],[83.2047,18.7524],[83.1913,18.7541],[83.176,18.7718],[83.1546,18.7692],[83.1372,18.7863],[83.1133,18.769],[83.1193,18.7668],[83.1203,18.7584],[83.1105,18.7538],[83.0998,18.7337],[83.0929,18.7324],[83.0907,18.7245],[83.0709,18.7065],[83.0695,18.7026],[83.0731,18.7022],[83.0609,18.6846],[83.0562,18.6663],[83.0231,18.6554],[83.0113,18.647],[83.0178,18.6361],[82.999,18.6215],[82.999,18.6086],[83.0134,18.606],[83.0117,18.5953],[83.0238,18.5897],[83.051,18.6002],[83.0512,18.5891],[83.0382,18.5874],[83.0279,18.5745],[83.0431,18.5454],[83.0619,18.5421],[83.0712,18.5498],[83.086,18.5542],[83.0932,18.5476],[83.0916,18.5408],[83.0751,18.5271],[83.0732,18.5155],[83.0533,18.4966],[83.0532,18.4866],[83.0191,18.4572],[83.0228,18.4494],[83.031,18.4489],[83.0391,18.4417],[83.0359,18.4355],[83.0407,18.4252],[83.0585,18.4367],[83.0654,18.431],[83.0636,18.4239],[83.0556,18.4203],[83.0624,18.4104],[83.0753,18.4041],[83.0527,18.3807],[83.0413,18.3801],[83.0202,18.3924],[83.0035,18.3835],[82.9951,18.3863],[82.991,18.3798],[82.9855,18.3796],[82.9814,18.3672],[82.9687,18.3607],[82.9652,18.3597],[82.9584,18.3672],[82.952,18.3623],[82.938,18.3616],[82.9243,18.3689],[82.9204,18.3762],[82.9113,18.3692],[82.8942,18.3816],[82.8907,18.3905],[82.8977,18.4035],[82.895,18.4241],[82.8695,18.4192],[82.8547,18.4262],[82.8511,18.421],[82.8458,18.4338],[82.8235,18.4439],[82.8225,18.4478],[82.8139,18.4516],[82.8014,18.45],[82.7804,18.4315],[82.7852,18.4114],[82.7978,18.4075],[82.7897,18.3969],[82.7921,18.3868],[82.7809,18.3826],[82.7888,18.3639],[82.7747,18.35],[82.7725,18.3412],[82.7638,18.3373],[82.758,18.3403],[82.7535,18.3309],[82.7412,18.3307],[82.7366,18.3277],[82.7393,18.3233],[82.7326,18.321],[82.7232,18.3253],[82.7133,18.3232],[82.7077,18.3139],[82.6928,18.313],[82.6827,18.3043],[82.6746,18.3073],[82.665,18.2988],[82.6557,18.2968],[82.6495,18.3026],[82.6409,18.3028],[82.6421,18.2887],[82.6505,18.2819],[82.6468,18.2736],[82.6411,18.2723],[82.6406,18.2645],[82.6454,18.263],[82.6508,18.2508],[82.636,18.2375],[82.6121,18.2592],[82.5952,18.2655],[82.5951,18.2751],[82.5861,18.2768],[82.5923,18.2854],[82.5893,18.2905],[82.5935,18.2926],[82.5969,18.3049],[82.5943,18.311],[82.5834,18.3092],[82.5796,18.3159],[82.5822,18.3205],[82.5867,18.3186],[82.5932,18.3296],[82.5995,18.3261],[82.6072,18.3279],[82.6095,18.3344],[82.602,18.3523],[82.6145,18.3509],[82.6212,18.3597],[82.606,18.3661],[82.6053,18.3821],[82.5992,18.38],[82.5948,18.3893],[82.5869,18.3924],[82.5829,18.3876],[82.5758,18.3963],[82.5696,18.3953],[82.5607,18.4007],[82.554,18.3944],[82.5505,18.3986],[82.5407,18.3996],[82.5355,18.4062],[82.5471,18.4126],[82.5414,18.4219],[82.552,18.4286],[82.5506,18.4333],[82.5614,18.4485],[82.5542,18.4548],[82.5471,18.4538],[82.5407,18.4584],[82.5428,18.4501],[82.5385,18.4445],[82.5332,18.4587],[82.5273,18.4598],[82.5283,18.4642],[82.5194,18.4656],[82.5342,18.4778],[82.5278,18.4809],[82.5332,18.4883],[82.5265,18.4963],[82.5296,18.5013],[82.527,18.5059],[82.5321,18.511],[82.5189,18.5182],[82.5029,18.5144],[82.4846,18.5288],[82.4859,18.5333],[82.4796,18.5413],[82.4918,18.5444],[82.4873,18.5501],[82.4811,18.5494],[82.4535,18.5216],[82.438,18.5159],[82.4422,18.5146],[82.4417,18.5103],[82.4323,18.4993],[82.4362,18.4956],[82.4302,18.4877],[82.4018,18.465],[82.3943,18.4499],[82.3849,18.4458],[82.3803,18.4333],[82.3625,18.4223],[82.3779,18.4045],[82.3798,18.3904],[82.3844,18.387],[82.3838,18.3682],[82.3682,18.3592],[82.3614,18.345],[82.3473,18.3312],[82.3365,18.3274],[82.3473,18.3173],[82.3542,18.3167],[82.3734,18.3294],[82.3873,18.3292],[82.3934,18.3164],[82.3906,18.2987],[82.3748,18.2814],[82.3642,18.2784],[82.3572,18.2822],[82.343,18.2813],[82.3317,18.2537],[82.3348,18.2415],[82.3251,18.2371],[82.3227,18.232],[82.3354,18.225],[82.3232,18.2112],[82.3092,18.2048],[82.3138,18.1848],[82.3357,18.1729],[82.3517,18.1724],[82.3707,18.1489],[82.3616,18.1356],[82.3381,18.1506],[82.3404,18.1374],[82.3325,18.1276],[82.3341,18.1066],[82.3368,18.0999],[82.3453,18.099],[82.3457,18.0807],[82.3501,18.0773],[82.3391,18.0555],[82.3325,18.0521],[82.3283,18.0588],[82.3206,18.0606],[82.3173,18.0578],[82.3187,18.0457],[82.3065,18.0456],[82.3087,18.0547],[82.297,18.0563],[82.3027,18.0689],[82.2897,18.0696],[82.286,18.0635],[82.2818,18.0652],[82.2709,18.058],[82.2673,18.0459],[82.2599,18.0426],[82.2719,18.0221],[82.2645,17.9956],[82.2445,17.9937],[82.2356,18.0033],[82.2206,18.0024],[82.2074,18.0107],[82.2042,18.0194],[82.1859,18.0159],[82.177,18.0213],[82.1826,18.0295],[82.1672,18.0527],[82.1515,18.0486],[82.1451,18.053],[82.1355,18.0447],[82.1318,18.0606],[82.1233,18.0604],[82.1189,18.065],[82.1004,18.061],[82.0944,18.0682],[82.075,18.0759],[82.0653,18.0581],[82.0599,18.0562],[82.0388,18.058],[82.0359,18.0677],[82.0307,18.07],[82.0057,18.057],[82.0077,18.0308],[81.9926,18.0281],[81.9896,18.0202],[81.9809,18.0189],[81.9622,18.001],[81.9455,18.0001],[81.9341,17.9949],[81.9201,17.9963],[81.9035,17.9817],[81.893,17.9814],[81.8657,17.9685],[81.8082,17.9564],[81.795,17.9427],[81.7879,17.926],[81.7688,17.9177],[81.7483,17.8996],[81.7484,17.8926],[81.7259,17.8791],[81.7104,17.8739],[81.7009,17.9028],[81.6874,17.8865],[81.6716,17.8881],[81.6619,17.8812],[81.6538,17.8681],[81.652,17.8561],[81.6408,17.8402],[81.631,17.8331],[81.6231,17.8346],[81.6172,17.8231],[81.5945,17.8354],[81.5744,17.8388],[81.5635,17.8272],[81.5295,17.8247],[81.5205,17.8188],[81.5005,17.8175],[81.4923,17.8127],[81.4766,17.8385],[81.446,17.8255],[81.4358,17.8327],[81.4169,17.814],[81.4068,17.8209],[81.3961,17.82],[81.3928,17.8162],[81.3933,17.7947],[81.3873,17.7955],[81.3778,17.8053],[81.3545,17.8133],[81.326,17.8152],[81.3052,17.81],[81.2654,17.8111],[81.2156,17.8346],[81.1993,17.847],[81.1661,17.8577],[81.1279,17.827],[81.1024,17.8161],[81.0856,17.7981],[81.096,17.7745],[81.1043,17.7721],[81.0582,17.7331],[81.0505,17.7341],[81.0406,17.7477],[81.0159,17.7451],[80.9913,17.75],[80.9842,17.7557],[80.9734,17.7802],[80.9553,17.7747],[80.9463,17.7602],[80.9279,17.7618],[80.9195,17.7562],[80.9176,17.7482],[80.9144,17.7505],[80.913,17.746],[80.9024,17.7462],[80.8855,17.7357],[80.8947,17.703],[80.8858,17.6813],[80.905,17.6774],[80.8979,17.6689],[80.9124,17.6579],[80.9111,17.6381],[80.9,17.6402],[80.8885,17.6318],[80.8615,17.6343],[80.8496,17.6223],[80.8554,17.6019],[80.8816,17.5963],[80.8931,17.6007],[80.9239,17.6017],[80.9694,17.5981],[80.9984,17.5647],[81.0028,17.5507],[81.0137,17.5367],[81.0148,17.5222],[81.0199,17.5201],[81.0801,17.5151],[81.0976,17.5043],[81.1273,17.5265],[81.1385,17.5163],[81.1449,17.4951],[81.1421,17.4886],[81.1597,17.4844],[81.1483,17.4637],[81.1755,17.4637],[81.1723,17.4491],[81.1933,17.4357],[81.2027,17.434],[81.2053,17.4496],[81.2118,17.4418],[81.2455,17.4331],[81.2685,17.4183],[81.3124,17.4088],[81.3186,17.3985],[81.3226,17.3746],[81.3011,17.3407],[81.274,17.3172],[81.2457,17.3258],[81.2336,17.3204],[81.2103,17.3261],[81.1904,17.3249],[81.1767,17.2877],[81.1782,17.2691],[81.1876,17.2547],[81.174,17.2304],[81.1094,17.2235],[81.0796,17.2153],[81.0546,17.2249],[81.0495,17.2071],[81.0313,17.1904],[81.0154,17.1945],[80.9944,17.1914],[80.9603,17.2041],[80.9413,17.2193],[80.9189,17.2198],[80.9184,17.1898],[80.9264,17.1835],[80.924,17.1579],[80.907,17.1539],[80.8794,17.1609],[80.8783,17.1352],[80.8677,17.1232],[80.8764,17.1056],[80.8676,17.0805],[80.8772,17.0705],[80.8715,17.0699],[80.8558,17.0466],[80.8453,17.04],[80.8288,17.0528],[80.765,17.0667],[80.7389,17.0796],[80.6995,17.0838],[80.695,17.0742],[80.6797,17.0721],[80.6735,17.0667],[80.6711,17.0701],[80.6538,17.0687],[80.6499,17.0714],[80.6571,17.0896],[80.6681,17.095],[80.6706,17.1012],[80.642,17.116],[80.6455,17.1236],[80.6363,17.1286],[80.6183,17.1285],[80.58,17.1531],[80.5632,17.1331],[80.5543,17.1336],[80.5276,17.119],[80.5141,17.1221],[80.5129,17.1093],[80.504,17.0927],[80.5101,17.0869],[80.5054,17.0685],[80.4909,17.051],[80.4714,17.0504],[80.4649,17.0301],[80.4386,17.0376],[80.4317,17.0556],[80.4171,17.0737],[80.419,17.0923],[80.409,17.0915],[80.4038,17.082],[80.3857,17.068],[80.3985,17.0526],[80.3958,17.0358],[80.4074,17.0257],[80.407,17.0158],[80.3879,17.0093],[80.3634,16.9761],[80.4497,16.9548],[80.4935,16.9275],[80.4992,16.9564],[80.5261,16.9479],[80.5347,16.9615],[80.5735,16.9414],[80.5841,16.9289],[80.6019,16.9186],[80.5871,16.9042],[80.5948,16.8989],[80.5959,16.8847],[80.5776,16.879],[80.5683,16.8694],[80.5701,16.8486],[80.5629,16.8329],[80.5655,16.8269],[80.5774,16.8234],[80.5944,16.8029],[80.613,16.7936],[80.5971,16.7923],[80.5702,16.7681],[80.5516,16.7751],[80.5044,16.7787],[80.4863,16.7912],[80.4645,16.7955],[80.4642,16.82],[80.4286,16.8382],[80.4277,16.8498],[80.4121,16.8519],[80.3832,16.8654],[80.3788,16.8616],[80.3828,16.8549],[80.3786,16.8519],[80.4078,16.8483],[80.4042,16.8321],[80.3997,16.8336],[80.3967,16.8275],[80.3861,16.8249],[80.386,16.8163],[80.3804,16.8175],[80.3737,16.8283],[80.3796,16.8411],[80.3734,16.8395],[80.3741,16.8524],[80.3409,16.8597],[80.344,16.8744],[80.3217,16.8797],[80.3238,16.9065],[80.3116,16.9167],[80.3165,16.9485],[80.305,16.9537],[80.3066,16.9738],[80.2935,16.9767],[80.2903,16.9811],[80.2936,16.9964],[80.2827,17.0077],[80.2705,17.004],[80.2649,16.9973],[80.2404,17.0022],[80.2262,17.0154],[80.2229,17.0079],[80.2114,17.0103],[80.2021,17.0171],[80.1996,17.0265],[80.2041,17.0383],[80.1965,17.0441],[80.1873,17.02],[80.1702,17.0169],[80.1678,17.0056],[80.1534,17.007],[80.1402,16.9906],[80.1279,16.9923],[80.1096,16.9873],[80.0952,16.9907],[80.0916,16.9684],[80.0555,16.9715],[80.0574,16.9641],[80.0482,16.9495],[80.0506,16.9365],[80.0404,16.9181],[80.0174,16.915],[80.0124,16.8927],[79.9988,16.8653],[80.0171,16.8543],[80.0469,16.8534],[80.0482,16.8333],[80.0733,16.8172],[80.0706,16.8017],[80.0539,16.7655],[80.055,16.7447],[80.0367,16.7277],[80.0301,16.7144],[80.0076,16.7089],[79.9974,16.7021],[79.9794,16.6654],[79.9631,16.6436],[79.9342,16.6316],[79.9101,16.634],[79.8937,16.6502],[79.8855,16.6874],[79.8775,16.6973],[79.8511,16.7059],[79.8173,16.6919],[79.7989,16.7107],[79.7925,16.7255],[79.7858,16.7302],[79.774,16.7308],[79.7446,16.7191],[79.7229,16.6903],[79.6816,16.6944],[79.6622,16.6867],[79.6483,16.6701],[79.6331,16.6605],[79.5989,16.6733],[79.5756,16.6498],[79.5421,16.6323],[79.5294,16.6307],[79.5039,16.636],[79.494,16.6331],[79.4834,16.6231],[79.4596,16.6237],[79.4472,16.6197],[79.4392,16.6129],[79.4331,16.5908],[79.4187,16.5803],[79.3768,16.5828],[79.3537,16.5793],[79.3401,16.5827],[79.3083,16.5742],[79.291,16.5616],[79.2569,16.5659],[79.2448,16.5318],[79.2286,16.5248],[79.2209,16.5144],[79.2149,16.4879],[79.2171,16.4776],[79.2334,16.4592],[79.2116,16.4474],[79.2077,16.3848],[79.2124,16.3735],[79.2102,16.3583],[79.2144,16.3494],[79.2343,16.3339],[79.2304,16.2825],[79.2246,16.2712],[79.2227,16.2419],[79.2166,16.2274],[79.1719,16.2104],[79.157,16.2093],[79.1197,16.232],[79.1016,16.2229],[79.0841,16.2302],[79.0721,16.2271],[79.048,16.2387],[79.0095,16.2402],[78.9857,16.2107],[78.9603,16.2091],[78.93,16.1981],[78.9054,16.1836],[78.9047,16.1746],[78.9243,16.1358],[78.9221,16.1043],[78.8956,16.0856],[78.8891,16.0852],[78.8722,16.144],[78.8525,16.1489],[78.8339,16.1445],[78.8423,16.0964],[78.8403,16.0782],[78.8194,16.0483],[78.8012,16.0378],[78.7961,16.0284],[78.7855,16.0212],[78.753,16.0163],[78.7355,16.0082],[78.7236,16.0201],[78.6812,16.0348],[78.6505,16.072],[78.6503,16.0788],[78.6273,16.0877],[78.6017,16.084],[78.587,16.0635],[78.5518,16.0428],[78.4748,16.0685],[78.4411,16.0745],[78.4345,16.0712],[78.4079,16.0748],[78.3977,16.0662],[78.3844,16.0646],[78.3655,16.0468],[78.3478,16.0475],[78.3266,16.0368],[78.322,16.0171],[78.3123,16.0115],[78.2995,16.0116],[78.2772,16.0243],[78.2609,16.0258],[78.2555,16.0129],[78.2599,15.9956],[78.2513,15.9768],[78.2517,15.9352],[78.2322,15.924],[78.1845,15.9098],[78.1795,15.902],[78.19,15.8923],[78.1767,15.8768],[78.1754,15.8581],[78.1588,15.8538],[78.1356,15.8547],[78.1301,15.8507],[78.134,15.8363],[78.0988,15.836],[78.0836,15.8409],[78.0849,15.8451],[78.0714,15.8504],[78.0716,15.8618],[78.0559,15.8663],[78.0562,15.8747],[78.0469,15.8749],[78.045,15.9042],[78.0319,15.9074],[78.031,15.903],[78.0255,15.9024],[78.0089,15.8618],[77.9754,15.8834],[77.937,15.8835],[77.888,15.9061],[77.8783,15.9052],[77.8586,15.8837],[77.8388,15.8851],[77.8036,15.8742],[77.7824,15.8762],[77.7669,15.8862],[77.7441,15.8861],[77.7241,15.8958],[77.7128,15.8945],[77.6928,15.8833],[77.6592,15.8855],[77.6365,15.8961],[77.6114,15.9179],[77.5934,15.9119],[77.5809,15.9185],[77.549,15.9191],[77.5135,15.9268],[77.4988,15.9332],[77.466,15.9345],[77.4296,15.9491],[77.4163,15.9424],[77.3977,15.9445],[77.3801,15.9398],[77.3613,15.9494],[77.3241,15.9502],[77.3011,15.958],[77.2847,15.9538],[77.2489,15.9646],[77.2355,15.9572],[77.1853,15.9568],[77.1741,15.9508],[77.1523,15.9491],[77.1374,15.9382],[77.1057,15.93],[77.0846,15.9187],[77.0711,15.9088],[77.0559,15.8816],[77.0337,15.8589],[77.0252,15.8375],[77.0359,15.8296],[77.0407,15.8328],[77.0426,15.8289],[77.0655,15.8274],[77.0638,15.8032],[77.0672,15.8027],[77.0672,15.7878],[77.061,15.7863],[77.057,15.7687],[77.0523,15.7699],[77.0511,15.7645],[77.0565,15.7628],[77.0543,15.7562],[77.048,15.7562],[77.046,15.7404],[77.0494,15.7401],[77.0491,15.7303],[77.0797,15.7275],[77.0789,15.7163],[77.0874,15.7155],[77.0787,15.6952],[77.1093,15.6815],[77.1214,15.6711],[77.1202,15.6676],[77.1289,15.6659],[77.1215,15.6311],[77.1063,15.6375],[77.1014,15.6485],[77.0832,15.6592],[77.0718,15.6467],[77.0305,15.6345],[77.0329,15.605],[77.0263,15.5818],[77.0313,15.5441],[77.0301,15.5027],[77.0148,15.5019],[76.9746,15.5105],[76.974,15.4983],[76.9771,15.4898],[76.9973,15.478],[77.0108,15.4488],[77.032,15.4356],[77.0352,15.4232],[77.0293,15.4044],[77.0473,15.39],[77.0419,15.3619],[77.0448,15.3557],[77.0649,15.3436],[77.0638,15.328],[77.0744,15.3259],[77.1131,15.3337],[77.1126,15.3275],[77.117,15.3258],[77.1184,15.2949],[77.1516,15.2925],[77.152,15.2757],[77.1472,15.2729],[77.167,15.2686],[77.1677,15.2585],[77.1438,15.2572],[77.1362,15.241],[77.1264,15.2405],[77.1251,15.227],[77.1477,15.2239],[77.162,15.2011],[77.1692,15.1714],[77.1629,15.1574],[77.1408,15.1586],[77.1354,15.1498],[77.1378,15.1436],[77.1573,15.1405],[77.1564,15.123],[77.1421,15.1046],[77.1301,15.1008],[77.1282,15.0723],[77.113,15.0341],[77.0937,15.0362],[77.0909,15.0294],[77.0848,15.0307],[77.0825,15.0061],[77.069,15.0048],[77.0441,15.0099],[77.0505,15.0245],[77.0496,15.0331],[77.0041,15.0339],[76.9861,15.0265],[76.9852,15.0152],[76.9659,15.0181],[76.9496,15.0304],[76.9222,15.0313],[76.9184,15.0356],[76.9072,15.0325],[76.895,15.0371],[76.8772,15.0302],[76.8659,15.0597],[76.8609,15.0598],[76.836,15.0793],[76.8238,15.08],[76.8003,15.0959],[76.7924,15.0876],[76.7861,15.0878],[76.7822,15.0774],[76.7767,15.0784],[76.7799,15.0761],[76.7753,15.0723],[76.7736,15.0592],[76.7902,15.0207],[76.7871,15.008],[76.7788,15.0046],[76.7751,14.9931],[76.7606,14.9899],[76.7666,14.9756],[76.7963,14.9692],[76.8183,14.9695],[76.8285,14.9565],[76.8341,14.9565],[76.842,14.9664],[76.8675,14.9699],[76.8696,14.9377],[76.8639,14.8956],[76.8474,14.896],[76.8455,14.8893],[76.8525,14.887],[76.8539,14.8692],[76.8572,14.8691],[76.8541,14.8433],[76.8418,14.8366],[76.8455,14.8341],[76.846,14.8221],[76.8546,14.8181],[76.854,14.8095],[76.8374,14.8106],[76.8368,14.7908],[76.8191,14.7931],[76.8177,14.7876],[76.7827,14.786],[76.7896,14.7601],[76.803,14.7419],[76.7865,14.7085],[76.7862,14.6958],[76.7753,14.681],[76.765,14.6022],[76.7803,14.5931],[76.7819,14.5965],[76.7914,14.5547],[76.8028,14.5422],[76.8063,14.5311],[76.8235,14.5269],[76.831,14.5304],[76.8355,14.5213],[76.8556,14.5096],[76.868,14.4741],[76.8843,14.4771],[76.8865,14.4836],[76.9007,14.4892],[76.9748,14.4854],[76.9717,14.4682],[76.9599,14.4506],[76.9448,14.4509],[76.9478,14.4132],[76.9428,14.3998],[76.9158,14.4207],[76.8987,14.398],[76.8848,14.3957],[76.8848,14.3476],[76.9034,14.3227],[76.9272,14.3146],[76.9457,14.3132],[76.9567,14.2944],[76.9371,14.2804],[76.9282,14.2793],[76.9249,14.2738],[76.9358,14.2594],[76.9401,14.2446],[76.952,14.2419],[76.9856,14.2474],[77.0057,14.2358],[77.0361,14.2468],[77.0525,14.2455],[77.0577,14.2438],[77.0618,14.2295],[77.0759,14.2234],[77.0812,14.2142],[77.1078,14.2199],[77.1167,14.2264],[77.1153,14.2546],[77.1205,14.263],[77.1112,14.2616],[77.1102,14.2682],[77.1155,14.2743],[77.1157,14.2925],[77.1306,14.3069],[77.1363,14.3231],[77.1357,14.3369],[77.1669,14.3421],[77.1693,14.3355],[77.1787,14.3355],[77.1974,14.3212],[77.2287,14.3212],[77.2382,14.3174],[77.2473,14.3178],[77.2586,14.331],[77.2866,14.3401],[77.2888,14.3055],[77.2835,14.2828],[77.3638,14.2759],[77.3595,14.234],[77.3792,14.2265],[77.3842,14.221],[77.3832,14.2075],[77.392,14.1989],[77.4141,14.2048],[77.4194,14.2117],[77.4177,14.2259],[77.4097,14.232],[77.4088,14.2599],[77.4054,14.2667],[77.3958,14.2662],[77.3874,14.2709],[77.3888,14.2809],[77.3771,14.3048],[77.379,14.3228],[77.3928,14.3359],[77.4078,14.3376],[77.4284,14.3287],[77.4315,14.3129],[77.4462,14.3175],[77.4452,14.2953],[77.4503,14.2807],[77.4597,14.2805],[77.4818,14.2916],[77.4871,14.2818],[77.4983,14.2789],[77.5039,14.2638],[77.4928,14.231],[77.4959,14.232],[77.4945,14.2243],[77.5033,14.2106],[77.5047,14.194],[77.5171,14.1844],[77.5035,14.1572],[77.4681,14.1649],[77.4671,14.1721],[77.4303,14.1709],[77.4204,14.177],[77.3937,14.1743],[77.3949,14.1608],[77.3851,14.1533],[77.3789,14.1359],[77.3514,14.13],[77.3475,14.1037],[77.3617,14.1154],[77.3906,14.1267],[77.3974,14.1255],[77.4009,14.1188],[77.3888,14.0995],[77.3813,14.0979],[77.3756,14.0794],[77.3637,14.073],[77.3606,14.0626],[77.3405,14.0602],[77.3323,14.0307],[77.3902,14.0167],[77.3797,13.9899],[77.3816,13.9763],[77.3957,13.9838],[77.4259,13.9862],[77.4277,13.9797],[77.434,13.9802],[77.4379,13.9756],[77.4354,13.9476],[77.4121,13.9456],[77.4159,13.9242],[77.4349,13.9197],[77.435,13.915],[77.4205,13.8994],[77.4,13.8883],[77.398,13.9066],[77.3576,13.9034],[77.3529,13.9139],[77.3478,13.916],[77.3713,13.9528],[77.3495,13.9582],[77.3611,13.9909],[77.3362,13.9954],[77.3369,14.0045],[77.3227,14.023],[77.3222,14.03],[77.3066,14.032],[77.2983,14.0216],[77.275,14.0113],[77.2788,14.0325],[77.2704,14.0345],[77.2454,14.012],[77.2198,14.0136],[77.2047,14.0083],[77.174,14.013],[77.171,14.012],[77.1728,14.0011],[77.1492,14.0012],[77.1411,14.0039],[77.1404,14.018],[77.1318,14.044],[77.1274,14.0471],[77.0789,14.0427],[77.0753,14.0435],[77.0761,14.0533],[77.0349,14.0561],[77.0278,14.0622],[77.0298,14.0882],[77.0147,14.1],[77.0241,14.1126],[77.0218,14.1233],[77.0262,14.1251],[77.0259,14.13],[77.0202,14.1313],[77.0204,14.1572],[77.026,14.1748],[77.0233,14.1767],[77.0055,14.184],[76.9838,14.1789],[76.9606,14.1818],[76.9476,14.1982],[76.9427,14.1954],[76.9424,14.1734],[76.9219,14.1695],[76.9198,14.1645],[76.8945,14.1678],[76.8905,14.1429],[76.8859,14.1383],[76.9129,14.1289],[76.9176,14.1289],[76.925,14.1371],[76.9457,14.1183],[76.9535,14.0997],[76.9484,14.0921],[76.9594,14.0917],[76.9735,14.0836],[76.9776,14.0713],[76.9717,14.0581],[76.9324,14.054],[76.9311,14.0302],[76.935,14.0328],[76.9435,14.0298],[76.95,14.0151],[76.9654,14.0115],[76.9995,13.9904],[76.9938,13.9626],[77.0142,13.9549],[77.0244,13.94],[77.0417,13.9335],[77.0473,13.9066],[77.023,13.9026],[77.0163,13.8844],[77.0185,13.8726],[77.0132,13.8716],[77.0142,13.8604],[77.0065,13.8521],[76.9922,13.849],[76.9889,13.8353],[76.978,13.8269],[76.9764,13.8174],[76.9897,13.813],[76.9917,13.8027],[76.9852,13.7908],[76.9985,13.7456],[77.0165,13.7386],[77.0245,13.7793],[77.0434,13.7778],[77.0441,13.7709],[77.058,13.7603],[77.0575,13.753],[77.0647,13.7439],[77.0856,13.7425],[77.0838,13.7567],[77.0904,13.7672],[77.106,13.7678],[77.1368,13.7583],[77.1409,13.7651],[77.1511,13.7662],[77.1731,13.7621],[77.1785,13.7827],[77.1575,13.8061],[77.1626,13.8087],[77.1595,13.8169],[77.1677,13.8213],[77.1687,13.8297],[77.1537,13.8342],[77.156,13.8444],[77.1322,13.8462],[77.1282,13.8565],[77.136,13.8566],[77.1476,13.8685],[77.1686,13.8645],[77.1714,13.8712],[77.1688,13.8896],[77.1621,13.8991],[77.1619,13.9067],[77.1699,13.9207],[77.1847,13.9252],[77.1908,13.9119],[77.1857,13.8762],[77.1814,13.8699],[77.2004,13.8631],[77.2131,13.8862],[77.217,13.8838],[77.2154,13.868],[77.2199,13.8678],[77.2307,13.9034],[77.2356,13.9042],[77.2365,13.9011],[77.2483,13.9013],[77.2464,13.868],[77.2591,13.8632],[77.2567,13.8466],[77.2803,13.8511],[77.2883,13.8475],[77.2949,13.8574],[77.3106,13.8629],[77.3115,13.8666],[77.3215,13.856],[77.3254,13.8333],[77.3368,13.8328],[77.3624,13.8543],[77.3769,13.8507],[77.3819,13.8394],[77.4325,13.8433],[77.4164,13.8088],[77.4287,13.8068],[77.4226,13.7991],[77.437,13.7967],[77.4453,13.8111],[77.4646,13.8061],[77.4565,13.7888],[77.4614,13.7884],[77.4651,13.7587],[77.4706,13.7581],[77.4646,13.7342],[77.4651,13.7109],[77.4501,13.7109],[77.4553,13.6823],[77.4921,13.6899],[77.485,13.7148],[77.5142,13.7133],[77.5124,13.6973],[77.5252,13.691],[77.5344,13.707],[77.5366,13.7306],[77.522,13.7446],[77.5273,13.7539],[77.5412,13.756],[77.5474,13.7529],[77.5493,13.7407],[77.5606,13.7224],[77.5717,13.7382],[77.5868,13.7335],[77.6,13.7508],[77.6136,13.752],[77.6277,13.7346],[77.6414,13.742],[77.6422,13.7468],[77.6296,13.7542],[77.6188,13.755],[77.6211,13.7685],[77.6513,13.7841],[77.6801,13.7868],[77.6799,13.7724],[77.6717,13.7605],[77.6952,13.7707],[77.7033,13.7698],[77.7085,13.7411],[77.7151,13.7438],[77.7174,13.7411],[77.7222,13.7689],[77.7193,13.8003],[77.7293,13.8023],[77.7407,13.8125],[77.7479,13.8104],[77.7635,13.8173],[77.7815,13.8183],[77.7888,13.8232],[77.7891,13.8305],[77.7823,13.8441],[77.793,13.849],[77.812,13.849],[77.8202,13.8632],[77.8371,13.8698],[77.8273,13.8745],[77.8355,13.881],[77.832,13.8957],[77.8162,13.903],[77.8135,13.9147],[77.8148,13.932],[77.8266,13.9448],[77.8388,13.9359],[77.8957,13.9411],[77.8989,13.9307],[77.8958,13.9204],[77.9154,13.9079],[77.9268,13.9054],[77.9462,13.9354],[77.9589,13.9389],[77.9619,13.955],[77.972,13.9602],[77.9875,13.9555],[77.9802,13.9279],[77.9831,13.9049],[77.9866,13.903],[77.9844,13.8976],[77.9522,13.8903],[77.9491,13.8865],[77.9562,13.836],[77.953,13.8274],[77.9761,13.8295],[77.9921,13.8689],[78.0005,13.873],[78.0116,13.872],[78.0212,13.8639],[78.0462,13.8622],[78.0508,13.876],[78.0489,13.8961],[78.079,13.8812],[78.0819,13.8613],[78.0899,13.8647],[78.1148,13.8629],[78.1165,13.8519],[78.1236,13.8454],[78.1254,13.8316],[78.1137,13.8075],[78.1227,13.7988],[78.1264,13.7864],[78.1138,13.7635],[78.0999,13.7585],[78.0915,13.7423],[78.1043,13.7366],[78.1208,13.7157],[78.1132,13.6928],[78.0924,13.6912],[78.0691,13.6978],[78.0736,13.6878],[78.0657,13.6762],[78.077,13.6734],[78.0785,13.6673],[78.0897,13.6591],[78.0871,13.6431],[78.0989,13.6428],[78.1022,13.6511],[78.1143,13.6574],[78.1256,13.6559],[78.1339,13.6595],[78.1676,13.6559],[78.1682,13.6329],[78.2042,13.6285],[78.2033,13.6066],[78.1902,13.5902],[78.193,13.5649],[78.2029,13.5688],[78.2196,13.5933],[78.2327,13.5869],[78.236,13.5993],[78.2437,13.5976],[78.2595,13.5825],[78.2719,13.5882],[78.3262,13.5949],[78.3506,13.5869],[78.3852,13.5922],[78.4022,13.5873],[78.4018,13.5786],[78.4067,13.5769],[78.3938,13.5523],[78.3942,13.5411],[78.3824,13.5251],[78.3833,13.5156],[78.3744,13.5091],[78.3788,13.4821],[78.3708,13.4696],[78.379,13.4401],[78.3756,13.4374],[78.3817,13.397],[78.3658,13.3587],[78.3776,13.3632],[78.3948,13.3544],[78.3932,13.3508],[78.4084,13.3457],[78.4073,13.3376],[78.4035,13.3361],[78.3849,13.3349],[78.3877,13.3428],[78.383,13.3436],[78.3771,13.332],[78.3871,13.3318],[78.4011,13.3155],[78.4189,13.3206],[78.4217,13.3283],[78.4279,13.3313],[78.4404,13.3285],[78.4442,13.3082],[78.4666,13.3152],[78.4769,13.3227],[78.4834,13.3212],[78.4793,13.3013],[78.4988,13.2996],[78.5048,13.2914],[78.514,13.2906],[78.5133,13.2853],[78.5199,13.2828],[78.5219,13.273],[78.5322,13.267],[78.5393,13.2879],[78.5564,13.2839],[78.5648,13.2948],[78.5632,13.3094],[78.5655,13.312],[78.5775,13.2953],[78.5786,13.2804],[78.5873,13.2807],[78.5853,13.2622],[78.5701,13.2471],[78.5664,13.2209],[78.5794,13.2157],[78.5711,13.2121],[78.5678,13.2016],[78.55,13.2002],[78.5497,13.1897],[78.5673,13.1933],[78.576,13.1867],[78.5797,13.1674],[78.5734,13.1689],[78.5682,13.1618],[78.5501,13.1642],[78.5414,13.1558],[78.5483,13.1486],[78.5446,13.142],[78.5312,13.1414],[78.5233,13.1305],[78.517,13.1316],[78.5185,13.1199],[78.5385,13.1058],[78.5245,13.1012],[78.5234,13.0947],[78.516,13.0966],[78.5094,13.0915],[78.5086,13.0791],[78.5151,13.07],[78.5142,13.0619],[78.498,13.0612],[78.4873,13.0524],[78.4785,13.0546],[78.4731,13.043],[78.4622,13.0433],[78.4636,13.0054],[78.4682,13.0047],[78.4677,12.9986],[78.4748,12.9915],[78.4674,12.9751],[78.4353,12.9811],[78.4327,12.9678],[78.4379,12.964],[78.4291,12.9575],[78.4192,12.9587],[78.4204,12.9478],[78.4111,12.9453],[78.4188,12.9218],[78.4282,12.9321],[78.438,12.9291],[78.4445,12.9197],[78.4667,12.9055],[78.4694,12.8897],[78.4647,12.8668],[78.4641,12.8778],[78.4472,12.8923],[78.4456,12.9118],[78.4349,12.9119],[78.4337,12.9046],[78.4286,12.9021],[78.4122,12.9033],[78.3986,12.9174],[78.3964,12.9074],[78.3887,12.9069],[78.3559,12.9408],[78.3497,12.9358],[78.3538,12.9303],[78.349,12.929],[78.3466,12.9141],[78.3419,12.9119],[78.344,12.9085],[78.3397,12.9032],[78.3235,12.9018],[78.3203,12.8873],[78.3292,12.8846],[78.3345,12.8893],[78.3371,12.8824],[78.331,12.8756],[78.3136,12.8765],[78.3124,12.8586],[78.2821,12.8594],[78.2684,12.8677],[78.2652,12.8621],[78.2522,12.8606],[78.2523,12.829],[78.2456,12.7883],[78.239,12.7684],[78.2309,12.7607],[78.241,12.73],[78.2311,12.7126],[78.2271,12.7149],[78.2057,12.7065],[78.2099,12.7006],[78.1996,12.6931],[78.2098,12.6905],[78.2106,12.6861],[78.2377,12.6858],[78.2393,12.7011],[78.2445,12.7064],[78.2711,12.7051],[78.301,12.6659],[78.3183,12.662],[78.3322,12.6493],[78.3436,12.6488],[78.3714,12.6272],[78.4126,12.6269],[78.427,12.6353],[78.4348,12.6296],[78.4584,12.6297],[78.4649,12.6241],[78.4717,12.6321],[78.4705,12.6446],[78.4747,12.6477],[78.4705,12.6506],[78.4679,12.6759],[78.4845,12.6717],[78.4998,12.6762],[78.5033,12.69],[78.5074,12.6915],[78.5029,12.692],[78.504,12.6987],[78.4965,12.7033],[78.5019,12.7045],[78.503,12.7168],[78.5118,12.7077],[78.52,12.7121],[78.5202,12.7187],[78.5059,12.7226],[78.4891,12.742],[78.4931,12.7472],[78.5052,12.743],[78.5071,12.7372],[78.5138,12.7345],[78.5116,12.7268],[78.5167,12.7244],[78.5209,12.7362],[78.5227,12.7193],[78.527,12.7215],[78.525,12.7155],[78.5375,12.717],[78.5369,12.7134],[78.5443,12.711],[78.535,12.7074],[78.5327,12.7116],[78.5296,12.7103],[78.5349,12.6912],[78.5409,12.6907],[78.5558,12.7002],[78.5549,12.7076],[78.5616,12.7101],[78.5544,12.7193],[78.5638,12.7377],[78.5553,12.7393],[78.5632,12.7514],[78.5583,12.75],[78.5556,12.7558],[78.5615,12.7615],[78.5656,12.7594],[78.5684,12.767],[78.5765,12.7674],[78.576,12.772],[78.5925,12.7827],[78.593,12.7983],[78.6011,12.8037],[78.6004,12.8185],[78.6077,12.8219],[78.6015,12.8509],[78.6131,12.868],[78.6167,12.8886],[78.6268,12.9074],[78.6334,12.9318],[78.6522,12.9291],[78.657,12.9321],[78.638,12.9648],[78.6471,12.9663],[78.6209,12.9913],[78.6555,13.0153],[78.6562,13.0312],[78.7052,13.0153],[78.7145,13.0687],[78.7403,13.064],[78.7518,13.055],[78.7943,13.0666],[78.7976,13.0749],[78.8131,13.0892],[78.842,13.0787],[78.8611,13.0837],[78.8709,13.0819],[78.8698,13.0896],[78.8751,13.0969],[78.8916,13.0971],[78.8957,13.0952],[78.8889,13.0734],[78.8916,13.0331],[78.9291,13.0365],[78.9371,13.0305],[78.9408,13.0364],[78.9291,13.0458],[78.9175,13.0437],[78.9036,13.0477],[78.9126,13.066],[78.9217,13.0661],[78.9239,13.0808],[78.9415,13.0786],[78.9492,13.084],[78.9554,13.0759],[78.9621,13.0788],[78.9703,13.0748],[78.9723,13.0838],[78.995,13.0866],[79.0039,13.0846],[79.0095,13.0773],[79.0369,13.0706],[79.0387,13.0612],[79.0634,13.0531],[79.0628,13.0407],[79.0809,13.0258],[79.0983,13.0261],[79.1074,13.0383],[79.1145,13.0393],[79.1373,13.0348],[79.1483,13.0247],[79.1631,13.0203],[79.1822,13.0319],[79.1848,13.0299],[79.193,13.0467],[79.1804,13.0489],[79.1796,13.0545],[79.1921,13.0562],[79.1783,13.0592],[79.18,13.0643],[79.1873,13.0607],[79.1921,13.0675],[79.1908,13.0734],[79.184,13.0728],[79.1853,13.0797],[79.1806,13.0843],[79.1876,13.0835],[79.1907,13.0888],[79.1931,13.0823],[79.1983,13.0814],[79.2008,13.0889],[79.2344,13.1053],[79.2342,13.1147],[79.2384,13.1186],[79.2303,13.1264],[79.2328,13.1394],[79.21,13.1485],[79.2147,13.157],[79.2273,13.1556],[79.2256,13.1589],[79.2349,13.1709],[79.2427,13.171],[79.2421,13.1497],[79.2449,13.1489],[79.2402,13.1444],[79.2452,13.1383],[79.2539,13.1458],[79.2522,13.1578],[79.2574,13.1608],[79.2621,13.1491],[79.2745,13.1557],[79.2803,13.1529],[79.284,13.1228],[79.3124,13.1262],[79.2992,13.1187],[79.3015,13.1137],[79.2943,13.1096],[79.3072,13.1056],[79.3099,13.112],[79.3189,13.1135],[79.3119,13.1166],[79.3242,13.1186],[79.3186,13.1235],[79.329,13.1306],[79.3396,13.1305],[79.3411,13.1369],[79.3446,13.1368],[79.3452,13.1214],[79.3605,13.1236],[79.3655,13.134],[79.3611,13.1385],[79.3561,13.1646],[79.38,13.163],[79.3792,13.1715],[79.3695,13.1729],[79.3727,13.1789],[79.3877,13.1776],[79.3856,13.1831],[79.374,13.1893],[79.3921,13.1925],[79.399,13.1878],[79.4092,13.1941],[79.4101,13.1905],[79.4384,13.1882],[79.4324,13.197],[79.4438,13.2078],[79.4362,13.2128],[79.4373,13.2196],[79.4538,13.217],[79.4531,13.2384],[79.4415,13.238],[79.44,13.2306],[79.431,13.2297],[79.4398,13.2359],[79.4315,13.2361],[79.4376,13.2429],[79.4185,13.243],[79.4226,13.2513],[79.4168,13.2517],[79.4161,13.2604],[79.4084,13.2653],[79.4176,13.2718],[79.4337,13.275],[79.4347,13.2891],[79.4463,13.2916],[79.4454,13.3013],[79.4305,13.3003],[79.42,13.2896],[79.4157,13.2996],[79.3898,13.2975],[79.3886,13.3098],[79.3819,13.3075],[79.3878,13.3181],[79.402,13.3174],[79.3983,13.3302],[79.4053,13.3351],[79.4147,13.3301],[79.421,13.3363],[79.4316,13.3367],[79.4354,13.3517],[79.4562,13.3386],[79.464,13.3418],[79.4654,13.3388],[79.4805,13.34],[79.4952,13.3452],[79.5103,13.3346],[79.5111,13.342],[79.5259,13.3444],[79.5373,13.3387],[79.5418,13.3273],[79.5393,13.3219],[79.5441,13.3168],[79.5348,13.3014],[79.5412,13.2925],[79.5351,13.2851],[79.5346,13.2754],[79.5584,13.2727],[79.5792,13.2578],[79.5913,13.2615],[79.596,13.2849],[79.6087,13.2875],[79.6061,13.2796],[79.6141,13.2827],[79.6316,13.2697],[79.6332,13.2824],[79.6384,13.2875],[79.6412,13.2756],[79.6425,13.2902],[79.6518,13.2919],[79.6578,13.2839],[79.6638,13.2898],[79.6654,13.2787],[79.6742,13.2818],[79.6781,13.2974],[79.6824,13.2959],[79.6812,13.288],[79.6939,13.2798],[79.6936,13.2735],[79.6888,13.2709],[79.6957,13.2673],[79.6911,13.261],[79.6877,13.2667],[79.6783,13.2617],[79.6842,13.2445],[79.6959,13.2386],[79.693,13.2433],[79.7009,13.2531],[79.7091,13.2511],[79.7125,13.2447],[79.714,13.2358],[79.7061,13.2342],[79.7027,13.2224],[79.7184,13.2165],[79.7216,13.2235],[79.7314,13.2225],[79.7302,13.2326],[79.7373,13.2366],[79.751,13.2165],[79.75,13.208],[79.7598,13.2075],[79.7642,13.2191],[79.7739,13.2192],[79.7754,13.2153],[79.7779,13.2236],[79.7847,13.2279],[79.7931,13.2293],[79.7945,13.2263],[79.7947,13.2421],[79.7816,13.2516],[79.7612,13.2575],[79.748,13.271],[79.735,13.276],[79.7306,13.283],[79.7337,13.2888],[79.7392,13.2914],[79.7442,13.2886],[79.7567,13.2953],[79.7608,13.3185],[79.7917,13.2935],[79.8016,13.3005],[79.8089,13.3173],[79.8361,13.3142],[79.8532,13.316],[79.8535,13.3207],[79.8628,13.3169],[79.868,13.3311],[79.8829,13.3233],[79.8835,13.3329],[79.9148,13.3482],[79.9159,13.3599],[79.9253,13.3584],[79.9313,13.3515],[79.938,13.3555],[79.9494,13.3755],[79.945,13.3818],[79.9482,13.3833],[79.9539,13.3771],[79.958,13.3792],[79.9627,13.3914],[79.9614,13.3956],[79.9443,13.3969],[79.9412,13.4006],[79.9457,13.4078],[79.9345,13.4165],[79.9418,13.4167],[79.9396,13.4251],[79.9525,13.4259],[79.9566,13.4222],[79.9733,13.4297],[79.9724,13.4691],[79.9824,13.4705],[79.984,13.4796],[80.0078,13.4783],[80.0159,13.498],[80.0466,13.4937],[80.0484,13.5123],[80.0355,13.5183],[80.0272,13.5137],[80.0195,13.5193],[80.0176,13.5296],[80.0005,13.5257],[79.9997,13.5423],[80.0169,13.5472],[80.0239,13.5461],[80.0284,13.5388],[80.0569,13.5367],[80.0627,13.5454],[80.0812,13.5498],[80.0886,13.535],[80.0771,13.5264],[80.0782,13.4888],[80.103,13.487],[80.1009,13.4899],[80.1051,13.4934],[80.1082,13.4889],[80.1127,13.506],[80.1317,13.5015],[80.1392,13.5043],[80.1455,13.4995],[80.1452,13.4914],[80.2099,13.4863],[80.2106,13.4905],[80.2146,13.4903],[80.2139,13.4861],[80.2259,13.4851],[80.2418,13.4707],[80.264,13.5627],[80.2683,13.5645],[80.2428,13.6158],[80.2339,13.6571],[80.2351,13.7056],[80.2428,13.7463],[80.2547,13.7765],[80.254,13.7904],[80.2181,13.8814],[80.2017,13.91],[80.1521,14.0259],[80.1338,14.0929],[80.1272,14.1502],[80.1312,14.2288],[80.1391,14.2513],[80.1436,14.2868],[80.1683,14.351],[80.1808,14.5151],[80.196,14.5865],[80.1879,14.6051],[80.1708,14.6141],[80.1391,14.7122],[80.118,14.7358],[80.1097,14.7392],[80.0972,14.7806],[80.0885,14.8252],[80.0849,14.8821],[80.0668,14.9353],[80.0528,15.0122],[80.047,15.0806],[80.0615,15.1419],[80.0877,15.206],[80.0897,15.2301],[80.0838,15.2525],[80.0845,15.2699],[80.1064,15.3207],[80.1113,15.3456],[80.1335,15.3831],[80.2062,15.4734],[80.2196,15.5229],[80.2308,15.5416],[80.2282,15.5571],[80.2382,15.6024],[80.2566,15.6437],[80.2887,15.6938],[80.3456,15.7516],[80.4286,15.8051],[80.5365,15.8527],[80.5439,15.8518],[80.6047,15.8706],[80.6766,15.8807],[80.6806,15.8858],[80.6859,15.8819],[80.7485,15.8744],[80.7674,15.8651],[80.7744,15.8677],[80.807,15.8408],[80.8126,15.8315],[80.8157,15.8113],[80.8024,15.8165],[80.8009,15.8062],[80.7914,15.821],[80.7909,15.8178],[80.7889,15.8323],[80.7858,15.8311],[80.7802,15.842],[80.7796,15.8357],[80.8111,15.7648],[80.8158,15.741],[80.8133,15.7291],[80.8223,15.7108],[80.8102,15.7356],[80.7912,15.754],[80.7903,15.7691],[80.7996,15.7772],[80.7904,15.7702],[80.7884,15.7576],[80.7981,15.7428],[80.8092,15.7354],[80.8098,15.722],[80.8215,15.7097],[80.8437,15.7069],[80.928,15.722],[80.9393,15.7168],[80.9616,15.728],[80.962,15.7331],[80.9734,15.735],[81.0085,15.7545],[81.0144,15.7723],[81.0091,15.789],[81.0054,15.7895],[81.006,15.784],[81.0028,15.7863],[80.9953,15.8035],[81.0009,15.8324],[81.0029,15.8225],[81.0069,15.821],[81.0034,15.8346],[81.0149,15.851],[81.1084,15.9461],[81.148,15.9741],[81.1427,15.9998],[81.1455,16.0133],[81.1913,16.1032],[81.2137,16.2076],[81.2379,16.2469],[81.265,16.2785],[81.3053,16.3039],[81.3924,16.3427],[81.3985,16.3408],[81.4872,16.3554],[81.5359,16.353],[81.547,16.348],[81.6906,16.3278],[81.7208,16.3069],[81.7483,16.3243],[81.8497,16.3732],[81.906,16.3902],[81.9563,16.3961],[81.992,16.4204],[82.233,16.5417],[82.2616,16.5528],[82.2995,16.556],[82.3128,16.5636],[82.3137,16.5588],[82.3108,16.5677],[82.3137,16.5748],[82.3214,16.5809],[82.3212,16.5755],[82.3231,16.5778],[82.33,16.6128],[82.3172,16.662],[82.329,16.6768],[82.3659,16.7068],[82.3595,16.7116],[82.3567,16.7066],[82.3552,16.713],[82.3484,16.7162],[82.3442,16.7478],[82.3585,16.8097],[82.3662,16.8785],[82.367,16.9113],[82.3602,16.9589],[82.3468,16.9816],[82.3368,16.9897],[82.3261,16.9912],[82.3248,16.9855],[82.3385,16.9652],[82.3515,16.9581],[82.3586,16.9407],[82.3627,16.9181],[82.3622,16.8712],[82.3611,16.8546],[82.3582,16.8629],[82.3549,16.8513],[82.3529,16.859],[82.3494,16.8506],[82.3446,16.8582],[82.3395,16.8544],[82.3392,16.86],[82.3326,16.8638],[82.3218,16.8592],[82.3204,16.8491],[82.3142,16.846],[82.3098,16.866],[82.3034,16.8738],[82.295,16.8723],[82.2919,16.8643],[82.2886,16.8767],[82.2832,16.8647],[82.2829,16.8774],[82.2752,16.8676],[82.2699,16.8723],[82.2655,16.8704],[82.2642,16.8826],[82.2587,16.889],[82.2483,16.8761],[82.2546,16.8862],[82.2482,16.9048],[82.2482,16.9305],[82.2516,16.938],[82.2696,16.9402],[82.2779,16.9508],[82.2714,16.948],[82.2686,16.9546],[82.2877,17.013],[82.3195,17.0574],[82.4562,17.1854],[82.5004,17.2201],[82.5939,17.2814],[82.7262,17.3552],[82.992,17.4725],[83.0077,17.4975],[83.0204,17.507],[83.0888,17.5322],[83.1023,17.5417],[83.1619,17.5601],[83.1719,17.5668],[83.1752,17.5744],[83.2129,17.591],[83.2174,17.5986],[83.238,17.6123],[83.2326,17.6202],[83.2396,17.6316],[83.2593,17.6435],[83.2597,17.6499],[83.2821,17.6607],[83.2947,17.6749],[83.2948,17.6897],[83.2961,17.6929],[83.2993,17.6906],[83.2968,17.6937],[83.3061,17.6933],[83.3062,17.6884],[83.3082,17.6975],[83.3055,17.6935],[83.3005,17.6965],[83.3468,17.7263],[83.3443,17.7378],[83.3544,17.7557],[83.3857,17.7772],[83.3912,17.7931],[83.4114,17.8099],[83.4173,17.8344],[83.4117,17.8414],[83.4179,17.8541],[83.4447,17.873],[83.4568,17.8894],[83.4552,17.8964],[83.4715,17.9126],[83.5128,17.9377],[83.5418,17.9613],[83.5583,17.9825],[83.5588,17.9967],[83.5686,18.0099],[83.6928,18.0966],[83.7497,18.1289],[83.8603,18.1744],[83.8894,18.1962],[83.9358,18.2091],[84.0717,18.2766],[84.1285,18.3134],[84.1288,18.3442],[84.133,18.3508],[84.1345,18.3458],[84.1484,18.3738],[84.2547,18.4748],[84.3547,18.555],[84.3571,18.5735],[84.3683,18.5932],[84.4398,18.6596],[84.4372,18.658],[84.4532,18.693],[84.4937,18.7409],[84.5515,18.7906],[84.5578,18.8178],[84.5749,18.8377],[84.5845,18.8635],[84.6036,18.8898],[84.6844,18.9675],[84.6763,18.9678],[84.6869,18.9709],[84.7647,19.0773],[84.7499,19.0834],[84.7007,19.1188],[84.7004,19.1267],[84.6957,19.1273],[84.704,19.1419],[84.6979,19.1453],[84.7084,19.1474],[84.7128,19.1532],[84.7079,19.1606],[84.6822,19.1609],[84.6756,19.1677]],[[82.226,16.7586],[82.2281,16.7607],[82.232,16.7548],[82.2245,16.7529],[82.2175,16.7328],[82.2435,16.7223],[82.2698,16.7218],[82.276,16.7274],[82.2897,16.7267],[82.3055,16.7483],[82.3138,16.7294],[82.3104,16.7188],[82.2945,16.7045],[82.2667,16.6947],[82.239,16.7163],[82.2055,16.7174],[82.1934,16.7216],[82.195,16.7302],[82.1864,16.73],[82.1863,16.7371],[82.2056,16.7346],[82.2119,16.7511],[82.2199,16.7503],[82.2207,16.7575],[82.226,16.7586]]]]},"properties":{"STNAME":"ANDHRA PRADESH","STCODE11":"37","STNAME_SH":"Andhra Pradesh","Shape_Length":5257128.933132569,"Shape_Area":177307958776.35577,"OBJECTID_1":31,"OBJECTID":31,"State_LGD":28,"Shape_Leng":5257128.93313,"MaxSimpTol":300,"MinSimpTol":300}},{"type":"Feature","id":32,"geometry":{"type":"MultiPolygon","coordinates":[[[[79.8069,10.8777],[79.8097,10.8805],[79.806,10.8797],[79.8069,10.8777]]],[[[79.7397,10.9202],[79.7394,10.9214],[79.7388,10.9205],[79.7397,10.9202]]],[[[79.7216,10.935],[79.7216,10.9383],[79.7202,10.9361],[79.7216,10.935]]],[[[79.7666,10.9974],[79.7563,11.0038],[79.7486,11.0032],[79.7473,10.9884],[79.7525,10.9881],[79.7528,10.9829],[79.7585,10.9835],[79.7528,10.9769],[79.7547,10.9719],[79.7594,10.9722],[79.7639,10.9598],[79.7463,10.9563],[79.7446,10.9662],[79.7391,10.9646],[79.7309,10.9705],[79.7192,10.9685],[79.7198,10.9522],[79.7324,10.9512],[79.7345,10.9575],[79.7373,10.9525],[79.724,10.9419],[79.7271,10.9378],[79.723,10.935],[79.7292,10.934],[79.7255,10.9341],[79.7248,10.929],[79.7426,10.9246],[79.743,10.9147],[79.7589,10.9167],[79.7629,10.9137],[79.7575,10.9079],[79.7569,10.8965],[79.7613,10.9018],[79.7635,10.8998],[79.7562,10.8918],[79.7769,10.8966],[79.7773,10.909],[79.7892,10.9085],[79.7953,10.9028],[79.7913,10.9049],[79.7938,10.8988],[79.7825,10.8954],[79.7836,10.8885],[79.7899,10.8904],[79.7903,10.8949],[79.7946,10.8876],[79.8043,10.8911],[79.8285,10.8838],[79.8112,10.8804],[79.811,10.8756],[79.8223,10.8743],[79.8248,10.8649],[79.8116,10.8597],[79.8074,10.8655],[79.8079,10.8557],[79.821,10.8456],[79.828,10.8497],[79.831,10.8274],[79.8507,10.8279],[79.8544,10.9833],[79.8512,10.9943],[79.8394,10.9959],[79.8402,11.0021],[79.8206,10.9982],[79.8152,11.0038],[79.8131,10.9992],[79.8042,10.9977],[79.804,10.9871],[79.7977,10.9826],[79.7863,10.9897],[79.7865,10.9973],[79.7666,10.9974]]],[[[79.6793,11.8146],[79.6759,11.8143],[79.6746,11.8036],[79.6813,11.7963],[79.6839,11.8022],[79.6896,11.8021],[79.6905,11.8085],[79.6793,11.8146]]],[[[79.7003,11.8217],[79.6926,11.8225],[79.692,11.8142],[79.7026,11.8135],[79.7003,11.8217]]],[[[75.5418,11.6963],[75.5444,11.7048],[75.5359,11.7099],[75.5301,11.702],[75.5366,11.6939],[75.5418,11.6963]]],[[[79.7644,11.8338],[79.7367,11.8443],[79.7381,11.837],[79.7294,11.837],[79.7357,11.8094],[79.7245,11.8105],[79.7228,11.7965],[79.7138,11.7963],[79.7123,11.7916],[79.7261,11.7826],[79.755,11.7753],[79.7619,11.7908],[79.7658,11.7919],[79.7706,11.7896],[79.7719,11.7822],[79.7804,11.7812],[79.7844,11.7874],[79.7958,11.7855],[79.807,11.8336],[79.7982,11.8387],[79.7936,11.8324],[79.8006,11.8307],[79.7975,11.8246],[79.7957,11.8285],[79.7802,11.8319],[79.773,11.8227],[79.7678,11.8227],[79.7644,11.8338]]],[[[79.6617,11.8393],[79.6473,11.8442],[79.641,11.8241],[79.6463,11.8163],[79.6596,11.8128],[79.6712,11.8149],[79.6713,11.8236],[79.6594,11.8295],[79.6617,11.8393]]],[[[79.6991,11.8613],[79.6994,11.8743],[79.696,11.8604],[79.6991,11.8613]]],[[[75.5462,11.7563],[75.5377,11.7626],[75.5313,11.7586],[75.5406,11.7486],[75.5416,11.7388],[75.5403,11.7347],[75.5319,11.7345],[75.5266,11.7261],[75.5312,11.7084],[75.5375,11.7122],[75.5325,11.7158],[75.5366,11.7194],[75.5378,11.716],[75.5479,11.7154],[75.5555,11.7217],[75.5558,11.7277],[75.5433,11.7344],[75.5462,11.7563]]],[[[79.6345,11.881],[79.6297,11.8813],[79.6297,11.8886],[79.6212,11.8906],[79.6082,11.8769],[79.5993,11.8829],[79.602,11.8578],[79.6194,11.8627],[79.6191,11.8701],[79.6285,11.8698],[79.6269,11.8543],[79.6471,11.8502],[79.6578,11.8527],[79.6627,11.8673],[79.6485,11.8705],[79.6484,11.8803],[79.6405,11.8806],[79.6411,11.8866],[79.6348,11.8888],[79.6345,11.881]]],[[[79.6865,11.9732],[79.6767,11.9681],[79.6622,11.9691],[79.66,11.9584],[79.6538,11.9606],[79.6545,11.9537],[79.6733,11.9479],[79.6846,11.9534],[79.6865,11.9732]]],[[[79.7623,12.0027],[79.7476,12.0078],[79.7334,11.9933],[79.7206,11.9927],[79.7158,11.9848],[79.7124,11.9865],[79.7093,11.9757],[79.716,11.971],[79.715,11.9676],[79.7034,11.9671],[79.698,11.9604],[79.6957,11.9639],[79.6916,11.9514],[79.6972,11.9418],[79.7111,11.9331],[79.7096,11.9498],[79.7208,11.9449],[79.7175,11.929],[79.7406,11.9055],[79.7313,11.9032],[79.7289,11.8903],[79.7111,11.8908],[79.7053,11.8939],[79.709,11.9033],[79.7066,11.9135],[79.7179,11.9134],[79.7186,11.919],[79.6962,11.9192],[79.6954,11.8948],[79.6871,11.8945],[79.6868,11.8889],[79.6738,11.8916],[79.674,11.8807],[79.685,11.881],[79.6857,11.8862],[79.71,11.8892],[79.7082,11.8691],[79.7174,11.8545],[79.7196,11.853],[79.7211,11.8625],[79.7399,11.8646],[79.7431,11.8485],[79.7539,11.8502],[79.7574,11.8761],[79.7685,11.876],[79.7708,11.8614],[79.7621,11.8484],[79.7661,11.8406],[79.7758,11.8385],[79.7817,11.8558],[79.8006,11.8553],[79.8077,11.8468],[79.8077,11.8364],[79.8226,11.8765],[79.8406,11.9558],[79.8288,11.9584],[79.8184,11.9779],[79.8125,11.9779],[79.8064,11.9681],[79.805,11.9533],[79.7847,11.9599],[79.7715,11.9439],[79.7599,11.9436],[79.7621,11.9286],[79.755,11.9261],[79.7562,11.9204],[79.7502,11.9199],[79.7445,11.965],[79.7245,11.9713],[79.7234,11.9771],[79.7264,11.9858],[79.7419,11.9777],[79.7481,11.9848],[79.7604,11.9892],[79.7623,12.0027]],[[79.7753,11.905],[79.7879,11.8968],[79.7964,11.8999],[79.7923,11.8769],[79.7872,11.8735],[79.7851,11.863],[79.7806,11.8628],[79.7796,11.878],[79.7726,11.8759],[79.7728,11.9005],[79.7691,11.9007],[79.7753,11.905]]],[[[79.8053,12.0245],[79.7893,12.0277],[79.7883,12.0192],[79.7983,12.017],[79.8053,12.0245]]],[[[79.6514,12.0223],[79.6264,12.0319],[79.6292,12.0187],[79.621,12.0143],[79.6188,12.0019],[79.6261,11.9996],[79.6236,11.9893],[79.6171,11.9896],[79.6244,11.9818],[79.6245,11.976],[79.6185,11.9699],[79.6275,11.9681],[79.6285,11.9452],[79.6189,11.9432],[79.6184,11.9261],[79.6283,11.9196],[79.6253,11.903],[79.6321,11.9013],[79.6406,11.9022],[79.6411,11.9077],[79.6559,11.9079],[79.656,11.9129],[79.6689,11.9184],[79.6693,11.9375],[79.6607,11.9371],[79.6574,11.9481],[79.6427,11.9421],[79.6422,11.9539],[79.6473,11.9534],[79.6483,11.9673],[79.6364,11.9778],[79.6364,11.998],[79.6423,11.9993],[79.6514,12.0223]]],[[[79.7048,12.032],[79.6928,12.0353],[79.6842,12.0217],[79.6765,12.0216],[79.6722,12.0097],[79.6614,12.0123],[79.6569,11.9916],[79.6625,11.9895],[79.6738,11.9951],[79.6808,11.9833],[79.6854,11.9916],[79.7196,11.9922],[79.7028,12.0111],[79.7048,12.032]]],[[[79.8571,12.0068],[79.8738,12.0426],[79.8498,12.0518],[79.8405,12.0133],[79.8571,12.0068]]],[[[82.3203,16.5657],[82.32,16.5669],[82.3196,16.5662],[82.3203,16.5657]]],[[[82.3196,16.5674],[82.3181,16.5672],[82.319,16.5663],[82.3196,16.5674]]],[[[82.3206,16.5681],[82.3203,16.5686],[82.3198,16.5686],[82.3206,16.5681]]],[[[82.3194,16.5728],[82.3189,16.5757],[82.3151,16.5721],[82.3173,16.5677],[82.3194,16.5728]]],[[[82.3445,16.6069],[82.3356,16.5956],[82.3295,16.5951],[82.3313,16.5918],[82.3359,16.5895],[82.3445,16.6069]]],[[[82.3376,16.6046],[82.3367,16.6125],[82.3309,16.618],[82.337,16.6076],[82.3352,16.6045],[82.3306,16.6071],[82.3352,16.6029],[82.3376,16.6046]]],[[[82.232,16.7548],[82.2281,16.7607],[82.2207,16.7575],[82.2199,16.7503],[82.2119,16.7511],[82.2056,16.7346],[82.1863,16.7371],[82.1864,16.73],[82.195,16.7302],[82.1934,16.7216],[82.2055,16.7174],[82.239,16.7163],[82.2667,16.6947],[82.2945,16.7045],[82.3104,16.7188],[82.3138,16.7294],[82.3055,16.7483],[82.2897,16.7267],[82.276,16.7274],[82.2698,16.7218],[82.2435,16.7223],[82.2175,16.7328],[82.2245,16.7529],[82.232,16.7548]]]]},"properties":{"STNAME":"PUDUCHERRY","STCODE11":"34","STNAME_SH":"Puducherry","Shape_Length":510322.7918595736,"Shape_Area":528748483.84963727,"OBJECTID_1":32,"OBJECTID":32,"State_LGD":34,"Shape_Leng":510322.79186,"MaxSimpTol":300,"MinSimpTol":300}},{"type":"Feature","id":33,"geometry":{"type":"MultiPolygon","coordinates":[[[[72.7326,19.4672],[72.7303,19.4692],[72.7288,19.4657],[72.7328,19.4592],[72.7369,19.4658],[72.7326,19.4672]]],[[[72.9786,20.3319],[72.9617,20.3323],[72.9528,20.3153],[72.9715,20.2971],[72.9743,20.3108],[72.983,20.3185],[72.9786,20.3319]]],[[[74.3952,22.0338],[74.3866,22.0338],[74.396,22.0303],[74.3981,22.0228],[74.3842,22.0174],[74.3756,22.0004],[74.3445,21.9751],[74.3122,21.9734],[74.3007,21.967],[74.2945,21.9593],[74.2893,21.9398],[74.281,21.933],[74.1929,21.9258],[74.1789,21.9313],[74.1638,21.947],[74.1467,21.9528],[74.1443,21.9476],[74.1398,21.9468],[74.1366,21.9511],[74.1283,21.9497],[74.0501,21.9262],[74.0287,21.9113],[73.9654,21.8843],[73.9296,21.8644],[73.9095,21.857],[73.8875,21.8545],[73.8728,21.8417],[73.8167,21.8408],[73.8082,21.8376],[73.7957,21.8246],[73.8039,21.8196],[73.8079,21.8098],[73.827,21.8101],[73.8324,21.8015],[73.8264,21.7979],[73.8273,21.7927],[73.8377,21.7893],[73.8289,21.786],[73.8296,21.7777],[73.8343,21.7749],[73.8241,21.761],[73.8665,21.7189],[73.883,21.7125],[73.8944,21.6759],[73.888,21.6532],[73.8738,21.6472],[73.8597,21.642],[73.852,21.6461],[73.8496,21.6386],[73.8386,21.633],[73.8304,21.6423],[73.8248,21.6397],[73.8143,21.6441],[73.8124,21.64],[73.7881,21.634],[73.7802,21.6282],[73.7814,21.6185],[73.7977,21.6046],[73.8139,21.6007],[73.8348,21.5202],[73.8534,21.4973],[73.8694,21.501],[73.8727,21.5063],[73.8664,21.507],[73.8645,21.5122],[73.8767,21.5117],[73.878,21.5043],[73.9054,21.5157],[73.9043,21.5241],[73.9157,21.5191],[73.926,21.5253],[73.9319,21.512],[73.9456,21.5165],[73.9518,21.5126],[73.956,21.5252],[73.9546,21.5402],[73.9605,21.5405],[73.9662,21.5215],[73.9823,21.5218],[73.974,21.5426],[73.9826,21.5401],[73.9934,21.5418],[73.9982,21.5387],[74.0018,21.5418],[74.0002,21.5449],[74.0038,21.5454],[74.0052,21.5534],[74.0103,21.5491],[74.0207,21.5499],[74.0347,21.5459],[74.0379,21.5507],[74.037,21.5449],[74.0432,21.5423],[74.0456,21.5472],[74.0473,21.5438],[74.0501,21.5478],[74.0541,21.5477],[74.0537,21.5585],[74.0599,21.5502],[74.0818,21.5487],[74.0793,21.5541],[74.095,21.5506],[74.0982,21.5557],[74.1047,21.5561],[74.1099,21.5559],[74.1131,21.5484],[74.1201,21.5562],[74.1198,21.5515],[74.1298,21.5511],[74.1367,21.5463],[74.1392,21.5553],[74.154,21.5568],[74.1577,21.5687],[74.1758,21.5687],[74.1751,21.5564],[74.1826,21.5422],[74.1931,21.5395],[74.1984,21.5321],[74.2281,21.549],[74.229,21.5541],[74.2363,21.5483],[74.236,21.5393],[74.2634,21.5398],[74.2684,21.5525],[74.2779,21.5533],[74.2761,21.5619],[74.2949,21.569],[74.3029,21.5666],[74.3031,21.5521],[74.3207,21.5517],[74.322,21.5485],[74.3301,21.5529],[74.3317,21.5439],[74.3264,21.5423],[74.3306,21.5353],[74.3256,21.5359],[74.3208,21.529],[74.3206,21.4984],[74.3039,21.4994],[74.304,21.4879],[74.2558,21.4766],[74.2534,21.4676],[74.2356,21.4675],[74.2344,21.4822],[74.2142,21.4816],[74.2091,21.4621],[74.1877,21.4581],[74.1823,21.4691],[74.1731,21.4663],[74.161,21.4688],[74.1475,21.4613],[74.1481,21.458],[74.1359,21.4561],[74.1338,21.4658],[74.1252,21.4666],[74.1169,21.4619],[74.1163,21.4523],[74.1007,21.4476],[74.0946,21.4557],[74.0723,21.457],[74.0755,21.4597],[74.0728,21.4687],[74.0631,21.4746],[74.0613,21.4618],[74.0456,21.446],[74.0495,21.4401],[74.0447,21.4191],[74.0235,21.4177],[74.0027,21.4213],[74.0024,21.4173],[73.9823,21.4078],[73.9767,21.4117],[73.9778,21.4072],[73.9703,21.3976],[73.9593,21.3953],[73.9518,21.3952],[73.947,21.4049],[73.9387,21.4048],[73.9439,21.3998],[73.949,21.351],[73.9422,21.3254],[73.9416,21.2987],[73.9322,21.2905],[73.9221,21.2895],[73.8972,21.2721],[73.8794,21.2658],[73.8498,21.2746],[73.8266,21.2676],[73.8227,21.2707],[73.8283,21.2398],[73.8116,21.231],[73.8106,21.2074],[73.8153,21.1972],[73.8259,21.1999],[73.8257,21.187],[73.8197,21.1865],[73.8157,21.1739],[73.8028,21.1748],[73.7848,21.1839],[73.7812,21.1709],[73.7721,21.1646],[73.7402,21.1675],[73.7401,21.171],[73.7283,21.1617],[73.7369,21.1531],[73.7316,21.1408],[73.7188,21.1396],[73.7011,21.1461],[73.7016,21.1536],[73.6821,21.1512],[73.6675,21.1545],[73.6639,21.1517],[73.6647,21.1471],[73.6431,21.1394],[73.6272,21.1432],[73.6298,21.1533],[73.6141,21.1557],[73.6071,21.161],[73.6065,21.1787],[73.5997,21.1816],[73.5936,21.1742],[73.5772,21.1706],[73.5831,21.1608],[73.5767,21.1565],[73.5783,21.1503],[73.5986,21.1565],[73.6049,21.1438],[73.6174,21.1425],[73.6117,21.1379],[73.6182,21.1183],[73.6308,21.1231],[73.6462,21.1211],[73.6517,21.1074],[73.677,21.1084],[73.6887,21.1006],[73.7029,21.1182],[73.7053,21.1082],[73.7295,21.0997],[73.7436,21.115],[73.733,21.0984],[73.7297,21.0822],[73.76,21.0692],[73.7801,21.0643],[73.7942,21.0714],[73.8076,21.0846],[73.8107,21.0593],[73.7953,21.0443],[73.7999,21.0386],[73.8276,21.013],[73.8689,20.9851],[73.8922,20.9793],[73.9011,20.9821],[73.9078,20.9596],[73.8989,20.9601],[73.8921,20.9556],[73.888,20.9334],[73.9174,20.9076],[73.9256,20.8883],[73.9236,20.8512],[73.9292,20.8422],[73.9413,20.8402],[73.9395,20.8344],[73.9441,20.8237],[73.932,20.8089],[73.9362,20.8009],[73.9319,20.7605],[73.9414,20.7583],[73.9379,20.7493],[73.9422,20.7423],[73.9302,20.7293],[73.9283,20.7346],[73.9241,20.7336],[73.9172,20.7249],[73.9049,20.7253],[73.8958,20.7319],[73.8826,20.7334],[73.8743,20.7296],[73.8627,20.7032],[73.8563,20.7003],[73.8552,20.6922],[73.8355,20.7021],[73.8256,20.7008],[73.8121,20.6922],[73.8173,20.6718],[73.8307,20.675],[73.8391,20.6588],[73.8327,20.6487],[73.8384,20.6205],[73.8255,20.612],[73.8174,20.6136],[73.8071,20.6083],[73.7985,20.5986],[73.7913,20.6052],[73.7764,20.6008],[73.7676,20.5868],[73.7636,20.5866],[73.7605,20.5733],[73.7447,20.5648],[73.7324,20.5743],[73.6997,20.5752],[73.6954,20.5785],[73.6696,20.5632],[73.6524,20.5645],[73.6451,20.5739],[73.6276,20.5839],[73.6223,20.6142],[73.5996,20.6368],[73.5694,20.6515],[73.5579,20.6456],[73.5509,20.6485],[73.533,20.673],[73.5207,20.6787],[73.518,20.6676],[73.5111,20.666],[73.5044,20.6708],[73.4957,20.6535],[73.4893,20.6557],[73.4891,20.6637],[73.4786,20.6766],[73.4822,20.6797],[73.4863,20.6751],[73.4903,20.6863],[73.4841,20.6915],[73.4747,20.7203],[73.4668,20.722],[73.4592,20.7168],[73.4496,20.7176],[73.4409,20.6997],[73.4484,20.6922],[73.4442,20.6812],[73.4322,20.6773],[73.4337,20.668],[73.4293,20.6634],[73.4131,20.6616],[73.406,20.6549],[73.3958,20.6526],[73.392,20.646],[73.3942,20.6407],[73.4069,20.6354],[73.4098,20.6303],[73.4073,20.6239],[73.4202,20.6272],[73.431,20.5941],[73.4492,20.5942],[73.4733,20.5846],[73.4791,20.5605],[73.4753,20.5435],[73.4939,20.5382],[73.4697,20.5198],[73.4677,20.4964],[73.4592,20.4918],[73.4563,20.4782],[73.4449,20.4747],[73.4355,20.4557],[73.4311,20.4543],[73.4212,20.4299],[73.4232,20.4221],[73.4186,20.4178],[73.4196,20.413],[73.4141,20.4161],[73.4124,20.4106],[73.4049,20.4099],[73.406,20.4029],[73.3988,20.405],[73.396,20.3962],[73.3879,20.3983],[73.3798,20.3934],[73.3829,20.3723],[73.4043,20.3858],[73.4127,20.3608],[73.4137,20.3521],[73.4093,20.3491],[73.4185,20.3304],[73.4139,20.3256],[73.4278,20.28],[73.4233,20.2747],[73.4143,20.274],[73.4159,20.2678],[73.4122,20.2654],[73.4162,20.2586],[73.4114,20.2531],[73.4149,20.2514],[73.4128,20.2444],[73.4177,20.2428],[73.4108,20.2385],[73.4148,20.2358],[73.4137,20.2248],[73.4183,20.2219],[73.4159,20.2129],[73.4215,20.2065],[73.4166,20.1982],[73.4064,20.1955],[73.3946,20.1988],[73.3895,20.1927],[73.384,20.2115],[73.3786,20.2111],[73.3744,20.2044],[73.3664,20.2039],[73.3654,20.1955],[73.3532,20.2014],[73.3614,20.2072],[73.3569,20.2129],[73.3466,20.2096],[73.3434,20.1995],[73.3244,20.2063],[73.3137,20.2024],[73.2995,20.2095],[73.2893,20.1985],[73.2832,20.1981],[73.2782,20.1487],[73.2649,20.1399],[73.254,20.1378],[73.2547,20.127],[73.2501,20.1231],[73.2432,20.1279],[73.2249,20.1236],[73.2249,20.14],[73.2179,20.1364],[73.2107,20.1205],[73.2151,20.1181],[73.2107,20.0858],[73.1973,20.0756],[73.1893,20.0773],[73.1875,20.0588],[73.1923,20.0495],[73.1789,20.0471],[73.1776,20.0511],[73.1661,20.0547],[73.1641,20.0605],[73.1572,20.0628],[73.155,20.0752],[73.1496,20.0782],[73.1467,20.0734],[73.1423,20.0795],[73.1378,20.0787],[73.1372,20.086],[73.112,20.0742],[73.1037,20.0895],[73.0856,20.0907],[73.0643,20.0985],[73.0559,20.099],[73.054,20.0949],[73.0527,20.0645],[73.0396,20.0671],[73.0141,20.0962],[73.0084,20.1082],[73.0013,20.1117],[72.9999,20.1225],[73.0126,20.1296],[73.0115,20.1346],[72.9982,20.1428],[72.9925,20.1177],[72.9771,20.1127],[72.9712,20.1154],[72.9615,20.1312],[72.974,20.1583],[72.9734,20.1732],[72.9776,20.1794],[72.9627,20.1824],[72.9625,20.2094],[72.8994,20.2276],[72.8896,20.22],[72.8705,20.2281],[72.8587,20.2245],[72.8612,20.2074],[72.839,20.2089],[72.8309,20.1965],[72.8369,20.1882],[72.8253,20.1888],[72.816,20.1842],[72.8201,20.1752],[72.8168,20.1727],[72.8197,20.1655],[72.8163,20.1564],[72.8224,20.1547],[72.8244,20.1421],[72.8154,20.1444],[72.8059,20.1543],[72.8007,20.1499],[72.789,20.1491],[72.785,20.1453],[72.7941,20.1227],[72.7752,20.1319],[72.7629,20.1299],[72.7375,20.1348],[72.7324,20.0961],[72.735,20.0923],[72.73,20.0937],[72.727,20.0809],[72.7114,20.0794],[72.7081,20.0711],[72.7224,19.9946],[72.7164,19.9735],[72.722,19.9712],[72.7235,19.9855],[72.7275,19.9887],[72.7318,19.9779],[72.7248,19.9758],[72.7324,19.9718],[72.7353,19.9862],[72.7401,19.9885],[72.7372,19.9846],[72.7417,19.9695],[72.7459,19.9806],[72.7584,19.9845],[72.7658,19.9822],[72.7625,19.9773],[72.7684,19.9779],[72.7677,19.9686],[72.7726,19.9677],[72.7686,19.9644],[72.7766,19.9612],[72.7534,19.9615],[72.7563,19.9565],[72.7469,19.9519],[72.7581,19.9481],[72.7602,19.9528],[72.7705,19.954],[72.7682,19.9455],[72.7746,19.9438],[72.7684,19.9354],[72.7619,19.9361],[72.7674,19.9332],[72.7657,19.9196],[72.7743,19.9151],[72.7683,19.9111],[72.7726,19.9111],[72.7694,19.9073],[72.7754,19.901],[72.7734,19.8985],[72.7659,19.9014],[72.7636,19.8887],[72.7574,19.8822],[72.7539,19.8875],[72.7578,19.8988],[72.7507,19.9164],[72.7472,19.9177],[72.7434,19.9021],[72.7401,19.9109],[72.7373,19.9074],[72.7341,19.9103],[72.739,19.9238],[72.7362,19.9195],[72.7348,19.924],[72.7295,19.921],[72.7305,19.927],[72.7259,19.9283],[72.7283,19.9354],[72.7203,19.938],[72.7251,19.9406],[72.7224,19.9464],[72.7185,19.9452],[72.7189,19.9491],[72.7261,19.951],[72.726,19.9541],[72.7111,19.9602],[72.7182,19.9643],[72.7106,19.9635],[72.721,19.968],[72.7055,19.9666],[72.6979,19.9596],[72.7036,19.9584],[72.69,19.9586],[72.6827,19.9457],[72.6858,19.9415],[72.6816,19.9398],[72.6817,19.9435],[72.6637,19.9337],[72.676,19.9206],[72.677,19.9168],[72.6734,19.9222],[72.6782,19.9009],[72.6859,19.9097],[72.6802,19.8982],[72.6806,19.8663],[72.6881,19.8751],[72.6897,19.8669],[72.6955,19.8651],[72.7014,19.8804],[72.7001,19.8591],[72.6985,19.8565],[72.6958,19.8607],[72.6865,19.8591],[72.684,19.868],[72.6721,19.8547],[72.675,19.852],[72.6806,19.8553],[72.6826,19.8522],[72.6784,19.8482],[72.6751,19.8486],[72.6776,19.853],[72.6712,19.8509],[72.6692,19.8444],[72.6583,19.8478],[72.6546,19.8363],[72.6675,19.8208],[72.6758,19.818],[72.6769,19.8255],[72.6803,19.8243],[72.676,19.8154],[72.6873,19.7961],[72.6913,19.7955],[72.6852,19.7578],[72.6913,19.7386],[72.7041,19.736],[72.7042,19.7271],[72.6947,19.727],[72.7079,19.7111],[72.7135,19.695],[72.7113,19.6872],[72.7155,19.6841],[72.7109,19.6842],[72.7104,19.6917],[72.7068,19.6799],[72.7086,19.6718],[72.7141,19.6693],[72.7115,19.6553],[72.7189,19.6337],[72.7238,19.6329],[72.716,19.6462],[72.7338,19.6292],[72.7319,19.6485],[72.7358,19.6466],[72.7419,19.6505],[72.7479,19.6473],[72.7538,19.6265],[72.7503,19.6193],[72.7431,19.6188],[72.7391,19.6264],[72.7255,19.6287],[72.7311,19.6103],[72.7294,19.6016],[72.7394,19.5988],[72.7441,19.6027],[72.7453,19.6139],[72.7508,19.6167],[72.756,19.6163],[72.7585,19.6084],[72.7574,19.6173],[72.7666,19.6156],[72.7625,19.6222],[72.7712,19.6225],[72.7725,19.6357],[72.773,19.6274],[72.7788,19.627],[72.7741,19.6211],[72.78,19.6174],[72.7754,19.6178],[72.7723,19.6083],[72.7804,19.608],[72.7801,19.6051],[72.7858,19.6079],[72.7821,19.6017],[72.7891,19.5972],[72.7851,19.5944],[72.7782,19.6012],[72.7718,19.5995],[72.7677,19.5864],[72.76,19.6005],[72.7494,19.5975],[72.7423,19.5895],[72.739,19.5945],[72.7469,19.5985],[72.7159,19.5922],[72.7163,19.5729],[72.7202,19.5668],[72.7192,19.5713],[72.7267,19.5668],[72.7225,19.5658],[72.7237,19.5607],[72.7202,19.5652],[72.724,19.5453],[72.7187,19.5397],[72.7235,19.5408],[72.7324,19.5269],[72.7387,19.5291],[72.7374,19.5222],[72.7462,19.5142],[72.7678,19.5075],[72.7728,19.4876],[72.7628,19.4744],[72.7443,19.4619],[72.7607,19.4184],[72.7624,19.3969],[72.7691,19.3965],[72.7686,19.4064],[72.7746,19.4116],[72.7714,19.4178],[72.7749,19.4129],[72.7697,19.4063],[72.7697,19.3951],[72.761,19.3887],[72.7578,19.3756],[72.7752,19.3573],[72.7688,19.3747],[72.7792,19.3515],[72.8,19.3299],[72.7946,19.3074],[72.7894,19.3092],[72.784,19.3018],[72.7841,19.2809],[72.7796,19.2768],[72.7854,19.2648],[72.7799,19.2304],[72.7759,19.2254],[72.7819,19.2157],[72.78,19.2067],[72.7863,19.2037],[72.7824,19.1929],[72.7966,19.1945],[72.7951,19.1723],[72.7816,19.1661],[72.7817,19.1583],[72.7892,19.1504],[72.7866,19.1297],[72.7949,19.1315],[72.7943,19.1408],[72.7981,19.139],[72.8008,19.1424],[72.8196,19.1208],[72.8271,19.092],[72.8213,19.077],[72.8205,19.0589],[72.8239,19.055],[72.8173,19.0433],[72.8224,19.0405],[72.8332,19.0493],[72.8382,19.0485],[72.8383,19.0341],[72.8321,19.0232],[72.8225,19.0176],[72.8152,19.0262],[72.8166,19.013],[72.8122,18.994],[72.8094,18.9948],[72.8147,18.9833],[72.8024,18.9721],[72.803,18.9655],[72.7916,18.9489],[72.7926,18.9396],[72.8084,18.9553],[72.817,18.9515],[72.8234,18.9414],[72.8179,18.9254],[72.8256,18.9199],[72.8168,18.9186],[72.8121,18.9117],[72.8085,18.9147],[72.8144,18.9215],[72.8055,18.9113],[72.8036,18.903],[72.8684,18.7996],[72.8639,18.7879],[72.8677,18.7568],[72.8629,18.7428],[72.865,18.7229],[72.8557,18.6993],[72.8659,18.67],[72.8655,18.6519],[72.8713,18.6404],[72.8836,18.638],[72.9237,18.5457],[72.9337,18.5405],[72.9138,18.5307],[72.9058,18.5404],[72.9115,18.5075],[72.9054,18.5023],[72.9017,18.4756],[72.896,18.4725],[72.895,18.4633],[72.9063,18.439],[72.9064,18.4034],[72.91,18.4031],[72.9127,18.3941],[72.9221,18.394],[72.9262,18.3868],[72.9264,18.3733],[72.912,18.3683],[72.9144,18.3548],[72.9203,18.3475],[72.9242,18.3535],[72.927,18.3499],[72.9336,18.3514],[72.9352,18.3442],[72.9415,18.3444],[72.9532,18.335],[72.9613,18.3197],[72.9557,18.3159],[72.967,18.3112],[72.9701,18.3],[72.9817,18.2996],[72.9904,18.2869],[72.9929,18.2737],[72.9978,18.2852],[73.0158,18.2855],[73.0232,18.2783],[73.0205,18.2706],[73.0287,18.2643],[73.0531,18.2704],[73.0443,18.2811],[73.0424,18.2903],[73.0369,18.2928],[73.0448,18.3131],[73.0588,18.3057],[73.0715,18.308],[73.0881,18.3358],[73.092,18.3284],[73.096,18.331],[73.0934,18.3367],[73.113,18.3295],[73.1127,18.3237],[73.0916,18.326],[73.0828,18.3118],[73.0954,18.2734],[73.1027,18.2654],[73.0946,18.2718],[73.0902,18.2848],[73.0824,18.2925],[73.0535,18.3024],[73.0504,18.297],[73.0552,18.2936],[73.0513,18.293],[73.0517,18.2814],[73.0679,18.2792],[73.0728,18.2635],[73.0717,18.2598],[73.0661,18.2618],[73.0615,18.2522],[73.0781,18.2373],[73.08,18.2224],[73.0873,18.2252],[73.0869,18.2214],[73.0921,18.219],[73.0896,18.2153],[73.0806,18.2149],[73.0821,18.2107],[73.0775,18.209],[73.0774,18.1888],[73.0832,18.1792],[73.0819,18.1715],[73.0945,18.1692],[73.1056,18.1409],[73.0955,18.1409],[73.0924,18.1461],[73.0875,18.1436],[73.0783,18.1532],[73.0718,18.1502],[73.054,18.1829],[73.0506,18.1824],[73.0522,18.201],[73.067,18.2065],[73.0678,18.2125],[73.0489,18.2228],[73.0467,18.2196],[73.0476,18.2233],[73.038,18.2264],[73.0224,18.2408],[73.018,18.238],[73.0165,18.2446],[73.0138,18.2424],[73.0009,18.2479],[72.9792,18.2396],[72.9694,18.2433],[72.9735,18.2465],[72.9682,18.2558],[72.9744,18.263],[72.964,18.2804],[72.9542,18.2779],[72.9507,18.284],[72.9417,18.2854],[72.9356,18.281],[72.9431,18.2457],[72.9421,18.2329],[72.932,18.2192],[72.9386,18.2157],[72.9455,18.223],[72.9572,18.2181],[72.9836,18.1948],[72.984,18.192],[72.9784,18.1918],[72.9899,18.157],[72.9861,18.1555],[72.981,18.1359],[72.9714,18.1316],[72.9795,18.1078],[72.9902,18.0991],[72.9994,18.0746],[72.9898,18.0563],[72.9963,18.0497],[73.002,18.0544],[73.0087,18.0501],[73.0195,18.0296],[73.0178,18.0254],[73.0027,18.0209],[73.0087,18.0111],[73.0168,18.0071],[73.0215,17.994],[73.0187,17.9905],[73.0314,17.9897],[73.0345,17.9803],[73.0368,17.9828],[73.0405,17.9781],[73.0307,17.9692],[73.036,17.9566],[73.029,17.9542],[73.0301,17.944],[73.0394,17.9338],[73.0556,17.932],[73.0528,17.9047],[73.0636,17.8914],[73.0717,17.8935],[73.0752,17.8744],[73.0938,17.8413],[73.0882,17.8383],[73.0942,17.8244],[73.089,17.8083],[73.0906,17.812],[73.0957,17.8113],[73.1126,17.7891],[73.1148,17.7832],[73.1094,17.7881],[73.1201,17.7592],[73.1267,17.752],[73.1253,17.7426],[73.1342,17.718],[73.1447,17.7221],[73.1351,17.7153],[73.14,17.7026],[73.1305,17.706],[73.117,17.6979],[73.1148,17.6844],[73.1213,17.666],[73.1325,17.6548],[73.1356,17.6446],[73.1368,17.6484],[73.1449,17.6385],[73.1327,17.644],[73.1269,17.6376],[73.1376,17.6109],[73.1665,17.5832],[73.172,17.5832],[73.1676,17.5873],[73.1771,17.5826],[73.1758,17.5738],[73.1704,17.5698],[73.168,17.5771],[73.1563,17.5666],[73.1527,17.5737],[73.1437,17.5703],[73.1376,17.5565],[73.155,17.5291],[73.1621,17.53],[73.1784,17.5087],[73.1768,17.5152],[73.179,17.5129],[73.1818,17.5039],[73.185,17.5099],[73.1837,17.5026],[73.1786,17.5075],[73.1944,17.4648],[73.1841,17.4556],[73.187,17.4423],[73.2116,17.4375],[73.2076,17.4347],[73.1978,17.4377],[73.1883,17.4312],[73.1874,17.4145],[73.1766,17.4043],[73.1752,17.4077],[73.1677,17.4044],[73.1764,17.3891],[73.184,17.3848],[73.1908,17.385],[73.192,17.3885],[73.1976,17.386],[73.1982,17.3903],[73.2023,17.3843],[73.2075,17.3861],[73.2098,17.3715],[73.2172,17.37],[73.2171,17.3582],[73.2261,17.354],[73.215,17.3456],[73.227,17.3344],[73.2306,17.3354],[73.2191,17.3292],[73.2308,17.3188],[73.2407,17.3175],[73.2442,17.3216],[73.2421,17.3133],[73.2467,17.3081],[73.2399,17.303],[73.2414,17.2946],[73.2494,17.2961],[73.2494,17.2809],[73.2462,17.2838],[73.2425,17.2804],[73.2432,17.2851],[73.235,17.2859],[73.2266,17.2816],[73.2232,17.3024],[73.2108,17.3036],[73.2051,17.2989],[73.1966,17.3068],[73.1898,17.2988],[73.2044,17.2893],[73.2016,17.2823],[73.2045,17.2696],[73.2116,17.2745],[73.2067,17.2816],[73.2235,17.2655],[73.2223,17.256],[73.2265,17.2561],[73.2284,17.2509],[73.2241,17.2476],[73.2314,17.2458],[73.2327,17.231],[73.2448,17.2225],[73.247,17.2044],[73.2439,17.1984],[73.2496,17.2043],[73.2551,17.2018],[73.2476,17.1955],[73.2365,17.2011],[73.2314,17.1982],[73.2361,17.1932],[73.2523,17.1902],[73.2669,17.1528],[73.2643,17.1623],[73.2685,17.1526],[73.2765,17.1567],[73.272,17.1515],[73.2639,17.1546],[73.2732,17.1201],[73.2675,17.1124],[73.2779,17.1133],[73.2846,17.1008],[73.2816,17.1116],[73.2896,17.1153],[73.2831,17.1108],[73.2869,17.087],[73.2839,17.0801],[73.2911,17.0783],[73.2876,17.0531],[73.2768,17.0357],[73.2733,17.0398],[73.2672,17.0389],[73.2696,17.0431],[73.2653,17.0474],[73.2583,17.0484],[73.2556,17.0271],[73.2587,17.02],[73.2675,17.0252],[73.2752,17.024],[73.283,17.0131],[73.2815,16.9982],[73.269,16.9984],[73.2715,16.9866],[73.2787,16.9931],[73.296,16.9844],[73.2924,16.9562],[73.282,16.9504],[73.2881,16.9344],[73.2826,16.9284],[73.2872,16.9167],[73.2768,16.892],[73.287,16.8929],[73.2871,16.8973],[73.2944,16.8988],[73.3032,16.8914],[73.2862,16.8802],[73.2874,16.8739],[73.2946,16.8689],[73.2955,16.8605],[73.2983,16.8631],[73.3003,16.8605],[73.2882,16.8574],[73.2935,16.8553],[73.2883,16.8443],[73.2939,16.8393],[73.2958,16.8165],[73.3029,16.81],[73.3185,16.8055],[73.318,16.7951],[73.3086,16.7819],[73.3052,16.7661],[73.3055,16.7302],[73.3193,16.7065],[73.3186,16.6965],[73.3301,16.6871],[73.3385,16.6871],[73.3411,16.6971],[73.3447,16.6907],[73.3412,16.689],[73.3412,16.6803],[73.3361,16.6852],[73.3291,16.6849],[73.3329,16.6505],[73.3286,16.6459],[73.3237,16.6478],[73.3228,16.6363],[73.329,16.6413],[73.3414,16.6383],[73.3414,16.6287],[73.3338,16.6262],[73.3303,16.6202],[73.3377,16.6241],[73.3516,16.623],[73.3511,16.6127],[73.3446,16.6116],[73.3395,16.6042],[73.3301,16.6086],[73.3199,16.6077],[73.3167,16.6018],[73.322,16.5837],[73.3304,16.5774],[73.3338,16.559],[73.3261,16.5579],[73.3207,16.5505],[73.3176,16.5565],[73.3144,16.541],[73.3106,16.5413],[73.3182,16.5301],[73.3158,16.5129],[73.3212,16.5162],[73.3251,16.5131],[73.3312,16.4887],[73.3407,16.4783],[73.3519,16.4436],[73.3542,16.4459],[73.3663,16.4411],[73.3754,16.4468],[73.3781,16.4536],[73.3856,16.4493],[73.3788,16.4501],[73.3672,16.4364],[73.3558,16.4422],[73.3581,16.424],[73.3679,16.4011],[73.3662,16.3967],[73.3789,16.396],[73.3865,16.4041],[73.3917,16.4007],[73.3993,16.4022],[73.406,16.4161],[73.4115,16.4133],[73.4161,16.4199],[73.4141,16.4126],[73.4266,16.4106],[73.4634,16.4163],[73.4672,16.4258],[73.4729,16.4285],[73.4741,16.4392],[73.4736,16.4283],[73.4646,16.4162],[73.4804,16.4106],[73.4887,16.4123],[73.4916,16.4186],[73.4992,16.4182],[73.492,16.4177],[73.4895,16.4118],[73.4816,16.4092],[73.4695,16.4144],[73.4294,16.4061],[73.4081,16.4067],[73.4005,16.3888],[73.3876,16.3943],[73.3724,16.3762],[73.3746,16.3861],[73.3717,16.3888],[73.3667,16.3787],[73.3713,16.3737],[73.3682,16.3639],[73.3841,16.3589],[73.3949,16.3678],[73.3928,16.3608],[73.4033,16.3596],[73.4209,16.3725],[73.4387,16.3719],[73.4217,16.3712],[73.4088,16.3573],[73.3977,16.3544],[73.389,16.361],[73.3854,16.3371],[73.3925,16.3296],[73.3961,16.3184],[73.3929,16.3136],[73.3991,16.3004],[73.4049,16.2972],[73.4102,16.2742],[73.417,16.2927],[73.4222,16.2847],[73.4311,16.2895],[73.4334,16.285],[73.4425,16.2934],[73.4493,16.309],[73.4431,16.2931],[73.4343,16.2842],[73.4145,16.2845],[73.4117,16.2727],[73.4159,16.2478],[73.4256,16.2254],[73.4279,16.2023],[73.4378,16.2026],[73.4566,16.1288],[73.4624,16.0897],[73.4581,16.0805],[73.4639,16.0798],[73.4663,16.0723],[73.4623,16.0635],[73.4564,16.0624],[73.4572,16.0538],[73.468,16.0532],[73.4669,16.0464],[73.4751,16.0447],[73.4833,16.0362],[73.4911,16.0093],[73.4897,15.9879],[73.5034,15.9646],[73.5031,15.953],[73.5104,15.9373],[73.5195,15.9411],[73.5313,15.9329],[73.5348,15.9383],[73.5403,15.9372],[73.5501,15.9273],[73.5679,15.9195],[73.57,15.9126],[73.5887,15.9098],[73.5992,15.8873],[73.6061,15.8812],[73.6137,15.8547],[73.6197,15.8581],[73.629,15.8478],[73.6393,15.8196],[73.6365,15.8161],[73.6491,15.8034],[73.6541,15.7915],[73.6659,15.755],[73.6533,15.744],[73.6646,15.7399],[73.6754,15.727],[73.6859,15.7297],[73.6926,15.7277],[73.6943,15.7228],[73.7112,15.7258],[73.7283,15.7198],[73.7425,15.7356],[73.7637,15.7335],[73.7849,15.7254],[73.79,15.7349],[73.8008,15.7351],[73.809,15.7425],[73.8231,15.7399],[73.8308,15.7526],[73.8298,15.7645],[73.8378,15.7671],[73.8433,15.7811],[73.8517,15.7808],[73.8467,15.7864],[73.8565,15.8008],[73.8673,15.7965],[73.8657,15.7847],[73.8796,15.7741],[73.8721,15.7587],[73.8752,15.7507],[73.8991,15.7448],[73.9069,15.7483],[73.9387,15.7427],[73.943,15.7254],[73.9518,15.7163],[73.9473,15.7095],[73.9486,15.702],[73.9437,15.6985],[73.9593,15.6992],[73.9639,15.691],[73.9628,15.6733],[73.9678,15.66],[73.9614,15.6415],[73.9676,15.6302],[73.9789,15.627],[73.9908,15.6115],[74.0211,15.6061],[74.0265,15.6098],[74.031,15.6227],[74.0787,15.6308],[74.0948,15.6417],[74.1131,15.646],[74.1184,15.652],[74.0943,15.6631],[74.0882,15.6725],[74.1089,15.6727],[74.1258,15.681],[74.1322,15.7024],[74.1222,15.7208],[74.1308,15.7234],[74.1419,15.7344],[74.151,15.7358],[74.1616,15.7513],[74.1896,15.7522],[74.2015,15.7586],[74.209,15.7813],[74.2132,15.7801],[74.2275,15.7884],[74.2336,15.787],[74.2346,15.7786],[74.2266,15.7627],[74.2383,15.7441],[74.2541,15.7452],[74.2684,15.7548],[74.2858,15.7416],[74.308,15.7485],[74.3098,15.7549],[74.3187,15.7584],[74.3231,15.7727],[74.3457,15.7646],[74.3676,15.7858],[74.3719,15.7973],[74.3704,15.8107],[74.3604,15.8169],[74.3708,15.8306],[74.3775,15.8323],[74.38,15.8383],[74.3811,15.8354],[74.3832,15.8491],[74.3451,15.8505],[74.3383,15.8549],[74.3633,15.8749],[74.3648,15.8939],[74.3687,15.8944],[74.3662,15.8913],[74.3768,15.8824],[74.3829,15.8601],[74.387,15.8597],[74.3882,15.8543],[74.3976,15.8512],[74.4062,15.8554],[74.4064,15.8645],[74.3929,15.8784],[74.3968,15.8804],[74.3935,15.9001],[74.3869,15.905],[74.4309,15.9566],[74.4379,15.9799],[74.444,15.9864],[74.4448,16.0031],[74.4631,16.038],[74.4566,16.0411],[74.4633,16.0429],[74.4623,16.0499],[74.4572,16.0482],[74.4502,16.054],[74.4429,16.0528],[74.4298,16.0592],[74.4056,16.0519],[74.4022,16.0461],[74.3811,16.0355],[74.3691,16.0392],[74.3774,16.0551],[74.3614,16.0539],[74.3716,16.0683],[74.3723,16.0782],[74.3818,16.0793],[74.3837,16.0829],[74.3909,16.0805],[74.3901,16.0895],[74.407,16.0935],[74.41,16.1021],[74.4277,16.112],[74.4588,16.1038],[74.4728,16.0906],[74.483,16.0901],[74.4912,16.1115],[74.4852,16.1423],[74.4799,16.1471],[74.4884,16.1573],[74.4939,16.1865],[74.5071,16.1916],[74.5078,16.2031],[74.5013,16.2055],[74.4959,16.2152],[74.5032,16.2254],[74.4953,16.2349],[74.4904,16.2349],[74.4806,16.2501],[74.4687,16.2402],[74.4562,16.2439],[74.4549,16.2534],[74.4356,16.2512],[74.4359,16.2588],[74.4177,16.258],[74.4145,16.2827],[74.3827,16.2774],[74.3807,16.262],[74.3731,16.2616],[74.3594,16.2906],[74.3457,16.2938],[74.3432,16.2904],[74.3538,16.2828],[74.3505,16.2754],[74.3439,16.2781],[74.3434,16.2731],[74.3385,16.2714],[74.3334,16.276],[74.3342,16.2688],[74.325,16.2718],[74.3209,16.2845],[74.3259,16.2856],[74.328,16.2933],[74.3348,16.2896],[74.3421,16.2912],[74.3426,16.298],[74.336,16.3071],[74.332,16.3053],[74.3333,16.3135],[74.3252,16.3137],[74.3314,16.3207],[74.3288,16.3238],[74.3167,16.3266],[74.3226,16.3344],[74.3154,16.3401],[74.3271,16.3425],[74.3177,16.3531],[74.3248,16.3599],[74.3173,16.381],[74.3249,16.3783],[74.3276,16.3915],[74.336,16.3938],[74.3474,16.3683],[74.3535,16.3664],[74.3537,16.3819],[74.363,16.3955],[74.3638,16.4051],[74.3449,16.4055],[74.3351,16.4014],[74.3289,16.4191],[74.3368,16.4288],[74.3328,16.4369],[74.3363,16.4457],[74.3298,16.4472],[74.3327,16.4548],[74.3125,16.4532],[74.2971,16.4645],[74.2894,16.463],[74.291,16.5049],[74.2797,16.5048],[74.2745,16.4856],[74.2609,16.4801],[74.2475,16.4969],[74.2781,16.5045],[74.2762,16.5213],[74.2698,16.5222],[74.2642,16.5398],[74.2706,16.548],[74.2812,16.5411],[74.2832,16.5246],[74.2917,16.5339],[74.3017,16.529],[74.3062,16.5037],[74.3152,16.5046],[74.3158,16.5545],[74.3253,16.5563],[74.3398,16.5478],[74.3458,16.555],[74.3552,16.5551],[74.3563,16.5598],[74.358,16.5384],[74.3799,16.5286],[74.3872,16.5362],[74.387,16.5599],[74.393,16.5649],[74.3967,16.5833],[74.4222,16.5845],[74.4264,16.5957],[74.4355,16.6011],[74.4668,16.6068],[74.4659,16.6247],[74.4549,16.6473],[74.4584,16.6487],[74.4565,16.6551],[74.4688,16.6638],[74.4718,16.6641],[74.4768,16.6445],[74.4891,16.6302],[74.5446,16.6355],[74.5436,16.5953],[74.5589,16.5947],[74.567,16.5854],[74.5561,16.5736],[74.5549,16.5645],[74.5686,16.5539],[74.5739,16.5539],[74.5747,16.559],[74.5847,16.5591],[74.588,16.5661],[74.599,16.5643],[74.6096,16.5696],[74.6172,16.5759],[74.6189,16.5841],[74.6287,16.5777],[74.6359,16.5839],[74.6334,16.6004],[74.6401,16.6105],[74.6601,16.6029],[74.6739,16.6092],[74.6871,16.6068],[74.6877,16.6179],[74.6699,16.6294],[74.6591,16.6317],[74.6536,16.6388],[74.6652,16.6657],[74.6796,16.6662],[74.6791,16.6731],[74.6896,16.677],[74.6889,16.6816],[74.6812,16.6809],[74.6809,16.6859],[74.6895,16.6865],[74.6878,16.7086],[74.6911,16.7155],[74.7322,16.7183],[74.7528,16.7309],[74.772,16.7507],[74.7958,16.7478],[74.7988,16.7537],[74.8446,16.7618],[74.8499,16.7728],[74.8658,16.7634],[74.8694,16.7741],[74.9195,16.7725],[74.9109,16.7896],[74.9104,16.8351],[74.9016,16.8626],[74.9266,16.8635],[74.9256,16.872],[74.9353,16.8711],[74.936,16.8792],[74.9445,16.8827],[74.9604,16.881],[74.9637,16.9097],[74.9555,16.9052],[74.9549,16.9102],[74.9444,16.9108],[74.9327,16.9189],[74.9343,16.9242],[74.9219,16.9299],[74.9232,16.9393],[74.9318,16.9448],[74.9477,16.9394],[74.9505,16.933],[74.9646,16.9268],[74.9602,16.9373],[74.9676,16.9416],[74.9644,16.9476],[74.993,16.9521],[75.0046,16.9463],[75.0267,16.9441],[75.0253,16.928],[75.0446,16.9417],[75.0621,16.9415],[75.0744,16.95],[75.0894,16.9516],[75.0964,16.9138],[75.1176,16.9135],[75.1204,16.9025],[75.1349,16.8947],[75.1325,16.8894],[75.1366,16.8745],[75.1556,16.8686],[75.1766,16.8677],[75.1891,16.8753],[75.1819,16.8434],[75.2143,16.8417],[75.2277,16.8432],[75.2377,16.8679],[75.2648,16.8628],[75.2821,16.8803],[75.29,16.904],[75.283,16.9097],[75.2795,16.9233],[75.2797,16.9566],[75.3501,16.9578],[75.3686,16.972],[75.3922,16.9801],[75.4279,16.9665],[75.4417,16.9822],[75.4656,16.9884],[75.4663,16.9813],[75.4833,16.976],[75.4892,16.9591],[75.4891,16.9444],[75.5097,16.9503],[75.5294,16.9694],[75.5392,16.9655],[75.5677,16.9658],[75.5673,17.0091],[75.5732,17.0096],[75.607,17.0046],[75.6079,16.971],[75.634,16.9703],[75.6383,16.9578],[75.6448,16.9541],[75.6555,16.9615],[75.6704,16.9621],[75.6771,16.969],[75.6661,16.9798],[75.6698,17.0382],[75.6501,17.0322],[75.6411,17.0376],[75.6504,17.0573],[75.6605,17.0645],[75.6768,17.0654],[75.6788,17.0772],[75.6734,17.0912],[75.6724,17.116],[75.6504,17.1157],[75.6496,17.1344],[75.6283,17.1627],[75.6254,17.174],[75.6285,17.1887],[75.64,17.1889],[75.6427,17.1977],[75.662,17.2146],[75.6578,17.2632],[75.6542,17.2738],[75.6279,17.2743],[75.6303,17.2808],[75.6225,17.2951],[75.6038,17.3055],[75.6122,17.3251],[75.6101,17.345],[75.5809,17.3512],[75.5742,17.3833],[75.5937,17.3873],[75.6062,17.3945],[75.6136,17.3919],[75.6067,17.4204],[75.6134,17.4247],[75.6217,17.4592],[75.6277,17.4628],[75.6331,17.4772],[75.6489,17.4703],[75.6589,17.4581],[75.6759,17.4559],[75.6836,17.4169],[75.6908,17.4095],[75.7125,17.4079],[75.7337,17.4201],[75.7532,17.4071],[75.7659,17.4053],[75.7721,17.3857],[75.7803,17.3756],[75.793,17.3697],[75.8062,17.368],[75.8137,17.3728],[75.8136,17.3957],[75.8215,17.4212],[75.8303,17.4218],[75.8512,17.4105],[75.8565,17.3894],[75.8609,17.3856],[75.8753,17.3981],[75.8766,17.4161],[75.8843,17.418],[75.8941,17.4012],[75.8953,17.3782],[75.8906,17.3565],[75.8946,17.3508],[75.9101,17.3445],[75.9309,17.3226],[75.9688,17.3365],[75.9983,17.338],[76.0144,17.3535],[76.0286,17.3511],[76.0606,17.3553],[76.0722,17.3353],[76.0792,17.3316],[76.0876,17.3365],[76.0935,17.3494],[76.0894,17.3531],[76.0998,17.3647],[76.119,17.3705],[76.1411,17.3535],[76.1627,17.3452],[76.1651,17.3033],[76.1764,17.3008],[76.1833,17.3194],[76.1793,17.3186],[76.1766,17.3246],[76.1704,17.3526],[76.1965,17.3637],[76.2295,17.3652],[76.2286,17.3758],[76.2421,17.3788],[76.2446,17.3715],[76.2505,17.3697],[76.2508,17.3604],[76.2671,17.3635],[76.2721,17.3606],[76.2764,17.3346],[76.3177,17.3324],[76.3189,17.3381],[76.3121,17.346],[76.3144,17.3484],[76.3454,17.3545],[76.3541,17.3143],[76.3832,17.3145],[76.3967,17.3471],[76.4122,17.3511],[76.4092,17.3714],[76.3635,17.3777],[76.3711,17.4134],[76.3716,17.4364],[76.3333,17.4339],[76.3307,17.4702],[76.3504,17.4742],[76.3756,17.4902],[76.3747,17.4957],[76.3458,17.4925],[76.3434,17.5007],[76.3466,17.5126],[76.3647,17.515],[76.3673,17.5195],[76.3628,17.5374],[76.3408,17.5425],[76.3332,17.565],[76.3313,17.5974],[76.3501,17.5941],[76.3777,17.5979],[76.3818,17.6022],[76.4197,17.6037],[76.4293,17.645],[76.4355,17.6463],[76.4451,17.641],[76.4419,17.6493],[76.4545,17.6498],[76.4529,17.6558],[76.4898,17.6605],[76.4845,17.6785],[76.4873,17.7148],[76.5007,17.7184],[76.524,17.7152],[76.5274,17.7378],[76.5233,17.7598],[76.5613,17.7646],[76.5728,17.7605],[76.564,17.7508],[76.5704,17.7054],[76.5821,17.7057],[76.5883,17.7081],[76.5935,17.7224],[76.6005,17.7257],[76.6054,17.7586],[76.6154,17.7704],[76.6319,17.7546],[76.6282,17.7506],[76.6333,17.7282],[76.6528,17.7221],[76.6557,17.7179],[76.6642,17.6876],[76.675,17.69],[76.6909,17.681],[76.6926,17.7067],[76.7014,17.7091],[76.7037,17.7156],[76.7044,17.723],[76.6997,17.7272],[76.7283,17.7376],[76.7249,17.7511],[76.7188,17.7515],[76.7211,17.7695],[76.712,17.7733],[76.7141,17.7809],[76.721,17.7881],[76.7407,17.7795],[76.7444,17.7803],[76.7426,17.7842],[76.7621,17.787],[76.7666,17.7985],[76.7788,17.8005],[76.7829,17.8179],[76.7905,17.8263],[76.7676,17.8521],[76.7516,17.8581],[76.7385,17.8567],[76.74,17.8997],[76.7682,17.9011],[76.7751,17.8777],[76.8067,17.8706],[76.8103,17.887],[76.8313,17.8856],[76.832,17.8953],[76.8398,17.8994],[76.8527,17.9007],[76.8843,17.8943],[76.884,17.899],[76.8942,17.8998],[76.9013,17.9172],[76.919,17.916],[76.9207,17.9416],[76.9145,17.9616],[76.9137,17.9932],[76.9132,17.9969],[76.9068,17.9966],[76.9057,18.0097],[76.9124,18.0173],[76.9144,18.0354],[76.9524,18.0402],[76.9527,18.0439],[76.945,18.0484],[76.9517,18.061],[76.9453,18.0832],[76.963,18.0896],[76.9664,18.0982],[76.9543,18.1105],[76.9206,18.1182],[76.9203,18.1251],[76.9319,18.1335],[76.924,18.1466],[76.9315,18.1596],[76.9424,18.1564],[76.952,18.1881],[76.9775,18.1889],[76.9785,18.192],[76.9907,18.19],[77.0012,18.1609],[77.0234,18.1585],[77.0231,18.1756],[77.0318,18.1774],[77.0332,18.182],[77.052,18.1732],[77.0533,18.1594],[77.064,18.1506],[77.0849,18.1508],[77.0995,18.1582],[77.1116,18.1558],[77.1164,18.171],[77.0977,18.1967],[77.1113,18.2042],[77.1402,18.2077],[77.1428,18.217],[77.1516,18.217],[77.1487,18.239],[77.1518,18.238],[77.1592,18.2558],[77.1698,18.2609],[77.1749,18.2849],[77.1883,18.2847],[77.1975,18.2766],[77.2131,18.2803],[77.2099,18.295],[77.203,18.2977],[77.1988,18.3154],[77.2017,18.3222],[77.2118,18.3163],[77.2191,18.3257],[77.2296,18.3482],[77.2201,18.3493],[77.2259,18.3652],[77.2464,18.3708],[77.2485,18.376],[77.2395,18.3786],[77.2337,18.3882],[77.2418,18.4126],[77.2594,18.4133],[77.2657,18.4223],[77.2733,18.423],[77.2791,18.4298],[77.3169,18.4422],[77.3199,18.458],[77.3265,18.4588],[77.327,18.4517],[77.3361,18.4501],[77.3357,18.4423],[77.3453,18.4336],[77.3535,18.4477],[77.3657,18.4516],[77.3622,18.4299],[77.3673,18.4187],[77.3707,18.4188],[77.3684,18.4125],[77.3729,18.4011],[77.4002,18.402],[77.4141,18.3931],[77.4099,18.3774],[77.3949,18.3684],[77.4002,18.3474],[77.3944,18.3474],[77.395,18.3415],[77.3825,18.3422],[77.381,18.331],[77.3757,18.332],[77.3717,18.3252],[77.3568,18.3202],[77.3658,18.3071],[77.3852,18.3093],[77.409,18.3015],[77.4284,18.3124],[77.4377,18.3103],[77.4366,18.2932],[77.4404,18.2826],[77.4459,18.2838],[77.4476,18.27],[77.4651,18.2625],[77.4758,18.2647],[77.4814,18.2724],[77.4927,18.2672],[77.4987,18.2767],[77.5116,18.282],[77.5089,18.3043],[77.5127,18.3096],[77.5238,18.3082],[77.536,18.2968],[77.5514,18.2919],[77.5533,18.2981],[77.5714,18.3088],[77.5705,18.3181],[77.5581,18.3314],[77.5257,18.3421],[77.5202,18.3572],[77.5255,18.3727],[77.5386,18.3859],[77.5516,18.3889],[77.5567,18.4192],[77.5282,18.4289],[77.5275,18.4421],[77.5406,18.4447],[77.5642,18.4373],[77.5691,18.4429],[77.5853,18.4468],[77.5836,18.4562],[77.5508,18.4604],[77.5486,18.4686],[77.5729,18.4698],[77.5764,18.4868],[77.5923,18.4847],[77.5943,18.4769],[77.6032,18.4768],[77.6047,18.4964],[77.5944,18.4962],[77.5859,18.504],[77.5878,18.5129],[77.5971,18.5159],[77.6003,18.5223],[77.5966,18.5302],[77.5907,18.5267],[77.5964,18.5489],[77.6101,18.5499],[77.6125,18.5445],[77.6152,18.5508],[77.6293,18.5537],[77.6277,18.5481],[77.634,18.5439],[77.6396,18.5549],[77.6479,18.5549],[77.6521,18.5518],[77.6459,18.5388],[77.6559,18.5309],[77.6807,18.5452],[77.6884,18.5449],[77.7016,18.5552],[77.7233,18.5533],[77.7385,18.5568],[77.7404,18.5752],[77.7504,18.5892],[77.7457,18.6213],[77.7305,18.6451],[77.7302,18.6561],[77.7357,18.661],[77.73,18.6669],[77.7437,18.6816],[77.7493,18.6827],[77.7535,18.701],[77.76,18.7068],[77.7682,18.7059],[77.7733,18.7014],[77.7719,18.6891],[77.7873,18.6826],[77.7898,18.6951],[77.795,18.697],[77.8042,18.7132],[77.8043,18.7272],[77.84,18.8048],[77.8599,18.809],[77.8714,18.8182],[77.882,18.8174],[77.9067,18.8267],[77.9345,18.8223],[77.9486,18.8298],[77.9489,18.8433],[77.9348,18.8451],[77.9375,18.8516],[77.9294,18.8536],[77.9301,18.8587],[77.9033,18.8666],[77.9039,18.8812],[77.8916,18.8814],[77.8854,18.9042],[77.874,18.9077],[77.8732,18.9039],[77.858,18.9023],[77.8433,18.9087],[77.8586,18.9491],[77.842,18.9499],[77.8325,18.9416],[77.8193,18.9459],[77.8163,18.9473],[77.8199,18.9544],[77.8162,18.9575],[77.8218,18.9785],[77.7912,18.9828],[77.7877,18.9726],[77.7715,18.9792],[77.7754,19.0006],[77.7699,19.0224],[77.7618,19.033],[77.7648,19.0626],[77.7753,19.056],[77.8004,19.0511],[77.7968,19.0726],[77.8028,19.0797],[77.8046,19.1006],[77.81,19.1047],[77.8182,19.105],[77.8313,19.0861],[77.8504,19.0886],[77.8462,19.1013],[77.8477,19.116],[77.8416,19.1181],[77.8341,19.1343],[77.8526,19.1547],[77.8527,19.1668],[77.8605,19.1803],[77.8477,19.1896],[77.866,19.2264],[77.8714,19.255],[77.8746,19.2536],[77.875,19.2588],[77.89,19.2609],[77.9029,19.2565],[77.9076,19.2682],[77.9035,19.278],[77.8656,19.2838],[77.8635,19.3042],[77.8901,19.3133],[77.8943,19.3205],[77.9116,19.3163],[77.9451,19.3424],[77.9619,19.3356],[77.9659,19.3275],[77.9777,19.3227],[77.9849,19.3099],[77.9987,19.2998],[78.0135,19.2947],[78.0148,19.279],[78.0425,19.2706],[78.036,19.2506],[78.0416,19.2434],[78.0557,19.2371],[78.0644,19.2478],[78.0791,19.2548],[78.0824,19.2432],[78.0892,19.2394],[78.0953,19.2437],[78.1132,19.2444],[78.1171,19.2486],[78.1446,19.2294],[78.151,19.2295],[78.1584,19.2358],[78.1753,19.2376],[78.1818,19.2476],[78.178,19.2539],[78.1767,19.2785],[78.1831,19.2852],[78.1938,19.3149],[78.1902,19.3208],[78.1923,19.3258],[78.1762,19.3349],[78.1722,19.3493],[78.1721,19.3597],[78.1792,19.3628],[78.1768,19.3674],[78.1877,19.3946],[78.1762,19.4123],[78.1951,19.4068],[78.2116,19.4285],[78.22,19.433],[78.2356,19.4268],[78.2445,19.4288],[78.2465,19.4352],[78.2627,19.4431],[78.2638,19.4489],[78.2687,19.4485],[78.2705,19.4562],[78.287,19.4485],[78.3044,19.4561],[78.3092,19.4811],[78.2987,19.4968],[78.296,19.5174],[78.2904,19.5276],[78.2933,19.5422],[78.284,19.5414],[78.2743,19.554],[78.2753,19.5625],[78.2936,19.559],[78.2973,19.5679],[78.3037,19.5693],[78.3009,19.5791],[78.3056,19.6071],[78.2939,19.6194],[78.2905,19.646],[78.2809,19.6509],[78.279,19.6576],[78.2627,19.6651],[78.2762,19.6924],[78.2879,19.688],[78.3118,19.691],[78.3187,19.7055],[78.3432,19.7132],[78.3393,19.7242],[78.3413,19.7358],[78.3493,19.738],[78.3647,19.7812],[78.3575,19.8054],[78.3448,19.8134],[78.334,19.8146],[78.3364,19.8379],[78.3158,19.8426],[78.3015,19.8404],[78.2861,19.8479],[78.2853,19.8566],[78.2988,19.875],[78.307,19.9143],[78.3292,19.9157],[78.3339,19.9049],[78.3244,19.8963],[78.3321,19.8849],[78.3807,19.8804],[78.386,19.8461],[78.423,19.8176],[78.4374,19.8136],[78.4725,19.8173],[78.4903,19.7927],[78.5072,19.7975],[78.509,19.8121],[78.515,19.8189],[78.5308,19.8185],[78.552,19.8241],[78.5723,19.8158],[78.6073,19.8176],[78.619,19.81],[78.6428,19.8078],[78.6551,19.8002],[78.6926,19.791],[78.7014,19.7867],[78.7061,19.7723],[78.7192,19.7667],[78.7242,19.7678],[78.73,19.7802],[78.7401,19.7831],[78.7564,19.7725],[78.7711,19.7794],[78.7824,19.7784],[78.8022,19.7565],[78.8169,19.7618],[78.8259,19.7551],[78.841,19.7619],[78.848,19.7355],[78.8512,19.7361],[78.8494,19.722],[78.8599,19.6895],[78.8557,19.6867],[78.8519,19.6584],[78.8867,19.6551],[78.8905,19.6594],[78.8865,19.6625],[78.9036,19.67],[78.9199,19.667],[78.9197,19.662],[78.9442,19.6617],[78.9556,19.6558],[78.9619,19.6375],[78.9554,19.6191],[78.9556,19.6002],[78.9718,19.59],[78.9728,19.5824],[78.9526,19.565],[78.9377,19.5619],[78.9405,19.5519],[78.9742,19.5494],[78.9813,19.5608],[78.9978,19.5491],[78.998,19.5401],[79.024,19.5418],[79.046,19.5483],[79.0769,19.5324],[79.098,19.532],[79.1054,19.5224],[79.1614,19.4883],[79.1678,19.4724],[79.1801,19.4619],[79.1903,19.459],[79.2236,19.4691],[79.2158,19.481],[79.2069,19.4858],[79.2039,19.4941],[79.2075,19.5061],[79.2212,19.521],[79.2337,19.52],[79.24,19.5353],[79.2371,19.5572],[79.251,19.5775],[79.2531,19.5933],[79.2444,19.5949],[79.2387,19.6062],[79.2436,19.6167],[79.2511,19.6159],[79.273,19.5989],[79.2844,19.5955],[79.3069,19.5966],[79.3099,19.5715],[79.3139,19.5664],[79.3185,19.5677],[79.3185,19.5767],[79.3657,19.5763],[79.3728,19.561],[79.3857,19.5583],[79.4053,19.5357],[79.4205,19.5298],[79.4226,19.5381],[79.4333,19.5373],[79.469,19.5096],[79.4714,19.5002],[79.4826,19.5063],[79.4984,19.5057],[79.5186,19.5202],[79.5186,19.5431],[79.5399,19.5547],[79.5454,19.5507],[79.5529,19.5242],[79.5841,19.5091],[79.5962,19.5073],[79.603,19.5146],[79.6141,19.5597],[79.6294,19.574],[79.709,19.5845],[79.7431,19.6086],[79.7786,19.5997],[79.7986,19.582],[79.8163,19.574],[79.8284,19.5434],[79.8456,19.5328],[79.8646,19.5105],[79.9145,19.4961],[79.9324,19.4766],[79.9448,19.4698],[79.9476,19.4497],[79.9724,19.4162],[79.9797,19.3887],[79.9718,19.3816],[79.968,19.3567],[79.9591,19.336],[79.9659,19.3031],[79.9506,19.2891],[79.9364,19.2641],[79.9245,19.2257],[79.9255,19.2107],[79.9448,19.1801],[79.9459,19.1695],[79.9253,19.1516],[79.8738,19.1241],[79.8615,19.1123],[79.8584,19.1024],[79.8711,19.041],[79.8992,19.0403],[79.9206,19.0497],[79.9279,19.0493],[79.9371,19.0427],[79.9403,19.0326],[79.9416,18.9921],[79.9571,18.9429],[79.9536,18.9045],[79.9616,18.8667],[79.9476,18.8502],[79.9158,18.8299],[79.914,18.8238],[79.9205,18.8111],[79.9642,18.7739],[79.9931,18.77],[80.001,18.7761],[80.0186,18.7704],[80.025,18.755],[80.0387,18.753],[80.0528,18.7251],[80.0646,18.7233],[80.0746,18.7105],[80.0885,18.7073],[80.1181,18.6805],[80.14,18.693],[80.1485,18.6931],[80.1577,18.701],[80.1686,18.6997],[80.1787,18.6833],[80.1966,18.6808],[80.2004,18.6926],[80.2128,18.7057],[80.2193,18.7079],[80.2304,18.7018],[80.2485,18.7064],[80.2648,18.7215],[80.2729,18.723],[80.2593,18.743],[80.2443,18.7563],[80.2452,18.7655],[80.2499,18.7691],[80.276,18.7661],[80.2884,18.7738],[80.2999,18.7945],[80.314,18.8],[80.323,18.799],[80.3504,18.8149],[80.3545,18.8266],[80.3495,18.848],[80.3273,18.8797],[80.2709,18.9384],[80.2733,18.993],[80.3031,19.022],[80.3052,19.0272],[80.2974,19.0488],[80.3297,19.0699],[80.328,19.0949],[80.3397,19.0999],[80.3276,19.1349],[80.3333,19.1454],[80.3408,19.146],[80.3479,19.1522],[80.3481,19.16],[80.3878,19.1803],[80.394,19.1876],[80.3945,19.1962],[80.3841,19.2157],[80.3866,19.2328],[80.3939,19.2448],[80.43,19.2539],[80.4461,19.264],[80.4548,19.2748],[80.4574,19.2882],[80.4825,19.338],[80.5204,19.3476],[80.5443,19.3837],[80.5626,19.399],[80.5732,19.4023],[80.5811,19.3977],[80.5918,19.3759],[80.5882,19.3703],[80.59,19.3518],[80.6078,19.326],[80.6127,19.3094],[80.6316,19.307],[80.6542,19.3227],[80.68,19.3302],[80.6934,19.3146],[80.6898,19.2868],[80.7108,19.2816],[80.7266,19.287],[80.7384,19.2853],[80.757,19.2896],[80.7752,19.3144],[80.8053,19.3271],[80.8104,19.3367],[80.8463,19.3554],[80.853,19.3639],[80.8505,19.3692],[80.828,19.3801],[80.8118,19.4072],[80.8096,19.4202],[80.8134,19.4336],[80.8423,19.4469],[80.8746,19.4452],[80.8943,19.4673],[80.8984,19.4818],[80.8934,19.5024],[80.8954,19.5197],[80.8841,19.5263],[80.8736,19.5188],[80.8567,19.523],[80.8441,19.5385],[80.836,19.5664],[80.8165,19.5712],[80.7898,19.5604],[80.7755,19.5624],[80.7674,19.5748],[80.7698,19.5866],[80.7409,19.6061],[80.7331,19.6062],[80.7147,19.6166],[80.6703,19.6092],[80.6654,19.6117],[80.6629,19.6236],[80.6766,19.6525],[80.6797,19.6835],[80.6764,19.6994],[80.6543,19.7084],[80.6401,19.7253],[80.6268,19.7258],[80.6111,19.7382],[80.5865,19.7412],[80.5821,19.7507],[80.5715,19.7591],[80.5526,19.7654],[80.5426,19.7798],[80.5476,19.7948],[80.5463,19.8183],[80.5202,19.8317],[80.4806,19.8275],[80.4689,19.8103],[80.4757,19.8035],[80.485,19.8023],[80.4915,19.7784],[80.489,19.7703],[80.4827,19.7726],[80.4811,19.7808],[80.468,19.7887],[80.4643,19.7958],[80.4493,19.7898],[80.4242,19.7992],[80.4049,19.7937],[80.4017,19.7961],[80.4077,19.8059],[80.4021,19.8167],[80.4215,19.8133],[80.4297,19.807],[80.4407,19.8102],[80.4691,19.8269],[80.4719,19.8354],[80.4787,19.8392],[80.4863,19.8635],[80.5058,19.8705],[80.4996,19.8909],[80.4914,19.902],[80.4686,19.9076],[80.4529,19.9044],[80.4498,19.8963],[80.4139,19.9073],[80.408,19.9126],[80.4126,19.9245],[80.4113,19.9384],[80.432,19.9415],[80.4522,19.9575],[80.466,19.9481],[80.4732,19.9508],[80.4808,19.9342],[80.4888,19.9305],[80.5057,19.9282],[80.5299,19.9393],[80.5317,19.9484],[80.5389,19.9518],[80.5377,19.9737],[80.5496,19.9858],[80.5499,20.0006],[80.5426,20.0106],[80.551,20.0415],[80.5493,20.0551],[80.5568,20.0717],[80.544,20.0955],[80.5519,20.1092],[80.5521,20.118],[80.5307,20.1317],[80.5124,20.1359],[80.5056,20.1445],[80.4851,20.1439],[80.4601,20.151],[80.4547,20.1453],[80.4554,20.138],[80.4336,20.1353],[80.4018,20.1473],[80.3885,20.1651],[80.3966,20.1738],[80.4007,20.1896],[80.421,20.196],[80.4222,20.2058],[80.4048,20.2186],[80.3952,20.2369],[80.3953,20.2449],[80.4516,20.2581],[80.4617,20.2686],[80.4808,20.275],[80.4985,20.2748],[80.5188,20.266],[80.5435,20.2934],[80.5496,20.3088],[80.5592,20.3084],[80.5881,20.3178],[80.6105,20.3183],[80.6247,20.3281],[80.6261,20.3361],[80.6151,20.3517],[80.6107,20.3751],[80.594,20.3858],[80.5915,20.393],[80.6001,20.4179],[80.6136,20.4349],[80.6022,20.4498],[80.6126,20.4618],[80.6147,20.4924],[80.6196,20.5045],[80.6173,20.515],[80.6213,20.5327],[80.6153,20.5498],[80.6184,20.5552],[80.6243,20.5557],[80.6266,20.5637],[80.621,20.57],[80.6256,20.578],[80.6174,20.5856],[80.6319,20.5983],[80.6123,20.6005],[80.6014,20.6088],[80.5808,20.6084],[80.5644,20.6036],[80.5578,20.5944],[80.5388,20.585],[80.5209,20.5805],[80.5044,20.5834],[80.5022,20.5952],[80.481,20.6184],[80.4893,20.6333],[80.52,20.6565],[80.5449,20.6602],[80.557,20.6701],[80.5801,20.6728],[80.5875,20.6859],[80.5818,20.6973],[80.5652,20.7105],[80.56,20.7261],[80.5627,20.7474],[80.5517,20.764],[80.5492,20.7959],[80.5618,20.8243],[80.5551,20.8465],[80.5561,20.8891],[80.5418,20.9238],[80.5461,20.9349],[80.5191,20.9298],[80.4637,20.9291],[80.4454,20.9705],[80.4438,20.9939],[80.4242,21.0096],[80.4392,21.0217],[80.4401,21.028],[80.4495,21.0302],[80.4527,21.0387],[80.4539,21.053],[80.4472,21.0632],[80.4497,21.0691],[80.4463,21.084],[80.4392,21.0965],[80.4478,21.1123],[80.4582,21.1138],[80.4447,21.1219],[80.4588,21.15],[80.4643,21.1749],[80.4786,21.1706],[80.5026,21.1852],[80.515,21.1829],[80.5178,21.1927],[80.5296,21.2052],[80.5415,21.201],[80.5595,21.202],[80.5698,21.2057],[80.5779,21.2174],[80.5876,21.222],[80.6148,21.2272],[80.6231,21.24],[80.6439,21.2514],[80.6497,21.2747],[80.6591,21.2819],[80.6613,21.291],[80.67,21.2911],[80.6796,21.2988],[80.6816,21.3135],[80.66,21.3341],[80.6519,21.327],[80.6214,21.3203],[80.6112,21.3276],[80.6079,21.3239],[80.5999,21.3268],[80.5978,21.3316],[80.5894,21.3335],[80.5895,21.3436],[80.5814,21.3469],[80.5728,21.3427],[80.5667,21.3456],[80.5654,21.3539],[80.5702,21.3575],[80.5639,21.365],[80.5432,21.3706],[80.5392,21.3827],[80.5318,21.3821],[80.5276,21.3948],[80.524,21.3911],[80.5172,21.3951],[80.5084,21.3907],[80.501,21.3985],[80.4842,21.3953],[80.4811,21.4009],[80.4765,21.3949],[80.4576,21.4027],[80.4497,21.3873],[80.4486,21.3721],[80.4123,21.3766],[80.3961,21.408],[80.409,21.419],[80.4047,21.4249],[80.4222,21.4405],[80.4091,21.4673],[80.3973,21.4715],[80.3905,21.4793],[80.3922,21.4866],[80.3841,21.49],[80.3849,21.4997],[80.3765,21.5233],[80.3311,21.5475],[80.3309,21.5511],[80.3393,21.5548],[80.3318,21.561],[80.3279,21.5713],[80.3177,21.5772],[80.2984,21.5755],[80.2945,21.5928],[80.2808,21.5963],[80.2703,21.6159],[80.2533,21.6248],[80.2459,21.6204],[80.2216,21.6209],[80.2099,21.6348],[80.1928,21.6355],[80.1876,21.6285],[80.1691,21.6221],[80.1546,21.6065],[80.1197,21.6099],[80.1161,21.5932],[80.1011,21.5899],[80.0902,21.5745],[80.0667,21.5541],[80.0329,21.5561],[79.9985,21.5334],[79.9887,21.5368],[79.9715,21.5577],[79.9482,21.5541],[79.9359,21.5561],[79.9222,21.5417],[79.9184,21.5244],[79.897,21.5242],[79.8912,21.518],[79.8822,21.5261],[79.8631,21.5308],[79.8512,21.5405],[79.8312,21.5467],[79.8215,21.5615],[79.7921,21.5866],[79.7543,21.5955],[79.7376,21.6039],[79.7182,21.5931],[79.6991,21.5929],[79.6896,21.581],[79.6754,21.5823],[79.6609,21.5769],[79.6583,21.5635],[79.652,21.5557],[79.6395,21.5527],[79.6185,21.5573],[79.5814,21.5413],[79.5658,21.5476],[79.5406,21.5427],[79.5375,21.5488],[79.5439,21.5595],[79.5425,21.5682],[79.5287,21.5793],[79.512,21.584],[79.5107,21.6056],[79.5037,21.6148],[79.507,21.6211],[79.5162,21.6204],[79.517,21.6253],[79.5159,21.631],[79.5076,21.634],[79.5042,21.6408],[79.5067,21.6455],[79.4962,21.6654],[79.4962,21.674],[79.4607,21.6873],[79.4495,21.6818],[79.4352,21.6826],[79.4222,21.6918],[79.4157,21.6912],[79.4004,21.6766],[79.3925,21.6739],[79.3746,21.6782],[79.3523,21.6778],[79.3542,21.6846],[79.3245,21.6878],[79.3222,21.6852],[79.2906,21.6925],[79.2779,21.7094],[79.2681,21.7154],[79.2312,21.7223],[79.2373,21.7132],[79.2208,21.6927],[79.2217,21.6769],[79.2311,21.6702],[79.2312,21.6568],[79.224,21.6553],[79.2239,21.6486],[79.155,21.66],[79.1595,21.6518],[79.1539,21.6464],[79.1627,21.6454],[79.1684,21.6372],[79.1515,21.6403],[79.1422,21.6299],[79.1382,21.6344],[79.1302,21.6257],[79.112,21.6238],[79.1002,21.6174],[79.1069,21.6048],[79.0933,21.6015],[79.0936,21.598],[79.0893,21.5975],[79.0883,21.6038],[79.0765,21.6054],[79.0634,21.6017],[79.0192,21.6026],[79.0123,21.5994],[79.0028,21.6063],[78.9984,21.619],[78.9753,21.6176],[78.9649,21.6049],[78.9433,21.5919],[78.9141,21.589],[78.9137,21.5709],[78.9316,21.5617],[78.9176,21.561],[78.9066,21.5532],[78.9296,21.5403],[78.9257,21.5327],[78.9272,21.5222],[78.9342,21.5232],[78.9442,21.5158],[78.9367,21.4857],[78.9231,21.4874],[78.8993,21.5005],[78.8909,21.4852],[78.8716,21.4896],[78.8681,21.494],[78.8559,21.4945],[78.852,21.4896],[78.8411,21.4869],[78.8003,21.4901],[78.7961,21.4854],[78.7901,21.4863],[78.7867,21.4792],[78.7802,21.4787],[78.7762,21.4644],[78.7669,21.489],[78.7509,21.493],[78.7447,21.4796],[78.7457,21.4702],[78.7337,21.4695],[78.7282,21.4622],[78.7076,21.4704],[78.7072,21.4736],[78.6999,21.4736],[78.7018,21.4761],[78.6885,21.4778],[78.6884,21.4819],[78.667,21.477],[78.6433,21.4854],[78.6284,21.4755],[78.6202,21.4778],[78.6087,21.4889],[78.6008,21.4852],[78.5951,21.4884],[78.5854,21.4867],[78.568,21.5057],[78.5702,21.5143],[78.56,21.5133],[78.5408,21.5235],[78.5118,21.5285],[78.5049,21.5266],[78.5008,21.5169],[78.4949,21.517],[78.487,21.5055],[78.4759,21.5057],[78.4754,21.5008],[78.4609,21.5033],[78.4571,21.4959],[78.4514,21.4965],[78.4445,21.5017],[78.436,21.5006],[78.4323,21.5143],[78.4387,21.5177],[78.43,21.5275],[78.4349,21.5339],[78.4245,21.5443],[78.4282,21.5593],[78.4256,21.5698],[78.419,21.5706],[78.4193,21.5796],[78.4275,21.5989],[78.4166,21.6011],[78.4069,21.6088],[78.3946,21.6078],[78.3925,21.6137],[78.3874,21.6148],[78.3727,21.6134],[78.3819,21.5917],[78.378,21.5834],[78.3633,21.5749],[78.3557,21.573],[78.343,21.5886],[78.3268,21.5746],[78.3065,21.5694],[78.303,21.5837],[78.2812,21.5852],[78.2752,21.5918],[78.2665,21.5917],[78.2603,21.5791],[78.274,21.5687],[78.2397,21.5625],[78.2234,21.5526],[78.182,21.5566],[78.1743,21.5466],[78.1756,21.5275],[78.1713,21.525],[78.1827,21.5112],[78.1746,21.5074],[78.1763,21.4991],[78.1252,21.469],[78.0988,21.4581],[78.0821,21.4448],[78.046,21.4334],[78.0298,21.4214],[78.0014,21.4145],[77.9847,21.4031],[77.9425,21.3965],[77.9411,21.3857],[77.8831,21.3759],[77.8839,21.3842],[77.8568,21.3885],[77.8225,21.4072],[77.8012,21.4095],[77.7966,21.389],[77.764,21.3814],[77.7613,21.385],[77.7501,21.3828],[77.7371,21.3622],[77.7099,21.3573],[77.7069,21.3754],[77.6974,21.3741],[77.6954,21.3779],[77.697,21.3926],[77.6918,21.3975],[77.6696,21.3688],[77.6642,21.3745],[77.6664,21.3841],[77.656,21.386],[77.6537,21.3912],[77.6431,21.3869],[77.6177,21.3869],[77.6129,21.3923],[77.6056,21.3908],[77.6077,21.3646],[77.5874,21.3627],[77.5734,21.3709],[77.5635,21.3691],[77.5564,21.3838],[77.5624,21.3902],[77.5619,21.396],[77.5477,21.4054],[77.5483,21.4113],[77.5428,21.4111],[77.5321,21.4191],[77.5232,21.3889],[77.5167,21.3842],[77.5144,21.3759],[77.4886,21.3742],[77.4876,21.4063],[77.4717,21.4359],[77.4734,21.4546],[77.4599,21.4664],[77.4417,21.4714],[77.4387,21.4786],[77.4432,21.4872],[77.4224,21.5169],[77.4256,21.5378],[77.4403,21.5447],[77.4497,21.5414],[77.4564,21.5462],[77.4546,21.5537],[77.4744,21.5494],[77.503,21.5523],[77.5204,21.5414],[77.5473,21.5367],[77.5751,21.5264],[77.595,21.5266],[77.6118,21.5385],[77.6086,21.5482],[77.5954,21.5594],[77.582,21.5535],[77.577,21.5549],[77.5726,21.6169],[77.5756,21.6208],[77.5634,21.6442],[77.5618,21.6657],[77.5506,21.6824],[77.5438,21.7038],[77.5331,21.7118],[77.5261,21.7115],[77.5255,21.7244],[77.5118,21.7323],[77.5026,21.7458],[77.4795,21.7541],[77.478,21.7628],[77.4834,21.7659],[77.4791,21.77],[77.4562,21.7602],[77.4042,21.7524],[77.3456,21.7577],[77.3243,21.7526],[77.2898,21.7602],[77.2805,21.7587],[77.2796,21.7541],[77.2799,21.7491],[77.2872,21.7447],[77.284,21.7367],[77.2911,21.7328],[77.2869,21.7218],[77.2716,21.7281],[77.26,21.714],[77.2269,21.7168],[77.2277,21.6994],[77.2189,21.6939],[77.2129,21.695],[77.2104,21.6896],[77.1882,21.7017],[77.1915,21.7207],[77.1761,21.7257],[77.1695,21.7221],[77.1695,21.7142],[77.1651,21.7107],[77.1477,21.7125],[77.1296,21.7222],[77.0866,21.7144],[77.0792,21.7199],[77.0732,21.7194],[77.0624,21.7071],[77.0052,21.6783],[76.9732,21.6513],[76.9288,21.6243],[76.9019,21.5969],[76.8545,21.6133],[76.8447,21.6075],[76.8394,21.5933],[76.8329,21.589],[76.7952,21.5939],[76.7813,21.5647],[76.7817,21.5516],[76.7893,21.5364],[76.7633,21.5208],[76.7728,21.5057],[76.7877,21.5011],[76.7956,21.4894],[76.794,21.4797],[76.788,21.4781],[76.7858,21.465],[76.7443,21.4398],[76.7387,21.4297],[76.7402,21.4113],[76.6827,21.3784],[76.6215,21.3322],[76.6525,21.2944],[76.6627,21.2759],[76.6614,21.2406],[76.6494,21.2446],[76.6416,21.237],[76.6345,21.219],[76.6369,21.2026],[76.6232,21.1849],[76.6136,21.1931],[76.5992,21.1906],[76.5669,21.1993],[76.5298,21.1818],[76.5078,21.1929],[76.502,21.1873],[76.5019,21.1932],[76.4924,21.1935],[76.4801,21.182],[76.4782,21.1472],[76.466,21.1425],[76.4738,21.1368],[76.4575,21.1331],[76.4512,21.1203],[76.4556,21.1076],[76.4404,21.1061],[76.4373,21.1001],[76.4103,21.1022],[76.4124,21.0883],[76.3895,21.0857],[76.3813,21.0787],[76.3839,21.0757],[76.3762,21.073],[76.3485,21.0756],[76.3371,21.071],[76.2984,21.0734],[76.279,21.0699],[76.2719,21.0888],[76.259,21.0905],[76.2224,21.0848],[76.1917,21.0866],[76.1666,21.0789],[76.1727,21.0903],[76.1698,21.1036],[76.1529,21.1078],[76.1354,21.1207],[76.1296,21.1356],[76.1102,21.1612],[76.1105,21.1668],[76.1287,21.1757],[76.1322,21.1758],[76.1326,21.1694],[76.1717,21.1665],[76.1716,21.1797],[76.1764,21.184],[76.1653,21.1903],[76.1662,21.1992],[76.1713,21.1987],[76.1719,21.2049],[76.1633,21.2065],[76.1631,21.2126],[76.1583,21.2133],[76.1653,21.2212],[76.1409,21.2276],[76.1404,21.241],[76.1514,21.2435],[76.1592,21.2553],[76.157,21.2591],[76.154,21.2574],[76.151,21.2675],[76.1464,21.2682],[76.1428,21.2857],[76.1284,21.2866],[76.1203,21.3228],[76.0956,21.3711],[76.0478,21.349],[76.0293,21.3649],[75.9866,21.3687],[75.9629,21.3896],[75.9105,21.3824],[75.9031,21.3916],[75.8855,21.3946],[75.8703,21.3911],[75.8625,21.38],[75.8414,21.3845],[75.8332,21.3766],[75.8131,21.3789],[75.8031,21.3845],[75.7771,21.3845],[75.7552,21.3793],[75.7512,21.3846],[75.7285,21.3886],[75.7188,21.3843],[75.7158,21.3879],[75.7033,21.388],[75.6701,21.3745],[75.6578,21.3787],[75.6231,21.375],[75.6167,21.3817],[75.6165,21.3881],[75.6072,21.389],[75.607,21.3918],[75.5992,21.3856],[75.5878,21.3891],[75.5715,21.3817],[75.579,21.3764],[75.5572,21.3732],[75.5559,21.3788],[75.5438,21.3685],[75.5201,21.387],[75.512,21.382],[75.497,21.3873],[75.4493,21.3901],[75.4401,21.3842],[75.4259,21.3907],[75.4078,21.3871],[75.3979,21.3796],[75.3824,21.3793],[75.3754,21.3902],[75.3572,21.4008],[75.3516,21.3906],[75.3161,21.3878],[75.3075,21.3924],[75.2996,21.3846],[75.2962,21.3897],[75.3002,21.3912],[75.3011,21.4099],[75.2954,21.4135],[75.2802,21.4072],[75.2644,21.4074],[75.2549,21.4018],[75.2333,21.4148],[75.2171,21.4086],[75.18,21.4305],[75.1299,21.4471],[75.1077,21.4622],[75.0887,21.5007],[75.0899,21.5153],[75.0517,21.5665],[75.02,21.5686],[75.0214,21.5736],[74.9793,21.5952],[74.9104,21.6145],[74.9018,21.6292],[74.8874,21.6315],[74.8781,21.6285],[74.8719,21.6318],[74.8655,21.6285],[74.8629,21.6344],[74.8566,21.6265],[74.8312,21.6181],[74.8289,21.6097],[74.8195,21.6085],[74.8021,21.6152],[74.798,21.6098],[74.783,21.6106],[74.775,21.6153],[74.6875,21.6315],[74.6775,21.6454],[74.6649,21.6473],[74.6642,21.6523],[74.5821,21.6649],[74.5806,21.6832],[74.5542,21.6813],[74.5576,21.7042],[74.5473,21.7195],[74.513,21.7185],[74.5054,21.7261],[74.5109,21.7351],[74.5088,21.7497],[74.5142,21.7656],[74.4983,21.79],[74.5003,21.8068],[74.5101,21.8292],[74.5138,21.89],[74.5229,21.8991],[74.5242,21.9112],[74.5093,21.9207],[74.5127,21.9319],[74.5085,21.9374],[74.5,21.9394],[74.4953,21.9468],[74.4891,21.9434],[74.4847,21.9458],[74.4905,21.9512],[74.4888,21.9562],[74.4821,21.9548],[74.4816,21.9592],[74.4691,21.9596],[74.4698,21.9671],[74.4611,21.9615],[74.4534,21.9619],[74.4445,21.9704],[74.4447,21.9755],[74.4394,21.9767],[74.4415,21.99],[74.4382,21.9973],[74.4324,21.9994],[74.4422,22.003],[74.4472,22.0005],[74.4522,22.0047],[74.4388,22.0208],[74.4435,22.0232],[74.4317,22.0302],[74.4018,22.0232],[74.3952,22.0338]]]]},"properties":{"STNAME":"MAHARASHTRA","STCODE11":"27","STNAME_SH":"Maharashtra","Shape_Length":5906415.616790058,"Shape_Area":347877700927.4483,"OBJECTID_1":33,"OBJECTID":33,"State_LGD":27,"Shape_Leng":5906415.61679,"MaxSimpTol":300,"MinSimpTol":300}},{"type":"Feature","id":34,"geometry":{"type":"MultiPolygon","coordinates":[[[[72.8881,20.4606],[72.8556,20.4675],[72.8409,20.4582],[72.8324,20.4464],[72.8277,20.4317],[72.8309,20.411],[72.8278,20.3883],[72.8212,20.3677],[72.8277,20.3665],[72.8443,20.3748],[72.8562,20.3719],[72.8643,20.3751],[72.877,20.3697],[72.8907,20.3726],[72.8967,20.3798],[72.887,20.3854],[72.8828,20.3978],[72.9027,20.4057],[72.9041,20.4149],[72.8933,20.4216],[72.8718,20.4138],[72.8573,20.4188],[72.8749,20.4455],[72.8878,20.4382],[72.8954,20.4442],[72.888,20.4505],[72.8881,20.4606]]],[[[70.9386,20.7323],[70.9203,20.7428],[70.9157,20.7328],[70.8831,20.7245],[70.8761,20.7091],[70.8932,20.7075],[70.8993,20.6995],[70.9106,20.7021],[70.9139,20.6996],[70.9183,20.7095],[70.929,20.7122],[70.9524,20.7039],[70.9702,20.7071],[70.9768,20.7021],[70.9969,20.7135],[70.9982,20.7168],[70.9875,20.7189],[70.9877,20.7225],[70.994,20.7311],[71.0075,20.7374],[70.9994,20.7419],[70.9846,20.7321],[70.9811,20.7225],[70.9644,20.7295],[70.9605,20.7366],[70.9386,20.7323]]]]},"properties":{"STNAME":"DAMAN & DIU","STCODE11":"25","STNAME_SH":"Daman & Diu","Shape_Length":87100.05019600852,"Shape_Area":105502233.97289234,"OBJECTID_1":34,"OBJECTID":34,"State_LGD":25,"Shape_Leng":87100.050196,"MaxSimpTol":300,"MinSimpTol":300}},{"type":"Feature","id":35,"geometry":{"type":"Polygon","coordinates":[[[73.2107,20.1205],[73.2033,20.1195],[73.1977,20.1262],[73.1872,20.1294],[73.1856,20.1558],[73.1899,20.1642],[73.2062,20.1625],[73.2147,20.1697],[73.218,20.1858],[73.192,20.1974],[73.1782,20.1926],[73.1791,20.1977],[73.1717,20.1984],[73.1685,20.2082],[73.1574,20.1983],[73.1525,20.2038],[73.1478,20.2007],[73.1378,20.2075],[73.1332,20.2057],[73.1335,20.1885],[73.1421,20.1773],[73.1363,20.17],[73.1287,20.1734],[73.1194,20.1681],[73.1153,20.1518],[73.1084,20.1578],[73.0997,20.1561],[73.0905,20.1603],[73.0873,20.1702],[73.0795,20.1732],[73.0738,20.1555],[73.0605,20.1618],[73.0631,20.1775],[73.0598,20.1939],[73.0491,20.2008],[73.0637,20.2276],[73.0706,20.2319],[73.0876,20.2251],[73.0979,20.2275],[73.0981,20.2393],[73.1139,20.2559],[73.1269,20.2594],[73.1316,20.2737],[73.1425,20.2738],[73.1456,20.2865],[73.1517,20.2905],[73.1582,20.2802],[73.1657,20.2829],[73.1671,20.2885],[73.1662,20.3094],[73.1589,20.3085],[73.1514,20.3172],[73.1294,20.3174],[73.1248,20.3039],[73.1014,20.3028],[73.1118,20.3369],[73.0968,20.3603],[73.09,20.3584],[73.0908,20.3448],[73.0776,20.3229],[73.0673,20.3294],[73.0426,20.325],[73.0347,20.2914],[73.0162,20.2936],[73.0172,20.3089],[73.0077,20.3124],[73.0101,20.2911],[72.9813,20.2898],[72.9819,20.2765],[72.9733,20.2703],[72.9628,20.2712],[72.9549,20.2843],[72.9369,20.2947],[72.9315,20.295],[72.9268,20.2859],[72.917,20.2813],[72.9119,20.269],[72.9309,20.2427],[72.954,20.2369],[72.9656,20.2248],[72.9609,20.206],[72.9627,20.1824],[72.9776,20.1794],[72.9734,20.1732],[72.974,20.1583],[72.9615,20.1312],[72.9712,20.1154],[72.9771,20.1127],[72.9925,20.1177],[72.9982,20.1428],[73.0115,20.1346],[73.0126,20.1296],[72.9999,20.1225],[73.0013,20.1117],[73.0084,20.1082],[73.0141,20.0962],[73.0396,20.0671],[73.0527,20.0645],[73.054,20.0949],[73.0559,20.099],[73.0643,20.0985],[73.0856,20.0907],[73.1037,20.0895],[73.112,20.0742],[73.1372,20.086],[73.1378,20.0787],[73.1423,20.0795],[73.1467,20.0734],[73.1496,20.0782],[73.155,20.0752],[73.1572,20.0628],[73.1641,20.0605],[73.1661,20.0547],[73.1776,20.0511],[73.1789,20.0471],[73.1923,20.0495],[73.1875,20.0588],[73.1893,20.0773],[73.1973,20.0756],[73.2107,20.0858],[73.2151,20.1181],[73.2107,20.1205]]]},"properties":{"STNAME":"DADRA & NAGAR HAVELI","STCODE11":"26","STNAME_SH":"Dadra & Nagar Haveli","Shape_Length":204333.18284088967,"Shape_Area":566187457.3182119,"OBJECTID_1":35,"OBJECTID":35,"State_LGD":26,"Shape_Leng":204333.182841,"MaxSimpTol":300,"MinSimpTol":300}},{"type":"Feature","id":36,"geometry":{"type":"Polygon","coordinates":[[[74.7491,37.0111],[74.7273,37.0253],[74.712,37.0737],[74.7077,37.077],[74.695,37.0775],[74.6841,37.0742],[74.6583,37.0571],[74.6055,37.0499],[74.5809,37.0428],[74.5796,37.0381],[74.5885,37.0279],[74.5777,36.9479],[74.5535,36.953],[74.5421,36.9758],[74.5313,36.9862],[74.4679,36.9918],[74.429,36.9894],[74.4261,36.9817],[74.4152,36.9724],[74.3878,36.9673],[74.3674,36.9583],[74.323,36.922],[74.2826,36.9024],[74.2605,36.8859],[74.2432,36.887],[74.2169,36.8982],[74.1796,36.9034],[74.1682,36.9019],[74.156,36.8881],[74.1418,36.8395],[74.1201,36.8317],[74.0918,36.8379],[74.0549,36.8058],[74.0251,36.8256],[74.0106,36.8269],[73.999,36.8236],[73.9934,36.8259],[73.9705,36.8394],[73.9369,36.8733],[73.9229,36.8773],[73.9125,36.8706],[73.8779,36.8937],[73.8482,36.8993],[73.8413,36.8978],[73.835,36.8862],[73.8172,36.885],[73.8088,36.8958],[73.7925,36.8931],[73.7834,36.8996],[73.7668,36.904],[73.7588,36.9034],[73.7445,36.8957],[73.7104,36.9121],[73.6895,36.9115],[73.6806,36.8849],[73.7182,36.8565],[73.7237,36.8333],[73.7433,36.8327],[73.7774,36.8147],[73.8055,36.8147],[73.8201,36.7922],[73.833,36.7873],[73.8614,36.788],[73.8689,36.7816],[73.8992,36.7491],[73.9044,36.7353],[73.9044,36.725],[73.8963,36.7157],[73.9008,36.7063],[73.8937,36.701],[73.8654,36.6994],[73.8261,36.7133],[73.8082,36.7161],[73.7823,36.7017],[73.7476,36.7093],[73.7242,36.7094],[73.708,36.6882],[73.6998,36.6842],[73.6541,36.6955],[73.6324,36.6894],[73.6066,36.6979],[73.6055,36.7133],[73.5994,36.7197],[73.5903,36.7193],[73.5783,36.7123],[73.5595,36.7155],[73.5431,36.7087],[73.5291,36.7201],[73.5107,36.7148],[73.4817,36.7332],[73.4626,36.731],[73.4496,36.7361],[73.4408,36.7445],[73.3992,36.7311],[73.3713,36.7343],[73.3601,36.7148],[73.3295,36.7148],[73.314,36.7058],[73.2525,36.7085],[73.2477,36.7023],[73.2336,36.6989],[73.2142,36.6993],[73.2091,36.7013],[73.2019,36.715],[73.1886,36.7212],[73.1804,36.7114],[73.1447,36.6994],[73.1257,36.686],[73.1021,36.687],[73.0847,36.6991],[73.0842,36.6817],[73.0937,36.6665],[73.0913,36.6341],[73.1117,36.6094],[73.0922,36.5859],[73.0899,36.5709],[73.0732,36.5609],[73.0608,36.5371],[73.0212,36.5243],[73.0066,36.5154],[72.9953,36.5143],[72.9986,36.5067],[72.9918,36.4962],[72.9896,36.4798],[73.001,36.479],[73.0031,36.4754],[72.9913,36.4575],[72.9819,36.4631],[72.9621,36.4669],[72.9428,36.4579],[72.9319,36.4578],[72.9215,36.4623],[72.9018,36.4488],[72.8787,36.4427],[72.8767,36.4375],[72.8895,36.4241],[72.8859,36.4142],[72.8894,36.3972],[72.8657,36.3728],[72.8502,36.372],[72.829,36.3605],[72.815,36.3377],[72.7984,36.3297],[72.7778,36.3092],[72.7498,36.3045],[72.7229,36.2834],[72.6917,36.275],[72.6879,36.268],[72.6946,36.2587],[72.6933,36.2495],[72.6845,36.2546],[72.6812,36.2622],[72.6628,36.2635],[72.636,36.2758],[72.5964,36.2636],[72.5878,36.2506],[72.5848,36.2299],[72.5598,36.2118],[72.5596,36.196],[72.5509,36.1805],[72.562,36.1716],[72.5731,36.1503],[72.5654,36.1423],[72.5519,36.1361],[72.5359,36.1139],[72.5304,36.074],[72.5494,36.0561],[72.5855,36.0498],[72.5953,36.0267],[72.5829,36.0191],[72.5815,36.0075],[72.5726,35.9958],[72.5554,35.9961],[72.5477,35.9619],[72.5379,35.9599],[72.5305,35.9523],[72.5294,35.9259],[72.5376,35.914],[72.5688,35.9067],[72.5976,35.8727],[72.6026,35.8698],[72.6194,35.8707],[72.6334,35.865],[72.645,35.8657],[72.6597,35.8486],[72.6905,35.8323],[72.7029,35.8375],[72.7227,35.8533],[72.7369,35.8582],[72.7491,35.8558],[72.7661,35.8445],[72.7766,35.8434],[72.7974,35.8552],[72.7983,35.8669],[72.8246,35.8742],[72.8295,35.8868],[72.8569,35.8771],[72.9009,35.8811],[72.9039,35.853],[72.9093,35.8482],[72.9287,35.8449],[72.9571,35.8471],[72.999,35.8629],[73.0039,35.8631],[73.0134,35.8547],[73.0374,35.8542],[73.0553,35.8631],[73.077,35.8856],[73.0997,35.8776],[73.1269,35.8524],[73.1534,35.8411],[73.1459,35.8288],[73.1441,35.8103],[73.135,35.7932],[73.1365,35.7672],[73.1321,35.7379],[73.1355,35.7186],[73.1871,35.6858],[73.2148,35.6745],[73.272,35.6292],[73.3132,35.615],[73.3667,35.6049],[73.406,35.5634],[73.4212,35.5692],[73.481,35.5767],[73.5059,35.5649],[73.5313,35.5706],[73.5449,35.5652],[73.5571,35.5551],[73.5703,35.5543],[73.6148,35.5626],[73.6239,35.5704],[73.6346,35.5713],[73.6719,35.5507],[73.697,35.5491],[73.72,35.5529],[73.7269,35.5492],[73.7342,35.5361],[73.7841,35.5251],[73.7943,35.4596],[73.7539,35.4415],[73.7381,35.4274],[73.7108,35.3867],[73.6996,35.3578],[73.6991,35.3227],[73.7263,35.2777],[73.7156,35.2255],[73.7309,35.2168],[73.7553,35.2269],[73.7767,35.2433],[73.7956,35.245],[73.846,35.2291],[73.8644,35.2103],[73.9164,35.2117],[73.9323,35.2022],[73.9584,35.1739],[73.9989,35.1839],[74.0082,35.1656],[74.0382,35.147],[74.0795,35.1542],[74.0949,35.1454],[74.1012,35.1453],[74.1133,35.1514],[74.1161,35.1459],[74.1098,35.1297],[74.1282,35.1178],[74.1335,35.1075],[74.1628,35.0862],[74.2223,35.0862],[74.2282,35.0826],[74.227,35.0672],[74.2437,35.0731],[74.2496,35.0672],[74.2484,35.0541],[74.2532,35.0374],[74.2687,35.035],[74.2972,35.0445],[74.3008,35.0572],[74.3084,35.06],[74.3803,35.0576],[74.3917,35.0657],[74.4298,35.1128],[74.4398,35.1181],[74.4726,35.1157],[74.4983,35.1067],[74.5154,35.0948],[74.5416,35.0667],[74.5335,35.0548],[74.5316,35.041],[74.5354,35.0315],[74.5573,35.0196],[74.5873,35.0096],[74.5868,34.9896],[74.5716,34.9658],[74.5768,34.9106],[74.5678,34.873],[74.5302,34.8568],[74.5054,34.8635],[74.4888,34.8573],[74.4574,34.8525],[74.4402,34.8397],[74.4312,34.8135],[74.4136,34.7992],[74.4064,34.8049],[74.396,34.804],[74.3574,34.7897],[74.3194,34.7864],[74.347,34.7802],[74.3774,34.7826],[74.4045,34.7778],[74.426,34.7792],[74.4364,34.775],[74.4607,34.7807],[74.4821,34.7735],[74.5026,34.7792],[74.524,34.7735],[74.5525,34.7726],[74.5716,34.7678],[74.5935,34.7569],[74.6063,34.7264],[74.6154,34.7236],[74.6515,34.6974],[74.7334,34.6712],[74.8333,34.6631],[74.849,34.6745],[74.8566,34.6717],[74.8642,34.6626],[74.9253,34.6635],[74.9423,34.6584],[74.978,34.6384],[74.9856,34.6365],[74.9918,34.6398],[74.9985,34.6308],[75.0042,34.6322],[75.0208,34.626],[75.0613,34.6265],[75.0779,34.6384],[75.1008,34.6427],[75.1141,34.6398],[75.1317,34.6465],[75.175,34.6455],[75.2393,34.6279],[75.2454,34.625],[75.2559,34.606],[75.2878,34.5979],[75.3011,34.5889],[75.3083,34.577],[75.3411,34.5527],[75.3601,34.5227],[75.3459,34.508],[75.3363,34.4675],[75.3225,34.4475],[75.3197,34.4347],[75.372,34.4066],[75.3659,34.3925],[75.3772,34.3883],[75.3743,34.3738],[75.3856,34.3671],[75.3812,34.3617],[75.3845,34.3547],[75.3769,34.3485],[75.3878,34.3287],[75.3972,34.3206],[75.3891,34.3098],[75.3953,34.293],[75.4042,34.2853],[75.4134,34.283],[75.4446,34.2815],[75.4566,34.2873],[75.4607,34.2828],[75.4744,34.2809],[75.4831,34.2704],[75.4841,34.2594],[75.4971,34.2334],[75.5047,34.2337],[75.5149,34.2269],[75.523,34.2291],[75.5393,34.2236],[75.5552,34.2117],[75.5797,34.2144],[75.595,34.1982],[75.6551,34.2427],[75.6604,34.2347],[75.6753,34.2281],[75.6918,34.2314],[75.6989,34.2151],[75.6959,34.183],[75.687,34.159],[75.7021,34.1405],[75.7126,34.1149],[75.7308,34.1099],[75.748,34.0966],[75.7664,34.06],[75.7727,34.0556],[75.8002,34.0428],[75.8199,34.0453],[75.8399,34.0242],[75.8619,34.0175],[75.8622,33.9987],[75.8519,33.9814],[75.8567,33.9696],[75.8641,33.9788],[75.8767,33.9754],[75.8866,33.9801],[75.9435,33.9874],[75.9711,33.9777],[75.9806,33.979],[75.9772,33.9906],[75.9793,34.0019],[76.0222,33.9975],[76.038,33.9622],[76.0338,33.9511],[76.0477,33.9291],[76.0974,33.8765],[76.1395,33.8487],[76.1509,33.8361],[76.1583,33.8082],[76.1699,33.7952],[76.2008,33.7753],[76.2389,33.7721],[76.2577,33.7578],[76.2654,33.7465],[76.2657,33.7339],[76.2711,33.7309],[76.2632,33.7122],[76.2647,33.6895],[76.2696,33.6852],[76.2662,33.6796],[76.2845,33.6613],[76.2741,33.6524],[76.2704,33.6434],[76.2489,33.6388],[76.2293,33.6299],[76.2277,33.6257],[76.2372,33.6177],[76.2403,33.6049],[76.2242,33.6004],[76.2314,33.587],[76.2252,33.5774],[76.2064,33.5734],[76.2054,33.5693],[76.225,33.5477],[76.2319,33.5453],[76.2412,33.5484],[76.2457,33.5456],[76.2596,33.5651],[76.3023,33.5675],[76.3097,33.5716],[76.3101,33.5787],[76.2996,33.5983],[76.3065,33.6097],[76.3174,33.6073],[76.3221,33.6024],[76.3362,33.6106],[76.3586,33.6038],[76.3664,33.5859],[76.3807,33.5771],[76.3747,33.566],[76.3799,33.553],[76.4152,33.5392],[76.4264,33.5374],[76.4358,33.5423],[76.4433,33.5599],[76.4488,33.5638],[76.4646,33.5453],[76.4585,33.5386],[76.4591,33.534],[76.479,33.5269],[76.4918,33.517],[76.5024,33.5162],[76.5086,33.4991],[76.5226,33.4936],[76.5276,33.4836],[76.5344,33.4824],[76.5492,33.4644],[76.5633,33.4628],[76.5693,33.4663],[76.5763,33.4531],[76.5798,33.4384],[76.5776,33.4297],[76.5816,33.426],[76.5929,33.4256],[76.6158,33.44],[76.6284,33.4352],[76.6292,33.424],[76.6368,33.4156],[76.6318,33.4094],[76.6381,33.4038],[76.6402,33.3917],[76.651,33.3838],[76.6514,33.3713],[76.6585,33.3642],[76.6592,33.3566],[76.6723,33.3491],[76.6732,33.3396],[76.6957,33.3281],[76.7174,33.3291],[76.7321,33.299],[76.7275,33.2834],[76.7325,33.2817],[76.7323,33.2759],[76.7386,33.2684],[76.737,33.2612],[76.7543,33.2488],[76.7993,33.2561],[76.8071,33.245],[76.821,33.236],[76.8309,33.2493],[76.8432,33.2469],[76.8447,33.2424],[76.8323,33.2296],[76.8256,33.2153],[76.8319,33.2126],[76.8344,33.2049],[76.8175,33.1941],[76.8225,33.1843],[76.8136,33.1773],[76.817,33.1598],[76.8307,33.1424],[76.8444,33.1376],[76.8429,33.1305],[76.8523,33.1268],[76.8493,33.1202],[76.8553,33.1143],[76.8704,33.1135],[76.8852,33.1216],[76.8977,33.099],[76.9092,33.0941],[76.9056,33.0788],[76.9111,33.076],[76.933,33.0285],[76.9416,33.0284],[76.9507,33.0185],[76.9602,33.0154],[76.9609,33.0091],[76.9716,33.0005],[76.9925,33.0018],[77.0103,32.9891],[77.033,32.9904],[77.0401,32.9982],[77.049,32.999],[77.0715,32.9845],[77.0799,32.9834],[77.0861,32.9723],[77.0955,32.9711],[77.1109,32.9752],[77.1161,32.9848],[77.1497,32.9781],[77.1491,32.9561],[77.1609,32.953],[77.1594,32.9386],[77.1639,32.937],[77.1613,32.9316],[77.1642,32.9189],[77.1571,32.9117],[77.1702,32.9108],[77.1785,32.9228],[77.1883,32.9288],[77.1988,32.9091],[77.2434,32.8926],[77.237,32.8809],[77.2436,32.8729],[77.2518,32.8706],[77.2544,32.8639],[77.2626,32.864],[77.274,32.8738],[77.3012,32.8498],[77.3225,32.8512],[77.3287,32.8429],[77.3271,32.8315],[77.336,32.8249],[77.3388,32.8168],[77.3521,32.8157],[77.3735,32.8239],[77.38,32.8451],[77.3744,32.8547],[77.3879,32.8637],[77.396,32.8774],[77.4053,32.8832],[77.4136,32.884],[77.4285,32.8755],[77.4448,32.8797],[77.4521,32.8642],[77.469,32.8584],[77.5014,32.8856],[77.5127,32.8775],[77.5392,32.8868],[77.5638,32.9124],[77.5763,32.9141],[77.5957,32.9273],[77.6023,32.9428],[77.6429,32.9465],[77.6558,32.9589],[77.6737,32.9609],[77.674,32.9673],[77.6821,32.9755],[77.6825,32.9887],[77.6895,32.9879],[77.6977,32.9828],[77.6972,32.9795],[77.7131,32.9826],[77.7196,32.9687],[77.7307,32.9745],[77.7407,32.969],[77.751,32.9546],[77.7635,32.9492],[77.766,32.9414],[77.8109,32.9068],[77.8064,32.8953],[77.7893,32.8906],[77.7809,32.8656],[77.792,32.8558],[77.816,32.8484],[77.8261,32.8363],[77.8324,32.8363],[77.8391,32.8421],[77.8693,32.827],[77.8786,32.8191],[77.8809,32.8043],[77.8879,32.7987],[77.8841,32.7877],[77.9038,32.7718],[77.9258,32.772],[77.9343,32.756],[77.9306,32.7369],[77.9263,32.7348],[77.9343,32.7259],[77.9246,32.7168],[77.9185,32.6907],[77.9344,32.6812],[77.9462,32.6617],[77.9706,32.6552],[77.9701,32.6467],[77.9845,32.6417],[77.9941,32.6281],[78.0118,32.625],[78.0158,32.6198],[78.029,32.6234],[78.0254,32.6273],[78.0468,32.645],[78.0611,32.6263],[78.0742,32.6308],[78.0872,32.6244],[78.0989,32.6304],[78.0926,32.6477],[78.1106,32.6626],[78.1208,32.6605],[78.1275,32.6521],[78.1475,32.6543],[78.1477,32.6716],[78.1427,32.6818],[78.158,32.684],[78.1754,32.681],[78.204,32.6671],[78.2195,32.6647],[78.2324,32.6717],[78.2459,32.6718],[78.253,32.6911],[78.2756,32.6993],[78.2892,32.6993],[78.3122,32.7092],[78.3146,32.7212],[78.3042,32.7342],[78.3305,32.7454],[78.3332,32.7498],[78.3566,32.7577],[78.3657,32.7535],[78.3877,32.7569],[78.3878,32.73],[78.3944,32.7156],[78.3841,32.6958],[78.3796,32.6683],[78.3873,32.6344],[78.3923,32.6258],[78.4052,32.6194],[78.348,32.5811],[78.3128,32.5737],[78.3153,32.5254],[78.2946,32.5041],[78.3264,32.472],[78.3986,32.5257],[78.4285,32.5334],[78.43,32.5507],[78.4479,32.5737],[78.4711,32.5833],[78.4981,32.5815],[78.5135,32.5893],[78.5343,32.6084],[78.5766,32.6172],[78.6072,32.6059],[78.6128,32.5972],[78.6195,32.5965],[78.6376,32.6095],[78.6609,32.6538],[78.6713,32.6575],[78.7023,32.6563],[78.7216,32.661],[78.7408,32.6735],[78.7599,32.6971],[78.7677,32.6968],[78.7612,32.6548],[78.7778,32.6279],[78.7911,32.6182],[78.7957,32.5981],[78.7901,32.5855],[78.775,32.5729],[78.7753,32.5581],[78.789,32.533],[78.8057,32.4815],[78.8189,32.4622],[78.8258,32.4385],[78.833,32.4359],[78.8574,32.4404],[78.8738,32.417],[78.902,32.3927],[78.9485,32.3671],[78.9603,32.3658],[78.9775,32.339],[78.9839,32.3378],[79.0131,32.3771],[79.0323,32.3857],[79.0695,32.3905],[79.1136,32.384],[79.1242,32.4134],[79.1428,32.4225],[79.1451,32.4427],[79.1298,32.4659],[79.1359,32.4767],[79.1464,32.4809],[79.1936,32.4828],[79.2363,32.5056],[79.2494,32.5339],[79.2721,32.5322],[79.2936,32.5499],[79.3192,32.5925],[79.338,32.5918],[79.393,32.5721],[79.3979,32.5369],[79.4053,32.5295],[79.4226,32.527],[79.4466,32.5323],[79.4601,32.5528],[79.4683,32.5761],[79.5142,32.6079],[79.5656,32.673],[79.5769,32.6785],[79.6253,32.7373],[79.613,32.7641],[79.6017,32.7767],[79.5858,32.7738],[79.5808,32.7809],[79.5664,32.7866],[79.5145,32.8555],[79.4873,32.8811],[79.4625,32.9198],[79.4208,32.9613],[79.4077,32.9699],[79.384,32.9677],[79.3825,32.9888],[79.3667,32.9907],[79.3537,33.0026],[79.3305,33.0118],[79.3395,33.0183],[79.3808,33.0275],[79.3922,33.0359],[79.392,33.0539],[79.3759,33.0845],[79.3919,33.1242],[79.4451,33.2056],[79.4546,33.2501],[79.4519,33.2601],[79.4459,33.2645],[79.3685,33.2824],[79.3315,33.2732],[79.3142,33.2729],[79.2391,33.2975],[79.2071,33.2921],[79.1754,33.2943],[79.1648,33.2899],[79.1427,33.2924],[79.1254,33.2897],[79.0958,33.2943],[79.0605,33.3095],[79.0163,33.3352],[78.9949,33.3302],[78.9885,33.3326],[78.9788,33.3556],[78.9711,33.3602],[78.9673,33.3752],[78.9522,33.3808],[78.9486,33.4081],[78.9389,33.412],[78.9319,33.4325],[78.93,33.4736],[78.9413,33.509],[78.9391,33.5263],[78.9264,33.5595],[78.9137,33.574],[78.9152,33.632],[78.9209,33.6329],[78.9483,33.6204],[78.9884,33.6109],[78.9982,33.6119],[79.0186,33.6232],[79.0463,33.6274],[79.0639,33.6265],[79.098,33.6134],[79.1051,33.6138],[79.1056,33.6166],[79.089,33.6568],[79.0897,33.6867],[79.0848,33.6881],[79.0703,33.6788],[79.0525,33.6778],[79.0275,33.6915],[79.019,33.7054],[79.0247,33.7223],[79.0417,33.7381],[79.0415,33.7494],[79.067,33.7561],[79.0588,33.78],[79.0523,33.7781],[79.0458,33.7658],[79.0327,33.7834],[79.0231,33.7749],[79.0153,33.7784],[79.011,33.7866],[79.0177,33.7985],[79.005,33.7973],[78.9993,33.803],[78.9602,33.8707],[78.9521,33.8889],[78.9512,33.902],[78.9423,33.9082],[78.9468,33.9204],[78.9355,33.9269],[78.9197,33.9569],[78.9036,33.9716],[78.9067,33.9799],[78.9257,33.9987],[78.9391,34.0237],[78.9505,34.0285],[79.0209,34.0506],[79.0429,34.0354],[79.0605,34.0284],[79.0826,34.0216],[79.1111,34.0194],[79.1343,34.0269],[79.1423,34.0349],[79.1501,34.0678],[79.1634,34.0663],[79.1697,34.0725],[79.1773,34.0717],[79.1965,34.0509],[79.2462,34.051],[79.2621,34.0467],[79.2729,34.0391],[79.3044,34.0427],[79.354,34.0366],[79.3972,34.0268],[79.4128,34.0145],[79.425,34.0171],[79.4364,34.0282],[79.4285,34.0431],[79.413,34.0546],[79.4188,34.0778],[79.431,34.0923],[79.4597,34.1016],[79.4932,34.1355],[79.4882,34.1569],[79.4932,34.1796],[79.5057,34.2055],[79.518,34.2125],[79.5356,34.2055],[79.5429,34.2069],[79.5485,34.2148],[79.5708,34.2225],[79.5842,34.2441],[79.5903,34.2824],[79.558,34.3321],[79.5606,34.3631],[79.5524,34.3876],[79.5592,34.3991],[79.5596,34.4097],[79.5403,34.4097],[79.5266,34.4176],[79.5257,34.4452],[79.5079,34.4676],[79.507,34.4739],[79.5419,34.4786],[79.5693,34.4863],[79.5917,34.5005],[79.6073,34.4916],[79.6508,34.488],[79.6604,34.4793],[79.6714,34.4832],[79.683,34.4783],[79.7318,34.478],[79.7924,34.4847],[79.8028,34.4956],[79.813,34.4997],[79.8136,34.5198],[79.8087,34.5309],[79.7809,34.5441],[79.7734,34.5516],[79.7569,34.5544],[79.7574,34.5657],[79.7694,34.5817],[79.7914,34.5893],[79.771,34.6201],[79.7743,34.6272],[79.8027,34.6426],[79.8149,34.6431],[79.8232,34.6608],[79.8591,34.6884],[79.8987,34.6909],[79.943,34.6807],[80.0429,34.704],[80.0674,34.7144],[80.0712,34.7457],[80.0654,34.7903],[80.0715,34.8281],[80.0824,34.8484],[80.1052,34.8677],[80.122,34.893],[80.1731,35.0019],[80.1842,35.0628],[80.1762,35.1365],[80.1819,35.1663],[80.2243,35.2196],[80.234,35.2762],[80.2693,35.3438],[80.2819,35.3875],[80.2794,35.4404],[80.2959,35.4604],[80.3218,35.4648],[80.327,35.4721],[80.3096,35.5537],[80.2898,35.607],[80.2726,35.6224],[80.2357,35.6415],[80.1065,35.6805],[80.0865,35.7247],[80.0566,35.7495],[80.0366,35.7993],[80.016,35.8235],[79.9975,35.8373],[79.9706,35.8402],[79.9284,35.827],[79.9086,35.8168],[79.8695,35.7826],[79.7948,35.7968],[79.7445,35.7999],[79.7234,35.8056],[79.7104,35.819],[79.6639,35.8348],[79.5583,35.8613],[79.5168,35.883],[79.4205,35.8961],[79.4016,35.9183],[79.3831,35.9938],[79.3433,35.9881],[79.2403,35.9863],[79.2139,35.9783],[79.1965,35.961],[79.1883,35.9467],[79.1864,35.9303],[79.1963,35.8981],[79.1925,35.8864],[79.1555,35.8498],[79.131,35.8357],[79.0623,35.846],[79.0201,35.8483],[79.0023,35.8563],[78.974,35.8796],[78.9689,35.8884],[78.959,35.8921],[78.9384,35.8791],[78.8223,35.8553],[78.7887,35.8588],[78.7673,35.8692],[78.7496,35.8664],[78.7174,35.8678],[78.6899,35.8558],[78.6795,35.8586],[78.6635,35.8569],[78.6181,35.8167],[78.5791,35.8076],[78.5734,35.7892],[78.5591,35.792],[78.5198,35.7633],[78.5076,35.7722],[78.4633,35.7737],[78.4345,35.7839],[78.4218,35.7848],[78.4149,35.7788],[78.4112,35.7654],[78.3984,35.7558],[78.3961,35.7457],[78.3847,35.735],[78.3374,35.7201],[78.3019,35.7208],[78.2879,35.7252],[78.2719,35.7215],[78.266,35.7105],[78.27,35.6878],[78.2669,35.6777],[78.2707,35.6684],[78.2579,35.6579],[78.2537,35.6452],[78.2289,35.6514],[78.1983,35.6687],[78.1971,35.6481],[78.1847,35.6236],[78.1778,35.6218],[78.1669,35.6297],[78.1608,35.6289],[78.1651,35.6127],[78.1502,35.5777],[78.1553,35.5516],[78.1459,35.5492],[78.1428,35.542],[78.1359,35.5384],[78.1238,35.5412],[78.1096,35.5514],[78.0997,35.551],[78.0915,35.5558],[78.0763,35.5487],[78.0406,35.5869],[78.023,35.5874],[77.9896,35.5814],[77.9638,35.6034],[77.9511,35.6065],[77.9646,35.5871],[77.9654,35.5711],[77.9571,35.5552],[77.9363,35.5317],[77.9299,35.5153],[77.9635,35.4955],[77.9637,35.4787],[77.9829,35.4642],[77.9848,35.4592],[77.9812,35.4554],[77.9705,35.4577],[77.9207,35.494],[77.9046,35.4688],[77.8999,35.4676],[77.8896,35.4756],[77.8857,35.4845],[77.8632,35.4807],[77.8533,35.4923],[77.8171,35.5125],[77.807,35.5107],[77.7857,35.4948],[77.7715,35.4949],[77.757,35.5018],[77.7323,35.5241],[77.7276,35.5234],[77.7231,35.5147],[77.7215,35.4984],[77.7252,35.4844],[77.7216,35.4751],[77.6853,35.4772],[77.6788,35.4705],[77.671,35.4701],[77.6436,35.4886],[77.6266,35.4738],[77.6128,35.4692],[77.5925,35.476],[77.5807,35.4747],[77.5675,35.4846],[77.5593,35.4858],[77.5386,35.4809],[77.5112,35.4881],[77.4636,35.4714],[77.4493,35.4624],[77.4383,35.4611],[77.4125,35.4726],[77.3779,35.4772],[77.365,35.4932],[77.3474,35.4932],[77.3412,35.5117],[77.3195,35.5321],[77.3209,35.5363],[77.3441,35.5463],[77.3771,35.5499],[77.3906,35.5453],[77.4076,35.5277],[77.4241,35.5235],[77.434,35.5169],[77.4505,35.5261],[77.4711,35.5206],[77.4853,35.5315],[77.4593,35.5472],[77.4594,35.5627],[77.4643,35.5728],[77.4556,35.5931],[77.4258,35.6101],[77.4355,35.6217],[77.4322,35.6298],[77.4366,35.6406],[77.4297,35.6541],[77.4208,35.6611],[77.4003,35.662],[77.3852,35.6893],[77.3695,35.6947],[77.3679,35.7039],[77.3571,35.7172],[77.3263,35.7186],[77.3139,35.6986],[77.2842,35.7106],[77.2763,35.7199],[77.2666,35.7086],[77.2269,35.712],[77.2197,35.7277],[77.206,35.726],[77.1925,35.7325],[77.179,35.7305],[77.166,35.7341],[77.1619,35.74],[77.163,35.7662],[77.1423,35.7692],[77.1348,35.7813],[77.1257,35.7822],[77.1144,35.7973],[77.0789,35.7971],[77.0574,35.7838],[77.0194,35.7741],[76.9665,35.7826],[76.934,35.7835],[76.9084,35.7909],[76.8937,35.7992],[76.8567,35.8306],[76.8302,35.8358],[76.8106,35.8443],[76.7929,35.8622],[76.7845,35.8894],[76.7778,35.8982],[76.7216,35.9529],[76.7279,35.9623],[76.7531,35.9821],[76.7531,35.9895],[76.7685,36.0089],[76.782,36.0152],[76.8065,36.0181],[76.7976,36.0379],[76.8006,36.0473],[76.7184,36.0827],[76.7025,36.1283],[76.6636,36.1575],[76.6469,36.1741],[76.6432,36.1835],[76.6361,36.1844],[76.6,36.165],[76.5618,36.1725],[76.5437,36.1922],[76.5179,36.198],[76.5035,36.2067],[76.4805,36.2109],[76.456,36.2399],[76.4321,36.2506],[76.4345,36.2571],[76.4489,36.2688],[76.4354,36.2879],[76.4308,36.3076],[76.4031,36.3189],[76.3749,36.3442],[76.3512,36.3593],[76.3271,36.3619],[76.291,36.3485],[76.2536,36.3472],[76.2305,36.3599],[76.1975,36.3869],[76.172,36.3897],[76.124,36.4369],[76.0762,36.4737],[76.0247,36.4855],[75.9959,36.4837],[75.9637,36.4894],[75.9223,36.5019],[75.8896,36.5174],[75.848,36.5437],[75.8085,36.5524],[75.7683,36.5727],[75.7472,36.5878],[75.6741,36.6954],[75.6154,36.761],[75.5923,36.7648],[75.5699,36.7754],[75.5129,36.7914],[75.4732,36.8101],[75.4589,36.8299],[75.443,36.8866],[75.4368,36.8908],[75.416,36.8866],[75.4131,36.8913],[75.4141,36.9027],[75.4077,36.9161],[75.4257,36.9384],[75.4272,36.95],[75.422,36.96],[75.4125,36.9669],[75.4002,36.9674],[75.3856,36.9588],[75.3752,36.9598],[75.3509,36.9804],[75.3442,37.0024],[75.3428,37.0518],[75.3318,37.0546],[75.3145,37.0533],[75.2782,37.0463],[75.2639,37.0513],[75.2246,37.0368],[75.2079,37.0362],[75.2013,37.0205],[75.1799,36.9999],[75.1724,36.9855],[75.1501,36.9665],[75.1348,36.9567],[75.095,36.9422],[75.0843,36.943],[75.0621,36.9592],[75.0177,36.9757],[75.0118,36.9653],[74.9902,36.9622],[74.9404,36.9341],[74.9316,36.9248],[74.927,36.9082],[74.9212,36.9054],[74.9099,36.9118],[74.8869,36.9453],[74.8451,36.9893],[74.8404,36.9989],[74.8391,37.0216],[74.8329,37.0242],[74.8045,37.0225],[74.7779,37.0291],[74.7652,37.0263],[74.7582,37.0141],[74.7491,37.0111]]]},"properties":{"STNAME":"LADAKH","STCODE11":"38","STNAME_SH":"Ladakh","Shape_Length":3649905.5143077266,"Shape_Area":251818120455.65887,"OBJECTID_1":36,"OBJECTID":36,"State_LGD":37,"Shape_Leng":3649905.51431,"MaxSimpTol":300,"MinSimpTol":300}},{"type":"Feature","id":37,"geometry":{"type":"Polygon","coordinates":[[[75.3659,34.3925],[75.372,34.4066],[75.3197,34.4347],[75.3225,34.4475],[75.3363,34.4675],[75.3459,34.508],[75.3601,34.5227],[75.3411,34.5527],[75.3083,34.577],[75.3011,34.5889],[75.2878,34.5979],[75.2559,34.606],[75.2454,34.625],[75.2393,34.6279],[75.175,34.6455],[75.1317,34.6465],[75.1141,34.6398],[75.1008,34.6427],[75.0779,34.6384],[75.0613,34.6265],[75.0208,34.626],[75.0042,34.6322],[74.9985,34.6308],[74.9918,34.6398],[74.9856,34.6365],[74.978,34.6384],[74.9423,34.6584],[74.9253,34.6635],[74.8642,34.6626],[74.8566,34.6717],[74.849,34.6745],[74.8333,34.6631],[74.7334,34.6712],[74.6515,34.6974],[74.6154,34.7236],[74.6063,34.7264],[74.5935,34.7569],[74.5716,34.7678],[74.5525,34.7726],[74.524,34.7735],[74.5026,34.7792],[74.4821,34.7735],[74.4607,34.7807],[74.4364,34.775],[74.426,34.7792],[74.4045,34.7778],[74.3774,34.7826],[74.347,34.7802],[74.3194,34.7864],[74.3574,34.7897],[74.396,34.804],[74.4064,34.8049],[74.4136,34.7992],[74.4312,34.8135],[74.4402,34.8397],[74.4574,34.8525],[74.4888,34.8573],[74.5054,34.8635],[74.5302,34.8568],[74.5678,34.873],[74.5768,34.9106],[74.5716,34.9658],[74.5868,34.9896],[74.5873,35.0096],[74.5573,35.0196],[74.5354,35.0315],[74.5316,35.041],[74.5335,35.0548],[74.5416,35.0667],[74.5154,35.0948],[74.4983,35.1067],[74.4726,35.1157],[74.4398,35.1181],[74.4298,35.1128],[74.3917,35.0657],[74.3803,35.0576],[74.3084,35.06],[74.3008,35.0572],[74.2972,35.0445],[74.2687,35.035],[74.2532,35.0374],[74.2484,35.0541],[74.2496,35.0672],[74.2437,35.0731],[74.227,35.0672],[74.2282,35.0826],[74.2223,35.0862],[74.1628,35.0862],[74.1335,35.1075],[74.0924,35.096],[74.0655,35.048],[74.0969,35.0337],[74.1074,35.019],[74.09,35.0057],[74.0807,35.0036],[74.0759,34.9984],[74.0644,34.9982],[74.0597,34.9931],[74.0647,34.9883],[74.0635,34.9643],[74.0732,34.9395],[74.065,34.9296],[74.043,34.9214],[74.0373,34.9028],[74.0414,34.894],[74.0295,34.8771],[73.9934,34.8666],[73.9735,34.8648],[73.9635,34.8412],[73.9542,34.835],[73.9348,34.833],[73.927,34.8202],[73.9173,34.814],[73.9004,34.8213],[73.8869,34.8168],[73.8746,34.8179],[73.8666,34.811],[73.8489,34.8172],[73.8203,34.7955],[73.7987,34.7971],[73.7851,34.7934],[73.773,34.7964],[73.7493,34.7867],[73.7306,34.771],[73.7058,34.7249],[73.6908,34.7162],[73.6805,34.6951],[73.6666,34.6842],[73.6627,34.6705],[73.6661,34.6657],[73.6934,34.6572],[73.6954,34.6536],[73.6594,34.61],[73.6567,34.5986],[73.6601,34.5885],[73.6501,34.5678],[73.6387,34.5657],[73.6176,34.5856],[73.5968,34.5895],[73.5794,34.5874],[73.5566,34.593],[73.5347,34.5772],[73.5222,34.5742],[73.5,34.5801],[73.475,34.5737],[73.4597,34.5779],[73.447,34.5738],[73.4421,34.5649],[73.4405,34.5379],[73.4292,34.5209],[73.4367,34.504],[73.4336,34.4906],[73.4215,34.4702],[73.4246,34.4418],[73.4194,34.4173],[73.4085,34.3863],[73.3937,34.381],[73.3905,34.3767],[73.4007,34.3579],[73.4178,34.3517],[73.4243,34.353],[73.4234,34.3392],[73.4373,34.3291],[73.4437,34.3089],[73.4528,34.2969],[73.453,34.2778],[73.4609,34.2817],[73.467,34.2956],[73.4741,34.2955],[73.4778,34.2902],[73.4693,34.2513],[73.4771,34.2343],[73.4923,34.2197],[73.4874,34.1879],[73.4914,34.1561],[73.4882,34.1443],[73.4945,34.1336],[73.492,34.12],[73.4979,34.1072],[73.4967,34.084],[73.5075,34.0599],[73.5157,34.0001],[73.5488,33.9311],[73.5782,33.9104],[73.5891,33.8839],[73.5849,33.8641],[73.5721,33.8454],[73.5576,33.7832],[73.5657,33.7686],[73.5905,33.7537],[73.5968,33.7158],[73.5903,33.6985],[73.5624,33.6755],[73.5611,33.6639],[73.5684,33.6407],[73.5606,33.6211],[73.5637,33.6164],[73.5775,33.6158],[73.5887,33.6042],[73.603,33.6072],[73.6001,33.5929],[73.6202,33.5738],[73.6182,33.5436],[73.6323,33.5331],[73.6313,33.5289],[73.6243,33.5288],[73.6143,33.5209],[73.6065,33.5196],[73.6087,33.5005],[73.5994,33.5047],[73.5958,33.5001],[73.6008,33.478],[73.6052,33.476],[73.6123,33.4798],[73.6142,33.4717],[73.6236,33.4653],[73.6241,33.4572],[73.6173,33.4516],[73.5871,33.4431],[73.5876,33.4354],[73.5819,33.429],[73.59,33.4259],[73.5906,33.4218],[73.585,33.4203],[73.5641,33.3939],[73.5578,33.3681],[73.5706,33.3559],[73.565,33.3421],[73.5743,33.3338],[73.586,33.3406],[73.5901,33.3366],[73.5897,33.332],[73.5813,33.3261],[73.5864,33.3199],[73.589,33.3049],[73.6033,33.2949],[73.5972,33.2823],[73.6048,33.2513],[73.6245,33.2365],[73.628,33.2153],[73.6306,33.2136],[73.6356,33.2257],[73.6401,33.2264],[73.6445,33.2168],[73.6569,33.2077],[73.6557,33.1689],[73.6456,33.1616],[73.6368,33.1419],[73.6253,33.1397],[73.6244,33.1342],[73.6297,33.1277],[73.6248,33.1115],[73.6271,33.0895],[73.6321,33.086],[73.6428,33.088],[73.6518,33.0848],[73.671,33.0889],[73.6878,33.0881],[73.7345,33.0663],[73.7426,33.039],[73.7879,32.9981],[73.7894,32.9932],[73.7789,32.9743],[73.7856,32.9654],[73.8075,32.9722],[73.815,32.9837],[73.8175,33.0001],[73.8288,33.0071],[73.863,33.0016],[73.8957,33.002],[73.9282,32.9847],[73.9408,32.9881],[73.9575,32.9866],[73.9677,32.9688],[73.9965,32.9598],[73.997,32.9516],[73.9874,32.9354],[74.0134,32.9295],[74.0477,32.932],[74.0515,32.9304],[74.052,32.9157],[74.0591,32.909],[74.1774,32.8827],[74.1865,32.8729],[74.2016,32.8704],[74.2056,32.8613],[74.2121,32.8583],[74.2165,32.8449],[74.2435,32.842],[74.2636,32.8299],[74.2833,32.8297],[74.3009,32.823],[74.3041,32.8151],[74.3014,32.8044],[74.3084,32.7922],[74.3183,32.7917],[74.3297,32.7762],[74.3537,32.763],[74.3699,32.7587],[74.3842,32.758],[74.3871,32.7683],[74.3964,32.766],[74.4056,32.7824],[74.4427,32.7796],[74.4596,32.7886],[74.464,32.7764],[74.4753,32.7769],[74.4848,32.7652],[74.5111,32.7644],[74.5153,32.7565],[74.5098,32.751],[74.5133,32.7443],[74.5193,32.7475],[74.536,32.7453],[74.5366,32.75],[74.5424,32.7494],[74.5424,32.7525],[74.5475,32.7458],[74.5509,32.756],[74.5626,32.7602],[74.5751,32.757],[74.5741,32.7506],[74.579,32.7479],[74.5825,32.7535],[74.5898,32.751],[74.5936,32.7564],[74.6172,32.7609],[74.635,32.7503],[74.6386,32.7588],[74.6306,32.7666],[74.6316,32.7754],[74.6397,32.7822],[74.6542,32.7808],[74.659,32.7875],[74.6439,32.7958],[74.6337,32.808],[74.6408,32.8192],[74.656,32.8326],[74.6664,32.8247],[74.6835,32.8366],[74.7046,32.8418],[74.7048,32.821],[74.6773,32.7709],[74.6731,32.754],[74.6549,32.7282],[74.6635,32.7258],[74.6574,32.7169],[74.6529,32.697],[74.6663,32.6756],[74.6956,32.666],[74.6951,32.6606],[74.6887,32.6517],[74.6774,32.6508],[74.6696,32.6387],[74.6608,32.6355],[74.654,32.6376],[74.6554,32.6163],[74.6377,32.6133],[74.641,32.5999],[74.6589,32.5971],[74.6481,32.5856],[74.6546,32.5813],[74.6518,32.5634],[74.6728,32.5683],[74.6726,32.5528],[74.6611,32.5542],[74.6616,32.5461],[74.6697,32.5403],[74.6896,32.5347],[74.6898,32.523],[74.6823,32.5135],[74.6858,32.5062],[74.6806,32.4919],[74.688,32.486],[74.6945,32.486],[74.7014,32.4922],[74.7105,32.4925],[74.714,32.4876],[74.7114,32.4782],[74.7276,32.4754],[74.7287,32.4808],[74.7528,32.478],[74.7552,32.4822],[74.7973,32.4766],[74.8009,32.4822],[74.8121,32.4797],[74.8199,32.4988],[74.8486,32.4888],[74.8591,32.4927],[74.868,32.4861],[74.877,32.4932],[74.8841,32.4903],[74.8768,32.4775],[74.8992,32.4675],[74.906,32.4725],[74.9187,32.4635],[74.9319,32.4712],[74.9389,32.4708],[74.9365,32.4673],[74.9475,32.4473],[74.9521,32.4462],[74.9601,32.4555],[74.9693,32.4595],[74.9845,32.4501],[75.0146,32.4639],[75.0193,32.4681],[75.0138,32.4716],[75.0157,32.4785],[75.0269,32.4965],[75.0545,32.4814],[75.0684,32.4775],[75.0702,32.4797],[75.0852,32.4688],[75.0923,32.4693],[75.099,32.4775],[75.1079,32.4736],[75.1079,32.46],[75.12,32.4546],[75.118,32.4433],[75.134,32.4279],[75.1267,32.4238],[75.1319,32.4088],[75.1532,32.4214],[75.1594,32.4186],[75.1642,32.4225],[75.1783,32.4218],[75.1795,32.4249],[75.1911,32.4262],[75.1919,32.4222],[75.2009,32.4202],[75.1974,32.4099],[75.1919,32.4117],[75.193,32.4011],[75.2089,32.3948],[75.2126,32.4024],[75.2449,32.3844],[75.2515,32.3909],[75.2565,32.3893],[75.2543,32.3785],[75.2577,32.3716],[75.2725,32.3764],[75.2895,32.3705],[75.2882,32.3555],[75.2986,32.3548],[75.299,32.3466],[75.3049,32.3444],[75.3222,32.3445],[75.3259,32.3291],[75.3317,32.3269],[75.3366,32.3373],[75.3413,32.3381],[75.3383,32.3412],[75.3414,32.3461],[75.3493,32.345],[75.3633,32.3335],[75.3752,32.3378],[75.3938,32.3276],[75.3995,32.3307],[75.4108,32.3289],[75.419,32.32],[75.431,32.3159],[75.441,32.3184],[75.4483,32.3265],[75.4675,32.3256],[75.466,32.33],[75.4716,32.3338],[75.4686,32.339],[75.4785,32.339],[75.4891,32.346],[75.4946,32.341],[75.4802,32.3343],[75.4858,32.3242],[75.4821,32.3204],[75.5121,32.3079],[75.5034,32.2917],[75.5093,32.2838],[75.5209,32.277],[75.5334,32.2777],[75.5429,32.3079],[75.5422,32.3219],[75.5371,32.326],[75.5395,32.3362],[75.5598,32.3571],[75.5967,32.3777],[75.6311,32.3795],[75.6477,32.3875],[75.6741,32.3936],[75.679,32.3897],[75.687,32.3905],[75.7114,32.411],[75.7225,32.4055],[75.7319,32.4229],[75.7284,32.4325],[75.7373,32.4296],[75.7437,32.432],[75.7351,32.439],[75.7296,32.439],[75.7285,32.4527],[75.7525,32.4553],[75.7589,32.4605],[75.7768,32.465],[75.8009,32.4854],[75.8205,32.4923],[75.826,32.5039],[75.8332,32.5043],[75.8339,32.5154],[75.8413,32.5151],[75.8413,32.5236],[75.857,32.5291],[75.8578,32.5379],[75.8761,32.5505],[75.8691,32.5635],[75.8808,32.5707],[75.8809,32.5865],[75.8872,32.5908],[75.902,32.5928],[75.9091,32.6086],[75.9159,32.613],[75.9186,32.6332],[75.9242,32.6368],[75.9301,32.6315],[75.929,32.6383],[75.9367,32.6479],[75.9268,32.6437],[75.9183,32.6446],[75.9185,32.654],[75.909,32.6593],[75.8966,32.6497],[75.8893,32.6532],[75.9024,32.6753],[75.9011,32.6986],[75.9104,32.7179],[75.9221,32.7297],[75.9246,32.7483],[75.8907,32.7828],[75.8888,32.8032],[75.8838,32.8122],[75.8695,32.8144],[75.8702,32.8214],[75.8567,32.8358],[75.8507,32.8363],[75.8449,32.8446],[75.8344,32.8463],[75.8235,32.8539],[75.8215,32.86],[75.8157,32.8616],[75.8113,32.8778],[75.8013,32.8857],[75.8185,32.8954],[75.8243,32.9086],[75.8423,32.9293],[75.878,32.9251],[75.8938,32.9156],[75.9089,32.9139],[75.9245,32.9062],[75.9332,32.8911],[75.9539,32.8734],[75.9807,32.8875],[75.9858,32.8962],[76.0072,32.9026],[76.014,32.9098],[76.0321,32.9167],[76.0438,32.9368],[76.0663,32.942],[76.0734,32.9529],[76.0881,32.9562],[76.0874,32.9626],[76.0993,32.9661],[76.1115,32.9879],[76.1123,33.0063],[76.1415,33.01],[76.1661,33.007],[76.1867,33.0213],[76.2074,33.0167],[76.2177,33.0174],[76.2259,33.0237],[76.2474,33.0216],[76.2608,33.0348],[76.2784,33.0378],[76.2819,33.0518],[76.296,33.0606],[76.2885,33.0776],[76.2943,33.0995],[76.2918,33.1032],[76.3112,33.1204],[76.3322,33.1281],[76.351,33.1444],[76.3745,33.1542],[76.3827,33.1661],[76.4101,33.1865],[76.4265,33.1883],[76.4419,33.1809],[76.4725,33.183],[76.4868,33.1795],[76.5161,33.1965],[76.5432,33.2008],[76.5534,33.199],[76.5674,33.2103],[76.6026,33.2063],[76.6054,33.1905],[76.6177,33.1876],[76.6185,33.1744],[76.6463,33.1623],[76.6614,33.1645],[76.6707,33.172],[76.7069,33.1742],[76.7151,33.1815],[76.7266,33.1825],[76.7349,33.1777],[76.7469,33.1792],[76.7502,33.1918],[76.7582,33.1959],[76.7761,33.2207],[76.7797,33.2371],[76.7712,33.2496],[76.7543,33.2488],[76.737,33.2612],[76.7386,33.2684],[76.7323,33.2759],[76.7325,33.2817],[76.7275,33.2834],[76.7321,33.299],[76.7174,33.3291],[76.6957,33.3281],[76.6732,33.3396],[76.6723,33.3491],[76.6592,33.3566],[76.6585,33.3642],[76.6514,33.3713],[76.651,33.3838],[76.6402,33.3917],[76.6381,33.4038],[76.6318,33.4094],[76.6368,33.4156],[76.6292,33.424],[76.6284,33.4352],[76.6158,33.44],[76.5929,33.4256],[76.5816,33.426],[76.5776,33.4297],[76.5798,33.4384],[76.5763,33.4531],[76.5693,33.4663],[76.5633,33.4628],[76.5492,33.4644],[76.5344,33.4824],[76.5276,33.4836],[76.5226,33.4936],[76.5086,33.4991],[76.5024,33.5162],[76.4918,33.517],[76.479,33.5269],[76.4591,33.534],[76.4585,33.5386],[76.4646,33.5453],[76.4488,33.5638],[76.4433,33.5599],[76.4358,33.5423],[76.4264,33.5374],[76.3799,33.553],[76.3747,33.566],[76.3807,33.5771],[76.3664,33.5859],[76.3586,33.6038],[76.3362,33.6106],[76.3221,33.6024],[76.3174,33.6073],[76.3065,33.6097],[76.2996,33.5983],[76.3101,33.5787],[76.3097,33.5716],[76.3023,33.5675],[76.2596,33.5651],[76.2457,33.5456],[76.2412,33.5484],[76.2319,33.5453],[76.225,33.5477],[76.2054,33.5693],[76.2064,33.5734],[76.2252,33.5774],[76.2314,33.587],[76.2242,33.6004],[76.2403,33.6049],[76.2372,33.6177],[76.2277,33.6257],[76.2293,33.6299],[76.2489,33.6388],[76.2704,33.6434],[76.2741,33.6524],[76.2845,33.6613],[76.2662,33.6796],[76.2696,33.6852],[76.2647,33.6895],[76.2632,33.7122],[76.2711,33.7309],[76.2657,33.7339],[76.2654,33.7465],[76.2577,33.7578],[76.2389,33.7721],[76.2008,33.7753],[76.1699,33.7952],[76.1583,33.8082],[76.1509,33.8361],[76.1395,33.8487],[76.0974,33.8765],[76.0477,33.9291],[76.0338,33.9511],[76.038,33.9622],[76.0222,33.9975],[75.9793,34.0019],[75.9772,33.9906],[75.9806,33.979],[75.9711,33.9777],[75.9435,33.9874],[75.8866,33.9801],[75.8767,33.9754],[75.8641,33.9788],[75.8567,33.9696],[75.8519,33.9814],[75.8622,33.9987],[75.8619,34.0175],[75.8399,34.0242],[75.8199,34.0453],[75.8002,34.0428],[75.7727,34.0556],[75.7664,34.06],[75.748,34.0966],[75.7308,34.1099],[75.7126,34.1149],[75.7021,34.1405],[75.687,34.159],[75.6959,34.183],[75.6989,34.2151],[75.6918,34.2314],[75.6753,34.2281],[75.6604,34.2347],[75.6551,34.2427],[75.595,34.1982],[75.5797,34.2144],[75.5552,34.2117],[75.5393,34.2236],[75.523,34.2291],[75.5149,34.2269],[75.5047,34.2337],[75.4971,34.2334],[75.4841,34.2594],[75.4831,34.2704],[75.4744,34.2809],[75.4607,34.2828],[75.4566,34.2873],[75.4446,34.2815],[75.4134,34.283],[75.4042,34.2853],[75.3953,34.293],[75.3891,34.3098],[75.3972,34.3206],[75.3878,34.3287],[75.3769,34.3485],[75.3845,34.3547],[75.3812,34.3617],[75.3856,34.3671],[75.3743,34.3738],[75.3772,34.3883],[75.3659,34.3925]]]},"properties":{"STNAME":"JAMMU & KASHMIR","STCODE11":"01","STNAME_SH":"Jammu & Kashmir","Shape_Length":1683035.8926394316,"Shape_Area":77283345331.65317,"OBJECTID_1":37,"OBJECTID":37,"State_LGD":1,"Shape_Leng":1683035.89264,"MaxSimpTol":300,"MinSimpTol":300}}]}